TF	NES	p_value	FDR	regulon_size
AATF	-2.2583065473869	0.023926554380687	0.100367234609895	112
ABHD14B	2.38133838542552	0.0172498581262511	0.0805535192002101	123
ABRA	-0.621885464986331	0.534017183275899	0.808086991224132	14
ACTL6A	-3.18147646240318	0.00146526428912434	0.0169028701923986	372
ACTL6B	0.359978685186151	0.718863073295071	0.902031743641982	27
ACTR5	0.618939912808902	0.535955943615903	0.808086991224132	78
ACTR8	1.25783300986309	0.208452154878918	0.464986505703664	84
ACTRT1	-0.405940373390198	0.684786412279634	0.894077155707122	133
ADCYAP1	-0.962081059455088	0.336008887551941	0.637939197274762	65
AEBP1	1.18770482438266	0.234949722421299	0.505251400413313	185
AEBP2	-2.89677744149335	0.00377017112904852	0.0256024711770918	89
AFAP1L2	-2.80947231391504	0.00496227870288106	0.0300104232936463	69
AHR	-1.88939452350647	0.0588389841739685	0.190430780442804	69
AHRR	-0.569408435650225	0.569078993429834	0.822059547754188	30
AIRE	0.0545076922963136	0.956530680136369	0.983947164598877	246
ALX3	-0.294508132966441	0.768369649642126	0.928135365872875	30
ALX4	-1.14488000088526	0.252258869517855	0.532546502315471	41
ANKRD1	2.00820116139629	0.0446219196571003	0.154644635721496	74
ANKRD2	-1.15536395313478	0.247941416818464	0.525492635382966	42
ANKRD33	3.45824028178302	0.000543716224285971	0.0133014479900131	147
ANKRD49	-1.88536484616704	0.059380596744132	0.191799327483546	64
APBB1	0.156459178882473	0.875671093454456	0.969719277426941	57
APBB2	0.840566581614019	0.40059078682362	0.700925374561372	119
APBB3	0.930750723852273	0.351982524581217	0.654683749335331	215
AR	2.19074057270161	0.0284705712564293	0.112972905599836	81
ARGFX	-0.513791186318205	0.607397990676089	0.844189117850159	34
ARID1A	0.711715678785503	0.476640856734741	0.761378069614688	107
ARID1B	-2.67982253549974	0.00736612007837758	0.0421854039949638	49
ARID3A	-0.175672330089255	0.860551374598311	0.964462505188253	60
ARID3B	-0.927011486133405	0.353920570652928	0.656990484602849	177
ARID3C	-0.294743535390289	0.768189803279463	0.928135365872875	27
ARID4A	0.550854830395505	0.581733193794626	0.828482458534675	89
ARID4B	0.648730836682616	0.516512368980733	0.790680071946809	202
ARID5A	0.360375696389212	0.71856619884071	0.902031743641982	94
ARID5B	1.23154107655823	0.218120563448781	0.479924672983353	126
ARNT	0.990028152470581	0.322160358829091	0.620869903948665	170
ARNT2	1.05772641732	0.290180187851046	0.57935293656428	50
ARNTL	0.746283909899473	0.455495929031073	0.746828350644856	98
ARNTL2	-2.88418561900746	0.00392427369150553	0.0265175816392529	48
ARX	-1.01279862998851	0.311156355238753	0.606173116659332	29
ASCC1	-1.39411601992109	0.163282572303024	0.392306948011526	96
ASCC2	0.154690591920527	0.877065247272061	0.969719277426941	107
ASCL1	-0.849926609871057	0.395365890211318	0.695301363701815	83
ASCL2	-2.93763417693621	0.00330727022631495	0.0239947213287037	165
ASCL3	-0.271757487931515	0.785808495074777	0.933330730498678	24
ASCL4	-1.29026097778172	0.196960060693046	0.448014785942633	29
ASH1L	-0.0344652152390953	0.972506180077568	0.989041234776619	42
ASXL1	0.583754729600431	0.559385339770417	0.816825642088342	88
ASXL2	-0.862423657509118	0.388454426725539	0.689399889188731	90
ATAD2	-2.90605944342783	0.00366011909219398	0.0254788462667813	260
ATF1	-0.580518005481959	0.561565348164603	0.817201508972658	140
ATF2	-1.84619229869864	0.0648642887885457	0.205403581163728	87
ATF3	0.105875455676291	0.915681168125629	0.975138086781005	51
ATF4	-0.309030515260567	0.757298314334719	0.923743789766293	112
ATF5	-2.77558304070437	0.0055102825616955	0.0330821796919637	145
ATF6	-0.423997968912157	0.671567294548452	0.887545974382774	126
ATF7	-1.77922323682935	0.0752031702118164	0.224524085023989	33
ATF7IP	-0.488801185983474	0.624982458295024	0.860483094754018	46
ATF7IP2	1.13214110887172	0.257575114297474	0.53883913159381	85
ATOH1	-0.59907473684553	0.549123047504772	0.810634114917921	25
ATOH7	-0.394450257359504	0.693248645158102	0.895093575177549	53
ATOH8	3.6324297330908	0.00028076504338516	0.0117818426196165	164
ATP1B4	0.838969958950361	0.40148616760712	0.700973146687026	23
ATXN1	0.843354038534243	0.399030468813261	0.699320633131562	69
BACH1	-1.30551423427097	0.191717803410751	0.441674752064594	70
BACH2	-3.39470145637222	0.000687034732626466	0.0134125166064609	65
BAHD1	-1.62017456519908	0.105194783484663	0.289420060183529	35
BARHL1	0.187002789522023	0.851658445806594	0.962452922039955	31
BARHL2	-1.70315519263534	0.0885390294212536	0.254007925214648	37
BARX1	-0.570677422455805	0.568218325972208	0.822059547754188	46
BARX2	-1.98292566448284	0.0473757334510393	0.162445455463755	71
BASP1	2.2960779539323	0.0216714245840688	0.0949814180649139	64
BATF	3.40746005964047	0.000655705041457312	0.0134125166064609	106
BATF2	1.99292888464019	0.0462692348823163	0.160010309068396	100
BAZ1A	-0.0846585671586053	0.932532836280842	0.97922011091909	72
BBX	-1.23981676690685	0.215043175108784	0.47770939174785	75
BCL11A	-3.59774233315885	0.000320991377871905	0.0117818426196165	82
BCL11B	-3.15745421777989	0.00159153225910231	0.0176049630030838	161
BCL3	-1.09319941107545	0.274306255569583	0.562188582163549	65
BCL6	-2.0386864059868	0.0414813353456145	0.146913062682385	85
BCL6B	2.1716091065466	0.0298851595518446	0.117718372381046	123
BCL9	2.32580784372955	0.0200288040173335	0.0903534035977474	101
BCL9L	-0.922411808826502	0.356313812467156	0.659916063227588	114
BCLAF1	-0.516804145662544	0.605292885788137	0.843440906426092	179
BCOR	0.667705013465997	0.504321909143423	0.78165055975684	128
BCORL1	-0.599615911284002	0.54876224061105	0.810634114917921	66
BMP2	3.05646623798788	0.00223962701397683	0.0197802751065753	70
BMP4	3.41784778163608	0.000631183966953254	0.0134125166064609	156
BNC1	-1.86162258210364	0.0626563079336036	0.19960054528806	194
BNC2	1.7832135490753	0.0745515477348991	0.223525308555085	220
BRCA1	-2.90464470500038	0.0036767020224156	0.025484436764812	172
BRCA2	-1.80180735597329	0.0715757200057688	0.21892952236613	51
BRD1	-0.861494756462521	0.388965607870221	0.689549348749075	43
BRD2	0.369268305292312	0.711927747422087	0.90036281291047	109
BRD3	0.0553541861350929	0.955856294008674	0.983947164598877	81
BRD4	-2.14345412660823	0.0320766508432248	0.121605143454948	63
BRD7	-2.16066166345344	0.0307214843328699	0.119052866368163	108
BRD9	-0.226166640252518	0.82107181561811	0.947853140225156	111
BRDT	0.755906127914938	0.449705479642174	0.741319845215143	24
BRMS1	-2.13669352213707	0.0326229272362066	0.123098195061854	148
BRMS1L	-1.39345755657602	0.16348147121471	0.392306948011526	94
BRPF1	0.4023274460979	0.68744305824487	0.894077155707122	95
BRPF3	2.15389272404245	0.0312485856965981	0.119732111241303	97
BRWD1	1.46884501266577	0.141874831907236	0.357453749657076	60
BRWD3	-1.71756791087364	0.0858754575778966	0.248310727771036	64
CALCOCO1	3.46726911975396	0.000525775201393606	0.0133014479900131	123
CAMTA1	3.45576042843061	0.000548742807295328	0.0133014479900131	150
CAMTA2	0.610801149926593	0.541331232046407	0.810240908021267	50
CARF	0.468926033688804	0.639122507031485	0.868110049500293	77
CASZ1	0.814948431443929	0.41510182893948	0.712336623262607	128
CBFA2T2	-1.51303092727981	0.130271803155863	0.33933703563987	132
CBFA2T3	-0.0445244142427165	0.964486391519556	0.988291844401872	47
CBFB	-0.675155797882252	0.499576786399235	0.778780415091472	87
CBX1	-0.582694153037059	0.560099210010249	0.817039627335299	71
CBX2	-3.22237178983507	0.00127134049121968	0.0160640938593085	181
CBX3	-0.930190313772249	0.352272556143902	0.654683749335331	144
CBX4	-1.14283386032837	0.253107577358068	0.533640649390704	55
CBX5	0.561678804698359	0.574334877793413	0.824652432556732	49
CBX7	2.83877306969417	0.00452873515012907	0.0286819892841508	197
CBX8	-1.89781770806604	0.0577200996804808	0.188319113098942	120
CC2D1A	-2.07153161665912	0.0383091429808937	0.137804947714797	73
CC2D1B	3.06864533061898	0.00215031709918381	0.0196201249445303	96
CCAR1	-0.356473014815404	0.721486357601116	0.902556520159413	68
CCDC62	2.60925026112401	0.00907408533343634	0.0500158628447088	109
CCNC	-0.389372104147741	0.697000904709666	0.896937419208056	294
CCNK	-3.2594373582694	0.00111633429693179	0.0155814650632932	77
CCNL1	-1.43617552530015	0.150952401487379	0.372764722327395	116
CCNL2	-0.123193433930891	0.901953924928047	0.975138086781005	90
CCNT1	-0.213586263133456	0.830869712642063	0.953699066039042	130
CCNT2	0.122841110074316	0.902232919637012	0.975138086781005	95
CD40	1.3942577362872	0.163239788578549	0.392306948011526	73
CDC5L	-1.27984488062004	0.200599696013728	0.455011950930016	55
CDC73	0.38074756081017	0.703390573825334	0.898884771744188	42
CDK5	-1.8930680336018	0.0583488225728555	0.189604322847408	159
CDK5RAP2	-1.12376051706502	0.261114635481409	0.543428010699067	174
CDK7	-0.198765911976218	0.84244586220692	0.960840443124418	91
CDX1	-0.991150297193547	0.321612196094081	0.620553998437205	38
CDX2	-0.852423241449264	0.393979225114632	0.694624943842938	46
CDX4	-0.189398379211894	0.849780594681841	0.962452922039955	23
CEBPA	1.36713584403943	0.171582730019283	0.406690849089532	55
CEBPB	2.06658278653607	0.0387734841835637	0.139153726569901	66
CEBPD	2.84092077988118	0.00449834853403763	0.028633147184799	81
CEBPE	0.655358100028984	0.512237221707196	0.786371780472549	32
CEBPG	-3.51341431656648	0.000442387069267263	0.0127581270869041	81
CHCHD2	-0.95489131746406	0.339632661001007	0.640778910650264	124
CHD1	2.16153741770261	0.0306538498018453	0.119052866368163	108
CHD2	-1.96087285325319	0.0498938567910214	0.169282728398108	119
CHD3	-1.11535177807697	0.264699705234903	0.548064133274831	148
CHD4	-0.358720185023502	0.719804426599473	0.902031743641982	183
CHD5	0.0727376977798682	0.942014849497235	0.982929393557581	41
CHD6	0.328030063043595	0.742888932107295	0.912721188032795	105
CHD8	0.442113324383046	0.658407202917113	0.876852631559713	109
CHUK	2.95274534594694	0.00314961670620734	0.0239231836694126	103
CIC	-1.14082405538161	0.253943148061804	0.534030327876009	99
CIITA	2.8679490511057	0.00413142057390973	0.0272423391409533	140
CLOCK	0.463436531109971	0.643051498688196	0.86912667221664	79
COMMD7	-1.04897041873079	0.294191733320564	0.584693650944321	84
CREB1	0.702873262926073	0.482134734900879	0.765631855324404	117
CREB3	0.601418658719441	0.547561174113303	0.81059042563472	173
CREB3L1	1.42959871637463	0.152832224174214	0.376065129259818	55
CREB3L2	3.60111825716522	0.000316851404129229	0.0117818426196165	123
CREB3L3	-0.0757797942569585	0.939594291740608	0.982929393557581	18
CREB3L4	1.07741848029644	0.281293351699178	0.572873597722791	214
CREB5	0.713989673612307	0.475233564872045	0.761378069614688	82
CREBBP	0.486397690237526	0.626685227885497	0.861358845136236	113
CREBL2	1.72030107563808	0.0853777280410127	0.24754942690527	79
CREM	-0.300690522777195	0.763650496269336	0.926080485635493	41
CRTC1	-0.178071956078964	0.858666465822327	0.964077448423947	93
CRTC2	-1.01806488628759	0.308647121091396	0.602010991017639	169
CRX	0.0351172255814279	0.971986265856008	0.989041234776619	31
CRY1	0.960862935246281	0.336621089288186	0.637939197274762	101
CRY2	3.07365927530412	0.00211450780433771	0.0195558731672294	220
CTBP1	0.011338440362994	0.990953427329442	0.995022480393481	76
CTBP2	0.736225374160489	0.461593552665693	0.751363882024892	99
CTCF	-0.847865621295045	0.396512812460194	0.696052382742623	83
CTCFL	-1.83583744301566	0.0663817019269383	0.209387594945323	24
CTNNB1	0.827665357205298	0.407860043452191	0.706044252585318	137
CTR9	-0.0558800675215003	0.955437349828439	0.983947164598877	145
CXXC1	0.109161719197167	0.913074222466061	0.975138086781005	185
CYTL1	1.31225310137526	0.189434750383595	0.43830533219127	136
DACH1	0.792010101008988	0.428354786515975	0.724390555207643	110
DACH2	0.0457601358904467	0.963501432456545	0.987971310106235	60
DAXX	-2.26199727242762	0.0236975718176169	0.0996655689725293	102
DBP	-1.48732832852093	0.136928116076078	0.350457856518013	74
DBX1	-0.774731203069661	0.438498508971043	0.732782384886432	56
DBX2	-2.59928993648144	0.00934168340447008	0.0513157098578884	32
DDIT3	-3.65686091929583	0.000255322822050489	0.0117818426196165	95
DEAF1	0.493027666956085	0.621993038497792	0.858422717417665	102
DHX33	-3.08669388078793	0.00202395909643533	0.019456511552042	143
DHX9	-0.773757809366433	0.439074026670363	0.732782384886432	147
DLX1	-3.58187138586744	0.000341141739907288	0.0118118327484208	103
DLX2	0.350366818486256	0.72606342513387	0.904697535073478	29
DLX3	1.28860625115803	0.197535009089802	0.448690632461365	99
DLX4	1.58813665879108	0.11225544038389	0.304693338184845	38
DLX5	-3.87534398660773	0.0001064741807415	0.0117818426196165	164
DLX6	-3.51707143535053	0.000436336334966796	0.0127581270869041	93
DMAP1	0.825302908275188	0.409199641126847	0.706044252585318	161
DMBX1	-1.32135705936558	0.186382336743194	0.435611394848421	29
DMRT1	-3.05568816618183	0.00224544656864193	0.0197802751065753	44
DMRT2	-3.86831549362338	0.00010958981351635	0.0117818426196165	113
DMRT3	-3.50783472219699	0.000451769627307548	0.0128001394403805	65
DMRTA1	0.257349990662786	0.796908604628581	0.9380520382472	59
DMRTA2	-3.40439856547177	0.000663099226692151	0.0134125166064609	76
DMRTB1	-0.316284578114561	0.751786515683146	0.921146650766296	51
DMRTC2	-1.06351216920517	0.28754974950798	0.579043448198737	41
DMTF1	0.126556916522809	0.899291098297847	0.975138086781005	177
DNAJB1	-2.75353448194151	0.00589555593358816	0.0350048633556797	104
DNMT3A	1.48026721007874	0.138801950250119	0.353015983706995	110
DNMT3B	-2.73505167741599	0.00623704834172613	0.0367621644959405	90
DNMT3L	0.897305715622677	0.369555807427146	0.670840098486591	33
DOT1L	-3.056637471797	0.00223834813491147	0.0197802751065753	90
DPF1	-3.60626797645191	0.000310632353040871	0.0117818426196165	113
DPF2	-0.946458867306871	0.343914592419385	0.642849614302438	56
DPF3	0.109664242076466	0.912675660012868	0.975138086781005	42
DPRX	-0.233896017744275	0.815065704854786	0.945024443415842	36
DR1	-0.908146567005027	0.363800790222734	0.666786850654781	213
DRAP1	-2.43873545997372	0.0147387533329494	0.0712667264452494	105
DUX1	0.30467183140164	0.760616105512398	0.925693300981555	27
DUX3	-0.0276797880129005	0.97791754435583	0.992659926537704	45
DUX4	1.94100561819823	0.0522575959172944	0.175640636985761	25
DUX5	1.42743967622472	0.15345320135122	0.376065129259818	29
DUXA	-0.0674123530261554	0.946253435267723	0.982929393557581	26
DYRK1A	0.793117237229204	0.427709520911323	0.72405752229747	91
DYRK1B	-0.230812110518412	0.817460772416056	0.945024443415842	114
E2F1	-0.0181253879099115	0.985538824653355	0.993935063931376	45
E2F2	-2.80832087485922	0.00498005785925524	0.0300104232936463	181
E2F3	-2.1153551497843	0.0343996893271496	0.128008060514623	118
E2F4	-3.69018841102896	0.000224088018024915	0.0117818426196165	129
E2F5	1.17389621927573	0.240436597000505	0.512952581447576	100
E2F6	-3.36164462005547	0.000774797713758058	0.0134575871901758	122
E2F7	-3.3785207881745	0.000728769222860437	0.0134125166064609	177
E2F8	-1.1568131868854	0.247348693012163	0.524925281490989	67
E4F1	0.334530341900019	0.737979398884241	0.91015700421522	179
EAF1	-0.269385933633108	0.787632709545059	0.933330730498678	165
EAF2	0.240599500587645	0.809865537287891	0.943108869578974	190
EBF2	0.86754255611252	0.385644805204396	0.688239842748999	54
EBF3	0.664677978598115	0.506256481754477	0.783145802714061	71
EED	-1.0032686399558	0.315731262718671	0.612132039964771	155
EGR1	1.86683505294857	0.0619246257967509	0.198036179528223	90
EGR2	1.23255377785948	0.217742290949558	0.479924672983353	141
EGR3	-0.0778832546472054	0.937920919801448	0.982323142334201	62
EGR4	1.06818379343786	0.285437613790281	0.577671361242235	30
EHF	0.515833100005041	0.605970982314246	0.843657876239231	108
EHMT1	0.462496331271219	0.643725432636997	0.86912667221664	190
EHMT2	-2.19848158143411	0.0279148056849085	0.111314595508956	99
EID2B	-1.46642716993815	0.142531948895466	0.357992375530602	63
ELF1	1.18647905012072	0.235433170060225	0.505617778786255	159
ELF2	1.04487771273681	0.296079491691793	0.586709667585577	71
ELF3	2.8253310794364	0.00472317847123861	0.0293382047348091	216
ELF4	-3.24788040663691	0.00116268128657591	0.0157792460321016	199
ELF5	2.84057036179127	0.0045032937368043	0.028633147184799	94
ELK1	-2.37826269091848	0.0173944291926228	0.080724146971511	177
ELK3	-0.662375191004032	0.507730799217554	0.783924704336855	113
ELK4	-3.10344529837139	0.0019128159210023	0.0187443060120688	93
ELL	0.918935384008022	0.358129370814411	0.661004495846028	84
ELL2	0.688802552736015	0.490947529000582	0.769275481747555	105
ELL3	0.518209969291559	0.604311779860846	0.842800971049452	38
EMX1	-3.20791743663373	0.00133699875007176	0.0163113345274704	52
EMX2	0.147204023228117	0.882970985117093	0.970699299316569	40
EN1	-3.21972457019273	0.00128313814727604	0.0160640938593085	62
EN2	-0.371229893481565	0.710466309605536	0.899845433777605	21
ENY2	-1.62142585799546	0.104926338867939	0.289420060183529	112
EOMES	1.47482595492163	0.140259341346309	0.35560256871945	125
EP300	-0.854159235728542	0.393016766329932	0.693685330735344	88
EPAS1	3.23078774467446	0.00123449576506633	0.0160640938593085	168
EPC1	2.51127313393895	0.0120296580359444	0.0614806890128169	64
EPC2	1.37008157507317	0.170661438641661	0.405320916773946	44
ERF	-3.06114681774587	0.00220490948042999	0.0197802751065753	161
ERG	1.30864232479221	0.190655536857527	0.440498844098578	141
ESR1	2.95776810610965	0.00309875142905385	0.0239231836694126	158
ESR2	0.548208561975268	0.583548703768258	0.829208998245836	63
ESRRA	-0.997752365776541	0.318399453627021	0.616564889217793	162
ESRRB	-0.260146955341891	0.794750419299681	0.937064922841655	35
ESRRG	0.147085966229079	0.883064166725971	0.970699299316569	57
ESX1	-0.19660742696831	0.84413475817402	0.96119792172376	28
ETS1	1.7940225812085	0.0728095646733749	0.220614346993434	209
ETS2	1.06916770713733	0.284994107088447	0.577497469194281	90
ETV1	2.71124443296809	0.00670311920250288	0.0390067226756846	129
ETV2	0.618281747744466	0.536389631326483	0.808086991224132	51
ETV3	-0.0950253533161594	0.924294689004194	0.976207837720345	87
ETV4	0.673505631267948	0.500625667408415	0.779662924652449	115
ETV5	-0.378355209473753	0.705166737005958	0.898884771744188	125
ETV6	0.420155108861951	0.674372146432808	0.889232424528765	76
ETV7	0.865033275008342	0.387020525582131	0.688368005303019	94
EVX1	-0.783737129944709	0.433194370926377	0.727244188197609	33
EVX2	-0.586838470677717	0.557312196741463	0.816507860093057	26
FBXL19	-1.78633189827402	0.074045535052483	0.222688154766778	45
FERD3L	-0.270878271439133	0.78648465733889	0.933330730498678	24
FEV	-0.545624617679331	0.585323998761766	0.829208998245836	39
FGF1	-0.444638632346298	0.656580924351362	0.876345613906984	43
FGF2	2.05822682695037	0.0395683645375972	0.141378116655353	85
FGF7	1.84149004782614	0.0655497776871185	0.207168084079641	69
FHL2	-1.08615462030137	0.277410590446215	0.566394568357316	95
FHL5	3.04332707602907	0.00233977871696012	0.0199933472375164	157
FIGLA	-0.263876862481525	0.791874804987937	0.936442283357887	28
FLCN	0.565932127027806	0.571439920863123	0.823995957316022	102
FLI1	0.522064821207878	0.601625198989479	0.842692711507379	100
FOS	2.99240764875403	0.00276786396303224	0.0222393049766023	83
FOSB	2.12687039134185	0.0334308535926914	0.125560066400457	76
FOSL1	-3.24905843151905	0.00115787691185655	0.0157792460321016	142
FOSL2	-1.53046194712063	0.125902425601861	0.331923052829575	101
FOXA1	2.94808433893316	0.00319749817476363	0.0239231836694126	104
FOXA2	3.42032827387166	0.000625456105631603	0.0134125166064609	180
FOXA3	3.71846175104432	0.00020043963429657	0.0117818426196165	100
FOXB1	0.544222340339548	0.586288480266401	0.829847410718876	26
FOXC1	-1.4863475406123	0.137187217973608	0.350565438334457	78
FOXC2	-0.492419366183411	0.622422911514604	0.858422717417665	88
FOXD1	-3.84641697007683	0.000119857721688862	0.0117818426196165	99
FOXD2	3.07716767355942	0.0020897771425745	0.0195558731672294	61
FOXD3	-1.30472959972996	0.191984938668325	0.441674752064594	37
FOXD4	-2.381166584069	0.0172579056614692	0.0805535192002101	75
FOXD4L1	0.550053008129393	0.582283016482216	0.82853486486236	50
FOXD4L3	0.0147176503948645	0.988257437904736	0.993935063931376	51
FOXE1	-3.86476610510007	0.000111195702864641	0.0117818426196165	169
FOXE3	1.82400586446691	0.068151185649459	0.211828852082927	83
FOXF1	1.55095916289216	0.120911470725832	0.322231064723132	44
FOXF2	1.1970234473349	0.231297415785952	0.500756924837841	64
FOXH1	0.26819436185974	0.78854971466285	0.933656736935852	64
FOXI1	-0.394255112270417	0.6933927001269	0.895093575177549	69
FOXJ1	2.91667897825299	0.00353779684564187	0.0249499646537626	221
FOXJ2	-0.912977469371118	0.361254391329864	0.664750549595613	158
FOXJ3	0.984957250672969	0.324645069876378	0.622686208848397	103
FOXK1	-3.03625465487784	0.00239536962830081	0.0203606418405569	71
FOXK2	-0.797415813935118	0.425209577964603	0.721419906032836	87
FOXL1	-2.26568272689181	0.0234708158662639	0.0992287110576338	22
FOXL2	-3.00565231205764	0.00265011832989182	0.0217284692800624	41
FOXM1	-3.04797930113684	0.00230385795916347	0.0198655617716705	308
FOXN1	0.104267915827542	0.916956738559136	0.975138086781005	40
FOXN4	0.619164231303393	0.535808172759784	0.808086991224132	28
FOXP1	1.78827437774467	0.0737317515541129	0.222573418242789	93
FOXP2	-0.456621181470689	0.647943351918783	0.86912667221664	29
FOXP3	0.440324188920917	0.659702323837311	0.876888274071817	40
FOXP4	2.13695340646166	0.0326017815055436	0.123098195061854	73
FOXQ1	0.325390978156707	0.744885182723662	0.91412581314492	68
GABPA	0.815128109860977	0.414998982845586	0.712336623262607	76
GABPB2	-2.94376645748412	0.00324244573768944	0.0239495745084623	162
GATA1	0.387028394918691	0.698735186807116	0.89773852561137	32
GATA2	3.1702220633845	0.00152322478560752	0.0172384752436565	85
GATA3	1.76921142598019	0.0768585981184211	0.22777111751232	159
GATA4	-0.184297435810133	0.853780125401471	0.963315979511089	35
GATA5	3.40700525899681	0.000656798614896425	0.0134125166064609	63
GATA6	0.249357407820037	0.803084328334489	0.940522980609281	41
GATAD2A	-3.26604923765133	0.00109059284729091	0.0155814650632932	110
GATAD2B	-0.365602489194331	0.714661717411384	0.900998183933947	94
GBX2	0.223605901372222	0.823063971305666	0.948108640270079	56
GCM1	0.174298861982075	0.861630593562195	0.965002363802319	54
GCM2	-0.419986682230189	0.674495182692097	0.889232424528765	34
GFI1	1.29321461120507	0.195936843568995	0.44790409386022	79
GFI1B	0.237882486344903	0.811972239523643	0.943886169196407	44
GLI1	-3.48053953787017	0.000500404960950982	0.0130438270276163	116
GLI2	-3.62051574091502	0.000294016361894321	0.0117818426196165	110
GLI3	-2.37715233034185	0.0174468814025915	0.0807355686681524	175
GLI4	-2.15587731800477	0.0310932460267587	0.119732111241303	147
GLIS1	0.105491183858536	0.915986065218771	0.975138086781005	29
GLIS2	0.529462244530458	0.596484828835692	0.838401217205955	35
GLIS3	3.84020812550823	0.000122930048503568	0.0117818426196165	77
GMEB1	-0.131070298050414	0.895719697150963	0.975138086781005	49
GMEB2	-0.784742891064721	0.432604329763947	0.727009357511732	189
GPBP1	1.09727621504162	0.27252066503577	0.561295544572145	114
GPBP1L1	0.0517844454994627	0.958700449614563	0.984924444101475	76
GPS2	-0.290300239463115	0.771586555666321	0.928508158629907	142
GRHL1	-2.96134048333829	0.0030630311522599	0.0238975618884045	83
GRHL2	-2.44617766895787	0.0144379832700095	0.0700220509941901	109
GRHL3	-3.89085282028635	9.98925129078769e-05	0.0117818426196165	73
GSC	-0.41103145115885	0.681049472903199	0.892047768644498	34
GTF2H2	0.224026614514419	0.822736594109676	0.948108640270079	46
HAND1	1.62959408961408	0.10318731438729	0.285355330026497	36
HAND2	0.507514093433251	0.611794150230781	0.848814654162258	22
HBP1	1.7171717263432	0.0859477998910274	0.248310727771036	72
HCFC1	-1.48164934986149	0.138433620656083	0.352634538422041	74
HCFC2	0.0551817698932257	0.955993652321765	0.983947164598877	67
HDAC1	-2.81497033900062	0.00487817360469461	0.0299553246067749	124
HDAC10	-1.54809181335906	0.121600192847236	0.323532638300307	77
HDAC2	-3.04685093476759	0.00231252359942666	0.0198655617716705	114
HDAC3	0.0203948105000507	0.983728423611739	0.993935063931376	97
HDAC4	-1.77699841201697	0.0755685011039552	0.22517182524518	65
HDAC5	1.17051781475271	0.241792649280474	0.514486335425515	122
HDAC6	0.686061203872549	0.492674514277255	0.770251055719039	138
HDAC8	0.341331595819014	0.732853964572143	0.907782695141947	91
HDAC9	-0.426867034243591	0.669476177767973	0.885506983698015	52
HDGF	-1.82022987855824	0.0687240048022952	0.212216573146667	160
HDGFL1	-1.79505919789443	0.0726442686831367	0.220527244216665	59
HEATR1	-3.26940871607642	0.00107772504975089	0.0155814650632932	162
HELT	-0.953172371964965	0.340502742214215	0.641670861932272	32
HES1	-3.62133768993577	0.0002930836582597	0.0117818426196165	119
HES2	-3.656322839206	0.000255859092929558	0.0117818426196165	88
HES3	0.0625078807739529	0.95015838626435	0.982929393557581	29
HES4	0.0618625790968065	0.95067226794857	0.982929393557581	79
HES5	-0.920716410447478	0.357198506136974	0.6600407178618	48
HES6	-0.731090918200925	0.464723621176309	0.752032713626993	98
HES7	-0.621136057234607	0.534510106805736	0.808086991224132	31
HESX1	0.737833326646963	0.460615738763808	0.751363882024892	94
HEXIM1	0.0796286042294262	0.936532644561297	0.982143000627594	34
HEXIM2	1.5119653810046	0.130542669703716	0.339426847009398	43
HEY1	-3.20484993286494	0.00135132915536604	0.0163113345274704	43
HEY2	-2.23950682896505	0.0251229574873114	0.104302252807218	126
HEYL	1.67929733525728	0.0930941100830831	0.264230207002072	193
HHEX	2.2244086828434	0.0261209601998539	0.107069418078081	199
HIC1	1.4348135820174	0.151340226510187	0.373151856204507	76
HIC2	-2.58221233301619	0.00981691653305085	0.0532024167814669	81
HIF1A	-1.20653369214906	0.227611776200017	0.494741613140011	158
HIF1AN	-1.66543957915961	0.0958250886081755	0.268676246705214	100
HIF3A	-1.03751952981633	0.299493798776718	0.588421514628223	54
HIPK2	0.303261277064282	0.761690753885471	0.926080485635493	67
HIVEP1	-2.0167394002996	0.0437227159116576	0.153171770493117	82
HIVEP2	-1.59130607548616	0.111540710193	0.303263042023056	164
HIVEP3	0.0467738988717918	0.962693431940817	0.987769944462783	70
HLF	2.54946214079527	0.0107889224565907	0.0569875084907879	131
HMGA1	-3.29104400852452	0.000998162964449224	0.015107811532025	175
HMGA2	-0.61899993409623	0.535916402301787	0.808086991224132	44
HMGB1	-0.246724995115852	0.805121061146504	0.940606778083775	114
HMGB2	-2.31725869930924	0.0204896436612657	0.0916641953267151	87
HMGB3	1.72963748676696	0.0836950640560483	0.243233239757123	116
HMGB4	0.0855438106766205	0.931829067210321	0.97922011091909	30
HMX1	-2.02391376170356	0.0429790257168362	0.151222497892572	53
HMX2	-0.278733768559988	0.780449145559103	0.932957342766803	64
HMX3	0.371347695376466	0.71037857772782	0.899845433777605	47
HNF4A	-1.29222327213646	0.19627983455519	0.44790409386022	22
HNF4G	2.93021285711294	0.00338729887653756	0.0243132786027029	49
HOXA1	-0.614299815041692	0.53901722474991	0.809026782501026	40
HOXA10	-3.20289166380992	0.00136055152770768	0.0163113345274704	93
HOXA11	-1.92575491400334	0.0541349835105691	0.180636360267705	20
HOXA13	-3.43387509632061	0.000595018309790051	0.0134125166064609	45
HOXA2	0.339019066389554	0.734595366925706	0.90899279949406	73
HOXA3	-0.94055400408302	0.346933462383685	0.647742822831966	77
HOXA4	-3.36601082944248	0.000762637142490582	0.0134575871901758	70
HOXA5	2.1243743646587	0.0336388518566955	0.125756355899452	53
HOXA6	-2.74824467522731	0.00599152794045654	0.035444386900503	76
HOXA7	-0.699311746929292	0.484357227424387	0.76663421006108	30
HOXA9	-3.18758113352466	0.00143468201622993	0.0169028701923986	56
HOXB1	-1.83420579120839	0.0666234521124484	0.209740497391041	51
HOXB13	-0.808242902224903	0.418950764711834	0.715984640221811	34
HOXB2	-0.113897376756079	0.909319145081149	0.975138086781005	128
HOXB3	-1.43999985694205	0.149867439542603	0.372271415224822	53
HOXB4	2.53665156435861	0.0111918284814793	0.0583058161212548	115
HOXB5	2.09207586516941	0.0364317297436946	0.13341778579607	87
HOXB6	1.53533969187028	0.12470040918276	0.330691561297468	67
HOXB7	-3.11611014081253	0.00183253813187103	0.0187443060120688	131
HOXB8	-2.46235831413763	0.0138026696137548	0.0679613153238231	55
HOXB9	-0.541876857242714	0.587903340555255	0.830677073487958	41
HOXC10	-1.68068938833285	0.0928232628582716	0.263925298443853	53
HOXC11	0.0506643134779095	0.959593013829357	0.985214696334655	75
HOXC13	-3.49788066415991	0.000468970923743885	0.0128904693837697	88
HOXC4	-1.45342010672564	0.14610714719053	0.365267867976325	61
HOXC5	-0.692385514531436	0.488695260156162	0.768493520109251	36
HOXC6	-2.47091370999513	0.0134768333481193	0.0665598955878064	71
HOXC8	-3.36470079584942	0.000766267051465902	0.0134575871901758	87
HOXC9	-2.58564809576226	0.00971961079168449	0.0530309845559812	47
HOXD1	3.20344348151714	0.0013579469116784	0.0163113345274704	137
HOXD10	-3.41876739376567	0.000629054764180296	0.0134125166064609	50
HOXD11	-3.66145508739263	0.000250786829748362	0.0117818426196165	80
HOXD13	-2.80866968627538	0.00497466585462086	0.0300104232936463	122
HOXD3	-0.914229233807111	0.360596406103765	0.664750549595613	100
HOXD4	-3.35545406225631	0.000792348148094767	0.0135217255428355	36
HOXD8	-2.61760723194778	0.00885486616369225	0.0491429857538247	71
HOXD9	-3.3972974483866	0.000680549488470685	0.0134125166064609	56
HR	-3.92958408298075	8.50929181049469e-05	0.0117818426196165	111
HSF1	-1.86158948803319	0.0626609761368708	0.19960054528806	79
HSF2	-1.6840141536283	0.0921789334412285	0.262555515886392	130
HSF4	0.0101219781798286	0.991923967789996	0.995022480393481	170
HSF5	0.116376610106875	0.907354071853403	0.975138086781005	31
HSFY2	1.46280006400534	0.143522095578792	0.359919540931287	33
ID1	-0.452035543595688	0.651243376903955	0.872086896303065	101
ID2	1.56044229600679	0.118655396243936	0.317791815810872	211
ID3	1.39500879735982	0.16301318669398	0.392306948011526	105
ID4	0.611025633314322	0.541182610552029	0.810240908021267	62
IGF2	-1.09640275519871	0.272902558767852	0.561295544572145	34
IKBKB	0.630447376442896	0.528401922310798	0.803879068718322	106
IKZF3	1.92457918153101	0.0542820259627432	0.180753550370784	145
IL4	0.607220119353821	0.543704841951786	0.81059042563472	28
ILF2	-1.60716699419794	0.108017740252088	0.294676774505273	328
ING1	-0.84297820389628	0.399240633899257	0.699320633131562	71
ING2	-0.166159647279478	0.868031314745917	0.968142661128906	97
ING3	0.0849586656190222	0.932294251907328	0.97922011091909	117
ING4	0.245501721008317	0.806067975769626	0.940606778083775	41
ING5	0.415166440948754	0.678020063917785	0.890698739912507	86
INSM1	-0.51938066699035	0.603495310417001	0.842800971049452	60
INSM2	1.19266473664218	0.23300070137417	0.502398041013731	44
IRF1	1.04145334791532	0.29766519419615	0.587688616903157	127
IRF2	-0.177128472159323	0.859407477967024	0.964077448423947	72
IRF2BP1	-1.87093722821036	0.0613537821460129	0.197235948680685	76
IRF2BP2	1.87298729933133	0.0610701388377157	0.196862822800221	86
IRF3	-0.0398013429093796	0.968251505594427	0.988291844401872	190
IRF4	1.03966848633421	0.298493946476318	0.588286000563285	112
IRF5	0.567540689214817	0.570346890242	0.823154805845245	66
IRF6	-3.84034519346069	0.000122861428895027	0.0117818426196165	227
IRF7	3.33494603257524	0.000853159550803453	0.014062188837958	168
IRF8	2.01376759346815	0.0440339395826691	0.153928165424265	527
IRX1	-0.251323486266473	0.801564018353163	0.939907464743346	54
IRX2	2.01174899187471	0.0442464033491641	0.154004184070905	95
IRX3	2.89781566917595	0.00375771371811217	0.0256024711770918	101
IRX4	-3.75847869810198	0.000170949589383616	0.0117818426196165	95
IRX5	3.26114212754405	0.00110964405345681	0.0155814650632932	103
IRX6	-3.35439211688893	0.000795395620166794	0.0135217255428355	71
ISL1	-0.603036763818753	0.546484232437326	0.81059042563472	34
ISL2	-0.43444653509202	0.663964211516977	0.880379475862002	45
JDP2	2.15868559199299	0.030874567323421	0.119288101022308	87
JMJD1C	2.29554978567297	0.0217016366971847	0.0949814180649139	210
JUN	2.16663631583413	0.0302625960243947	0.118556695848613	103
JUNB	0.573831225590618	0.566082016206626	0.822059547754188	94
JUND	1.491546582991	0.13581805060872	0.348722021833201	129
JUP	-3.00292561381125	0.00267397781340527	0.0218104755992399	139
KCNIP3	-1.37366440713221	0.169545891568808	0.403264528547312	114
KCTD1	-3.62349089064538	0.000290653444889827	0.0117818426196165	125
KLF1	-0.506040223289677	0.612828412850274	0.848814654162258	85
KLF10	-0.196083514469772	0.844544799334994	0.96119792172376	95
KLF11	0.115684850474554	0.907902313201176	0.975138086781005	117
KLF12	0.614929549808126	0.538601247006161	0.809026782501026	106
KLF13	1.26273568767844	0.206684184048491	0.463546536081212	151
KLF14	-0.186308430134225	0.852202896914635	0.962452922039955	23
KLF15	3.16363478656015	0.00155812184130694	0.0174194110930602	86
KLF16	0.0555041897332092	0.955736792173276	0.983947164598877	39
KLF17	-1.9883011833673	0.0467783900012955	0.161081236358406	55
KLF2	2.90816879747503	0.00363552046060501	0.0254788462667813	223
KLF3	-1.36662813396146	0.171741894166601	0.406690849089532	138
KLF4	-0.245762340099129	0.805866211301719	0.940606778083775	194
KLF5	-3.00561200277692	0.00265046962735126	0.0217284692800624	153
KLF6	1.27633261567498	0.201837965292548	0.455759271092797	133
KLF7	-0.0661728567315346	0.947240206586792	0.982929393557581	28
KLF8	-2.5275869344997	0.0114849386436629	0.0594492817612677	149
KLF9	2.22251842045045	0.0262482905743109	0.107318960196233	128
L3MBTL2	-0.104054726508051	0.917125918764357	0.975138086781005	116
L3MBTL3	0.785165660244189	0.432356446384312	0.727009357511732	60
L3MBTL4	-0.669770957077501	0.503003810364505	0.780573681405281	26
LBH	2.1626713334038	0.0305664674513568	0.119052866368163	140
LBX1	0.362438056210133	0.717024705112873	0.901865185948046	51
LBX2	-0.58742317418906	0.55691953354529	0.816507860093057	56
LCOR	0.743540810209368	0.457154323340012	0.748787253746571	109
LCORL	0.894459239801312	0.371076228851035	0.670840098486591	37
LDB1	-2.37327697726666	0.017631037044487	0.0813546423624185	47
LDB2	2.31775146573513	0.0204628322103718	0.0916641953267151	277
LEF1	-2.21196171361834	0.0269693104689441	0.10916149475525	101
LEO1	-0.482513698605367	0.629441069555712	0.863676573774406	69
LHX1	0.590901838221147	0.554586194262724	0.814233367031181	49
LHX2	-3.1063710358463	0.00189398902996662	0.0187443060120688	40
LHX3	-0.608163016931267	0.543079360443608	0.81059042563472	26
LHX4	-0.180478195889087	0.856777170485835	0.964077448423947	34
LHX5	-1.07882691809943	0.280664892686415	0.572315406172424	57
LHX6	1.57514930317828	0.115221985988197	0.310139178951563	80
LHX8	-2.07149741999842	0.0383123353089434	0.137804947714797	27
LHX9	-0.760098481067046	0.447195720531328	0.739980623625097	29
LIMD1	2.32773298512927	0.0199262864936583	0.0901427246141686	19
LIME1	0.866043580162484	0.386466263332853	0.688239842748999	152
LIN9	-3.21392708126436	0.00130932919602415	0.0162658973198385	191
LMO1	-3.33207296278957	0.000862016529385663	0.014062188837958	48
LMO2	2.28711878767103	0.0221888905568046	0.0965631699622269	199
LMO3	3.64535240534589	0.000267025633962897	0.0117818426196165	280
LMO4	-2.70422053454648	0.00684648332928527	0.0396310773361854	138
LMX1A	0.406344635424263	0.684489393299895	0.894077155707122	33
LMX1B	-1.52368619222184	0.127587120322871	0.334501946950385	27
LPIN1	2.94787798720983	0.00319963323380379	0.0239231836694126	81
LPIN2	3.99755338311756	6.40005604621225e-05	0.0117818426196165	128
LPIN3	-0.834983299383025	0.403727111570311	0.704124498041093	105
LRP5	-0.276208773173603	0.782387719236107	0.933202486385755	169
LRP5L	-0.254521599476357	0.79909261942966	0.938570603911928	172
LRRFIP1	0.473331729560731	0.635976528354896	0.867630344887034	97
LYAR	-3.11018992094889	0.00186967085661451	0.0187443060120688	143
LYL1	2.40457141150071	0.0161914424249456	0.0769093515184918	341
MAEL	-1.23700677245052	0.216084568356427	0.478682227762084	36
MAF	-2.57560463526386	0.0100064991716584	0.0538683205407611	117
MAF1	-2.10416797118242	0.035363797360772	0.130393910359924	96
MAFA	2.10960751187063	0.034892176777471	0.129542219530151	107
MAFB	0.660587426373089	0.508876934709351	0.78438994054191	230
MAFF	-0.45784250850084	0.647065593510491	0.86912667221664	53
MAFG	-2.97517796099728	0.00292818621338768	0.0231814741893191	119
MAFK	-1.35805620864501	0.17444584922383	0.411284739410927	49
MAGEA1	-3.39096366060457	0.000696473352135811	0.0134125166064609	60
MAGEA10	-3.13785072119073	0.0017019152955307	0.0185710513594641	58
MAGEA11	-1.21386178720474	0.224800507148472	0.489949823272311	35
MAGEA12	-2.93707842874382	0.00331320300699748	0.0239947213287037	79
MAGEA2B	0.529983869435491	0.596123114729643	0.838401217205955	32
MAGEA3	-2.8226322771465	0.00476311685504664	0.0294729261337177	64
MAGEA4	-3.91378308063014	9.08612666802502e-05	0.0117818426196165	107
MAGEA5	0.347339014377944	0.728336643871537	0.904818215271179	47
MAGEA6	-2.9402369379603	0.00327961353247332	0.0239947213287037	108
MAGEA8	-0.454933857354943	0.6491568241836	0.870031760212875	42
MAGEB1	0.506111531221023	0.612778355977689	0.848814654162258	33
MAGEB10	0.87386930601033	0.382189431914399	0.685817702824172	22
MAGEB18	-0.37532398219266	0.707419532437686	0.898884771744188	24
MAGEB2	-0.903858968491013	0.366070188662346	0.668782075440824	47
MAGEB3	-0.114503253400469	0.908838867522237	0.975138086781005	88
MAGEB4	0.456663925924013	0.647912623532053	0.86912667221664	32
MAGEB5	-2.66349785327907	0.00773329053145534	0.0438219796782469	34
MAGEB6	0.769899583823824	0.441359460810427	0.733970529332324	34
MAGEB6B	-2.63942747169812	0.00830461910136229	0.0465693050302087	36
MAGEC1	-2.89862044760461	0.00374808315320092	0.0256024711770918	39
MAGEC2	-0.256268080255815	0.797743842712175	0.938151362688331	37
MAGEC3	-0.485138380833932	0.627578188131024	0.861852698836398	21
MAGED1	0.486807913450238	0.626394461853092	0.861358845136236	79
MAGED2	0.0952827998228104	0.924090204243508	0.976207837720345	60
MAGEE1	0.826075008041152	0.408761543716441	0.706044252585318	83
MAGEE2	0.732614077851359	0.463793842349974	0.752032713626993	27
MAGEF1	-2.00879661673925	0.0445587072122705	0.154644635721496	138
MAGEH1	-0.0938533853851632	0.925225623392651	0.976207837720345	119
MAGEL2	0.086382108333888	0.931162669243337	0.97922011091909	261
MAML1	0.362547433114865	0.71694298436585	0.901865185948046	77
MAML2	0.29031850474723	0.771572583445983	0.928508158629907	89
MAML3	3.04839516674961	0.00230067169805732	0.0198655617716705	71
MAX	0.114110600063277	0.909150119478582	0.975138086781005	70
MAZ	-1.74220197989922	0.0814731076734579	0.238800488008411	176
MBTD1	-0.112406242311699	0.910501306048879	0.975138086781005	92
MBTPS2	0.103601953663526	0.917485237209652	0.975138086781005	136
MCRS1	-0.277952424797734	0.781048879661122	0.932983683914727	154
MDFIC	1.45111292764872	0.146748417298414	0.366304009176103	163
MDM2	0.828830639027309	0.407200248241231	0.706044252585318	119
MDM4	1.06527990736483	0.286749282486651	0.578152423490564	109
MECP2	2.285546816411	0.0222807845745666	0.0965631699622269	105
MED12	-1.16425245651535	0.244321717597409	0.519183649894494	148
MED12L	-2.35277202322882	0.0186340546600207	0.085252119761851	22
MED18	0.701764373839575	0.482826119830425	0.76597660464257	60
MED19	-1.90482642715612	0.0568026374306353	0.186590836527742	96
MED25	-0.542952125220276	0.5871627654422	0.830357150778593	85
MED31	0.122424209645857	0.902563066194081	0.975138086781005	23
MED4	-0.562401242311968	0.573842672837514	0.824652432556732	84
MED6	-2.16042264326172	0.0307399661148755	0.119052866368163	88
MED8	1.13265078658796	0.257360932118557	0.53883913159381	72
MEF2A	0.218456743773288	0.827073257832797	0.950016579943078	168
MEF2B	0.288522250422726	0.772947000956466	0.928508158629907	49
MEF2C	3.29923083466526	0.000969501531006141	0.0150552401209127	304
MEF2D	2.86784811724916	0.00413273875512914	0.0272423391409533	112
MEIS1	-0.205706131014401	0.837020469126513	0.958616477842716	107
MEIS2	-0.583753039717961	0.559386476872883	0.816825642088342	146
MEIS3	-1.53114570522146	0.125733386054139	0.331923052829575	40
MEIS3P1	3.49228727368279	0.000478902887322713	0.0128904693837697	190
MEN1	-2.04672997859699	0.0406846040806592	0.145045553179392	106
MEOX1	1.240154746916	0.214918162692775	0.47770939174785	69
MEOX2	1.27034893417565	0.203960364655564	0.459408631685825	94
MESP1	3.12834863008397	0.00175791532380954	0.0187443060120688	99
MESP2	0.231520519319407	0.816910446308921	0.945024443415842	19
MGA	0.432998153078105	0.665016111589222	0.880716960709692	59
MIER1	3.42028639155093	0.000625552416059683	0.0134125166064609	149
MITF	2.49039072451215	0.0127602728352166	0.0644267545058778	276
MIXL1	1.01005917553261	0.312466939762154	0.607992900862504	29
MLF1	-1.31740439645043	0.187703108043677	0.436801901283196	91
MLF2	-3.74896064075243	0.000177568947659451	0.0117818426196165	145
MLLT1	0.955114799823481	0.339519645418406	0.640778910650264	63
MLLT10	0.15546281750401	0.876456464842804	0.969719277426941	100
MLLT11	-3.43826847291566	0.000585446942666718	0.0134125166064609	164
MLLT3	-0.475780834549987	0.63423052519256	0.867300845204051	41
MLLT6	0.888371541452893	0.374340928285521	0.673980601093774	94
MLX	1.02462087578696	0.305542110447119	0.598121828329815	159
MLXIP	-0.772668249194538	0.439718741964498	0.732864569940831	19
MLXIPL	-1.02636832521923	0.304718002436143	0.597232492638801	111
MNAT1	-1.7905263922495	0.0733693283236423	0.221894129667944	158
MNT	-1.82744424466413	0.0676330020721286	0.210937651016003	79
MPND	-0.974472846876102	0.329821814849923	0.631116387420173	47
MSC	-2.99630788944657	0.00273270364851474	0.022177469308298	151
MSX1	-1.75570877239283	0.0791381481647944	0.232801656258912	61
MSX2	-3.29025929744835	0.00100095098075955	0.015107811532025	52
MTA1	-1.61575589961012	0.106147099799787	0.291543479892271	150
MTA2	-1.61015225138431	0.10736462244133	0.293887907191098	211
MTA3	-1.70310247523681	0.088548892814766	0.254007925214648	159
MTDH	-0.16741452918151	0.867043893875504	0.967709667317856	322
MTF1	0.703843439471455	0.481530278101216	0.765631855324404	53
MTF2	-0.460065720329631	0.645469048437315	0.86912667221664	96
MXD1	-2.86554081350898	0.00416297606473407	0.0273301070916485	100
MXD3	0.0729273329992092	0.941863943261762	0.982929393557581	93
MXD4	3.10562355674031	0.00189878274455658	0.0187443060120688	290
MXI1	-1.82267791010575	0.0683521878713218	0.211828852082927	160
MYB	-2.14856402443376	0.031668976049766	0.120625934717859	58
MYBL2	-0.387630747193003	0.698289311655537	0.89773852561137	42
MYC	-2.35653623645204	0.0184462678290179	0.0846327344996135	166
MYCBP	-0.100599453713994	0.919868430380711	0.976075896888862	50
MYCN	-0.713778804215371	0.475363968212105	0.761378069614688	92
MYF5	-0.730305494018223	0.465203470733924	0.752055660896183	36
MYF6	-0.401566534881365	0.688003062633066	0.894077155707122	41
MYNN	-3.23527767751981	0.00121524483536279	0.0160640938593085	113
MYOCD	-2.50845196207202	0.0121261454941477	0.0617783122178187	44
MYOD1	-0.192435092473256	0.847401406228301	0.962452922039955	26
MYOG	0.395911322691104	0.692170447844246	0.895093575177549	27
MYSM1	-0.40494144296069	0.685520554362812	0.894077155707122	41
MYT1	0.739228091868721	0.459768505390045	0.751363882024892	22
MYT1L	0.172242482232516	0.863246900933736	0.965473507623257	31
NAB1	-2.87831055641968	0.00399811334289664	0.0267923363019837	141
NAB2	-1.25029137314804	0.211193128638118	0.470450900345602	63
NANOG	-0.109477459397799	0.912823799091817	0.975138086781005	22
NCOA1	0.597590235575545	0.550113381104785	0.811237957410126	63
NCOA2	-0.276905575267597	0.781852611488477	0.933202486385755	57
NCOA3	-0.315580097984222	0.752321245783697	0.921146650766296	74
NCOA6	-1.38711418353862	0.165406947702051	0.395166006714219	62
NCOA7	3.10458840559934	0.00190543975286707	0.0187443060120688	145
NCOR1	1.2620090126168	0.206945543352665	0.463546536081212	122
NCOR2	1.49866629093267	0.133960225824082	0.34552534278024	79
NDN	2.02053380351482	0.0433280474603688	0.152119123148904	103
NEUROD1	-2.08129124535179	0.0374072560041692	0.135760842690753	35
NEUROD2	-0.38152671897164	0.702812448932611	0.898884771744188	47
NEUROD4	-0.467010985731012	0.64049201828992	0.86912667221664	33
NEUROD6	0.699925146268212	0.483974052415188	0.76663421006108	10
NEUROG1	-0.447771100109391	0.65431840252126	0.874048155559831	31
NEUROG2	-1.57174405295034	0.116009921178191	0.311740470387318	32
NEUROG3	-0.128178973271666	0.898007339693358	0.975138086781005	20
NFAT5	0.596956057471828	0.550536719084519	0.811237957410126	122
NFATC1	0.602683849430974	0.546719027690053	0.81059042563472	113
NFATC2	1.00514642479252	0.314826348324347	0.611846633626738	39
NFATC2IP	0.0797303722640313	0.936451702768461	0.982143000627594	133
NFATC3	0.856228075625054	0.391871635927855	0.692420888428321	131
NFATC4	1.41409935401514	0.157332732803136	0.383246400417896	33
NFE2	3.37774174787698	0.000730836818184868	0.0134125166064609	103
NFE2L1	-2.68121915117216	0.00733544592573667	0.0421854039949638	210
NFE2L2	-2.31431228168736	0.0206505985855565	0.0921290517007563	137
NFE2L3	-0.283850422515696	0.776525011431526	0.931022935012557	71
NFIA	1.84755828894089	0.0646662684874658	0.205403581163728	98
NFIB	2.61453159110196	0.00893498972274976	0.0494178369939756	67
NFIC	1.91359598229131	0.0556717988204433	0.184241711260279	58
NFIL3	-0.703287644667791	0.481876508890183	0.765631855324404	128
NFIX	1.602843209576	0.108969274380494	0.296771295319558	113
NFKB1	2.726264290821	0.00640556852726681	0.0374818593171591	162
NFKB2	-0.159700718010635	0.873116835271889	0.969719277426941	122
NFX1	0.354390437289568	0.7230463000911	0.903108874437066	92
NFXL1	-0.899585468439397	0.368340893310927	0.670840098486591	155
NFYA	-1.50343021885292	0.132728138895062	0.343519141531289	105
NFYB	-1.31489935117106	0.188543730847556	0.437497306492532	64
NFYC	1.77916879376936	0.0752120928780051	0.224524085023989	89
NHLH1	-1.3826807466182	0.166762777978096	0.3978166712476	38
NHLH2	-0.0688416772360455	0.945115643122759	0.982929393557581	54
NKAP	-0.0070677370308185	0.994360808692334	0.995022480393481	77
NKRF	-2.83613730896672	0.00456628096184514	0.0286947227757973	120
NKX1-1	0.293226239622873	0.769349228812923	0.928508158629907	46
NKX2-2	-0.434840440646389	0.663678248545472	0.880379475862002	42
NKX2-3	-0.0886571373404041	0.929354397784976	0.979065461462972	24
NKX2-5	-4.03559860610731	5.44632595163103e-05	0.0117818426196165	76
NKX2-6	0.0624266656213874	0.950223060273317	0.982929393557581	75
NKX2-8	-1.23687592125252	0.216133150569821	0.478682227762084	46
NKX3-1	-0.299908062932172	0.764247283944018	0.926080485635493	52
NKX6-1	0.150648606023826	0.880252916846994	0.969719277426941	60
NKX6-2	-1.22537417887051	0.220434271115007	0.48238665020425	32
NKX6-3	-0.596100223749537	0.551108274717496	0.81133989395511	57
NOBOX	-0.160631643850429	0.872383530335359	0.969719277426941	71
NOC2L	-1.91415353221719	0.0556005411519678	0.184241711260279	128
NONO	-2.58679910414358	0.0096872053488517	0.0530309845559812	130
NPAS1	-3.12439201687189	0.00178172905510925	0.0187443060120688	56
NPAS2	-0.47306279392656	0.636168380096299	0.867630344887034	64
NPAS3	1.33378892515774	0.182273041539526	0.426624582733817	61
NPAS4	0.188845213873441	0.850214133808393	0.962452922039955	39
NPAT	0.715861365256754	0.47407695642337	0.761067877359585	75
NPM1	-0.669551440117378	0.503143778540494	0.780573681405281	56
NR0B1	-2.44721979162349	0.0143963018081054	0.0700220509941901	102
NR0B2	3.65132717222683	0.000260888635880653	0.0117818426196165	81
NR1D1	-0.462588770403791	0.643659159393864	0.86912667221664	34
NR1D2	0.348323638809774	0.727597142914033	0.904818215271179	99
NR1H2	-0.441861235159158	0.658589623580143	0.876852631559713	45
NR1H3	1.42005410047384	0.155591931481252	0.380265519907409	131
NR1H4	0.333178476967998	0.738999563769682	0.910361781455406	50
NR1I2	1.94056102223877	0.0523115457524154	0.175640636985761	29
NR1I3	-1.67464153606336	0.0940045845902787	0.265879867098599	22
NR2C1	0.666284601581939	0.505229206036482	0.782306009346997	69
NR2C2	0.531615527562867	0.594992308154359	0.83786728095853	97
NR2E1	-0.769248623353861	0.44174573034738	0.733970529332324	64
NR2E3	-0.798461718033333	0.424602600023357	0.721419906032836	61
NR2F1	2.36018971675727	0.0182655912240425	0.0840425351191699	203
NR2F2	1.40913404220705	0.158795536467957	0.386227095475528	109
NR2F6	0.155999720903276	0.876033241215024	0.969719277426941	124
NR3C1	1.94146947439012	0.0522013585384661	0.175640636985761	122
NR3C2	3.60860709572655	0.000307845429380088	0.0117818426196165	142
NR4A1	2.01193361543695	0.0442269352947018	0.154004184070905	57
NR4A2	2.53474671937757	0.0112528654858137	0.0584352982623446	128
NR4A3	3.17394980315858	0.00150379695354048	0.01722434099268	88
NR5A1	-1.60916400986773	0.107580483764946	0.29398050978069	43
NR5A2	3.37982152506301	0.000725329135903812	0.0134125166064609	122
NR6A1	-0.247507772550425	0.804515276969937	0.940606778083775	34
NRF1	-0.314834039771371	0.752887665022607	0.921146650766296	58
NRIP1	0.152852076444605	0.878514929149731	0.969719277426941	85
NRL	-1.22961219825813	0.218842359930659	0.480857702432672	32
NSD1	1.27773077744239	0.201344369301208	0.455759271092797	170
NUP107	-2.9432699170897	0.00324765128009488	0.0239495745084623	82
NUP35	-1.03403006800138	0.30112210684995	0.590901825714058	262
NUP85	-1.79547488212577	0.072578071182756	0.220527244216665	96
OLIG1	1.82342848064879	0.0682385199909074	0.211828852082927	31
OLIG2	-2.82828804810559	0.00467976781425133	0.0291807915830729	24
OLIG3	0.557062017468094	0.577485057393818	0.824933611859023	65
ONECUT1	0.669573903529387	0.503129454498064	0.780573681405281	45
ONECUT2	0.761247007199034	0.44650954608703	0.739602991723645	41
ONECUT3	0.262881574462503	0.792641858421196	0.936442283357887	37
OSR1	2.77132613234504	0.00558284787046448	0.0333937011511116	57
OSR2	-1.83327394336421	0.0667618423255962	0.209767267229257	45
OTX1	-3.23544593848384	0.00121452882327105	0.0160640938593085	73
OTX2	1.10831707945216	0.26772490184998	0.552910123385828	20
OVOL1	-3.5164299154073	0.000437392116685244	0.0127581270869041	69
OVOL2	0.390131081377177	0.696439620577828	0.896937419208056	161
PASD1	-0.106436691626578	0.915235882699208	0.975138086781005	33
PATZ1	-1.66562652263759	0.0957878250896471	0.268676246705214	96
PAX1	0.0574044791070441	0.954222995076536	0.983947164598877	55
PAX2	-1.11614220503951	0.264361268817793	0.548064133274831	34
PAX3	-0.331990158931873	0.739896690022315	0.910772221330823	44
PAX4	-0.252786467844341	0.800433225260964	0.939461961334634	24
PAX5	-0.397330423616762	0.691123815165408	0.895080161581503	28
PAX6	-1.06540621603663	0.286692145056844	0.578152423490564	109
PAX7	-0.698674270024952	0.484755617284409	0.76663421006108	186
PAX8	-1.26018631578047	0.207602158143541	0.464373248478973	31
PAX9	-3.45095482890865	0.000558607054124391	0.0133014479900131	106
PAXIP1	-1.77053175555536	0.0766385991756132	0.22777111751232	135
PBX1	-2.29579171211417	0.0216877935505541	0.0949814180649139	179
PBX2	2.10455961149264	0.035329660456743	0.130393910359924	142
PBX3	3.194742826218	0.00139955492987441	0.0166197147922587	123
PBX4	2.27405468718018	0.0229626986608603	0.0984351034681338	123
PCBP1	-2.6635165909316	0.00773285985222427	0.0438219796782469	214
PCGF1	-3.27436923499257	0.00105898139094364	0.0155814650632932	87
PCGF2	1.65752390373511	0.0974136002117913	0.272656783955014	66
PCGF3	0.512555360025914	0.608262386059876	0.844663588552623	42
PCGF5	0.129202782078435	0.897197194883385	0.975138086781005	118
PCGF6	-1.19495048950721	0.232106374658778	0.501138763467816	88
PEG3	2.39629159032956	0.0165619089923277	0.0782090146859918	96
PER1	3.02949162908103	0.00244965692189103	0.020605187129448	106
PER2	1.29394218206277	0.195685392724453	0.44790409386022	108
PER3	3.12011625827417	0.00180779674669148	0.0187443060120688	124
PFDN5	0.440985420405333	0.659223551936085	0.876888274071817	179
PGBD1	-1.74073283020623	0.081730420750217	0.239120705636957	109
PGR	2.1449149106105	0.0319596508472109	0.121446673219401	34
PHC1	1.2096876743764	0.226398761219469	0.492768193220273	54
PHC2	2.23302757342103	0.0255471260991773	0.105791304231209	108
PHC3	-3.62964987268663	0.000283805913013812	0.0117818426196165	85
PHF1	0.36642602263	0.71404720473608	0.9009267466006	86
PHF10	-2.85890746650822	0.00425102767318465	0.0276831035975532	71
PHF12	0.629414837633807	0.529077506601554	0.803879068718322	74
PHF14	-2.47273865274467	0.0134082156208465	0.0664241356676905	149
PHF19	-2.07181756434054	0.0382824580314267	0.137804947714797	160
PHF2	-0.87286802643684	0.382735015629498	0.686034461977402	44
PHF20	1.69246699939906	0.0905569671137136	0.25884867590911	45
PHF20L1	0.0418528074806517	0.966616037580662	0.988291844401872	56
PHF21A	-0.179606041342426	0.85746186150875	0.964077448423947	168
PHF6	-0.602964006185985	0.546532634272672	0.81059042563472	130
PHF8	2.38659437731418	0.0170052419874989	0.0798356564238684	33
PHIP	0.471940358391584	0.63696936005383	0.867630344887034	105
PHOX2A	-0.146474611729948	0.88354673064728	0.970699299316569	113
PHOX2B	2.07615386618531	0.0378797225331168	0.137165362984268	34
PIAS1	2.41394754350886	0.0157807341281774	0.0754020284526818	114
PIAS2	-3.26466918516121	0.00109591991446583	0.0155814650632932	170
PIAS3	-0.690099821176391	0.490131415634702	0.769253873906747	104
PIAS4	-0.770202257362265	0.441179925082514	0.733970529332324	162
PITX1	-3.72770914008022	0.000193228196274023	0.0117818426196165	97
PITX2	-2.33926059153508	0.0193219509232478	0.0879012696930853	40
PITX3	-1.06064908592209	0.288849406238943	0.57935293656428	29
PKNOX1	-0.753248995313049	0.451300302141865	0.742209763705817	53
PKNOX2	2.6801679251501	0.00735852352484522	0.0421854039949638	150
PLAC8	2.3245768917621	0.0200945956231054	0.0903976934019924	153
PLAG1	-1.78637805911673	0.0740380656988203	0.222688154766778	54
PLAGL1	0.236596997465907	0.812969449753686	0.943886169196407	108
PLAGL2	-2.13003723140544	0.0331685396992208	0.124865248518046	106
PML	0.103234293719452	0.917777022852711	0.975138086781005	186
POGZ	0.608487878572418	0.542863942925098	0.81059042563472	121
POU1F1	1.69378734300474	0.0903057000774591	0.258588130540951	18
POU2AF1	0.711745052975871	0.476622663587452	0.761378069614688	103
POU2F1	-0.376111070003637	0.706834324862006	0.898884771744188	241
POU2F2	2.2930902410105	0.021842810118853	0.095340914437696	60
POU2F3	0.0951478138148464	0.924197420383575	0.976207837720345	38
POU3F1	-0.328484272648428	0.742545533795702	0.912721188032795	43
POU3F2	0.421250833491998	0.673571928347472	0.889232424528765	21
POU3F3	-0.656533090645515	0.511481183628789	0.785958241256416	20
POU3F4	-2.95433464460994	0.0031334402265572	0.0239231836694126	40
POU4F1	-2.47335855112024	0.0133849778364946	0.0664241356676905	41
POU4F2	0.202989053950888	0.839143587792997	0.958616477842716	26
POU4F3	-1.43906005763388	0.150133507508857	0.372271415224822	30
POU5F1	0.458418434489859	0.646651850086398	0.86912667221664	113
POU6F1	0.631179430128588	0.527923210048734	0.803879068718322	62
POU6F2	-3.56311561567704	0.000366479172987806	0.0120788543750063	52
PPARA	-0.495429087208216	0.620297266733363	0.857004059531999	58
PPARD	-0.409940695466118	0.681849451704571	0.892371851298932	129
PPARG	1.27571020371394	0.20205798024919	0.455759271092797	165
PPARGC1A	2.92430333742642	0.00345228147463686	0.0244776384169931	145
PPARGC1B	-0.897868951830717	0.369255419050394	0.670840098486591	95
PPP1R13L	-1.31999343437245	0.186837210089323	0.436043488864532	107
PPRC1	-0.748051152261417	0.454429304227007	0.746595448958918	132
PRDM1	0.733515814795898	0.463243885750162	0.751898367323127	264
PRDM10	-0.724614224634858	0.468688729880349	0.755421455845073	126
PRDM14	0.245776479715025	0.805855265151222	0.940606778083775	41
PRDM15	0.514858062757723	0.606652208069539	0.843878825178558	38
PRDM16	3.41972859415511	0.000626836414469684	0.0134125166064609	140
PRDM2	0.96022398363979	0.336942498622522	0.637939197274762	67
PRDM5	0.402262317092196	0.687490984240691	0.894077155707122	33
PRDM8	2.80923049849672	0.00496600776106169	0.0300104232936463	113
PRMT5	-1.39577997727926	0.162780761685778	0.392306948011526	228
PROP1	-0.758926863360893	0.447896308264209	0.740381307929067	68
PROX1	2.83751097444248	0.00454667837436746	0.0286831467757947	102
PRRX1	0.309906245046648	0.756632253600251	0.923628941469694	187
PRRX2	-1.62063994790826	0.10509487956497	0.289420060183529	46
PSIP1	0.97358071910686	0.330264763531346	0.631216086512572	131
PSPC1	0.0534403306328484	0.957381071907501	0.984195054825343	80
PTF1A	0.105141800518131	0.916263291085296	0.975138086781005	30
PTMA	-1.41957437390634	0.155731630286447	0.380265519907409	139
PTMS	-3.32377926498163	0.000888064571803744	0.0143422428346305	111
PTOV1	-0.397662269618846	0.690879153087931	0.895080161581503	93
PURA	1.47107313176011	0.141271340318137	0.356489397834049	64
PURB	-2.88272044383835	0.00394257163530861	0.0265302216292642	62
PURG	0.285379612451814	0.775353325304711	0.930308781847778	135
RAI1	-1.4364469592432	0.150875198939172	0.372764722327395	100
RARA	2.93949820772125	0.00328744171970463	0.0239947213287037	199
RARB	-2.21969945675605	0.0264391757558037	0.107826436478846	124
RARG	-0.151205355017508	0.879813726172665	0.969719277426941	43
RAX	0.300115395690034	0.764089136125588	0.926080485635493	31
RBAK	0.64953646997905	0.515991681480835	0.790632415172248	81
RBBP4	-0.0673771494976136	0.946281459902625	0.982929393557581	113
RBBP7	-0.717211495192833	0.47324360744319	0.760485996040549	205
RCOR1	-0.958276296589958	0.337923453084357	0.639047279544773	31
RCOR2	-3.13676039941662	0.00170825666109071	0.0185710513594641	160
RCOR3	2.27876629158876	0.0226809616851963	0.0976793416575787	142
REL	-0.628795215520771	0.52948313272924	0.803879068718322	119
RELA	-0.710239083377208	0.477555888244154	0.761378069614688	114
RELB	-0.721101615511953	0.470846997165067	0.758143470011549	86
REPIN1	0.767897871368236	0.442547862153143	0.734133966385752	86
REST	-0.270642655394129	0.786665885461413	0.933330730498678	66
RFPL1	-2.57708068342972	0.00996386900896098	0.0538182222390367	36
RFPL2	0.338383703451947	0.735074053336992	0.90899279949406	21
RFPL3	-0.829330800103393	0.406917246960543	0.706044252585318	38
RFX1	0.879370867542379	0.37920022252569	0.68196921979843	190
RFX2	2.42452881116586	0.0153282669975898	0.0738959737346494	100
RFX3	0.519711268805926	0.60326483151777	0.842800971049452	28
RFX4	-0.50051378207312	0.616713354224689	0.853463639308374	70
RFX5	3.10442020638182	0.00190652345627863	0.0187443060120688	131
RFXANK	-0.461410604110476	0.644504045021597	0.86912667221664	151
RFXAP	-0.394163347783832	0.693460443968379	0.895093575177549	81
RING1	0.61251889746099	0.540194498956628	0.810040961759474	87
RLF	-1.4281855931586	0.153238446219495	0.376065129259818	98
RNF10	3.25628294228056	0.0011288120200652	0.0155814650632932	113
RNF111	1.3546357060443	0.175533651475828	0.412644610092376	57
RNF4	-0.162477874510001	0.870929550343557	0.969719277426941	101
RNF6	0.797332327976436	0.425258049871987	0.721419906032836	46
RORA	0.260658397700989	0.794355951012638	0.937064922841655	115
RORB	3.41951728200672	0.000627323475699358	0.0134125166064609	81
RORC	3.85871613930799	0.000113984235485614	0.0117818426196165	199
RPS6KA1	1.23208622265477	0.217916877356405	0.479924672983353	116
RPS6KA4	-1.22674432938186	0.219918700687209	0.481911399741985	121
RPS6KA5	-0.570290018269649	0.568481009860137	0.822059547754188	76
RREB1	-0.110637101339843	0.911904125463457	0.975138086781005	192
RUNX1	1.02292528721076	0.306343172324342	0.598963950731008	62
RUNX1T1	3.10411746069278	0.00190847546572617	0.0187443060120688	101
RUNX2	-0.0625684551072523	0.950110149359136	0.982929393557581	84
RUNX3	-0.377886317536849	0.705515047154319	0.898884771744188	117
RUVBL1	-2.29666221318118	0.0216380466264212	0.0949814180649139	232
RUVBL2	-2.24799980823583	0.0245762021462772	0.10229527439752	173
RXRA	-0.894042916535266	0.371298929433746	0.670840098486591	143
RXRB	2.06543463143899	0.0388818946354326	0.139233392098057	48
RXRG	1.76073313212052	0.0782835822003943	0.230708002287658	50
RYBP	2.89907697247946	0.00374263002198522	0.0256024711770918	71
SAFB	-1.96725399603532	0.0491539358032155	0.167123381730933	118
SAFB2	-0.960632068737407	0.336737198406691	0.637939197274762	67
SALL1	0.647005790720085	0.517628195713504	0.790888870461031	41
SALL2	3.22742451778575	0.00124909991985278	0.0160640938593085	90
SALL3	-0.570398609874234	0.56840737221135	0.822059547754188	106
SALL4	-0.299740909880309	0.7643747909301	0.926080485635493	104
SAMD1	-3.02475639398256	0.00248833461541853	0.020822074631611	155
SAMD11	-0.128919031791569	0.897421717145414	0.975138086781005	128
SAMD13	0.616202629438621	0.537760793234717	0.809026782501026	43
SAMD7	-0.558553081770354	0.57646676804118	0.824933611859023	64
SAP130	-1.53240598364905	0.125422281803374	0.331923052829575	85
SAP18	3.25795317215622	0.00112218922635882	0.0155814650632932	82
SAP30	-0.412208235014464	0.68018680172031	0.891687937990407	55
SATB1	-0.20904016689046	0.83441688257438	0.956411118067867	55
SATB2	-0.697301522084451	0.485614115722901	0.76663421006108	63
SBNO1	-1.89663308642631	0.0578763806394801	0.188448295832178	122
SCMH1	0.637316921740877	0.523918430794938	0.79898797519719	84
SCML1	0.417564775666282	0.676265355116134	0.890112916473151	117
SCML2	-3.03240136257448	0.00242616374631262	0.0205144212057324	117
SCML4	2.22494069550371	0.0260852196017576	0.107069418078081	36
SCRT1	-0.859662940060993	0.389974869170878	0.689824111403032	48
SCRT2	0.899926927560493	0.368159138968871	0.670840098486591	21
SEMA4D	1.19625058236358	0.231598787049206	0.500756924837841	72
SERTAD3	-0.104227289010793	0.916988978407866	0.975138086781005	117
SETBP1	0.735690444557244	0.461919106154159	0.751363882024892	109
SETD3	-0.00701063624059106	0.994406367402526	0.995022480393481	92
SFMBT1	-0.547373268612602	0.584122316324479	0.829208998245836	96
SFMBT2	0.87525487996346	0.381435238433791	0.68522570641888	225
SFPQ	-0.814506542298687	0.415354825844034	0.712336623262607	120
SHOX	-2.0338446533043	0.0419672607512046	0.148308809875701	42
SHOX2	-1.97618856318779	0.0481334247308119	0.164345625666514	111
SIM1	1.17754981732742	0.238976125978135	0.511099381456999	48
SIM2	-3.3348594736906	0.000853425153261612	0.014062188837958	80
SIN3A	-2.95112507817253	0.00316618673303464	0.0239231836694126	80
SIN3B	-0.695752968758655	0.486583547332235	0.766665784333228	142
SIRT1	2.25177471810824	0.0243365121281946	0.101822453593353	136
SIRT6	-1.04359805318487	0.296671394012171	0.587162133982422	74
SIRT7	-1.15213949402465	0.249263756282822	0.527602839314231	62
SIX1	-3.0789183279258	0.00207753627330897	0.0195558731672294	51
SIX2	-3.36158784032336	0.000774957033242319	0.0134575871901758	46
SIX3	0.101772712578936	0.918937085370007	0.97572872641194	27
SIX4	-2.64550575413751	0.00815688997075628	0.0460607597999	109
SIX5	-0.377179683682768	0.706040077305233	0.898884771744188	111
SIX6	0.55673437691381	0.577708925704368	0.824933611859023	34
SKI	-0.33536038431604	0.737353248090377	0.91015700421522	92
SKIL	-3.16254383178746	0.00156397189380417	0.0174194110930602	154
SLC2A4RG	-2.17336162624898	0.0297531106066145	0.117484776600691	151
SLC30A9	1.91854404736266	0.0550420625546081	0.182907265484963	140
SLTM	-0.354682617292921	0.72282737477882	0.903108874437066	95
SMAD1	-0.639129622800534	0.522738610511581	0.797942207917017	39
SMAD2	0.155193620623425	0.876668677363056	0.969719277426941	121
SMAD3	-1.12074669731056	0.262395698814154	0.544690300237608	86
SMAD4	-0.373078732081141	0.709089847154934	0.899845433777605	134
SMAD5	0.894581826620691	0.371010670233695	0.670840098486591	61
SMAD6	3.45025321425225	0.000560060968000552	0.0133014479900131	140
SMAD7	1.06193487665657	0.288265250579808	0.57935293656428	135
SMAD9	1.98693426257533	0.0469296821402579	0.161258375864929	123
SMARCA2	0.839037556927431	0.401448234546186	0.700973146687026	134
SMARCA4	-1.22756347489681	0.219610880115533	0.481890721992643	90
SMARCA5	0.02625129637745	0.979056901368548	0.992659926537704	125
SMARCB1	-3.13588455487776	0.00171336634833446	0.0185710513594641	80
SMARCC1	-1.70743552618601	0.0877411318834668	0.252588106937253	97
SMARCC2	-1.23462232946225	0.216971094661678	0.479354744019986	110
SMARCD1	-0.313606450472723	0.753819959767854	0.921589125681365	71
SMARCD2	-2.20174140006327	0.0276835805375994	0.111314595508956	64
SMARCD3	3.37928854377146	0.000726736894763507	0.0134125166064609	120
SMARCE1	3.08759437630911	0.00201783687695318	0.019456511552042	90
SNAI1	0.168877530621746	0.86589297329896	0.9673587474139	26
SNAI2	-3.56666468938526	0.000361553623627507	0.0120788543750063	199
SNAI3	1.83008889605867	0.0672366470683568	0.210848902942517	115
SOHLH2	0.273284208272973	0.784634753447595	0.933330730498678	33
SOX1	0.580365878506712	0.561667910191734	0.817201508972658	25
SOX10	-2.30044674551675	0.0214229230886874	0.0947890980499458	29
SOX11	1.51982776996471	0.128554267753781	0.335723554521458	27
SOX12	-0.81057621775792	0.417609078911963	0.714447735638581	104
SOX13	-1.8464425591011	0.0648279724907672	0.205403581163728	239
SOX14	-0.4589633810501	0.646260462750552	0.86912667221664	112
SOX15	-3.97752880463254	6.9635189517087e-05	0.0117818426196165	275
SOX17	1.80937739265534	0.0703923929071349	0.215718623425091	163
SOX18	2.27192543575078	0.0230910143154904	0.0984351034681338	109
SOX2	-3.77339888350449	0.000161038505378094	0.0117818426196165	162
SOX21	-3.76966861512013	0.000163464443651876	0.0117818426196165	90
SOX3	-0.0245522477951801	0.980412108543172	0.992705677302334	25
SOX30	-0.867060529308139	0.385908845673964	0.688239842748999	31
SOX4	-0.41215935634923	0.680222625141908	0.891687937990407	94
SOX5	-0.225040395135405	0.821947849350056	0.948108640270079	30
SOX6	-0.38201220877505	0.702452308890217	0.898884771744188	25
SOX7	-1.39012328014042	0.164491445117911	0.393561013133966	129
SOX8	1.74554132514791	0.0808906855639573	0.237524467610529	152
SOX9	-2.84884424020638	0.00438783563430732	0.0282324882446467	49
SP1	-0.0282015992016065	0.977501361754345	0.992659926537704	120
SP100	2.0428061156278	0.0410716349299304	0.146102842316823	90
SP110	3.09604168892605	0.0019612278556937	0.0190806204032851	124
SP140	1.44550807597187	0.148315226229084	0.369074099167906	244
SP2	-1.17692728050908	0.239224532380856	0.511099381456999	103
SP3	-0.379503509609518	0.704313998574068	0.898884771744188	133
SP4	0.55767402593088	0.577066997298335	0.824933611859023	171
SP5	-0.182701907767664	0.855031918775875	0.963626342514332	61
SP6	-2.1989426196766	0.0278820026110624	0.111314595508956	118
SP7	-0.451304354731211	0.651770206710711	0.872086896303065	20
SP8	-1.81768481419219	0.0691123200781483	0.212602660811828	78
SPAG8	1.67561580338976	0.0938134712957771	0.265804835338035	282
SPDEF	3.51740363020719	0.000435790560534888	0.0127581270869041	135
SPEN	0.0410298590507685	0.967272091818206	0.988291844401872	117
SPI1	1.48902730024697	0.13648017993956	0.34986585809903	157
SPIB	0.869714278498243	0.384456567232058	0.687787284709981	79
SPIC	-0.240472360276102	0.809964087991354	0.943108869578974	80
SPIN1	0.0727671390424995	0.941991420853351	0.982929393557581	97
SPIN2B	-0.0152504257751851	0.987832392378015	0.993935063931376	71
SPIN3	1.128157626041	0.25925335585618	0.541648343735746	89
SPTY2D1	0.985221134075638	0.324515461730255	0.622686208848397	126
SREBF1	-1.05886367629606	0.28966186895101	0.57935293656428	71
SREBF2	0.731616838830023	0.464402467516275	0.752032713626993	52
SRF	-2.41496718542197	0.015736627350776	0.0754020284526818	85
SRY	0.352210323726735	0.724680535186121	0.904152281427974	30
SS18	0.238877902933948	0.81120026049722	0.943867738258652	92
SS18L1	0.0116783887614861	0.990682205713501	0.995022480393481	118
SS18L2	0.69754483876295	0.485461888712162	0.76663421006108	63
SSBP2	0.718693654460842	0.47232969394913	0.759773362278731	70
SSBP3	-3.05955707111958	0.00221664549690205	0.0197802751065753	73
SSBP4	0.127262405266147	0.898732714569344	0.975138086781005	59
ST18	0.263408204615156	0.792235967472319	0.936442283357887	26
STAT2	1.30693818244472	0.191233707064316	0.441203481298385	107
STAT3	0.947439352433115	0.34341494643779	0.642659488409075	207
STAT4	2.28354827154347	0.0223980928423993	0.0967190372739969	145
STAT5A	2.57427981834016	0.0100448998406656	0.0538953928328071	199
STAT5B	2.08128544745539	0.0374077863760899	0.135760842690753	221
STAT6	1.39544417799695	0.162881937093797	0.392306948011526	136
STOX1	1.18285271641339	0.236867523783662	0.508022643971599	58
STOX2	-0.586332466463642	0.557652117450552	0.816507860093057	178
SUB1	-0.196960178832916	0.843858700008967	0.96119792172376	160
SUDS3	-0.183813135370607	0.854160051182588	0.963315979511089	45
SUPT16H	-2.2172738321178	0.0266043849419871	0.10822690599826	67
SUPT4H1	-0.0783690941259291	0.937534457213362	0.982323142334201	74
SUPT5H	-0.105566647003511	0.91592618867359	0.975138086781005	89
SUPT6H	-0.582032434272727	0.560544834109914	0.817039627335299	52
TAF5L	-1.03800450952989	0.299267955632602	0.588421514628223	78
TAF7	0.816681484765503	0.414110474984393	0.712336623262607	76
TAL1	0.469081638852252	0.639011282813843	0.868110049500293	85
TAL2	0.826517428702505	0.408510635531161	0.706044252585318	101
TBL1X	-1.51934091478132	0.128676706036398	0.335723554521458	186
TBL1XR1	-1.25936353097723	0.207899055632193	0.464394156080211	225
TBL1Y	-0.134609322137535	0.892920770696157	0.975138086781005	23
TBR1	-3.54386446789451	0.000394307888228008	0.0127361447897647	21
TBX1	-3.93666032918431	8.26234259090284e-05	0.0117818426196165	67
TBX10	0.154336953737928	0.877344061496182	0.969719277426941	63
TBX15	3.93731469214241	8.23985179978433e-05	0.0117818426196165	78
TBX18	-3.1277614841943	0.00176143059922527	0.0187443060120688	69
TBX19	-0.187579863720285	0.851206012454153	0.962452922039955	142
TBX2	1.61146232643855	0.107078992115342	0.293603688058197	125
TBX20	-2.48802533546887	0.0128454581739273	0.0644267545058778	50
TBX21	0.135817695256363	0.891965401894989	0.975138086781005	59
TBX22	0.404256650514085	0.686023999242266	0.894077155707122	88
TBX3	1.04253458564318	0.297163899248182	0.587417010141756	39
TBX4	2.54806584116554	0.0108322024744745	0.0569875084907879	92
TBX5	1.53012054989066	0.125986892498161	0.331923052829575	26
TBX6	0.951195859230827	0.341504960053658	0.642061129786563	54
TCEA1	0.773518311884822	0.439215695709019	0.732782384886432	124
TCF12	0.479909255544516	0.631291919649062	0.864746777127427	161
TCF15	-3.33369166743101	0.000857016023962082	0.014062188837958	60
TCF20	0.0686764056737726	0.945247199396371	0.982929393557581	89
TCF21	2.83140774746757	0.00463436001659788	0.0290096566930448	185
TCF23	-1.17246970787561	0.241008527059001	0.513494421108558	36
TCF3	-1.97821758094727	0.0479041662177311	0.163909382291601	73
TCF4	0.967746000554038	0.333171238269314	0.636018380384092	247
TCF7	0.522220103262856	0.601517090479584	0.842692711507379	39
TCF7L1	-2.40886380031446	0.0160022686193046	0.0762349965196957	56
TCF7L2	0.270813136927195	0.786534755509642	0.933330730498678	76
TCFL5	-2.47294340086466	0.0134005364020324	0.0664241356676905	58
TEAD1	0.17686955666496	0.859610851845501	0.964077448423947	26
TEAD2	-0.614796364285102	0.538689210640693	0.809026782501026	78
TEAD3	-1.82191896509833	0.068467282221231	0.211828852082927	52
TEAD4	-3.27906165977534	0.00104152876261322	0.0155747125150033	88
TEF	1.65071985802521	0.0987957910309336	0.275570297953295	113
TERF2IP	1.93361551214348	0.0531604185953844	0.178120489692004	81
TFAP2A	-3.57988159527797	0.00034374993137819	0.0118118327484208	99
TFAP2B	-0.827653116781897	0.407866977492144	0.706044252585318	20
TFAP2C	-2.81025210964974	0.00495027064392249	0.0300104232936463	76
TFAP2D	2.12247161652549	0.0337981537471718	0.126060088456541	39
TFAP2E	1.65324720301717	0.0982805633327299	0.274607456370863	59
TFAP4	-2.54289242121036	0.0109939072020888	0.0576466238031606	190
TFCP2	-3.30155474372294	0.000961505697635513	0.0150552401209127	81
TFCP2L1	3.64209923343681	0.000270423783089571	0.0117818426196165	119
TFDP1	-2.02438106713694	0.0429309582600186	0.151222497892572	145
TFDP2	-2.24846667793866	0.0245464475821486	0.10229527439752	222
TFDP3	1.04791067436332	0.29467976379789	0.584693650944321	40
TFE3	-0.449413830633964	0.653133156022374	0.873187124980244	43
TFEB	3.07355680305872	0.00211523414760725	0.0195558731672294	90
TFEC	0.711556252860227	0.476739605131562	0.761378069614688	29
TGIF1	-1.27686039737222	0.201651537856514	0.455759271092797	131
TGIF2	-3.23134439867422	0.00123209386852455	0.0160640938593085	113
TGIF2LX	0.363675145061056	0.716100605620179	0.901865185948046	37
TGIF2LY	0.367687362855883	0.713106364458637	0.9009267466006	29
THAP1	0.140794389775565	0.888032375227344	0.973640384244508	173
THAP11	-1.31798624927697	0.187508251090448	0.436801901283196	124
THAP7	-1.39350935233815	0.163465818898414	0.392306948011526	177
THRA	0.804034124025374	0.421377267719665	0.717852623805125	67
THRAP3	-2.7106834256138	0.00671446990949865	0.0390067226756846	55
THRB	0.187187263205745	0.851513810826592	0.962452922039955	34
TLX1	-0.258790723354772	0.795796715807142	0.937426474127305	29
TLX2	2.95397075675532	0.00313713731398867	0.0239231836694126	39
TLX3	-0.11201135305166	0.910814404789195	0.975138086781005	53
TNF	1.26263207522006	0.206721435128301	0.463546536081212	83
TNIP1	2.61866249970122	0.00882752362619478	0.0491429857538247	76
TNIP2	-0.401993305200856	0.687688953317532	0.894077155707122	104
TNIP3	0.949834955390553	0.342196121346903	0.642114435271675	63
TOX	3.40107603345111	0.000671211558721559	0.0134125166064609	142
TP53	-0.495378498449092	0.620332969407373	0.857004059531999	100
TP53BP1	-2.48972675573401	0.0127841338895914	0.0644267545058778	122
TP53INP1	2.26423586121736	0.0235596120433013	0.0993440560050433	202
TP53INP2	2.31120607752294	0.0208214748368844	0.0926354872219511	82
TP73	-0.524034312355379	0.600254674762719	0.842233970236135	35
TPRX1	-0.601476166025294	0.547522881724511	0.81059042563472	46
TRERF1	-3.22209588310446	0.00127256541191663	0.0160640938593085	151
TRIM28	-3.26771103599124	0.00108421001150976	0.0155814650632932	126
TRIM45	-2.45977313254955	0.0139024866466967	0.0682447292839367	160
TRIM56	0.123678241010373	0.901570040525488	0.975138086781005	57
TRIP4	0.526408623319121	0.59860432547178	0.840648683162543	91
TRO	-2.40059288211339	0.0163685361014097	0.0775225390140076	92
TRPS1	-0.0156158556521851	0.987540856244095	0.993935063931376	83
TRRAP	-0.30049202692636	0.763801877185798	0.926080485635493	91
TWIST1	-3.12630960713445	0.00177015083511144	0.0187443060120688	170
TWIST2	-0.40010039866222	0.689082570605461	0.894588707015932	109
UBP1	0.367128600977466	0.713523094124441	0.9009267466006	27
UBTF	-0.342648481797904	0.731862924359026	0.907782695141947	77
USF1	-0.0708383348026449	0.94352642168479	0.982929393557581	137
USF2	0.0666441079589664	0.946865030703447	0.982929393557581	102
UTP15	-2.55322860551627	0.0106729419189533	0.0567104722717966	94
UXT	-1.67187993036275	0.0945480010809557	0.266732880323209	97
VAX1	-0.813495516295074	0.415934015935999	0.712336623262607	36
VAX2	-2.87126828750077	0.00408828383499796	0.0271711045000893	46
VDR	2.87537848961969	0.00403543436991244	0.0269306880471429	115
VENTX	2.20030425113432	0.0277853158799378	0.111314595508956	104
VGLL1	-0.923624955036128	0.355681616381071	0.659501504541251	40
VGLL2	1.23623750114339	0.216370294901747	0.478682227762084	24
VGLL3	2.10131959999823	0.0356129203446417	0.130715605355901	160
VGLL4	-0.796466021688698	0.42576121732111	0.721515599132836	111
VSX1	1.63710990886156	0.101607506533109	0.281468478646605	42
WBP2	1.1881965450385	0.234755984559129	0.505251400413313	76
WDR75	-2.44923212457803	0.0143161153763153	0.0700220509941901	206
WT1	-0.554339054980487	0.57934682679838	0.825812114103604	32
WTIP	2.37900706646808	0.0173593431821052	0.080724146971511	159
WWC1	3.59064083926602	0.000329865927252471	0.0118118327484208	88
WWC2	3.07131716995682	0.00213116636373522	0.0195558731672294	106
WWC3	2.515021165123	0.0119025238100957	0.0610240506454114	145
WWP2	1.01816861905722	0.30859782987712	0.602010991017639	23
WWTR1	-1.14906700285793	0.250528353346367	0.529585458971705	113
XBP1	2.21220190946113	0.0269527169816209	0.10916149475525	228
YAF2	1.17685978602824	0.239251475158818	0.511099381456999	109
YAP1	0.627719654611002	0.530187607484284	0.803993414166308	138
YEATS2	-3.78323752452718	0.000154801558134952	0.0117818426196165	164
YEATS4	-1.90451018199081	0.0568437718709902	0.186590836527742	342
YY1	-1.04943264927275	0.293979038048461	0.584693650944321	175
YY1AP1	-1.05318523936152	0.292256102151022	0.582708154288765	35
YY2	0.696512154278253	0.486108148291437	0.766664706533858	33
ZBED1	2.26993433981768	0.0232115672012619	0.0984351034681338	67
ZBED2	0.220512213879567	0.825472261176444	0.949151300173812	129
ZBED3	-0.0928315273387659	0.926037403955151	0.976207837720345	33
ZBTB1	0.435914956103919	0.662898433445696	0.880379475862002	32
ZBTB10	0.989008430722471	0.322659016831488	0.620984043398732	65
ZBTB11	-0.443436448556875	0.657450077144987	0.8767810690249	75
ZBTB12	-0.476496250965823	0.633720877622445	0.867300845204051	29
ZBTB16	3.18196352285625	0.0014628024075363	0.0169028701923986	107
ZBTB17	-0.660390131830065	0.509003503212336	0.78438994054191	86
ZBTB2	0.0557823570349472	0.955515190103561	0.983947164598877	71
ZBTB20	3.51706866373554	0.000436340891231937	0.0127581270869041	209
ZBTB24	-0.960875968339303	0.336614535355133	0.637939197274762	58
ZBTB25	0.279266537392805	0.780040284367208	0.932957342766803	93
ZBTB26	-1.98963343352437	0.0466313303893508	0.1609179456812	68
ZBTB3	0.709324569446471	0.478123084974358	0.761507674786577	112
ZBTB32	0.788852762348351	0.430198067346936	0.725987334133022	68
ZBTB33	-2.12562118027064	0.0335348145890173	0.125658295965807	98
ZBTB34	-0.060225311478035	0.951976186656095	0.983647819225588	63
ZBTB37	0.135661397692731	0.892088965702624	0.975138086781005	20
ZBTB38	-0.382795434699535	0.701871446734337	0.898884771744188	77
ZBTB39	-3.38397845035272	0.000714436103392925	0.0134125166064609	92
ZBTB4	3.20227109294087	0.00136348616793096	0.0163113345274704	176
ZBTB40	0.828377935905249	0.407456498018953	0.706044252585318	293
ZBTB41	-0.948317539017182	0.342967824677662	0.642567328137383	178
ZBTB5	-2.95780669997814	0.00309836350709496	0.0239231836694126	140
ZBTB7A	-3.83547403501765	0.000125322346225314	0.0117818426196165	85
ZBTB7B	-0.690915979904333	0.489618343264333	0.769196132657488	40
ZBTB9	-1.64161186557578	0.100670467049397	0.279351897396521	121
ZFHX2	1.92916141305346	0.0537108268601963	0.179592102234404	104
ZFHX4	-2.99398710443203	0.00275357582383792	0.0222351247774912	52
ZFP1	-0.584482421827026	0.558895788316984	0.816825642088342	62
ZFP2	3.61397957371484	0.000301532827804907	0.0117818426196165	95
ZFP28	-0.121102729655598	0.903609667138851	0.975138086781005	35
ZFP3	2.94487116323957	0.00323089167985845	0.0239495745084623	147
ZFP37	-2.44683086685812	0.0144118450838566	0.0700220509941901	79
ZFP41	-0.863010435194645	0.388131729561494	0.689399889188731	21
ZFP42	3.11979254965551	0.00180978447956573	0.0187443060120688	59
ZFP64	-4.10139365616737	4.10669232560067e-05	0.0117818426196165	136
ZFP90	2.20430049546274	0.0275032181365276	0.11104424322623	141
ZFP91	-0.220178364698001	0.825732245662047	0.949151300173812	71
ZFPM1	-2.9504514189037	0.00317309941434915	0.0239231836694126	112
ZFPM2	2.47694515656372	0.0132512262134674	0.0662561310673371	162
ZFX	-0.85162155992243	0.39442416936074	0.694651072538272	134
ZFY	-0.341175733074244	0.732971290690464	0.907782695141947	68
ZGPAT	0.307084722344835	0.758778886067443	0.924153771492398	89
ZHX1	-0.152869205587912	0.878501420816662	0.969719277426941	84
ZHX2	0.539668753348698	0.589425492475869	0.832099799255706	56
ZHX3	2.75590832866848	0.00585293983027958	0.0348800657782344	73
ZIC1	-0.89101171272168	0.372922886662861	0.672176854866652	28
ZIC2	-3.81708822686212	0.000135035892791617	0.0117818426196165	105
ZIC3	-0.907481319935629	0.364152323391651	0.666786850654781	58
ZIC4	-2.48811892154606	0.0128420782986269	0.0644267545058778	26
ZIC5	-0.0711842842024153	0.943251089074088	0.982929393557581	25
ZIK1	1.49713136223337	0.134359080660056	0.34552534278024	129
ZIM2	-1.55696451889518	0.119478909642071	0.319467614357525	29
ZIM3	2.84288001364562	0.00447078979791764	0.028633147184799	43
ZKSCAN1	0.370565114318732	0.710961469659581	0.899845433777605	62
ZMIZ2	-0.351782524983601	0.725001364984041	0.904152281427974	83
ZMYND11	-0.389990208372362	0.69654378741348	0.896937419208056	48
ZMYND15	3.07271711681593	0.00212119463234574	0.0195558731672294	162
ZNF10	2.38780089298387	0.0169495216876401	0.0798060569257689	112
ZNF100	-0.161573318316464	0.871641870092891	0.969719277426941	39
ZNF101	2.08380191440621	0.0371781891392987	0.135536739187286	68
ZNF114	-0.869516558488004	0.384564655166014	0.687787284709981	30
ZNF117	-0.0935622666620069	0.925456884922244	0.976207837720345	25
ZNF12	-0.190499727317643	0.848917556842577	0.962452922039955	74
ZNF121	-0.767552249377376	0.442753240408497	0.734133966385752	80
ZNF124	-0.0189580037156184	0.984874607562984	0.993935063931376	61
ZNF131	-0.936272190373215	0.349133062699957	0.650345901107764	55
ZNF132	1.86775432339182	0.0617963228334924	0.198017978920814	59
ZNF133	-1.82728597939408	0.0676567821834611	0.210937651016003	296
ZNF134	-0.336067961072334	0.736819618077487	0.91015700421522	48
ZNF135	1.10710547504382	0.268248328675896	0.553283589797665	50
ZNF136	0.0653329136845559	0.947908936984173	0.982929393557581	101
ZNF138	0.0695422389551694	0.944558012190065	0.982929393557581	73
ZNF14	0.295287673415239	0.767774132118306	0.928135365872875	137
ZNF140	0.226154251421373	0.821081450882349	0.947853140225156	92
ZNF141	-0.375941787296494	0.706960173619605	0.898884771744188	17
ZNF142	-0.319015332214623	0.749714886341616	0.919354245589757	137
ZNF143	-1.42761476725982	0.153402770772917	0.376065129259818	101
ZNF146	-1.91065536667759	0.0560488841641539	0.184732546785936	101
ZNF148	-0.281983396048117	0.777956241934639	0.931356064287948	177
ZNF154	2.81874132844475	0.00482123537103473	0.0297186836802332	102
ZNF155	-0.28914666575891	0.772469143867759	0.928508158629907	52
ZNF157	-0.458890953803009	0.646312475254192	0.86912667221664	53
ZNF16	-2.34962769219066	0.0187921971666665	0.0857327639100747	115
ZNF160	1.45008844325671	0.147033857413949	0.366450123030135	80
ZNF165	-0.190005632031055	0.849304717205976	0.962452922039955	76
ZNF169	0.531507203824079	0.595067350625036	0.83786728095853	77
ZNF17	-0.804788416457543	0.420941787216241	0.717852623805125	66
ZNF174	-2.16590805242349	0.0303182138609767	0.118556695848613	111
ZNF175	0.199943685689107	0.841524623969477	0.960468033717813	60
ZNF177	1.50361293386694	0.13268105892143	0.343519141531289	124
ZNF18	-1.76500792869275	0.0775624331858686	0.229000602550599	145
ZNF180	0.232009802856668	0.816530399948948	0.945024443415842	46
ZNF181	0.0372706617308092	0.970269197780637	0.988300205224684	122
ZNF182	1.40486453396978	0.160061564602658	0.388720942606456	67
ZNF184	-0.710215889288409	0.477570269052433	0.761378069614688	78
ZNF189	2.58305027281925	0.00979310517124221	0.0532024167814669	91
ZNF19	1.29828895818642	0.194188059244086	0.446107703668846	36
ZNF195	-0.746707179528476	0.455240335032696	0.746828350644856	132
ZNF197	2.54077929929401	0.0110605713041014	0.0578084875602712	92
ZNF2	0.896610733309512	0.369926668680233	0.670840098486591	54
ZNF20	1.47161190151526	0.141125709821313	0.356489397834049	39
ZNF202	-3.01315388145516	0.00258547780277578	0.0214306336156162	131
ZNF205	-0.124597635231782	0.900842100620269	0.975138086781005	104
ZNF208	1.67143141249653	0.0946364956193181	0.266732880323209	33
ZNF211	2.33451195425053	0.0195689308539156	0.0887747846322296	99
ZNF212	-1.36369951977775	0.172662155266658	0.408271421311351	97
ZNF213	0.164077892182007	0.869669825417944	0.969300737094534	124
ZNF214	-0.912712444356694	0.361393797241454	0.664750549595613	43
ZNF215	0.555697733369722	0.578417506349592	0.825215788652466	50
ZNF217	-0.806454930371052	0.419980585092762	0.716985882584366	126
ZNF219	-3.1030994212874	0.00191505293621756	0.0187443060120688	127
ZNF22	0.782057226018491	0.434180943106013	0.728143533869378	92
ZNF221	1.48537850915375	0.137443585305593	0.350665703425802	22
ZNF222	-0.776869225235834	0.437235929578151	0.731747177480533	42
ZNF223	-0.204681110375404	0.837821279691865	0.958616477842716	107
ZNF224	1.46666518223335	0.142467158839154	0.357992375530602	76
ZNF225	0.379740425112878	0.704138109105551	0.898884771744188	48
ZNF226	0.471676602416056	0.637157640269983	0.867630344887034	123
ZNF227	-0.415505802320677	0.677771668443631	0.890698739912507	65
ZNF229	-0.282489346636791	0.777568314240648	0.931356064287948	34
ZNF23	0.349706534405138	0.726558949220001	0.904697535073478	103
ZNF230	1.76917941991918	0.0768639374886777	0.22777111751232	93
ZNF232	0.203943706508943	0.838397489920674	0.958616477842716	122
ZNF233	0.231651313899627	0.816808848635971	0.945024443415842	31
ZNF234	0.55912704897415	0.57607501572758	0.824933611859023	96
ZNF235	0.347561311374304	0.728169665858226	0.904818215271179	86
ZNF236	-0.57185322847906	0.567421412790778	0.822059547754188	120
ZNF239	1.29664666050087	0.194752789917959	0.446769539371455	86
ZNF24	-0.269303080645294	0.787696461714983	0.933330730498678	77
ZNF248	0.734912995825506	0.462392483114741	0.751363882024892	72
ZNF25	1.76775836273272	0.0771013084340011	0.228056067987018	229
ZNF250	-0.907752992184374	0.364008739343131	0.666786850654781	51
ZNF251	1.0603288858464	0.28899500232301	0.57935293656428	78
ZNF253	0.259940639027223	0.794909563029763	0.937064922841655	23
ZNF254	3.48035289405484	0.00050075373109115	0.0130438270276163	194
ZNF256	-2.9617972270911	0.00305849133758593	0.0238975618884045	62
ZNF257	0.563961583427781	0.572780277206321	0.824652432556732	28
ZNF26	-0.17775661130204	0.858914123749315	0.964077448423947	123
ZNF263	0.0986134994833196	0.921445151230614	0.976207837720345	79
ZNF264	0.896158918127305	0.370167893406968	0.670840098486591	74
ZNF266	0.192429006613815	0.847406172963168	0.962452922039955	69
ZNF267	-0.377381467930318	0.705890136981281	0.898884771744188	43
ZNF268	2.10228248175532	0.0355285382196541	0.130702936730618	59
ZNF273	-0.818630919940833	0.412997020379219	0.711835846224588	40
ZNF274	-0.892740313983606	0.371996256011673	0.671255813920505	73
ZNF275	0.682016073827682	0.495228787050787	0.77314263741807	44
ZNF276	0.570077744324041	0.568624969280038	0.822059547754188	81
ZNF28	3.75494942363728	0.000173376484668653	0.0117818426196165	79
ZNF281	2.27037307354825	0.0231849567924631	0.0984351034681338	116
ZNF282	-2.52520286327285	0.0115631519064729	0.059662908399213	194
ZNF283	-0.594499325001022	0.552178193623787	0.811435653050425	58
ZNF284	0.951330017246136	0.34143687372886	0.642061129786563	40
ZNF287	0.813556408842428	0.415899118715175	0.712336623262607	57
ZNF292	0.250789614094419	0.801976771774818	0.939907464743346	95
ZNF3	-1.33424309125859	0.182124201481843	0.426624582733817	98
ZNF30	1.7293945634737	0.0837385023560127	0.243233239757123	41
ZNF300	-0.865941370951788	0.38652231416306	0.688239842748999	44
ZNF302	2.56196363581728	0.0104082215658835	0.0556598603606022	77
ZNF304	-0.141069655507799	0.887814915285771	0.973640384244508	74
ZNF311	1.0576510334085	0.290214566984831	0.57935293656428	40
ZNF317	-2.16869851380073	0.0301055802994564	0.11829808317183	166
ZNF318	-0.518286416548797	0.604258448789807	0.842800971049452	85
ZNF319	0.755551415324432	0.449918194700194	0.741319845215143	48
ZNF32	-3.04792738177823	0.00230425603632526	0.0198655617716705	104
ZNF320	1.97350180242188	0.0484384194134077	0.165038074583657	62
ZNF324	-0.393560755869735	0.693905359828044	0.895093575177549	120
ZNF329	0.826326940854504	0.408618654865811	0.706044252585318	70
ZNF331	2.22971366649781	0.0257664580101991	0.106426674389953	70
ZNF333	2.92405494428337	0.0034550375552095	0.0244776384169931	48
ZNF334	2.55316431004807	0.0106749124276323	0.0567104722717966	87
ZNF335	-0.519790142634912	0.603209850514888	0.842800971049452	102
ZNF337	-0.606627526839508	0.544098128067863	0.81059042563472	169
ZNF33A	2.26975995728567	0.0232221513444947	0.0984351034681338	67
ZNF34	1.31375520893298	0.188928595255728	0.437761379251078	146
ZNF341	2.15341550981029	0.0312860377361177	0.119732111241303	145
ZNF343	-2.85571948644799	0.00429394322678444	0.027850274342397	160
ZNF345	1.8276842507646	0.0675969531323036	0.210937651016003	41
ZNF347	3.05460061262211	0.00225360409882963	0.0197802751065753	105
ZNF35	-1.08692533278615	0.277069809636639	0.566394568357316	55
ZNF350	2.30130554638216	0.0213743664786999	0.0947890980499458	95
ZNF354A	0.545727934323887	0.585252967091376	0.829208998245836	68
ZNF354B	-1.03923319118561	0.298696297499625	0.588286000563285	29
ZNF354C	-0.0145438359567209	0.988396106918755	0.993935063931376	36
ZNF358	-0.49021794077923	0.623979686782922	0.859835489892849	71
ZNF366	1.35484520721353	0.175466879924144	0.412644610092376	122
ZNF367	-1.26845671321523	0.204634899614454	0.460286020720533	37
ZNF37A	0.0386920028673256	0.969135949423978	0.988291844401872	70
ZNF382	1.33445421614968	0.182055041987924	0.426624582733817	20
ZNF383	-0.659245681169712	0.50973801703157	0.784773019548127	78
ZNF384	-2.14970083127271	0.0315788866652537	0.120567144123841	111
ZNF394	0.22268308068973	0.823782170399811	0.948259590303417	163
ZNF395	-3.73885675250335	0.000184859019901083	0.0117818426196165	79
ZNF396	0.473630382451663	0.635763505706958	0.867630344887034	85
ZNF397	2.17362922642774	0.0297329916704243	0.117484776600691	114
ZNF398	-1.53792039597335	0.124068079677094	0.32955583664228	57
ZNF404	1.4385021855747	0.150291617787358	0.372271415224822	61
ZNF407	-0.136365829191032	0.891532085652059	0.975138086781005	75
ZNF408	-1.95355402584751	0.0507539821498922	0.171840002457182	168
ZNF41	0.893946541979459	0.371350494146757	0.670840098486591	75
ZNF410	-2.15478387798658	0.0311787504254411	0.119732111241303	53
ZNF415	3.36616706943754	0.000762205291852195	0.0134575871901758	61
ZNF416	-0.90505865163134	0.365434315878408	0.668376466753827	126
ZNF417	1.19619760088672	0.23161945687546	0.500756924837841	76
ZNF418	1.29200123381993	0.196356717308381	0.44790409386022	76
ZNF419	0.0435058367174974	0.965298311905427	0.988291844401872	68
ZNF420	0.457260086399597	0.647484114685485	0.86912667221664	54
ZNF423	1.55128736042633	0.12083283448813	0.322231064723132	92
ZNF425	1.90017255369314	0.0574104788413978	0.188068809997683	66
ZNF426	0.938288001425186	0.348096424207671	0.64916365484456	76
ZNF429	2.28518118756067	0.0223022058179013	0.0965631699622269	37
ZNF43	-1.52199880472233	0.128009380188497	0.335065071319972	24
ZNF430	0.0849644346699919	0.932289665454114	0.97922011091909	62
ZNF431	1.39908228099973	0.161788310527085	0.392306948011526	90
ZNF432	0.00820828688892126	0.993450808163801	0.995022480393481	82
ZNF433	3.52315457224959	0.000426442575412455	0.0127581270869041	79
ZNF436	-3.49377165750356	0.000476248172383011	0.0128904693837697	134
ZNF438	2.92399827658139	0.00345566660004608	0.0244776384169931	88
ZNF439	2.41517789389196	0.0157275262398149	0.0754020284526818	89
ZNF44	0.414695284788724	0.678364984577327	0.890698739912507	31
ZNF440	-1.00342273705352	0.315656938246261	0.612132039964771	36
ZNF441	1.8004914951046	0.071783065315446	0.219148677664358	63
ZNF442	2.27371882664151	0.0229828974808358	0.0984351034681338	67
ZNF443	1.81862178951994	0.068969151190205	0.212567135824773	64
ZNF444	1.68441744735683	0.0921010212546131	0.262555515886392	87
ZNF445	-0.859804111584129	0.389897032442521	0.689824111403032	35
ZNF446	-1.88982511655666	0.058781353239736	0.190430780442804	54
ZNF449	0.236836332749232	0.812783763826442	0.943886169196407	33
ZNF45	-0.240803298828121	0.809707572752073	0.943108869578974	62
ZNF451	0.754914698235576	0.450300166040901	0.741319845215143	54
ZNF454	1.81266754677188	0.0698831128023207	0.214565070676327	47
ZNF460	-0.790882203582344	0.429012734328334	0.724744315837092	164
ZNF462	-0.738411736803293	0.46026428455288	0.751363882024892	95
ZNF467	3.29189076754447	0.00099516256238237	0.015107811532025	98
ZNF468	-0.569466824489327	0.569039378589646	0.822059547754188	104
ZNF471	2.107362515406	0.035086168224378	0.129963673583418	149
ZNF473	-3.01290492286795	0.00258759972448616	0.0214306336156162	113
ZNF479	0.142995657589248	0.886293610691822	0.973055187809172	40
ZNF480	-0.992554414202028	0.320927149388849	0.620553998437205	131
ZNF483	0.0218279035979008	0.982585235634343	0.993796116820518	72
ZNF484	-0.233685594502267	0.815229072069128	0.945024443415842	35
ZNF485	-1.093333660946	0.274247328795413	0.562188582163549	181
ZNF486	0.273724971406395	0.784295985999465	0.933330730498678	152
ZNF490	0.356844886579174	0.721207930877859	0.902556520159413	36
ZNF491	2.93351148817658	0.00335151250908067	0.024163806706095	83
ZNF492	1.29092628494146	0.196729239921795	0.448014785942633	70
ZNF493	2.19945418885037	0.0278456431410943	0.111314595508956	68
ZNF496	-0.755188421568798	0.45013593485908	0.741319845215143	25
ZNF497	-0.734819632157871	0.462449349060522	0.751363882024892	40
ZNF500	0.0187390473801388	0.985049278412061	0.993935063931376	85
ZNF501	0.00883211424599483	0.992953084021232	0.995022480393481	52
ZNF502	1.87038665517423	0.0614301437686591	0.197235948680685	75
ZNF503	0.0951479679462498	0.924197297959922	0.976207837720345	93
ZNF507	0.294931599222222	0.768046132347875	0.928135365872875	67
ZNF510	0.290189638267549	0.771671162791368	0.928508158629907	118
ZNF513	-1.64387449530017	0.100202129431343	0.278530876130154	82
ZNF514	1.21695243023339	0.223622315470815	0.488701000656788	101
ZNF516	1.11025468204385	0.266889295347739	0.551890156192829	55
ZNF517	-1.36283598722844	0.172934206602079	0.408316876699352	78
ZNF519	-2.64054181040727	0.00827735786101937	0.0465693050302087	119
ZNF521	1.31653650096399	0.187994035629169	0.436849449699435	181
ZNF524	0.657590034681582	0.510801599720847	0.785661508142065	82
ZNF525	-0.991742321966624	0.321323240149632	0.620553998437205	88
ZNF526	-0.307632890920256	0.758361689799735	0.924153771492398	90
ZNF527	0.663292446383371	0.507143273382298	0.78376687704537	30
ZNF528	-0.116566795161984	0.907203351916901	0.975138086781005	62
ZNF529	0.964963276581149	0.334563205856534	0.637824984444022	59
ZNF530	-3.06423969895053	0.00218223986831622	0.0197802751065753	56
ZNF536	-0.825909765038141	0.408855280817968	0.706044252585318	48
ZNF540	3.22016973247875	0.00128114718555401	0.0160640938593085	114
ZNF541	3.32016899518112	0.000899629716677717	0.0143851682419259	55
ZNF543	-2.51609582442371	0.011866291524299	0.0610240506454114	93
ZNF544	-1.47148544929876	0.141159879730131	0.356489397834049	77
ZNF546	-0.681616459447514	0.495481504475357	0.77314263741807	24
ZNF547	0.0943669891759956	0.924817637577897	0.976207837720345	24
ZNF548	0.619676069433769	0.535471073845079	0.808086991224132	42
ZNF549	-0.104515182975646	0.91676051999316	0.975138086781005	51
ZNF550	-0.432594471051139	0.665309406851903	0.880716960709692	91
ZNF551	-0.949574499577553	0.342328500785704	0.642114435271675	42
ZNF552	2.19516315920773	0.0281518959313703	0.111983526919121	93
ZNF554	-0.561512386185655	0.574448288932708	0.824652432556732	42
ZNF555	-0.600915500712888	0.547896268405297	0.81059042563472	57
ZNF556	-0.327651131792436	0.743175456509675	0.912721188032795	98
ZNF557	-0.112283239147835	0.910598830980462	0.975138086781005	76
ZNF558	-1.12394774702165	0.261035193880763	0.543428010699067	98
ZNF559	1.13343198477444	0.257032888644884	0.53883913159381	58
ZNF560	-0.460062514810838	0.645471349228594	0.86912667221664	41
ZNF561	-0.0369139233677436	0.970553638072043	0.988300205224684	88
ZNF562	-0.653517474092615	0.513422727905174	0.787443215163207	94
ZNF563	0.202777695243935	0.839308792365078	0.958616477842716	64
ZNF564	1.78291152508102	0.0746007066942359	0.223525308555085	83
ZNF565	1.07419802541068	0.282733937209523	0.57435887873381	93
ZNF566	0.288090202034662	0.773277692481254	0.928508158629907	108
ZNF567	-0.606168738533181	0.544402709412019	0.81059042563472	67
ZNF568	-0.459804582817198	0.645656493463627	0.86912667221664	38
ZNF569	-0.130016440177008	0.896553419716097	0.975138086781005	23
ZNF570	-0.469946042954133	0.638393567700419	0.868110049500293	61
ZNF571	1.89824069311703	0.0576643825258796	0.188319113098942	99
ZNF572	0.00837755540939588	0.993315756068863	0.995022480393481	25
ZNF573	1.73027308451763	0.083581496038443	0.243233239757123	156
ZNF574	-2.54804274800606	0.0108329195706947	0.0569875084907879	109
ZNF575	-0.557252196019082	0.577355132051135	0.824933611859023	40
ZNF576	-1.47708259620295	0.139653498142044	0.354623269653146	167
ZNF577	0.119635525879292	0.90477187624028	0.975138086781005	94
ZNF578	0.00274232775792535	0.997811941763789	0.997811941763789	35
ZNF580	-1.91177623053333	0.0559049017974611	0.184634798369938	119
ZNF581	-3.08366459154637	0.00204467972477098	0.0195393950029889	81
ZNF582	-1.56544687554396	0.117478164544787	0.315161521162511	50
ZNF584	-1.09577919178339	0.273175416739137	0.561295544572145	93
ZNF585A	1.0589947441045	0.289602173374501	0.57935293656428	104
ZNF585B	0.725852834328238	0.467928993431383	0.754950374017666	53
ZNF586	0.0931918764473285	0.925751127960657	0.976207837720345	68
ZNF587	-0.601363855716507	0.547597667020403	0.81059042563472	34
ZNF589	0.127380784514432	0.898639024079177	0.975138086781005	70
ZNF594	-1.39091237403602	0.164252000038403	0.393561013133966	48
ZNF595	-0.594921142281902	0.551896184126657	0.811435653050425	17
ZNF596	2.03869071028688	0.0414809054884627	0.146913062682385	35
ZNF597	2.67436270973418	0.00748714252154116	0.0427269794073815	148
ZNF599	0.401387398920332	0.688134925414212	0.894077155707122	23
ZNF600	0.0692876447680764	0.944760660149157	0.982929393557581	100
ZNF605	0.397382536739047	0.691085391277566	0.895080161581503	100
ZNF606	1.79829441454756	0.0721303644031979	0.21979346888899	82
ZNF607	-0.361602751375347	0.717648908318588	0.90194784975449	46
ZNF608	2.89654246492231	0.00377299575241353	0.0256024711770918	151
ZNF609	-0.562568689402378	0.573728617767578	0.824652432556732	84
ZNF610	0.190821403837881	0.848665518970401	0.962452922039955	62
ZNF611	0.728997837522324	0.466002985272801	0.752594821215573	62
ZNF613	3.18357475455068	0.0014546854602551	0.0169028701923986	73
ZNF614	0.173320715230183	0.862399341701901	0.965193996430056	40
ZNF615	2.72653876421686	0.00640024343328484	0.0374818593171591	76
ZNF616	-0.0423156204789191	0.966247093098092	0.988291844401872	62
ZNF619	-1.5840736517212	0.113176959520971	0.306165476761087	30
ZNF620	0.988335010205181	0.322988604616059	0.620984043398732	32
ZNF621	1.2148115156452	0.22443798774297	0.48982074352013	91
ZNF623	-0.291360011986179	0.770775994272253	0.928508158629907	107
ZNF624	0.34271024241674	0.731816456540408	0.907782695141947	47
ZNF625	2.49241413539264	0.0126878003900655	0.0644267545058778	54
ZNF626	2.98435631657439	0.00284175632564168	0.0227199825045115	105
ZNF627	1.12085475711437	0.262349691686879	0.544690300237608	188
ZNF628	-2.09067439051642	0.0365572621880089	0.133574611840802	43
ZNF629	0.647964369973289	0.517007995466974	0.790689311249208	122
ZNF630	0.982895180127589	0.325659030265226	0.623890075775018	101
ZNF639	-0.153321556414112	0.878144702092362	0.969719277426941	80
ZNF641	1.04786658023302	0.294700081652432	0.584693650944321	85
ZNF644	0.785270543816219	0.432294962456121	0.727009357511732	79
ZNF646	-0.801651863442168	0.422754367926261	0.719439730454069	84
ZNF648	-0.533122806641693	0.593948572549517	0.837752790102594	29
ZNF649	2.22867513432333	0.0258355278810207	0.10643973859145	101
ZNF652	0.210352939325711	0.83339221983861	0.955915081704088	197
ZNF653	0.0624646835475343	0.950192785442374	0.982929393557581	171
ZNF654	0.310509429865499	0.756173589639109	0.923628941469694	88
ZNF655	-0.68742856916108	0.491812699513137	0.769648749722593	194
ZNF658	-1.07222720541525	0.28361799372262	0.575430979726171	60
ZNF658B	0.105010998653573	0.916367081312467	0.975138086781005	137
ZNF660	0.742463077722303	0.457806814274287	0.749096256385992	167
ZNF662	3.11279758352798	0.00185323074863955	0.0187443060120688	69
ZNF664	-0.381448461562819	0.702870507121407	0.898884771744188	69
ZNF665	-0.778359960322254	0.436356836302962	0.731033496503406	30
ZNF667	1.57532706574432	0.115180969680283	0.310139178951563	73
ZNF668	-1.57986227372498	0.114138410546622	0.308250055238787	68
ZNF669	-0.0384592307675746	0.969321536552672	0.988291844401872	84
ZNF670	-0.786882333595585	0.431350750163614	0.727009357511732	85
ZNF671	3.08099892233787	0.00206307395515759	0.0195558731672294	91
ZNF672	1.50026571723787	0.133545586138163	0.345081794581013	109
ZNF675	-0.0216592731889093	0.982719751431807	0.993796116820518	27
ZNF676	-0.179196303264877	0.857783566313806	0.964077448423947	39
ZNF677	-0.334145498831157	0.738269768125039	0.91015700421522	24
ZNF678	0.849407717651235	0.395654460211745	0.695301363701815	30
ZNF679	0.152998968944353	0.878399088381116	0.969719277426941	24
ZNF680	0.670168472598224	0.502750399304465	0.780573681405281	74
ZNF681	-0.110038385264006	0.912378932704154	0.975138086781005	63
ZNF682	0.480974386671305	0.630534702828257	0.864442737748417	130
ZNF683	1.58670545102077	0.11257937119133	0.30505987327852	99
ZNF684	1.13908525338296	0.254667597540452	0.534835071557647	93
ZNF688	2.62950409337651	0.00855095024428977	0.047784721953384	118
ZNF689	-0.147381061579702	0.882831252951934	0.970699299316569	69
ZNF69	0.273873657790512	0.784181715904832	0.933330730498678	98
ZNF691	1.45775201890363	0.144908907943609	0.362833932292913	73
ZNF692	-0.12088156717842	0.903784842356655	0.975138086781005	268
ZNF695	-2.98104771984389	0.00287264025658255	0.0228537636176395	103
ZNF696	-1.73572195208203	0.082613010059082	0.241265843120104	109
ZNF699	0.0387589048510133	0.969082609375105	0.988291844401872	47
ZNF7	-1.41908737429301	0.155873544383099	0.380265519907409	63
ZNF70	-0.693543192894203	0.487968729493763	0.768098926054997	47
ZNF700	-0.0252995024780401	0.979816070770267	0.992705677302334	84
ZNF701	3.31364325094811	0.000920889210511112	0.0145807458330926	94
ZNF703	-3.46376181125843	0.000532677950693573	0.0133014479900131	41
ZNF704	-0.168575574129711	0.866130494588545	0.9673587474139	80
ZNF705A	0.150677036286325	0.880230488780046	0.969719277426941	32
ZNF707	-1.71379535337854	0.0865663170951813	0.249651075194139	75
ZNF708	-0.0272751479902237	0.978240278523443	0.992659926537704	29
ZNF709	-0.921316702930403	0.356885103136377	0.6600407178618	28
ZNF71	0.600625236572655	0.548089625258895	0.81059042563472	61
ZNF710	0.628594678206504	0.529614445273247	0.803879068718322	52
ZNF713	-0.120756953139359	0.903883546929188	0.975138086781005	96
ZNF714	-0.026150090663994	0.979137624132856	0.992659926537704	24
ZNF717	1.38125112401184	0.167201760491041	0.398275579930724	114
ZNF718	0.255735888185485	0.798154781630815	0.938151362688331	62
ZNF721	1.9417609314019	0.0521660485324059	0.175640636985761	70
ZNF74	-3.2223598807223	0.00127139334065484	0.0160640938593085	65
ZNF740	-2.85344607597545	0.00432478669970329	0.0279381220800833	67
ZNF749	-0.370598785559094	0.71093638673729	0.899845433777605	49
ZNF75A	0.688563739549709	0.491097846242557	0.769275481747555	75
ZNF76	1.52641910374023	0.126905522977696	0.333399105995897	160
ZNF765	-1.66544439467968	0.0958241285830375	0.268676246705214	101
ZNF77	-3.16962099581311	0.00152637892250333	0.0172384752436565	133
ZNF79	-0.908162385887195	0.363792433714444	0.666786850654781	83
ZNF8	0.964276171584257	0.33490748409197	0.637824984444022	33
ZNF80	1.49729917102912	0.134315430494188	0.34552534278024	148
ZNF805	-1.12504765258943	0.260568841873259	0.543428010699067	46
ZNF808	0.546006481069606	0.585061482176059	0.829208998245836	35
ZNF81	-1.5262001301448	0.126960031075837	0.333399105995897	42
ZNF83	2.86020354902019	0.00423369173254305	0.0276818305589353	82
ZNF85	1.08937565721803	0.275988261601756	0.564918938513101	39
ZNF90	1.07495556310714	0.282394623760647	0.57435887873381	53
ZNF91	2.96700078622564	0.00300720190094746	0.0236908832684398	74
ZNF92	-1.64491318877515	0.099987714708162	0.278414067678761	22
ZNF93	-0.358525893064302	0.719949794151403	0.902031743641982	84
ZNF99	-1.19797716111853	0.230925908385742	0.500756924837841	47
ZSCAN1	-1.51124270883344	0.130726624668635	0.339426847009398	102
ZSCAN2	1.14079860553665	0.253953741058065	0.534030327876009	98
ZSCAN4	2.90708586590604	0.00364813042996409	0.0254788462667813	28
ZXDA	-0.417757635710086	0.676124327889431	0.890112916473151	87
ZXDB	-0.0165329423985524	0.9868092214422	0.993935063931376	91
ZXDC	-1.06528823010295	0.286745517347294	0.578152423490564	88
