TF	NES	p_value	FDR	regulon_size
ABHD14B	1.95772618660083	0.0502621507718114	0.187688960781727	78
ABRA	0.0837365811072194	0.933265871751093	0.999804859561379	6
ACTL6A	-3.15882622971557	0.00158405909844932	0.0200149354011615	214
ACTL6B	-0.023862373416963	0.980962387393892	0.999804859561379	6
ACTR5	0.372724118699904	0.709353783784653	0.924394678206888	10
ACTR8	2.58176298376451	0.00982970672968777	0.0594815687347673	17
ACTRT1	-1.41387244357695	0.157399358209565	0.410888165179277	2
ADCYAP1	-1.71648859171426	0.0860726542265554	0.271459909483752	19
AEBP1	-0.0706814817708537	0.943651259376558	0.999804859561379	192
AEBP2	-2.14763642353525	0.0317426495421103	0.136635270051618	26
AFAP1L2	-2.28602751632958	0.0222526488414797	0.106441836958411	13
AHR	2.63564977439852	0.00839763562196341	0.0525571649985187	54
AHRR	-2.46515403391732	0.0136954361960402	0.0749703850622474	8
AIRE	-1.0619590744635	0.288254264764047	0.591524839541339	21
AJUBA	-1.25541582792054	0.20932784648169	0.489568851666724	9
AKIRIN1	0.500657717355472	0.616612034676006	0.877940168436639	33
AKIRIN2	-2.25126386981186	0.0243688297224662	0.11332634007508	52
ALX1	-3.1505529373604	0.00162961721560305	0.0200283149209203	23
ALX3	-0.0896962914463286	0.928528563061368	0.999804859561379	5
ALX4	-1.67356991281706	0.0942151557350249	0.289416281149335	14
ANHX	0.094171063220253	0.92497327080522	0.999804859561379	9
ANKRD1	0.0757726739731496	0.939599956617789	0.999804859561379	13
ANKRD2	-3.3788315121699	0.000727946069317754	0.0184093164893283	60
ANKRD33	-1.93951051434644	0.0524392054890111	0.194015402997096	8
ANKRD49	-0.00145437833228898	0.998839574392192	0.999804859561379	16
APBB1	0.546653843030864	0.584616570449269	0.861352268371468	50
APBB2	0.115247661482835	0.908248821922575	0.998179367200467	34
APBB3	-0.217361687322813	0.827926486495614	0.979584900177126	113
AR	1.472575418474	0.140865557084065	0.379864300915283	60
ARGFX	0.00979774612192819	0.992182654710938	0.999804859561379	8
ARID1A	1.92017537587099	0.0548357508630037	0.199797838907443	40
ARID1B	-1.5326625051216	0.125359032101087	0.352725904049137	12
ARID3A	-0.964537623017687	0.334776455329674	0.645215248511093	54
ARID3B	-1.75047718126174	0.0800360082611245	0.258225389976587	40
ARID3C	-0.592449450878035	0.553549660661302	0.838673656311128	2
ARID4A	2.54962949329738	0.0107837454909755	0.0627957817141154	99
ARID4B	2.32974372398863	0.0198197001115815	0.0983155000596724	21
ARID5A	-1.09781228195597	0.272286467259858	0.573399908516828	124
ARID5B	-1.14745687726662	0.251192845720653	0.548528725057383	22
ARNT	1.74019904678896	0.081824072957769	0.262176335840762	20
ARNT2	1.72095379335382	0.085259208950912	0.270166799341297	11
ARNTL	1.06645113809984	0.286219755365496	0.58855218887337	6
ARNTL2	-3.43067888015957	0.00060207286483345	0.0184093164893283	136
ARX	3.47110278669795	0.000518325552769085	0.0184093164893283	54
ASCC1	0.280711789617909	0.778931465397218	0.95769480659915	36
ASCC2	-2.5134353778612	0.0119561680212194	0.0680451602114156	43
ASCL1	0.505857932875193	0.612956385620775	0.874718015528988	8
ASCL2	-2.19941051311068	0.0278487457709939	0.125726135402082	18
ASCL3	-0.362505594167219	0.716974243873612	0.926648564566493	4
ASCL4	-1.49482114893563	0.134961125290763	0.367892673960846	2
ASCL5	0.312796436714734	0.754435322734424	0.945499705864169	4
ASH1L	0.893187848184304	0.371756584524663	0.677939469656162	48
ASXL1	0.00547293704507524	0.995633249829073	0.999804859561379	4
ASXL2	-0.782266694123731	0.43405785610062	0.737751466079649	64
ASXL3	0.186758186741782	0.851850232172735	0.989548990740305	12
ATAD2	-2.29581682151201	0.0216863572191544	0.104229405869094	204
ATAD2B	-0.892973755583087	0.371871227257885	0.677939469656162	13
ATF1	-0.470259196199068	0.638169845953403	0.888705203855649	25
ATF2	0.894488377056296	0.371060645789181	0.677939469656162	63
ATF3	0.598868650666959	0.549260478168365	0.836239703419619	12
ATF4	-2.87177166480639	0.00408177776727946	0.0313449231618331	39
ATF5	-2.88328082074727	0.00393556419820036	0.0308929467503472	71
ATF6	1.99224163725721	0.0463445518176098	0.176004167488805	64
ATF6B	-0.164812253122864	0.869091759337991	0.990922442968231	48
ATF7	1.69015748093767	0.0909978304081675	0.28343355238761	26
ATF7IP	-1.30841461895213	0.190732716821469	0.465497781578354	32
ATF7IP2	-0.10487150120208	0.916477772988815	0.999804859561379	9
ATMIN	-0.170768421358551	0.864405860400188	0.989548990740305	36
ATOH7	-0.831137899601115	0.405895731633393	0.719086882585085	11
ATOH8	3.25418480756744	0.00113718274602689	0.0184093164893283	106
ATP1B4	0.0299469372232703	0.976109372127944	0.999804859561379	7
ATXN1	-0.73027662454495	0.465221113588833	0.764835693289661	16
ATXN1L	-0.33240652684145	0.739582310778853	0.94045611939153	23
ATXN7L3	-2.12705638787913	0.0334153983221765	0.140442542320612	9
BACH1	-1.75691066951683	0.078933036737562	0.256596231077285	24
BACH2	-2.01249304737856	0.0441679888496642	0.170208880918401	39
BAHD1	0.471668332217933	0.637163544267429	0.888705203855649	27
BARHL1	0.89423902425846	0.371194016717989	0.677939469656162	4
BARHL2	-0.0178680523529875	0.985744115472918	0.999804859561379	2
BARX1	-2.19040529098054	0.0284948566459959	0.128058682107128	31
BARX2	0.787887354463812	0.430762598544827	0.735886105847412	7
BASP1	-1.41961878844179	0.155718692551752	0.408939677564013	19
BATF	1.03469250525719	0.300812537277045	0.606150839909311	162
BATF2	0.806594616232023	0.419900076526391	0.729739838876748	54
BATF3	0.351099243609443	0.725513895383609	0.928063110413319	71
BAZ1A	-0.689162579559157	0.490720962456712	0.786990253980106	22
BBX	-2.03720742934942	0.0416292596641142	0.163986632676873	47
BCL11A	-3.24797740807472	0.00116228498771036	0.0184093164893283	67
BCL11B	-2.14369452177768	0.0320573714402434	0.137034896869073	62
BCL3	-0.0516804766883179	0.958783293793775	0.999804859561379	16
BCL6	-1.63537445999812	0.101970573022778	0.306674971860422	8
BCL6B	1.13227436422046	0.257519104385695	0.554107539345338	41
BCL9	2.36568282483955	0.0179968550830968	0.0917656900049275	46
BCL9L	1.04441254950128	0.296294559918501	0.601268455430574	79
BCLAF1	-0.679359577765328	0.496910055463487	0.794818711326548	41
BCLAF3	3.25160870089043	0.00114753886083669	0.0184093164893283	76
BCOR	3.01373422334502	0.00258053761358873	0.024646026544392	34
BCORL1	0.850684821240879	0.394944457158282	0.704656673562156	23
BCORP1	-0.779325864367683	0.435787782499018	0.739440587027472	43
BEND3	-0.356607159693587	0.721385916788365	0.927826060709236	9
BEND5	-0.792961203155479	0.427800427042564	0.734687422593881	7
BHLHA15	-0.523946311894552	0.600315882142974	0.872042376880141	41
BHLHA9	0.000456620060322178	0.999635669916377	0.999804859561379	3
BHLHE22	0.996632427144144	0.318942960025688	0.626599360556205	76
BHLHE40	-0.3542221500713	0.72317240501927	0.928063110413319	4
BHLHE41	-0.322824774331031	0.746827949519256	0.945417360166468	57
BICRA	-0.823350825072788	0.410308518708659	0.722445060548374	21
BICRAL	3.1158174261946	0.00183435805026671	0.0208189515869451	88
BMI1	0.770358075722781	0.441087515206828	0.745285801556365	6
BMP2	1.64509913714227	0.0999493685229163	0.302407050244788	23
BMP4	2.46147156617021	0.0138368365031367	0.0755385992793524	35
BNC1	-3.58438458230547	0.00033787393201409	0.0184093164893283	172
BNC2	-0.161577721224982	0.871638402638665	0.991209871137463	98
BPTF	1.27093500977015	0.203751770207331	0.482124749721579	22
BRCA1	-2.35803140914843	0.0183721384036969	0.092737753902078	186
BRCA2	-2.83582986759346	0.00457067870562286	0.0331497960996257	31
BRD1	-0.471950512650695	0.636962111980872	0.888705203855649	31
BRD2	-1.17232204858398	0.241067782649879	0.535143840158681	11
BRD3	-0.670413614256588	0.502594158279712	0.800093198431612	26
BRD4	-2.7901022758777	0.00526913938107544	0.0365024172985536	84
BRD7	-0.639711104505257	0.522360434794522	0.814768721663195	23
BRD9	-0.790627691753097	0.429161282496138	0.735652744483568	33
BRDT	1.76020788119111	0.0783725662003932	0.256095780125273	10
BRMS1	-0.960135384431973	0.336987081909214	0.647234271085671	87
BRMS1L	0.436488233309672	0.662482534588043	0.899883307631763	8
BRPF1	-0.401516805489926	0.688039667709317	0.911788715321912	51
BRPF3	3.26630870655302	0.00108959396367561	0.0184093164893283	42
BRWD1	1.19965401066302	0.230273740948318	0.518028697328109	17
BRWD3	0.0509585918952048	0.959358516532932	0.999804859561379	21
BSX	0.0336487500602092	0.973157247331339	0.999804859561379	5
BTBD18	0.0553714553332228	0.955842536282277	0.999804859561379	5
CALCOCO1	2.81594178936399	0.00486344778095114	0.0345253236463987	89
CAMTA1	0.0343711449084533	0.972581192898317	0.999804859561379	28
CAMTA2	0.740546834761645	0.458968253857978	0.757033844007125	135
CARF	2.51803306912309	0.0118012240529962	0.0675002385802976	72
CASZ1	0.418884661520213	0.675300427424686	0.906870694315637	14
CBFA2T2	-2.14089480808058	0.0322825219349262	0.137405903744209	15
CBFA2T3	-0.476862125439824	0.633460303482719	0.887049657008965	32
CBFB	-0.475393293876163	0.634506673460092	0.887049657008965	25
CBX1	-2.40009310582757	0.0163909021925265	0.0855307078046383	103
CBX2	-1.83459940966415	0.0665650662215697	0.228988387053311	73
CBX3	-0.0602615464212223	0.951947327770264	0.999804859561379	51
CBX4	0.686012079538691	0.492705491123199	0.78872137981395	33
CBX5	0.901786560099685	0.367170260569092	0.676738581177345	14
CBX7	1.18475072441442	0.236116020449663	0.528237288511551	109
CBX8	0.664822594986601	0.506163968972827	0.800343630394276	38
CC2D1A	-0.512104817689937	0.6085776529749	0.873889277451561	60
CC2D1B	1.40737314984804	0.159316768687178	0.413316403640336	22
CCAR1	-1.66649461056691	0.0956149407510466	0.292375062357462	22
CCAR2	-0.120001151955859	0.904482235425054	0.997055212840934	27
CCDC62	0.0236499512168851	0.981131827968303	0.999804859561379	7
CCDC85B	-0.48934576446922	0.624596926263409	0.882429834643593	78
CCNC	-1.62278147348638	0.104636127507077	0.312818422859698	76
CCNK	-3.11068567552628	0.00186653507617086	0.0208189515869451	17
CCNL1	-2.91196032275256	0.00359168255298481	0.0295595302897274	40
CCNL2	0.98280914062436	0.325701382279962	0.633330521096495	110
CCNT1	-1.64420118878507	0.100134651485371	0.302512052382122	57
CCNT2	1.41358676712551	0.157483268884044	0.410888165179277	42
CD40	0.463815051713432	0.642780258505509	0.891813217774563	110
CDC5L	0.430056796646206	0.667154326270086	0.903175903959976	99
CDC73	1.05415394968963	0.291812439502659	0.595783730651263	43
CDK12	0.102030647897235	0.918732348515582	0.999804859561379	25
CDK13	0.651386956786983	0.514796728200514	0.808200338765788	11
CDK14	-0.505734863396952	0.613042790375717	0.874718015528988	43
CDK15	0.586070559977294	0.557828099158257	0.842007774628866	63
CDK16	-1.49900930051694	0.133871219299782	0.366033938945924	69
CDK17	-1.88449851678034	0.0594975752486292	0.210823331058935	28
CDK18	0.600318883668629	0.548293736065482	0.836239703419619	23
CDK5	0.0541752252610454	0.956795559067735	0.999804859561379	28
CDK5RAP2	-2.01180489302497	0.0442405079610379	0.170208880918401	59
CDK7	0.754901093342491	0.450308329722107	0.752433438299227	40
CDX1	-1.56558392800591	0.117446055004268	0.340504249455818	58
CDX2	0.380512583495126	0.703564957517213	0.92142312555579	12
CDX4	-0.00137343029380496	0.99890416151775	0.999804859561379	5
CEBPA	-0.542981511788423	0.587142531937709	0.862889061201798	10
CEBPB	-0.589632917055642	0.555436778250102	0.840265427337692	35
CEBPD	2.26380526180706	0.0235860947606101	0.110141591036605	17
CEBPE	-0.556389751543318	0.577944443369701	0.857627355744014	13
CEBPG	-3.21071556874889	0.00132404917666803	0.0184093164893283	68
CHCHD2	-0.214217040549695	0.830377808076189	0.979584900177126	85
CHCHD2P9	-0.352015094284781	0.72482694248534	0.928063110413319	53
CHD1	1.50275159334713	0.132903112821856	0.365420724379359	52
CHD2	2.40405161306953	0.0162144838314743	0.085274602139874	16
CHD3	-0.104232211025832	0.916985072482461	0.999804859561379	18
CHD4	-0.00660770968387479	0.994727848826289	0.999804859561379	10
CHD5	-0.780100812271973	0.435331538387117	0.739290837379305	7
CHD6	-2.94781699206412	0.00320026458090911	0.0278326040824519	21
CHD8	-0.0603011914895606	0.951915753003356	0.999804859561379	15
CHUK	1.67765902998359	0.0934136818792297	0.288179006304494	38
CIART	-1.39847093859153	0.16197169371169	0.416113980392308	10
CIC	-0.805338201536371	0.420624542765951	0.730367075554706	67
CIITA	1.77613328148649	0.0757109518087382	0.251410416832653	125
CIPC	1.29806563502246	0.194264781849514	0.469672920978524	32
CIR1	1.41358880608775	0.15748266986722	0.410888165179277	38
CLOCK	2.10068514840099	0.0356686138876512	0.147142187474931	97
COMMD7	0.762478866499253	0.445774251669733	0.749422988790371	15
CREB1	0.487782499628971	0.625703908486426	0.883372559486459	22
CREB3	0.515529399953963	0.606183130624972	0.873889277451561	21
CREB3L1	2.86669134792507	0.00414787326447469	0.0313449231618331	38
CREB3L2	3.18394163352027	0.00145284303534466	0.019375689142682	52
CREB3L3	-0.306299525391697	0.759376600544427	0.945520470855199	10
CREB3L4	2.29876890193337	0.0215180655865694	0.104168177743176	53
CREB5	-1.28638167791078	0.198309889575781	0.476560488226967	11
CREBBP	-0.0411625979298462	0.967166270914252	0.999804859561379	9
CREBL2	2.50045882235101	0.0124032551215612	0.0696037417296548	74
CREBRF	2.18096448582718	0.0291860433672631	0.129722922842548	32
CREBZF	0.156759935802521	0.875434048991524	0.991209871137463	18
CREM	-1.55932537309331	0.118919389278294	0.342712170084325	12
CRTC1	0.105075457695419	0.916315933403085	0.999804859561379	52
CRTC2	-0.222041518678684	0.824281562710174	0.97913735716204	53
CRTC3	-0.281882984610151	0.778033237021267	0.95769480659915	35
CRX	-0.0132988884284522	0.989389335015821	0.999804859561379	7
CRY1	1.15010648821668	0.250100014387815	0.547285092095594	10
CRY2	2.27025524081593	0.0231921010690569	0.109630425994671	142
CSRNP1	1.17110929747872	0.241554847150681	0.535435012714935	58
CSRNP2	-0.100035284745492	0.920316312756149	0.999804859561379	9
CSRNP3	-1.89704095964104	0.0578225324006865	0.207809423243254	14
CTBP1	0.89076449479904	0.373055526579865	0.679481915592882	87
CTBP2	2.35545033853379	0.0185002697264584	0.0929531032763047	26
CTCF	-1.4835093761886	0.137939127180408	0.373802175728686	24
CTCFL	-2.86525343925155	0.00416675613926008	0.0313449231618331	28
CTNNB1	2.06911051726979	0.0385357170254245	0.156400516169854	14
CTR9	0.743808270278759	0.456992476085509	0.755014707611668	31
CUX1	2.37134711152255	0.0177233775474913	0.0910445561765888	22
CUX2	0.546420713305744	0.584776775122648	0.861352268371468	22
CXXC1	-1.12028640461044	0.262591733687935	0.561219992530917	107
CYTL1	0.232471853624144	0.81617154598892	0.975146000650467	29
DACH2	-1.041020392595	0.297866083910845	0.60250751993225	11
DAXX	-1.78974525775834	0.0734948731536781	0.244861028467229	20
DBP	-0.78825793281166	0.430545848616081	0.735886105847412	14
DBX1	0.0489838443232423	0.960932170845704	0.999804859561379	11
DBX2	-1.53644543759642	0.124429170011346	0.351254710376103	11
DCAF6	0.0998492301811786	0.920464023275155	0.999804859561379	32
DDIT3	-2.84041968359155	0.00450542166558269	0.0327948990078102	21
DEAF1	0.106226763690782	0.915402436725052	0.999804859561379	112
DHX33	-2.18389644185928	0.0289698585456444	0.129047551703325	20
DHX9	-2.2388624462878	0.0251648676173638	0.115425157633068	88
DLX1	-3.44285585136257	0.000575606033028959	0.0184093164893283	65
DLX2	-3.52092861669668	0.00043003836668182	0.0184093164893283	49
DLX3	1.89190042073358	0.0585042497299842	0.209509871136432	16
DLX4	2.02536393550716	0.042830007825017	0.167078613049435	26
DLX5	-3.32272397642119	0.000891430749788779	0.0184093164893283	129
DLX6	-3.15612610996642	0.00159879718246753	0.0200283149209203	95
DMAP1	0.515288899918349	0.606351154416783	0.873889277451561	52
DMBX1	0.99618099096083	0.319162213724527	0.626599360556205	10
DMRT1	-3.51936472089017	0.000432581581156996	0.0184093164893283	70
DMRT2	-3.16218951345806	0.00156587620992614	0.0200149354011615	101
DMRT3	-3.24590269489566	0.0011707884950452	0.0184093164893283	52
DMRTA1	0.173581853079852	0.862194094647254	0.989548990740305	5
DMRTA2	-0.816316414355939	0.414319188717722	0.72494452111737	6
DMRTB1	0.0200419074295128	0.984009941976014	0.999804859561379	3
DMRTC2	0.21532162972209	0.829516567034857	0.979584900177126	11
DMTF1	-0.0624378389478247	0.95021416260617	0.999804859561379	28
DNAJB1	-2.54849779789756	0.0108187969888246	0.0628178125738401	46
DNMT3A	0.360913423142022	0.718164168755615	0.926648564566493	45
DNMT3B	-2.88407957059454	0.00392559549085791	0.0308929467503472	42
DNMT3L	0.0132806262910534	0.989403904806601	0.999804859561379	4
DOT1L	-1.80575120594773	0.0709572102674705	0.23949796634788	35
DPF1	-3.44947756386784	0.000561672403187561	0.0184093164893283	96
DPF2	-0.963506230834373	0.335293538798199	0.645215248511093	16
DPF3	0.281233478740033	0.778531328118383	0.95769480659915	31
DPRX	-0.0183391792730141	0.985368272175384	0.999804859561379	4
DR1	-2.06675038238715	0.0387576810428695	0.156668372666247	35
DRAP1	-0.616251034455331	0.537728850513003	0.828221672297802	91
DRGX	3.3542310762201	0.000795858708457473	0.0184093164893283	27
DUX4L4	-0.839802935340227	0.401018887381179	0.712961898007777	15
DUX4L9	-1.7310484602681	0.0834431216330494	0.266090843429835	9
DUXA	0.797944603973418	0.424902637674071	0.734223280820053	5
DYRK1A	1.16157323100108	0.245408860839816	0.540788958620252	16
DYRK1B	-0.276256664404342	0.782350937964088	0.9601362457971	12
E2F1	-1.75176222407472	0.0798147023412242	0.258225389976587	65
E2F2	-2.58862207752352	0.00963607846010495	0.0588415854904281	66
E2F3	-2.09319272301926	0.0363319540893721	0.149265635512369	28
E2F4	-0.58479717617428	0.558684103325176	0.842007774628866	50
E2F5	3.28206287678325	0.00103050623583383	0.0184093164893283	40
E2F6	-1.39022242521246	0.164461345799744	0.419343976302778	38
E2F7	-3.13422780956205	0.00172307028192185	0.0207284323136586	152
E2F8	-2.0784704153516	0.0376660530280169	0.153241256251541	32
E4F1	-0.176024191545798	0.860274937073413	0.989548990740305	249
EAF1	0.120884732013911	0.903782335565888	0.997055212840934	6
EAF2	-1.38011539904637	0.167551116688158	0.423409048335231	36
EBF1	-0.534846644888753	0.592755905450655	0.868597092669851	68
EBF2	1.68064433189593	0.092832019425489	0.288179006304494	20
EBF3	-1.56445987439859	0.117709609107087	0.340747269014607	15
EBF4	0.636687734666913	0.524328264418788	0.815937632236518	23
EDRF1	1.07551821004249	0.282142783805616	0.583153140602348	14
EED	-2.42072796372916	0.0154894639230283	0.0831321142619509	56
EGR1	0.167001656054904	0.867368745881871	0.990922442968231	11
EGR2	0.137469559726913	0.890659652105087	0.996819875503981	22
EGR3	-0.599353300409711	0.548937311526029	0.836239703419619	38
EGR4	-0.387149650063905	0.69864542256917	0.919173971146996	10
EHF	0.506266795343375	0.61266936963325	0.874718015528988	19
EHMT1	-0.906713866785484	0.364558128516579	0.675643247407572	18
EHMT2	-0.879347710158435	0.379212774600287	0.685037227140603	50
EID1	-0.285620582411064	0.775168737405665	0.9565810770565	25
EID2	-1.20201732102952	0.229356817292173	0.517146852906819	22
EID2B	-0.151968834714163	0.879211516407457	0.992174915013226	25
ELF1	0.661484804005151	0.508301456695638	0.800923628628656	34
ELF2	2.85878970074809	0.00425260605255766	0.0317601693664994	50
ELF3	3.11926968257148	0.00181299938789855	0.0208189515869451	70
ELF4	-2.0476734745963	0.0405920046090419	0.161804240594375	27
ELF5	-0.227816947931935	0.819788550574643	0.976398553996852	6
ELK1	-2.95548088324438	0.00312182043013068	0.0273779649557296	73
ELK3	0.902775277285593	0.366645174840012	0.676738581177345	79
ELK4	-0.158735276457925	0.873877443937416	0.991209871137463	18
ELL	-0.713545184332963	0.475508463556106	0.775222874864608	132
ELL2	-0.0911342126207649	0.927385948004784	0.999804859561379	10
ELL3	2.01697820573701	0.0436977877516121	0.169150010776472	12
EMX1	-3.10835546493335	0.00188131641427286	0.0208189515869451	30
EMX2	-1.30207028597726	0.192892359685153	0.468020230202261	3
EN1	-3.50708496328141	0.000453044470706645	0.0184093164893283	87
EN2	-0.442074063282453	0.658435612299381	0.899288394566551	9
ENY2	-0.421653554587677	0.673277910074625	0.905176535509247	75
EOMES	-0.0817079507403611	0.934878955726847	0.999804859561379	84
EP300	-0.900022761962339	0.36810813757272	0.677845323907968	26
EPAS1	2.50890583242413	0.0121105764377948	0.0687292318178807	58
EPC1	2.74249689685334	0.00609740260227543	0.0405326561382395	56
EPC2	2.80760560365745	0.00499113121446992	0.0349379185012894	73
ERF	-3.14959588210044	0.00163496448334043	0.0200283149209203	55
ERG	0.742727234050041	0.457646837932304	0.755474525395233	56
ESR1	2.65468457946019	0.00793825968528328	0.050309033778341	48
ESR2	-0.41416240038438	0.678755176031972	0.9072649026269	13
ESRRA	-0.234215866163355	0.814817398137678	0.975146000650467	83
ESRRB	-0.175429514527656	0.860742150935271	0.989548990740305	7
ESRRG	0.143636256589288	0.885787708893986	0.994729796302909	20
ESX1	0.129099388656301	0.897279005742745	0.997055212840934	8
ETS1	0.948889375730034	0.342676878623267	0.655655094432517	130
ETS2	-0.142643926257977	0.886571404048657	0.994729796302909	6
ETV1	3.01136323507953	0.0026007753247442	0.024646026544392	56
ETV2	-0.796049518305641	0.426003254176783	0.734627070936616	31
ETV3	0.310022583486487	0.756543782742589	0.945499705864169	11
ETV3L	-1.086210655896	0.277385803940197	0.579883538101827	3
ETV4	0.823801263178732	0.410052489746292	0.722445060548374	35
ETV5	1.1508333710197	0.249800793102828	0.547285092095594	10
ETV6	1.61150581425374	0.107069520978173	0.31914342380586	15
ETV7	0.266743259304465	0.78966684414621	0.964401635191329	28
EVX1	-0.0153991822994369	0.9877137157805	0.999804859561379	4
EVX2	-2.1622173830067	0.0306014242792847	0.134197957862279	24
FAM220A	-1.17530875215036	0.239871214261473	0.533666965062347	24
FAM220BP	-0.00530114341666554	0.99577031932375	0.999804859561379	1
FBXL19	-0.308843267142249	0.757440754528375	0.945499705864169	31
FERD3L	0.00358736993653479	0.997137699053017	0.999804859561379	3
FEV	0.101020114557112	0.919534492748882	0.999804859561379	8
FEZF1	0.0948572347878337	0.924428224987303	0.999804859561379	11
FGF1	1.22707450263489	0.219794590122652	0.50407229629727	23
FGF2	-0.893101101700937	0.37180303306318	0.677939469656162	92
FGF7	-0.198614418000143	0.842564374372436	0.986446249510001	70
FHL2	-0.522070501087623	0.601621244460943	0.873307138816499	39
FHL5	1.91968922335004	0.0548971662901487	0.199797838907443	131
FIGLA	0.336588158662904	0.736427383890695	0.937568196601018	7
FLCN	-0.288104295215714	0.773266904855625	0.955407879369588	94
FLI1	0.90861802829775	0.363551786847585	0.675643247407572	178
FOS	1.6933888479268	0.0903814762190117	0.281950909509308	35
FOSB	1.23204613606626	0.217931850481583	0.502228059564631	18
FOSL1	-2.9726800379162	0.00295212018217029	0.0263591530932449	64
FOSL2	-2.93191895205324	0.00336874649293598	0.0287991987417378	50
FOXA1	3.33761067281374	0.000845020615659849	0.0184093164893283	58
FOXA2	3.37903852453563	0.000727398142603368	0.0184093164893283	99
FOXA3	2.89967894856946	0.00373545051865138	0.0299826337717853	77
FOXB1	1.28230500090225	0.199735674360539	0.478739280080385	4
FOXB2	-0.174684497976602	0.861327549300411	0.989548990740305	5
FOXC1	-1.05168656817937	0.292943375504523	0.596689586204976	8
FOXC2	-0.771170582570281	0.440605828386503	0.745098576791654	40
FOXD1	-3.53044907212573	0.000414854873430054	0.0184093164893283	238
FOXD2	2.24552961435902	0.0247341532889689	0.113709185257525	21
FOXD3	-2.36204594969808	0.0181743893901512	0.0922601584466001	9
FOXD4	0.0183063791526239	0.985394438492332	0.999804859561379	4
FOXD4L1	0.1155336493174	0.908022150743782	0.998179367200467	10
FOXD4L3	0.0153612150249751	0.987744005699847	0.999804859561379	3
FOXD4L4	1.04920448713677	0.294084013908331	0.597990672005909	12
FOXD4L5	0.492570200365722	0.622316308243834	0.882333763967306	12
FOXE1	-3.37583287357734	0.000735926080700428	0.0184093164893283	201
FOXE3	-0.0800799711620394	0.936173652278521	0.999804859561379	5
FOXF1	0.231080587831592	0.817252195692524	0.975146000650467	69
FOXF2	-0.81533518432805	0.414880474213749	0.72494452111737	29
FOXG1	0.0218304782105696	0.982583181880023	0.999804859561379	10
FOXH1	0.260857645426305	0.794202288276721	0.967001452816928	9
FOXI1	-1.18572690039941	0.235730167620618	0.528237288511551	15
FOXI2	0.449074228685849	0.653378110585164	0.896151758280811	17
FOXI3	-0.940633295851102	0.346892812956028	0.658702893410831	9
FOXJ1	2.82674545509574	0.00470236903460303	0.0335460790384094	221
FOXJ2	-1.57575966519422	0.115081201185237	0.335069758233537	6
FOXJ3	0.952917414968356	0.3406319156872	0.652363697440976	18
FOXK1	-3.0205410232454	0.00252323524563411	0.0243710558099949	83
FOXK2	-0.990764828095715	0.321800427338464	0.629500543839313	102
FOXL1	-0.474797224337457	0.634931511587303	0.887049657008965	22
FOXL2	-3.72414823024441	0.00019597575981333	0.0184093164893283	52
FOXM1	-2.5683749268506	0.0102176576943054	0.0602240144053872	267
FOXN1	-3.42439574196356	0.000616168217779825	0.0184093164893283	83
FOXN2	-0.628725389595608	0.529528853113781	0.820891756902758	24
FOXN3	-1.84163092505832	0.0655291543159779	0.226954013970532	25
FOXN4	0.412138437098932	0.680237957187064	0.908642324460646	4
FOXO1	-2.10813134347522	0.0350196299364509	0.14566135930089	50
FOXO3	-2.58712403727601	0.00967807464299864	0.058918945326619	15
FOXO4	1.54330614263334	0.12275651394207	0.34931704888048	16
FOXO6	0.716785568088609	0.473506417988164	0.774023103123045	26
FOXP1	2.38207558691892	0.0172153634182588	0.0891383121321699	116
FOXP2	0.944190593258662	0.34507226131772	0.656880622777038	6
FOXP3	0.369092594117296	0.712058708889758	0.924709726024255	129
FOXP4	1.39151258568286	0.164070045854771	0.419343976302778	124
FOXQ1	-0.258067331632722	0.796354943383527	0.967862723083791	2
FOXS1	-0.132476531523646	0.894607384536425	0.996819875503981	45
GABPA	2.3202706484581	0.0203262408803735	0.100137388350703	53
GABPB1	-1.52765416637162	0.126598425488657	0.355218207830602	58
GABPB2	-2.74289760843008	0.00608996717170386	0.0405326561382395	11
GATA1	-0.0498438308639757	0.960246838092266	0.999804859561379	21
GATA2	0.602308938540316	0.546968512009189	0.836239703419619	32
GATA3	0.32094540382528	0.748251765237905	0.945499705864169	75
GATA4	-0.576866490113745	0.564029649096878	0.84815536305062	4
GATA5	2.77773122461733	0.00547398772127993	0.0374055827620795	77
GATA6	1.94137996842733	0.0522122061933864	0.193531959857036	35
GATAD2A	-1.11536622968906	0.264693514822153	0.564510903691832	58
GATAD2B	0.799923316669405	0.423755227555786	0.734118538051485	10
GBX1	1.15226548873832	0.249211993919513	0.547285092095594	9
GBX2	-2.93353203874738	0.0033512906421758	0.0287991987417378	14
GCM1	2.69215655064986	0.00709916128629541	0.0461560356769174	25
GCM2	-0.0445599329101345	0.964458079822417	0.999804859561379	2
GFI1	0.250954648043041	0.801849172915012	0.969842373668887	54
GFI1B	0.425180237993496	0.670705289206785	0.905176535509247	8
GLI1	-1.84481617138552	0.0650642842022277	0.226540982603597	39
GLI2	-3.27279335213865	0.00106490303040356	0.0184093164893283	131
GLI3	-1.85299025253276	0.063883755785292	0.222816780160853	42
GLI4	-0.188820126654191	0.850233796800227	0.989548990740305	74
GLIS1	-2.0071002883531	0.0447389855429794	0.171201184677801	31
GLIS2	0.775417182657259	0.438093185067662	0.741473638416961	146
GLIS3	1.82360166383801	0.0682123148666913	0.233006425421393	58
GMEB1	-0.115428681103799	0.908105346660928	0.998179367200467	13
GMEB2	-1.17535622184237	0.239852230254919	0.533666965062347	38
GON4L	1.38368750352107	0.166454161609406	0.422230316506688	33
GPATCH3	0.452085863776486	0.651207127047816	0.896151758280811	88
GPBP1	2.83269884263515	0.00461568489380468	0.0332362399700846	73
GPBP1L1	2.04377481755327	0.0409757980326213	0.16240032291035	88
GPS2	0.161797774903976	0.871465105325357	0.991209871137463	21
GRHL1	-2.78730862997976	0.0053147834920413	0.0366920963419621	20
GRHL2	-1.44660157599116	0.148008544566595	0.395937637861904	23
GRHL3	-3.44656901148695	0.000567753535791205	0.0184093164893283	105
GSC	-1.85899491900302	0.0630278585883771	0.22059750505932	21
GSC2	-0.509043086065897	0.610722023664506	0.873889277451561	9
GSX1	-0.761851081268343	0.446148889223667	0.749425684323033	9
GTF2H2	1.77042666621597	0.0766560907826851	0.253157452876437	20
GZF1	-0.352355547447872	0.72457163492029	0.928063110413319	12
HAND1	0.00187275965266213	0.99850575486049	0.999804859561379	6
HAND2	-0.0633351604248775	0.94949961798435	0.999804859561379	8
HBP1	2.86502061700793	0.00416982092857552	0.0313449231618331	51
HCFC1	-0.910725509997131	0.362440019472441	0.674205554740865	83
HCFC2	-0.0368899319448462	0.970572767428806	0.999804859561379	34
HDAC1	-2.41678856481415	0.0156581095184064	0.0836626117619108	20
HDAC10	-0.573972515491386	0.56598640014814	0.848557222311652	159
HDAC2	-2.88319932704556	0.00393658256251313	0.0308929467503472	117
HDAC3	0.173638669578409	0.862149439698439	0.989548990740305	22
HDAC4	-0.519299168472846	0.603552133151564	0.873889277451561	39
HDAC5	-0.135724986324784	0.892038694266823	0.996819875503981	65
HDAC6	0.481885605969564	0.629887211894888	0.885544722670979	39
HDAC7	0.944545805833019	0.344890806005468	0.656880622777038	54
HDAC8	1.90397818995475	0.0569130247167231	0.205275164552777	32
HDAC9	2.03027537124701	0.0423285562254782	0.166089979408175	24
HDGF	-0.516105943688285	0.605780416919782	0.873889277451561	25
HDGFL1	-2.57436550679039	0.010042412141856	0.0602240144053872	7
HDGFL2	-1.16429987794214	0.244302506015545	0.539938101853938	82
HDGFL3	-3.45412434524928	0.000552082760442674	0.0184093164893283	94
HDX	2.92064092722155	0.00349312171649194	0.029362684219382	30
HEATR1	-1.28030997761529	0.200436140001089	0.478739280080385	31
HELT	1.56010015839557	0.11873621414843	0.342712170084325	5
HES1	-1.53815985124831	0.124009534916751	0.351254710376103	17
HES2	-3.26617094821875	0.00109012418980676	0.0184093164893283	58
HES4	-0.441752982873392	0.658667964993427	0.899288394566551	52
HES5	-0.345696309851769	0.729570957795088	0.93238425840352	10
HES6	0.879716152313518	0.379013096981023	0.685037227140603	49
HES7	-0.126613247721911	0.899246511165924	0.997055212840934	3
HESX1	0.0643387894804808	0.948700467881653	0.999804859561379	4
HEXIM1	-1.0384799315296	0.299046673606553	0.603803786206598	6
HEXIM2	0.318223246917519	0.750315600122162	0.945499705864169	23
HEY1	-3.56506785678392	0.000363762062945958	0.0184093164893283	115
HEY2	-2.29698457088068	0.0216196499206248	0.104229405869094	35
HEYL	0.769407619928496	0.441651366462327	0.745611424556987	37
HHEX	1.43755488571825	0.150560389222241	0.400630227745009	37
HIC1	0.119670113241559	0.904744476360887	0.997055212840934	50
HIC2	-2.38447355889297	0.0171035770557631	0.0887883367054987	44
HIF1A	-3.10266609490426	0.0019178589340953	0.020940101079334	98
HIF1AN	-0.308284124506696	0.757866144981745	0.945499705864169	7
HIF3A	1.73760213251971	0.0822809438252794	0.263220407874182	22
HINFP	0.823389790393198	0.410286367072837	0.722445060548374	13
HIPK2	0.0140777800726744	0.988767927633496	0.999804859561379	3
HIVEP1	-0.836055074013927	0.403123920770426	0.715438124406172	11
HIVEP2	-0.265773611314707	0.790413567625968	0.964727130838742	11
HIVEP3	0.881906805560651	0.37782720649482	0.683833205268552	12
HLF	2.53463403532529	0.0112564854672612	0.0651708337283221	34
HMGA1	-2.4060073452537	0.0161279404391903	0.0852658745850877	88
HMGA2	-3.20986722424513	0.00132796298269479	0.0184093164893283	56
HMGB1	-1.70236670224364	0.0886866479584866	0.277525663159812	28
HMGB1P1	-0.598372142069614	0.549591649629433	0.836239703419619	5
HMGB2	-2.16415323323732	0.0304525911429746	0.134197957862279	75
HMGB3	1.42746174003524	0.153446845730217	0.406159042255608	16
HMGB4	3.41508440530933	0.000637622497106323	0.0184093164893283	12
HMX1	-1.76991615372778	0.0767411094085367	0.253157452876437	6
HMX2	-2.2308427516246	0.0256915469627954	0.117572478014251	18
HMX3	-1.55724677872566	0.119411905952727	0.342712170084325	3
HNF1A	0.28173830735479	0.778144178790588	0.95769480659915	29
HNF4A	1.48305672551651	0.138059340164602	0.373802175728686	9
HNF4G	3.01794707289208	0.0025449334788246	0.0244630208562613	39
HNRNPK	-1.22518200083291	0.220506654564202	0.504504630676929	63
HNRNPU	-0.397208823270621	0.691213476254545	0.913318088055428	70
HOMEZ	-3.28686438782338	0.00101309608668035	0.0184093164893283	21
HOPX	3.57186020752407	0.000354454606975536	0.0184093164893283	126
HOXA1	-3.58319416986224	0.000339418109377371	0.0184093164893283	71
HOXA10	-3.1999343833768	0.00137458878031551	0.0186591139165801	42
HOXA11	-3.1069771626889	0.00189010999626891	0.0208189515869451	24
HOXA13	-3.59447850225075	0.000325041980977237	0.0184093164893283	66
HOXA2	-0.307860916616078	0.758188166325125	0.945499705864169	10
HOXA3	-2.89879781193504	0.0037459637017014	0.0299826337717853	32
HOXA4	-3.11456681586713	0.00184215229192599	0.0208189515869451	54
HOXA5	0.711230356874589	0.476941499916702	0.775222874864608	29
HOXA6	-0.799705774898247	0.423881286281594	0.734118538051485	46
HOXA7	-3.75261314515476	0.000175000804575398	0.0184093164893283	49
HOXA9	-3.46217761209209	0.000535823424351949	0.0184093164893283	35
HOXB1	-1.30737985184672	0.19108373666331	0.465497781578354	11
HOXB13	-1.89020158703804	0.0587310045261684	0.209774465444129	30
HOXB2	0.00384050041393805	0.996935731546673	0.999804859561379	54
HOXB3	0.242491578304954	0.8083992817034	0.973103476266504	21
HOXB4	-0.47768352221589	0.632875474055066	0.887049657008965	61
HOXB5	0.612181099930969	0.540417944800707	0.830045604820046	43
HOXB6	0.847264273046627	0.396847835628407	0.707424402641942	13
HOXB7	-1.098118118539	0.272152914610862	0.573399908516828	18
HOXB8	-0.626823504584822	0.530774934433831	0.821515287579019	9
HOXB9	-0.353373776913804	0.723808242314087	0.928063110413319	11
HOXC10	-1.44346198826066	0.148890372934484	0.397238724070888	21
HOXC11	-0.485951723466646	0.627001394761472	0.883535601753671	23
HOXC13	-3.44980462049067	0.000560992408179614	0.0184093164893283	61
HOXC4	-2.320051968991	0.0203380661820282	0.100137388350703	11
HOXC5	-2.67054150841112	0.00757290077924234	0.0487626848253136	16
HOXC6	-3.07551573341138	0.00210138841276809	0.0219879652148494	25
HOXC8	-3.36911851903929	0.00075408995974683	0.0184093164893283	59
HOXC9	-0.130589541258265	0.896100016737534	0.996824437223536	3
HOXD1	3.29306321447065	0.000991021902874388	0.0184093164893283	116
HOXD10	-3.48772212580832	0.000487154083154502	0.0184093164893283	66
HOXD11	-3.54283761743363	0.000395846364420044	0.0184093164893283	116
HOXD13	-3.40504250343267	0.000661537565285268	0.0184093164893283	80
HOXD3	-0.124283786084444	0.901090584592666	0.997055212840934	9
HOXD4	0.109753033705617	0.91260523961007	0.999804859561379	6
HOXD8	-0.813655093669095	0.415842566595178	0.725197670390375	13
HOXD9	-2.6454267058466	0.00815879599934578	0.0512219411333928	30
HR	-3.53056263609269	0.000414676818089624	0.0184093164893283	167
HSF1	-0.143645535905878	0.885780381058371	0.994729796302909	80
HSF2	-2.31409588860566	0.0206624628982208	0.100754582433315	52
HSF4	0.954921486672452	0.339617402949315	0.651041376455318	85
HSF5	0.416671059765589	0.676919025275943	0.906958400331015	26
HSFY2	-0.597867607644179	0.549928275124699	0.836239703419619	19
ICE2	-1.01154763090073	0.311754396175217	0.622316200087717	33
ID1	-1.1630764306602	0.244798493852053	0.54043975181184	12
ID2	0.984968111854394	0.324639734667689	0.633044269464264	38
ID3	-0.615225324863883	0.538405925346406	0.828221672297802	73
ID4	0.903051256007297	0.366498692301444	0.676738581177345	31
IGF2	-0.637766676464451	0.523625574729232	0.815937632236518	17
IKBKB	1.31565711333049	0.188289154746461	0.462436322598582	9
IKZF1	0.423174445177799	0.67216799017263	0.905176535509247	112
IKZF2	1.64281132609254	0.100421976093114	0.302924549506104	29
IKZF3	0.332009166679695	0.739882337245418	0.94045611939153	61
IKZF4	3.58877783847669	0.000332231801446596	0.0184093164893283	31
IKZF5	2.87043008949579	0.00409913829095711	0.0313449231618331	17
IL4	0.26234394553044	0.793056284454283	0.967001452816928	5
ILF2	-0.493163288936827	0.621897214942577	0.882333763967306	91
ING1	0.0281667595328589	0.977529148749677	0.999804859561379	5
ING2	1.08206931913377	0.279221727471202	0.58070025930605	40
ING3	0.75447977086409	0.450561187791921	0.752433438299227	16
ING4	0.529291269894788	0.596603410750626	0.87105832281832	10
ING5	0.213618085027212	0.83084489511255	0.979584900177126	11
INO80	-0.371990948338949	0.709899588721068	0.924394678206888	11
INSM1	-1.00353397392341	0.315603293360798	0.624440856269778	6
INSM2	0.121228813870431	0.903509802253093	0.997055212840934	6
IRF1	-0.0487785549809984	0.961095772472745	0.999804859561379	64
IRF2	1.43867866915542	0.150241585663071	0.400312129439137	25
IRF2BP1	-0.509096358447627	0.610684684204119	0.873889277451561	43
IRF2BP2	0.452578028782438	0.650852622709858	0.896151758280811	41
IRF2BPL	1.0564729801231	0.290752179037336	0.59482803226681	14
IRF3	-0.647960464452552	0.517010521555643	0.809566748094535	37
IRF4	-0.543476925266057	0.586801473999215	0.862889061201798	116
IRF5	0.21124414661129	0.832696763907105	0.980039947015407	101
IRF6	-3.7432007227059	0.000181690974328083	0.0184093164893283	144
IRF7	0.178311839392247	0.858478081323781	0.989548990740305	86
IRF8	1.0060870723122	0.314373686820458	0.624087684607017	135
IRF9	0.151509673904098	0.879573680258116	0.992174915013226	28
IRX1	-0.120994460716514	0.903695422668885	0.997055212840934	16
IRX2	2.43368249593626	0.0149460989593505	0.0811532778630682	34
IRX3	2.95787569240661	0.00309767014773405	0.0273779649557296	77
IRX4	-3.53664435448995	0.000405244969743063	0.0184093164893283	41
IRX5	2.13497350298663	0.0327631745503103	0.138570984571733	11
IRX6	-3.32293018024162	0.0008907720689228	0.0184093164893283	25
ISL1	0.409239006292425	0.682364271661203	0.910272126007541	7
ISL2	-2.38039094281436	0.0172942793298495	0.0893167279528731	55
ISX	-0.0186916334238388	0.985087102650942	0.999804859561379	3
JADE1	3.2654473896156	0.00109291305741041	0.0184093164893283	58
JADE2	0.868387926937105	0.385182001876297	0.692775865505355	29
JADE3	2.12581880561276	0.0335183495557628	0.140581136237009	18
JDP2	0.554368119270626	0.579326939823771	0.857627355744014	51
JMJD1C	2.97560381466846	0.00292412358954571	0.0263433376295845	95
JUN	1.20317698257856	0.228907840054408	0.516714438954276	21
JUNB	-0.275553566965041	0.782890977471675	0.960212438181072	84
JUND	1.38877693575836	0.16490059078619	0.419879958034798	6
JUP	-3.02581299415456	0.00247965613076789	0.0243710558099949	123
KANK2	2.159495049454	0.0308117809878825	0.134275201745458	170
KANSL3	-0.99363255020614	0.320401791238382	0.627375437229932	9
KAT2A	-0.726093246278526	0.467781609032806	0.767788605021983	79
KAT2B	2.09917194677199	0.0358017460037718	0.147388745331101	108
KAT5	-0.350814127030287	0.725727798138041	0.928063110413319	26
KAT6A	-0.663938280782622	0.506729814080775	0.800343630394276	30
KAT6B	-0.231919282054433	0.816600707876211	0.975146000650467	16
KAT7	0.596161302052722	0.551067474826743	0.836806165477647	28
KAT8	3.32597293454174	0.000881104838586053	0.0184093164893283	134
KCNIP3	1.84221726153879	0.0654433765082006	0.226954013970532	7
KCTD1	-3.39537536665069	0.000685345688230582	0.0184093164893283	116
KDM1A	-0.817045631340546	0.413902351396763	0.72494452111737	13
KDM1B	-1.20921609379116	0.226579836293996	0.513299039163913	13
KDM2A	-0.312130192097427	0.754941581972142	0.945499705864169	15
KDM2B	-2.57069525981815	0.010149459329978	0.0602240144053872	25
KDM3A	-3.32496941152458	0.000884282361428738	0.0184093164893283	59
KDM3B	1.79601836772257	0.0724915958753522	0.24245451600244	76
KDM7A	-0.601924320395362	0.547224514567157	0.836239703419619	7
KLF1	0.958515180595037	0.337803040319097	0.648181765043998	6
KLF10	-0.385065771285734	0.700188686895708	0.92019780462069	13
KLF11	0.71142150531074	0.476823076481499	0.775222874864608	14
KLF12	-1.49988838099489	0.133643318208587	0.366033938945924	30
KLF13	-0.157519479627594	0.874835457008206	0.991209871137463	8
KLF15	2.03862639471232	0.0414873288791324	0.163748612412921	32
KLF16	-1.16136120830146	0.245495037462255	0.540788958620252	62
KLF17	-0.0972660902040413	0.92251508437758	0.999804859561379	14
KLF2	1.88978313028371	0.0587869706545767	0.209774465444129	75
KLF3	-1.23914060323965	0.215293432539315	0.498300122086964	6
KLF4	-2.83356426555193	0.00460320511081908	0.0332362399700846	20
KLF5	-3.34770160064714	0.000814846970977354	0.0184093164893283	54
KLF6	1.50278855462096	0.132893578287418	0.365420724379359	44
KLF7	1.03748252217942	0.299511036992246	0.604134210158053	27
KLF8	-0.907436562567852	0.364175981924729	0.675643247407572	10
KLF9	1.00708995649734	0.313891547199531	0.623746902397486	58
KMT2A	0.441416971108506	0.658911158189131	0.899288394566551	26
KMT2B	-0.714387677799388	0.474987489362697	0.77518266947982	36
KMT2C	3.11146046023259	0.00186164402990918	0.0208189515869451	28
KMT2D	-0.0967689445896091	0.922909886785956	0.999804859561379	8
KMT2E	3.17912186392694	0.00147721971068642	0.0193969568546995	61
KMT5A	-3.415300208054	0.000637117496579475	0.0184093164893283	98
L3MBTL1	-0.366333289115862	0.714116392329552	0.926184526914183	30
L3MBTL2	-0.477726248786768	0.632845059275384	0.887049657008965	35
L3MBTL3	0.072760237003304	0.941996913324507	0.999804859561379	8
L3MBTL4	0.526548207356318	0.598507366712802	0.871305289656535	8
LBH	1.25730282309095	0.208644002125877	0.489108285030206	61
LBHD1	0.192844688801351	0.847080603722852	0.987732418082237	57
LBX1	-0.294485750549377	0.768386750354486	0.951719470691838	13
LBX2	0.211218380315875	0.832716868867745	0.980039947015407	6
LCOR	0.457387038018674	0.647392879348563	0.893891611416676	7
LCORL	1.20335791993171	0.228837844395499	0.516714438954276	14
LDB1	-0.745617205353604	0.455898686477158	0.755014707611668	94
LDB2	1.75769612332101	0.0787992278281852	0.256576416056441	83
LEF1	-2.08940087755031	0.0366716523061098	0.150047554955142	57
LEO1	-1.34832022010204	0.17755541140038	0.443667688437018	41
LEUTX	-0.143130308634678	0.886187268542323	0.994729796302909	4
LHX2	-3.200161040671	0.00137350820332704	0.0186591139165801	27
LHX3	-0.169473291639298	0.865424378661382	0.989548990740305	6
LHX4	-0.158448803689468	0.874103159674949	0.991209871137463	19
LHX5	-3.23728327726367	0.0012067355923149	0.0184093164893283	40
LHX6	-1.94334791145336	0.0519741362800122	0.193005618829103	10
LHX8	-0.0101513556496743	0.991900529164585	0.999804859561379	2
LHX9	0.40714261302067	0.683903247268029	0.910511347754453	6
LIMD1	2.66466320695363	0.00770654609790412	0.0493162452654006	29
LIME1	-0.552259416546259	0.58077063134798	0.858549079012577	17
LIN37	-0.0391744091212274	0.96875133653323	0.999804859561379	30
LIN54	-1.38467701174939	0.166151251375406	0.421994771192402	30
LIN9	-2.04488973349624	0.0408657303053025	0.16240032291035	114
LMO1	-1.39533629904912	0.162914450790384	0.418001445259107	14
LMO2	1.47802898273393	0.139400020856223	0.376924147914067	43
LMO3	3.62145746950125	0.000292947970438134	0.0184093164893283	265
LMO4	-3.18566287153758	0.00144422785183836	0.019375689142682	24
LMX1A	-0.84027470283754	0.400754381811194	0.712961898007777	6
LMX1B	-1.37036725049044	0.170572289791955	0.429423220792027	9
LPIN1	0.422105882613917	0.672947734343839	0.905176535509247	19
LPIN2	3.61649633066964	0.000298617548777749	0.0184093164893283	188
LPIN3	-0.71973615888672	0.4716874586259	0.772531017033706	71
LRP5	0.623875596760257	0.532709287820098	0.823240737869674	123
LRP5L	-0.0648100698788822	0.948325223704844	0.999804859561379	52
LRRFIP1	2.99200986558646	0.00277147306553867	0.0255407770122348	83
LYAR	-2.34867952889846	0.0188401143517566	0.0941537058026842	49
LYL1	0.556166628219985	0.578096950381147	0.857627355744014	95
MAEL	1.41100123982091	0.158244248446025	0.411804009233244	11
MAF	-1.8043919859581	0.071169878501585	0.23949796634788	61
MAF1	0.617331601100763	0.537016027111085	0.82798557058033	109
MAFA	-1.08534153332914	0.277770417061013	0.580083958290619	13
MAFB	-1.45690084295273	0.145143753333709	0.389831284020616	73
MAFF	-0.988934954745602	0.322694967031591	0.630636370395394	15
MAFG	-1.75065453436272	0.0800054354556174	0.258225389976587	119
MAFK	0.815168774427863	0.414975708952203	0.72494452111737	76
MAGEA1	-0.702609781773954	0.482298964863826	0.780419438866389	10
MAGEA10	-2.5617639571735	0.0104142070959079	0.0609974987046035	23
MAGEA11	-3.30858771419416	0.000937678072621413	0.0184093164893283	100
MAGEA12	-0.792052958856	0.428329797398456	0.734854451728008	16
MAGEA13P	0.0251360418832598	0.979946451991347	0.999804859561379	2
MAGEA2B	-1.12458871495225	0.260763357987759	0.559519189232685	16
MAGEA3	-1.67817639705135	0.0933126680572082	0.288179006304494	17
MAGEA4	-3.46020021733673	0.000539773882510499	0.0184093164893283	98
MAGEA5	-0.438112348088274	0.661304843634864	0.899883307631763	7
MAGEA6	-1.08396999568281	0.278378102486919	0.58070025930605	24
MAGEA8	-0.439246917446729	0.660482632570009	0.899599734802134	2
MAGEB1	-0.51052399683831	0.609684407185829	0.873889277451561	8
MAGEB10	-0.82791102351219	0.407720891552282	0.720414486480682	4
MAGEB16	0.313883222740484	0.753609733216911	0.945499705864169	5
MAGEB17	-1.65222228329053	0.098489245472214	0.29934174607213	13
MAGEB18	-0.038272035221309	0.96947078710567	0.999804859561379	4
MAGEB2	-1.59600012265225	0.110488765955831	0.32593151132396	10
MAGEB3	-1.53012340074458	0.125986186970578	0.353994754718728	9
MAGEB4	0.00516232180448975	0.995881081428875	0.999804859561379	5
MAGEB5	-0.511905430998573	0.60871719699871	0.873889277451561	6
MAGEB6	-2.20852289454061	0.0272078436537716	0.123109364640602	14
MAGEB6B	-0.19911795787497	0.842170474139567	0.986446249510001	5
MAGEC1	-0.764549989776758	0.444539558445164	0.747973176646846	4
MAGEC2	-0.512618253044349	0.608218382471131	0.873889277451561	5
MAGEC3	0.0286860482204537	0.977114983696903	0.999804859561379	7
MAGED1	0.71951353068288	0.471824568392413	0.772531017033706	8
MAGED2	3.21137820003937	0.00132099955822133	0.0184093164893283	34
MAGED4B	-3.08843292085989	0.00201215113026646	0.0215021894718368	58
MAGEE1	0.421228393363073	0.673588312885179	0.905176535509247	8
MAGEE2	2.17470641174514	0.0296521241144268	0.131213914858774	4
MAGEF1	-2.6108021728528	0.00903301304580185	0.0556861289576053	78
MAGEH1	-0.945586320360051	0.344359624214751	0.656880622777038	11
MAGEL2	-0.483801939706439	0.628526438345882	0.884250430417982	19
MAML1	0.247137856778187	0.804801536741801	0.971078851239806	12
MAML2	1.64869467382935	0.0992102018698315	0.301077485734881	43
MAML3	2.99534327354633	0.00274136138653985	0.0254971991924008	22
MAMLD1	0.691236658574122	0.489416830042014	0.786351177616113	12
MAMSTR	-2.91081960631584	0.00360482076703993	0.0295595302897274	101
MAX	-0.0646578802795966	0.948446399277779	0.999804859561379	51
MAZ	-0.935090374042165	0.34974172689197	0.661611232886976	67
MBTD1	1.14949744261857	0.250350920674888	0.547285092095594	25
MBTPS2	0.301303165293044	0.763183327455833	0.947611436871922	17
MCRS1	-0.431832518378204	0.665863143284401	0.902362781882182	111
MDFIC	2.88179588607837	0.00395415787741314	0.0309101290884163	138
MDM2	0.0891033516324524	0.928999773774683	0.999804859561379	20
MDM4	-0.130781261866776	0.89594834653294	0.996824437223536	22
MECOM	2.34457882309489	0.0190485836844993	0.0949018057671603	67
MECP2	-0.196096542350823	0.844534602526743	0.986446249510001	42
MED1	0.108622675888512	0.913501774414469	0.999804859561379	44
MED10	-2.142825087453	0.0321271460554172	0.137034896869073	73
MED12	-1.11171071576443	0.266262550963013	0.566654094157514	45
MED12L	-3.29030760575967	0.0010007791371263	0.0184093164893283	50
MED13	0.677439769918309	0.498126972458491	0.796131334661185	31
MED13L	-1.24737186226908	0.212261178830921	0.494130292505587	25
MED14	0.818707743605329	0.412953177529904	0.72494452111737	12
MED16	-0.0954591587374742	0.923950128676602	0.999804859561379	228
MED17	-0.124713116872642	0.900750672716097	0.997055212840934	24
MED18	1.87802516665691	0.0603777223631316	0.213178988097595	33
MED19	-1.37923017992596	0.167823795716158	0.423565333660504	25
MED20	-0.475158469271433	0.634674026222853	0.887049657008965	23
MED21	-1.57760383810529	0.114656650094241	0.334371227305489	31
MED23	-1.01117535222307	0.311932510447153	0.622316200087717	54
MED25	0.62008391254911	0.535202543044548	0.82645803918255	31
MED26	-0.759282831356091	0.447683385522239	0.751375038858962	21
MED27	-2.5703089835	0.0101607844250589	0.0602240144053872	58
MED29	0.237830694831599	0.812012410592984	0.974511907336503	41
MED30	-2.02014443862691	0.0433684075131769	0.168524430742693	34
MED31	1.13681183828037	0.255616953383629	0.552781979922186	5
MED4	0.341804538844379	0.732497993597981	0.934935495005301	36
MED6	-0.944830320074105	0.344745509838848	0.656880622777038	14
MED7	1.21441260211192	0.224590205500136	0.511566579194753	49
MED8	1.50428817664963	0.132507182062865	0.365420724379359	18
MEF2A	-0.0766513003959987	0.938900947150087	0.999804859561379	17
MEF2B	-1.25087174914422	0.210981272447678	0.49228963571125	78
MEF2C	2.74164764112154	0.00611318805867923	0.0405326561382395	154
MEF2D	0.718519061080697	0.472437299348481	0.772904343966692	59
MEIS1	-0.699224191853095	0.484411934269363	0.781673554977631	59
MEIS2	-2.71183860940445	0.00669111620588947	0.0440736146151867	11
MEIS3	-0.783766591552867	0.433177080323716	0.737502334212158	109
MEIS3P1	1.94982215222419	0.0511973202911322	0.19047299345349	70
MEIS3P2	1.60850785830704	0.107723996523977	0.320151092890314	45
MEN1	-0.380511862538529	0.70356549258466	0.92142312555579	52
MEOX1	-0.503532979383189	0.614589599474807	0.876302700741581	27
MEOX2	1.27971232477327	0.20064632843588	0.478739280080385	97
MESP1	1.20842508340376	0.226883796305403	0.513299039163913	63
MESP2	1.82858160741166	0.0674623100953654	0.231282902698957	24
MGA	0.0145053320632622	0.988426825340471	0.999804859561379	37
MIER1	2.14740052101343	0.0317614092155828	0.136635270051618	107
MIER2	-0.748756754733546	0.454003829135184	0.754847457338743	102
MIER3	1.8409097557286	0.0656347845280632	0.226954013970532	39
MITF	1.23161130928999	0.218094314310665	0.502228059564631	110
MIXL1	-1.04359692309555	0.296671917080831	0.601426721912603	33
MKX	0.0157120356958937	0.987464125086117	0.999804859561379	5
MLF1	-2.00416557911194	0.0450523264196824	0.172072478663768	20
MLF2	-2.16306533928012	0.03053615450861	0.134197957862279	74
MLIP	-3.40761481714739	0.000655333311503406	0.0184093164893283	99
MLLT1	-0.636794679241496	0.524258592338312	0.815937632236518	64
MLLT10	0.122937077616215	0.902156924617047	0.997055212840934	12
MLLT11	-3.3101836333955	0.000932347822919157	0.0184093164893283	98
MLLT3	1.4267431689147	0.153653937628385	0.406172053546614	13
MLX	2.31732478606989	0.0204860460986256	0.100137388350703	21
MLXIP	-0.514331892350839	0.607019967782556	0.873889277451561	32
MLXIPL	-0.160869938721094	0.872195839316179	0.991209871137463	31
MNAT1	-0.893631614812072	0.371519025294476	0.677939469656162	21
MNT	-0.485137872938282	0.627578548383518	0.883535601753671	63
MPND	-0.352315682756946	0.724601528072987	0.928063110413319	105
MRGBP	-2.56966920845128	0.0101795665082641	0.0602240144053872	67
MRTFA	-0.32207112992327	0.747398808913318	0.945499705864169	76
MRTFB	2.82630724048792	0.00470880751061794	0.0335460790384094	41
MSANTD1	3.51609291942395	0.000437947682907387	0.0184093164893283	33
MSC	-2.80969664074416	0.00495882160234911	0.0348331209759418	51
MSGN1	-2.58464519112258	0.00974792526248937	0.0591648998560155	12
MSX1	-1.66029069905284	0.0968559859181798	0.295215874930301	11
MSX2	-2.47447253430721	0.0133433080140785	0.0736447961546253	11
MT-RNR1	0.782999920898108	0.433627158498727	0.737643489774718	10
MTA1	-0.820302680870335	0.412043578479683	0.724230576697885	51
MTA2	-3.44006917199089	0.000581565529679905	0.0184093164893283	103
MTA3	-0.0470803380165905	0.962449197947904	0.999804859561379	47
MTDH	-0.750395015737426	0.453016831948317	0.754847457338743	68
MTF1	0.887468795335711	0.374826559193367	0.680855838534787	25
MTF2	-1.31277624842027	0.189258355727119	0.46424912900584	20
MXD1	-3.3099149766984	0.000933243146415091	0.0184093164893283	111
MXD3	-1.32626581552675	0.184751665682246	0.456538863906066	72
MXD4	1.67868678475459	0.0932131028275561	0.288179006304494	151
MXI1	-1.14412334365467	0.252572487919972	0.549153818432061	18
MYB	-2.27730785213544	0.0227678483741318	0.10839006489012	21
MYBL1	-1.40883081291652	0.158885201616881	0.412937089325115	20
MYBL2	-2.52575844965895	0.0115448828897273	0.0662676277870349	130
MYC	-3.08632069769139	0.00202650125677822	0.0215409578035314	110
MYCBP	1.05446960332481	0.291667970133346	0.595783730651263	32
MYCL	-2.42810304471828	0.015178030185145	0.0821904653422002	28
MYCLP1	-0.00231628937783922	0.998151870119667	0.999804859561379	2
MYCN	0.107440377275307	0.914439623441752	0.999804859561379	12
MYF5	-1.2469610545343	0.212411778010886	0.494130292505587	2
MYF6	-0.405929682805767	0.684794267516439	0.911093830093063	11
MYNN	-3.02390246572182	0.00249536873005351	0.0243710558099949	115
MYOCD	1.59947834422791	0.109714356689501	0.32509755544131	94
MYOD1	-2.86512362052203	0.00416846477473757	0.0313449231618331	14
MYOG	-0.363222182107282	0.716438918625022	0.926648564566493	8
MYPOP	-2.248901156203	0.0245187854358566	0.113432173839469	29
MYRF	3.12362521937842	0.0017863783551586	0.0208189515869451	41
MYRFL	1.31784900841786	0.187554198280176	0.462176963595746	9
MYSM1	1.50181523210635	0.133144833372668	0.365420724379359	30
MYT1	-0.221581960076609	0.824639327186746	0.97913735716204	10
MYT1L	-0.0165267942526922	0.986814126282722	0.999804859561379	5
MZF1	0.0736729251306976	0.941270642842509	0.999804859561379	79
N4BP2L2	1.42931949656741	0.152912424798049	0.405425730268713	53
NAB1	-3.30294278820989	0.000956759056787374	0.0184093164893283	66
NAB2	-1.75162976213089	0.0798374914927067	0.258225389976587	11
NACC1	-0.175257941689731	0.860876957894307	0.989548990740305	91
NACC2	0.641694775540977	0.521071382093228	0.813389593337447	43
NANOG	0.558879724220195	0.576243807952276	0.856901413897944	11
NANOGP1	1.01467059837865	0.310262873864386	0.620217028451296	8
NANOGP8	0.978941729907742	0.327608771738694	0.635909200408732	4
NCOA1	-1.56034198738984	0.118679086135315	0.342712170084325	21
NCOA2	3.39438970608168	0.000687817391264316	0.0184093164893283	109
NCOA3	-1.0049840212816	0.314904544023073	0.624440856269778	23
NCOA6	-1.35338047082369	0.175934113127614	0.440221898153281	15
NCOA7	3.43936119172896	0.000583088716636846	0.0184093164893283	59
NCOR1	1.23122034031634	0.218240465903396	0.502228059564631	21
NCOR1P1	0.99560756648897	0.319440856941456	0.626599360556205	1
NCOR2	0.0791825904514978	0.936887391915721	0.999804859561379	44
NDN	-0.111917495365555	0.910888824459171	0.999804859561379	39
NELFA	-0.0648976948710529	0.948255455953351	0.999804859561379	39
NELFB	-0.403788765734691	0.686368058372601	0.91116705610686	165
NELFCD	-2.9186791550914	0.00351517818615785	0.0293794079011739	38
NELFE	-0.686463026087322	0.492421172230892	0.78872137981395	84
NEUROD1	-0.0261447509653754	0.979141883139779	0.999804859561379	6
NEUROD2	-2.92415094753011	0.00345397210052459	0.0291555880250164	18
NEUROD4	-0.0105007885557675	0.991621736909089	0.999804859561379	3
NEUROD6	0.183885658717038	0.85410315564705	0.989548990740305	6
NEUROG1	-1.6763536839603	0.0936689353493452	0.288179006304494	15
NEUROG2	-0.061953251222046	0.950600060563086	0.999804859561379	6
NEUROG3	-0.0150292464536242	0.988008847719265	0.999804859561379	6
NFAT5	-0.605659950749712	0.544740583581075	0.835407505659831	30
NFATC1	-0.998330409442788	0.318119166437448	0.626599360556205	12
NFATC2	1.3396616374303	0.180355374961459	0.448352713011968	62
NFATC2IP	-0.241527154983598	0.809146572707024	0.973103476266504	47
NFATC3	-0.198540270662472	0.84262238036525	0.986446249510001	24
NFATC4	0.854512482663286	0.392821096027966	0.701491183929053	73
NFE2	3.37702625103413	0.000732740566453784	0.0184093164893283	80
NFE2L1	-3.21924279753963	0.00128529606442005	0.0184093164893283	26
NFE2L2	-3.20970852670575	0.00132869631207198	0.0184093164893283	57
NFE2L3	-0.0315808230537979	0.974806336747413	0.999804859561379	8
NFE4	0.648912484797316	0.516394944518446	0.809233575302307	4
NFIA	0.943785616195978	0.345279212370609	0.656880622777038	3
NFIB	0.410634834466846	0.681340316893977	0.909510097435215	10
NFIC	0.883590294504135	0.376917420145482	0.683393642501098	72
NFIL3	-2.15507057854446	0.031156311632268	0.135480582199249	27
NFIX	0.109696879526262	0.912649775259291	0.999804859561379	29
NFKB1	1.87914169652351	0.0602251480547991	0.213014652186781	74
NFKB2	0.370228121483356	0.711212525022978	0.924670113404206	29
NFX1	-0.643923443845906	0.519625078602608	0.81186081631847	45
NFXL1	0.197164838605596	0.843698545219067	0.986446249510001	22
NFYA	1.42912609056872	0.152967995790784	0.405425730268713	8
NFYB	-2.74380482605997	0.00607316340135667	0.0405326561382395	20
NFYC	0.635385555602977	0.525176986378801	0.816173970441623	26
NHLH1	0.108207481098619	0.913831110744716	0.999804859561379	4
NHLH2	-0.492416263411147	0.622425104506964	0.882333763967306	7
NKAP	0.240602787306727	0.809862989682082	0.973103476266504	21
NKRF	-1.77616893641895	0.075705076610736	0.251410416832653	37
NKX1-2	-3.04044921900645	0.00236225523116995	0.0239154892328108	8
NKX2-1	3.61532882500685	0.00029996662798056	0.0184093164893283	273
NKX2-2	-1.09797836429211	0.272213936899082	0.573399908516828	9
NKX2-3	-3.22871903870125	0.00124345993399145	0.0184093164893283	33
NKX2-4	1.04116357084574	0.297799639693887	0.60250751993225	7
NKX2-5	-3.62963929128468	0.000283817546666104	0.0184093164893283	76
NKX2-6	-0.00252286694112725	0.997987045554076	0.999804859561379	3
NKX2-8	-0.233255763459526	0.815562806836794	0.975146000650467	13
NKX3-1	-2.56519508058519	0.0103117810771023	0.0605741759763115	12
NKX3-2	-0.997186301812311	0.318674088695913	0.626599360556205	36
NKX6-1	-1.55785622012009	0.119267335330467	0.342712170084325	5
NKX6-3	-0.469418273719945	0.638770689082905	0.888705203855649	16
NLRC5	-0.279498751355669	0.779862096128085	0.958252569493163	107
NOBOX	-0.0239016058518339	0.980931093365367	0.999804859561379	3
NOC2L	-0.311790099249771	0.755200048897757	0.945499705864169	90
NONO	-0.395169440990535	0.692717843756187	0.913818931314265	15
NOTO	3.15268445927149	0.00161776574875688	0.0200283149209203	29
NPAS1	-1.8221627254323	0.0684302985041479	0.233010965584463	34
NPAS2	-1.40191335354932	0.16094112237284	0.415058684014167	9
NPAS3	0.666622651464563	0.505013196643476	0.800343630394276	8
NPAS4	-0.529409364980315	0.596521503060975	0.87105832281832	21
NPAT	-0.393307897538588	0.694092085909203	0.914380983994485	60
NPM1	-0.0330140704582356	0.973663367154982	0.999804859561379	47
NR0B1	-0.814155922091151	0.415555632909865	0.725197670390375	39
NR0B2	2.92762826231595	0.00341558148170329	0.0289531780453245	122
NR1D1	-1.22457213778499	0.220736471062728	0.504504630676929	25
NR1D2	-0.462204517421523	0.643934664030411	0.892798302303034	5
NR1H2	-0.203452084160277	0.838781693689242	0.984869913864224	92
NR1H3	0.374537325791296	0.708004592017391	0.924224317974619	90
NR1H4	2.99240403714389	0.00276789671199389	0.0255407770122348	26
NR1I2	1.05350561607326	0.292109321708733	0.595784393211011	5
NR1I3	-0.251587561665354	0.801359873793527	0.969842373668887	7
NR2C1	0.135816346394532	0.891966468250388	0.996819875503981	16
NR2C2	0.115357106975401	0.90816207560515	0.998179367200467	12
NR2E1	1.13717397867845	0.255465562641813	0.552781979922186	13
NR2F1	3.14529731241255	0.00165918119789355	0.0202017880398069	79
NR2F2	1.8733596889033	0.0610187325890165	0.21506426977427	44
NR2F6	1.2292149299812	0.218991232635056	0.503223029718741	75
NR3C1	2.85631067637289	0.00428595526999046	0.0318906819904105	82
NR3C2	3.35182444116677	0.000802809102476442	0.0184093164893283	158
NR4A1	1.57752466663959	0.114674850977343	0.334371227305489	39
NR4A2	1.01886988221284	0.308264743737833	0.618067734699908	21
NR4A3	0.428727070956421	0.668121857615288	0.903632966780147	15
NR5A1	-0.280713636561323	0.778930048682096	0.95769480659915	10
NR5A2	1.59620292675367	0.110443494391932	0.32593151132396	73
NR6A1	0.448300244153885	0.653936524459765	0.896151758280811	8
NRF1	-2.1373578732716	0.0325688950384626	0.138039894793822	28
NRIP1	-0.108160451214154	0.913868416216083	0.999804859561379	15
NRL	0.156349107190193	0.875757850308112	0.991209871137463	44
NSD1	-0.195171807003753	0.845258449374119	0.986707858682513	14
NSD2	-2.18832923977084	0.0286456284902108	0.128171642843727	62
NSD3	-2.75719998518696	0.00582986841327072	0.0395682623049354	66
NSMCE3	-1.00795824358725	0.313474508654996	0.623534938502858	17
NUP107	-2.24735363826716	0.0246174354375354	0.113432173839469	53
NUP35	-1.18537814378881	0.235867969300078	0.528237288511551	60
NUP85	-1.8844756803938	0.0595006613790027	0.210823331058935	33
NUPR2	-1.13206054632025	0.257608980462193	0.554107539345338	12
OLIG1	1.52161437735008	0.1281057329338	0.358946188931665	7
OLIG2	-0.0209456557468065	0.983289006581881	0.999804859561379	4
OLIG3	0.0632791637716747	0.949544207407132	0.999804859561379	2
ONECUT1	3.36562717097502	0.000763698546627267	0.0184093164893283	13
ONECUT2	0.0679989588219398	0.945786463107431	0.999804859561379	6
ONECUT3	-3.50679864184148	0.000453532199088924	0.0184093164893283	41
OSR1	1.41372750380113	0.157441926592044	0.410888165179277	47
OSR2	-1.86025980545231	0.0628487773619597	0.220354613822298	38
OTX1	-3.17967485092657	0.00147440388285153	0.0193969568546995	102
OTX2	-2.31904007895987	0.0203928632744536	0.100137388350703	32
OVOL1	-2.30765460829648	0.0210183546257818	0.102241826738973	26
OVOL2	2.05978765325208	0.0394188454278001	0.158702325580061	45
OVOL3	-2.68375049801011	0.00728014140405653	0.0471800131637083	6
PASD1	-0.0152971074289131	0.98779515015157	0.999804859561379	6
PATZ1	0.931698335107449	0.351492447136035	0.663050071639712	47
PAX1	-1.89300013003935	0.0583578521733983	0.209358794672066	13
PAX2	-1.31665737076623	0.187953498883885	0.462176963595746	5
PAX3	-3.20171627166085	0.0013661148248516	0.0186591139165801	28
PAX4	0.788179449483453	0.430591747945963	0.735886105847412	4
PAX5	-0.0757044594466799	0.939654228052387	0.999804859561379	74
PAX6	-3.63130650676536	0.000281990038356298	0.0184093164893283	62
PAX7	-0.44473001303352	0.656514877079218	0.897847779477297	5
PAX8	-0.196085392270249	0.844543329595421	0.986446249510001	7
PAX9	-3.26371643670614	0.00109961159792957	0.0184093164893283	25
PAXBP1	0.140630968105589	0.888161482342529	0.994729796302909	16
PAXIP1	-0.768645561397295	0.442103750316455	0.745748475554792	47
PBX1	0.00708302264339036	0.994348612843332	0.999804859561379	4
PBX2	1.40031408584798	0.161419284588881	0.415758131716747	34
PBX3	-1.02525356865664	0.305243558005901	0.613848156190045	7
PBX4	0.469897215241012	0.638428453976697	0.888705203855649	93
PCBP1	-2.35135518058764	0.0187051693279536	0.0937124318699722	54
PCGF1	0.464821197407976	0.642059506499575	0.891428851802105	12
PCGF3	0.381482419914613	0.702845313633806	0.92142312555579	71
PCGF5	1.40508962775135	0.15999462803143	0.413679804009193	32
PCGF6	-1.69557083347412	0.0899671852311841	0.281094984649221	53
PDX1	-0.0206631335988555	0.98351437786287	0.999804859561379	8
PEG3	0.829569270082328	0.406782357127443	0.720022692043202	67
PER1	0.699693774247439	0.484118565333049	0.781673554977631	54
PER2	1.59325016284044	0.111104082005202	0.32673566603759	10
PER3	2.85242363986298	0.00433872351206638	0.0320338811672671	49
PERM1	0.356917759559068	0.721153373964864	0.927826060709236	41
PFDN5	0.142001742692128	0.887078629167712	0.994729796302909	43
PGBD1	-3.0803448374746	0.00206761054814157	0.0217477989068923	33
PGR	1.24433624050348	0.213375838322235	0.495225814217451	68
PHC1	0.0762036290732411	0.93925709550416	0.999804859561379	38
PHC2	2.1614464081372	0.0306608725149057	0.134197957862279	95
PHC3	-2.80446462063785	0.00504002185809093	0.0350359996986321	29
PHF1	0.49141922930711	0.623129966519954	0.882333763967306	64
PHF10	-1.26357143503999	0.206383891676546	0.484941799272726	31
PHF12	1.0995454976656	0.271530200042693	0.573399908516828	55
PHF14	1.01691958821505	0.309191684087128	0.619308168824566	24
PHF19	-1.63817436715336	0.101385325138023	0.305371991307778	28
PHF2	0.501810881511099	0.615800558054822	0.877406610732012	33
PHF20	0.545747746919751	0.58523934610605	0.861352268371468	27
PHF20L1	-1.54506423132477	0.122330727714553	0.348706636125336	20
PHF21A	-2.49866744260676	0.0124661234699114	0.0697616770224291	27
PHF6	-1.58730526692188	0.112443522942942	0.329464541347288	27
PHF8	-0.973374130093482	0.330367391539167	0.639478601080314	11
PHIP	-1.11442369334312	0.265097463465985	0.564772856949273	25
PHOX2A	-0.646331395062027	0.518064759925182	0.810585749758326	5
PHOX2B	0.893301741047815	0.371695605879205	0.677939469656162	7
PIAS1	0.676605677688696	0.498656175791642	0.796343606649769	40
PIAS3	-0.206382978044026	0.836491766175986	0.983330578260711	17
PIAS4	-0.828115554350011	0.407605061459057	0.720414486480682	32
PITX1	-3.37449282242284	0.000739518444288144	0.0184093164893283	118
PITX2	-0.574531654623246	0.565608086258684	0.848557222311652	11
PITX3	-1.00999188394382	0.312499178478781	0.622828223773681	15
PKNOX1	-0.320081020337466	0.748906912987325	0.945499705864169	5
PKNOX2	1.21561733913575	0.224130725887896	0.511099464595668	141
PLAC8	0.854519826541387	0.392817028738606	0.701491183929053	12
PLAG1	-0.613757476681	0.53937560090206	0.829078486772944	4
PLAGL1	-0.712607184994159	0.47608886444404	0.775222874864608	18
PLAGL2	-2.56822105662562	0.0102221945805062	0.0602240144053872	15
PML	-0.815449644975433	0.414814977018233	0.72494452111737	51
POGZ	0.22705791002769	0.820378712204568	0.976398553996852	8
POU1F1	1.35648700795802	0.174944266323765	0.438780313413787	5
POU2AF1	-0.767237547289082	0.442940292589465	0.746532758231741	122
POU2F1	-2.57867102185414	0.00991811911817277	0.0598363402654928	33
POU2F2	-0.530110451358488	0.596035353189796	0.87105832281832	115
POU2F3	0.748917196934306	0.45390711457164	0.754847457338743	26
POU3F1	-2.40080837392706	0.0163589006435128	0.0855307078046383	15
POU3F2	2.36701201747919	0.017932350522633	0.0916694458014498	13
POU3F3	-1.11050504863587	0.266781453785125	0.567157609158007	10
POU3F4	-1.07106183605327	0.284141626708874	0.585943166684079	4
POU4F1	0.14751514188531	0.882725428977913	0.994613228724974	13
POU4F2	-0.0546155235052575	0.956444771248888	0.999804859561379	3
POU4F3	-0.668311034429092	0.50393507119907	0.800343630394276	15
POU5F1	0.0483061813220637	0.961472228324221	0.999804859561379	11
POU5F1B	-1.2560206261259	0.20910849192942	0.489568851666724	10
POU5F2	-0.0924868654202045	0.926311226368413	0.999804859561379	9
POU6F1	0.213589188071899	0.83086743150912	0.979584900177126	61
POU6F2	-3.00071989294258	0.00269342203642521	0.0251681015588387	17
PPARA	-1.00313676509739	0.315794878033894	0.624440856269778	8
PPARD	0.0902087348144962	0.928121343251531	0.999804859561379	83
PPARG	0.253956040828561	0.799529519259228	0.969842373668887	9
PPARGC1A	1.39146522579678	0.164084397485069	0.419343976302778	16
PPARGC1B	-3.59774339590109	0.000320990066675964	0.0184093164893283	90
PPP1R13L	-0.934038368443248	0.350284101583277	0.662013885306495	18
PPRC1	-1.29667378471076	0.19474345304436	0.469675386754045	9
PRDM1	-1.58705544684773	0.112500087289318	0.329464541347288	205
PRDM10	-0.789650776462699	0.429731745644724	0.735886105847412	4
PRDM14	-0.0296152117495355	0.97637393341329	0.999804859561379	3
PRDM15	-0.737658179813237	0.460722191268522	0.759303430892912	28
PRDM16	3.12791726294449	0.00176049731378303	0.0208189515869451	103
PRDM2	0.88931510360233	0.373833756564054	0.680213987083637	31
PRDM5	2.67945883359563	0.00737412699839246	0.0476354377484581	18
PRDM8	2.37316925397577	0.0176361802703851	0.0908489388800094	27
PRMT5	-0.485472949764017	0.627340896290844	0.883535601753671	26
PROP1	-0.197664265973859	0.843307749657317	0.986446249510001	5
PROX1	0.670489255532552	0.502545953499219	0.800093198431612	17
PROX2	0.250938160119811	0.801861920601281	0.969842373668887	19
PRRX1	-0.448457028288193	0.65382339228036	0.896151758280811	190
PRRX2	-1.05738669846057	0.290335139651366	0.594580321671349	52
PSIP1	-1.40649836820484	0.159576188816432	0.413316403640336	31
PSPC1	-0.493327278304458	0.621781357002534	0.882333763967306	28
PTF1A	-0.0298892491688509	0.976155379940673	0.999804859561379	7
PTMA	-0.239968775694566	0.810354462814267	0.973103476266504	18
PTMS	-2.87221058792819	0.00407611242979034	0.0313449231618331	66
PTOV1	-0.696569127605132	0.486072481950117	0.782467641216174	126
PURA	1.07358888447245	0.283006981697091	0.584338156453706	46
PURB	-0.316313417813176	0.751764627673516	0.945499705864169	18
PURG	-2.98002586776078	0.00288224043063016	0.0261321314201644	52
RAI1	-0.21533962561133	0.829502537449159	0.979584900177126	67
RARA	3.03023485820865	0.00244363637815443	0.0243710558099949	122
RARB	-3.08111576380754	0.0020622645295971	0.0217477989068923	80
RARG	-3.35226618445006	0.000801529136179181	0.0184093164893283	82
RAX	-1.13306615885915	0.257186471393165	0.554107539345338	4
RAX2	-0.301355023851817	0.763143786815008	0.947611436871922	3
RBAK	-0.156511629659422	0.875629753065859	0.991209871137463	20
RBBP4	1.39015649651748	0.164481360540861	0.419343976302778	68
RBBP7	-1.92298310707375	0.0544821714258662	0.199166866821272	27
RCOR1	-1.51585988508844	0.1295547856241	0.361493839331691	19
RCOR2	-2.04369129609697	0.0409840536164994	0.16240032291035	45
RCOR3	0.98227368150093	0.325965036741551	0.633330521096495	17
REL	-0.0513814543581436	0.959021562529148	0.999804859561379	23
RELA	-0.864090005573182	0.387538448894747	0.695147092704953	35
RELB	-1.2440744788956	0.213472152868249	0.495225814217451	32
REPIN1	1.24141077972796	0.214454038942059	0.496929831873813	62
REST	0.0639782752894771	0.94898752516921	0.999804859561379	50
RFPL1	-3.1343909047083	0.00172211275856641	0.0207284323136586	28
RFPL2	0.288545268298217	0.772929384140623	0.955407879369588	9
RFPL4A	-0.0780069472172467	0.937822526754487	0.999804859561379	5
RFPL4AL1	0.048431937763687	0.961372006507466	0.999804859561379	3
RFX1	0.7868036258425	0.431396830640936	0.736343443294512	26
RFX2	-3.10781130116993	0.0018847836852876	0.0208189515869451	19
RFX3	0.0422679700529295	0.966285078651703	0.999804859561379	6
RFX4	-1.33167614528995	0.182966631269659	0.453242863404125	11
RFX5	3.42574104793119	0.000613124622565508	0.0184093164893283	55
RFX6	-1.07055928358504	0.284367639381273	0.585943166684079	3
RFX7	-3.09965721961305	0.00193744721973735	0.0210396295375802	56
RFX8	-0.997854339215791	0.318349996050502	0.626599360556205	62
RFXANK	-0.866106213130691	0.386431918294232	0.693781701387946	83
RFXAP	1.48837753816271	0.136651356834296	0.371995360271138	15
RHOXF1	0.00754349325243662	0.993981220281812	0.999804859561379	2
RHOXF2	0.175122128460661	0.860983670948818	0.989548990740305	5
RHOXF2B	0.15760823995122	0.874765510190502	0.991209871137463	4
RING1	-0.0241676154378921	0.980718909718371	0.999804859561379	70
RIPPLY1	-0.937145373359294	0.348683784581999	0.660854455872865	6
RIPPLY2	-3.48881028194522	0.000485175366324251	0.0184093164893283	41
RIPPLY3	-1.79863143768607	0.0720770009669018	0.241740726114367	18
RLF	-1.96686255104458	0.0491990589134144	0.184404681636286	24
RNF10	0.823898189025548	0.409997409525525	0.722445060548374	60
RNF111	-0.31132516439026	0.755553438758527	0.945499705864169	25
RNF4	1.19446993537571	0.232294194325753	0.52142909095021	18
RNF6	-0.897243341797377	0.369589082334447	0.677939469656162	58
RORA	-1.9088289164253	0.0562841652950701	0.204104961254566	18
RORB	1.81314006556429	0.0698102210072753	0.236906645276379	23
RORC	3.42358784149833	0.000618002747028606	0.0184093164893283	126
RPS6KA1	2.40113155270641	0.0163444594331186	0.0855307078046383	162
RPS6KA4	-1.36548840540664	0.172099594829459	0.432726015034273	35
RPS6KA5	-3.21060131539171	0.00132457565939795	0.0184093164893283	28
RREB1	0.0429257226149756	0.965760743963285	0.999804859561379	21
RRP8	0.416325919687731	0.677171528370594	0.906958400331015	3
RSF1	0.306750944427647	0.759032949817027	0.945520470855199	19
RUNX1	1.93498496797981	0.0529921403398224	0.195341669619639	30
RUNX1T1	0.162486204117353	0.870922991431401	0.991209871137463	81
RUNX2	-0.516893671931727	0.605230385301526	0.873889277451561	44
RUNX3	-0.92127343232995	0.356907688222391	0.669493506665531	68
RUVBL1	-2.70365194026232	0.00685820852833942	0.0449888413544335	153
RUVBL2	-1.40625523715156	0.159648347050722	0.413316403640336	146
RXRA	-1.53549889512067	0.124661328271857	0.351254710376103	36
RXRB	1.22225332346712	0.22161184457641	0.505929767902281	41
RXRG	1.81004105828806	0.0702894202584522	0.23772970589096	27
RYBP	1.75918028212857	0.0785468922618488	0.256169978172166	34
SAFB	-1.61843927632602	0.105567963371986	0.315135272532421	48
SAFB2	-0.359506162606563	0.719216468455953	0.927410709324782	43
SALL1	-2.0219634341851	0.0431801295680967	0.168117985081989	8
SALL2	2.41425221540259	0.0157675435210988	0.0840238592410809	30
SALL3	-0.995087825506569	0.319693551304186	0.626599360556205	3
SALL4	-2.42674139603605	0.0152351111798059	0.0822777912909412	9
SAMD1	-1.12640789707646	0.259992905674283	0.558637163101214	57
SAMD11	1.67677105633734	0.0935872596284513	0.288179006304494	93
SAMD13	1.93319916724559	0.0532116673180838	0.195791647696026	15
SAMD7	-0.134398498684512	0.893087468741198	0.996819875503981	9
SAP130	-1.81200871481722	0.0699848499435252	0.23709875807174	17
SAP18	0.184645412742555	0.853507164114073	0.989548990740305	33
SAP30	-2.05702242092282	0.039684069219296	0.159132325472187	23
SAP30L	0.93725541083348	0.348627193164353	0.660854455872865	12
SATB1	-0.223854029300397	0.822870887262912	0.978193853556917	21
SATB2	-0.0618272787167622	0.950700379764388	0.999804859561379	4
SBNO1	-2.88670681501212	0.00389296801857486	0.0308929467503472	213
SBNO2	-0.0821025831335881	0.934565139017884	0.999804859561379	41
SCAND2P	-1.41972454856329	0.155687888434761	0.408939677564013	8
SCMH1	2.42074215227587	0.0154888594120168	0.0831321142619509	32
SCML1	-1.39937859809602	0.161699481285622	0.415946553012568	23
SCML2	-3.16049975468006	0.00157498737718551	0.0200149354011615	86
SCML4	0.746441066200972	0.455401019794902	0.755014707611668	101
SCRT2	-0.0938149674677576	0.925256141804566	0.999804859561379	5
SEMA4D	0.0395785550160436	0.968429124658426	0.999804859561379	49
SERTAD3	0.554328021906514	0.579354376162203	0.857627355744014	13
SETBP1	-1.26666999369417	0.205273313533036	0.483275006997933	64
SETD3	0.667962222695123	0.504157707098647	0.800343630394276	26
SETD5	0.0661316849138585	0.947272985144432	0.999804859561379	10
SFMBT1	0.570901473806185	0.568066431864652	0.85018342498888	10
SFMBT2	-0.177043834667861	0.859473958304317	0.989548990740305	37
SFPQ	-0.0668911099784585	0.946668390397695	0.999804859561379	23
SFR1	-0.396865284507523	0.691466805342114	0.913318088055428	12
SHOX	0.00272487639025799	0.997825865888591	0.999804859561379	1
SHOX2	-3.22024692797912	0.00128080222355834	0.0184093164893283	123
SIM1	1.64757733217028	0.0994394351598708	0.301317986781569	9
SIM2	-3.25534713278348	0.0011325384667394	0.0184093164893283	39
SIN3A	-1.26960583975391	0.204225068199633	0.482124749721579	27
SIN3B	-0.743817057658549	0.456987159152765	0.755014707611668	87
SIRT1	2.95424394653918	0.00313436134386153	0.0273779649557296	61
SIRT6	-0.539630962203494	0.589451559536803	0.865389392515979	99
SIRT7	-0.448400110437992	0.65386446210097	0.896151758280811	112
SIX1	-1.20855458639914	0.226834012545806	0.513299039163913	11
SIX2	-2.50426449956746	0.0122706263390755	0.0691891076705776	37
SIX3	-0.984494579890783	0.32487239513074	0.633044269464264	7
SIX4	-0.662112985937066	0.507898813993123	0.800917360527616	5
SIX5	-0.663769907051213	0.506837588854172	0.800343630394276	63
SIX6	0.033165740024272	0.973542418583967	0.999804859561379	2
SKI	0.241357792518284	0.80927782253562	0.973103476266504	62
SKIL	-2.56863296328534	0.0102100534754956	0.0602240144053872	24
SKOR1	-0.608045213889674	0.543157486796917	0.833616035886177	9
SKOR2	0.00108565140616691	0.999133775674767	0.999804859561379	4
SLC2A4RG	-0.00910822685050372	0.992732786900918	0.999804859561379	47
SLC30A9	3.11680630496726	0.00182821647707826	0.0208189515869451	162
SLTM	-0.417134501473556	0.676580030299706	0.906958400331015	27
SMAD1	-1.55840312088035	0.119137717288028	0.342712170084325	18
SMAD2	-0.923650951758371	0.355668076688318	0.667791743987693	44
SMAD3	-3.27394153380293	0.00106058552932367	0.0184093164893283	47
SMAD4	-0.46612243065005	0.641127868498118	0.890750959759834	28
SMAD5	0.121363557345755	0.903403080495385	0.997055212840934	8
SMAD6	1.74187085209311	0.0815310453355694	0.262073392126654	30
SMAD7	1.92263803731447	0.0545255235200099	0.199166866821272	82
SMAD9	0.570345600151357	0.568443318355605	0.85018342498888	14
SMARCA2	-1.55275719189348	0.120481153237866	0.344795778995545	18
SMARCA4	-0.0847227878820108	0.93248177899037	0.999804859561379	15
SMARCA5	1.2685502462451	0.204601519086218	0.482446539723254	59
SMARCB1	-2.34388048833194	0.019084285480305	0.0949018057671603	122
SMARCC1	-0.70267234032969	0.482259968850175	0.780419438866389	14
SMARCC2	-0.103175869918643	0.917823390703941	0.999804859561379	14
SMARCD1	-3.0950824416919	0.00196758198935942	0.0211383540995887	31
SMARCD2	-1.72913045929437	0.0837857488230986	0.266692090190203	73
SMARCD3	1.98857653319753	0.0467479637273613	0.177201243638243	39
SMARCE1	0.269462214324889	0.787574015760817	0.963670172901068	20
SNAI1	-0.856331221513137	0.391814596336939	0.700939914551122	88
SNAI2	-3.39148357891486	0.000695153286248942	0.0184093164893283	244
SNAI3	0.878789542135386	0.37951539761448	0.685037227140603	86
SOHLH1	-2.215384461522	0.0267336869506043	0.121511260370507	10
SOHLH2	0.667241018424485	0.504618194311036	0.800343630394276	5
SOX1	0.283774216380659	0.776583414936373	0.95769480659915	5
SOX10	-0.439994369901141	0.659941185036615	0.899599734802134	11
SOX11	0.250011778195992	0.802578240141836	0.969842373668887	13
SOX12	-1.2115190251133	0.225696547670643	0.512359084947032	55
SOX13	-0.732514416806964	0.463854646517491	0.763213746808877	36
SOX14	1.27587781235115	0.20199871546957	0.480787083817416	6
SOX15	-3.5113916295904	0.00044576716945356	0.0184093164893283	77
SOX17	1.37517780645043	0.169076327079533	0.426191143165347	41
SOX18	0.165076321460166	0.868883910046147	0.990922442968231	49
SOX2	-3.15147655970403	0.00162447201035567	0.0200283149209203	99
SOX21	-3.10660472043311	0.00189249265202114	0.0208189515869451	53
SOX3	0.171063688477049	0.864173687366627	0.989548990740305	10
SOX30	0.0973537868764304	0.92244544306307	0.999804859561379	4
SOX4	0.166037523423274	0.868127420579872	0.990922442968231	11
SOX5	-2.57191211469349	0.0101138562373545	0.0602240144053872	30
SOX6	-0.618272071573382	0.536396008606984	0.827664808979593	14
SOX7	-2.93288740354132	0.00335825659033329	0.0287991987417378	36
SOX8	0.170472814699816	0.864638312146596	0.989548990740305	8
SOX9	-0.249443692305907	0.803017591426566	0.969842373668887	8
SP1	-2.51726983851143	0.011826821294308	0.0675002385802976	45
SP100	1.9080450610594	0.0563853924819731	0.204104961254566	63
SP110	0.784180668672107	0.432934106539635	0.737502334212158	40
SP140	0.132824921497547	0.894331844483201	0.996819875503981	118
SP140L	1.30716221386506	0.191157625585935	0.465497781578354	23
SP2	-0.186335251324197	0.852181864958983	0.989548990740305	43
SP3	0.233490828610537	0.815380290477022	0.975146000650467	65
SP4	2.19200431709833	0.0283791949111393	0.127833638063854	34
SP5	2.86415605624875	0.00418121960548058	0.0313449231618331	26
SP6	-2.7576977583843	0.00582099915543499	0.0395682623049354	41
SP7	0.526589633802344	0.598478592180437	0.871305289656535	14
SP8	3.24638641425824	0.00116880077869932	0.0184093164893283	11
SP9	-3.5740112238445	0.000351553849741621	0.0184093164893283	62
SPAG8	0.748330033996544	0.454261112952982	0.754847457338743	118
SPDEF	3.30321737682789	0.000955822632207317	0.0184093164893283	89
SPEN	-0.594449471446128	0.552211528312168	0.837277705946525	16
SPI1	0.43501448640811	0.663551912427255	0.900726886531322	216
SPIB	0.171445926811987	0.863873144959958	0.989548990740305	66
SPIC	-1.53727668131096	0.12422556930397	0.351254710376103	6
SPIN1	-0.313202485231715	0.754126830410134	0.945499705864169	53
SPIN2A	-0.428356578820936	0.668391532421751	0.903632966780147	6
SPIN2B	-0.656673645531127	0.511390783769323	0.804738000313843	5
SPIN3	2.31953946295974	0.0203658039539783	0.100137388350703	15
SPIN4	3.39087064782932	0.0006967097559001	0.0184093164893283	58
SPINDOC	-2.008026312252	0.0446404956832149	0.171150297380875	47
SPTY2D1	0.722190195105584	0.470177550687748	0.771091183127906	8
SREBF1	-0.702254510486115	0.482520456509884	0.780419438866389	34
SREBF2	-1.32399079886606	0.185506100550315	0.457839995092853	26
SRF	-2.1195724120182	0.0340421210839565	0.142480460953476	49
SRY	-0.886535931320254	0.375328800896316	0.681152268293314	6
SS18	-0.450427376466256	0.652402308737624	0.896151758280811	46
SS18L1	0.217089658373381	0.828138473217545	0.979584900177126	8
SS18L2	0.45040484710337	0.652418550580177	0.896151758280811	39
SSBP2	-1.20064432977909	0.229889197462113	0.517766140920836	2
SSBP3	0.24908629329192	0.80329403174964	0.969842373668887	6
SSBP4	-0.527666605755729	0.597730755045282	0.871305289656535	43
ST18	-0.307912725701614	0.758148742235933	0.945499705864169	5
STAT2	-0.929714128028569	0.35251911755025	0.664362952306241	43
STAT3	2.78108813484817	0.0054177026702258	0.0372745365222042	12
STAT4	1.5926309583079	0.11124300426566	0.32673566603759	59
STAT5A	0.446089037104835	0.655532931498859	0.897115571785564	126
STAT5B	0.0605699510441883	0.951701705162352	0.999804859561379	43
STAT6	1.49771323589887	0.134207771486793	0.366336158854575	19
STOX1	0.268767559882054	0.788108558524866	0.963670172901068	8
STOX2	-2.92995422429339	0.0033901194021682	0.0288591096565928	27
SUB1	-1.30587139449394	0.191596295876244	0.46600116030917	75
SUDS3	-1.31119210359679	0.189792869490897	0.464796227691235	29
SUPT16H	-1.67685069781474	0.0935716810574044	0.288179006304494	52
SUPT20H	1.10039189527631	0.271161408217588	0.573399908516828	23
SUPT20HL1	0.199633607533243	0.841767141809128	0.986446249510001	8
SUPT20HL2	-0.415111792306994	0.678060067250362	0.90717537538864	5
SUPT4H1	1.19901662549579	0.23052148104098	0.518028697328109	41
SUPT5H	-0.663302858786812	0.507136606018872	0.800343630394276	9
SUPT6H	0.0260499034782999	0.979217534718903	0.999804859561379	15
TADA1	0.995853014845723	0.319321567143794	0.626599360556205	71
TADA2B	3.18325139311014	0.00145631113018665	0.019375689142682	65
TADA3	0.516749898678566	0.60533075834657	0.873889277451561	73
TAF5L	1.29919486948371	0.193877061771051	0.469672920978524	20
TAF7	1.38115960019361	0.167229893505217	0.42312954162718	84
TAL1	1.32652204912779	0.184666836658104	0.456538863906066	39
TAL2	0.183555928303462	0.854361839680795	0.989548990740305	7
TBL1X	-1.8987407559432	0.0575985700843279	0.207375496952356	24
TBL1XR1	-2.87444091789202	0.00404743488143195	0.0313449231618331	75
TBL1Y	-1.0043347262246	0.315217300752338	0.624440856269778	13
TBR1	-0.104603700424644	0.916690278303468	0.999804859561379	8
TBX1	-0.965762779053373	0.334162897403595	0.644892661751991	10
TBX10	-0.436626772892826	0.662382043052178	0.899883307631763	12
TBX15	3.5122482420243	0.000444332757547618	0.0184093164893283	30
TBX18	-3.33488273126049	0.000853353780810445	0.0184093164893283	29
TBX19	0.0854291756460531	0.931920199128853	0.999804859561379	9
TBX2	0.744723593821703	0.45643883293608	0.755014707611668	122
TBX20	-0.425208635039046	0.670684589933291	0.905176535509247	8
TBX21	0.398387632481306	0.690344472932572	0.913318088055428	131
TBX22	2.18955342553197	0.028556639912391	0.128058682107128	8
TBX3	-3.37374024857491	0.000741543053749651	0.0184093164893283	68
TBX4	1.7685533879273	0.0769684352846154	0.253491125388184	67
TBX5	1.06715611079847	0.285901347632616	0.588499802657711	109
TBX6	-0.65117887220659	0.514931027187759	0.808200338765788	68
TBXT	3.31563207503554	0.000914361229511639	0.0184093164893283	16
TCEA1	0.765092513378447	0.444216457609662	0.747973176646846	39
TCF12	-0.267944417332214	0.788742103217552	0.963858202776193	28
TCF15	-3.1123465974203	0.00185606447547255	0.0208189515869451	63
TCF20	-2.11383034866719	0.0345297598779416	0.14422097213053	45
TCF21	2.16058698536621	0.0307272576489042	0.134197957862279	100
TCF23	-0.291051869849349	0.771011649385934	0.95408215501738	5
TCF24	-2.14646339305067	0.0318360263529858	0.136663625946898	20
TCF3	-1.42452589096138	0.154294295713415	0.406794278331037	55
TCF4	-2.65798893847082	0.00786084730636163	0.0499760830331662	76
TCF7	0.470408456733818	0.638063223403507	0.888705203855649	49
TCF7L1	-1.74248844294309	0.0814230119936739	0.262073392126654	21
TCF7L2	2.74621694219091	0.00602868838690407	0.0405326561382395	33
TCFL5	-0.597435635282674	0.550216567892955	0.836239703419619	9
TEAD1	0.862206631533364	0.388573821089033	0.696382521469997	19
TEAD2	0.312443138002856	0.754703770669637	0.945499705864169	3
TEAD3	-1.38480885570819	0.166110922357998	0.421994771192402	24
TEAD4	-3.50447384275904	0.00045751051008414	0.0184093164893283	68
TEF	-1.11662347806824	0.264155348752352	0.563961844467029	15
TERF2IP	1.83548963328049	0.0664331737194242	0.228926665527141	20
TESMIN	-3.02934103699025	0.00245087844898401	0.0243710558099949	66
TET1	-3.399537879207	0.000674998294681478	0.0184093164893283	25
TET2	0.530190427446548	0.595979907355049	0.87105832281832	37
TET3	-3.34463053797882	0.000823922465753639	0.0184093164893283	58
TFAP2A	-3.48701122847137	0.000488450849499677	0.0184093164893283	34
TFAP2B	-2.41201658993111	0.0158645596410768	0.0843171966109083	7
TFAP2C	-2.7424199910998	0.0060988305670311	0.0405326561382395	15
TFAP2D	2.64743706015528	0.00811044557196594	0.0510782232350059	16
TFAP2E	0.932213433705028	0.351226234307907	0.663050071639712	7
TFAP4	-1.53806403912306	0.124032957571725	0.351254710376103	95
TFCP2	-2.0114569449724	0.0442772136729179	0.170208880918401	103
TFCP2L1	2.59358584168612	0.00949808251737917	0.0581757554189474	10
TFDP1	-2.90924214996138	0.00362306115934408	0.02958833280131	46
TFDP2	-3.04769679745292	0.00230602473847862	0.0237579676902746	80
TFDP3	-0.0890648316916924	0.92903038652835	0.999804859561379	12
TFE3	-0.0246774860762242	0.980312213119858	0.999804859561379	41
TFEB	0.468443629806393	0.639467373604564	0.88905879139901	49
TFEC	0.460666003648408	0.645038249269393	0.89309568765142	249
TGIF1	-1.08237399804531	0.279086377302579	0.58070025930605	11
TGIF2	-3.10599483684818	0.001896400268995	0.0208189515869451	93
TGIF2LX	-0.00450976692817439	0.996401738792099	0.999804859561379	5
TGIF2LY	-0.0787544732340092	0.937227916613214	0.999804859561379	8
THAP1	1.98084353736271	0.0476088226467673	0.17978594867924	29
THAP11	-0.915375613916777	0.359994475942629	0.67337692848929	43
THAP7	-0.714388349374572	0.474987074204558	0.77518266947982	73
THRA	1.21150157721623	0.225703230551579	0.512359084947032	51
THRAP3	0.360959410586625	0.71812978997558	0.926648564566493	43
THRB	0.0687208223219196	0.945211843567998	0.999804859561379	2
TLX1	-0.77742574881343	0.43690762588577	0.740691326560301	7
TLX2	0.170865930472209	0.864329186202953	0.989548990740305	5
TLX3	-3.38210383970547	0.000719329480814349	0.0184093164893283	48
TNF	0.141091726345531	0.887797479688367	0.994729796302909	34
TNIP1	0.697142644905037	0.485713528512876	0.782467641216174	25
TNIP2	0.0839879031652397	0.933066049660575	0.999804859561379	62
TNIP3	0.094143267059087	0.924995350839745	0.999804859561379	20
TOX	3.16731520513418	0.0015385345778518	0.0200149354011615	43
TOX2	-1.00900884178467	0.312970393808088	0.623149178553468	101
TOX3	3.5917205707114	0.000328501973811279	0.0184093164893283	91
TOX4	0.585635680813377	0.558120365323312	0.842007774628866	13
TP53	0.317006818917125	0.751238428162476	0.945499705864169	13
TP53BP1	-0.176981678540733	0.85952278080511	0.989548990740305	7
TP53INP1	1.1443287643347	0.252487318539019	0.549153818432061	71
TP53INP2	0.55385315460503	0.579679347130673	0.857627355744014	12
TP63	-3.58544383750275	0.000336505417916001	0.0184093164893283	224
TP73	-3.2377728645796	0.00120466677404343	0.0184093164893283	52
TPRX1	0.00763281168710958	0.99390995653353	0.999804859561379	7
TRERF1	-2.39096949816125	0.0168039488485201	0.0874588943955361	21
TRIM27	3.1600393451327	0.00157747835000924	0.0200149354011615	81
TRIM28	-2.80539706146225	0.0050254630514923	0.0350359996986321	113
TRIM45	-1.52035587803542	0.128421557258563	0.359036736504546	17
TRIM56	0.383797768528975	0.701128342102322	0.920218315829693	9
TRIP4	0.407610027773861	0.683560001095969	0.910511347754453	17
TRO	-2.91112845360255	0.00360125930654372	0.0295595302897274	104
TRPS1	-2.97062884249533	0.00297190713947098	0.0264184134654743	84
TRRAP	-0.0331492708643012	0.973555551850963	0.999804859561379	33
TSHZ1	0.276258735778396	0.782349347124896	0.9601362457971	7
TSHZ2	-2.31746397106675	0.0204784710917514	0.100137388350703	28
TSHZ3	-1.27171418176772	0.20347468990527	0.482052655683595	126
TWIST1	-2.22141290129075	0.0263230080104336	0.120188461574912	100
TWIST2	-0.394848890437043	0.692954411005637	0.913818931314265	14
UBP1	0.643826559046055	0.519687909300922	0.81186081631847	39
UBTF	-1.08004898036711	0.280120369454218	0.580977244778709	37
UBTFL1	-0.565891245432271	0.57146771320759	0.85085938047458	6
UBTFL6	0.384861956779586	0.700339693013955	0.92019780462069	10
URI1	-2.62352241612432	0.00870257182061218	0.054296480706863	38
USF1	0.310795353031553	0.755956202608806	0.945499705864169	27
USF2	-1.15015545834853	0.250079847973205	0.547285092095594	33
UTP15	0.635208170817149	0.525292654943264	0.816173970441623	33
UXT	-0.664797703980564	0.506179891404544	0.800343630394276	12
VAX1	-3.41035089630975	0.000648793481880901	0.0184093164893283	41
VAX2	-2.46894343329425	0.0135512638007034	0.074383849660145	50
VDR	1.51276266094001	0.130339956524634	0.362175619167344	19
VENTX	0.403889252591395	0.686294159866381	0.91116705610686	50
VEZF1	2.25013640982348	0.0244402874382221	0.113396160423529	51
VGLL1	0.499690948039372	0.617292707221815	0.878286861762483	6
VGLL2	-0.302004604395476	0.762648552946124	0.947611436871922	2
VGLL3	0.305984109562958	0.759616744629314	0.945520470855199	99
VGLL4	-2.18408981195317	0.0289556491757088	0.129047551703325	59
VRTN	0.00168295457449243	0.998657197162358	0.999804859561379	10
VSX1	3.21936761974547	0.00128473664959015	0.0184093164893283	19
VSX2	0.00266307581320705	0.997875175435928	0.999804859561379	5
WBP2	3.03959929443364	0.00236893098921321	0.0239154892328108	39
WBP2NL	0.757643497357262	0.448664432900239	0.752068840652547	5
WDR75	-1.99743598130089	0.045777842396231	0.174452089207244	122
WIZ	-0.920514106253003	0.357304164922557	0.669612003105799	122
WT1	-1.72583280392842	0.0843774963992951	0.26779524528623	72
WTIP	1.88771398750759	0.0590643575396297	0.210390592725383	25
WWC1	3.42489248499633	0.000615042762146168	0.0184093164893283	79
WWC2	3.09553743040848	0.00196456575382761	0.0211383540995887	130
WWC3	3.2326802999004	0.0012263472082995	0.0184093164893283	42
WWP2	3.01199668651218	0.00259535430457492	0.024646026544392	67
WWTR1	-2.46912670897865	0.0135443249715207	0.074383849660145	21
XBP1	0.0673286834126205	0.946320042630596	0.999804859561379	35
YAF2	-1.29728262429963	0.194533960686948	0.469675386754045	16
YAP1	0.665821344480889	0.505525300209186	0.800343630394276	32
YEATS2	-3.41227297150403	0.000644235652755256	0.0184093164893283	204
YEATS4	-2.02609176058972	0.0427553822850967	0.167078613049435	60
YY1	-1.88573941609221	0.0593300785402461	0.210823331058935	58
YY1AP1	0.369751115523214	0.711567941922799	0.924670113404206	28
YY2	0.0624764342082749	0.950183428048362	0.999804859561379	9
ZBED1	-0.231884797023047	0.81662749294845	0.975146000650467	24
ZBED2	-0.74585414657887	0.455755526902781	0.755014707611668	55
ZBED3	2.72555697240177	0.00641930968221949	0.0424223458933519	37
ZBED6	0.397701992444472	0.690849868566902	0.913318088055428	30
ZBTB1	1.14441779222733	0.252450412940225	0.549153818432061	41
ZBTB10	3.25030852052326	0.00115279870634291	0.0184093164893283	60
ZBTB11	-2.21307416965849	0.0268925325929266	0.121957331781466	52
ZBTB12	-0.911408284414084	0.362080290202414	0.674160614473263	32
ZBTB14	1.08908129001338	0.276118039861205	0.578595420350872	20
ZBTB16	1.92856953137807	0.0537843245830661	0.197536943486983	42
ZBTB17	-0.271593326903221	0.785934731016435	0.962770045495133	90
ZBTB18	3.41649121081791	0.000634337114327281	0.0184093164893283	119
ZBTB2	-1.41556522435453	0.156902839103854	0.410888165179277	20
ZBTB20	0.356865709554221	0.721192341453757	0.927826060709236	6
ZBTB21	0.963833748161677	0.33512928386622	0.645215248511093	2
ZBTB22	1.66051312993118	0.0968112687373512	0.295215874930301	66
ZBTB24	-2.06167150179147	0.0392390215364821	0.158295570816853	33
ZBTB25	-0.0372491958953322	0.970286313154568	0.999804859561379	12
ZBTB26	-0.856972066728812	0.391460322353721	0.700930291986298	39
ZBTB3	-0.40482811044651	0.685603864389206	0.91116705610686	5
ZBTB32	-1.12412401605251	0.260960418273283	0.559519189232685	64
ZBTB33	-0.757341213913258	0.448845465377005	0.752068840652547	23
ZBTB34	-0.327533275161457	0.74326457966804	0.943880240551892	31
ZBTB37	0.809112274752115	0.418450568405648	0.727850382620733	7
ZBTB38	-1.80247209186393	0.0714711617171933	0.240109638611775	19
ZBTB39	-2.61068242871509	0.00903617622706786	0.0556861289576053	39
ZBTB4	3.03656050970915	0.002392940739769	0.0240370897309796	113
ZBTB40	0.536865782669666	0.591360328151068	0.867184597996712	41
ZBTB41	2.036138980916	0.041736401415574	0.164086948031092	72
ZBTB42	1.34545374304869	0.178478749712523	0.445420879717339	58
ZBTB43	-0.177220131456222	0.859335483325807	0.989548990740305	12
ZBTB45	0.701713549994906	0.482857821060687	0.780419438866389	61
ZBTB46	1.08677413578694	0.277136640907129	0.579883538101827	74
ZBTB47	0.0967809856089587	0.922900324325629	0.999804859561379	128
ZBTB48	0.422735249066341	0.672488434730767	0.905176535509247	72
ZBTB49	1.52006166905171	0.128495477126316	0.359036736504546	13
ZBTB5	-0.941460996263542	0.346468668096495	0.65851991883241	36
ZBTB6	-0.178656798743861	0.858207192929953	0.989548990740305	37
ZBTB7A	-0.7928473905125	0.427866741878965	0.734687422593881	31
ZBTB7B	0.705687979194006	0.480382198083885	0.778924807062571	107
ZBTB7C	-3.04004773471497	0.00236540655210761	0.0239154892328108	30
ZBTB8A	1.84320457225114	0.0652991475855747	0.226954013970532	50
ZBTB9	-0.512632600279323	0.608208344515489	0.873889277451561	27
ZEB1	-0.153596079890711	0.877928228054642	0.991432158606957	89
ZEB2	0.547310992463027	0.584165093105845	0.861352268371468	175
ZFAT	-0.375456539222907	0.707320962857897	0.923932259025692	12
ZFHX2	2.370484444625	0.0177647914490905	0.0910445561765888	33
ZFHX3	2.35530841873521	0.0185073376358994	0.0929531032763047	19
ZFHX4	-2.05880554427892	0.0395128703436691	0.158762713040863	12
ZFP1	-0.831457472242338	0.405715243446009	0.719086882585085	11
ZFP14	1.04050624117242	0.29810476595951	0.60250751993225	15
ZFP2	3.06242939179994	0.00219548264608895	0.0228534955232783	114
ZFP28	2.06772167676161	0.0386662023606734	0.156613710771357	21
ZFP3	2.84742730771589	0.00440741585962985	0.032315687817505	54
ZFP30	0.314006925079628	0.753515779143598	0.945499705864169	13
ZFP37	-0.925967607631948	0.354462814381698	0.666775088101901	8
ZFP41	0.371095014911071	0.710566763891585	0.924565174001421	50
ZFP42	1.27524499060513	0.202222541476215	0.480787083817416	1
ZFP57	0.227480952524159	0.820049778711515	0.976398553996852	12
ZFP62	1.13282060437747	0.257289596939145	0.554107539345338	22
ZFP64	-3.41457916691723	0.000638806263339147	0.0184093164893283	58
ZFP69	0.402725562570751	0.687150126550653	0.911210959894562	7
ZFP69B	-1.51326470581392	0.130212434006249	0.362175619167344	11
ZFP82	1.13929226121951	0.254581275083334	0.551730077284161	25
ZFP90	0.693138441038712	0.488222675603066	0.785299724008454	10
ZFP91	-0.599722860000781	0.54869095058731	0.836239703419619	104
ZFP92	0.000684813710140379	0.999453597756361	0.999804859561379	1
ZFPM1	-0.252434639946727	0.800705128081593	0.969842373668887	12
ZFPM2	0.0418918426782992	0.966584919290812	0.999804859561379	90
ZFX	0.120673893058533	0.90394933817267	0.997055212840934	18
ZFY	-1.07755555513981	0.281232145615601	0.581869598910136	33
ZGLP1	-0.439507664050322	0.660293729975069	0.899599734802134	16
ZGPAT	-0.322825322983894	0.746827533984369	0.945417360166468	105
ZHX1	0.424725099387011	0.671037084521606	0.905176535509247	21
ZHX2	-1.14453860046178	0.252400339139796	0.549153818432061	17
ZHX3	-0.217899963801239	0.827507055350715	0.979584900177126	6
ZIC1	-1.91675628759272	0.0552689006464814	0.200787018804306	15
ZIC2	-3.31198782123062	0.000926355785634969	0.0184093164893283	20
ZIC3	-0.459027916341439	0.646214119189086	0.893685850705586	8
ZIC4	-2.26746724630514	0.0233616975751752	0.109893481877436	23
ZIC5	-3.02186672793281	0.00251221127279802	0.0243710558099949	27
ZIK1	1.35330790661626	0.175957284329062	0.440221898153281	37
ZIM2	1.74067128596898	0.081741214238778	0.262176335840762	7
ZIM3	-0.000244572272924284	0.999804859561379	0.999804859561379	6
ZKSCAN1	-1.79576944751672	0.0725311916961009	0.24245451600244	13
ZKSCAN2	1.25932681319617	0.207912312220392	0.487962424358374	4
ZKSCAN3	1.92664698848448	0.054023638530184	0.198053813516678	24
ZKSCAN4	0.569076202659955	0.569304427272666	0.85018342498888	15
ZKSCAN5	-0.567547647157578	0.570342164430433	0.85018342498888	25
ZKSCAN7	0.124779510332063	0.900698108984175	0.997055212840934	14
ZKSCAN8	0.37687267012926	0.706268232521355	0.923738702454578	13
ZMIZ1	-1.24669868724944	0.21250800036079	0.494130292505587	50
ZMIZ2	0.460857941875277	0.644900528058126	0.89309568765142	150
ZMYND11	2.86458203777271	0.00417559978535401	0.0313449231618331	82
ZMYND15	1.5977016341054	0.110109394926444	0.325787591174118	92
ZNF10	0.0997827951134467	0.920516767383424	0.999804859561379	15
ZNF100	2.04134351343893	0.0412166948073983	0.16300066903162	26
ZNF101	0.0953645715646671	0.924025255585927	0.999804859561379	40
ZNF107	0.736411941182143	0.461480039752413	0.759929016280818	15
ZNF112	-0.414870587919943	0.678236642027744	0.90717537538864	13
ZNF114	-0.811519227290233	0.417067555759523	0.726404481136398	16
ZNF117	2.10197902160953	0.0355551135166092	0.147142187474931	16
ZNF12	0.383604776206215	0.701271399470015	0.920218315829693	11
ZNF121	-2.08285035247475	0.0372648662338707	0.152164870454972	11
ZNF124	1.58545106654207	0.112863886454512	0.330048832441215	10
ZNF131	-0.923957674481718	0.355508352963875	0.667791743987693	49
ZNF132	1.51175106388155	0.130597202801107	0.362389199485393	14
ZNF133	-1.8687851635718	0.0616527098168213	0.216538975562926	22
ZNF134	-0.590414976065769	0.554912472660706	0.840104866296427	18
ZNF135	1.66791862454258	0.0953318819223748	0.291953888387273	42
ZNF136	-2.2728723732121	0.0230338720831103	0.109139266544737	20
ZNF138	1.33809498641408	0.180865474903178	0.448591035901834	32
ZNF14	0.568074615428513	0.569984303574998	0.85018342498888	15
ZNF140	0.431500440529417	0.666104532369973	0.902362781882182	29
ZNF141	2.15225654467022	0.0313771543480515	0.135854963545766	32
ZNF142	0.0269949259245314	0.978463781083765	0.999804859561379	67
ZNF143	2.10113970356256	0.0356287045054249	0.147142187474931	28
ZNF146	-1.08890987137545	0.276193632711044	0.578595420350872	41
ZNF148	-2.49383575481091	0.0126371004348736	0.0705220410379472	71
ZNF154	1.28690947936265	0.198125840873791	0.476560488226967	29
ZNF155	-0.325373634530965	0.744898307435739	0.94476054270101	26
ZNF157	-0.00334947365658541	0.997327511679692	0.999804859561379	8
ZNF16	-0.0652982361790515	0.947936546674379	0.999804859561379	10
ZNF160	0.040263301745025	0.967883211005308	0.999804859561379	9
ZNF165	2.2665763827258	0.0234161161822195	0.109893481877436	29
ZNF169	0.0240919819072403	0.980779238978915	0.999804859561379	30
ZNF17	-0.911691063830279	0.361931369437078	0.674160614473263	18
ZNF174	0.290747930112726	0.771244111372935	0.95408215501738	13
ZNF175	-0.212061044186963	0.832059410735883	0.980039947015407	14
ZNF177	-0.303629819525123	0.761409930774448	0.947165666207966	11
ZNF18	-2.97944909477717	0.00288767206335316	0.0261321314201644	24
ZNF180	-1.07981970647492	0.280222473962453	0.580977244778709	26
ZNF181	0.362341914474225	0.71709653990399	0.926648564566493	9
ZNF182	2.1505300843305	0.0315133089536905	0.136151048791321	25
ZNF184	-0.088590785323073	0.929407131537116	0.999804859561379	18
ZNF189	0.394501827733681	0.693210578060199	0.913818931314265	16
ZNF19	3.45614308160083	0.000547964367429425	0.0184093164893283	133
ZNF195	-0.208845508797259	0.834568843701046	0.981644500582788	12
ZNF197	1.63288284086855	0.10249363966939	0.307787327497466	18
ZNF20	0.198322928790924	0.842792413385394	0.986446249510001	7
ZNF202	-1.81686500047798	0.0692377869562311	0.235361614204853	8
ZNF205	0.294769912004364	0.768169652445579	0.951719470691838	39
ZNF208	0.796238912248169	0.425893184340587	0.734627070936616	35
ZNF211	0.452809154774434	0.650686170892334	0.896151758280811	7
ZNF212	0.511017354859023	0.609338904499963	0.873889277451561	40
ZNF213	0.453941536972906	0.649870906200538	0.896151758280811	39
ZNF214	3.12144429446135	0.00179966292324244	0.0208189515869451	38
ZNF215	-0.822376361574753	0.410862728582743	0.722787409564563	21
ZNF217	0.338821683033548	0.734744065749437	0.936612200565114	14
ZNF219	-0.874790733985682	0.381687779859865	0.687722645505352	18
ZNF22	-0.123017211261341	0.902093468870195	0.997055212840934	7
ZNF221	0.169479945448619	0.8654191453878	0.989548990740305	7
ZNF222	-0.308303438938576	0.757851449520288	0.945499705864169	15
ZNF223	0.316500329129616	0.751622775391028	0.945499705864169	5
ZNF224	0.845858417208929	0.397631732211211	0.708193395400995	27
ZNF225	0.271630302832289	0.785906296911761	0.962770045495133	11
ZNF226	1.23149311147848	0.218138491466266	0.502228059564631	18
ZNF227	-1.76209046952804	0.0780540132747802	0.256095780125273	26
ZNF23	1.28677781157712	0.198171742811763	0.476560488226967	6
ZNF230	-0.0621278789264323	0.950460995704267	0.999804859561379	5
ZNF232	2.07830772200003	0.0376810256785771	0.153241256251541	5
ZNF233	2.16089962838068	0.0307030936263904	0.134197957862279	13
ZNF234	-0.204561085014159	0.837915062055195	0.984427695712799	6
ZNF235	0.362225957579081	0.717183183434424	0.926648564566493	9
ZNF236	-1.83901771301936	0.0659125808122059	0.227522980844883	6
ZNF239	2.28975099298148	0.022035755532842	0.105655925693269	14
ZNF24	1.4120821929418	0.157925761293293	0.411508241813522	74
ZNF248	1.7600657012967	0.0783966673852877	0.256095780125273	24
ZNF25	1.48642305750534	0.137167254697339	0.372536637821592	35
ZNF250	1.48621953806672	0.137221061218506	0.372536637821592	37
ZNF251	0.867601424886568	0.385612566141006	0.692929915364294	12
ZNF253	2.64743564785859	0.00811047944846535	0.0510782232350059	50
ZNF254	3.46426559674273	0.00053168128129077	0.0184093164893283	59
ZNF256	-2.60905010974115	0.00907939458197183	0.0557813569271603	22
ZNF257	0.907083984600259	0.364362386570738	0.675643247407572	16
ZNF26	1.31722660512242	0.187762678463076	0.462176963595746	5
ZNF260	0.510122137391525	0.609965896987552	0.873889277451561	17
ZNF263	0.580481268151081	0.56159011516558	0.845119506642435	18
ZNF264	-0.749670804029473	0.453452995686345	0.754847457338743	14
ZNF266	-0.585261070311596	0.55837218683952	0.842007774628866	8
ZNF267	-0.343382596615167	0.731310650391771	0.934013411720958	62
ZNF268	1.56554075261041	0.117456169672913	0.340504249455818	21
ZNF273	-1.77196516513148	0.076400339898477	0.252863727934169	14
ZNF274	2.11151508784991	0.0347280624563289	0.144748293516109	15
ZNF275	0.457842982901814	0.647065252657403	0.893891611416676	9
ZNF276	-0.14841272741992	0.882017056275836	0.994372764342398	98
ZNF28	0.914119903403035	0.360653845223731	0.67337692848929	18
ZNF280A	-3.02269557196114	0.0025053413752127	0.0243710558099949	37
ZNF280C	-2.70042912430167	0.0069250090328804	0.0451699452826517	43
ZNF280D	0.340858187988456	0.73321034294606	0.93525052633564	26
ZNF281	3.30822861787584	0.000938881311580102	0.0184093164893283	69
ZNF282	-0.571966226300175	0.567344855694792	0.849959593654613	42
ZNF283	1.51434827485194	0.12993753076053	0.362058944934681	13
ZNF284	0.918138443949181	0.358546390354543	0.67131379144667	3
ZNF285	1.66946522399266	0.0950252167978135	0.291459023735584	18
ZNF286A	-1.27259888646383	0.203160413944315	0.481876353735689	9
ZNF286B	-2.40497624862021	0.0161735169137391	0.085274602139874	14
ZNF287	0.688972439666221	0.490840611367383	0.786990253980106	4
ZNF292	-2.95664457979422	0.00311006385645463	0.0273779649557296	62
ZNF296	-1.50734667898615	0.13172181852115	0.36500570125378	29
ZNF3	-0.628685669812017	0.529554861595806	0.820891756902758	26
ZNF30	2.02896063575214	0.0424622998920274	0.166289981448505	9
ZNF300	-0.984846253100133	0.32469959716318	0.633044269464264	18
ZNF302	0.785414759569677	0.432210429829567	0.737105902824788	11
ZNF304	-0.553793417808107	0.579720233499438	0.857627355744014	18
ZNF311	0.797740181297526	0.425021281055138	0.734223280820053	9
ZNF316	1.01520707454969	0.310007128987644	0.620217028451296	91
ZNF317	-3.30634049658774	0.000945231485100314	0.0184093164893283	24
ZNF318	-2.44551829957177	0.0144644108050135	0.0787506810495179	40
ZNF319	1.6249268607823	0.104178144007737	0.311913399868174	76
ZNF32	0.594562532634859	0.552135931121718	0.837277705946525	25
ZNF320	2.26662737688136	0.02341299822629	0.109893481877436	41
ZNF322	0.491312329282017	0.623205560944814	0.882333763967306	18
ZNF324	-1.9044369108427	0.0568533058849512	0.205275164552777	20
ZNF324B	-0.904726340268639	0.36561038308905	0.676479800304996	31
ZNF329	0.40750022018983	0.683640632455944	0.910511347754453	10
ZNF331	2.84053629860564	0.00450377470902571	0.0327948990078102	11
ZNF333	-0.656467521679299	0.511523358088988	0.804738000313843	34
ZNF334	0.131819553434496	0.895127020109669	0.996824437223536	15
ZNF335	-0.671784828207846	0.501720688751549	0.800093198431612	67
ZNF337	-0.882985370252321	0.377244175974972	0.683393642501098	18
ZNF33A	3.11905106208065	0.00181434515644332	0.0208189515869451	56
ZNF33B	2.27905251146882	0.0226639439685285	0.108151694614664	27
ZNF34	3.24058047163428	0.00119286597978803	0.0184093164893283	34
ZNF341	1.26622098891855	0.205433975100167	0.483275006997933	80
ZNF343	-2.41098539799851	0.0159094853838894	0.0843328657948121	42
ZNF345	0.982798106807386	0.325706813816106	0.633330521096495	21
ZNF347	1.05124267342772	0.293147148623351	0.596689586204976	41
ZNF35	-0.13401301675661	0.893392281401949	0.996819875503981	9
ZNF350	1.42199364391591	0.155028096134963	0.408193243951692	14
ZNF354A	0.245339326616025	0.806193703780074	0.971649867286987	10
ZNF354B	0.400823120956819	0.688550354901682	0.911863983518444	9
ZNF354C	1.40224563577057	0.160841908299858	0.415058684014167	27
ZNF355P	0.975966116510174	0.329081255703501	0.638150813425033	8
ZNF358	0.029691204719937	0.976313326447589	0.999804859561379	19
ZNF362	0.451654135954291	0.651518163694818	0.896151758280811	44
ZNF366	1.60849732751748	0.107726301042236	0.320151092890314	50
ZNF367	-2.66107516644263	0.00778915663793602	0.0496775101130586	167
ZNF37A	0.511218652691571	0.609197958983938	0.873889277451561	15
ZNF382	2.50518698330015	0.0122386673638446	0.0691891076705776	72
ZNF383	-0.115641543074337	0.907936637145155	0.998179367200467	27
ZNF384	-2.3582959100646	0.0183590518475755	0.092737753902078	18
ZNF391	2.24803021475119	0.0245742633257589	0.113432173839469	14
ZNF394	-0.549798482288192	0.582457599757631	0.860409792583148	15
ZNF395	-1.10645815193949	0.268528267534792	0.569064651347466	9
ZNF396	3.48499469981364	0.000492146789905674	0.0184093164893283	108
ZNF397	1.0810038794371	0.279695387962159	0.580977244778709	20
ZNF398	-0.615392797928583	0.538295346527861	0.828221672297802	18
ZNF404	0.743977944940303	0.45688981809149	0.755014707611668	15
ZNF407	-0.110583435699113	0.911946683311923	0.999804859561379	9
ZNF408	-1.65965037931937	0.0969848070950714	0.295215874930301	70
ZNF41	2.85225284073479	0.00434105563763885	0.0320338811672671	40
ZNF410	0.0218174083664187	0.982593607623778	0.999804859561379	50
ZNF415	2.52615930102546	0.0115317178440185	0.0662676277870349	32
ZNF416	-1.170668667114	0.241731984336708	0.535435012714935	19
ZNF417	0.525369249126123	0.599326526188813	0.871866032667143	25
ZNF418	2.1432547963429	0.0320926444258104	0.137034896869073	15
ZNF419	-0.161742264019949	0.871508820836612	0.991209871137463	9
ZNF420	1.09214963015764	0.274767337902746	0.577030469890901	17
ZNF423	0.458832886351201	0.646354176742268	0.893685850705586	74
ZNF425	1.34462980594306	0.178744812994206	0.44553142593717	10
ZNF426	-0.653814048292783	0.513231614571476	0.806793672671435	25
ZNF429	3.29372295672914	0.000988698950250752	0.0184093164893283	47
ZNF43	1.27418750890454	0.202596970972434	0.481107936978275	21
ZNF430	-0.253900574167502	0.79957237120244	0.969842373668887	19
ZNF431	1.97309046109816	0.0484852568681158	0.18275212204136	38
ZNF432	0.226420168565392	0.820874642957035	0.976398553996852	9
ZNF433	1.53592471108079	0.124556846719752	0.351254710376103	12
ZNF436	-3.48503226839521	0.000492077695584866	0.0184093164893283	43
ZNF438	1.72850813808879	0.0838971632654097	0.266692090190203	47
ZNF439	0.190405296915401	0.848991547264123	0.988767546929637	11
ZNF44	2.7510842307061	0.00593983680286759	0.0401788960840438	23
ZNF440	-1.98523904745834	0.0471178818761384	0.178267089810098	9
ZNF441	3.31645299016137	0.000911679238015533	0.0184093164893283	68
ZNF442	1.50475452407136	0.132387199393728	0.365420724379359	9
ZNF443	1.01944480573723	0.307991843900158	0.618067734699908	16
ZNF444	1.60024872985273	0.10954341573214	0.325070490702908	53
ZNF445	-0.287066823849778	0.774061154266822	0.955801388397078	9
ZNF446	-1.45211953352429	0.146468371463745	0.392863762711167	51
ZNF449	2.52734889306717	0.0114927268172574	0.0662676277870349	32
ZNF45	-0.134687471617436	0.892858979125784	0.996819875503981	13
ZNF451	-0.319555362326395	0.749305417025447	0.945499705864169	5
ZNF454	1.09191115269243	0.274872155144645	0.577030469890901	29
ZNF460	-3.33258322645147	0.000860437309363772	0.0184093164893283	30
ZNF461	0.299337466480956	0.764682570234571	0.948886524769149	11
ZNF462	-2.05424938365002	0.0399515609590227	0.159885828618878	33
ZNF467	2.90275216247604	0.00369899237386384	0.0299648212866631	39
ZNF468	0.875446608191989	0.381330949205829	0.68769647841518	10
ZNF470	1.28142454318458	0.200044588053535	0.478739280080385	18
ZNF471	1.80475693617731	0.0711127258877451	0.23949796634788	23
ZNF473	-2.85137672911957	0.00435303611680633	0.0320338811672671	11
ZNF479	1.33907513437957	0.180546214448324	0.448352713011968	1
ZNF48	0.624992600106842	0.531975914820844	0.822740271651328	19
ZNF480	-0.331720775086104	0.740100111875564	0.94045611939153	10
ZNF483	3.43075793337341	0.00060189744699883	0.0184093164893283	27
ZNF484	2.50356444936973	0.0122949285407647	0.0691891076705776	31
ZNF485	-0.15568570351153	0.876280766698432	0.991243277194341	19
ZNF486	2.26310558189358	0.023629181551407	0.110141591036605	45
ZNF487	1.30241671037251	0.192773973245509	0.468020230202261	15
ZNF490	1.62990951736505	0.103120621864738	0.309207954218295	20
ZNF491	2.154215828131	0.0312232501534356	0.135480582199249	22
ZNF492	-0.256806717977847	0.79732798376536	0.96845944340061	8
ZNF493	2.82843278530989	0.00467765225955899	0.0335460790384094	44
ZNF496	-1.53988121388981	0.123589310789156	0.351189427687998	18
ZNF497	1.26984922337969	0.204138343081755	0.482124749721579	8
ZNF500	0.904589390109907	0.365682958253472	0.676479800304996	29
ZNF501	1.56829875708689	0.116811425871384	0.339615274349654	21
ZNF502	1.7331348438735	0.083071704500164	0.265327590366978	12
ZNF503	0.627128935921277	0.53057472098331	0.821515287579019	8
ZNF506	1.50200695209333	0.133095313399262	0.365420724379359	10
ZNF507	-1.2325309762543	0.217750802798855	0.502228059564631	18
ZNF510	1.06327744154784	0.287656152141605	0.590901032364503	20
ZNF513	-0.173449522031072	0.862298101992912	0.989548990740305	38
ZNF514	1.16545263372287	0.243835822651113	0.539500184698333	16
ZNF516	-1.38186896328946	0.167011939222077	0.423110953212048	8
ZNF517	0.188080761266312	0.850813342241767	0.989548990740305	62
ZNF518A	1.0612927875917	0.288556862450945	0.591541568024438	8
ZNF518B	-0.490732882443728	0.623615386239502	0.882333763967306	6
ZNF519	-2.81306196674507	0.00490721935484769	0.0347133932531303	20
ZNF521	0.230897212165376	0.817394656593025	0.975146000650467	87
ZNF524	0.362457646535386	0.717010068000312	0.926648564566493	64
ZNF525	-1.02850099215777	0.303714224367871	0.611384646047147	3
ZNF526	-1.15755362582061	0.247046243275713	0.543609970143381	21
ZNF527	1.14024214201975	0.254185434910849	0.551467104466411	17
ZNF528	0.962592645994503	0.335751989506435	0.645479183653998	15
ZNF529	0.817851452281242	0.413442014254494	0.72494452111737	3
ZNF530	-2.49134115710301	0.0127261857181098	0.0708224573620015	32
ZNF534	1.59530188625317	0.11064474401341	0.32593151132396	6
ZNF536	0.972380027713117	0.330861524157603	0.639750531311478	10
ZNF540	2.77858283495992	0.0054596590905135	0.0374055827620795	56
ZNF541	1.29803629927795	0.194274861788528	0.469672920978524	11
ZNF542P	0.947254923394673	0.343508894314121	0.656621663822141	17
ZNF543	-2.61294015012924	0.00897670205485568	0.0556610939142132	29
ZNF544	-1.67797021647564	0.0933529134690184	0.288179006304494	7
ZNF546	1.02249301327192	0.306547617765746	0.615854164091385	13
ZNF547	0.235850311452363	0.813548826288151	0.975146000650467	14
ZNF548	-0.490116037207642	0.624051790370255	0.882333763967306	4
ZNF549	0.357427894970213	0.720771496942362	0.927826060709236	14
ZNF550	-0.586362431328023	0.557631985009636	0.842007774628866	10
ZNF551	-0.999748197766072	0.317432380742872	0.626599360556205	9
ZNF552	3.0207543680474	0.00252145818253419	0.0243710558099949	13
ZNF554	0.0825169590222849	0.934235632973908	0.999804859561379	9
ZNF555	0.77682457387413	0.437262276406429	0.740691326560301	9
ZNF556	-2.9167526365547	0.00353696155041085	0.0293794079011739	25
ZNF557	0.32621674102764	0.744260376102571	0.944547754636806	4
ZNF558	-0.531244397514528	0.595249430564741	0.87105832281832	8
ZNF559	0.159488597120395	0.873283941510132	0.991209871137463	6
ZNF560	-0.0166644904355361	0.986704275752739	0.999804859561379	3
ZNF561	0.261441479148137	0.793752073249648	0.967001452816928	15
ZNF562	-0.575020165281833	0.56527765909341	0.848557222311652	17
ZNF563	0.124218501137394	0.901142273901287	0.997055212840934	9
ZNF564	1.79166893759334	0.0731860131090729	0.24423704374772	38
ZNF565	-0.180657552849219	0.85663637839372	0.989548990740305	5
ZNF566	0.192795100557585	0.847119440694721	0.987732418082237	6
ZNF567	0.0204065353763295	0.983719070460513	0.999804859561379	10
ZNF568	1.54490835892913	0.122368431293361	0.348706636125336	29
ZNF569	0.0481512050648511	0.96159573776156	0.999804859561379	10
ZNF57	-2.01922509958615	0.0434638286821089	0.168569173402233	12
ZNF570	0.324159719136836	0.745817116349792	0.945329076811818	7
ZNF571	1.70578396873918	0.0880483089909279	0.276389144941835	12
ZNF572	-0.650296062752974	0.515500999842672	0.808463316693152	11
ZNF573	3.39157457159496	0.000694922496236373	0.0184093164893283	29
ZNF574	-0.583466300736213	0.559579436475124	0.842724953432177	109
ZNF575	-0.871738271968186	0.38335117635425	0.690100818365312	43
ZNF576	-1.15092661100626	0.249762428971591	0.547285092095594	32
ZNF577	1.71085125438269	0.0871085750947855	0.27429643787684	16
ZNF578	1.18369727811123	0.236532916822863	0.528581345825508	9
ZNF580	-1.27984563347211	0.200599431187077	0.478739280080385	36
ZNF581	-0.936300242095123	0.349118623557788	0.661054962042974	65
ZNF582	1.33930704308616	0.180470736838682	0.448352713011968	14
ZNF583	2.13077133796812	0.0331079847189265	0.139735170798999	19
ZNF584	-1.17638225731401	0.239442158552755	0.533666965062347	9
ZNF585A	1.99678051723433	0.0458490309116102	0.174452089207244	34
ZNF585B	1.71896582031173	0.0856205957780888	0.270878779576668	22
ZNF586	-0.599479638294794	0.548853084272878	0.836239703419619	6
ZNF587	0.153673084137808	0.877867508400802	0.991432158606957	8
ZNF587B	0.793182802008895	0.427671325941485	0.734687422593881	13
ZNF589	-1.85797365019679	0.0631727562768828	0.220720117148274	21
ZNF594	-0.574323041557919	0.5657492197841	0.848557222311652	10
ZNF596	1.22872802935693	0.219173793431507	0.503223029718741	16
ZNF597	2.13769153976881	0.0325417866095041	0.138039894793822	15
ZNF599	0.4871072150459	0.62618235364585	0.883427211007382	7
ZNF600	0.568855885055506	0.569453945398471	0.85018342498888	8
ZNF605	0.795023214241559	0.426599998598135	0.734687422593881	9
ZNF606	0.706608289106048	0.479809936323237	0.778625332854105	18
ZNF607	0.753223948824538	0.451315350361604	0.753066892754537	21
ZNF608	3.2612553275046	0.00110920112370728	0.0184093164893283	52
ZNF609	0.91170486342215	0.361924103109067	0.674160614473263	9
ZNF610	2.42007179788509	0.0155174429309266	0.0831321142619509	21
ZNF611	-0.437443041049727	0.661790075516753	0.899883307631763	7
ZNF613	2.86414213430094	0.00418140338843766	0.0313449231618331	41
ZNF614	0.557677760567061	0.577064446623789	0.857487036440231	5
ZNF615	1.22504863329068	0.220556897184171	0.504504630676929	17
ZNF616	0.154765555679377	0.877006146556017	0.991432158606957	22
ZNF619	1.10824170340651	0.267757444663786	0.568183802078131	16
ZNF620	3.21917594700626	0.00128559576044743	0.0184093164893283	58
ZNF621	1.71823609174025	0.0857535608814139	0.270878779576668	9
ZNF623	0.35439223764879	0.723044951044326	0.928063110413319	17
ZNF624	0.366976481538138	0.713636560989878	0.926160110483634	6
ZNF625	0.973303300975079	0.330402582340152	0.639478601080314	10
ZNF626	2.36181579488976	0.0181856758311865	0.0922601584466001	50
ZNF627	3.23506044829052	0.00121616980199567	0.0184093164893283	36
ZNF628	-0.475225084117625	0.634626549834346	0.887049657008965	73
ZNF629	2.27550084630704	0.0228759019688899	0.108647014315602	13
ZNF630	2.98449151064555	0.00284050083441014	0.0260225055155034	35
ZNF639	-3.23664743792858	0.00120942731759884	0.0184093164893283	90
ZNF641	2.09021420520134	0.0365985620543261	0.150047554955142	9
ZNF644	-0.490062411640633	0.62408973548907	0.882333763967306	6
ZNF646	0.144365790763174	0.885211628807123	0.994729796302909	138
ZNF648	-0.0776573678498458	0.938100607172205	0.999804859561379	7
ZNF649	0.79426112032411	0.427043433208443	0.734687422593881	11
ZNF652	1.70371471738072	0.0884343972463667	0.277168025067006	42
ZNF653	0.174075713726853	0.861805959420746	0.989548990740305	29
ZNF654	1.35934722520563	0.174036585910472	0.437049376367673	17
ZNF655	1.43392008873716	0.151595068418926	0.402849857742886	27
ZNF658B	-0.371888854171208	0.709975604018531	0.924394678206888	20
ZNF66	2.10367611009444	0.0354067097698709	0.146967107288576	24
ZNF660	0.897738560115245	0.369324946801607	0.677939469656162	17
ZNF662	0.811187982525771	0.41725772584938	0.726404481136398	25
ZNF664	0.83742100982064	0.40235596019784	0.714706564135685	29
ZNF665	0.69836872928585	0.484946627254204	0.781908325966047	17
ZNF667	0.389704335636513	0.696755190131156	0.917287796181843	24
ZNF668	-0.141435871077404	0.887525618061205	0.994729796302909	30
ZNF669	2.17640132651185	0.0295252646989119	0.130940964194512	19
ZNF671	2.9165744134697	0.00353898293284424	0.0293794079011739	58
ZNF672	3.2681578074651	0.00108249990055332	0.0184093164893283	64
ZNF674	1.12320577353334	0.261350111096704	0.559757327498165	11
ZNF675	2.26575231663538	0.0234665523770135	0.109893481877436	26
ZNF676	1.39378536724111	0.16338242817867	0.418667472207843	31
ZNF677	0.669784186612923	0.502995375619276	0.800093198431612	56
ZNF678	3.3128337215412	0.000923558700359525	0.0184093164893283	145
ZNF679	-1.08230102468909	0.279118790828243	0.58070025930605	11
ZNF680	1.10141439935023	0.270716341294914	0.57309708078133	15
ZNF681	3.00071668710589	0.00269345039081649	0.0251681015588387	54
ZNF682	2.21832716306781	0.0265325334009543	0.120870429937681	26
ZNF683	0.214053024853809	0.830505707457341	0.979584900177126	39
ZNF684	1.14085559164828	0.253930022139164	0.551467104466411	11
ZNF688	0.59734331322013	0.550278192095937	0.836239703419619	22
ZNF689	0.565465513842742	0.571757174534934	0.85085938047458	6
ZNF69	3.40216515822194	0.000668542228677896	0.0184093164893283	95
ZNF691	1.75024026795092	0.0800768630937849	0.258225389976587	17
ZNF692	1.07827666832896	0.280910306045151	0.581802891592484	116
ZNF695	-2.81118810795201	0.00493589193167158	0.03479370838852	65
ZNF696	1.17408184810981	0.240362243356248	0.534167861618032	26
ZNF697	-1.76018817425891	0.078375906399977	0.256095780125273	28
ZNF699	-0.478735953503947	0.632126484817768	0.887049657008965	27
ZNF7	0.102033115089284	0.918730390201235	0.999804859561379	11
ZNF70	-0.604437382406638	0.545552888501593	0.836015067124105	17
ZNF700	-1.47531389774072	0.140128171733471	0.378383732543741	13
ZNF701	2.04854129235258	0.0405069903874881	0.161786369161955	33
ZNF703	-3.38304469102607	0.000716869656752667	0.0184093164893283	125
ZNF704	1.12172753026791	0.261978307371815	0.560505239094757	23
ZNF705A	-1.25149907810521	0.210752449797827	0.49228963571125	5
ZNF705B	-0.00375827879712949	0.997001334431768	0.999804859561379	6
ZNF705D	-0.143991752182491	0.885506982569263	0.994729796302909	5
ZNF705E	-0.0109144143990333	0.991291730155781	0.999804859561379	5
ZNF705G	-0.0284860657733132	0.977274481422535	0.999804859561379	4
ZNF707	-0.240285929175098	0.81010860241477	0.973103476266504	86
ZNF708	2.55682223645443	0.010563318333752	0.0616910073619413	56
ZNF709	1.44573622770392	0.148251199038514	0.396059386793051	7
ZNF71	0.261919682636791	0.79338336465131	0.967001452816928	21
ZNF710	1.50196527066141	0.133106078217647	0.365420724379359	22
ZNF713	-0.44660112991964	0.655163079634326	0.897115571785564	4
ZNF714	-0.251965630882538	0.801067629460986	0.969842373668887	10
ZNF716	-0.968566022708316	0.332761762810658	0.642806136044819	8
ZNF717	3.31410653812407	0.000919364701435545	0.0184093164893283	38
ZNF718	2.90367471978593	0.00368811119848274	0.0299648212866631	36
ZNF721	3.00119695463111	0.00268920564857773	0.0251681015588387	53
ZNF723	-0.132903730972716	0.894269516193227	0.996819875503981	5
ZNF724	-1.97055291265996	0.0487750370818346	0.183500092691771	24
ZNF726	3.22057628128427	0.0012793314120595	0.0184093164893283	61
ZNF727	0.539263043827987	0.589705365034532	0.865389392515979	10
ZNF728	1.30740342665561	0.191075734187899	0.465497781578354	42
ZNF729	0.112192651359493	0.910670655749288	0.999804859561379	5
ZNF730	0.373594246093819	0.708706215424703	0.924394678206888	16
ZNF732	0.259855032370601	0.794975598910971	0.967059509399654	11
ZNF735	0.00665080127184742	0.994693467469035	0.999804859561379	2
ZNF736	0.416517822836584	0.677031128317416	0.906958400331015	15
ZNF737	3.33706013392699	0.000846696268040967	0.0184093164893283	71
ZNF74	-2.29658531103594	0.0216424373852615	0.104229405869094	57
ZNF740	-3.05751211974623	0.00223182616005891	0.0231120554410225	28
ZNF746	-0.378124843892017	0.705337853302042	0.923142506373813	50
ZNF749	-0.926129183674193	0.354378849241646	0.666775088101901	20
ZNF750	-3.42101872149362	0.000623870374812332	0.0184093164893283	30
ZNF75A	0.52451488734129	0.599920467954823	0.872042376880141	16
ZNF75D	3.21265287712469	0.00131515134883155	0.0184093164893283	106
ZNF76	1.82671887077625	0.0677420494468944	0.231846298703255	80
ZNF761	-0.670109626195402	0.502787908877518	0.800093198431612	18
ZNF763	2.94549829662608	0.0032243492313697	0.0279211965768178	63
ZNF764	1.27724721708056	0.201514981943136	0.480241516872788	28
ZNF765	-1.4259589557713	0.153880189950795	0.406235613155252	13
ZNF768	0.226977268700557	0.820441417845828	0.976398553996852	52
ZNF77	-2.48682571128572	0.0128888525434088	0.0715295711594151	12
ZNF770	-2.30284473999635	0.0212875802441935	0.103301325387886	89
ZNF771	-2.62140079754657	0.0087569243888661	0.054466443025486	10
ZNF772	1.45044861650613	0.146933458196487	0.393585756688989	20
ZNF773	0.236187012623574	0.813287556892267	0.975146000650467	12
ZNF774	1.21273471604561	0.225231262371604	0.512359084947032	26
ZNF775	-0.756669024119489	0.449248177107103	0.752116323173475	59
ZNF776	-0.0782642804637012	0.937617830339036	0.999804859561379	9
ZNF777	-1.17938566775831	0.238244639529348	0.531814978682734	51
ZNF778	3.04110901164796	0.00235708475085238	0.0239154892328108	16
ZNF780A	2.97370542441677	0.00294227387600055	0.0263591530932449	23
ZNF780B	0.164879802759226	0.869038589875306	0.990922442968231	9
ZNF782	1.77386900312546	0.0760848209931526	0.252234992368389	13
ZNF783	-0.354861646789504	0.722693242349424	0.928063110413319	50
ZNF784	0.0678219350166371	0.945927382345753	0.999804859561379	11
ZNF785	1.31074448775537	0.189944103003735	0.464796227691235	30
ZNF786	-0.422508190849101	0.672654123398978	0.905176535509247	37
ZNF787	-0.376274298673101	0.706712984406513	0.923738702454578	33
ZNF789	0.712149861978182	0.476371980533107	0.775222874864608	11
ZNF79	-0.310039296743618	0.756531073222829	0.945499705864169	14
ZNF790	2.12758690517394	0.0333713488859727	0.140442542320612	26
ZNF791	0.216214670755358	0.828820418396722	0.979584900177126	18
ZNF792	1.96502110112956	0.0494117953383752	0.184857163565728	24
ZNF793	0.126396481637163	0.899418087064619	0.997055212840934	16
ZNF799	3.16189146514164	0.00156747975085041	0.0200149354011615	25
ZNF80	0.216897745130287	0.82828803490362	0.979584900177126	49
ZNF805	-0.72727155898657	0.467059617256527	0.767230393351073	7
ZNF808	0.296025622378924	0.767210514033663	0.951435754749154	9
ZNF81	-0.802393656910205	0.422325281119717	0.73268695144172	6
ZNF813	0.361173249455734	0.717969938200247	0.926648564566493	14
ZNF814	0.520235314451785	0.602899574480314	0.873889277451561	16
ZNF816	1.4715905482335	0.141131479457379	0.380071236233077	13
ZNF821	0.896943016404453	0.369749324641792	0.677939469656162	12
ZNF823	0.755442570997982	0.449983478208882	0.752433438299227	10
ZNF826P	2.98350732224949	0.00284965217193168	0.0260225055155034	50
ZNF827	0.707099342114937	0.479504744787035	0.778625332854105	9
ZNF829	1.54803665310654	0.121613472059745	0.347541202514975	26
ZNF83	1.55321253751464	0.120372367047228	0.344795778995545	34
ZNF835	1.46344585953071	0.143345417873972	0.385516659315677	14
ZNF836	-0.0669491173352693	0.946622210742356	0.999804859561379	6
ZNF837	-0.218970129373431	0.826673316418051	0.979584900177126	23
ZNF84	0.509911295756824	0.610113607952629	0.873889277451561	16
ZNF840P	-1.04539537963488	0.295840271261392	0.600953594503676	1
ZNF841	0.902190896406212	0.366955469928997	0.676738581177345	21
ZNF844	1.96744574405362	0.0491318450745846	0.184404681636286	21
ZNF845	-0.630985355665096	0.528050099731706	0.819824304761203	21
ZNF846	0.337695276557342	0.735592834640231	0.937099559158037	9
ZNF85	1.76234003667178	0.0780118632469007	0.256095780125273	23
ZNF850	-1.9360669352949	0.0528595035249639	0.195210923863332	12
ZNF852	3.27417301462418	0.0010597170572286	0.0184093164893283	37
ZNF853	-0.180463038800999	0.856789068745093	0.989548990740305	8
ZNF860	3.23907166927634	0.00119919436143442	0.0184093164893283	31
ZNF865	-0.432634927181445	0.665280011131681	0.902362781882182	43
ZNF875	0.475330392408663	0.634551499700906	0.887049657008965	8
ZNF876P	2.66460130376886	0.00770796466567237	0.0493162452654006	24
ZNF878	-0.170774262636437	0.864401267200822	0.989548990740305	4
ZNF879	1.13207581227187	0.257602562860819	0.554107539345338	15
ZNF880	1.4988411143197	0.133914855711923	0.366033938945924	17
ZNF883	-0.245276850437525	0.806242075045997	0.971649867286987	18
ZNF888	1.86966460642839	0.0615304074393925	0.216487895876952	7
ZNF891	1.28165676343293	0.199963078381095	0.478739280080385	16
ZNF90	1.83012172121664	0.0672317395854713	0.230886435602072	47
ZNF91	2.70284642154574	0.00687485032145897	0.0449888413544335	35
ZNF92	1.10807414448735	0.26782979620109	0.568183802078131	26
ZNF93	0.88875526616136	0.374134622064419	0.680213987083637	30
ZNF98	-0.259547681399737	0.795212697624802	0.967059509399654	16
ZNF99	0.140486791262643	0.88827538803754	0.994729796302909	5
ZSCAN1	0.403387099115403	0.686663475831651	0.91116705610686	8
ZSCAN10	-0.690850978683765	0.489659195220387	0.786351177616113	4
ZSCAN12	0.546105831435632	0.584993191541341	0.861352268371468	4
ZSCAN16	3.28059798003221	0.0010358727838395	0.0184093164893283	64
ZSCAN18	0.567379206715656	0.570456573860134	0.85018342498888	30
ZSCAN2	2.4824567394538	0.0130479910182593	0.0722132615859033	30
ZSCAN20	0.512853749038091	0.60805362847252	0.873889277451561	6
ZSCAN21	-1.95179431392444	0.0509626296442184	0.189951619582996	18
ZSCAN22	-0.528081113346303	0.597443038860883	0.871305289656535	7
ZSCAN23	-0.190908747187773	0.848597086952679	0.988767546929637	5
ZSCAN25	-0.00579372997732569	0.995377298163588	0.999804859561379	18
ZSCAN26	0.0681841484243698	0.945639045327768	0.999804859561379	10
ZSCAN29	-1.09389864030734	0.273999435173714	0.576403000276431	13
ZSCAN30	2.89273051642634	0.00381908817936087	0.030446619652127	39
ZSCAN31	2.01114421261475	0.0443102263416247	0.170208880918401	21
ZSCAN32	0.899135865140173	0.368580296587096	0.677939469656162	31
ZSCAN4	1.82293666561632	0.0683129838592336	0.233006425421393	12
ZSCAN5A	-0.121091106184735	0.90361887357499	0.997055212840934	7
ZSCAN5B	-0.797711091143246	0.425038166049637	0.734223280820053	6
ZSCAN5C	-0.914228085034111	0.360597009606952	0.67337692848929	3
ZSCAN5DP	-0.50728277923947	0.611956419805172	0.874718015528988	5
ZSCAN9	1.70706176176069	0.0878105734349208	0.276074244179587	11
ZXDA	0.179977881916202	0.857169932321236	0.989548990740305	8
ZXDB	-0.269174568074134	0.787795349982718	0.963670172901068	13
ZXDC	-2.89963562756407	0.00373596677082933	0.0299826337717853	44
