output	output_page	panel	atom_id	source_role	source	source_page_1based	source_sha256	source_crop_top	destination_pt	embedding_method
Figure1.pdf	1	Figure1B	Figure1B	LUAD_OFFICIAL_ATOM	/media/desk16/iy13202/projects/Paper2Paper/tmp/tnbc-chromatin-tf-nc-2026/official-code-port-v3/run-fig12-final/adapter_final_corrected/results/visuals/Figure1/Figure1B_log2FC_Viper_TNBC.pdf	1	61608426d7fbbde14efaa0197a5ff9e45608818aa1ea454e7caeb09d1582d09f	0,0,1,1	248.400,507.840,126.720,234.160	pypdf.merge_transformed_page_vector
Figure1.pdf	1	Figure1C	Figure1C	LUAD_OFFICIAL_ATOM	/media/desk16/iy13202/projects/Paper2Paper/tmp/tnbc-chromatin-tf-nc-2026/official-code-port-v3/run-fig12-final/adapter_final_corrected/results/visuals/Figure1/Figure1C_TCGA_TRActivity_TNBC150_NonTNBC155_test.pdf	1	233f8644045bd3bc11daf4d62e1d36a5d557d819195a06f4952193fd5f820f39	0,0,1,1	375.120,507.840,218.880,234.160	pypdf.merge_transformed_page_vector
Figure1.pdf	1	Figure1D	Figure1D	LUAD_OFFICIAL_ATOM	/media/desk16/iy13202/projects/Paper2Paper/tmp/tnbc-chromatin-tf-nc-2026/official-code-port-v3/run-fig12-final/adapter_final_corrected/results/visuals/Figure1/Figure1D_PDX_TRActivity_TNBC150_NonTNBC154.pdf	1	084b73a115e6f0ffa422e405c61d308694365824429f5aedb81c6de34f7452dd	0,0,1,1	18.000,30.000,288.000,465.840	pypdf.merge_transformed_page_vector
Figure1.pdf	1	Figure1E	Figure1E	LUAD_OFFICIAL_ATOM	/media/desk16/iy13202/projects/Paper2Paper/tmp/tnbc-chromatin-tf-nc-2026/official-code-port-v3/run-fig12-final/adapter_final_corrected/results/visuals/Figure1/Figure1E_CellLine_TRActivity_TNBC150_NonTNBC155.pdf	1	fe6e83d12a1639766ee763ec037731331681ca2b6b9f04b6709e9d0a54da9ee0	0,0,1,1	306.000,30.000,288.000,465.840	pypdf.merge_transformed_page_vector
Figure2.pdf	1	Figure2B	Figure2B	LUAD_OFFICIAL_ATOM	/media/desk16/iy13202/projects/Paper2Paper/tmp/tnbc-chromatin-tf-nc-2026/official-code-port-v3/run-fig12-final/adapter_final_corrected/results/visuals/Figure2/Figure2B_TF_PromoterAccessibility_Intersection_Sample_Groups.pdf	1	8bd122d9cde7994744ec79fb4ad1118d8c687f564ccf09e9cf87e03fd1d7ff47	0,0,1,1	18.000,392.000,144.000,169.000	pypdf.merge_transformed_page_vector
Figure2.pdf	1	Figure2D	Figure2D	LUAD_OFFICIAL_ATOM	/media/desk16/iy13202/projects/Paper2Paper/tmp/tnbc-chromatin-tf-nc-2026/official-code-port-v3/run-fig12-final/adapter_final_corrected/results/visuals/Figure2/Figure2D_JASPAR_CISBP_TR_MotifEnrichment_Intersection_Sample_Groups.pdf	1	b8fd51f6afe20d9f864be0f76337156dd087befc5e8c2e4057dc12ab39cf0251	0,0,1,1	162.000,392.000,115.200,350.000	pypdf.merge_transformed_page_vector
Figure2.pdf	1	Figure2E	Figure2E	LUAD_OFFICIAL_ATOM	/media/desk16/iy13202/projects/Paper2Paper/tmp/tnbc-chromatin-tf-nc-2026/official-code-port-v3/run-fig12-final/adapter_final_corrected/results/visuals/Figure2/Figure2E_Case_Examples_HC-TRs.pdf	1	5e5fb4934127edd4205ff61e2ea245fe261bf43ca2d39b52953d795a3851fbed	0,0,1,1	277.200,392.000,316.800,350.000	pypdf.merge_transformed_page_vector
Figure2.pdf	1	Figure2C	Figure2C	LUAD_OFFICIAL_ATOM	/media/desk16/iy13202/projects/Paper2Paper/tmp/tnbc-chromatin-tf-nc-2026/official-code-port-v3/run-fig12-final/adapter_final_corrected/results/visuals/Figure2/Figure2C_JASPAR_CISBP_Combined_ChromatinAccessibility_MotifEnrichment_Heatmap.pdf	1	783d6b0c941b55137bb560b1b10f76a49ce445946504b9b77c82870cfdf6bed2	0,0,1,1	18.000,30.000,576.000,350.000	pypdf.merge_transformed_page_vector
Figure3.pdf	1	Figure3A	Figure3A	LUAD_OFFICIAL_ATOM	/media/desk16/iy13202/projects/Paper2Paper/tmp/tnbc-chromatin-tf-nc-2026/official-fig3-port/run-v3/results/visuals/Figure3/Figure3A_RegulonInteractions_TCGA_VIPER.pdf	1	0e8ce288d1abbc2571526e379923a3a757992ada196cffce4e1349c97f476330	0,0,1,1	18.000,493.360,241.920,248.640	pypdf.merge_transformed_page_vector
Figure3.pdf	1	Figure3B	Figure3B	LUAD_OFFICIAL_ATOM	/media/desk16/iy13202/projects/Paper2Paper/tmp/tnbc-chromatin-tf-nc-2026/official-fig3-port/run-v3/results/visuals/Figure3/Figure3B_Target_Network_Shared_TFs.pdf	1	a141ab160b2944ed755fcd256e473e4f366b0819498bf6f4a8f35f83bce3416f	0,0,1,1	259.920,493.360,334.080,248.640	pypdf.merge_transformed_page_vector
Figure3.pdf	1	Figure3C	Figure3C	LUAD_OFFICIAL_ATOM	/media/desk16/iy13202/projects/Paper2Paper/tmp/tnbc-chromatin-tf-nc-2026/official-fig3-port/run-v3/results/visuals/Figure3/Figure3C_TCGA_PearsonCorrelation_TR_Activity.pdf	1	a0e47f8b22f17102a21b63db2e793ff3bf3685f5813946684f23135894b635d9	0,0,1,1	18.000,344.560,241.920,136.800	pypdf.merge_transformed_page_vector
Figure3.pdf	1	Figure3C	Figure3C	LUAD_OFFICIAL_ATOM	/media/desk16/iy13202/projects/Paper2Paper/tmp/tnbc-chromatin-tf-nc-2026/official-fig3-port/run-v3/results/visuals/Figure3/Figure3C_Top_Bottom_TF_PearsonCorrelation.pdf	1	14e5c409c1eea20f21f41d92615626aeb2a91edec9b4e7a73982b5c184366e4c	0,0,1,1	18.000,203.760,241.920,136.800	pypdf.merge_transformed_page_vector
Figure3.pdf	1	Figure3D	Figure3D	LUAD_OFFICIAL_ATOM	/media/desk16/iy13202/projects/Paper2Paper/tmp/tnbc-chromatin-tf-nc-2026/official-fig3-port/run-v3/results/visuals/Figure3/Figure3D_TR_Network_Shared_ActivatingTargetGenes.pdf	1	59fe8fa832ca504e89e5cbf38e6df41c31ee2ff2ddb413637a63b3b7828cb5a3	0,0,1,1	259.920,261.680,334.080,219.680	pypdf.merge_transformed_page_vector
Figure3.pdf	1	Figure3E	Figure3E	LUAD_OFFICIAL_ATOM	/media/desk16/iy13202/projects/Paper2Paper/tmp/tnbc-chromatin-tf-nc-2026/official-fig3-port/run-v3/results/visuals/Figure3/Figure3E_Scatter_RegulonSize_vs_Partners.pdf	1	4176c0cd11d9ad27a001cfb905dbdea77042f285a3058460836c968ee9376655	0,0,1,1	259.920,160.320,334.080,89.360	pypdf.merge_transformed_page_vector
Figure3.pdf	1	Figure3F	Figure3F	LUAD_OFFICIAL_ATOM	/media/desk16/iy13202/projects/Paper2Paper/tmp/tnbc-chromatin-tf-nc-2026/official-fig3-port/run-v3/results/visuals/Figure3/Figure3F_Skewness_TCGA.pdf	1	f7a2e37c73f9a3a4b93e4ef2ce1abad9faf9eda942a786c7b4a53a978d58223e	0,0,1,1	18.000,30.000,241.920,161.760	pypdf.merge_transformed_page_vector
Figure3.pdf	1	Figure3G	Figure3G	LUAD_OFFICIAL_ATOM	/media/desk16/iy13202/projects/Paper2Paper/tmp/tnbc-chromatin-tf-nc-2026/official-fig3-port/run-v3/results/visuals/Figure3/Figure3G_CRY2_TR_Activity_Distribution.pdf	1	07bf28e72d40770e7a79dd0f0b34870f4f6382689ceb94a3f038baeb216d1c75	0,0,1,1	259.920,91.160,165.040,57.160	pypdf.merge_transformed_page_vector
Figure3.pdf	1	Figure3G	Figure3G	LUAD_OFFICIAL_ATOM	/media/desk16/iy13202/projects/Paper2Paper/tmp/tnbc-chromatin-tf-nc-2026/official-fig3-port/run-v3/results/visuals/Figure3/Figure3G_MAGED2_TR_Activity_Distribution.pdf	1	c0ffb1ed1ff46c6ee09149ee5d758605e1baa2d2f34cb27b1318ef1f3c0125c1	0,0,1,1	428.960,91.160,165.040,57.160	pypdf.merge_transformed_page_vector
Figure3.pdf	1	Figure3G	Figure3G	LUAD_OFFICIAL_ATOM	/media/desk16/iy13202/projects/Paper2Paper/tmp/tnbc-chromatin-tf-nc-2026/official-fig3-port/run-v3/results/visuals/Figure3/Figure3G_NR3C2_TR_Activity_Distribution.pdf	1	f5119ba641c9e8f3d8ad385d6eb343b7cfd4ec9b4c1fd3ac59c021d0247488ad	0,0,1,1	259.920,30.000,165.040,57.160	pypdf.merge_transformed_page_vector
Figure3.pdf	1	Figure3G	Figure3G	LUAD_OFFICIAL_ATOM	/media/desk16/iy13202/projects/Paper2Paper/tmp/tnbc-chromatin-tf-nc-2026/official-fig3-port/run-v3/results/visuals/Figure3/Figure3G_ZNF19_TR_Activity_Distribution.pdf	1	bca8d676b69f1ce3f5cefd65d59fbe13ebcf98bd341bc1e57b434428d4db16dd	0,0,1,1	428.960,30.000,165.040,57.160	pypdf.merge_transformed_page_vector
Figure4.pdf	1	Figure4A	Figure4A	LUAD_OFFICIAL_ATOM	/media/desk16/iy13202/projects/Paper2Paper/tmp/tnbc-chromatin-tf-nc-2026/official-code-port-v3/run-fig45-v2-p0fix-20260821-r2/results/atomic/Figure4A.pdf	1	769912e2adaebd2b1017477335614259ad7a2ba63d20fbf7155675eacb662a02	0,0,1,1	18.000,493.360,144.000,248.640	pypdf.merge_transformed_page_vector
Figure4.pdf	1	Figure4B	Figure4B	LUAD_OFFICIAL_ATOM	/media/desk16/iy13202/projects/Paper2Paper/tmp/tnbc-chromatin-tf-nc-2026/official-code-port-v3/run-fig45-v2-p0fix-20260821-r2/results/atomic/Figure4B.pdf	1	292c271fa22adaa7b5935e2b91e7680e2c5190f58f11fccda6969fff415652bf	0,0,1,1	162.000,493.360,144.000,248.640	pypdf.merge_transformed_page_vector
Figure4.pdf	1	Figure4C	Figure4C	LUAD_OFFICIAL_ATOM	/media/desk16/iy13202/projects/Paper2Paper/tmp/tnbc-chromatin-tf-nc-2026/official-code-port-v3/run-fig45-v2-p0fix-20260821-r2/results/atomic/Figure4C.pdf	1	4f28a543459dc768db02449e0a23d6724850e488286ca418907aa65cdf916f64	0,0,1,1	306.000,493.360,144.000,248.640	pypdf.merge_transformed_page_vector
Figure4.pdf	1	Figure4D	Figure4D	LUAD_OFFICIAL_ATOM	/media/desk16/iy13202/projects/Paper2Paper/tmp/tnbc-chromatin-tf-nc-2026/official-code-port-v3/run-fig45-v2-p0fix-20260821-r2/results/atomic/Figure4D.pdf	1	8eaf7a65271b994501b129b0fd7668fca795b9a73ed415cfb759f432379434d4	0,0,1,1	450.000,493.360,144.000,248.640	pypdf.merge_transformed_page_vector
Figure4.pdf	1	Figure4E	Figure4E	LUAD_OFFICIAL_ATOM	/media/desk16/iy13202/projects/Paper2Paper/tmp/tnbc-chromatin-tf-nc-2026/official-code-port-v3/run-fig45-v2-p0fix-20260821-r2/results/atomic/Figure4E_protective.pdf	1	92ddd481c56d49cbdc3500b25a9cc04893f614efb967c873c1457a3299a759e0	0,0,1,1	18.000,363.040,142.000,118.320	pypdf.merge_transformed_page_vector
Figure4.pdf	1	Figure4E	Figure4E	LUAD_OFFICIAL_ATOM	/media/desk16/iy13202/projects/Paper2Paper/tmp/tnbc-chromatin-tf-nc-2026/official-code-port-v3/run-fig45-v2-p0fix-20260821-r2/results/atomic/Figure4E_risk.pdf	1	1df8be5785a40ed1e397b233316ac1a517b4ddfb1852b93ac373c8458abc9053	0,0,1,1	164.000,363.040,142.000,118.320	pypdf.merge_transformed_page_vector
Figure4.pdf	1	Figure4G	Figure4G	LUAD_OFFICIAL_ATOM	/media/desk16/iy13202/projects/Paper2Paper/tmp/tnbc-chromatin-tf-nc-2026/official-code-port-v3/run-fig45-v2-p0fix-20260821-r2/results/atomic/Figure4G_protective.pdf	1	f214752ffab3f11b3b887ffc92a74c8cb907fad4141525303021fb099637ae71	0,0,1,1	306.000,363.040,142.000,118.320	pypdf.merge_transformed_page_vector
Figure4.pdf	1	Figure4G	Figure4G	LUAD_OFFICIAL_ATOM	/media/desk16/iy13202/projects/Paper2Paper/tmp/tnbc-chromatin-tf-nc-2026/official-code-port-v3/run-fig45-v2-p0fix-20260821-r2/results/atomic/Figure4G_risk.pdf	1	93b8b993f5f7335ee1d433c95c5b985d30aa05d61025df7d962a9beeccd4ab48	0,0,1,1	452.000,363.040,142.000,118.320	pypdf.merge_transformed_page_vector
Figure4.pdf	1	Figure4F	Figure4F	LUAD_OFFICIAL_ATOM	/media/desk16/iy13202/projects/Paper2Paper/tmp/tnbc-chromatin-tf-nc-2026/official-code-port-v3/run-fig45-v2-p0fix-20260821-r2/results/atomic/Figure4F_ETV1_OS.pdf	1	7b25d84826cdda6c17fa7380725bb5b1ea4ecf074387ca9705eb610597d0d814	0,0,1,1	18.000,192.520,142.000,158.520	pypdf.merge_transformed_page_vector
Figure4.pdf	1	Figure4F	Figure4F	LUAD_OFFICIAL_ATOM	/media/desk16/iy13202/projects/Paper2Paper/tmp/tnbc-chromatin-tf-nc-2026/official-code-port-v3/run-fig45-v2-p0fix-20260821-r2/results/atomic/Figure4F_ETV1_RFS.pdf	1	acfeb45faa4edce5540adea7d9a8dca58d234bc39c260fcdd5ae978e3d24f649	0,0,1,1	164.000,192.520,142.000,158.520	pypdf.merge_transformed_page_vector
Figure4.pdf	1	Figure4F	Figure4F	LUAD_OFFICIAL_ATOM	/media/desk16/iy13202/projects/Paper2Paper/tmp/tnbc-chromatin-tf-nc-2026/official-code-port-v3/run-fig45-v2-p0fix-20260821-r2/results/atomic/Figure4F_ZNF444_OS.pdf	1	fcb3c4617bcdb4c885b4d3bdd39e5a0b00629a7f1bbe6f4eb92990fdec04ab9b	0,0,1,1	18.000,30.000,142.000,158.520	pypdf.merge_transformed_page_vector
Figure4.pdf	1	Figure4F	Figure4F	LUAD_OFFICIAL_ATOM	/media/desk16/iy13202/projects/Paper2Paper/tmp/tnbc-chromatin-tf-nc-2026/official-code-port-v3/run-fig45-v2-p0fix-20260821-r2/results/atomic/Figure4F_ZNF444_RFS.pdf	1	66a7cc2603d421506225be9a61b1b32f079ef4a8f8fa360a8df410b78c198233	0,0,1,1	164.000,30.000,142.000,158.520	pypdf.merge_transformed_page_vector
Figure4.pdf	1	Figure4H	Figure4H	LUAD_OFFICIAL_ATOM	/media/desk16/iy13202/projects/Paper2Paper/tmp/tnbc-chromatin-tf-nc-2026/official-code-port-v3/run-fig45-v2-p0fix-20260821-r2/results/atomic/Figure4H_CREBRF_DFS.pdf	1	c5c20c4526ff1981ab900c3c2b8bf48489bafc2e100c37bf4787381aa363bea3	0,0,1,1	306.000,192.520,142.000,158.520	pypdf.merge_transformed_page_vector
Figure4.pdf	1	Figure4H	Figure4H	LUAD_OFFICIAL_ATOM	/media/desk16/iy13202/projects/Paper2Paper/tmp/tnbc-chromatin-tf-nc-2026/official-code-port-v3/run-fig45-v2-p0fix-20260821-r2/results/atomic/Figure4H_CREBRF_OS.pdf	1	64fd0b41378f772946da15046d7147afcb886c1f5b5402559ad09e0902cbc6e1	0,0,1,1	452.000,192.520,142.000,158.520	pypdf.merge_transformed_page_vector
Figure4.pdf	1	Figure4H	Figure4H	LUAD_OFFICIAL_ATOM	/media/desk16/iy13202/projects/Paper2Paper/tmp/tnbc-chromatin-tf-nc-2026/official-code-port-v3/run-fig45-v2-p0fix-20260821-r2/results/atomic/Figure4H_PHC2_DFS.pdf	1	c826d022c5d985781bc6128368bf0d87baffff746e05555f7ce74db8592001f2	0,0,1,1	306.000,30.000,142.000,158.520	pypdf.merge_transformed_page_vector
Figure4.pdf	1	Figure4H	Figure4H	LUAD_OFFICIAL_ATOM	/media/desk16/iy13202/projects/Paper2Paper/tmp/tnbc-chromatin-tf-nc-2026/official-code-port-v3/run-fig45-v2-p0fix-20260821-r2/results/atomic/Figure4H_PHC2_OS.pdf	1	4d3f9cae4af8b308b72b1c3e01584705279fcd82211f6e926f158f0fb283964a	0,0,1,1	452.000,30.000,142.000,158.520	pypdf.merge_transformed_page_vector
Figure5.pdf	1	Figure5A	Figure5A	LUAD_OFFICIAL_ATOM	/media/desk16/iy13202/projects/Paper2Paper/tmp/tnbc-chromatin-tf-nc-2026/official-code-port-v3/run-fig45-v2-p0fix-20260821-r2/results/atomic/Figure5A.pdf	1	cfa1553a1f2f1e33aa3d908af2f1d4a0a9f64e3b627563eca6641d39e6e64a93	0,0,1,1	18.000,573.000,190.080,169.000	pypdf.merge_transformed_page_vector
Figure5.pdf	1	Figure5B	Figure5B	LUAD_OFFICIAL_ATOM	/media/desk16/iy13202/projects/Paper2Paper/tmp/tnbc-chromatin-tf-nc-2026/official-code-port-v3/run-fig45-v2-p0fix-20260821-r2/results/atomic/Figure5B.pdf	1	0751c8df15c03780feb6addf47765b66663369866df54ce760dc9590e1ef803c	0,0,1,1	208.080,573.000,195.840,169.000	pypdf.merge_transformed_page_vector
Figure5.pdf	1	Figure5C	Figure5C	LUAD_OFFICIAL_ATOM	/media/desk16/iy13202/projects/Paper2Paper/tmp/tnbc-chromatin-tf-nc-2026/official-code-port-v3/run-fig45-v2-p0fix-20260821-r2/results/atomic/Figure5C.pdf	1	5b7438245a91efc2b925e513b33dcd1ce918fd4edb55c981b49ad90c1c592ee7	0,0,1,1	403.920,573.000,190.080,169.000	pypdf.merge_transformed_page_vector
Figure5.pdf	1	Figure5D	Figure5D	LUAD_OFFICIAL_ATOM	/media/desk16/iy13202/projects/Paper2Paper/tmp/tnbc-chromatin-tf-nc-2026/official-code-port-v3/run-fig45-v2-p0fix-20260821-r2/results/atomic/Figure5D.pdf	1	96781f8387e11b8e6ec218b3297b56a62912e71ff81db80a33f1781ff49dbb37	0,0,1,1	18.000,370.280,195.840,190.720	pypdf.merge_transformed_page_vector
Figure5.pdf	1	Figure5E	Figure5E	LUAD_OFFICIAL_ATOM	/media/desk16/iy13202/projects/Paper2Paper/tmp/tnbc-chromatin-tf-nc-2026/official-code-port-v3/run-fig45-v2-p0fix-20260821-r2/results/atomic/Figure5E.pdf	1	b35c8e08edb874e8fd98cdff6aec369ea5727a3af80707d11fa33d77430d9071	0,0,1,1	18.000,239.960,195.840,118.320	pypdf.merge_transformed_page_vector
Figure5.pdf	1	Figure5F	Figure5F_low	LUAD_OFFICIAL_ATOM	/media/desk16/iy13202/projects/Paper2Paper/tmp/tnbc-chromatin-tf-nc-2026/official-code-port-v3/run-fig45-v2-p0fix-20260821-r2/results/atomic/Figure5F_Concordance_Index_Low_Sig_PI3K_MAPK_EGFR_Kinase.pdf	1	c403cc542bd183509ea20232dcff6e4840093751108c593b3285b5617e41dd1b	0,0,1,1	213.840,402.480,380.160,158.520	pypdf.merge_transformed_page_vector
Supplementary_Figures.pdf	2	SupplementaryFigure2A	SupplementaryFigure2A	LUAD_OFFICIAL_ATOM	/media/desk16/iy13202/projects/Paper2Paper/tmp/tnbc-chromatin-tf-nc-2026/official-code-port-v3/run-fig12-final/adapter_final_corrected/results/visuals/Figure1/SupplementaryFigure2A_METABRIC_log2FC_Viper.pdf	1	bf383bf44af8baf5cc0bb06c55d5a625be7a1647e6d5de9fbfafd74429590434	0,0,1,1	18.000,529.560,195.840,212.440	pypdf.merge_transformed_page_vector
Supplementary_Figures.pdf	2	SupplementaryFigure2B	SupplementaryFigure2B	LUAD_OFFICIAL_ATOM	/media/desk16/iy13202/projects/Paper2Paper/tmp/tnbc-chromatin-tf-nc-2026/official-code-port-v3/run-fig12-final/adapter_final_corrected/results/visuals/Figure1/SupplementaryFigure2B_VennDiagram_NonTNBC_TCGA_METABRIC.pdf	1	9c24904f498c0f8ff9da997be1deda6bec8f62ede02594f8c1be059bb53ad1ad	0,0,1,1	213.840,529.560,188.080,212.440	pypdf.merge_transformed_page_vector
Supplementary_Figures.pdf	2	SupplementaryFigure2B	SupplementaryFigure2B	LUAD_OFFICIAL_ATOM	/media/desk16/iy13202/projects/Paper2Paper/tmp/tnbc-chromatin-tf-nc-2026/official-code-port-v3/run-fig12-final/adapter_final_corrected/results/visuals/Figure1/SupplementaryFigure2B_VennDiagram_TNBC_TCGA_METABRIC.pdf	1	b398dda35dbb1c756fba7c2a5c33d2bc1f9c55d094807dc0a4893344cf5994ef	0,0,1,1	405.920,529.560,188.080,212.440	pypdf.merge_transformed_page_vector
Supplementary_Figures.pdf	2	SupplementaryFigure2C	SupplementaryFigure2C	LUAD_OFFICIAL_ATOM	/media/desk16/iy13202/projects/Paper2Paper/tmp/tnbc-chromatin-tf-nc-2026/official-code-port-v3/run-fig12-final/adapter_final_corrected/results/visuals/Figure1/SupplementaryFigure2C_TCGA_TRActivity_TNBC150_NonTNBC155_PearsonCor.pdf	1	7259fa948317ac90d0304d3cccab3609caa7cc08ee8c8bb4ee99a54c80ad2844	0,0,1,1	18.000,305.120,195.840,212.440	pypdf.merge_transformed_page_vector
Supplementary_Figures.pdf	2	SupplementaryFigure2D	SupplementaryFigure2D	LUAD_OFFICIAL_ATOM	/media/desk16/iy13202/projects/Paper2Paper/tmp/tnbc-chromatin-tf-nc-2026/official-code-port-v3/run-fig12-final/adapter_final_corrected/results/visuals/Figure1/SupplementaryFigure2D_PDX_TRActivity_TNBC150_NonTNBC155_PearsonCor.pdf	1	9b9f10e877b82629ae9d8421ce8519df60ed3cd34e6bdd56eeb0d00a420437a6	0,0,1,1	213.840,305.120,190.080,212.440	pypdf.merge_transformed_page_vector
Supplementary_Figures.pdf	2	SupplementaryFigure2E	SupplementaryFigure2E	LUAD_OFFICIAL_ATOM	/media/desk16/iy13202/projects/Paper2Paper/tmp/tnbc-chromatin-tf-nc-2026/official-code-port-v3/run-fig12-final/adapter_final_corrected/results/visuals/Figure1/SupplementaryFigure2E_Cell_Lines_TRActivity_TNBC150_NonTNBC155_PearsonCor.pdf	1	4ccc3cf24c6a72f3ace010f428fc10494b0709fe31d695d0dffd8cb0de574727	0,0,1,1	403.920,305.120,190.080,212.440	pypdf.merge_transformed_page_vector
Supplementary_Figures.pdf	2	SupplementaryFigure2F	SupplementaryFigure2F	LUAD_OFFICIAL_ATOM	/media/desk16/iy13202/projects/Paper2Paper/tmp/tnbc-chromatin-tf-nc-2026/official-code-port-v3/run-fig12-final/adapter_final_corrected/results/visuals/Figure1/SupplementaryFigure2F_CellLines_Basal157TRs.pdf	1	3e4a69a3ccef0b8d3e7dba1f95174893b8f6c101724bb87b0b1d996777327c6d	0,0,1,1	18.000,30.000,141.000,263.120	pypdf.merge_transformed_page_vector
Supplementary_Figures.pdf	2	SupplementaryFigure2F	SupplementaryFigure2F	LUAD_OFFICIAL_ATOM	/media/desk16/iy13202/projects/Paper2Paper/tmp/tnbc-chromatin-tf-nc-2026/official-code-port-v3/run-fig12-final/adapter_final_corrected/results/visuals/Figure1/SupplementaryFigure2F_METABRIC_Basal123TRs.pdf	1	627cf897e4121504a020794304863cba17f0d757f9ac2fc51fff07c410b1c7e8	0,0,1,1	163.000,30.000,141.000,263.120	pypdf.merge_transformed_page_vector
Supplementary_Figures.pdf	2	SupplementaryFigure2F	SupplementaryFigure2F	LUAD_OFFICIAL_ATOM	/media/desk16/iy13202/projects/Paper2Paper/tmp/tnbc-chromatin-tf-nc-2026/official-code-port-v3/run-fig12-final/adapter_final_corrected/results/visuals/Figure1/SupplementaryFigure2F_PDX_Basal157TRs.pdf	1	3b0adda5d3d9ea19fb29ab4892d26c2212b07094fa643e1ba03b4d687e7bcc5e	0,0,1,1	308.000,30.000,141.000,263.120	pypdf.merge_transformed_page_vector
Supplementary_Figures.pdf	2	SupplementaryFigure2F	SupplementaryFigure2F	LUAD_OFFICIAL_ATOM	/media/desk16/iy13202/projects/Paper2Paper/tmp/tnbc-chromatin-tf-nc-2026/official-code-port-v3/run-fig12-final/adapter_final_corrected/results/visuals/Figure1/SupplementaryFigure2F_TCGA_Basal157TRs.pdf	1	bb96521b962e702ddd00c103ddffeb99a8183089d5888f5f1bd93460b6e9ae79	0,0,1,1	453.000,30.000,141.000,263.120	pypdf.merge_transformed_page_vector
Supplementary_Figures.pdf	3	SupplementaryFigure2A_secondary_GSE81089	SupplementaryFigure2A_secondary_GSE81089	LUAD_OFFICIAL_ATOM	/media/desk16/iy13202/projects/Paper2Paper/tmp/tnbc-chromatin-tf-nc-2026/official-code-port-v3/run-fig12-final/adapter_final_corrected/secondary_validation/GSE81089/results/visuals/Figure1/SupplementaryFigure2A_METABRIC_log2FC_Viper.pdf	1	8522fd28e573e5df4aee0b40b33b19ec8fbcf7769bd17dba2c35265f630146e9	0,0,1,1	18.000,30.000,230.400,712.000	pypdf.merge_transformed_page_vector
Supplementary_Figures.pdf	3	SupplementaryFigure2B_secondary_GSE81089	SupplementaryFigure2B_secondary_GSE81089	LUAD_OFFICIAL_ATOM	/media/desk16/iy13202/projects/Paper2Paper/tmp/tnbc-chromatin-tf-nc-2026/official-code-port-v3/run-fig12-final/adapter_final_corrected/secondary_validation/GSE81089/results/visuals/Figure1/SupplementaryFigure2B_VennDiagram_NonTNBC_TCGA_METABRIC.pdf	1	5976b44e21a49cc19f9ddbe7f91e50fe5619ee551eda7de339f8f1c96da99038	0,0,1,1	248.400,30.000,170.800,712.000	pypdf.merge_transformed_page_vector
Supplementary_Figures.pdf	3	SupplementaryFigure2B_secondary_GSE81089	SupplementaryFigure2B_secondary_GSE81089	LUAD_OFFICIAL_ATOM	/media/desk16/iy13202/projects/Paper2Paper/tmp/tnbc-chromatin-tf-nc-2026/official-code-port-v3/run-fig12-final/adapter_final_corrected/secondary_validation/GSE81089/results/visuals/Figure1/SupplementaryFigure2B_VennDiagram_TNBC_TCGA_METABRIC.pdf	1	3864ca9af2f8b700cf0ebbc7db11eefa4388657864bc75ce15c91653e64b1fd0	0,0,1,1	423.200,30.000,170.800,712.000	pypdf.merge_transformed_page_vector
Supplementary_Figures.pdf	4	SupplementaryFigure3A	SupplementaryFigure3A	LUAD_OFFICIAL_ATOM	/media/desk16/iy13202/projects/Paper2Paper/tmp/tnbc-chromatin-tf-nc-2026/official-supp3-port/run-v2/results/panels/SupplementaryFigure3A_TCGA_Number_Of_Called_Peaks.pdf	1	8ee91322d06ba8883fb1d00ca157975a4e13cbc59f49f547658ad4f4f70c3cc0	0,0,1,1	18.000,580.240,191.808,161.760	pypdf.merge_transformed_page_vector
Supplementary_Figures.pdf	4	SupplementaryFigure3B	SupplementaryFigure3B	LUAD_OFFICIAL_ATOM	/media/desk16/iy13202/projects/Paper2Paper/tmp/tnbc-chromatin-tf-nc-2026/official-supp3-port/run-v2/results/panels/SupplementaryFigure3B_PDX_Number_Of_Called_Peaks.pdf	1	d94e5165d6d604744b52aaae81064aad25d9f61eaaf98bac5c6fed2d5819da5d	0,0,1,1	209.808,580.240,192.384,161.760	pypdf.merge_transformed_page_vector
Supplementary_Figures.pdf	4	SupplementaryFigure3C	SupplementaryFigure3C	LUAD_OFFICIAL_ATOM	/media/desk16/iy13202/projects/Paper2Paper/tmp/tnbc-chromatin-tf-nc-2026/official-supp3-port/run-v2/results/panels/SupplementaryFigure3C_CellLines_Number_Of_Called_Peaks.pdf	1	e346bb6de33187cde06da475319d4c11b513b6fb51127f12bfd5dda44591974d	0,0,1,1	402.192,580.240,191.808,161.760	pypdf.merge_transformed_page_vector
Supplementary_Figures.pdf	4	SupplementaryFigure3D	SupplementaryFigure3D	LUAD_OFFICIAL_ATOM	/media/desk16/iy13202/projects/Paper2Paper/tmp/tnbc-chromatin-tf-nc-2026/official-supp3-port/run-v2/results/panels/SupplementaryFigure3D_TCGA_peak_saturation.pdf	1	716a29e5214eb04e16c4d9f8d08b5a7ec43a674070b5cdd54612ff0687715d41	0,0,1,1	18.000,384.760,191.808,183.480	pypdf.merge_transformed_page_vector
Supplementary_Figures.pdf	4	SupplementaryFigure3E	SupplementaryFigure3E	LUAD_OFFICIAL_ATOM	/media/desk16/iy13202/projects/Paper2Paper/tmp/tnbc-chromatin-tf-nc-2026/official-supp3-port/run-v2/results/panels/SupplementaryFigure3E_PDX_peak_saturation.pdf	1	66a07eb50cab1514754eef3527963c447130f34ab420179c5dbf4175f1487aba	0,0,1,1	209.808,384.760,192.384,183.480	pypdf.merge_transformed_page_vector
Supplementary_Figures.pdf	4	SupplementaryFigure3F	SupplementaryFigure3F	LUAD_OFFICIAL_ATOM	/media/desk16/iy13202/projects/Paper2Paper/tmp/tnbc-chromatin-tf-nc-2026/official-supp3-port/run-v2/results/panels/SupplementaryFigure3F_CellLines_peak_saturation.pdf	1	035792ce096dba29221332dd185610f2de05aa47788dba0c15625c6870cc778e	0,0,1,1	402.192,384.760,191.808,183.480	pypdf.merge_transformed_page_vector
Supplementary_Figures.pdf	4	SupplementaryFigure3G	SupplementaryFigure3G	LUAD_OFFICIAL_ATOM	/media/desk16/iy13202/projects/Paper2Paper/tmp/tnbc-chromatin-tf-nc-2026/official-supp3-port/run-v2/results/panels/SupplementaryFigure3G_TCGA_Pearson_Correlation_Signal_ConsensusPeakSet.pdf	1	8e0df9901fe8882b462bb9a631396d26e68ba27c8e47bf2506bd80bbffd712c1	0,0,1,1	18.000,189.280,191.808,183.480	pypdf.merge_transformed_page_vector
Supplementary_Figures.pdf	4	SupplementaryFigure3H	SupplementaryFigure3H	LUAD_OFFICIAL_ATOM	/media/desk16/iy13202/projects/Paper2Paper/tmp/tnbc-chromatin-tf-nc-2026/official-supp3-port/run-v2/results/panels/SupplementaryFigure3H_PDX_Pearson_Correlation_Signal_ConsensusPeakSet.pdf	1	a170a440ce39ec1b7625e88dbccbdbe6a2be3ed57a1d0428c537ddad51d1144a	0,0,1,1	209.808,189.280,192.384,183.480	pypdf.merge_transformed_page_vector
Supplementary_Figures.pdf	4	SupplementaryFigure3I	SupplementaryFigure3I	LUAD_OFFICIAL_ATOM	/media/desk16/iy13202/projects/Paper2Paper/tmp/tnbc-chromatin-tf-nc-2026/official-supp3-port/run-v2/results/panels/SupplementaryFigure3I_CellLines_Pearson_Correlation_Signal_ConsensusPeakSet.pdf	1	403ef90d90a2958794ef66416486ae297efeebf05762798da880b52bb7ce7a02	0,0,1,1	402.192,189.280,191.808,183.480	pypdf.merge_transformed_page_vector
Supplementary_Figures.pdf	4	SupplementaryFigure3J	SupplementaryFigure3J	LUAD_OFFICIAL_ATOM	/media/desk16/iy13202/projects/Paper2Paper/tmp/tnbc-chromatin-tf-nc-2026/official-supp3-port/run-v2/results/panels/SupplementaryFigure3J_TCGA_GenomicAnnotation.pdf	1	f50240503bd5e5d07b740c94b9cecc117f096ce82abd0649cb09b91d4d89dd98	0,0,1,1	18.000,30.000,191.808,147.280	pypdf.merge_transformed_page_vector
Supplementary_Figures.pdf	4	SupplementaryFigure3K	SupplementaryFigure3K	LUAD_OFFICIAL_ATOM	/media/desk16/iy13202/projects/Paper2Paper/tmp/tnbc-chromatin-tf-nc-2026/official-supp3-port/run-v2/results/panels/SupplementaryFigure3K_PDX_GenomicAnnotation.pdf	1	1da94042a85945b732156fbba6c72e7c793948d78b23d859c4af18b79c65a0fa	0,0,1,1	209.808,30.000,192.384,147.280	pypdf.merge_transformed_page_vector
Supplementary_Figures.pdf	4	SupplementaryFigure3L	SupplementaryFigure3L	LUAD_OFFICIAL_ATOM	/media/desk16/iy13202/projects/Paper2Paper/tmp/tnbc-chromatin-tf-nc-2026/official-supp3-port/run-v2/results/panels/SupplementaryFigure3L_CellLines_GenomicAnnotation.pdf	1	ec2c0a7116d5061554099779fd0f64d44c5bca7f8d467bedba8852ee6108cf30	0,0,1,1	402.192,30.000,191.808,147.280	pypdf.merge_transformed_page_vector
Supplementary_Figures.pdf	5	SupplementaryFigure4B	SupplementaryFigure4B	LUAD_OFFICIAL_ATOM	/media/desk16/iy13202/projects/Paper2Paper/tmp/tnbc-chromatin-tf-nc-2026/official-code-port-v3/run-fig12-final/adapter_final_corrected/results/visuals/Figure2/SupplementaryFigure4B_NES_Average_Across_CellLines_PDX_TCGA.pdf	1	353a20a28947e7c8214c10ccd3cdbd1f81a32c18f85aa16f4f50e60ec029055a	0,0,1,1	18.000,334.080,247.680,234.160	pypdf.merge_transformed_page_vector
Supplementary_Figures.pdf	5	SupplementaryFigure4C	SupplementaryFigure4C	LUAD_OFFICIAL_ATOM	/media/desk16/iy13202/projects/Paper2Paper/tmp/tnbc-chromatin-tf-nc-2026/official-code-port-v3/run-fig12-final/adapter_final_corrected/results/visuals/Figure2/JASPAR_vs_CISBP_HC-TRs_VennDiagram.pdf	1	9b0b602004f1a947bdc1835517789073fd00dae3c2a2554afa1b931ab2e849b1	0,0,1,1	18.000,30.000,247.680,292.080	pypdf.merge_transformed_page_vector
Supplementary_Figures.pdf	5	SupplementaryFigure4D	SupplementaryFigure4D	LUAD_OFFICIAL_ATOM	/media/desk16/iy13202/projects/Paper2Paper/tmp/tnbc-chromatin-tf-nc-2026/official-fig3-port/run-v3/results/visuals/Figure3/SupplementaryFigure4D_All_MKi67_Correlation_HC-TR_Heatmap.pdf	1	774fc359be996cfcfed427cdc118e16c1d4c123911834095c9abb9e099ddef3b	0,0,1,1	265.680,391.493,162.160,176.747	pypdf.merge_transformed_page_vector
Supplementary_Figures.pdf	5	SupplementaryFigure4D	SupplementaryFigure4D	LUAD_OFFICIAL_ATOM	/media/desk16/iy13202/projects/Paper2Paper/tmp/tnbc-chromatin-tf-nc-2026/official-fig3-port/run-v3/results/visuals/Figure3/SupplementaryFigure4D_CellLines_MKi67_Correlation_HC-TR.pdf	1	74e0aa177fe4b092834e77c0a1bc88383b2e066e000c5f62f7632e53976c1054	0,0,1,1	431.840,391.493,162.160,176.747	pypdf.merge_transformed_page_vector
Supplementary_Figures.pdf	5	SupplementaryFigure4D	SupplementaryFigure4D	LUAD_OFFICIAL_ATOM	/media/desk16/iy13202/projects/Paper2Paper/tmp/tnbc-chromatin-tf-nc-2026/official-fig3-port/run-v3/results/visuals/Figure3/SupplementaryFigure4D_GSE41271_MKi67_Correlation_HC-TR.pdf	1	9e6e7db5d3a593c589e4c7e6e09a35bec5c1cc6947813647c07e0b8fb1071f22	0,0,1,1	265.680,210.747,162.160,176.747	pypdf.merge_transformed_page_vector
Supplementary_Figures.pdf	5	SupplementaryFigure4D	SupplementaryFigure4D	LUAD_OFFICIAL_ATOM	/media/desk16/iy13202/projects/Paper2Paper/tmp/tnbc-chromatin-tf-nc-2026/official-fig3-port/run-v3/results/visuals/Figure3/SupplementaryFigure4D_PDX_MKi67_Correlation_HC-TR.pdf	1	fb6fa1cad5d778ca6bec26990a4267459e35951411eb6982a1de7c7af1fa3e27	0,0,1,1	431.840,210.747,162.160,176.747	pypdf.merge_transformed_page_vector
Supplementary_Figures.pdf	5	SupplementaryFigure4D	SupplementaryFigure4D	LUAD_OFFICIAL_ATOM	/media/desk16/iy13202/projects/Paper2Paper/tmp/tnbc-chromatin-tf-nc-2026/official-fig3-port/run-v3/results/visuals/Figure3/SupplementaryFigure4D_TCGA_MKi67_Correlation_HC-TR.pdf	1	80a0f652adf3e015ecac1cf54cce9cae527892c204aa0466b13ebcc370e86497	0,0,1,1	265.680,30.000,162.160,176.747	pypdf.merge_transformed_page_vector
Supplementary_Figures.pdf	6	SupplementaryFigure5A	SupplementaryFigure5A	LUAD_OFFICIAL_ATOM	/media/desk16/iy13202/projects/Paper2Paper/tmp/tnbc-chromatin-tf-nc-2026/official-fig3-port/run-v3/results/visuals/Figure3/SupplementaryFigure5A_Skewness_PDX_CellLines.pdf	1	d6bb397a24ae478b852cdfa6526baeca14afcccb6e65be18c186f6f206e8d1cc	0,0,1,1	18.000,500.600,576.000,241.400	pypdf.merge_transformed_page_vector
Supplementary_Figures.pdf	6	SupplementaryFigure5B	SupplementaryFigure5B	LUAD_OFFICIAL_ATOM	/media/desk16/iy13202/projects/Paper2Paper/tmp/tnbc-chromatin-tf-nc-2026/official-fig3-port/run-v3/results/visuals/Figure3/SupplementaryFigure5B_All_ESTIMATE_Volcano_HC-TR.pdf	1	5d2d7c893f93db3e0ae999623313db3e97ec3d246b59813758ce672632706e6b	0,0,1,1	18.000,261.300,576.000,227.300	pypdf.merge_transformed_page_vector
Supplementary_Figures.pdf	6	SupplementaryFigure5B	SupplementaryFigure5B	LUAD_OFFICIAL_ATOM	/media/desk16/iy13202/projects/Paper2Paper/tmp/tnbc-chromatin-tf-nc-2026/official-fig3-port/run-v3/results/visuals/Figure3/SupplementaryFigure5B_ESTIMATE_Combined_Heatmap_HC-TR.pdf	1	7f56cf2a289b361606df00992a88f18b6369edb2f6631f32911aec94ed2bce2c	0,0,1,1	18.000,30.000,576.000,227.300	pypdf.merge_transformed_page_vector
Supplementary_Figures.pdf	7	SupplementaryFigure6A	SupplementaryFigure6A	LUAD_OFFICIAL_ATOM	/media/desk16/iy13202/projects/Paper2Paper/tmp/tnbc-chromatin-tf-nc-2026/official-code-port-v3/run-fig45-v2-p0fix-20260821-r2/results/atomic/SupplementaryFigure6A.pdf	1	925a52940f4607ff08f100d9d5e1d65d45c41d861f0451f7c1e64c2a7f786fa8	0,0,1,1	18.000,392.000,144.000,350.000	pypdf.merge_transformed_page_vector
Supplementary_Figures.pdf	7	SupplementaryFigure6B	SupplementaryFigure6B	LUAD_OFFICIAL_ATOM	/media/desk16/iy13202/projects/Paper2Paper/tmp/tnbc-chromatin-tf-nc-2026/official-code-port-v3/run-fig45-v2-p0fix-20260821-r2/results/atomic/SupplementaryFigure6B.pdf	1	ed961b2345714a9754b16ac5bcc76d277d285f8b7727c8b9bbce588f25fd154d	0,0,1,1	162.000,392.000,144.000,350.000	pypdf.merge_transformed_page_vector
Supplementary_Figures.pdf	7	SupplementaryFigure6C	SupplementaryFigure6C	LUAD_OFFICIAL_ATOM	/media/desk16/iy13202/projects/Paper2Paper/tmp/tnbc-chromatin-tf-nc-2026/official-code-port-v3/run-fig45-v2-p0fix-20260821-r2/results/atomic/SupplementaryFigure6C.pdf	1	90d81906dd54c1d17247f5521aa2b9fe7b711b257b7194e07733573c7653d564	0,0,1,1	306.000,392.000,144.000,350.000	pypdf.merge_transformed_page_vector
Supplementary_Figures.pdf	7	SupplementaryFigure6D	SupplementaryFigure6D	LUAD_OFFICIAL_ATOM	/media/desk16/iy13202/projects/Paper2Paper/tmp/tnbc-chromatin-tf-nc-2026/official-code-port-v3/run-fig45-v2-p0fix-20260821-r2/results/atomic/SupplementaryFigure6D.pdf	1	a121c3add3718291a340f4726e63a5c5a7bbe47eb2537844b27155301b31de93	0,0,1,1	450.000,392.000,144.000,350.000	pypdf.merge_transformed_page_vector
Supplementary_Figures.pdf	7	SupplementaryFigure6E	SupplementaryFigure6E	LUAD_OFFICIAL_ATOM	/media/desk16/iy13202/projects/Paper2Paper/tmp/tnbc-chromatin-tf-nc-2026/official-code-port-v3/run-fig45-v2-p0fix-20260821-r2/results/atomic/SupplementaryFigure6E.pdf	1	b55334f8fd2c2ef742733f556a7040d660bad01d067a610ec43746413f376536	0,0,1,1	18.000,30.000,144.000,350.000	pypdf.merge_transformed_page_vector
Supplementary_Figures.pdf	7	SupplementaryFigure6F	SupplementaryFigure6F	LUAD_OFFICIAL_ATOM	/media/desk16/iy13202/projects/Paper2Paper/tmp/tnbc-chromatin-tf-nc-2026/official-code-port-v3/run-fig45-v2-p0fix-20260821-r2/results/atomic/SupplementaryFigure6F.pdf	1	cf4b01136ebc384aeb9bbba3ed21de0802b9d92b2b740424718c2da61f70d804	0,0,1,1	162.000,30.000,144.000,350.000	pypdf.merge_transformed_page_vector
Supplementary_Figures.pdf	7	SupplementaryFigure6G	SupplementaryFigure6G	LUAD_OFFICIAL_ATOM	/media/desk16/iy13202/projects/Paper2Paper/tmp/tnbc-chromatin-tf-nc-2026/official-code-port-v3/run-fig45-v2-p0fix-20260821-r2/results/atomic/SupplementaryFigure6G.pdf	1	921483c702bf81184d4f7be295a9f470a7b2b8d764048069ef250e50a07dbee2	0,0,1,1	306.000,30.000,144.000,350.000	pypdf.merge_transformed_page_vector
Supplementary_Figures.pdf	7	SupplementaryFigure6H	SupplementaryFigure6H	LUAD_OFFICIAL_ATOM	/media/desk16/iy13202/projects/Paper2Paper/tmp/tnbc-chromatin-tf-nc-2026/official-code-port-v3/run-fig45-v2-p0fix-20260821-r2/results/atomic/SupplementaryFigure6H.pdf	1	e08bfda0e35d5c871278ab0a1b0b334c2bd8488bdb15440be05682c8af538ae1	0,0,1,1	450.000,30.000,144.000,350.000	pypdf.merge_transformed_page_vector
Supplementary_Figures.pdf	8	SupplementaryFigure7A	SupplementaryFigure7A	LUAD_OFFICIAL_ATOM	/media/desk16/iy13202/projects/Paper2Paper/tmp/tnbc-chromatin-tf-nc-2026/official-code-port-v3/run-fig45-v2-p0fix-20260821-r2/results/atomic/SupplementaryFigure7A_CellLine_DrugSensitivity_Cohort_DrugIntersection.pdf	1	0c6b11e91eb5baae29914b4f21c188cc7d06d08658dd7c122045048ce4ac0a69	0,0,1,1	18.000,573.000,201.600,169.000	pypdf.merge_transformed_page_vector
Supplementary_Figures.pdf	8	SupplementaryFigure7B	SupplementaryFigure7B	LUAD_OFFICIAL_ATOM	/media/desk16/iy13202/projects/Paper2Paper/tmp/tnbc-chromatin-tf-nc-2026/official-code-port-v3/run-fig45-v2-p0fix-20260821-r2/results/atomic/SupplementaryFigure7B_WWC2_Pha793887_AAC_NES.pdf	1	686124b87ccd7568cde38d8b4a756127755fae76cb119ee2b3e0094f07877771	0,0,1,1	219.600,573.000,90.600,169.000	pypdf.merge_transformed_page_vector
Supplementary_Figures.pdf	8	SupplementaryFigure7B	SupplementaryFigure7B	LUAD_OFFICIAL_ATOM	/media/desk16/iy13202/projects/Paper2Paper/tmp/tnbc-chromatin-tf-nc-2026/official-code-port-v3/run-fig45-v2-p0fix-20260821-r2/results/atomic/SupplementaryFigure7B_ZNF254_5Fluorouracil_AAC_NES.pdf	1	1dae9cd7408c9d85c839541eb698c40ede3a988c5f3be5a2bf5f7a26ab7ab135	0,0,1,1	314.200,573.000,90.600,169.000	pypdf.merge_transformed_page_vector
Supplementary_Figures.pdf	8	SupplementaryFigure7B	SupplementaryFigure7B	LUAD_OFFICIAL_ATOM	/media/desk16/iy13202/projects/Paper2Paper/tmp/tnbc-chromatin-tf-nc-2026/official-code-port-v3/run-fig45-v2-p0fix-20260821-r2/results/atomic/SupplementaryFigure7B_ZNF254_Dactolisib_AAC_NES.pdf	1	ac90d349ffffb6c3f74de354bdc4e263c0831a7c1e912c02d0cbe3753b1b6e7d	0,0,1,1	408.800,573.000,90.600,169.000	pypdf.merge_transformed_page_vector
Supplementary_Figures.pdf	8	SupplementaryFigure7B	SupplementaryFigure7B	LUAD_OFFICIAL_ATOM	/media/desk16/iy13202/projects/Paper2Paper/tmp/tnbc-chromatin-tf-nc-2026/official-code-port-v3/run-fig45-v2-p0fix-20260821-r2/results/atomic/SupplementaryFigure7B_ZNF254_Vorinostat_AAC_NES.pdf	1	b7ac151bb22991f1217d516635e90409a0e0dc086dad0cfcd0c5a458cf254219	0,0,1,1	503.400,573.000,90.600,169.000	pypdf.merge_transformed_page_vector
Supplementary_Figures.pdf	8	SupplementaryFigure7C	SupplementaryFigure7C_low	LUAD_OFFICIAL_ATOM	/media/desk16/iy13202/projects/Paper2Paper/tmp/tnbc-chromatin-tf-nc-2026/official-code-port-v3/run-fig45-v2-p0fix-20260821-r2/results/atomic/SupplementaryFigure7C_Concordance_Index_Low_Sig_Supplementary.pdf	1	1f172c5a03390142150794752d0410b08291b340b1358a498cf41fa517732e7e	0,0,1,1	18.000,369.900,576.000,191.100	pypdf.merge_transformed_page_vector
TNBC_vs_LUAD_comparison_atlas.pdf	1	Figure1A	Figure1A	TNBC_REFERENCE_CROP	/media/desk16/iy13202/projects/Paper2Paper/tmp/tnbc-chromatin-tf-nc-2026/official-code-port-v3/uploads/TNBC TF s41467-026-76385-8_reference.pdf	36	f134395b6326978a315bcf6e34ef12ba660a5421a6dbae37ba366366d9f46c71	0.01,0.075,0.397,0.375	24.000,188.000,362.000,360.000	pypdf.merge_transformed_page_vector
TNBC_vs_LUAD_comparison_atlas.pdf	2	Figure1B	Figure1B	TNBC_REFERENCE_CROP	/media/desk16/iy13202/projects/Paper2Paper/tmp/tnbc-chromatin-tf-nc-2026/official-code-port-v3/uploads/TNBC TF s41467-026-76385-8_reference.pdf	36	f134395b6326978a315bcf6e34ef12ba660a5421a6dbae37ba366366d9f46c71	0.395,0.045,0.64,0.43	24.000,188.000,362.000,360.000	pypdf.merge_transformed_page_vector
TNBC_vs_LUAD_comparison_atlas.pdf	2	Figure1B	Figure1B	LUAD_OFFICIAL_ATOM	/media/desk16/iy13202/projects/Paper2Paper/tmp/tnbc-chromatin-tf-nc-2026/official-code-port-v3/run-fig12-final/adapter_final_corrected/results/visuals/Figure1/Figure1B_log2FC_Viper_TNBC.pdf	1	61608426d7fbbde14efaa0197a5ff9e45608818aa1ea454e7caeb09d1582d09f	0,0,1,1	406.000,188.000,362.000,360.000	pypdf.merge_transformed_page_vector
TNBC_vs_LUAD_comparison_atlas.pdf	3	Figure1C	Figure1C	TNBC_REFERENCE_CROP	/media/desk16/iy13202/projects/Paper2Paper/tmp/tnbc-chromatin-tf-nc-2026/official-code-port-v3/uploads/TNBC TF s41467-026-76385-8_reference.pdf	36	f134395b6326978a315bcf6e34ef12ba660a5421a6dbae37ba366366d9f46c71	0.63,0.045,0.995,0.42	24.000,188.000,362.000,360.000	pypdf.merge_transformed_page_vector
TNBC_vs_LUAD_comparison_atlas.pdf	3	Figure1C	Figure1C	LUAD_OFFICIAL_ATOM	/media/desk16/iy13202/projects/Paper2Paper/tmp/tnbc-chromatin-tf-nc-2026/official-code-port-v3/run-fig12-final/adapter_final_corrected/results/visuals/Figure1/Figure1C_TCGA_TRActivity_TNBC150_NonTNBC155_test.pdf	1	233f8644045bd3bc11daf4d62e1d36a5d557d819195a06f4952193fd5f820f39	0,0,1,1	406.000,188.000,362.000,360.000	pypdf.merge_transformed_page_vector
TNBC_vs_LUAD_comparison_atlas.pdf	4	Figure1D	Figure1D	TNBC_REFERENCE_CROP	/media/desk16/iy13202/projects/Paper2Paper/tmp/tnbc-chromatin-tf-nc-2026/official-code-port-v3/uploads/TNBC TF s41467-026-76385-8_reference.pdf	36	f134395b6326978a315bcf6e34ef12ba660a5421a6dbae37ba366366d9f46c71	0,0.405,0.35,0.855	24.000,188.000,362.000,360.000	pypdf.merge_transformed_page_vector
TNBC_vs_LUAD_comparison_atlas.pdf	4	Figure1D	Figure1D	LUAD_OFFICIAL_ATOM	/media/desk16/iy13202/projects/Paper2Paper/tmp/tnbc-chromatin-tf-nc-2026/official-code-port-v3/run-fig12-final/adapter_final_corrected/results/visuals/Figure1/Figure1D_PDX_TRActivity_TNBC150_NonTNBC154.pdf	1	084b73a115e6f0ffa422e405c61d308694365824429f5aedb81c6de34f7452dd	0,0,1,1	406.000,188.000,362.000,360.000	pypdf.merge_transformed_page_vector
TNBC_vs_LUAD_comparison_atlas.pdf	5	Figure1E	Figure1E	TNBC_REFERENCE_CROP	/media/desk16/iy13202/projects/Paper2Paper/tmp/tnbc-chromatin-tf-nc-2026/official-code-port-v3/uploads/TNBC TF s41467-026-76385-8_reference.pdf	36	f134395b6326978a315bcf6e34ef12ba660a5421a6dbae37ba366366d9f46c71	0.35,0.405,0.79,0.855	24.000,188.000,362.000,360.000	pypdf.merge_transformed_page_vector
TNBC_vs_LUAD_comparison_atlas.pdf	5	Figure1E	Figure1E	LUAD_OFFICIAL_ATOM	/media/desk16/iy13202/projects/Paper2Paper/tmp/tnbc-chromatin-tf-nc-2026/official-code-port-v3/run-fig12-final/adapter_final_corrected/results/visuals/Figure1/Figure1E_CellLine_TRActivity_TNBC150_NonTNBC155.pdf	1	fe6e83d12a1639766ee763ec037731331681ca2b6b9f04b6709e9d0a54da9ee0	0,0,1,1	406.000,188.000,362.000,360.000	pypdf.merge_transformed_page_vector
TNBC_vs_LUAD_comparison_atlas.pdf	6	Figure2A	Figure2A	TNBC_REFERENCE_CROP	/media/desk16/iy13202/projects/Paper2Paper/tmp/tnbc-chromatin-tf-nc-2026/official-code-port-v3/uploads/TNBC TF s41467-026-76385-8_reference.pdf	37	f134395b6326978a315bcf6e34ef12ba660a5421a6dbae37ba366366d9f46c71	0.005,0.045,0.445,0.21	24.000,188.000,362.000,360.000	pypdf.merge_transformed_page_vector
TNBC_vs_LUAD_comparison_atlas.pdf	7	Figure2B	Figure2B	TNBC_REFERENCE_CROP	/media/desk16/iy13202/projects/Paper2Paper/tmp/tnbc-chromatin-tf-nc-2026/official-code-port-v3/uploads/TNBC TF s41467-026-76385-8_reference.pdf	37	f134395b6326978a315bcf6e34ef12ba660a5421a6dbae37ba366366d9f46c71	0.005,0.22,0.215,0.435	24.000,188.000,362.000,360.000	pypdf.merge_transformed_page_vector
TNBC_vs_LUAD_comparison_atlas.pdf	7	Figure2B	Figure2B	LUAD_OFFICIAL_ATOM	/media/desk16/iy13202/projects/Paper2Paper/tmp/tnbc-chromatin-tf-nc-2026/official-code-port-v3/run-fig12-final/adapter_final_corrected/results/visuals/Figure2/Figure2B_TF_PromoterAccessibility_Intersection_Sample_Groups.pdf	1	8bd122d9cde7994744ec79fb4ad1118d8c687f564ccf09e9cf87e03fd1d7ff47	0,0,1,1	406.000,188.000,362.000,360.000	pypdf.merge_transformed_page_vector
TNBC_vs_LUAD_comparison_atlas.pdf	8	Figure2D	Figure2D	TNBC_REFERENCE_CROP	/media/desk16/iy13202/projects/Paper2Paper/tmp/tnbc-chromatin-tf-nc-2026/official-code-port-v3/uploads/TNBC TF s41467-026-76385-8_reference.pdf	37	f134395b6326978a315bcf6e34ef12ba660a5421a6dbae37ba366366d9f46c71	0.215,0.22,0.435,0.435	24.000,188.000,362.000,360.000	pypdf.merge_transformed_page_vector
TNBC_vs_LUAD_comparison_atlas.pdf	8	Figure2D	Figure2D	LUAD_OFFICIAL_ATOM	/media/desk16/iy13202/projects/Paper2Paper/tmp/tnbc-chromatin-tf-nc-2026/official-code-port-v3/run-fig12-final/adapter_final_corrected/results/visuals/Figure2/Figure2D_JASPAR_CISBP_TR_MotifEnrichment_Intersection_Sample_Groups.pdf	1	b8fd51f6afe20d9f864be0f76337156dd087befc5e8c2e4057dc12ab39cf0251	0,0,1,1	406.000,188.000,362.000,360.000	pypdf.merge_transformed_page_vector
TNBC_vs_LUAD_comparison_atlas.pdf	9	Figure2E	Figure2E	TNBC_REFERENCE_CROP	/media/desk16/iy13202/projects/Paper2Paper/tmp/tnbc-chromatin-tf-nc-2026/official-code-port-v3/uploads/TNBC TF s41467-026-76385-8_reference.pdf	37	f134395b6326978a315bcf6e34ef12ba660a5421a6dbae37ba366366d9f46c71	0.485,0.045,0.995,0.454	24.000,188.000,362.000,360.000	pypdf.merge_transformed_page_vector
TNBC_vs_LUAD_comparison_atlas.pdf	9	Figure2E	Figure2E	LUAD_OFFICIAL_ATOM	/media/desk16/iy13202/projects/Paper2Paper/tmp/tnbc-chromatin-tf-nc-2026/official-code-port-v3/run-fig12-final/adapter_final_corrected/results/visuals/Figure2/Figure2E_Case_Examples_HC-TRs.pdf	1	5e5fb4934127edd4205ff61e2ea245fe261bf43ca2d39b52953d795a3851fbed	0,0,1,1	406.000,188.000,362.000,360.000	pypdf.merge_transformed_page_vector
TNBC_vs_LUAD_comparison_atlas.pdf	10	Figure2C	Figure2C	TNBC_REFERENCE_CROP	/media/desk16/iy13202/projects/Paper2Paper/tmp/tnbc-chromatin-tf-nc-2026/official-code-port-v3/uploads/TNBC TF s41467-026-76385-8_reference.pdf	37	f134395b6326978a315bcf6e34ef12ba660a5421a6dbae37ba366366d9f46c71	0.005,0.49,0.995,0.995	24.000,188.000,362.000,360.000	pypdf.merge_transformed_page_vector
TNBC_vs_LUAD_comparison_atlas.pdf	10	Figure2C	Figure2C	LUAD_OFFICIAL_ATOM	/media/desk16/iy13202/projects/Paper2Paper/tmp/tnbc-chromatin-tf-nc-2026/official-code-port-v3/run-fig12-final/adapter_final_corrected/results/visuals/Figure2/Figure2C_JASPAR_CISBP_Combined_ChromatinAccessibility_MotifEnrichment_Heatmap.pdf	1	783d6b0c941b55137bb560b1b10f76a49ce445946504b9b77c82870cfdf6bed2	0,0,1,1	406.000,188.000,362.000,360.000	pypdf.merge_transformed_page_vector
TNBC_vs_LUAD_comparison_atlas.pdf	11	Figure3A	Figure3A	TNBC_REFERENCE_CROP	/media/desk16/iy13202/projects/Paper2Paper/tmp/tnbc-chromatin-tf-nc-2026/official-code-port-v3/uploads/TNBC TF s41467-026-76385-8_reference.pdf	38	f134395b6326978a315bcf6e34ef12ba660a5421a6dbae37ba366366d9f46c71	0.005,0.045,0.435,0.365	24.000,188.000,362.000,360.000	pypdf.merge_transformed_page_vector
TNBC_vs_LUAD_comparison_atlas.pdf	11	Figure3A	Figure3A	LUAD_OFFICIAL_ATOM	/media/desk16/iy13202/projects/Paper2Paper/tmp/tnbc-chromatin-tf-nc-2026/official-fig3-port/run-v3/results/visuals/Figure3/Figure3A_RegulonInteractions_TCGA_VIPER.pdf	1	0e8ce288d1abbc2571526e379923a3a757992ada196cffce4e1349c97f476330	0,0,1,1	406.000,188.000,362.000,360.000	pypdf.merge_transformed_page_vector
TNBC_vs_LUAD_comparison_atlas.pdf	12	Figure3B	Figure3B	TNBC_REFERENCE_CROP	/media/desk16/iy13202/projects/Paper2Paper/tmp/tnbc-chromatin-tf-nc-2026/official-code-port-v3/uploads/TNBC TF s41467-026-76385-8_reference.pdf	38	f134395b6326978a315bcf6e34ef12ba660a5421a6dbae37ba366366d9f46c71	0.428,0.045,0.995,0.365	24.000,188.000,362.000,360.000	pypdf.merge_transformed_page_vector
TNBC_vs_LUAD_comparison_atlas.pdf	12	Figure3B	Figure3B	LUAD_OFFICIAL_ATOM	/media/desk16/iy13202/projects/Paper2Paper/tmp/tnbc-chromatin-tf-nc-2026/official-fig3-port/run-v3/results/visuals/Figure3/Figure3B_Target_Network_Shared_TFs.pdf	1	a141ab160b2944ed755fcd256e473e4f366b0819498bf6f4a8f35f83bce3416f	0,0,1,1	406.000,188.000,362.000,360.000	pypdf.merge_transformed_page_vector
TNBC_vs_LUAD_comparison_atlas.pdf	13	Figure3C	Figure3C	TNBC_REFERENCE_CROP	/media/desk16/iy13202/projects/Paper2Paper/tmp/tnbc-chromatin-tf-nc-2026/official-code-port-v3/uploads/TNBC TF s41467-026-76385-8_reference.pdf	38	f134395b6326978a315bcf6e34ef12ba660a5421a6dbae37ba366366d9f46c71	0.005,0.385,0.44,0.785	24.000,188.000,362.000,360.000	pypdf.merge_transformed_page_vector
TNBC_vs_LUAD_comparison_atlas.pdf	13	Figure3C	Figure3C	LUAD_OFFICIAL_ATOM	/media/desk16/iy13202/projects/Paper2Paper/tmp/tnbc-chromatin-tf-nc-2026/official-fig3-port/run-v3/results/visuals/Figure3/Figure3C_TCGA_PearsonCorrelation_TR_Activity.pdf	1	a0e47f8b22f17102a21b63db2e793ff3bf3685f5813946684f23135894b635d9	0,0,1,1	406.000,370.000,362.000,178.000	pypdf.merge_transformed_page_vector
TNBC_vs_LUAD_comparison_atlas.pdf	13	Figure3C	Figure3C	LUAD_OFFICIAL_ATOM	/media/desk16/iy13202/projects/Paper2Paper/tmp/tnbc-chromatin-tf-nc-2026/official-fig3-port/run-v3/results/visuals/Figure3/Figure3C_Top_Bottom_TF_PearsonCorrelation.pdf	1	14e5c409c1eea20f21f41d92615626aeb2a91edec9b4e7a73982b5c184366e4c	0,0,1,1	406.000,188.000,362.000,178.000	pypdf.merge_transformed_page_vector
TNBC_vs_LUAD_comparison_atlas.pdf	14	Figure3D	Figure3D	TNBC_REFERENCE_CROP	/media/desk16/iy13202/projects/Paper2Paper/tmp/tnbc-chromatin-tf-nc-2026/official-code-port-v3/uploads/TNBC TF s41467-026-76385-8_reference.pdf	38	f134395b6326978a315bcf6e34ef12ba660a5421a6dbae37ba366366d9f46c71	0.42,0.365,0.995,0.674	24.000,188.000,362.000,360.000	pypdf.merge_transformed_page_vector
TNBC_vs_LUAD_comparison_atlas.pdf	14	Figure3D	Figure3D	LUAD_OFFICIAL_ATOM	/media/desk16/iy13202/projects/Paper2Paper/tmp/tnbc-chromatin-tf-nc-2026/official-fig3-port/run-v3/results/visuals/Figure3/Figure3D_TR_Network_Shared_ActivatingTargetGenes.pdf	1	59fe8fa832ca504e89e5cbf38e6df41c31ee2ff2ddb413637a63b3b7828cb5a3	0,0,1,1	406.000,188.000,362.000,360.000	pypdf.merge_transformed_page_vector
TNBC_vs_LUAD_comparison_atlas.pdf	15	Figure3E	Figure3E	TNBC_REFERENCE_CROP	/media/desk16/iy13202/projects/Paper2Paper/tmp/tnbc-chromatin-tf-nc-2026/official-code-port-v3/uploads/TNBC TF s41467-026-76385-8_reference.pdf	38	f134395b6326978a315bcf6e34ef12ba660a5421a6dbae37ba366366d9f46c71	0.44,0.678,0.995,0.802	24.000,188.000,362.000,360.000	pypdf.merge_transformed_page_vector
TNBC_vs_LUAD_comparison_atlas.pdf	15	Figure3E	Figure3E	LUAD_OFFICIAL_ATOM	/media/desk16/iy13202/projects/Paper2Paper/tmp/tnbc-chromatin-tf-nc-2026/official-fig3-port/run-v3/results/visuals/Figure3/Figure3E_Scatter_RegulonSize_vs_Partners.pdf	1	4176c0cd11d9ad27a001cfb905dbdea77042f285a3058460836c968ee9376655	0,0,1,1	406.000,188.000,362.000,360.000	pypdf.merge_transformed_page_vector
TNBC_vs_LUAD_comparison_atlas.pdf	16	Figure3F	Figure3F	TNBC_REFERENCE_CROP	/media/desk16/iy13202/projects/Paper2Paper/tmp/tnbc-chromatin-tf-nc-2026/official-code-port-v3/uploads/TNBC TF s41467-026-76385-8_reference.pdf	38	f134395b6326978a315bcf6e34ef12ba660a5421a6dbae37ba366366d9f46c71	0.005,0.76,0.44,0.995	24.000,188.000,362.000,360.000	pypdf.merge_transformed_page_vector
TNBC_vs_LUAD_comparison_atlas.pdf	16	Figure3F	Figure3F	LUAD_OFFICIAL_ATOM	/media/desk16/iy13202/projects/Paper2Paper/tmp/tnbc-chromatin-tf-nc-2026/official-fig3-port/run-v3/results/visuals/Figure3/Figure3F_Skewness_TCGA.pdf	1	f7a2e37c73f9a3a4b93e4ef2ce1abad9faf9eda942a786c7b4a53a978d58223e	0,0,1,1	406.000,188.000,362.000,360.000	pypdf.merge_transformed_page_vector
TNBC_vs_LUAD_comparison_atlas.pdf	17	Figure3G	Figure3G	TNBC_REFERENCE_CROP	/media/desk16/iy13202/projects/Paper2Paper/tmp/tnbc-chromatin-tf-nc-2026/official-code-port-v3/uploads/TNBC TF s41467-026-76385-8_reference.pdf	38	f134395b6326978a315bcf6e34ef12ba660a5421a6dbae37ba366366d9f46c71	0.465,0.805,0.995,0.995	24.000,188.000,362.000,360.000	pypdf.merge_transformed_page_vector
TNBC_vs_LUAD_comparison_atlas.pdf	17	Figure3G	Figure3G	LUAD_OFFICIAL_ATOM	/media/desk16/iy13202/projects/Paper2Paper/tmp/tnbc-chromatin-tf-nc-2026/official-fig3-port/run-v3/results/visuals/Figure3/Figure3G_CRY2_TR_Activity_Distribution.pdf	1	07bf28e72d40770e7a79dd0f0b34870f4f6382689ceb94a3f038baeb216d1c75	0,0,1,1	406.000,370.000,179.000,178.000	pypdf.merge_transformed_page_vector
TNBC_vs_LUAD_comparison_atlas.pdf	17	Figure3G	Figure3G	LUAD_OFFICIAL_ATOM	/media/desk16/iy13202/projects/Paper2Paper/tmp/tnbc-chromatin-tf-nc-2026/official-fig3-port/run-v3/results/visuals/Figure3/Figure3G_MAGED2_TR_Activity_Distribution.pdf	1	c0ffb1ed1ff46c6ee09149ee5d758605e1baa2d2f34cb27b1318ef1f3c0125c1	0,0,1,1	589.000,370.000,179.000,178.000	pypdf.merge_transformed_page_vector
TNBC_vs_LUAD_comparison_atlas.pdf	17	Figure3G	Figure3G	LUAD_OFFICIAL_ATOM	/media/desk16/iy13202/projects/Paper2Paper/tmp/tnbc-chromatin-tf-nc-2026/official-fig3-port/run-v3/results/visuals/Figure3/Figure3G_NR3C2_TR_Activity_Distribution.pdf	1	f5119ba641c9e8f3d8ad385d6eb343b7cfd4ec9b4c1fd3ac59c021d0247488ad	0,0,1,1	406.000,188.000,179.000,178.000	pypdf.merge_transformed_page_vector
TNBC_vs_LUAD_comparison_atlas.pdf	17	Figure3G	Figure3G	LUAD_OFFICIAL_ATOM	/media/desk16/iy13202/projects/Paper2Paper/tmp/tnbc-chromatin-tf-nc-2026/official-fig3-port/run-v3/results/visuals/Figure3/Figure3G_ZNF19_TR_Activity_Distribution.pdf	1	bca8d676b69f1ce3f5cefd65d59fbe13ebcf98bd341bc1e57b434428d4db16dd	0,0,1,1	589.000,188.000,179.000,178.000	pypdf.merge_transformed_page_vector
TNBC_vs_LUAD_comparison_atlas.pdf	18	Figure4A	Figure4A	TNBC_REFERENCE_CROP	/media/desk16/iy13202/projects/Paper2Paper/tmp/tnbc-chromatin-tf-nc-2026/official-code-port-v3/uploads/TNBC TF s41467-026-76385-8_reference.pdf	39	f134395b6326978a315bcf6e34ef12ba660a5421a6dbae37ba366366d9f46c71	0.005,0.04,0.255,0.33	24.000,188.000,362.000,360.000	pypdf.merge_transformed_page_vector
TNBC_vs_LUAD_comparison_atlas.pdf	18	Figure4A	Figure4A	LUAD_OFFICIAL_ATOM	/media/desk16/iy13202/projects/Paper2Paper/tmp/tnbc-chromatin-tf-nc-2026/official-code-port-v3/run-fig45-v2-p0fix-20260821-r2/results/atomic/Figure4A.pdf	1	769912e2adaebd2b1017477335614259ad7a2ba63d20fbf7155675eacb662a02	0,0,1,1	406.000,188.000,362.000,360.000	pypdf.merge_transformed_page_vector
TNBC_vs_LUAD_comparison_atlas.pdf	19	Figure4B	Figure4B	TNBC_REFERENCE_CROP	/media/desk16/iy13202/projects/Paper2Paper/tmp/tnbc-chromatin-tf-nc-2026/official-code-port-v3/uploads/TNBC TF s41467-026-76385-8_reference.pdf	39	f134395b6326978a315bcf6e34ef12ba660a5421a6dbae37ba366366d9f46c71	0.25,0.04,0.5,0.33	24.000,188.000,362.000,360.000	pypdf.merge_transformed_page_vector
TNBC_vs_LUAD_comparison_atlas.pdf	19	Figure4B	Figure4B	LUAD_OFFICIAL_ATOM	/media/desk16/iy13202/projects/Paper2Paper/tmp/tnbc-chromatin-tf-nc-2026/official-code-port-v3/run-fig45-v2-p0fix-20260821-r2/results/atomic/Figure4B.pdf	1	292c271fa22adaa7b5935e2b91e7680e2c5190f58f11fccda6969fff415652bf	0,0,1,1	406.000,188.000,362.000,360.000	pypdf.merge_transformed_page_vector
TNBC_vs_LUAD_comparison_atlas.pdf	20	Figure4C	Figure4C	TNBC_REFERENCE_CROP	/media/desk16/iy13202/projects/Paper2Paper/tmp/tnbc-chromatin-tf-nc-2026/official-code-port-v3/uploads/TNBC TF s41467-026-76385-8_reference.pdf	39	f134395b6326978a315bcf6e34ef12ba660a5421a6dbae37ba366366d9f46c71	0.5,0.04,0.75,0.33	24.000,188.000,362.000,360.000	pypdf.merge_transformed_page_vector
TNBC_vs_LUAD_comparison_atlas.pdf	20	Figure4C	Figure4C	LUAD_OFFICIAL_ATOM	/media/desk16/iy13202/projects/Paper2Paper/tmp/tnbc-chromatin-tf-nc-2026/official-code-port-v3/run-fig45-v2-p0fix-20260821-r2/results/atomic/Figure4C.pdf	1	4f28a543459dc768db02449e0a23d6724850e488286ca418907aa65cdf916f64	0,0,1,1	406.000,188.000,362.000,360.000	pypdf.merge_transformed_page_vector
TNBC_vs_LUAD_comparison_atlas.pdf	21	Figure4D	Figure4D	TNBC_REFERENCE_CROP	/media/desk16/iy13202/projects/Paper2Paper/tmp/tnbc-chromatin-tf-nc-2026/official-code-port-v3/uploads/TNBC TF s41467-026-76385-8_reference.pdf	39	f134395b6326978a315bcf6e34ef12ba660a5421a6dbae37ba366366d9f46c71	0.745,0.04,0.995,0.33	24.000,188.000,362.000,360.000	pypdf.merge_transformed_page_vector
TNBC_vs_LUAD_comparison_atlas.pdf	21	Figure4D	Figure4D	LUAD_OFFICIAL_ATOM	/media/desk16/iy13202/projects/Paper2Paper/tmp/tnbc-chromatin-tf-nc-2026/official-code-port-v3/run-fig45-v2-p0fix-20260821-r2/results/atomic/Figure4D.pdf	1	8eaf7a65271b994501b129b0fd7668fca795b9a73ed415cfb759f432379434d4	0,0,1,1	406.000,188.000,362.000,360.000	pypdf.merge_transformed_page_vector
TNBC_vs_LUAD_comparison_atlas.pdf	22	Figure4E	Figure4E	TNBC_REFERENCE_CROP	/media/desk16/iy13202/projects/Paper2Paper/tmp/tnbc-chromatin-tf-nc-2026/official-code-port-v3/uploads/TNBC TF s41467-026-76385-8_reference.pdf	39	f134395b6326978a315bcf6e34ef12ba660a5421a6dbae37ba366366d9f46c71	0.005,0.33,0.5,0.45	24.000,188.000,362.000,360.000	pypdf.merge_transformed_page_vector
TNBC_vs_LUAD_comparison_atlas.pdf	22	Figure4E	Figure4E	LUAD_OFFICIAL_ATOM	/media/desk16/iy13202/projects/Paper2Paper/tmp/tnbc-chromatin-tf-nc-2026/official-code-port-v3/run-fig45-v2-p0fix-20260821-r2/results/atomic/Figure4E_protective.pdf	1	92ddd481c56d49cbdc3500b25a9cc04893f614efb967c873c1457a3299a759e0	0,0,1,1	406.000,188.000,179.000,360.000	pypdf.merge_transformed_page_vector
TNBC_vs_LUAD_comparison_atlas.pdf	22	Figure4E	Figure4E	LUAD_OFFICIAL_ATOM	/media/desk16/iy13202/projects/Paper2Paper/tmp/tnbc-chromatin-tf-nc-2026/official-code-port-v3/run-fig45-v2-p0fix-20260821-r2/results/atomic/Figure4E_risk.pdf	1	1df8be5785a40ed1e397b233316ac1a517b4ddfb1852b93ac373c8458abc9053	0,0,1,1	589.000,188.000,179.000,360.000	pypdf.merge_transformed_page_vector
TNBC_vs_LUAD_comparison_atlas.pdf	23	Figure4G	Figure4G	TNBC_REFERENCE_CROP	/media/desk16/iy13202/projects/Paper2Paper/tmp/tnbc-chromatin-tf-nc-2026/official-code-port-v3/uploads/TNBC TF s41467-026-76385-8_reference.pdf	39	f134395b6326978a315bcf6e34ef12ba660a5421a6dbae37ba366366d9f46c71	0.505,0.33,0.995,0.45	24.000,188.000,362.000,360.000	pypdf.merge_transformed_page_vector
TNBC_vs_LUAD_comparison_atlas.pdf	23	Figure4G	Figure4G	LUAD_OFFICIAL_ATOM	/media/desk16/iy13202/projects/Paper2Paper/tmp/tnbc-chromatin-tf-nc-2026/official-code-port-v3/run-fig45-v2-p0fix-20260821-r2/results/atomic/Figure4G_protective.pdf	1	f214752ffab3f11b3b887ffc92a74c8cb907fad4141525303021fb099637ae71	0,0,1,1	406.000,188.000,179.000,360.000	pypdf.merge_transformed_page_vector
TNBC_vs_LUAD_comparison_atlas.pdf	23	Figure4G	Figure4G	LUAD_OFFICIAL_ATOM	/media/desk16/iy13202/projects/Paper2Paper/tmp/tnbc-chromatin-tf-nc-2026/official-code-port-v3/run-fig45-v2-p0fix-20260821-r2/results/atomic/Figure4G_risk.pdf	1	93b8b993f5f7335ee1d433c95c5b985d30aa05d61025df7d962a9beeccd4ab48	0,0,1,1	589.000,188.000,179.000,360.000	pypdf.merge_transformed_page_vector
TNBC_vs_LUAD_comparison_atlas.pdf	24	Figure4F	Figure4F	TNBC_REFERENCE_CROP	/media/desk16/iy13202/projects/Paper2Paper/tmp/tnbc-chromatin-tf-nc-2026/official-code-port-v3/uploads/TNBC TF s41467-026-76385-8_reference.pdf	39	f134395b6326978a315bcf6e34ef12ba660a5421a6dbae37ba366366d9f46c71	0.005,0.455,0.5,0.995	24.000,188.000,362.000,360.000	pypdf.merge_transformed_page_vector
TNBC_vs_LUAD_comparison_atlas.pdf	24	Figure4F	Figure4F	LUAD_OFFICIAL_ATOM	/media/desk16/iy13202/projects/Paper2Paper/tmp/tnbc-chromatin-tf-nc-2026/official-code-port-v3/run-fig45-v2-p0fix-20260821-r2/results/atomic/Figure4F_ETV1_OS.pdf	1	7b25d84826cdda6c17fa7380725bb5b1ea4ecf074387ca9705eb610597d0d814	0,0,1,1	406.000,370.000,179.000,178.000	pypdf.merge_transformed_page_vector
TNBC_vs_LUAD_comparison_atlas.pdf	24	Figure4F	Figure4F	LUAD_OFFICIAL_ATOM	/media/desk16/iy13202/projects/Paper2Paper/tmp/tnbc-chromatin-tf-nc-2026/official-code-port-v3/run-fig45-v2-p0fix-20260821-r2/results/atomic/Figure4F_ETV1_RFS.pdf	1	acfeb45faa4edce5540adea7d9a8dca58d234bc39c260fcdd5ae978e3d24f649	0,0,1,1	589.000,370.000,179.000,178.000	pypdf.merge_transformed_page_vector
TNBC_vs_LUAD_comparison_atlas.pdf	24	Figure4F	Figure4F	LUAD_OFFICIAL_ATOM	/media/desk16/iy13202/projects/Paper2Paper/tmp/tnbc-chromatin-tf-nc-2026/official-code-port-v3/run-fig45-v2-p0fix-20260821-r2/results/atomic/Figure4F_ZNF444_OS.pdf	1	fcb3c4617bcdb4c885b4d3bdd39e5a0b00629a7f1bbe6f4eb92990fdec04ab9b	0,0,1,1	406.000,188.000,179.000,178.000	pypdf.merge_transformed_page_vector
TNBC_vs_LUAD_comparison_atlas.pdf	24	Figure4F	Figure4F	LUAD_OFFICIAL_ATOM	/media/desk16/iy13202/projects/Paper2Paper/tmp/tnbc-chromatin-tf-nc-2026/official-code-port-v3/run-fig45-v2-p0fix-20260821-r2/results/atomic/Figure4F_ZNF444_RFS.pdf	1	66a7cc2603d421506225be9a61b1b32f079ef4a8f8fa360a8df410b78c198233	0,0,1,1	589.000,188.000,179.000,178.000	pypdf.merge_transformed_page_vector
TNBC_vs_LUAD_comparison_atlas.pdf	25	Figure4H	Figure4H	TNBC_REFERENCE_CROP	/media/desk16/iy13202/projects/Paper2Paper/tmp/tnbc-chromatin-tf-nc-2026/official-code-port-v3/uploads/TNBC TF s41467-026-76385-8_reference.pdf	39	f134395b6326978a315bcf6e34ef12ba660a5421a6dbae37ba366366d9f46c71	0.505,0.455,0.995,0.995	24.000,188.000,362.000,360.000	pypdf.merge_transformed_page_vector
TNBC_vs_LUAD_comparison_atlas.pdf	25	Figure4H	Figure4H	LUAD_OFFICIAL_ATOM	/media/desk16/iy13202/projects/Paper2Paper/tmp/tnbc-chromatin-tf-nc-2026/official-code-port-v3/run-fig45-v2-p0fix-20260821-r2/results/atomic/Figure4H_CREBRF_DFS.pdf	1	c5c20c4526ff1981ab900c3c2b8bf48489bafc2e100c37bf4787381aa363bea3	0,0,1,1	406.000,370.000,179.000,178.000	pypdf.merge_transformed_page_vector
TNBC_vs_LUAD_comparison_atlas.pdf	25	Figure4H	Figure4H	LUAD_OFFICIAL_ATOM	/media/desk16/iy13202/projects/Paper2Paper/tmp/tnbc-chromatin-tf-nc-2026/official-code-port-v3/run-fig45-v2-p0fix-20260821-r2/results/atomic/Figure4H_CREBRF_OS.pdf	1	64fd0b41378f772946da15046d7147afcb886c1f5b5402559ad09e0902cbc6e1	0,0,1,1	589.000,370.000,179.000,178.000	pypdf.merge_transformed_page_vector
TNBC_vs_LUAD_comparison_atlas.pdf	25	Figure4H	Figure4H	LUAD_OFFICIAL_ATOM	/media/desk16/iy13202/projects/Paper2Paper/tmp/tnbc-chromatin-tf-nc-2026/official-code-port-v3/run-fig45-v2-p0fix-20260821-r2/results/atomic/Figure4H_PHC2_DFS.pdf	1	c826d022c5d985781bc6128368bf0d87baffff746e05555f7ce74db8592001f2	0,0,1,1	406.000,188.000,179.000,178.000	pypdf.merge_transformed_page_vector
TNBC_vs_LUAD_comparison_atlas.pdf	25	Figure4H	Figure4H	LUAD_OFFICIAL_ATOM	/media/desk16/iy13202/projects/Paper2Paper/tmp/tnbc-chromatin-tf-nc-2026/official-code-port-v3/run-fig45-v2-p0fix-20260821-r2/results/atomic/Figure4H_PHC2_OS.pdf	1	4d3f9cae4af8b308b72b1c3e01584705279fcd82211f6e926f158f0fb283964a	0,0,1,1	589.000,188.000,179.000,178.000	pypdf.merge_transformed_page_vector
TNBC_vs_LUAD_comparison_atlas.pdf	26	Figure5A	Figure5A	TNBC_REFERENCE_CROP	/media/desk16/iy13202/projects/Paper2Paper/tmp/tnbc-chromatin-tf-nc-2026/official-code-port-v3/uploads/TNBC TF s41467-026-76385-8_reference.pdf	40	f134395b6326978a315bcf6e34ef12ba660a5421a6dbae37ba366366d9f46c71	0.005,0.04,0.34,0.222	24.000,188.000,362.000,360.000	pypdf.merge_transformed_page_vector
TNBC_vs_LUAD_comparison_atlas.pdf	26	Figure5A	Figure5A	LUAD_OFFICIAL_ATOM	/media/desk16/iy13202/projects/Paper2Paper/tmp/tnbc-chromatin-tf-nc-2026/official-code-port-v3/run-fig45-v2-p0fix-20260821-r2/results/atomic/Figure5A.pdf	1	cfa1553a1f2f1e33aa3d908af2f1d4a0a9f64e3b627563eca6641d39e6e64a93	0,0,1,1	406.000,188.000,362.000,360.000	pypdf.merge_transformed_page_vector
TNBC_vs_LUAD_comparison_atlas.pdf	27	Figure5B	Figure5B	TNBC_REFERENCE_CROP	/media/desk16/iy13202/projects/Paper2Paper/tmp/tnbc-chromatin-tf-nc-2026/official-code-port-v3/uploads/TNBC TF s41467-026-76385-8_reference.pdf	40	f134395b6326978a315bcf6e34ef12ba660a5421a6dbae37ba366366d9f46c71	0.34,0.04,0.655,0.222	24.000,188.000,362.000,360.000	pypdf.merge_transformed_page_vector
TNBC_vs_LUAD_comparison_atlas.pdf	27	Figure5B	Figure5B	LUAD_OFFICIAL_ATOM	/media/desk16/iy13202/projects/Paper2Paper/tmp/tnbc-chromatin-tf-nc-2026/official-code-port-v3/run-fig45-v2-p0fix-20260821-r2/results/atomic/Figure5B.pdf	1	0751c8df15c03780feb6addf47765b66663369866df54ce760dc9590e1ef803c	0,0,1,1	406.000,188.000,362.000,360.000	pypdf.merge_transformed_page_vector
TNBC_vs_LUAD_comparison_atlas.pdf	28	Figure5C	Figure5C	TNBC_REFERENCE_CROP	/media/desk16/iy13202/projects/Paper2Paper/tmp/tnbc-chromatin-tf-nc-2026/official-code-port-v3/uploads/TNBC TF s41467-026-76385-8_reference.pdf	40	f134395b6326978a315bcf6e34ef12ba660a5421a6dbae37ba366366d9f46c71	0.67,0.04,0.995,0.225	24.000,188.000,362.000,360.000	pypdf.merge_transformed_page_vector
TNBC_vs_LUAD_comparison_atlas.pdf	28	Figure5C	Figure5C	LUAD_OFFICIAL_ATOM	/media/desk16/iy13202/projects/Paper2Paper/tmp/tnbc-chromatin-tf-nc-2026/official-code-port-v3/run-fig45-v2-p0fix-20260821-r2/results/atomic/Figure5C.pdf	1	5b7438245a91efc2b925e513b33dcd1ce918fd4edb55c981b49ad90c1c592ee7	0,0,1,1	406.000,188.000,362.000,360.000	pypdf.merge_transformed_page_vector
TNBC_vs_LUAD_comparison_atlas.pdf	29	Figure5D	Figure5D	TNBC_REFERENCE_CROP	/media/desk16/iy13202/projects/Paper2Paper/tmp/tnbc-chromatin-tf-nc-2026/official-code-port-v3/uploads/TNBC TF s41467-026-76385-8_reference.pdf	40	f134395b6326978a315bcf6e34ef12ba660a5421a6dbae37ba366366d9f46c71	0.005,0.225,0.342,0.425	24.000,188.000,362.000,360.000	pypdf.merge_transformed_page_vector
TNBC_vs_LUAD_comparison_atlas.pdf	29	Figure5D	Figure5D	LUAD_OFFICIAL_ATOM	/media/desk16/iy13202/projects/Paper2Paper/tmp/tnbc-chromatin-tf-nc-2026/official-code-port-v3/run-fig45-v2-p0fix-20260821-r2/results/atomic/Figure5D.pdf	1	96781f8387e11b8e6ec218b3297b56a62912e71ff81db80a33f1781ff49dbb37	0,0,1,1	406.000,188.000,362.000,360.000	pypdf.merge_transformed_page_vector
TNBC_vs_LUAD_comparison_atlas.pdf	30	Figure5E	Figure5E	TNBC_REFERENCE_CROP	/media/desk16/iy13202/projects/Paper2Paper/tmp/tnbc-chromatin-tf-nc-2026/official-code-port-v3/uploads/TNBC TF s41467-026-76385-8_reference.pdf	40	f134395b6326978a315bcf6e34ef12ba660a5421a6dbae37ba366366d9f46c71	0.005,0.44,0.342,0.556	24.000,188.000,362.000,360.000	pypdf.merge_transformed_page_vector
TNBC_vs_LUAD_comparison_atlas.pdf	30	Figure5E	Figure5E	LUAD_OFFICIAL_ATOM	/media/desk16/iy13202/projects/Paper2Paper/tmp/tnbc-chromatin-tf-nc-2026/official-code-port-v3/run-fig45-v2-p0fix-20260821-r2/results/atomic/Figure5E.pdf	1	b35c8e08edb874e8fd98cdff6aec369ea5727a3af80707d11fa33d77430d9071	0,0,1,1	406.000,188.000,362.000,360.000	pypdf.merge_transformed_page_vector
TNBC_vs_LUAD_comparison_atlas.pdf	31	Figure5F	Figure5F	TNBC_REFERENCE_CROP	/media/desk16/iy13202/projects/Paper2Paper/tmp/tnbc-chromatin-tf-nc-2026/official-code-port-v3/uploads/TNBC TF s41467-026-76385-8_reference.pdf	40	f134395b6326978a315bcf6e34ef12ba660a5421a6dbae37ba366366d9f46c71	0.345,0.225,0.995,0.557	24.000,188.000,362.000,360.000	pypdf.merge_transformed_page_vector
TNBC_vs_LUAD_comparison_atlas.pdf	31	Figure5F	Figure5F_low	LUAD_OFFICIAL_ATOM	/media/desk16/iy13202/projects/Paper2Paper/tmp/tnbc-chromatin-tf-nc-2026/official-code-port-v3/run-fig45-v2-p0fix-20260821-r2/results/atomic/Figure5F_Concordance_Index_Low_Sig_PI3K_MAPK_EGFR_Kinase.pdf	1	c403cc542bd183509ea20232dcff6e4840093751108c593b3285b5617e41dd1b	0,0,1,1	406.000,370.000,362.000,178.000	pypdf.merge_transformed_page_vector
TNBC_vs_LUAD_comparison_atlas.pdf	32	Figure5G	Figure5G	TNBC_REFERENCE_CROP	/media/desk16/iy13202/projects/Paper2Paper/tmp/tnbc-chromatin-tf-nc-2026/official-code-port-v3/uploads/TNBC TF s41467-026-76385-8_reference.pdf	40	f134395b6326978a315bcf6e34ef12ba660a5421a6dbae37ba366366d9f46c71	0.005,0.555,0.342,0.82	24.000,188.000,362.000,360.000	pypdf.merge_transformed_page_vector
TNBC_vs_LUAD_comparison_atlas.pdf	33	Figure5H	Figure5H	TNBC_REFERENCE_CROP	/media/desk16/iy13202/projects/Paper2Paper/tmp/tnbc-chromatin-tf-nc-2026/official-code-port-v3/uploads/TNBC TF s41467-026-76385-8_reference.pdf	40	f134395b6326978a315bcf6e34ef12ba660a5421a6dbae37ba366366d9f46c71	0.335,0.555,0.995,0.815	24.000,188.000,362.000,360.000	pypdf.merge_transformed_page_vector
TNBC_vs_LUAD_comparison_atlas.pdf	34	SupplementaryFigure1A	SupplementaryFigure1A	TNBC_REFERENCE_CROP	/media/desk16/iy13202/projects/Paper2Paper/tmp/tnbc-chromatin-tf-nc-2026/official-code-port-v3/uploads/41467_2026_76385_MOESM1_ESM.pdf	1	05af50267b70299db18222423552a3cc34b7c3b24d6179ce47afc961c96b9fbb	0.005,0.01,0.5,0.995	24.000,188.000,362.000,360.000	pypdf.merge_transformed_page_vector
TNBC_vs_LUAD_comparison_atlas.pdf	35	SupplementaryFigure1B	SupplementaryFigure1B	TNBC_REFERENCE_CROP	/media/desk16/iy13202/projects/Paper2Paper/tmp/tnbc-chromatin-tf-nc-2026/official-code-port-v3/uploads/41467_2026_76385_MOESM1_ESM.pdf	1	05af50267b70299db18222423552a3cc34b7c3b24d6179ce47afc961c96b9fbb	0.52,0.01,0.995,0.995	24.000,188.000,362.000,360.000	pypdf.merge_transformed_page_vector
TNBC_vs_LUAD_comparison_atlas.pdf	36	SupplementaryFigure2A	SupplementaryFigure2A	TNBC_REFERENCE_CROP	/media/desk16/iy13202/projects/Paper2Paper/tmp/tnbc-chromatin-tf-nc-2026/official-code-port-v3/uploads/41467_2026_76385_MOESM1_ESM.pdf	3	05af50267b70299db18222423552a3cc34b7c3b24d6179ce47afc961c96b9fbb	0.005,0.005,0.355,0.2517	24.000,188.000,362.000,360.000	pypdf.merge_transformed_page_vector
TNBC_vs_LUAD_comparison_atlas.pdf	36	SupplementaryFigure2A	SupplementaryFigure2A	LUAD_OFFICIAL_ATOM	/media/desk16/iy13202/projects/Paper2Paper/tmp/tnbc-chromatin-tf-nc-2026/official-code-port-v3/run-fig12-final/adapter_final_corrected/results/visuals/Figure1/SupplementaryFigure2A_METABRIC_log2FC_Viper.pdf	1	bf383bf44af8baf5cc0bb06c55d5a625be7a1647e6d5de9fbfafd74429590434	0,0,1,1	406.000,188.000,362.000,360.000	pypdf.merge_transformed_page_vector
TNBC_vs_LUAD_comparison_atlas.pdf	37	SupplementaryFigure2B	SupplementaryFigure2B	TNBC_REFERENCE_CROP	/media/desk16/iy13202/projects/Paper2Paper/tmp/tnbc-chromatin-tf-nc-2026/official-code-port-v3/uploads/41467_2026_76385_MOESM1_ESM.pdf	3	05af50267b70299db18222423552a3cc34b7c3b24d6179ce47afc961c96b9fbb	0.345,0.005,0.995,0.245	24.000,188.000,362.000,360.000	pypdf.merge_transformed_page_vector
TNBC_vs_LUAD_comparison_atlas.pdf	37	SupplementaryFigure2B	SupplementaryFigure2B	LUAD_OFFICIAL_ATOM	/media/desk16/iy13202/projects/Paper2Paper/tmp/tnbc-chromatin-tf-nc-2026/official-code-port-v3/run-fig12-final/adapter_final_corrected/results/visuals/Figure1/SupplementaryFigure2B_VennDiagram_NonTNBC_TCGA_METABRIC.pdf	1	9c24904f498c0f8ff9da997be1deda6bec8f62ede02594f8c1be059bb53ad1ad	0,0,1,1	406.000,188.000,179.000,360.000	pypdf.merge_transformed_page_vector
TNBC_vs_LUAD_comparison_atlas.pdf	37	SupplementaryFigure2B	SupplementaryFigure2B	LUAD_OFFICIAL_ATOM	/media/desk16/iy13202/projects/Paper2Paper/tmp/tnbc-chromatin-tf-nc-2026/official-code-port-v3/run-fig12-final/adapter_final_corrected/results/visuals/Figure1/SupplementaryFigure2B_VennDiagram_TNBC_TCGA_METABRIC.pdf	1	b398dda35dbb1c756fba7c2a5c33d2bc1f9c55d094807dc0a4893344cf5994ef	0,0,1,1	589.000,188.000,179.000,360.000	pypdf.merge_transformed_page_vector
TNBC_vs_LUAD_comparison_atlas.pdf	38	SupplementaryFigure2C	SupplementaryFigure2C	TNBC_REFERENCE_CROP	/media/desk16/iy13202/projects/Paper2Paper/tmp/tnbc-chromatin-tf-nc-2026/official-code-port-v3/uploads/41467_2026_76385_MOESM1_ESM.pdf	3	05af50267b70299db18222423552a3cc34b7c3b24d6179ce47afc961c96b9fbb	0.005,0.255,0.355,0.56	24.000,188.000,362.000,360.000	pypdf.merge_transformed_page_vector
TNBC_vs_LUAD_comparison_atlas.pdf	38	SupplementaryFigure2C	SupplementaryFigure2C	LUAD_OFFICIAL_ATOM	/media/desk16/iy13202/projects/Paper2Paper/tmp/tnbc-chromatin-tf-nc-2026/official-code-port-v3/run-fig12-final/adapter_final_corrected/results/visuals/Figure1/SupplementaryFigure2C_TCGA_TRActivity_TNBC150_NonTNBC155_PearsonCor.pdf	1	7259fa948317ac90d0304d3cccab3609caa7cc08ee8c8bb4ee99a54c80ad2844	0,0,1,1	406.000,188.000,362.000,360.000	pypdf.merge_transformed_page_vector
TNBC_vs_LUAD_comparison_atlas.pdf	39	SupplementaryFigure2D	SupplementaryFigure2D	TNBC_REFERENCE_CROP	/media/desk16/iy13202/projects/Paper2Paper/tmp/tnbc-chromatin-tf-nc-2026/official-code-port-v3/uploads/41467_2026_76385_MOESM1_ESM.pdf	3	05af50267b70299db18222423552a3cc34b7c3b24d6179ce47afc961c96b9fbb	0.41,0.25,0.7,0.56	24.000,188.000,362.000,360.000	pypdf.merge_transformed_page_vector
TNBC_vs_LUAD_comparison_atlas.pdf	39	SupplementaryFigure2D	SupplementaryFigure2D	LUAD_OFFICIAL_ATOM	/media/desk16/iy13202/projects/Paper2Paper/tmp/tnbc-chromatin-tf-nc-2026/official-code-port-v3/run-fig12-final/adapter_final_corrected/results/visuals/Figure1/SupplementaryFigure2D_PDX_TRActivity_TNBC150_NonTNBC155_PearsonCor.pdf	1	9b9f10e877b82629ae9d8421ce8519df60ed3cd34e6bdd56eeb0d00a420437a6	0,0,1,1	406.000,188.000,362.000,360.000	pypdf.merge_transformed_page_vector
TNBC_vs_LUAD_comparison_atlas.pdf	40	SupplementaryFigure2E	SupplementaryFigure2E	TNBC_REFERENCE_CROP	/media/desk16/iy13202/projects/Paper2Paper/tmp/tnbc-chromatin-tf-nc-2026/official-code-port-v3/uploads/41467_2026_76385_MOESM1_ESM.pdf	3	05af50267b70299db18222423552a3cc34b7c3b24d6179ce47afc961c96b9fbb	0.7,0.25,0.995,0.56	24.000,188.000,362.000,360.000	pypdf.merge_transformed_page_vector
TNBC_vs_LUAD_comparison_atlas.pdf	40	SupplementaryFigure2E	SupplementaryFigure2E	LUAD_OFFICIAL_ATOM	/media/desk16/iy13202/projects/Paper2Paper/tmp/tnbc-chromatin-tf-nc-2026/official-code-port-v3/run-fig12-final/adapter_final_corrected/results/visuals/Figure1/SupplementaryFigure2E_Cell_Lines_TRActivity_TNBC150_NonTNBC155_PearsonCor.pdf	1	4ccc3cf24c6a72f3ace010f428fc10494b0709fe31d695d0dffd8cb0de574727	0,0,1,1	406.000,188.000,362.000,360.000	pypdf.merge_transformed_page_vector
TNBC_vs_LUAD_comparison_atlas.pdf	41	SupplementaryFigure2F	SupplementaryFigure2F	TNBC_REFERENCE_CROP	/media/desk16/iy13202/projects/Paper2Paper/tmp/tnbc-chromatin-tf-nc-2026/official-code-port-v3/uploads/41467_2026_76385_MOESM1_ESM.pdf	3	05af50267b70299db18222423552a3cc34b7c3b24d6179ce47afc961c96b9fbb	0.005,0.595,0.995,0.995	24.000,188.000,362.000,360.000	pypdf.merge_transformed_page_vector
TNBC_vs_LUAD_comparison_atlas.pdf	41	SupplementaryFigure2F	SupplementaryFigure2F	LUAD_OFFICIAL_ATOM	/media/desk16/iy13202/projects/Paper2Paper/tmp/tnbc-chromatin-tf-nc-2026/official-code-port-v3/run-fig12-final/adapter_final_corrected/results/visuals/Figure1/SupplementaryFigure2F_CellLines_Basal157TRs.pdf	1	3e4a69a3ccef0b8d3e7dba1f95174893b8f6c101724bb87b0b1d996777327c6d	0,0,1,1	406.000,188.000,87.500,360.000	pypdf.merge_transformed_page_vector
TNBC_vs_LUAD_comparison_atlas.pdf	41	SupplementaryFigure2F	SupplementaryFigure2F	LUAD_OFFICIAL_ATOM	/media/desk16/iy13202/projects/Paper2Paper/tmp/tnbc-chromatin-tf-nc-2026/official-code-port-v3/run-fig12-final/adapter_final_corrected/results/visuals/Figure1/SupplementaryFigure2F_METABRIC_Basal123TRs.pdf	1	627cf897e4121504a020794304863cba17f0d757f9ac2fc51fff07c410b1c7e8	0,0,1,1	497.500,188.000,87.500,360.000	pypdf.merge_transformed_page_vector
TNBC_vs_LUAD_comparison_atlas.pdf	41	SupplementaryFigure2F	SupplementaryFigure2F	LUAD_OFFICIAL_ATOM	/media/desk16/iy13202/projects/Paper2Paper/tmp/tnbc-chromatin-tf-nc-2026/official-code-port-v3/run-fig12-final/adapter_final_corrected/results/visuals/Figure1/SupplementaryFigure2F_PDX_Basal157TRs.pdf	1	3b0adda5d3d9ea19fb29ab4892d26c2212b07094fa643e1ba03b4d687e7bcc5e	0,0,1,1	589.000,188.000,87.500,360.000	pypdf.merge_transformed_page_vector
TNBC_vs_LUAD_comparison_atlas.pdf	41	SupplementaryFigure2F	SupplementaryFigure2F	LUAD_OFFICIAL_ATOM	/media/desk16/iy13202/projects/Paper2Paper/tmp/tnbc-chromatin-tf-nc-2026/official-code-port-v3/run-fig12-final/adapter_final_corrected/results/visuals/Figure1/SupplementaryFigure2F_TCGA_Basal157TRs.pdf	1	bb96521b962e702ddd00c103ddffeb99a8183089d5888f5f1bd93460b6e9ae79	0,0,1,1	680.500,188.000,87.500,360.000	pypdf.merge_transformed_page_vector
TNBC_vs_LUAD_comparison_atlas.pdf	42	SupplementaryFigure2A_secondary_GSE81089	SupplementaryFigure2A_secondary_GSE81089	TNBC_REFERENCE_CROP	/media/desk16/iy13202/projects/Paper2Paper/tmp/tnbc-chromatin-tf-nc-2026/official-code-port-v3/uploads/41467_2026_76385_MOESM1_ESM.pdf	3	05af50267b70299db18222423552a3cc34b7c3b24d6179ce47afc961c96b9fbb	0.005,0.005,0.355,0.2517	24.000,188.000,362.000,360.000	pypdf.merge_transformed_page_vector
TNBC_vs_LUAD_comparison_atlas.pdf	42	SupplementaryFigure2A_secondary_GSE81089	SupplementaryFigure2A_secondary_GSE81089	LUAD_OFFICIAL_ATOM	/media/desk16/iy13202/projects/Paper2Paper/tmp/tnbc-chromatin-tf-nc-2026/official-code-port-v3/run-fig12-final/adapter_final_corrected/secondary_validation/GSE81089/results/visuals/Figure1/SupplementaryFigure2A_METABRIC_log2FC_Viper.pdf	1	8522fd28e573e5df4aee0b40b33b19ec8fbcf7769bd17dba2c35265f630146e9	0,0,1,1	406.000,188.000,362.000,360.000	pypdf.merge_transformed_page_vector
TNBC_vs_LUAD_comparison_atlas.pdf	43	SupplementaryFigure2B_secondary_GSE81089	SupplementaryFigure2B_secondary_GSE81089	TNBC_REFERENCE_CROP	/media/desk16/iy13202/projects/Paper2Paper/tmp/tnbc-chromatin-tf-nc-2026/official-code-port-v3/uploads/41467_2026_76385_MOESM1_ESM.pdf	3	05af50267b70299db18222423552a3cc34b7c3b24d6179ce47afc961c96b9fbb	0.345,0.005,0.995,0.245	24.000,188.000,362.000,360.000	pypdf.merge_transformed_page_vector
TNBC_vs_LUAD_comparison_atlas.pdf	43	SupplementaryFigure2B_secondary_GSE81089	SupplementaryFigure2B_secondary_GSE81089	LUAD_OFFICIAL_ATOM	/media/desk16/iy13202/projects/Paper2Paper/tmp/tnbc-chromatin-tf-nc-2026/official-code-port-v3/run-fig12-final/adapter_final_corrected/secondary_validation/GSE81089/results/visuals/Figure1/SupplementaryFigure2B_VennDiagram_NonTNBC_TCGA_METABRIC.pdf	1	5976b44e21a49cc19f9ddbe7f91e50fe5619ee551eda7de339f8f1c96da99038	0,0,1,1	406.000,188.000,179.000,360.000	pypdf.merge_transformed_page_vector
TNBC_vs_LUAD_comparison_atlas.pdf	43	SupplementaryFigure2B_secondary_GSE81089	SupplementaryFigure2B_secondary_GSE81089	LUAD_OFFICIAL_ATOM	/media/desk16/iy13202/projects/Paper2Paper/tmp/tnbc-chromatin-tf-nc-2026/official-code-port-v3/run-fig12-final/adapter_final_corrected/secondary_validation/GSE81089/results/visuals/Figure1/SupplementaryFigure2B_VennDiagram_TNBC_TCGA_METABRIC.pdf	1	3864ca9af2f8b700cf0ebbc7db11eefa4388657864bc75ce15c91653e64b1fd0	0,0,1,1	589.000,188.000,179.000,360.000	pypdf.merge_transformed_page_vector
TNBC_vs_LUAD_comparison_atlas.pdf	44	SupplementaryFigure3A	SupplementaryFigure3A	TNBC_REFERENCE_CROP	/media/desk16/iy13202/projects/Paper2Paper/tmp/tnbc-chromatin-tf-nc-2026/official-code-port-v3/uploads/41467_2026_76385_MOESM1_ESM.pdf	5	05af50267b70299db18222423552a3cc34b7c3b24d6179ce47afc961c96b9fbb	0.005,0.005,0.326,0.185	24.000,188.000,362.000,360.000	pypdf.merge_transformed_page_vector
TNBC_vs_LUAD_comparison_atlas.pdf	44	SupplementaryFigure3A	SupplementaryFigure3A	LUAD_OFFICIAL_ATOM	/media/desk16/iy13202/projects/Paper2Paper/tmp/tnbc-chromatin-tf-nc-2026/official-supp3-port/run-v2/results/panels/SupplementaryFigure3A_TCGA_Number_Of_Called_Peaks.pdf	1	8ee91322d06ba8883fb1d00ca157975a4e13cbc59f49f547658ad4f4f70c3cc0	0,0,1,1	406.000,188.000,362.000,360.000	pypdf.merge_transformed_page_vector
TNBC_vs_LUAD_comparison_atlas.pdf	45	SupplementaryFigure3B	SupplementaryFigure3B	TNBC_REFERENCE_CROP	/media/desk16/iy13202/projects/Paper2Paper/tmp/tnbc-chromatin-tf-nc-2026/official-code-port-v3/uploads/41467_2026_76385_MOESM1_ESM.pdf	5	05af50267b70299db18222423552a3cc34b7c3b24d6179ce47afc961c96b9fbb	0.33,0.005,0.643,0.185	24.000,188.000,362.000,360.000	pypdf.merge_transformed_page_vector
TNBC_vs_LUAD_comparison_atlas.pdf	45	SupplementaryFigure3B	SupplementaryFigure3B	LUAD_OFFICIAL_ATOM	/media/desk16/iy13202/projects/Paper2Paper/tmp/tnbc-chromatin-tf-nc-2026/official-supp3-port/run-v2/results/panels/SupplementaryFigure3B_PDX_Number_Of_Called_Peaks.pdf	1	d94e5165d6d604744b52aaae81064aad25d9f61eaaf98bac5c6fed2d5819da5d	0,0,1,1	406.000,188.000,362.000,360.000	pypdf.merge_transformed_page_vector
TNBC_vs_LUAD_comparison_atlas.pdf	46	SupplementaryFigure3C	SupplementaryFigure3C	TNBC_REFERENCE_CROP	/media/desk16/iy13202/projects/Paper2Paper/tmp/tnbc-chromatin-tf-nc-2026/official-code-port-v3/uploads/41467_2026_76385_MOESM1_ESM.pdf	5	05af50267b70299db18222423552a3cc34b7c3b24d6179ce47afc961c96b9fbb	0.665,0.005,0.995,0.185	24.000,188.000,362.000,360.000	pypdf.merge_transformed_page_vector
TNBC_vs_LUAD_comparison_atlas.pdf	46	SupplementaryFigure3C	SupplementaryFigure3C	LUAD_OFFICIAL_ATOM	/media/desk16/iy13202/projects/Paper2Paper/tmp/tnbc-chromatin-tf-nc-2026/official-supp3-port/run-v2/results/panels/SupplementaryFigure3C_CellLines_Number_Of_Called_Peaks.pdf	1	e346bb6de33187cde06da475319d4c11b513b6fb51127f12bfd5dda44591974d	0,0,1,1	406.000,188.000,362.000,360.000	pypdf.merge_transformed_page_vector
TNBC_vs_LUAD_comparison_atlas.pdf	47	SupplementaryFigure3D	SupplementaryFigure3D	TNBC_REFERENCE_CROP	/media/desk16/iy13202/projects/Paper2Paper/tmp/tnbc-chromatin-tf-nc-2026/official-code-port-v3/uploads/41467_2026_76385_MOESM1_ESM.pdf	5	05af50267b70299db18222423552a3cc34b7c3b24d6179ce47afc961c96b9fbb	0.005,0.185,0.33,0.472	24.000,188.000,362.000,360.000	pypdf.merge_transformed_page_vector
TNBC_vs_LUAD_comparison_atlas.pdf	47	SupplementaryFigure3D	SupplementaryFigure3D	LUAD_OFFICIAL_ATOM	/media/desk16/iy13202/projects/Paper2Paper/tmp/tnbc-chromatin-tf-nc-2026/official-supp3-port/run-v2/results/panels/SupplementaryFigure3D_TCGA_peak_saturation.pdf	1	716a29e5214eb04e16c4d9f8d08b5a7ec43a674070b5cdd54612ff0687715d41	0,0,1,1	406.000,188.000,362.000,360.000	pypdf.merge_transformed_page_vector
TNBC_vs_LUAD_comparison_atlas.pdf	48	SupplementaryFigure3E	SupplementaryFigure3E	TNBC_REFERENCE_CROP	/media/desk16/iy13202/projects/Paper2Paper/tmp/tnbc-chromatin-tf-nc-2026/official-code-port-v3/uploads/41467_2026_76385_MOESM1_ESM.pdf	5	05af50267b70299db18222423552a3cc34b7c3b24d6179ce47afc961c96b9fbb	0.33,0.185,0.64,0.472	24.000,188.000,362.000,360.000	pypdf.merge_transformed_page_vector
TNBC_vs_LUAD_comparison_atlas.pdf	48	SupplementaryFigure3E	SupplementaryFigure3E	LUAD_OFFICIAL_ATOM	/media/desk16/iy13202/projects/Paper2Paper/tmp/tnbc-chromatin-tf-nc-2026/official-supp3-port/run-v2/results/panels/SupplementaryFigure3E_PDX_peak_saturation.pdf	1	66a07eb50cab1514754eef3527963c447130f34ab420179c5dbf4175f1487aba	0,0,1,1	406.000,188.000,362.000,360.000	pypdf.merge_transformed_page_vector
TNBC_vs_LUAD_comparison_atlas.pdf	49	SupplementaryFigure3F	SupplementaryFigure3F	TNBC_REFERENCE_CROP	/media/desk16/iy13202/projects/Paper2Paper/tmp/tnbc-chromatin-tf-nc-2026/official-code-port-v3/uploads/41467_2026_76385_MOESM1_ESM.pdf	5	05af50267b70299db18222423552a3cc34b7c3b24d6179ce47afc961c96b9fbb	0.68,0.2,0.995,0.472	24.000,188.000,362.000,360.000	pypdf.merge_transformed_page_vector
TNBC_vs_LUAD_comparison_atlas.pdf	49	SupplementaryFigure3F	SupplementaryFigure3F	LUAD_OFFICIAL_ATOM	/media/desk16/iy13202/projects/Paper2Paper/tmp/tnbc-chromatin-tf-nc-2026/official-supp3-port/run-v2/results/panels/SupplementaryFigure3F_CellLines_peak_saturation.pdf	1	035792ce096dba29221332dd185610f2de05aa47788dba0c15625c6870cc778e	0,0,1,1	406.000,188.000,362.000,360.000	pypdf.merge_transformed_page_vector
TNBC_vs_LUAD_comparison_atlas.pdf	50	SupplementaryFigure3G	SupplementaryFigure3G	TNBC_REFERENCE_CROP	/media/desk16/iy13202/projects/Paper2Paper/tmp/tnbc-chromatin-tf-nc-2026/official-code-port-v3/uploads/41467_2026_76385_MOESM1_ESM.pdf	5	05af50267b70299db18222423552a3cc34b7c3b24d6179ce47afc961c96b9fbb	0.005,0.472,0.335,0.745	24.000,188.000,362.000,360.000	pypdf.merge_transformed_page_vector
TNBC_vs_LUAD_comparison_atlas.pdf	50	SupplementaryFigure3G	SupplementaryFigure3G	LUAD_OFFICIAL_ATOM	/media/desk16/iy13202/projects/Paper2Paper/tmp/tnbc-chromatin-tf-nc-2026/official-supp3-port/run-v2/results/panels/SupplementaryFigure3G_TCGA_Pearson_Correlation_Signal_ConsensusPeakSet.pdf	1	8e0df9901fe8882b462bb9a631396d26e68ba27c8e47bf2506bd80bbffd712c1	0,0,1,1	406.000,188.000,362.000,360.000	pypdf.merge_transformed_page_vector
TNBC_vs_LUAD_comparison_atlas.pdf	51	SupplementaryFigure3H	SupplementaryFigure3H	TNBC_REFERENCE_CROP	/media/desk16/iy13202/projects/Paper2Paper/tmp/tnbc-chromatin-tf-nc-2026/official-code-port-v3/uploads/41467_2026_76385_MOESM1_ESM.pdf	5	05af50267b70299db18222423552a3cc34b7c3b24d6179ce47afc961c96b9fbb	0.33,0.472,0.64,0.745	24.000,188.000,362.000,360.000	pypdf.merge_transformed_page_vector
TNBC_vs_LUAD_comparison_atlas.pdf	51	SupplementaryFigure3H	SupplementaryFigure3H	LUAD_OFFICIAL_ATOM	/media/desk16/iy13202/projects/Paper2Paper/tmp/tnbc-chromatin-tf-nc-2026/official-supp3-port/run-v2/results/panels/SupplementaryFigure3H_PDX_Pearson_Correlation_Signal_ConsensusPeakSet.pdf	1	a170a440ce39ec1b7625e88dbccbdbe6a2be3ed57a1d0428c537ddad51d1144a	0,0,1,1	406.000,188.000,362.000,360.000	pypdf.merge_transformed_page_vector
TNBC_vs_LUAD_comparison_atlas.pdf	52	SupplementaryFigure3I	SupplementaryFigure3I	TNBC_REFERENCE_CROP	/media/desk16/iy13202/projects/Paper2Paper/tmp/tnbc-chromatin-tf-nc-2026/official-code-port-v3/uploads/41467_2026_76385_MOESM1_ESM.pdf	5	05af50267b70299db18222423552a3cc34b7c3b24d6179ce47afc961c96b9fbb	0.648,0.472,0.995,0.745	24.000,188.000,362.000,360.000	pypdf.merge_transformed_page_vector
TNBC_vs_LUAD_comparison_atlas.pdf	52	SupplementaryFigure3I	SupplementaryFigure3I	LUAD_OFFICIAL_ATOM	/media/desk16/iy13202/projects/Paper2Paper/tmp/tnbc-chromatin-tf-nc-2026/official-supp3-port/run-v2/results/panels/SupplementaryFigure3I_CellLines_Pearson_Correlation_Signal_ConsensusPeakSet.pdf	1	403ef90d90a2958794ef66416486ae297efeebf05762798da880b52bb7ce7a02	0,0,1,1	406.000,188.000,362.000,360.000	pypdf.merge_transformed_page_vector
TNBC_vs_LUAD_comparison_atlas.pdf	53	SupplementaryFigure3J	SupplementaryFigure3J	TNBC_REFERENCE_CROP	/media/desk16/iy13202/projects/Paper2Paper/tmp/tnbc-chromatin-tf-nc-2026/official-code-port-v3/uploads/41467_2026_76385_MOESM1_ESM.pdf	5	05af50267b70299db18222423552a3cc34b7c3b24d6179ce47afc961c96b9fbb	0.005,0.745,0.337,0.965	24.000,188.000,362.000,360.000	pypdf.merge_transformed_page_vector
TNBC_vs_LUAD_comparison_atlas.pdf	53	SupplementaryFigure3J	SupplementaryFigure3J	LUAD_OFFICIAL_ATOM	/media/desk16/iy13202/projects/Paper2Paper/tmp/tnbc-chromatin-tf-nc-2026/official-supp3-port/run-v2/results/panels/SupplementaryFigure3J_TCGA_GenomicAnnotation.pdf	1	f50240503bd5e5d07b740c94b9cecc117f096ce82abd0649cb09b91d4d89dd98	0,0,1,1	406.000,188.000,362.000,360.000	pypdf.merge_transformed_page_vector
TNBC_vs_LUAD_comparison_atlas.pdf	54	SupplementaryFigure3K	SupplementaryFigure3K	TNBC_REFERENCE_CROP	/media/desk16/iy13202/projects/Paper2Paper/tmp/tnbc-chromatin-tf-nc-2026/official-code-port-v3/uploads/41467_2026_76385_MOESM1_ESM.pdf	5	05af50267b70299db18222423552a3cc34b7c3b24d6179ce47afc961c96b9fbb	0.335,0.745,0.646,0.965	24.000,188.000,362.000,360.000	pypdf.merge_transformed_page_vector
TNBC_vs_LUAD_comparison_atlas.pdf	54	SupplementaryFigure3K	SupplementaryFigure3K	LUAD_OFFICIAL_ATOM	/media/desk16/iy13202/projects/Paper2Paper/tmp/tnbc-chromatin-tf-nc-2026/official-supp3-port/run-v2/results/panels/SupplementaryFigure3K_PDX_GenomicAnnotation.pdf	1	1da94042a85945b732156fbba6c72e7c793948d78b23d859c4af18b79c65a0fa	0,0,1,1	406.000,188.000,362.000,360.000	pypdf.merge_transformed_page_vector
TNBC_vs_LUAD_comparison_atlas.pdf	55	SupplementaryFigure3L	SupplementaryFigure3L	TNBC_REFERENCE_CROP	/media/desk16/iy13202/projects/Paper2Paper/tmp/tnbc-chromatin-tf-nc-2026/official-code-port-v3/uploads/41467_2026_76385_MOESM1_ESM.pdf	5	05af50267b70299db18222423552a3cc34b7c3b24d6179ce47afc961c96b9fbb	0.645,0.745,0.995,0.965	24.000,188.000,362.000,360.000	pypdf.merge_transformed_page_vector
TNBC_vs_LUAD_comparison_atlas.pdf	55	SupplementaryFigure3L	SupplementaryFigure3L	LUAD_OFFICIAL_ATOM	/media/desk16/iy13202/projects/Paper2Paper/tmp/tnbc-chromatin-tf-nc-2026/official-supp3-port/run-v2/results/panels/SupplementaryFigure3L_CellLines_GenomicAnnotation.pdf	1	ec2c0a7116d5061554099779fd0f64d44c5bca7f8d467bedba8852ee6108cf30	0,0,1,1	406.000,188.000,362.000,360.000	pypdf.merge_transformed_page_vector
TNBC_vs_LUAD_comparison_atlas.pdf	56	SupplementaryFigure4A	SupplementaryFigure4A	TNBC_REFERENCE_CROP	/media/desk16/iy13202/projects/Paper2Paper/tmp/tnbc-chromatin-tf-nc-2026/official-code-port-v3/uploads/41467_2026_76385_MOESM1_ESM.pdf	7	05af50267b70299db18222423552a3cc34b7c3b24d6179ce47afc961c96b9fbb	0.005,0.005,0.995,0.15	24.000,188.000,362.000,360.000	pypdf.merge_transformed_page_vector
TNBC_vs_LUAD_comparison_atlas.pdf	57	SupplementaryFigure4B	SupplementaryFigure4B	TNBC_REFERENCE_CROP	/media/desk16/iy13202/projects/Paper2Paper/tmp/tnbc-chromatin-tf-nc-2026/official-code-port-v3/uploads/41467_2026_76385_MOESM1_ESM.pdf	7	05af50267b70299db18222423552a3cc34b7c3b24d6179ce47afc961c96b9fbb	0.005,0.145,0.44,0.33	24.000,188.000,362.000,360.000	pypdf.merge_transformed_page_vector
TNBC_vs_LUAD_comparison_atlas.pdf	57	SupplementaryFigure4B	SupplementaryFigure4B	LUAD_OFFICIAL_ATOM	/media/desk16/iy13202/projects/Paper2Paper/tmp/tnbc-chromatin-tf-nc-2026/official-code-port-v3/run-fig12-final/adapter_final_corrected/results/visuals/Figure2/SupplementaryFigure4B_NES_Average_Across_CellLines_PDX_TCGA.pdf	1	353a20a28947e7c8214c10ccd3cdbd1f81a32c18f85aa16f4f50e60ec029055a	0,0,1,1	406.000,188.000,362.000,360.000	pypdf.merge_transformed_page_vector
TNBC_vs_LUAD_comparison_atlas.pdf	58	SupplementaryFigure4C	SupplementaryFigure4C	TNBC_REFERENCE_CROP	/media/desk16/iy13202/projects/Paper2Paper/tmp/tnbc-chromatin-tf-nc-2026/official-code-port-v3/uploads/41467_2026_76385_MOESM1_ESM.pdf	7	05af50267b70299db18222423552a3cc34b7c3b24d6179ce47afc961c96b9fbb	0.005,0.325,0.44,0.5	24.000,188.000,362.000,360.000	pypdf.merge_transformed_page_vector
TNBC_vs_LUAD_comparison_atlas.pdf	58	SupplementaryFigure4C	SupplementaryFigure4C	LUAD_OFFICIAL_ATOM	/media/desk16/iy13202/projects/Paper2Paper/tmp/tnbc-chromatin-tf-nc-2026/official-code-port-v3/run-fig12-final/adapter_final_corrected/results/visuals/Figure2/JASPAR_vs_CISBP_HC-TRs_VennDiagram.pdf	1	9b0b602004f1a947bdc1835517789073fd00dae3c2a2554afa1b931ab2e849b1	0,0,1,1	406.000,188.000,362.000,360.000	pypdf.merge_transformed_page_vector
TNBC_vs_LUAD_comparison_atlas.pdf	59	SupplementaryFigure4D	SupplementaryFigure4D	TNBC_REFERENCE_CROP	/media/desk16/iy13202/projects/Paper2Paper/tmp/tnbc-chromatin-tf-nc-2026/official-code-port-v3/uploads/41467_2026_76385_MOESM1_ESM.pdf	7	05af50267b70299db18222423552a3cc34b7c3b24d6179ce47afc961c96b9fbb	0.455,0.145,0.995,0.51	24.000,188.000,362.000,360.000	pypdf.merge_transformed_page_vector
TNBC_vs_LUAD_comparison_atlas.pdf	59	SupplementaryFigure4D	SupplementaryFigure4D	LUAD_OFFICIAL_ATOM	/media/desk16/iy13202/projects/Paper2Paper/tmp/tnbc-chromatin-tf-nc-2026/official-fig3-port/run-v3/results/visuals/Figure3/SupplementaryFigure4D_All_MKi67_Correlation_HC-TR_Heatmap.pdf	1	774fc359be996cfcfed427cdc118e16c1d4c123911834095c9abb9e099ddef3b	0,0,1,1	406.000,430.667,179.000,117.333	pypdf.merge_transformed_page_vector
TNBC_vs_LUAD_comparison_atlas.pdf	59	SupplementaryFigure4D	SupplementaryFigure4D	LUAD_OFFICIAL_ATOM	/media/desk16/iy13202/projects/Paper2Paper/tmp/tnbc-chromatin-tf-nc-2026/official-fig3-port/run-v3/results/visuals/Figure3/SupplementaryFigure4D_CellLines_MKi67_Correlation_HC-TR.pdf	1	74e0aa177fe4b092834e77c0a1bc88383b2e066e000c5f62f7632e53976c1054	0,0,1,1	589.000,430.667,179.000,117.333	pypdf.merge_transformed_page_vector
TNBC_vs_LUAD_comparison_atlas.pdf	59	SupplementaryFigure4D	SupplementaryFigure4D	LUAD_OFFICIAL_ATOM	/media/desk16/iy13202/projects/Paper2Paper/tmp/tnbc-chromatin-tf-nc-2026/official-fig3-port/run-v3/results/visuals/Figure3/SupplementaryFigure4D_GSE41271_MKi67_Correlation_HC-TR.pdf	1	9e6e7db5d3a593c589e4c7e6e09a35bec5c1cc6947813647c07e0b8fb1071f22	0,0,1,1	406.000,309.333,179.000,117.333	pypdf.merge_transformed_page_vector
TNBC_vs_LUAD_comparison_atlas.pdf	59	SupplementaryFigure4D	SupplementaryFigure4D	LUAD_OFFICIAL_ATOM	/media/desk16/iy13202/projects/Paper2Paper/tmp/tnbc-chromatin-tf-nc-2026/official-fig3-port/run-v3/results/visuals/Figure3/SupplementaryFigure4D_PDX_MKi67_Correlation_HC-TR.pdf	1	fb6fa1cad5d778ca6bec26990a4267459e35951411eb6982a1de7c7af1fa3e27	0,0,1,1	589.000,309.333,179.000,117.333	pypdf.merge_transformed_page_vector
TNBC_vs_LUAD_comparison_atlas.pdf	59	SupplementaryFigure4D	SupplementaryFigure4D	LUAD_OFFICIAL_ATOM	/media/desk16/iy13202/projects/Paper2Paper/tmp/tnbc-chromatin-tf-nc-2026/official-fig3-port/run-v3/results/visuals/Figure3/SupplementaryFigure4D_TCGA_MKi67_Correlation_HC-TR.pdf	1	80a0f652adf3e015ecac1cf54cce9cae527892c204aa0466b13ebcc370e86497	0,0,1,1	406.000,188.000,179.000,117.333	pypdf.merge_transformed_page_vector
TNBC_vs_LUAD_comparison_atlas.pdf	60	SupplementaryFigure5A	SupplementaryFigure5A	TNBC_REFERENCE_CROP	/media/desk16/iy13202/projects/Paper2Paper/tmp/tnbc-chromatin-tf-nc-2026/official-code-port-v3/uploads/41467_2026_76385_MOESM1_ESM.pdf	9	05af50267b70299db18222423552a3cc34b7c3b24d6179ce47afc961c96b9fbb	0.005,0.005,0.995,0.285	24.000,188.000,362.000,360.000	pypdf.merge_transformed_page_vector
TNBC_vs_LUAD_comparison_atlas.pdf	60	SupplementaryFigure5A	SupplementaryFigure5A	LUAD_OFFICIAL_ATOM	/media/desk16/iy13202/projects/Paper2Paper/tmp/tnbc-chromatin-tf-nc-2026/official-fig3-port/run-v3/results/visuals/Figure3/SupplementaryFigure5A_Skewness_PDX_CellLines.pdf	1	d6bb397a24ae478b852cdfa6526baeca14afcccb6e65be18c186f6f206e8d1cc	0,0,1,1	406.000,188.000,362.000,360.000	pypdf.merge_transformed_page_vector
TNBC_vs_LUAD_comparison_atlas.pdf	61	SupplementaryFigure5B	SupplementaryFigure5B	TNBC_REFERENCE_CROP	/media/desk16/iy13202/projects/Paper2Paper/tmp/tnbc-chromatin-tf-nc-2026/official-code-port-v3/uploads/41467_2026_76385_MOESM1_ESM.pdf	9	05af50267b70299db18222423552a3cc34b7c3b24d6179ce47afc961c96b9fbb	0.005,0.33,0.995,0.995	24.000,188.000,362.000,360.000	pypdf.merge_transformed_page_vector
TNBC_vs_LUAD_comparison_atlas.pdf	61	SupplementaryFigure5B	SupplementaryFigure5B	LUAD_OFFICIAL_ATOM	/media/desk16/iy13202/projects/Paper2Paper/tmp/tnbc-chromatin-tf-nc-2026/official-fig3-port/run-v3/results/visuals/Figure3/SupplementaryFigure5B_All_ESTIMATE_Volcano_HC-TR.pdf	1	5d2d7c893f93db3e0ae999623313db3e97ec3d246b59813758ce672632706e6b	0,0,1,1	406.000,370.000,362.000,178.000	pypdf.merge_transformed_page_vector
TNBC_vs_LUAD_comparison_atlas.pdf	61	SupplementaryFigure5B	SupplementaryFigure5B	LUAD_OFFICIAL_ATOM	/media/desk16/iy13202/projects/Paper2Paper/tmp/tnbc-chromatin-tf-nc-2026/official-fig3-port/run-v3/results/visuals/Figure3/SupplementaryFigure5B_ESTIMATE_Combined_Heatmap_HC-TR.pdf	1	7f56cf2a289b361606df00992a88f18b6369edb2f6631f32911aec94ed2bce2c	0,0,1,1	406.000,188.000,362.000,178.000	pypdf.merge_transformed_page_vector
TNBC_vs_LUAD_comparison_atlas.pdf	62	SupplementaryFigure6A	SupplementaryFigure6A	TNBC_REFERENCE_CROP	/media/desk16/iy13202/projects/Paper2Paper/tmp/tnbc-chromatin-tf-nc-2026/official-code-port-v3/uploads/41467_2026_76385_MOESM1_ESM.pdf	11	05af50267b70299db18222423552a3cc34b7c3b24d6179ce47afc961c96b9fbb	0.005,0.005,0.255,0.285	24.000,188.000,362.000,360.000	pypdf.merge_transformed_page_vector
TNBC_vs_LUAD_comparison_atlas.pdf	62	SupplementaryFigure6A	SupplementaryFigure6A	LUAD_OFFICIAL_ATOM	/media/desk16/iy13202/projects/Paper2Paper/tmp/tnbc-chromatin-tf-nc-2026/official-code-port-v3/run-fig45-v2-p0fix-20260821-r2/results/atomic/SupplementaryFigure6A.pdf	1	925a52940f4607ff08f100d9d5e1d65d45c41d861f0451f7c1e64c2a7f786fa8	0,0,1,1	406.000,188.000,362.000,360.000	pypdf.merge_transformed_page_vector
TNBC_vs_LUAD_comparison_atlas.pdf	63	SupplementaryFigure6B	SupplementaryFigure6B	TNBC_REFERENCE_CROP	/media/desk16/iy13202/projects/Paper2Paper/tmp/tnbc-chromatin-tf-nc-2026/official-code-port-v3/uploads/41467_2026_76385_MOESM1_ESM.pdf	11	05af50267b70299db18222423552a3cc34b7c3b24d6179ce47afc961c96b9fbb	0.255,0.005,0.5,0.285	24.000,188.000,362.000,360.000	pypdf.merge_transformed_page_vector
TNBC_vs_LUAD_comparison_atlas.pdf	63	SupplementaryFigure6B	SupplementaryFigure6B	LUAD_OFFICIAL_ATOM	/media/desk16/iy13202/projects/Paper2Paper/tmp/tnbc-chromatin-tf-nc-2026/official-code-port-v3/run-fig45-v2-p0fix-20260821-r2/results/atomic/SupplementaryFigure6B.pdf	1	ed961b2345714a9754b16ac5bcc76d277d285f8b7727c8b9bbce588f25fd154d	0,0,1,1	406.000,188.000,362.000,360.000	pypdf.merge_transformed_page_vector
TNBC_vs_LUAD_comparison_atlas.pdf	64	SupplementaryFigure6C	SupplementaryFigure6C	TNBC_REFERENCE_CROP	/media/desk16/iy13202/projects/Paper2Paper/tmp/tnbc-chromatin-tf-nc-2026/official-code-port-v3/uploads/41467_2026_76385_MOESM1_ESM.pdf	11	05af50267b70299db18222423552a3cc34b7c3b24d6179ce47afc961c96b9fbb	0.495,0.005,0.745,0.285	24.000,188.000,362.000,360.000	pypdf.merge_transformed_page_vector
TNBC_vs_LUAD_comparison_atlas.pdf	64	SupplementaryFigure6C	SupplementaryFigure6C	LUAD_OFFICIAL_ATOM	/media/desk16/iy13202/projects/Paper2Paper/tmp/tnbc-chromatin-tf-nc-2026/official-code-port-v3/run-fig45-v2-p0fix-20260821-r2/results/atomic/SupplementaryFigure6C.pdf	1	90d81906dd54c1d17247f5521aa2b9fe7b711b257b7194e07733573c7653d564	0,0,1,1	406.000,188.000,362.000,360.000	pypdf.merge_transformed_page_vector
TNBC_vs_LUAD_comparison_atlas.pdf	65	SupplementaryFigure6D	SupplementaryFigure6D	TNBC_REFERENCE_CROP	/media/desk16/iy13202/projects/Paper2Paper/tmp/tnbc-chromatin-tf-nc-2026/official-code-port-v3/uploads/41467_2026_76385_MOESM1_ESM.pdf	11	05af50267b70299db18222423552a3cc34b7c3b24d6179ce47afc961c96b9fbb	0.745,0.005,0.995,0.285	24.000,188.000,362.000,360.000	pypdf.merge_transformed_page_vector
TNBC_vs_LUAD_comparison_atlas.pdf	65	SupplementaryFigure6D	SupplementaryFigure6D	LUAD_OFFICIAL_ATOM	/media/desk16/iy13202/projects/Paper2Paper/tmp/tnbc-chromatin-tf-nc-2026/official-code-port-v3/run-fig45-v2-p0fix-20260821-r2/results/atomic/SupplementaryFigure6D.pdf	1	a121c3add3718291a340f4726e63a5c5a7bbe47eb2537844b27155301b31de93	0,0,1,1	406.000,188.000,362.000,360.000	pypdf.merge_transformed_page_vector
TNBC_vs_LUAD_comparison_atlas.pdf	66	SupplementaryFigure6E	SupplementaryFigure6E	TNBC_REFERENCE_CROP	/media/desk16/iy13202/projects/Paper2Paper/tmp/tnbc-chromatin-tf-nc-2026/official-code-port-v3/uploads/41467_2026_76385_MOESM1_ESM.pdf	11	05af50267b70299db18222423552a3cc34b7c3b24d6179ce47afc961c96b9fbb	0.005,0.285,0.255,0.57	24.000,188.000,362.000,360.000	pypdf.merge_transformed_page_vector
TNBC_vs_LUAD_comparison_atlas.pdf	66	SupplementaryFigure6E	SupplementaryFigure6E	LUAD_OFFICIAL_ATOM	/media/desk16/iy13202/projects/Paper2Paper/tmp/tnbc-chromatin-tf-nc-2026/official-code-port-v3/run-fig45-v2-p0fix-20260821-r2/results/atomic/SupplementaryFigure6E.pdf	1	b55334f8fd2c2ef742733f556a7040d660bad01d067a610ec43746413f376536	0,0,1,1	406.000,188.000,362.000,360.000	pypdf.merge_transformed_page_vector
TNBC_vs_LUAD_comparison_atlas.pdf	67	SupplementaryFigure6F	SupplementaryFigure6F	TNBC_REFERENCE_CROP	/media/desk16/iy13202/projects/Paper2Paper/tmp/tnbc-chromatin-tf-nc-2026/official-code-port-v3/uploads/41467_2026_76385_MOESM1_ESM.pdf	11	05af50267b70299db18222423552a3cc34b7c3b24d6179ce47afc961c96b9fbb	0.255,0.285,0.5,0.57	24.000,188.000,362.000,360.000	pypdf.merge_transformed_page_vector
TNBC_vs_LUAD_comparison_atlas.pdf	67	SupplementaryFigure6F	SupplementaryFigure6F	LUAD_OFFICIAL_ATOM	/media/desk16/iy13202/projects/Paper2Paper/tmp/tnbc-chromatin-tf-nc-2026/official-code-port-v3/run-fig45-v2-p0fix-20260821-r2/results/atomic/SupplementaryFigure6F.pdf	1	cf4b01136ebc384aeb9bbba3ed21de0802b9d92b2b740424718c2da61f70d804	0,0,1,1	406.000,188.000,362.000,360.000	pypdf.merge_transformed_page_vector
TNBC_vs_LUAD_comparison_atlas.pdf	68	SupplementaryFigure6G	SupplementaryFigure6G	TNBC_REFERENCE_CROP	/media/desk16/iy13202/projects/Paper2Paper/tmp/tnbc-chromatin-tf-nc-2026/official-code-port-v3/uploads/41467_2026_76385_MOESM1_ESM.pdf	11	05af50267b70299db18222423552a3cc34b7c3b24d6179ce47afc961c96b9fbb	0.495,0.285,0.745,0.57	24.000,188.000,362.000,360.000	pypdf.merge_transformed_page_vector
TNBC_vs_LUAD_comparison_atlas.pdf	68	SupplementaryFigure6G	SupplementaryFigure6G	LUAD_OFFICIAL_ATOM	/media/desk16/iy13202/projects/Paper2Paper/tmp/tnbc-chromatin-tf-nc-2026/official-code-port-v3/run-fig45-v2-p0fix-20260821-r2/results/atomic/SupplementaryFigure6G.pdf	1	921483c702bf81184d4f7be295a9f470a7b2b8d764048069ef250e50a07dbee2	0,0,1,1	406.000,188.000,362.000,360.000	pypdf.merge_transformed_page_vector
TNBC_vs_LUAD_comparison_atlas.pdf	69	SupplementaryFigure6H	SupplementaryFigure6H	TNBC_REFERENCE_CROP	/media/desk16/iy13202/projects/Paper2Paper/tmp/tnbc-chromatin-tf-nc-2026/official-code-port-v3/uploads/41467_2026_76385_MOESM1_ESM.pdf	11	05af50267b70299db18222423552a3cc34b7c3b24d6179ce47afc961c96b9fbb	0.745,0.285,0.995,0.57	24.000,188.000,362.000,360.000	pypdf.merge_transformed_page_vector
TNBC_vs_LUAD_comparison_atlas.pdf	69	SupplementaryFigure6H	SupplementaryFigure6H	LUAD_OFFICIAL_ATOM	/media/desk16/iy13202/projects/Paper2Paper/tmp/tnbc-chromatin-tf-nc-2026/official-code-port-v3/run-fig45-v2-p0fix-20260821-r2/results/atomic/SupplementaryFigure6H.pdf	1	e08bfda0e35d5c871278ab0a1b0b334c2bd8488bdb15440be05682c8af538ae1	0,0,1,1	406.000,188.000,362.000,360.000	pypdf.merge_transformed_page_vector
TNBC_vs_LUAD_comparison_atlas.pdf	70	SupplementaryFigure7A	SupplementaryFigure7A	TNBC_REFERENCE_CROP	/media/desk16/iy13202/projects/Paper2Paper/tmp/tnbc-chromatin-tf-nc-2026/official-code-port-v3/uploads/41467_2026_76385_MOESM1_ESM.pdf	13	05af50267b70299db18222423552a3cc34b7c3b24d6179ce47afc961c96b9fbb	0.005,0.005,0.336,0.21	24.000,188.000,362.000,360.000	pypdf.merge_transformed_page_vector
TNBC_vs_LUAD_comparison_atlas.pdf	70	SupplementaryFigure7A	SupplementaryFigure7A	LUAD_OFFICIAL_ATOM	/media/desk16/iy13202/projects/Paper2Paper/tmp/tnbc-chromatin-tf-nc-2026/official-code-port-v3/run-fig45-v2-p0fix-20260821-r2/results/atomic/SupplementaryFigure7A_CellLine_DrugSensitivity_Cohort_DrugIntersection.pdf	1	0c6b11e91eb5baae29914b4f21c188cc7d06d08658dd7c122045048ce4ac0a69	0,0,1,1	406.000,188.000,362.000,360.000	pypdf.merge_transformed_page_vector
TNBC_vs_LUAD_comparison_atlas.pdf	71	SupplementaryFigure7B	SupplementaryFigure7B	TNBC_REFERENCE_CROP	/media/desk16/iy13202/projects/Paper2Paper/tmp/tnbc-chromatin-tf-nc-2026/official-code-port-v3/uploads/41467_2026_76385_MOESM1_ESM.pdf	13	05af50267b70299db18222423552a3cc34b7c3b24d6179ce47afc961c96b9fbb	0.36,0.005,0.995,0.21	24.000,188.000,362.000,360.000	pypdf.merge_transformed_page_vector
TNBC_vs_LUAD_comparison_atlas.pdf	71	SupplementaryFigure7B	SupplementaryFigure7B	LUAD_OFFICIAL_ATOM	/media/desk16/iy13202/projects/Paper2Paper/tmp/tnbc-chromatin-tf-nc-2026/official-code-port-v3/run-fig45-v2-p0fix-20260821-r2/results/atomic/SupplementaryFigure7B_WWC2_Pha793887_AAC_NES.pdf	1	686124b87ccd7568cde38d8b4a756127755fae76cb119ee2b3e0094f07877771	0,0,1,1	406.000,188.000,87.500,360.000	pypdf.merge_transformed_page_vector
TNBC_vs_LUAD_comparison_atlas.pdf	71	SupplementaryFigure7B	SupplementaryFigure7B	LUAD_OFFICIAL_ATOM	/media/desk16/iy13202/projects/Paper2Paper/tmp/tnbc-chromatin-tf-nc-2026/official-code-port-v3/run-fig45-v2-p0fix-20260821-r2/results/atomic/SupplementaryFigure7B_ZNF254_5Fluorouracil_AAC_NES.pdf	1	1dae9cd7408c9d85c839541eb698c40ede3a988c5f3be5a2bf5f7a26ab7ab135	0,0,1,1	497.500,188.000,87.500,360.000	pypdf.merge_transformed_page_vector
TNBC_vs_LUAD_comparison_atlas.pdf	71	SupplementaryFigure7B	SupplementaryFigure7B	LUAD_OFFICIAL_ATOM	/media/desk16/iy13202/projects/Paper2Paper/tmp/tnbc-chromatin-tf-nc-2026/official-code-port-v3/run-fig45-v2-p0fix-20260821-r2/results/atomic/SupplementaryFigure7B_ZNF254_Dactolisib_AAC_NES.pdf	1	ac90d349ffffb6c3f74de354bdc4e263c0831a7c1e912c02d0cbe3753b1b6e7d	0,0,1,1	589.000,188.000,87.500,360.000	pypdf.merge_transformed_page_vector
TNBC_vs_LUAD_comparison_atlas.pdf	71	SupplementaryFigure7B	SupplementaryFigure7B	LUAD_OFFICIAL_ATOM	/media/desk16/iy13202/projects/Paper2Paper/tmp/tnbc-chromatin-tf-nc-2026/official-code-port-v3/run-fig45-v2-p0fix-20260821-r2/results/atomic/SupplementaryFigure7B_ZNF254_Vorinostat_AAC_NES.pdf	1	b7ac151bb22991f1217d516635e90409a0e0dc086dad0cfcd0c5a458cf254219	0,0,1,1	680.500,188.000,87.500,360.000	pypdf.merge_transformed_page_vector
TNBC_vs_LUAD_comparison_atlas.pdf	72	SupplementaryFigure7C	SupplementaryFigure7C	TNBC_REFERENCE_CROP	/media/desk16/iy13202/projects/Paper2Paper/tmp/tnbc-chromatin-tf-nc-2026/official-code-port-v3/uploads/41467_2026_76385_MOESM1_ESM.pdf	13	05af50267b70299db18222423552a3cc34b7c3b24d6179ce47afc961c96b9fbb	0.005,0.205,0.995,0.735	24.000,188.000,362.000,360.000	pypdf.merge_transformed_page_vector
TNBC_vs_LUAD_comparison_atlas.pdf	72	SupplementaryFigure7C	SupplementaryFigure7C_low	LUAD_OFFICIAL_ATOM	/media/desk16/iy13202/projects/Paper2Paper/tmp/tnbc-chromatin-tf-nc-2026/official-code-port-v3/run-fig45-v2-p0fix-20260821-r2/results/atomic/SupplementaryFigure7C_Concordance_Index_Low_Sig_Supplementary.pdf	1	1f172c5a03390142150794752d0410b08291b340b1358a498cf41fa517732e7e	0,0,1,1	406.000,370.000,362.000,178.000	pypdf.merge_transformed_page_vector
TNBC_vs_LUAD_comparison_atlas.pdf	73	SupplementaryFigure7D	SupplementaryFigure7D	TNBC_REFERENCE_CROP	/media/desk16/iy13202/projects/Paper2Paper/tmp/tnbc-chromatin-tf-nc-2026/official-code-port-v3/uploads/41467_2026_76385_MOESM1_ESM.pdf	13	05af50267b70299db18222423552a3cc34b7c3b24d6179ce47afc961c96b9fbb	0.005,0.735,0.355,0.995	24.000,188.000,362.000,360.000	pypdf.merge_transformed_page_vector
