root_key	atom_id	source	bytes_observed	sha256_observed	bytes_expected	sha256_expected	identity_status	commit_evidence	hash_manifest	receipt_paths	receipt_sha256s	detail
fig12	Figure1B	/media/desk16/iy13202/projects/Paper2Paper/tmp/tnbc-chromatin-tf-nc-2026/official-code-port-v3/run-fig12-final/adapter_final_corrected/results/visuals/Figure1/Figure1B_log2FC_Viper_TNBC.pdf	87947	61608426d7fbbde14efaa0197a5ff9e45608818aa1ea454e7caeb09d1582d09f	87947	61608426d7fbbde14efaa0197a5ff9e45608818aa1ea454e7caeb09d1582d09f	VERIFIED	edf5314ce5b9ee0e2f88b2310e7c2df5619ad888	/media/desk16/iy13202/projects/Paper2Paper/tmp/tnbc-chromatin-tf-nc-2026/official-code-port-v3/run-fig12-final/audit/pdf_sha256_manifest.tsv	/media/desk16/iy13202/projects/Paper2Paper/tmp/tnbc-chromatin-tf-nc-2026/official-code-port-v3/run-fig12-final/audit/pdf_sha256_manifest.tsv;/media/desk16/iy13202/projects/Paper2Paper/tmp/tnbc-chromatin-tf-nc-2026/official-code-port-v3/run-fig12-final/runtime_final_corrected/audit/runtime_manifest.json;/media/desk16/iy13202/projects/Paper2Paper/tmp/tnbc-chromatin-tf-nc-2026/official-code-port-v3/run-fig12-final/runtime_secondary_GSE81089_corrected/audit/runtime_manifest.json	/media/desk16/iy13202/projects/Paper2Paper/tmp/tnbc-chromatin-tf-nc-2026/official-code-port-v3/run-fig12-final/audit/pdf_sha256_manifest.tsv=cbececc70e2a1e1f3d672d4ec67c904b37881a841e24cdec41df450ea6c45007;/media/desk16/iy13202/projects/Paper2Paper/tmp/tnbc-chromatin-tf-nc-2026/official-code-port-v3/run-fig12-final/runtime_final_corrected/audit/runtime_manifest.json=9ecc4da47e8e19d4e645badc06a20bba97122584964454e3ad40a99070f8bf8b;/media/desk16/iy13202/projects/Paper2Paper/tmp/tnbc-chromatin-tf-nc-2026/official-code-port-v3/run-fig12-final/runtime_secondary_GSE81089_corrected/audit/runtime_manifest.json=c07aabdac1d7142b776846c43360d10a5de7bd34325c5c4cba7de468550e9e94	
fig12	Figure1C	/media/desk16/iy13202/projects/Paper2Paper/tmp/tnbc-chromatin-tf-nc-2026/official-code-port-v3/run-fig12-final/adapter_final_corrected/results/visuals/Figure1/Figure1C_TCGA_TRActivity_TNBC150_NonTNBC155_test.pdf	2561790	233f8644045bd3bc11daf4d62e1d36a5d557d819195a06f4952193fd5f820f39	2561790	233f8644045bd3bc11daf4d62e1d36a5d557d819195a06f4952193fd5f820f39	VERIFIED	edf5314ce5b9ee0e2f88b2310e7c2df5619ad888	/media/desk16/iy13202/projects/Paper2Paper/tmp/tnbc-chromatin-tf-nc-2026/official-code-port-v3/run-fig12-final/audit/pdf_sha256_manifest.tsv	/media/desk16/iy13202/projects/Paper2Paper/tmp/tnbc-chromatin-tf-nc-2026/official-code-port-v3/run-fig12-final/audit/pdf_sha256_manifest.tsv;/media/desk16/iy13202/projects/Paper2Paper/tmp/tnbc-chromatin-tf-nc-2026/official-code-port-v3/run-fig12-final/runtime_final_corrected/audit/runtime_manifest.json;/media/desk16/iy13202/projects/Paper2Paper/tmp/tnbc-chromatin-tf-nc-2026/official-code-port-v3/run-fig12-final/runtime_secondary_GSE81089_corrected/audit/runtime_manifest.json	/media/desk16/iy13202/projects/Paper2Paper/tmp/tnbc-chromatin-tf-nc-2026/official-code-port-v3/run-fig12-final/audit/pdf_sha256_manifest.tsv=cbececc70e2a1e1f3d672d4ec67c904b37881a841e24cdec41df450ea6c45007;/media/desk16/iy13202/projects/Paper2Paper/tmp/tnbc-chromatin-tf-nc-2026/official-code-port-v3/run-fig12-final/runtime_final_corrected/audit/runtime_manifest.json=9ecc4da47e8e19d4e645badc06a20bba97122584964454e3ad40a99070f8bf8b;/media/desk16/iy13202/projects/Paper2Paper/tmp/tnbc-chromatin-tf-nc-2026/official-code-port-v3/run-fig12-final/runtime_secondary_GSE81089_corrected/audit/runtime_manifest.json=c07aabdac1d7142b776846c43360d10a5de7bd34325c5c4cba7de468550e9e94	
fig12	Figure1D	/media/desk16/iy13202/projects/Paper2Paper/tmp/tnbc-chromatin-tf-nc-2026/official-code-port-v3/run-fig12-final/adapter_final_corrected/results/visuals/Figure1/Figure1D_PDX_TRActivity_TNBC150_NonTNBC154.pdf	177190	084b73a115e6f0ffa422e405c61d308694365824429f5aedb81c6de34f7452dd	177190	084b73a115e6f0ffa422e405c61d308694365824429f5aedb81c6de34f7452dd	VERIFIED	edf5314ce5b9ee0e2f88b2310e7c2df5619ad888	/media/desk16/iy13202/projects/Paper2Paper/tmp/tnbc-chromatin-tf-nc-2026/official-code-port-v3/run-fig12-final/audit/pdf_sha256_manifest.tsv	/media/desk16/iy13202/projects/Paper2Paper/tmp/tnbc-chromatin-tf-nc-2026/official-code-port-v3/run-fig12-final/audit/pdf_sha256_manifest.tsv;/media/desk16/iy13202/projects/Paper2Paper/tmp/tnbc-chromatin-tf-nc-2026/official-code-port-v3/run-fig12-final/runtime_final_corrected/audit/runtime_manifest.json;/media/desk16/iy13202/projects/Paper2Paper/tmp/tnbc-chromatin-tf-nc-2026/official-code-port-v3/run-fig12-final/runtime_secondary_GSE81089_corrected/audit/runtime_manifest.json	/media/desk16/iy13202/projects/Paper2Paper/tmp/tnbc-chromatin-tf-nc-2026/official-code-port-v3/run-fig12-final/audit/pdf_sha256_manifest.tsv=cbececc70e2a1e1f3d672d4ec67c904b37881a841e24cdec41df450ea6c45007;/media/desk16/iy13202/projects/Paper2Paper/tmp/tnbc-chromatin-tf-nc-2026/official-code-port-v3/run-fig12-final/runtime_final_corrected/audit/runtime_manifest.json=9ecc4da47e8e19d4e645badc06a20bba97122584964454e3ad40a99070f8bf8b;/media/desk16/iy13202/projects/Paper2Paper/tmp/tnbc-chromatin-tf-nc-2026/official-code-port-v3/run-fig12-final/runtime_secondary_GSE81089_corrected/audit/runtime_manifest.json=c07aabdac1d7142b776846c43360d10a5de7bd34325c5c4cba7de468550e9e94	
fig12	Figure1E	/media/desk16/iy13202/projects/Paper2Paper/tmp/tnbc-chromatin-tf-nc-2026/official-code-port-v3/run-fig12-final/adapter_final_corrected/results/visuals/Figure1/Figure1E_CellLine_TRActivity_TNBC150_NonTNBC155.pdf	295000	fe6e83d12a1639766ee763ec037731331681ca2b6b9f04b6709e9d0a54da9ee0	295000	fe6e83d12a1639766ee763ec037731331681ca2b6b9f04b6709e9d0a54da9ee0	VERIFIED	edf5314ce5b9ee0e2f88b2310e7c2df5619ad888	/media/desk16/iy13202/projects/Paper2Paper/tmp/tnbc-chromatin-tf-nc-2026/official-code-port-v3/run-fig12-final/audit/pdf_sha256_manifest.tsv	/media/desk16/iy13202/projects/Paper2Paper/tmp/tnbc-chromatin-tf-nc-2026/official-code-port-v3/run-fig12-final/audit/pdf_sha256_manifest.tsv;/media/desk16/iy13202/projects/Paper2Paper/tmp/tnbc-chromatin-tf-nc-2026/official-code-port-v3/run-fig12-final/runtime_final_corrected/audit/runtime_manifest.json;/media/desk16/iy13202/projects/Paper2Paper/tmp/tnbc-chromatin-tf-nc-2026/official-code-port-v3/run-fig12-final/runtime_secondary_GSE81089_corrected/audit/runtime_manifest.json	/media/desk16/iy13202/projects/Paper2Paper/tmp/tnbc-chromatin-tf-nc-2026/official-code-port-v3/run-fig12-final/audit/pdf_sha256_manifest.tsv=cbececc70e2a1e1f3d672d4ec67c904b37881a841e24cdec41df450ea6c45007;/media/desk16/iy13202/projects/Paper2Paper/tmp/tnbc-chromatin-tf-nc-2026/official-code-port-v3/run-fig12-final/runtime_final_corrected/audit/runtime_manifest.json=9ecc4da47e8e19d4e645badc06a20bba97122584964454e3ad40a99070f8bf8b;/media/desk16/iy13202/projects/Paper2Paper/tmp/tnbc-chromatin-tf-nc-2026/official-code-port-v3/run-fig12-final/runtime_secondary_GSE81089_corrected/audit/runtime_manifest.json=c07aabdac1d7142b776846c43360d10a5de7bd34325c5c4cba7de468550e9e94	
fig12	SupplementaryFigure2A	/media/desk16/iy13202/projects/Paper2Paper/tmp/tnbc-chromatin-tf-nc-2026/official-code-port-v3/run-fig12-final/adapter_final_corrected/results/visuals/Figure1/SupplementaryFigure2A_METABRIC_log2FC_Viper.pdf	73905	bf383bf44af8baf5cc0bb06c55d5a625be7a1647e6d5de9fbfafd74429590434	73905	bf383bf44af8baf5cc0bb06c55d5a625be7a1647e6d5de9fbfafd74429590434	VERIFIED	edf5314ce5b9ee0e2f88b2310e7c2df5619ad888	/media/desk16/iy13202/projects/Paper2Paper/tmp/tnbc-chromatin-tf-nc-2026/official-code-port-v3/run-fig12-final/audit/pdf_sha256_manifest.tsv	/media/desk16/iy13202/projects/Paper2Paper/tmp/tnbc-chromatin-tf-nc-2026/official-code-port-v3/run-fig12-final/audit/pdf_sha256_manifest.tsv;/media/desk16/iy13202/projects/Paper2Paper/tmp/tnbc-chromatin-tf-nc-2026/official-code-port-v3/run-fig12-final/runtime_final_corrected/audit/runtime_manifest.json;/media/desk16/iy13202/projects/Paper2Paper/tmp/tnbc-chromatin-tf-nc-2026/official-code-port-v3/run-fig12-final/runtime_secondary_GSE81089_corrected/audit/runtime_manifest.json	/media/desk16/iy13202/projects/Paper2Paper/tmp/tnbc-chromatin-tf-nc-2026/official-code-port-v3/run-fig12-final/audit/pdf_sha256_manifest.tsv=cbececc70e2a1e1f3d672d4ec67c904b37881a841e24cdec41df450ea6c45007;/media/desk16/iy13202/projects/Paper2Paper/tmp/tnbc-chromatin-tf-nc-2026/official-code-port-v3/run-fig12-final/runtime_final_corrected/audit/runtime_manifest.json=9ecc4da47e8e19d4e645badc06a20bba97122584964454e3ad40a99070f8bf8b;/media/desk16/iy13202/projects/Paper2Paper/tmp/tnbc-chromatin-tf-nc-2026/official-code-port-v3/run-fig12-final/runtime_secondary_GSE81089_corrected/audit/runtime_manifest.json=c07aabdac1d7142b776846c43360d10a5de7bd34325c5c4cba7de468550e9e94	
fig12	SupplementaryFigure2B	/media/desk16/iy13202/projects/Paper2Paper/tmp/tnbc-chromatin-tf-nc-2026/official-code-port-v3/run-fig12-final/adapter_final_corrected/results/visuals/Figure1/SupplementaryFigure2B_VennDiagram_NonTNBC_TCGA_METABRIC.pdf	10378	9c24904f498c0f8ff9da997be1deda6bec8f62ede02594f8c1be059bb53ad1ad	10378	9c24904f498c0f8ff9da997be1deda6bec8f62ede02594f8c1be059bb53ad1ad	VERIFIED	edf5314ce5b9ee0e2f88b2310e7c2df5619ad888	/media/desk16/iy13202/projects/Paper2Paper/tmp/tnbc-chromatin-tf-nc-2026/official-code-port-v3/run-fig12-final/audit/pdf_sha256_manifest.tsv	/media/desk16/iy13202/projects/Paper2Paper/tmp/tnbc-chromatin-tf-nc-2026/official-code-port-v3/run-fig12-final/audit/pdf_sha256_manifest.tsv;/media/desk16/iy13202/projects/Paper2Paper/tmp/tnbc-chromatin-tf-nc-2026/official-code-port-v3/run-fig12-final/runtime_final_corrected/audit/runtime_manifest.json;/media/desk16/iy13202/projects/Paper2Paper/tmp/tnbc-chromatin-tf-nc-2026/official-code-port-v3/run-fig12-final/runtime_secondary_GSE81089_corrected/audit/runtime_manifest.json	/media/desk16/iy13202/projects/Paper2Paper/tmp/tnbc-chromatin-tf-nc-2026/official-code-port-v3/run-fig12-final/audit/pdf_sha256_manifest.tsv=cbececc70e2a1e1f3d672d4ec67c904b37881a841e24cdec41df450ea6c45007;/media/desk16/iy13202/projects/Paper2Paper/tmp/tnbc-chromatin-tf-nc-2026/official-code-port-v3/run-fig12-final/runtime_final_corrected/audit/runtime_manifest.json=9ecc4da47e8e19d4e645badc06a20bba97122584964454e3ad40a99070f8bf8b;/media/desk16/iy13202/projects/Paper2Paper/tmp/tnbc-chromatin-tf-nc-2026/official-code-port-v3/run-fig12-final/runtime_secondary_GSE81089_corrected/audit/runtime_manifest.json=c07aabdac1d7142b776846c43360d10a5de7bd34325c5c4cba7de468550e9e94	
fig12	SupplementaryFigure2B	/media/desk16/iy13202/projects/Paper2Paper/tmp/tnbc-chromatin-tf-nc-2026/official-code-port-v3/run-fig12-final/adapter_final_corrected/results/visuals/Figure1/SupplementaryFigure2B_VennDiagram_TNBC_TCGA_METABRIC.pdf	9992	b398dda35dbb1c756fba7c2a5c33d2bc1f9c55d094807dc0a4893344cf5994ef	9992	b398dda35dbb1c756fba7c2a5c33d2bc1f9c55d094807dc0a4893344cf5994ef	VERIFIED	edf5314ce5b9ee0e2f88b2310e7c2df5619ad888	/media/desk16/iy13202/projects/Paper2Paper/tmp/tnbc-chromatin-tf-nc-2026/official-code-port-v3/run-fig12-final/audit/pdf_sha256_manifest.tsv	/media/desk16/iy13202/projects/Paper2Paper/tmp/tnbc-chromatin-tf-nc-2026/official-code-port-v3/run-fig12-final/audit/pdf_sha256_manifest.tsv;/media/desk16/iy13202/projects/Paper2Paper/tmp/tnbc-chromatin-tf-nc-2026/official-code-port-v3/run-fig12-final/runtime_final_corrected/audit/runtime_manifest.json;/media/desk16/iy13202/projects/Paper2Paper/tmp/tnbc-chromatin-tf-nc-2026/official-code-port-v3/run-fig12-final/runtime_secondary_GSE81089_corrected/audit/runtime_manifest.json	/media/desk16/iy13202/projects/Paper2Paper/tmp/tnbc-chromatin-tf-nc-2026/official-code-port-v3/run-fig12-final/audit/pdf_sha256_manifest.tsv=cbececc70e2a1e1f3d672d4ec67c904b37881a841e24cdec41df450ea6c45007;/media/desk16/iy13202/projects/Paper2Paper/tmp/tnbc-chromatin-tf-nc-2026/official-code-port-v3/run-fig12-final/runtime_final_corrected/audit/runtime_manifest.json=9ecc4da47e8e19d4e645badc06a20bba97122584964454e3ad40a99070f8bf8b;/media/desk16/iy13202/projects/Paper2Paper/tmp/tnbc-chromatin-tf-nc-2026/official-code-port-v3/run-fig12-final/runtime_secondary_GSE81089_corrected/audit/runtime_manifest.json=c07aabdac1d7142b776846c43360d10a5de7bd34325c5c4cba7de468550e9e94	
fig12	SupplementaryFigure2A_secondary_GSE81089	/media/desk16/iy13202/projects/Paper2Paper/tmp/tnbc-chromatin-tf-nc-2026/official-code-port-v3/run-fig12-final/adapter_final_corrected/secondary_validation/GSE81089/results/visuals/Figure1/SupplementaryFigure2A_METABRIC_log2FC_Viper.pdf	85968	8522fd28e573e5df4aee0b40b33b19ec8fbcf7769bd17dba2c35265f630146e9	85968	8522fd28e573e5df4aee0b40b33b19ec8fbcf7769bd17dba2c35265f630146e9	VERIFIED	edf5314ce5b9ee0e2f88b2310e7c2df5619ad888	/media/desk16/iy13202/projects/Paper2Paper/tmp/tnbc-chromatin-tf-nc-2026/official-code-port-v3/run-fig12-final/audit/pdf_sha256_manifest.tsv	/media/desk16/iy13202/projects/Paper2Paper/tmp/tnbc-chromatin-tf-nc-2026/official-code-port-v3/run-fig12-final/audit/pdf_sha256_manifest.tsv;/media/desk16/iy13202/projects/Paper2Paper/tmp/tnbc-chromatin-tf-nc-2026/official-code-port-v3/run-fig12-final/runtime_final_corrected/audit/runtime_manifest.json;/media/desk16/iy13202/projects/Paper2Paper/tmp/tnbc-chromatin-tf-nc-2026/official-code-port-v3/run-fig12-final/runtime_secondary_GSE81089_corrected/audit/runtime_manifest.json	/media/desk16/iy13202/projects/Paper2Paper/tmp/tnbc-chromatin-tf-nc-2026/official-code-port-v3/run-fig12-final/audit/pdf_sha256_manifest.tsv=cbececc70e2a1e1f3d672d4ec67c904b37881a841e24cdec41df450ea6c45007;/media/desk16/iy13202/projects/Paper2Paper/tmp/tnbc-chromatin-tf-nc-2026/official-code-port-v3/run-fig12-final/runtime_final_corrected/audit/runtime_manifest.json=9ecc4da47e8e19d4e645badc06a20bba97122584964454e3ad40a99070f8bf8b;/media/desk16/iy13202/projects/Paper2Paper/tmp/tnbc-chromatin-tf-nc-2026/official-code-port-v3/run-fig12-final/runtime_secondary_GSE81089_corrected/audit/runtime_manifest.json=c07aabdac1d7142b776846c43360d10a5de7bd34325c5c4cba7de468550e9e94	
fig12	SupplementaryFigure2B_secondary_GSE81089	/media/desk16/iy13202/projects/Paper2Paper/tmp/tnbc-chromatin-tf-nc-2026/official-code-port-v3/run-fig12-final/adapter_final_corrected/secondary_validation/GSE81089/results/visuals/Figure1/SupplementaryFigure2B_VennDiagram_NonTNBC_TCGA_METABRIC.pdf	10547	5976b44e21a49cc19f9ddbe7f91e50fe5619ee551eda7de339f8f1c96da99038	10547	5976b44e21a49cc19f9ddbe7f91e50fe5619ee551eda7de339f8f1c96da99038	VERIFIED	edf5314ce5b9ee0e2f88b2310e7c2df5619ad888	/media/desk16/iy13202/projects/Paper2Paper/tmp/tnbc-chromatin-tf-nc-2026/official-code-port-v3/run-fig12-final/audit/pdf_sha256_manifest.tsv	/media/desk16/iy13202/projects/Paper2Paper/tmp/tnbc-chromatin-tf-nc-2026/official-code-port-v3/run-fig12-final/audit/pdf_sha256_manifest.tsv;/media/desk16/iy13202/projects/Paper2Paper/tmp/tnbc-chromatin-tf-nc-2026/official-code-port-v3/run-fig12-final/runtime_final_corrected/audit/runtime_manifest.json;/media/desk16/iy13202/projects/Paper2Paper/tmp/tnbc-chromatin-tf-nc-2026/official-code-port-v3/run-fig12-final/runtime_secondary_GSE81089_corrected/audit/runtime_manifest.json	/media/desk16/iy13202/projects/Paper2Paper/tmp/tnbc-chromatin-tf-nc-2026/official-code-port-v3/run-fig12-final/audit/pdf_sha256_manifest.tsv=cbececc70e2a1e1f3d672d4ec67c904b37881a841e24cdec41df450ea6c45007;/media/desk16/iy13202/projects/Paper2Paper/tmp/tnbc-chromatin-tf-nc-2026/official-code-port-v3/run-fig12-final/runtime_final_corrected/audit/runtime_manifest.json=9ecc4da47e8e19d4e645badc06a20bba97122584964454e3ad40a99070f8bf8b;/media/desk16/iy13202/projects/Paper2Paper/tmp/tnbc-chromatin-tf-nc-2026/official-code-port-v3/run-fig12-final/runtime_secondary_GSE81089_corrected/audit/runtime_manifest.json=c07aabdac1d7142b776846c43360d10a5de7bd34325c5c4cba7de468550e9e94	
fig12	SupplementaryFigure2B_secondary_GSE81089	/media/desk16/iy13202/projects/Paper2Paper/tmp/tnbc-chromatin-tf-nc-2026/official-code-port-v3/run-fig12-final/adapter_final_corrected/secondary_validation/GSE81089/results/visuals/Figure1/SupplementaryFigure2B_VennDiagram_TNBC_TCGA_METABRIC.pdf	10378	3864ca9af2f8b700cf0ebbc7db11eefa4388657864bc75ce15c91653e64b1fd0	10378	3864ca9af2f8b700cf0ebbc7db11eefa4388657864bc75ce15c91653e64b1fd0	VERIFIED	edf5314ce5b9ee0e2f88b2310e7c2df5619ad888	/media/desk16/iy13202/projects/Paper2Paper/tmp/tnbc-chromatin-tf-nc-2026/official-code-port-v3/run-fig12-final/audit/pdf_sha256_manifest.tsv	/media/desk16/iy13202/projects/Paper2Paper/tmp/tnbc-chromatin-tf-nc-2026/official-code-port-v3/run-fig12-final/audit/pdf_sha256_manifest.tsv;/media/desk16/iy13202/projects/Paper2Paper/tmp/tnbc-chromatin-tf-nc-2026/official-code-port-v3/run-fig12-final/runtime_final_corrected/audit/runtime_manifest.json;/media/desk16/iy13202/projects/Paper2Paper/tmp/tnbc-chromatin-tf-nc-2026/official-code-port-v3/run-fig12-final/runtime_secondary_GSE81089_corrected/audit/runtime_manifest.json	/media/desk16/iy13202/projects/Paper2Paper/tmp/tnbc-chromatin-tf-nc-2026/official-code-port-v3/run-fig12-final/audit/pdf_sha256_manifest.tsv=cbececc70e2a1e1f3d672d4ec67c904b37881a841e24cdec41df450ea6c45007;/media/desk16/iy13202/projects/Paper2Paper/tmp/tnbc-chromatin-tf-nc-2026/official-code-port-v3/run-fig12-final/runtime_final_corrected/audit/runtime_manifest.json=9ecc4da47e8e19d4e645badc06a20bba97122584964454e3ad40a99070f8bf8b;/media/desk16/iy13202/projects/Paper2Paper/tmp/tnbc-chromatin-tf-nc-2026/official-code-port-v3/run-fig12-final/runtime_secondary_GSE81089_corrected/audit/runtime_manifest.json=c07aabdac1d7142b776846c43360d10a5de7bd34325c5c4cba7de468550e9e94	
fig12	SupplementaryFigure2C	/media/desk16/iy13202/projects/Paper2Paper/tmp/tnbc-chromatin-tf-nc-2026/official-code-port-v3/run-fig12-final/adapter_final_corrected/results/visuals/Figure1/SupplementaryFigure2C_TCGA_TRActivity_TNBC150_NonTNBC155_PearsonCor.pdf	5966340	7259fa948317ac90d0304d3cccab3609caa7cc08ee8c8bb4ee99a54c80ad2844	5966340	7259fa948317ac90d0304d3cccab3609caa7cc08ee8c8bb4ee99a54c80ad2844	VERIFIED	edf5314ce5b9ee0e2f88b2310e7c2df5619ad888	/media/desk16/iy13202/projects/Paper2Paper/tmp/tnbc-chromatin-tf-nc-2026/official-code-port-v3/run-fig12-final/audit/pdf_sha256_manifest.tsv	/media/desk16/iy13202/projects/Paper2Paper/tmp/tnbc-chromatin-tf-nc-2026/official-code-port-v3/run-fig12-final/audit/pdf_sha256_manifest.tsv;/media/desk16/iy13202/projects/Paper2Paper/tmp/tnbc-chromatin-tf-nc-2026/official-code-port-v3/run-fig12-final/runtime_final_corrected/audit/runtime_manifest.json;/media/desk16/iy13202/projects/Paper2Paper/tmp/tnbc-chromatin-tf-nc-2026/official-code-port-v3/run-fig12-final/runtime_secondary_GSE81089_corrected/audit/runtime_manifest.json	/media/desk16/iy13202/projects/Paper2Paper/tmp/tnbc-chromatin-tf-nc-2026/official-code-port-v3/run-fig12-final/audit/pdf_sha256_manifest.tsv=cbececc70e2a1e1f3d672d4ec67c904b37881a841e24cdec41df450ea6c45007;/media/desk16/iy13202/projects/Paper2Paper/tmp/tnbc-chromatin-tf-nc-2026/official-code-port-v3/run-fig12-final/runtime_final_corrected/audit/runtime_manifest.json=9ecc4da47e8e19d4e645badc06a20bba97122584964454e3ad40a99070f8bf8b;/media/desk16/iy13202/projects/Paper2Paper/tmp/tnbc-chromatin-tf-nc-2026/official-code-port-v3/run-fig12-final/runtime_secondary_GSE81089_corrected/audit/runtime_manifest.json=c07aabdac1d7142b776846c43360d10a5de7bd34325c5c4cba7de468550e9e94	
fig12	SupplementaryFigure2D	/media/desk16/iy13202/projects/Paper2Paper/tmp/tnbc-chromatin-tf-nc-2026/official-code-port-v3/run-fig12-final/adapter_final_corrected/results/visuals/Figure1/SupplementaryFigure2D_PDX_TRActivity_TNBC150_NonTNBC155_PearsonCor.pdf	43081	9b9f10e877b82629ae9d8421ce8519df60ed3cd34e6bdd56eeb0d00a420437a6	43081	9b9f10e877b82629ae9d8421ce8519df60ed3cd34e6bdd56eeb0d00a420437a6	VERIFIED	edf5314ce5b9ee0e2f88b2310e7c2df5619ad888	/media/desk16/iy13202/projects/Paper2Paper/tmp/tnbc-chromatin-tf-nc-2026/official-code-port-v3/run-fig12-final/audit/pdf_sha256_manifest.tsv	/media/desk16/iy13202/projects/Paper2Paper/tmp/tnbc-chromatin-tf-nc-2026/official-code-port-v3/run-fig12-final/audit/pdf_sha256_manifest.tsv;/media/desk16/iy13202/projects/Paper2Paper/tmp/tnbc-chromatin-tf-nc-2026/official-code-port-v3/run-fig12-final/runtime_final_corrected/audit/runtime_manifest.json;/media/desk16/iy13202/projects/Paper2Paper/tmp/tnbc-chromatin-tf-nc-2026/official-code-port-v3/run-fig12-final/runtime_secondary_GSE81089_corrected/audit/runtime_manifest.json	/media/desk16/iy13202/projects/Paper2Paper/tmp/tnbc-chromatin-tf-nc-2026/official-code-port-v3/run-fig12-final/audit/pdf_sha256_manifest.tsv=cbececc70e2a1e1f3d672d4ec67c904b37881a841e24cdec41df450ea6c45007;/media/desk16/iy13202/projects/Paper2Paper/tmp/tnbc-chromatin-tf-nc-2026/official-code-port-v3/run-fig12-final/runtime_final_corrected/audit/runtime_manifest.json=9ecc4da47e8e19d4e645badc06a20bba97122584964454e3ad40a99070f8bf8b;/media/desk16/iy13202/projects/Paper2Paper/tmp/tnbc-chromatin-tf-nc-2026/official-code-port-v3/run-fig12-final/runtime_secondary_GSE81089_corrected/audit/runtime_manifest.json=c07aabdac1d7142b776846c43360d10a5de7bd34325c5c4cba7de468550e9e94	
fig12	SupplementaryFigure2E	/media/desk16/iy13202/projects/Paper2Paper/tmp/tnbc-chromatin-tf-nc-2026/official-code-port-v3/run-fig12-final/adapter_final_corrected/results/visuals/Figure1/SupplementaryFigure2E_Cell_Lines_TRActivity_TNBC150_NonTNBC155_PearsonCor.pdf	69617	4ccc3cf24c6a72f3ace010f428fc10494b0709fe31d695d0dffd8cb0de574727	69617	4ccc3cf24c6a72f3ace010f428fc10494b0709fe31d695d0dffd8cb0de574727	VERIFIED	edf5314ce5b9ee0e2f88b2310e7c2df5619ad888	/media/desk16/iy13202/projects/Paper2Paper/tmp/tnbc-chromatin-tf-nc-2026/official-code-port-v3/run-fig12-final/audit/pdf_sha256_manifest.tsv	/media/desk16/iy13202/projects/Paper2Paper/tmp/tnbc-chromatin-tf-nc-2026/official-code-port-v3/run-fig12-final/audit/pdf_sha256_manifest.tsv;/media/desk16/iy13202/projects/Paper2Paper/tmp/tnbc-chromatin-tf-nc-2026/official-code-port-v3/run-fig12-final/runtime_final_corrected/audit/runtime_manifest.json;/media/desk16/iy13202/projects/Paper2Paper/tmp/tnbc-chromatin-tf-nc-2026/official-code-port-v3/run-fig12-final/runtime_secondary_GSE81089_corrected/audit/runtime_manifest.json	/media/desk16/iy13202/projects/Paper2Paper/tmp/tnbc-chromatin-tf-nc-2026/official-code-port-v3/run-fig12-final/audit/pdf_sha256_manifest.tsv=cbececc70e2a1e1f3d672d4ec67c904b37881a841e24cdec41df450ea6c45007;/media/desk16/iy13202/projects/Paper2Paper/tmp/tnbc-chromatin-tf-nc-2026/official-code-port-v3/run-fig12-final/runtime_final_corrected/audit/runtime_manifest.json=9ecc4da47e8e19d4e645badc06a20bba97122584964454e3ad40a99070f8bf8b;/media/desk16/iy13202/projects/Paper2Paper/tmp/tnbc-chromatin-tf-nc-2026/official-code-port-v3/run-fig12-final/runtime_secondary_GSE81089_corrected/audit/runtime_manifest.json=c07aabdac1d7142b776846c43360d10a5de7bd34325c5c4cba7de468550e9e94	
fig12	SupplementaryFigure2F	/media/desk16/iy13202/projects/Paper2Paper/tmp/tnbc-chromatin-tf-nc-2026/official-code-port-v3/run-fig12-final/adapter_final_corrected/results/visuals/Figure1/SupplementaryFigure2F_CellLines_Basal157TRs.pdf	321002	3e4a69a3ccef0b8d3e7dba1f95174893b8f6c101724bb87b0b1d996777327c6d	321002	3e4a69a3ccef0b8d3e7dba1f95174893b8f6c101724bb87b0b1d996777327c6d	VERIFIED	edf5314ce5b9ee0e2f88b2310e7c2df5619ad888	/media/desk16/iy13202/projects/Paper2Paper/tmp/tnbc-chromatin-tf-nc-2026/official-code-port-v3/run-fig12-final/audit/pdf_sha256_manifest.tsv	/media/desk16/iy13202/projects/Paper2Paper/tmp/tnbc-chromatin-tf-nc-2026/official-code-port-v3/run-fig12-final/audit/pdf_sha256_manifest.tsv;/media/desk16/iy13202/projects/Paper2Paper/tmp/tnbc-chromatin-tf-nc-2026/official-code-port-v3/run-fig12-final/runtime_final_corrected/audit/runtime_manifest.json;/media/desk16/iy13202/projects/Paper2Paper/tmp/tnbc-chromatin-tf-nc-2026/official-code-port-v3/run-fig12-final/runtime_secondary_GSE81089_corrected/audit/runtime_manifest.json	/media/desk16/iy13202/projects/Paper2Paper/tmp/tnbc-chromatin-tf-nc-2026/official-code-port-v3/run-fig12-final/audit/pdf_sha256_manifest.tsv=cbececc70e2a1e1f3d672d4ec67c904b37881a841e24cdec41df450ea6c45007;/media/desk16/iy13202/projects/Paper2Paper/tmp/tnbc-chromatin-tf-nc-2026/official-code-port-v3/run-fig12-final/runtime_final_corrected/audit/runtime_manifest.json=9ecc4da47e8e19d4e645badc06a20bba97122584964454e3ad40a99070f8bf8b;/media/desk16/iy13202/projects/Paper2Paper/tmp/tnbc-chromatin-tf-nc-2026/official-code-port-v3/run-fig12-final/runtime_secondary_GSE81089_corrected/audit/runtime_manifest.json=c07aabdac1d7142b776846c43360d10a5de7bd34325c5c4cba7de468550e9e94	
fig12	SupplementaryFigure2F	/media/desk16/iy13202/projects/Paper2Paper/tmp/tnbc-chromatin-tf-nc-2026/official-code-port-v3/run-fig12-final/adapter_final_corrected/results/visuals/Figure1/SupplementaryFigure2F_METABRIC_Basal123TRs.pdf	577233	627cf897e4121504a020794304863cba17f0d757f9ac2fc51fff07c410b1c7e8	577233	627cf897e4121504a020794304863cba17f0d757f9ac2fc51fff07c410b1c7e8	VERIFIED	edf5314ce5b9ee0e2f88b2310e7c2df5619ad888	/media/desk16/iy13202/projects/Paper2Paper/tmp/tnbc-chromatin-tf-nc-2026/official-code-port-v3/run-fig12-final/audit/pdf_sha256_manifest.tsv	/media/desk16/iy13202/projects/Paper2Paper/tmp/tnbc-chromatin-tf-nc-2026/official-code-port-v3/run-fig12-final/audit/pdf_sha256_manifest.tsv;/media/desk16/iy13202/projects/Paper2Paper/tmp/tnbc-chromatin-tf-nc-2026/official-code-port-v3/run-fig12-final/runtime_final_corrected/audit/runtime_manifest.json;/media/desk16/iy13202/projects/Paper2Paper/tmp/tnbc-chromatin-tf-nc-2026/official-code-port-v3/run-fig12-final/runtime_secondary_GSE81089_corrected/audit/runtime_manifest.json	/media/desk16/iy13202/projects/Paper2Paper/tmp/tnbc-chromatin-tf-nc-2026/official-code-port-v3/run-fig12-final/audit/pdf_sha256_manifest.tsv=cbececc70e2a1e1f3d672d4ec67c904b37881a841e24cdec41df450ea6c45007;/media/desk16/iy13202/projects/Paper2Paper/tmp/tnbc-chromatin-tf-nc-2026/official-code-port-v3/run-fig12-final/runtime_final_corrected/audit/runtime_manifest.json=9ecc4da47e8e19d4e645badc06a20bba97122584964454e3ad40a99070f8bf8b;/media/desk16/iy13202/projects/Paper2Paper/tmp/tnbc-chromatin-tf-nc-2026/official-code-port-v3/run-fig12-final/runtime_secondary_GSE81089_corrected/audit/runtime_manifest.json=c07aabdac1d7142b776846c43360d10a5de7bd34325c5c4cba7de468550e9e94	
fig12	SupplementaryFigure2F	/media/desk16/iy13202/projects/Paper2Paper/tmp/tnbc-chromatin-tf-nc-2026/official-code-port-v3/run-fig12-final/adapter_final_corrected/results/visuals/Figure1/SupplementaryFigure2F_PDX_Basal157TRs.pdf	103112	3b0adda5d3d9ea19fb29ab4892d26c2212b07094fa643e1ba03b4d687e7bcc5e	103112	3b0adda5d3d9ea19fb29ab4892d26c2212b07094fa643e1ba03b4d687e7bcc5e	VERIFIED	edf5314ce5b9ee0e2f88b2310e7c2df5619ad888	/media/desk16/iy13202/projects/Paper2Paper/tmp/tnbc-chromatin-tf-nc-2026/official-code-port-v3/run-fig12-final/audit/pdf_sha256_manifest.tsv	/media/desk16/iy13202/projects/Paper2Paper/tmp/tnbc-chromatin-tf-nc-2026/official-code-port-v3/run-fig12-final/audit/pdf_sha256_manifest.tsv;/media/desk16/iy13202/projects/Paper2Paper/tmp/tnbc-chromatin-tf-nc-2026/official-code-port-v3/run-fig12-final/runtime_final_corrected/audit/runtime_manifest.json;/media/desk16/iy13202/projects/Paper2Paper/tmp/tnbc-chromatin-tf-nc-2026/official-code-port-v3/run-fig12-final/runtime_secondary_GSE81089_corrected/audit/runtime_manifest.json	/media/desk16/iy13202/projects/Paper2Paper/tmp/tnbc-chromatin-tf-nc-2026/official-code-port-v3/run-fig12-final/audit/pdf_sha256_manifest.tsv=cbececc70e2a1e1f3d672d4ec67c904b37881a841e24cdec41df450ea6c45007;/media/desk16/iy13202/projects/Paper2Paper/tmp/tnbc-chromatin-tf-nc-2026/official-code-port-v3/run-fig12-final/runtime_final_corrected/audit/runtime_manifest.json=9ecc4da47e8e19d4e645badc06a20bba97122584964454e3ad40a99070f8bf8b;/media/desk16/iy13202/projects/Paper2Paper/tmp/tnbc-chromatin-tf-nc-2026/official-code-port-v3/run-fig12-final/runtime_secondary_GSE81089_corrected/audit/runtime_manifest.json=c07aabdac1d7142b776846c43360d10a5de7bd34325c5c4cba7de468550e9e94	
fig12	SupplementaryFigure2F	/media/desk16/iy13202/projects/Paper2Paper/tmp/tnbc-chromatin-tf-nc-2026/official-code-port-v3/run-fig12-final/adapter_final_corrected/results/visuals/Figure1/SupplementaryFigure2F_TCGA_Basal157TRs.pdf	2057864	bb96521b962e702ddd00c103ddffeb99a8183089d5888f5f1bd93460b6e9ae79	2057864	bb96521b962e702ddd00c103ddffeb99a8183089d5888f5f1bd93460b6e9ae79	VERIFIED	edf5314ce5b9ee0e2f88b2310e7c2df5619ad888	/media/desk16/iy13202/projects/Paper2Paper/tmp/tnbc-chromatin-tf-nc-2026/official-code-port-v3/run-fig12-final/audit/pdf_sha256_manifest.tsv	/media/desk16/iy13202/projects/Paper2Paper/tmp/tnbc-chromatin-tf-nc-2026/official-code-port-v3/run-fig12-final/audit/pdf_sha256_manifest.tsv;/media/desk16/iy13202/projects/Paper2Paper/tmp/tnbc-chromatin-tf-nc-2026/official-code-port-v3/run-fig12-final/runtime_final_corrected/audit/runtime_manifest.json;/media/desk16/iy13202/projects/Paper2Paper/tmp/tnbc-chromatin-tf-nc-2026/official-code-port-v3/run-fig12-final/runtime_secondary_GSE81089_corrected/audit/runtime_manifest.json	/media/desk16/iy13202/projects/Paper2Paper/tmp/tnbc-chromatin-tf-nc-2026/official-code-port-v3/run-fig12-final/audit/pdf_sha256_manifest.tsv=cbececc70e2a1e1f3d672d4ec67c904b37881a841e24cdec41df450ea6c45007;/media/desk16/iy13202/projects/Paper2Paper/tmp/tnbc-chromatin-tf-nc-2026/official-code-port-v3/run-fig12-final/runtime_final_corrected/audit/runtime_manifest.json=9ecc4da47e8e19d4e645badc06a20bba97122584964454e3ad40a99070f8bf8b;/media/desk16/iy13202/projects/Paper2Paper/tmp/tnbc-chromatin-tf-nc-2026/official-code-port-v3/run-fig12-final/runtime_secondary_GSE81089_corrected/audit/runtime_manifest.json=c07aabdac1d7142b776846c43360d10a5de7bd34325c5c4cba7de468550e9e94	
fig12	Figure2B	/media/desk16/iy13202/projects/Paper2Paper/tmp/tnbc-chromatin-tf-nc-2026/official-code-port-v3/run-fig12-final/adapter_final_corrected/results/visuals/Figure2/Figure2B_TF_PromoterAccessibility_Intersection_Sample_Groups.pdf	13485	8bd122d9cde7994744ec79fb4ad1118d8c687f564ccf09e9cf87e03fd1d7ff47	13485	8bd122d9cde7994744ec79fb4ad1118d8c687f564ccf09e9cf87e03fd1d7ff47	VERIFIED	edf5314ce5b9ee0e2f88b2310e7c2df5619ad888	/media/desk16/iy13202/projects/Paper2Paper/tmp/tnbc-chromatin-tf-nc-2026/official-code-port-v3/run-fig12-final/audit/pdf_sha256_manifest.tsv	/media/desk16/iy13202/projects/Paper2Paper/tmp/tnbc-chromatin-tf-nc-2026/official-code-port-v3/run-fig12-final/audit/pdf_sha256_manifest.tsv;/media/desk16/iy13202/projects/Paper2Paper/tmp/tnbc-chromatin-tf-nc-2026/official-code-port-v3/run-fig12-final/runtime_final_corrected/audit/runtime_manifest.json;/media/desk16/iy13202/projects/Paper2Paper/tmp/tnbc-chromatin-tf-nc-2026/official-code-port-v3/run-fig12-final/runtime_secondary_GSE81089_corrected/audit/runtime_manifest.json	/media/desk16/iy13202/projects/Paper2Paper/tmp/tnbc-chromatin-tf-nc-2026/official-code-port-v3/run-fig12-final/audit/pdf_sha256_manifest.tsv=cbececc70e2a1e1f3d672d4ec67c904b37881a841e24cdec41df450ea6c45007;/media/desk16/iy13202/projects/Paper2Paper/tmp/tnbc-chromatin-tf-nc-2026/official-code-port-v3/run-fig12-final/runtime_final_corrected/audit/runtime_manifest.json=9ecc4da47e8e19d4e645badc06a20bba97122584964454e3ad40a99070f8bf8b;/media/desk16/iy13202/projects/Paper2Paper/tmp/tnbc-chromatin-tf-nc-2026/official-code-port-v3/run-fig12-final/runtime_secondary_GSE81089_corrected/audit/runtime_manifest.json=c07aabdac1d7142b776846c43360d10a5de7bd34325c5c4cba7de468550e9e94	
fig12	Figure2C	/media/desk16/iy13202/projects/Paper2Paper/tmp/tnbc-chromatin-tf-nc-2026/official-code-port-v3/run-fig12-final/adapter_final_corrected/results/visuals/Figure2/Figure2C_JASPAR_CISBP_Combined_ChromatinAccessibility_MotifEnrichment_Heatmap.pdf	73663	783d6b0c941b55137bb560b1b10f76a49ce445946504b9b77c82870cfdf6bed2	73663	783d6b0c941b55137bb560b1b10f76a49ce445946504b9b77c82870cfdf6bed2	VERIFIED	edf5314ce5b9ee0e2f88b2310e7c2df5619ad888	/media/desk16/iy13202/projects/Paper2Paper/tmp/tnbc-chromatin-tf-nc-2026/official-code-port-v3/run-fig12-final/audit/pdf_sha256_manifest.tsv	/media/desk16/iy13202/projects/Paper2Paper/tmp/tnbc-chromatin-tf-nc-2026/official-code-port-v3/run-fig12-final/audit/pdf_sha256_manifest.tsv;/media/desk16/iy13202/projects/Paper2Paper/tmp/tnbc-chromatin-tf-nc-2026/official-code-port-v3/run-fig12-final/runtime_final_corrected/audit/runtime_manifest.json;/media/desk16/iy13202/projects/Paper2Paper/tmp/tnbc-chromatin-tf-nc-2026/official-code-port-v3/run-fig12-final/runtime_secondary_GSE81089_corrected/audit/runtime_manifest.json	/media/desk16/iy13202/projects/Paper2Paper/tmp/tnbc-chromatin-tf-nc-2026/official-code-port-v3/run-fig12-final/audit/pdf_sha256_manifest.tsv=cbececc70e2a1e1f3d672d4ec67c904b37881a841e24cdec41df450ea6c45007;/media/desk16/iy13202/projects/Paper2Paper/tmp/tnbc-chromatin-tf-nc-2026/official-code-port-v3/run-fig12-final/runtime_final_corrected/audit/runtime_manifest.json=9ecc4da47e8e19d4e645badc06a20bba97122584964454e3ad40a99070f8bf8b;/media/desk16/iy13202/projects/Paper2Paper/tmp/tnbc-chromatin-tf-nc-2026/official-code-port-v3/run-fig12-final/runtime_secondary_GSE81089_corrected/audit/runtime_manifest.json=c07aabdac1d7142b776846c43360d10a5de7bd34325c5c4cba7de468550e9e94	
fig12	Figure2D	/media/desk16/iy13202/projects/Paper2Paper/tmp/tnbc-chromatin-tf-nc-2026/official-code-port-v3/run-fig12-final/adapter_final_corrected/results/visuals/Figure2/Figure2D_JASPAR_CISBP_TR_MotifEnrichment_Intersection_Sample_Groups.pdf	13584	b8fd51f6afe20d9f864be0f76337156dd087befc5e8c2e4057dc12ab39cf0251	13584	b8fd51f6afe20d9f864be0f76337156dd087befc5e8c2e4057dc12ab39cf0251	VERIFIED	edf5314ce5b9ee0e2f88b2310e7c2df5619ad888	/media/desk16/iy13202/projects/Paper2Paper/tmp/tnbc-chromatin-tf-nc-2026/official-code-port-v3/run-fig12-final/audit/pdf_sha256_manifest.tsv	/media/desk16/iy13202/projects/Paper2Paper/tmp/tnbc-chromatin-tf-nc-2026/official-code-port-v3/run-fig12-final/audit/pdf_sha256_manifest.tsv;/media/desk16/iy13202/projects/Paper2Paper/tmp/tnbc-chromatin-tf-nc-2026/official-code-port-v3/run-fig12-final/runtime_final_corrected/audit/runtime_manifest.json;/media/desk16/iy13202/projects/Paper2Paper/tmp/tnbc-chromatin-tf-nc-2026/official-code-port-v3/run-fig12-final/runtime_secondary_GSE81089_corrected/audit/runtime_manifest.json	/media/desk16/iy13202/projects/Paper2Paper/tmp/tnbc-chromatin-tf-nc-2026/official-code-port-v3/run-fig12-final/audit/pdf_sha256_manifest.tsv=cbececc70e2a1e1f3d672d4ec67c904b37881a841e24cdec41df450ea6c45007;/media/desk16/iy13202/projects/Paper2Paper/tmp/tnbc-chromatin-tf-nc-2026/official-code-port-v3/run-fig12-final/runtime_final_corrected/audit/runtime_manifest.json=9ecc4da47e8e19d4e645badc06a20bba97122584964454e3ad40a99070f8bf8b;/media/desk16/iy13202/projects/Paper2Paper/tmp/tnbc-chromatin-tf-nc-2026/official-code-port-v3/run-fig12-final/runtime_secondary_GSE81089_corrected/audit/runtime_manifest.json=c07aabdac1d7142b776846c43360d10a5de7bd34325c5c4cba7de468550e9e94	
fig12	Figure2E	/media/desk16/iy13202/projects/Paper2Paper/tmp/tnbc-chromatin-tf-nc-2026/official-code-port-v3/run-fig12-final/adapter_final_corrected/results/visuals/Figure2/Figure2E_Case_Examples_HC-TRs.pdf	40187	5e5fb4934127edd4205ff61e2ea245fe261bf43ca2d39b52953d795a3851fbed	40187	5e5fb4934127edd4205ff61e2ea245fe261bf43ca2d39b52953d795a3851fbed	VERIFIED	edf5314ce5b9ee0e2f88b2310e7c2df5619ad888	/media/desk16/iy13202/projects/Paper2Paper/tmp/tnbc-chromatin-tf-nc-2026/official-code-port-v3/run-fig12-final/audit/pdf_sha256_manifest.tsv	/media/desk16/iy13202/projects/Paper2Paper/tmp/tnbc-chromatin-tf-nc-2026/official-code-port-v3/run-fig12-final/audit/pdf_sha256_manifest.tsv;/media/desk16/iy13202/projects/Paper2Paper/tmp/tnbc-chromatin-tf-nc-2026/official-code-port-v3/run-fig12-final/runtime_final_corrected/audit/runtime_manifest.json;/media/desk16/iy13202/projects/Paper2Paper/tmp/tnbc-chromatin-tf-nc-2026/official-code-port-v3/run-fig12-final/runtime_secondary_GSE81089_corrected/audit/runtime_manifest.json	/media/desk16/iy13202/projects/Paper2Paper/tmp/tnbc-chromatin-tf-nc-2026/official-code-port-v3/run-fig12-final/audit/pdf_sha256_manifest.tsv=cbececc70e2a1e1f3d672d4ec67c904b37881a841e24cdec41df450ea6c45007;/media/desk16/iy13202/projects/Paper2Paper/tmp/tnbc-chromatin-tf-nc-2026/official-code-port-v3/run-fig12-final/runtime_final_corrected/audit/runtime_manifest.json=9ecc4da47e8e19d4e645badc06a20bba97122584964454e3ad40a99070f8bf8b;/media/desk16/iy13202/projects/Paper2Paper/tmp/tnbc-chromatin-tf-nc-2026/official-code-port-v3/run-fig12-final/runtime_secondary_GSE81089_corrected/audit/runtime_manifest.json=c07aabdac1d7142b776846c43360d10a5de7bd34325c5c4cba7de468550e9e94	
fig12	SupplementaryFigure4B	/media/desk16/iy13202/projects/Paper2Paper/tmp/tnbc-chromatin-tf-nc-2026/official-code-port-v3/run-fig12-final/adapter_final_corrected/results/visuals/Figure2/SupplementaryFigure4B_NES_Average_Across_CellLines_PDX_TCGA.pdf	14280	353a20a28947e7c8214c10ccd3cdbd1f81a32c18f85aa16f4f50e60ec029055a	14280	353a20a28947e7c8214c10ccd3cdbd1f81a32c18f85aa16f4f50e60ec029055a	VERIFIED	edf5314ce5b9ee0e2f88b2310e7c2df5619ad888	/media/desk16/iy13202/projects/Paper2Paper/tmp/tnbc-chromatin-tf-nc-2026/official-code-port-v3/run-fig12-final/audit/pdf_sha256_manifest.tsv	/media/desk16/iy13202/projects/Paper2Paper/tmp/tnbc-chromatin-tf-nc-2026/official-code-port-v3/run-fig12-final/audit/pdf_sha256_manifest.tsv;/media/desk16/iy13202/projects/Paper2Paper/tmp/tnbc-chromatin-tf-nc-2026/official-code-port-v3/run-fig12-final/runtime_final_corrected/audit/runtime_manifest.json;/media/desk16/iy13202/projects/Paper2Paper/tmp/tnbc-chromatin-tf-nc-2026/official-code-port-v3/run-fig12-final/runtime_secondary_GSE81089_corrected/audit/runtime_manifest.json	/media/desk16/iy13202/projects/Paper2Paper/tmp/tnbc-chromatin-tf-nc-2026/official-code-port-v3/run-fig12-final/audit/pdf_sha256_manifest.tsv=cbececc70e2a1e1f3d672d4ec67c904b37881a841e24cdec41df450ea6c45007;/media/desk16/iy13202/projects/Paper2Paper/tmp/tnbc-chromatin-tf-nc-2026/official-code-port-v3/run-fig12-final/runtime_final_corrected/audit/runtime_manifest.json=9ecc4da47e8e19d4e645badc06a20bba97122584964454e3ad40a99070f8bf8b;/media/desk16/iy13202/projects/Paper2Paper/tmp/tnbc-chromatin-tf-nc-2026/official-code-port-v3/run-fig12-final/runtime_secondary_GSE81089_corrected/audit/runtime_manifest.json=c07aabdac1d7142b776846c43360d10a5de7bd34325c5c4cba7de468550e9e94	
fig12	SupplementaryFigure4C	/media/desk16/iy13202/projects/Paper2Paper/tmp/tnbc-chromatin-tf-nc-2026/official-code-port-v3/run-fig12-final/adapter_final_corrected/results/visuals/Figure2/JASPAR_vs_CISBP_HC-TRs_VennDiagram.pdf	16787	9b0b602004f1a947bdc1835517789073fd00dae3c2a2554afa1b931ab2e849b1	16787	9b0b602004f1a947bdc1835517789073fd00dae3c2a2554afa1b931ab2e849b1	VERIFIED	edf5314ce5b9ee0e2f88b2310e7c2df5619ad888	/media/desk16/iy13202/projects/Paper2Paper/tmp/tnbc-chromatin-tf-nc-2026/official-code-port-v3/run-fig12-final/audit/pdf_sha256_manifest.tsv	/media/desk16/iy13202/projects/Paper2Paper/tmp/tnbc-chromatin-tf-nc-2026/official-code-port-v3/run-fig12-final/audit/pdf_sha256_manifest.tsv;/media/desk16/iy13202/projects/Paper2Paper/tmp/tnbc-chromatin-tf-nc-2026/official-code-port-v3/run-fig12-final/runtime_final_corrected/audit/runtime_manifest.json;/media/desk16/iy13202/projects/Paper2Paper/tmp/tnbc-chromatin-tf-nc-2026/official-code-port-v3/run-fig12-final/runtime_secondary_GSE81089_corrected/audit/runtime_manifest.json	/media/desk16/iy13202/projects/Paper2Paper/tmp/tnbc-chromatin-tf-nc-2026/official-code-port-v3/run-fig12-final/audit/pdf_sha256_manifest.tsv=cbececc70e2a1e1f3d672d4ec67c904b37881a841e24cdec41df450ea6c45007;/media/desk16/iy13202/projects/Paper2Paper/tmp/tnbc-chromatin-tf-nc-2026/official-code-port-v3/run-fig12-final/runtime_final_corrected/audit/runtime_manifest.json=9ecc4da47e8e19d4e645badc06a20bba97122584964454e3ad40a99070f8bf8b;/media/desk16/iy13202/projects/Paper2Paper/tmp/tnbc-chromatin-tf-nc-2026/official-code-port-v3/run-fig12-final/runtime_secondary_GSE81089_corrected/audit/runtime_manifest.json=c07aabdac1d7142b776846c43360d10a5de7bd34325c5c4cba7de468550e9e94	
fig3	SupplementaryFigure4D	/media/desk16/iy13202/projects/Paper2Paper/tmp/tnbc-chromatin-tf-nc-2026/official-fig3-port/run-v3/results/visuals/Figure3/SupplementaryFigure4D_All_MKi67_Correlation_HC-TR_Heatmap.pdf	22545	774fc359be996cfcfed427cdc118e16c1d4c123911834095c9abb9e099ddef3b	22545	774fc359be996cfcfed427cdc118e16c1d4c123911834095c9abb9e099ddef3b	VERIFIED	edf5314 source-hash lock (8 official scripts)	/media/desk16/iy13202/projects/Paper2Paper/tmp/tnbc-chromatin-tf-nc-2026/official-fig3-port/run-v3/audit/official_output_sha256.tsv	/media/desk16/iy13202/projects/Paper2Paper/tmp/tnbc-chromatin-tf-nc-2026/official-fig3-port/run-v3/audit/official_output_sha256.tsv;/media/desk16/iy13202/projects/Paper2Paper/tmp/tnbc-chromatin-tf-nc-2026/official-fig3-port/run-v3/audit/official_port_receipt.json;/media/desk16/iy13202/projects/Paper2Paper/tmp/tnbc-chromatin-tf-nc-2026/official-fig3-port/run-v3/audit/official_source_manifest.tsv	/media/desk16/iy13202/projects/Paper2Paper/tmp/tnbc-chromatin-tf-nc-2026/official-fig3-port/run-v3/audit/official_output_sha256.tsv=c6510900636f3f6571cfc5253f419938fbb2d3ba5700bb3739f13bc53e3e29c1;/media/desk16/iy13202/projects/Paper2Paper/tmp/tnbc-chromatin-tf-nc-2026/official-fig3-port/run-v3/audit/official_port_receipt.json=d8b0fe51313ddfa24e0a0bd66e3fa0a64fe95d0a325a3240a9880c2333b5ca37;/media/desk16/iy13202/projects/Paper2Paper/tmp/tnbc-chromatin-tf-nc-2026/official-fig3-port/run-v3/audit/official_source_manifest.tsv=b9bafc653e6b7030eafd443a83b5534fb9cdbadbaaf3405ba4295b2fa3370bec	
fig3	SupplementaryFigure4D	/media/desk16/iy13202/projects/Paper2Paper/tmp/tnbc-chromatin-tf-nc-2026/official-fig3-port/run-v3/results/visuals/Figure3/SupplementaryFigure4D_CellLines_MKi67_Correlation_HC-TR.pdf	19453	74e0aa177fe4b092834e77c0a1bc88383b2e066e000c5f62f7632e53976c1054	19453	74e0aa177fe4b092834e77c0a1bc88383b2e066e000c5f62f7632e53976c1054	VERIFIED	edf5314 source-hash lock (8 official scripts)	/media/desk16/iy13202/projects/Paper2Paper/tmp/tnbc-chromatin-tf-nc-2026/official-fig3-port/run-v3/audit/official_output_sha256.tsv	/media/desk16/iy13202/projects/Paper2Paper/tmp/tnbc-chromatin-tf-nc-2026/official-fig3-port/run-v3/audit/official_output_sha256.tsv;/media/desk16/iy13202/projects/Paper2Paper/tmp/tnbc-chromatin-tf-nc-2026/official-fig3-port/run-v3/audit/official_port_receipt.json;/media/desk16/iy13202/projects/Paper2Paper/tmp/tnbc-chromatin-tf-nc-2026/official-fig3-port/run-v3/audit/official_source_manifest.tsv	/media/desk16/iy13202/projects/Paper2Paper/tmp/tnbc-chromatin-tf-nc-2026/official-fig3-port/run-v3/audit/official_output_sha256.tsv=c6510900636f3f6571cfc5253f419938fbb2d3ba5700bb3739f13bc53e3e29c1;/media/desk16/iy13202/projects/Paper2Paper/tmp/tnbc-chromatin-tf-nc-2026/official-fig3-port/run-v3/audit/official_port_receipt.json=d8b0fe51313ddfa24e0a0bd66e3fa0a64fe95d0a325a3240a9880c2333b5ca37;/media/desk16/iy13202/projects/Paper2Paper/tmp/tnbc-chromatin-tf-nc-2026/official-fig3-port/run-v3/audit/official_source_manifest.tsv=b9bafc653e6b7030eafd443a83b5534fb9cdbadbaaf3405ba4295b2fa3370bec	
fig3	SupplementaryFigure4D	/media/desk16/iy13202/projects/Paper2Paper/tmp/tnbc-chromatin-tf-nc-2026/official-fig3-port/run-v3/results/visuals/Figure3/SupplementaryFigure4D_GSE41271_MKi67_Correlation_HC-TR.pdf	20114	9e6e7db5d3a593c589e4c7e6e09a35bec5c1cc6947813647c07e0b8fb1071f22	20114	9e6e7db5d3a593c589e4c7e6e09a35bec5c1cc6947813647c07e0b8fb1071f22	VERIFIED	edf5314 source-hash lock (8 official scripts)	/media/desk16/iy13202/projects/Paper2Paper/tmp/tnbc-chromatin-tf-nc-2026/official-fig3-port/run-v3/audit/official_output_sha256.tsv	/media/desk16/iy13202/projects/Paper2Paper/tmp/tnbc-chromatin-tf-nc-2026/official-fig3-port/run-v3/audit/official_output_sha256.tsv;/media/desk16/iy13202/projects/Paper2Paper/tmp/tnbc-chromatin-tf-nc-2026/official-fig3-port/run-v3/audit/official_port_receipt.json;/media/desk16/iy13202/projects/Paper2Paper/tmp/tnbc-chromatin-tf-nc-2026/official-fig3-port/run-v3/audit/official_source_manifest.tsv	/media/desk16/iy13202/projects/Paper2Paper/tmp/tnbc-chromatin-tf-nc-2026/official-fig3-port/run-v3/audit/official_output_sha256.tsv=c6510900636f3f6571cfc5253f419938fbb2d3ba5700bb3739f13bc53e3e29c1;/media/desk16/iy13202/projects/Paper2Paper/tmp/tnbc-chromatin-tf-nc-2026/official-fig3-port/run-v3/audit/official_port_receipt.json=d8b0fe51313ddfa24e0a0bd66e3fa0a64fe95d0a325a3240a9880c2333b5ca37;/media/desk16/iy13202/projects/Paper2Paper/tmp/tnbc-chromatin-tf-nc-2026/official-fig3-port/run-v3/audit/official_source_manifest.tsv=b9bafc653e6b7030eafd443a83b5534fb9cdbadbaaf3405ba4295b2fa3370bec	
fig3	SupplementaryFigure4D	/media/desk16/iy13202/projects/Paper2Paper/tmp/tnbc-chromatin-tf-nc-2026/official-fig3-port/run-v3/results/visuals/Figure3/SupplementaryFigure4D_PDX_MKi67_Correlation_HC-TR.pdf	19664	fb6fa1cad5d778ca6bec26990a4267459e35951411eb6982a1de7c7af1fa3e27	19664	fb6fa1cad5d778ca6bec26990a4267459e35951411eb6982a1de7c7af1fa3e27	VERIFIED	edf5314 source-hash lock (8 official scripts)	/media/desk16/iy13202/projects/Paper2Paper/tmp/tnbc-chromatin-tf-nc-2026/official-fig3-port/run-v3/audit/official_output_sha256.tsv	/media/desk16/iy13202/projects/Paper2Paper/tmp/tnbc-chromatin-tf-nc-2026/official-fig3-port/run-v3/audit/official_output_sha256.tsv;/media/desk16/iy13202/projects/Paper2Paper/tmp/tnbc-chromatin-tf-nc-2026/official-fig3-port/run-v3/audit/official_port_receipt.json;/media/desk16/iy13202/projects/Paper2Paper/tmp/tnbc-chromatin-tf-nc-2026/official-fig3-port/run-v3/audit/official_source_manifest.tsv	/media/desk16/iy13202/projects/Paper2Paper/tmp/tnbc-chromatin-tf-nc-2026/official-fig3-port/run-v3/audit/official_output_sha256.tsv=c6510900636f3f6571cfc5253f419938fbb2d3ba5700bb3739f13bc53e3e29c1;/media/desk16/iy13202/projects/Paper2Paper/tmp/tnbc-chromatin-tf-nc-2026/official-fig3-port/run-v3/audit/official_port_receipt.json=d8b0fe51313ddfa24e0a0bd66e3fa0a64fe95d0a325a3240a9880c2333b5ca37;/media/desk16/iy13202/projects/Paper2Paper/tmp/tnbc-chromatin-tf-nc-2026/official-fig3-port/run-v3/audit/official_source_manifest.tsv=b9bafc653e6b7030eafd443a83b5534fb9cdbadbaaf3405ba4295b2fa3370bec	
fig3	SupplementaryFigure4D	/media/desk16/iy13202/projects/Paper2Paper/tmp/tnbc-chromatin-tf-nc-2026/official-fig3-port/run-v3/results/visuals/Figure3/SupplementaryFigure4D_TCGA_MKi67_Correlation_HC-TR.pdf	20564	80a0f652adf3e015ecac1cf54cce9cae527892c204aa0466b13ebcc370e86497	20564	80a0f652adf3e015ecac1cf54cce9cae527892c204aa0466b13ebcc370e86497	VERIFIED	edf5314 source-hash lock (8 official scripts)	/media/desk16/iy13202/projects/Paper2Paper/tmp/tnbc-chromatin-tf-nc-2026/official-fig3-port/run-v3/audit/official_output_sha256.tsv	/media/desk16/iy13202/projects/Paper2Paper/tmp/tnbc-chromatin-tf-nc-2026/official-fig3-port/run-v3/audit/official_output_sha256.tsv;/media/desk16/iy13202/projects/Paper2Paper/tmp/tnbc-chromatin-tf-nc-2026/official-fig3-port/run-v3/audit/official_port_receipt.json;/media/desk16/iy13202/projects/Paper2Paper/tmp/tnbc-chromatin-tf-nc-2026/official-fig3-port/run-v3/audit/official_source_manifest.tsv	/media/desk16/iy13202/projects/Paper2Paper/tmp/tnbc-chromatin-tf-nc-2026/official-fig3-port/run-v3/audit/official_output_sha256.tsv=c6510900636f3f6571cfc5253f419938fbb2d3ba5700bb3739f13bc53e3e29c1;/media/desk16/iy13202/projects/Paper2Paper/tmp/tnbc-chromatin-tf-nc-2026/official-fig3-port/run-v3/audit/official_port_receipt.json=d8b0fe51313ddfa24e0a0bd66e3fa0a64fe95d0a325a3240a9880c2333b5ca37;/media/desk16/iy13202/projects/Paper2Paper/tmp/tnbc-chromatin-tf-nc-2026/official-fig3-port/run-v3/audit/official_source_manifest.tsv=b9bafc653e6b7030eafd443a83b5534fb9cdbadbaaf3405ba4295b2fa3370bec	
fig3	Figure3A	/media/desk16/iy13202/projects/Paper2Paper/tmp/tnbc-chromatin-tf-nc-2026/official-fig3-port/run-v3/results/visuals/Figure3/Figure3A_RegulonInteractions_TCGA_VIPER.pdf	21242	0e8ce288d1abbc2571526e379923a3a757992ada196cffce4e1349c97f476330	21242	0e8ce288d1abbc2571526e379923a3a757992ada196cffce4e1349c97f476330	VERIFIED	edf5314 source-hash lock (8 official scripts)	/media/desk16/iy13202/projects/Paper2Paper/tmp/tnbc-chromatin-tf-nc-2026/official-fig3-port/run-v3/audit/official_output_sha256.tsv	/media/desk16/iy13202/projects/Paper2Paper/tmp/tnbc-chromatin-tf-nc-2026/official-fig3-port/run-v3/audit/official_output_sha256.tsv;/media/desk16/iy13202/projects/Paper2Paper/tmp/tnbc-chromatin-tf-nc-2026/official-fig3-port/run-v3/audit/official_port_receipt.json;/media/desk16/iy13202/projects/Paper2Paper/tmp/tnbc-chromatin-tf-nc-2026/official-fig3-port/run-v3/audit/official_source_manifest.tsv	/media/desk16/iy13202/projects/Paper2Paper/tmp/tnbc-chromatin-tf-nc-2026/official-fig3-port/run-v3/audit/official_output_sha256.tsv=c6510900636f3f6571cfc5253f419938fbb2d3ba5700bb3739f13bc53e3e29c1;/media/desk16/iy13202/projects/Paper2Paper/tmp/tnbc-chromatin-tf-nc-2026/official-fig3-port/run-v3/audit/official_port_receipt.json=d8b0fe51313ddfa24e0a0bd66e3fa0a64fe95d0a325a3240a9880c2333b5ca37;/media/desk16/iy13202/projects/Paper2Paper/tmp/tnbc-chromatin-tf-nc-2026/official-fig3-port/run-v3/audit/official_source_manifest.tsv=b9bafc653e6b7030eafd443a83b5534fb9cdbadbaaf3405ba4295b2fa3370bec	
fig3	Figure3B	/media/desk16/iy13202/projects/Paper2Paper/tmp/tnbc-chromatin-tf-nc-2026/official-fig3-port/run-v3/results/visuals/Figure3/Figure3B_Target_Network_Shared_TFs.pdf	19688	a141ab160b2944ed755fcd256e473e4f366b0819498bf6f4a8f35f83bce3416f	19688	a141ab160b2944ed755fcd256e473e4f366b0819498bf6f4a8f35f83bce3416f	VERIFIED	edf5314 source-hash lock (8 official scripts)	/media/desk16/iy13202/projects/Paper2Paper/tmp/tnbc-chromatin-tf-nc-2026/official-fig3-port/run-v3/audit/official_output_sha256.tsv	/media/desk16/iy13202/projects/Paper2Paper/tmp/tnbc-chromatin-tf-nc-2026/official-fig3-port/run-v3/audit/official_output_sha256.tsv;/media/desk16/iy13202/projects/Paper2Paper/tmp/tnbc-chromatin-tf-nc-2026/official-fig3-port/run-v3/audit/official_port_receipt.json;/media/desk16/iy13202/projects/Paper2Paper/tmp/tnbc-chromatin-tf-nc-2026/official-fig3-port/run-v3/audit/official_source_manifest.tsv	/media/desk16/iy13202/projects/Paper2Paper/tmp/tnbc-chromatin-tf-nc-2026/official-fig3-port/run-v3/audit/official_output_sha256.tsv=c6510900636f3f6571cfc5253f419938fbb2d3ba5700bb3739f13bc53e3e29c1;/media/desk16/iy13202/projects/Paper2Paper/tmp/tnbc-chromatin-tf-nc-2026/official-fig3-port/run-v3/audit/official_port_receipt.json=d8b0fe51313ddfa24e0a0bd66e3fa0a64fe95d0a325a3240a9880c2333b5ca37;/media/desk16/iy13202/projects/Paper2Paper/tmp/tnbc-chromatin-tf-nc-2026/official-fig3-port/run-v3/audit/official_source_manifest.tsv=b9bafc653e6b7030eafd443a83b5534fb9cdbadbaaf3405ba4295b2fa3370bec	
fig3	Figure3C	/media/desk16/iy13202/projects/Paper2Paper/tmp/tnbc-chromatin-tf-nc-2026/official-fig3-port/run-v3/results/visuals/Figure3/Figure3C_TCGA_PearsonCorrelation_TR_Activity.pdf	32088	a0e47f8b22f17102a21b63db2e793ff3bf3685f5813946684f23135894b635d9	32088	a0e47f8b22f17102a21b63db2e793ff3bf3685f5813946684f23135894b635d9	VERIFIED	edf5314 source-hash lock (8 official scripts)	/media/desk16/iy13202/projects/Paper2Paper/tmp/tnbc-chromatin-tf-nc-2026/official-fig3-port/run-v3/audit/official_output_sha256.tsv	/media/desk16/iy13202/projects/Paper2Paper/tmp/tnbc-chromatin-tf-nc-2026/official-fig3-port/run-v3/audit/official_output_sha256.tsv;/media/desk16/iy13202/projects/Paper2Paper/tmp/tnbc-chromatin-tf-nc-2026/official-fig3-port/run-v3/audit/official_port_receipt.json;/media/desk16/iy13202/projects/Paper2Paper/tmp/tnbc-chromatin-tf-nc-2026/official-fig3-port/run-v3/audit/official_source_manifest.tsv	/media/desk16/iy13202/projects/Paper2Paper/tmp/tnbc-chromatin-tf-nc-2026/official-fig3-port/run-v3/audit/official_output_sha256.tsv=c6510900636f3f6571cfc5253f419938fbb2d3ba5700bb3739f13bc53e3e29c1;/media/desk16/iy13202/projects/Paper2Paper/tmp/tnbc-chromatin-tf-nc-2026/official-fig3-port/run-v3/audit/official_port_receipt.json=d8b0fe51313ddfa24e0a0bd66e3fa0a64fe95d0a325a3240a9880c2333b5ca37;/media/desk16/iy13202/projects/Paper2Paper/tmp/tnbc-chromatin-tf-nc-2026/official-fig3-port/run-v3/audit/official_source_manifest.tsv=b9bafc653e6b7030eafd443a83b5534fb9cdbadbaaf3405ba4295b2fa3370bec	
fig3	Figure3C	/media/desk16/iy13202/projects/Paper2Paper/tmp/tnbc-chromatin-tf-nc-2026/official-fig3-port/run-v3/results/visuals/Figure3/Figure3C_Top_Bottom_TF_PearsonCorrelation.pdf	14768	14e5c409c1eea20f21f41d92615626aeb2a91edec9b4e7a73982b5c184366e4c	14768	14e5c409c1eea20f21f41d92615626aeb2a91edec9b4e7a73982b5c184366e4c	VERIFIED	edf5314 source-hash lock (8 official scripts)	/media/desk16/iy13202/projects/Paper2Paper/tmp/tnbc-chromatin-tf-nc-2026/official-fig3-port/run-v3/audit/official_output_sha256.tsv	/media/desk16/iy13202/projects/Paper2Paper/tmp/tnbc-chromatin-tf-nc-2026/official-fig3-port/run-v3/audit/official_output_sha256.tsv;/media/desk16/iy13202/projects/Paper2Paper/tmp/tnbc-chromatin-tf-nc-2026/official-fig3-port/run-v3/audit/official_port_receipt.json;/media/desk16/iy13202/projects/Paper2Paper/tmp/tnbc-chromatin-tf-nc-2026/official-fig3-port/run-v3/audit/official_source_manifest.tsv	/media/desk16/iy13202/projects/Paper2Paper/tmp/tnbc-chromatin-tf-nc-2026/official-fig3-port/run-v3/audit/official_output_sha256.tsv=c6510900636f3f6571cfc5253f419938fbb2d3ba5700bb3739f13bc53e3e29c1;/media/desk16/iy13202/projects/Paper2Paper/tmp/tnbc-chromatin-tf-nc-2026/official-fig3-port/run-v3/audit/official_port_receipt.json=d8b0fe51313ddfa24e0a0bd66e3fa0a64fe95d0a325a3240a9880c2333b5ca37;/media/desk16/iy13202/projects/Paper2Paper/tmp/tnbc-chromatin-tf-nc-2026/official-fig3-port/run-v3/audit/official_source_manifest.tsv=b9bafc653e6b7030eafd443a83b5534fb9cdbadbaaf3405ba4295b2fa3370bec	
fig3	Figure3D	/media/desk16/iy13202/projects/Paper2Paper/tmp/tnbc-chromatin-tf-nc-2026/official-fig3-port/run-v3/results/visuals/Figure3/Figure3D_TR_Network_Shared_ActivatingTargetGenes.pdf	90609	59fe8fa832ca504e89e5cbf38e6df41c31ee2ff2ddb413637a63b3b7828cb5a3	90609	59fe8fa832ca504e89e5cbf38e6df41c31ee2ff2ddb413637a63b3b7828cb5a3	VERIFIED	edf5314 source-hash lock (8 official scripts)	/media/desk16/iy13202/projects/Paper2Paper/tmp/tnbc-chromatin-tf-nc-2026/official-fig3-port/run-v3/audit/official_output_sha256.tsv	/media/desk16/iy13202/projects/Paper2Paper/tmp/tnbc-chromatin-tf-nc-2026/official-fig3-port/run-v3/audit/official_output_sha256.tsv;/media/desk16/iy13202/projects/Paper2Paper/tmp/tnbc-chromatin-tf-nc-2026/official-fig3-port/run-v3/audit/official_port_receipt.json;/media/desk16/iy13202/projects/Paper2Paper/tmp/tnbc-chromatin-tf-nc-2026/official-fig3-port/run-v3/audit/official_source_manifest.tsv	/media/desk16/iy13202/projects/Paper2Paper/tmp/tnbc-chromatin-tf-nc-2026/official-fig3-port/run-v3/audit/official_output_sha256.tsv=c6510900636f3f6571cfc5253f419938fbb2d3ba5700bb3739f13bc53e3e29c1;/media/desk16/iy13202/projects/Paper2Paper/tmp/tnbc-chromatin-tf-nc-2026/official-fig3-port/run-v3/audit/official_port_receipt.json=d8b0fe51313ddfa24e0a0bd66e3fa0a64fe95d0a325a3240a9880c2333b5ca37;/media/desk16/iy13202/projects/Paper2Paper/tmp/tnbc-chromatin-tf-nc-2026/official-fig3-port/run-v3/audit/official_source_manifest.tsv=b9bafc653e6b7030eafd443a83b5534fb9cdbadbaaf3405ba4295b2fa3370bec	
fig3	Figure3E	/media/desk16/iy13202/projects/Paper2Paper/tmp/tnbc-chromatin-tf-nc-2026/official-fig3-port/run-v3/results/visuals/Figure3/Figure3E_Scatter_RegulonSize_vs_Partners.pdf	13290	4176c0cd11d9ad27a001cfb905dbdea77042f285a3058460836c968ee9376655	13290	4176c0cd11d9ad27a001cfb905dbdea77042f285a3058460836c968ee9376655	VERIFIED	edf5314 source-hash lock (8 official scripts)	/media/desk16/iy13202/projects/Paper2Paper/tmp/tnbc-chromatin-tf-nc-2026/official-fig3-port/run-v3/audit/official_output_sha256.tsv	/media/desk16/iy13202/projects/Paper2Paper/tmp/tnbc-chromatin-tf-nc-2026/official-fig3-port/run-v3/audit/official_output_sha256.tsv;/media/desk16/iy13202/projects/Paper2Paper/tmp/tnbc-chromatin-tf-nc-2026/official-fig3-port/run-v3/audit/official_port_receipt.json;/media/desk16/iy13202/projects/Paper2Paper/tmp/tnbc-chromatin-tf-nc-2026/official-fig3-port/run-v3/audit/official_source_manifest.tsv	/media/desk16/iy13202/projects/Paper2Paper/tmp/tnbc-chromatin-tf-nc-2026/official-fig3-port/run-v3/audit/official_output_sha256.tsv=c6510900636f3f6571cfc5253f419938fbb2d3ba5700bb3739f13bc53e3e29c1;/media/desk16/iy13202/projects/Paper2Paper/tmp/tnbc-chromatin-tf-nc-2026/official-fig3-port/run-v3/audit/official_port_receipt.json=d8b0fe51313ddfa24e0a0bd66e3fa0a64fe95d0a325a3240a9880c2333b5ca37;/media/desk16/iy13202/projects/Paper2Paper/tmp/tnbc-chromatin-tf-nc-2026/official-fig3-port/run-v3/audit/official_source_manifest.tsv=b9bafc653e6b7030eafd443a83b5534fb9cdbadbaaf3405ba4295b2fa3370bec	
fig3	Figure3F	/media/desk16/iy13202/projects/Paper2Paper/tmp/tnbc-chromatin-tf-nc-2026/official-fig3-port/run-v3/results/visuals/Figure3/Figure3F_Skewness_TCGA.pdf	14130	f7a2e37c73f9a3a4b93e4ef2ce1abad9faf9eda942a786c7b4a53a978d58223e	14130	f7a2e37c73f9a3a4b93e4ef2ce1abad9faf9eda942a786c7b4a53a978d58223e	VERIFIED	edf5314 source-hash lock (8 official scripts)	/media/desk16/iy13202/projects/Paper2Paper/tmp/tnbc-chromatin-tf-nc-2026/official-fig3-port/run-v3/audit/official_output_sha256.tsv	/media/desk16/iy13202/projects/Paper2Paper/tmp/tnbc-chromatin-tf-nc-2026/official-fig3-port/run-v3/audit/official_output_sha256.tsv;/media/desk16/iy13202/projects/Paper2Paper/tmp/tnbc-chromatin-tf-nc-2026/official-fig3-port/run-v3/audit/official_port_receipt.json;/media/desk16/iy13202/projects/Paper2Paper/tmp/tnbc-chromatin-tf-nc-2026/official-fig3-port/run-v3/audit/official_source_manifest.tsv	/media/desk16/iy13202/projects/Paper2Paper/tmp/tnbc-chromatin-tf-nc-2026/official-fig3-port/run-v3/audit/official_output_sha256.tsv=c6510900636f3f6571cfc5253f419938fbb2d3ba5700bb3739f13bc53e3e29c1;/media/desk16/iy13202/projects/Paper2Paper/tmp/tnbc-chromatin-tf-nc-2026/official-fig3-port/run-v3/audit/official_port_receipt.json=d8b0fe51313ddfa24e0a0bd66e3fa0a64fe95d0a325a3240a9880c2333b5ca37;/media/desk16/iy13202/projects/Paper2Paper/tmp/tnbc-chromatin-tf-nc-2026/official-fig3-port/run-v3/audit/official_source_manifest.tsv=b9bafc653e6b7030eafd443a83b5534fb9cdbadbaaf3405ba4295b2fa3370bec	
fig3	Figure3G	/media/desk16/iy13202/projects/Paper2Paper/tmp/tnbc-chromatin-tf-nc-2026/official-fig3-port/run-v3/results/visuals/Figure3/Figure3G_CRY2_TR_Activity_Distribution.pdf	21962	07bf28e72d40770e7a79dd0f0b34870f4f6382689ceb94a3f038baeb216d1c75	21962	07bf28e72d40770e7a79dd0f0b34870f4f6382689ceb94a3f038baeb216d1c75	VERIFIED	edf5314 source-hash lock (8 official scripts)	/media/desk16/iy13202/projects/Paper2Paper/tmp/tnbc-chromatin-tf-nc-2026/official-fig3-port/run-v3/audit/official_output_sha256.tsv	/media/desk16/iy13202/projects/Paper2Paper/tmp/tnbc-chromatin-tf-nc-2026/official-fig3-port/run-v3/audit/official_output_sha256.tsv;/media/desk16/iy13202/projects/Paper2Paper/tmp/tnbc-chromatin-tf-nc-2026/official-fig3-port/run-v3/audit/official_port_receipt.json;/media/desk16/iy13202/projects/Paper2Paper/tmp/tnbc-chromatin-tf-nc-2026/official-fig3-port/run-v3/audit/official_source_manifest.tsv	/media/desk16/iy13202/projects/Paper2Paper/tmp/tnbc-chromatin-tf-nc-2026/official-fig3-port/run-v3/audit/official_output_sha256.tsv=c6510900636f3f6571cfc5253f419938fbb2d3ba5700bb3739f13bc53e3e29c1;/media/desk16/iy13202/projects/Paper2Paper/tmp/tnbc-chromatin-tf-nc-2026/official-fig3-port/run-v3/audit/official_port_receipt.json=d8b0fe51313ddfa24e0a0bd66e3fa0a64fe95d0a325a3240a9880c2333b5ca37;/media/desk16/iy13202/projects/Paper2Paper/tmp/tnbc-chromatin-tf-nc-2026/official-fig3-port/run-v3/audit/official_source_manifest.tsv=b9bafc653e6b7030eafd443a83b5534fb9cdbadbaaf3405ba4295b2fa3370bec	
fig3	Figure3G	/media/desk16/iy13202/projects/Paper2Paper/tmp/tnbc-chromatin-tf-nc-2026/official-fig3-port/run-v3/results/visuals/Figure3/Figure3G_MAGED2_TR_Activity_Distribution.pdf	22656	c0ffb1ed1ff46c6ee09149ee5d758605e1baa2d2f34cb27b1318ef1f3c0125c1	22656	c0ffb1ed1ff46c6ee09149ee5d758605e1baa2d2f34cb27b1318ef1f3c0125c1	VERIFIED	edf5314 source-hash lock (8 official scripts)	/media/desk16/iy13202/projects/Paper2Paper/tmp/tnbc-chromatin-tf-nc-2026/official-fig3-port/run-v3/audit/official_output_sha256.tsv	/media/desk16/iy13202/projects/Paper2Paper/tmp/tnbc-chromatin-tf-nc-2026/official-fig3-port/run-v3/audit/official_output_sha256.tsv;/media/desk16/iy13202/projects/Paper2Paper/tmp/tnbc-chromatin-tf-nc-2026/official-fig3-port/run-v3/audit/official_port_receipt.json;/media/desk16/iy13202/projects/Paper2Paper/tmp/tnbc-chromatin-tf-nc-2026/official-fig3-port/run-v3/audit/official_source_manifest.tsv	/media/desk16/iy13202/projects/Paper2Paper/tmp/tnbc-chromatin-tf-nc-2026/official-fig3-port/run-v3/audit/official_output_sha256.tsv=c6510900636f3f6571cfc5253f419938fbb2d3ba5700bb3739f13bc53e3e29c1;/media/desk16/iy13202/projects/Paper2Paper/tmp/tnbc-chromatin-tf-nc-2026/official-fig3-port/run-v3/audit/official_port_receipt.json=d8b0fe51313ddfa24e0a0bd66e3fa0a64fe95d0a325a3240a9880c2333b5ca37;/media/desk16/iy13202/projects/Paper2Paper/tmp/tnbc-chromatin-tf-nc-2026/official-fig3-port/run-v3/audit/official_source_manifest.tsv=b9bafc653e6b7030eafd443a83b5534fb9cdbadbaaf3405ba4295b2fa3370bec	
fig3	Figure3G	/media/desk16/iy13202/projects/Paper2Paper/tmp/tnbc-chromatin-tf-nc-2026/official-fig3-port/run-v3/results/visuals/Figure3/Figure3G_NR3C2_TR_Activity_Distribution.pdf	23141	f5119ba641c9e8f3d8ad385d6eb343b7cfd4ec9b4c1fd3ac59c021d0247488ad	23141	f5119ba641c9e8f3d8ad385d6eb343b7cfd4ec9b4c1fd3ac59c021d0247488ad	VERIFIED	edf5314 source-hash lock (8 official scripts)	/media/desk16/iy13202/projects/Paper2Paper/tmp/tnbc-chromatin-tf-nc-2026/official-fig3-port/run-v3/audit/official_output_sha256.tsv	/media/desk16/iy13202/projects/Paper2Paper/tmp/tnbc-chromatin-tf-nc-2026/official-fig3-port/run-v3/audit/official_output_sha256.tsv;/media/desk16/iy13202/projects/Paper2Paper/tmp/tnbc-chromatin-tf-nc-2026/official-fig3-port/run-v3/audit/official_port_receipt.json;/media/desk16/iy13202/projects/Paper2Paper/tmp/tnbc-chromatin-tf-nc-2026/official-fig3-port/run-v3/audit/official_source_manifest.tsv	/media/desk16/iy13202/projects/Paper2Paper/tmp/tnbc-chromatin-tf-nc-2026/official-fig3-port/run-v3/audit/official_output_sha256.tsv=c6510900636f3f6571cfc5253f419938fbb2d3ba5700bb3739f13bc53e3e29c1;/media/desk16/iy13202/projects/Paper2Paper/tmp/tnbc-chromatin-tf-nc-2026/official-fig3-port/run-v3/audit/official_port_receipt.json=d8b0fe51313ddfa24e0a0bd66e3fa0a64fe95d0a325a3240a9880c2333b5ca37;/media/desk16/iy13202/projects/Paper2Paper/tmp/tnbc-chromatin-tf-nc-2026/official-fig3-port/run-v3/audit/official_source_manifest.tsv=b9bafc653e6b7030eafd443a83b5534fb9cdbadbaaf3405ba4295b2fa3370bec	
fig3	Figure3G	/media/desk16/iy13202/projects/Paper2Paper/tmp/tnbc-chromatin-tf-nc-2026/official-fig3-port/run-v3/results/visuals/Figure3/Figure3G_ZNF19_TR_Activity_Distribution.pdf	23310	bca8d676b69f1ce3f5cefd65d59fbe13ebcf98bd341bc1e57b434428d4db16dd	23310	bca8d676b69f1ce3f5cefd65d59fbe13ebcf98bd341bc1e57b434428d4db16dd	VERIFIED	edf5314 source-hash lock (8 official scripts)	/media/desk16/iy13202/projects/Paper2Paper/tmp/tnbc-chromatin-tf-nc-2026/official-fig3-port/run-v3/audit/official_output_sha256.tsv	/media/desk16/iy13202/projects/Paper2Paper/tmp/tnbc-chromatin-tf-nc-2026/official-fig3-port/run-v3/audit/official_output_sha256.tsv;/media/desk16/iy13202/projects/Paper2Paper/tmp/tnbc-chromatin-tf-nc-2026/official-fig3-port/run-v3/audit/official_port_receipt.json;/media/desk16/iy13202/projects/Paper2Paper/tmp/tnbc-chromatin-tf-nc-2026/official-fig3-port/run-v3/audit/official_source_manifest.tsv	/media/desk16/iy13202/projects/Paper2Paper/tmp/tnbc-chromatin-tf-nc-2026/official-fig3-port/run-v3/audit/official_output_sha256.tsv=c6510900636f3f6571cfc5253f419938fbb2d3ba5700bb3739f13bc53e3e29c1;/media/desk16/iy13202/projects/Paper2Paper/tmp/tnbc-chromatin-tf-nc-2026/official-fig3-port/run-v3/audit/official_port_receipt.json=d8b0fe51313ddfa24e0a0bd66e3fa0a64fe95d0a325a3240a9880c2333b5ca37;/media/desk16/iy13202/projects/Paper2Paper/tmp/tnbc-chromatin-tf-nc-2026/official-fig3-port/run-v3/audit/official_source_manifest.tsv=b9bafc653e6b7030eafd443a83b5534fb9cdbadbaaf3405ba4295b2fa3370bec	
fig3	SupplementaryFigure5A	/media/desk16/iy13202/projects/Paper2Paper/tmp/tnbc-chromatin-tf-nc-2026/official-fig3-port/run-v3/results/visuals/Figure3/SupplementaryFigure5A_Skewness_PDX_CellLines.pdf	15861	d6bb397a24ae478b852cdfa6526baeca14afcccb6e65be18c186f6f206e8d1cc	15861	d6bb397a24ae478b852cdfa6526baeca14afcccb6e65be18c186f6f206e8d1cc	VERIFIED	edf5314 source-hash lock (8 official scripts)	/media/desk16/iy13202/projects/Paper2Paper/tmp/tnbc-chromatin-tf-nc-2026/official-fig3-port/run-v3/audit/official_output_sha256.tsv	/media/desk16/iy13202/projects/Paper2Paper/tmp/tnbc-chromatin-tf-nc-2026/official-fig3-port/run-v3/audit/official_output_sha256.tsv;/media/desk16/iy13202/projects/Paper2Paper/tmp/tnbc-chromatin-tf-nc-2026/official-fig3-port/run-v3/audit/official_port_receipt.json;/media/desk16/iy13202/projects/Paper2Paper/tmp/tnbc-chromatin-tf-nc-2026/official-fig3-port/run-v3/audit/official_source_manifest.tsv	/media/desk16/iy13202/projects/Paper2Paper/tmp/tnbc-chromatin-tf-nc-2026/official-fig3-port/run-v3/audit/official_output_sha256.tsv=c6510900636f3f6571cfc5253f419938fbb2d3ba5700bb3739f13bc53e3e29c1;/media/desk16/iy13202/projects/Paper2Paper/tmp/tnbc-chromatin-tf-nc-2026/official-fig3-port/run-v3/audit/official_port_receipt.json=d8b0fe51313ddfa24e0a0bd66e3fa0a64fe95d0a325a3240a9880c2333b5ca37;/media/desk16/iy13202/projects/Paper2Paper/tmp/tnbc-chromatin-tf-nc-2026/official-fig3-port/run-v3/audit/official_source_manifest.tsv=b9bafc653e6b7030eafd443a83b5534fb9cdbadbaaf3405ba4295b2fa3370bec	
fig3	SupplementaryFigure5B	/media/desk16/iy13202/projects/Paper2Paper/tmp/tnbc-chromatin-tf-nc-2026/official-fig3-port/run-v3/results/visuals/Figure3/SupplementaryFigure5B_All_ESTIMATE_Volcano_HC-TR.pdf	28646	5d2d7c893f93db3e0ae999623313db3e97ec3d246b59813758ce672632706e6b	28646	5d2d7c893f93db3e0ae999623313db3e97ec3d246b59813758ce672632706e6b	VERIFIED	edf5314 source-hash lock (8 official scripts)	/media/desk16/iy13202/projects/Paper2Paper/tmp/tnbc-chromatin-tf-nc-2026/official-fig3-port/run-v3/audit/official_output_sha256.tsv	/media/desk16/iy13202/projects/Paper2Paper/tmp/tnbc-chromatin-tf-nc-2026/official-fig3-port/run-v3/audit/official_output_sha256.tsv;/media/desk16/iy13202/projects/Paper2Paper/tmp/tnbc-chromatin-tf-nc-2026/official-fig3-port/run-v3/audit/official_port_receipt.json;/media/desk16/iy13202/projects/Paper2Paper/tmp/tnbc-chromatin-tf-nc-2026/official-fig3-port/run-v3/audit/official_source_manifest.tsv	/media/desk16/iy13202/projects/Paper2Paper/tmp/tnbc-chromatin-tf-nc-2026/official-fig3-port/run-v3/audit/official_output_sha256.tsv=c6510900636f3f6571cfc5253f419938fbb2d3ba5700bb3739f13bc53e3e29c1;/media/desk16/iy13202/projects/Paper2Paper/tmp/tnbc-chromatin-tf-nc-2026/official-fig3-port/run-v3/audit/official_port_receipt.json=d8b0fe51313ddfa24e0a0bd66e3fa0a64fe95d0a325a3240a9880c2333b5ca37;/media/desk16/iy13202/projects/Paper2Paper/tmp/tnbc-chromatin-tf-nc-2026/official-fig3-port/run-v3/audit/official_source_manifest.tsv=b9bafc653e6b7030eafd443a83b5534fb9cdbadbaaf3405ba4295b2fa3370bec	
fig3	SupplementaryFigure5B	/media/desk16/iy13202/projects/Paper2Paper/tmp/tnbc-chromatin-tf-nc-2026/official-fig3-port/run-v3/results/visuals/Figure3/SupplementaryFigure5B_ESTIMATE_Combined_Heatmap_HC-TR.pdf	23527	7f56cf2a289b361606df00992a88f18b6369edb2f6631f32911aec94ed2bce2c	23527	7f56cf2a289b361606df00992a88f18b6369edb2f6631f32911aec94ed2bce2c	VERIFIED	edf5314 source-hash lock (8 official scripts)	/media/desk16/iy13202/projects/Paper2Paper/tmp/tnbc-chromatin-tf-nc-2026/official-fig3-port/run-v3/audit/official_output_sha256.tsv	/media/desk16/iy13202/projects/Paper2Paper/tmp/tnbc-chromatin-tf-nc-2026/official-fig3-port/run-v3/audit/official_output_sha256.tsv;/media/desk16/iy13202/projects/Paper2Paper/tmp/tnbc-chromatin-tf-nc-2026/official-fig3-port/run-v3/audit/official_port_receipt.json;/media/desk16/iy13202/projects/Paper2Paper/tmp/tnbc-chromatin-tf-nc-2026/official-fig3-port/run-v3/audit/official_source_manifest.tsv	/media/desk16/iy13202/projects/Paper2Paper/tmp/tnbc-chromatin-tf-nc-2026/official-fig3-port/run-v3/audit/official_output_sha256.tsv=c6510900636f3f6571cfc5253f419938fbb2d3ba5700bb3739f13bc53e3e29c1;/media/desk16/iy13202/projects/Paper2Paper/tmp/tnbc-chromatin-tf-nc-2026/official-fig3-port/run-v3/audit/official_port_receipt.json=d8b0fe51313ddfa24e0a0bd66e3fa0a64fe95d0a325a3240a9880c2333b5ca37;/media/desk16/iy13202/projects/Paper2Paper/tmp/tnbc-chromatin-tf-nc-2026/official-fig3-port/run-v3/audit/official_source_manifest.tsv=b9bafc653e6b7030eafd443a83b5534fb9cdbadbaaf3405ba4295b2fa3370bec	
fig45	Figure4A	/media/desk16/iy13202/projects/Paper2Paper/tmp/tnbc-chromatin-tf-nc-2026/official-code-port-v3/run-fig45-v2-p0fix-20260821-r2/results/atomic/Figure4A.pdf	12595	769912e2adaebd2b1017477335614259ad7a2ba63d20fbf7155675eacb662a02	12595	769912e2adaebd2b1017477335614259ad7a2ba63d20fbf7155675eacb662a02	VERIFIED	edf5314	/media/desk16/iy13202/projects/Paper2Paper/tmp/tnbc-chromatin-tf-nc-2026/official-code-port-v3/run-fig45-v2-p0fix-20260821-r2/results/atomic_pdf_sha256.tsv	/media/desk16/iy13202/projects/Paper2Paper/tmp/tnbc-chromatin-tf-nc-2026/official-code-port-v3/run-fig45-v2-p0fix-20260821-r2/results/atomic_pdf_sha256.tsv;/media/desk16/iy13202/projects/Paper2Paper/tmp/tnbc-chromatin-tf-nc-2026/official-code-port-v3/run-fig45-v2-p0fix-20260821-r2/results/audit/official_port_verification.json;/media/desk16/iy13202/projects/Paper2Paper/tmp/tnbc-chromatin-tf-nc-2026/official-code-port-v3/run-fig45-v2-p0fix-20260821-r2/work/generated/materialization_receipt.json	/media/desk16/iy13202/projects/Paper2Paper/tmp/tnbc-chromatin-tf-nc-2026/official-code-port-v3/run-fig45-v2-p0fix-20260821-r2/results/atomic_pdf_sha256.tsv=476ea9d139b3139bf1336bf7eaa117bdb27cd16b6f99cf03d00987eba423a5ce;/media/desk16/iy13202/projects/Paper2Paper/tmp/tnbc-chromatin-tf-nc-2026/official-code-port-v3/run-fig45-v2-p0fix-20260821-r2/results/audit/official_port_verification.json=f2e9fd601064406a73e901f57150b34e9bd7e7288ddf630c1ccd31072bc3d77b;/media/desk16/iy13202/projects/Paper2Paper/tmp/tnbc-chromatin-tf-nc-2026/official-code-port-v3/run-fig45-v2-p0fix-20260821-r2/work/generated/materialization_receipt.json=00ddf1923adf37e59a5ae2b2d4bc2f508c64670099a1133e7d0624d00ccd0100	
fig45	Figure4B	/media/desk16/iy13202/projects/Paper2Paper/tmp/tnbc-chromatin-tf-nc-2026/official-code-port-v3/run-fig45-v2-p0fix-20260821-r2/results/atomic/Figure4B.pdf	12712	292c271fa22adaa7b5935e2b91e7680e2c5190f58f11fccda6969fff415652bf	12712	292c271fa22adaa7b5935e2b91e7680e2c5190f58f11fccda6969fff415652bf	VERIFIED	edf5314	/media/desk16/iy13202/projects/Paper2Paper/tmp/tnbc-chromatin-tf-nc-2026/official-code-port-v3/run-fig45-v2-p0fix-20260821-r2/results/atomic_pdf_sha256.tsv	/media/desk16/iy13202/projects/Paper2Paper/tmp/tnbc-chromatin-tf-nc-2026/official-code-port-v3/run-fig45-v2-p0fix-20260821-r2/results/atomic_pdf_sha256.tsv;/media/desk16/iy13202/projects/Paper2Paper/tmp/tnbc-chromatin-tf-nc-2026/official-code-port-v3/run-fig45-v2-p0fix-20260821-r2/results/audit/official_port_verification.json;/media/desk16/iy13202/projects/Paper2Paper/tmp/tnbc-chromatin-tf-nc-2026/official-code-port-v3/run-fig45-v2-p0fix-20260821-r2/work/generated/materialization_receipt.json	/media/desk16/iy13202/projects/Paper2Paper/tmp/tnbc-chromatin-tf-nc-2026/official-code-port-v3/run-fig45-v2-p0fix-20260821-r2/results/atomic_pdf_sha256.tsv=476ea9d139b3139bf1336bf7eaa117bdb27cd16b6f99cf03d00987eba423a5ce;/media/desk16/iy13202/projects/Paper2Paper/tmp/tnbc-chromatin-tf-nc-2026/official-code-port-v3/run-fig45-v2-p0fix-20260821-r2/results/audit/official_port_verification.json=f2e9fd601064406a73e901f57150b34e9bd7e7288ddf630c1ccd31072bc3d77b;/media/desk16/iy13202/projects/Paper2Paper/tmp/tnbc-chromatin-tf-nc-2026/official-code-port-v3/run-fig45-v2-p0fix-20260821-r2/work/generated/materialization_receipt.json=00ddf1923adf37e59a5ae2b2d4bc2f508c64670099a1133e7d0624d00ccd0100	
fig45	Figure4C	/media/desk16/iy13202/projects/Paper2Paper/tmp/tnbc-chromatin-tf-nc-2026/official-code-port-v3/run-fig45-v2-p0fix-20260821-r2/results/atomic/Figure4C.pdf	13388	4f28a543459dc768db02449e0a23d6724850e488286ca418907aa65cdf916f64	13388	4f28a543459dc768db02449e0a23d6724850e488286ca418907aa65cdf916f64	VERIFIED	edf5314	/media/desk16/iy13202/projects/Paper2Paper/tmp/tnbc-chromatin-tf-nc-2026/official-code-port-v3/run-fig45-v2-p0fix-20260821-r2/results/atomic_pdf_sha256.tsv	/media/desk16/iy13202/projects/Paper2Paper/tmp/tnbc-chromatin-tf-nc-2026/official-code-port-v3/run-fig45-v2-p0fix-20260821-r2/results/atomic_pdf_sha256.tsv;/media/desk16/iy13202/projects/Paper2Paper/tmp/tnbc-chromatin-tf-nc-2026/official-code-port-v3/run-fig45-v2-p0fix-20260821-r2/results/audit/official_port_verification.json;/media/desk16/iy13202/projects/Paper2Paper/tmp/tnbc-chromatin-tf-nc-2026/official-code-port-v3/run-fig45-v2-p0fix-20260821-r2/work/generated/materialization_receipt.json	/media/desk16/iy13202/projects/Paper2Paper/tmp/tnbc-chromatin-tf-nc-2026/official-code-port-v3/run-fig45-v2-p0fix-20260821-r2/results/atomic_pdf_sha256.tsv=476ea9d139b3139bf1336bf7eaa117bdb27cd16b6f99cf03d00987eba423a5ce;/media/desk16/iy13202/projects/Paper2Paper/tmp/tnbc-chromatin-tf-nc-2026/official-code-port-v3/run-fig45-v2-p0fix-20260821-r2/results/audit/official_port_verification.json=f2e9fd601064406a73e901f57150b34e9bd7e7288ddf630c1ccd31072bc3d77b;/media/desk16/iy13202/projects/Paper2Paper/tmp/tnbc-chromatin-tf-nc-2026/official-code-port-v3/run-fig45-v2-p0fix-20260821-r2/work/generated/materialization_receipt.json=00ddf1923adf37e59a5ae2b2d4bc2f508c64670099a1133e7d0624d00ccd0100	
fig45	Figure4D	/media/desk16/iy13202/projects/Paper2Paper/tmp/tnbc-chromatin-tf-nc-2026/official-code-port-v3/run-fig45-v2-p0fix-20260821-r2/results/atomic/Figure4D.pdf	12415	8eaf7a65271b994501b129b0fd7668fca795b9a73ed415cfb759f432379434d4	12415	8eaf7a65271b994501b129b0fd7668fca795b9a73ed415cfb759f432379434d4	VERIFIED	edf5314	/media/desk16/iy13202/projects/Paper2Paper/tmp/tnbc-chromatin-tf-nc-2026/official-code-port-v3/run-fig45-v2-p0fix-20260821-r2/results/atomic_pdf_sha256.tsv	/media/desk16/iy13202/projects/Paper2Paper/tmp/tnbc-chromatin-tf-nc-2026/official-code-port-v3/run-fig45-v2-p0fix-20260821-r2/results/atomic_pdf_sha256.tsv;/media/desk16/iy13202/projects/Paper2Paper/tmp/tnbc-chromatin-tf-nc-2026/official-code-port-v3/run-fig45-v2-p0fix-20260821-r2/results/audit/official_port_verification.json;/media/desk16/iy13202/projects/Paper2Paper/tmp/tnbc-chromatin-tf-nc-2026/official-code-port-v3/run-fig45-v2-p0fix-20260821-r2/work/generated/materialization_receipt.json	/media/desk16/iy13202/projects/Paper2Paper/tmp/tnbc-chromatin-tf-nc-2026/official-code-port-v3/run-fig45-v2-p0fix-20260821-r2/results/atomic_pdf_sha256.tsv=476ea9d139b3139bf1336bf7eaa117bdb27cd16b6f99cf03d00987eba423a5ce;/media/desk16/iy13202/projects/Paper2Paper/tmp/tnbc-chromatin-tf-nc-2026/official-code-port-v3/run-fig45-v2-p0fix-20260821-r2/results/audit/official_port_verification.json=f2e9fd601064406a73e901f57150b34e9bd7e7288ddf630c1ccd31072bc3d77b;/media/desk16/iy13202/projects/Paper2Paper/tmp/tnbc-chromatin-tf-nc-2026/official-code-port-v3/run-fig45-v2-p0fix-20260821-r2/work/generated/materialization_receipt.json=00ddf1923adf37e59a5ae2b2d4bc2f508c64670099a1133e7d0624d00ccd0100	
fig45	Figure4E	/media/desk16/iy13202/projects/Paper2Paper/tmp/tnbc-chromatin-tf-nc-2026/official-code-port-v3/run-fig45-v2-p0fix-20260821-r2/results/atomic/Figure4E_protective.pdf	17475	92ddd481c56d49cbdc3500b25a9cc04893f614efb967c873c1457a3299a759e0	17475	92ddd481c56d49cbdc3500b25a9cc04893f614efb967c873c1457a3299a759e0	VERIFIED	edf5314	/media/desk16/iy13202/projects/Paper2Paper/tmp/tnbc-chromatin-tf-nc-2026/official-code-port-v3/run-fig45-v2-p0fix-20260821-r2/results/atomic_pdf_sha256.tsv	/media/desk16/iy13202/projects/Paper2Paper/tmp/tnbc-chromatin-tf-nc-2026/official-code-port-v3/run-fig45-v2-p0fix-20260821-r2/results/atomic_pdf_sha256.tsv;/media/desk16/iy13202/projects/Paper2Paper/tmp/tnbc-chromatin-tf-nc-2026/official-code-port-v3/run-fig45-v2-p0fix-20260821-r2/results/audit/official_port_verification.json;/media/desk16/iy13202/projects/Paper2Paper/tmp/tnbc-chromatin-tf-nc-2026/official-code-port-v3/run-fig45-v2-p0fix-20260821-r2/work/generated/materialization_receipt.json	/media/desk16/iy13202/projects/Paper2Paper/tmp/tnbc-chromatin-tf-nc-2026/official-code-port-v3/run-fig45-v2-p0fix-20260821-r2/results/atomic_pdf_sha256.tsv=476ea9d139b3139bf1336bf7eaa117bdb27cd16b6f99cf03d00987eba423a5ce;/media/desk16/iy13202/projects/Paper2Paper/tmp/tnbc-chromatin-tf-nc-2026/official-code-port-v3/run-fig45-v2-p0fix-20260821-r2/results/audit/official_port_verification.json=f2e9fd601064406a73e901f57150b34e9bd7e7288ddf630c1ccd31072bc3d77b;/media/desk16/iy13202/projects/Paper2Paper/tmp/tnbc-chromatin-tf-nc-2026/official-code-port-v3/run-fig45-v2-p0fix-20260821-r2/work/generated/materialization_receipt.json=00ddf1923adf37e59a5ae2b2d4bc2f508c64670099a1133e7d0624d00ccd0100	
fig45	Figure4E	/media/desk16/iy13202/projects/Paper2Paper/tmp/tnbc-chromatin-tf-nc-2026/official-code-port-v3/run-fig45-v2-p0fix-20260821-r2/results/atomic/Figure4E_risk.pdf	10632	1df8be5785a40ed1e397b233316ac1a517b4ddfb1852b93ac373c8458abc9053	10632	1df8be5785a40ed1e397b233316ac1a517b4ddfb1852b93ac373c8458abc9053	VERIFIED	edf5314	/media/desk16/iy13202/projects/Paper2Paper/tmp/tnbc-chromatin-tf-nc-2026/official-code-port-v3/run-fig45-v2-p0fix-20260821-r2/results/atomic_pdf_sha256.tsv	/media/desk16/iy13202/projects/Paper2Paper/tmp/tnbc-chromatin-tf-nc-2026/official-code-port-v3/run-fig45-v2-p0fix-20260821-r2/results/atomic_pdf_sha256.tsv;/media/desk16/iy13202/projects/Paper2Paper/tmp/tnbc-chromatin-tf-nc-2026/official-code-port-v3/run-fig45-v2-p0fix-20260821-r2/results/audit/official_port_verification.json;/media/desk16/iy13202/projects/Paper2Paper/tmp/tnbc-chromatin-tf-nc-2026/official-code-port-v3/run-fig45-v2-p0fix-20260821-r2/work/generated/materialization_receipt.json	/media/desk16/iy13202/projects/Paper2Paper/tmp/tnbc-chromatin-tf-nc-2026/official-code-port-v3/run-fig45-v2-p0fix-20260821-r2/results/atomic_pdf_sha256.tsv=476ea9d139b3139bf1336bf7eaa117bdb27cd16b6f99cf03d00987eba423a5ce;/media/desk16/iy13202/projects/Paper2Paper/tmp/tnbc-chromatin-tf-nc-2026/official-code-port-v3/run-fig45-v2-p0fix-20260821-r2/results/audit/official_port_verification.json=f2e9fd601064406a73e901f57150b34e9bd7e7288ddf630c1ccd31072bc3d77b;/media/desk16/iy13202/projects/Paper2Paper/tmp/tnbc-chromatin-tf-nc-2026/official-code-port-v3/run-fig45-v2-p0fix-20260821-r2/work/generated/materialization_receipt.json=00ddf1923adf37e59a5ae2b2d4bc2f508c64670099a1133e7d0624d00ccd0100	
fig45	Figure4F	/media/desk16/iy13202/projects/Paper2Paper/tmp/tnbc-chromatin-tf-nc-2026/official-code-port-v3/run-fig45-v2-p0fix-20260821-r2/results/atomic/Figure4F_ETV1_OS.pdf	23916	7b25d84826cdda6c17fa7380725bb5b1ea4ecf074387ca9705eb610597d0d814	23916	7b25d84826cdda6c17fa7380725bb5b1ea4ecf074387ca9705eb610597d0d814	VERIFIED	edf5314	/media/desk16/iy13202/projects/Paper2Paper/tmp/tnbc-chromatin-tf-nc-2026/official-code-port-v3/run-fig45-v2-p0fix-20260821-r2/results/atomic_pdf_sha256.tsv	/media/desk16/iy13202/projects/Paper2Paper/tmp/tnbc-chromatin-tf-nc-2026/official-code-port-v3/run-fig45-v2-p0fix-20260821-r2/results/atomic_pdf_sha256.tsv;/media/desk16/iy13202/projects/Paper2Paper/tmp/tnbc-chromatin-tf-nc-2026/official-code-port-v3/run-fig45-v2-p0fix-20260821-r2/results/audit/official_port_verification.json;/media/desk16/iy13202/projects/Paper2Paper/tmp/tnbc-chromatin-tf-nc-2026/official-code-port-v3/run-fig45-v2-p0fix-20260821-r2/work/generated/materialization_receipt.json	/media/desk16/iy13202/projects/Paper2Paper/tmp/tnbc-chromatin-tf-nc-2026/official-code-port-v3/run-fig45-v2-p0fix-20260821-r2/results/atomic_pdf_sha256.tsv=476ea9d139b3139bf1336bf7eaa117bdb27cd16b6f99cf03d00987eba423a5ce;/media/desk16/iy13202/projects/Paper2Paper/tmp/tnbc-chromatin-tf-nc-2026/official-code-port-v3/run-fig45-v2-p0fix-20260821-r2/results/audit/official_port_verification.json=f2e9fd601064406a73e901f57150b34e9bd7e7288ddf630c1ccd31072bc3d77b;/media/desk16/iy13202/projects/Paper2Paper/tmp/tnbc-chromatin-tf-nc-2026/official-code-port-v3/run-fig45-v2-p0fix-20260821-r2/work/generated/materialization_receipt.json=00ddf1923adf37e59a5ae2b2d4bc2f508c64670099a1133e7d0624d00ccd0100	
fig45	Figure4F	/media/desk16/iy13202/projects/Paper2Paper/tmp/tnbc-chromatin-tf-nc-2026/official-code-port-v3/run-fig45-v2-p0fix-20260821-r2/results/atomic/Figure4F_ETV1_RFS.pdf	23942	acfeb45faa4edce5540adea7d9a8dca58d234bc39c260fcdd5ae978e3d24f649	23942	acfeb45faa4edce5540adea7d9a8dca58d234bc39c260fcdd5ae978e3d24f649	VERIFIED	edf5314	/media/desk16/iy13202/projects/Paper2Paper/tmp/tnbc-chromatin-tf-nc-2026/official-code-port-v3/run-fig45-v2-p0fix-20260821-r2/results/atomic_pdf_sha256.tsv	/media/desk16/iy13202/projects/Paper2Paper/tmp/tnbc-chromatin-tf-nc-2026/official-code-port-v3/run-fig45-v2-p0fix-20260821-r2/results/atomic_pdf_sha256.tsv;/media/desk16/iy13202/projects/Paper2Paper/tmp/tnbc-chromatin-tf-nc-2026/official-code-port-v3/run-fig45-v2-p0fix-20260821-r2/results/audit/official_port_verification.json;/media/desk16/iy13202/projects/Paper2Paper/tmp/tnbc-chromatin-tf-nc-2026/official-code-port-v3/run-fig45-v2-p0fix-20260821-r2/work/generated/materialization_receipt.json	/media/desk16/iy13202/projects/Paper2Paper/tmp/tnbc-chromatin-tf-nc-2026/official-code-port-v3/run-fig45-v2-p0fix-20260821-r2/results/atomic_pdf_sha256.tsv=476ea9d139b3139bf1336bf7eaa117bdb27cd16b6f99cf03d00987eba423a5ce;/media/desk16/iy13202/projects/Paper2Paper/tmp/tnbc-chromatin-tf-nc-2026/official-code-port-v3/run-fig45-v2-p0fix-20260821-r2/results/audit/official_port_verification.json=f2e9fd601064406a73e901f57150b34e9bd7e7288ddf630c1ccd31072bc3d77b;/media/desk16/iy13202/projects/Paper2Paper/tmp/tnbc-chromatin-tf-nc-2026/official-code-port-v3/run-fig45-v2-p0fix-20260821-r2/work/generated/materialization_receipt.json=00ddf1923adf37e59a5ae2b2d4bc2f508c64670099a1133e7d0624d00ccd0100	
fig45	Figure4F	/media/desk16/iy13202/projects/Paper2Paper/tmp/tnbc-chromatin-tf-nc-2026/official-code-port-v3/run-fig45-v2-p0fix-20260821-r2/results/atomic/Figure4F_ZNF444_OS.pdf	23829	fcb3c4617bcdb4c885b4d3bdd39e5a0b00629a7f1bbe6f4eb92990fdec04ab9b	23829	fcb3c4617bcdb4c885b4d3bdd39e5a0b00629a7f1bbe6f4eb92990fdec04ab9b	VERIFIED	edf5314	/media/desk16/iy13202/projects/Paper2Paper/tmp/tnbc-chromatin-tf-nc-2026/official-code-port-v3/run-fig45-v2-p0fix-20260821-r2/results/atomic_pdf_sha256.tsv	/media/desk16/iy13202/projects/Paper2Paper/tmp/tnbc-chromatin-tf-nc-2026/official-code-port-v3/run-fig45-v2-p0fix-20260821-r2/results/atomic_pdf_sha256.tsv;/media/desk16/iy13202/projects/Paper2Paper/tmp/tnbc-chromatin-tf-nc-2026/official-code-port-v3/run-fig45-v2-p0fix-20260821-r2/results/audit/official_port_verification.json;/media/desk16/iy13202/projects/Paper2Paper/tmp/tnbc-chromatin-tf-nc-2026/official-code-port-v3/run-fig45-v2-p0fix-20260821-r2/work/generated/materialization_receipt.json	/media/desk16/iy13202/projects/Paper2Paper/tmp/tnbc-chromatin-tf-nc-2026/official-code-port-v3/run-fig45-v2-p0fix-20260821-r2/results/atomic_pdf_sha256.tsv=476ea9d139b3139bf1336bf7eaa117bdb27cd16b6f99cf03d00987eba423a5ce;/media/desk16/iy13202/projects/Paper2Paper/tmp/tnbc-chromatin-tf-nc-2026/official-code-port-v3/run-fig45-v2-p0fix-20260821-r2/results/audit/official_port_verification.json=f2e9fd601064406a73e901f57150b34e9bd7e7288ddf630c1ccd31072bc3d77b;/media/desk16/iy13202/projects/Paper2Paper/tmp/tnbc-chromatin-tf-nc-2026/official-code-port-v3/run-fig45-v2-p0fix-20260821-r2/work/generated/materialization_receipt.json=00ddf1923adf37e59a5ae2b2d4bc2f508c64670099a1133e7d0624d00ccd0100	
fig45	Figure4F	/media/desk16/iy13202/projects/Paper2Paper/tmp/tnbc-chromatin-tf-nc-2026/official-code-port-v3/run-fig45-v2-p0fix-20260821-r2/results/atomic/Figure4F_ZNF444_RFS.pdf	23798	66a7cc2603d421506225be9a61b1b32f079ef4a8f8fa360a8df410b78c198233	23798	66a7cc2603d421506225be9a61b1b32f079ef4a8f8fa360a8df410b78c198233	VERIFIED	edf5314	/media/desk16/iy13202/projects/Paper2Paper/tmp/tnbc-chromatin-tf-nc-2026/official-code-port-v3/run-fig45-v2-p0fix-20260821-r2/results/atomic_pdf_sha256.tsv	/media/desk16/iy13202/projects/Paper2Paper/tmp/tnbc-chromatin-tf-nc-2026/official-code-port-v3/run-fig45-v2-p0fix-20260821-r2/results/atomic_pdf_sha256.tsv;/media/desk16/iy13202/projects/Paper2Paper/tmp/tnbc-chromatin-tf-nc-2026/official-code-port-v3/run-fig45-v2-p0fix-20260821-r2/results/audit/official_port_verification.json;/media/desk16/iy13202/projects/Paper2Paper/tmp/tnbc-chromatin-tf-nc-2026/official-code-port-v3/run-fig45-v2-p0fix-20260821-r2/work/generated/materialization_receipt.json	/media/desk16/iy13202/projects/Paper2Paper/tmp/tnbc-chromatin-tf-nc-2026/official-code-port-v3/run-fig45-v2-p0fix-20260821-r2/results/atomic_pdf_sha256.tsv=476ea9d139b3139bf1336bf7eaa117bdb27cd16b6f99cf03d00987eba423a5ce;/media/desk16/iy13202/projects/Paper2Paper/tmp/tnbc-chromatin-tf-nc-2026/official-code-port-v3/run-fig45-v2-p0fix-20260821-r2/results/audit/official_port_verification.json=f2e9fd601064406a73e901f57150b34e9bd7e7288ddf630c1ccd31072bc3d77b;/media/desk16/iy13202/projects/Paper2Paper/tmp/tnbc-chromatin-tf-nc-2026/official-code-port-v3/run-fig45-v2-p0fix-20260821-r2/work/generated/materialization_receipt.json=00ddf1923adf37e59a5ae2b2d4bc2f508c64670099a1133e7d0624d00ccd0100	
fig45	Figure4G	/media/desk16/iy13202/projects/Paper2Paper/tmp/tnbc-chromatin-tf-nc-2026/official-code-port-v3/run-fig45-v2-p0fix-20260821-r2/results/atomic/Figure4G_protective.pdf	17425	f214752ffab3f11b3b887ffc92a74c8cb907fad4141525303021fb099637ae71	17425	f214752ffab3f11b3b887ffc92a74c8cb907fad4141525303021fb099637ae71	VERIFIED	edf5314	/media/desk16/iy13202/projects/Paper2Paper/tmp/tnbc-chromatin-tf-nc-2026/official-code-port-v3/run-fig45-v2-p0fix-20260821-r2/results/atomic_pdf_sha256.tsv	/media/desk16/iy13202/projects/Paper2Paper/tmp/tnbc-chromatin-tf-nc-2026/official-code-port-v3/run-fig45-v2-p0fix-20260821-r2/results/atomic_pdf_sha256.tsv;/media/desk16/iy13202/projects/Paper2Paper/tmp/tnbc-chromatin-tf-nc-2026/official-code-port-v3/run-fig45-v2-p0fix-20260821-r2/results/audit/official_port_verification.json;/media/desk16/iy13202/projects/Paper2Paper/tmp/tnbc-chromatin-tf-nc-2026/official-code-port-v3/run-fig45-v2-p0fix-20260821-r2/work/generated/materialization_receipt.json	/media/desk16/iy13202/projects/Paper2Paper/tmp/tnbc-chromatin-tf-nc-2026/official-code-port-v3/run-fig45-v2-p0fix-20260821-r2/results/atomic_pdf_sha256.tsv=476ea9d139b3139bf1336bf7eaa117bdb27cd16b6f99cf03d00987eba423a5ce;/media/desk16/iy13202/projects/Paper2Paper/tmp/tnbc-chromatin-tf-nc-2026/official-code-port-v3/run-fig45-v2-p0fix-20260821-r2/results/audit/official_port_verification.json=f2e9fd601064406a73e901f57150b34e9bd7e7288ddf630c1ccd31072bc3d77b;/media/desk16/iy13202/projects/Paper2Paper/tmp/tnbc-chromatin-tf-nc-2026/official-code-port-v3/run-fig45-v2-p0fix-20260821-r2/work/generated/materialization_receipt.json=00ddf1923adf37e59a5ae2b2d4bc2f508c64670099a1133e7d0624d00ccd0100	
fig45	Figure4G	/media/desk16/iy13202/projects/Paper2Paper/tmp/tnbc-chromatin-tf-nc-2026/official-code-port-v3/run-fig45-v2-p0fix-20260821-r2/results/atomic/Figure4G_risk.pdf	14261	93b8b993f5f7335ee1d433c95c5b985d30aa05d61025df7d962a9beeccd4ab48	14261	93b8b993f5f7335ee1d433c95c5b985d30aa05d61025df7d962a9beeccd4ab48	VERIFIED	edf5314	/media/desk16/iy13202/projects/Paper2Paper/tmp/tnbc-chromatin-tf-nc-2026/official-code-port-v3/run-fig45-v2-p0fix-20260821-r2/results/atomic_pdf_sha256.tsv	/media/desk16/iy13202/projects/Paper2Paper/tmp/tnbc-chromatin-tf-nc-2026/official-code-port-v3/run-fig45-v2-p0fix-20260821-r2/results/atomic_pdf_sha256.tsv;/media/desk16/iy13202/projects/Paper2Paper/tmp/tnbc-chromatin-tf-nc-2026/official-code-port-v3/run-fig45-v2-p0fix-20260821-r2/results/audit/official_port_verification.json;/media/desk16/iy13202/projects/Paper2Paper/tmp/tnbc-chromatin-tf-nc-2026/official-code-port-v3/run-fig45-v2-p0fix-20260821-r2/work/generated/materialization_receipt.json	/media/desk16/iy13202/projects/Paper2Paper/tmp/tnbc-chromatin-tf-nc-2026/official-code-port-v3/run-fig45-v2-p0fix-20260821-r2/results/atomic_pdf_sha256.tsv=476ea9d139b3139bf1336bf7eaa117bdb27cd16b6f99cf03d00987eba423a5ce;/media/desk16/iy13202/projects/Paper2Paper/tmp/tnbc-chromatin-tf-nc-2026/official-code-port-v3/run-fig45-v2-p0fix-20260821-r2/results/audit/official_port_verification.json=f2e9fd601064406a73e901f57150b34e9bd7e7288ddf630c1ccd31072bc3d77b;/media/desk16/iy13202/projects/Paper2Paper/tmp/tnbc-chromatin-tf-nc-2026/official-code-port-v3/run-fig45-v2-p0fix-20260821-r2/work/generated/materialization_receipt.json=00ddf1923adf37e59a5ae2b2d4bc2f508c64670099a1133e7d0624d00ccd0100	
fig45	Figure4H	/media/desk16/iy13202/projects/Paper2Paper/tmp/tnbc-chromatin-tf-nc-2026/official-code-port-v3/run-fig45-v2-p0fix-20260821-r2/results/atomic/Figure4H_CREBRF_DFS.pdf	24084	c5c20c4526ff1981ab900c3c2b8bf48489bafc2e100c37bf4787381aa363bea3	24084	c5c20c4526ff1981ab900c3c2b8bf48489bafc2e100c37bf4787381aa363bea3	VERIFIED	edf5314	/media/desk16/iy13202/projects/Paper2Paper/tmp/tnbc-chromatin-tf-nc-2026/official-code-port-v3/run-fig45-v2-p0fix-20260821-r2/results/atomic_pdf_sha256.tsv	/media/desk16/iy13202/projects/Paper2Paper/tmp/tnbc-chromatin-tf-nc-2026/official-code-port-v3/run-fig45-v2-p0fix-20260821-r2/results/atomic_pdf_sha256.tsv;/media/desk16/iy13202/projects/Paper2Paper/tmp/tnbc-chromatin-tf-nc-2026/official-code-port-v3/run-fig45-v2-p0fix-20260821-r2/results/audit/official_port_verification.json;/media/desk16/iy13202/projects/Paper2Paper/tmp/tnbc-chromatin-tf-nc-2026/official-code-port-v3/run-fig45-v2-p0fix-20260821-r2/work/generated/materialization_receipt.json	/media/desk16/iy13202/projects/Paper2Paper/tmp/tnbc-chromatin-tf-nc-2026/official-code-port-v3/run-fig45-v2-p0fix-20260821-r2/results/atomic_pdf_sha256.tsv=476ea9d139b3139bf1336bf7eaa117bdb27cd16b6f99cf03d00987eba423a5ce;/media/desk16/iy13202/projects/Paper2Paper/tmp/tnbc-chromatin-tf-nc-2026/official-code-port-v3/run-fig45-v2-p0fix-20260821-r2/results/audit/official_port_verification.json=f2e9fd601064406a73e901f57150b34e9bd7e7288ddf630c1ccd31072bc3d77b;/media/desk16/iy13202/projects/Paper2Paper/tmp/tnbc-chromatin-tf-nc-2026/official-code-port-v3/run-fig45-v2-p0fix-20260821-r2/work/generated/materialization_receipt.json=00ddf1923adf37e59a5ae2b2d4bc2f508c64670099a1133e7d0624d00ccd0100	
fig45	Figure4H	/media/desk16/iy13202/projects/Paper2Paper/tmp/tnbc-chromatin-tf-nc-2026/official-code-port-v3/run-fig45-v2-p0fix-20260821-r2/results/atomic/Figure4H_CREBRF_OS.pdf	25136	64fd0b41378f772946da15046d7147afcb886c1f5b5402559ad09e0902cbc6e1	25136	64fd0b41378f772946da15046d7147afcb886c1f5b5402559ad09e0902cbc6e1	VERIFIED	edf5314	/media/desk16/iy13202/projects/Paper2Paper/tmp/tnbc-chromatin-tf-nc-2026/official-code-port-v3/run-fig45-v2-p0fix-20260821-r2/results/atomic_pdf_sha256.tsv	/media/desk16/iy13202/projects/Paper2Paper/tmp/tnbc-chromatin-tf-nc-2026/official-code-port-v3/run-fig45-v2-p0fix-20260821-r2/results/atomic_pdf_sha256.tsv;/media/desk16/iy13202/projects/Paper2Paper/tmp/tnbc-chromatin-tf-nc-2026/official-code-port-v3/run-fig45-v2-p0fix-20260821-r2/results/audit/official_port_verification.json;/media/desk16/iy13202/projects/Paper2Paper/tmp/tnbc-chromatin-tf-nc-2026/official-code-port-v3/run-fig45-v2-p0fix-20260821-r2/work/generated/materialization_receipt.json	/media/desk16/iy13202/projects/Paper2Paper/tmp/tnbc-chromatin-tf-nc-2026/official-code-port-v3/run-fig45-v2-p0fix-20260821-r2/results/atomic_pdf_sha256.tsv=476ea9d139b3139bf1336bf7eaa117bdb27cd16b6f99cf03d00987eba423a5ce;/media/desk16/iy13202/projects/Paper2Paper/tmp/tnbc-chromatin-tf-nc-2026/official-code-port-v3/run-fig45-v2-p0fix-20260821-r2/results/audit/official_port_verification.json=f2e9fd601064406a73e901f57150b34e9bd7e7288ddf630c1ccd31072bc3d77b;/media/desk16/iy13202/projects/Paper2Paper/tmp/tnbc-chromatin-tf-nc-2026/official-code-port-v3/run-fig45-v2-p0fix-20260821-r2/work/generated/materialization_receipt.json=00ddf1923adf37e59a5ae2b2d4bc2f508c64670099a1133e7d0624d00ccd0100	
fig45	Figure4H	/media/desk16/iy13202/projects/Paper2Paper/tmp/tnbc-chromatin-tf-nc-2026/official-code-port-v3/run-fig45-v2-p0fix-20260821-r2/results/atomic/Figure4H_PHC2_DFS.pdf	23972	c826d022c5d985781bc6128368bf0d87baffff746e05555f7ce74db8592001f2	23972	c826d022c5d985781bc6128368bf0d87baffff746e05555f7ce74db8592001f2	VERIFIED	edf5314	/media/desk16/iy13202/projects/Paper2Paper/tmp/tnbc-chromatin-tf-nc-2026/official-code-port-v3/run-fig45-v2-p0fix-20260821-r2/results/atomic_pdf_sha256.tsv	/media/desk16/iy13202/projects/Paper2Paper/tmp/tnbc-chromatin-tf-nc-2026/official-code-port-v3/run-fig45-v2-p0fix-20260821-r2/results/atomic_pdf_sha256.tsv;/media/desk16/iy13202/projects/Paper2Paper/tmp/tnbc-chromatin-tf-nc-2026/official-code-port-v3/run-fig45-v2-p0fix-20260821-r2/results/audit/official_port_verification.json;/media/desk16/iy13202/projects/Paper2Paper/tmp/tnbc-chromatin-tf-nc-2026/official-code-port-v3/run-fig45-v2-p0fix-20260821-r2/work/generated/materialization_receipt.json	/media/desk16/iy13202/projects/Paper2Paper/tmp/tnbc-chromatin-tf-nc-2026/official-code-port-v3/run-fig45-v2-p0fix-20260821-r2/results/atomic_pdf_sha256.tsv=476ea9d139b3139bf1336bf7eaa117bdb27cd16b6f99cf03d00987eba423a5ce;/media/desk16/iy13202/projects/Paper2Paper/tmp/tnbc-chromatin-tf-nc-2026/official-code-port-v3/run-fig45-v2-p0fix-20260821-r2/results/audit/official_port_verification.json=f2e9fd601064406a73e901f57150b34e9bd7e7288ddf630c1ccd31072bc3d77b;/media/desk16/iy13202/projects/Paper2Paper/tmp/tnbc-chromatin-tf-nc-2026/official-code-port-v3/run-fig45-v2-p0fix-20260821-r2/work/generated/materialization_receipt.json=00ddf1923adf37e59a5ae2b2d4bc2f508c64670099a1133e7d0624d00ccd0100	
fig45	Figure4H	/media/desk16/iy13202/projects/Paper2Paper/tmp/tnbc-chromatin-tf-nc-2026/official-code-port-v3/run-fig45-v2-p0fix-20260821-r2/results/atomic/Figure4H_PHC2_OS.pdf	25175	4d3f9cae4af8b308b72b1c3e01584705279fcd82211f6e926f158f0fb283964a	25175	4d3f9cae4af8b308b72b1c3e01584705279fcd82211f6e926f158f0fb283964a	VERIFIED	edf5314	/media/desk16/iy13202/projects/Paper2Paper/tmp/tnbc-chromatin-tf-nc-2026/official-code-port-v3/run-fig45-v2-p0fix-20260821-r2/results/atomic_pdf_sha256.tsv	/media/desk16/iy13202/projects/Paper2Paper/tmp/tnbc-chromatin-tf-nc-2026/official-code-port-v3/run-fig45-v2-p0fix-20260821-r2/results/atomic_pdf_sha256.tsv;/media/desk16/iy13202/projects/Paper2Paper/tmp/tnbc-chromatin-tf-nc-2026/official-code-port-v3/run-fig45-v2-p0fix-20260821-r2/results/audit/official_port_verification.json;/media/desk16/iy13202/projects/Paper2Paper/tmp/tnbc-chromatin-tf-nc-2026/official-code-port-v3/run-fig45-v2-p0fix-20260821-r2/work/generated/materialization_receipt.json	/media/desk16/iy13202/projects/Paper2Paper/tmp/tnbc-chromatin-tf-nc-2026/official-code-port-v3/run-fig45-v2-p0fix-20260821-r2/results/atomic_pdf_sha256.tsv=476ea9d139b3139bf1336bf7eaa117bdb27cd16b6f99cf03d00987eba423a5ce;/media/desk16/iy13202/projects/Paper2Paper/tmp/tnbc-chromatin-tf-nc-2026/official-code-port-v3/run-fig45-v2-p0fix-20260821-r2/results/audit/official_port_verification.json=f2e9fd601064406a73e901f57150b34e9bd7e7288ddf630c1ccd31072bc3d77b;/media/desk16/iy13202/projects/Paper2Paper/tmp/tnbc-chromatin-tf-nc-2026/official-code-port-v3/run-fig45-v2-p0fix-20260821-r2/work/generated/materialization_receipt.json=00ddf1923adf37e59a5ae2b2d4bc2f508c64670099a1133e7d0624d00ccd0100	
fig45	SupplementaryFigure6A	/media/desk16/iy13202/projects/Paper2Paper/tmp/tnbc-chromatin-tf-nc-2026/official-code-port-v3/run-fig45-v2-p0fix-20260821-r2/results/atomic/SupplementaryFigure6A.pdf	13602	925a52940f4607ff08f100d9d5e1d65d45c41d861f0451f7c1e64c2a7f786fa8	13602	925a52940f4607ff08f100d9d5e1d65d45c41d861f0451f7c1e64c2a7f786fa8	VERIFIED	edf5314	/media/desk16/iy13202/projects/Paper2Paper/tmp/tnbc-chromatin-tf-nc-2026/official-code-port-v3/run-fig45-v2-p0fix-20260821-r2/results/atomic_pdf_sha256.tsv	/media/desk16/iy13202/projects/Paper2Paper/tmp/tnbc-chromatin-tf-nc-2026/official-code-port-v3/run-fig45-v2-p0fix-20260821-r2/results/atomic_pdf_sha256.tsv;/media/desk16/iy13202/projects/Paper2Paper/tmp/tnbc-chromatin-tf-nc-2026/official-code-port-v3/run-fig45-v2-p0fix-20260821-r2/results/audit/official_port_verification.json;/media/desk16/iy13202/projects/Paper2Paper/tmp/tnbc-chromatin-tf-nc-2026/official-code-port-v3/run-fig45-v2-p0fix-20260821-r2/work/generated/materialization_receipt.json	/media/desk16/iy13202/projects/Paper2Paper/tmp/tnbc-chromatin-tf-nc-2026/official-code-port-v3/run-fig45-v2-p0fix-20260821-r2/results/atomic_pdf_sha256.tsv=476ea9d139b3139bf1336bf7eaa117bdb27cd16b6f99cf03d00987eba423a5ce;/media/desk16/iy13202/projects/Paper2Paper/tmp/tnbc-chromatin-tf-nc-2026/official-code-port-v3/run-fig45-v2-p0fix-20260821-r2/results/audit/official_port_verification.json=f2e9fd601064406a73e901f57150b34e9bd7e7288ddf630c1ccd31072bc3d77b;/media/desk16/iy13202/projects/Paper2Paper/tmp/tnbc-chromatin-tf-nc-2026/official-code-port-v3/run-fig45-v2-p0fix-20260821-r2/work/generated/materialization_receipt.json=00ddf1923adf37e59a5ae2b2d4bc2f508c64670099a1133e7d0624d00ccd0100	
fig45	SupplementaryFigure6B	/media/desk16/iy13202/projects/Paper2Paper/tmp/tnbc-chromatin-tf-nc-2026/official-code-port-v3/run-fig45-v2-p0fix-20260821-r2/results/atomic/SupplementaryFigure6B.pdf	13401	ed961b2345714a9754b16ac5bcc76d277d285f8b7727c8b9bbce588f25fd154d	13401	ed961b2345714a9754b16ac5bcc76d277d285f8b7727c8b9bbce588f25fd154d	VERIFIED	edf5314	/media/desk16/iy13202/projects/Paper2Paper/tmp/tnbc-chromatin-tf-nc-2026/official-code-port-v3/run-fig45-v2-p0fix-20260821-r2/results/atomic_pdf_sha256.tsv	/media/desk16/iy13202/projects/Paper2Paper/tmp/tnbc-chromatin-tf-nc-2026/official-code-port-v3/run-fig45-v2-p0fix-20260821-r2/results/atomic_pdf_sha256.tsv;/media/desk16/iy13202/projects/Paper2Paper/tmp/tnbc-chromatin-tf-nc-2026/official-code-port-v3/run-fig45-v2-p0fix-20260821-r2/results/audit/official_port_verification.json;/media/desk16/iy13202/projects/Paper2Paper/tmp/tnbc-chromatin-tf-nc-2026/official-code-port-v3/run-fig45-v2-p0fix-20260821-r2/work/generated/materialization_receipt.json	/media/desk16/iy13202/projects/Paper2Paper/tmp/tnbc-chromatin-tf-nc-2026/official-code-port-v3/run-fig45-v2-p0fix-20260821-r2/results/atomic_pdf_sha256.tsv=476ea9d139b3139bf1336bf7eaa117bdb27cd16b6f99cf03d00987eba423a5ce;/media/desk16/iy13202/projects/Paper2Paper/tmp/tnbc-chromatin-tf-nc-2026/official-code-port-v3/run-fig45-v2-p0fix-20260821-r2/results/audit/official_port_verification.json=f2e9fd601064406a73e901f57150b34e9bd7e7288ddf630c1ccd31072bc3d77b;/media/desk16/iy13202/projects/Paper2Paper/tmp/tnbc-chromatin-tf-nc-2026/official-code-port-v3/run-fig45-v2-p0fix-20260821-r2/work/generated/materialization_receipt.json=00ddf1923adf37e59a5ae2b2d4bc2f508c64670099a1133e7d0624d00ccd0100	
fig45	SupplementaryFigure6C	/media/desk16/iy13202/projects/Paper2Paper/tmp/tnbc-chromatin-tf-nc-2026/official-code-port-v3/run-fig45-v2-p0fix-20260821-r2/results/atomic/SupplementaryFigure6C.pdf	13984	90d81906dd54c1d17247f5521aa2b9fe7b711b257b7194e07733573c7653d564	13984	90d81906dd54c1d17247f5521aa2b9fe7b711b257b7194e07733573c7653d564	VERIFIED	edf5314	/media/desk16/iy13202/projects/Paper2Paper/tmp/tnbc-chromatin-tf-nc-2026/official-code-port-v3/run-fig45-v2-p0fix-20260821-r2/results/atomic_pdf_sha256.tsv	/media/desk16/iy13202/projects/Paper2Paper/tmp/tnbc-chromatin-tf-nc-2026/official-code-port-v3/run-fig45-v2-p0fix-20260821-r2/results/atomic_pdf_sha256.tsv;/media/desk16/iy13202/projects/Paper2Paper/tmp/tnbc-chromatin-tf-nc-2026/official-code-port-v3/run-fig45-v2-p0fix-20260821-r2/results/audit/official_port_verification.json;/media/desk16/iy13202/projects/Paper2Paper/tmp/tnbc-chromatin-tf-nc-2026/official-code-port-v3/run-fig45-v2-p0fix-20260821-r2/work/generated/materialization_receipt.json	/media/desk16/iy13202/projects/Paper2Paper/tmp/tnbc-chromatin-tf-nc-2026/official-code-port-v3/run-fig45-v2-p0fix-20260821-r2/results/atomic_pdf_sha256.tsv=476ea9d139b3139bf1336bf7eaa117bdb27cd16b6f99cf03d00987eba423a5ce;/media/desk16/iy13202/projects/Paper2Paper/tmp/tnbc-chromatin-tf-nc-2026/official-code-port-v3/run-fig45-v2-p0fix-20260821-r2/results/audit/official_port_verification.json=f2e9fd601064406a73e901f57150b34e9bd7e7288ddf630c1ccd31072bc3d77b;/media/desk16/iy13202/projects/Paper2Paper/tmp/tnbc-chromatin-tf-nc-2026/official-code-port-v3/run-fig45-v2-p0fix-20260821-r2/work/generated/materialization_receipt.json=00ddf1923adf37e59a5ae2b2d4bc2f508c64670099a1133e7d0624d00ccd0100	
fig45	SupplementaryFigure6D	/media/desk16/iy13202/projects/Paper2Paper/tmp/tnbc-chromatin-tf-nc-2026/official-code-port-v3/run-fig45-v2-p0fix-20260821-r2/results/atomic/SupplementaryFigure6D.pdf	13216	a121c3add3718291a340f4726e63a5c5a7bbe47eb2537844b27155301b31de93	13216	a121c3add3718291a340f4726e63a5c5a7bbe47eb2537844b27155301b31de93	VERIFIED	edf5314	/media/desk16/iy13202/projects/Paper2Paper/tmp/tnbc-chromatin-tf-nc-2026/official-code-port-v3/run-fig45-v2-p0fix-20260821-r2/results/atomic_pdf_sha256.tsv	/media/desk16/iy13202/projects/Paper2Paper/tmp/tnbc-chromatin-tf-nc-2026/official-code-port-v3/run-fig45-v2-p0fix-20260821-r2/results/atomic_pdf_sha256.tsv;/media/desk16/iy13202/projects/Paper2Paper/tmp/tnbc-chromatin-tf-nc-2026/official-code-port-v3/run-fig45-v2-p0fix-20260821-r2/results/audit/official_port_verification.json;/media/desk16/iy13202/projects/Paper2Paper/tmp/tnbc-chromatin-tf-nc-2026/official-code-port-v3/run-fig45-v2-p0fix-20260821-r2/work/generated/materialization_receipt.json	/media/desk16/iy13202/projects/Paper2Paper/tmp/tnbc-chromatin-tf-nc-2026/official-code-port-v3/run-fig45-v2-p0fix-20260821-r2/results/atomic_pdf_sha256.tsv=476ea9d139b3139bf1336bf7eaa117bdb27cd16b6f99cf03d00987eba423a5ce;/media/desk16/iy13202/projects/Paper2Paper/tmp/tnbc-chromatin-tf-nc-2026/official-code-port-v3/run-fig45-v2-p0fix-20260821-r2/results/audit/official_port_verification.json=f2e9fd601064406a73e901f57150b34e9bd7e7288ddf630c1ccd31072bc3d77b;/media/desk16/iy13202/projects/Paper2Paper/tmp/tnbc-chromatin-tf-nc-2026/official-code-port-v3/run-fig45-v2-p0fix-20260821-r2/work/generated/materialization_receipt.json=00ddf1923adf37e59a5ae2b2d4bc2f508c64670099a1133e7d0624d00ccd0100	
fig45	SupplementaryFigure6E	/media/desk16/iy13202/projects/Paper2Paper/tmp/tnbc-chromatin-tf-nc-2026/official-code-port-v3/run-fig45-v2-p0fix-20260821-r2/results/atomic/SupplementaryFigure6E.pdf	13334	b55334f8fd2c2ef742733f556a7040d660bad01d067a610ec43746413f376536	13334	b55334f8fd2c2ef742733f556a7040d660bad01d067a610ec43746413f376536	VERIFIED	edf5314	/media/desk16/iy13202/projects/Paper2Paper/tmp/tnbc-chromatin-tf-nc-2026/official-code-port-v3/run-fig45-v2-p0fix-20260821-r2/results/atomic_pdf_sha256.tsv	/media/desk16/iy13202/projects/Paper2Paper/tmp/tnbc-chromatin-tf-nc-2026/official-code-port-v3/run-fig45-v2-p0fix-20260821-r2/results/atomic_pdf_sha256.tsv;/media/desk16/iy13202/projects/Paper2Paper/tmp/tnbc-chromatin-tf-nc-2026/official-code-port-v3/run-fig45-v2-p0fix-20260821-r2/results/audit/official_port_verification.json;/media/desk16/iy13202/projects/Paper2Paper/tmp/tnbc-chromatin-tf-nc-2026/official-code-port-v3/run-fig45-v2-p0fix-20260821-r2/work/generated/materialization_receipt.json	/media/desk16/iy13202/projects/Paper2Paper/tmp/tnbc-chromatin-tf-nc-2026/official-code-port-v3/run-fig45-v2-p0fix-20260821-r2/results/atomic_pdf_sha256.tsv=476ea9d139b3139bf1336bf7eaa117bdb27cd16b6f99cf03d00987eba423a5ce;/media/desk16/iy13202/projects/Paper2Paper/tmp/tnbc-chromatin-tf-nc-2026/official-code-port-v3/run-fig45-v2-p0fix-20260821-r2/results/audit/official_port_verification.json=f2e9fd601064406a73e901f57150b34e9bd7e7288ddf630c1ccd31072bc3d77b;/media/desk16/iy13202/projects/Paper2Paper/tmp/tnbc-chromatin-tf-nc-2026/official-code-port-v3/run-fig45-v2-p0fix-20260821-r2/work/generated/materialization_receipt.json=00ddf1923adf37e59a5ae2b2d4bc2f508c64670099a1133e7d0624d00ccd0100	
fig45	SupplementaryFigure6F	/media/desk16/iy13202/projects/Paper2Paper/tmp/tnbc-chromatin-tf-nc-2026/official-code-port-v3/run-fig45-v2-p0fix-20260821-r2/results/atomic/SupplementaryFigure6F.pdf	13541	cf4b01136ebc384aeb9bbba3ed21de0802b9d92b2b740424718c2da61f70d804	13541	cf4b01136ebc384aeb9bbba3ed21de0802b9d92b2b740424718c2da61f70d804	VERIFIED	edf5314	/media/desk16/iy13202/projects/Paper2Paper/tmp/tnbc-chromatin-tf-nc-2026/official-code-port-v3/run-fig45-v2-p0fix-20260821-r2/results/atomic_pdf_sha256.tsv	/media/desk16/iy13202/projects/Paper2Paper/tmp/tnbc-chromatin-tf-nc-2026/official-code-port-v3/run-fig45-v2-p0fix-20260821-r2/results/atomic_pdf_sha256.tsv;/media/desk16/iy13202/projects/Paper2Paper/tmp/tnbc-chromatin-tf-nc-2026/official-code-port-v3/run-fig45-v2-p0fix-20260821-r2/results/audit/official_port_verification.json;/media/desk16/iy13202/projects/Paper2Paper/tmp/tnbc-chromatin-tf-nc-2026/official-code-port-v3/run-fig45-v2-p0fix-20260821-r2/work/generated/materialization_receipt.json	/media/desk16/iy13202/projects/Paper2Paper/tmp/tnbc-chromatin-tf-nc-2026/official-code-port-v3/run-fig45-v2-p0fix-20260821-r2/results/atomic_pdf_sha256.tsv=476ea9d139b3139bf1336bf7eaa117bdb27cd16b6f99cf03d00987eba423a5ce;/media/desk16/iy13202/projects/Paper2Paper/tmp/tnbc-chromatin-tf-nc-2026/official-code-port-v3/run-fig45-v2-p0fix-20260821-r2/results/audit/official_port_verification.json=f2e9fd601064406a73e901f57150b34e9bd7e7288ddf630c1ccd31072bc3d77b;/media/desk16/iy13202/projects/Paper2Paper/tmp/tnbc-chromatin-tf-nc-2026/official-code-port-v3/run-fig45-v2-p0fix-20260821-r2/work/generated/materialization_receipt.json=00ddf1923adf37e59a5ae2b2d4bc2f508c64670099a1133e7d0624d00ccd0100	
fig45	SupplementaryFigure6G	/media/desk16/iy13202/projects/Paper2Paper/tmp/tnbc-chromatin-tf-nc-2026/official-code-port-v3/run-fig45-v2-p0fix-20260821-r2/results/atomic/SupplementaryFigure6G.pdf	13894	921483c702bf81184d4f7be295a9f470a7b2b8d764048069ef250e50a07dbee2	13894	921483c702bf81184d4f7be295a9f470a7b2b8d764048069ef250e50a07dbee2	VERIFIED	edf5314	/media/desk16/iy13202/projects/Paper2Paper/tmp/tnbc-chromatin-tf-nc-2026/official-code-port-v3/run-fig45-v2-p0fix-20260821-r2/results/atomic_pdf_sha256.tsv	/media/desk16/iy13202/projects/Paper2Paper/tmp/tnbc-chromatin-tf-nc-2026/official-code-port-v3/run-fig45-v2-p0fix-20260821-r2/results/atomic_pdf_sha256.tsv;/media/desk16/iy13202/projects/Paper2Paper/tmp/tnbc-chromatin-tf-nc-2026/official-code-port-v3/run-fig45-v2-p0fix-20260821-r2/results/audit/official_port_verification.json;/media/desk16/iy13202/projects/Paper2Paper/tmp/tnbc-chromatin-tf-nc-2026/official-code-port-v3/run-fig45-v2-p0fix-20260821-r2/work/generated/materialization_receipt.json	/media/desk16/iy13202/projects/Paper2Paper/tmp/tnbc-chromatin-tf-nc-2026/official-code-port-v3/run-fig45-v2-p0fix-20260821-r2/results/atomic_pdf_sha256.tsv=476ea9d139b3139bf1336bf7eaa117bdb27cd16b6f99cf03d00987eba423a5ce;/media/desk16/iy13202/projects/Paper2Paper/tmp/tnbc-chromatin-tf-nc-2026/official-code-port-v3/run-fig45-v2-p0fix-20260821-r2/results/audit/official_port_verification.json=f2e9fd601064406a73e901f57150b34e9bd7e7288ddf630c1ccd31072bc3d77b;/media/desk16/iy13202/projects/Paper2Paper/tmp/tnbc-chromatin-tf-nc-2026/official-code-port-v3/run-fig45-v2-p0fix-20260821-r2/work/generated/materialization_receipt.json=00ddf1923adf37e59a5ae2b2d4bc2f508c64670099a1133e7d0624d00ccd0100	
fig45	SupplementaryFigure6H	/media/desk16/iy13202/projects/Paper2Paper/tmp/tnbc-chromatin-tf-nc-2026/official-code-port-v3/run-fig45-v2-p0fix-20260821-r2/results/atomic/SupplementaryFigure6H.pdf	13535	e08bfda0e35d5c871278ab0a1b0b334c2bd8488bdb15440be05682c8af538ae1	13535	e08bfda0e35d5c871278ab0a1b0b334c2bd8488bdb15440be05682c8af538ae1	VERIFIED	edf5314	/media/desk16/iy13202/projects/Paper2Paper/tmp/tnbc-chromatin-tf-nc-2026/official-code-port-v3/run-fig45-v2-p0fix-20260821-r2/results/atomic_pdf_sha256.tsv	/media/desk16/iy13202/projects/Paper2Paper/tmp/tnbc-chromatin-tf-nc-2026/official-code-port-v3/run-fig45-v2-p0fix-20260821-r2/results/atomic_pdf_sha256.tsv;/media/desk16/iy13202/projects/Paper2Paper/tmp/tnbc-chromatin-tf-nc-2026/official-code-port-v3/run-fig45-v2-p0fix-20260821-r2/results/audit/official_port_verification.json;/media/desk16/iy13202/projects/Paper2Paper/tmp/tnbc-chromatin-tf-nc-2026/official-code-port-v3/run-fig45-v2-p0fix-20260821-r2/work/generated/materialization_receipt.json	/media/desk16/iy13202/projects/Paper2Paper/tmp/tnbc-chromatin-tf-nc-2026/official-code-port-v3/run-fig45-v2-p0fix-20260821-r2/results/atomic_pdf_sha256.tsv=476ea9d139b3139bf1336bf7eaa117bdb27cd16b6f99cf03d00987eba423a5ce;/media/desk16/iy13202/projects/Paper2Paper/tmp/tnbc-chromatin-tf-nc-2026/official-code-port-v3/run-fig45-v2-p0fix-20260821-r2/results/audit/official_port_verification.json=f2e9fd601064406a73e901f57150b34e9bd7e7288ddf630c1ccd31072bc3d77b;/media/desk16/iy13202/projects/Paper2Paper/tmp/tnbc-chromatin-tf-nc-2026/official-code-port-v3/run-fig45-v2-p0fix-20260821-r2/work/generated/materialization_receipt.json=00ddf1923adf37e59a5ae2b2d4bc2f508c64670099a1133e7d0624d00ccd0100	
fig45	Figure5A	/media/desk16/iy13202/projects/Paper2Paper/tmp/tnbc-chromatin-tf-nc-2026/official-code-port-v3/run-fig45-v2-p0fix-20260821-r2/results/atomic/Figure5A.pdf	533388	cfa1553a1f2f1e33aa3d908af2f1d4a0a9f64e3b627563eca6641d39e6e64a93	533388	cfa1553a1f2f1e33aa3d908af2f1d4a0a9f64e3b627563eca6641d39e6e64a93	VERIFIED	edf5314	/media/desk16/iy13202/projects/Paper2Paper/tmp/tnbc-chromatin-tf-nc-2026/official-code-port-v3/run-fig45-v2-p0fix-20260821-r2/results/atomic_pdf_sha256.tsv	/media/desk16/iy13202/projects/Paper2Paper/tmp/tnbc-chromatin-tf-nc-2026/official-code-port-v3/run-fig45-v2-p0fix-20260821-r2/results/atomic_pdf_sha256.tsv;/media/desk16/iy13202/projects/Paper2Paper/tmp/tnbc-chromatin-tf-nc-2026/official-code-port-v3/run-fig45-v2-p0fix-20260821-r2/results/audit/official_port_verification.json;/media/desk16/iy13202/projects/Paper2Paper/tmp/tnbc-chromatin-tf-nc-2026/official-code-port-v3/run-fig45-v2-p0fix-20260821-r2/work/generated/materialization_receipt.json	/media/desk16/iy13202/projects/Paper2Paper/tmp/tnbc-chromatin-tf-nc-2026/official-code-port-v3/run-fig45-v2-p0fix-20260821-r2/results/atomic_pdf_sha256.tsv=476ea9d139b3139bf1336bf7eaa117bdb27cd16b6f99cf03d00987eba423a5ce;/media/desk16/iy13202/projects/Paper2Paper/tmp/tnbc-chromatin-tf-nc-2026/official-code-port-v3/run-fig45-v2-p0fix-20260821-r2/results/audit/official_port_verification.json=f2e9fd601064406a73e901f57150b34e9bd7e7288ddf630c1ccd31072bc3d77b;/media/desk16/iy13202/projects/Paper2Paper/tmp/tnbc-chromatin-tf-nc-2026/official-code-port-v3/run-fig45-v2-p0fix-20260821-r2/work/generated/materialization_receipt.json=00ddf1923adf37e59a5ae2b2d4bc2f508c64670099a1133e7d0624d00ccd0100	
fig45	Figure5B	/media/desk16/iy13202/projects/Paper2Paper/tmp/tnbc-chromatin-tf-nc-2026/official-code-port-v3/run-fig45-v2-p0fix-20260821-r2/results/atomic/Figure5B.pdf	98228	0751c8df15c03780feb6addf47765b66663369866df54ce760dc9590e1ef803c	98228	0751c8df15c03780feb6addf47765b66663369866df54ce760dc9590e1ef803c	VERIFIED	edf5314	/media/desk16/iy13202/projects/Paper2Paper/tmp/tnbc-chromatin-tf-nc-2026/official-code-port-v3/run-fig45-v2-p0fix-20260821-r2/results/atomic_pdf_sha256.tsv	/media/desk16/iy13202/projects/Paper2Paper/tmp/tnbc-chromatin-tf-nc-2026/official-code-port-v3/run-fig45-v2-p0fix-20260821-r2/results/atomic_pdf_sha256.tsv;/media/desk16/iy13202/projects/Paper2Paper/tmp/tnbc-chromatin-tf-nc-2026/official-code-port-v3/run-fig45-v2-p0fix-20260821-r2/results/audit/official_port_verification.json;/media/desk16/iy13202/projects/Paper2Paper/tmp/tnbc-chromatin-tf-nc-2026/official-code-port-v3/run-fig45-v2-p0fix-20260821-r2/work/generated/materialization_receipt.json	/media/desk16/iy13202/projects/Paper2Paper/tmp/tnbc-chromatin-tf-nc-2026/official-code-port-v3/run-fig45-v2-p0fix-20260821-r2/results/atomic_pdf_sha256.tsv=476ea9d139b3139bf1336bf7eaa117bdb27cd16b6f99cf03d00987eba423a5ce;/media/desk16/iy13202/projects/Paper2Paper/tmp/tnbc-chromatin-tf-nc-2026/official-code-port-v3/run-fig45-v2-p0fix-20260821-r2/results/audit/official_port_verification.json=f2e9fd601064406a73e901f57150b34e9bd7e7288ddf630c1ccd31072bc3d77b;/media/desk16/iy13202/projects/Paper2Paper/tmp/tnbc-chromatin-tf-nc-2026/official-code-port-v3/run-fig45-v2-p0fix-20260821-r2/work/generated/materialization_receipt.json=00ddf1923adf37e59a5ae2b2d4bc2f508c64670099a1133e7d0624d00ccd0100	
fig45	Figure5C	/media/desk16/iy13202/projects/Paper2Paper/tmp/tnbc-chromatin-tf-nc-2026/official-code-port-v3/run-fig45-v2-p0fix-20260821-r2/results/atomic/Figure5C.pdf	297431	5b7438245a91efc2b925e513b33dcd1ce918fd4edb55c981b49ad90c1c592ee7	297431	5b7438245a91efc2b925e513b33dcd1ce918fd4edb55c981b49ad90c1c592ee7	VERIFIED	edf5314	/media/desk16/iy13202/projects/Paper2Paper/tmp/tnbc-chromatin-tf-nc-2026/official-code-port-v3/run-fig45-v2-p0fix-20260821-r2/results/atomic_pdf_sha256.tsv	/media/desk16/iy13202/projects/Paper2Paper/tmp/tnbc-chromatin-tf-nc-2026/official-code-port-v3/run-fig45-v2-p0fix-20260821-r2/results/atomic_pdf_sha256.tsv;/media/desk16/iy13202/projects/Paper2Paper/tmp/tnbc-chromatin-tf-nc-2026/official-code-port-v3/run-fig45-v2-p0fix-20260821-r2/results/audit/official_port_verification.json;/media/desk16/iy13202/projects/Paper2Paper/tmp/tnbc-chromatin-tf-nc-2026/official-code-port-v3/run-fig45-v2-p0fix-20260821-r2/work/generated/materialization_receipt.json	/media/desk16/iy13202/projects/Paper2Paper/tmp/tnbc-chromatin-tf-nc-2026/official-code-port-v3/run-fig45-v2-p0fix-20260821-r2/results/atomic_pdf_sha256.tsv=476ea9d139b3139bf1336bf7eaa117bdb27cd16b6f99cf03d00987eba423a5ce;/media/desk16/iy13202/projects/Paper2Paper/tmp/tnbc-chromatin-tf-nc-2026/official-code-port-v3/run-fig45-v2-p0fix-20260821-r2/results/audit/official_port_verification.json=f2e9fd601064406a73e901f57150b34e9bd7e7288ddf630c1ccd31072bc3d77b;/media/desk16/iy13202/projects/Paper2Paper/tmp/tnbc-chromatin-tf-nc-2026/official-code-port-v3/run-fig45-v2-p0fix-20260821-r2/work/generated/materialization_receipt.json=00ddf1923adf37e59a5ae2b2d4bc2f508c64670099a1133e7d0624d00ccd0100	
fig45	Figure5D	/media/desk16/iy13202/projects/Paper2Paper/tmp/tnbc-chromatin-tf-nc-2026/official-code-port-v3/run-fig45-v2-p0fix-20260821-r2/results/atomic/Figure5D.pdf	13174	96781f8387e11b8e6ec218b3297b56a62912e71ff81db80a33f1781ff49dbb37	13174	96781f8387e11b8e6ec218b3297b56a62912e71ff81db80a33f1781ff49dbb37	VERIFIED	edf5314	/media/desk16/iy13202/projects/Paper2Paper/tmp/tnbc-chromatin-tf-nc-2026/official-code-port-v3/run-fig45-v2-p0fix-20260821-r2/results/atomic_pdf_sha256.tsv	/media/desk16/iy13202/projects/Paper2Paper/tmp/tnbc-chromatin-tf-nc-2026/official-code-port-v3/run-fig45-v2-p0fix-20260821-r2/results/atomic_pdf_sha256.tsv;/media/desk16/iy13202/projects/Paper2Paper/tmp/tnbc-chromatin-tf-nc-2026/official-code-port-v3/run-fig45-v2-p0fix-20260821-r2/results/audit/official_port_verification.json;/media/desk16/iy13202/projects/Paper2Paper/tmp/tnbc-chromatin-tf-nc-2026/official-code-port-v3/run-fig45-v2-p0fix-20260821-r2/work/generated/materialization_receipt.json	/media/desk16/iy13202/projects/Paper2Paper/tmp/tnbc-chromatin-tf-nc-2026/official-code-port-v3/run-fig45-v2-p0fix-20260821-r2/results/atomic_pdf_sha256.tsv=476ea9d139b3139bf1336bf7eaa117bdb27cd16b6f99cf03d00987eba423a5ce;/media/desk16/iy13202/projects/Paper2Paper/tmp/tnbc-chromatin-tf-nc-2026/official-code-port-v3/run-fig45-v2-p0fix-20260821-r2/results/audit/official_port_verification.json=f2e9fd601064406a73e901f57150b34e9bd7e7288ddf630c1ccd31072bc3d77b;/media/desk16/iy13202/projects/Paper2Paper/tmp/tnbc-chromatin-tf-nc-2026/official-code-port-v3/run-fig45-v2-p0fix-20260821-r2/work/generated/materialization_receipt.json=00ddf1923adf37e59a5ae2b2d4bc2f508c64670099a1133e7d0624d00ccd0100	
fig45	Figure5E	/media/desk16/iy13202/projects/Paper2Paper/tmp/tnbc-chromatin-tf-nc-2026/official-code-port-v3/run-fig45-v2-p0fix-20260821-r2/results/atomic/Figure5E.pdf	15532	b35c8e08edb874e8fd98cdff6aec369ea5727a3af80707d11fa33d77430d9071	15532	b35c8e08edb874e8fd98cdff6aec369ea5727a3af80707d11fa33d77430d9071	VERIFIED	edf5314	/media/desk16/iy13202/projects/Paper2Paper/tmp/tnbc-chromatin-tf-nc-2026/official-code-port-v3/run-fig45-v2-p0fix-20260821-r2/results/atomic_pdf_sha256.tsv	/media/desk16/iy13202/projects/Paper2Paper/tmp/tnbc-chromatin-tf-nc-2026/official-code-port-v3/run-fig45-v2-p0fix-20260821-r2/results/atomic_pdf_sha256.tsv;/media/desk16/iy13202/projects/Paper2Paper/tmp/tnbc-chromatin-tf-nc-2026/official-code-port-v3/run-fig45-v2-p0fix-20260821-r2/results/audit/official_port_verification.json;/media/desk16/iy13202/projects/Paper2Paper/tmp/tnbc-chromatin-tf-nc-2026/official-code-port-v3/run-fig45-v2-p0fix-20260821-r2/work/generated/materialization_receipt.json	/media/desk16/iy13202/projects/Paper2Paper/tmp/tnbc-chromatin-tf-nc-2026/official-code-port-v3/run-fig45-v2-p0fix-20260821-r2/results/atomic_pdf_sha256.tsv=476ea9d139b3139bf1336bf7eaa117bdb27cd16b6f99cf03d00987eba423a5ce;/media/desk16/iy13202/projects/Paper2Paper/tmp/tnbc-chromatin-tf-nc-2026/official-code-port-v3/run-fig45-v2-p0fix-20260821-r2/results/audit/official_port_verification.json=f2e9fd601064406a73e901f57150b34e9bd7e7288ddf630c1ccd31072bc3d77b;/media/desk16/iy13202/projects/Paper2Paper/tmp/tnbc-chromatin-tf-nc-2026/official-code-port-v3/run-fig45-v2-p0fix-20260821-r2/work/generated/materialization_receipt.json=00ddf1923adf37e59a5ae2b2d4bc2f508c64670099a1133e7d0624d00ccd0100	
fig45	Figure5F_low	/media/desk16/iy13202/projects/Paper2Paper/tmp/tnbc-chromatin-tf-nc-2026/official-code-port-v3/run-fig45-v2-p0fix-20260821-r2/results/atomic/Figure5F_Concordance_Index_Low_Sig_PI3K_MAPK_EGFR_Kinase.pdf	23480	c403cc542bd183509ea20232dcff6e4840093751108c593b3285b5617e41dd1b	23480	c403cc542bd183509ea20232dcff6e4840093751108c593b3285b5617e41dd1b	VERIFIED	edf5314	/media/desk16/iy13202/projects/Paper2Paper/tmp/tnbc-chromatin-tf-nc-2026/official-code-port-v3/run-fig45-v2-p0fix-20260821-r2/results/atomic_pdf_sha256.tsv	/media/desk16/iy13202/projects/Paper2Paper/tmp/tnbc-chromatin-tf-nc-2026/official-code-port-v3/run-fig45-v2-p0fix-20260821-r2/results/atomic_pdf_sha256.tsv;/media/desk16/iy13202/projects/Paper2Paper/tmp/tnbc-chromatin-tf-nc-2026/official-code-port-v3/run-fig45-v2-p0fix-20260821-r2/results/audit/official_port_verification.json;/media/desk16/iy13202/projects/Paper2Paper/tmp/tnbc-chromatin-tf-nc-2026/official-code-port-v3/run-fig45-v2-p0fix-20260821-r2/work/generated/materialization_receipt.json	/media/desk16/iy13202/projects/Paper2Paper/tmp/tnbc-chromatin-tf-nc-2026/official-code-port-v3/run-fig45-v2-p0fix-20260821-r2/results/atomic_pdf_sha256.tsv=476ea9d139b3139bf1336bf7eaa117bdb27cd16b6f99cf03d00987eba423a5ce;/media/desk16/iy13202/projects/Paper2Paper/tmp/tnbc-chromatin-tf-nc-2026/official-code-port-v3/run-fig45-v2-p0fix-20260821-r2/results/audit/official_port_verification.json=f2e9fd601064406a73e901f57150b34e9bd7e7288ddf630c1ccd31072bc3d77b;/media/desk16/iy13202/projects/Paper2Paper/tmp/tnbc-chromatin-tf-nc-2026/official-code-port-v3/run-fig45-v2-p0fix-20260821-r2/work/generated/materialization_receipt.json=00ddf1923adf37e59a5ae2b2d4bc2f508c64670099a1133e7d0624d00ccd0100	
fig45	SupplementaryFigure7A	/media/desk16/iy13202/projects/Paper2Paper/tmp/tnbc-chromatin-tf-nc-2026/official-code-port-v3/run-fig45-v2-p0fix-20260821-r2/results/atomic/SupplementaryFigure7A_CellLine_DrugSensitivity_Cohort_DrugIntersection.pdf	13867	0c6b11e91eb5baae29914b4f21c188cc7d06d08658dd7c122045048ce4ac0a69	13867	0c6b11e91eb5baae29914b4f21c188cc7d06d08658dd7c122045048ce4ac0a69	VERIFIED	edf5314	/media/desk16/iy13202/projects/Paper2Paper/tmp/tnbc-chromatin-tf-nc-2026/official-code-port-v3/run-fig45-v2-p0fix-20260821-r2/results/atomic_pdf_sha256.tsv	/media/desk16/iy13202/projects/Paper2Paper/tmp/tnbc-chromatin-tf-nc-2026/official-code-port-v3/run-fig45-v2-p0fix-20260821-r2/results/atomic_pdf_sha256.tsv;/media/desk16/iy13202/projects/Paper2Paper/tmp/tnbc-chromatin-tf-nc-2026/official-code-port-v3/run-fig45-v2-p0fix-20260821-r2/results/audit/official_port_verification.json;/media/desk16/iy13202/projects/Paper2Paper/tmp/tnbc-chromatin-tf-nc-2026/official-code-port-v3/run-fig45-v2-p0fix-20260821-r2/work/generated/materialization_receipt.json	/media/desk16/iy13202/projects/Paper2Paper/tmp/tnbc-chromatin-tf-nc-2026/official-code-port-v3/run-fig45-v2-p0fix-20260821-r2/results/atomic_pdf_sha256.tsv=476ea9d139b3139bf1336bf7eaa117bdb27cd16b6f99cf03d00987eba423a5ce;/media/desk16/iy13202/projects/Paper2Paper/tmp/tnbc-chromatin-tf-nc-2026/official-code-port-v3/run-fig45-v2-p0fix-20260821-r2/results/audit/official_port_verification.json=f2e9fd601064406a73e901f57150b34e9bd7e7288ddf630c1ccd31072bc3d77b;/media/desk16/iy13202/projects/Paper2Paper/tmp/tnbc-chromatin-tf-nc-2026/official-code-port-v3/run-fig45-v2-p0fix-20260821-r2/work/generated/materialization_receipt.json=00ddf1923adf37e59a5ae2b2d4bc2f508c64670099a1133e7d0624d00ccd0100	
fig45	SupplementaryFigure7B	/media/desk16/iy13202/projects/Paper2Paper/tmp/tnbc-chromatin-tf-nc-2026/official-code-port-v3/run-fig45-v2-p0fix-20260821-r2/results/atomic/SupplementaryFigure7B_WWC2_Pha793887_AAC_NES.pdf	19366	686124b87ccd7568cde38d8b4a756127755fae76cb119ee2b3e0094f07877771	19366	686124b87ccd7568cde38d8b4a756127755fae76cb119ee2b3e0094f07877771	VERIFIED	edf5314	/media/desk16/iy13202/projects/Paper2Paper/tmp/tnbc-chromatin-tf-nc-2026/official-code-port-v3/run-fig45-v2-p0fix-20260821-r2/results/atomic_pdf_sha256.tsv	/media/desk16/iy13202/projects/Paper2Paper/tmp/tnbc-chromatin-tf-nc-2026/official-code-port-v3/run-fig45-v2-p0fix-20260821-r2/results/atomic_pdf_sha256.tsv;/media/desk16/iy13202/projects/Paper2Paper/tmp/tnbc-chromatin-tf-nc-2026/official-code-port-v3/run-fig45-v2-p0fix-20260821-r2/results/audit/official_port_verification.json;/media/desk16/iy13202/projects/Paper2Paper/tmp/tnbc-chromatin-tf-nc-2026/official-code-port-v3/run-fig45-v2-p0fix-20260821-r2/work/generated/materialization_receipt.json	/media/desk16/iy13202/projects/Paper2Paper/tmp/tnbc-chromatin-tf-nc-2026/official-code-port-v3/run-fig45-v2-p0fix-20260821-r2/results/atomic_pdf_sha256.tsv=476ea9d139b3139bf1336bf7eaa117bdb27cd16b6f99cf03d00987eba423a5ce;/media/desk16/iy13202/projects/Paper2Paper/tmp/tnbc-chromatin-tf-nc-2026/official-code-port-v3/run-fig45-v2-p0fix-20260821-r2/results/audit/official_port_verification.json=f2e9fd601064406a73e901f57150b34e9bd7e7288ddf630c1ccd31072bc3d77b;/media/desk16/iy13202/projects/Paper2Paper/tmp/tnbc-chromatin-tf-nc-2026/official-code-port-v3/run-fig45-v2-p0fix-20260821-r2/work/generated/materialization_receipt.json=00ddf1923adf37e59a5ae2b2d4bc2f508c64670099a1133e7d0624d00ccd0100	
fig45	SupplementaryFigure7B	/media/desk16/iy13202/projects/Paper2Paper/tmp/tnbc-chromatin-tf-nc-2026/official-code-port-v3/run-fig45-v2-p0fix-20260821-r2/results/atomic/SupplementaryFigure7B_ZNF254_5Fluorouracil_AAC_NES.pdf	19389	1dae9cd7408c9d85c839541eb698c40ede3a988c5f3be5a2bf5f7a26ab7ab135	19389	1dae9cd7408c9d85c839541eb698c40ede3a988c5f3be5a2bf5f7a26ab7ab135	VERIFIED	edf5314	/media/desk16/iy13202/projects/Paper2Paper/tmp/tnbc-chromatin-tf-nc-2026/official-code-port-v3/run-fig45-v2-p0fix-20260821-r2/results/atomic_pdf_sha256.tsv	/media/desk16/iy13202/projects/Paper2Paper/tmp/tnbc-chromatin-tf-nc-2026/official-code-port-v3/run-fig45-v2-p0fix-20260821-r2/results/atomic_pdf_sha256.tsv;/media/desk16/iy13202/projects/Paper2Paper/tmp/tnbc-chromatin-tf-nc-2026/official-code-port-v3/run-fig45-v2-p0fix-20260821-r2/results/audit/official_port_verification.json;/media/desk16/iy13202/projects/Paper2Paper/tmp/tnbc-chromatin-tf-nc-2026/official-code-port-v3/run-fig45-v2-p0fix-20260821-r2/work/generated/materialization_receipt.json	/media/desk16/iy13202/projects/Paper2Paper/tmp/tnbc-chromatin-tf-nc-2026/official-code-port-v3/run-fig45-v2-p0fix-20260821-r2/results/atomic_pdf_sha256.tsv=476ea9d139b3139bf1336bf7eaa117bdb27cd16b6f99cf03d00987eba423a5ce;/media/desk16/iy13202/projects/Paper2Paper/tmp/tnbc-chromatin-tf-nc-2026/official-code-port-v3/run-fig45-v2-p0fix-20260821-r2/results/audit/official_port_verification.json=f2e9fd601064406a73e901f57150b34e9bd7e7288ddf630c1ccd31072bc3d77b;/media/desk16/iy13202/projects/Paper2Paper/tmp/tnbc-chromatin-tf-nc-2026/official-code-port-v3/run-fig45-v2-p0fix-20260821-r2/work/generated/materialization_receipt.json=00ddf1923adf37e59a5ae2b2d4bc2f508c64670099a1133e7d0624d00ccd0100	
fig45	SupplementaryFigure7B	/media/desk16/iy13202/projects/Paper2Paper/tmp/tnbc-chromatin-tf-nc-2026/official-code-port-v3/run-fig45-v2-p0fix-20260821-r2/results/atomic/SupplementaryFigure7B_ZNF254_Dactolisib_AAC_NES.pdf	18778	ac90d349ffffb6c3f74de354bdc4e263c0831a7c1e912c02d0cbe3753b1b6e7d	18778	ac90d349ffffb6c3f74de354bdc4e263c0831a7c1e912c02d0cbe3753b1b6e7d	VERIFIED	edf5314	/media/desk16/iy13202/projects/Paper2Paper/tmp/tnbc-chromatin-tf-nc-2026/official-code-port-v3/run-fig45-v2-p0fix-20260821-r2/results/atomic_pdf_sha256.tsv	/media/desk16/iy13202/projects/Paper2Paper/tmp/tnbc-chromatin-tf-nc-2026/official-code-port-v3/run-fig45-v2-p0fix-20260821-r2/results/atomic_pdf_sha256.tsv;/media/desk16/iy13202/projects/Paper2Paper/tmp/tnbc-chromatin-tf-nc-2026/official-code-port-v3/run-fig45-v2-p0fix-20260821-r2/results/audit/official_port_verification.json;/media/desk16/iy13202/projects/Paper2Paper/tmp/tnbc-chromatin-tf-nc-2026/official-code-port-v3/run-fig45-v2-p0fix-20260821-r2/work/generated/materialization_receipt.json	/media/desk16/iy13202/projects/Paper2Paper/tmp/tnbc-chromatin-tf-nc-2026/official-code-port-v3/run-fig45-v2-p0fix-20260821-r2/results/atomic_pdf_sha256.tsv=476ea9d139b3139bf1336bf7eaa117bdb27cd16b6f99cf03d00987eba423a5ce;/media/desk16/iy13202/projects/Paper2Paper/tmp/tnbc-chromatin-tf-nc-2026/official-code-port-v3/run-fig45-v2-p0fix-20260821-r2/results/audit/official_port_verification.json=f2e9fd601064406a73e901f57150b34e9bd7e7288ddf630c1ccd31072bc3d77b;/media/desk16/iy13202/projects/Paper2Paper/tmp/tnbc-chromatin-tf-nc-2026/official-code-port-v3/run-fig45-v2-p0fix-20260821-r2/work/generated/materialization_receipt.json=00ddf1923adf37e59a5ae2b2d4bc2f508c64670099a1133e7d0624d00ccd0100	
fig45	SupplementaryFigure7B	/media/desk16/iy13202/projects/Paper2Paper/tmp/tnbc-chromatin-tf-nc-2026/official-code-port-v3/run-fig45-v2-p0fix-20260821-r2/results/atomic/SupplementaryFigure7B_ZNF254_Vorinostat_AAC_NES.pdf	18641	b7ac151bb22991f1217d516635e90409a0e0dc086dad0cfcd0c5a458cf254219	18641	b7ac151bb22991f1217d516635e90409a0e0dc086dad0cfcd0c5a458cf254219	VERIFIED	edf5314	/media/desk16/iy13202/projects/Paper2Paper/tmp/tnbc-chromatin-tf-nc-2026/official-code-port-v3/run-fig45-v2-p0fix-20260821-r2/results/atomic_pdf_sha256.tsv	/media/desk16/iy13202/projects/Paper2Paper/tmp/tnbc-chromatin-tf-nc-2026/official-code-port-v3/run-fig45-v2-p0fix-20260821-r2/results/atomic_pdf_sha256.tsv;/media/desk16/iy13202/projects/Paper2Paper/tmp/tnbc-chromatin-tf-nc-2026/official-code-port-v3/run-fig45-v2-p0fix-20260821-r2/results/audit/official_port_verification.json;/media/desk16/iy13202/projects/Paper2Paper/tmp/tnbc-chromatin-tf-nc-2026/official-code-port-v3/run-fig45-v2-p0fix-20260821-r2/work/generated/materialization_receipt.json	/media/desk16/iy13202/projects/Paper2Paper/tmp/tnbc-chromatin-tf-nc-2026/official-code-port-v3/run-fig45-v2-p0fix-20260821-r2/results/atomic_pdf_sha256.tsv=476ea9d139b3139bf1336bf7eaa117bdb27cd16b6f99cf03d00987eba423a5ce;/media/desk16/iy13202/projects/Paper2Paper/tmp/tnbc-chromatin-tf-nc-2026/official-code-port-v3/run-fig45-v2-p0fix-20260821-r2/results/audit/official_port_verification.json=f2e9fd601064406a73e901f57150b34e9bd7e7288ddf630c1ccd31072bc3d77b;/media/desk16/iy13202/projects/Paper2Paper/tmp/tnbc-chromatin-tf-nc-2026/official-code-port-v3/run-fig45-v2-p0fix-20260821-r2/work/generated/materialization_receipt.json=00ddf1923adf37e59a5ae2b2d4bc2f508c64670099a1133e7d0624d00ccd0100	
fig45	SupplementaryFigure7C_low	/media/desk16/iy13202/projects/Paper2Paper/tmp/tnbc-chromatin-tf-nc-2026/official-code-port-v3/run-fig45-v2-p0fix-20260821-r2/results/atomic/SupplementaryFigure7C_Concordance_Index_Low_Sig_Supplementary.pdf	23119	1f172c5a03390142150794752d0410b08291b340b1358a498cf41fa517732e7e	23119	1f172c5a03390142150794752d0410b08291b340b1358a498cf41fa517732e7e	VERIFIED	edf5314	/media/desk16/iy13202/projects/Paper2Paper/tmp/tnbc-chromatin-tf-nc-2026/official-code-port-v3/run-fig45-v2-p0fix-20260821-r2/results/atomic_pdf_sha256.tsv	/media/desk16/iy13202/projects/Paper2Paper/tmp/tnbc-chromatin-tf-nc-2026/official-code-port-v3/run-fig45-v2-p0fix-20260821-r2/results/atomic_pdf_sha256.tsv;/media/desk16/iy13202/projects/Paper2Paper/tmp/tnbc-chromatin-tf-nc-2026/official-code-port-v3/run-fig45-v2-p0fix-20260821-r2/results/audit/official_port_verification.json;/media/desk16/iy13202/projects/Paper2Paper/tmp/tnbc-chromatin-tf-nc-2026/official-code-port-v3/run-fig45-v2-p0fix-20260821-r2/work/generated/materialization_receipt.json	/media/desk16/iy13202/projects/Paper2Paper/tmp/tnbc-chromatin-tf-nc-2026/official-code-port-v3/run-fig45-v2-p0fix-20260821-r2/results/atomic_pdf_sha256.tsv=476ea9d139b3139bf1336bf7eaa117bdb27cd16b6f99cf03d00987eba423a5ce;/media/desk16/iy13202/projects/Paper2Paper/tmp/tnbc-chromatin-tf-nc-2026/official-code-port-v3/run-fig45-v2-p0fix-20260821-r2/results/audit/official_port_verification.json=f2e9fd601064406a73e901f57150b34e9bd7e7288ddf630c1ccd31072bc3d77b;/media/desk16/iy13202/projects/Paper2Paper/tmp/tnbc-chromatin-tf-nc-2026/official-code-port-v3/run-fig45-v2-p0fix-20260821-r2/work/generated/materialization_receipt.json=00ddf1923adf37e59a5ae2b2d4bc2f508c64670099a1133e7d0624d00ccd0100	
supp3	SupplementaryFigure3A	/media/desk16/iy13202/projects/Paper2Paper/tmp/tnbc-chromatin-tf-nc-2026/official-supp3-port/run-v2/results/panels/SupplementaryFigure3A_TCGA_Number_Of_Called_Peaks.pdf	13629	8ee91322d06ba8883fb1d00ca157975a4e13cbc59f49f547658ad4f4f70c3cc0	13629		VERIFIED	edf5314 source-hash lock (5 official scripts)		/media/desk16/iy13202/projects/Paper2Paper/tmp/tnbc-chromatin-tf-nc-2026/official-supp3-port/run-v2/results/verification_receipt.json;/media/desk16/iy13202/projects/Paper2Paper/tmp/tnbc-chromatin-tf-nc-2026/official-supp3-port/run-v2/runtime/audit/materialization_receipt.json;/media/desk16/iy13202/projects/Paper2Paper/tmp/tnbc-chromatin-tf-nc-2026/official-supp3-port/run-v2/runtime/audit/official_source_manifest.tsv	/media/desk16/iy13202/projects/Paper2Paper/tmp/tnbc-chromatin-tf-nc-2026/official-supp3-port/run-v2/results/verification_receipt.json=c3fefb13c1c69ef1ce26be73cb00487c86531ebbfd2d5776dd1365b0781d8ce9;/media/desk16/iy13202/projects/Paper2Paper/tmp/tnbc-chromatin-tf-nc-2026/official-supp3-port/run-v2/runtime/audit/materialization_receipt.json=a4ffa0d5ac540d9af06dd7e227e625ae72467496fbdf0fb92976728bba48195d;/media/desk16/iy13202/projects/Paper2Paper/tmp/tnbc-chromatin-tf-nc-2026/official-supp3-port/run-v2/runtime/audit/official_source_manifest.tsv=8d07ce3c43f42bc6aac5ee28c1fc0a17d4bef934d4b642dce60732d2cc896706	
supp3	SupplementaryFigure3B	/media/desk16/iy13202/projects/Paper2Paper/tmp/tnbc-chromatin-tf-nc-2026/official-supp3-port/run-v2/results/panels/SupplementaryFigure3B_PDX_Number_Of_Called_Peaks.pdf	12811	d94e5165d6d604744b52aaae81064aad25d9f61eaaf98bac5c6fed2d5819da5d	12811		VERIFIED	edf5314 source-hash lock (5 official scripts)		/media/desk16/iy13202/projects/Paper2Paper/tmp/tnbc-chromatin-tf-nc-2026/official-supp3-port/run-v2/results/verification_receipt.json;/media/desk16/iy13202/projects/Paper2Paper/tmp/tnbc-chromatin-tf-nc-2026/official-supp3-port/run-v2/runtime/audit/materialization_receipt.json;/media/desk16/iy13202/projects/Paper2Paper/tmp/tnbc-chromatin-tf-nc-2026/official-supp3-port/run-v2/runtime/audit/official_source_manifest.tsv	/media/desk16/iy13202/projects/Paper2Paper/tmp/tnbc-chromatin-tf-nc-2026/official-supp3-port/run-v2/results/verification_receipt.json=c3fefb13c1c69ef1ce26be73cb00487c86531ebbfd2d5776dd1365b0781d8ce9;/media/desk16/iy13202/projects/Paper2Paper/tmp/tnbc-chromatin-tf-nc-2026/official-supp3-port/run-v2/runtime/audit/materialization_receipt.json=a4ffa0d5ac540d9af06dd7e227e625ae72467496fbdf0fb92976728bba48195d;/media/desk16/iy13202/projects/Paper2Paper/tmp/tnbc-chromatin-tf-nc-2026/official-supp3-port/run-v2/runtime/audit/official_source_manifest.tsv=8d07ce3c43f42bc6aac5ee28c1fc0a17d4bef934d4b642dce60732d2cc896706	
supp3	SupplementaryFigure3C	/media/desk16/iy13202/projects/Paper2Paper/tmp/tnbc-chromatin-tf-nc-2026/official-supp3-port/run-v2/results/panels/SupplementaryFigure3C_CellLines_Number_Of_Called_Peaks.pdf	13516	e346bb6de33187cde06da475319d4c11b513b6fb51127f12bfd5dda44591974d	13516		VERIFIED	edf5314 source-hash lock (5 official scripts)		/media/desk16/iy13202/projects/Paper2Paper/tmp/tnbc-chromatin-tf-nc-2026/official-supp3-port/run-v2/results/verification_receipt.json;/media/desk16/iy13202/projects/Paper2Paper/tmp/tnbc-chromatin-tf-nc-2026/official-supp3-port/run-v2/runtime/audit/materialization_receipt.json;/media/desk16/iy13202/projects/Paper2Paper/tmp/tnbc-chromatin-tf-nc-2026/official-supp3-port/run-v2/runtime/audit/official_source_manifest.tsv	/media/desk16/iy13202/projects/Paper2Paper/tmp/tnbc-chromatin-tf-nc-2026/official-supp3-port/run-v2/results/verification_receipt.json=c3fefb13c1c69ef1ce26be73cb00487c86531ebbfd2d5776dd1365b0781d8ce9;/media/desk16/iy13202/projects/Paper2Paper/tmp/tnbc-chromatin-tf-nc-2026/official-supp3-port/run-v2/runtime/audit/materialization_receipt.json=a4ffa0d5ac540d9af06dd7e227e625ae72467496fbdf0fb92976728bba48195d;/media/desk16/iy13202/projects/Paper2Paper/tmp/tnbc-chromatin-tf-nc-2026/official-supp3-port/run-v2/runtime/audit/official_source_manifest.tsv=8d07ce3c43f42bc6aac5ee28c1fc0a17d4bef934d4b642dce60732d2cc896706	
supp3	SupplementaryFigure3D	/media/desk16/iy13202/projects/Paper2Paper/tmp/tnbc-chromatin-tf-nc-2026/official-supp3-port/run-v2/results/panels/SupplementaryFigure3D_TCGA_peak_saturation.pdf	200454	716a29e5214eb04e16c4d9f8d08b5a7ec43a674070b5cdd54612ff0687715d41	200454		VERIFIED	edf5314 source-hash lock (5 official scripts)		/media/desk16/iy13202/projects/Paper2Paper/tmp/tnbc-chromatin-tf-nc-2026/official-supp3-port/run-v2/results/verification_receipt.json;/media/desk16/iy13202/projects/Paper2Paper/tmp/tnbc-chromatin-tf-nc-2026/official-supp3-port/run-v2/runtime/audit/materialization_receipt.json;/media/desk16/iy13202/projects/Paper2Paper/tmp/tnbc-chromatin-tf-nc-2026/official-supp3-port/run-v2/runtime/audit/official_source_manifest.tsv	/media/desk16/iy13202/projects/Paper2Paper/tmp/tnbc-chromatin-tf-nc-2026/official-supp3-port/run-v2/results/verification_receipt.json=c3fefb13c1c69ef1ce26be73cb00487c86531ebbfd2d5776dd1365b0781d8ce9;/media/desk16/iy13202/projects/Paper2Paper/tmp/tnbc-chromatin-tf-nc-2026/official-supp3-port/run-v2/runtime/audit/materialization_receipt.json=a4ffa0d5ac540d9af06dd7e227e625ae72467496fbdf0fb92976728bba48195d;/media/desk16/iy13202/projects/Paper2Paper/tmp/tnbc-chromatin-tf-nc-2026/official-supp3-port/run-v2/runtime/audit/official_source_manifest.tsv=8d07ce3c43f42bc6aac5ee28c1fc0a17d4bef934d4b642dce60732d2cc896706	
supp3	SupplementaryFigure3E	/media/desk16/iy13202/projects/Paper2Paper/tmp/tnbc-chromatin-tf-nc-2026/official-supp3-port/run-v2/results/panels/SupplementaryFigure3E_PDX_peak_saturation.pdf	476262	66a07eb50cab1514754eef3527963c447130f34ab420179c5dbf4175f1487aba	476262		VERIFIED	edf5314 source-hash lock (5 official scripts)		/media/desk16/iy13202/projects/Paper2Paper/tmp/tnbc-chromatin-tf-nc-2026/official-supp3-port/run-v2/results/verification_receipt.json;/media/desk16/iy13202/projects/Paper2Paper/tmp/tnbc-chromatin-tf-nc-2026/official-supp3-port/run-v2/runtime/audit/materialization_receipt.json;/media/desk16/iy13202/projects/Paper2Paper/tmp/tnbc-chromatin-tf-nc-2026/official-supp3-port/run-v2/runtime/audit/official_source_manifest.tsv	/media/desk16/iy13202/projects/Paper2Paper/tmp/tnbc-chromatin-tf-nc-2026/official-supp3-port/run-v2/results/verification_receipt.json=c3fefb13c1c69ef1ce26be73cb00487c86531ebbfd2d5776dd1365b0781d8ce9;/media/desk16/iy13202/projects/Paper2Paper/tmp/tnbc-chromatin-tf-nc-2026/official-supp3-port/run-v2/runtime/audit/materialization_receipt.json=a4ffa0d5ac540d9af06dd7e227e625ae72467496fbdf0fb92976728bba48195d;/media/desk16/iy13202/projects/Paper2Paper/tmp/tnbc-chromatin-tf-nc-2026/official-supp3-port/run-v2/runtime/audit/official_source_manifest.tsv=8d07ce3c43f42bc6aac5ee28c1fc0a17d4bef934d4b642dce60732d2cc896706	
supp3	SupplementaryFigure3F	/media/desk16/iy13202/projects/Paper2Paper/tmp/tnbc-chromatin-tf-nc-2026/official-supp3-port/run-v2/results/panels/SupplementaryFigure3F_CellLines_peak_saturation.pdf	722614	035792ce096dba29221332dd185610f2de05aa47788dba0c15625c6870cc778e	722614		VERIFIED	edf5314 source-hash lock (5 official scripts)		/media/desk16/iy13202/projects/Paper2Paper/tmp/tnbc-chromatin-tf-nc-2026/official-supp3-port/run-v2/results/verification_receipt.json;/media/desk16/iy13202/projects/Paper2Paper/tmp/tnbc-chromatin-tf-nc-2026/official-supp3-port/run-v2/runtime/audit/materialization_receipt.json;/media/desk16/iy13202/projects/Paper2Paper/tmp/tnbc-chromatin-tf-nc-2026/official-supp3-port/run-v2/runtime/audit/official_source_manifest.tsv	/media/desk16/iy13202/projects/Paper2Paper/tmp/tnbc-chromatin-tf-nc-2026/official-supp3-port/run-v2/results/verification_receipt.json=c3fefb13c1c69ef1ce26be73cb00487c86531ebbfd2d5776dd1365b0781d8ce9;/media/desk16/iy13202/projects/Paper2Paper/tmp/tnbc-chromatin-tf-nc-2026/official-supp3-port/run-v2/runtime/audit/materialization_receipt.json=a4ffa0d5ac540d9af06dd7e227e625ae72467496fbdf0fb92976728bba48195d;/media/desk16/iy13202/projects/Paper2Paper/tmp/tnbc-chromatin-tf-nc-2026/official-supp3-port/run-v2/runtime/audit/official_source_manifest.tsv=8d07ce3c43f42bc6aac5ee28c1fc0a17d4bef934d4b642dce60732d2cc896706	
supp3	SupplementaryFigure3G	/media/desk16/iy13202/projects/Paper2Paper/tmp/tnbc-chromatin-tf-nc-2026/official-supp3-port/run-v2/results/panels/SupplementaryFigure3G_TCGA_Pearson_Correlation_Signal_ConsensusPeakSet.pdf	27466	8e0df9901fe8882b462bb9a631396d26e68ba27c8e47bf2506bd80bbffd712c1	27466		VERIFIED	edf5314 source-hash lock (5 official scripts)		/media/desk16/iy13202/projects/Paper2Paper/tmp/tnbc-chromatin-tf-nc-2026/official-supp3-port/run-v2/results/verification_receipt.json;/media/desk16/iy13202/projects/Paper2Paper/tmp/tnbc-chromatin-tf-nc-2026/official-supp3-port/run-v2/runtime/audit/materialization_receipt.json;/media/desk16/iy13202/projects/Paper2Paper/tmp/tnbc-chromatin-tf-nc-2026/official-supp3-port/run-v2/runtime/audit/official_source_manifest.tsv	/media/desk16/iy13202/projects/Paper2Paper/tmp/tnbc-chromatin-tf-nc-2026/official-supp3-port/run-v2/results/verification_receipt.json=c3fefb13c1c69ef1ce26be73cb00487c86531ebbfd2d5776dd1365b0781d8ce9;/media/desk16/iy13202/projects/Paper2Paper/tmp/tnbc-chromatin-tf-nc-2026/official-supp3-port/run-v2/runtime/audit/materialization_receipt.json=a4ffa0d5ac540d9af06dd7e227e625ae72467496fbdf0fb92976728bba48195d;/media/desk16/iy13202/projects/Paper2Paper/tmp/tnbc-chromatin-tf-nc-2026/official-supp3-port/run-v2/runtime/audit/official_source_manifest.tsv=8d07ce3c43f42bc6aac5ee28c1fc0a17d4bef934d4b642dce60732d2cc896706	
supp3	SupplementaryFigure3H	/media/desk16/iy13202/projects/Paper2Paper/tmp/tnbc-chromatin-tf-nc-2026/official-supp3-port/run-v2/results/panels/SupplementaryFigure3H_PDX_Pearson_Correlation_Signal_ConsensusPeakSet.pdf	17556	a170a440ce39ec1b7625e88dbccbdbe6a2be3ed57a1d0428c537ddad51d1144a	17556		VERIFIED	edf5314 source-hash lock (5 official scripts)		/media/desk16/iy13202/projects/Paper2Paper/tmp/tnbc-chromatin-tf-nc-2026/official-supp3-port/run-v2/results/verification_receipt.json;/media/desk16/iy13202/projects/Paper2Paper/tmp/tnbc-chromatin-tf-nc-2026/official-supp3-port/run-v2/runtime/audit/materialization_receipt.json;/media/desk16/iy13202/projects/Paper2Paper/tmp/tnbc-chromatin-tf-nc-2026/official-supp3-port/run-v2/runtime/audit/official_source_manifest.tsv	/media/desk16/iy13202/projects/Paper2Paper/tmp/tnbc-chromatin-tf-nc-2026/official-supp3-port/run-v2/results/verification_receipt.json=c3fefb13c1c69ef1ce26be73cb00487c86531ebbfd2d5776dd1365b0781d8ce9;/media/desk16/iy13202/projects/Paper2Paper/tmp/tnbc-chromatin-tf-nc-2026/official-supp3-port/run-v2/runtime/audit/materialization_receipt.json=a4ffa0d5ac540d9af06dd7e227e625ae72467496fbdf0fb92976728bba48195d;/media/desk16/iy13202/projects/Paper2Paper/tmp/tnbc-chromatin-tf-nc-2026/official-supp3-port/run-v2/runtime/audit/official_source_manifest.tsv=8d07ce3c43f42bc6aac5ee28c1fc0a17d4bef934d4b642dce60732d2cc896706	
supp3	SupplementaryFigure3I	/media/desk16/iy13202/projects/Paper2Paper/tmp/tnbc-chromatin-tf-nc-2026/official-supp3-port/run-v2/results/panels/SupplementaryFigure3I_CellLines_Pearson_Correlation_Signal_ConsensusPeakSet.pdf	27327	403ef90d90a2958794ef66416486ae297efeebf05762798da880b52bb7ce7a02	27327		VERIFIED	edf5314 source-hash lock (5 official scripts)		/media/desk16/iy13202/projects/Paper2Paper/tmp/tnbc-chromatin-tf-nc-2026/official-supp3-port/run-v2/results/verification_receipt.json;/media/desk16/iy13202/projects/Paper2Paper/tmp/tnbc-chromatin-tf-nc-2026/official-supp3-port/run-v2/runtime/audit/materialization_receipt.json;/media/desk16/iy13202/projects/Paper2Paper/tmp/tnbc-chromatin-tf-nc-2026/official-supp3-port/run-v2/runtime/audit/official_source_manifest.tsv	/media/desk16/iy13202/projects/Paper2Paper/tmp/tnbc-chromatin-tf-nc-2026/official-supp3-port/run-v2/results/verification_receipt.json=c3fefb13c1c69ef1ce26be73cb00487c86531ebbfd2d5776dd1365b0781d8ce9;/media/desk16/iy13202/projects/Paper2Paper/tmp/tnbc-chromatin-tf-nc-2026/official-supp3-port/run-v2/runtime/audit/materialization_receipt.json=a4ffa0d5ac540d9af06dd7e227e625ae72467496fbdf0fb92976728bba48195d;/media/desk16/iy13202/projects/Paper2Paper/tmp/tnbc-chromatin-tf-nc-2026/official-supp3-port/run-v2/runtime/audit/official_source_manifest.tsv=8d07ce3c43f42bc6aac5ee28c1fc0a17d4bef934d4b642dce60732d2cc896706	
supp3	SupplementaryFigure3J	/media/desk16/iy13202/projects/Paper2Paper/tmp/tnbc-chromatin-tf-nc-2026/official-supp3-port/run-v2/results/panels/SupplementaryFigure3J_TCGA_GenomicAnnotation.pdf	18181	f50240503bd5e5d07b740c94b9cecc117f096ce82abd0649cb09b91d4d89dd98	18181		VERIFIED	edf5314 source-hash lock (5 official scripts)		/media/desk16/iy13202/projects/Paper2Paper/tmp/tnbc-chromatin-tf-nc-2026/official-supp3-port/run-v2/results/verification_receipt.json;/media/desk16/iy13202/projects/Paper2Paper/tmp/tnbc-chromatin-tf-nc-2026/official-supp3-port/run-v2/runtime/audit/materialization_receipt.json;/media/desk16/iy13202/projects/Paper2Paper/tmp/tnbc-chromatin-tf-nc-2026/official-supp3-port/run-v2/runtime/audit/official_source_manifest.tsv	/media/desk16/iy13202/projects/Paper2Paper/tmp/tnbc-chromatin-tf-nc-2026/official-supp3-port/run-v2/results/verification_receipt.json=c3fefb13c1c69ef1ce26be73cb00487c86531ebbfd2d5776dd1365b0781d8ce9;/media/desk16/iy13202/projects/Paper2Paper/tmp/tnbc-chromatin-tf-nc-2026/official-supp3-port/run-v2/runtime/audit/materialization_receipt.json=a4ffa0d5ac540d9af06dd7e227e625ae72467496fbdf0fb92976728bba48195d;/media/desk16/iy13202/projects/Paper2Paper/tmp/tnbc-chromatin-tf-nc-2026/official-supp3-port/run-v2/runtime/audit/official_source_manifest.tsv=8d07ce3c43f42bc6aac5ee28c1fc0a17d4bef934d4b642dce60732d2cc896706	
supp3	SupplementaryFigure3K	/media/desk16/iy13202/projects/Paper2Paper/tmp/tnbc-chromatin-tf-nc-2026/official-supp3-port/run-v2/results/panels/SupplementaryFigure3K_PDX_GenomicAnnotation.pdf	16814	1da94042a85945b732156fbba6c72e7c793948d78b23d859c4af18b79c65a0fa	16814		VERIFIED	edf5314 source-hash lock (5 official scripts)		/media/desk16/iy13202/projects/Paper2Paper/tmp/tnbc-chromatin-tf-nc-2026/official-supp3-port/run-v2/results/verification_receipt.json;/media/desk16/iy13202/projects/Paper2Paper/tmp/tnbc-chromatin-tf-nc-2026/official-supp3-port/run-v2/runtime/audit/materialization_receipt.json;/media/desk16/iy13202/projects/Paper2Paper/tmp/tnbc-chromatin-tf-nc-2026/official-supp3-port/run-v2/runtime/audit/official_source_manifest.tsv	/media/desk16/iy13202/projects/Paper2Paper/tmp/tnbc-chromatin-tf-nc-2026/official-supp3-port/run-v2/results/verification_receipt.json=c3fefb13c1c69ef1ce26be73cb00487c86531ebbfd2d5776dd1365b0781d8ce9;/media/desk16/iy13202/projects/Paper2Paper/tmp/tnbc-chromatin-tf-nc-2026/official-supp3-port/run-v2/runtime/audit/materialization_receipt.json=a4ffa0d5ac540d9af06dd7e227e625ae72467496fbdf0fb92976728bba48195d;/media/desk16/iy13202/projects/Paper2Paper/tmp/tnbc-chromatin-tf-nc-2026/official-supp3-port/run-v2/runtime/audit/official_source_manifest.tsv=8d07ce3c43f42bc6aac5ee28c1fc0a17d4bef934d4b642dce60732d2cc896706	
supp3	SupplementaryFigure3L	/media/desk16/iy13202/projects/Paper2Paper/tmp/tnbc-chromatin-tf-nc-2026/official-supp3-port/run-v2/results/panels/SupplementaryFigure3L_CellLines_GenomicAnnotation.pdf	18644	ec2c0a7116d5061554099779fd0f64d44c5bca7f8d467bedba8852ee6108cf30	18644		VERIFIED	edf5314 source-hash lock (5 official scripts)		/media/desk16/iy13202/projects/Paper2Paper/tmp/tnbc-chromatin-tf-nc-2026/official-supp3-port/run-v2/results/verification_receipt.json;/media/desk16/iy13202/projects/Paper2Paper/tmp/tnbc-chromatin-tf-nc-2026/official-supp3-port/run-v2/runtime/audit/materialization_receipt.json;/media/desk16/iy13202/projects/Paper2Paper/tmp/tnbc-chromatin-tf-nc-2026/official-supp3-port/run-v2/runtime/audit/official_source_manifest.tsv	/media/desk16/iy13202/projects/Paper2Paper/tmp/tnbc-chromatin-tf-nc-2026/official-supp3-port/run-v2/results/verification_receipt.json=c3fefb13c1c69ef1ce26be73cb00487c86531ebbfd2d5776dd1365b0781d8ce9;/media/desk16/iy13202/projects/Paper2Paper/tmp/tnbc-chromatin-tf-nc-2026/official-supp3-port/run-v2/runtime/audit/materialization_receipt.json=a4ffa0d5ac540d9af06dd7e227e625ae72467496fbdf0fb92976728bba48195d;/media/desk16/iy13202/projects/Paper2Paper/tmp/tnbc-chromatin-tf-nc-2026/official-supp3-port/run-v2/runtime/audit/official_source_manifest.tsv=8d07ce3c43f42bc6aac5ee28c1fc0a17d4bef934d4b642dce60732d2cc896706	
