analysis_definition	system	activity_cohort	TF	n_samples	half_sample_threshold	n_promoter_accessible	fraction_promoter_accessible	system_promoter_accessible	mean_LUAD_NES	mean_NES_nonnegative
PRIMARY_anchor_promoter_tcga_cpm1_both	patient	TCGA	ABHD14B	22	11	22	1.0	TRUE	7.10698272703473	TRUE
PRIMARY_anchor_promoter_tcga_cpm1_both	patient	TCGA	ABRA	22	11	0	0.0	FALSE	0.206699213130157	TRUE
PRIMARY_anchor_promoter_tcga_cpm1_both	patient	TCGA	APBB1	22	11	22	1.0	TRUE	5.0153538926171	TRUE
PRIMARY_anchor_promoter_tcga_cpm1_both	patient	TCGA	ARX	22	11	18	0.8181818181818182	TRUE	0.95303801457753	TRUE
PRIMARY_anchor_promoter_tcga_cpm1_both	patient	TCGA	ASCL5	22	11	22	1.0	TRUE	3.07181774747895	TRUE
PRIMARY_anchor_promoter_tcga_cpm1_both	patient	TCGA	ATOH8	22	11	22	1.0	TRUE	2.53261058157945	TRUE
PRIMARY_anchor_promoter_tcga_cpm1_both	patient	TCGA	BATF3	22	11	22	1.0	TRUE	3.94560987563308	TRUE
PRIMARY_anchor_promoter_tcga_cpm1_both	patient	TCGA	BCLAF3	22	11	22	1.0	TRUE	3.68348095820866	TRUE
PRIMARY_anchor_promoter_tcga_cpm1_both	patient	TCGA	CIITA	22	11	22	1.0	TRUE	5.42767678164645	TRUE
PRIMARY_anchor_promoter_tcga_cpm1_both	patient	TCGA	CREB3L2	22	11	22	1.0	TRUE	4.45765773984776	TRUE
PRIMARY_anchor_promoter_tcga_cpm1_both	patient	TCGA	CREBRF	22	11	22	1.0	TRUE	5.416577110246	TRUE
PRIMARY_anchor_promoter_tcga_cpm1_both	patient	TCGA	CRY2	22	11	22	1.0	TRUE	5.38384025110411	TRUE
PRIMARY_anchor_promoter_tcga_cpm1_both	patient	TCGA	CSRNP1	22	11	22	1.0	TRUE	6.11739335691758	TRUE
PRIMARY_anchor_promoter_tcga_cpm1_both	patient	TCGA	DMRTC2	22	11	7	0.3181818181818182	FALSE	0.520576545946646	TRUE
PRIMARY_anchor_promoter_tcga_cpm1_both	patient	TCGA	DRGX	22	11	21	0.9545454545454546	TRUE	3.90867861386881	TRUE
PRIMARY_anchor_promoter_tcga_cpm1_both	patient	TCGA	E2F5	22	11	22	1.0	TRUE	2.91040354712077	TRUE
PRIMARY_anchor_promoter_tcga_cpm1_both	patient	TCGA	ELF3	22	11	22	1.0	TRUE	4.00945264575307	TRUE
PRIMARY_anchor_promoter_tcga_cpm1_both	patient	TCGA	ELF5	22	11	22	1.0	TRUE	2.56962158847614	TRUE
PRIMARY_anchor_promoter_tcga_cpm1_both	patient	TCGA	EPAS1	22	11	22	1.0	TRUE	5.22667080485923	TRUE
PRIMARY_anchor_promoter_tcga_cpm1_both	patient	TCGA	ESR1	22	11	21	0.9545454545454546	TRUE	0.530483568592893	TRUE
PRIMARY_anchor_promoter_tcga_cpm1_both	patient	TCGA	ETV1	22	11	22	1.0	TRUE	1.99272053365005	TRUE
PRIMARY_anchor_promoter_tcga_cpm1_both	patient	TCGA	FOXA1	22	11	22	1.0	TRUE	0.937325721431246	TRUE
PRIMARY_anchor_promoter_tcga_cpm1_both	patient	TCGA	FOXA2	22	11	22	1.0	TRUE	0.575309830146304	TRUE
PRIMARY_anchor_promoter_tcga_cpm1_both	patient	TCGA	FOXA3	22	11	22	1.0	TRUE	1.31925548460377	TRUE
PRIMARY_anchor_promoter_tcga_cpm1_both	patient	TCGA	FOXD2	22	11	22	1.0	TRUE	3.80933362119302	TRUE
PRIMARY_anchor_promoter_tcga_cpm1_both	patient	TCGA	FOXP1	22	11	22	1.0	TRUE	2.54973236279028	TRUE
PRIMARY_anchor_promoter_tcga_cpm1_both	patient	TCGA	FOXP4	22	11	22	1.0	TRUE	4.98516499160216	TRUE
PRIMARY_anchor_promoter_tcga_cpm1_both	patient	TCGA	GATA5	22	11	0	0.0	FALSE	0.752933072354766	TRUE
PRIMARY_anchor_promoter_tcga_cpm1_both	patient	TCGA	GATA6	22	11	22	1.0	TRUE	0.833904903216028	TRUE
PRIMARY_anchor_promoter_tcga_cpm1_both	patient	TCGA	GCM1	22	11	0	0.0	FALSE	0.186097921178939	TRUE
PRIMARY_anchor_promoter_tcga_cpm1_both	patient	TCGA	GLIS3	22	11	22	1.0	TRUE	2.05440998226087	TRUE
PRIMARY_anchor_promoter_tcga_cpm1_both	patient	TCGA	HNF1A	22	11	18	0.8181818181818182	TRUE	0.709980926982564	TRUE
PRIMARY_anchor_promoter_tcga_cpm1_both	patient	TCGA	HNF1B	22	11	22	1.0	TRUE	6.67481166513423	TRUE
PRIMARY_anchor_promoter_tcga_cpm1_both	patient	TCGA	HNF4G	22	11	22	1.0	TRUE	2.71229115490242	TRUE
PRIMARY_anchor_promoter_tcga_cpm1_both	patient	TCGA	HOPX	22	11	22	1.0	TRUE	3.39761612610054	TRUE
PRIMARY_anchor_promoter_tcga_cpm1_both	patient	TCGA	HOXD1	22	11	22	1.0	TRUE	1.96770718380507	TRUE
PRIMARY_anchor_promoter_tcga_cpm1_both	patient	TCGA	IKZF4	22	11	22	1.0	TRUE	4.86310338509703	TRUE
PRIMARY_anchor_promoter_tcga_cpm1_both	patient	TCGA	IL4	22	11	21	0.9545454545454546	TRUE	0.449644369127624	TRUE
PRIMARY_anchor_promoter_tcga_cpm1_both	patient	TCGA	INSM2	22	11	22	1.0	TRUE	0.183607788583441	TRUE
PRIMARY_anchor_promoter_tcga_cpm1_both	patient	TCGA	IRF7	22	11	22	1.0	TRUE	5.87120412758395	TRUE
PRIMARY_anchor_promoter_tcga_cpm1_both	patient	TCGA	IRX3	22	11	22	1.0	TRUE	2.00546893432855	TRUE
PRIMARY_anchor_promoter_tcga_cpm1_both	patient	TCGA	JADE1	22	11	22	1.0	TRUE	1.19689953909206	TRUE
PRIMARY_anchor_promoter_tcga_cpm1_both	patient	TCGA	KANK2	22	11	22	1.0	TRUE	8.00255624599019	TRUE
PRIMARY_anchor_promoter_tcga_cpm1_both	patient	TCGA	KAT2B	22	11	22	1.0	TRUE	4.56452160687931	TRUE
PRIMARY_anchor_promoter_tcga_cpm1_both	patient	TCGA	KLF2	22	11	22	1.0	TRUE	2.9763096269425	TRUE
PRIMARY_anchor_promoter_tcga_cpm1_both	patient	TCGA	KLF9	22	11	22	1.0	TRUE	1.59365052905298	TRUE
PRIMARY_anchor_promoter_tcga_cpm1_both	patient	TCGA	LHX9	22	11	21	0.9545454545454546	TRUE	2.67224672451943	TRUE
PRIMARY_anchor_promoter_tcga_cpm1_both	patient	TCGA	LIMD1	22	11	22	1.0	TRUE	6.70643310902033	TRUE
PRIMARY_anchor_promoter_tcga_cpm1_both	patient	TCGA	LMO3	22	11	22	1.0	TRUE	2.94068533480765	TRUE
PRIMARY_anchor_promoter_tcga_cpm1_both	patient	TCGA	LPIN2	22	11	22	1.0	TRUE	4.21882144522648	TRUE
PRIMARY_anchor_promoter_tcga_cpm1_both	patient	TCGA	LYL1	22	11	22	1.0	TRUE	3.68836052007783	TRUE
PRIMARY_anchor_promoter_tcga_cpm1_both	patient	TCGA	MAGEC3	22	11	7	0.3181818181818182	FALSE	-0.935706317722992	FALSE
PRIMARY_anchor_promoter_tcga_cpm1_both	patient	TCGA	MAGED2	22	11	22	1.0	TRUE	8.35806459495649	TRUE
PRIMARY_anchor_promoter_tcga_cpm1_both	patient	TCGA	MAGEE2	22	11	0	0.0	FALSE	1.23385392447935	TRUE
PRIMARY_anchor_promoter_tcga_cpm1_both	patient	TCGA	MDFIC	22	11	22	1.0	TRUE	4.28200362750224	TRUE
PRIMARY_anchor_promoter_tcga_cpm1_both	patient	TCGA	MEF2C	22	11	22	1.0	TRUE	5.26142500917214	TRUE
PRIMARY_anchor_promoter_tcga_cpm1_both	patient	TCGA	MEF2D	22	11	22	1.0	TRUE	3.97643859157333	TRUE
PRIMARY_anchor_promoter_tcga_cpm1_both	patient	TCGA	MEIS3P1	22	11	0	0.0	FALSE	1.58101258244775	TRUE
PRIMARY_anchor_promoter_tcga_cpm1_both	patient	TCGA	MEIS3P2	22	11	0	0.0	FALSE	0.693978387902923	TRUE
PRIMARY_anchor_promoter_tcga_cpm1_both	patient	TCGA	MESP1	22	11	22	1.0	TRUE	4.91558425445857	TRUE
PRIMARY_anchor_promoter_tcga_cpm1_both	patient	TCGA	MITF	22	11	22	1.0	TRUE	1.97405581425123	TRUE
PRIMARY_anchor_promoter_tcga_cpm1_both	patient	TCGA	MLLT3	22	11	22	1.0	TRUE	3.68556019946152	TRUE
PRIMARY_anchor_promoter_tcga_cpm1_both	patient	TCGA	MLLT6	22	11	22	1.0	TRUE	4.96626195809783	TRUE
PRIMARY_anchor_promoter_tcga_cpm1_both	patient	TCGA	MSANTD1	22	11	0	0.0	FALSE	4.16880126955788	TRUE
PRIMARY_anchor_promoter_tcga_cpm1_both	patient	TCGA	MXD4	22	11	22	1.0	TRUE	4.44392740904078	TRUE
PRIMARY_anchor_promoter_tcga_cpm1_both	patient	TCGA	MYRF	22	11	22	1.0	TRUE	3.03802092614382	TRUE
PRIMARY_anchor_promoter_tcga_cpm1_both	patient	TCGA	MYRFL	22	11	21	0.9545454545454546	TRUE	1.66641930888815	TRUE
PRIMARY_anchor_promoter_tcga_cpm1_both	patient	TCGA	NANOGP1	22	11	22	1.0	TRUE	-0.00247655693586349	FALSE
PRIMARY_anchor_promoter_tcga_cpm1_both	patient	TCGA	NCOA7	22	11	22	1.0	TRUE	3.85216585680798	TRUE
PRIMARY_anchor_promoter_tcga_cpm1_both	patient	TCGA	NEUROG3	22	11	0	0.0	FALSE	-0.126409706311773	FALSE
PRIMARY_anchor_promoter_tcga_cpm1_both	patient	TCGA	NFATC2	22	11	22	1.0	TRUE	1.6668693447914	TRUE
PRIMARY_anchor_promoter_tcga_cpm1_both	patient	TCGA	NFATC4	22	11	22	1.0	TRUE	3.63066285829657	TRUE
PRIMARY_anchor_promoter_tcga_cpm1_both	patient	TCGA	NFE2	22	11	22	1.0	TRUE	1.90716046954161	TRUE
PRIMARY_anchor_promoter_tcga_cpm1_both	patient	TCGA	NKX2-1	22	11	22	1.0	TRUE	3.59121002517	TRUE
PRIMARY_anchor_promoter_tcga_cpm1_both	patient	TCGA	NOTO	22	11	21	0.9545454545454546	TRUE	-0.0453701153807665	FALSE
PRIMARY_anchor_promoter_tcga_cpm1_both	patient	TCGA	NR0B2	22	11	22	1.0	TRUE	2.5338614265596	TRUE
PRIMARY_anchor_promoter_tcga_cpm1_both	patient	TCGA	NR1H4	22	11	0	0.0	FALSE	0.45878574363879	TRUE
PRIMARY_anchor_promoter_tcga_cpm1_both	patient	TCGA	NR2F1	22	11	22	1.0	TRUE	1.44984740066213	TRUE
PRIMARY_anchor_promoter_tcga_cpm1_both	patient	TCGA	NR2F6	22	11	22	1.0	TRUE	6.34606086392718	TRUE
PRIMARY_anchor_promoter_tcga_cpm1_both	patient	TCGA	NR3C2	22	11	22	1.0	TRUE	4.62937391164314	TRUE
PRIMARY_anchor_promoter_tcga_cpm1_both	patient	TCGA	OLIG1	22	11	21	0.9545454545454546	TRUE	0.847419005674374	TRUE
PRIMARY_anchor_promoter_tcga_cpm1_both	patient	TCGA	ONECUT1	22	11	22	1.0	TRUE	1.06010006859526	TRUE
PRIMARY_anchor_promoter_tcga_cpm1_both	patient	TCGA	PHC2	22	11	22	1.0	TRUE	8.73096313861103	TRUE
PRIMARY_anchor_promoter_tcga_cpm1_both	patient	TCGA	POU1F1	22	11	0	0.0	FALSE	-0.396982890984428	FALSE
PRIMARY_anchor_promoter_tcga_cpm1_both	patient	TCGA	PPARGC1A	22	11	22	1.0	TRUE	1.17547889433161	TRUE
PRIMARY_anchor_promoter_tcga_cpm1_both	patient	TCGA	PRDM16	22	11	22	1.0	TRUE	1.17665399423207	TRUE
PRIMARY_anchor_promoter_tcga_cpm1_both	patient	TCGA	PRDM8	22	11	22	1.0	TRUE	1.47696953403492	TRUE
PRIMARY_anchor_promoter_tcga_cpm1_both	patient	TCGA	RARA	22	11	22	1.0	TRUE	7.39485252583488	TRUE
PRIMARY_anchor_promoter_tcga_cpm1_both	patient	TCGA	RORB	22	11	22	1.0	TRUE	1.41946980581635	TRUE
PRIMARY_anchor_promoter_tcga_cpm1_both	patient	TCGA	RORC	22	11	22	1.0	TRUE	4.71638234602674	TRUE
PRIMARY_anchor_promoter_tcga_cpm1_both	patient	TCGA	SAMD11	22	11	22	1.0	TRUE	1.43461515024081	TRUE
PRIMARY_anchor_promoter_tcga_cpm1_both	patient	TCGA	SMAD6	22	11	22	1.0	TRUE	1.64804462499274	TRUE
PRIMARY_anchor_promoter_tcga_cpm1_both	patient	TCGA	SMAD7	22	11	22	1.0	TRUE	2.04620328613556	TRUE
PRIMARY_anchor_promoter_tcga_cpm1_both	patient	TCGA	SP110	22	11	22	1.0	TRUE	3.03325699113213	TRUE
PRIMARY_anchor_promoter_tcga_cpm1_both	patient	TCGA	SP5	22	11	22	1.0	TRUE	0.691548364566159	TRUE
PRIMARY_anchor_promoter_tcga_cpm1_both	patient	TCGA	SPDEF	22	11	22	1.0	TRUE	3.71084519007246	TRUE
PRIMARY_anchor_promoter_tcga_cpm1_both	patient	TCGA	TBX15	22	11	0	0.0	FALSE	2.14049034348362	TRUE
PRIMARY_anchor_promoter_tcga_cpm1_both	patient	TCGA	TBX4	22	11	22	1.0	TRUE	0.685650734208334	TRUE
PRIMARY_anchor_promoter_tcga_cpm1_both	patient	TCGA	TBXT	22	11	0	0.0	FALSE	-0.119673946775767	FALSE
PRIMARY_anchor_promoter_tcga_cpm1_both	patient	TCGA	TCF21	22	11	0	0.0	FALSE	3.6112891718432	TRUE
PRIMARY_anchor_promoter_tcga_cpm1_both	patient	TCGA	TFCP2L1	22	11	22	1.0	TRUE	3.04870949867569	TRUE
PRIMARY_anchor_promoter_tcga_cpm1_both	patient	TCGA	TOX3	22	11	22	1.0	TRUE	3.7088476828776	TRUE
PRIMARY_anchor_promoter_tcga_cpm1_both	patient	TCGA	TP53INP1	22	11	22	1.0	TRUE	-0.607358689439888	FALSE
PRIMARY_anchor_promoter_tcga_cpm1_both	patient	TCGA	VDR	22	11	22	1.0	TRUE	5.63839163621946	TRUE
PRIMARY_anchor_promoter_tcga_cpm1_both	patient	TCGA	VENTX	22	11	0	0.0	FALSE	2.64319048671033	TRUE
PRIMARY_anchor_promoter_tcga_cpm1_both	patient	TCGA	VSX1	22	11	16	0.7272727272727273	TRUE	1.78223177590866	TRUE
PRIMARY_anchor_promoter_tcga_cpm1_both	patient	TCGA	WTIP	22	11	21	0.9545454545454546	TRUE	3.22609279653159	TRUE
PRIMARY_anchor_promoter_tcga_cpm1_both	patient	TCGA	WWC1	22	11	22	1.0	TRUE	5.94385560499317	TRUE
PRIMARY_anchor_promoter_tcga_cpm1_both	patient	TCGA	WWC2	22	11	22	1.0	TRUE	3.69844054143666	TRUE
PRIMARY_anchor_promoter_tcga_cpm1_both	patient	TCGA	XBP1	22	11	22	1.0	TRUE	1.38467043956622	TRUE
PRIMARY_anchor_promoter_tcga_cpm1_both	patient	TCGA	ZBTB10	22	11	22	1.0	TRUE	1.76364879203115	TRUE
PRIMARY_anchor_promoter_tcga_cpm1_both	patient	TCGA	ZBTB16	22	11	22	1.0	TRUE	2.19329373794059	TRUE
PRIMARY_anchor_promoter_tcga_cpm1_both	patient	TCGA	ZBTB18	22	11	22	1.0	TRUE	2.7129559504431	TRUE
PRIMARY_anchor_promoter_tcga_cpm1_both	patient	TCGA	ZBTB42	22	11	22	1.0	TRUE	5.04513990232523	TRUE
PRIMARY_anchor_promoter_tcga_cpm1_both	patient	TCGA	ZBTB46	22	11	22	1.0	TRUE	3.36099785883395	TRUE
PRIMARY_anchor_promoter_tcga_cpm1_both	patient	TCGA	ZFHX2	22	11	22	1.0	TRUE	1.46013403182178	TRUE
PRIMARY_anchor_promoter_tcga_cpm1_both	patient	TCGA	ZFP2	22	11	22	1.0	TRUE	1.62800019344276	TRUE
PRIMARY_anchor_promoter_tcga_cpm1_both	patient	TCGA	ZFP57	22	11	0	0.0	FALSE	0.944491156127686	TRUE
PRIMARY_anchor_promoter_tcga_cpm1_both	patient	TCGA	ZMYND15	22	11	22	1.0	TRUE	4.53957897699354	TRUE
PRIMARY_anchor_promoter_tcga_cpm1_both	patient	TCGA	ZNF117	22	11	22	1.0	TRUE	1.45397263073166	TRUE
PRIMARY_anchor_promoter_tcga_cpm1_both	patient	TCGA	ZNF141	22	11	22	1.0	TRUE	1.93869288473252	TRUE
PRIMARY_anchor_promoter_tcga_cpm1_both	patient	TCGA	ZNF19	22	11	22	1.0	TRUE	3.51263691428844	TRUE
PRIMARY_anchor_promoter_tcga_cpm1_both	patient	TCGA	ZNF214	22	11	22	1.0	TRUE	2.11113165828075	TRUE
PRIMARY_anchor_promoter_tcga_cpm1_both	patient	TCGA	ZNF239	22	11	22	1.0	TRUE	0.753954177831367	TRUE
PRIMARY_anchor_promoter_tcga_cpm1_both	patient	TCGA	ZNF254	22	11	22	1.0	TRUE	1.48441996619309	TRUE
PRIMARY_anchor_promoter_tcga_cpm1_both	patient	TCGA	ZNF281	22	11	22	1.0	TRUE	3.15495766754712	TRUE
PRIMARY_anchor_promoter_tcga_cpm1_both	patient	TCGA	ZNF33A	22	11	22	1.0	TRUE	1.03386505705428	TRUE
PRIMARY_anchor_promoter_tcga_cpm1_both	patient	TCGA	ZNF33B	22	11	22	1.0	TRUE	1.3727921999881	TRUE
PRIMARY_anchor_promoter_tcga_cpm1_both	patient	TCGA	ZNF341	22	11	22	1.0	TRUE	3.3306570610196	TRUE
PRIMARY_anchor_promoter_tcga_cpm1_both	patient	TCGA	ZNF382	22	11	19	0.8636363636363636	TRUE	0.847219961420617	TRUE
PRIMARY_anchor_promoter_tcga_cpm1_both	patient	TCGA	ZNF396	22	11	22	1.0	TRUE	3.11536646866569	TRUE
PRIMARY_anchor_promoter_tcga_cpm1_both	patient	TCGA	ZNF429	22	11	22	1.0	TRUE	1.05333986414706	TRUE
PRIMARY_anchor_promoter_tcga_cpm1_both	patient	TCGA	ZNF441	22	11	22	1.0	TRUE	0.632913252771396	TRUE
PRIMARY_anchor_promoter_tcga_cpm1_both	patient	TCGA	ZNF444	22	11	22	1.0	TRUE	3.24278335615053	TRUE
PRIMARY_anchor_promoter_tcga_cpm1_both	patient	TCGA	ZNF467	22	11	22	1.0	TRUE	4.51810667305064	TRUE
PRIMARY_anchor_promoter_tcga_cpm1_both	patient	TCGA	ZNF483	22	11	22	1.0	TRUE	1.97093820238513	TRUE
PRIMARY_anchor_promoter_tcga_cpm1_both	patient	TCGA	ZNF486	22	11	22	1.0	TRUE	0.348905588052191	TRUE
PRIMARY_anchor_promoter_tcga_cpm1_both	patient	TCGA	ZNF493	22	11	22	1.0	TRUE	0.326999896418354	TRUE
PRIMARY_anchor_promoter_tcga_cpm1_both	patient	TCGA	ZNF540	22	11	22	1.0	TRUE	1.45945279939804	TRUE
PRIMARY_anchor_promoter_tcga_cpm1_both	patient	TCGA	ZNF541	22	11	17	0.7727272727272727	TRUE	3.56071102166037	TRUE
PRIMARY_anchor_promoter_tcga_cpm1_both	patient	TCGA	ZNF597	22	11	22	1.0	TRUE	1.15499234061918	TRUE
PRIMARY_anchor_promoter_tcga_cpm1_both	patient	TCGA	ZNF608	22	11	22	1.0	TRUE	1.53786962642159	TRUE
PRIMARY_anchor_promoter_tcga_cpm1_both	patient	TCGA	ZNF620	22	11	22	1.0	TRUE	3.15567860437697	TRUE
PRIMARY_anchor_promoter_tcga_cpm1_both	patient	TCGA	ZNF662	22	11	19	0.8636363636363636	TRUE	1.2131288714133	TRUE
PRIMARY_anchor_promoter_tcga_cpm1_both	patient	TCGA	ZNF671	22	11	21	0.9545454545454546	TRUE	0.347503739601032	TRUE
PRIMARY_anchor_promoter_tcga_cpm1_both	patient	TCGA	ZNF678	22	11	22	1.0	TRUE	2.72591062384592	TRUE
PRIMARY_anchor_promoter_tcga_cpm1_both	patient	TCGA	ZNF681	22	11	22	1.0	TRUE	0.322462882337443	TRUE
PRIMARY_anchor_promoter_tcga_cpm1_both	patient	TCGA	ZNF69	22	11	22	1.0	TRUE	2.36618827283218	TRUE
PRIMARY_anchor_promoter_tcga_cpm1_both	patient	TCGA	ZNF710	22	11	22	1.0	TRUE	3.6465414595342	TRUE
PRIMARY_anchor_promoter_tcga_cpm1_both	patient	TCGA	ZNF717	22	11	22	1.0	TRUE	0.367229029961227	TRUE
PRIMARY_anchor_promoter_tcga_cpm1_both	patient	TCGA	ZNF737	22	11	22	1.0	TRUE	-0.0999473010674684	FALSE
PRIMARY_anchor_promoter_tcga_cpm1_both	patient	TCGA	ZNF75D	22	11	22	1.0	TRUE	1.96492041190927	TRUE
PRIMARY_anchor_promoter_tcga_cpm1_both	patient	TCGA	ZNF763	22	11	22	1.0	TRUE	0.964336139165812	TRUE
PRIMARY_anchor_promoter_tcga_cpm1_both	patient	TCGA	ZNF792	22	11	22	1.0	TRUE	1.40105403571638	TRUE
PRIMARY_anchor_promoter_tcga_cpm1_both	patient	TCGA	ZNF835	22	11	21	0.9545454545454546	TRUE	1.17400060373385	TRUE
PRIMARY_anchor_promoter_tcga_cpm1_both	patient	TCGA	ZNF852	22	11	22	1.0	TRUE	1.5992315126802	TRUE
PRIMARY_anchor_promoter_tcga_cpm1_both	patient	TCGA	ZNF860	22	11	22	1.0	TRUE	1.28597039147626	TRUE
PRIMARY_anchor_promoter_tcga_cpm1_both	patient	TCGA	ZSCAN16	22	11	22	1.0	TRUE	2.19861115410941	TRUE
PRIMARY_anchor_promoter_tcga_cpm1_both	PDX	PDMR_PDX	ABHD14B	13	7	7	0.5384615384615384	TRUE	3.83411957772496	TRUE
PRIMARY_anchor_promoter_tcga_cpm1_both	PDX	PDMR_PDX	ABRA	13	7	0	0.0	FALSE	-2.58966960289918	FALSE
PRIMARY_anchor_promoter_tcga_cpm1_both	PDX	PDMR_PDX	APBB1	13	7	2	0.15384615384615385	FALSE	-0.548273862954927	FALSE
PRIMARY_anchor_promoter_tcga_cpm1_both	PDX	PDMR_PDX	ARX	13	7	1	0.07692307692307693	FALSE	-0.341629895903198	FALSE
PRIMARY_anchor_promoter_tcga_cpm1_both	PDX	PDMR_PDX	ASCL5	13	7	1	0.07692307692307693	FALSE	-0.251337243056997	FALSE
PRIMARY_anchor_promoter_tcga_cpm1_both	PDX	PDMR_PDX	ATOH8	13	7	0	0.0	FALSE	-0.664202793343812	FALSE
PRIMARY_anchor_promoter_tcga_cpm1_both	PDX	PDMR_PDX	BATF3	13	7	4	0.3076923076923077	FALSE	-0.646858830263657	FALSE
PRIMARY_anchor_promoter_tcga_cpm1_both	PDX	PDMR_PDX	BCLAF3	13	7	5	0.38461538461538464	FALSE	0.46907160972623	TRUE
PRIMARY_anchor_promoter_tcga_cpm1_both	PDX	PDMR_PDX	CIITA	13	7	1	0.07692307692307693	FALSE	-2.13388212412719	FALSE
PRIMARY_anchor_promoter_tcga_cpm1_both	PDX	PDMR_PDX	CREB3L2	13	7	10	0.7692307692307693	TRUE	1.80368249437254	TRUE
PRIMARY_anchor_promoter_tcga_cpm1_both	PDX	PDMR_PDX	CREBRF	13	7	10	0.7692307692307693	TRUE	1.6952670193717	TRUE
PRIMARY_anchor_promoter_tcga_cpm1_both	PDX	PDMR_PDX	CRY2	13	7	10	0.7692307692307693	TRUE	1.19677696752484	TRUE
PRIMARY_anchor_promoter_tcga_cpm1_both	PDX	PDMR_PDX	CSRNP1	13	7	7	0.5384615384615384	TRUE	1.45358366021724	TRUE
PRIMARY_anchor_promoter_tcga_cpm1_both	PDX	PDMR_PDX	DMRTC2	13	7	1	0.07692307692307693	FALSE	-0.845846757832656	FALSE
PRIMARY_anchor_promoter_tcga_cpm1_both	PDX	PDMR_PDX	DRGX	13	7	0	0.0	FALSE	0.0228448660821765	TRUE
PRIMARY_anchor_promoter_tcga_cpm1_both	PDX	PDMR_PDX	E2F5	13	7	9	0.6923076923076923	TRUE	1.74103075558624	TRUE
PRIMARY_anchor_promoter_tcga_cpm1_both	PDX	PDMR_PDX	ELF3	13	7	8	0.6153846153846154	TRUE	2.23246810365467	TRUE
PRIMARY_anchor_promoter_tcga_cpm1_both	PDX	PDMR_PDX	ELF5	13	7	0	0.0	FALSE	-1.94901287523946	FALSE
PRIMARY_anchor_promoter_tcga_cpm1_both	PDX	PDMR_PDX	EPAS1	13	7	8	0.6153846153846154	TRUE	1.20662415271538	TRUE
PRIMARY_anchor_promoter_tcga_cpm1_both	PDX	PDMR_PDX	ESR1	13	7	3	0.23076923076923078	FALSE	-0.0601598431213857	FALSE
PRIMARY_anchor_promoter_tcga_cpm1_both	PDX	PDMR_PDX	ETV1	13	7	9	0.6923076923076923	TRUE	-0.609556862953565	FALSE
PRIMARY_anchor_promoter_tcga_cpm1_both	PDX	PDMR_PDX	FOXA1	13	7	4	0.3076923076923077	FALSE	0.461064099492983	TRUE
PRIMARY_anchor_promoter_tcga_cpm1_both	PDX	PDMR_PDX	FOXA2	13	7	3	0.23076923076923078	FALSE	-0.260091545890401	FALSE
PRIMARY_anchor_promoter_tcga_cpm1_both	PDX	PDMR_PDX	FOXA3	13	7	9	0.6923076923076923	TRUE	-0.883004761734181	FALSE
PRIMARY_anchor_promoter_tcga_cpm1_both	PDX	PDMR_PDX	FOXD2	13	7	8	0.6153846153846154	TRUE	0.683739642553749	TRUE
PRIMARY_anchor_promoter_tcga_cpm1_both	PDX	PDMR_PDX	FOXP1	13	7	3	0.23076923076923078	FALSE	0.677602416605842	TRUE
PRIMARY_anchor_promoter_tcga_cpm1_both	PDX	PDMR_PDX	FOXP4	13	7	5	0.38461538461538464	FALSE	1.80759208016716	TRUE
PRIMARY_anchor_promoter_tcga_cpm1_both	PDX	PDMR_PDX	GATA5	13	7	1	0.07692307692307693	FALSE	-0.624147141608721	FALSE
PRIMARY_anchor_promoter_tcga_cpm1_both	PDX	PDMR_PDX	GATA6	13	7	1	0.07692307692307693	FALSE	-1.309843155124	FALSE
PRIMARY_anchor_promoter_tcga_cpm1_both	PDX	PDMR_PDX	GCM1	13	7	0	0.0	FALSE	-2.22885618026692	FALSE
PRIMARY_anchor_promoter_tcga_cpm1_both	PDX	PDMR_PDX	GLIS3	13	7	1	0.07692307692307693	FALSE	1.3923751754147	TRUE
PRIMARY_anchor_promoter_tcga_cpm1_both	PDX	PDMR_PDX	HNF1A	13	7	0	0.0	FALSE	-1.09303156642187	FALSE
PRIMARY_anchor_promoter_tcga_cpm1_both	PDX	PDMR_PDX	HNF1B	13	7	0	0.0	FALSE	1.25099413333262	TRUE
PRIMARY_anchor_promoter_tcga_cpm1_both	PDX	PDMR_PDX	HNF4G	13	7	5	0.38461538461538464	FALSE	1.13431316786431	TRUE
PRIMARY_anchor_promoter_tcga_cpm1_both	PDX	PDMR_PDX	HOPX	13	7	1	0.07692307692307693	FALSE	1.19502335498509	TRUE
PRIMARY_anchor_promoter_tcga_cpm1_both	PDX	PDMR_PDX	HOXD1	13	7	4	0.3076923076923077	FALSE	1.33759256890656	TRUE
PRIMARY_anchor_promoter_tcga_cpm1_both	PDX	PDMR_PDX	IKZF4	13	7	5	0.38461538461538464	FALSE	1.52231906964897	TRUE
PRIMARY_anchor_promoter_tcga_cpm1_both	PDX	PDMR_PDX	IL4	13	7	1	0.07692307692307693	FALSE	-1.99120350242317	FALSE
PRIMARY_anchor_promoter_tcga_cpm1_both	PDX	PDMR_PDX	INSM2	13	7	4	0.3076923076923077	FALSE	-0.824240914559846	FALSE
PRIMARY_anchor_promoter_tcga_cpm1_both	PDX	PDMR_PDX	IRF7	13	7	0	0.0	FALSE	2.63895743480366	TRUE
PRIMARY_anchor_promoter_tcga_cpm1_both	PDX	PDMR_PDX	IRX3	13	7	4	0.3076923076923077	FALSE	0.341054446226155	TRUE
PRIMARY_anchor_promoter_tcga_cpm1_both	PDX	PDMR_PDX	JADE1	13	7	6	0.46153846153846156	FALSE	0.465905892195857	TRUE
PRIMARY_anchor_promoter_tcga_cpm1_both	PDX	PDMR_PDX	KANK2	13	7	8	0.6153846153846154	TRUE	1.14432591850981	TRUE
PRIMARY_anchor_promoter_tcga_cpm1_both	PDX	PDMR_PDX	KAT2B	13	7	4	0.3076923076923077	FALSE	-0.276827738269315	FALSE
PRIMARY_anchor_promoter_tcga_cpm1_both	PDX	PDMR_PDX	KLF2	13	7	8	0.6153846153846154	TRUE	-0.697802729745059	FALSE
PRIMARY_anchor_promoter_tcga_cpm1_both	PDX	PDMR_PDX	KLF9	13	7	6	0.46153846153846156	FALSE	1.19661692102758	TRUE
PRIMARY_anchor_promoter_tcga_cpm1_both	PDX	PDMR_PDX	LHX9	13	7	1	0.07692307692307693	FALSE	-1.30161476428096	FALSE
PRIMARY_anchor_promoter_tcga_cpm1_both	PDX	PDMR_PDX	LIMD1	13	7	3	0.23076923076923078	FALSE	1.46934245612872	TRUE
PRIMARY_anchor_promoter_tcga_cpm1_both	PDX	PDMR_PDX	LMO3	13	7	0	0.0	FALSE	-0.180186355893363	FALSE
PRIMARY_anchor_promoter_tcga_cpm1_both	PDX	PDMR_PDX	LPIN2	13	7	7	0.5384615384615384	TRUE	1.16600073649317	TRUE
PRIMARY_anchor_promoter_tcga_cpm1_both	PDX	PDMR_PDX	LYL1	13	7	1	0.07692307692307693	FALSE	-0.793855023172207	FALSE
PRIMARY_anchor_promoter_tcga_cpm1_both	PDX	PDMR_PDX	MAGEC3	13	7	0	0.0	FALSE	-1.59852276572392	FALSE
PRIMARY_anchor_promoter_tcga_cpm1_both	PDX	PDMR_PDX	MAGED2	13	7	10	0.7692307692307693	TRUE	3.78239113560362	TRUE
PRIMARY_anchor_promoter_tcga_cpm1_both	PDX	PDMR_PDX	MAGEE2	13	7	0	0.0	FALSE	-1.32861644810414	FALSE
PRIMARY_anchor_promoter_tcga_cpm1_both	PDX	PDMR_PDX	MDFIC	13	7	7	0.5384615384615384	TRUE	3.30256910211767	TRUE
PRIMARY_anchor_promoter_tcga_cpm1_both	PDX	PDMR_PDX	MEF2C	13	7	2	0.15384615384615385	FALSE	-0.450635453305447	FALSE
PRIMARY_anchor_promoter_tcga_cpm1_both	PDX	PDMR_PDX	MEF2D	13	7	10	0.7692307692307693	TRUE	2.23100779985039	TRUE
PRIMARY_anchor_promoter_tcga_cpm1_both	PDX	PDMR_PDX	MEIS3P1	13	7	0	0.0	FALSE	2.15245204461075	TRUE
PRIMARY_anchor_promoter_tcga_cpm1_both	PDX	PDMR_PDX	MEIS3P2	13	7	0	0.0	FALSE	-0.29425625257681	FALSE
PRIMARY_anchor_promoter_tcga_cpm1_both	PDX	PDMR_PDX	MESP1	13	7	4	0.3076923076923077	FALSE	2.25547444533025	TRUE
PRIMARY_anchor_promoter_tcga_cpm1_both	PDX	PDMR_PDX	MITF	13	7	6	0.46153846153846156	FALSE	1.23784308167123	TRUE
PRIMARY_anchor_promoter_tcga_cpm1_both	PDX	PDMR_PDX	MLLT3	13	7	2	0.15384615384615385	FALSE	2.09876230603982	TRUE
PRIMARY_anchor_promoter_tcga_cpm1_both	PDX	PDMR_PDX	MLLT6	13	7	0	0.0	FALSE	1.13350645959511	TRUE
PRIMARY_anchor_promoter_tcga_cpm1_both	PDX	PDMR_PDX	MSANTD1	13	7	0	0.0	FALSE	0.212010996332135	TRUE
PRIMARY_anchor_promoter_tcga_cpm1_both	PDX	PDMR_PDX	MXD4	13	7	10	0.7692307692307693	TRUE	1.05093573969678	TRUE
PRIMARY_anchor_promoter_tcga_cpm1_both	PDX	PDMR_PDX	MYRF	13	7	2	0.15384615384615385	FALSE	-0.0193086348974985	FALSE
PRIMARY_anchor_promoter_tcga_cpm1_both	PDX	PDMR_PDX	MYRFL	13	7	0	0.0	FALSE	-0.631568753818511	FALSE
PRIMARY_anchor_promoter_tcga_cpm1_both	PDX	PDMR_PDX	NANOGP1	13	7	0	0.0	FALSE	-0.520804177144856	FALSE
PRIMARY_anchor_promoter_tcga_cpm1_both	PDX	PDMR_PDX	NCOA7	13	7	9	0.6923076923076923	TRUE	1.18697896731189	TRUE
PRIMARY_anchor_promoter_tcga_cpm1_both	PDX	PDMR_PDX	NEUROG3	13	7	1	0.07692307692307693	FALSE	-1.41159991891326	FALSE
PRIMARY_anchor_promoter_tcga_cpm1_both	PDX	PDMR_PDX	NFATC2	13	7	4	0.3076923076923077	FALSE	-0.0262416232272816	FALSE
PRIMARY_anchor_promoter_tcga_cpm1_both	PDX	PDMR_PDX	NFATC4	13	7	8	0.6153846153846154	TRUE	0.422542422136536	TRUE
PRIMARY_anchor_promoter_tcga_cpm1_both	PDX	PDMR_PDX	NFE2	13	7	1	0.07692307692307693	FALSE	0.675888935419977	TRUE
PRIMARY_anchor_promoter_tcga_cpm1_both	PDX	PDMR_PDX	NKX2-1	13	7	1	0.07692307692307693	FALSE	0.0526922708652373	TRUE
PRIMARY_anchor_promoter_tcga_cpm1_both	PDX	PDMR_PDX	NOTO	13	7	1	0.07692307692307693	FALSE	-2.21996455175478	FALSE
PRIMARY_anchor_promoter_tcga_cpm1_both	PDX	PDMR_PDX	NR0B2	13	7	1	0.07692307692307693	FALSE	-2.4961929056332	FALSE
PRIMARY_anchor_promoter_tcga_cpm1_both	PDX	PDMR_PDX	NR1H4	13	7	0	0.0	FALSE	-2.07359764290909	FALSE
PRIMARY_anchor_promoter_tcga_cpm1_both	PDX	PDMR_PDX	NR2F1	13	7	1	0.07692307692307693	FALSE	-1.13313062961217	FALSE
PRIMARY_anchor_promoter_tcga_cpm1_both	PDX	PDMR_PDX	NR2F6	13	7	5	0.38461538461538464	FALSE	3.05623225946323	TRUE
PRIMARY_anchor_promoter_tcga_cpm1_both	PDX	PDMR_PDX	NR3C2	13	7	10	0.7692307692307693	TRUE	0.652152315519307	TRUE
PRIMARY_anchor_promoter_tcga_cpm1_both	PDX	PDMR_PDX	OLIG1	13	7	0	0.0	FALSE	-1.27413215202565	FALSE
PRIMARY_anchor_promoter_tcga_cpm1_both	PDX	PDMR_PDX	ONECUT1	13	7	3	0.23076923076923078	FALSE	0.563758142753872	TRUE
PRIMARY_anchor_promoter_tcga_cpm1_both	PDX	PDMR_PDX	PHC2	13	7	9	0.6923076923076923	TRUE	4.70689738737984	TRUE
PRIMARY_anchor_promoter_tcga_cpm1_both	PDX	PDMR_PDX	POU1F1	13	7	0	0.0	FALSE	-1.04087612742795	FALSE
PRIMARY_anchor_promoter_tcga_cpm1_both	PDX	PDMR_PDX	PPARGC1A	13	7	0	0.0	FALSE	-1.84830738868435	FALSE
PRIMARY_anchor_promoter_tcga_cpm1_both	PDX	PDMR_PDX	PRDM16	13	7	1	0.07692307692307693	FALSE	-0.73703328508404	FALSE
PRIMARY_anchor_promoter_tcga_cpm1_both	PDX	PDMR_PDX	PRDM8	13	7	6	0.46153846153846156	FALSE	-0.046756028354387	FALSE
PRIMARY_anchor_promoter_tcga_cpm1_both	PDX	PDMR_PDX	RARA	13	7	8	0.6153846153846154	TRUE	2.70976623856701	TRUE
PRIMARY_anchor_promoter_tcga_cpm1_both	PDX	PDMR_PDX	RORB	13	7	2	0.15384615384615385	FALSE	-1.57729408452424	FALSE
PRIMARY_anchor_promoter_tcga_cpm1_both	PDX	PDMR_PDX	RORC	13	7	5	0.38461538461538464	FALSE	1.69161799095405	TRUE
PRIMARY_anchor_promoter_tcga_cpm1_both	PDX	PDMR_PDX	SAMD11	13	7	0	0.0	FALSE	-1.16410787369271	FALSE
PRIMARY_anchor_promoter_tcga_cpm1_both	PDX	PDMR_PDX	SMAD6	13	7	4	0.3076923076923077	FALSE	-0.311893062301658	FALSE
PRIMARY_anchor_promoter_tcga_cpm1_both	PDX	PDMR_PDX	SMAD7	13	7	3	0.23076923076923078	FALSE	0.263891709168629	TRUE
PRIMARY_anchor_promoter_tcga_cpm1_both	PDX	PDMR_PDX	SP110	13	7	4	0.3076923076923077	FALSE	1.10679880268414	TRUE
PRIMARY_anchor_promoter_tcga_cpm1_both	PDX	PDMR_PDX	SP5	13	7	4	0.3076923076923077	FALSE	0.318062063882912	TRUE
PRIMARY_anchor_promoter_tcga_cpm1_both	PDX	PDMR_PDX	SPDEF	13	7	0	0.0	FALSE	1.38817183726269	TRUE
PRIMARY_anchor_promoter_tcga_cpm1_both	PDX	PDMR_PDX	TBX15	13	7	1	0.07692307692307693	FALSE	-0.0157008260665552	FALSE
PRIMARY_anchor_promoter_tcga_cpm1_both	PDX	PDMR_PDX	TBX4	13	7	1	0.07692307692307693	FALSE	-0.827837422892531	FALSE
PRIMARY_anchor_promoter_tcga_cpm1_both	PDX	PDMR_PDX	TBXT	13	7	0	0.0	FALSE	-1.66725127059851	FALSE
PRIMARY_anchor_promoter_tcga_cpm1_both	PDX	PDMR_PDX	TCF21	13	7	0	0.0	FALSE	-2.98813391568845	FALSE
PRIMARY_anchor_promoter_tcga_cpm1_both	PDX	PDMR_PDX	TFCP2L1	13	7	4	0.3076923076923077	FALSE	-0.131889795880597	FALSE
PRIMARY_anchor_promoter_tcga_cpm1_both	PDX	PDMR_PDX	TOX3	13	7	2	0.15384615384615385	FALSE	-0.633624621992184	FALSE
PRIMARY_anchor_promoter_tcga_cpm1_both	PDX	PDMR_PDX	TP53INP1	13	7	7	0.5384615384615384	TRUE	-4.602041102174	FALSE
PRIMARY_anchor_promoter_tcga_cpm1_both	PDX	PDMR_PDX	VDR	13	7	5	0.38461538461538464	FALSE	1.79440454325817	TRUE
PRIMARY_anchor_promoter_tcga_cpm1_both	PDX	PDMR_PDX	VENTX	13	7	0	0.0	FALSE	-2.09031136034354	FALSE
PRIMARY_anchor_promoter_tcga_cpm1_both	PDX	PDMR_PDX	VSX1	13	7	0	0.0	FALSE	0.095142399350142	TRUE
PRIMARY_anchor_promoter_tcga_cpm1_both	PDX	PDMR_PDX	WTIP	13	7	1	0.07692307692307693	FALSE	0.168871817548402	TRUE
PRIMARY_anchor_promoter_tcga_cpm1_both	PDX	PDMR_PDX	WWC1	13	7	3	0.23076923076923078	FALSE	2.80707140108985	TRUE
PRIMARY_anchor_promoter_tcga_cpm1_both	PDX	PDMR_PDX	WWC2	13	7	8	0.6153846153846154	TRUE	1.99590260615829	TRUE
PRIMARY_anchor_promoter_tcga_cpm1_both	PDX	PDMR_PDX	XBP1	13	7	10	0.7692307692307693	TRUE	-0.213656309228	FALSE
PRIMARY_anchor_promoter_tcga_cpm1_both	PDX	PDMR_PDX	ZBTB10	13	7	4	0.3076923076923077	FALSE	1.13899824477404	TRUE
PRIMARY_anchor_promoter_tcga_cpm1_both	PDX	PDMR_PDX	ZBTB16	13	7	1	0.07692307692307693	FALSE	-1.08776486088194	FALSE
PRIMARY_anchor_promoter_tcga_cpm1_both	PDX	PDMR_PDX	ZBTB18	13	7	10	0.7692307692307693	TRUE	0.546057468912367	TRUE
PRIMARY_anchor_promoter_tcga_cpm1_both	PDX	PDMR_PDX	ZBTB42	13	7	6	0.46153846153846156	FALSE	1.767012472124	TRUE
PRIMARY_anchor_promoter_tcga_cpm1_both	PDX	PDMR_PDX	ZBTB46	13	7	2	0.15384615384615385	FALSE	-0.213280754634958	FALSE
PRIMARY_anchor_promoter_tcga_cpm1_both	PDX	PDMR_PDX	ZFHX2	13	7	2	0.15384615384615385	FALSE	-0.986975205127823	FALSE
PRIMARY_anchor_promoter_tcga_cpm1_both	PDX	PDMR_PDX	ZFP2	13	7	5	0.38461538461538464	FALSE	0.0444705896847725	TRUE
PRIMARY_anchor_promoter_tcga_cpm1_both	PDX	PDMR_PDX	ZFP57	13	7	0	0.0	FALSE	-0.509321794471331	FALSE
PRIMARY_anchor_promoter_tcga_cpm1_both	PDX	PDMR_PDX	ZMYND15	13	7	2	0.15384615384615385	FALSE	-0.107759334755505	FALSE
PRIMARY_anchor_promoter_tcga_cpm1_both	PDX	PDMR_PDX	ZNF117	13	7	8	0.6153846153846154	TRUE	0.863372847433591	TRUE
PRIMARY_anchor_promoter_tcga_cpm1_both	PDX	PDMR_PDX	ZNF141	13	7	10	0.7692307692307693	TRUE	1.08909578848341	TRUE
PRIMARY_anchor_promoter_tcga_cpm1_both	PDX	PDMR_PDX	ZNF19	13	7	7	0.5384615384615384	TRUE	0.590844433404935	TRUE
PRIMARY_anchor_promoter_tcga_cpm1_both	PDX	PDMR_PDX	ZNF214	13	7	2	0.15384615384615385	FALSE	-0.546817755364639	FALSE
PRIMARY_anchor_promoter_tcga_cpm1_both	PDX	PDMR_PDX	ZNF239	13	7	4	0.3076923076923077	FALSE	1.01586054894146	TRUE
PRIMARY_anchor_promoter_tcga_cpm1_both	PDX	PDMR_PDX	ZNF254	13	7	8	0.6153846153846154	TRUE	0.642404052056453	TRUE
PRIMARY_anchor_promoter_tcga_cpm1_both	PDX	PDMR_PDX	ZNF281	13	7	9	0.6923076923076923	TRUE	2.3359619382885	TRUE
PRIMARY_anchor_promoter_tcga_cpm1_both	PDX	PDMR_PDX	ZNF33A	13	7	10	0.7692307692307693	TRUE	-0.758809088255929	FALSE
PRIMARY_anchor_promoter_tcga_cpm1_both	PDX	PDMR_PDX	ZNF33B	13	7	10	0.7692307692307693	TRUE	0.842689381423336	TRUE
PRIMARY_anchor_promoter_tcga_cpm1_both	PDX	PDMR_PDX	ZNF341	13	7	9	0.6923076923076923	TRUE	1.29861993355598	TRUE
PRIMARY_anchor_promoter_tcga_cpm1_both	PDX	PDMR_PDX	ZNF382	13	7	1	0.07692307692307693	FALSE	-0.974414323534309	FALSE
PRIMARY_anchor_promoter_tcga_cpm1_both	PDX	PDMR_PDX	ZNF396	13	7	3	0.23076923076923078	FALSE	0.609597181308702	TRUE
PRIMARY_anchor_promoter_tcga_cpm1_both	PDX	PDMR_PDX	ZNF429	13	7	4	0.3076923076923077	FALSE	0.482881165089677	TRUE
PRIMARY_anchor_promoter_tcga_cpm1_both	PDX	PDMR_PDX	ZNF441	13	7	5	0.38461538461538464	FALSE	-0.0992661588926639	FALSE
PRIMARY_anchor_promoter_tcga_cpm1_both	PDX	PDMR_PDX	ZNF444	13	7	10	0.7692307692307693	TRUE	0.822998651529021	TRUE
PRIMARY_anchor_promoter_tcga_cpm1_both	PDX	PDMR_PDX	ZNF467	13	7	0	0.0	FALSE	-0.0521148339394705	FALSE
PRIMARY_anchor_promoter_tcga_cpm1_both	PDX	PDMR_PDX	ZNF483	13	7	2	0.15384615384615385	FALSE	0.698722805490809	TRUE
PRIMARY_anchor_promoter_tcga_cpm1_both	PDX	PDMR_PDX	ZNF486	13	7	4	0.3076923076923077	FALSE	0.290756871858934	TRUE
PRIMARY_anchor_promoter_tcga_cpm1_both	PDX	PDMR_PDX	ZNF493	13	7	6	0.46153846153846156	FALSE	-0.57559146109055	FALSE
PRIMARY_anchor_promoter_tcga_cpm1_both	PDX	PDMR_PDX	ZNF540	13	7	8	0.6153846153846154	TRUE	-3.35980761403697	FALSE
PRIMARY_anchor_promoter_tcga_cpm1_both	PDX	PDMR_PDX	ZNF541	13	7	0	0.0	FALSE	-0.96763122200107	FALSE
PRIMARY_anchor_promoter_tcga_cpm1_both	PDX	PDMR_PDX	ZNF597	13	7	3	0.23076923076923078	FALSE	0.438881418572381	TRUE
PRIMARY_anchor_promoter_tcga_cpm1_both	PDX	PDMR_PDX	ZNF608	13	7	1	0.07692307692307693	FALSE	-0.214880569367235	FALSE
PRIMARY_anchor_promoter_tcga_cpm1_both	PDX	PDMR_PDX	ZNF620	13	7	4	0.3076923076923077	FALSE	0.119782270291919	TRUE
PRIMARY_anchor_promoter_tcga_cpm1_both	PDX	PDMR_PDX	ZNF662	13	7	0	0.0	FALSE	-1.81831015498804	FALSE
PRIMARY_anchor_promoter_tcga_cpm1_both	PDX	PDMR_PDX	ZNF671	13	7	2	0.15384615384615385	FALSE	-0.296750883176756	FALSE
PRIMARY_anchor_promoter_tcga_cpm1_both	PDX	PDMR_PDX	ZNF678	13	7	10	0.7692307692307693	TRUE	1.31467195361702	TRUE
PRIMARY_anchor_promoter_tcga_cpm1_both	PDX	PDMR_PDX	ZNF681	13	7	7	0.5384615384615384	TRUE	0.724915875497317	TRUE
PRIMARY_anchor_promoter_tcga_cpm1_both	PDX	PDMR_PDX	ZNF69	13	7	3	0.23076923076923078	FALSE	0.722558662520164	TRUE
PRIMARY_anchor_promoter_tcga_cpm1_both	PDX	PDMR_PDX	ZNF710	13	7	3	0.23076923076923078	FALSE	1.5708608708065	TRUE
PRIMARY_anchor_promoter_tcga_cpm1_both	PDX	PDMR_PDX	ZNF717	13	7	4	0.3076923076923077	FALSE	0.660366473546319	TRUE
PRIMARY_anchor_promoter_tcga_cpm1_both	PDX	PDMR_PDX	ZNF737	13	7	6	0.46153846153846156	FALSE	-0.494135109437067	FALSE
PRIMARY_anchor_promoter_tcga_cpm1_both	PDX	PDMR_PDX	ZNF75D	13	7	9	0.6923076923076923	TRUE	0.284103652222219	TRUE
PRIMARY_anchor_promoter_tcga_cpm1_both	PDX	PDMR_PDX	ZNF763	13	7	4	0.3076923076923077	FALSE	0.254234885068348	TRUE
PRIMARY_anchor_promoter_tcga_cpm1_both	PDX	PDMR_PDX	ZNF792	13	7	2	0.15384615384615385	FALSE	0.325583533932591	TRUE
PRIMARY_anchor_promoter_tcga_cpm1_both	PDX	PDMR_PDX	ZNF835	13	7	1	0.07692307692307693	FALSE	-0.583765559462165	FALSE
PRIMARY_anchor_promoter_tcga_cpm1_both	PDX	PDMR_PDX	ZNF852	13	7	4	0.3076923076923077	FALSE	0.674427665344126	TRUE
PRIMARY_anchor_promoter_tcga_cpm1_both	PDX	PDMR_PDX	ZNF860	13	7	6	0.46153846153846156	FALSE	0.959745510269631	TRUE
PRIMARY_anchor_promoter_tcga_cpm1_both	PDX	PDMR_PDX	ZSCAN16	13	7	3	0.23076923076923078	FALSE	0.636278427200608	TRUE
PRIMARY_anchor_promoter_tcga_cpm1_both	cell_line	DepMap_22Q2	ABHD14B	19	10	10	0.5263157894736842	TRUE	3.67106869343883	TRUE
PRIMARY_anchor_promoter_tcga_cpm1_both	cell_line	DepMap_22Q2	ABRA	19	10	0	0.0	FALSE	-3.17144454180489	FALSE
PRIMARY_anchor_promoter_tcga_cpm1_both	cell_line	DepMap_22Q2	APBB1	19	10	4	0.21052631578947367	FALSE	-1.38752969710185	FALSE
PRIMARY_anchor_promoter_tcga_cpm1_both	cell_line	DepMap_22Q2	ARX	19	10	0	0.0	FALSE	-1.09993849921181	FALSE
PRIMARY_anchor_promoter_tcga_cpm1_both	cell_line	DepMap_22Q2	ASCL5	19	10	6	0.3157894736842105	FALSE	-0.621952689769882	FALSE
PRIMARY_anchor_promoter_tcga_cpm1_both	cell_line	DepMap_22Q2	ATOH8	19	10	0	0.0	FALSE	-1.34457434741505	FALSE
PRIMARY_anchor_promoter_tcga_cpm1_both	cell_line	DepMap_22Q2	BATF3	19	10	6	0.3157894736842105	FALSE	-1.25505235448278	FALSE
PRIMARY_anchor_promoter_tcga_cpm1_both	cell_line	DepMap_22Q2	BCLAF3	19	10	16	0.8421052631578947	TRUE	0.519595435048773	TRUE
PRIMARY_anchor_promoter_tcga_cpm1_both	cell_line	DepMap_22Q2	CIITA	19	10	1	0.05263157894736842	FALSE	-2.77871226172973	FALSE
PRIMARY_anchor_promoter_tcga_cpm1_both	cell_line	DepMap_22Q2	CREB3L2	19	10	18	0.9473684210526315	TRUE	0.635878536261767	TRUE
PRIMARY_anchor_promoter_tcga_cpm1_both	cell_line	DepMap_22Q2	CREBRF	19	10	19	1.0	TRUE	0.55854510339881	TRUE
PRIMARY_anchor_promoter_tcga_cpm1_both	cell_line	DepMap_22Q2	CRY2	19	10	16	0.8421052631578947	TRUE	0.26981768407137	TRUE
PRIMARY_anchor_promoter_tcga_cpm1_both	cell_line	DepMap_22Q2	CSRNP1	19	10	12	0.631578947368421	TRUE	1.0874058870595	TRUE
PRIMARY_anchor_promoter_tcga_cpm1_both	cell_line	DepMap_22Q2	DMRTC2	19	10	0	0.0	FALSE	-1.38037367408153	FALSE
PRIMARY_anchor_promoter_tcga_cpm1_both	cell_line	DepMap_22Q2	DRGX	19	10	0	0.0	FALSE	-1.45660274598459	FALSE
PRIMARY_anchor_promoter_tcga_cpm1_both	cell_line	DepMap_22Q2	E2F5	19	10	12	0.631578947368421	TRUE	1.84467460588383	TRUE
PRIMARY_anchor_promoter_tcga_cpm1_both	cell_line	DepMap_22Q2	ELF3	19	10	10	0.5263157894736842	TRUE	1.67305698860623	TRUE
PRIMARY_anchor_promoter_tcga_cpm1_both	cell_line	DepMap_22Q2	ELF5	19	10	6	0.3157894736842105	FALSE	-3.12665525929759	FALSE
PRIMARY_anchor_promoter_tcga_cpm1_both	cell_line	DepMap_22Q2	EPAS1	19	10	7	0.3684210526315789	FALSE	0.257813903945943	TRUE
PRIMARY_anchor_promoter_tcga_cpm1_both	cell_line	DepMap_22Q2	ESR1	19	10	0	0.0	FALSE	-0.350606058756376	FALSE
PRIMARY_anchor_promoter_tcga_cpm1_both	cell_line	DepMap_22Q2	ETV1	19	10	17	0.8947368421052632	TRUE	-0.581071175956934	FALSE
PRIMARY_anchor_promoter_tcga_cpm1_both	cell_line	DepMap_22Q2	FOXA1	19	10	10	0.5263157894736842	TRUE	0.0546542218966666	TRUE
PRIMARY_anchor_promoter_tcga_cpm1_both	cell_line	DepMap_22Q2	FOXA2	19	10	4	0.21052631578947367	FALSE	0.772890269490167	TRUE
PRIMARY_anchor_promoter_tcga_cpm1_both	cell_line	DepMap_22Q2	FOXA3	19	10	13	0.6842105263157895	TRUE	-1.28378634564309	FALSE
PRIMARY_anchor_promoter_tcga_cpm1_both	cell_line	DepMap_22Q2	FOXD2	19	10	11	0.5789473684210527	TRUE	0.491369277783987	TRUE
PRIMARY_anchor_promoter_tcga_cpm1_both	cell_line	DepMap_22Q2	FOXP1	19	10	6	0.3157894736842105	FALSE	-0.128172778161279	FALSE
PRIMARY_anchor_promoter_tcga_cpm1_both	cell_line	DepMap_22Q2	FOXP4	19	10	11	0.5789473684210527	TRUE	2.10672142157845	TRUE
PRIMARY_anchor_promoter_tcga_cpm1_both	cell_line	DepMap_22Q2	GATA5	19	10	0	0.0	FALSE	-0.996618303260594	FALSE
PRIMARY_anchor_promoter_tcga_cpm1_both	cell_line	DepMap_22Q2	GATA6	19	10	11	0.5789473684210527	TRUE	-1.74348306453651	FALSE
PRIMARY_anchor_promoter_tcga_cpm1_both	cell_line	DepMap_22Q2	GCM1	19	10	0	0.0	FALSE	-2.95825682915399	FALSE
PRIMARY_anchor_promoter_tcga_cpm1_both	cell_line	DepMap_22Q2	GLIS3	19	10	4	0.21052631578947367	FALSE	0.801627487895999	TRUE
PRIMARY_anchor_promoter_tcga_cpm1_both	cell_line	DepMap_22Q2	HNF1A	19	10	0	0.0	FALSE	-2.02878131948787	FALSE
PRIMARY_anchor_promoter_tcga_cpm1_both	cell_line	DepMap_22Q2	HNF1B	19	10	0	0.0	FALSE	-0.35719705216558	FALSE
PRIMARY_anchor_promoter_tcga_cpm1_both	cell_line	DepMap_22Q2	HNF4G	19	10	9	0.47368421052631576	FALSE	0.4370301516164	TRUE
PRIMARY_anchor_promoter_tcga_cpm1_both	cell_line	DepMap_22Q2	HOPX	19	10	2	0.10526315789473684	FALSE	0.690541716132616	TRUE
PRIMARY_anchor_promoter_tcga_cpm1_both	cell_line	DepMap_22Q2	HOXD1	19	10	4	0.21052631578947367	FALSE	0.262711821578026	TRUE
PRIMARY_anchor_promoter_tcga_cpm1_both	cell_line	DepMap_22Q2	IKZF4	19	10	5	0.2631578947368421	FALSE	0.770157960452382	TRUE
PRIMARY_anchor_promoter_tcga_cpm1_both	cell_line	DepMap_22Q2	IL4	19	10	2	0.10526315789473684	FALSE	-1.75173617743472	FALSE
PRIMARY_anchor_promoter_tcga_cpm1_both	cell_line	DepMap_22Q2	INSM2	19	10	16	0.8421052631578947	TRUE	-1.68337183080497	FALSE
PRIMARY_anchor_promoter_tcga_cpm1_both	cell_line	DepMap_22Q2	IRF7	19	10	0	0.0	FALSE	2.42809889884718	TRUE
PRIMARY_anchor_promoter_tcga_cpm1_both	cell_line	DepMap_22Q2	IRX3	19	10	11	0.5789473684210527	TRUE	-0.329390320562868	FALSE
PRIMARY_anchor_promoter_tcga_cpm1_both	cell_line	DepMap_22Q2	JADE1	19	10	16	0.8421052631578947	TRUE	-0.431788932926503	FALSE
PRIMARY_anchor_promoter_tcga_cpm1_both	cell_line	DepMap_22Q2	KANK2	19	10	3	0.15789473684210525	FALSE	0.597345897821461	TRUE
PRIMARY_anchor_promoter_tcga_cpm1_both	cell_line	DepMap_22Q2	KAT2B	19	10	3	0.15789473684210525	FALSE	-1.43866593955059	FALSE
PRIMARY_anchor_promoter_tcga_cpm1_both	cell_line	DepMap_22Q2	KLF2	19	10	7	0.3684210526315789	FALSE	-0.561858578655021	FALSE
PRIMARY_anchor_promoter_tcga_cpm1_both	cell_line	DepMap_22Q2	KLF9	19	10	12	0.631578947368421	TRUE	1.100566078923	TRUE
PRIMARY_anchor_promoter_tcga_cpm1_both	cell_line	DepMap_22Q2	LHX9	19	10	6	0.3157894736842105	FALSE	-2.25751563159904	FALSE
PRIMARY_anchor_promoter_tcga_cpm1_both	cell_line	DepMap_22Q2	LIMD1	19	10	7	0.3684210526315789	FALSE	0.705358539695324	TRUE
PRIMARY_anchor_promoter_tcga_cpm1_both	cell_line	DepMap_22Q2	LMO3	19	10	0	0.0	FALSE	-1.18358592989121	FALSE
PRIMARY_anchor_promoter_tcga_cpm1_both	cell_line	DepMap_22Q2	LPIN2	19	10	9	0.47368421052631576	FALSE	0.643680497980781	TRUE
PRIMARY_anchor_promoter_tcga_cpm1_both	cell_line	DepMap_22Q2	LYL1	19	10	1	0.05263157894736842	FALSE	-0.448883737171652	FALSE
PRIMARY_anchor_promoter_tcga_cpm1_both	cell_line	DepMap_22Q2	MAGEC3	19	10	1	0.05263157894736842	FALSE	-2.11364848809192	FALSE
PRIMARY_anchor_promoter_tcga_cpm1_both	cell_line	DepMap_22Q2	MAGED2	19	10	11	0.5789473684210527	TRUE	3.30062502363593	TRUE
PRIMARY_anchor_promoter_tcga_cpm1_both	cell_line	DepMap_22Q2	MAGEE2	19	10	0	0.0	FALSE	-2.21226341344936	FALSE
PRIMARY_anchor_promoter_tcga_cpm1_both	cell_line	DepMap_22Q2	MDFIC	19	10	6	0.3157894736842105	FALSE	2.2395473800079	TRUE
PRIMARY_anchor_promoter_tcga_cpm1_both	cell_line	DepMap_22Q2	MEF2C	19	10	8	0.42105263157894735	FALSE	-2.23637358138697	FALSE
PRIMARY_anchor_promoter_tcga_cpm1_both	cell_line	DepMap_22Q2	MEF2D	19	10	9	0.47368421052631576	FALSE	2.04437920363765	TRUE
PRIMARY_anchor_promoter_tcga_cpm1_both	cell_line	DepMap_22Q2	MEIS3P1	19	10	0	0.0	FALSE	1.5206460672112	TRUE
PRIMARY_anchor_promoter_tcga_cpm1_both	cell_line	DepMap_22Q2	MEIS3P2	19	10	0	0.0	FALSE	-1.16703929048586	FALSE
PRIMARY_anchor_promoter_tcga_cpm1_both	cell_line	DepMap_22Q2	MESP1	19	10	10	0.5263157894736842	TRUE	2.38304130797947	TRUE
PRIMARY_anchor_promoter_tcga_cpm1_both	cell_line	DepMap_22Q2	MITF	19	10	16	0.8421052631578947	TRUE	0.882400746787378	TRUE
PRIMARY_anchor_promoter_tcga_cpm1_both	cell_line	DepMap_22Q2	MLLT3	19	10	10	0.5263157894736842	TRUE	0.972893593984811	TRUE
PRIMARY_anchor_promoter_tcga_cpm1_both	cell_line	DepMap_22Q2	MLLT6	19	10	0	0.0	FALSE	1.36491333657041	TRUE
PRIMARY_anchor_promoter_tcga_cpm1_both	cell_line	DepMap_22Q2	MSANTD1	19	10	0	0.0	FALSE	0.390826288457109	TRUE
PRIMARY_anchor_promoter_tcga_cpm1_both	cell_line	DepMap_22Q2	MXD4	19	10	18	0.9473684210526315	TRUE	1.07575753297262	TRUE
PRIMARY_anchor_promoter_tcga_cpm1_both	cell_line	DepMap_22Q2	MYRF	19	10	1	0.05263157894736842	FALSE	-0.38331232039485	FALSE
PRIMARY_anchor_promoter_tcga_cpm1_both	cell_line	DepMap_22Q2	MYRFL	19	10	2	0.10526315789473684	FALSE	-1.20851210529557	FALSE
PRIMARY_anchor_promoter_tcga_cpm1_both	cell_line	DepMap_22Q2	NANOGP1	19	10	1	0.05263157894736842	FALSE	-0.907860193410112	FALSE
PRIMARY_anchor_promoter_tcga_cpm1_both	cell_line	DepMap_22Q2	NCOA7	19	10	15	0.7894736842105263	TRUE	0.309978622677632	TRUE
PRIMARY_anchor_promoter_tcga_cpm1_both	cell_line	DepMap_22Q2	NEUROG3	19	10	0	0.0	FALSE	-1.7603702284908	FALSE
PRIMARY_anchor_promoter_tcga_cpm1_both	cell_line	DepMap_22Q2	NFATC2	19	10	2	0.10526315789473684	FALSE	-0.675900855356539	FALSE
PRIMARY_anchor_promoter_tcga_cpm1_both	cell_line	DepMap_22Q2	NFATC4	19	10	15	0.7894736842105263	TRUE	0.701897721320685	TRUE
PRIMARY_anchor_promoter_tcga_cpm1_both	cell_line	DepMap_22Q2	NFE2	19	10	7	0.3684210526315789	FALSE	-0.239170293539346	FALSE
PRIMARY_anchor_promoter_tcga_cpm1_both	cell_line	DepMap_22Q2	NKX2-1	19	10	5	0.2631578947368421	FALSE	-1.23710357432156	FALSE
PRIMARY_anchor_promoter_tcga_cpm1_both	cell_line	DepMap_22Q2	NOTO	19	10	0	0.0	FALSE	-2.52205312085404	FALSE
PRIMARY_anchor_promoter_tcga_cpm1_both	cell_line	DepMap_22Q2	NR0B2	19	10	1	0.05263157894736842	FALSE	-3.24119483145576	FALSE
PRIMARY_anchor_promoter_tcga_cpm1_both	cell_line	DepMap_22Q2	NR1H4	19	10	0	0.0	FALSE	-2.43405844962051	FALSE
PRIMARY_anchor_promoter_tcga_cpm1_both	cell_line	DepMap_22Q2	NR2F1	19	10	5	0.2631578947368421	FALSE	-1.56982602118186	FALSE
PRIMARY_anchor_promoter_tcga_cpm1_both	cell_line	DepMap_22Q2	NR2F6	19	10	1	0.05263157894736842	FALSE	3.17040731681519	TRUE
PRIMARY_anchor_promoter_tcga_cpm1_both	cell_line	DepMap_22Q2	NR3C2	19	10	17	0.8947368421052632	TRUE	-0.916591594901468	FALSE
PRIMARY_anchor_promoter_tcga_cpm1_both	cell_line	DepMap_22Q2	OLIG1	19	10	0	0.0	FALSE	-1.43004126473576	FALSE
PRIMARY_anchor_promoter_tcga_cpm1_both	cell_line	DepMap_22Q2	ONECUT1	19	10	2	0.10526315789473684	FALSE	-0.0772457904720571	FALSE
PRIMARY_anchor_promoter_tcga_cpm1_both	cell_line	DepMap_22Q2	PHC2	19	10	17	0.8947368421052632	TRUE	4.85150123893731	TRUE
PRIMARY_anchor_promoter_tcga_cpm1_both	cell_line	DepMap_22Q2	POU1F1	19	10	0	0.0	FALSE	-1.35065498291823	FALSE
PRIMARY_anchor_promoter_tcga_cpm1_both	cell_line	DepMap_22Q2	PPARGC1A	19	10	3	0.15789473684210525	FALSE	-2.48437851006787	FALSE
PRIMARY_anchor_promoter_tcga_cpm1_both	cell_line	DepMap_22Q2	PRDM16	19	10	0	0.0	FALSE	-1.12133150777431	FALSE
PRIMARY_anchor_promoter_tcga_cpm1_both	cell_line	DepMap_22Q2	PRDM8	19	10	7	0.3684210526315789	FALSE	-0.575196595286238	FALSE
PRIMARY_anchor_promoter_tcga_cpm1_both	cell_line	DepMap_22Q2	RARA	19	10	5	0.2631578947368421	FALSE	3.10866369635539	TRUE
PRIMARY_anchor_promoter_tcga_cpm1_both	cell_line	DepMap_22Q2	RORB	19	10	2	0.10526315789473684	FALSE	-2.86583104846524	FALSE
PRIMARY_anchor_promoter_tcga_cpm1_both	cell_line	DepMap_22Q2	RORC	19	10	3	0.15789473684210525	FALSE	1.11471343182994	TRUE
PRIMARY_anchor_promoter_tcga_cpm1_both	cell_line	DepMap_22Q2	SAMD11	19	10	0	0.0	FALSE	-1.50028695768961	FALSE
PRIMARY_anchor_promoter_tcga_cpm1_both	cell_line	DepMap_22Q2	SMAD6	19	10	6	0.3157894736842105	FALSE	-0.540892292363866	FALSE
PRIMARY_anchor_promoter_tcga_cpm1_both	cell_line	DepMap_22Q2	SMAD7	19	10	1	0.05263157894736842	FALSE	-0.113344860040879	FALSE
PRIMARY_anchor_promoter_tcga_cpm1_both	cell_line	DepMap_22Q2	SP110	19	10	10	0.5263157894736842	TRUE	0.0593620381206579	TRUE
PRIMARY_anchor_promoter_tcga_cpm1_both	cell_line	DepMap_22Q2	SP5	19	10	2	0.10526315789473684	FALSE	0.0502701029850682	TRUE
PRIMARY_anchor_promoter_tcga_cpm1_both	cell_line	DepMap_22Q2	SPDEF	19	10	0	0.0	FALSE	0.533052933772459	TRUE
PRIMARY_anchor_promoter_tcga_cpm1_both	cell_line	DepMap_22Q2	TBX15	19	10	0	0.0	FALSE	-0.957657448475063	FALSE
PRIMARY_anchor_promoter_tcga_cpm1_both	cell_line	DepMap_22Q2	TBX4	19	10	1	0.05263157894736842	FALSE	-1.35378715913303	FALSE
PRIMARY_anchor_promoter_tcga_cpm1_both	cell_line	DepMap_22Q2	TBXT	19	10	0	0.0	FALSE	-1.3958969706648	FALSE
PRIMARY_anchor_promoter_tcga_cpm1_both	cell_line	DepMap_22Q2	TCF21	19	10	0	0.0	FALSE	-4.32286966990729	FALSE
PRIMARY_anchor_promoter_tcga_cpm1_both	cell_line	DepMap_22Q2	TFCP2L1	19	10	3	0.15789473684210525	FALSE	-1.19508799270748	FALSE
PRIMARY_anchor_promoter_tcga_cpm1_both	cell_line	DepMap_22Q2	TOX3	19	10	0	0.0	FALSE	-2.37526633052805	FALSE
PRIMARY_anchor_promoter_tcga_cpm1_both	cell_line	DepMap_22Q2	TP53INP1	19	10	14	0.7368421052631579	TRUE	-4.46292295324534	FALSE
PRIMARY_anchor_promoter_tcga_cpm1_both	cell_line	DepMap_22Q2	VDR	19	10	7	0.3684210526315789	FALSE	1.35150438376577	TRUE
PRIMARY_anchor_promoter_tcga_cpm1_both	cell_line	DepMap_22Q2	VENTX	19	10	0	0.0	FALSE	-2.1101352261386	FALSE
PRIMARY_anchor_promoter_tcga_cpm1_both	cell_line	DepMap_22Q2	VSX1	19	10	0	0.0	FALSE	-0.261687611928183	FALSE
PRIMARY_anchor_promoter_tcga_cpm1_both	cell_line	DepMap_22Q2	WTIP	19	10	0	0.0	FALSE	0.262820543880877	TRUE
PRIMARY_anchor_promoter_tcga_cpm1_both	cell_line	DepMap_22Q2	WWC1	19	10	16	0.8421052631578947	TRUE	2.32114119631038	TRUE
PRIMARY_anchor_promoter_tcga_cpm1_both	cell_line	DepMap_22Q2	WWC2	19	10	14	0.7368421052631579	TRUE	1.33430110739544	TRUE
PRIMARY_anchor_promoter_tcga_cpm1_both	cell_line	DepMap_22Q2	XBP1	19	10	11	0.5789473684210527	TRUE	-1.20496321668969	FALSE
PRIMARY_anchor_promoter_tcga_cpm1_both	cell_line	DepMap_22Q2	ZBTB10	19	10	8	0.42105263157894735	FALSE	1.03861439538647	TRUE
PRIMARY_anchor_promoter_tcga_cpm1_both	cell_line	DepMap_22Q2	ZBTB16	19	10	1	0.05263157894736842	FALSE	-1.54149554920658	FALSE
PRIMARY_anchor_promoter_tcga_cpm1_both	cell_line	DepMap_22Q2	ZBTB18	19	10	19	1.0	TRUE	-0.560873011016648	FALSE
PRIMARY_anchor_promoter_tcga_cpm1_both	cell_line	DepMap_22Q2	ZBTB42	19	10	2	0.10526315789473684	FALSE	1.62133455897376	TRUE
PRIMARY_anchor_promoter_tcga_cpm1_both	cell_line	DepMap_22Q2	ZBTB46	19	10	0	0.0	FALSE	-0.409706235008041	FALSE
PRIMARY_anchor_promoter_tcga_cpm1_both	cell_line	DepMap_22Q2	ZFHX2	19	10	2	0.10526315789473684	FALSE	-1.69950891742694	FALSE
PRIMARY_anchor_promoter_tcga_cpm1_both	cell_line	DepMap_22Q2	ZFP2	19	10	9	0.47368421052631576	FALSE	-0.623669110452485	FALSE
PRIMARY_anchor_promoter_tcga_cpm1_both	cell_line	DepMap_22Q2	ZFP57	19	10	0	0.0	FALSE	-0.722073549606284	FALSE
PRIMARY_anchor_promoter_tcga_cpm1_both	cell_line	DepMap_22Q2	ZMYND15	19	10	1	0.05263157894736842	FALSE	-0.390884769792244	FALSE
PRIMARY_anchor_promoter_tcga_cpm1_both	cell_line	DepMap_22Q2	ZNF117	19	10	17	0.8947368421052632	TRUE	0.429404984322279	TRUE
PRIMARY_anchor_promoter_tcga_cpm1_both	cell_line	DepMap_22Q2	ZNF141	19	10	13	0.6842105263157895	TRUE	0.428460074229542	TRUE
PRIMARY_anchor_promoter_tcga_cpm1_both	cell_line	DepMap_22Q2	ZNF19	19	10	13	0.6842105263157895	TRUE	-0.20900756373465	FALSE
PRIMARY_anchor_promoter_tcga_cpm1_both	cell_line	DepMap_22Q2	ZNF214	19	10	8	0.42105263157894735	FALSE	-1.72846306491518	FALSE
PRIMARY_anchor_promoter_tcga_cpm1_both	cell_line	DepMap_22Q2	ZNF239	19	10	12	0.631578947368421	TRUE	1.08889142797665	TRUE
PRIMARY_anchor_promoter_tcga_cpm1_both	cell_line	DepMap_22Q2	ZNF254	19	10	15	0.7894736842105263	TRUE	0.221966312242056	TRUE
PRIMARY_anchor_promoter_tcga_cpm1_both	cell_line	DepMap_22Q2	ZNF281	19	10	10	0.5263157894736842	TRUE	1.62373105429904	TRUE
PRIMARY_anchor_promoter_tcga_cpm1_both	cell_line	DepMap_22Q2	ZNF33A	19	10	17	0.8947368421052632	TRUE	0.0248920508587967	TRUE
PRIMARY_anchor_promoter_tcga_cpm1_both	cell_line	DepMap_22Q2	ZNF33B	19	10	18	0.9473684210526315	TRUE	1.2911014542342	TRUE
PRIMARY_anchor_promoter_tcga_cpm1_both	cell_line	DepMap_22Q2	ZNF341	19	10	13	0.6842105263157895	TRUE	1.41134177088559	TRUE
PRIMARY_anchor_promoter_tcga_cpm1_both	cell_line	DepMap_22Q2	ZNF382	19	10	2	0.10526315789473684	FALSE	-1.43835221474165	FALSE
PRIMARY_anchor_promoter_tcga_cpm1_both	cell_line	DepMap_22Q2	ZNF396	19	10	6	0.3157894736842105	FALSE	-0.522387553492389	FALSE
PRIMARY_anchor_promoter_tcga_cpm1_both	cell_line	DepMap_22Q2	ZNF429	19	10	10	0.5263157894736842	TRUE	0.841319349896268	TRUE
PRIMARY_anchor_promoter_tcga_cpm1_both	cell_line	DepMap_22Q2	ZNF441	19	10	9	0.47368421052631576	FALSE	-0.0623034759545546	FALSE
PRIMARY_anchor_promoter_tcga_cpm1_both	cell_line	DepMap_22Q2	ZNF444	19	10	18	0.9473684210526315	TRUE	1.29541118578761	TRUE
PRIMARY_anchor_promoter_tcga_cpm1_both	cell_line	DepMap_22Q2	ZNF467	19	10	0	0.0	FALSE	0.627789978111287	TRUE
PRIMARY_anchor_promoter_tcga_cpm1_both	cell_line	DepMap_22Q2	ZNF483	19	10	7	0.3684210526315789	FALSE	0.130993705257276	TRUE
PRIMARY_anchor_promoter_tcga_cpm1_both	cell_line	DepMap_22Q2	ZNF486	19	10	5	0.2631578947368421	FALSE	0.195217943124201	TRUE
PRIMARY_anchor_promoter_tcga_cpm1_both	cell_line	DepMap_22Q2	ZNF493	19	10	9	0.47368421052631576	FALSE	-0.838808607300301	FALSE
PRIMARY_anchor_promoter_tcga_cpm1_both	cell_line	DepMap_22Q2	ZNF540	19	10	12	0.631578947368421	TRUE	-3.18667413215119	FALSE
PRIMARY_anchor_promoter_tcga_cpm1_both	cell_line	DepMap_22Q2	ZNF541	19	10	1	0.05263157894736842	FALSE	-1.73328745710034	FALSE
PRIMARY_anchor_promoter_tcga_cpm1_both	cell_line	DepMap_22Q2	ZNF597	19	10	7	0.3684210526315789	FALSE	0.366795037035642	TRUE
PRIMARY_anchor_promoter_tcga_cpm1_both	cell_line	DepMap_22Q2	ZNF608	19	10	6	0.3157894736842105	FALSE	-0.776556299678321	FALSE
PRIMARY_anchor_promoter_tcga_cpm1_both	cell_line	DepMap_22Q2	ZNF620	19	10	9	0.47368421052631576	FALSE	-0.124496650736502	FALSE
PRIMARY_anchor_promoter_tcga_cpm1_both	cell_line	DepMap_22Q2	ZNF662	19	10	0	0.0	FALSE	-2.1020557797002	FALSE
PRIMARY_anchor_promoter_tcga_cpm1_both	cell_line	DepMap_22Q2	ZNF671	19	10	6	0.3157894736842105	FALSE	-0.440927860869992	FALSE
PRIMARY_anchor_promoter_tcga_cpm1_both	cell_line	DepMap_22Q2	ZNF678	19	10	14	0.7368421052631579	TRUE	0.751588480175706	TRUE
PRIMARY_anchor_promoter_tcga_cpm1_both	cell_line	DepMap_22Q2	ZNF681	19	10	8	0.42105263157894735	FALSE	0.693055692619942	TRUE
PRIMARY_anchor_promoter_tcga_cpm1_both	cell_line	DepMap_22Q2	ZNF69	19	10	4	0.21052631578947367	FALSE	0.576722915672796	TRUE
PRIMARY_anchor_promoter_tcga_cpm1_both	cell_line	DepMap_22Q2	ZNF710	19	10	0	0.0	FALSE	1.7274148367625	TRUE
PRIMARY_anchor_promoter_tcga_cpm1_both	cell_line	DepMap_22Q2	ZNF717	19	10	5	0.2631578947368421	FALSE	0.20168200313353	TRUE
PRIMARY_anchor_promoter_tcga_cpm1_both	cell_line	DepMap_22Q2	ZNF737	19	10	6	0.3157894736842105	FALSE		FALSE
PRIMARY_anchor_promoter_tcga_cpm1_both	cell_line	DepMap_22Q2	ZNF75D	19	10	14	0.7368421052631579	TRUE	-0.0153124871287335	FALSE
PRIMARY_anchor_promoter_tcga_cpm1_both	cell_line	DepMap_22Q2	ZNF763	19	10	4	0.21052631578947367	FALSE	-0.365238860838627	FALSE
PRIMARY_anchor_promoter_tcga_cpm1_both	cell_line	DepMap_22Q2	ZNF792	19	10	1	0.05263157894736842	FALSE	-0.177636464606226	FALSE
PRIMARY_anchor_promoter_tcga_cpm1_both	cell_line	DepMap_22Q2	ZNF835	19	10	3	0.15789473684210525	FALSE	-0.776387353105142	FALSE
PRIMARY_anchor_promoter_tcga_cpm1_both	cell_line	DepMap_22Q2	ZNF852	19	10	3	0.15789473684210525	FALSE	0.766299647143556	TRUE
PRIMARY_anchor_promoter_tcga_cpm1_both	cell_line	DepMap_22Q2	ZNF860	19	10	10	0.5263157894736842	TRUE	0.700923713836305	TRUE
PRIMARY_anchor_promoter_tcga_cpm1_both	cell_line	DepMap_22Q2	ZSCAN16	19	10	5	0.2631578947368421	FALSE	0.544182216601197	TRUE
SENS_legend_promoter_tcga_cpm1_both	patient	TCGA	ABHD14B	22	11	22	1.0	TRUE	7.10698272703473	TRUE
SENS_legend_promoter_tcga_cpm1_both	patient	TCGA	ABRA	22	11	0	0.0	FALSE	0.206699213130157	TRUE
SENS_legend_promoter_tcga_cpm1_both	patient	TCGA	APBB1	22	11	22	1.0	TRUE	5.0153538926171	TRUE
SENS_legend_promoter_tcga_cpm1_both	patient	TCGA	ARX	22	11	18	0.8181818181818182	TRUE	0.95303801457753	TRUE
SENS_legend_promoter_tcga_cpm1_both	patient	TCGA	ASCL5	22	11	22	1.0	TRUE	3.07181774747895	TRUE
SENS_legend_promoter_tcga_cpm1_both	patient	TCGA	ATOH8	22	11	22	1.0	TRUE	2.53261058157945	TRUE
SENS_legend_promoter_tcga_cpm1_both	patient	TCGA	BATF3	22	11	22	1.0	TRUE	3.94560987563308	TRUE
SENS_legend_promoter_tcga_cpm1_both	patient	TCGA	BCLAF3	22	11	22	1.0	TRUE	3.68348095820866	TRUE
SENS_legend_promoter_tcga_cpm1_both	patient	TCGA	CIITA	22	11	22	1.0	TRUE	5.42767678164645	TRUE
SENS_legend_promoter_tcga_cpm1_both	patient	TCGA	CREB3L2	22	11	22	1.0	TRUE	4.45765773984776	TRUE
SENS_legend_promoter_tcga_cpm1_both	patient	TCGA	CREBRF	22	11	22	1.0	TRUE	5.416577110246	TRUE
SENS_legend_promoter_tcga_cpm1_both	patient	TCGA	CRY2	22	11	22	1.0	TRUE	5.38384025110411	TRUE
SENS_legend_promoter_tcga_cpm1_both	patient	TCGA	CSRNP1	22	11	22	1.0	TRUE	6.11739335691758	TRUE
SENS_legend_promoter_tcga_cpm1_both	patient	TCGA	DMRTC2	22	11	0	0.0	FALSE	0.520576545946646	TRUE
SENS_legend_promoter_tcga_cpm1_both	patient	TCGA	DRGX	22	11	0	0.0	FALSE	3.90867861386881	TRUE
SENS_legend_promoter_tcga_cpm1_both	patient	TCGA	E2F5	22	11	22	1.0	TRUE	2.91040354712077	TRUE
SENS_legend_promoter_tcga_cpm1_both	patient	TCGA	ELF3	22	11	22	1.0	TRUE	4.00945264575307	TRUE
SENS_legend_promoter_tcga_cpm1_both	patient	TCGA	ELF5	22	11	22	1.0	TRUE	2.56962158847614	TRUE
SENS_legend_promoter_tcga_cpm1_both	patient	TCGA	EPAS1	22	11	22	1.0	TRUE	5.22667080485923	TRUE
SENS_legend_promoter_tcga_cpm1_both	patient	TCGA	ESR1	22	11	21	0.9545454545454546	TRUE	0.530483568592893	TRUE
SENS_legend_promoter_tcga_cpm1_both	patient	TCGA	ETV1	22	11	22	1.0	TRUE	1.99272053365005	TRUE
SENS_legend_promoter_tcga_cpm1_both	patient	TCGA	FOXA1	22	11	22	1.0	TRUE	0.937325721431246	TRUE
SENS_legend_promoter_tcga_cpm1_both	patient	TCGA	FOXA2	22	11	22	1.0	TRUE	0.575309830146304	TRUE
SENS_legend_promoter_tcga_cpm1_both	patient	TCGA	FOXA3	22	11	22	1.0	TRUE	1.31925548460377	TRUE
SENS_legend_promoter_tcga_cpm1_both	patient	TCGA	FOXD2	22	11	22	1.0	TRUE	3.80933362119302	TRUE
SENS_legend_promoter_tcga_cpm1_both	patient	TCGA	FOXP1	22	11	22	1.0	TRUE	2.54973236279028	TRUE
SENS_legend_promoter_tcga_cpm1_both	patient	TCGA	FOXP4	22	11	22	1.0	TRUE	4.98516499160216	TRUE
SENS_legend_promoter_tcga_cpm1_both	patient	TCGA	GATA5	22	11	0	0.0	FALSE	0.752933072354766	TRUE
SENS_legend_promoter_tcga_cpm1_both	patient	TCGA	GATA6	22	11	22	1.0	TRUE	0.833904903216028	TRUE
SENS_legend_promoter_tcga_cpm1_both	patient	TCGA	GCM1	22	11	0	0.0	FALSE	0.186097921178939	TRUE
SENS_legend_promoter_tcga_cpm1_both	patient	TCGA	GLIS3	22	11	22	1.0	TRUE	2.05440998226087	TRUE
SENS_legend_promoter_tcga_cpm1_both	patient	TCGA	HNF1A	22	11	18	0.8181818181818182	TRUE	0.709980926982564	TRUE
SENS_legend_promoter_tcga_cpm1_both	patient	TCGA	HNF1B	22	11	22	1.0	TRUE	6.67481166513423	TRUE
SENS_legend_promoter_tcga_cpm1_both	patient	TCGA	HNF4G	22	11	22	1.0	TRUE	2.71229115490242	TRUE
SENS_legend_promoter_tcga_cpm1_both	patient	TCGA	HOPX	22	11	22	1.0	TRUE	3.39761612610054	TRUE
SENS_legend_promoter_tcga_cpm1_both	patient	TCGA	HOXD1	22	11	22	1.0	TRUE	1.96770718380507	TRUE
SENS_legend_promoter_tcga_cpm1_both	patient	TCGA	IKZF4	22	11	22	1.0	TRUE	4.86310338509703	TRUE
SENS_legend_promoter_tcga_cpm1_both	patient	TCGA	IL4	22	11	0	0.0	FALSE	0.449644369127624	TRUE
SENS_legend_promoter_tcga_cpm1_both	patient	TCGA	INSM2	22	11	22	1.0	TRUE	0.183607788583441	TRUE
SENS_legend_promoter_tcga_cpm1_both	patient	TCGA	IRF7	22	11	22	1.0	TRUE	5.87120412758395	TRUE
SENS_legend_promoter_tcga_cpm1_both	patient	TCGA	IRX3	22	11	22	1.0	TRUE	2.00546893432855	TRUE
SENS_legend_promoter_tcga_cpm1_both	patient	TCGA	JADE1	22	11	22	1.0	TRUE	1.19689953909206	TRUE
SENS_legend_promoter_tcga_cpm1_both	patient	TCGA	KANK2	22	11	22	1.0	TRUE	8.00255624599019	TRUE
SENS_legend_promoter_tcga_cpm1_both	patient	TCGA	KAT2B	22	11	22	1.0	TRUE	4.56452160687931	TRUE
SENS_legend_promoter_tcga_cpm1_both	patient	TCGA	KLF2	22	11	22	1.0	TRUE	2.9763096269425	TRUE
SENS_legend_promoter_tcga_cpm1_both	patient	TCGA	KLF9	22	11	0	0.0	FALSE	1.59365052905298	TRUE
SENS_legend_promoter_tcga_cpm1_both	patient	TCGA	LHX9	22	11	21	0.9545454545454546	TRUE	2.67224672451943	TRUE
SENS_legend_promoter_tcga_cpm1_both	patient	TCGA	LIMD1	22	11	22	1.0	TRUE	6.70643310902033	TRUE
SENS_legend_promoter_tcga_cpm1_both	patient	TCGA	LMO3	22	11	22	1.0	TRUE	2.94068533480765	TRUE
SENS_legend_promoter_tcga_cpm1_both	patient	TCGA	LPIN2	22	11	22	1.0	TRUE	4.21882144522648	TRUE
SENS_legend_promoter_tcga_cpm1_both	patient	TCGA	LYL1	22	11	22	1.0	TRUE	3.68836052007783	TRUE
SENS_legend_promoter_tcga_cpm1_both	patient	TCGA	MAGEC3	22	11	7	0.3181818181818182	FALSE	-0.935706317722992	FALSE
SENS_legend_promoter_tcga_cpm1_both	patient	TCGA	MAGED2	22	11	22	1.0	TRUE	8.35806459495649	TRUE
SENS_legend_promoter_tcga_cpm1_both	patient	TCGA	MAGEE2	22	11	0	0.0	FALSE	1.23385392447935	TRUE
SENS_legend_promoter_tcga_cpm1_both	patient	TCGA	MDFIC	22	11	22	1.0	TRUE	4.28200362750224	TRUE
SENS_legend_promoter_tcga_cpm1_both	patient	TCGA	MEF2C	22	11	22	1.0	TRUE	5.26142500917214	TRUE
SENS_legend_promoter_tcga_cpm1_both	patient	TCGA	MEF2D	22	11	22	1.0	TRUE	3.97643859157333	TRUE
SENS_legend_promoter_tcga_cpm1_both	patient	TCGA	MEIS3P1	22	11	0	0.0	FALSE	1.58101258244775	TRUE
SENS_legend_promoter_tcga_cpm1_both	patient	TCGA	MEIS3P2	22	11	0	0.0	FALSE	0.693978387902923	TRUE
SENS_legend_promoter_tcga_cpm1_both	patient	TCGA	MESP1	22	11	22	1.0	TRUE	4.91558425445857	TRUE
SENS_legend_promoter_tcga_cpm1_both	patient	TCGA	MITF	22	11	22	1.0	TRUE	1.97405581425123	TRUE
SENS_legend_promoter_tcga_cpm1_both	patient	TCGA	MLLT3	22	11	22	1.0	TRUE	3.68556019946152	TRUE
SENS_legend_promoter_tcga_cpm1_both	patient	TCGA	MLLT6	22	11	22	1.0	TRUE	4.96626195809783	TRUE
SENS_legend_promoter_tcga_cpm1_both	patient	TCGA	MSANTD1	22	11	0	0.0	FALSE	4.16880126955788	TRUE
SENS_legend_promoter_tcga_cpm1_both	patient	TCGA	MXD4	22	11	22	1.0	TRUE	4.44392740904078	TRUE
SENS_legend_promoter_tcga_cpm1_both	patient	TCGA	MYRF	22	11	22	1.0	TRUE	3.03802092614382	TRUE
SENS_legend_promoter_tcga_cpm1_both	patient	TCGA	MYRFL	22	11	0	0.0	FALSE	1.66641930888815	TRUE
SENS_legend_promoter_tcga_cpm1_both	patient	TCGA	NANOGP1	22	11	0	0.0	FALSE	-0.00247655693586349	FALSE
SENS_legend_promoter_tcga_cpm1_both	patient	TCGA	NCOA7	22	11	22	1.0	TRUE	3.85216585680798	TRUE
SENS_legend_promoter_tcga_cpm1_both	patient	TCGA	NEUROG3	22	11	0	0.0	FALSE	-0.126409706311773	FALSE
SENS_legend_promoter_tcga_cpm1_both	patient	TCGA	NFATC2	22	11	22	1.0	TRUE	1.6668693447914	TRUE
SENS_legend_promoter_tcga_cpm1_both	patient	TCGA	NFATC4	22	11	22	1.0	TRUE	3.63066285829657	TRUE
SENS_legend_promoter_tcga_cpm1_both	patient	TCGA	NFE2	22	11	22	1.0	TRUE	1.90716046954161	TRUE
SENS_legend_promoter_tcga_cpm1_both	patient	TCGA	NKX2-1	22	11	22	1.0	TRUE	3.59121002517	TRUE
SENS_legend_promoter_tcga_cpm1_both	patient	TCGA	NOTO	22	11	20	0.9090909090909091	TRUE	-0.0453701153807665	FALSE
SENS_legend_promoter_tcga_cpm1_both	patient	TCGA	NR0B2	22	11	22	1.0	TRUE	2.5338614265596	TRUE
SENS_legend_promoter_tcga_cpm1_both	patient	TCGA	NR1H4	22	11	0	0.0	FALSE	0.45878574363879	TRUE
SENS_legend_promoter_tcga_cpm1_both	patient	TCGA	NR2F1	22	11	22	1.0	TRUE	1.44984740066213	TRUE
SENS_legend_promoter_tcga_cpm1_both	patient	TCGA	NR2F6	22	11	22	1.0	TRUE	6.34606086392718	TRUE
SENS_legend_promoter_tcga_cpm1_both	patient	TCGA	NR3C2	22	11	22	1.0	TRUE	4.62937391164314	TRUE
SENS_legend_promoter_tcga_cpm1_both	patient	TCGA	OLIG1	22	11	21	0.9545454545454546	TRUE	0.847419005674374	TRUE
SENS_legend_promoter_tcga_cpm1_both	patient	TCGA	ONECUT1	22	11	22	1.0	TRUE	1.06010006859526	TRUE
SENS_legend_promoter_tcga_cpm1_both	patient	TCGA	PHC2	22	11	22	1.0	TRUE	8.73096313861103	TRUE
SENS_legend_promoter_tcga_cpm1_both	patient	TCGA	POU1F1	22	11	0	0.0	FALSE	-0.396982890984428	FALSE
SENS_legend_promoter_tcga_cpm1_both	patient	TCGA	PPARGC1A	22	11	22	1.0	TRUE	1.17547889433161	TRUE
SENS_legend_promoter_tcga_cpm1_both	patient	TCGA	PRDM16	22	11	22	1.0	TRUE	1.17665399423207	TRUE
SENS_legend_promoter_tcga_cpm1_both	patient	TCGA	PRDM8	22	11	22	1.0	TRUE	1.47696953403492	TRUE
SENS_legend_promoter_tcga_cpm1_both	patient	TCGA	RARA	22	11	22	1.0	TRUE	7.39485252583488	TRUE
SENS_legend_promoter_tcga_cpm1_both	patient	TCGA	RORB	22	11	22	1.0	TRUE	1.41946980581635	TRUE
SENS_legend_promoter_tcga_cpm1_both	patient	TCGA	RORC	22	11	22	1.0	TRUE	4.71638234602674	TRUE
SENS_legend_promoter_tcga_cpm1_both	patient	TCGA	SAMD11	22	11	22	1.0	TRUE	1.43461515024081	TRUE
SENS_legend_promoter_tcga_cpm1_both	patient	TCGA	SMAD6	22	11	22	1.0	TRUE	1.64804462499274	TRUE
SENS_legend_promoter_tcga_cpm1_both	patient	TCGA	SMAD7	22	11	22	1.0	TRUE	2.04620328613556	TRUE
SENS_legend_promoter_tcga_cpm1_both	patient	TCGA	SP110	22	11	22	1.0	TRUE	3.03325699113213	TRUE
SENS_legend_promoter_tcga_cpm1_both	patient	TCGA	SP5	22	11	22	1.0	TRUE	0.691548364566159	TRUE
SENS_legend_promoter_tcga_cpm1_both	patient	TCGA	SPDEF	22	11	22	1.0	TRUE	3.71084519007246	TRUE
SENS_legend_promoter_tcga_cpm1_both	patient	TCGA	TBX15	22	11	0	0.0	FALSE	2.14049034348362	TRUE
SENS_legend_promoter_tcga_cpm1_both	patient	TCGA	TBX4	22	11	22	1.0	TRUE	0.685650734208334	TRUE
SENS_legend_promoter_tcga_cpm1_both	patient	TCGA	TBXT	22	11	0	0.0	FALSE	-0.119673946775767	FALSE
SENS_legend_promoter_tcga_cpm1_both	patient	TCGA	TCF21	22	11	0	0.0	FALSE	3.6112891718432	TRUE
SENS_legend_promoter_tcga_cpm1_both	patient	TCGA	TFCP2L1	22	11	22	1.0	TRUE	3.04870949867569	TRUE
SENS_legend_promoter_tcga_cpm1_both	patient	TCGA	TOX3	22	11	22	1.0	TRUE	3.7088476828776	TRUE
SENS_legend_promoter_tcga_cpm1_both	patient	TCGA	TP53INP1	22	11	22	1.0	TRUE	-0.607358689439888	FALSE
SENS_legend_promoter_tcga_cpm1_both	patient	TCGA	VDR	22	11	22	1.0	TRUE	5.63839163621946	TRUE
SENS_legend_promoter_tcga_cpm1_both	patient	TCGA	VENTX	22	11	0	0.0	FALSE	2.64319048671033	TRUE
SENS_legend_promoter_tcga_cpm1_both	patient	TCGA	VSX1	22	11	0	0.0	FALSE	1.78223177590866	TRUE
SENS_legend_promoter_tcga_cpm1_both	patient	TCGA	WTIP	22	11	21	0.9545454545454546	TRUE	3.22609279653159	TRUE
SENS_legend_promoter_tcga_cpm1_both	patient	TCGA	WWC1	22	11	22	1.0	TRUE	5.94385560499317	TRUE
SENS_legend_promoter_tcga_cpm1_both	patient	TCGA	WWC2	22	11	22	1.0	TRUE	3.69844054143666	TRUE
SENS_legend_promoter_tcga_cpm1_both	patient	TCGA	XBP1	22	11	22	1.0	TRUE	1.38467043956622	TRUE
SENS_legend_promoter_tcga_cpm1_both	patient	TCGA	ZBTB10	22	11	22	1.0	TRUE	1.76364879203115	TRUE
SENS_legend_promoter_tcga_cpm1_both	patient	TCGA	ZBTB16	22	11	22	1.0	TRUE	2.19329373794059	TRUE
SENS_legend_promoter_tcga_cpm1_both	patient	TCGA	ZBTB18	22	11	22	1.0	TRUE	2.7129559504431	TRUE
SENS_legend_promoter_tcga_cpm1_both	patient	TCGA	ZBTB42	22	11	22	1.0	TRUE	5.04513990232523	TRUE
SENS_legend_promoter_tcga_cpm1_both	patient	TCGA	ZBTB46	22	11	22	1.0	TRUE	3.36099785883395	TRUE
SENS_legend_promoter_tcga_cpm1_both	patient	TCGA	ZFHX2	22	11	22	1.0	TRUE	1.46013403182178	TRUE
SENS_legend_promoter_tcga_cpm1_both	patient	TCGA	ZFP2	22	11	22	1.0	TRUE	1.62800019344276	TRUE
SENS_legend_promoter_tcga_cpm1_both	patient	TCGA	ZFP57	22	11	0	0.0	FALSE	0.944491156127686	TRUE
SENS_legend_promoter_tcga_cpm1_both	patient	TCGA	ZMYND15	22	11	22	1.0	TRUE	4.53957897699354	TRUE
SENS_legend_promoter_tcga_cpm1_both	patient	TCGA	ZNF117	22	11	22	1.0	TRUE	1.45397263073166	TRUE
SENS_legend_promoter_tcga_cpm1_both	patient	TCGA	ZNF141	22	11	22	1.0	TRUE	1.93869288473252	TRUE
SENS_legend_promoter_tcga_cpm1_both	patient	TCGA	ZNF19	22	11	22	1.0	TRUE	3.51263691428844	TRUE
SENS_legend_promoter_tcga_cpm1_both	patient	TCGA	ZNF214	22	11	22	1.0	TRUE	2.11113165828075	TRUE
SENS_legend_promoter_tcga_cpm1_both	patient	TCGA	ZNF239	22	11	22	1.0	TRUE	0.753954177831367	TRUE
SENS_legend_promoter_tcga_cpm1_both	patient	TCGA	ZNF254	22	11	22	1.0	TRUE	1.48441996619309	TRUE
SENS_legend_promoter_tcga_cpm1_both	patient	TCGA	ZNF281	22	11	22	1.0	TRUE	3.15495766754712	TRUE
SENS_legend_promoter_tcga_cpm1_both	patient	TCGA	ZNF33A	22	11	22	1.0	TRUE	1.03386505705428	TRUE
SENS_legend_promoter_tcga_cpm1_both	patient	TCGA	ZNF33B	22	11	22	1.0	TRUE	1.3727921999881	TRUE
SENS_legend_promoter_tcga_cpm1_both	patient	TCGA	ZNF341	22	11	22	1.0	TRUE	3.3306570610196	TRUE
SENS_legend_promoter_tcga_cpm1_both	patient	TCGA	ZNF382	22	11	19	0.8636363636363636	TRUE	0.847219961420617	TRUE
SENS_legend_promoter_tcga_cpm1_both	patient	TCGA	ZNF396	22	11	22	1.0	TRUE	3.11536646866569	TRUE
SENS_legend_promoter_tcga_cpm1_both	patient	TCGA	ZNF429	22	11	22	1.0	TRUE	1.05333986414706	TRUE
SENS_legend_promoter_tcga_cpm1_both	patient	TCGA	ZNF441	22	11	22	1.0	TRUE	0.632913252771396	TRUE
SENS_legend_promoter_tcga_cpm1_both	patient	TCGA	ZNF444	22	11	22	1.0	TRUE	3.24278335615053	TRUE
SENS_legend_promoter_tcga_cpm1_both	patient	TCGA	ZNF467	22	11	22	1.0	TRUE	4.51810667305064	TRUE
SENS_legend_promoter_tcga_cpm1_both	patient	TCGA	ZNF483	22	11	22	1.0	TRUE	1.97093820238513	TRUE
SENS_legend_promoter_tcga_cpm1_both	patient	TCGA	ZNF486	22	11	22	1.0	TRUE	0.348905588052191	TRUE
SENS_legend_promoter_tcga_cpm1_both	patient	TCGA	ZNF493	22	11	22	1.0	TRUE	0.326999896418354	TRUE
SENS_legend_promoter_tcga_cpm1_both	patient	TCGA	ZNF540	22	11	22	1.0	TRUE	1.45945279939804	TRUE
SENS_legend_promoter_tcga_cpm1_both	patient	TCGA	ZNF541	22	11	17	0.7727272727272727	TRUE	3.56071102166037	TRUE
SENS_legend_promoter_tcga_cpm1_both	patient	TCGA	ZNF597	22	11	22	1.0	TRUE	1.15499234061918	TRUE
SENS_legend_promoter_tcga_cpm1_both	patient	TCGA	ZNF608	22	11	22	1.0	TRUE	1.53786962642159	TRUE
SENS_legend_promoter_tcga_cpm1_both	patient	TCGA	ZNF620	22	11	22	1.0	TRUE	3.15567860437697	TRUE
SENS_legend_promoter_tcga_cpm1_both	patient	TCGA	ZNF662	22	11	19	0.8636363636363636	TRUE	1.2131288714133	TRUE
SENS_legend_promoter_tcga_cpm1_both	patient	TCGA	ZNF671	22	11	21	0.9545454545454546	TRUE	0.347503739601032	TRUE
SENS_legend_promoter_tcga_cpm1_both	patient	TCGA	ZNF678	22	11	22	1.0	TRUE	2.72591062384592	TRUE
SENS_legend_promoter_tcga_cpm1_both	patient	TCGA	ZNF681	22	11	22	1.0	TRUE	0.322462882337443	TRUE
SENS_legend_promoter_tcga_cpm1_both	patient	TCGA	ZNF69	22	11	22	1.0	TRUE	2.36618827283218	TRUE
SENS_legend_promoter_tcga_cpm1_both	patient	TCGA	ZNF710	22	11	22	1.0	TRUE	3.6465414595342	TRUE
SENS_legend_promoter_tcga_cpm1_both	patient	TCGA	ZNF717	22	11	22	1.0	TRUE	0.367229029961227	TRUE
SENS_legend_promoter_tcga_cpm1_both	patient	TCGA	ZNF737	22	11	22	1.0	TRUE	-0.0999473010674684	FALSE
SENS_legend_promoter_tcga_cpm1_both	patient	TCGA	ZNF75D	22	11	22	1.0	TRUE	1.96492041190927	TRUE
SENS_legend_promoter_tcga_cpm1_both	patient	TCGA	ZNF763	22	11	22	1.0	TRUE	0.964336139165812	TRUE
SENS_legend_promoter_tcga_cpm1_both	patient	TCGA	ZNF792	22	11	22	1.0	TRUE	1.40105403571638	TRUE
SENS_legend_promoter_tcga_cpm1_both	patient	TCGA	ZNF835	22	11	21	0.9545454545454546	TRUE	1.17400060373385	TRUE
SENS_legend_promoter_tcga_cpm1_both	patient	TCGA	ZNF852	22	11	22	1.0	TRUE	1.5992315126802	TRUE
SENS_legend_promoter_tcga_cpm1_both	patient	TCGA	ZNF860	22	11	22	1.0	TRUE	1.28597039147626	TRUE
SENS_legend_promoter_tcga_cpm1_both	patient	TCGA	ZSCAN16	22	11	22	1.0	TRUE	2.19861115410941	TRUE
SENS_legend_promoter_tcga_cpm1_both	PDX	PDMR_PDX	ABHD14B	13	7	7	0.5384615384615384	TRUE	3.83411957772496	TRUE
SENS_legend_promoter_tcga_cpm1_both	PDX	PDMR_PDX	ABRA	13	7	0	0.0	FALSE	-2.58966960289918	FALSE
SENS_legend_promoter_tcga_cpm1_both	PDX	PDMR_PDX	APBB1	13	7	2	0.15384615384615385	FALSE	-0.548273862954927	FALSE
SENS_legend_promoter_tcga_cpm1_both	PDX	PDMR_PDX	ARX	13	7	1	0.07692307692307693	FALSE	-0.341629895903198	FALSE
SENS_legend_promoter_tcga_cpm1_both	PDX	PDMR_PDX	ASCL5	13	7	0	0.0	FALSE	-0.251337243056997	FALSE
SENS_legend_promoter_tcga_cpm1_both	PDX	PDMR_PDX	ATOH8	13	7	0	0.0	FALSE	-0.664202793343812	FALSE
SENS_legend_promoter_tcga_cpm1_both	PDX	PDMR_PDX	BATF3	13	7	1	0.07692307692307693	FALSE	-0.646858830263657	FALSE
SENS_legend_promoter_tcga_cpm1_both	PDX	PDMR_PDX	BCLAF3	13	7	5	0.38461538461538464	FALSE	0.46907160972623	TRUE
SENS_legend_promoter_tcga_cpm1_both	PDX	PDMR_PDX	CIITA	13	7	1	0.07692307692307693	FALSE	-2.13388212412719	FALSE
SENS_legend_promoter_tcga_cpm1_both	PDX	PDMR_PDX	CREB3L2	13	7	10	0.7692307692307693	TRUE	1.80368249437254	TRUE
SENS_legend_promoter_tcga_cpm1_both	PDX	PDMR_PDX	CREBRF	13	7	8	0.6153846153846154	TRUE	1.6952670193717	TRUE
SENS_legend_promoter_tcga_cpm1_both	PDX	PDMR_PDX	CRY2	13	7	10	0.7692307692307693	TRUE	1.19677696752484	TRUE
SENS_legend_promoter_tcga_cpm1_both	PDX	PDMR_PDX	CSRNP1	13	7	4	0.3076923076923077	FALSE	1.45358366021724	TRUE
SENS_legend_promoter_tcga_cpm1_both	PDX	PDMR_PDX	DMRTC2	13	7	1	0.07692307692307693	FALSE	-0.845846757832656	FALSE
SENS_legend_promoter_tcga_cpm1_both	PDX	PDMR_PDX	DRGX	13	7	0	0.0	FALSE	0.0228448660821765	TRUE
SENS_legend_promoter_tcga_cpm1_both	PDX	PDMR_PDX	E2F5	13	7	5	0.38461538461538464	FALSE	1.74103075558624	TRUE
SENS_legend_promoter_tcga_cpm1_both	PDX	PDMR_PDX	ELF3	13	7	8	0.6153846153846154	TRUE	2.23246810365467	TRUE
SENS_legend_promoter_tcga_cpm1_both	PDX	PDMR_PDX	ELF5	13	7	0	0.0	FALSE	-1.94901287523946	FALSE
SENS_legend_promoter_tcga_cpm1_both	PDX	PDMR_PDX	EPAS1	13	7	8	0.6153846153846154	TRUE	1.20662415271538	TRUE
SENS_legend_promoter_tcga_cpm1_both	PDX	PDMR_PDX	ESR1	13	7	3	0.23076923076923078	FALSE	-0.0601598431213857	FALSE
SENS_legend_promoter_tcga_cpm1_both	PDX	PDMR_PDX	ETV1	13	7	9	0.6923076923076923	TRUE	-0.609556862953565	FALSE
SENS_legend_promoter_tcga_cpm1_both	PDX	PDMR_PDX	FOXA1	13	7	4	0.3076923076923077	FALSE	0.461064099492983	TRUE
SENS_legend_promoter_tcga_cpm1_both	PDX	PDMR_PDX	FOXA2	13	7	3	0.23076923076923078	FALSE	-0.260091545890401	FALSE
SENS_legend_promoter_tcga_cpm1_both	PDX	PDMR_PDX	FOXA3	13	7	9	0.6923076923076923	TRUE	-0.883004761734181	FALSE
SENS_legend_promoter_tcga_cpm1_both	PDX	PDMR_PDX	FOXD2	13	7	8	0.6153846153846154	TRUE	0.683739642553749	TRUE
SENS_legend_promoter_tcga_cpm1_both	PDX	PDMR_PDX	FOXP1	13	7	3	0.23076923076923078	FALSE	0.677602416605842	TRUE
SENS_legend_promoter_tcga_cpm1_both	PDX	PDMR_PDX	FOXP4	13	7	5	0.38461538461538464	FALSE	1.80759208016716	TRUE
SENS_legend_promoter_tcga_cpm1_both	PDX	PDMR_PDX	GATA5	13	7	1	0.07692307692307693	FALSE	-0.624147141608721	FALSE
SENS_legend_promoter_tcga_cpm1_both	PDX	PDMR_PDX	GATA6	13	7	1	0.07692307692307693	FALSE	-1.309843155124	FALSE
SENS_legend_promoter_tcga_cpm1_both	PDX	PDMR_PDX	GCM1	13	7	0	0.0	FALSE	-2.22885618026692	FALSE
SENS_legend_promoter_tcga_cpm1_both	PDX	PDMR_PDX	GLIS3	13	7	1	0.07692307692307693	FALSE	1.3923751754147	TRUE
SENS_legend_promoter_tcga_cpm1_both	PDX	PDMR_PDX	HNF1A	13	7	0	0.0	FALSE	-1.09303156642187	FALSE
SENS_legend_promoter_tcga_cpm1_both	PDX	PDMR_PDX	HNF1B	13	7	0	0.0	FALSE	1.25099413333262	TRUE
SENS_legend_promoter_tcga_cpm1_both	PDX	PDMR_PDX	HNF4G	13	7	5	0.38461538461538464	FALSE	1.13431316786431	TRUE
SENS_legend_promoter_tcga_cpm1_both	PDX	PDMR_PDX	HOPX	13	7	1	0.07692307692307693	FALSE	1.19502335498509	TRUE
SENS_legend_promoter_tcga_cpm1_both	PDX	PDMR_PDX	HOXD1	13	7	4	0.3076923076923077	FALSE	1.33759256890656	TRUE
SENS_legend_promoter_tcga_cpm1_both	PDX	PDMR_PDX	IKZF4	13	7	5	0.38461538461538464	FALSE	1.52231906964897	TRUE
SENS_legend_promoter_tcga_cpm1_both	PDX	PDMR_PDX	IL4	13	7	0	0.0	FALSE	-1.99120350242317	FALSE
SENS_legend_promoter_tcga_cpm1_both	PDX	PDMR_PDX	INSM2	13	7	4	0.3076923076923077	FALSE	-0.824240914559846	FALSE
SENS_legend_promoter_tcga_cpm1_both	PDX	PDMR_PDX	IRF7	13	7	0	0.0	FALSE	2.63895743480366	TRUE
SENS_legend_promoter_tcga_cpm1_both	PDX	PDMR_PDX	IRX3	13	7	4	0.3076923076923077	FALSE	0.341054446226155	TRUE
SENS_legend_promoter_tcga_cpm1_both	PDX	PDMR_PDX	JADE1	13	7	6	0.46153846153846156	FALSE	0.465905892195857	TRUE
SENS_legend_promoter_tcga_cpm1_both	PDX	PDMR_PDX	KANK2	13	7	8	0.6153846153846154	TRUE	1.14432591850981	TRUE
SENS_legend_promoter_tcga_cpm1_both	PDX	PDMR_PDX	KAT2B	13	7	3	0.23076923076923078	FALSE	-0.276827738269315	FALSE
SENS_legend_promoter_tcga_cpm1_both	PDX	PDMR_PDX	KLF2	13	7	8	0.6153846153846154	TRUE	-0.697802729745059	FALSE
SENS_legend_promoter_tcga_cpm1_both	PDX	PDMR_PDX	KLF9	13	7	0	0.0	FALSE	1.19661692102758	TRUE
SENS_legend_promoter_tcga_cpm1_both	PDX	PDMR_PDX	LHX9	13	7	1	0.07692307692307693	FALSE	-1.30161476428096	FALSE
SENS_legend_promoter_tcga_cpm1_both	PDX	PDMR_PDX	LIMD1	13	7	3	0.23076923076923078	FALSE	1.46934245612872	TRUE
SENS_legend_promoter_tcga_cpm1_both	PDX	PDMR_PDX	LMO3	13	7	0	0.0	FALSE	-0.180186355893363	FALSE
SENS_legend_promoter_tcga_cpm1_both	PDX	PDMR_PDX	LPIN2	13	7	7	0.5384615384615384	TRUE	1.16600073649317	TRUE
SENS_legend_promoter_tcga_cpm1_both	PDX	PDMR_PDX	LYL1	13	7	1	0.07692307692307693	FALSE	-0.793855023172207	FALSE
SENS_legend_promoter_tcga_cpm1_both	PDX	PDMR_PDX	MAGEC3	13	7	0	0.0	FALSE	-1.59852276572392	FALSE
SENS_legend_promoter_tcga_cpm1_both	PDX	PDMR_PDX	MAGED2	13	7	10	0.7692307692307693	TRUE	3.78239113560362	TRUE
SENS_legend_promoter_tcga_cpm1_both	PDX	PDMR_PDX	MAGEE2	13	7	0	0.0	FALSE	-1.32861644810414	FALSE
SENS_legend_promoter_tcga_cpm1_both	PDX	PDMR_PDX	MDFIC	13	7	5	0.38461538461538464	FALSE	3.30256910211767	TRUE
SENS_legend_promoter_tcga_cpm1_both	PDX	PDMR_PDX	MEF2C	13	7	2	0.15384615384615385	FALSE	-0.450635453305447	FALSE
SENS_legend_promoter_tcga_cpm1_both	PDX	PDMR_PDX	MEF2D	13	7	10	0.7692307692307693	TRUE	2.23100779985039	TRUE
SENS_legend_promoter_tcga_cpm1_both	PDX	PDMR_PDX	MEIS3P1	13	7	0	0.0	FALSE	2.15245204461075	TRUE
SENS_legend_promoter_tcga_cpm1_both	PDX	PDMR_PDX	MEIS3P2	13	7	0	0.0	FALSE	-0.29425625257681	FALSE
SENS_legend_promoter_tcga_cpm1_both	PDX	PDMR_PDX	MESP1	13	7	3	0.23076923076923078	FALSE	2.25547444533025	TRUE
SENS_legend_promoter_tcga_cpm1_both	PDX	PDMR_PDX	MITF	13	7	6	0.46153846153846156	FALSE	1.23784308167123	TRUE
SENS_legend_promoter_tcga_cpm1_both	PDX	PDMR_PDX	MLLT3	13	7	2	0.15384615384615385	FALSE	2.09876230603982	TRUE
SENS_legend_promoter_tcga_cpm1_both	PDX	PDMR_PDX	MLLT6	13	7	0	0.0	FALSE	1.13350645959511	TRUE
SENS_legend_promoter_tcga_cpm1_both	PDX	PDMR_PDX	MSANTD1	13	7	0	0.0	FALSE	0.212010996332135	TRUE
SENS_legend_promoter_tcga_cpm1_both	PDX	PDMR_PDX	MXD4	13	7	10	0.7692307692307693	TRUE	1.05093573969678	TRUE
SENS_legend_promoter_tcga_cpm1_both	PDX	PDMR_PDX	MYRF	13	7	2	0.15384615384615385	FALSE	-0.0193086348974985	FALSE
SENS_legend_promoter_tcga_cpm1_both	PDX	PDMR_PDX	MYRFL	13	7	0	0.0	FALSE	-0.631568753818511	FALSE
SENS_legend_promoter_tcga_cpm1_both	PDX	PDMR_PDX	NANOGP1	13	7	0	0.0	FALSE	-0.520804177144856	FALSE
SENS_legend_promoter_tcga_cpm1_both	PDX	PDMR_PDX	NCOA7	13	7	9	0.6923076923076923	TRUE	1.18697896731189	TRUE
SENS_legend_promoter_tcga_cpm1_both	PDX	PDMR_PDX	NEUROG3	13	7	1	0.07692307692307693	FALSE	-1.41159991891326	FALSE
SENS_legend_promoter_tcga_cpm1_both	PDX	PDMR_PDX	NFATC2	13	7	3	0.23076923076923078	FALSE	-0.0262416232272816	FALSE
SENS_legend_promoter_tcga_cpm1_both	PDX	PDMR_PDX	NFATC4	13	7	8	0.6153846153846154	TRUE	0.422542422136536	TRUE
SENS_legend_promoter_tcga_cpm1_both	PDX	PDMR_PDX	NFE2	13	7	1	0.07692307692307693	FALSE	0.675888935419977	TRUE
SENS_legend_promoter_tcga_cpm1_both	PDX	PDMR_PDX	NKX2-1	13	7	1	0.07692307692307693	FALSE	0.0526922708652373	TRUE
SENS_legend_promoter_tcga_cpm1_both	PDX	PDMR_PDX	NOTO	13	7	1	0.07692307692307693	FALSE	-2.21996455175478	FALSE
SENS_legend_promoter_tcga_cpm1_both	PDX	PDMR_PDX	NR0B2	13	7	0	0.0	FALSE	-2.4961929056332	FALSE
SENS_legend_promoter_tcga_cpm1_both	PDX	PDMR_PDX	NR1H4	13	7	0	0.0	FALSE	-2.07359764290909	FALSE
SENS_legend_promoter_tcga_cpm1_both	PDX	PDMR_PDX	NR2F1	13	7	1	0.07692307692307693	FALSE	-1.13313062961217	FALSE
SENS_legend_promoter_tcga_cpm1_both	PDX	PDMR_PDX	NR2F6	13	7	5	0.38461538461538464	FALSE	3.05623225946323	TRUE
SENS_legend_promoter_tcga_cpm1_both	PDX	PDMR_PDX	NR3C2	13	7	10	0.7692307692307693	TRUE	0.652152315519307	TRUE
SENS_legend_promoter_tcga_cpm1_both	PDX	PDMR_PDX	OLIG1	13	7	0	0.0	FALSE	-1.27413215202565	FALSE
SENS_legend_promoter_tcga_cpm1_both	PDX	PDMR_PDX	ONECUT1	13	7	3	0.23076923076923078	FALSE	0.563758142753872	TRUE
SENS_legend_promoter_tcga_cpm1_both	PDX	PDMR_PDX	PHC2	13	7	9	0.6923076923076923	TRUE	4.70689738737984	TRUE
SENS_legend_promoter_tcga_cpm1_both	PDX	PDMR_PDX	POU1F1	13	7	0	0.0	FALSE	-1.04087612742795	FALSE
SENS_legend_promoter_tcga_cpm1_both	PDX	PDMR_PDX	PPARGC1A	13	7	0	0.0	FALSE	-1.84830738868435	FALSE
SENS_legend_promoter_tcga_cpm1_both	PDX	PDMR_PDX	PRDM16	13	7	0	0.0	FALSE	-0.73703328508404	FALSE
SENS_legend_promoter_tcga_cpm1_both	PDX	PDMR_PDX	PRDM8	13	7	6	0.46153846153846156	FALSE	-0.046756028354387	FALSE
SENS_legend_promoter_tcga_cpm1_both	PDX	PDMR_PDX	RARA	13	7	8	0.6153846153846154	TRUE	2.70976623856701	TRUE
SENS_legend_promoter_tcga_cpm1_both	PDX	PDMR_PDX	RORB	13	7	2	0.15384615384615385	FALSE	-1.57729408452424	FALSE
SENS_legend_promoter_tcga_cpm1_both	PDX	PDMR_PDX	RORC	13	7	1	0.07692307692307693	FALSE	1.69161799095405	TRUE
SENS_legend_promoter_tcga_cpm1_both	PDX	PDMR_PDX	SAMD11	13	7	0	0.0	FALSE	-1.16410787369271	FALSE
SENS_legend_promoter_tcga_cpm1_both	PDX	PDMR_PDX	SMAD6	13	7	2	0.15384615384615385	FALSE	-0.311893062301658	FALSE
SENS_legend_promoter_tcga_cpm1_both	PDX	PDMR_PDX	SMAD7	13	7	3	0.23076923076923078	FALSE	0.263891709168629	TRUE
SENS_legend_promoter_tcga_cpm1_both	PDX	PDMR_PDX	SP110	13	7	4	0.3076923076923077	FALSE	1.10679880268414	TRUE
SENS_legend_promoter_tcga_cpm1_both	PDX	PDMR_PDX	SP5	13	7	2	0.15384615384615385	FALSE	0.318062063882912	TRUE
SENS_legend_promoter_tcga_cpm1_both	PDX	PDMR_PDX	SPDEF	13	7	0	0.0	FALSE	1.38817183726269	TRUE
SENS_legend_promoter_tcga_cpm1_both	PDX	PDMR_PDX	TBX15	13	7	0	0.0	FALSE	-0.0157008260665552	FALSE
SENS_legend_promoter_tcga_cpm1_both	PDX	PDMR_PDX	TBX4	13	7	1	0.07692307692307693	FALSE	-0.827837422892531	FALSE
SENS_legend_promoter_tcga_cpm1_both	PDX	PDMR_PDX	TBXT	13	7	0	0.0	FALSE	-1.66725127059851	FALSE
SENS_legend_promoter_tcga_cpm1_both	PDX	PDMR_PDX	TCF21	13	7	0	0.0	FALSE	-2.98813391568845	FALSE
SENS_legend_promoter_tcga_cpm1_both	PDX	PDMR_PDX	TFCP2L1	13	7	4	0.3076923076923077	FALSE	-0.131889795880597	FALSE
SENS_legend_promoter_tcga_cpm1_both	PDX	PDMR_PDX	TOX3	13	7	1	0.07692307692307693	FALSE	-0.633624621992184	FALSE
SENS_legend_promoter_tcga_cpm1_both	PDX	PDMR_PDX	TP53INP1	13	7	7	0.5384615384615384	TRUE	-4.602041102174	FALSE
SENS_legend_promoter_tcga_cpm1_both	PDX	PDMR_PDX	VDR	13	7	5	0.38461538461538464	FALSE	1.79440454325817	TRUE
SENS_legend_promoter_tcga_cpm1_both	PDX	PDMR_PDX	VENTX	13	7	0	0.0	FALSE	-2.09031136034354	FALSE
SENS_legend_promoter_tcga_cpm1_both	PDX	PDMR_PDX	VSX1	13	7	0	0.0	FALSE	0.095142399350142	TRUE
SENS_legend_promoter_tcga_cpm1_both	PDX	PDMR_PDX	WTIP	13	7	1	0.07692307692307693	FALSE	0.168871817548402	TRUE
SENS_legend_promoter_tcga_cpm1_both	PDX	PDMR_PDX	WWC1	13	7	3	0.23076923076923078	FALSE	2.80707140108985	TRUE
SENS_legend_promoter_tcga_cpm1_both	PDX	PDMR_PDX	WWC2	13	7	8	0.6153846153846154	TRUE	1.99590260615829	TRUE
SENS_legend_promoter_tcga_cpm1_both	PDX	PDMR_PDX	XBP1	13	7	10	0.7692307692307693	TRUE	-0.213656309228	FALSE
SENS_legend_promoter_tcga_cpm1_both	PDX	PDMR_PDX	ZBTB10	13	7	4	0.3076923076923077	FALSE	1.13899824477404	TRUE
SENS_legend_promoter_tcga_cpm1_both	PDX	PDMR_PDX	ZBTB16	13	7	1	0.07692307692307693	FALSE	-1.08776486088194	FALSE
SENS_legend_promoter_tcga_cpm1_both	PDX	PDMR_PDX	ZBTB18	13	7	10	0.7692307692307693	TRUE	0.546057468912367	TRUE
SENS_legend_promoter_tcga_cpm1_both	PDX	PDMR_PDX	ZBTB42	13	7	6	0.46153846153846156	FALSE	1.767012472124	TRUE
SENS_legend_promoter_tcga_cpm1_both	PDX	PDMR_PDX	ZBTB46	13	7	2	0.15384615384615385	FALSE	-0.213280754634958	FALSE
SENS_legend_promoter_tcga_cpm1_both	PDX	PDMR_PDX	ZFHX2	13	7	0	0.0	FALSE	-0.986975205127823	FALSE
SENS_legend_promoter_tcga_cpm1_both	PDX	PDMR_PDX	ZFP2	13	7	5	0.38461538461538464	FALSE	0.0444705896847725	TRUE
SENS_legend_promoter_tcga_cpm1_both	PDX	PDMR_PDX	ZFP57	13	7	0	0.0	FALSE	-0.509321794471331	FALSE
SENS_legend_promoter_tcga_cpm1_both	PDX	PDMR_PDX	ZMYND15	13	7	2	0.15384615384615385	FALSE	-0.107759334755505	FALSE
SENS_legend_promoter_tcga_cpm1_both	PDX	PDMR_PDX	ZNF117	13	7	8	0.6153846153846154	TRUE	0.863372847433591	TRUE
SENS_legend_promoter_tcga_cpm1_both	PDX	PDMR_PDX	ZNF141	13	7	10	0.7692307692307693	TRUE	1.08909578848341	TRUE
SENS_legend_promoter_tcga_cpm1_both	PDX	PDMR_PDX	ZNF19	13	7	7	0.5384615384615384	TRUE	0.590844433404935	TRUE
SENS_legend_promoter_tcga_cpm1_both	PDX	PDMR_PDX	ZNF214	13	7	2	0.15384615384615385	FALSE	-0.546817755364639	FALSE
SENS_legend_promoter_tcga_cpm1_both	PDX	PDMR_PDX	ZNF239	13	7	4	0.3076923076923077	FALSE	1.01586054894146	TRUE
SENS_legend_promoter_tcga_cpm1_both	PDX	PDMR_PDX	ZNF254	13	7	8	0.6153846153846154	TRUE	0.642404052056453	TRUE
SENS_legend_promoter_tcga_cpm1_both	PDX	PDMR_PDX	ZNF281	13	7	9	0.6923076923076923	TRUE	2.3359619382885	TRUE
SENS_legend_promoter_tcga_cpm1_both	PDX	PDMR_PDX	ZNF33A	13	7	10	0.7692307692307693	TRUE	-0.758809088255929	FALSE
SENS_legend_promoter_tcga_cpm1_both	PDX	PDMR_PDX	ZNF33B	13	7	9	0.6923076923076923	TRUE	0.842689381423336	TRUE
SENS_legend_promoter_tcga_cpm1_both	PDX	PDMR_PDX	ZNF341	13	7	3	0.23076923076923078	FALSE	1.29861993355598	TRUE
SENS_legend_promoter_tcga_cpm1_both	PDX	PDMR_PDX	ZNF382	13	7	1	0.07692307692307693	FALSE	-0.974414323534309	FALSE
SENS_legend_promoter_tcga_cpm1_both	PDX	PDMR_PDX	ZNF396	13	7	3	0.23076923076923078	FALSE	0.609597181308702	TRUE
SENS_legend_promoter_tcga_cpm1_both	PDX	PDMR_PDX	ZNF429	13	7	4	0.3076923076923077	FALSE	0.482881165089677	TRUE
SENS_legend_promoter_tcga_cpm1_both	PDX	PDMR_PDX	ZNF441	13	7	5	0.38461538461538464	FALSE	-0.0992661588926639	FALSE
SENS_legend_promoter_tcga_cpm1_both	PDX	PDMR_PDX	ZNF444	13	7	10	0.7692307692307693	TRUE	0.822998651529021	TRUE
SENS_legend_promoter_tcga_cpm1_both	PDX	PDMR_PDX	ZNF467	13	7	0	0.0	FALSE	-0.0521148339394705	FALSE
SENS_legend_promoter_tcga_cpm1_both	PDX	PDMR_PDX	ZNF483	13	7	2	0.15384615384615385	FALSE	0.698722805490809	TRUE
SENS_legend_promoter_tcga_cpm1_both	PDX	PDMR_PDX	ZNF486	13	7	4	0.3076923076923077	FALSE	0.290756871858934	TRUE
SENS_legend_promoter_tcga_cpm1_both	PDX	PDMR_PDX	ZNF493	13	7	6	0.46153846153846156	FALSE	-0.57559146109055	FALSE
SENS_legend_promoter_tcga_cpm1_both	PDX	PDMR_PDX	ZNF540	13	7	8	0.6153846153846154	TRUE	-3.35980761403697	FALSE
SENS_legend_promoter_tcga_cpm1_both	PDX	PDMR_PDX	ZNF541	13	7	0	0.0	FALSE	-0.96763122200107	FALSE
SENS_legend_promoter_tcga_cpm1_both	PDX	PDMR_PDX	ZNF597	13	7	3	0.23076923076923078	FALSE	0.438881418572381	TRUE
SENS_legend_promoter_tcga_cpm1_both	PDX	PDMR_PDX	ZNF608	13	7	0	0.0	FALSE	-0.214880569367235	FALSE
SENS_legend_promoter_tcga_cpm1_both	PDX	PDMR_PDX	ZNF620	13	7	3	0.23076923076923078	FALSE	0.119782270291919	TRUE
SENS_legend_promoter_tcga_cpm1_both	PDX	PDMR_PDX	ZNF662	13	7	0	0.0	FALSE	-1.81831015498804	FALSE
SENS_legend_promoter_tcga_cpm1_both	PDX	PDMR_PDX	ZNF671	13	7	2	0.15384615384615385	FALSE	-0.296750883176756	FALSE
SENS_legend_promoter_tcga_cpm1_both	PDX	PDMR_PDX	ZNF678	13	7	9	0.6923076923076923	TRUE	1.31467195361702	TRUE
SENS_legend_promoter_tcga_cpm1_both	PDX	PDMR_PDX	ZNF681	13	7	7	0.5384615384615384	TRUE	0.724915875497317	TRUE
SENS_legend_promoter_tcga_cpm1_both	PDX	PDMR_PDX	ZNF69	13	7	3	0.23076923076923078	FALSE	0.722558662520164	TRUE
SENS_legend_promoter_tcga_cpm1_both	PDX	PDMR_PDX	ZNF710	13	7	1	0.07692307692307693	FALSE	1.5708608708065	TRUE
SENS_legend_promoter_tcga_cpm1_both	PDX	PDMR_PDX	ZNF717	13	7	4	0.3076923076923077	FALSE	0.660366473546319	TRUE
SENS_legend_promoter_tcga_cpm1_both	PDX	PDMR_PDX	ZNF737	13	7	6	0.46153846153846156	FALSE	-0.494135109437067	FALSE
SENS_legend_promoter_tcga_cpm1_both	PDX	PDMR_PDX	ZNF75D	13	7	9	0.6923076923076923	TRUE	0.284103652222219	TRUE
SENS_legend_promoter_tcga_cpm1_both	PDX	PDMR_PDX	ZNF763	13	7	4	0.3076923076923077	FALSE	0.254234885068348	TRUE
SENS_legend_promoter_tcga_cpm1_both	PDX	PDMR_PDX	ZNF792	13	7	2	0.15384615384615385	FALSE	0.325583533932591	TRUE
SENS_legend_promoter_tcga_cpm1_both	PDX	PDMR_PDX	ZNF835	13	7	1	0.07692307692307693	FALSE	-0.583765559462165	FALSE
SENS_legend_promoter_tcga_cpm1_both	PDX	PDMR_PDX	ZNF852	13	7	4	0.3076923076923077	FALSE	0.674427665344126	TRUE
SENS_legend_promoter_tcga_cpm1_both	PDX	PDMR_PDX	ZNF860	13	7	6	0.46153846153846156	FALSE	0.959745510269631	TRUE
SENS_legend_promoter_tcga_cpm1_both	PDX	PDMR_PDX	ZSCAN16	13	7	3	0.23076923076923078	FALSE	0.636278427200608	TRUE
SENS_legend_promoter_tcga_cpm1_both	cell_line	DepMap_22Q2	ABHD14B	19	10	9	0.47368421052631576	FALSE	3.67106869343883	TRUE
SENS_legend_promoter_tcga_cpm1_both	cell_line	DepMap_22Q2	ABRA	19	10	0	0.0	FALSE	-3.17144454180489	FALSE
SENS_legend_promoter_tcga_cpm1_both	cell_line	DepMap_22Q2	APBB1	19	10	4	0.21052631578947367	FALSE	-1.38752969710185	FALSE
SENS_legend_promoter_tcga_cpm1_both	cell_line	DepMap_22Q2	ARX	19	10	0	0.0	FALSE	-1.09993849921181	FALSE
SENS_legend_promoter_tcga_cpm1_both	cell_line	DepMap_22Q2	ASCL5	19	10	4	0.21052631578947367	FALSE	-0.621952689769882	FALSE
SENS_legend_promoter_tcga_cpm1_both	cell_line	DepMap_22Q2	ATOH8	19	10	0	0.0	FALSE	-1.34457434741505	FALSE
SENS_legend_promoter_tcga_cpm1_both	cell_line	DepMap_22Q2	BATF3	19	10	2	0.10526315789473684	FALSE	-1.25505235448278	FALSE
SENS_legend_promoter_tcga_cpm1_both	cell_line	DepMap_22Q2	BCLAF3	19	10	16	0.8421052631578947	TRUE	0.519595435048773	TRUE
SENS_legend_promoter_tcga_cpm1_both	cell_line	DepMap_22Q2	CIITA	19	10	1	0.05263157894736842	FALSE	-2.77871226172973	FALSE
SENS_legend_promoter_tcga_cpm1_both	cell_line	DepMap_22Q2	CREB3L2	19	10	18	0.9473684210526315	TRUE	0.635878536261767	TRUE
SENS_legend_promoter_tcga_cpm1_both	cell_line	DepMap_22Q2	CREBRF	19	10	15	0.7894736842105263	TRUE	0.55854510339881	TRUE
SENS_legend_promoter_tcga_cpm1_both	cell_line	DepMap_22Q2	CRY2	19	10	16	0.8421052631578947	TRUE	0.26981768407137	TRUE
SENS_legend_promoter_tcga_cpm1_both	cell_line	DepMap_22Q2	CSRNP1	19	10	4	0.21052631578947367	FALSE	1.0874058870595	TRUE
SENS_legend_promoter_tcga_cpm1_both	cell_line	DepMap_22Q2	DMRTC2	19	10	0	0.0	FALSE	-1.38037367408153	FALSE
SENS_legend_promoter_tcga_cpm1_both	cell_line	DepMap_22Q2	DRGX	19	10	0	0.0	FALSE	-1.45660274598459	FALSE
SENS_legend_promoter_tcga_cpm1_both	cell_line	DepMap_22Q2	E2F5	19	10	6	0.3157894736842105	FALSE	1.84467460588383	TRUE
SENS_legend_promoter_tcga_cpm1_both	cell_line	DepMap_22Q2	ELF3	19	10	10	0.5263157894736842	TRUE	1.67305698860623	TRUE
SENS_legend_promoter_tcga_cpm1_both	cell_line	DepMap_22Q2	ELF5	19	10	0	0.0	FALSE	-3.12665525929759	FALSE
SENS_legend_promoter_tcga_cpm1_both	cell_line	DepMap_22Q2	EPAS1	19	10	3	0.15789473684210525	FALSE	0.257813903945943	TRUE
SENS_legend_promoter_tcga_cpm1_both	cell_line	DepMap_22Q2	ESR1	19	10	0	0.0	FALSE	-0.350606058756376	FALSE
SENS_legend_promoter_tcga_cpm1_both	cell_line	DepMap_22Q2	ETV1	19	10	17	0.8947368421052632	TRUE	-0.581071175956934	FALSE
SENS_legend_promoter_tcga_cpm1_both	cell_line	DepMap_22Q2	FOXA1	19	10	10	0.5263157894736842	TRUE	0.0546542218966666	TRUE
SENS_legend_promoter_tcga_cpm1_both	cell_line	DepMap_22Q2	FOXA2	19	10	4	0.21052631578947367	FALSE	0.772890269490167	TRUE
SENS_legend_promoter_tcga_cpm1_both	cell_line	DepMap_22Q2	FOXA3	19	10	12	0.631578947368421	TRUE	-1.28378634564309	FALSE
SENS_legend_promoter_tcga_cpm1_both	cell_line	DepMap_22Q2	FOXD2	19	10	11	0.5789473684210527	TRUE	0.491369277783987	TRUE
SENS_legend_promoter_tcga_cpm1_both	cell_line	DepMap_22Q2	FOXP1	19	10	4	0.21052631578947367	FALSE	-0.128172778161279	FALSE
SENS_legend_promoter_tcga_cpm1_both	cell_line	DepMap_22Q2	FOXP4	19	10	10	0.5263157894736842	TRUE	2.10672142157845	TRUE
SENS_legend_promoter_tcga_cpm1_both	cell_line	DepMap_22Q2	GATA5	19	10	0	0.0	FALSE	-0.996618303260594	FALSE
SENS_legend_promoter_tcga_cpm1_both	cell_line	DepMap_22Q2	GATA6	19	10	11	0.5789473684210527	TRUE	-1.74348306453651	FALSE
SENS_legend_promoter_tcga_cpm1_both	cell_line	DepMap_22Q2	GCM1	19	10	0	0.0	FALSE	-2.95825682915399	FALSE
SENS_legend_promoter_tcga_cpm1_both	cell_line	DepMap_22Q2	GLIS3	19	10	2	0.10526315789473684	FALSE	0.801627487895999	TRUE
SENS_legend_promoter_tcga_cpm1_both	cell_line	DepMap_22Q2	HNF1A	19	10	0	0.0	FALSE	-2.02878131948787	FALSE
SENS_legend_promoter_tcga_cpm1_both	cell_line	DepMap_22Q2	HNF1B	19	10	0	0.0	FALSE	-0.35719705216558	FALSE
SENS_legend_promoter_tcga_cpm1_both	cell_line	DepMap_22Q2	HNF4G	19	10	9	0.47368421052631576	FALSE	0.4370301516164	TRUE
SENS_legend_promoter_tcga_cpm1_both	cell_line	DepMap_22Q2	HOPX	19	10	2	0.10526315789473684	FALSE	0.690541716132616	TRUE
SENS_legend_promoter_tcga_cpm1_both	cell_line	DepMap_22Q2	HOXD1	19	10	4	0.21052631578947367	FALSE	0.262711821578026	TRUE
SENS_legend_promoter_tcga_cpm1_both	cell_line	DepMap_22Q2	IKZF4	19	10	5	0.2631578947368421	FALSE	0.770157960452382	TRUE
SENS_legend_promoter_tcga_cpm1_both	cell_line	DepMap_22Q2	IL4	19	10	0	0.0	FALSE	-1.75173617743472	FALSE
SENS_legend_promoter_tcga_cpm1_both	cell_line	DepMap_22Q2	INSM2	19	10	16	0.8421052631578947	TRUE	-1.68337183080497	FALSE
SENS_legend_promoter_tcga_cpm1_both	cell_line	DepMap_22Q2	IRF7	19	10	0	0.0	FALSE	2.42809889884718	TRUE
SENS_legend_promoter_tcga_cpm1_both	cell_line	DepMap_22Q2	IRX3	19	10	10	0.5263157894736842	TRUE	-0.329390320562868	FALSE
SENS_legend_promoter_tcga_cpm1_both	cell_line	DepMap_22Q2	JADE1	19	10	15	0.7894736842105263	TRUE	-0.431788932926503	FALSE
SENS_legend_promoter_tcga_cpm1_both	cell_line	DepMap_22Q2	KANK2	19	10	3	0.15789473684210525	FALSE	0.597345897821461	TRUE
SENS_legend_promoter_tcga_cpm1_both	cell_line	DepMap_22Q2	KAT2B	19	10	2	0.10526315789473684	FALSE	-1.43866593955059	FALSE
SENS_legend_promoter_tcga_cpm1_both	cell_line	DepMap_22Q2	KLF2	19	10	7	0.3684210526315789	FALSE	-0.561858578655021	FALSE
SENS_legend_promoter_tcga_cpm1_both	cell_line	DepMap_22Q2	KLF9	19	10	0	0.0	FALSE	1.100566078923	TRUE
SENS_legend_promoter_tcga_cpm1_both	cell_line	DepMap_22Q2	LHX9	19	10	5	0.2631578947368421	FALSE	-2.25751563159904	FALSE
SENS_legend_promoter_tcga_cpm1_both	cell_line	DepMap_22Q2	LIMD1	19	10	7	0.3684210526315789	FALSE	0.705358539695324	TRUE
SENS_legend_promoter_tcga_cpm1_both	cell_line	DepMap_22Q2	LMO3	19	10	0	0.0	FALSE	-1.18358592989121	FALSE
SENS_legend_promoter_tcga_cpm1_both	cell_line	DepMap_22Q2	LPIN2	19	10	9	0.47368421052631576	FALSE	0.643680497980781	TRUE
SENS_legend_promoter_tcga_cpm1_both	cell_line	DepMap_22Q2	LYL1	19	10	1	0.05263157894736842	FALSE	-0.448883737171652	FALSE
SENS_legend_promoter_tcga_cpm1_both	cell_line	DepMap_22Q2	MAGEC3	19	10	1	0.05263157894736842	FALSE	-2.11364848809192	FALSE
SENS_legend_promoter_tcga_cpm1_both	cell_line	DepMap_22Q2	MAGED2	19	10	11	0.5789473684210527	TRUE	3.30062502363593	TRUE
SENS_legend_promoter_tcga_cpm1_both	cell_line	DepMap_22Q2	MAGEE2	19	10	0	0.0	FALSE	-2.21226341344936	FALSE
SENS_legend_promoter_tcga_cpm1_both	cell_line	DepMap_22Q2	MDFIC	19	10	5	0.2631578947368421	FALSE	2.2395473800079	TRUE
SENS_legend_promoter_tcga_cpm1_both	cell_line	DepMap_22Q2	MEF2C	19	10	8	0.42105263157894735	FALSE	-2.23637358138697	FALSE
SENS_legend_promoter_tcga_cpm1_both	cell_line	DepMap_22Q2	MEF2D	19	10	9	0.47368421052631576	FALSE	2.04437920363765	TRUE
SENS_legend_promoter_tcga_cpm1_both	cell_line	DepMap_22Q2	MEIS3P1	19	10	0	0.0	FALSE	1.5206460672112	TRUE
SENS_legend_promoter_tcga_cpm1_both	cell_line	DepMap_22Q2	MEIS3P2	19	10	0	0.0	FALSE	-1.16703929048586	FALSE
SENS_legend_promoter_tcga_cpm1_both	cell_line	DepMap_22Q2	MESP1	19	10	2	0.10526315789473684	FALSE	2.38304130797947	TRUE
SENS_legend_promoter_tcga_cpm1_both	cell_line	DepMap_22Q2	MITF	19	10	16	0.8421052631578947	TRUE	0.882400746787378	TRUE
SENS_legend_promoter_tcga_cpm1_both	cell_line	DepMap_22Q2	MLLT3	19	10	10	0.5263157894736842	TRUE	0.972893593984811	TRUE
SENS_legend_promoter_tcga_cpm1_both	cell_line	DepMap_22Q2	MLLT6	19	10	0	0.0	FALSE	1.36491333657041	TRUE
SENS_legend_promoter_tcga_cpm1_both	cell_line	DepMap_22Q2	MSANTD1	19	10	0	0.0	FALSE	0.390826288457109	TRUE
SENS_legend_promoter_tcga_cpm1_both	cell_line	DepMap_22Q2	MXD4	19	10	18	0.9473684210526315	TRUE	1.07575753297262	TRUE
SENS_legend_promoter_tcga_cpm1_both	cell_line	DepMap_22Q2	MYRF	19	10	1	0.05263157894736842	FALSE	-0.38331232039485	FALSE
SENS_legend_promoter_tcga_cpm1_both	cell_line	DepMap_22Q2	MYRFL	19	10	0	0.0	FALSE	-1.20851210529557	FALSE
SENS_legend_promoter_tcga_cpm1_both	cell_line	DepMap_22Q2	NANOGP1	19	10	0	0.0	FALSE	-0.907860193410112	FALSE
SENS_legend_promoter_tcga_cpm1_both	cell_line	DepMap_22Q2	NCOA7	19	10	15	0.7894736842105263	TRUE	0.309978622677632	TRUE
SENS_legend_promoter_tcga_cpm1_both	cell_line	DepMap_22Q2	NEUROG3	19	10	0	0.0	FALSE	-1.7603702284908	FALSE
SENS_legend_promoter_tcga_cpm1_both	cell_line	DepMap_22Q2	NFATC2	19	10	2	0.10526315789473684	FALSE	-0.675900855356539	FALSE
SENS_legend_promoter_tcga_cpm1_both	cell_line	DepMap_22Q2	NFATC4	19	10	14	0.7368421052631579	TRUE	0.701897721320685	TRUE
SENS_legend_promoter_tcga_cpm1_both	cell_line	DepMap_22Q2	NFE2	19	10	7	0.3684210526315789	FALSE	-0.239170293539346	FALSE
SENS_legend_promoter_tcga_cpm1_both	cell_line	DepMap_22Q2	NKX2-1	19	10	5	0.2631578947368421	FALSE	-1.23710357432156	FALSE
SENS_legend_promoter_tcga_cpm1_both	cell_line	DepMap_22Q2	NOTO	19	10	0	0.0	FALSE	-2.52205312085404	FALSE
SENS_legend_promoter_tcga_cpm1_both	cell_line	DepMap_22Q2	NR0B2	19	10	1	0.05263157894736842	FALSE	-3.24119483145576	FALSE
SENS_legend_promoter_tcga_cpm1_both	cell_line	DepMap_22Q2	NR1H4	19	10	0	0.0	FALSE	-2.43405844962051	FALSE
SENS_legend_promoter_tcga_cpm1_both	cell_line	DepMap_22Q2	NR2F1	19	10	4	0.21052631578947367	FALSE	-1.56982602118186	FALSE
SENS_legend_promoter_tcga_cpm1_both	cell_line	DepMap_22Q2	NR2F6	19	10	1	0.05263157894736842	FALSE	3.17040731681519	TRUE
SENS_legend_promoter_tcga_cpm1_both	cell_line	DepMap_22Q2	NR3C2	19	10	17	0.8947368421052632	TRUE	-0.916591594901468	FALSE
SENS_legend_promoter_tcga_cpm1_both	cell_line	DepMap_22Q2	OLIG1	19	10	0	0.0	FALSE	-1.43004126473576	FALSE
SENS_legend_promoter_tcga_cpm1_both	cell_line	DepMap_22Q2	ONECUT1	19	10	2	0.10526315789473684	FALSE	-0.0772457904720571	FALSE
SENS_legend_promoter_tcga_cpm1_both	cell_line	DepMap_22Q2	PHC2	19	10	17	0.8947368421052632	TRUE	4.85150123893731	TRUE
SENS_legend_promoter_tcga_cpm1_both	cell_line	DepMap_22Q2	POU1F1	19	10	0	0.0	FALSE	-1.35065498291823	FALSE
SENS_legend_promoter_tcga_cpm1_both	cell_line	DepMap_22Q2	PPARGC1A	19	10	3	0.15789473684210525	FALSE	-2.48437851006787	FALSE
SENS_legend_promoter_tcga_cpm1_both	cell_line	DepMap_22Q2	PRDM16	19	10	0	0.0	FALSE	-1.12133150777431	FALSE
SENS_legend_promoter_tcga_cpm1_both	cell_line	DepMap_22Q2	PRDM8	19	10	7	0.3684210526315789	FALSE	-0.575196595286238	FALSE
SENS_legend_promoter_tcga_cpm1_both	cell_line	DepMap_22Q2	RARA	19	10	5	0.2631578947368421	FALSE	3.10866369635539	TRUE
SENS_legend_promoter_tcga_cpm1_both	cell_line	DepMap_22Q2	RORB	19	10	2	0.10526315789473684	FALSE	-2.86583104846524	FALSE
SENS_legend_promoter_tcga_cpm1_both	cell_line	DepMap_22Q2	RORC	19	10	0	0.0	FALSE	1.11471343182994	TRUE
SENS_legend_promoter_tcga_cpm1_both	cell_line	DepMap_22Q2	SAMD11	19	10	0	0.0	FALSE	-1.50028695768961	FALSE
SENS_legend_promoter_tcga_cpm1_both	cell_line	DepMap_22Q2	SMAD6	19	10	6	0.3157894736842105	FALSE	-0.540892292363866	FALSE
SENS_legend_promoter_tcga_cpm1_both	cell_line	DepMap_22Q2	SMAD7	19	10	0	0.0	FALSE	-0.113344860040879	FALSE
SENS_legend_promoter_tcga_cpm1_both	cell_line	DepMap_22Q2	SP110	19	10	10	0.5263157894736842	TRUE	0.0593620381206579	TRUE
SENS_legend_promoter_tcga_cpm1_both	cell_line	DepMap_22Q2	SP5	19	10	2	0.10526315789473684	FALSE	0.0502701029850682	TRUE
SENS_legend_promoter_tcga_cpm1_both	cell_line	DepMap_22Q2	SPDEF	19	10	0	0.0	FALSE	0.533052933772459	TRUE
SENS_legend_promoter_tcga_cpm1_both	cell_line	DepMap_22Q2	TBX15	19	10	0	0.0	FALSE	-0.957657448475063	FALSE
SENS_legend_promoter_tcga_cpm1_both	cell_line	DepMap_22Q2	TBX4	19	10	1	0.05263157894736842	FALSE	-1.35378715913303	FALSE
SENS_legend_promoter_tcga_cpm1_both	cell_line	DepMap_22Q2	TBXT	19	10	0	0.0	FALSE	-1.3958969706648	FALSE
SENS_legend_promoter_tcga_cpm1_both	cell_line	DepMap_22Q2	TCF21	19	10	0	0.0	FALSE	-4.32286966990729	FALSE
SENS_legend_promoter_tcga_cpm1_both	cell_line	DepMap_22Q2	TFCP2L1	19	10	3	0.15789473684210525	FALSE	-1.19508799270748	FALSE
SENS_legend_promoter_tcga_cpm1_both	cell_line	DepMap_22Q2	TOX3	19	10	0	0.0	FALSE	-2.37526633052805	FALSE
SENS_legend_promoter_tcga_cpm1_both	cell_line	DepMap_22Q2	TP53INP1	19	10	14	0.7368421052631579	TRUE	-4.46292295324534	FALSE
SENS_legend_promoter_tcga_cpm1_both	cell_line	DepMap_22Q2	VDR	19	10	7	0.3684210526315789	FALSE	1.35150438376577	TRUE
SENS_legend_promoter_tcga_cpm1_both	cell_line	DepMap_22Q2	VENTX	19	10	0	0.0	FALSE	-2.1101352261386	FALSE
SENS_legend_promoter_tcga_cpm1_both	cell_line	DepMap_22Q2	VSX1	19	10	0	0.0	FALSE	-0.261687611928183	FALSE
SENS_legend_promoter_tcga_cpm1_both	cell_line	DepMap_22Q2	WTIP	19	10	0	0.0	FALSE	0.262820543880877	TRUE
SENS_legend_promoter_tcga_cpm1_both	cell_line	DepMap_22Q2	WWC1	19	10	16	0.8421052631578947	TRUE	2.32114119631038	TRUE
SENS_legend_promoter_tcga_cpm1_both	cell_line	DepMap_22Q2	WWC2	19	10	14	0.7368421052631579	TRUE	1.33430110739544	TRUE
SENS_legend_promoter_tcga_cpm1_both	cell_line	DepMap_22Q2	XBP1	19	10	11	0.5789473684210527	TRUE	-1.20496321668969	FALSE
SENS_legend_promoter_tcga_cpm1_both	cell_line	DepMap_22Q2	ZBTB10	19	10	8	0.42105263157894735	FALSE	1.03861439538647	TRUE
SENS_legend_promoter_tcga_cpm1_both	cell_line	DepMap_22Q2	ZBTB16	19	10	1	0.05263157894736842	FALSE	-1.54149554920658	FALSE
SENS_legend_promoter_tcga_cpm1_both	cell_line	DepMap_22Q2	ZBTB18	19	10	19	1.0	TRUE	-0.560873011016648	FALSE
SENS_legend_promoter_tcga_cpm1_both	cell_line	DepMap_22Q2	ZBTB42	19	10	2	0.10526315789473684	FALSE	1.62133455897376	TRUE
SENS_legend_promoter_tcga_cpm1_both	cell_line	DepMap_22Q2	ZBTB46	19	10	0	0.0	FALSE	-0.409706235008041	FALSE
SENS_legend_promoter_tcga_cpm1_both	cell_line	DepMap_22Q2	ZFHX2	19	10	2	0.10526315789473684	FALSE	-1.69950891742694	FALSE
SENS_legend_promoter_tcga_cpm1_both	cell_line	DepMap_22Q2	ZFP2	19	10	9	0.47368421052631576	FALSE	-0.623669110452485	FALSE
SENS_legend_promoter_tcga_cpm1_both	cell_line	DepMap_22Q2	ZFP57	19	10	0	0.0	FALSE	-0.722073549606284	FALSE
SENS_legend_promoter_tcga_cpm1_both	cell_line	DepMap_22Q2	ZMYND15	19	10	0	0.0	FALSE	-0.390884769792244	FALSE
SENS_legend_promoter_tcga_cpm1_both	cell_line	DepMap_22Q2	ZNF117	19	10	17	0.8947368421052632	TRUE	0.429404984322279	TRUE
SENS_legend_promoter_tcga_cpm1_both	cell_line	DepMap_22Q2	ZNF141	19	10	13	0.6842105263157895	TRUE	0.428460074229542	TRUE
SENS_legend_promoter_tcga_cpm1_both	cell_line	DepMap_22Q2	ZNF19	19	10	6	0.3157894736842105	FALSE	-0.20900756373465	FALSE
SENS_legend_promoter_tcga_cpm1_both	cell_line	DepMap_22Q2	ZNF214	19	10	8	0.42105263157894735	FALSE	-1.72846306491518	FALSE
SENS_legend_promoter_tcga_cpm1_both	cell_line	DepMap_22Q2	ZNF239	19	10	11	0.5789473684210527	TRUE	1.08889142797665	TRUE
SENS_legend_promoter_tcga_cpm1_both	cell_line	DepMap_22Q2	ZNF254	19	10	15	0.7894736842105263	TRUE	0.221966312242056	TRUE
SENS_legend_promoter_tcga_cpm1_both	cell_line	DepMap_22Q2	ZNF281	19	10	10	0.5263157894736842	TRUE	1.62373105429904	TRUE
SENS_legend_promoter_tcga_cpm1_both	cell_line	DepMap_22Q2	ZNF33A	19	10	16	0.8421052631578947	TRUE	0.0248920508587967	TRUE
SENS_legend_promoter_tcga_cpm1_both	cell_line	DepMap_22Q2	ZNF33B	19	10	16	0.8421052631578947	TRUE	1.2911014542342	TRUE
SENS_legend_promoter_tcga_cpm1_both	cell_line	DepMap_22Q2	ZNF341	19	10	10	0.5263157894736842	TRUE	1.41134177088559	TRUE
SENS_legend_promoter_tcga_cpm1_both	cell_line	DepMap_22Q2	ZNF382	19	10	2	0.10526315789473684	FALSE	-1.43835221474165	FALSE
SENS_legend_promoter_tcga_cpm1_both	cell_line	DepMap_22Q2	ZNF396	19	10	6	0.3157894736842105	FALSE	-0.522387553492389	FALSE
SENS_legend_promoter_tcga_cpm1_both	cell_line	DepMap_22Q2	ZNF429	19	10	8	0.42105263157894735	FALSE	0.841319349896268	TRUE
SENS_legend_promoter_tcga_cpm1_both	cell_line	DepMap_22Q2	ZNF441	19	10	9	0.47368421052631576	FALSE	-0.0623034759545546	FALSE
SENS_legend_promoter_tcga_cpm1_both	cell_line	DepMap_22Q2	ZNF444	19	10	18	0.9473684210526315	TRUE	1.29541118578761	TRUE
SENS_legend_promoter_tcga_cpm1_both	cell_line	DepMap_22Q2	ZNF467	19	10	0	0.0	FALSE	0.627789978111287	TRUE
SENS_legend_promoter_tcga_cpm1_both	cell_line	DepMap_22Q2	ZNF483	19	10	4	0.21052631578947367	FALSE	0.130993705257276	TRUE
SENS_legend_promoter_tcga_cpm1_both	cell_line	DepMap_22Q2	ZNF486	19	10	5	0.2631578947368421	FALSE	0.195217943124201	TRUE
SENS_legend_promoter_tcga_cpm1_both	cell_line	DepMap_22Q2	ZNF493	19	10	9	0.47368421052631576	FALSE	-0.838808607300301	FALSE
SENS_legend_promoter_tcga_cpm1_both	cell_line	DepMap_22Q2	ZNF540	19	10	12	0.631578947368421	TRUE	-3.18667413215119	FALSE
SENS_legend_promoter_tcga_cpm1_both	cell_line	DepMap_22Q2	ZNF541	19	10	1	0.05263157894736842	FALSE	-1.73328745710034	FALSE
SENS_legend_promoter_tcga_cpm1_both	cell_line	DepMap_22Q2	ZNF597	19	10	7	0.3684210526315789	FALSE	0.366795037035642	TRUE
SENS_legend_promoter_tcga_cpm1_both	cell_line	DepMap_22Q2	ZNF608	19	10	0	0.0	FALSE	-0.776556299678321	FALSE
SENS_legend_promoter_tcga_cpm1_both	cell_line	DepMap_22Q2	ZNF620	19	10	5	0.2631578947368421	FALSE	-0.124496650736502	FALSE
SENS_legend_promoter_tcga_cpm1_both	cell_line	DepMap_22Q2	ZNF662	19	10	0	0.0	FALSE	-2.1020557797002	FALSE
SENS_legend_promoter_tcga_cpm1_both	cell_line	DepMap_22Q2	ZNF671	19	10	6	0.3157894736842105	FALSE	-0.440927860869992	FALSE
SENS_legend_promoter_tcga_cpm1_both	cell_line	DepMap_22Q2	ZNF678	19	10	10	0.5263157894736842	TRUE	0.751588480175706	TRUE
SENS_legend_promoter_tcga_cpm1_both	cell_line	DepMap_22Q2	ZNF681	19	10	8	0.42105263157894735	FALSE	0.693055692619942	TRUE
SENS_legend_promoter_tcga_cpm1_both	cell_line	DepMap_22Q2	ZNF69	19	10	4	0.21052631578947367	FALSE	0.576722915672796	TRUE
SENS_legend_promoter_tcga_cpm1_both	cell_line	DepMap_22Q2	ZNF710	19	10	0	0.0	FALSE	1.7274148367625	TRUE
SENS_legend_promoter_tcga_cpm1_both	cell_line	DepMap_22Q2	ZNF717	19	10	5	0.2631578947368421	FALSE	0.20168200313353	TRUE
SENS_legend_promoter_tcga_cpm1_both	cell_line	DepMap_22Q2	ZNF737	19	10	6	0.3157894736842105	FALSE		FALSE
SENS_legend_promoter_tcga_cpm1_both	cell_line	DepMap_22Q2	ZNF75D	19	10	14	0.7368421052631579	TRUE	-0.0153124871287335	FALSE
SENS_legend_promoter_tcga_cpm1_both	cell_line	DepMap_22Q2	ZNF763	19	10	4	0.21052631578947367	FALSE	-0.365238860838627	FALSE
SENS_legend_promoter_tcga_cpm1_both	cell_line	DepMap_22Q2	ZNF792	19	10	1	0.05263157894736842	FALSE	-0.177636464606226	FALSE
SENS_legend_promoter_tcga_cpm1_both	cell_line	DepMap_22Q2	ZNF835	19	10	3	0.15789473684210525	FALSE	-0.776387353105142	FALSE
SENS_legend_promoter_tcga_cpm1_both	cell_line	DepMap_22Q2	ZNF852	19	10	3	0.15789473684210525	FALSE	0.766299647143556	TRUE
SENS_legend_promoter_tcga_cpm1_both	cell_line	DepMap_22Q2	ZNF860	19	10	10	0.5263157894736842	TRUE	0.700923713836305	TRUE
SENS_legend_promoter_tcga_cpm1_both	cell_line	DepMap_22Q2	ZSCAN16	19	10	5	0.2631578947368421	FALSE	0.544182216601197	TRUE
SENS_anchor_promoter_tcga_cpm0.5_both	patient	TCGA	ABHD14B	22	11	22	1.0	TRUE	7.10698272703473	TRUE
SENS_anchor_promoter_tcga_cpm0.5_both	patient	TCGA	ABRA	22	11	0	0.0	FALSE	0.206699213130157	TRUE
SENS_anchor_promoter_tcga_cpm0.5_both	patient	TCGA	APBB1	22	11	22	1.0	TRUE	5.0153538926171	TRUE
SENS_anchor_promoter_tcga_cpm0.5_both	patient	TCGA	ARX	22	11	21	0.9545454545454546	TRUE	0.95303801457753	TRUE
SENS_anchor_promoter_tcga_cpm0.5_both	patient	TCGA	ASCL5	22	11	22	1.0	TRUE	3.07181774747895	TRUE
SENS_anchor_promoter_tcga_cpm0.5_both	patient	TCGA	ATOH8	22	11	22	1.0	TRUE	2.53261058157945	TRUE
SENS_anchor_promoter_tcga_cpm0.5_both	patient	TCGA	BATF3	22	11	22	1.0	TRUE	3.94560987563308	TRUE
SENS_anchor_promoter_tcga_cpm0.5_both	patient	TCGA	BCLAF3	22	11	22	1.0	TRUE	3.68348095820866	TRUE
SENS_anchor_promoter_tcga_cpm0.5_both	patient	TCGA	CIITA	22	11	22	1.0	TRUE	5.42767678164645	TRUE
SENS_anchor_promoter_tcga_cpm0.5_both	patient	TCGA	CREB3L2	22	11	22	1.0	TRUE	4.45765773984776	TRUE
SENS_anchor_promoter_tcga_cpm0.5_both	patient	TCGA	CREBRF	22	11	22	1.0	TRUE	5.416577110246	TRUE
SENS_anchor_promoter_tcga_cpm0.5_both	patient	TCGA	CRY2	22	11	22	1.0	TRUE	5.38384025110411	TRUE
SENS_anchor_promoter_tcga_cpm0.5_both	patient	TCGA	CSRNP1	22	11	22	1.0	TRUE	6.11739335691758	TRUE
SENS_anchor_promoter_tcga_cpm0.5_both	patient	TCGA	DMRTC2	22	11	13	0.5909090909090909	TRUE	0.520576545946646	TRUE
SENS_anchor_promoter_tcga_cpm0.5_both	patient	TCGA	DRGX	22	11	22	1.0	TRUE	3.90867861386881	TRUE
SENS_anchor_promoter_tcga_cpm0.5_both	patient	TCGA	E2F5	22	11	22	1.0	TRUE	2.91040354712077	TRUE
SENS_anchor_promoter_tcga_cpm0.5_both	patient	TCGA	ELF3	22	11	22	1.0	TRUE	4.00945264575307	TRUE
SENS_anchor_promoter_tcga_cpm0.5_both	patient	TCGA	ELF5	22	11	22	1.0	TRUE	2.56962158847614	TRUE
SENS_anchor_promoter_tcga_cpm0.5_both	patient	TCGA	EPAS1	22	11	22	1.0	TRUE	5.22667080485923	TRUE
SENS_anchor_promoter_tcga_cpm0.5_both	patient	TCGA	ESR1	22	11	22	1.0	TRUE	0.530483568592893	TRUE
SENS_anchor_promoter_tcga_cpm0.5_both	patient	TCGA	ETV1	22	11	22	1.0	TRUE	1.99272053365005	TRUE
SENS_anchor_promoter_tcga_cpm0.5_both	patient	TCGA	FOXA1	22	11	22	1.0	TRUE	0.937325721431246	TRUE
SENS_anchor_promoter_tcga_cpm0.5_both	patient	TCGA	FOXA2	22	11	22	1.0	TRUE	0.575309830146304	TRUE
SENS_anchor_promoter_tcga_cpm0.5_both	patient	TCGA	FOXA3	22	11	22	1.0	TRUE	1.31925548460377	TRUE
SENS_anchor_promoter_tcga_cpm0.5_both	patient	TCGA	FOXD2	22	11	22	1.0	TRUE	3.80933362119302	TRUE
SENS_anchor_promoter_tcga_cpm0.5_both	patient	TCGA	FOXP1	22	11	22	1.0	TRUE	2.54973236279028	TRUE
SENS_anchor_promoter_tcga_cpm0.5_both	patient	TCGA	FOXP4	22	11	22	1.0	TRUE	4.98516499160216	TRUE
SENS_anchor_promoter_tcga_cpm0.5_both	patient	TCGA	GATA5	22	11	0	0.0	FALSE	0.752933072354766	TRUE
SENS_anchor_promoter_tcga_cpm0.5_both	patient	TCGA	GATA6	22	11	22	1.0	TRUE	0.833904903216028	TRUE
SENS_anchor_promoter_tcga_cpm0.5_both	patient	TCGA	GCM1	22	11	0	0.0	FALSE	0.186097921178939	TRUE
SENS_anchor_promoter_tcga_cpm0.5_both	patient	TCGA	GLIS3	22	11	22	1.0	TRUE	2.05440998226087	TRUE
SENS_anchor_promoter_tcga_cpm0.5_both	patient	TCGA	HNF1A	22	11	21	0.9545454545454546	TRUE	0.709980926982564	TRUE
SENS_anchor_promoter_tcga_cpm0.5_both	patient	TCGA	HNF1B	22	11	22	1.0	TRUE	6.67481166513423	TRUE
SENS_anchor_promoter_tcga_cpm0.5_both	patient	TCGA	HNF4G	22	11	22	1.0	TRUE	2.71229115490242	TRUE
SENS_anchor_promoter_tcga_cpm0.5_both	patient	TCGA	HOPX	22	11	22	1.0	TRUE	3.39761612610054	TRUE
SENS_anchor_promoter_tcga_cpm0.5_both	patient	TCGA	HOXD1	22	11	22	1.0	TRUE	1.96770718380507	TRUE
SENS_anchor_promoter_tcga_cpm0.5_both	patient	TCGA	IKZF4	22	11	22	1.0	TRUE	4.86310338509703	TRUE
SENS_anchor_promoter_tcga_cpm0.5_both	patient	TCGA	IL4	22	11	22	1.0	TRUE	0.449644369127624	TRUE
SENS_anchor_promoter_tcga_cpm0.5_both	patient	TCGA	INSM2	22	11	22	1.0	TRUE	0.183607788583441	TRUE
SENS_anchor_promoter_tcga_cpm0.5_both	patient	TCGA	IRF7	22	11	22	1.0	TRUE	5.87120412758395	TRUE
SENS_anchor_promoter_tcga_cpm0.5_both	patient	TCGA	IRX3	22	11	22	1.0	TRUE	2.00546893432855	TRUE
SENS_anchor_promoter_tcga_cpm0.5_both	patient	TCGA	JADE1	22	11	22	1.0	TRUE	1.19689953909206	TRUE
SENS_anchor_promoter_tcga_cpm0.5_both	patient	TCGA	KANK2	22	11	22	1.0	TRUE	8.00255624599019	TRUE
SENS_anchor_promoter_tcga_cpm0.5_both	patient	TCGA	KAT2B	22	11	22	1.0	TRUE	4.56452160687931	TRUE
SENS_anchor_promoter_tcga_cpm0.5_both	patient	TCGA	KLF2	22	11	22	1.0	TRUE	2.9763096269425	TRUE
SENS_anchor_promoter_tcga_cpm0.5_both	patient	TCGA	KLF9	22	11	22	1.0	TRUE	1.59365052905298	TRUE
SENS_anchor_promoter_tcga_cpm0.5_both	patient	TCGA	LHX9	22	11	22	1.0	TRUE	2.67224672451943	TRUE
SENS_anchor_promoter_tcga_cpm0.5_both	patient	TCGA	LIMD1	22	11	22	1.0	TRUE	6.70643310902033	TRUE
SENS_anchor_promoter_tcga_cpm0.5_both	patient	TCGA	LMO3	22	11	22	1.0	TRUE	2.94068533480765	TRUE
SENS_anchor_promoter_tcga_cpm0.5_both	patient	TCGA	LPIN2	22	11	22	1.0	TRUE	4.21882144522648	TRUE
SENS_anchor_promoter_tcga_cpm0.5_both	patient	TCGA	LYL1	22	11	22	1.0	TRUE	3.68836052007783	TRUE
SENS_anchor_promoter_tcga_cpm0.5_both	patient	TCGA	MAGEC3	22	11	13	0.5909090909090909	TRUE	-0.935706317722992	FALSE
SENS_anchor_promoter_tcga_cpm0.5_both	patient	TCGA	MAGED2	22	11	22	1.0	TRUE	8.35806459495649	TRUE
SENS_anchor_promoter_tcga_cpm0.5_both	patient	TCGA	MAGEE2	22	11	0	0.0	FALSE	1.23385392447935	TRUE
SENS_anchor_promoter_tcga_cpm0.5_both	patient	TCGA	MDFIC	22	11	22	1.0	TRUE	4.28200362750224	TRUE
SENS_anchor_promoter_tcga_cpm0.5_both	patient	TCGA	MEF2C	22	11	22	1.0	TRUE	5.26142500917214	TRUE
SENS_anchor_promoter_tcga_cpm0.5_both	patient	TCGA	MEF2D	22	11	22	1.0	TRUE	3.97643859157333	TRUE
SENS_anchor_promoter_tcga_cpm0.5_both	patient	TCGA	MEIS3P1	22	11	0	0.0	FALSE	1.58101258244775	TRUE
SENS_anchor_promoter_tcga_cpm0.5_both	patient	TCGA	MEIS3P2	22	11	0	0.0	FALSE	0.693978387902923	TRUE
SENS_anchor_promoter_tcga_cpm0.5_both	patient	TCGA	MESP1	22	11	22	1.0	TRUE	4.91558425445857	TRUE
SENS_anchor_promoter_tcga_cpm0.5_both	patient	TCGA	MITF	22	11	22	1.0	TRUE	1.97405581425123	TRUE
SENS_anchor_promoter_tcga_cpm0.5_both	patient	TCGA	MLLT3	22	11	22	1.0	TRUE	3.68556019946152	TRUE
SENS_anchor_promoter_tcga_cpm0.5_both	patient	TCGA	MLLT6	22	11	22	1.0	TRUE	4.96626195809783	TRUE
SENS_anchor_promoter_tcga_cpm0.5_both	patient	TCGA	MSANTD1	22	11	0	0.0	FALSE	4.16880126955788	TRUE
SENS_anchor_promoter_tcga_cpm0.5_both	patient	TCGA	MXD4	22	11	22	1.0	TRUE	4.44392740904078	TRUE
SENS_anchor_promoter_tcga_cpm0.5_both	patient	TCGA	MYRF	22	11	22	1.0	TRUE	3.03802092614382	TRUE
SENS_anchor_promoter_tcga_cpm0.5_both	patient	TCGA	MYRFL	22	11	21	0.9545454545454546	TRUE	1.66641930888815	TRUE
SENS_anchor_promoter_tcga_cpm0.5_both	patient	TCGA	NANOGP1	22	11	22	1.0	TRUE	-0.00247655693586349	FALSE
SENS_anchor_promoter_tcga_cpm0.5_both	patient	TCGA	NCOA7	22	11	22	1.0	TRUE	3.85216585680798	TRUE
SENS_anchor_promoter_tcga_cpm0.5_both	patient	TCGA	NEUROG3	22	11	0	0.0	FALSE	-0.126409706311773	FALSE
SENS_anchor_promoter_tcga_cpm0.5_both	patient	TCGA	NFATC2	22	11	22	1.0	TRUE	1.6668693447914	TRUE
SENS_anchor_promoter_tcga_cpm0.5_both	patient	TCGA	NFATC4	22	11	22	1.0	TRUE	3.63066285829657	TRUE
SENS_anchor_promoter_tcga_cpm0.5_both	patient	TCGA	NFE2	22	11	22	1.0	TRUE	1.90716046954161	TRUE
SENS_anchor_promoter_tcga_cpm0.5_both	patient	TCGA	NKX2-1	22	11	22	1.0	TRUE	3.59121002517	TRUE
SENS_anchor_promoter_tcga_cpm0.5_both	patient	TCGA	NOTO	22	11	22	1.0	TRUE	-0.0453701153807665	FALSE
SENS_anchor_promoter_tcga_cpm0.5_both	patient	TCGA	NR0B2	22	11	22	1.0	TRUE	2.5338614265596	TRUE
SENS_anchor_promoter_tcga_cpm0.5_both	patient	TCGA	NR1H4	22	11	0	0.0	FALSE	0.45878574363879	TRUE
SENS_anchor_promoter_tcga_cpm0.5_both	patient	TCGA	NR2F1	22	11	22	1.0	TRUE	1.44984740066213	TRUE
SENS_anchor_promoter_tcga_cpm0.5_both	patient	TCGA	NR2F6	22	11	22	1.0	TRUE	6.34606086392718	TRUE
SENS_anchor_promoter_tcga_cpm0.5_both	patient	TCGA	NR3C2	22	11	22	1.0	TRUE	4.62937391164314	TRUE
SENS_anchor_promoter_tcga_cpm0.5_both	patient	TCGA	OLIG1	22	11	21	0.9545454545454546	TRUE	0.847419005674374	TRUE
SENS_anchor_promoter_tcga_cpm0.5_both	patient	TCGA	ONECUT1	22	11	22	1.0	TRUE	1.06010006859526	TRUE
SENS_anchor_promoter_tcga_cpm0.5_both	patient	TCGA	PHC2	22	11	22	1.0	TRUE	8.73096313861103	TRUE
SENS_anchor_promoter_tcga_cpm0.5_both	patient	TCGA	POU1F1	22	11	0	0.0	FALSE	-0.396982890984428	FALSE
SENS_anchor_promoter_tcga_cpm0.5_both	patient	TCGA	PPARGC1A	22	11	22	1.0	TRUE	1.17547889433161	TRUE
SENS_anchor_promoter_tcga_cpm0.5_both	patient	TCGA	PRDM16	22	11	22	1.0	TRUE	1.17665399423207	TRUE
SENS_anchor_promoter_tcga_cpm0.5_both	patient	TCGA	PRDM8	22	11	22	1.0	TRUE	1.47696953403492	TRUE
SENS_anchor_promoter_tcga_cpm0.5_both	patient	TCGA	RARA	22	11	22	1.0	TRUE	7.39485252583488	TRUE
SENS_anchor_promoter_tcga_cpm0.5_both	patient	TCGA	RORB	22	11	22	1.0	TRUE	1.41946980581635	TRUE
SENS_anchor_promoter_tcga_cpm0.5_both	patient	TCGA	RORC	22	11	22	1.0	TRUE	4.71638234602674	TRUE
SENS_anchor_promoter_tcga_cpm0.5_both	patient	TCGA	SAMD11	22	11	22	1.0	TRUE	1.43461515024081	TRUE
SENS_anchor_promoter_tcga_cpm0.5_both	patient	TCGA	SMAD6	22	11	22	1.0	TRUE	1.64804462499274	TRUE
SENS_anchor_promoter_tcga_cpm0.5_both	patient	TCGA	SMAD7	22	11	22	1.0	TRUE	2.04620328613556	TRUE
SENS_anchor_promoter_tcga_cpm0.5_both	patient	TCGA	SP110	22	11	22	1.0	TRUE	3.03325699113213	TRUE
SENS_anchor_promoter_tcga_cpm0.5_both	patient	TCGA	SP5	22	11	22	1.0	TRUE	0.691548364566159	TRUE
SENS_anchor_promoter_tcga_cpm0.5_both	patient	TCGA	SPDEF	22	11	22	1.0	TRUE	3.71084519007246	TRUE
SENS_anchor_promoter_tcga_cpm0.5_both	patient	TCGA	TBX15	22	11	0	0.0	FALSE	2.14049034348362	TRUE
SENS_anchor_promoter_tcga_cpm0.5_both	patient	TCGA	TBX4	22	11	22	1.0	TRUE	0.685650734208334	TRUE
SENS_anchor_promoter_tcga_cpm0.5_both	patient	TCGA	TBXT	22	11	0	0.0	FALSE	-0.119673946775767	FALSE
SENS_anchor_promoter_tcga_cpm0.5_both	patient	TCGA	TCF21	22	11	0	0.0	FALSE	3.6112891718432	TRUE
SENS_anchor_promoter_tcga_cpm0.5_both	patient	TCGA	TFCP2L1	22	11	22	1.0	TRUE	3.04870949867569	TRUE
SENS_anchor_promoter_tcga_cpm0.5_both	patient	TCGA	TOX3	22	11	22	1.0	TRUE	3.7088476828776	TRUE
SENS_anchor_promoter_tcga_cpm0.5_both	patient	TCGA	TP53INP1	22	11	22	1.0	TRUE	-0.607358689439888	FALSE
SENS_anchor_promoter_tcga_cpm0.5_both	patient	TCGA	VDR	22	11	22	1.0	TRUE	5.63839163621946	TRUE
SENS_anchor_promoter_tcga_cpm0.5_both	patient	TCGA	VENTX	22	11	0	0.0	FALSE	2.64319048671033	TRUE
SENS_anchor_promoter_tcga_cpm0.5_both	patient	TCGA	VSX1	22	11	19	0.8636363636363636	TRUE	1.78223177590866	TRUE
SENS_anchor_promoter_tcga_cpm0.5_both	patient	TCGA	WTIP	22	11	22	1.0	TRUE	3.22609279653159	TRUE
SENS_anchor_promoter_tcga_cpm0.5_both	patient	TCGA	WWC1	22	11	22	1.0	TRUE	5.94385560499317	TRUE
SENS_anchor_promoter_tcga_cpm0.5_both	patient	TCGA	WWC2	22	11	22	1.0	TRUE	3.69844054143666	TRUE
SENS_anchor_promoter_tcga_cpm0.5_both	patient	TCGA	XBP1	22	11	22	1.0	TRUE	1.38467043956622	TRUE
SENS_anchor_promoter_tcga_cpm0.5_both	patient	TCGA	ZBTB10	22	11	22	1.0	TRUE	1.76364879203115	TRUE
SENS_anchor_promoter_tcga_cpm0.5_both	patient	TCGA	ZBTB16	22	11	22	1.0	TRUE	2.19329373794059	TRUE
SENS_anchor_promoter_tcga_cpm0.5_both	patient	TCGA	ZBTB18	22	11	22	1.0	TRUE	2.7129559504431	TRUE
SENS_anchor_promoter_tcga_cpm0.5_both	patient	TCGA	ZBTB42	22	11	22	1.0	TRUE	5.04513990232523	TRUE
SENS_anchor_promoter_tcga_cpm0.5_both	patient	TCGA	ZBTB46	22	11	22	1.0	TRUE	3.36099785883395	TRUE
SENS_anchor_promoter_tcga_cpm0.5_both	patient	TCGA	ZFHX2	22	11	22	1.0	TRUE	1.46013403182178	TRUE
SENS_anchor_promoter_tcga_cpm0.5_both	patient	TCGA	ZFP2	22	11	22	1.0	TRUE	1.62800019344276	TRUE
SENS_anchor_promoter_tcga_cpm0.5_both	patient	TCGA	ZFP57	22	11	0	0.0	FALSE	0.944491156127686	TRUE
SENS_anchor_promoter_tcga_cpm0.5_both	patient	TCGA	ZMYND15	22	11	22	1.0	TRUE	4.53957897699354	TRUE
SENS_anchor_promoter_tcga_cpm0.5_both	patient	TCGA	ZNF117	22	11	22	1.0	TRUE	1.45397263073166	TRUE
SENS_anchor_promoter_tcga_cpm0.5_both	patient	TCGA	ZNF141	22	11	22	1.0	TRUE	1.93869288473252	TRUE
SENS_anchor_promoter_tcga_cpm0.5_both	patient	TCGA	ZNF19	22	11	22	1.0	TRUE	3.51263691428844	TRUE
SENS_anchor_promoter_tcga_cpm0.5_both	patient	TCGA	ZNF214	22	11	22	1.0	TRUE	2.11113165828075	TRUE
SENS_anchor_promoter_tcga_cpm0.5_both	patient	TCGA	ZNF239	22	11	22	1.0	TRUE	0.753954177831367	TRUE
SENS_anchor_promoter_tcga_cpm0.5_both	patient	TCGA	ZNF254	22	11	22	1.0	TRUE	1.48441996619309	TRUE
SENS_anchor_promoter_tcga_cpm0.5_both	patient	TCGA	ZNF281	22	11	22	1.0	TRUE	3.15495766754712	TRUE
SENS_anchor_promoter_tcga_cpm0.5_both	patient	TCGA	ZNF33A	22	11	22	1.0	TRUE	1.03386505705428	TRUE
SENS_anchor_promoter_tcga_cpm0.5_both	patient	TCGA	ZNF33B	22	11	22	1.0	TRUE	1.3727921999881	TRUE
SENS_anchor_promoter_tcga_cpm0.5_both	patient	TCGA	ZNF341	22	11	22	1.0	TRUE	3.3306570610196	TRUE
SENS_anchor_promoter_tcga_cpm0.5_both	patient	TCGA	ZNF382	22	11	22	1.0	TRUE	0.847219961420617	TRUE
SENS_anchor_promoter_tcga_cpm0.5_both	patient	TCGA	ZNF396	22	11	22	1.0	TRUE	3.11536646866569	TRUE
SENS_anchor_promoter_tcga_cpm0.5_both	patient	TCGA	ZNF429	22	11	22	1.0	TRUE	1.05333986414706	TRUE
SENS_anchor_promoter_tcga_cpm0.5_both	patient	TCGA	ZNF441	22	11	22	1.0	TRUE	0.632913252771396	TRUE
SENS_anchor_promoter_tcga_cpm0.5_both	patient	TCGA	ZNF444	22	11	22	1.0	TRUE	3.24278335615053	TRUE
SENS_anchor_promoter_tcga_cpm0.5_both	patient	TCGA	ZNF467	22	11	22	1.0	TRUE	4.51810667305064	TRUE
SENS_anchor_promoter_tcga_cpm0.5_both	patient	TCGA	ZNF483	22	11	22	1.0	TRUE	1.97093820238513	TRUE
SENS_anchor_promoter_tcga_cpm0.5_both	patient	TCGA	ZNF486	22	11	22	1.0	TRUE	0.348905588052191	TRUE
SENS_anchor_promoter_tcga_cpm0.5_both	patient	TCGA	ZNF493	22	11	22	1.0	TRUE	0.326999896418354	TRUE
SENS_anchor_promoter_tcga_cpm0.5_both	patient	TCGA	ZNF540	22	11	22	1.0	TRUE	1.45945279939804	TRUE
SENS_anchor_promoter_tcga_cpm0.5_both	patient	TCGA	ZNF541	22	11	19	0.8636363636363636	TRUE	3.56071102166037	TRUE
SENS_anchor_promoter_tcga_cpm0.5_both	patient	TCGA	ZNF597	22	11	22	1.0	TRUE	1.15499234061918	TRUE
SENS_anchor_promoter_tcga_cpm0.5_both	patient	TCGA	ZNF608	22	11	22	1.0	TRUE	1.53786962642159	TRUE
SENS_anchor_promoter_tcga_cpm0.5_both	patient	TCGA	ZNF620	22	11	22	1.0	TRUE	3.15567860437697	TRUE
SENS_anchor_promoter_tcga_cpm0.5_both	patient	TCGA	ZNF662	22	11	22	1.0	TRUE	1.2131288714133	TRUE
SENS_anchor_promoter_tcga_cpm0.5_both	patient	TCGA	ZNF671	22	11	22	1.0	TRUE	0.347503739601032	TRUE
SENS_anchor_promoter_tcga_cpm0.5_both	patient	TCGA	ZNF678	22	11	22	1.0	TRUE	2.72591062384592	TRUE
SENS_anchor_promoter_tcga_cpm0.5_both	patient	TCGA	ZNF681	22	11	22	1.0	TRUE	0.322462882337443	TRUE
SENS_anchor_promoter_tcga_cpm0.5_both	patient	TCGA	ZNF69	22	11	22	1.0	TRUE	2.36618827283218	TRUE
SENS_anchor_promoter_tcga_cpm0.5_both	patient	TCGA	ZNF710	22	11	22	1.0	TRUE	3.6465414595342	TRUE
SENS_anchor_promoter_tcga_cpm0.5_both	patient	TCGA	ZNF717	22	11	22	1.0	TRUE	0.367229029961227	TRUE
SENS_anchor_promoter_tcga_cpm0.5_both	patient	TCGA	ZNF737	22	11	22	1.0	TRUE	-0.0999473010674684	FALSE
SENS_anchor_promoter_tcga_cpm0.5_both	patient	TCGA	ZNF75D	22	11	22	1.0	TRUE	1.96492041190927	TRUE
SENS_anchor_promoter_tcga_cpm0.5_both	patient	TCGA	ZNF763	22	11	22	1.0	TRUE	0.964336139165812	TRUE
SENS_anchor_promoter_tcga_cpm0.5_both	patient	TCGA	ZNF792	22	11	22	1.0	TRUE	1.40105403571638	TRUE
SENS_anchor_promoter_tcga_cpm0.5_both	patient	TCGA	ZNF835	22	11	22	1.0	TRUE	1.17400060373385	TRUE
SENS_anchor_promoter_tcga_cpm0.5_both	patient	TCGA	ZNF852	22	11	22	1.0	TRUE	1.5992315126802	TRUE
SENS_anchor_promoter_tcga_cpm0.5_both	patient	TCGA	ZNF860	22	11	22	1.0	TRUE	1.28597039147626	TRUE
SENS_anchor_promoter_tcga_cpm0.5_both	patient	TCGA	ZSCAN16	22	11	22	1.0	TRUE	2.19861115410941	TRUE
SENS_anchor_promoter_tcga_cpm0.5_both	PDX	PDMR_PDX	ABHD14B	13	7	7	0.5384615384615384	TRUE	3.83411957772496	TRUE
SENS_anchor_promoter_tcga_cpm0.5_both	PDX	PDMR_PDX	ABRA	13	7	0	0.0	FALSE	-2.58966960289918	FALSE
SENS_anchor_promoter_tcga_cpm0.5_both	PDX	PDMR_PDX	APBB1	13	7	2	0.15384615384615385	FALSE	-0.548273862954927	FALSE
SENS_anchor_promoter_tcga_cpm0.5_both	PDX	PDMR_PDX	ARX	13	7	1	0.07692307692307693	FALSE	-0.341629895903198	FALSE
SENS_anchor_promoter_tcga_cpm0.5_both	PDX	PDMR_PDX	ASCL5	13	7	1	0.07692307692307693	FALSE	-0.251337243056997	FALSE
SENS_anchor_promoter_tcga_cpm0.5_both	PDX	PDMR_PDX	ATOH8	13	7	0	0.0	FALSE	-0.664202793343812	FALSE
SENS_anchor_promoter_tcga_cpm0.5_both	PDX	PDMR_PDX	BATF3	13	7	4	0.3076923076923077	FALSE	-0.646858830263657	FALSE
SENS_anchor_promoter_tcga_cpm0.5_both	PDX	PDMR_PDX	BCLAF3	13	7	5	0.38461538461538464	FALSE	0.46907160972623	TRUE
SENS_anchor_promoter_tcga_cpm0.5_both	PDX	PDMR_PDX	CIITA	13	7	1	0.07692307692307693	FALSE	-2.13388212412719	FALSE
SENS_anchor_promoter_tcga_cpm0.5_both	PDX	PDMR_PDX	CREB3L2	13	7	10	0.7692307692307693	TRUE	1.80368249437254	TRUE
SENS_anchor_promoter_tcga_cpm0.5_both	PDX	PDMR_PDX	CREBRF	13	7	10	0.7692307692307693	TRUE	1.6952670193717	TRUE
SENS_anchor_promoter_tcga_cpm0.5_both	PDX	PDMR_PDX	CRY2	13	7	10	0.7692307692307693	TRUE	1.19677696752484	TRUE
SENS_anchor_promoter_tcga_cpm0.5_both	PDX	PDMR_PDX	CSRNP1	13	7	7	0.5384615384615384	TRUE	1.45358366021724	TRUE
SENS_anchor_promoter_tcga_cpm0.5_both	PDX	PDMR_PDX	DMRTC2	13	7	1	0.07692307692307693	FALSE	-0.845846757832656	FALSE
SENS_anchor_promoter_tcga_cpm0.5_both	PDX	PDMR_PDX	DRGX	13	7	0	0.0	FALSE	0.0228448660821765	TRUE
SENS_anchor_promoter_tcga_cpm0.5_both	PDX	PDMR_PDX	E2F5	13	7	9	0.6923076923076923	TRUE	1.74103075558624	TRUE
SENS_anchor_promoter_tcga_cpm0.5_both	PDX	PDMR_PDX	ELF3	13	7	8	0.6153846153846154	TRUE	2.23246810365467	TRUE
SENS_anchor_promoter_tcga_cpm0.5_both	PDX	PDMR_PDX	ELF5	13	7	0	0.0	FALSE	-1.94901287523946	FALSE
SENS_anchor_promoter_tcga_cpm0.5_both	PDX	PDMR_PDX	EPAS1	13	7	8	0.6153846153846154	TRUE	1.20662415271538	TRUE
SENS_anchor_promoter_tcga_cpm0.5_both	PDX	PDMR_PDX	ESR1	13	7	3	0.23076923076923078	FALSE	-0.0601598431213857	FALSE
SENS_anchor_promoter_tcga_cpm0.5_both	PDX	PDMR_PDX	ETV1	13	7	9	0.6923076923076923	TRUE	-0.609556862953565	FALSE
SENS_anchor_promoter_tcga_cpm0.5_both	PDX	PDMR_PDX	FOXA1	13	7	4	0.3076923076923077	FALSE	0.461064099492983	TRUE
SENS_anchor_promoter_tcga_cpm0.5_both	PDX	PDMR_PDX	FOXA2	13	7	3	0.23076923076923078	FALSE	-0.260091545890401	FALSE
SENS_anchor_promoter_tcga_cpm0.5_both	PDX	PDMR_PDX	FOXA3	13	7	9	0.6923076923076923	TRUE	-0.883004761734181	FALSE
SENS_anchor_promoter_tcga_cpm0.5_both	PDX	PDMR_PDX	FOXD2	13	7	8	0.6153846153846154	TRUE	0.683739642553749	TRUE
SENS_anchor_promoter_tcga_cpm0.5_both	PDX	PDMR_PDX	FOXP1	13	7	3	0.23076923076923078	FALSE	0.677602416605842	TRUE
SENS_anchor_promoter_tcga_cpm0.5_both	PDX	PDMR_PDX	FOXP4	13	7	5	0.38461538461538464	FALSE	1.80759208016716	TRUE
SENS_anchor_promoter_tcga_cpm0.5_both	PDX	PDMR_PDX	GATA5	13	7	1	0.07692307692307693	FALSE	-0.624147141608721	FALSE
SENS_anchor_promoter_tcga_cpm0.5_both	PDX	PDMR_PDX	GATA6	13	7	1	0.07692307692307693	FALSE	-1.309843155124	FALSE
SENS_anchor_promoter_tcga_cpm0.5_both	PDX	PDMR_PDX	GCM1	13	7	0	0.0	FALSE	-2.22885618026692	FALSE
SENS_anchor_promoter_tcga_cpm0.5_both	PDX	PDMR_PDX	GLIS3	13	7	1	0.07692307692307693	FALSE	1.3923751754147	TRUE
SENS_anchor_promoter_tcga_cpm0.5_both	PDX	PDMR_PDX	HNF1A	13	7	0	0.0	FALSE	-1.09303156642187	FALSE
SENS_anchor_promoter_tcga_cpm0.5_both	PDX	PDMR_PDX	HNF1B	13	7	0	0.0	FALSE	1.25099413333262	TRUE
SENS_anchor_promoter_tcga_cpm0.5_both	PDX	PDMR_PDX	HNF4G	13	7	5	0.38461538461538464	FALSE	1.13431316786431	TRUE
SENS_anchor_promoter_tcga_cpm0.5_both	PDX	PDMR_PDX	HOPX	13	7	1	0.07692307692307693	FALSE	1.19502335498509	TRUE
SENS_anchor_promoter_tcga_cpm0.5_both	PDX	PDMR_PDX	HOXD1	13	7	4	0.3076923076923077	FALSE	1.33759256890656	TRUE
SENS_anchor_promoter_tcga_cpm0.5_both	PDX	PDMR_PDX	IKZF4	13	7	5	0.38461538461538464	FALSE	1.52231906964897	TRUE
SENS_anchor_promoter_tcga_cpm0.5_both	PDX	PDMR_PDX	IL4	13	7	1	0.07692307692307693	FALSE	-1.99120350242317	FALSE
SENS_anchor_promoter_tcga_cpm0.5_both	PDX	PDMR_PDX	INSM2	13	7	4	0.3076923076923077	FALSE	-0.824240914559846	FALSE
SENS_anchor_promoter_tcga_cpm0.5_both	PDX	PDMR_PDX	IRF7	13	7	0	0.0	FALSE	2.63895743480366	TRUE
SENS_anchor_promoter_tcga_cpm0.5_both	PDX	PDMR_PDX	IRX3	13	7	4	0.3076923076923077	FALSE	0.341054446226155	TRUE
SENS_anchor_promoter_tcga_cpm0.5_both	PDX	PDMR_PDX	JADE1	13	7	6	0.46153846153846156	FALSE	0.465905892195857	TRUE
SENS_anchor_promoter_tcga_cpm0.5_both	PDX	PDMR_PDX	KANK2	13	7	8	0.6153846153846154	TRUE	1.14432591850981	TRUE
SENS_anchor_promoter_tcga_cpm0.5_both	PDX	PDMR_PDX	KAT2B	13	7	4	0.3076923076923077	FALSE	-0.276827738269315	FALSE
SENS_anchor_promoter_tcga_cpm0.5_both	PDX	PDMR_PDX	KLF2	13	7	8	0.6153846153846154	TRUE	-0.697802729745059	FALSE
SENS_anchor_promoter_tcga_cpm0.5_both	PDX	PDMR_PDX	KLF9	13	7	6	0.46153846153846156	FALSE	1.19661692102758	TRUE
SENS_anchor_promoter_tcga_cpm0.5_both	PDX	PDMR_PDX	LHX9	13	7	1	0.07692307692307693	FALSE	-1.30161476428096	FALSE
SENS_anchor_promoter_tcga_cpm0.5_both	PDX	PDMR_PDX	LIMD1	13	7	3	0.23076923076923078	FALSE	1.46934245612872	TRUE
SENS_anchor_promoter_tcga_cpm0.5_both	PDX	PDMR_PDX	LMO3	13	7	0	0.0	FALSE	-0.180186355893363	FALSE
SENS_anchor_promoter_tcga_cpm0.5_both	PDX	PDMR_PDX	LPIN2	13	7	7	0.5384615384615384	TRUE	1.16600073649317	TRUE
SENS_anchor_promoter_tcga_cpm0.5_both	PDX	PDMR_PDX	LYL1	13	7	1	0.07692307692307693	FALSE	-0.793855023172207	FALSE
SENS_anchor_promoter_tcga_cpm0.5_both	PDX	PDMR_PDX	MAGEC3	13	7	0	0.0	FALSE	-1.59852276572392	FALSE
SENS_anchor_promoter_tcga_cpm0.5_both	PDX	PDMR_PDX	MAGED2	13	7	10	0.7692307692307693	TRUE	3.78239113560362	TRUE
SENS_anchor_promoter_tcga_cpm0.5_both	PDX	PDMR_PDX	MAGEE2	13	7	0	0.0	FALSE	-1.32861644810414	FALSE
SENS_anchor_promoter_tcga_cpm0.5_both	PDX	PDMR_PDX	MDFIC	13	7	7	0.5384615384615384	TRUE	3.30256910211767	TRUE
SENS_anchor_promoter_tcga_cpm0.5_both	PDX	PDMR_PDX	MEF2C	13	7	2	0.15384615384615385	FALSE	-0.450635453305447	FALSE
SENS_anchor_promoter_tcga_cpm0.5_both	PDX	PDMR_PDX	MEF2D	13	7	10	0.7692307692307693	TRUE	2.23100779985039	TRUE
SENS_anchor_promoter_tcga_cpm0.5_both	PDX	PDMR_PDX	MEIS3P1	13	7	0	0.0	FALSE	2.15245204461075	TRUE
SENS_anchor_promoter_tcga_cpm0.5_both	PDX	PDMR_PDX	MEIS3P2	13	7	0	0.0	FALSE	-0.29425625257681	FALSE
SENS_anchor_promoter_tcga_cpm0.5_both	PDX	PDMR_PDX	MESP1	13	7	4	0.3076923076923077	FALSE	2.25547444533025	TRUE
SENS_anchor_promoter_tcga_cpm0.5_both	PDX	PDMR_PDX	MITF	13	7	6	0.46153846153846156	FALSE	1.23784308167123	TRUE
SENS_anchor_promoter_tcga_cpm0.5_both	PDX	PDMR_PDX	MLLT3	13	7	2	0.15384615384615385	FALSE	2.09876230603982	TRUE
SENS_anchor_promoter_tcga_cpm0.5_both	PDX	PDMR_PDX	MLLT6	13	7	0	0.0	FALSE	1.13350645959511	TRUE
SENS_anchor_promoter_tcga_cpm0.5_both	PDX	PDMR_PDX	MSANTD1	13	7	0	0.0	FALSE	0.212010996332135	TRUE
SENS_anchor_promoter_tcga_cpm0.5_both	PDX	PDMR_PDX	MXD4	13	7	10	0.7692307692307693	TRUE	1.05093573969678	TRUE
SENS_anchor_promoter_tcga_cpm0.5_both	PDX	PDMR_PDX	MYRF	13	7	2	0.15384615384615385	FALSE	-0.0193086348974985	FALSE
SENS_anchor_promoter_tcga_cpm0.5_both	PDX	PDMR_PDX	MYRFL	13	7	0	0.0	FALSE	-0.631568753818511	FALSE
SENS_anchor_promoter_tcga_cpm0.5_both	PDX	PDMR_PDX	NANOGP1	13	7	0	0.0	FALSE	-0.520804177144856	FALSE
SENS_anchor_promoter_tcga_cpm0.5_both	PDX	PDMR_PDX	NCOA7	13	7	9	0.6923076923076923	TRUE	1.18697896731189	TRUE
SENS_anchor_promoter_tcga_cpm0.5_both	PDX	PDMR_PDX	NEUROG3	13	7	1	0.07692307692307693	FALSE	-1.41159991891326	FALSE
SENS_anchor_promoter_tcga_cpm0.5_both	PDX	PDMR_PDX	NFATC2	13	7	4	0.3076923076923077	FALSE	-0.0262416232272816	FALSE
SENS_anchor_promoter_tcga_cpm0.5_both	PDX	PDMR_PDX	NFATC4	13	7	8	0.6153846153846154	TRUE	0.422542422136536	TRUE
SENS_anchor_promoter_tcga_cpm0.5_both	PDX	PDMR_PDX	NFE2	13	7	1	0.07692307692307693	FALSE	0.675888935419977	TRUE
SENS_anchor_promoter_tcga_cpm0.5_both	PDX	PDMR_PDX	NKX2-1	13	7	1	0.07692307692307693	FALSE	0.0526922708652373	TRUE
SENS_anchor_promoter_tcga_cpm0.5_both	PDX	PDMR_PDX	NOTO	13	7	1	0.07692307692307693	FALSE	-2.21996455175478	FALSE
SENS_anchor_promoter_tcga_cpm0.5_both	PDX	PDMR_PDX	NR0B2	13	7	1	0.07692307692307693	FALSE	-2.4961929056332	FALSE
SENS_anchor_promoter_tcga_cpm0.5_both	PDX	PDMR_PDX	NR1H4	13	7	0	0.0	FALSE	-2.07359764290909	FALSE
SENS_anchor_promoter_tcga_cpm0.5_both	PDX	PDMR_PDX	NR2F1	13	7	1	0.07692307692307693	FALSE	-1.13313062961217	FALSE
SENS_anchor_promoter_tcga_cpm0.5_both	PDX	PDMR_PDX	NR2F6	13	7	5	0.38461538461538464	FALSE	3.05623225946323	TRUE
SENS_anchor_promoter_tcga_cpm0.5_both	PDX	PDMR_PDX	NR3C2	13	7	10	0.7692307692307693	TRUE	0.652152315519307	TRUE
SENS_anchor_promoter_tcga_cpm0.5_both	PDX	PDMR_PDX	OLIG1	13	7	0	0.0	FALSE	-1.27413215202565	FALSE
SENS_anchor_promoter_tcga_cpm0.5_both	PDX	PDMR_PDX	ONECUT1	13	7	3	0.23076923076923078	FALSE	0.563758142753872	TRUE
SENS_anchor_promoter_tcga_cpm0.5_both	PDX	PDMR_PDX	PHC2	13	7	9	0.6923076923076923	TRUE	4.70689738737984	TRUE
SENS_anchor_promoter_tcga_cpm0.5_both	PDX	PDMR_PDX	POU1F1	13	7	0	0.0	FALSE	-1.04087612742795	FALSE
SENS_anchor_promoter_tcga_cpm0.5_both	PDX	PDMR_PDX	PPARGC1A	13	7	0	0.0	FALSE	-1.84830738868435	FALSE
SENS_anchor_promoter_tcga_cpm0.5_both	PDX	PDMR_PDX	PRDM16	13	7	1	0.07692307692307693	FALSE	-0.73703328508404	FALSE
SENS_anchor_promoter_tcga_cpm0.5_both	PDX	PDMR_PDX	PRDM8	13	7	6	0.46153846153846156	FALSE	-0.046756028354387	FALSE
SENS_anchor_promoter_tcga_cpm0.5_both	PDX	PDMR_PDX	RARA	13	7	8	0.6153846153846154	TRUE	2.70976623856701	TRUE
SENS_anchor_promoter_tcga_cpm0.5_both	PDX	PDMR_PDX	RORB	13	7	2	0.15384615384615385	FALSE	-1.57729408452424	FALSE
SENS_anchor_promoter_tcga_cpm0.5_both	PDX	PDMR_PDX	RORC	13	7	5	0.38461538461538464	FALSE	1.69161799095405	TRUE
SENS_anchor_promoter_tcga_cpm0.5_both	PDX	PDMR_PDX	SAMD11	13	7	0	0.0	FALSE	-1.16410787369271	FALSE
SENS_anchor_promoter_tcga_cpm0.5_both	PDX	PDMR_PDX	SMAD6	13	7	4	0.3076923076923077	FALSE	-0.311893062301658	FALSE
SENS_anchor_promoter_tcga_cpm0.5_both	PDX	PDMR_PDX	SMAD7	13	7	3	0.23076923076923078	FALSE	0.263891709168629	TRUE
SENS_anchor_promoter_tcga_cpm0.5_both	PDX	PDMR_PDX	SP110	13	7	4	0.3076923076923077	FALSE	1.10679880268414	TRUE
SENS_anchor_promoter_tcga_cpm0.5_both	PDX	PDMR_PDX	SP5	13	7	4	0.3076923076923077	FALSE	0.318062063882912	TRUE
SENS_anchor_promoter_tcga_cpm0.5_both	PDX	PDMR_PDX	SPDEF	13	7	0	0.0	FALSE	1.38817183726269	TRUE
SENS_anchor_promoter_tcga_cpm0.5_both	PDX	PDMR_PDX	TBX15	13	7	1	0.07692307692307693	FALSE	-0.0157008260665552	FALSE
SENS_anchor_promoter_tcga_cpm0.5_both	PDX	PDMR_PDX	TBX4	13	7	1	0.07692307692307693	FALSE	-0.827837422892531	FALSE
SENS_anchor_promoter_tcga_cpm0.5_both	PDX	PDMR_PDX	TBXT	13	7	0	0.0	FALSE	-1.66725127059851	FALSE
SENS_anchor_promoter_tcga_cpm0.5_both	PDX	PDMR_PDX	TCF21	13	7	0	0.0	FALSE	-2.98813391568845	FALSE
SENS_anchor_promoter_tcga_cpm0.5_both	PDX	PDMR_PDX	TFCP2L1	13	7	4	0.3076923076923077	FALSE	-0.131889795880597	FALSE
SENS_anchor_promoter_tcga_cpm0.5_both	PDX	PDMR_PDX	TOX3	13	7	2	0.15384615384615385	FALSE	-0.633624621992184	FALSE
SENS_anchor_promoter_tcga_cpm0.5_both	PDX	PDMR_PDX	TP53INP1	13	7	7	0.5384615384615384	TRUE	-4.602041102174	FALSE
SENS_anchor_promoter_tcga_cpm0.5_both	PDX	PDMR_PDX	VDR	13	7	5	0.38461538461538464	FALSE	1.79440454325817	TRUE
SENS_anchor_promoter_tcga_cpm0.5_both	PDX	PDMR_PDX	VENTX	13	7	0	0.0	FALSE	-2.09031136034354	FALSE
SENS_anchor_promoter_tcga_cpm0.5_both	PDX	PDMR_PDX	VSX1	13	7	0	0.0	FALSE	0.095142399350142	TRUE
SENS_anchor_promoter_tcga_cpm0.5_both	PDX	PDMR_PDX	WTIP	13	7	1	0.07692307692307693	FALSE	0.168871817548402	TRUE
SENS_anchor_promoter_tcga_cpm0.5_both	PDX	PDMR_PDX	WWC1	13	7	3	0.23076923076923078	FALSE	2.80707140108985	TRUE
SENS_anchor_promoter_tcga_cpm0.5_both	PDX	PDMR_PDX	WWC2	13	7	8	0.6153846153846154	TRUE	1.99590260615829	TRUE
SENS_anchor_promoter_tcga_cpm0.5_both	PDX	PDMR_PDX	XBP1	13	7	10	0.7692307692307693	TRUE	-0.213656309228	FALSE
SENS_anchor_promoter_tcga_cpm0.5_both	PDX	PDMR_PDX	ZBTB10	13	7	4	0.3076923076923077	FALSE	1.13899824477404	TRUE
SENS_anchor_promoter_tcga_cpm0.5_both	PDX	PDMR_PDX	ZBTB16	13	7	1	0.07692307692307693	FALSE	-1.08776486088194	FALSE
SENS_anchor_promoter_tcga_cpm0.5_both	PDX	PDMR_PDX	ZBTB18	13	7	10	0.7692307692307693	TRUE	0.546057468912367	TRUE
SENS_anchor_promoter_tcga_cpm0.5_both	PDX	PDMR_PDX	ZBTB42	13	7	6	0.46153846153846156	FALSE	1.767012472124	TRUE
SENS_anchor_promoter_tcga_cpm0.5_both	PDX	PDMR_PDX	ZBTB46	13	7	2	0.15384615384615385	FALSE	-0.213280754634958	FALSE
SENS_anchor_promoter_tcga_cpm0.5_both	PDX	PDMR_PDX	ZFHX2	13	7	2	0.15384615384615385	FALSE	-0.986975205127823	FALSE
SENS_anchor_promoter_tcga_cpm0.5_both	PDX	PDMR_PDX	ZFP2	13	7	5	0.38461538461538464	FALSE	0.0444705896847725	TRUE
SENS_anchor_promoter_tcga_cpm0.5_both	PDX	PDMR_PDX	ZFP57	13	7	0	0.0	FALSE	-0.509321794471331	FALSE
SENS_anchor_promoter_tcga_cpm0.5_both	PDX	PDMR_PDX	ZMYND15	13	7	2	0.15384615384615385	FALSE	-0.107759334755505	FALSE
SENS_anchor_promoter_tcga_cpm0.5_both	PDX	PDMR_PDX	ZNF117	13	7	8	0.6153846153846154	TRUE	0.863372847433591	TRUE
SENS_anchor_promoter_tcga_cpm0.5_both	PDX	PDMR_PDX	ZNF141	13	7	10	0.7692307692307693	TRUE	1.08909578848341	TRUE
SENS_anchor_promoter_tcga_cpm0.5_both	PDX	PDMR_PDX	ZNF19	13	7	7	0.5384615384615384	TRUE	0.590844433404935	TRUE
SENS_anchor_promoter_tcga_cpm0.5_both	PDX	PDMR_PDX	ZNF214	13	7	2	0.15384615384615385	FALSE	-0.546817755364639	FALSE
SENS_anchor_promoter_tcga_cpm0.5_both	PDX	PDMR_PDX	ZNF239	13	7	4	0.3076923076923077	FALSE	1.01586054894146	TRUE
SENS_anchor_promoter_tcga_cpm0.5_both	PDX	PDMR_PDX	ZNF254	13	7	8	0.6153846153846154	TRUE	0.642404052056453	TRUE
SENS_anchor_promoter_tcga_cpm0.5_both	PDX	PDMR_PDX	ZNF281	13	7	9	0.6923076923076923	TRUE	2.3359619382885	TRUE
SENS_anchor_promoter_tcga_cpm0.5_both	PDX	PDMR_PDX	ZNF33A	13	7	10	0.7692307692307693	TRUE	-0.758809088255929	FALSE
SENS_anchor_promoter_tcga_cpm0.5_both	PDX	PDMR_PDX	ZNF33B	13	7	10	0.7692307692307693	TRUE	0.842689381423336	TRUE
SENS_anchor_promoter_tcga_cpm0.5_both	PDX	PDMR_PDX	ZNF341	13	7	9	0.6923076923076923	TRUE	1.29861993355598	TRUE
SENS_anchor_promoter_tcga_cpm0.5_both	PDX	PDMR_PDX	ZNF382	13	7	1	0.07692307692307693	FALSE	-0.974414323534309	FALSE
SENS_anchor_promoter_tcga_cpm0.5_both	PDX	PDMR_PDX	ZNF396	13	7	3	0.23076923076923078	FALSE	0.609597181308702	TRUE
SENS_anchor_promoter_tcga_cpm0.5_both	PDX	PDMR_PDX	ZNF429	13	7	4	0.3076923076923077	FALSE	0.482881165089677	TRUE
SENS_anchor_promoter_tcga_cpm0.5_both	PDX	PDMR_PDX	ZNF441	13	7	5	0.38461538461538464	FALSE	-0.0992661588926639	FALSE
SENS_anchor_promoter_tcga_cpm0.5_both	PDX	PDMR_PDX	ZNF444	13	7	10	0.7692307692307693	TRUE	0.822998651529021	TRUE
SENS_anchor_promoter_tcga_cpm0.5_both	PDX	PDMR_PDX	ZNF467	13	7	0	0.0	FALSE	-0.0521148339394705	FALSE
SENS_anchor_promoter_tcga_cpm0.5_both	PDX	PDMR_PDX	ZNF483	13	7	2	0.15384615384615385	FALSE	0.698722805490809	TRUE
SENS_anchor_promoter_tcga_cpm0.5_both	PDX	PDMR_PDX	ZNF486	13	7	4	0.3076923076923077	FALSE	0.290756871858934	TRUE
SENS_anchor_promoter_tcga_cpm0.5_both	PDX	PDMR_PDX	ZNF493	13	7	6	0.46153846153846156	FALSE	-0.57559146109055	FALSE
SENS_anchor_promoter_tcga_cpm0.5_both	PDX	PDMR_PDX	ZNF540	13	7	8	0.6153846153846154	TRUE	-3.35980761403697	FALSE
SENS_anchor_promoter_tcga_cpm0.5_both	PDX	PDMR_PDX	ZNF541	13	7	0	0.0	FALSE	-0.96763122200107	FALSE
SENS_anchor_promoter_tcga_cpm0.5_both	PDX	PDMR_PDX	ZNF597	13	7	3	0.23076923076923078	FALSE	0.438881418572381	TRUE
SENS_anchor_promoter_tcga_cpm0.5_both	PDX	PDMR_PDX	ZNF608	13	7	1	0.07692307692307693	FALSE	-0.214880569367235	FALSE
SENS_anchor_promoter_tcga_cpm0.5_both	PDX	PDMR_PDX	ZNF620	13	7	4	0.3076923076923077	FALSE	0.119782270291919	TRUE
SENS_anchor_promoter_tcga_cpm0.5_both	PDX	PDMR_PDX	ZNF662	13	7	0	0.0	FALSE	-1.81831015498804	FALSE
SENS_anchor_promoter_tcga_cpm0.5_both	PDX	PDMR_PDX	ZNF671	13	7	2	0.15384615384615385	FALSE	-0.296750883176756	FALSE
SENS_anchor_promoter_tcga_cpm0.5_both	PDX	PDMR_PDX	ZNF678	13	7	10	0.7692307692307693	TRUE	1.31467195361702	TRUE
SENS_anchor_promoter_tcga_cpm0.5_both	PDX	PDMR_PDX	ZNF681	13	7	7	0.5384615384615384	TRUE	0.724915875497317	TRUE
SENS_anchor_promoter_tcga_cpm0.5_both	PDX	PDMR_PDX	ZNF69	13	7	3	0.23076923076923078	FALSE	0.722558662520164	TRUE
SENS_anchor_promoter_tcga_cpm0.5_both	PDX	PDMR_PDX	ZNF710	13	7	3	0.23076923076923078	FALSE	1.5708608708065	TRUE
SENS_anchor_promoter_tcga_cpm0.5_both	PDX	PDMR_PDX	ZNF717	13	7	4	0.3076923076923077	FALSE	0.660366473546319	TRUE
SENS_anchor_promoter_tcga_cpm0.5_both	PDX	PDMR_PDX	ZNF737	13	7	6	0.46153846153846156	FALSE	-0.494135109437067	FALSE
SENS_anchor_promoter_tcga_cpm0.5_both	PDX	PDMR_PDX	ZNF75D	13	7	9	0.6923076923076923	TRUE	0.284103652222219	TRUE
SENS_anchor_promoter_tcga_cpm0.5_both	PDX	PDMR_PDX	ZNF763	13	7	4	0.3076923076923077	FALSE	0.254234885068348	TRUE
SENS_anchor_promoter_tcga_cpm0.5_both	PDX	PDMR_PDX	ZNF792	13	7	2	0.15384615384615385	FALSE	0.325583533932591	TRUE
SENS_anchor_promoter_tcga_cpm0.5_both	PDX	PDMR_PDX	ZNF835	13	7	1	0.07692307692307693	FALSE	-0.583765559462165	FALSE
SENS_anchor_promoter_tcga_cpm0.5_both	PDX	PDMR_PDX	ZNF852	13	7	4	0.3076923076923077	FALSE	0.674427665344126	TRUE
SENS_anchor_promoter_tcga_cpm0.5_both	PDX	PDMR_PDX	ZNF860	13	7	6	0.46153846153846156	FALSE	0.959745510269631	TRUE
SENS_anchor_promoter_tcga_cpm0.5_both	PDX	PDMR_PDX	ZSCAN16	13	7	3	0.23076923076923078	FALSE	0.636278427200608	TRUE
SENS_anchor_promoter_tcga_cpm0.5_both	cell_line	DepMap_22Q2	ABHD14B	19	10	10	0.5263157894736842	TRUE	3.67106869343883	TRUE
SENS_anchor_promoter_tcga_cpm0.5_both	cell_line	DepMap_22Q2	ABRA	19	10	0	0.0	FALSE	-3.17144454180489	FALSE
SENS_anchor_promoter_tcga_cpm0.5_both	cell_line	DepMap_22Q2	APBB1	19	10	4	0.21052631578947367	FALSE	-1.38752969710185	FALSE
SENS_anchor_promoter_tcga_cpm0.5_both	cell_line	DepMap_22Q2	ARX	19	10	0	0.0	FALSE	-1.09993849921181	FALSE
SENS_anchor_promoter_tcga_cpm0.5_both	cell_line	DepMap_22Q2	ASCL5	19	10	6	0.3157894736842105	FALSE	-0.621952689769882	FALSE
SENS_anchor_promoter_tcga_cpm0.5_both	cell_line	DepMap_22Q2	ATOH8	19	10	0	0.0	FALSE	-1.34457434741505	FALSE
SENS_anchor_promoter_tcga_cpm0.5_both	cell_line	DepMap_22Q2	BATF3	19	10	6	0.3157894736842105	FALSE	-1.25505235448278	FALSE
SENS_anchor_promoter_tcga_cpm0.5_both	cell_line	DepMap_22Q2	BCLAF3	19	10	16	0.8421052631578947	TRUE	0.519595435048773	TRUE
SENS_anchor_promoter_tcga_cpm0.5_both	cell_line	DepMap_22Q2	CIITA	19	10	1	0.05263157894736842	FALSE	-2.77871226172973	FALSE
SENS_anchor_promoter_tcga_cpm0.5_both	cell_line	DepMap_22Q2	CREB3L2	19	10	18	0.9473684210526315	TRUE	0.635878536261767	TRUE
SENS_anchor_promoter_tcga_cpm0.5_both	cell_line	DepMap_22Q2	CREBRF	19	10	19	1.0	TRUE	0.55854510339881	TRUE
SENS_anchor_promoter_tcga_cpm0.5_both	cell_line	DepMap_22Q2	CRY2	19	10	16	0.8421052631578947	TRUE	0.26981768407137	TRUE
SENS_anchor_promoter_tcga_cpm0.5_both	cell_line	DepMap_22Q2	CSRNP1	19	10	12	0.631578947368421	TRUE	1.0874058870595	TRUE
SENS_anchor_promoter_tcga_cpm0.5_both	cell_line	DepMap_22Q2	DMRTC2	19	10	0	0.0	FALSE	-1.38037367408153	FALSE
SENS_anchor_promoter_tcga_cpm0.5_both	cell_line	DepMap_22Q2	DRGX	19	10	0	0.0	FALSE	-1.45660274598459	FALSE
SENS_anchor_promoter_tcga_cpm0.5_both	cell_line	DepMap_22Q2	E2F5	19	10	12	0.631578947368421	TRUE	1.84467460588383	TRUE
SENS_anchor_promoter_tcga_cpm0.5_both	cell_line	DepMap_22Q2	ELF3	19	10	10	0.5263157894736842	TRUE	1.67305698860623	TRUE
SENS_anchor_promoter_tcga_cpm0.5_both	cell_line	DepMap_22Q2	ELF5	19	10	6	0.3157894736842105	FALSE	-3.12665525929759	FALSE
SENS_anchor_promoter_tcga_cpm0.5_both	cell_line	DepMap_22Q2	EPAS1	19	10	7	0.3684210526315789	FALSE	0.257813903945943	TRUE
SENS_anchor_promoter_tcga_cpm0.5_both	cell_line	DepMap_22Q2	ESR1	19	10	0	0.0	FALSE	-0.350606058756376	FALSE
SENS_anchor_promoter_tcga_cpm0.5_both	cell_line	DepMap_22Q2	ETV1	19	10	17	0.8947368421052632	TRUE	-0.581071175956934	FALSE
SENS_anchor_promoter_tcga_cpm0.5_both	cell_line	DepMap_22Q2	FOXA1	19	10	10	0.5263157894736842	TRUE	0.0546542218966666	TRUE
SENS_anchor_promoter_tcga_cpm0.5_both	cell_line	DepMap_22Q2	FOXA2	19	10	4	0.21052631578947367	FALSE	0.772890269490167	TRUE
SENS_anchor_promoter_tcga_cpm0.5_both	cell_line	DepMap_22Q2	FOXA3	19	10	13	0.6842105263157895	TRUE	-1.28378634564309	FALSE
SENS_anchor_promoter_tcga_cpm0.5_both	cell_line	DepMap_22Q2	FOXD2	19	10	11	0.5789473684210527	TRUE	0.491369277783987	TRUE
SENS_anchor_promoter_tcga_cpm0.5_both	cell_line	DepMap_22Q2	FOXP1	19	10	6	0.3157894736842105	FALSE	-0.128172778161279	FALSE
SENS_anchor_promoter_tcga_cpm0.5_both	cell_line	DepMap_22Q2	FOXP4	19	10	11	0.5789473684210527	TRUE	2.10672142157845	TRUE
SENS_anchor_promoter_tcga_cpm0.5_both	cell_line	DepMap_22Q2	GATA5	19	10	0	0.0	FALSE	-0.996618303260594	FALSE
SENS_anchor_promoter_tcga_cpm0.5_both	cell_line	DepMap_22Q2	GATA6	19	10	11	0.5789473684210527	TRUE	-1.74348306453651	FALSE
SENS_anchor_promoter_tcga_cpm0.5_both	cell_line	DepMap_22Q2	GCM1	19	10	0	0.0	FALSE	-2.95825682915399	FALSE
SENS_anchor_promoter_tcga_cpm0.5_both	cell_line	DepMap_22Q2	GLIS3	19	10	4	0.21052631578947367	FALSE	0.801627487895999	TRUE
SENS_anchor_promoter_tcga_cpm0.5_both	cell_line	DepMap_22Q2	HNF1A	19	10	0	0.0	FALSE	-2.02878131948787	FALSE
SENS_anchor_promoter_tcga_cpm0.5_both	cell_line	DepMap_22Q2	HNF1B	19	10	0	0.0	FALSE	-0.35719705216558	FALSE
SENS_anchor_promoter_tcga_cpm0.5_both	cell_line	DepMap_22Q2	HNF4G	19	10	9	0.47368421052631576	FALSE	0.4370301516164	TRUE
SENS_anchor_promoter_tcga_cpm0.5_both	cell_line	DepMap_22Q2	HOPX	19	10	2	0.10526315789473684	FALSE	0.690541716132616	TRUE
SENS_anchor_promoter_tcga_cpm0.5_both	cell_line	DepMap_22Q2	HOXD1	19	10	4	0.21052631578947367	FALSE	0.262711821578026	TRUE
SENS_anchor_promoter_tcga_cpm0.5_both	cell_line	DepMap_22Q2	IKZF4	19	10	5	0.2631578947368421	FALSE	0.770157960452382	TRUE
SENS_anchor_promoter_tcga_cpm0.5_both	cell_line	DepMap_22Q2	IL4	19	10	2	0.10526315789473684	FALSE	-1.75173617743472	FALSE
SENS_anchor_promoter_tcga_cpm0.5_both	cell_line	DepMap_22Q2	INSM2	19	10	16	0.8421052631578947	TRUE	-1.68337183080497	FALSE
SENS_anchor_promoter_tcga_cpm0.5_both	cell_line	DepMap_22Q2	IRF7	19	10	0	0.0	FALSE	2.42809889884718	TRUE
SENS_anchor_promoter_tcga_cpm0.5_both	cell_line	DepMap_22Q2	IRX3	19	10	11	0.5789473684210527	TRUE	-0.329390320562868	FALSE
SENS_anchor_promoter_tcga_cpm0.5_both	cell_line	DepMap_22Q2	JADE1	19	10	16	0.8421052631578947	TRUE	-0.431788932926503	FALSE
SENS_anchor_promoter_tcga_cpm0.5_both	cell_line	DepMap_22Q2	KANK2	19	10	3	0.15789473684210525	FALSE	0.597345897821461	TRUE
SENS_anchor_promoter_tcga_cpm0.5_both	cell_line	DepMap_22Q2	KAT2B	19	10	3	0.15789473684210525	FALSE	-1.43866593955059	FALSE
SENS_anchor_promoter_tcga_cpm0.5_both	cell_line	DepMap_22Q2	KLF2	19	10	7	0.3684210526315789	FALSE	-0.561858578655021	FALSE
SENS_anchor_promoter_tcga_cpm0.5_both	cell_line	DepMap_22Q2	KLF9	19	10	12	0.631578947368421	TRUE	1.100566078923	TRUE
SENS_anchor_promoter_tcga_cpm0.5_both	cell_line	DepMap_22Q2	LHX9	19	10	6	0.3157894736842105	FALSE	-2.25751563159904	FALSE
SENS_anchor_promoter_tcga_cpm0.5_both	cell_line	DepMap_22Q2	LIMD1	19	10	7	0.3684210526315789	FALSE	0.705358539695324	TRUE
SENS_anchor_promoter_tcga_cpm0.5_both	cell_line	DepMap_22Q2	LMO3	19	10	0	0.0	FALSE	-1.18358592989121	FALSE
SENS_anchor_promoter_tcga_cpm0.5_both	cell_line	DepMap_22Q2	LPIN2	19	10	9	0.47368421052631576	FALSE	0.643680497980781	TRUE
SENS_anchor_promoter_tcga_cpm0.5_both	cell_line	DepMap_22Q2	LYL1	19	10	1	0.05263157894736842	FALSE	-0.448883737171652	FALSE
SENS_anchor_promoter_tcga_cpm0.5_both	cell_line	DepMap_22Q2	MAGEC3	19	10	1	0.05263157894736842	FALSE	-2.11364848809192	FALSE
SENS_anchor_promoter_tcga_cpm0.5_both	cell_line	DepMap_22Q2	MAGED2	19	10	11	0.5789473684210527	TRUE	3.30062502363593	TRUE
SENS_anchor_promoter_tcga_cpm0.5_both	cell_line	DepMap_22Q2	MAGEE2	19	10	0	0.0	FALSE	-2.21226341344936	FALSE
SENS_anchor_promoter_tcga_cpm0.5_both	cell_line	DepMap_22Q2	MDFIC	19	10	6	0.3157894736842105	FALSE	2.2395473800079	TRUE
SENS_anchor_promoter_tcga_cpm0.5_both	cell_line	DepMap_22Q2	MEF2C	19	10	8	0.42105263157894735	FALSE	-2.23637358138697	FALSE
SENS_anchor_promoter_tcga_cpm0.5_both	cell_line	DepMap_22Q2	MEF2D	19	10	9	0.47368421052631576	FALSE	2.04437920363765	TRUE
SENS_anchor_promoter_tcga_cpm0.5_both	cell_line	DepMap_22Q2	MEIS3P1	19	10	0	0.0	FALSE	1.5206460672112	TRUE
SENS_anchor_promoter_tcga_cpm0.5_both	cell_line	DepMap_22Q2	MEIS3P2	19	10	0	0.0	FALSE	-1.16703929048586	FALSE
SENS_anchor_promoter_tcga_cpm0.5_both	cell_line	DepMap_22Q2	MESP1	19	10	10	0.5263157894736842	TRUE	2.38304130797947	TRUE
SENS_anchor_promoter_tcga_cpm0.5_both	cell_line	DepMap_22Q2	MITF	19	10	16	0.8421052631578947	TRUE	0.882400746787378	TRUE
SENS_anchor_promoter_tcga_cpm0.5_both	cell_line	DepMap_22Q2	MLLT3	19	10	10	0.5263157894736842	TRUE	0.972893593984811	TRUE
SENS_anchor_promoter_tcga_cpm0.5_both	cell_line	DepMap_22Q2	MLLT6	19	10	0	0.0	FALSE	1.36491333657041	TRUE
SENS_anchor_promoter_tcga_cpm0.5_both	cell_line	DepMap_22Q2	MSANTD1	19	10	0	0.0	FALSE	0.390826288457109	TRUE
SENS_anchor_promoter_tcga_cpm0.5_both	cell_line	DepMap_22Q2	MXD4	19	10	18	0.9473684210526315	TRUE	1.07575753297262	TRUE
SENS_anchor_promoter_tcga_cpm0.5_both	cell_line	DepMap_22Q2	MYRF	19	10	1	0.05263157894736842	FALSE	-0.38331232039485	FALSE
SENS_anchor_promoter_tcga_cpm0.5_both	cell_line	DepMap_22Q2	MYRFL	19	10	2	0.10526315789473684	FALSE	-1.20851210529557	FALSE
SENS_anchor_promoter_tcga_cpm0.5_both	cell_line	DepMap_22Q2	NANOGP1	19	10	1	0.05263157894736842	FALSE	-0.907860193410112	FALSE
SENS_anchor_promoter_tcga_cpm0.5_both	cell_line	DepMap_22Q2	NCOA7	19	10	15	0.7894736842105263	TRUE	0.309978622677632	TRUE
SENS_anchor_promoter_tcga_cpm0.5_both	cell_line	DepMap_22Q2	NEUROG3	19	10	0	0.0	FALSE	-1.7603702284908	FALSE
SENS_anchor_promoter_tcga_cpm0.5_both	cell_line	DepMap_22Q2	NFATC2	19	10	2	0.10526315789473684	FALSE	-0.675900855356539	FALSE
SENS_anchor_promoter_tcga_cpm0.5_both	cell_line	DepMap_22Q2	NFATC4	19	10	15	0.7894736842105263	TRUE	0.701897721320685	TRUE
SENS_anchor_promoter_tcga_cpm0.5_both	cell_line	DepMap_22Q2	NFE2	19	10	7	0.3684210526315789	FALSE	-0.239170293539346	FALSE
SENS_anchor_promoter_tcga_cpm0.5_both	cell_line	DepMap_22Q2	NKX2-1	19	10	5	0.2631578947368421	FALSE	-1.23710357432156	FALSE
SENS_anchor_promoter_tcga_cpm0.5_both	cell_line	DepMap_22Q2	NOTO	19	10	0	0.0	FALSE	-2.52205312085404	FALSE
SENS_anchor_promoter_tcga_cpm0.5_both	cell_line	DepMap_22Q2	NR0B2	19	10	1	0.05263157894736842	FALSE	-3.24119483145576	FALSE
SENS_anchor_promoter_tcga_cpm0.5_both	cell_line	DepMap_22Q2	NR1H4	19	10	0	0.0	FALSE	-2.43405844962051	FALSE
SENS_anchor_promoter_tcga_cpm0.5_both	cell_line	DepMap_22Q2	NR2F1	19	10	5	0.2631578947368421	FALSE	-1.56982602118186	FALSE
SENS_anchor_promoter_tcga_cpm0.5_both	cell_line	DepMap_22Q2	NR2F6	19	10	1	0.05263157894736842	FALSE	3.17040731681519	TRUE
SENS_anchor_promoter_tcga_cpm0.5_both	cell_line	DepMap_22Q2	NR3C2	19	10	17	0.8947368421052632	TRUE	-0.916591594901468	FALSE
SENS_anchor_promoter_tcga_cpm0.5_both	cell_line	DepMap_22Q2	OLIG1	19	10	0	0.0	FALSE	-1.43004126473576	FALSE
SENS_anchor_promoter_tcga_cpm0.5_both	cell_line	DepMap_22Q2	ONECUT1	19	10	2	0.10526315789473684	FALSE	-0.0772457904720571	FALSE
SENS_anchor_promoter_tcga_cpm0.5_both	cell_line	DepMap_22Q2	PHC2	19	10	17	0.8947368421052632	TRUE	4.85150123893731	TRUE
SENS_anchor_promoter_tcga_cpm0.5_both	cell_line	DepMap_22Q2	POU1F1	19	10	0	0.0	FALSE	-1.35065498291823	FALSE
SENS_anchor_promoter_tcga_cpm0.5_both	cell_line	DepMap_22Q2	PPARGC1A	19	10	3	0.15789473684210525	FALSE	-2.48437851006787	FALSE
SENS_anchor_promoter_tcga_cpm0.5_both	cell_line	DepMap_22Q2	PRDM16	19	10	0	0.0	FALSE	-1.12133150777431	FALSE
SENS_anchor_promoter_tcga_cpm0.5_both	cell_line	DepMap_22Q2	PRDM8	19	10	7	0.3684210526315789	FALSE	-0.575196595286238	FALSE
SENS_anchor_promoter_tcga_cpm0.5_both	cell_line	DepMap_22Q2	RARA	19	10	5	0.2631578947368421	FALSE	3.10866369635539	TRUE
SENS_anchor_promoter_tcga_cpm0.5_both	cell_line	DepMap_22Q2	RORB	19	10	2	0.10526315789473684	FALSE	-2.86583104846524	FALSE
SENS_anchor_promoter_tcga_cpm0.5_both	cell_line	DepMap_22Q2	RORC	19	10	3	0.15789473684210525	FALSE	1.11471343182994	TRUE
SENS_anchor_promoter_tcga_cpm0.5_both	cell_line	DepMap_22Q2	SAMD11	19	10	0	0.0	FALSE	-1.50028695768961	FALSE
SENS_anchor_promoter_tcga_cpm0.5_both	cell_line	DepMap_22Q2	SMAD6	19	10	6	0.3157894736842105	FALSE	-0.540892292363866	FALSE
SENS_anchor_promoter_tcga_cpm0.5_both	cell_line	DepMap_22Q2	SMAD7	19	10	1	0.05263157894736842	FALSE	-0.113344860040879	FALSE
SENS_anchor_promoter_tcga_cpm0.5_both	cell_line	DepMap_22Q2	SP110	19	10	10	0.5263157894736842	TRUE	0.0593620381206579	TRUE
SENS_anchor_promoter_tcga_cpm0.5_both	cell_line	DepMap_22Q2	SP5	19	10	2	0.10526315789473684	FALSE	0.0502701029850682	TRUE
SENS_anchor_promoter_tcga_cpm0.5_both	cell_line	DepMap_22Q2	SPDEF	19	10	0	0.0	FALSE	0.533052933772459	TRUE
SENS_anchor_promoter_tcga_cpm0.5_both	cell_line	DepMap_22Q2	TBX15	19	10	0	0.0	FALSE	-0.957657448475063	FALSE
SENS_anchor_promoter_tcga_cpm0.5_both	cell_line	DepMap_22Q2	TBX4	19	10	1	0.05263157894736842	FALSE	-1.35378715913303	FALSE
SENS_anchor_promoter_tcga_cpm0.5_both	cell_line	DepMap_22Q2	TBXT	19	10	0	0.0	FALSE	-1.3958969706648	FALSE
SENS_anchor_promoter_tcga_cpm0.5_both	cell_line	DepMap_22Q2	TCF21	19	10	0	0.0	FALSE	-4.32286966990729	FALSE
SENS_anchor_promoter_tcga_cpm0.5_both	cell_line	DepMap_22Q2	TFCP2L1	19	10	3	0.15789473684210525	FALSE	-1.19508799270748	FALSE
SENS_anchor_promoter_tcga_cpm0.5_both	cell_line	DepMap_22Q2	TOX3	19	10	0	0.0	FALSE	-2.37526633052805	FALSE
SENS_anchor_promoter_tcga_cpm0.5_both	cell_line	DepMap_22Q2	TP53INP1	19	10	14	0.7368421052631579	TRUE	-4.46292295324534	FALSE
SENS_anchor_promoter_tcga_cpm0.5_both	cell_line	DepMap_22Q2	VDR	19	10	7	0.3684210526315789	FALSE	1.35150438376577	TRUE
SENS_anchor_promoter_tcga_cpm0.5_both	cell_line	DepMap_22Q2	VENTX	19	10	0	0.0	FALSE	-2.1101352261386	FALSE
SENS_anchor_promoter_tcga_cpm0.5_both	cell_line	DepMap_22Q2	VSX1	19	10	0	0.0	FALSE	-0.261687611928183	FALSE
SENS_anchor_promoter_tcga_cpm0.5_both	cell_line	DepMap_22Q2	WTIP	19	10	0	0.0	FALSE	0.262820543880877	TRUE
SENS_anchor_promoter_tcga_cpm0.5_both	cell_line	DepMap_22Q2	WWC1	19	10	16	0.8421052631578947	TRUE	2.32114119631038	TRUE
SENS_anchor_promoter_tcga_cpm0.5_both	cell_line	DepMap_22Q2	WWC2	19	10	14	0.7368421052631579	TRUE	1.33430110739544	TRUE
SENS_anchor_promoter_tcga_cpm0.5_both	cell_line	DepMap_22Q2	XBP1	19	10	11	0.5789473684210527	TRUE	-1.20496321668969	FALSE
SENS_anchor_promoter_tcga_cpm0.5_both	cell_line	DepMap_22Q2	ZBTB10	19	10	8	0.42105263157894735	FALSE	1.03861439538647	TRUE
SENS_anchor_promoter_tcga_cpm0.5_both	cell_line	DepMap_22Q2	ZBTB16	19	10	1	0.05263157894736842	FALSE	-1.54149554920658	FALSE
SENS_anchor_promoter_tcga_cpm0.5_both	cell_line	DepMap_22Q2	ZBTB18	19	10	19	1.0	TRUE	-0.560873011016648	FALSE
SENS_anchor_promoter_tcga_cpm0.5_both	cell_line	DepMap_22Q2	ZBTB42	19	10	2	0.10526315789473684	FALSE	1.62133455897376	TRUE
SENS_anchor_promoter_tcga_cpm0.5_both	cell_line	DepMap_22Q2	ZBTB46	19	10	0	0.0	FALSE	-0.409706235008041	FALSE
SENS_anchor_promoter_tcga_cpm0.5_both	cell_line	DepMap_22Q2	ZFHX2	19	10	2	0.10526315789473684	FALSE	-1.69950891742694	FALSE
SENS_anchor_promoter_tcga_cpm0.5_both	cell_line	DepMap_22Q2	ZFP2	19	10	9	0.47368421052631576	FALSE	-0.623669110452485	FALSE
SENS_anchor_promoter_tcga_cpm0.5_both	cell_line	DepMap_22Q2	ZFP57	19	10	0	0.0	FALSE	-0.722073549606284	FALSE
SENS_anchor_promoter_tcga_cpm0.5_both	cell_line	DepMap_22Q2	ZMYND15	19	10	1	0.05263157894736842	FALSE	-0.390884769792244	FALSE
SENS_anchor_promoter_tcga_cpm0.5_both	cell_line	DepMap_22Q2	ZNF117	19	10	17	0.8947368421052632	TRUE	0.429404984322279	TRUE
SENS_anchor_promoter_tcga_cpm0.5_both	cell_line	DepMap_22Q2	ZNF141	19	10	13	0.6842105263157895	TRUE	0.428460074229542	TRUE
SENS_anchor_promoter_tcga_cpm0.5_both	cell_line	DepMap_22Q2	ZNF19	19	10	13	0.6842105263157895	TRUE	-0.20900756373465	FALSE
SENS_anchor_promoter_tcga_cpm0.5_both	cell_line	DepMap_22Q2	ZNF214	19	10	8	0.42105263157894735	FALSE	-1.72846306491518	FALSE
SENS_anchor_promoter_tcga_cpm0.5_both	cell_line	DepMap_22Q2	ZNF239	19	10	12	0.631578947368421	TRUE	1.08889142797665	TRUE
SENS_anchor_promoter_tcga_cpm0.5_both	cell_line	DepMap_22Q2	ZNF254	19	10	15	0.7894736842105263	TRUE	0.221966312242056	TRUE
SENS_anchor_promoter_tcga_cpm0.5_both	cell_line	DepMap_22Q2	ZNF281	19	10	10	0.5263157894736842	TRUE	1.62373105429904	TRUE
SENS_anchor_promoter_tcga_cpm0.5_both	cell_line	DepMap_22Q2	ZNF33A	19	10	17	0.8947368421052632	TRUE	0.0248920508587967	TRUE
SENS_anchor_promoter_tcga_cpm0.5_both	cell_line	DepMap_22Q2	ZNF33B	19	10	18	0.9473684210526315	TRUE	1.2911014542342	TRUE
SENS_anchor_promoter_tcga_cpm0.5_both	cell_line	DepMap_22Q2	ZNF341	19	10	13	0.6842105263157895	TRUE	1.41134177088559	TRUE
SENS_anchor_promoter_tcga_cpm0.5_both	cell_line	DepMap_22Q2	ZNF382	19	10	2	0.10526315789473684	FALSE	-1.43835221474165	FALSE
SENS_anchor_promoter_tcga_cpm0.5_both	cell_line	DepMap_22Q2	ZNF396	19	10	6	0.3157894736842105	FALSE	-0.522387553492389	FALSE
SENS_anchor_promoter_tcga_cpm0.5_both	cell_line	DepMap_22Q2	ZNF429	19	10	10	0.5263157894736842	TRUE	0.841319349896268	TRUE
SENS_anchor_promoter_tcga_cpm0.5_both	cell_line	DepMap_22Q2	ZNF441	19	10	9	0.47368421052631576	FALSE	-0.0623034759545546	FALSE
SENS_anchor_promoter_tcga_cpm0.5_both	cell_line	DepMap_22Q2	ZNF444	19	10	18	0.9473684210526315	TRUE	1.29541118578761	TRUE
SENS_anchor_promoter_tcga_cpm0.5_both	cell_line	DepMap_22Q2	ZNF467	19	10	0	0.0	FALSE	0.627789978111287	TRUE
SENS_anchor_promoter_tcga_cpm0.5_both	cell_line	DepMap_22Q2	ZNF483	19	10	7	0.3684210526315789	FALSE	0.130993705257276	TRUE
SENS_anchor_promoter_tcga_cpm0.5_both	cell_line	DepMap_22Q2	ZNF486	19	10	5	0.2631578947368421	FALSE	0.195217943124201	TRUE
SENS_anchor_promoter_tcga_cpm0.5_both	cell_line	DepMap_22Q2	ZNF493	19	10	9	0.47368421052631576	FALSE	-0.838808607300301	FALSE
SENS_anchor_promoter_tcga_cpm0.5_both	cell_line	DepMap_22Q2	ZNF540	19	10	12	0.631578947368421	TRUE	-3.18667413215119	FALSE
SENS_anchor_promoter_tcga_cpm0.5_both	cell_line	DepMap_22Q2	ZNF541	19	10	1	0.05263157894736842	FALSE	-1.73328745710034	FALSE
SENS_anchor_promoter_tcga_cpm0.5_both	cell_line	DepMap_22Q2	ZNF597	19	10	7	0.3684210526315789	FALSE	0.366795037035642	TRUE
SENS_anchor_promoter_tcga_cpm0.5_both	cell_line	DepMap_22Q2	ZNF608	19	10	6	0.3157894736842105	FALSE	-0.776556299678321	FALSE
SENS_anchor_promoter_tcga_cpm0.5_both	cell_line	DepMap_22Q2	ZNF620	19	10	9	0.47368421052631576	FALSE	-0.124496650736502	FALSE
SENS_anchor_promoter_tcga_cpm0.5_both	cell_line	DepMap_22Q2	ZNF662	19	10	0	0.0	FALSE	-2.1020557797002	FALSE
SENS_anchor_promoter_tcga_cpm0.5_both	cell_line	DepMap_22Q2	ZNF671	19	10	6	0.3157894736842105	FALSE	-0.440927860869992	FALSE
SENS_anchor_promoter_tcga_cpm0.5_both	cell_line	DepMap_22Q2	ZNF678	19	10	14	0.7368421052631579	TRUE	0.751588480175706	TRUE
SENS_anchor_promoter_tcga_cpm0.5_both	cell_line	DepMap_22Q2	ZNF681	19	10	8	0.42105263157894735	FALSE	0.693055692619942	TRUE
SENS_anchor_promoter_tcga_cpm0.5_both	cell_line	DepMap_22Q2	ZNF69	19	10	4	0.21052631578947367	FALSE	0.576722915672796	TRUE
SENS_anchor_promoter_tcga_cpm0.5_both	cell_line	DepMap_22Q2	ZNF710	19	10	0	0.0	FALSE	1.7274148367625	TRUE
SENS_anchor_promoter_tcga_cpm0.5_both	cell_line	DepMap_22Q2	ZNF717	19	10	5	0.2631578947368421	FALSE	0.20168200313353	TRUE
SENS_anchor_promoter_tcga_cpm0.5_both	cell_line	DepMap_22Q2	ZNF737	19	10	6	0.3157894736842105	FALSE		FALSE
SENS_anchor_promoter_tcga_cpm0.5_both	cell_line	DepMap_22Q2	ZNF75D	19	10	14	0.7368421052631579	TRUE	-0.0153124871287335	FALSE
SENS_anchor_promoter_tcga_cpm0.5_both	cell_line	DepMap_22Q2	ZNF763	19	10	4	0.21052631578947367	FALSE	-0.365238860838627	FALSE
SENS_anchor_promoter_tcga_cpm0.5_both	cell_line	DepMap_22Q2	ZNF792	19	10	1	0.05263157894736842	FALSE	-0.177636464606226	FALSE
SENS_anchor_promoter_tcga_cpm0.5_both	cell_line	DepMap_22Q2	ZNF835	19	10	3	0.15789473684210525	FALSE	-0.776387353105142	FALSE
SENS_anchor_promoter_tcga_cpm0.5_both	cell_line	DepMap_22Q2	ZNF852	19	10	3	0.15789473684210525	FALSE	0.766299647143556	TRUE
SENS_anchor_promoter_tcga_cpm0.5_both	cell_line	DepMap_22Q2	ZNF860	19	10	10	0.5263157894736842	TRUE	0.700923713836305	TRUE
SENS_anchor_promoter_tcga_cpm0.5_both	cell_line	DepMap_22Q2	ZSCAN16	19	10	5	0.2631578947368421	FALSE	0.544182216601197	TRUE
SENS_anchor_promoter_tcga_cpm2_both	patient	TCGA	ABHD14B	22	11	22	1.0	TRUE	7.10698272703473	TRUE
SENS_anchor_promoter_tcga_cpm2_both	patient	TCGA	ABRA	22	11	0	0.0	FALSE	0.206699213130157	TRUE
SENS_anchor_promoter_tcga_cpm2_both	patient	TCGA	APBB1	22	11	22	1.0	TRUE	5.0153538926171	TRUE
SENS_anchor_promoter_tcga_cpm2_both	patient	TCGA	ARX	22	11	15	0.6818181818181818	TRUE	0.95303801457753	TRUE
SENS_anchor_promoter_tcga_cpm2_both	patient	TCGA	ASCL5	22	11	21	0.9545454545454546	TRUE	3.07181774747895	TRUE
SENS_anchor_promoter_tcga_cpm2_both	patient	TCGA	ATOH8	22	11	21	0.9545454545454546	TRUE	2.53261058157945	TRUE
SENS_anchor_promoter_tcga_cpm2_both	patient	TCGA	BATF3	22	11	22	1.0	TRUE	3.94560987563308	TRUE
SENS_anchor_promoter_tcga_cpm2_both	patient	TCGA	BCLAF3	22	11	22	1.0	TRUE	3.68348095820866	TRUE
SENS_anchor_promoter_tcga_cpm2_both	patient	TCGA	CIITA	22	11	21	0.9545454545454546	TRUE	5.42767678164645	TRUE
SENS_anchor_promoter_tcga_cpm2_both	patient	TCGA	CREB3L2	22	11	22	1.0	TRUE	4.45765773984776	TRUE
SENS_anchor_promoter_tcga_cpm2_both	patient	TCGA	CREBRF	22	11	22	1.0	TRUE	5.416577110246	TRUE
SENS_anchor_promoter_tcga_cpm2_both	patient	TCGA	CRY2	22	11	22	1.0	TRUE	5.38384025110411	TRUE
SENS_anchor_promoter_tcga_cpm2_both	patient	TCGA	CSRNP1	22	11	22	1.0	TRUE	6.11739335691758	TRUE
SENS_anchor_promoter_tcga_cpm2_both	patient	TCGA	DMRTC2	22	11	1	0.045454545454545456	FALSE	0.520576545946646	TRUE
SENS_anchor_promoter_tcga_cpm2_both	patient	TCGA	DRGX	22	11	20	0.9090909090909091	TRUE	3.90867861386881	TRUE
SENS_anchor_promoter_tcga_cpm2_both	patient	TCGA	E2F5	22	11	22	1.0	TRUE	2.91040354712077	TRUE
SENS_anchor_promoter_tcga_cpm2_both	patient	TCGA	ELF3	22	11	22	1.0	TRUE	4.00945264575307	TRUE
SENS_anchor_promoter_tcga_cpm2_both	patient	TCGA	ELF5	22	11	20	0.9090909090909091	TRUE	2.56962158847614	TRUE
SENS_anchor_promoter_tcga_cpm2_both	patient	TCGA	EPAS1	22	11	22	1.0	TRUE	5.22667080485923	TRUE
SENS_anchor_promoter_tcga_cpm2_both	patient	TCGA	ESR1	22	11	18	0.8181818181818182	TRUE	0.530483568592893	TRUE
SENS_anchor_promoter_tcga_cpm2_both	patient	TCGA	ETV1	22	11	22	1.0	TRUE	1.99272053365005	TRUE
SENS_anchor_promoter_tcga_cpm2_both	patient	TCGA	FOXA1	22	11	22	1.0	TRUE	0.937325721431246	TRUE
SENS_anchor_promoter_tcga_cpm2_both	patient	TCGA	FOXA2	22	11	22	1.0	TRUE	0.575309830146304	TRUE
SENS_anchor_promoter_tcga_cpm2_both	patient	TCGA	FOXA3	22	11	22	1.0	TRUE	1.31925548460377	TRUE
SENS_anchor_promoter_tcga_cpm2_both	patient	TCGA	FOXD2	22	11	22	1.0	TRUE	3.80933362119302	TRUE
SENS_anchor_promoter_tcga_cpm2_both	patient	TCGA	FOXP1	22	11	22	1.0	TRUE	2.54973236279028	TRUE
SENS_anchor_promoter_tcga_cpm2_both	patient	TCGA	FOXP4	22	11	22	1.0	TRUE	4.98516499160216	TRUE
SENS_anchor_promoter_tcga_cpm2_both	patient	TCGA	GATA5	22	11	0	0.0	FALSE	0.752933072354766	TRUE
SENS_anchor_promoter_tcga_cpm2_both	patient	TCGA	GATA6	22	11	22	1.0	TRUE	0.833904903216028	TRUE
SENS_anchor_promoter_tcga_cpm2_both	patient	TCGA	GCM1	22	11	0	0.0	FALSE	0.186097921178939	TRUE
SENS_anchor_promoter_tcga_cpm2_both	patient	TCGA	GLIS3	22	11	22	1.0	TRUE	2.05440998226087	TRUE
SENS_anchor_promoter_tcga_cpm2_both	patient	TCGA	HNF1A	22	11	13	0.5909090909090909	TRUE	0.709980926982564	TRUE
SENS_anchor_promoter_tcga_cpm2_both	patient	TCGA	HNF1B	22	11	22	1.0	TRUE	6.67481166513423	TRUE
SENS_anchor_promoter_tcga_cpm2_both	patient	TCGA	HNF4G	22	11	22	1.0	TRUE	2.71229115490242	TRUE
SENS_anchor_promoter_tcga_cpm2_both	patient	TCGA	HOPX	22	11	22	1.0	TRUE	3.39761612610054	TRUE
SENS_anchor_promoter_tcga_cpm2_both	patient	TCGA	HOXD1	22	11	22	1.0	TRUE	1.96770718380507	TRUE
SENS_anchor_promoter_tcga_cpm2_both	patient	TCGA	IKZF4	22	11	22	1.0	TRUE	4.86310338509703	TRUE
SENS_anchor_promoter_tcga_cpm2_both	patient	TCGA	IL4	22	11	20	0.9090909090909091	TRUE	0.449644369127624	TRUE
SENS_anchor_promoter_tcga_cpm2_both	patient	TCGA	INSM2	22	11	22	1.0	TRUE	0.183607788583441	TRUE
SENS_anchor_promoter_tcga_cpm2_both	patient	TCGA	IRF7	22	11	22	1.0	TRUE	5.87120412758395	TRUE
SENS_anchor_promoter_tcga_cpm2_both	patient	TCGA	IRX3	22	11	22	1.0	TRUE	2.00546893432855	TRUE
SENS_anchor_promoter_tcga_cpm2_both	patient	TCGA	JADE1	22	11	22	1.0	TRUE	1.19689953909206	TRUE
SENS_anchor_promoter_tcga_cpm2_both	patient	TCGA	KANK2	22	11	22	1.0	TRUE	8.00255624599019	TRUE
SENS_anchor_promoter_tcga_cpm2_both	patient	TCGA	KAT2B	22	11	22	1.0	TRUE	4.56452160687931	TRUE
SENS_anchor_promoter_tcga_cpm2_both	patient	TCGA	KLF2	22	11	22	1.0	TRUE	2.9763096269425	TRUE
SENS_anchor_promoter_tcga_cpm2_both	patient	TCGA	KLF9	22	11	22	1.0	TRUE	1.59365052905298	TRUE
SENS_anchor_promoter_tcga_cpm2_both	patient	TCGA	LHX9	22	11	19	0.8636363636363636	TRUE	2.67224672451943	TRUE
SENS_anchor_promoter_tcga_cpm2_both	patient	TCGA	LIMD1	22	11	22	1.0	TRUE	6.70643310902033	TRUE
SENS_anchor_promoter_tcga_cpm2_both	patient	TCGA	LMO3	22	11	22	1.0	TRUE	2.94068533480765	TRUE
SENS_anchor_promoter_tcga_cpm2_both	patient	TCGA	LPIN2	22	11	22	1.0	TRUE	4.21882144522648	TRUE
SENS_anchor_promoter_tcga_cpm2_both	patient	TCGA	LYL1	22	11	22	1.0	TRUE	3.68836052007783	TRUE
SENS_anchor_promoter_tcga_cpm2_both	patient	TCGA	MAGEC3	22	11	3	0.13636363636363635	FALSE	-0.935706317722992	FALSE
SENS_anchor_promoter_tcga_cpm2_both	patient	TCGA	MAGED2	22	11	22	1.0	TRUE	8.35806459495649	TRUE
SENS_anchor_promoter_tcga_cpm2_both	patient	TCGA	MAGEE2	22	11	0	0.0	FALSE	1.23385392447935	TRUE
SENS_anchor_promoter_tcga_cpm2_both	patient	TCGA	MDFIC	22	11	22	1.0	TRUE	4.28200362750224	TRUE
SENS_anchor_promoter_tcga_cpm2_both	patient	TCGA	MEF2C	22	11	22	1.0	TRUE	5.26142500917214	TRUE
SENS_anchor_promoter_tcga_cpm2_both	patient	TCGA	MEF2D	22	11	22	1.0	TRUE	3.97643859157333	TRUE
SENS_anchor_promoter_tcga_cpm2_both	patient	TCGA	MEIS3P1	22	11	0	0.0	FALSE	1.58101258244775	TRUE
SENS_anchor_promoter_tcga_cpm2_both	patient	TCGA	MEIS3P2	22	11	0	0.0	FALSE	0.693978387902923	TRUE
SENS_anchor_promoter_tcga_cpm2_both	patient	TCGA	MESP1	22	11	22	1.0	TRUE	4.91558425445857	TRUE
SENS_anchor_promoter_tcga_cpm2_both	patient	TCGA	MITF	22	11	22	1.0	TRUE	1.97405581425123	TRUE
SENS_anchor_promoter_tcga_cpm2_both	patient	TCGA	MLLT3	22	11	22	1.0	TRUE	3.68556019946152	TRUE
SENS_anchor_promoter_tcga_cpm2_both	patient	TCGA	MLLT6	22	11	22	1.0	TRUE	4.96626195809783	TRUE
SENS_anchor_promoter_tcga_cpm2_both	patient	TCGA	MSANTD1	22	11	0	0.0	FALSE	4.16880126955788	TRUE
SENS_anchor_promoter_tcga_cpm2_both	patient	TCGA	MXD4	22	11	22	1.0	TRUE	4.44392740904078	TRUE
SENS_anchor_promoter_tcga_cpm2_both	patient	TCGA	MYRF	22	11	22	1.0	TRUE	3.03802092614382	TRUE
SENS_anchor_promoter_tcga_cpm2_both	patient	TCGA	MYRFL	22	11	18	0.8181818181818182	TRUE	1.66641930888815	TRUE
SENS_anchor_promoter_tcga_cpm2_both	patient	TCGA	NANOGP1	22	11	22	1.0	TRUE	-0.00247655693586349	FALSE
SENS_anchor_promoter_tcga_cpm2_both	patient	TCGA	NCOA7	22	11	22	1.0	TRUE	3.85216585680798	TRUE
SENS_anchor_promoter_tcga_cpm2_both	patient	TCGA	NEUROG3	22	11	0	0.0	FALSE	-0.126409706311773	FALSE
SENS_anchor_promoter_tcga_cpm2_both	patient	TCGA	NFATC2	22	11	22	1.0	TRUE	1.6668693447914	TRUE
SENS_anchor_promoter_tcga_cpm2_both	patient	TCGA	NFATC4	22	11	22	1.0	TRUE	3.63066285829657	TRUE
SENS_anchor_promoter_tcga_cpm2_both	patient	TCGA	NFE2	22	11	22	1.0	TRUE	1.90716046954161	TRUE
SENS_anchor_promoter_tcga_cpm2_both	patient	TCGA	NKX2-1	22	11	22	1.0	TRUE	3.59121002517	TRUE
SENS_anchor_promoter_tcga_cpm2_both	patient	TCGA	NOTO	22	11	17	0.7727272727272727	TRUE	-0.0453701153807665	FALSE
SENS_anchor_promoter_tcga_cpm2_both	patient	TCGA	NR0B2	22	11	22	1.0	TRUE	2.5338614265596	TRUE
SENS_anchor_promoter_tcga_cpm2_both	patient	TCGA	NR1H4	22	11	0	0.0	FALSE	0.45878574363879	TRUE
SENS_anchor_promoter_tcga_cpm2_both	patient	TCGA	NR2F1	22	11	22	1.0	TRUE	1.44984740066213	TRUE
SENS_anchor_promoter_tcga_cpm2_both	patient	TCGA	NR2F6	22	11	22	1.0	TRUE	6.34606086392718	TRUE
SENS_anchor_promoter_tcga_cpm2_both	patient	TCGA	NR3C2	22	11	22	1.0	TRUE	4.62937391164314	TRUE
SENS_anchor_promoter_tcga_cpm2_both	patient	TCGA	OLIG1	22	11	18	0.8181818181818182	TRUE	0.847419005674374	TRUE
SENS_anchor_promoter_tcga_cpm2_both	patient	TCGA	ONECUT1	22	11	21	0.9545454545454546	TRUE	1.06010006859526	TRUE
SENS_anchor_promoter_tcga_cpm2_both	patient	TCGA	PHC2	22	11	22	1.0	TRUE	8.73096313861103	TRUE
SENS_anchor_promoter_tcga_cpm2_both	patient	TCGA	POU1F1	22	11	0	0.0	FALSE	-0.396982890984428	FALSE
SENS_anchor_promoter_tcga_cpm2_both	patient	TCGA	PPARGC1A	22	11	21	0.9545454545454546	TRUE	1.17547889433161	TRUE
SENS_anchor_promoter_tcga_cpm2_both	patient	TCGA	PRDM16	22	11	20	0.9090909090909091	TRUE	1.17665399423207	TRUE
SENS_anchor_promoter_tcga_cpm2_both	patient	TCGA	PRDM8	22	11	22	1.0	TRUE	1.47696953403492	TRUE
SENS_anchor_promoter_tcga_cpm2_both	patient	TCGA	RARA	22	11	22	1.0	TRUE	7.39485252583488	TRUE
SENS_anchor_promoter_tcga_cpm2_both	patient	TCGA	RORB	22	11	16	0.7272727272727273	TRUE	1.41946980581635	TRUE
SENS_anchor_promoter_tcga_cpm2_both	patient	TCGA	RORC	22	11	22	1.0	TRUE	4.71638234602674	TRUE
SENS_anchor_promoter_tcga_cpm2_both	patient	TCGA	SAMD11	22	11	22	1.0	TRUE	1.43461515024081	TRUE
SENS_anchor_promoter_tcga_cpm2_both	patient	TCGA	SMAD6	22	11	22	1.0	TRUE	1.64804462499274	TRUE
SENS_anchor_promoter_tcga_cpm2_both	patient	TCGA	SMAD7	22	11	22	1.0	TRUE	2.04620328613556	TRUE
SENS_anchor_promoter_tcga_cpm2_both	patient	TCGA	SP110	22	11	22	1.0	TRUE	3.03325699113213	TRUE
SENS_anchor_promoter_tcga_cpm2_both	patient	TCGA	SP5	22	11	22	1.0	TRUE	0.691548364566159	TRUE
SENS_anchor_promoter_tcga_cpm2_both	patient	TCGA	SPDEF	22	11	22	1.0	TRUE	3.71084519007246	TRUE
SENS_anchor_promoter_tcga_cpm2_both	patient	TCGA	TBX15	22	11	0	0.0	FALSE	2.14049034348362	TRUE
SENS_anchor_promoter_tcga_cpm2_both	patient	TCGA	TBX4	22	11	15	0.6818181818181818	TRUE	0.685650734208334	TRUE
SENS_anchor_promoter_tcga_cpm2_both	patient	TCGA	TBXT	22	11	0	0.0	FALSE	-0.119673946775767	FALSE
SENS_anchor_promoter_tcga_cpm2_both	patient	TCGA	TCF21	22	11	0	0.0	FALSE	3.6112891718432	TRUE
SENS_anchor_promoter_tcga_cpm2_both	patient	TCGA	TFCP2L1	22	11	22	1.0	TRUE	3.04870949867569	TRUE
SENS_anchor_promoter_tcga_cpm2_both	patient	TCGA	TOX3	22	11	20	0.9090909090909091	TRUE	3.7088476828776	TRUE
SENS_anchor_promoter_tcga_cpm2_both	patient	TCGA	TP53INP1	22	11	22	1.0	TRUE	-0.607358689439888	FALSE
SENS_anchor_promoter_tcga_cpm2_both	patient	TCGA	VDR	22	11	22	1.0	TRUE	5.63839163621946	TRUE
SENS_anchor_promoter_tcga_cpm2_both	patient	TCGA	VENTX	22	11	0	0.0	FALSE	2.64319048671033	TRUE
SENS_anchor_promoter_tcga_cpm2_both	patient	TCGA	VSX1	22	11	11	0.5	TRUE	1.78223177590866	TRUE
SENS_anchor_promoter_tcga_cpm2_both	patient	TCGA	WTIP	22	11	19	0.8636363636363636	TRUE	3.22609279653159	TRUE
SENS_anchor_promoter_tcga_cpm2_both	patient	TCGA	WWC1	22	11	22	1.0	TRUE	5.94385560499317	TRUE
SENS_anchor_promoter_tcga_cpm2_both	patient	TCGA	WWC2	22	11	22	1.0	TRUE	3.69844054143666	TRUE
SENS_anchor_promoter_tcga_cpm2_both	patient	TCGA	XBP1	22	11	22	1.0	TRUE	1.38467043956622	TRUE
SENS_anchor_promoter_tcga_cpm2_both	patient	TCGA	ZBTB10	22	11	22	1.0	TRUE	1.76364879203115	TRUE
SENS_anchor_promoter_tcga_cpm2_both	patient	TCGA	ZBTB16	22	11	22	1.0	TRUE	2.19329373794059	TRUE
SENS_anchor_promoter_tcga_cpm2_both	patient	TCGA	ZBTB18	22	11	22	1.0	TRUE	2.7129559504431	TRUE
SENS_anchor_promoter_tcga_cpm2_both	patient	TCGA	ZBTB42	22	11	22	1.0	TRUE	5.04513990232523	TRUE
SENS_anchor_promoter_tcga_cpm2_both	patient	TCGA	ZBTB46	22	11	22	1.0	TRUE	3.36099785883395	TRUE
SENS_anchor_promoter_tcga_cpm2_both	patient	TCGA	ZFHX2	22	11	22	1.0	TRUE	1.46013403182178	TRUE
SENS_anchor_promoter_tcga_cpm2_both	patient	TCGA	ZFP2	22	11	22	1.0	TRUE	1.62800019344276	TRUE
SENS_anchor_promoter_tcga_cpm2_both	patient	TCGA	ZFP57	22	11	0	0.0	FALSE	0.944491156127686	TRUE
SENS_anchor_promoter_tcga_cpm2_both	patient	TCGA	ZMYND15	22	11	22	1.0	TRUE	4.53957897699354	TRUE
SENS_anchor_promoter_tcga_cpm2_both	patient	TCGA	ZNF117	22	11	22	1.0	TRUE	1.45397263073166	TRUE
SENS_anchor_promoter_tcga_cpm2_both	patient	TCGA	ZNF141	22	11	22	1.0	TRUE	1.93869288473252	TRUE
SENS_anchor_promoter_tcga_cpm2_both	patient	TCGA	ZNF19	22	11	22	1.0	TRUE	3.51263691428844	TRUE
SENS_anchor_promoter_tcga_cpm2_both	patient	TCGA	ZNF214	22	11	20	0.9090909090909091	TRUE	2.11113165828075	TRUE
SENS_anchor_promoter_tcga_cpm2_both	patient	TCGA	ZNF239	22	11	22	1.0	TRUE	0.753954177831367	TRUE
SENS_anchor_promoter_tcga_cpm2_both	patient	TCGA	ZNF254	22	11	22	1.0	TRUE	1.48441996619309	TRUE
SENS_anchor_promoter_tcga_cpm2_both	patient	TCGA	ZNF281	22	11	22	1.0	TRUE	3.15495766754712	TRUE
SENS_anchor_promoter_tcga_cpm2_both	patient	TCGA	ZNF33A	22	11	22	1.0	TRUE	1.03386505705428	TRUE
SENS_anchor_promoter_tcga_cpm2_both	patient	TCGA	ZNF33B	22	11	22	1.0	TRUE	1.3727921999881	TRUE
SENS_anchor_promoter_tcga_cpm2_both	patient	TCGA	ZNF341	22	11	22	1.0	TRUE	3.3306570610196	TRUE
SENS_anchor_promoter_tcga_cpm2_both	patient	TCGA	ZNF382	22	11	17	0.7727272727272727	TRUE	0.847219961420617	TRUE
SENS_anchor_promoter_tcga_cpm2_both	patient	TCGA	ZNF396	22	11	22	1.0	TRUE	3.11536646866569	TRUE
SENS_anchor_promoter_tcga_cpm2_both	patient	TCGA	ZNF429	22	11	21	0.9545454545454546	TRUE	1.05333986414706	TRUE
SENS_anchor_promoter_tcga_cpm2_both	patient	TCGA	ZNF441	22	11	22	1.0	TRUE	0.632913252771396	TRUE
SENS_anchor_promoter_tcga_cpm2_both	patient	TCGA	ZNF444	22	11	22	1.0	TRUE	3.24278335615053	TRUE
SENS_anchor_promoter_tcga_cpm2_both	patient	TCGA	ZNF467	22	11	22	1.0	TRUE	4.51810667305064	TRUE
SENS_anchor_promoter_tcga_cpm2_both	patient	TCGA	ZNF483	22	11	22	1.0	TRUE	1.97093820238513	TRUE
SENS_anchor_promoter_tcga_cpm2_both	patient	TCGA	ZNF486	22	11	20	0.9090909090909091	TRUE	0.348905588052191	TRUE
SENS_anchor_promoter_tcga_cpm2_both	patient	TCGA	ZNF493	22	11	22	1.0	TRUE	0.326999896418354	TRUE
SENS_anchor_promoter_tcga_cpm2_both	patient	TCGA	ZNF540	22	11	22	1.0	TRUE	1.45945279939804	TRUE
SENS_anchor_promoter_tcga_cpm2_both	patient	TCGA	ZNF541	22	11	11	0.5	TRUE	3.56071102166037	TRUE
SENS_anchor_promoter_tcga_cpm2_both	patient	TCGA	ZNF597	22	11	22	1.0	TRUE	1.15499234061918	TRUE
SENS_anchor_promoter_tcga_cpm2_both	patient	TCGA	ZNF608	22	11	22	1.0	TRUE	1.53786962642159	TRUE
SENS_anchor_promoter_tcga_cpm2_both	patient	TCGA	ZNF620	22	11	22	1.0	TRUE	3.15567860437697	TRUE
SENS_anchor_promoter_tcga_cpm2_both	patient	TCGA	ZNF662	22	11	16	0.7272727272727273	TRUE	1.2131288714133	TRUE
SENS_anchor_promoter_tcga_cpm2_both	patient	TCGA	ZNF671	22	11	19	0.8636363636363636	TRUE	0.347503739601032	TRUE
SENS_anchor_promoter_tcga_cpm2_both	patient	TCGA	ZNF678	22	11	22	1.0	TRUE	2.72591062384592	TRUE
SENS_anchor_promoter_tcga_cpm2_both	patient	TCGA	ZNF681	22	11	21	0.9545454545454546	TRUE	0.322462882337443	TRUE
SENS_anchor_promoter_tcga_cpm2_both	patient	TCGA	ZNF69	22	11	22	1.0	TRUE	2.36618827283218	TRUE
SENS_anchor_promoter_tcga_cpm2_both	patient	TCGA	ZNF710	22	11	22	1.0	TRUE	3.6465414595342	TRUE
SENS_anchor_promoter_tcga_cpm2_both	patient	TCGA	ZNF717	22	11	22	1.0	TRUE	0.367229029961227	TRUE
SENS_anchor_promoter_tcga_cpm2_both	patient	TCGA	ZNF737	22	11	20	0.9090909090909091	TRUE	-0.0999473010674684	FALSE
SENS_anchor_promoter_tcga_cpm2_both	patient	TCGA	ZNF75D	22	11	22	1.0	TRUE	1.96492041190927	TRUE
SENS_anchor_promoter_tcga_cpm2_both	patient	TCGA	ZNF763	22	11	22	1.0	TRUE	0.964336139165812	TRUE
SENS_anchor_promoter_tcga_cpm2_both	patient	TCGA	ZNF792	22	11	22	1.0	TRUE	1.40105403571638	TRUE
SENS_anchor_promoter_tcga_cpm2_both	patient	TCGA	ZNF835	22	11	16	0.7272727272727273	TRUE	1.17400060373385	TRUE
SENS_anchor_promoter_tcga_cpm2_both	patient	TCGA	ZNF852	22	11	22	1.0	TRUE	1.5992315126802	TRUE
SENS_anchor_promoter_tcga_cpm2_both	patient	TCGA	ZNF860	22	11	22	1.0	TRUE	1.28597039147626	TRUE
SENS_anchor_promoter_tcga_cpm2_both	patient	TCGA	ZSCAN16	22	11	22	1.0	TRUE	2.19861115410941	TRUE
SENS_anchor_promoter_tcga_cpm2_both	PDX	PDMR_PDX	ABHD14B	13	7	7	0.5384615384615384	TRUE	3.83411957772496	TRUE
SENS_anchor_promoter_tcga_cpm2_both	PDX	PDMR_PDX	ABRA	13	7	0	0.0	FALSE	-2.58966960289918	FALSE
SENS_anchor_promoter_tcga_cpm2_both	PDX	PDMR_PDX	APBB1	13	7	2	0.15384615384615385	FALSE	-0.548273862954927	FALSE
SENS_anchor_promoter_tcga_cpm2_both	PDX	PDMR_PDX	ARX	13	7	1	0.07692307692307693	FALSE	-0.341629895903198	FALSE
SENS_anchor_promoter_tcga_cpm2_both	PDX	PDMR_PDX	ASCL5	13	7	1	0.07692307692307693	FALSE	-0.251337243056997	FALSE
SENS_anchor_promoter_tcga_cpm2_both	PDX	PDMR_PDX	ATOH8	13	7	0	0.0	FALSE	-0.664202793343812	FALSE
SENS_anchor_promoter_tcga_cpm2_both	PDX	PDMR_PDX	BATF3	13	7	4	0.3076923076923077	FALSE	-0.646858830263657	FALSE
SENS_anchor_promoter_tcga_cpm2_both	PDX	PDMR_PDX	BCLAF3	13	7	5	0.38461538461538464	FALSE	0.46907160972623	TRUE
SENS_anchor_promoter_tcga_cpm2_both	PDX	PDMR_PDX	CIITA	13	7	1	0.07692307692307693	FALSE	-2.13388212412719	FALSE
SENS_anchor_promoter_tcga_cpm2_both	PDX	PDMR_PDX	CREB3L2	13	7	10	0.7692307692307693	TRUE	1.80368249437254	TRUE
SENS_anchor_promoter_tcga_cpm2_both	PDX	PDMR_PDX	CREBRF	13	7	10	0.7692307692307693	TRUE	1.6952670193717	TRUE
SENS_anchor_promoter_tcga_cpm2_both	PDX	PDMR_PDX	CRY2	13	7	10	0.7692307692307693	TRUE	1.19677696752484	TRUE
SENS_anchor_promoter_tcga_cpm2_both	PDX	PDMR_PDX	CSRNP1	13	7	7	0.5384615384615384	TRUE	1.45358366021724	TRUE
SENS_anchor_promoter_tcga_cpm2_both	PDX	PDMR_PDX	DMRTC2	13	7	1	0.07692307692307693	FALSE	-0.845846757832656	FALSE
SENS_anchor_promoter_tcga_cpm2_both	PDX	PDMR_PDX	DRGX	13	7	0	0.0	FALSE	0.0228448660821765	TRUE
SENS_anchor_promoter_tcga_cpm2_both	PDX	PDMR_PDX	E2F5	13	7	9	0.6923076923076923	TRUE	1.74103075558624	TRUE
SENS_anchor_promoter_tcga_cpm2_both	PDX	PDMR_PDX	ELF3	13	7	8	0.6153846153846154	TRUE	2.23246810365467	TRUE
SENS_anchor_promoter_tcga_cpm2_both	PDX	PDMR_PDX	ELF5	13	7	0	0.0	FALSE	-1.94901287523946	FALSE
SENS_anchor_promoter_tcga_cpm2_both	PDX	PDMR_PDX	EPAS1	13	7	8	0.6153846153846154	TRUE	1.20662415271538	TRUE
SENS_anchor_promoter_tcga_cpm2_both	PDX	PDMR_PDX	ESR1	13	7	3	0.23076923076923078	FALSE	-0.0601598431213857	FALSE
SENS_anchor_promoter_tcga_cpm2_both	PDX	PDMR_PDX	ETV1	13	7	9	0.6923076923076923	TRUE	-0.609556862953565	FALSE
SENS_anchor_promoter_tcga_cpm2_both	PDX	PDMR_PDX	FOXA1	13	7	4	0.3076923076923077	FALSE	0.461064099492983	TRUE
SENS_anchor_promoter_tcga_cpm2_both	PDX	PDMR_PDX	FOXA2	13	7	3	0.23076923076923078	FALSE	-0.260091545890401	FALSE
SENS_anchor_promoter_tcga_cpm2_both	PDX	PDMR_PDX	FOXA3	13	7	9	0.6923076923076923	TRUE	-0.883004761734181	FALSE
SENS_anchor_promoter_tcga_cpm2_both	PDX	PDMR_PDX	FOXD2	13	7	8	0.6153846153846154	TRUE	0.683739642553749	TRUE
SENS_anchor_promoter_tcga_cpm2_both	PDX	PDMR_PDX	FOXP1	13	7	3	0.23076923076923078	FALSE	0.677602416605842	TRUE
SENS_anchor_promoter_tcga_cpm2_both	PDX	PDMR_PDX	FOXP4	13	7	5	0.38461538461538464	FALSE	1.80759208016716	TRUE
SENS_anchor_promoter_tcga_cpm2_both	PDX	PDMR_PDX	GATA5	13	7	1	0.07692307692307693	FALSE	-0.624147141608721	FALSE
SENS_anchor_promoter_tcga_cpm2_both	PDX	PDMR_PDX	GATA6	13	7	1	0.07692307692307693	FALSE	-1.309843155124	FALSE
SENS_anchor_promoter_tcga_cpm2_both	PDX	PDMR_PDX	GCM1	13	7	0	0.0	FALSE	-2.22885618026692	FALSE
SENS_anchor_promoter_tcga_cpm2_both	PDX	PDMR_PDX	GLIS3	13	7	1	0.07692307692307693	FALSE	1.3923751754147	TRUE
SENS_anchor_promoter_tcga_cpm2_both	PDX	PDMR_PDX	HNF1A	13	7	0	0.0	FALSE	-1.09303156642187	FALSE
SENS_anchor_promoter_tcga_cpm2_both	PDX	PDMR_PDX	HNF1B	13	7	0	0.0	FALSE	1.25099413333262	TRUE
SENS_anchor_promoter_tcga_cpm2_both	PDX	PDMR_PDX	HNF4G	13	7	5	0.38461538461538464	FALSE	1.13431316786431	TRUE
SENS_anchor_promoter_tcga_cpm2_both	PDX	PDMR_PDX	HOPX	13	7	1	0.07692307692307693	FALSE	1.19502335498509	TRUE
SENS_anchor_promoter_tcga_cpm2_both	PDX	PDMR_PDX	HOXD1	13	7	4	0.3076923076923077	FALSE	1.33759256890656	TRUE
SENS_anchor_promoter_tcga_cpm2_both	PDX	PDMR_PDX	IKZF4	13	7	5	0.38461538461538464	FALSE	1.52231906964897	TRUE
SENS_anchor_promoter_tcga_cpm2_both	PDX	PDMR_PDX	IL4	13	7	1	0.07692307692307693	FALSE	-1.99120350242317	FALSE
SENS_anchor_promoter_tcga_cpm2_both	PDX	PDMR_PDX	INSM2	13	7	4	0.3076923076923077	FALSE	-0.824240914559846	FALSE
SENS_anchor_promoter_tcga_cpm2_both	PDX	PDMR_PDX	IRF7	13	7	0	0.0	FALSE	2.63895743480366	TRUE
SENS_anchor_promoter_tcga_cpm2_both	PDX	PDMR_PDX	IRX3	13	7	4	0.3076923076923077	FALSE	0.341054446226155	TRUE
SENS_anchor_promoter_tcga_cpm2_both	PDX	PDMR_PDX	JADE1	13	7	6	0.46153846153846156	FALSE	0.465905892195857	TRUE
SENS_anchor_promoter_tcga_cpm2_both	PDX	PDMR_PDX	KANK2	13	7	8	0.6153846153846154	TRUE	1.14432591850981	TRUE
SENS_anchor_promoter_tcga_cpm2_both	PDX	PDMR_PDX	KAT2B	13	7	4	0.3076923076923077	FALSE	-0.276827738269315	FALSE
SENS_anchor_promoter_tcga_cpm2_both	PDX	PDMR_PDX	KLF2	13	7	8	0.6153846153846154	TRUE	-0.697802729745059	FALSE
SENS_anchor_promoter_tcga_cpm2_both	PDX	PDMR_PDX	KLF9	13	7	6	0.46153846153846156	FALSE	1.19661692102758	TRUE
SENS_anchor_promoter_tcga_cpm2_both	PDX	PDMR_PDX	LHX9	13	7	1	0.07692307692307693	FALSE	-1.30161476428096	FALSE
SENS_anchor_promoter_tcga_cpm2_both	PDX	PDMR_PDX	LIMD1	13	7	3	0.23076923076923078	FALSE	1.46934245612872	TRUE
SENS_anchor_promoter_tcga_cpm2_both	PDX	PDMR_PDX	LMO3	13	7	0	0.0	FALSE	-0.180186355893363	FALSE
SENS_anchor_promoter_tcga_cpm2_both	PDX	PDMR_PDX	LPIN2	13	7	7	0.5384615384615384	TRUE	1.16600073649317	TRUE
SENS_anchor_promoter_tcga_cpm2_both	PDX	PDMR_PDX	LYL1	13	7	1	0.07692307692307693	FALSE	-0.793855023172207	FALSE
SENS_anchor_promoter_tcga_cpm2_both	PDX	PDMR_PDX	MAGEC3	13	7	0	0.0	FALSE	-1.59852276572392	FALSE
SENS_anchor_promoter_tcga_cpm2_both	PDX	PDMR_PDX	MAGED2	13	7	10	0.7692307692307693	TRUE	3.78239113560362	TRUE
SENS_anchor_promoter_tcga_cpm2_both	PDX	PDMR_PDX	MAGEE2	13	7	0	0.0	FALSE	-1.32861644810414	FALSE
SENS_anchor_promoter_tcga_cpm2_both	PDX	PDMR_PDX	MDFIC	13	7	7	0.5384615384615384	TRUE	3.30256910211767	TRUE
SENS_anchor_promoter_tcga_cpm2_both	PDX	PDMR_PDX	MEF2C	13	7	2	0.15384615384615385	FALSE	-0.450635453305447	FALSE
SENS_anchor_promoter_tcga_cpm2_both	PDX	PDMR_PDX	MEF2D	13	7	10	0.7692307692307693	TRUE	2.23100779985039	TRUE
SENS_anchor_promoter_tcga_cpm2_both	PDX	PDMR_PDX	MEIS3P1	13	7	0	0.0	FALSE	2.15245204461075	TRUE
SENS_anchor_promoter_tcga_cpm2_both	PDX	PDMR_PDX	MEIS3P2	13	7	0	0.0	FALSE	-0.29425625257681	FALSE
SENS_anchor_promoter_tcga_cpm2_both	PDX	PDMR_PDX	MESP1	13	7	4	0.3076923076923077	FALSE	2.25547444533025	TRUE
SENS_anchor_promoter_tcga_cpm2_both	PDX	PDMR_PDX	MITF	13	7	6	0.46153846153846156	FALSE	1.23784308167123	TRUE
SENS_anchor_promoter_tcga_cpm2_both	PDX	PDMR_PDX	MLLT3	13	7	2	0.15384615384615385	FALSE	2.09876230603982	TRUE
SENS_anchor_promoter_tcga_cpm2_both	PDX	PDMR_PDX	MLLT6	13	7	0	0.0	FALSE	1.13350645959511	TRUE
SENS_anchor_promoter_tcga_cpm2_both	PDX	PDMR_PDX	MSANTD1	13	7	0	0.0	FALSE	0.212010996332135	TRUE
SENS_anchor_promoter_tcga_cpm2_both	PDX	PDMR_PDX	MXD4	13	7	10	0.7692307692307693	TRUE	1.05093573969678	TRUE
SENS_anchor_promoter_tcga_cpm2_both	PDX	PDMR_PDX	MYRF	13	7	2	0.15384615384615385	FALSE	-0.0193086348974985	FALSE
SENS_anchor_promoter_tcga_cpm2_both	PDX	PDMR_PDX	MYRFL	13	7	0	0.0	FALSE	-0.631568753818511	FALSE
SENS_anchor_promoter_tcga_cpm2_both	PDX	PDMR_PDX	NANOGP1	13	7	0	0.0	FALSE	-0.520804177144856	FALSE
SENS_anchor_promoter_tcga_cpm2_both	PDX	PDMR_PDX	NCOA7	13	7	9	0.6923076923076923	TRUE	1.18697896731189	TRUE
SENS_anchor_promoter_tcga_cpm2_both	PDX	PDMR_PDX	NEUROG3	13	7	1	0.07692307692307693	FALSE	-1.41159991891326	FALSE
SENS_anchor_promoter_tcga_cpm2_both	PDX	PDMR_PDX	NFATC2	13	7	4	0.3076923076923077	FALSE	-0.0262416232272816	FALSE
SENS_anchor_promoter_tcga_cpm2_both	PDX	PDMR_PDX	NFATC4	13	7	8	0.6153846153846154	TRUE	0.422542422136536	TRUE
SENS_anchor_promoter_tcga_cpm2_both	PDX	PDMR_PDX	NFE2	13	7	1	0.07692307692307693	FALSE	0.675888935419977	TRUE
SENS_anchor_promoter_tcga_cpm2_both	PDX	PDMR_PDX	NKX2-1	13	7	1	0.07692307692307693	FALSE	0.0526922708652373	TRUE
SENS_anchor_promoter_tcga_cpm2_both	PDX	PDMR_PDX	NOTO	13	7	1	0.07692307692307693	FALSE	-2.21996455175478	FALSE
SENS_anchor_promoter_tcga_cpm2_both	PDX	PDMR_PDX	NR0B2	13	7	1	0.07692307692307693	FALSE	-2.4961929056332	FALSE
SENS_anchor_promoter_tcga_cpm2_both	PDX	PDMR_PDX	NR1H4	13	7	0	0.0	FALSE	-2.07359764290909	FALSE
SENS_anchor_promoter_tcga_cpm2_both	PDX	PDMR_PDX	NR2F1	13	7	1	0.07692307692307693	FALSE	-1.13313062961217	FALSE
SENS_anchor_promoter_tcga_cpm2_both	PDX	PDMR_PDX	NR2F6	13	7	5	0.38461538461538464	FALSE	3.05623225946323	TRUE
SENS_anchor_promoter_tcga_cpm2_both	PDX	PDMR_PDX	NR3C2	13	7	10	0.7692307692307693	TRUE	0.652152315519307	TRUE
SENS_anchor_promoter_tcga_cpm2_both	PDX	PDMR_PDX	OLIG1	13	7	0	0.0	FALSE	-1.27413215202565	FALSE
SENS_anchor_promoter_tcga_cpm2_both	PDX	PDMR_PDX	ONECUT1	13	7	3	0.23076923076923078	FALSE	0.563758142753872	TRUE
SENS_anchor_promoter_tcga_cpm2_both	PDX	PDMR_PDX	PHC2	13	7	9	0.6923076923076923	TRUE	4.70689738737984	TRUE
SENS_anchor_promoter_tcga_cpm2_both	PDX	PDMR_PDX	POU1F1	13	7	0	0.0	FALSE	-1.04087612742795	FALSE
SENS_anchor_promoter_tcga_cpm2_both	PDX	PDMR_PDX	PPARGC1A	13	7	0	0.0	FALSE	-1.84830738868435	FALSE
SENS_anchor_promoter_tcga_cpm2_both	PDX	PDMR_PDX	PRDM16	13	7	1	0.07692307692307693	FALSE	-0.73703328508404	FALSE
SENS_anchor_promoter_tcga_cpm2_both	PDX	PDMR_PDX	PRDM8	13	7	6	0.46153846153846156	FALSE	-0.046756028354387	FALSE
SENS_anchor_promoter_tcga_cpm2_both	PDX	PDMR_PDX	RARA	13	7	8	0.6153846153846154	TRUE	2.70976623856701	TRUE
SENS_anchor_promoter_tcga_cpm2_both	PDX	PDMR_PDX	RORB	13	7	2	0.15384615384615385	FALSE	-1.57729408452424	FALSE
SENS_anchor_promoter_tcga_cpm2_both	PDX	PDMR_PDX	RORC	13	7	5	0.38461538461538464	FALSE	1.69161799095405	TRUE
SENS_anchor_promoter_tcga_cpm2_both	PDX	PDMR_PDX	SAMD11	13	7	0	0.0	FALSE	-1.16410787369271	FALSE
SENS_anchor_promoter_tcga_cpm2_both	PDX	PDMR_PDX	SMAD6	13	7	4	0.3076923076923077	FALSE	-0.311893062301658	FALSE
SENS_anchor_promoter_tcga_cpm2_both	PDX	PDMR_PDX	SMAD7	13	7	3	0.23076923076923078	FALSE	0.263891709168629	TRUE
SENS_anchor_promoter_tcga_cpm2_both	PDX	PDMR_PDX	SP110	13	7	4	0.3076923076923077	FALSE	1.10679880268414	TRUE
SENS_anchor_promoter_tcga_cpm2_both	PDX	PDMR_PDX	SP5	13	7	4	0.3076923076923077	FALSE	0.318062063882912	TRUE
SENS_anchor_promoter_tcga_cpm2_both	PDX	PDMR_PDX	SPDEF	13	7	0	0.0	FALSE	1.38817183726269	TRUE
SENS_anchor_promoter_tcga_cpm2_both	PDX	PDMR_PDX	TBX15	13	7	1	0.07692307692307693	FALSE	-0.0157008260665552	FALSE
SENS_anchor_promoter_tcga_cpm2_both	PDX	PDMR_PDX	TBX4	13	7	1	0.07692307692307693	FALSE	-0.827837422892531	FALSE
SENS_anchor_promoter_tcga_cpm2_both	PDX	PDMR_PDX	TBXT	13	7	0	0.0	FALSE	-1.66725127059851	FALSE
SENS_anchor_promoter_tcga_cpm2_both	PDX	PDMR_PDX	TCF21	13	7	0	0.0	FALSE	-2.98813391568845	FALSE
SENS_anchor_promoter_tcga_cpm2_both	PDX	PDMR_PDX	TFCP2L1	13	7	4	0.3076923076923077	FALSE	-0.131889795880597	FALSE
SENS_anchor_promoter_tcga_cpm2_both	PDX	PDMR_PDX	TOX3	13	7	2	0.15384615384615385	FALSE	-0.633624621992184	FALSE
SENS_anchor_promoter_tcga_cpm2_both	PDX	PDMR_PDX	TP53INP1	13	7	7	0.5384615384615384	TRUE	-4.602041102174	FALSE
SENS_anchor_promoter_tcga_cpm2_both	PDX	PDMR_PDX	VDR	13	7	5	0.38461538461538464	FALSE	1.79440454325817	TRUE
SENS_anchor_promoter_tcga_cpm2_both	PDX	PDMR_PDX	VENTX	13	7	0	0.0	FALSE	-2.09031136034354	FALSE
SENS_anchor_promoter_tcga_cpm2_both	PDX	PDMR_PDX	VSX1	13	7	0	0.0	FALSE	0.095142399350142	TRUE
SENS_anchor_promoter_tcga_cpm2_both	PDX	PDMR_PDX	WTIP	13	7	1	0.07692307692307693	FALSE	0.168871817548402	TRUE
SENS_anchor_promoter_tcga_cpm2_both	PDX	PDMR_PDX	WWC1	13	7	3	0.23076923076923078	FALSE	2.80707140108985	TRUE
SENS_anchor_promoter_tcga_cpm2_both	PDX	PDMR_PDX	WWC2	13	7	8	0.6153846153846154	TRUE	1.99590260615829	TRUE
SENS_anchor_promoter_tcga_cpm2_both	PDX	PDMR_PDX	XBP1	13	7	10	0.7692307692307693	TRUE	-0.213656309228	FALSE
SENS_anchor_promoter_tcga_cpm2_both	PDX	PDMR_PDX	ZBTB10	13	7	4	0.3076923076923077	FALSE	1.13899824477404	TRUE
SENS_anchor_promoter_tcga_cpm2_both	PDX	PDMR_PDX	ZBTB16	13	7	1	0.07692307692307693	FALSE	-1.08776486088194	FALSE
SENS_anchor_promoter_tcga_cpm2_both	PDX	PDMR_PDX	ZBTB18	13	7	10	0.7692307692307693	TRUE	0.546057468912367	TRUE
SENS_anchor_promoter_tcga_cpm2_both	PDX	PDMR_PDX	ZBTB42	13	7	6	0.46153846153846156	FALSE	1.767012472124	TRUE
SENS_anchor_promoter_tcga_cpm2_both	PDX	PDMR_PDX	ZBTB46	13	7	2	0.15384615384615385	FALSE	-0.213280754634958	FALSE
SENS_anchor_promoter_tcga_cpm2_both	PDX	PDMR_PDX	ZFHX2	13	7	2	0.15384615384615385	FALSE	-0.986975205127823	FALSE
SENS_anchor_promoter_tcga_cpm2_both	PDX	PDMR_PDX	ZFP2	13	7	5	0.38461538461538464	FALSE	0.0444705896847725	TRUE
SENS_anchor_promoter_tcga_cpm2_both	PDX	PDMR_PDX	ZFP57	13	7	0	0.0	FALSE	-0.509321794471331	FALSE
SENS_anchor_promoter_tcga_cpm2_both	PDX	PDMR_PDX	ZMYND15	13	7	2	0.15384615384615385	FALSE	-0.107759334755505	FALSE
SENS_anchor_promoter_tcga_cpm2_both	PDX	PDMR_PDX	ZNF117	13	7	8	0.6153846153846154	TRUE	0.863372847433591	TRUE
SENS_anchor_promoter_tcga_cpm2_both	PDX	PDMR_PDX	ZNF141	13	7	10	0.7692307692307693	TRUE	1.08909578848341	TRUE
SENS_anchor_promoter_tcga_cpm2_both	PDX	PDMR_PDX	ZNF19	13	7	7	0.5384615384615384	TRUE	0.590844433404935	TRUE
SENS_anchor_promoter_tcga_cpm2_both	PDX	PDMR_PDX	ZNF214	13	7	2	0.15384615384615385	FALSE	-0.546817755364639	FALSE
SENS_anchor_promoter_tcga_cpm2_both	PDX	PDMR_PDX	ZNF239	13	7	4	0.3076923076923077	FALSE	1.01586054894146	TRUE
SENS_anchor_promoter_tcga_cpm2_both	PDX	PDMR_PDX	ZNF254	13	7	8	0.6153846153846154	TRUE	0.642404052056453	TRUE
SENS_anchor_promoter_tcga_cpm2_both	PDX	PDMR_PDX	ZNF281	13	7	9	0.6923076923076923	TRUE	2.3359619382885	TRUE
SENS_anchor_promoter_tcga_cpm2_both	PDX	PDMR_PDX	ZNF33A	13	7	10	0.7692307692307693	TRUE	-0.758809088255929	FALSE
SENS_anchor_promoter_tcga_cpm2_both	PDX	PDMR_PDX	ZNF33B	13	7	10	0.7692307692307693	TRUE	0.842689381423336	TRUE
SENS_anchor_promoter_tcga_cpm2_both	PDX	PDMR_PDX	ZNF341	13	7	9	0.6923076923076923	TRUE	1.29861993355598	TRUE
SENS_anchor_promoter_tcga_cpm2_both	PDX	PDMR_PDX	ZNF382	13	7	1	0.07692307692307693	FALSE	-0.974414323534309	FALSE
SENS_anchor_promoter_tcga_cpm2_both	PDX	PDMR_PDX	ZNF396	13	7	3	0.23076923076923078	FALSE	0.609597181308702	TRUE
SENS_anchor_promoter_tcga_cpm2_both	PDX	PDMR_PDX	ZNF429	13	7	4	0.3076923076923077	FALSE	0.482881165089677	TRUE
SENS_anchor_promoter_tcga_cpm2_both	PDX	PDMR_PDX	ZNF441	13	7	5	0.38461538461538464	FALSE	-0.0992661588926639	FALSE
SENS_anchor_promoter_tcga_cpm2_both	PDX	PDMR_PDX	ZNF444	13	7	10	0.7692307692307693	TRUE	0.822998651529021	TRUE
SENS_anchor_promoter_tcga_cpm2_both	PDX	PDMR_PDX	ZNF467	13	7	0	0.0	FALSE	-0.0521148339394705	FALSE
SENS_anchor_promoter_tcga_cpm2_both	PDX	PDMR_PDX	ZNF483	13	7	2	0.15384615384615385	FALSE	0.698722805490809	TRUE
SENS_anchor_promoter_tcga_cpm2_both	PDX	PDMR_PDX	ZNF486	13	7	4	0.3076923076923077	FALSE	0.290756871858934	TRUE
SENS_anchor_promoter_tcga_cpm2_both	PDX	PDMR_PDX	ZNF493	13	7	6	0.46153846153846156	FALSE	-0.57559146109055	FALSE
SENS_anchor_promoter_tcga_cpm2_both	PDX	PDMR_PDX	ZNF540	13	7	8	0.6153846153846154	TRUE	-3.35980761403697	FALSE
SENS_anchor_promoter_tcga_cpm2_both	PDX	PDMR_PDX	ZNF541	13	7	0	0.0	FALSE	-0.96763122200107	FALSE
SENS_anchor_promoter_tcga_cpm2_both	PDX	PDMR_PDX	ZNF597	13	7	3	0.23076923076923078	FALSE	0.438881418572381	TRUE
SENS_anchor_promoter_tcga_cpm2_both	PDX	PDMR_PDX	ZNF608	13	7	1	0.07692307692307693	FALSE	-0.214880569367235	FALSE
SENS_anchor_promoter_tcga_cpm2_both	PDX	PDMR_PDX	ZNF620	13	7	4	0.3076923076923077	FALSE	0.119782270291919	TRUE
SENS_anchor_promoter_tcga_cpm2_both	PDX	PDMR_PDX	ZNF662	13	7	0	0.0	FALSE	-1.81831015498804	FALSE
SENS_anchor_promoter_tcga_cpm2_both	PDX	PDMR_PDX	ZNF671	13	7	2	0.15384615384615385	FALSE	-0.296750883176756	FALSE
SENS_anchor_promoter_tcga_cpm2_both	PDX	PDMR_PDX	ZNF678	13	7	10	0.7692307692307693	TRUE	1.31467195361702	TRUE
SENS_anchor_promoter_tcga_cpm2_both	PDX	PDMR_PDX	ZNF681	13	7	7	0.5384615384615384	TRUE	0.724915875497317	TRUE
SENS_anchor_promoter_tcga_cpm2_both	PDX	PDMR_PDX	ZNF69	13	7	3	0.23076923076923078	FALSE	0.722558662520164	TRUE
SENS_anchor_promoter_tcga_cpm2_both	PDX	PDMR_PDX	ZNF710	13	7	3	0.23076923076923078	FALSE	1.5708608708065	TRUE
SENS_anchor_promoter_tcga_cpm2_both	PDX	PDMR_PDX	ZNF717	13	7	4	0.3076923076923077	FALSE	0.660366473546319	TRUE
SENS_anchor_promoter_tcga_cpm2_both	PDX	PDMR_PDX	ZNF737	13	7	6	0.46153846153846156	FALSE	-0.494135109437067	FALSE
SENS_anchor_promoter_tcga_cpm2_both	PDX	PDMR_PDX	ZNF75D	13	7	9	0.6923076923076923	TRUE	0.284103652222219	TRUE
SENS_anchor_promoter_tcga_cpm2_both	PDX	PDMR_PDX	ZNF763	13	7	4	0.3076923076923077	FALSE	0.254234885068348	TRUE
SENS_anchor_promoter_tcga_cpm2_both	PDX	PDMR_PDX	ZNF792	13	7	2	0.15384615384615385	FALSE	0.325583533932591	TRUE
SENS_anchor_promoter_tcga_cpm2_both	PDX	PDMR_PDX	ZNF835	13	7	1	0.07692307692307693	FALSE	-0.583765559462165	FALSE
SENS_anchor_promoter_tcga_cpm2_both	PDX	PDMR_PDX	ZNF852	13	7	4	0.3076923076923077	FALSE	0.674427665344126	TRUE
SENS_anchor_promoter_tcga_cpm2_both	PDX	PDMR_PDX	ZNF860	13	7	6	0.46153846153846156	FALSE	0.959745510269631	TRUE
SENS_anchor_promoter_tcga_cpm2_both	PDX	PDMR_PDX	ZSCAN16	13	7	3	0.23076923076923078	FALSE	0.636278427200608	TRUE
SENS_anchor_promoter_tcga_cpm2_both	cell_line	DepMap_22Q2	ABHD14B	19	10	10	0.5263157894736842	TRUE	3.67106869343883	TRUE
SENS_anchor_promoter_tcga_cpm2_both	cell_line	DepMap_22Q2	ABRA	19	10	0	0.0	FALSE	-3.17144454180489	FALSE
SENS_anchor_promoter_tcga_cpm2_both	cell_line	DepMap_22Q2	APBB1	19	10	4	0.21052631578947367	FALSE	-1.38752969710185	FALSE
SENS_anchor_promoter_tcga_cpm2_both	cell_line	DepMap_22Q2	ARX	19	10	0	0.0	FALSE	-1.09993849921181	FALSE
SENS_anchor_promoter_tcga_cpm2_both	cell_line	DepMap_22Q2	ASCL5	19	10	6	0.3157894736842105	FALSE	-0.621952689769882	FALSE
SENS_anchor_promoter_tcga_cpm2_both	cell_line	DepMap_22Q2	ATOH8	19	10	0	0.0	FALSE	-1.34457434741505	FALSE
SENS_anchor_promoter_tcga_cpm2_both	cell_line	DepMap_22Q2	BATF3	19	10	6	0.3157894736842105	FALSE	-1.25505235448278	FALSE
SENS_anchor_promoter_tcga_cpm2_both	cell_line	DepMap_22Q2	BCLAF3	19	10	16	0.8421052631578947	TRUE	0.519595435048773	TRUE
SENS_anchor_promoter_tcga_cpm2_both	cell_line	DepMap_22Q2	CIITA	19	10	1	0.05263157894736842	FALSE	-2.77871226172973	FALSE
SENS_anchor_promoter_tcga_cpm2_both	cell_line	DepMap_22Q2	CREB3L2	19	10	18	0.9473684210526315	TRUE	0.635878536261767	TRUE
SENS_anchor_promoter_tcga_cpm2_both	cell_line	DepMap_22Q2	CREBRF	19	10	19	1.0	TRUE	0.55854510339881	TRUE
SENS_anchor_promoter_tcga_cpm2_both	cell_line	DepMap_22Q2	CRY2	19	10	16	0.8421052631578947	TRUE	0.26981768407137	TRUE
SENS_anchor_promoter_tcga_cpm2_both	cell_line	DepMap_22Q2	CSRNP1	19	10	12	0.631578947368421	TRUE	1.0874058870595	TRUE
SENS_anchor_promoter_tcga_cpm2_both	cell_line	DepMap_22Q2	DMRTC2	19	10	0	0.0	FALSE	-1.38037367408153	FALSE
SENS_anchor_promoter_tcga_cpm2_both	cell_line	DepMap_22Q2	DRGX	19	10	0	0.0	FALSE	-1.45660274598459	FALSE
SENS_anchor_promoter_tcga_cpm2_both	cell_line	DepMap_22Q2	E2F5	19	10	12	0.631578947368421	TRUE	1.84467460588383	TRUE
SENS_anchor_promoter_tcga_cpm2_both	cell_line	DepMap_22Q2	ELF3	19	10	10	0.5263157894736842	TRUE	1.67305698860623	TRUE
SENS_anchor_promoter_tcga_cpm2_both	cell_line	DepMap_22Q2	ELF5	19	10	6	0.3157894736842105	FALSE	-3.12665525929759	FALSE
SENS_anchor_promoter_tcga_cpm2_both	cell_line	DepMap_22Q2	EPAS1	19	10	7	0.3684210526315789	FALSE	0.257813903945943	TRUE
SENS_anchor_promoter_tcga_cpm2_both	cell_line	DepMap_22Q2	ESR1	19	10	0	0.0	FALSE	-0.350606058756376	FALSE
SENS_anchor_promoter_tcga_cpm2_both	cell_line	DepMap_22Q2	ETV1	19	10	17	0.8947368421052632	TRUE	-0.581071175956934	FALSE
SENS_anchor_promoter_tcga_cpm2_both	cell_line	DepMap_22Q2	FOXA1	19	10	10	0.5263157894736842	TRUE	0.0546542218966666	TRUE
SENS_anchor_promoter_tcga_cpm2_both	cell_line	DepMap_22Q2	FOXA2	19	10	4	0.21052631578947367	FALSE	0.772890269490167	TRUE
SENS_anchor_promoter_tcga_cpm2_both	cell_line	DepMap_22Q2	FOXA3	19	10	13	0.6842105263157895	TRUE	-1.28378634564309	FALSE
SENS_anchor_promoter_tcga_cpm2_both	cell_line	DepMap_22Q2	FOXD2	19	10	11	0.5789473684210527	TRUE	0.491369277783987	TRUE
SENS_anchor_promoter_tcga_cpm2_both	cell_line	DepMap_22Q2	FOXP1	19	10	6	0.3157894736842105	FALSE	-0.128172778161279	FALSE
SENS_anchor_promoter_tcga_cpm2_both	cell_line	DepMap_22Q2	FOXP4	19	10	11	0.5789473684210527	TRUE	2.10672142157845	TRUE
SENS_anchor_promoter_tcga_cpm2_both	cell_line	DepMap_22Q2	GATA5	19	10	0	0.0	FALSE	-0.996618303260594	FALSE
SENS_anchor_promoter_tcga_cpm2_both	cell_line	DepMap_22Q2	GATA6	19	10	11	0.5789473684210527	TRUE	-1.74348306453651	FALSE
SENS_anchor_promoter_tcga_cpm2_both	cell_line	DepMap_22Q2	GCM1	19	10	0	0.0	FALSE	-2.95825682915399	FALSE
SENS_anchor_promoter_tcga_cpm2_both	cell_line	DepMap_22Q2	GLIS3	19	10	4	0.21052631578947367	FALSE	0.801627487895999	TRUE
SENS_anchor_promoter_tcga_cpm2_both	cell_line	DepMap_22Q2	HNF1A	19	10	0	0.0	FALSE	-2.02878131948787	FALSE
SENS_anchor_promoter_tcga_cpm2_both	cell_line	DepMap_22Q2	HNF1B	19	10	0	0.0	FALSE	-0.35719705216558	FALSE
SENS_anchor_promoter_tcga_cpm2_both	cell_line	DepMap_22Q2	HNF4G	19	10	9	0.47368421052631576	FALSE	0.4370301516164	TRUE
SENS_anchor_promoter_tcga_cpm2_both	cell_line	DepMap_22Q2	HOPX	19	10	2	0.10526315789473684	FALSE	0.690541716132616	TRUE
SENS_anchor_promoter_tcga_cpm2_both	cell_line	DepMap_22Q2	HOXD1	19	10	4	0.21052631578947367	FALSE	0.262711821578026	TRUE
SENS_anchor_promoter_tcga_cpm2_both	cell_line	DepMap_22Q2	IKZF4	19	10	5	0.2631578947368421	FALSE	0.770157960452382	TRUE
SENS_anchor_promoter_tcga_cpm2_both	cell_line	DepMap_22Q2	IL4	19	10	2	0.10526315789473684	FALSE	-1.75173617743472	FALSE
SENS_anchor_promoter_tcga_cpm2_both	cell_line	DepMap_22Q2	INSM2	19	10	16	0.8421052631578947	TRUE	-1.68337183080497	FALSE
SENS_anchor_promoter_tcga_cpm2_both	cell_line	DepMap_22Q2	IRF7	19	10	0	0.0	FALSE	2.42809889884718	TRUE
SENS_anchor_promoter_tcga_cpm2_both	cell_line	DepMap_22Q2	IRX3	19	10	11	0.5789473684210527	TRUE	-0.329390320562868	FALSE
SENS_anchor_promoter_tcga_cpm2_both	cell_line	DepMap_22Q2	JADE1	19	10	16	0.8421052631578947	TRUE	-0.431788932926503	FALSE
SENS_anchor_promoter_tcga_cpm2_both	cell_line	DepMap_22Q2	KANK2	19	10	3	0.15789473684210525	FALSE	0.597345897821461	TRUE
SENS_anchor_promoter_tcga_cpm2_both	cell_line	DepMap_22Q2	KAT2B	19	10	3	0.15789473684210525	FALSE	-1.43866593955059	FALSE
SENS_anchor_promoter_tcga_cpm2_both	cell_line	DepMap_22Q2	KLF2	19	10	7	0.3684210526315789	FALSE	-0.561858578655021	FALSE
SENS_anchor_promoter_tcga_cpm2_both	cell_line	DepMap_22Q2	KLF9	19	10	12	0.631578947368421	TRUE	1.100566078923	TRUE
SENS_anchor_promoter_tcga_cpm2_both	cell_line	DepMap_22Q2	LHX9	19	10	6	0.3157894736842105	FALSE	-2.25751563159904	FALSE
SENS_anchor_promoter_tcga_cpm2_both	cell_line	DepMap_22Q2	LIMD1	19	10	7	0.3684210526315789	FALSE	0.705358539695324	TRUE
SENS_anchor_promoter_tcga_cpm2_both	cell_line	DepMap_22Q2	LMO3	19	10	0	0.0	FALSE	-1.18358592989121	FALSE
SENS_anchor_promoter_tcga_cpm2_both	cell_line	DepMap_22Q2	LPIN2	19	10	9	0.47368421052631576	FALSE	0.643680497980781	TRUE
SENS_anchor_promoter_tcga_cpm2_both	cell_line	DepMap_22Q2	LYL1	19	10	1	0.05263157894736842	FALSE	-0.448883737171652	FALSE
SENS_anchor_promoter_tcga_cpm2_both	cell_line	DepMap_22Q2	MAGEC3	19	10	1	0.05263157894736842	FALSE	-2.11364848809192	FALSE
SENS_anchor_promoter_tcga_cpm2_both	cell_line	DepMap_22Q2	MAGED2	19	10	11	0.5789473684210527	TRUE	3.30062502363593	TRUE
SENS_anchor_promoter_tcga_cpm2_both	cell_line	DepMap_22Q2	MAGEE2	19	10	0	0.0	FALSE	-2.21226341344936	FALSE
SENS_anchor_promoter_tcga_cpm2_both	cell_line	DepMap_22Q2	MDFIC	19	10	6	0.3157894736842105	FALSE	2.2395473800079	TRUE
SENS_anchor_promoter_tcga_cpm2_both	cell_line	DepMap_22Q2	MEF2C	19	10	8	0.42105263157894735	FALSE	-2.23637358138697	FALSE
SENS_anchor_promoter_tcga_cpm2_both	cell_line	DepMap_22Q2	MEF2D	19	10	9	0.47368421052631576	FALSE	2.04437920363765	TRUE
SENS_anchor_promoter_tcga_cpm2_both	cell_line	DepMap_22Q2	MEIS3P1	19	10	0	0.0	FALSE	1.5206460672112	TRUE
SENS_anchor_promoter_tcga_cpm2_both	cell_line	DepMap_22Q2	MEIS3P2	19	10	0	0.0	FALSE	-1.16703929048586	FALSE
SENS_anchor_promoter_tcga_cpm2_both	cell_line	DepMap_22Q2	MESP1	19	10	10	0.5263157894736842	TRUE	2.38304130797947	TRUE
SENS_anchor_promoter_tcga_cpm2_both	cell_line	DepMap_22Q2	MITF	19	10	16	0.8421052631578947	TRUE	0.882400746787378	TRUE
SENS_anchor_promoter_tcga_cpm2_both	cell_line	DepMap_22Q2	MLLT3	19	10	10	0.5263157894736842	TRUE	0.972893593984811	TRUE
SENS_anchor_promoter_tcga_cpm2_both	cell_line	DepMap_22Q2	MLLT6	19	10	0	0.0	FALSE	1.36491333657041	TRUE
SENS_anchor_promoter_tcga_cpm2_both	cell_line	DepMap_22Q2	MSANTD1	19	10	0	0.0	FALSE	0.390826288457109	TRUE
SENS_anchor_promoter_tcga_cpm2_both	cell_line	DepMap_22Q2	MXD4	19	10	18	0.9473684210526315	TRUE	1.07575753297262	TRUE
SENS_anchor_promoter_tcga_cpm2_both	cell_line	DepMap_22Q2	MYRF	19	10	1	0.05263157894736842	FALSE	-0.38331232039485	FALSE
SENS_anchor_promoter_tcga_cpm2_both	cell_line	DepMap_22Q2	MYRFL	19	10	2	0.10526315789473684	FALSE	-1.20851210529557	FALSE
SENS_anchor_promoter_tcga_cpm2_both	cell_line	DepMap_22Q2	NANOGP1	19	10	1	0.05263157894736842	FALSE	-0.907860193410112	FALSE
SENS_anchor_promoter_tcga_cpm2_both	cell_line	DepMap_22Q2	NCOA7	19	10	15	0.7894736842105263	TRUE	0.309978622677632	TRUE
SENS_anchor_promoter_tcga_cpm2_both	cell_line	DepMap_22Q2	NEUROG3	19	10	0	0.0	FALSE	-1.7603702284908	FALSE
SENS_anchor_promoter_tcga_cpm2_both	cell_line	DepMap_22Q2	NFATC2	19	10	2	0.10526315789473684	FALSE	-0.675900855356539	FALSE
SENS_anchor_promoter_tcga_cpm2_both	cell_line	DepMap_22Q2	NFATC4	19	10	15	0.7894736842105263	TRUE	0.701897721320685	TRUE
SENS_anchor_promoter_tcga_cpm2_both	cell_line	DepMap_22Q2	NFE2	19	10	7	0.3684210526315789	FALSE	-0.239170293539346	FALSE
SENS_anchor_promoter_tcga_cpm2_both	cell_line	DepMap_22Q2	NKX2-1	19	10	5	0.2631578947368421	FALSE	-1.23710357432156	FALSE
SENS_anchor_promoter_tcga_cpm2_both	cell_line	DepMap_22Q2	NOTO	19	10	0	0.0	FALSE	-2.52205312085404	FALSE
SENS_anchor_promoter_tcga_cpm2_both	cell_line	DepMap_22Q2	NR0B2	19	10	1	0.05263157894736842	FALSE	-3.24119483145576	FALSE
SENS_anchor_promoter_tcga_cpm2_both	cell_line	DepMap_22Q2	NR1H4	19	10	0	0.0	FALSE	-2.43405844962051	FALSE
SENS_anchor_promoter_tcga_cpm2_both	cell_line	DepMap_22Q2	NR2F1	19	10	5	0.2631578947368421	FALSE	-1.56982602118186	FALSE
SENS_anchor_promoter_tcga_cpm2_both	cell_line	DepMap_22Q2	NR2F6	19	10	1	0.05263157894736842	FALSE	3.17040731681519	TRUE
SENS_anchor_promoter_tcga_cpm2_both	cell_line	DepMap_22Q2	NR3C2	19	10	17	0.8947368421052632	TRUE	-0.916591594901468	FALSE
SENS_anchor_promoter_tcga_cpm2_both	cell_line	DepMap_22Q2	OLIG1	19	10	0	0.0	FALSE	-1.43004126473576	FALSE
SENS_anchor_promoter_tcga_cpm2_both	cell_line	DepMap_22Q2	ONECUT1	19	10	2	0.10526315789473684	FALSE	-0.0772457904720571	FALSE
SENS_anchor_promoter_tcga_cpm2_both	cell_line	DepMap_22Q2	PHC2	19	10	17	0.8947368421052632	TRUE	4.85150123893731	TRUE
SENS_anchor_promoter_tcga_cpm2_both	cell_line	DepMap_22Q2	POU1F1	19	10	0	0.0	FALSE	-1.35065498291823	FALSE
SENS_anchor_promoter_tcga_cpm2_both	cell_line	DepMap_22Q2	PPARGC1A	19	10	3	0.15789473684210525	FALSE	-2.48437851006787	FALSE
SENS_anchor_promoter_tcga_cpm2_both	cell_line	DepMap_22Q2	PRDM16	19	10	0	0.0	FALSE	-1.12133150777431	FALSE
SENS_anchor_promoter_tcga_cpm2_both	cell_line	DepMap_22Q2	PRDM8	19	10	7	0.3684210526315789	FALSE	-0.575196595286238	FALSE
SENS_anchor_promoter_tcga_cpm2_both	cell_line	DepMap_22Q2	RARA	19	10	5	0.2631578947368421	FALSE	3.10866369635539	TRUE
SENS_anchor_promoter_tcga_cpm2_both	cell_line	DepMap_22Q2	RORB	19	10	2	0.10526315789473684	FALSE	-2.86583104846524	FALSE
SENS_anchor_promoter_tcga_cpm2_both	cell_line	DepMap_22Q2	RORC	19	10	3	0.15789473684210525	FALSE	1.11471343182994	TRUE
SENS_anchor_promoter_tcga_cpm2_both	cell_line	DepMap_22Q2	SAMD11	19	10	0	0.0	FALSE	-1.50028695768961	FALSE
SENS_anchor_promoter_tcga_cpm2_both	cell_line	DepMap_22Q2	SMAD6	19	10	6	0.3157894736842105	FALSE	-0.540892292363866	FALSE
SENS_anchor_promoter_tcga_cpm2_both	cell_line	DepMap_22Q2	SMAD7	19	10	1	0.05263157894736842	FALSE	-0.113344860040879	FALSE
SENS_anchor_promoter_tcga_cpm2_both	cell_line	DepMap_22Q2	SP110	19	10	10	0.5263157894736842	TRUE	0.0593620381206579	TRUE
SENS_anchor_promoter_tcga_cpm2_both	cell_line	DepMap_22Q2	SP5	19	10	2	0.10526315789473684	FALSE	0.0502701029850682	TRUE
SENS_anchor_promoter_tcga_cpm2_both	cell_line	DepMap_22Q2	SPDEF	19	10	0	0.0	FALSE	0.533052933772459	TRUE
SENS_anchor_promoter_tcga_cpm2_both	cell_line	DepMap_22Q2	TBX15	19	10	0	0.0	FALSE	-0.957657448475063	FALSE
SENS_anchor_promoter_tcga_cpm2_both	cell_line	DepMap_22Q2	TBX4	19	10	1	0.05263157894736842	FALSE	-1.35378715913303	FALSE
SENS_anchor_promoter_tcga_cpm2_both	cell_line	DepMap_22Q2	TBXT	19	10	0	0.0	FALSE	-1.3958969706648	FALSE
SENS_anchor_promoter_tcga_cpm2_both	cell_line	DepMap_22Q2	TCF21	19	10	0	0.0	FALSE	-4.32286966990729	FALSE
SENS_anchor_promoter_tcga_cpm2_both	cell_line	DepMap_22Q2	TFCP2L1	19	10	3	0.15789473684210525	FALSE	-1.19508799270748	FALSE
SENS_anchor_promoter_tcga_cpm2_both	cell_line	DepMap_22Q2	TOX3	19	10	0	0.0	FALSE	-2.37526633052805	FALSE
SENS_anchor_promoter_tcga_cpm2_both	cell_line	DepMap_22Q2	TP53INP1	19	10	14	0.7368421052631579	TRUE	-4.46292295324534	FALSE
SENS_anchor_promoter_tcga_cpm2_both	cell_line	DepMap_22Q2	VDR	19	10	7	0.3684210526315789	FALSE	1.35150438376577	TRUE
SENS_anchor_promoter_tcga_cpm2_both	cell_line	DepMap_22Q2	VENTX	19	10	0	0.0	FALSE	-2.1101352261386	FALSE
SENS_anchor_promoter_tcga_cpm2_both	cell_line	DepMap_22Q2	VSX1	19	10	0	0.0	FALSE	-0.261687611928183	FALSE
SENS_anchor_promoter_tcga_cpm2_both	cell_line	DepMap_22Q2	WTIP	19	10	0	0.0	FALSE	0.262820543880877	TRUE
SENS_anchor_promoter_tcga_cpm2_both	cell_line	DepMap_22Q2	WWC1	19	10	16	0.8421052631578947	TRUE	2.32114119631038	TRUE
SENS_anchor_promoter_tcga_cpm2_both	cell_line	DepMap_22Q2	WWC2	19	10	14	0.7368421052631579	TRUE	1.33430110739544	TRUE
SENS_anchor_promoter_tcga_cpm2_both	cell_line	DepMap_22Q2	XBP1	19	10	11	0.5789473684210527	TRUE	-1.20496321668969	FALSE
SENS_anchor_promoter_tcga_cpm2_both	cell_line	DepMap_22Q2	ZBTB10	19	10	8	0.42105263157894735	FALSE	1.03861439538647	TRUE
SENS_anchor_promoter_tcga_cpm2_both	cell_line	DepMap_22Q2	ZBTB16	19	10	1	0.05263157894736842	FALSE	-1.54149554920658	FALSE
SENS_anchor_promoter_tcga_cpm2_both	cell_line	DepMap_22Q2	ZBTB18	19	10	19	1.0	TRUE	-0.560873011016648	FALSE
SENS_anchor_promoter_tcga_cpm2_both	cell_line	DepMap_22Q2	ZBTB42	19	10	2	0.10526315789473684	FALSE	1.62133455897376	TRUE
SENS_anchor_promoter_tcga_cpm2_both	cell_line	DepMap_22Q2	ZBTB46	19	10	0	0.0	FALSE	-0.409706235008041	FALSE
SENS_anchor_promoter_tcga_cpm2_both	cell_line	DepMap_22Q2	ZFHX2	19	10	2	0.10526315789473684	FALSE	-1.69950891742694	FALSE
SENS_anchor_promoter_tcga_cpm2_both	cell_line	DepMap_22Q2	ZFP2	19	10	9	0.47368421052631576	FALSE	-0.623669110452485	FALSE
SENS_anchor_promoter_tcga_cpm2_both	cell_line	DepMap_22Q2	ZFP57	19	10	0	0.0	FALSE	-0.722073549606284	FALSE
SENS_anchor_promoter_tcga_cpm2_both	cell_line	DepMap_22Q2	ZMYND15	19	10	1	0.05263157894736842	FALSE	-0.390884769792244	FALSE
SENS_anchor_promoter_tcga_cpm2_both	cell_line	DepMap_22Q2	ZNF117	19	10	17	0.8947368421052632	TRUE	0.429404984322279	TRUE
SENS_anchor_promoter_tcga_cpm2_both	cell_line	DepMap_22Q2	ZNF141	19	10	13	0.6842105263157895	TRUE	0.428460074229542	TRUE
SENS_anchor_promoter_tcga_cpm2_both	cell_line	DepMap_22Q2	ZNF19	19	10	13	0.6842105263157895	TRUE	-0.20900756373465	FALSE
SENS_anchor_promoter_tcga_cpm2_both	cell_line	DepMap_22Q2	ZNF214	19	10	8	0.42105263157894735	FALSE	-1.72846306491518	FALSE
SENS_anchor_promoter_tcga_cpm2_both	cell_line	DepMap_22Q2	ZNF239	19	10	12	0.631578947368421	TRUE	1.08889142797665	TRUE
SENS_anchor_promoter_tcga_cpm2_both	cell_line	DepMap_22Q2	ZNF254	19	10	15	0.7894736842105263	TRUE	0.221966312242056	TRUE
SENS_anchor_promoter_tcga_cpm2_both	cell_line	DepMap_22Q2	ZNF281	19	10	10	0.5263157894736842	TRUE	1.62373105429904	TRUE
SENS_anchor_promoter_tcga_cpm2_both	cell_line	DepMap_22Q2	ZNF33A	19	10	17	0.8947368421052632	TRUE	0.0248920508587967	TRUE
SENS_anchor_promoter_tcga_cpm2_both	cell_line	DepMap_22Q2	ZNF33B	19	10	18	0.9473684210526315	TRUE	1.2911014542342	TRUE
SENS_anchor_promoter_tcga_cpm2_both	cell_line	DepMap_22Q2	ZNF341	19	10	13	0.6842105263157895	TRUE	1.41134177088559	TRUE
SENS_anchor_promoter_tcga_cpm2_both	cell_line	DepMap_22Q2	ZNF382	19	10	2	0.10526315789473684	FALSE	-1.43835221474165	FALSE
SENS_anchor_promoter_tcga_cpm2_both	cell_line	DepMap_22Q2	ZNF396	19	10	6	0.3157894736842105	FALSE	-0.522387553492389	FALSE
SENS_anchor_promoter_tcga_cpm2_both	cell_line	DepMap_22Q2	ZNF429	19	10	10	0.5263157894736842	TRUE	0.841319349896268	TRUE
SENS_anchor_promoter_tcga_cpm2_both	cell_line	DepMap_22Q2	ZNF441	19	10	9	0.47368421052631576	FALSE	-0.0623034759545546	FALSE
SENS_anchor_promoter_tcga_cpm2_both	cell_line	DepMap_22Q2	ZNF444	19	10	18	0.9473684210526315	TRUE	1.29541118578761	TRUE
SENS_anchor_promoter_tcga_cpm2_both	cell_line	DepMap_22Q2	ZNF467	19	10	0	0.0	FALSE	0.627789978111287	TRUE
SENS_anchor_promoter_tcga_cpm2_both	cell_line	DepMap_22Q2	ZNF483	19	10	7	0.3684210526315789	FALSE	0.130993705257276	TRUE
SENS_anchor_promoter_tcga_cpm2_both	cell_line	DepMap_22Q2	ZNF486	19	10	5	0.2631578947368421	FALSE	0.195217943124201	TRUE
SENS_anchor_promoter_tcga_cpm2_both	cell_line	DepMap_22Q2	ZNF493	19	10	9	0.47368421052631576	FALSE	-0.838808607300301	FALSE
SENS_anchor_promoter_tcga_cpm2_both	cell_line	DepMap_22Q2	ZNF540	19	10	12	0.631578947368421	TRUE	-3.18667413215119	FALSE
SENS_anchor_promoter_tcga_cpm2_both	cell_line	DepMap_22Q2	ZNF541	19	10	1	0.05263157894736842	FALSE	-1.73328745710034	FALSE
SENS_anchor_promoter_tcga_cpm2_both	cell_line	DepMap_22Q2	ZNF597	19	10	7	0.3684210526315789	FALSE	0.366795037035642	TRUE
SENS_anchor_promoter_tcga_cpm2_both	cell_line	DepMap_22Q2	ZNF608	19	10	6	0.3157894736842105	FALSE	-0.776556299678321	FALSE
SENS_anchor_promoter_tcga_cpm2_both	cell_line	DepMap_22Q2	ZNF620	19	10	9	0.47368421052631576	FALSE	-0.124496650736502	FALSE
SENS_anchor_promoter_tcga_cpm2_both	cell_line	DepMap_22Q2	ZNF662	19	10	0	0.0	FALSE	-2.1020557797002	FALSE
SENS_anchor_promoter_tcga_cpm2_both	cell_line	DepMap_22Q2	ZNF671	19	10	6	0.3157894736842105	FALSE	-0.440927860869992	FALSE
SENS_anchor_promoter_tcga_cpm2_both	cell_line	DepMap_22Q2	ZNF678	19	10	14	0.7368421052631579	TRUE	0.751588480175706	TRUE
SENS_anchor_promoter_tcga_cpm2_both	cell_line	DepMap_22Q2	ZNF681	19	10	8	0.42105263157894735	FALSE	0.693055692619942	TRUE
SENS_anchor_promoter_tcga_cpm2_both	cell_line	DepMap_22Q2	ZNF69	19	10	4	0.21052631578947367	FALSE	0.576722915672796	TRUE
SENS_anchor_promoter_tcga_cpm2_both	cell_line	DepMap_22Q2	ZNF710	19	10	0	0.0	FALSE	1.7274148367625	TRUE
SENS_anchor_promoter_tcga_cpm2_both	cell_line	DepMap_22Q2	ZNF717	19	10	5	0.2631578947368421	FALSE	0.20168200313353	TRUE
SENS_anchor_promoter_tcga_cpm2_both	cell_line	DepMap_22Q2	ZNF737	19	10	6	0.3157894736842105	FALSE		FALSE
SENS_anchor_promoter_tcga_cpm2_both	cell_line	DepMap_22Q2	ZNF75D	19	10	14	0.7368421052631579	TRUE	-0.0153124871287335	FALSE
SENS_anchor_promoter_tcga_cpm2_both	cell_line	DepMap_22Q2	ZNF763	19	10	4	0.21052631578947367	FALSE	-0.365238860838627	FALSE
SENS_anchor_promoter_tcga_cpm2_both	cell_line	DepMap_22Q2	ZNF792	19	10	1	0.05263157894736842	FALSE	-0.177636464606226	FALSE
SENS_anchor_promoter_tcga_cpm2_both	cell_line	DepMap_22Q2	ZNF835	19	10	3	0.15789473684210525	FALSE	-0.776387353105142	FALSE
SENS_anchor_promoter_tcga_cpm2_both	cell_line	DepMap_22Q2	ZNF852	19	10	3	0.15789473684210525	FALSE	0.766299647143556	TRUE
SENS_anchor_promoter_tcga_cpm2_both	cell_line	DepMap_22Q2	ZNF860	19	10	10	0.5263157894736842	TRUE	0.700923713836305	TRUE
SENS_anchor_promoter_tcga_cpm2_both	cell_line	DepMap_22Q2	ZSCAN16	19	10	5	0.2631578947368421	FALSE	0.544182216601197	TRUE
SENS_anchor_promoter_tcga_cpm1_merged	patient	TCGA	ABHD14B	22	11	22	1.0	TRUE	7.10698272703473	TRUE
SENS_anchor_promoter_tcga_cpm1_merged	patient	TCGA	ABRA	22	11	0	0.0	FALSE	0.206699213130157	TRUE
SENS_anchor_promoter_tcga_cpm1_merged	patient	TCGA	APBB1	22	11	22	1.0	TRUE	5.0153538926171	TRUE
SENS_anchor_promoter_tcga_cpm1_merged	patient	TCGA	ARX	22	11	19	0.8636363636363636	TRUE	0.95303801457753	TRUE
SENS_anchor_promoter_tcga_cpm1_merged	patient	TCGA	ASCL5	22	11	22	1.0	TRUE	3.07181774747895	TRUE
SENS_anchor_promoter_tcga_cpm1_merged	patient	TCGA	ATOH8	22	11	22	1.0	TRUE	2.53261058157945	TRUE
SENS_anchor_promoter_tcga_cpm1_merged	patient	TCGA	BATF3	22	11	22	1.0	TRUE	3.94560987563308	TRUE
SENS_anchor_promoter_tcga_cpm1_merged	patient	TCGA	BCLAF3	22	11	22	1.0	TRUE	3.68348095820866	TRUE
SENS_anchor_promoter_tcga_cpm1_merged	patient	TCGA	CIITA	22	11	22	1.0	TRUE	5.42767678164645	TRUE
SENS_anchor_promoter_tcga_cpm1_merged	patient	TCGA	CREB3L2	22	11	22	1.0	TRUE	4.45765773984776	TRUE
SENS_anchor_promoter_tcga_cpm1_merged	patient	TCGA	CREBRF	22	11	22	1.0	TRUE	5.416577110246	TRUE
SENS_anchor_promoter_tcga_cpm1_merged	patient	TCGA	CRY2	22	11	22	1.0	TRUE	5.38384025110411	TRUE
SENS_anchor_promoter_tcga_cpm1_merged	patient	TCGA	CSRNP1	22	11	22	1.0	TRUE	6.11739335691758	TRUE
SENS_anchor_promoter_tcga_cpm1_merged	patient	TCGA	DMRTC2	22	11	11	0.5	TRUE	0.520576545946646	TRUE
SENS_anchor_promoter_tcga_cpm1_merged	patient	TCGA	DRGX	22	11	22	1.0	TRUE	3.90867861386881	TRUE
SENS_anchor_promoter_tcga_cpm1_merged	patient	TCGA	E2F5	22	11	22	1.0	TRUE	2.91040354712077	TRUE
SENS_anchor_promoter_tcga_cpm1_merged	patient	TCGA	ELF3	22	11	22	1.0	TRUE	4.00945264575307	TRUE
SENS_anchor_promoter_tcga_cpm1_merged	patient	TCGA	ELF5	22	11	22	1.0	TRUE	2.56962158847614	TRUE
SENS_anchor_promoter_tcga_cpm1_merged	patient	TCGA	EPAS1	22	11	22	1.0	TRUE	5.22667080485923	TRUE
SENS_anchor_promoter_tcga_cpm1_merged	patient	TCGA	ESR1	22	11	22	1.0	TRUE	0.530483568592893	TRUE
SENS_anchor_promoter_tcga_cpm1_merged	patient	TCGA	ETV1	22	11	22	1.0	TRUE	1.99272053365005	TRUE
SENS_anchor_promoter_tcga_cpm1_merged	patient	TCGA	FOXA1	22	11	22	1.0	TRUE	0.937325721431246	TRUE
SENS_anchor_promoter_tcga_cpm1_merged	patient	TCGA	FOXA2	22	11	22	1.0	TRUE	0.575309830146304	TRUE
SENS_anchor_promoter_tcga_cpm1_merged	patient	TCGA	FOXA3	22	11	22	1.0	TRUE	1.31925548460377	TRUE
SENS_anchor_promoter_tcga_cpm1_merged	patient	TCGA	FOXD2	22	11	22	1.0	TRUE	3.80933362119302	TRUE
SENS_anchor_promoter_tcga_cpm1_merged	patient	TCGA	FOXP1	22	11	22	1.0	TRUE	2.54973236279028	TRUE
SENS_anchor_promoter_tcga_cpm1_merged	patient	TCGA	FOXP4	22	11	22	1.0	TRUE	4.98516499160216	TRUE
SENS_anchor_promoter_tcga_cpm1_merged	patient	TCGA	GATA5	22	11	0	0.0	FALSE	0.752933072354766	TRUE
SENS_anchor_promoter_tcga_cpm1_merged	patient	TCGA	GATA6	22	11	22	1.0	TRUE	0.833904903216028	TRUE
SENS_anchor_promoter_tcga_cpm1_merged	patient	TCGA	GCM1	22	11	0	0.0	FALSE	0.186097921178939	TRUE
SENS_anchor_promoter_tcga_cpm1_merged	patient	TCGA	GLIS3	22	11	22	1.0	TRUE	2.05440998226087	TRUE
SENS_anchor_promoter_tcga_cpm1_merged	patient	TCGA	HNF1A	22	11	18	0.8181818181818182	TRUE	0.709980926982564	TRUE
SENS_anchor_promoter_tcga_cpm1_merged	patient	TCGA	HNF1B	22	11	22	1.0	TRUE	6.67481166513423	TRUE
SENS_anchor_promoter_tcga_cpm1_merged	patient	TCGA	HNF4G	22	11	22	1.0	TRUE	2.71229115490242	TRUE
SENS_anchor_promoter_tcga_cpm1_merged	patient	TCGA	HOPX	22	11	22	1.0	TRUE	3.39761612610054	TRUE
SENS_anchor_promoter_tcga_cpm1_merged	patient	TCGA	HOXD1	22	11	22	1.0	TRUE	1.96770718380507	TRUE
SENS_anchor_promoter_tcga_cpm1_merged	patient	TCGA	IKZF4	22	11	22	1.0	TRUE	4.86310338509703	TRUE
SENS_anchor_promoter_tcga_cpm1_merged	patient	TCGA	IL4	22	11	21	0.9545454545454546	TRUE	0.449644369127624	TRUE
SENS_anchor_promoter_tcga_cpm1_merged	patient	TCGA	INSM2	22	11	22	1.0	TRUE	0.183607788583441	TRUE
SENS_anchor_promoter_tcga_cpm1_merged	patient	TCGA	IRF7	22	11	22	1.0	TRUE	5.87120412758395	TRUE
SENS_anchor_promoter_tcga_cpm1_merged	patient	TCGA	IRX3	22	11	22	1.0	TRUE	2.00546893432855	TRUE
SENS_anchor_promoter_tcga_cpm1_merged	patient	TCGA	JADE1	22	11	22	1.0	TRUE	1.19689953909206	TRUE
SENS_anchor_promoter_tcga_cpm1_merged	patient	TCGA	KANK2	22	11	22	1.0	TRUE	8.00255624599019	TRUE
SENS_anchor_promoter_tcga_cpm1_merged	patient	TCGA	KAT2B	22	11	22	1.0	TRUE	4.56452160687931	TRUE
SENS_anchor_promoter_tcga_cpm1_merged	patient	TCGA	KLF2	22	11	22	1.0	TRUE	2.9763096269425	TRUE
SENS_anchor_promoter_tcga_cpm1_merged	patient	TCGA	KLF9	22	11	22	1.0	TRUE	1.59365052905298	TRUE
SENS_anchor_promoter_tcga_cpm1_merged	patient	TCGA	LHX9	22	11	22	1.0	TRUE	2.67224672451943	TRUE
SENS_anchor_promoter_tcga_cpm1_merged	patient	TCGA	LIMD1	22	11	22	1.0	TRUE	6.70643310902033	TRUE
SENS_anchor_promoter_tcga_cpm1_merged	patient	TCGA	LMO3	22	11	22	1.0	TRUE	2.94068533480765	TRUE
SENS_anchor_promoter_tcga_cpm1_merged	patient	TCGA	LPIN2	22	11	22	1.0	TRUE	4.21882144522648	TRUE
SENS_anchor_promoter_tcga_cpm1_merged	patient	TCGA	LYL1	22	11	22	1.0	TRUE	3.68836052007783	TRUE
SENS_anchor_promoter_tcga_cpm1_merged	patient	TCGA	MAGEC3	22	11	7	0.3181818181818182	FALSE	-0.935706317722992	FALSE
SENS_anchor_promoter_tcga_cpm1_merged	patient	TCGA	MAGED2	22	11	22	1.0	TRUE	8.35806459495649	TRUE
SENS_anchor_promoter_tcga_cpm1_merged	patient	TCGA	MAGEE2	22	11	0	0.0	FALSE	1.23385392447935	TRUE
SENS_anchor_promoter_tcga_cpm1_merged	patient	TCGA	MDFIC	22	11	22	1.0	TRUE	4.28200362750224	TRUE
SENS_anchor_promoter_tcga_cpm1_merged	patient	TCGA	MEF2C	22	11	22	1.0	TRUE	5.26142500917214	TRUE
SENS_anchor_promoter_tcga_cpm1_merged	patient	TCGA	MEF2D	22	11	22	1.0	TRUE	3.97643859157333	TRUE
SENS_anchor_promoter_tcga_cpm1_merged	patient	TCGA	MEIS3P1	22	11	0	0.0	FALSE	1.58101258244775	TRUE
SENS_anchor_promoter_tcga_cpm1_merged	patient	TCGA	MEIS3P2	22	11	0	0.0	FALSE	0.693978387902923	TRUE
SENS_anchor_promoter_tcga_cpm1_merged	patient	TCGA	MESP1	22	11	22	1.0	TRUE	4.91558425445857	TRUE
SENS_anchor_promoter_tcga_cpm1_merged	patient	TCGA	MITF	22	11	22	1.0	TRUE	1.97405581425123	TRUE
SENS_anchor_promoter_tcga_cpm1_merged	patient	TCGA	MLLT3	22	11	22	1.0	TRUE	3.68556019946152	TRUE
SENS_anchor_promoter_tcga_cpm1_merged	patient	TCGA	MLLT6	22	11	22	1.0	TRUE	4.96626195809783	TRUE
SENS_anchor_promoter_tcga_cpm1_merged	patient	TCGA	MSANTD1	22	11	0	0.0	FALSE	4.16880126955788	TRUE
SENS_anchor_promoter_tcga_cpm1_merged	patient	TCGA	MXD4	22	11	22	1.0	TRUE	4.44392740904078	TRUE
SENS_anchor_promoter_tcga_cpm1_merged	patient	TCGA	MYRF	22	11	22	1.0	TRUE	3.03802092614382	TRUE
SENS_anchor_promoter_tcga_cpm1_merged	patient	TCGA	MYRFL	22	11	21	0.9545454545454546	TRUE	1.66641930888815	TRUE
SENS_anchor_promoter_tcga_cpm1_merged	patient	TCGA	NANOGP1	22	11	22	1.0	TRUE	-0.00247655693586349	FALSE
SENS_anchor_promoter_tcga_cpm1_merged	patient	TCGA	NCOA7	22	11	22	1.0	TRUE	3.85216585680798	TRUE
SENS_anchor_promoter_tcga_cpm1_merged	patient	TCGA	NEUROG3	22	11	0	0.0	FALSE	-0.126409706311773	FALSE
SENS_anchor_promoter_tcga_cpm1_merged	patient	TCGA	NFATC2	22	11	22	1.0	TRUE	1.6668693447914	TRUE
SENS_anchor_promoter_tcga_cpm1_merged	patient	TCGA	NFATC4	22	11	22	1.0	TRUE	3.63066285829657	TRUE
SENS_anchor_promoter_tcga_cpm1_merged	patient	TCGA	NFE2	22	11	22	1.0	TRUE	1.90716046954161	TRUE
SENS_anchor_promoter_tcga_cpm1_merged	patient	TCGA	NKX2-1	22	11	22	1.0	TRUE	3.59121002517	TRUE
SENS_anchor_promoter_tcga_cpm1_merged	patient	TCGA	NOTO	22	11	22	1.0	TRUE	-0.0453701153807665	FALSE
SENS_anchor_promoter_tcga_cpm1_merged	patient	TCGA	NR0B2	22	11	22	1.0	TRUE	2.5338614265596	TRUE
SENS_anchor_promoter_tcga_cpm1_merged	patient	TCGA	NR1H4	22	11	0	0.0	FALSE	0.45878574363879	TRUE
SENS_anchor_promoter_tcga_cpm1_merged	patient	TCGA	NR2F1	22	11	22	1.0	TRUE	1.44984740066213	TRUE
SENS_anchor_promoter_tcga_cpm1_merged	patient	TCGA	NR2F6	22	11	22	1.0	TRUE	6.34606086392718	TRUE
SENS_anchor_promoter_tcga_cpm1_merged	patient	TCGA	NR3C2	22	11	22	1.0	TRUE	4.62937391164314	TRUE
SENS_anchor_promoter_tcga_cpm1_merged	patient	TCGA	OLIG1	22	11	21	0.9545454545454546	TRUE	0.847419005674374	TRUE
SENS_anchor_promoter_tcga_cpm1_merged	patient	TCGA	ONECUT1	22	11	22	1.0	TRUE	1.06010006859526	TRUE
SENS_anchor_promoter_tcga_cpm1_merged	patient	TCGA	PHC2	22	11	22	1.0	TRUE	8.73096313861103	TRUE
SENS_anchor_promoter_tcga_cpm1_merged	patient	TCGA	POU1F1	22	11	0	0.0	FALSE	-0.396982890984428	FALSE
SENS_anchor_promoter_tcga_cpm1_merged	patient	TCGA	PPARGC1A	22	11	22	1.0	TRUE	1.17547889433161	TRUE
SENS_anchor_promoter_tcga_cpm1_merged	patient	TCGA	PRDM16	22	11	22	1.0	TRUE	1.17665399423207	TRUE
SENS_anchor_promoter_tcga_cpm1_merged	patient	TCGA	PRDM8	22	11	22	1.0	TRUE	1.47696953403492	TRUE
SENS_anchor_promoter_tcga_cpm1_merged	patient	TCGA	RARA	22	11	22	1.0	TRUE	7.39485252583488	TRUE
SENS_anchor_promoter_tcga_cpm1_merged	patient	TCGA	RORB	22	11	22	1.0	TRUE	1.41946980581635	TRUE
SENS_anchor_promoter_tcga_cpm1_merged	patient	TCGA	RORC	22	11	22	1.0	TRUE	4.71638234602674	TRUE
SENS_anchor_promoter_tcga_cpm1_merged	patient	TCGA	SAMD11	22	11	22	1.0	TRUE	1.43461515024081	TRUE
SENS_anchor_promoter_tcga_cpm1_merged	patient	TCGA	SMAD6	22	11	22	1.0	TRUE	1.64804462499274	TRUE
SENS_anchor_promoter_tcga_cpm1_merged	patient	TCGA	SMAD7	22	11	22	1.0	TRUE	2.04620328613556	TRUE
SENS_anchor_promoter_tcga_cpm1_merged	patient	TCGA	SP110	22	11	22	1.0	TRUE	3.03325699113213	TRUE
SENS_anchor_promoter_tcga_cpm1_merged	patient	TCGA	SP5	22	11	22	1.0	TRUE	0.691548364566159	TRUE
SENS_anchor_promoter_tcga_cpm1_merged	patient	TCGA	SPDEF	22	11	22	1.0	TRUE	3.71084519007246	TRUE
SENS_anchor_promoter_tcga_cpm1_merged	patient	TCGA	TBX15	22	11	0	0.0	FALSE	2.14049034348362	TRUE
SENS_anchor_promoter_tcga_cpm1_merged	patient	TCGA	TBX4	22	11	22	1.0	TRUE	0.685650734208334	TRUE
SENS_anchor_promoter_tcga_cpm1_merged	patient	TCGA	TBXT	22	11	0	0.0	FALSE	-0.119673946775767	FALSE
SENS_anchor_promoter_tcga_cpm1_merged	patient	TCGA	TCF21	22	11	0	0.0	FALSE	3.6112891718432	TRUE
SENS_anchor_promoter_tcga_cpm1_merged	patient	TCGA	TFCP2L1	22	11	22	1.0	TRUE	3.04870949867569	TRUE
SENS_anchor_promoter_tcga_cpm1_merged	patient	TCGA	TOX3	22	11	22	1.0	TRUE	3.7088476828776	TRUE
SENS_anchor_promoter_tcga_cpm1_merged	patient	TCGA	TP53INP1	22	11	22	1.0	TRUE	-0.607358689439888	FALSE
SENS_anchor_promoter_tcga_cpm1_merged	patient	TCGA	VDR	22	11	22	1.0	TRUE	5.63839163621946	TRUE
SENS_anchor_promoter_tcga_cpm1_merged	patient	TCGA	VENTX	22	11	0	0.0	FALSE	2.64319048671033	TRUE
SENS_anchor_promoter_tcga_cpm1_merged	patient	TCGA	VSX1	22	11	16	0.7272727272727273	TRUE	1.78223177590866	TRUE
SENS_anchor_promoter_tcga_cpm1_merged	patient	TCGA	WTIP	22	11	21	0.9545454545454546	TRUE	3.22609279653159	TRUE
SENS_anchor_promoter_tcga_cpm1_merged	patient	TCGA	WWC1	22	11	22	1.0	TRUE	5.94385560499317	TRUE
SENS_anchor_promoter_tcga_cpm1_merged	patient	TCGA	WWC2	22	11	22	1.0	TRUE	3.69844054143666	TRUE
SENS_anchor_promoter_tcga_cpm1_merged	patient	TCGA	XBP1	22	11	22	1.0	TRUE	1.38467043956622	TRUE
SENS_anchor_promoter_tcga_cpm1_merged	patient	TCGA	ZBTB10	22	11	22	1.0	TRUE	1.76364879203115	TRUE
SENS_anchor_promoter_tcga_cpm1_merged	patient	TCGA	ZBTB16	22	11	22	1.0	TRUE	2.19329373794059	TRUE
SENS_anchor_promoter_tcga_cpm1_merged	patient	TCGA	ZBTB18	22	11	22	1.0	TRUE	2.7129559504431	TRUE
SENS_anchor_promoter_tcga_cpm1_merged	patient	TCGA	ZBTB42	22	11	22	1.0	TRUE	5.04513990232523	TRUE
SENS_anchor_promoter_tcga_cpm1_merged	patient	TCGA	ZBTB46	22	11	22	1.0	TRUE	3.36099785883395	TRUE
SENS_anchor_promoter_tcga_cpm1_merged	patient	TCGA	ZFHX2	22	11	22	1.0	TRUE	1.46013403182178	TRUE
SENS_anchor_promoter_tcga_cpm1_merged	patient	TCGA	ZFP2	22	11	22	1.0	TRUE	1.62800019344276	TRUE
SENS_anchor_promoter_tcga_cpm1_merged	patient	TCGA	ZFP57	22	11	0	0.0	FALSE	0.944491156127686	TRUE
SENS_anchor_promoter_tcga_cpm1_merged	patient	TCGA	ZMYND15	22	11	22	1.0	TRUE	4.53957897699354	TRUE
SENS_anchor_promoter_tcga_cpm1_merged	patient	TCGA	ZNF117	22	11	22	1.0	TRUE	1.45397263073166	TRUE
SENS_anchor_promoter_tcga_cpm1_merged	patient	TCGA	ZNF141	22	11	22	1.0	TRUE	1.93869288473252	TRUE
SENS_anchor_promoter_tcga_cpm1_merged	patient	TCGA	ZNF19	22	11	22	1.0	TRUE	3.51263691428844	TRUE
SENS_anchor_promoter_tcga_cpm1_merged	patient	TCGA	ZNF214	22	11	22	1.0	TRUE	2.11113165828075	TRUE
SENS_anchor_promoter_tcga_cpm1_merged	patient	TCGA	ZNF239	22	11	22	1.0	TRUE	0.753954177831367	TRUE
SENS_anchor_promoter_tcga_cpm1_merged	patient	TCGA	ZNF254	22	11	22	1.0	TRUE	1.48441996619309	TRUE
SENS_anchor_promoter_tcga_cpm1_merged	patient	TCGA	ZNF281	22	11	22	1.0	TRUE	3.15495766754712	TRUE
SENS_anchor_promoter_tcga_cpm1_merged	patient	TCGA	ZNF33A	22	11	22	1.0	TRUE	1.03386505705428	TRUE
SENS_anchor_promoter_tcga_cpm1_merged	patient	TCGA	ZNF33B	22	11	22	1.0	TRUE	1.3727921999881	TRUE
SENS_anchor_promoter_tcga_cpm1_merged	patient	TCGA	ZNF341	22	11	22	1.0	TRUE	3.3306570610196	TRUE
SENS_anchor_promoter_tcga_cpm1_merged	patient	TCGA	ZNF382	22	11	21	0.9545454545454546	TRUE	0.847219961420617	TRUE
SENS_anchor_promoter_tcga_cpm1_merged	patient	TCGA	ZNF396	22	11	22	1.0	TRUE	3.11536646866569	TRUE
SENS_anchor_promoter_tcga_cpm1_merged	patient	TCGA	ZNF429	22	11	22	1.0	TRUE	1.05333986414706	TRUE
SENS_anchor_promoter_tcga_cpm1_merged	patient	TCGA	ZNF441	22	11	22	1.0	TRUE	0.632913252771396	TRUE
SENS_anchor_promoter_tcga_cpm1_merged	patient	TCGA	ZNF444	22	11	22	1.0	TRUE	3.24278335615053	TRUE
SENS_anchor_promoter_tcga_cpm1_merged	patient	TCGA	ZNF467	22	11	22	1.0	TRUE	4.51810667305064	TRUE
SENS_anchor_promoter_tcga_cpm1_merged	patient	TCGA	ZNF483	22	11	22	1.0	TRUE	1.97093820238513	TRUE
SENS_anchor_promoter_tcga_cpm1_merged	patient	TCGA	ZNF486	22	11	22	1.0	TRUE	0.348905588052191	TRUE
SENS_anchor_promoter_tcga_cpm1_merged	patient	TCGA	ZNF493	22	11	22	1.0	TRUE	0.326999896418354	TRUE
SENS_anchor_promoter_tcga_cpm1_merged	patient	TCGA	ZNF540	22	11	22	1.0	TRUE	1.45945279939804	TRUE
SENS_anchor_promoter_tcga_cpm1_merged	patient	TCGA	ZNF541	22	11	18	0.8181818181818182	TRUE	3.56071102166037	TRUE
SENS_anchor_promoter_tcga_cpm1_merged	patient	TCGA	ZNF597	22	11	22	1.0	TRUE	1.15499234061918	TRUE
SENS_anchor_promoter_tcga_cpm1_merged	patient	TCGA	ZNF608	22	11	22	1.0	TRUE	1.53786962642159	TRUE
SENS_anchor_promoter_tcga_cpm1_merged	patient	TCGA	ZNF620	22	11	22	1.0	TRUE	3.15567860437697	TRUE
SENS_anchor_promoter_tcga_cpm1_merged	patient	TCGA	ZNF662	22	11	19	0.8636363636363636	TRUE	1.2131288714133	TRUE
SENS_anchor_promoter_tcga_cpm1_merged	patient	TCGA	ZNF671	22	11	22	1.0	TRUE	0.347503739601032	TRUE
SENS_anchor_promoter_tcga_cpm1_merged	patient	TCGA	ZNF678	22	11	22	1.0	TRUE	2.72591062384592	TRUE
SENS_anchor_promoter_tcga_cpm1_merged	patient	TCGA	ZNF681	22	11	22	1.0	TRUE	0.322462882337443	TRUE
SENS_anchor_promoter_tcga_cpm1_merged	patient	TCGA	ZNF69	22	11	22	1.0	TRUE	2.36618827283218	TRUE
SENS_anchor_promoter_tcga_cpm1_merged	patient	TCGA	ZNF710	22	11	22	1.0	TRUE	3.6465414595342	TRUE
SENS_anchor_promoter_tcga_cpm1_merged	patient	TCGA	ZNF717	22	11	22	1.0	TRUE	0.367229029961227	TRUE
SENS_anchor_promoter_tcga_cpm1_merged	patient	TCGA	ZNF737	22	11	22	1.0	TRUE	-0.0999473010674684	FALSE
SENS_anchor_promoter_tcga_cpm1_merged	patient	TCGA	ZNF75D	22	11	22	1.0	TRUE	1.96492041190927	TRUE
SENS_anchor_promoter_tcga_cpm1_merged	patient	TCGA	ZNF763	22	11	22	1.0	TRUE	0.964336139165812	TRUE
SENS_anchor_promoter_tcga_cpm1_merged	patient	TCGA	ZNF792	22	11	22	1.0	TRUE	1.40105403571638	TRUE
SENS_anchor_promoter_tcga_cpm1_merged	patient	TCGA	ZNF835	22	11	21	0.9545454545454546	TRUE	1.17400060373385	TRUE
SENS_anchor_promoter_tcga_cpm1_merged	patient	TCGA	ZNF852	22	11	22	1.0	TRUE	1.5992315126802	TRUE
SENS_anchor_promoter_tcga_cpm1_merged	patient	TCGA	ZNF860	22	11	22	1.0	TRUE	1.28597039147626	TRUE
SENS_anchor_promoter_tcga_cpm1_merged	patient	TCGA	ZSCAN16	22	11	22	1.0	TRUE	2.19861115410941	TRUE
SENS_anchor_promoter_tcga_cpm1_merged	PDX	PDMR_PDX	ABHD14B	13	7	7	0.5384615384615384	TRUE	3.83411957772496	TRUE
SENS_anchor_promoter_tcga_cpm1_merged	PDX	PDMR_PDX	ABRA	13	7	0	0.0	FALSE	-2.58966960289918	FALSE
SENS_anchor_promoter_tcga_cpm1_merged	PDX	PDMR_PDX	APBB1	13	7	2	0.15384615384615385	FALSE	-0.548273862954927	FALSE
SENS_anchor_promoter_tcga_cpm1_merged	PDX	PDMR_PDX	ARX	13	7	1	0.07692307692307693	FALSE	-0.341629895903198	FALSE
SENS_anchor_promoter_tcga_cpm1_merged	PDX	PDMR_PDX	ASCL5	13	7	1	0.07692307692307693	FALSE	-0.251337243056997	FALSE
SENS_anchor_promoter_tcga_cpm1_merged	PDX	PDMR_PDX	ATOH8	13	7	0	0.0	FALSE	-0.664202793343812	FALSE
SENS_anchor_promoter_tcga_cpm1_merged	PDX	PDMR_PDX	BATF3	13	7	4	0.3076923076923077	FALSE	-0.646858830263657	FALSE
SENS_anchor_promoter_tcga_cpm1_merged	PDX	PDMR_PDX	BCLAF3	13	7	5	0.38461538461538464	FALSE	0.46907160972623	TRUE
SENS_anchor_promoter_tcga_cpm1_merged	PDX	PDMR_PDX	CIITA	13	7	1	0.07692307692307693	FALSE	-2.13388212412719	FALSE
SENS_anchor_promoter_tcga_cpm1_merged	PDX	PDMR_PDX	CREB3L2	13	7	10	0.7692307692307693	TRUE	1.80368249437254	TRUE
SENS_anchor_promoter_tcga_cpm1_merged	PDX	PDMR_PDX	CREBRF	13	7	10	0.7692307692307693	TRUE	1.6952670193717	TRUE
SENS_anchor_promoter_tcga_cpm1_merged	PDX	PDMR_PDX	CRY2	13	7	10	0.7692307692307693	TRUE	1.19677696752484	TRUE
SENS_anchor_promoter_tcga_cpm1_merged	PDX	PDMR_PDX	CSRNP1	13	7	7	0.5384615384615384	TRUE	1.45358366021724	TRUE
SENS_anchor_promoter_tcga_cpm1_merged	PDX	PDMR_PDX	DMRTC2	13	7	1	0.07692307692307693	FALSE	-0.845846757832656	FALSE
SENS_anchor_promoter_tcga_cpm1_merged	PDX	PDMR_PDX	DRGX	13	7	0	0.0	FALSE	0.0228448660821765	TRUE
SENS_anchor_promoter_tcga_cpm1_merged	PDX	PDMR_PDX	E2F5	13	7	9	0.6923076923076923	TRUE	1.74103075558624	TRUE
SENS_anchor_promoter_tcga_cpm1_merged	PDX	PDMR_PDX	ELF3	13	7	8	0.6153846153846154	TRUE	2.23246810365467	TRUE
SENS_anchor_promoter_tcga_cpm1_merged	PDX	PDMR_PDX	ELF5	13	7	0	0.0	FALSE	-1.94901287523946	FALSE
SENS_anchor_promoter_tcga_cpm1_merged	PDX	PDMR_PDX	EPAS1	13	7	8	0.6153846153846154	TRUE	1.20662415271538	TRUE
SENS_anchor_promoter_tcga_cpm1_merged	PDX	PDMR_PDX	ESR1	13	7	3	0.23076923076923078	FALSE	-0.0601598431213857	FALSE
SENS_anchor_promoter_tcga_cpm1_merged	PDX	PDMR_PDX	ETV1	13	7	9	0.6923076923076923	TRUE	-0.609556862953565	FALSE
SENS_anchor_promoter_tcga_cpm1_merged	PDX	PDMR_PDX	FOXA1	13	7	4	0.3076923076923077	FALSE	0.461064099492983	TRUE
SENS_anchor_promoter_tcga_cpm1_merged	PDX	PDMR_PDX	FOXA2	13	7	3	0.23076923076923078	FALSE	-0.260091545890401	FALSE
SENS_anchor_promoter_tcga_cpm1_merged	PDX	PDMR_PDX	FOXA3	13	7	9	0.6923076923076923	TRUE	-0.883004761734181	FALSE
SENS_anchor_promoter_tcga_cpm1_merged	PDX	PDMR_PDX	FOXD2	13	7	8	0.6153846153846154	TRUE	0.683739642553749	TRUE
SENS_anchor_promoter_tcga_cpm1_merged	PDX	PDMR_PDX	FOXP1	13	7	3	0.23076923076923078	FALSE	0.677602416605842	TRUE
SENS_anchor_promoter_tcga_cpm1_merged	PDX	PDMR_PDX	FOXP4	13	7	5	0.38461538461538464	FALSE	1.80759208016716	TRUE
SENS_anchor_promoter_tcga_cpm1_merged	PDX	PDMR_PDX	GATA5	13	7	1	0.07692307692307693	FALSE	-0.624147141608721	FALSE
SENS_anchor_promoter_tcga_cpm1_merged	PDX	PDMR_PDX	GATA6	13	7	1	0.07692307692307693	FALSE	-1.309843155124	FALSE
SENS_anchor_promoter_tcga_cpm1_merged	PDX	PDMR_PDX	GCM1	13	7	0	0.0	FALSE	-2.22885618026692	FALSE
SENS_anchor_promoter_tcga_cpm1_merged	PDX	PDMR_PDX	GLIS3	13	7	1	0.07692307692307693	FALSE	1.3923751754147	TRUE
SENS_anchor_promoter_tcga_cpm1_merged	PDX	PDMR_PDX	HNF1A	13	7	0	0.0	FALSE	-1.09303156642187	FALSE
SENS_anchor_promoter_tcga_cpm1_merged	PDX	PDMR_PDX	HNF1B	13	7	0	0.0	FALSE	1.25099413333262	TRUE
SENS_anchor_promoter_tcga_cpm1_merged	PDX	PDMR_PDX	HNF4G	13	7	5	0.38461538461538464	FALSE	1.13431316786431	TRUE
SENS_anchor_promoter_tcga_cpm1_merged	PDX	PDMR_PDX	HOPX	13	7	1	0.07692307692307693	FALSE	1.19502335498509	TRUE
SENS_anchor_promoter_tcga_cpm1_merged	PDX	PDMR_PDX	HOXD1	13	7	4	0.3076923076923077	FALSE	1.33759256890656	TRUE
SENS_anchor_promoter_tcga_cpm1_merged	PDX	PDMR_PDX	IKZF4	13	7	5	0.38461538461538464	FALSE	1.52231906964897	TRUE
SENS_anchor_promoter_tcga_cpm1_merged	PDX	PDMR_PDX	IL4	13	7	1	0.07692307692307693	FALSE	-1.99120350242317	FALSE
SENS_anchor_promoter_tcga_cpm1_merged	PDX	PDMR_PDX	INSM2	13	7	4	0.3076923076923077	FALSE	-0.824240914559846	FALSE
SENS_anchor_promoter_tcga_cpm1_merged	PDX	PDMR_PDX	IRF7	13	7	0	0.0	FALSE	2.63895743480366	TRUE
SENS_anchor_promoter_tcga_cpm1_merged	PDX	PDMR_PDX	IRX3	13	7	4	0.3076923076923077	FALSE	0.341054446226155	TRUE
SENS_anchor_promoter_tcga_cpm1_merged	PDX	PDMR_PDX	JADE1	13	7	6	0.46153846153846156	FALSE	0.465905892195857	TRUE
SENS_anchor_promoter_tcga_cpm1_merged	PDX	PDMR_PDX	KANK2	13	7	8	0.6153846153846154	TRUE	1.14432591850981	TRUE
SENS_anchor_promoter_tcga_cpm1_merged	PDX	PDMR_PDX	KAT2B	13	7	4	0.3076923076923077	FALSE	-0.276827738269315	FALSE
SENS_anchor_promoter_tcga_cpm1_merged	PDX	PDMR_PDX	KLF2	13	7	8	0.6153846153846154	TRUE	-0.697802729745059	FALSE
SENS_anchor_promoter_tcga_cpm1_merged	PDX	PDMR_PDX	KLF9	13	7	6	0.46153846153846156	FALSE	1.19661692102758	TRUE
SENS_anchor_promoter_tcga_cpm1_merged	PDX	PDMR_PDX	LHX9	13	7	1	0.07692307692307693	FALSE	-1.30161476428096	FALSE
SENS_anchor_promoter_tcga_cpm1_merged	PDX	PDMR_PDX	LIMD1	13	7	3	0.23076923076923078	FALSE	1.46934245612872	TRUE
SENS_anchor_promoter_tcga_cpm1_merged	PDX	PDMR_PDX	LMO3	13	7	0	0.0	FALSE	-0.180186355893363	FALSE
SENS_anchor_promoter_tcga_cpm1_merged	PDX	PDMR_PDX	LPIN2	13	7	7	0.5384615384615384	TRUE	1.16600073649317	TRUE
SENS_anchor_promoter_tcga_cpm1_merged	PDX	PDMR_PDX	LYL1	13	7	1	0.07692307692307693	FALSE	-0.793855023172207	FALSE
SENS_anchor_promoter_tcga_cpm1_merged	PDX	PDMR_PDX	MAGEC3	13	7	0	0.0	FALSE	-1.59852276572392	FALSE
SENS_anchor_promoter_tcga_cpm1_merged	PDX	PDMR_PDX	MAGED2	13	7	10	0.7692307692307693	TRUE	3.78239113560362	TRUE
SENS_anchor_promoter_tcga_cpm1_merged	PDX	PDMR_PDX	MAGEE2	13	7	0	0.0	FALSE	-1.32861644810414	FALSE
SENS_anchor_promoter_tcga_cpm1_merged	PDX	PDMR_PDX	MDFIC	13	7	7	0.5384615384615384	TRUE	3.30256910211767	TRUE
SENS_anchor_promoter_tcga_cpm1_merged	PDX	PDMR_PDX	MEF2C	13	7	2	0.15384615384615385	FALSE	-0.450635453305447	FALSE
SENS_anchor_promoter_tcga_cpm1_merged	PDX	PDMR_PDX	MEF2D	13	7	10	0.7692307692307693	TRUE	2.23100779985039	TRUE
SENS_anchor_promoter_tcga_cpm1_merged	PDX	PDMR_PDX	MEIS3P1	13	7	0	0.0	FALSE	2.15245204461075	TRUE
SENS_anchor_promoter_tcga_cpm1_merged	PDX	PDMR_PDX	MEIS3P2	13	7	0	0.0	FALSE	-0.29425625257681	FALSE
SENS_anchor_promoter_tcga_cpm1_merged	PDX	PDMR_PDX	MESP1	13	7	4	0.3076923076923077	FALSE	2.25547444533025	TRUE
SENS_anchor_promoter_tcga_cpm1_merged	PDX	PDMR_PDX	MITF	13	7	6	0.46153846153846156	FALSE	1.23784308167123	TRUE
SENS_anchor_promoter_tcga_cpm1_merged	PDX	PDMR_PDX	MLLT3	13	7	2	0.15384615384615385	FALSE	2.09876230603982	TRUE
SENS_anchor_promoter_tcga_cpm1_merged	PDX	PDMR_PDX	MLLT6	13	7	0	0.0	FALSE	1.13350645959511	TRUE
SENS_anchor_promoter_tcga_cpm1_merged	PDX	PDMR_PDX	MSANTD1	13	7	0	0.0	FALSE	0.212010996332135	TRUE
SENS_anchor_promoter_tcga_cpm1_merged	PDX	PDMR_PDX	MXD4	13	7	10	0.7692307692307693	TRUE	1.05093573969678	TRUE
SENS_anchor_promoter_tcga_cpm1_merged	PDX	PDMR_PDX	MYRF	13	7	2	0.15384615384615385	FALSE	-0.0193086348974985	FALSE
SENS_anchor_promoter_tcga_cpm1_merged	PDX	PDMR_PDX	MYRFL	13	7	0	0.0	FALSE	-0.631568753818511	FALSE
SENS_anchor_promoter_tcga_cpm1_merged	PDX	PDMR_PDX	NANOGP1	13	7	0	0.0	FALSE	-0.520804177144856	FALSE
SENS_anchor_promoter_tcga_cpm1_merged	PDX	PDMR_PDX	NCOA7	13	7	9	0.6923076923076923	TRUE	1.18697896731189	TRUE
SENS_anchor_promoter_tcga_cpm1_merged	PDX	PDMR_PDX	NEUROG3	13	7	1	0.07692307692307693	FALSE	-1.41159991891326	FALSE
SENS_anchor_promoter_tcga_cpm1_merged	PDX	PDMR_PDX	NFATC2	13	7	4	0.3076923076923077	FALSE	-0.0262416232272816	FALSE
SENS_anchor_promoter_tcga_cpm1_merged	PDX	PDMR_PDX	NFATC4	13	7	8	0.6153846153846154	TRUE	0.422542422136536	TRUE
SENS_anchor_promoter_tcga_cpm1_merged	PDX	PDMR_PDX	NFE2	13	7	1	0.07692307692307693	FALSE	0.675888935419977	TRUE
SENS_anchor_promoter_tcga_cpm1_merged	PDX	PDMR_PDX	NKX2-1	13	7	1	0.07692307692307693	FALSE	0.0526922708652373	TRUE
SENS_anchor_promoter_tcga_cpm1_merged	PDX	PDMR_PDX	NOTO	13	7	1	0.07692307692307693	FALSE	-2.21996455175478	FALSE
SENS_anchor_promoter_tcga_cpm1_merged	PDX	PDMR_PDX	NR0B2	13	7	1	0.07692307692307693	FALSE	-2.4961929056332	FALSE
SENS_anchor_promoter_tcga_cpm1_merged	PDX	PDMR_PDX	NR1H4	13	7	0	0.0	FALSE	-2.07359764290909	FALSE
SENS_anchor_promoter_tcga_cpm1_merged	PDX	PDMR_PDX	NR2F1	13	7	1	0.07692307692307693	FALSE	-1.13313062961217	FALSE
SENS_anchor_promoter_tcga_cpm1_merged	PDX	PDMR_PDX	NR2F6	13	7	5	0.38461538461538464	FALSE	3.05623225946323	TRUE
SENS_anchor_promoter_tcga_cpm1_merged	PDX	PDMR_PDX	NR3C2	13	7	10	0.7692307692307693	TRUE	0.652152315519307	TRUE
SENS_anchor_promoter_tcga_cpm1_merged	PDX	PDMR_PDX	OLIG1	13	7	0	0.0	FALSE	-1.27413215202565	FALSE
SENS_anchor_promoter_tcga_cpm1_merged	PDX	PDMR_PDX	ONECUT1	13	7	3	0.23076923076923078	FALSE	0.563758142753872	TRUE
SENS_anchor_promoter_tcga_cpm1_merged	PDX	PDMR_PDX	PHC2	13	7	9	0.6923076923076923	TRUE	4.70689738737984	TRUE
SENS_anchor_promoter_tcga_cpm1_merged	PDX	PDMR_PDX	POU1F1	13	7	0	0.0	FALSE	-1.04087612742795	FALSE
SENS_anchor_promoter_tcga_cpm1_merged	PDX	PDMR_PDX	PPARGC1A	13	7	0	0.0	FALSE	-1.84830738868435	FALSE
SENS_anchor_promoter_tcga_cpm1_merged	PDX	PDMR_PDX	PRDM16	13	7	1	0.07692307692307693	FALSE	-0.73703328508404	FALSE
SENS_anchor_promoter_tcga_cpm1_merged	PDX	PDMR_PDX	PRDM8	13	7	6	0.46153846153846156	FALSE	-0.046756028354387	FALSE
SENS_anchor_promoter_tcga_cpm1_merged	PDX	PDMR_PDX	RARA	13	7	8	0.6153846153846154	TRUE	2.70976623856701	TRUE
SENS_anchor_promoter_tcga_cpm1_merged	PDX	PDMR_PDX	RORB	13	7	2	0.15384615384615385	FALSE	-1.57729408452424	FALSE
SENS_anchor_promoter_tcga_cpm1_merged	PDX	PDMR_PDX	RORC	13	7	5	0.38461538461538464	FALSE	1.69161799095405	TRUE
SENS_anchor_promoter_tcga_cpm1_merged	PDX	PDMR_PDX	SAMD11	13	7	0	0.0	FALSE	-1.16410787369271	FALSE
SENS_anchor_promoter_tcga_cpm1_merged	PDX	PDMR_PDX	SMAD6	13	7	4	0.3076923076923077	FALSE	-0.311893062301658	FALSE
SENS_anchor_promoter_tcga_cpm1_merged	PDX	PDMR_PDX	SMAD7	13	7	3	0.23076923076923078	FALSE	0.263891709168629	TRUE
SENS_anchor_promoter_tcga_cpm1_merged	PDX	PDMR_PDX	SP110	13	7	4	0.3076923076923077	FALSE	1.10679880268414	TRUE
SENS_anchor_promoter_tcga_cpm1_merged	PDX	PDMR_PDX	SP5	13	7	4	0.3076923076923077	FALSE	0.318062063882912	TRUE
SENS_anchor_promoter_tcga_cpm1_merged	PDX	PDMR_PDX	SPDEF	13	7	0	0.0	FALSE	1.38817183726269	TRUE
SENS_anchor_promoter_tcga_cpm1_merged	PDX	PDMR_PDX	TBX15	13	7	1	0.07692307692307693	FALSE	-0.0157008260665552	FALSE
SENS_anchor_promoter_tcga_cpm1_merged	PDX	PDMR_PDX	TBX4	13	7	1	0.07692307692307693	FALSE	-0.827837422892531	FALSE
SENS_anchor_promoter_tcga_cpm1_merged	PDX	PDMR_PDX	TBXT	13	7	0	0.0	FALSE	-1.66725127059851	FALSE
SENS_anchor_promoter_tcga_cpm1_merged	PDX	PDMR_PDX	TCF21	13	7	0	0.0	FALSE	-2.98813391568845	FALSE
SENS_anchor_promoter_tcga_cpm1_merged	PDX	PDMR_PDX	TFCP2L1	13	7	4	0.3076923076923077	FALSE	-0.131889795880597	FALSE
SENS_anchor_promoter_tcga_cpm1_merged	PDX	PDMR_PDX	TOX3	13	7	2	0.15384615384615385	FALSE	-0.633624621992184	FALSE
SENS_anchor_promoter_tcga_cpm1_merged	PDX	PDMR_PDX	TP53INP1	13	7	7	0.5384615384615384	TRUE	-4.602041102174	FALSE
SENS_anchor_promoter_tcga_cpm1_merged	PDX	PDMR_PDX	VDR	13	7	5	0.38461538461538464	FALSE	1.79440454325817	TRUE
SENS_anchor_promoter_tcga_cpm1_merged	PDX	PDMR_PDX	VENTX	13	7	0	0.0	FALSE	-2.09031136034354	FALSE
SENS_anchor_promoter_tcga_cpm1_merged	PDX	PDMR_PDX	VSX1	13	7	0	0.0	FALSE	0.095142399350142	TRUE
SENS_anchor_promoter_tcga_cpm1_merged	PDX	PDMR_PDX	WTIP	13	7	1	0.07692307692307693	FALSE	0.168871817548402	TRUE
SENS_anchor_promoter_tcga_cpm1_merged	PDX	PDMR_PDX	WWC1	13	7	3	0.23076923076923078	FALSE	2.80707140108985	TRUE
SENS_anchor_promoter_tcga_cpm1_merged	PDX	PDMR_PDX	WWC2	13	7	8	0.6153846153846154	TRUE	1.99590260615829	TRUE
SENS_anchor_promoter_tcga_cpm1_merged	PDX	PDMR_PDX	XBP1	13	7	10	0.7692307692307693	TRUE	-0.213656309228	FALSE
SENS_anchor_promoter_tcga_cpm1_merged	PDX	PDMR_PDX	ZBTB10	13	7	4	0.3076923076923077	FALSE	1.13899824477404	TRUE
SENS_anchor_promoter_tcga_cpm1_merged	PDX	PDMR_PDX	ZBTB16	13	7	1	0.07692307692307693	FALSE	-1.08776486088194	FALSE
SENS_anchor_promoter_tcga_cpm1_merged	PDX	PDMR_PDX	ZBTB18	13	7	10	0.7692307692307693	TRUE	0.546057468912367	TRUE
SENS_anchor_promoter_tcga_cpm1_merged	PDX	PDMR_PDX	ZBTB42	13	7	6	0.46153846153846156	FALSE	1.767012472124	TRUE
SENS_anchor_promoter_tcga_cpm1_merged	PDX	PDMR_PDX	ZBTB46	13	7	2	0.15384615384615385	FALSE	-0.213280754634958	FALSE
SENS_anchor_promoter_tcga_cpm1_merged	PDX	PDMR_PDX	ZFHX2	13	7	2	0.15384615384615385	FALSE	-0.986975205127823	FALSE
SENS_anchor_promoter_tcga_cpm1_merged	PDX	PDMR_PDX	ZFP2	13	7	5	0.38461538461538464	FALSE	0.0444705896847725	TRUE
SENS_anchor_promoter_tcga_cpm1_merged	PDX	PDMR_PDX	ZFP57	13	7	0	0.0	FALSE	-0.509321794471331	FALSE
SENS_anchor_promoter_tcga_cpm1_merged	PDX	PDMR_PDX	ZMYND15	13	7	2	0.15384615384615385	FALSE	-0.107759334755505	FALSE
SENS_anchor_promoter_tcga_cpm1_merged	PDX	PDMR_PDX	ZNF117	13	7	8	0.6153846153846154	TRUE	0.863372847433591	TRUE
SENS_anchor_promoter_tcga_cpm1_merged	PDX	PDMR_PDX	ZNF141	13	7	10	0.7692307692307693	TRUE	1.08909578848341	TRUE
SENS_anchor_promoter_tcga_cpm1_merged	PDX	PDMR_PDX	ZNF19	13	7	7	0.5384615384615384	TRUE	0.590844433404935	TRUE
SENS_anchor_promoter_tcga_cpm1_merged	PDX	PDMR_PDX	ZNF214	13	7	2	0.15384615384615385	FALSE	-0.546817755364639	FALSE
SENS_anchor_promoter_tcga_cpm1_merged	PDX	PDMR_PDX	ZNF239	13	7	4	0.3076923076923077	FALSE	1.01586054894146	TRUE
SENS_anchor_promoter_tcga_cpm1_merged	PDX	PDMR_PDX	ZNF254	13	7	8	0.6153846153846154	TRUE	0.642404052056453	TRUE
SENS_anchor_promoter_tcga_cpm1_merged	PDX	PDMR_PDX	ZNF281	13	7	9	0.6923076923076923	TRUE	2.3359619382885	TRUE
SENS_anchor_promoter_tcga_cpm1_merged	PDX	PDMR_PDX	ZNF33A	13	7	10	0.7692307692307693	TRUE	-0.758809088255929	FALSE
SENS_anchor_promoter_tcga_cpm1_merged	PDX	PDMR_PDX	ZNF33B	13	7	10	0.7692307692307693	TRUE	0.842689381423336	TRUE
SENS_anchor_promoter_tcga_cpm1_merged	PDX	PDMR_PDX	ZNF341	13	7	9	0.6923076923076923	TRUE	1.29861993355598	TRUE
SENS_anchor_promoter_tcga_cpm1_merged	PDX	PDMR_PDX	ZNF382	13	7	1	0.07692307692307693	FALSE	-0.974414323534309	FALSE
SENS_anchor_promoter_tcga_cpm1_merged	PDX	PDMR_PDX	ZNF396	13	7	3	0.23076923076923078	FALSE	0.609597181308702	TRUE
SENS_anchor_promoter_tcga_cpm1_merged	PDX	PDMR_PDX	ZNF429	13	7	4	0.3076923076923077	FALSE	0.482881165089677	TRUE
SENS_anchor_promoter_tcga_cpm1_merged	PDX	PDMR_PDX	ZNF441	13	7	5	0.38461538461538464	FALSE	-0.0992661588926639	FALSE
SENS_anchor_promoter_tcga_cpm1_merged	PDX	PDMR_PDX	ZNF444	13	7	10	0.7692307692307693	TRUE	0.822998651529021	TRUE
SENS_anchor_promoter_tcga_cpm1_merged	PDX	PDMR_PDX	ZNF467	13	7	0	0.0	FALSE	-0.0521148339394705	FALSE
SENS_anchor_promoter_tcga_cpm1_merged	PDX	PDMR_PDX	ZNF483	13	7	2	0.15384615384615385	FALSE	0.698722805490809	TRUE
SENS_anchor_promoter_tcga_cpm1_merged	PDX	PDMR_PDX	ZNF486	13	7	4	0.3076923076923077	FALSE	0.290756871858934	TRUE
SENS_anchor_promoter_tcga_cpm1_merged	PDX	PDMR_PDX	ZNF493	13	7	6	0.46153846153846156	FALSE	-0.57559146109055	FALSE
SENS_anchor_promoter_tcga_cpm1_merged	PDX	PDMR_PDX	ZNF540	13	7	8	0.6153846153846154	TRUE	-3.35980761403697	FALSE
SENS_anchor_promoter_tcga_cpm1_merged	PDX	PDMR_PDX	ZNF541	13	7	0	0.0	FALSE	-0.96763122200107	FALSE
SENS_anchor_promoter_tcga_cpm1_merged	PDX	PDMR_PDX	ZNF597	13	7	3	0.23076923076923078	FALSE	0.438881418572381	TRUE
SENS_anchor_promoter_tcga_cpm1_merged	PDX	PDMR_PDX	ZNF608	13	7	1	0.07692307692307693	FALSE	-0.214880569367235	FALSE
SENS_anchor_promoter_tcga_cpm1_merged	PDX	PDMR_PDX	ZNF620	13	7	4	0.3076923076923077	FALSE	0.119782270291919	TRUE
SENS_anchor_promoter_tcga_cpm1_merged	PDX	PDMR_PDX	ZNF662	13	7	0	0.0	FALSE	-1.81831015498804	FALSE
SENS_anchor_promoter_tcga_cpm1_merged	PDX	PDMR_PDX	ZNF671	13	7	2	0.15384615384615385	FALSE	-0.296750883176756	FALSE
SENS_anchor_promoter_tcga_cpm1_merged	PDX	PDMR_PDX	ZNF678	13	7	10	0.7692307692307693	TRUE	1.31467195361702	TRUE
SENS_anchor_promoter_tcga_cpm1_merged	PDX	PDMR_PDX	ZNF681	13	7	7	0.5384615384615384	TRUE	0.724915875497317	TRUE
SENS_anchor_promoter_tcga_cpm1_merged	PDX	PDMR_PDX	ZNF69	13	7	3	0.23076923076923078	FALSE	0.722558662520164	TRUE
SENS_anchor_promoter_tcga_cpm1_merged	PDX	PDMR_PDX	ZNF710	13	7	3	0.23076923076923078	FALSE	1.5708608708065	TRUE
SENS_anchor_promoter_tcga_cpm1_merged	PDX	PDMR_PDX	ZNF717	13	7	4	0.3076923076923077	FALSE	0.660366473546319	TRUE
SENS_anchor_promoter_tcga_cpm1_merged	PDX	PDMR_PDX	ZNF737	13	7	6	0.46153846153846156	FALSE	-0.494135109437067	FALSE
SENS_anchor_promoter_tcga_cpm1_merged	PDX	PDMR_PDX	ZNF75D	13	7	9	0.6923076923076923	TRUE	0.284103652222219	TRUE
SENS_anchor_promoter_tcga_cpm1_merged	PDX	PDMR_PDX	ZNF763	13	7	4	0.3076923076923077	FALSE	0.254234885068348	TRUE
SENS_anchor_promoter_tcga_cpm1_merged	PDX	PDMR_PDX	ZNF792	13	7	2	0.15384615384615385	FALSE	0.325583533932591	TRUE
SENS_anchor_promoter_tcga_cpm1_merged	PDX	PDMR_PDX	ZNF835	13	7	1	0.07692307692307693	FALSE	-0.583765559462165	FALSE
SENS_anchor_promoter_tcga_cpm1_merged	PDX	PDMR_PDX	ZNF852	13	7	4	0.3076923076923077	FALSE	0.674427665344126	TRUE
SENS_anchor_promoter_tcga_cpm1_merged	PDX	PDMR_PDX	ZNF860	13	7	6	0.46153846153846156	FALSE	0.959745510269631	TRUE
SENS_anchor_promoter_tcga_cpm1_merged	PDX	PDMR_PDX	ZSCAN16	13	7	3	0.23076923076923078	FALSE	0.636278427200608	TRUE
SENS_anchor_promoter_tcga_cpm1_merged	cell_line	DepMap_22Q2	ABHD14B	19	10	10	0.5263157894736842	TRUE	3.67106869343883	TRUE
SENS_anchor_promoter_tcga_cpm1_merged	cell_line	DepMap_22Q2	ABRA	19	10	0	0.0	FALSE	-3.17144454180489	FALSE
SENS_anchor_promoter_tcga_cpm1_merged	cell_line	DepMap_22Q2	APBB1	19	10	4	0.21052631578947367	FALSE	-1.38752969710185	FALSE
SENS_anchor_promoter_tcga_cpm1_merged	cell_line	DepMap_22Q2	ARX	19	10	0	0.0	FALSE	-1.09993849921181	FALSE
SENS_anchor_promoter_tcga_cpm1_merged	cell_line	DepMap_22Q2	ASCL5	19	10	6	0.3157894736842105	FALSE	-0.621952689769882	FALSE
SENS_anchor_promoter_tcga_cpm1_merged	cell_line	DepMap_22Q2	ATOH8	19	10	0	0.0	FALSE	-1.34457434741505	FALSE
SENS_anchor_promoter_tcga_cpm1_merged	cell_line	DepMap_22Q2	BATF3	19	10	6	0.3157894736842105	FALSE	-1.25505235448278	FALSE
SENS_anchor_promoter_tcga_cpm1_merged	cell_line	DepMap_22Q2	BCLAF3	19	10	16	0.8421052631578947	TRUE	0.519595435048773	TRUE
SENS_anchor_promoter_tcga_cpm1_merged	cell_line	DepMap_22Q2	CIITA	19	10	1	0.05263157894736842	FALSE	-2.77871226172973	FALSE
SENS_anchor_promoter_tcga_cpm1_merged	cell_line	DepMap_22Q2	CREB3L2	19	10	18	0.9473684210526315	TRUE	0.635878536261767	TRUE
SENS_anchor_promoter_tcga_cpm1_merged	cell_line	DepMap_22Q2	CREBRF	19	10	19	1.0	TRUE	0.55854510339881	TRUE
SENS_anchor_promoter_tcga_cpm1_merged	cell_line	DepMap_22Q2	CRY2	19	10	16	0.8421052631578947	TRUE	0.26981768407137	TRUE
SENS_anchor_promoter_tcga_cpm1_merged	cell_line	DepMap_22Q2	CSRNP1	19	10	12	0.631578947368421	TRUE	1.0874058870595	TRUE
SENS_anchor_promoter_tcga_cpm1_merged	cell_line	DepMap_22Q2	DMRTC2	19	10	0	0.0	FALSE	-1.38037367408153	FALSE
SENS_anchor_promoter_tcga_cpm1_merged	cell_line	DepMap_22Q2	DRGX	19	10	0	0.0	FALSE	-1.45660274598459	FALSE
SENS_anchor_promoter_tcga_cpm1_merged	cell_line	DepMap_22Q2	E2F5	19	10	12	0.631578947368421	TRUE	1.84467460588383	TRUE
SENS_anchor_promoter_tcga_cpm1_merged	cell_line	DepMap_22Q2	ELF3	19	10	10	0.5263157894736842	TRUE	1.67305698860623	TRUE
SENS_anchor_promoter_tcga_cpm1_merged	cell_line	DepMap_22Q2	ELF5	19	10	6	0.3157894736842105	FALSE	-3.12665525929759	FALSE
SENS_anchor_promoter_tcga_cpm1_merged	cell_line	DepMap_22Q2	EPAS1	19	10	7	0.3684210526315789	FALSE	0.257813903945943	TRUE
SENS_anchor_promoter_tcga_cpm1_merged	cell_line	DepMap_22Q2	ESR1	19	10	0	0.0	FALSE	-0.350606058756376	FALSE
SENS_anchor_promoter_tcga_cpm1_merged	cell_line	DepMap_22Q2	ETV1	19	10	17	0.8947368421052632	TRUE	-0.581071175956934	FALSE
SENS_anchor_promoter_tcga_cpm1_merged	cell_line	DepMap_22Q2	FOXA1	19	10	10	0.5263157894736842	TRUE	0.0546542218966666	TRUE
SENS_anchor_promoter_tcga_cpm1_merged	cell_line	DepMap_22Q2	FOXA2	19	10	4	0.21052631578947367	FALSE	0.772890269490167	TRUE
SENS_anchor_promoter_tcga_cpm1_merged	cell_line	DepMap_22Q2	FOXA3	19	10	13	0.6842105263157895	TRUE	-1.28378634564309	FALSE
SENS_anchor_promoter_tcga_cpm1_merged	cell_line	DepMap_22Q2	FOXD2	19	10	11	0.5789473684210527	TRUE	0.491369277783987	TRUE
SENS_anchor_promoter_tcga_cpm1_merged	cell_line	DepMap_22Q2	FOXP1	19	10	6	0.3157894736842105	FALSE	-0.128172778161279	FALSE
SENS_anchor_promoter_tcga_cpm1_merged	cell_line	DepMap_22Q2	FOXP4	19	10	11	0.5789473684210527	TRUE	2.10672142157845	TRUE
SENS_anchor_promoter_tcga_cpm1_merged	cell_line	DepMap_22Q2	GATA5	19	10	0	0.0	FALSE	-0.996618303260594	FALSE
SENS_anchor_promoter_tcga_cpm1_merged	cell_line	DepMap_22Q2	GATA6	19	10	11	0.5789473684210527	TRUE	-1.74348306453651	FALSE
SENS_anchor_promoter_tcga_cpm1_merged	cell_line	DepMap_22Q2	GCM1	19	10	0	0.0	FALSE	-2.95825682915399	FALSE
SENS_anchor_promoter_tcga_cpm1_merged	cell_line	DepMap_22Q2	GLIS3	19	10	4	0.21052631578947367	FALSE	0.801627487895999	TRUE
SENS_anchor_promoter_tcga_cpm1_merged	cell_line	DepMap_22Q2	HNF1A	19	10	0	0.0	FALSE	-2.02878131948787	FALSE
SENS_anchor_promoter_tcga_cpm1_merged	cell_line	DepMap_22Q2	HNF1B	19	10	0	0.0	FALSE	-0.35719705216558	FALSE
SENS_anchor_promoter_tcga_cpm1_merged	cell_line	DepMap_22Q2	HNF4G	19	10	9	0.47368421052631576	FALSE	0.4370301516164	TRUE
SENS_anchor_promoter_tcga_cpm1_merged	cell_line	DepMap_22Q2	HOPX	19	10	2	0.10526315789473684	FALSE	0.690541716132616	TRUE
SENS_anchor_promoter_tcga_cpm1_merged	cell_line	DepMap_22Q2	HOXD1	19	10	4	0.21052631578947367	FALSE	0.262711821578026	TRUE
SENS_anchor_promoter_tcga_cpm1_merged	cell_line	DepMap_22Q2	IKZF4	19	10	5	0.2631578947368421	FALSE	0.770157960452382	TRUE
SENS_anchor_promoter_tcga_cpm1_merged	cell_line	DepMap_22Q2	IL4	19	10	2	0.10526315789473684	FALSE	-1.75173617743472	FALSE
SENS_anchor_promoter_tcga_cpm1_merged	cell_line	DepMap_22Q2	INSM2	19	10	16	0.8421052631578947	TRUE	-1.68337183080497	FALSE
SENS_anchor_promoter_tcga_cpm1_merged	cell_line	DepMap_22Q2	IRF7	19	10	0	0.0	FALSE	2.42809889884718	TRUE
SENS_anchor_promoter_tcga_cpm1_merged	cell_line	DepMap_22Q2	IRX3	19	10	11	0.5789473684210527	TRUE	-0.329390320562868	FALSE
SENS_anchor_promoter_tcga_cpm1_merged	cell_line	DepMap_22Q2	JADE1	19	10	16	0.8421052631578947	TRUE	-0.431788932926503	FALSE
SENS_anchor_promoter_tcga_cpm1_merged	cell_line	DepMap_22Q2	KANK2	19	10	3	0.15789473684210525	FALSE	0.597345897821461	TRUE
SENS_anchor_promoter_tcga_cpm1_merged	cell_line	DepMap_22Q2	KAT2B	19	10	3	0.15789473684210525	FALSE	-1.43866593955059	FALSE
SENS_anchor_promoter_tcga_cpm1_merged	cell_line	DepMap_22Q2	KLF2	19	10	7	0.3684210526315789	FALSE	-0.561858578655021	FALSE
SENS_anchor_promoter_tcga_cpm1_merged	cell_line	DepMap_22Q2	KLF9	19	10	12	0.631578947368421	TRUE	1.100566078923	TRUE
SENS_anchor_promoter_tcga_cpm1_merged	cell_line	DepMap_22Q2	LHX9	19	10	6	0.3157894736842105	FALSE	-2.25751563159904	FALSE
SENS_anchor_promoter_tcga_cpm1_merged	cell_line	DepMap_22Q2	LIMD1	19	10	7	0.3684210526315789	FALSE	0.705358539695324	TRUE
SENS_anchor_promoter_tcga_cpm1_merged	cell_line	DepMap_22Q2	LMO3	19	10	0	0.0	FALSE	-1.18358592989121	FALSE
SENS_anchor_promoter_tcga_cpm1_merged	cell_line	DepMap_22Q2	LPIN2	19	10	9	0.47368421052631576	FALSE	0.643680497980781	TRUE
SENS_anchor_promoter_tcga_cpm1_merged	cell_line	DepMap_22Q2	LYL1	19	10	1	0.05263157894736842	FALSE	-0.448883737171652	FALSE
SENS_anchor_promoter_tcga_cpm1_merged	cell_line	DepMap_22Q2	MAGEC3	19	10	1	0.05263157894736842	FALSE	-2.11364848809192	FALSE
SENS_anchor_promoter_tcga_cpm1_merged	cell_line	DepMap_22Q2	MAGED2	19	10	11	0.5789473684210527	TRUE	3.30062502363593	TRUE
SENS_anchor_promoter_tcga_cpm1_merged	cell_line	DepMap_22Q2	MAGEE2	19	10	0	0.0	FALSE	-2.21226341344936	FALSE
SENS_anchor_promoter_tcga_cpm1_merged	cell_line	DepMap_22Q2	MDFIC	19	10	6	0.3157894736842105	FALSE	2.2395473800079	TRUE
SENS_anchor_promoter_tcga_cpm1_merged	cell_line	DepMap_22Q2	MEF2C	19	10	8	0.42105263157894735	FALSE	-2.23637358138697	FALSE
SENS_anchor_promoter_tcga_cpm1_merged	cell_line	DepMap_22Q2	MEF2D	19	10	9	0.47368421052631576	FALSE	2.04437920363765	TRUE
SENS_anchor_promoter_tcga_cpm1_merged	cell_line	DepMap_22Q2	MEIS3P1	19	10	0	0.0	FALSE	1.5206460672112	TRUE
SENS_anchor_promoter_tcga_cpm1_merged	cell_line	DepMap_22Q2	MEIS3P2	19	10	0	0.0	FALSE	-1.16703929048586	FALSE
SENS_anchor_promoter_tcga_cpm1_merged	cell_line	DepMap_22Q2	MESP1	19	10	10	0.5263157894736842	TRUE	2.38304130797947	TRUE
SENS_anchor_promoter_tcga_cpm1_merged	cell_line	DepMap_22Q2	MITF	19	10	16	0.8421052631578947	TRUE	0.882400746787378	TRUE
SENS_anchor_promoter_tcga_cpm1_merged	cell_line	DepMap_22Q2	MLLT3	19	10	10	0.5263157894736842	TRUE	0.972893593984811	TRUE
SENS_anchor_promoter_tcga_cpm1_merged	cell_line	DepMap_22Q2	MLLT6	19	10	0	0.0	FALSE	1.36491333657041	TRUE
SENS_anchor_promoter_tcga_cpm1_merged	cell_line	DepMap_22Q2	MSANTD1	19	10	0	0.0	FALSE	0.390826288457109	TRUE
SENS_anchor_promoter_tcga_cpm1_merged	cell_line	DepMap_22Q2	MXD4	19	10	18	0.9473684210526315	TRUE	1.07575753297262	TRUE
SENS_anchor_promoter_tcga_cpm1_merged	cell_line	DepMap_22Q2	MYRF	19	10	1	0.05263157894736842	FALSE	-0.38331232039485	FALSE
SENS_anchor_promoter_tcga_cpm1_merged	cell_line	DepMap_22Q2	MYRFL	19	10	2	0.10526315789473684	FALSE	-1.20851210529557	FALSE
SENS_anchor_promoter_tcga_cpm1_merged	cell_line	DepMap_22Q2	NANOGP1	19	10	1	0.05263157894736842	FALSE	-0.907860193410112	FALSE
SENS_anchor_promoter_tcga_cpm1_merged	cell_line	DepMap_22Q2	NCOA7	19	10	15	0.7894736842105263	TRUE	0.309978622677632	TRUE
SENS_anchor_promoter_tcga_cpm1_merged	cell_line	DepMap_22Q2	NEUROG3	19	10	0	0.0	FALSE	-1.7603702284908	FALSE
SENS_anchor_promoter_tcga_cpm1_merged	cell_line	DepMap_22Q2	NFATC2	19	10	2	0.10526315789473684	FALSE	-0.675900855356539	FALSE
SENS_anchor_promoter_tcga_cpm1_merged	cell_line	DepMap_22Q2	NFATC4	19	10	15	0.7894736842105263	TRUE	0.701897721320685	TRUE
SENS_anchor_promoter_tcga_cpm1_merged	cell_line	DepMap_22Q2	NFE2	19	10	7	0.3684210526315789	FALSE	-0.239170293539346	FALSE
SENS_anchor_promoter_tcga_cpm1_merged	cell_line	DepMap_22Q2	NKX2-1	19	10	5	0.2631578947368421	FALSE	-1.23710357432156	FALSE
SENS_anchor_promoter_tcga_cpm1_merged	cell_line	DepMap_22Q2	NOTO	19	10	0	0.0	FALSE	-2.52205312085404	FALSE
SENS_anchor_promoter_tcga_cpm1_merged	cell_line	DepMap_22Q2	NR0B2	19	10	1	0.05263157894736842	FALSE	-3.24119483145576	FALSE
SENS_anchor_promoter_tcga_cpm1_merged	cell_line	DepMap_22Q2	NR1H4	19	10	0	0.0	FALSE	-2.43405844962051	FALSE
SENS_anchor_promoter_tcga_cpm1_merged	cell_line	DepMap_22Q2	NR2F1	19	10	5	0.2631578947368421	FALSE	-1.56982602118186	FALSE
SENS_anchor_promoter_tcga_cpm1_merged	cell_line	DepMap_22Q2	NR2F6	19	10	1	0.05263157894736842	FALSE	3.17040731681519	TRUE
SENS_anchor_promoter_tcga_cpm1_merged	cell_line	DepMap_22Q2	NR3C2	19	10	17	0.8947368421052632	TRUE	-0.916591594901468	FALSE
SENS_anchor_promoter_tcga_cpm1_merged	cell_line	DepMap_22Q2	OLIG1	19	10	0	0.0	FALSE	-1.43004126473576	FALSE
SENS_anchor_promoter_tcga_cpm1_merged	cell_line	DepMap_22Q2	ONECUT1	19	10	2	0.10526315789473684	FALSE	-0.0772457904720571	FALSE
SENS_anchor_promoter_tcga_cpm1_merged	cell_line	DepMap_22Q2	PHC2	19	10	17	0.8947368421052632	TRUE	4.85150123893731	TRUE
SENS_anchor_promoter_tcga_cpm1_merged	cell_line	DepMap_22Q2	POU1F1	19	10	0	0.0	FALSE	-1.35065498291823	FALSE
SENS_anchor_promoter_tcga_cpm1_merged	cell_line	DepMap_22Q2	PPARGC1A	19	10	3	0.15789473684210525	FALSE	-2.48437851006787	FALSE
SENS_anchor_promoter_tcga_cpm1_merged	cell_line	DepMap_22Q2	PRDM16	19	10	0	0.0	FALSE	-1.12133150777431	FALSE
SENS_anchor_promoter_tcga_cpm1_merged	cell_line	DepMap_22Q2	PRDM8	19	10	7	0.3684210526315789	FALSE	-0.575196595286238	FALSE
SENS_anchor_promoter_tcga_cpm1_merged	cell_line	DepMap_22Q2	RARA	19	10	5	0.2631578947368421	FALSE	3.10866369635539	TRUE
SENS_anchor_promoter_tcga_cpm1_merged	cell_line	DepMap_22Q2	RORB	19	10	2	0.10526315789473684	FALSE	-2.86583104846524	FALSE
SENS_anchor_promoter_tcga_cpm1_merged	cell_line	DepMap_22Q2	RORC	19	10	3	0.15789473684210525	FALSE	1.11471343182994	TRUE
SENS_anchor_promoter_tcga_cpm1_merged	cell_line	DepMap_22Q2	SAMD11	19	10	0	0.0	FALSE	-1.50028695768961	FALSE
SENS_anchor_promoter_tcga_cpm1_merged	cell_line	DepMap_22Q2	SMAD6	19	10	6	0.3157894736842105	FALSE	-0.540892292363866	FALSE
SENS_anchor_promoter_tcga_cpm1_merged	cell_line	DepMap_22Q2	SMAD7	19	10	1	0.05263157894736842	FALSE	-0.113344860040879	FALSE
SENS_anchor_promoter_tcga_cpm1_merged	cell_line	DepMap_22Q2	SP110	19	10	10	0.5263157894736842	TRUE	0.0593620381206579	TRUE
SENS_anchor_promoter_tcga_cpm1_merged	cell_line	DepMap_22Q2	SP5	19	10	2	0.10526315789473684	FALSE	0.0502701029850682	TRUE
SENS_anchor_promoter_tcga_cpm1_merged	cell_line	DepMap_22Q2	SPDEF	19	10	0	0.0	FALSE	0.533052933772459	TRUE
SENS_anchor_promoter_tcga_cpm1_merged	cell_line	DepMap_22Q2	TBX15	19	10	0	0.0	FALSE	-0.957657448475063	FALSE
SENS_anchor_promoter_tcga_cpm1_merged	cell_line	DepMap_22Q2	TBX4	19	10	1	0.05263157894736842	FALSE	-1.35378715913303	FALSE
SENS_anchor_promoter_tcga_cpm1_merged	cell_line	DepMap_22Q2	TBXT	19	10	0	0.0	FALSE	-1.3958969706648	FALSE
SENS_anchor_promoter_tcga_cpm1_merged	cell_line	DepMap_22Q2	TCF21	19	10	0	0.0	FALSE	-4.32286966990729	FALSE
SENS_anchor_promoter_tcga_cpm1_merged	cell_line	DepMap_22Q2	TFCP2L1	19	10	3	0.15789473684210525	FALSE	-1.19508799270748	FALSE
SENS_anchor_promoter_tcga_cpm1_merged	cell_line	DepMap_22Q2	TOX3	19	10	0	0.0	FALSE	-2.37526633052805	FALSE
SENS_anchor_promoter_tcga_cpm1_merged	cell_line	DepMap_22Q2	TP53INP1	19	10	14	0.7368421052631579	TRUE	-4.46292295324534	FALSE
SENS_anchor_promoter_tcga_cpm1_merged	cell_line	DepMap_22Q2	VDR	19	10	7	0.3684210526315789	FALSE	1.35150438376577	TRUE
SENS_anchor_promoter_tcga_cpm1_merged	cell_line	DepMap_22Q2	VENTX	19	10	0	0.0	FALSE	-2.1101352261386	FALSE
SENS_anchor_promoter_tcga_cpm1_merged	cell_line	DepMap_22Q2	VSX1	19	10	0	0.0	FALSE	-0.261687611928183	FALSE
SENS_anchor_promoter_tcga_cpm1_merged	cell_line	DepMap_22Q2	WTIP	19	10	0	0.0	FALSE	0.262820543880877	TRUE
SENS_anchor_promoter_tcga_cpm1_merged	cell_line	DepMap_22Q2	WWC1	19	10	16	0.8421052631578947	TRUE	2.32114119631038	TRUE
SENS_anchor_promoter_tcga_cpm1_merged	cell_line	DepMap_22Q2	WWC2	19	10	14	0.7368421052631579	TRUE	1.33430110739544	TRUE
SENS_anchor_promoter_tcga_cpm1_merged	cell_line	DepMap_22Q2	XBP1	19	10	11	0.5789473684210527	TRUE	-1.20496321668969	FALSE
SENS_anchor_promoter_tcga_cpm1_merged	cell_line	DepMap_22Q2	ZBTB10	19	10	8	0.42105263157894735	FALSE	1.03861439538647	TRUE
SENS_anchor_promoter_tcga_cpm1_merged	cell_line	DepMap_22Q2	ZBTB16	19	10	1	0.05263157894736842	FALSE	-1.54149554920658	FALSE
SENS_anchor_promoter_tcga_cpm1_merged	cell_line	DepMap_22Q2	ZBTB18	19	10	19	1.0	TRUE	-0.560873011016648	FALSE
SENS_anchor_promoter_tcga_cpm1_merged	cell_line	DepMap_22Q2	ZBTB42	19	10	2	0.10526315789473684	FALSE	1.62133455897376	TRUE
SENS_anchor_promoter_tcga_cpm1_merged	cell_line	DepMap_22Q2	ZBTB46	19	10	0	0.0	FALSE	-0.409706235008041	FALSE
SENS_anchor_promoter_tcga_cpm1_merged	cell_line	DepMap_22Q2	ZFHX2	19	10	2	0.10526315789473684	FALSE	-1.69950891742694	FALSE
SENS_anchor_promoter_tcga_cpm1_merged	cell_line	DepMap_22Q2	ZFP2	19	10	9	0.47368421052631576	FALSE	-0.623669110452485	FALSE
SENS_anchor_promoter_tcga_cpm1_merged	cell_line	DepMap_22Q2	ZFP57	19	10	0	0.0	FALSE	-0.722073549606284	FALSE
SENS_anchor_promoter_tcga_cpm1_merged	cell_line	DepMap_22Q2	ZMYND15	19	10	1	0.05263157894736842	FALSE	-0.390884769792244	FALSE
SENS_anchor_promoter_tcga_cpm1_merged	cell_line	DepMap_22Q2	ZNF117	19	10	17	0.8947368421052632	TRUE	0.429404984322279	TRUE
SENS_anchor_promoter_tcga_cpm1_merged	cell_line	DepMap_22Q2	ZNF141	19	10	13	0.6842105263157895	TRUE	0.428460074229542	TRUE
SENS_anchor_promoter_tcga_cpm1_merged	cell_line	DepMap_22Q2	ZNF19	19	10	13	0.6842105263157895	TRUE	-0.20900756373465	FALSE
SENS_anchor_promoter_tcga_cpm1_merged	cell_line	DepMap_22Q2	ZNF214	19	10	8	0.42105263157894735	FALSE	-1.72846306491518	FALSE
SENS_anchor_promoter_tcga_cpm1_merged	cell_line	DepMap_22Q2	ZNF239	19	10	12	0.631578947368421	TRUE	1.08889142797665	TRUE
SENS_anchor_promoter_tcga_cpm1_merged	cell_line	DepMap_22Q2	ZNF254	19	10	15	0.7894736842105263	TRUE	0.221966312242056	TRUE
SENS_anchor_promoter_tcga_cpm1_merged	cell_line	DepMap_22Q2	ZNF281	19	10	10	0.5263157894736842	TRUE	1.62373105429904	TRUE
SENS_anchor_promoter_tcga_cpm1_merged	cell_line	DepMap_22Q2	ZNF33A	19	10	17	0.8947368421052632	TRUE	0.0248920508587967	TRUE
SENS_anchor_promoter_tcga_cpm1_merged	cell_line	DepMap_22Q2	ZNF33B	19	10	18	0.9473684210526315	TRUE	1.2911014542342	TRUE
SENS_anchor_promoter_tcga_cpm1_merged	cell_line	DepMap_22Q2	ZNF341	19	10	13	0.6842105263157895	TRUE	1.41134177088559	TRUE
SENS_anchor_promoter_tcga_cpm1_merged	cell_line	DepMap_22Q2	ZNF382	19	10	2	0.10526315789473684	FALSE	-1.43835221474165	FALSE
SENS_anchor_promoter_tcga_cpm1_merged	cell_line	DepMap_22Q2	ZNF396	19	10	6	0.3157894736842105	FALSE	-0.522387553492389	FALSE
SENS_anchor_promoter_tcga_cpm1_merged	cell_line	DepMap_22Q2	ZNF429	19	10	10	0.5263157894736842	TRUE	0.841319349896268	TRUE
SENS_anchor_promoter_tcga_cpm1_merged	cell_line	DepMap_22Q2	ZNF441	19	10	9	0.47368421052631576	FALSE	-0.0623034759545546	FALSE
SENS_anchor_promoter_tcga_cpm1_merged	cell_line	DepMap_22Q2	ZNF444	19	10	18	0.9473684210526315	TRUE	1.29541118578761	TRUE
SENS_anchor_promoter_tcga_cpm1_merged	cell_line	DepMap_22Q2	ZNF467	19	10	0	0.0	FALSE	0.627789978111287	TRUE
SENS_anchor_promoter_tcga_cpm1_merged	cell_line	DepMap_22Q2	ZNF483	19	10	7	0.3684210526315789	FALSE	0.130993705257276	TRUE
SENS_anchor_promoter_tcga_cpm1_merged	cell_line	DepMap_22Q2	ZNF486	19	10	5	0.2631578947368421	FALSE	0.195217943124201	TRUE
SENS_anchor_promoter_tcga_cpm1_merged	cell_line	DepMap_22Q2	ZNF493	19	10	9	0.47368421052631576	FALSE	-0.838808607300301	FALSE
SENS_anchor_promoter_tcga_cpm1_merged	cell_line	DepMap_22Q2	ZNF540	19	10	12	0.631578947368421	TRUE	-3.18667413215119	FALSE
SENS_anchor_promoter_tcga_cpm1_merged	cell_line	DepMap_22Q2	ZNF541	19	10	1	0.05263157894736842	FALSE	-1.73328745710034	FALSE
SENS_anchor_promoter_tcga_cpm1_merged	cell_line	DepMap_22Q2	ZNF597	19	10	7	0.3684210526315789	FALSE	0.366795037035642	TRUE
SENS_anchor_promoter_tcga_cpm1_merged	cell_line	DepMap_22Q2	ZNF608	19	10	6	0.3157894736842105	FALSE	-0.776556299678321	FALSE
SENS_anchor_promoter_tcga_cpm1_merged	cell_line	DepMap_22Q2	ZNF620	19	10	9	0.47368421052631576	FALSE	-0.124496650736502	FALSE
SENS_anchor_promoter_tcga_cpm1_merged	cell_line	DepMap_22Q2	ZNF662	19	10	0	0.0	FALSE	-2.1020557797002	FALSE
SENS_anchor_promoter_tcga_cpm1_merged	cell_line	DepMap_22Q2	ZNF671	19	10	6	0.3157894736842105	FALSE	-0.440927860869992	FALSE
SENS_anchor_promoter_tcga_cpm1_merged	cell_line	DepMap_22Q2	ZNF678	19	10	14	0.7368421052631579	TRUE	0.751588480175706	TRUE
SENS_anchor_promoter_tcga_cpm1_merged	cell_line	DepMap_22Q2	ZNF681	19	10	8	0.42105263157894735	FALSE	0.693055692619942	TRUE
SENS_anchor_promoter_tcga_cpm1_merged	cell_line	DepMap_22Q2	ZNF69	19	10	4	0.21052631578947367	FALSE	0.576722915672796	TRUE
SENS_anchor_promoter_tcga_cpm1_merged	cell_line	DepMap_22Q2	ZNF710	19	10	0	0.0	FALSE	1.7274148367625	TRUE
SENS_anchor_promoter_tcga_cpm1_merged	cell_line	DepMap_22Q2	ZNF717	19	10	5	0.2631578947368421	FALSE	0.20168200313353	TRUE
SENS_anchor_promoter_tcga_cpm1_merged	cell_line	DepMap_22Q2	ZNF737	19	10	6	0.3157894736842105	FALSE		FALSE
SENS_anchor_promoter_tcga_cpm1_merged	cell_line	DepMap_22Q2	ZNF75D	19	10	14	0.7368421052631579	TRUE	-0.0153124871287335	FALSE
SENS_anchor_promoter_tcga_cpm1_merged	cell_line	DepMap_22Q2	ZNF763	19	10	4	0.21052631578947367	FALSE	-0.365238860838627	FALSE
SENS_anchor_promoter_tcga_cpm1_merged	cell_line	DepMap_22Q2	ZNF792	19	10	1	0.05263157894736842	FALSE	-0.177636464606226	FALSE
SENS_anchor_promoter_tcga_cpm1_merged	cell_line	DepMap_22Q2	ZNF835	19	10	3	0.15789473684210525	FALSE	-0.776387353105142	FALSE
SENS_anchor_promoter_tcga_cpm1_merged	cell_line	DepMap_22Q2	ZNF852	19	10	3	0.15789473684210525	FALSE	0.766299647143556	TRUE
SENS_anchor_promoter_tcga_cpm1_merged	cell_line	DepMap_22Q2	ZNF860	19	10	10	0.5263157894736842	TRUE	0.700923713836305	TRUE
SENS_anchor_promoter_tcga_cpm1_merged	cell_line	DepMap_22Q2	ZSCAN16	19	10	5	0.2631578947368421	FALSE	0.544182216601197	TRUE
