TF	motif_token	p_value	q_value	target_with_motif	target_total	background_with_motif	background_total	log2_odds_ratio	motif_enriched_q1e-5	system	sample_id	sample_slug
FOXA3	CIS-BP2.00|000469|M04831_2.00	1e-18	0.0	212.0	3585.0	842.6	27578.0	0.9982192575064781	TRUE	patient	TCGA-44-3918	TCGA-44-3918
ELF3	CIS-BP2.00|000227|M03002_2.00	1e-08	0.0	1525.0	3585.0	10423.5	27578.0	0.2850078531750394	TRUE	patient	TCGA-44-3918	TCGA-44-3918
CEBPB	JASPAR2024|000235|MA0466.4	1e-06	0.0	297.0	3585.0	1699.1	27578.0	0.4620689189923028	TRUE	patient	TCGA-44-3918	TCGA-44-3918
ZNF444	CIS-BP2.00|000420|M04529_2.00	0.001	0.0052	1374.0	3585.0	9813.2	27578.0	0.1700746413550178	FALSE	patient	TCGA-44-3918	TCGA-44-3918
FOXA1	CIS-BP2.00|000890|M07960_2.00	0.001	0.0076	1927.0	3585.0	14067.5	27578.0	0.15856906584785274	FALSE	patient	TCGA-44-3918	TCGA-44-3918
ZNF75D	CIS-BP2.00|000750|M07683_2.00	0.01	0.0298	2313.0	3585.0	17179.8	27578.0	0.13805939398078587	FALSE	patient	TCGA-44-3918	TCGA-44-3918
XBP1	JASPAR2024|000675|MA0844.2	0.01	0.0306	1698.0	3585.0	12430.1	27578.0	0.13305406154676588	FALSE	patient	TCGA-44-3918	TCGA-44-3918
FOXD2	JASPAR2024|000361|MA0847.4	0.01	0.0331	1373.0	3585.0	9957.7	27578.0	0.1355019847780694	FALSE	patient	TCGA-44-3918	TCGA-44-3918
FOXA2	CIS-BP2.00|000889|M07959_2.00	0.1	0.1278	2183.0	3585.0	16327.6	27578.0	0.101325249545181	FALSE	patient	TCGA-44-3918	TCGA-44-3918
ZNF19	CIS-BP2.00|000670|M07603_2.00	0.1	0.128	3575.0	3585.0	27444.4	27578.0	0.7345268300375786	FALSE	patient	TCGA-44-3918	TCGA-44-3918
CEBPB	CIS-BP2.00|000866|M07830_2.00	0.1	0.1355	1628.0	3585.0	12060.7	27578.0	0.09808199766427513	FALSE	patient	TCGA-44-3918	TCGA-44-3918
CREB3L2	CIS-BP2.00|000117|M01812_2.00	0.1	0.1855	1847.0	3585.0	13787.5	27578.0	0.08804516547657584	FALSE	patient	TCGA-44-3918	TCGA-44-3918
CREB3L2	JASPAR2024|000025|MA0608.1	0.1	0.2071	1835.0	3585.0	13710.7	27578.0	0.08479014720513832	FALSE	patient	TCGA-44-3918	TCGA-44-3918
ZNF33A	CIS-BP2.00|000762|M07695_2.00	0.1	0.23	3289.0	3585.0	25082.1	27578.0	0.14299842269119895	FALSE	patient	TCGA-44-3918	TCGA-44-3918
NFATC4	JASPAR2024|000506|MA1525.3	0.1	0.2949	2526.0	3585.0	19108.1	27578.0	0.08003651480507723	FALSE	patient	TCGA-44-3918	TCGA-44-3918
ZNF75D	JASPAR2024|000169|MA1601.2	0.1	0.3679	2538.0	3585.0	19239.9	27578.0	0.07076431311671423	FALSE	patient	TCGA-44-3918	TCGA-44-3918
ETV1	JASPAR2024|000311|MA0761.3	0.1	0.386	3565.0	3585.0	27379.7	27578.0	0.33666526630071736	FALSE	patient	TCGA-44-3918	TCGA-44-3918
ETV1	CIS-BP2.00|000457|M04708_2.00	1.0	0.4035	3580.0	3585.0	27519.0	27578.0	0.49316485887806727	FALSE	patient	TCGA-44-3918	TCGA-44-3918
CEBPA	CIS-BP2.00|000926|M08076_2.00	1.0	0.4306	1355.0	3585.0	10156.3	27578.0	0.0599388393905185	FALSE	patient	TCGA-44-3918	TCGA-44-3918
NR3C2	JASPAR2024|000539|MA0727.2	1.0	0.4702	258.0	3585.0	1855.0	27578.0	0.10700456587439264	FALSE	patient	TCGA-44-3918	TCGA-44-3918
ZBTB18	CIS-BP2.00|000988|M08257_2.00	1.0	0.5843	3173.0	3585.0	24288.3	27578.0	0.05956479170041515	FALSE	patient	TCGA-44-3918	TCGA-44-3918
CEBPA	JASPAR2024|000234|MA0102.5	1.0	0.6559	2599.0	3585.0	19857.5	27578.0	0.03498248821669967	FALSE	patient	TCGA-44-3918	TCGA-44-3918
NKX2-1	JASPAR2024|000822|MA1994.2	1.0	0.7159	3422.0	3585.0	26275.7	27578.0	0.053618878901523774	FALSE	patient	TCGA-44-3918	TCGA-44-3918
FOXD2	CIS-BP2.00|000235|M03042_2.00	1.0	0.7366	1305.0	3585.0	9929.5	27578.0	0.024973106673812334	FALSE	patient	TCGA-44-3918	TCGA-44-3918
ZNF141	CIS-BP2.00|000653|M07586_2.00	1.0	0.84	2584.0	3585.0	19831.1	27578.0	0.011705836593495235	FALSE	patient	TCGA-44-3918	TCGA-44-3918
HNF4A	JASPAR2024|000409|MA1494.2	1.0	0.844	416.0	3585.0	3166.3	27578.0	0.018637786130653533	FALSE	patient	TCGA-44-3918	TCGA-44-3918
ZNF33B	CIS-BP2.00|000777|M07710_2.00	1.0	0.905	1228.0	3585.0	9444.3	27578.0	0.0007610362322169196	FALSE	patient	TCGA-44-3918	TCGA-44-3918
ZNF540	CIS-BP2.00|000701|M07634_2.00	1.0	0.9699	758.0	3585.0	5871.7	27578.0	-0.01213188858264514	FALSE	patient	TCGA-44-3918	TCGA-44-3918
FOXA2	JASPAR2024|000357|MA0047.4	1.0	0.9825	2786.0	3585.0	21486.3	27578.0	-0.01713121579535229	FALSE	patient	TCGA-44-3918	TCGA-44-3918
XBP1	CIS-BP2.00|000375|M04231_2.00	1.0	0.9929	3265.0	3585.0	25158.7	27578.0	-0.029218685850741794	FALSE	patient	TCGA-44-3918	TCGA-44-3918
ELF3	JASPAR2024|000276|MA0640.3	1.0	1.0	3569.0	3585.0	27469.8	27578.0	-0.22426474813861544	FALSE	patient	TCGA-44-3918	TCGA-44-3918
FOXA3	JASPAR2024|000358|MA1683.2	1.0	1.0	3161.0	3585.0	24385.5	27578.0	-0.03629591573587366	FALSE	patient	TCGA-44-3918	TCGA-44-3918
FOXA1	JASPAR2024|000356|MA0148.5	1.0	1.0	2864.0	3585.0	22117.5	27578.0	-0.028771837219815376	FALSE	patient	TCGA-44-3918	TCGA-44-3918
ZBTB18	JASPAR2024|000681|MA0698.2	1.0	1.0	2033.0	3585.0	15804.2	27578.0	-0.03534063637193673	FALSE	patient	TCGA-44-3918	TCGA-44-3918
E2F5	CIS-BP2.00|000940|M08109_2.00	1.0	1.0	3070.0	3585.0	23739.8	27578.0	-0.05421917469796684	FALSE	patient	TCGA-44-3918	TCGA-44-3918
NFATC4	CIS-BP2.00|000101|M01306_2.00	1.0	1.0	3584.0	3585.0	27579.9	27578.0	-4.528762083897794	FALSE	patient	TCGA-44-3918	TCGA-44-3918
NR3C2	CIS-BP2.00|000154|M02395_2.00	1.0	1.0	3584.0	3585.0	27579.9	27578.0	-4.528762083897794	FALSE	patient	TCGA-44-3918	TCGA-44-3918
ETV1	JASPAR2024|000652|MA1966.2	1.0	1.0	3454.0	3585.0	26676.2	27578.0	-0.17048700799255853	FALSE	patient	TCGA-44-3918	TCGA-44-3918
ZNF281	JASPAR2024|000706|MA1630.3	1.0	1.0	2914.0	3585.0	22659.4	27578.0	-0.08588610865481482	FALSE	patient	TCGA-44-3918	TCGA-44-3918
ZNF341	CIS-BP2.00|001017|M08310_2.00	1.0	1.0	3576.0	3585.0	27539.7	27578.0	-0.9148614560286843	FALSE	patient	TCGA-44-3918	TCGA-44-3918
HNF4A	JASPAR2024|000410|MA0114.5	1.0	1.0	3427.0	3585.0	26514.6	27578.0	-0.2047778110532321	FALSE	patient	TCGA-44-3918	TCGA-44-3918
ZNF341	JASPAR2024|000712|MA1655.2	1.0	1.0	3579.0	3585.0	27559.8	27578.0	-1.4202349605158056	FALSE	patient	TCGA-44-3918	TCGA-44-3918
GATA6	JASPAR2024|000382|MA1104.3	1.0	1.0	2912.0	3585.0	22704.3	27578.0	-0.10725177497751168	FALSE	patient	TCGA-44-3918	TCGA-44-3918
ZNF254	CIS-BP2.00|000827|M07760_2.00	1.0	1.0	557.0	3585.0	4592.9	27578.0	-0.11846370163725806	FALSE	patient	TCGA-44-3918	TCGA-44-3918
ZNF281	CIS-BP2.00|001020|M08321_2.00	1.0	1.0	2899.0	3585.0	22631.5	27578.0	-0.11526576445233816	FALSE	patient	TCGA-44-3918	TCGA-44-3918
GATA6	CIS-BP2.00|000947|M08124_2.00	1.0	1.0	2619.0	3585.0	20629.9	27578.0	-0.13152773040839202	FALSE	patient	TCGA-44-3918	TCGA-44-3918
HNF4A	CIS-BP2.00|000974|M08219_2.00	1.0	1.0	3246.0	3585.0	25333.8	27578.0	-0.23909568776710613	FALSE	patient	TCGA-44-3918	TCGA-44-3918
ELF3	CIS-BP2.00|000227|M03002_2.00	1e-11	0.0	1555.0	3583.0	10360.9	27479.0	0.34131086320278853	TRUE	patient	TCGA-44-6146	TCGA-44-6146
FOXA3	CIS-BP2.00|000469|M04831_2.00	1e-09	0.0	185.0	3583.0	861.7	27479.0	0.7528179317298437	TRUE	patient	TCGA-44-6146	TCGA-44-6146
CEBPB	JASPAR2024|000235|MA0466.4	1e-06	0.0	300.0	3583.0	1724.7	27479.0	0.4502082513061054	TRUE	patient	TCGA-44-6146	TCGA-44-6146
ZNF444	CIS-BP2.00|000420|M04529_2.00	0.0001	0.0008	1383.0	3583.0	9728.9	27479.0	0.19793631951185875	FALSE	patient	TCGA-44-6146	TCGA-44-6146
FOXA1	CIS-BP2.00|000890|M07960_2.00	0.0001	0.0011	1959.0	3583.0	14130.8	27479.0	0.1882948855931834	FALSE	patient	TCGA-44-6146	TCGA-44-6146
ETV1	JASPAR2024|000311|MA0761.3	0.01	0.0454	3569.0	3583.0	27259.7	27479.0	0.9890643412138229	FALSE	patient	TCGA-44-6146	TCGA-44-6146
NFATC4	JASPAR2024|000506|MA1525.3	0.01	0.0489	2557.0	3583.0	19082.0	27479.0	0.132782216767101	FALSE	patient	TCGA-44-6146	TCGA-44-6146
CEBPB	CIS-BP2.00|000866|M07830_2.00	0.01	0.0527	1647.0	3583.0	12073.8	27479.0	0.11835164837628849	FALSE	patient	TCGA-44-6146	TCGA-44-6146
XBP1	JASPAR2024|000675|MA0844.2	0.01	0.0598	1696.0	3583.0	12460.1	27479.0	0.11553842799128068	FALSE	patient	TCGA-44-6146	TCGA-44-6146
XBP1	CIS-BP2.00|000375|M04231_2.00	0.1	0.0773	3313.0	3583.0	25112.4	27479.0	0.20741934202064036	FALSE	patient	TCGA-44-6146	TCGA-44-6146
ZNF341	CIS-BP2.00|001017|M08310_2.00	0.1	0.1102	3583.0	3583.0	27427.1	27479.0	3.775307778856179	FALSE	patient	TCGA-44-6146	TCGA-44-6146
FOXA2	CIS-BP2.00|000889|M07959_2.00	0.1	0.1136	2194.0	3583.0	16372.1	27479.0	0.09956414575226563	FALSE	patient	TCGA-44-6146	TCGA-44-6146
ETV1	CIS-BP2.00|000457|M04708_2.00	0.1	0.1215	3581.0	3583.0	27404.7	27479.0	1.9672244539281183	FALSE	patient	TCGA-44-6146	TCGA-44-6146
FOXD2	JASPAR2024|000361|MA0847.4	0.1	0.1513	1365.0	3583.0	10068.5	27479.0	0.08992341784529363	FALSE	patient	TCGA-44-6146	TCGA-44-6146
ZNF33A	CIS-BP2.00|000762|M07695_2.00	0.1	0.166	3299.0	3583.0	25063.5	27479.0	0.1608225450613775	FALSE	patient	TCGA-44-6146	TCGA-44-6146
CREB3L2	JASPAR2024|000025|MA0608.1	0.1	0.1837	1843.0	3583.0	13749.2	27479.0	0.08090860903367585	FALSE	patient	TCGA-44-6146	TCGA-44-6146
CREB3L2	CIS-BP2.00|000117|M01812_2.00	0.1	0.1926	1852.0	3583.0	13826.2	27479.0	0.07924397592818418	FALSE	patient	TCGA-44-6146	TCGA-44-6146
ZNF141	CIS-BP2.00|000653|M07586_2.00	0.1	0.1938	2623.0	3583.0	19775.9	27479.0	0.08946014225728895	FALSE	patient	TCGA-44-6146	TCGA-44-6146
ELF3	JASPAR2024|000276|MA0640.3	0.1	0.1961	3575.0	3583.0	27352.0	27479.0	0.9714348036383347	FALSE	patient	TCGA-44-6146	TCGA-44-6146
CEBPA	CIS-BP2.00|000926|M08076_2.00	0.1	0.1994	1374.0	3583.0	10181.5	27479.0	0.07977124770819116	FALSE	patient	TCGA-44-6146	TCGA-44-6146
ZNF19	CIS-BP2.00|000670|M07603_2.00	1.0	0.3123	3570.0	3583.0	27319.5	27479.0	0.6312811324434712	FALSE	patient	TCGA-44-6146	TCGA-44-6146
CEBPA	JASPAR2024|000234|MA0102.5	1.0	0.3813	2616.0	3583.0	19840.6	27479.0	0.058249491489513396	FALSE	patient	TCGA-44-6146	TCGA-44-6146
HNF4A	JASPAR2024|000409|MA1494.2	1.0	0.3906	422.0	3583.0	3089.7	27479.0	0.07691983632324136	FALSE	patient	TCGA-44-6146	TCGA-44-6146
ZNF33B	CIS-BP2.00|000777|M07710_2.00	1.0	0.3978	1257.0	3583.0	9423.4	27479.0	0.05048739120388672	FALSE	patient	TCGA-44-6146	TCGA-44-6146
NR3C2	JASPAR2024|000539|MA0727.2	1.0	0.4052	258.0	3583.0	1866.9	27479.0	0.09241573341689138	FALSE	patient	TCGA-44-6146	TCGA-44-6146
ZNF341	JASPAR2024|000712|MA1655.2	1.0	0.4987	3583.0	3583.0	27450.0	27479.0	2.9452518814005404	FALSE	patient	TCGA-44-6146	TCGA-44-6146
FOXA2	JASPAR2024|000357|MA0047.4	1.0	0.581	2807.0	3583.0	21417.1	27479.0	0.033392318444074566	FALSE	patient	TCGA-44-6146	TCGA-44-6146
E2F5	CIS-BP2.00|000940|M08109_2.00	1.0	0.6104	3093.0	3583.0	23635.3	27479.0	0.0366965974772987	FALSE	patient	TCGA-44-6146	TCGA-44-6146
FOXA3	JASPAR2024|000358|MA1683.2	1.0	0.6637	3177.0	3583.0	24303.8	27479.0	0.030499821292524997	FALSE	patient	TCGA-44-6146	TCGA-44-6146
ZNF540	CIS-BP2.00|000701|M07634_2.00	1.0	0.7382	773.0	3583.0	5903.6	27479.0	0.008278059775922633	FALSE	patient	TCGA-44-6146	TCGA-44-6146
ZNF75D	CIS-BP2.00|000750|M07683_2.00	1.0	0.7607	2229.0	3583.0	17070.7	27479.0	0.0051990857718286695	FALSE	patient	TCGA-44-6146	TCGA-44-6146
ZNF75D	JASPAR2024|000169|MA1601.2	1.0	0.8324	2489.0	3583.0	19103.8	27479.0	-0.004031662041832076	FALSE	patient	TCGA-44-6146	TCGA-44-6146
FOXA1	JASPAR2024|000356|MA0148.5	1.0	0.937	2867.0	3583.0	22055.4	27479.0	-0.022954073048493603	FALSE	patient	TCGA-44-6146	TCGA-44-6146
ETV1	JASPAR2024|000652|MA1966.2	1.0	0.9871	3460.0	3583.0	26572.9	27479.0	-0.06497529958816374	FALSE	patient	TCGA-44-6146	TCGA-44-6146
FOXD2	CIS-BP2.00|000235|M03042_2.00	1.0	0.9935	1286.0	3583.0	10013.7	27479.0	-0.03412785309051788	FALSE	patient	TCGA-44-6146	TCGA-44-6146
HNF4A	JASPAR2024|000410|MA0114.5	1.0	0.9985	3433.0	3583.0	26379.6	27479.0	-0.07216119315296067	FALSE	patient	TCGA-44-6146	TCGA-44-6146
ZBTB18	CIS-BP2.00|000988|M08257_2.00	1.0	0.9996	3136.0	3583.0	24151.3	27479.0	-0.05012070355026191	FALSE	patient	TCGA-44-6146	TCGA-44-6146
NKX2-1	JASPAR2024|000822|MA1994.2	1.0	1.0	3404.0	3583.0	26169.6	27479.0	-0.07500366984956724	FALSE	patient	TCGA-44-6146	TCGA-44-6146
HNF4A	CIS-BP2.00|000974|M08219_2.00	1.0	1.0	3266.0	3583.0	25148.3	27479.0	-0.06842773167531399	FALSE	patient	TCGA-44-6146	TCGA-44-6146
NFATC4	CIS-BP2.00|000101|M01306_2.00	1.0	1.0	3584.0	3583.0	27470.3	27479.0	1.2635787335322666	FALSE	patient	TCGA-44-6146	TCGA-44-6146
ZNF281	JASPAR2024|000706|MA1630.3	1.0	1.0	2910.0	3583.0	22520.6	27479.0	-0.07166809031816934	FALSE	patient	TCGA-44-6146	TCGA-44-6146
ZBTB18	JASPAR2024|000681|MA0698.2	1.0	1.0	2009.0	3583.0	15720.0	27479.0	-0.06687756439489237	FALSE	patient	TCGA-44-6146	TCGA-44-6146
ZNF281	CIS-BP2.00|001020|M08321_2.00	1.0	1.0	2901.0	3583.0	22489.6	27479.0	-0.08430928952311599	FALSE	patient	TCGA-44-6146	TCGA-44-6146
GATA6	CIS-BP2.00|000947|M08124_2.00	1.0	1.0	2627.0	3583.0	20442.6	27479.0	-0.08074817680498235	FALSE	patient	TCGA-44-6146	TCGA-44-6146
GATA6	JASPAR2024|000382|MA1104.3	1.0	1.0	2906.0	3583.0	22547.3	27479.0	-0.09169341177221528	FALSE	patient	TCGA-44-6146	TCGA-44-6146
ZNF254	CIS-BP2.00|000827|M07760_2.00	1.0	1.0	538.0	3583.0	4482.0	27479.0	-0.14055930477761752	FALSE	patient	TCGA-44-6146	TCGA-44-6146
NR3C2	CIS-BP2.00|000154|M02395_2.00	1.0	1.0	3583.0	3583.0	27470.3	27479.0	1.2631761958508356	FALSE	patient	TCGA-44-6146	TCGA-44-6146
FOXA3	CIS-BP2.00|000469|M04831_2.00	1e-13	0.0	199.0	3583.0	856.2	27471.0	0.8728398639738162	TRUE	patient	TCGA-44-A47F	TCGA-44-A47F
ELF3	CIS-BP2.00|000227|M03002_2.00	1e-09	0.0	1539.0	3583.0	10371.4	27471.0	0.3120383646976676	TRUE	patient	TCGA-44-A47F	TCGA-44-A47F
CEBPB	JASPAR2024|000235|MA0466.4	1e-06	0.0	302.0	3583.0	1730.8	27471.0	0.45477525959922915	TRUE	patient	TCGA-44-A47F	TCGA-44-A47F
ZNF444	CIS-BP2.00|000420|M04529_2.00	1e-05	0.0	1390.0	3583.0	9610.8	27471.0	0.23635417770440062	TRUE	patient	TCGA-44-A47F	TCGA-44-A47F
XBP1	JASPAR2024|000675|MA0844.2	0.001	0.0023	1745.0	3583.0	12538.2	27471.0	0.17725641290599395	FALSE	patient	TCGA-44-A47F	TCGA-44-A47F
ELF3	JASPAR2024|000276|MA0640.3	0.01	0.0298	3579.0	3583.0	27361.7	27471.0	1.6744549957445303	FALSE	patient	TCGA-44-A47F	TCGA-44-A47F
CEBPB	CIS-BP2.00|000866|M07830_2.00	0.01	0.0501	1650.0	3583.0	12088.3	27471.0	0.11937297489384674	FALSE	patient	TCGA-44-A47F	TCGA-44-A47F
XBP1	CIS-BP2.00|000375|M04231_2.00	0.1	0.092	3314.0	3583.0	25131.8	27471.0	0.19528683042933337	FALSE	patient	TCGA-44-A47F	TCGA-44-A47F
CEBPA	CIS-BP2.00|000926|M08076_2.00	0.1	0.1356	1384.0	3583.0	10187.4	27471.0	0.0947782315438651	FALSE	patient	TCGA-44-A47F	TCGA-44-A47F
ZNF141	CIS-BP2.00|000653|M07586_2.00	0.1	0.1944	2620.0	3583.0	19742.8	27471.0	0.0904200599499127	FALSE	patient	TCGA-44-A47F	TCGA-44-A47F
NFATC4	JASPAR2024|000506|MA1525.3	0.1	0.1985	2532.0	3583.0	19062.3	27471.0	0.08739383977767867	FALSE	patient	TCGA-44-A47F	TCGA-44-A47F
CREB3L2	CIS-BP2.00|000117|M01812_2.00	0.1	0.2156	1852.0	3583.0	13833.9	27471.0	0.07678085498346103	FALSE	patient	TCGA-44-A47F	TCGA-44-A47F
CREB3L2	JASPAR2024|000025|MA0608.1	0.1	0.2989	1834.0	3583.0	13756.8	27471.0	0.0639699492397108	FALSE	patient	TCGA-44-A47F	TCGA-44-A47F
FOXD2	JASPAR2024|000361|MA0847.4	1.0	0.3439	1338.0	3583.0	9991.6	27471.0	0.060417527784516076	FALSE	patient	TCGA-44-A47F	TCGA-44-A47F
FOXA1	CIS-BP2.00|000890|M07960_2.00	1.0	0.3727	1861.0	3583.0	14007.0	27471.0	0.05492279749652556	FALSE	patient	TCGA-44-A47F	TCGA-44-A47F
HNF4A	JASPAR2024|000410|MA0114.5	1.0	0.4054	3453.0	3583.0	26374.2	27471.0	0.13881274302985566	FALSE	patient	TCGA-44-A47F	TCGA-44-A47F
ZNF341	CIS-BP2.00|001017|M08310_2.00	1.0	0.4418	3581.0	3583.0	27429.7	27471.0	1.1263736482176219	FALSE	patient	TCGA-44-A47F	TCGA-44-A47F
ETV1	JASPAR2024|000311|MA0761.3	1.0	0.4611	3562.0	3583.0	27265.3	27471.0	0.3255052011715358	FALSE	patient	TCGA-44-A47F	TCGA-44-A47F
FOXD2	CIS-BP2.00|000235|M03042_2.00	1.0	0.4651	1328.0	3583.0	9982.8	27471.0	0.04518530886471143	FALSE	patient	TCGA-44-A47F	TCGA-44-A47F
FOXA2	CIS-BP2.00|000889|M07959_2.00	1.0	0.4771	2144.0	3583.0	16238.4	27471.0	0.04337574076577082	FALSE	patient	TCGA-44-A47F	TCGA-44-A47F
ZNF75D	JASPAR2024|000169|MA1601.2	1.0	0.5148	2508.0	3583.0	19063.7	27471.0	0.04075167830391199	FALSE	patient	TCGA-44-A47F	TCGA-44-A47F
ZNF19	CIS-BP2.00|000670|M07603_2.00	1.0	0.515	3569.0	3583.0	27329.0	27471.0	0.3601719553735606	FALSE	patient	TCGA-44-A47F	TCGA-44-A47F
ZNF33A	CIS-BP2.00|000762|M07695_2.00	1.0	0.6225	3269.0	3583.0	24991.3	27471.0	0.04501165518372498	FALSE	patient	TCGA-44-A47F	TCGA-44-A47F
ZNF75D	CIS-BP2.00|000750|M07683_2.00	1.0	0.6225	2236.0	3583.0	17030.5	27471.0	0.02505423238827301	FALSE	patient	TCGA-44-A47F	TCGA-44-A47F
NKX2-1	JASPAR2024|000822|MA1994.2	1.0	0.6255	3418.0	3583.0	26150.1	27471.0	0.06175541003776712	FALSE	patient	TCGA-44-A47F	TCGA-44-A47F
ZNF281	JASPAR2024|000706|MA1630.3	1.0	0.6641	2936.0	3583.0	22433.7	27471.0	0.0263115547849886	FALSE	patient	TCGA-44-A47F	TCGA-44-A47F
FOXA1	JASPAR2024|000356|MA0148.5	1.0	0.7449	2878.0	3583.0	22024.0	27471.0	0.013156153305423437	FALSE	patient	TCGA-44-A47F	TCGA-44-A47F
ETV1	JASPAR2024|000652|MA1966.2	1.0	0.8549	3465.0	3583.0	26564.9	27471.0	-0.0028339102336911457	FALSE	patient	TCGA-44-A47F	TCGA-44-A47F
ETV1	CIS-BP2.00|000457|M04708_2.00	1.0	0.8588	3576.0	3583.0	27410.0	27471.0	0.09751561149811114	FALSE	patient	TCGA-44-A47F	TCGA-44-A47F
ZNF281	CIS-BP2.00|001020|M08321_2.00	1.0	0.8604	2921.0	3583.0	22408.7	27471.0	-0.005366817987209243	FALSE	patient	TCGA-44-A47F	TCGA-44-A47F
NR3C2	JASPAR2024|000539|MA0727.2	1.0	0.8605	240.0	3583.0	1852.9	27471.0	-0.008304862391935376	FALSE	patient	TCGA-44-A47F	TCGA-44-A47F
ZBTB18	CIS-BP2.00|000988|M08257_2.00	1.0	0.8993	3150.0	3583.0	24179.9	27471.0	-0.015500266086913671	FALSE	patient	TCGA-44-A47F	TCGA-44-A47F
FOXA2	JASPAR2024|000357|MA0047.4	1.0	0.9017	2780.0	3583.0	21356.9	27471.0	-0.013431589375560004	FALSE	patient	TCGA-44-A47F	TCGA-44-A47F
CEBPA	JASPAR2024|000234|MA0102.5	1.0	0.9053	2575.0	3583.0	19792.6	27471.0	-0.013384563958759092	FALSE	patient	TCGA-44-A47F	TCGA-44-A47F
E2F5	CIS-BP2.00|000940|M08109_2.00	1.0	0.909	3080.0	3583.0	23653.9	27471.0	-0.018269861412933876	FALSE	patient	TCGA-44-A47F	TCGA-44-A47F
ZBTB18	JASPAR2024|000681|MA0698.2	1.0	0.9188	2028.0	3583.0	15621.2	27471.0	-0.015592970143343722	FALSE	patient	TCGA-44-A47F	TCGA-44-A47F
HNF4A	CIS-BP2.00|000974|M08219_2.00	1.0	0.9548	3276.0	3583.0	25168.3	27471.0	-0.03642761792230342	FALSE	patient	TCGA-44-A47F	TCGA-44-A47F
HNF4A	JASPAR2024|000409|MA1494.2	1.0	0.9663	398.0	3583.0	3128.7	27471.0	-0.039238861526903424	FALSE	patient	TCGA-44-A47F	TCGA-44-A47F
ZNF33B	CIS-BP2.00|000777|M07710_2.00	1.0	0.9993	1206.0	3583.0	9401.9	27471.0	-0.036153817936382567	FALSE	patient	TCGA-44-A47F	TCGA-44-A47F
FOXA3	JASPAR2024|000358|MA1683.2	1.0	1.0	3146.0	3583.0	24262.0	27471.0	-0.07191472598336965	FALSE	patient	TCGA-44-A47F	TCGA-44-A47F
NFATC4	CIS-BP2.00|000101|M01306_2.00	1.0	1.0	3584.0	3583.0	27473.8	27471.0	-2.9382389268352407	FALSE	patient	TCGA-44-A47F	TCGA-44-A47F
NR3C2	CIS-BP2.00|000154|M02395_2.00	1.0	1.0	3584.0	3583.0	27473.8	27471.0	-2.9382389268352407	FALSE	patient	TCGA-44-A47F	TCGA-44-A47F
ZNF540	CIS-BP2.00|000701|M07634_2.00	1.0	1.0	733.0	3583.0	5909.9	27471.0	-0.09120956832035222	FALSE	patient	TCGA-44-A47F	TCGA-44-A47F
ZNF341	JASPAR2024|000712|MA1655.2	1.0	1.0	3579.0	3583.0	27454.8	27471.0	-1.0474034945297974	FALSE	patient	TCGA-44-A47F	TCGA-44-A47F
GATA6	CIS-BP2.00|000947|M08124_2.00	1.0	1.0	2620.0	3583.0	20473.3	27471.0	-0.10523755775072367	FALSE	patient	TCGA-44-A47F	TCGA-44-A47F
GATA6	JASPAR2024|000382|MA1104.3	1.0	1.0	2894.0	3583.0	22569.0	27471.0	-0.13309322247350489	FALSE	patient	TCGA-44-A47F	TCGA-44-A47F
ZNF254	CIS-BP2.00|000827|M07760_2.00	1.0	1.0	482.0	3583.0	4524.2	27471.0	-0.34193490843807484	FALSE	patient	TCGA-44-A47F	TCGA-44-A47F
FOXA3	CIS-BP2.00|000469|M04831_2.00	1e-23	0.0	231.0	3583.0	854.1	27526.0	1.107801284597225	TRUE	patient	TCGA-49-AARO	TCGA-49-AARO
ELF3	CIS-BP2.00|000227|M03002_2.00	1e-16	0.0	1600.0	3583.0	10393.8	27526.0	0.41143420417465104	TRUE	patient	TCGA-49-AARO	TCGA-49-AARO
ZNF444	CIS-BP2.00|000420|M04529_2.00	1e-05	0.0001	1412.0	3583.0	9819.4	27526.0	0.2301066290047021	FALSE	patient	TCGA-49-AARO	TCGA-49-AARO
FOXA1	CIS-BP2.00|000890|M07960_2.00	1e-05	0.0001	1971.0	3583.0	14132.4	27526.0	0.21253466442133537	FALSE	patient	TCGA-49-AARO	TCGA-49-AARO
CREB3L2	JASPAR2024|000025|MA0608.1	0.0001	0.0002	1914.0	3583.0	13716.4	27526.0	0.20732086177753092	FALSE	patient	TCGA-49-AARO	TCGA-49-AARO
CREB3L2	CIS-BP2.00|000117|M01812_2.00	0.0001	0.0002	1923.0	3583.0	13793.6	27526.0	0.2057010901209444	FALSE	patient	TCGA-49-AARO	TCGA-49-AARO
XBP1	JASPAR2024|000675|MA0844.2	0.001	0.0027	1723.0	3583.0	12423.1	27526.0	0.1714409810253378	FALSE	patient	TCGA-49-AARO	TCGA-49-AARO
FOXD2	JASPAR2024|000361|MA0847.4	0.001	0.0062	1403.0	3583.0	10048.7	27526.0	0.1628130165145337	FALSE	patient	TCGA-49-AARO	TCGA-49-AARO
FOXA2	CIS-BP2.00|000889|M07959_2.00	0.01	0.0177	2218.0	3583.0	16385.9	27526.0	0.1434832358884995	FALSE	patient	TCGA-49-AARO	TCGA-49-AARO
CEBPB	JASPAR2024|000235|MA0466.4	0.01	0.0183	264.0	3583.0	1701.9	27526.0	0.27347771773260465	FALSE	patient	TCGA-49-AARO	TCGA-49-AARO
XBP1	CIS-BP2.00|000375|M04231_2.00	0.01	0.0399	3315.0	3583.0	25132.5	27526.0	0.23414463030246202	FALSE	patient	TCGA-49-AARO	TCGA-49-AARO
FOXD2	CIS-BP2.00|000235|M03042_2.00	0.1	0.1078	1361.0	3583.0	9998.9	27526.0	0.1027285934816615	FALSE	patient	TCGA-49-AARO	TCGA-49-AARO
ELF3	JASPAR2024|000276|MA0640.3	0.1	0.1287	3577.0	3583.0	27412.2	27526.0	1.198421114571312	FALSE	patient	TCGA-49-AARO	TCGA-49-AARO
NFATC4	JASPAR2024|000506|MA1525.3	0.1	0.1628	2537.0	3583.0	19104.2	27526.0	0.09619407732156034	FALSE	patient	TCGA-49-AARO	TCGA-49-AARO
ETV1	JASPAR2024|000311|MA0761.3	0.1	0.1782	3567.0	3583.0	27323.7	27526.0	0.6823258003905132	FALSE	patient	TCGA-49-AARO	TCGA-49-AARO
ZNF341	JASPAR2024|000712|MA1655.2	0.1	0.2493	3584.0	3583.0	27501.7	27526.0	2.69256498318475	FALSE	patient	TCGA-49-AARO	TCGA-49-AARO
ZNF33A	CIS-BP2.00|000762|M07695_2.00	1.0	0.3505	3283.0	3583.0	25053.4	27526.0	0.10915484356079602	FALSE	patient	TCGA-49-AARO	TCGA-49-AARO
FOXA1	JASPAR2024|000356|MA0148.5	1.0	0.4232	2905.0	3583.0	22122.8	27526.0	0.06481862126800515	FALSE	patient	TCGA-49-AARO	TCGA-49-AARO
ZNF141	CIS-BP2.00|000653|M07586_2.00	1.0	0.4369	2603.0	3583.0	19787.0	27526.0	0.054585791953524684	FALSE	patient	TCGA-49-AARO	TCGA-49-AARO
NR3C2	JASPAR2024|000539|MA0727.2	1.0	0.4569	258.0	3583.0	1872.0	27526.0	0.09083919895573173	FALSE	patient	TCGA-49-AARO	TCGA-49-AARO
CEBPA	JASPAR2024|000234|MA0102.5	1.0	0.4668	2607.0	3583.0	19833.6	27526.0	0.050591828842925	FALSE	patient	TCGA-49-AARO	TCGA-49-AARO
ZBTB18	JASPAR2024|000681|MA0698.2	1.0	0.4952	2075.0	3583.0	15747.2	27526.0	0.04145690921838847	FALSE	patient	TCGA-49-AARO	TCGA-49-AARO
ZNF19	CIS-BP2.00|000670|M07603_2.00	1.0	0.5076	3569.0	3583.0	27376.3	27526.0	0.4336000908514634	FALSE	patient	TCGA-49-AARO	TCGA-49-AARO
NKX2-1	JASPAR2024|000822|MA1994.2	1.0	0.5418	3422.0	3583.0	26205.7	27526.0	0.09502022943692763	FALSE	patient	TCGA-49-AARO	TCGA-49-AARO
FOXA3	JASPAR2024|000358|MA1683.2	1.0	0.6232	3182.0	3583.0	24358.6	27526.0	0.043826490747950766	FALSE	patient	TCGA-49-AARO	TCGA-49-AARO
HNF4A	JASPAR2024|000409|MA1494.2	1.0	0.6416	414.0	3583.0	3111.2	27526.0	0.03719936241477704	FALSE	patient	TCGA-49-AARO	TCGA-49-AARO
FOXA2	JASPAR2024|000357|MA0047.4	1.0	0.6792	2806.0	3583.0	21476.9	27526.0	0.02394978363200714	FALSE	patient	TCGA-49-AARO	TCGA-49-AARO
CEBPB	CIS-BP2.00|000866|M07830_2.00	1.0	0.7346	1577.0	3583.0	12057.5	27526.0	0.01234815077628475	FALSE	patient	TCGA-49-AARO	TCGA-49-AARO
ZNF75D	CIS-BP2.00|000750|M07683_2.00	1.0	0.7455	2242.0	3583.0	17169.5	27526.0	0.01197706489684253	FALSE	patient	TCGA-49-AARO	TCGA-49-AARO
CEBPA	CIS-BP2.00|000926|M08076_2.00	1.0	0.7663	1326.0	3583.0	10148.3	27526.0	0.008868193821716448	FALSE	patient	TCGA-49-AARO	TCGA-49-AARO
ZNF33B	CIS-BP2.00|000777|M07710_2.00	1.0	0.7961	1230.0	3583.0	9429.3	27526.0	0.004904227767264775	FALSE	patient	TCGA-49-AARO	TCGA-49-AARO
HNF4A	JASPAR2024|000410|MA0114.5	1.0	0.8098	3444.0	3583.0	26441.7	27526.0	0.018616325008667577	FALSE	patient	TCGA-49-AARO	TCGA-49-AARO
ZNF75D	JASPAR2024|000169|MA1601.2	1.0	0.9062	2494.0	3583.0	19215.6	27526.0	-0.01415446881617864	FALSE	patient	TCGA-49-AARO	TCGA-49-AARO
ETV1	CIS-BP2.00|000457|M04708_2.00	1.0	0.9345	3575.0	3583.0	27456.9	27526.0	0.09257444806598963	FALSE	patient	TCGA-49-AARO	TCGA-49-AARO
ZNF281	JASPAR2024|000706|MA1630.3	1.0	0.9742	2927.0	3583.0	22574.0	27526.0	-0.03166289925064458	FALSE	patient	TCGA-49-AARO	TCGA-49-AARO
ZNF281	CIS-BP2.00|001020|M08321_2.00	1.0	1.0	2921.0	3583.0	22551.2	27526.0	-0.03966383687430664	FALSE	patient	TCGA-49-AARO	TCGA-49-AARO
ZBTB18	CIS-BP2.00|000988|M08257_2.00	1.0	1.0	3136.0	3583.0	24183.8	27526.0	-0.04578901813045068	FALSE	patient	TCGA-49-AARO	TCGA-49-AARO
ZNF540	CIS-BP2.00|000701|M07634_2.00	1.0	1.0	748.0	3583.0	5914.4	27526.0	-0.052115355431077315	FALSE	patient	TCGA-49-AARO	TCGA-49-AARO
E2F5	CIS-BP2.00|000940|M08109_2.00	1.0	1.0	3063.0	3583.0	23668.8	27526.0	-0.05999339805784648	FALSE	patient	TCGA-49-AARO	TCGA-49-AARO
GATA6	JASPAR2024|000382|MA1104.3	1.0	1.0	2922.0	3583.0	22629.4	27526.0	-0.0648406846549099	FALSE	patient	TCGA-49-AARO	TCGA-49-AARO
NFATC4	CIS-BP2.00|000101|M01306_2.00	1.0	1.0	3584.0	3583.0	27521.6	27526.0	0.3520349913233911	FALSE	patient	TCGA-49-AARO	TCGA-49-AARO
NR3C2	CIS-BP2.00|000154|M02395_2.00	1.0	1.0	3584.0	3583.0	27521.6	27526.0	0.3520349913233911	FALSE	patient	TCGA-49-AARO	TCGA-49-AARO
ETV1	JASPAR2024|000652|MA1966.2	1.0	1.0	3454.0	3583.0	26616.5	27526.0	-0.13288471000285618	FALSE	patient	TCGA-49-AARO	TCGA-49-AARO
HNF4A	CIS-BP2.00|000974|M08219_2.00	1.0	1.0	3255.0	3583.0	25236.2	27526.0	-0.15300091978323138	FALSE	patient	TCGA-49-AARO	TCGA-49-AARO
GATA6	CIS-BP2.00|000947|M08124_2.00	1.0	1.0	2627.0	3583.0	20560.2	27526.0	-0.10357098391799739	FALSE	patient	TCGA-49-AARO	TCGA-49-AARO
ZNF341	CIS-BP2.00|001017|M08310_2.00	1.0	1.0	3572.0	3583.0	27478.2	27526.0	-0.8729185084511074	FALSE	patient	TCGA-49-AARO	TCGA-49-AARO
ZNF254	CIS-BP2.00|000827|M07760_2.00	1.0	1.0	529.0	3583.0	4540.6	27526.0	-0.18859820786452028	FALSE	patient	TCGA-49-AARO	TCGA-49-AARO
ELF3	CIS-BP2.00|000227|M03002_2.00	1e-14	0.0	1567.0	3584.0	10287.5	27527.0	0.38069399617277183	TRUE	patient	TCGA-4B-A93V	TCGA-4B-A93V
FOXA3	CIS-BP2.00|000469|M04831_2.00	1e-13	0.0	199.0	3584.0	867.0	27527.0	0.8567880018626842	TRUE	patient	TCGA-4B-A93V	TCGA-4B-A93V
FOXD2	JASPAR2024|000361|MA0847.4	1e-05	0.0002	1437.0	3584.0	10072.4	27527.0	0.21407335000491498	FALSE	patient	TCGA-4B-A93V	TCGA-4B-A93V
ZNF444	CIS-BP2.00|000420|M04529_2.00	0.0001	0.0016	1388.0	3584.0	9816.8	27527.0	0.1895437047767629	FALSE	patient	TCGA-4B-A93V	TCGA-4B-A93V
XBP1	JASPAR2024|000675|MA0844.2	0.001	0.003	1727.0	3584.0	12433.2	27527.0	0.17507167799600357	FALSE	patient	TCGA-4B-A93V	TCGA-4B-A93V
CEBPB	JASPAR2024|000235|MA0466.4	0.001	0.0039	277.0	3584.0	1719.1	27527.0	0.33251430338935917	FALSE	patient	TCGA-4B-A93V	TCGA-4B-A93V
XBP1	CIS-BP2.00|000375|M04231_2.00	0.001	0.0113	3327.0	3584.0	25154.3	27527.0	0.28586620261761453	FALSE	patient	TCGA-4B-A93V	TCGA-4B-A93V
FOXA1	CIS-BP2.00|000890|M07960_2.00	0.001	0.0144	1936.0	3584.0	14158.1	27527.0	0.14955371607463952	FALSE	patient	TCGA-4B-A93V	TCGA-4B-A93V
CEBPB	CIS-BP2.00|000866|M07830_2.00	0.01	0.0157	1668.0	3584.0	12112.0	27527.0	0.14796270659599847	FALSE	patient	TCGA-4B-A93V	TCGA-4B-A93V
NFATC4	JASPAR2024|000506|MA1525.3	0.01	0.0247	2554.0	3584.0	19010.1	27527.0	0.1513773740918564	FALSE	patient	TCGA-4B-A93V	TCGA-4B-A93V
FOXD2	CIS-BP2.00|000235|M03042_2.00	0.01	0.034	1384.0	3584.0	10024.5	27527.0	0.13553366530329755	FALSE	patient	TCGA-4B-A93V	TCGA-4B-A93V
CEBPA	CIS-BP2.00|000926|M08076_2.00	0.01	0.0412	1404.0	3584.0	10194.4	27527.0	0.13107971127255455	FALSE	patient	TCGA-4B-A93V	TCGA-4B-A93V
CREB3L2	CIS-BP2.00|000117|M01812_2.00	0.01	0.054	1872.0	3584.0	13798.6	27527.0	0.12150359261230853	FALSE	patient	TCGA-4B-A93V	TCGA-4B-A93V
FOXA2	CIS-BP2.00|000889|M07959_2.00	0.01	0.0582	2211.0	3584.0	16424.2	27527.0	0.1222898342778964	FALSE	patient	TCGA-4B-A93V	TCGA-4B-A93V
CREB3L2	JASPAR2024|000025|MA0608.1	0.1	0.0835	1856.0	3584.0	13724.7	27527.0	0.11119849768057083	FALSE	patient	TCGA-4B-A93V	TCGA-4B-A93V
ETV1	CIS-BP2.00|000457|M04708_2.00	0.1	0.1623	3581.0	3584.0	27466.7	27527.0	1.1795704937500973	FALSE	patient	TCGA-4B-A93V	TCGA-4B-A93V
ZNF19	CIS-BP2.00|000670|M07603_2.00	0.1	0.2545	3572.0	3584.0	27385.5	27527.0	0.5674582848149266	FALSE	patient	TCGA-4B-A93V	TCGA-4B-A93V
FOXA1	JASPAR2024|000356|MA0148.5	0.1	0.3428	2910.0	3584.0	22103.9	27527.0	0.08236578109475721	FALSE	patient	TCGA-4B-A93V	TCGA-4B-A93V
ELF3	JASPAR2024|000276|MA0640.3	1.0	0.6508	3572.0	3584.0	27415.8	27527.0	0.2196012186590278	FALSE	patient	TCGA-4B-A93V	TCGA-4B-A93V
ZBTB18	JASPAR2024|000681|MA0698.2	1.0	0.6714	2079.0	3584.0	15821.5	27527.0	0.031310183666145006	FALSE	patient	TCGA-4B-A93V	TCGA-4B-A93V
FOXA2	JASPAR2024|000357|MA0047.4	1.0	0.7306	2809.0	3584.0	21481.7	27527.0	0.02797812544713222	FALSE	patient	TCGA-4B-A93V	TCGA-4B-A93V
ZNF540	CIS-BP2.00|000701|M07634_2.00	1.0	0.7821	772.0	3584.0	5863.8	27527.0	0.021002593027210813	FALSE	patient	TCGA-4B-A93V	TCGA-4B-A93V
ETV1	JASPAR2024|000311|MA0761.3	1.0	0.8355	3559.0	3584.0	27327.5	27527.0	0.03079747409784276	FALSE	patient	TCGA-4B-A93V	TCGA-4B-A93V
FOXA3	JASPAR2024|000358|MA1683.2	1.0	0.8374	3173.0	3584.0	24343.3	27527.0	0.012558980212466849	FALSE	patient	TCGA-4B-A93V	TCGA-4B-A93V
ZNF33A	CIS-BP2.00|000762|M07695_2.00	1.0	0.8877	3269.0	3584.0	25098.3	27527.0	0.004292903318195774	FALSE	patient	TCGA-4B-A93V	TCGA-4B-A93V
CEBPA	JASPAR2024|000234|MA0102.5	1.0	0.9211	2589.0	3584.0	19888.8	27527.0	-0.0014131265591687434	FALSE	patient	TCGA-4B-A93V	TCGA-4B-A93V
NR3C2	JASPAR2024|000539|MA0727.2	1.0	0.9312	242.0	3584.0	1862.2	27527.0	-0.0005190263349564039	FALSE	patient	TCGA-4B-A93V	TCGA-4B-A93V
HNF4A	JASPAR2024|000410|MA0114.5	1.0	0.9352	3444.0	3584.0	26459.4	27527.0	-0.01503643715147706	FALSE	patient	TCGA-4B-A93V	TCGA-4B-A93V
ZNF75D	JASPAR2024|000169|MA1601.2	1.0	0.968	2490.0	3584.0	19164.6	27527.0	-0.010242852335380019	FALSE	patient	TCGA-4B-A93V	TCGA-4B-A93V
ZNF341	CIS-BP2.00|001017|M08310_2.00	1.0	1.0	3578.0	3584.0	27489.2	27527.0	-0.38263150888467085	FALSE	patient	TCGA-4B-A93V	TCGA-4B-A93V
NKX2-1	JASPAR2024|000822|MA1994.2	1.0	1.0	3410.0	3584.0	26235.8	27527.0	-0.05553701061989415	FALSE	patient	TCGA-4B-A93V	TCGA-4B-A93V
HNF4A	CIS-BP2.00|000974|M08219_2.00	1.0	1.0	3280.0	3584.0	25253.3	27527.0	-0.04366786225648636	FALSE	patient	TCGA-4B-A93V	TCGA-4B-A93V
ZBTB18	CIS-BP2.00|000988|M08257_2.00	1.0	1.0	3145.0	3584.0	24231.5	27527.0	-0.03877104393780932	FALSE	patient	TCGA-4B-A93V	TCGA-4B-A93V
ZNF75D	CIS-BP2.00|000750|M07683_2.00	1.0	1.0	2207.0	3584.0	17122.0	27527.0	-0.03818595079066333	FALSE	patient	TCGA-4B-A93V	TCGA-4B-A93V
HNF4A	JASPAR2024|000409|MA1494.2	1.0	1.0	390.0	3584.0	3108.1	27527.0	-0.05850482784971817	FALSE	patient	TCGA-4B-A93V	TCGA-4B-A93V
ZNF141	CIS-BP2.00|000653|M07586_2.00	1.0	1.0	2557.0	3584.0	19824.1	27527.0	-0.04812866647931586	FALSE	patient	TCGA-4B-A93V	TCGA-4B-A93V
ZNF341	JASPAR2024|000712|MA1655.2	1.0	1.0	3580.0	3584.0	27512.8	27527.0	-1.2340769689886804	FALSE	patient	TCGA-4B-A93V	TCGA-4B-A93V
NFATC4	CIS-BP2.00|000101|M01306_2.00	1.0	1.0	3584.0	3584.0	27533.0	27527.0	-2.9413442166084915	FALSE	patient	TCGA-4B-A93V	TCGA-4B-A93V
NR3C2	CIS-BP2.00|000154|M02395_2.00	1.0	1.0	3584.0	3584.0	27533.0	27527.0	-2.9413442166084915	FALSE	patient	TCGA-4B-A93V	TCGA-4B-A93V
GATA6	JASPAR2024|000382|MA1104.3	1.0	1.0	2921.0	3584.0	22662.9	27527.0	-0.08143030732344254	FALSE	patient	TCGA-4B-A93V	TCGA-4B-A93V
ETV1	JASPAR2024|000652|MA1966.2	1.0	1.0	3448.0	3584.0	26623.6	27527.0	-0.2214296629596182	FALSE	patient	TCGA-4B-A93V	TCGA-4B-A93V
GATA6	CIS-BP2.00|000947|M08124_2.00	1.0	1.0	2632.0	3584.0	20571.5	27527.0	-0.09770968751347527	FALSE	patient	TCGA-4B-A93V	TCGA-4B-A93V
E2F5	CIS-BP2.00|000940|M08109_2.00	1.0	1.0	3041.0	3584.0	23647.8	27527.0	-0.12328840812826983	FALSE	patient	TCGA-4B-A93V	TCGA-4B-A93V
ZNF281	JASPAR2024|000706|MA1630.3	1.0	1.0	2900.0	3584.0	22604.8	27527.0	-0.11596016498114116	FALSE	patient	TCGA-4B-A93V	TCGA-4B-A93V
ZNF33B	CIS-BP2.00|000777|M07710_2.00	1.0	1.0	1169.0	3584.0	9419.1	27527.0	-0.10350861376959114	FALSE	patient	TCGA-4B-A93V	TCGA-4B-A93V
ZNF281	CIS-BP2.00|001020|M08321_2.00	1.0	1.0	2888.0	3584.0	22564.2	27527.0	-0.1325707970139774	FALSE	patient	TCGA-4B-A93V	TCGA-4B-A93V
ZNF254	CIS-BP2.00|000827|M07760_2.00	1.0	1.0	534.0	3584.0	4553.2	27527.0	-0.17787412691816745	FALSE	patient	TCGA-4B-A93V	TCGA-4B-A93V
FOXA3	CIS-BP2.00|000469|M04831_2.00	1e-23	0.0	235.0	3583.0	872.3	27567.0	1.1050694427043004	TRUE	patient	TCGA-73-A9RS	TCGA-73-A9RS
ELF3	CIS-BP2.00|000227|M03002_2.00	1e-11	0.0	1556.0	3583.0	10441.9	27567.0	0.3323048687068957	TRUE	patient	TCGA-73-A9RS	TCGA-73-A9RS
CEBPB	JASPAR2024|000235|MA0466.4	1e-06	0.0	296.0	3583.0	1719.5	27567.0	0.4386853011548801	TRUE	patient	TCGA-73-A9RS	TCGA-73-A9RS
FOXD2	JASPAR2024|000361|MA0847.4	0.0001	0.0009	1422.0	3583.0	10062.4	27567.0	0.19512498820232488	FALSE	patient	TCGA-73-A9RS	TCGA-73-A9RS
ZNF444	CIS-BP2.00|000420|M04529_2.00	0.001	0.0026	1379.0	3583.0	9809.9	27567.0	0.17974672361840177	FALSE	patient	TCGA-73-A9RS	TCGA-73-A9RS
FOXD2	CIS-BP2.00|000235|M03042_2.00	0.001	0.0034	1411.0	3583.0	10069.3	27567.0	0.1750444449509017	FALSE	patient	TCGA-73-A9RS	TCGA-73-A9RS
XBP1	CIS-BP2.00|000375|M04231_2.00	0.001	0.0064	3326.0	3583.0	25154.8	27567.0	0.3092187453228413	FALSE	patient	TCGA-73-A9RS	TCGA-73-A9RS
FOXA1	CIS-BP2.00|000890|M07960_2.00	0.01	0.023	1917.0	3583.0	14090.6	27567.0	0.13810970378702234	FALSE	patient	TCGA-73-A9RS	TCGA-73-A9RS
CREB3L2	CIS-BP2.00|000117|M01812_2.00	0.01	0.0312	1871.0	3583.0	13766.0	27567.0	0.13175431854841327	FALSE	patient	TCGA-73-A9RS	TCGA-73-A9RS
CREB3L2	JASPAR2024|000025|MA0608.1	0.01	0.0367	1859.0	3583.0	13688.4	27567.0	0.12864411702982287	FALSE	patient	TCGA-73-A9RS	TCGA-73-A9RS
CEBPB	CIS-BP2.00|000866|M07830_2.00	0.01	0.0586	1645.0	3583.0	12094.0	27567.0	0.11903372489257359	FALSE	patient	TCGA-73-A9RS	TCGA-73-A9RS
ZNF141	CIS-BP2.00|000653|M07586_2.00	0.1	0.1552	2624.0	3583.0	19789.9	27567.0	0.10428405819475738	FALSE	patient	TCGA-73-A9RS	TCGA-73-A9RS
ZNF19	CIS-BP2.00|000670|M07603_2.00	0.1	0.2146	3573.0	3583.0	27418.9	27567.0	0.8831855743059492	FALSE	patient	TCGA-73-A9RS	TCGA-73-A9RS
CEBPA	CIS-BP2.00|000926|M08076_2.00	0.1	0.226	1374.0	3583.0	10204.3	27567.0	0.08197192578555336	FALSE	patient	TCGA-73-A9RS	TCGA-73-A9RS
NFATC4	JASPAR2024|000506|MA1525.3	0.1	0.2656	2538.0	3583.0	19198.7	27567.0	0.08182967580040486	FALSE	patient	TCGA-73-A9RS	TCGA-73-A9RS
ZNF341	JASPAR2024|000712|MA1655.2	0.1	0.2798	3584.0	3583.0	27538.5	27567.0	2.916348619356113	FALSE	patient	TCGA-73-A9RS	TCGA-73-A9RS
ZBTB18	JASPAR2024|000681|MA0698.2	0.1	0.3142	2087.0	3583.0	15735.7	27567.0	0.06876629091981495	FALSE	patient	TCGA-73-A9RS	TCGA-73-A9RS
ZNF75D	CIS-BP2.00|000750|M07683_2.00	0.1	0.3142	2267.0	3583.0	17127.5	27567.0	0.07016004044155918	FALSE	patient	TCGA-73-A9RS	TCGA-73-A9RS
FOXA2	CIS-BP2.00|000889|M07959_2.00	0.1	0.3175	2165.0	3583.0	16342.3	27567.0	0.06841999101578572	FALSE	patient	TCGA-73-A9RS	TCGA-73-A9RS
ZNF75D	JASPAR2024|000169|MA1601.2	0.1	0.3293	2529.0	3583.0	19168.7	27567.0	0.07175813361932927	FALSE	patient	TCGA-73-A9RS	TCGA-73-A9RS
XBP1	JASPAR2024|000675|MA0844.2	1.0	0.3533	1655.0	3583.0	12440.9	27567.0	0.06172677724619512	FALSE	patient	TCGA-73-A9RS	TCGA-73-A9RS
NR3C2	JASPAR2024|000539|MA0727.2	1.0	0.3661	261.0	3583.0	1864.4	27567.0	0.11738584537202375	FALSE	patient	TCGA-73-A9RS	TCGA-73-A9RS
ZNF33A	CIS-BP2.00|000762|M07695_2.00	1.0	0.4675	3271.0	3583.0	25026.4	27567.0	0.08806963167240435	FALSE	patient	TCGA-73-A9RS	TCGA-73-A9RS
FOXA3	JASPAR2024|000358|MA1683.2	1.0	0.717	3176.0	3583.0	24364.1	27567.0	0.035455377007742456	FALSE	patient	TCGA-73-A9RS	TCGA-73-A9RS
ETV1	JASPAR2024|000652|MA1966.2	1.0	0.8188	3468.0	3583.0	26655.0	27567.0	0.039882252727593104	FALSE	patient	TCGA-73-A9RS	TCGA-73-A9RS
ZBTB18	CIS-BP2.00|000988|M08257_2.00	1.0	0.8493	3155.0	3583.0	24252.4	27567.0	0.009468543483351218	FALSE	patient	TCGA-73-A9RS	TCGA-73-A9RS
FOXA1	JASPAR2024|000356|MA0148.5	1.0	0.9459	2872.0	3583.0	22123.5	27567.0	-0.009502044204937363	FALSE	patient	TCGA-73-A9RS	TCGA-73-A9RS
HNF4A	JASPAR2024|000409|MA1494.2	1.0	0.9757	398.0	3583.0	3107.7	27567.0	-0.022606844050455484	FALSE	patient	TCGA-73-A9RS	TCGA-73-A9RS
CEBPA	JASPAR2024|000234|MA0102.5	1.0	0.9871	2572.0	3583.0	19849.6	27567.0	-0.016191261843503793	FALSE	patient	TCGA-73-A9RS	TCGA-73-A9RS
ETV1	CIS-BP2.00|000457|M04708_2.00	1.0	0.9939	3576.0	3583.0	27500.3	27567.0	0.2206454915839343	FALSE	patient	TCGA-73-A9RS	TCGA-73-A9RS
FOXA2	JASPAR2024|000357|MA0047.4	1.0	1.0	2780.0	3583.0	21470.8	27567.0	-0.025334672802416146	FALSE	patient	TCGA-73-A9RS	TCGA-73-A9RS
ZNF281	JASPAR2024|000706|MA1630.3	1.0	1.0	2928.0	3583.0	22602.1	27567.0	-0.027012680579712595	FALSE	patient	TCGA-73-A9RS	TCGA-73-A9RS
HNF4A	JASPAR2024|000410|MA0114.5	1.0	1.0	3437.0	3583.0	26472.0	27567.0	-0.04244591275350232	FALSE	patient	TCGA-73-A9RS	TCGA-73-A9RS
ZNF33B	CIS-BP2.00|000777|M07710_2.00	1.0	1.0	1212.0	3583.0	9460.7	27567.0	-0.031378601405072565	FALSE	patient	TCGA-73-A9RS	TCGA-73-A9RS
ZNF540	CIS-BP2.00|000701|M07634_2.00	1.0	1.0	753.0	3583.0	5915.6	27567.0	-0.03760222034630299	FALSE	patient	TCGA-73-A9RS	TCGA-73-A9RS
ELF3	JASPAR2024|000276|MA0640.3	1.0	1.0	3568.0	3583.0	27454.4	27567.0	-0.07641517019771457	FALSE	patient	TCGA-73-A9RS	TCGA-73-A9RS
NKX2-1	JASPAR2024|000822|MA1994.2	1.0	1.0	3397.0	3583.0	26220.9	27567.0	-0.09612542482144108	FALSE	patient	TCGA-73-A9RS	TCGA-73-A9RS
ZNF341	CIS-BP2.00|001017|M08310_2.00	1.0	1.0	3576.0	3583.0	27514.2	27567.0	-0.11440921976867582	FALSE	patient	TCGA-73-A9RS	TCGA-73-A9RS
NFATC4	CIS-BP2.00|000101|M01306_2.00	1.0	1.0	3584.0	3583.0	27558.8	27567.0	1.178319953891813	FALSE	patient	TCGA-73-A9RS	TCGA-73-A9RS
NR3C2	CIS-BP2.00|000154|M02395_2.00	1.0	1.0	3584.0	3583.0	27558.8	27567.0	1.178319953891813	FALSE	patient	TCGA-73-A9RS	TCGA-73-A9RS
ETV1	JASPAR2024|000311|MA0761.3	1.0	1.0	3553.0	3583.0	27363.7	27567.0	-0.20470417144353506	FALSE	patient	TCGA-73-A9RS	TCGA-73-A9RS
GATA6	JASPAR2024|000382|MA1104.3	1.0	1.0	2916.0	3583.0	22656.7	27567.0	-0.07854127736988785	FALSE	patient	TCGA-73-A9RS	TCGA-73-A9RS
GATA6	CIS-BP2.00|000947|M08124_2.00	1.0	1.0	2638.0	3583.0	20581.0	27567.0	-0.07813771054781438	FALSE	patient	TCGA-73-A9RS	TCGA-73-A9RS
E2F5	CIS-BP2.00|000940|M08109_2.00	1.0	1.0	3053.0	3583.0	23733.2	27567.0	-0.10486271555944458	FALSE	patient	TCGA-73-A9RS	TCGA-73-A9RS
ZNF281	CIS-BP2.00|001020|M08321_2.00	1.0	1.0	2892.0	3583.0	22565.6	27567.0	-0.10909318259865372	FALSE	patient	TCGA-73-A9RS	TCGA-73-A9RS
ZNF254	CIS-BP2.00|000827|M07760_2.00	1.0	1.0	549.0	3583.0	4548.7	27567.0	-0.1261395759246981	FALSE	patient	TCGA-73-A9RS	TCGA-73-A9RS
HNF4A	CIS-BP2.00|000974|M08219_2.00	1.0	1.0	3242.0	3583.0	25274.2	27567.0	-0.21504787743915074	FALSE	patient	TCGA-73-A9RS	TCGA-73-A9RS
FOXA3	CIS-BP2.00|000469|M04831_2.00	1e-17	0.0	216.0	3585.0	868.3	27488.0	0.9772579012703753	TRUE	patient	TCGA-86-A4D0	TCGA-86-A4D0
ELF3	CIS-BP2.00|000227|M03002_2.00	1e-09	0.0	1533.0	3585.0	10388.0	27488.0	0.29849709524187873	TRUE	patient	TCGA-86-A4D0	TCGA-86-A4D0
NFATC4	JASPAR2024|000506|MA1525.3	1e-05	0.0001	2613.0	3585.0	19078.2	27488.0	0.24447930115560843	FALSE	patient	TCGA-86-A4D0	TCGA-86-A4D0
FOXA1	CIS-BP2.00|000890|M07960_2.00	0.01	0.0252	1924.0	3585.0	14098.7	27488.0	0.1375184845129948	FALSE	patient	TCGA-86-A4D0	TCGA-86-A4D0
CREB3L2	CIS-BP2.00|000117|M01812_2.00	0.01	0.0335	1868.0	3585.0	13702.3	27488.0	0.13032459436994245	FALSE	patient	TCGA-86-A4D0	TCGA-86-A4D0
CREB3L2	JASPAR2024|000025|MA0608.1	0.01	0.0342	1858.0	3585.0	13628.2	27488.0	0.1297635074491412	FALSE	patient	TCGA-86-A4D0	TCGA-86-A4D0
CEBPA	JASPAR2024|000234|MA0102.5	0.01	0.0388	2657.0	3585.0	19836.1	27488.0	0.14291530013453202	FALSE	patient	TCGA-86-A4D0	TCGA-86-A4D0
ZNF444	CIS-BP2.00|000420|M04529_2.00	0.01	0.0457	1331.0	3585.0	9642.3	27488.0	0.12833780099866388	FALSE	patient	TCGA-86-A4D0	TCGA-86-A4D0
FOXA2	CIS-BP2.00|000889|M07959_2.00	0.01	0.0706	2197.0	3585.0	16319.7	27488.0	0.1151514388004426	FALSE	patient	TCGA-86-A4D0	TCGA-86-A4D0
FOXD2	JASPAR2024|000361|MA0847.4	0.1	0.0791	1378.0	3585.0	10059.7	27488.0	0.11350008389061964	FALSE	patient	TCGA-86-A4D0	TCGA-86-A4D0
ZNF19	CIS-BP2.00|000670|M07603_2.00	0.1	0.0913	3574.0	3585.0	27339.1	27488.0	0.7642956038794824	FALSE	patient	TCGA-86-A4D0	TCGA-86-A4D0
ETV1	JASPAR2024|000311|MA0761.3	0.1	0.1058	3568.0	3585.0	27283.5	27488.0	0.6155315924401336	FALSE	patient	TCGA-86-A4D0	TCGA-86-A4D0
XBP1	JASPAR2024|000675|MA0844.2	0.1	0.1084	1673.0	3585.0	12353.7	27488.0	0.10027682237124862	FALSE	patient	TCGA-86-A4D0	TCGA-86-A4D0
ELF3	JASPAR2024|000276|MA0640.3	0.1	0.1196	3577.0	3585.0	27376.8	27488.0	0.7800660340541198	FALSE	patient	TCGA-86-A4D0	TCGA-86-A4D0
CEBPB	CIS-BP2.00|000866|M07830_2.00	0.1	0.127	1644.0	3585.0	12156.2	27488.0	0.09529977821065228	FALSE	patient	TCGA-86-A4D0	TCGA-86-A4D0
ZNF33A	CIS-BP2.00|000762|M07695_2.00	0.1	0.1778	3289.0	3585.0	24993.5	27488.0	0.14729421700263684	FALSE	patient	TCGA-86-A4D0	TCGA-86-A4D0
HNF4A	JASPAR2024|000410|MA0114.5	0.1	0.2031	3462.0	3585.0	26401.4	27488.0	0.20714593007482499	FALSE	patient	TCGA-86-A4D0	TCGA-86-A4D0
ZNF75D	CIS-BP2.00|000750|M07683_2.00	0.1	0.2353	2263.0	3585.0	17004.2	27488.0	0.0775845712173318	FALSE	patient	TCGA-86-A4D0	TCGA-86-A4D0
CEBPA	CIS-BP2.00|000926|M08076_2.00	0.1	0.2357	1381.0	3585.0	10241.8	27488.0	0.07756470506758219	FALSE	patient	TCGA-86-A4D0	TCGA-86-A4D0
NKX2-1	JASPAR2024|000822|MA1994.2	0.1	0.2428	3430.0	3585.0	26153.4	27488.0	0.17142599766401448	FALSE	patient	TCGA-86-A4D0	TCGA-86-A4D0
FOXD2	CIS-BP2.00|000235|M03042_2.00	0.1	0.2662	1349.0	3585.0	10017.6	27488.0	0.07352723029349277	FALSE	patient	TCGA-86-A4D0	TCGA-86-A4D0
ZNF75D	JASPAR2024|000169|MA1601.2	1.0	0.3359	2516.0	3585.0	19024.4	27488.0	0.06602182231454608	FALSE	patient	TCGA-86-A4D0	TCGA-86-A4D0
ZNF141	CIS-BP2.00|000653|M07586_2.00	1.0	0.3624	2608.0	3585.0	19750.8	27488.0	0.06408091340738065	FALSE	patient	TCGA-86-A4D0	TCGA-86-A4D0
CEBPB	JASPAR2024|000235|MA0466.4	1.0	0.366	248.0	3585.0	1764.1	27488.0	0.1182742527915028	FALSE	patient	TCGA-86-A4D0	TCGA-86-A4D0
NR3C2	JASPAR2024|000539|MA0727.2	1.0	0.3806	259.0	3585.0	1850.7	27488.0	0.1115412037646551	FALSE	patient	TCGA-86-A4D0	TCGA-86-A4D0
XBP1	CIS-BP2.00|000375|M04231_2.00	1.0	0.5431	3289.0	3585.0	25121.9	27488.0	0.0636777972370229	FALSE	patient	TCGA-86-A4D0	TCGA-86-A4D0
ZBTB18	JASPAR2024|000681|MA0698.2	1.0	0.6043	2066.0	3585.0	15697.3	27488.0	0.030740855024714586	FALSE	patient	TCGA-86-A4D0	TCGA-86-A4D0
HNF4A	JASPAR2024|000409|MA1494.2	1.0	0.7344	410.0	3585.0	3101.7	27488.0	0.023207213706208884	FALSE	patient	TCGA-86-A4D0	TCGA-86-A4D0
ZNF33B	CIS-BP2.00|000777|M07710_2.00	1.0	0.7417	1228.0	3585.0	9359.2	27488.0	0.013429114340577173	FALSE	patient	TCGA-86-A4D0	TCGA-86-A4D0
ZNF540	CIS-BP2.00|000701|M07634_2.00	1.0	0.7435	773.0	3585.0	5878.5	27488.0	0.01567648964588433	FALSE	patient	TCGA-86-A4D0	TCGA-86-A4D0
HNF4A	CIS-BP2.00|000974|M08219_2.00	1.0	0.7534	3288.0	3585.0	25184.1	27488.0	0.016389347527712445	FALSE	patient	TCGA-86-A4D0	TCGA-86-A4D0
ETV1	JASPAR2024|000652|MA1966.2	1.0	0.8221	3469.0	3585.0	26597.6	27488.0	-0.0035899714469902347	FALSE	patient	TCGA-86-A4D0	TCGA-86-A4D0
ETV1	CIS-BP2.00|000457|M04708_2.00	1.0	0.8951	3576.0	3585.0	27425.0	27488.0	-0.19814040297511784	FALSE	patient	TCGA-86-A4D0	TCGA-86-A4D0
FOXA2	JASPAR2024|000357|MA0047.4	1.0	0.9982	2777.0	3585.0	21394.8	27488.0	-0.031436294124205504	FALSE	patient	TCGA-86-A4D0	TCGA-86-A4D0
ZNF341	JASPAR2024|000712|MA1655.2	1.0	1.0	3581.0	3585.0	27469.1	27488.0	-0.8311403096679647	FALSE	patient	TCGA-86-A4D0	TCGA-86-A4D0
FOXA3	JASPAR2024|000358|MA1683.2	1.0	1.0	3154.0	3585.0	24291.1	27488.0	-0.05550748789929023	FALSE	patient	TCGA-86-A4D0	TCGA-86-A4D0
FOXA1	JASPAR2024|000356|MA0148.5	1.0	1.0	2855.0	3585.0	22055.9	27488.0	-0.05469539897237937	FALSE	patient	TCGA-86-A4D0	TCGA-86-A4D0
GATA6	JASPAR2024|000382|MA1104.3	1.0	1.0	2910.0	3585.0	22515.2	27488.0	-0.0714166227015828	FALSE	patient	TCGA-86-A4D0	TCGA-86-A4D0
NFATC4	CIS-BP2.00|000101|M01306_2.00	1.0	1.0	3584.0	3585.0	27488.4	27488.0	-4.523967880313601	FALSE	patient	TCGA-86-A4D0	TCGA-86-A4D0
NR3C2	CIS-BP2.00|000154|M02395_2.00	1.0	1.0	3584.0	3585.0	27488.4	27488.0	-4.523967880313601	FALSE	patient	TCGA-86-A4D0	TCGA-86-A4D0
GATA6	CIS-BP2.00|000947|M08124_2.00	1.0	1.0	2627.0	3585.0	20411.4	27488.0	-0.0733398418057037	FALSE	patient	TCGA-86-A4D0	TCGA-86-A4D0
ZBTB18	CIS-BP2.00|000988|M08257_2.00	1.0	1.0	3132.0	3585.0	24216.6	27488.0	-0.0996854982564443	FALSE	patient	TCGA-86-A4D0	TCGA-86-A4D0
ZNF281	JASPAR2024|000706|MA1630.3	1.0	1.0	2881.0	3585.0	22482.3	27488.0	-0.1348854777808036	FALSE	patient	TCGA-86-A4D0	TCGA-86-A4D0
ZNF341	CIS-BP2.00|001017|M08310_2.00	1.0	1.0	3573.0	3585.0	27445.9	27488.0	-1.1722819019657844	FALSE	patient	TCGA-86-A4D0	TCGA-86-A4D0
E2F5	CIS-BP2.00|000940|M08109_2.00	1.0	1.0	3029.0	3585.0	23663.3	27488.0	-0.18444856546949773	FALSE	patient	TCGA-86-A4D0	TCGA-86-A4D0
ZNF281	CIS-BP2.00|001020|M08321_2.00	1.0	1.0	2858.0	3585.0	22445.1	27488.0	-0.1797249673781094	FALSE	patient	TCGA-86-A4D0	TCGA-86-A4D0
ZNF254	CIS-BP2.00|000827|M07760_2.00	1.0	1.0	519.0	3585.0	4538.0	27488.0	-0.22315917468601346	FALSE	patient	TCGA-86-A4D0	TCGA-86-A4D0
ELF3	CIS-BP2.00|000227|M03002_2.00	1e-13	0.0	1584.0	3584.0	10461.9	27524.0	0.3692906988900879	TRUE	patient	TCGA-86-A4P7	TCGA-86-A4P7
FOXA3	CIS-BP2.00|000469|M04831_2.00	1e-09	0.0	187.0	3584.0	881.1	27524.0	0.7379991139998837	TRUE	patient	TCGA-86-A4P7	TCGA-86-A4P7
FOXA1	CIS-BP2.00|000890|M07960_2.00	1e-06	0.0	1989.0	3584.0	14104.0	27524.0	0.24668018887572588	TRUE	patient	TCGA-86-A4P7	TCGA-86-A4P7
FOXA2	CIS-BP2.00|000889|M07959_2.00	1e-05	0.0	2269.0	3584.0	16351.5	27524.0	0.23731274622973686	TRUE	patient	TCGA-86-A4P7	TCGA-86-A4P7
NFATC4	JASPAR2024|000506|MA1525.3	0.0001	0.0005	2607.0	3584.0	19171.2	27524.0	0.2169385323151418	FALSE	patient	TCGA-86-A4P7	TCGA-86-A4P7
FOXA1	JASPAR2024|000356|MA0148.5	0.01	0.0124	2951.0	3584.0	22101.6	27524.0	0.19298483748970144	FALSE	patient	TCGA-86-A4P7	TCGA-86-A4P7
FOXD2	JASPAR2024|000361|MA0847.4	0.01	0.0139	1403.0	3584.0	10097.6	27524.0	0.15094067793037497	FALSE	patient	TCGA-86-A4P7	TCGA-86-A4P7
ZNF444	CIS-BP2.00|000420|M04529_2.00	0.01	0.0171	1362.0	3584.0	9803.5	27524.0	0.14809043931154528	FALSE	patient	TCGA-86-A4P7	TCGA-86-A4P7
XBP1	JASPAR2024|000675|MA0844.2	0.01	0.0201	1701.0	3584.0	12399.6	27524.0	0.139964966691043	FALSE	patient	TCGA-86-A4P7	TCGA-86-A4P7
CEBPB	JASPAR2024|000235|MA0466.4	0.01	0.0327	267.0	3584.0	1740.1	27524.0	0.2563561991299203	FALSE	patient	TCGA-86-A4P7	TCGA-86-A4P7
FOXA3	JASPAR2024|000358|MA1683.2	0.01	0.039	3218.0	3584.0	24329.3	27524.0	0.20575704754749577	FALSE	patient	TCGA-86-A4P7	TCGA-86-A4P7
CEBPB	CIS-BP2.00|000866|M07830_2.00	0.01	0.0408	1654.0	3584.0	12109.3	27524.0	0.12559930643389647	FALSE	patient	TCGA-86-A4P7	TCGA-86-A4P7
ZNF75D	JASPAR2024|000169|MA1601.2	0.1	0.0692	2555.0	3584.0	19126.7	27524.0	0.12411940084460069	FALSE	patient	TCGA-86-A4P7	TCGA-86-A4P7
ZNF75D	CIS-BP2.00|000750|M07683_2.00	0.1	0.0728	2292.0	3584.0	17086.4	27524.0	0.11572590281814095	FALSE	patient	TCGA-86-A4P7	TCGA-86-A4P7
FOXD2	CIS-BP2.00|000235|M03042_2.00	0.1	0.0907	1376.0	3584.0	10085.4	27524.0	0.10792353834318065	FALSE	patient	TCGA-86-A4P7	TCGA-86-A4P7
FOXA2	JASPAR2024|000357|MA0047.4	0.1	0.0959	2845.0	3584.0	21441.6	27524.0	0.12644511170166212	FALSE	patient	TCGA-86-A4P7	TCGA-86-A4P7
ELF3	JASPAR2024|000276|MA0640.3	0.1	0.1703	3576.0	3584.0	27405.3	27524.0	0.8719166820930039	FALSE	patient	TCGA-86-A4P7	TCGA-86-A4P7
CEBPA	CIS-BP2.00|000926|M08076_2.00	0.1	0.1881	1381.0	3584.0	10230.0	27524.0	0.08387531388585209	FALSE	patient	TCGA-86-A4P7	TCGA-86-A4P7
CREB3L2	CIS-BP2.00|000117|M01812_2.00	0.1	0.2093	1837.0	3584.0	13738.9	27524.0	0.07729485145869928	FALSE	patient	TCGA-86-A4P7	TCGA-86-A4P7
NR3C2	JASPAR2024|000539|MA0727.2	0.1	0.2179	264.0	3584.0	1844.1	27524.0	0.14922689498496364	FALSE	patient	TCGA-86-A4P7	TCGA-86-A4P7
ZNF341	JASPAR2024|000712|MA1655.2	0.1	0.2466	3584.0	3584.0	27498.1	27524.0	2.7829516513059396	FALSE	patient	TCGA-86-A4P7	TCGA-86-A4P7
CREB3L2	JASPAR2024|000025|MA0608.1	0.1	0.293	1819.0	3584.0	13662.0	27524.0	0.06443119457187123	FALSE	patient	TCGA-86-A4P7	TCGA-86-A4P7
ZNF33A	CIS-BP2.00|000762|M07695_2.00	1.0	0.4028	3273.0	3584.0	24989.7	27524.0	0.09211128876434217	FALSE	patient	TCGA-86-A4P7	TCGA-86-A4P7
XBP1	CIS-BP2.00|000375|M04231_2.00	1.0	0.4209	3291.0	3584.0	25137.1	27524.0	0.09097808355282236	FALSE	patient	TCGA-86-A4P7	TCGA-86-A4P7
ETV1	JASPAR2024|000311|MA0761.3	1.0	0.5093	3562.0	3584.0	27314.2	27524.0	0.2857362849287901	FALSE	patient	TCGA-86-A4P7	TCGA-86-A4P7
GATA6	JASPAR2024|000382|MA1104.3	1.0	0.7359	2952.0	3584.0	22615.9	27524.0	0.0188138822067084	FALSE	patient	TCGA-86-A4P7	TCGA-86-A4P7
NKX2-1	JASPAR2024|000822|MA1994.2	1.0	0.7413	3412.0	3584.0	26169.8	27524.0	0.0342756218426512	FALSE	patient	TCGA-86-A4P7	TCGA-86-A4P7
E2F5	CIS-BP2.00|000940|M08109_2.00	1.0	0.792	3092.0	3584.0	23716.6	27524.0	0.011717847238882884	FALSE	patient	TCGA-86-A4P7	TCGA-86-A4P7
CEBPA	JASPAR2024|000234|MA0102.5	1.0	0.7965	2589.0	3584.0	19852.5	27524.0	0.00749793243289538	FALSE	patient	TCGA-86-A4P7	TCGA-86-A4P7
ZNF281	JASPAR2024|000706|MA1630.3	1.0	0.8254	2937.0	3584.0	22543.3	27524.0	0.0034712788772532804	FALSE	patient	TCGA-86-A4P7	TCGA-86-A4P7
GATA6	CIS-BP2.00|000947|M08124_2.00	1.0	0.8354	2676.0	3584.0	20545.3	27524.0	0.00107930689399554	FALSE	patient	TCGA-86-A4P7	TCGA-86-A4P7
ZNF540	CIS-BP2.00|000701|M07634_2.00	1.0	0.8373	769.0	3584.0	5906.8	27524.0	0.00024433183194245094	FALSE	patient	TCGA-86-A4P7	TCGA-86-A4P7
ETV1	CIS-BP2.00|000457|M04708_2.00	1.0	0.8704	3576.0	3584.0	27454.6	27524.0	0.09930388984083598	FALSE	patient	TCGA-86-A4P7	TCGA-86-A4P7
ETV1	JASPAR2024|000652|MA1966.2	1.0	0.8796	3464.0	3584.0	26604.6	27524.0	-0.008539873293229985	FALSE	patient	TCGA-86-A4P7	TCGA-86-A4P7
ZNF33B	CIS-BP2.00|000777|M07710_2.00	1.0	0.9346	1223.0	3584.0	9456.6	27524.0	-0.014730357079966451	FALSE	patient	TCGA-86-A4P7	TCGA-86-A4P7
ZNF19	CIS-BP2.00|000670|M07603_2.00	1.0	0.9515	3564.0	3584.0	27372.7	27524.0	-0.052516497474665365	FALSE	patient	TCGA-86-A4P7	TCGA-86-A4P7
ZBTB18	JASPAR2024|000681|MA0698.2	1.0	0.9539	2023.0	3584.0	15618.7	27524.0	-0.017735717789184386	FALSE	patient	TCGA-86-A4P7	TCGA-86-A4P7
ZNF281	CIS-BP2.00|001020|M08321_2.00	1.0	0.9652	2922.0	3584.0	22512.0	27524.0	-0.025913374370260946	FALSE	patient	TCGA-86-A4P7	TCGA-86-A4P7
HNF4A	CIS-BP2.00|000974|M08219_2.00	1.0	0.9964	3275.0	3584.0	25219.1	27524.0	-0.047752566379869035	FALSE	patient	TCGA-86-A4P7	TCGA-86-A4P7
ZNF141	CIS-BP2.00|000653|M07586_2.00	1.0	1.0	2554.0	3584.0	19754.9	27524.0	-0.0366383950852254	FALSE	patient	TCGA-86-A4P7	TCGA-86-A4P7
HNF4A	JASPAR2024|000409|MA1494.2	1.0	1.0	389.0	3584.0	3104.3	27524.0	-0.060843681367661544	FALSE	patient	TCGA-86-A4P7	TCGA-86-A4P7
ZNF341	CIS-BP2.00|001017|M08310_2.00	1.0	1.0	3577.0	3584.0	27476.0	27524.0	-0.2481523244417966	FALSE	patient	TCGA-86-A4P7	TCGA-86-A4P7
NFATC4	CIS-BP2.00|000101|M01306_2.00	1.0	1.0	3584.0	3584.0	27518.1	27524.0	0.7375086271656381	FALSE	patient	TCGA-86-A4P7	TCGA-86-A4P7
NR3C2	CIS-BP2.00|000154|M02395_2.00	1.0	1.0	3584.0	3584.0	27518.1	27524.0	0.7375086271656381	FALSE	patient	TCGA-86-A4P7	TCGA-86-A4P7
ZBTB18	CIS-BP2.00|000988|M08257_2.00	1.0	1.0	3125.0	3584.0	24180.6	27524.0	-0.08832602940042386	FALSE	patient	TCGA-86-A4P7	TCGA-86-A4P7
HNF4A	JASPAR2024|000410|MA0114.5	1.0	1.0	3413.0	3584.0	26418.6	27524.0	-0.2633172076279569	FALSE	patient	TCGA-86-A4P7	TCGA-86-A4P7
ZNF254	CIS-BP2.00|000827|M07760_2.00	1.0	1.0	535.0	3584.0	4508.0	27524.0	-0.15766519556047232	FALSE	patient	TCGA-86-A4P7	TCGA-86-A4P7
CEBPB	JASPAR2024|000235|MA0466.4	1e-08	0.0	308.0	3584.0	1704.2	27622.0	0.5175681812840622	TRUE	patient	TCGA-86-A4P8	TCGA-86-A4P8
ELF3	CIS-BP2.00|000227|M03002_2.00	1e-07	0.0	1524.0	3584.0	10488.1	27622.0	0.27341523786875566	TRUE	patient	TCGA-86-A4P8	TCGA-86-A4P8
FOXA3	CIS-BP2.00|000469|M04831_2.00	1e-05	0.0001	163.0	3584.0	858.5	27622.0	0.5742254012223971	FALSE	patient	TCGA-86-A4P8	TCGA-86-A4P8
ZNF444	CIS-BP2.00|000420|M04529_2.00	0.0001	0.0011	1401.0	3584.0	9926.7	27622.0	0.19427743524697863	FALSE	patient	TCGA-86-A4P8	TCGA-86-A4P8
FOXA1	CIS-BP2.00|000890|M07960_2.00	0.001	0.0062	1925.0	3584.0	14047.2	27622.0	0.16513463376441162	FALSE	patient	TCGA-86-A4P8	TCGA-86-A4P8
FOXA2	CIS-BP2.00|000889|M07959_2.00	0.01	0.0643	2187.0	3584.0	16291.4	27622.0	0.12256779152483636	FALSE	patient	TCGA-86-A4P8	TCGA-86-A4P8
XBP1	JASPAR2024|000675|MA0844.2	0.1	0.1346	1674.0	3584.0	12422.0	27622.0	0.10094335642322914	FALSE	patient	TCGA-86-A4P8	TCGA-86-A4P8
CEBPB	CIS-BP2.00|000866|M07830_2.00	0.1	0.1795	1627.0	3584.0	12101.5	27622.0	0.0926212577750385	FALSE	patient	TCGA-86-A4P8	TCGA-86-A4P8
NFATC4	JASPAR2024|000506|MA1525.3	0.1	0.2061	2541.0	3584.0	19194.8	27622.0	0.0967073870078399	FALSE	patient	TCGA-86-A4P8	TCGA-86-A4P8
ZNF19	CIS-BP2.00|000670|M07603_2.00	0.1	0.2469	3573.0	3584.0	27472.5	27622.0	0.7626519692201312	FALSE	patient	TCGA-86-A4P8	TCGA-86-A4P8
ELF3	JASPAR2024|000276|MA0640.3	0.1	0.2697	3576.0	3584.0	27503.7	27622.0	0.8618965906091167	FALSE	patient	TCGA-86-A4P8	TCGA-86-A4P8
CREB3L2	CIS-BP2.00|000117|M01812_2.00	0.1	0.2853	1834.0	3584.0	13780.0	27622.0	0.07409613017053324	FALSE	patient	TCGA-86-A4P8	TCGA-86-A4P8
ZNF141	CIS-BP2.00|000653|M07586_2.00	0.1	0.3125	2617.0	3584.0	19864.9	27622.0	0.0792804218337603	FALSE	patient	TCGA-86-A4P8	TCGA-86-A4P8
CREB3L2	JASPAR2024|000025|MA0608.1	1.0	0.3846	1816.0	3584.0	13702.3	27622.0	0.06134436569020724	FALSE	patient	TCGA-86-A4P8	TCGA-86-A4P8
ZNF75D	CIS-BP2.00|000750|M07683_2.00	1.0	0.414	2268.0	3584.0	17212.1	27622.0	0.0595916048385286	FALSE	patient	TCGA-86-A4P8	TCGA-86-A4P8
FOXD2	JASPAR2024|000361|MA0847.4	1.0	0.4142	1333.0	3584.0	10011.6	27622.0	0.05905538105328149	FALSE	patient	TCGA-86-A4P8	TCGA-86-A4P8
CEBPA	CIS-BP2.00|000926|M08076_2.00	1.0	0.4951	1353.0	3584.0	10210.3	27622.0	0.04868367386526141	FALSE	patient	TCGA-86-A4P8	TCGA-86-A4P8
ZNF33A	CIS-BP2.00|000762|M07695_2.00	1.0	0.5148	3274.0	3584.0	25102.2	27622.0	0.08243428938359633	FALSE	patient	TCGA-86-A4P8	TCGA-86-A4P8
ZNF75D	JASPAR2024|000169|MA1601.2	1.0	0.5645	2521.0	3584.0	19252.4	27622.0	0.04370318577270118	FALSE	patient	TCGA-86-A4P8	TCGA-86-A4P8
XBP1	CIS-BP2.00|000375|M04231_2.00	1.0	0.579	3286.0	3584.0	25213.2	27622.0	0.07322725618516697	FALSE	patient	TCGA-86-A4P8	TCGA-86-A4P8
ETV1	JASPAR2024|000311|MA0761.3	1.0	0.6264	3562.0	3584.0	27412.5	27622.0	0.2784941194079129	FALSE	patient	TCGA-86-A4P8	TCGA-86-A4P8
ETV1	CIS-BP2.00|000457|M04708_2.00	1.0	0.675	3578.0	3584.0	27549.8	27622.0	0.538802597019692	FALSE	patient	TCGA-86-A4P8	TCGA-86-A4P8
FOXD2	CIS-BP2.00|000235|M03042_2.00	1.0	0.6841	1318.0	3584.0	10044.2	27622.0	0.02579248748687094	FALSE	patient	TCGA-86-A4P8	TCGA-86-A4P8
NKX2-1	JASPAR2024|000822|MA1994.2	1.0	0.7077	3418.0	3584.0	26286.6	27622.0	0.06129827341603435	FALSE	patient	TCGA-86-A4P8	TCGA-86-A4P8
FOXA3	JASPAR2024|000358|MA1683.2	1.0	0.7365	3169.0	3584.0	24357.4	27622.0	0.03214421115056092	FALSE	patient	TCGA-86-A4P8	TCGA-86-A4P8
CEBPA	JASPAR2024|000234|MA0102.5	1.0	0.7446	2589.0	3584.0	19872.8	27622.0	0.020561250780636194	FALSE	patient	TCGA-86-A4P8	TCGA-86-A4P8
HNF4A	JASPAR2024|000410|MA0114.5	1.0	0.7718	3445.0	3584.0	26511.7	27622.0	0.049390926684817475	FALSE	patient	TCGA-86-A4P8	TCGA-86-A4P8
ZNF33B	CIS-BP2.00|000777|M07710_2.00	1.0	0.8565	1234.0	3584.0	9496.9	27622.0	0.003383386804879003	FALSE	patient	TCGA-86-A4P8	TCGA-86-A4P8
ZNF341	JASPAR2024|000712|MA1655.2	1.0	0.8565	3582.0	3584.0	27590.0	27622.0	0.7553067260342269	FALSE	patient	TCGA-86-A4P8	TCGA-86-A4P8
NR3C2	JASPAR2024|000539|MA0727.2	1.0	0.92	238.0	3584.0	1853.8	27622.0	-0.013918662150835896	FALSE	patient	TCGA-86-A4P8	TCGA-86-A4P8
FOXA2	JASPAR2024|000357|MA0047.4	1.0	0.9717	2778.0	3584.0	21464.8	27622.0	-0.016983047460975995	FALSE	patient	TCGA-86-A4P8	TCGA-86-A4P8
ETV1	JASPAR2024|000652|MA1966.2	1.0	0.9785	3463.0	3584.0	26704.9	27622.0	-0.029919836961865315	FALSE	patient	TCGA-86-A4P8	TCGA-86-A4P8
ZBTB18	JASPAR2024|000681|MA0698.2	1.0	0.9982	2021.0	3584.0	15664.1	27622.0	-0.01883657226203014	FALSE	patient	TCGA-86-A4P8	TCGA-86-A4P8
HNF4A	JASPAR2024|000409|MA1494.2	1.0	1.0	393.0	3584.0	3115.5	27622.0	-0.044372356523859645	FALSE	patient	TCGA-86-A4P8	TCGA-86-A4P8
ZBTB18	CIS-BP2.00|000988|M08257_2.00	1.0	1.0	3134.0	3584.0	24248.7	27622.0	-0.04685447600415602	FALSE	patient	TCGA-86-A4P8	TCGA-86-A4P8
FOXA1	JASPAR2024|000356|MA0148.5	1.0	1.0	2849.0	3584.0	22098.4	27622.0	-0.04625167206567053	FALSE	patient	TCGA-86-A4P8	TCGA-86-A4P8
E2F5	CIS-BP2.00|000940|M08109_2.00	1.0	1.0	3072.0	3584.0	23807.3	27622.0	-0.05781461826892929	FALSE	patient	TCGA-86-A4P8	TCGA-86-A4P8
ZNF540	CIS-BP2.00|000701|M07634_2.00	1.0	1.0	738.0	3584.0	5863.6	27622.0	-0.05489526018778231	FALSE	patient	TCGA-86-A4P8	TCGA-86-A4P8
GATA6	JASPAR2024|000382|MA1104.3	1.0	1.0	2925.0	3584.0	22710.9	27622.0	-0.0599130096154984	FALSE	patient	TCGA-86-A4P8	TCGA-86-A4P8
NFATC4	CIS-BP2.00|000101|M01306_2.00	1.0	1.0	3584.0	3584.0	27611.8	27622.0	1.4740716248599377	FALSE	patient	TCGA-86-A4P8	TCGA-86-A4P8
NR3C2	CIS-BP2.00|000154|M02395_2.00	1.0	1.0	3584.0	3584.0	27611.8	27622.0	1.4740716248599377	FALSE	patient	TCGA-86-A4P8	TCGA-86-A4P8
ZNF341	CIS-BP2.00|001017|M08310_2.00	1.0	1.0	3575.0	3584.0	27568.3	27622.0	-0.43452613040772076	FALSE	patient	TCGA-86-A4P8	TCGA-86-A4P8
GATA6	CIS-BP2.00|000947|M08124_2.00	1.0	1.0	2633.0	3584.0	20612.8	27622.0	-0.0874449812696367	FALSE	patient	TCGA-86-A4P8	TCGA-86-A4P8
ZNF281	JASPAR2024|000706|MA1630.3	1.0	1.0	2901.0	3584.0	22707.3	27622.0	-0.12208022794636753	FALSE	patient	TCGA-86-A4P8	TCGA-86-A4P8
HNF4A	CIS-BP2.00|000974|M08219_2.00	1.0	1.0	3252.0	3584.0	25328.8	27622.0	-0.17493578176257618	FALSE	patient	TCGA-86-A4P8	TCGA-86-A4P8
ZNF281	CIS-BP2.00|001020|M08321_2.00	1.0	1.0	2888.0	3584.0	22676.3	27622.0	-0.14469935281248492	FALSE	patient	TCGA-86-A4P8	TCGA-86-A4P8
ZNF254	CIS-BP2.00|000827|M07760_2.00	1.0	1.0	531.0	3584.0	4573.4	27622.0	-0.18910855888853023	FALSE	patient	TCGA-86-A4P8	TCGA-86-A4P8
FOXA3	CIS-BP2.00|000469|M04831_2.00	1e-19	0.0	217.0	3584.0	845.5	27468.0	1.0232810366254368	TRUE	patient	TCGA-91-A4BC	TCGA-91-A4BC
ELF3	CIS-BP2.00|000227|M03002_2.00	1e-13	0.0	1576.0	3584.0	10403.2	27468.0	0.3645757816115397	TRUE	patient	TCGA-91-A4BC	TCGA-91-A4BC
CEBPB	JASPAR2024|000235|MA0466.4	1e-06	0.0	295.0	3584.0	1700.5	27468.0	0.44448724250221244	TRUE	patient	TCGA-91-A4BC	TCGA-91-A4BC
CREB3L2	CIS-BP2.00|000117|M01812_2.00	0.0001	0.0006	1923.0	3584.0	13813.6	27468.0	0.19452471290353657	FALSE	patient	TCGA-91-A4BC	TCGA-91-A4BC
ZNF444	CIS-BP2.00|000420|M04529_2.00	0.0001	0.0008	1378.0	3584.0	9700.9	27468.0	0.19432347775065748	FALSE	patient	TCGA-91-A4BC	TCGA-91-A4BC
CREB3L2	JASPAR2024|000025|MA0608.1	0.0001	0.001	1908.0	3584.0	13741.0	27468.0	0.185516119685832	FALSE	patient	TCGA-91-A4BC	TCGA-91-A4BC
FOXA1	CIS-BP2.00|000890|M07960_2.00	0.0001	0.0016	1950.0	3584.0	14089.0	27468.0	0.18039840882704494	FALSE	patient	TCGA-91-A4BC	TCGA-91-A4BC
ELF3	JASPAR2024|000276|MA0640.3	0.001	0.0067	3580.0	3584.0	27353.5	27468.0	1.7420462067190743	FALSE	patient	TCGA-91-A4BC	TCGA-91-A4BC
XBP1	JASPAR2024|000675|MA0844.2	0.001	0.0085	1721.0	3584.0	12461.5	27468.0	0.15375134118701195	FALSE	patient	TCGA-91-A4BC	TCGA-91-A4BC
FOXD2	JASPAR2024|000361|MA0847.4	0.01	0.0302	1377.0	3584.0	9961.5	27468.0	0.13306344948867846	FALSE	patient	TCGA-91-A4BC	TCGA-91-A4BC
ETV1	JASPAR2024|000311|MA0761.3	0.1	0.0684	3569.0	3584.0	27268.5	27468.0	0.7561919913002658	FALSE	patient	TCGA-91-A4BC	TCGA-91-A4BC
XBP1	CIS-BP2.00|000375|M04231_2.00	0.1	0.0884	3313.0	3584.0	25114.9	27468.0	0.19370062083881848	FALSE	patient	TCGA-91-A4BC	TCGA-91-A4BC
CEBPB	CIS-BP2.00|000866|M07830_2.00	0.1	0.0909	1634.0	3584.0	12028.4	27468.0	0.10518275596802923	FALSE	patient	TCGA-91-A4BC	TCGA-91-A4BC
ZBTB18	CIS-BP2.00|000988|M08257_2.00	0.1	0.1602	3192.0	3584.0	24193.9	27468.0	0.13863949270362863	FALSE	patient	TCGA-91-A4BC	TCGA-91-A4BC
NR3C2	JASPAR2024|000539|MA0727.2	0.1	0.1644	271.0	3584.0	1861.6	27468.0	0.17219833609104843	FALSE	patient	TCGA-91-A4BC	TCGA-91-A4BC
FOXA2	CIS-BP2.00|000889|M07959_2.00	0.1	0.1652	2184.0	3584.0	16328.2	27468.0	0.08973927013517881	FALSE	patient	TCGA-91-A4BC	TCGA-91-A4BC
NFATC4	JASPAR2024|000506|MA1525.3	0.1	0.2705	2526.0	3584.0	19048.3	27468.0	0.07734520047005754	FALSE	patient	TCGA-91-A4BC	TCGA-91-A4BC
CEBPA	CIS-BP2.00|000926|M08076_2.00	1.0	0.3485	1355.0	3584.0	10101.5	27468.0	0.06381252904263976	FALSE	patient	TCGA-91-A4BC	TCGA-91-A4BC
ETV1	CIS-BP2.00|000457|M04708_2.00	1.0	0.4507	3579.0	3584.0	27407.9	27468.0	0.5250261432826214	FALSE	patient	TCGA-91-A4BC	TCGA-91-A4BC
FOXA2	JASPAR2024|000357|MA0047.4	1.0	0.4691	2820.0	3584.0	21424.5	27468.0	0.057642891521662944	FALSE	patient	TCGA-91-A4BC	TCGA-91-A4BC
ZNF33B	CIS-BP2.00|000777|M07710_2.00	1.0	0.5036	1247.0	3584.0	9361.7	27468.0	0.045685562994560225	FALSE	patient	TCGA-91-A4BC	TCGA-91-A4BC
ZNF33A	CIS-BP2.00|000762|M07695_2.00	1.0	0.5339	3282.0	3584.0	25047.6	27468.0	0.06870218266458752	FALSE	patient	TCGA-91-A4BC	TCGA-91-A4BC
ZNF141	CIS-BP2.00|000653|M07586_2.00	1.0	0.5609	2599.0	3584.0	19760.6	27468.0	0.041052881951378885	FALSE	patient	TCGA-91-A4BC	TCGA-91-A4BC
HNF4A	JASPAR2024|000409|MA1494.2	1.0	0.5633	417.0	3584.0	3083.1	27468.0	0.059833582549351526	FALSE	patient	TCGA-91-A4BC	TCGA-91-A4BC
FOXD2	CIS-BP2.00|000235|M03042_2.00	1.0	0.646	1311.0	3584.0	9916.5	27468.0	0.029962573538814794	FALSE	patient	TCGA-91-A4BC	TCGA-91-A4BC
FOXA1	JASPAR2024|000356|MA0148.5	1.0	0.6993	2888.0	3584.0	22050.8	27468.0	0.02701393960737158	FALSE	patient	TCGA-91-A4BC	TCGA-91-A4BC
ZNF75D	JASPAR2024|000169|MA1601.2	1.0	0.7131	2509.0	3584.0	19139.4	27468.0	0.02204164799238462	FALSE	patient	TCGA-91-A4BC	TCGA-91-A4BC
FOXA3	JASPAR2024|000358|MA1683.2	1.0	0.7382	3176.0	3584.0	24285.9	27468.0	0.02715913277582833	FALSE	patient	TCGA-91-A4BC	TCGA-91-A4BC
ZNF19	CIS-BP2.00|000670|M07603_2.00	1.0	0.7643	3567.0	3584.0	27327.0	27468.0	0.07800707678439274	FALSE	patient	TCGA-91-A4BC	TCGA-91-A4BC
CEBPA	JASPAR2024|000234|MA0102.5	1.0	0.8382	2588.0	3584.0	19806.6	27468.0	0.006931041937407518	FALSE	patient	TCGA-91-A4BC	TCGA-91-A4BC
NKX2-1	JASPAR2024|000822|MA1994.2	1.0	0.856	3416.0	3584.0	26172.0	27468.0	0.006341004243968753	FALSE	patient	TCGA-91-A4BC	TCGA-91-A4BC
ZNF540	CIS-BP2.00|000701|M07634_2.00	1.0	0.8755	767.0	3584.0	5872.7	27468.0	0.0023551344151174396	FALSE	patient	TCGA-91-A4BC	TCGA-91-A4BC
ETV1	JASPAR2024|000652|MA1966.2	1.0	0.9175	3467.0	3584.0	26580.3	27468.0	-0.020192923757017544	FALSE	patient	TCGA-91-A4BC	TCGA-91-A4BC
ZNF341	JASPAR2024|000712|MA1655.2	1.0	0.9175	3582.0	3584.0	27453.9	27468.0	-0.392030403657529	FALSE	patient	TCGA-91-A4BC	TCGA-91-A4BC
GATA6	JASPAR2024|000382|MA1104.3	1.0	0.9701	2938.0	3584.0	22570.1	27468.0	-0.019704654073140333	FALSE	patient	TCGA-91-A4BC	TCGA-91-A4BC
HNF4A	JASPAR2024|000410|MA0114.5	1.0	1.0	3435.0	3584.0	26387.9	27468.0	-0.08769669312331453	FALSE	patient	TCGA-91-A4BC	TCGA-91-A4BC
ZBTB18	JASPAR2024|000681|MA0698.2	1.0	1.0	2041.0	3584.0	15805.3	27468.0	-0.035066302418557814	FALSE	patient	TCGA-91-A4BC	TCGA-91-A4BC
ZNF75D	CIS-BP2.00|000750|M07683_2.00	1.0	1.0	2211.0	3584.0	17115.2	27468.0	-0.03806128111879261	FALSE	patient	TCGA-91-A4BC	TCGA-91-A4BC
ZNF341	CIS-BP2.00|001017|M08310_2.00	1.0	1.0	3577.0	3584.0	27430.3	27468.0	-0.5901628883820234	FALSE	patient	TCGA-91-A4BC	TCGA-91-A4BC
NFATC4	CIS-BP2.00|000101|M01306_2.00	1.0	1.0	3584.0	3584.0	27472.6	27468.0	-2.938175912605292	FALSE	patient	TCGA-91-A4BC	TCGA-91-A4BC
NR3C2	CIS-BP2.00|000154|M02395_2.00	1.0	1.0	3584.0	3584.0	27472.6	27468.0	-2.938175912605292	FALSE	patient	TCGA-91-A4BC	TCGA-91-A4BC
E2F5	CIS-BP2.00|000940|M08109_2.00	1.0	1.0	3055.0	3584.0	23632.9	27468.0	-0.09459712451920771	FALSE	patient	TCGA-91-A4BC	TCGA-91-A4BC
GATA6	CIS-BP2.00|000947|M08124_2.00	1.0	1.0	2634.0	3584.0	20498.1	27468.0	-0.08544137974527244	FALSE	patient	TCGA-91-A4BC	TCGA-91-A4BC
HNF4A	CIS-BP2.00|000974|M08219_2.00	1.0	1.0	3251.0	3584.0	25170.6	27468.0	-0.16803358644080543	FALSE	patient	TCGA-91-A4BC	TCGA-91-A4BC
ZNF254	CIS-BP2.00|000827|M07760_2.00	1.0	1.0	543.0	3584.0	4552.7	27468.0	-0.15304114863613588	FALSE	patient	TCGA-91-A4BC	TCGA-91-A4BC
ZNF281	CIS-BP2.00|001020|M08321_2.00	1.0	1.0	2872.0	3584.0	22464.2	27468.0	-0.15507463770342103	FALSE	patient	TCGA-91-A4BC	TCGA-91-A4BC
ZNF281	JASPAR2024|000706|MA1630.3	1.0	1.0	2871.0	3584.0	22493.9	27468.0	-0.1680942285501782	FALSE	patient	TCGA-91-A4BC	TCGA-91-A4BC
FOXA3	CIS-BP2.00|000469|M04831_2.00	1e-10	0.0	184.0	3583.0	852.0	27599.0	0.7679305612109079	TRUE	patient	TCGA-91-A4BD	TCGA-91-A4BD
ELF3	CIS-BP2.00|000227|M03002_2.00	1e-09	0.0	1547.0	3583.0	10475.6	27599.0	0.3127571745667791	TRUE	patient	TCGA-91-A4BD	TCGA-91-A4BD
CEBPB	JASPAR2024|000235|MA0466.4	0.0001	0.0008	282.0	3583.0	1709.4	27599.0	0.3736178046939647	FALSE	patient	TCGA-91-A4BD	TCGA-91-A4BD
NFATC4	JASPAR2024|000506|MA1525.3	0.0001	0.0017	2599.0	3583.0	19211.8	27599.0	0.20508796952702082	FALSE	patient	TCGA-91-A4BD	TCGA-91-A4BD
XBP1	JASPAR2024|000675|MA0844.2	0.001	0.0024	1720.0	3583.0	12396.1	27599.0	0.17926257999396084	FALSE	patient	TCGA-91-A4BD	TCGA-91-A4BD
ZNF444	CIS-BP2.00|000420|M04529_2.00	0.001	0.0024	1383.0	3583.0	9831.1	27599.0	0.1843069225781702	FALSE	patient	TCGA-91-A4BD	TCGA-91-A4BD
FOXD2	JASPAR2024|000361|MA0847.4	0.001	0.0054	1392.0	3583.0	9953.4	27599.0	0.17177421606708787	FALSE	patient	TCGA-91-A4BD	TCGA-91-A4BD
CEBPB	CIS-BP2.00|000866|M07830_2.00	0.001	0.011	1666.0	3583.0	12096.3	27599.0	0.15553531334120427	FALSE	patient	TCGA-91-A4BD	TCGA-91-A4BD
CEBPA	JASPAR2024|000234|MA0102.5	0.01	0.0645	2646.0	3583.0	19861.9	27599.0	0.13711315703222726	FALSE	patient	TCGA-91-A4BD	TCGA-91-A4BD
FOXA1	CIS-BP2.00|000890|M07960_2.00	0.1	0.1289	1889.0	3583.0	14061.2	27599.0	0.10242045263001755	FALSE	patient	TCGA-91-A4BD	TCGA-91-A4BD
FOXA2	CIS-BP2.00|000889|M07959_2.00	0.1	0.2305	2170.0	3583.0	16321.7	27599.0	0.08540567787192675	FALSE	patient	TCGA-91-A4BD	TCGA-91-A4BD
CEBPA	CIS-BP2.00|000926|M08076_2.00	0.1	0.2891	1369.0	3583.0	10202.1	27599.0	0.07660313253531288	FALSE	patient	TCGA-91-A4BD	TCGA-91-A4BD
ZNF75D	CIS-BP2.00|000750|M07683_2.00	1.0	0.3842	2270.0	3583.0	17196.0	27599.0	0.06454784195763576	FALSE	patient	TCGA-91-A4BD	TCGA-91-A4BD
ETV1	JASPAR2024|000652|MA1966.2	1.0	0.4731	3479.0	3583.0	26692.0	27599.0	0.17891217975727228	FALSE	patient	TCGA-91-A4BD	TCGA-91-A4BD
ZNF540	CIS-BP2.00|000701|M07634_2.00	1.0	0.4874	790.0	3583.0	5893.2	27599.0	0.05963184457880638	FALSE	patient	TCGA-91-A4BD	TCGA-91-A4BD
ZNF75D	JASPAR2024|000169|MA1601.2	1.0	0.5473	2520.0	3583.0	19217.3	27599.0	0.047847580995520986	FALSE	patient	TCGA-91-A4BD	TCGA-91-A4BD
ELF3	JASPAR2024|000276|MA0640.3	1.0	0.5515	3573.0	3583.0	27473.1	27599.0	0.6468989577185588	FALSE	patient	TCGA-91-A4BD	TCGA-91-A4BD
FOXD2	CIS-BP2.00|000235|M03042_2.00	1.0	0.6385	1317.0	3583.0	9995.1	27599.0	0.03390778369652862	FALSE	patient	TCGA-91-A4BD	TCGA-91-A4BD
ZNF19	CIS-BP2.00|000670|M07603_2.00	1.0	0.6474	3569.0	3583.0	27446.3	27599.0	0.4584474425987679	FALSE	patient	TCGA-91-A4BD	TCGA-91-A4BD
ZBTB18	JASPAR2024|000681|MA0698.2	1.0	0.7102	2055.0	3583.0	15712.2	27599.0	0.024862779897909793	FALSE	patient	TCGA-91-A4BD	TCGA-91-A4BD
ZNF33B	CIS-BP2.00|000777|M07710_2.00	1.0	0.7102	1248.0	3583.0	9506.4	27599.0	0.024857100520150673	FALSE	patient	TCGA-91-A4BD	TCGA-91-A4BD
ZNF141	CIS-BP2.00|000653|M07586_2.00	1.0	0.7232	2592.0	3583.0	19862.9	27599.0	0.026318312918458306	FALSE	patient	TCGA-91-A4BD	TCGA-91-A4BD
ZBTB18	CIS-BP2.00|000988|M08257_2.00	1.0	0.7579	3158.0	3583.0	24255.2	27599.0	0.033460895150932854	FALSE	patient	TCGA-91-A4BD	TCGA-91-A4BD
ZNF341	CIS-BP2.00|001017|M08310_2.00	1.0	0.7638	3580.0	3583.0	27545.5	27599.0	1.003922714475275	FALSE	patient	TCGA-91-A4BD	TCGA-91-A4BD
ETV1	CIS-BP2.00|000457|M04708_2.00	1.0	0.8405	3577.0	3583.0	27525.7	27599.0	0.561327405891347	FALSE	patient	TCGA-91-A4BD	TCGA-91-A4BD
ZNF33A	CIS-BP2.00|000762|M07695_2.00	1.0	0.8491	3265.0	3583.0	25116.2	27599.0	0.019622169696280722	FALSE	patient	TCGA-91-A4BD	TCGA-91-A4BD
FOXA3	JASPAR2024|000358|MA1683.2	1.0	0.8768	3164.0	3583.0	24347.1	27599.0	0.0110318873559015	FALSE	patient	TCGA-91-A4BD	TCGA-91-A4BD
ZNF341	JASPAR2024|000712|MA1655.2	1.0	0.8947	3582.0	3583.0	27566.8	27599.0	1.5023368658434015	FALSE	patient	TCGA-91-A4BD	TCGA-91-A4BD
CREB3L2	CIS-BP2.00|000117|M01812_2.00	1.0	0.9142	1787.0	3583.0	13776.5	27599.0	-0.0024367055266502086	FALSE	patient	TCGA-91-A4BD	TCGA-91-A4BD
ETV1	JASPAR2024|000311|MA0761.3	1.0	0.9545	3557.0	3583.0	27384.2	27599.0	0.07784964088443048	FALSE	patient	TCGA-91-A4BD	TCGA-91-A4BD
CREB3L2	JASPAR2024|000025|MA0608.1	1.0	0.9545	1772.0	3583.0	13699.7	27599.0	-0.01053200800253911	FALSE	patient	TCGA-91-A4BD	TCGA-91-A4BD
XBP1	CIS-BP2.00|000375|M04231_2.00	1.0	0.9875	3266.0	3583.0	25187.4	27599.0	-0.021452077665080133	FALSE	patient	TCGA-91-A4BD	TCGA-91-A4BD
ZNF281	JASPAR2024|000706|MA1630.3	1.0	0.9998	2933.0	3583.0	22660.6	27599.0	-0.0249541999776977	FALSE	patient	TCGA-91-A4BD	TCGA-91-A4BD
HNF4A	JASPAR2024|000409|MA1494.2	1.0	1.0	390.0	3583.0	3122.1	27599.0	-0.06111335396294679	FALSE	patient	TCGA-91-A4BD	TCGA-91-A4BD
GATA6	JASPAR2024|000382|MA1104.3	1.0	1.0	2926.0	3583.0	22676.7	27599.0	-0.04957800654234762	FALSE	patient	TCGA-91-A4BD	TCGA-91-A4BD
NKX2-1	JASPAR2024|000822|MA1994.2	1.0	1.0	3400.0	3583.0	26259.3	27599.0	-0.08044078744772855	FALSE	patient	TCGA-91-A4BD	TCGA-91-A4BD
NR3C2	JASPAR2024|000539|MA0727.2	1.0	1.0	227.0	3583.0	1854.3	27599.0	-0.08805125126094915	FALSE	patient	TCGA-91-A4BD	TCGA-91-A4BD
NFATC4	CIS-BP2.00|000101|M01306_2.00	1.0	1.0	3584.0	3583.0	27587.0	27599.0	1.6996852625793053	FALSE	patient	TCGA-91-A4BD	TCGA-91-A4BD
NR3C2	CIS-BP2.00|000154|M02395_2.00	1.0	1.0	3584.0	3583.0	27587.0	27599.0	1.6996852625793053	FALSE	patient	TCGA-91-A4BD	TCGA-91-A4BD
FOXA2	JASPAR2024|000357|MA0047.4	1.0	1.0	2755.0	3583.0	21443.2	27599.0	-0.06667789042073186	FALSE	patient	TCGA-91-A4BD	TCGA-91-A4BD
HNF4A	CIS-BP2.00|000974|M08219_2.00	1.0	1.0	3263.0	3583.0	25301.9	27599.0	-0.11305089814381676	FALSE	patient	TCGA-91-A4BD	TCGA-91-A4BD
FOXA1	JASPAR2024|000356|MA0148.5	1.0	1.0	2835.0	3583.0	22095.9	27599.0	-0.08383488210145505	FALSE	patient	TCGA-91-A4BD	TCGA-91-A4BD
ZNF281	CIS-BP2.00|001020|M08321_2.00	1.0	1.0	2905.0	3583.0	22627.0	27599.0	-0.08766818712855877	FALSE	patient	TCGA-91-A4BD	TCGA-91-A4BD
E2F5	CIS-BP2.00|000940|M08109_2.00	1.0	1.0	3058.0	3583.0	23802.8	27599.0	-0.10728207783872379	FALSE	patient	TCGA-91-A4BD	TCGA-91-A4BD
HNF4A	JASPAR2024|000410|MA0114.5	1.0	1.0	3423.0	3583.0	26500.5	27599.0	-0.1769566986013512	FALSE	patient	TCGA-91-A4BD	TCGA-91-A4BD
GATA6	CIS-BP2.00|000947|M08124_2.00	1.0	1.0	2629.0	3583.0	20598.1	27599.0	-0.09485955543572967	FALSE	patient	TCGA-91-A4BD	TCGA-91-A4BD
ZNF254	CIS-BP2.00|000827|M07760_2.00	1.0	1.0	544.0	3583.0	4533.6	27599.0	-0.13395659454893627	FALSE	patient	TCGA-91-A4BD	TCGA-91-A4BD
ELF3	CIS-BP2.00|000227|M03002_2.00	1e-12	0.0	1583.0	3585.0	10521.3	27544.0	0.35543535079553473	TRUE	patient	TCGA-93-A4JN	TCGA-93-A4JN
CEBPB	JASPAR2024|000235|MA0466.4	1e-05	0.0001	291.0	3585.0	1717.5	27544.0	0.41158639351035126	FALSE	patient	TCGA-93-A4JN	TCGA-93-A4JN
FOXA3	CIS-BP2.00|000469|M04831_2.00	1e-05	0.0002	162.0	3585.0	866.5	27544.0	0.5465143215660258	FALSE	patient	TCGA-93-A4JN	TCGA-93-A4JN
NFATC4	JASPAR2024|000506|MA1525.3	0.001	0.009	2586.0	3585.0	19187.2	27544.0	0.17264976117351935	FALSE	patient	TCGA-93-A4JN	TCGA-93-A4JN
ZNF444	CIS-BP2.00|000420|M04529_2.00	0.01	0.0129	1367.0	3585.0	9817.7	27544.0	0.1543579474101033	FALSE	patient	TCGA-93-A4JN	TCGA-93-A4JN
FOXA2	CIS-BP2.00|000889|M07959_2.00	0.01	0.0157	2202.0	3585.0	16238.4	27544.0	0.1484668279628665	FALSE	patient	TCGA-93-A4JN	TCGA-93-A4JN
ZNF19	CIS-BP2.00|000670|M07603_2.00	0.01	0.019	3577.0	3585.0	27389.2	27544.0	1.2548413860555678	FALSE	patient	TCGA-93-A4JN	TCGA-93-A4JN
XBP1	JASPAR2024|000675|MA0844.2	0.01	0.0386	1710.0	3585.0	12526.9	27544.0	0.12871009020098792	FALSE	patient	TCGA-93-A4JN	TCGA-93-A4JN
ETV1	JASPAR2024|000311|MA0761.3	0.01	0.0469	3570.0	3585.0	27328.7	27544.0	0.8631095386890821	FALSE	patient	TCGA-93-A4JN	TCGA-93-A4JN
CEBPB	CIS-BP2.00|000866|M07830_2.00	0.1	0.0967	1635.0	3585.0	12057.6	27544.0	0.10693355193978492	FALSE	patient	TCGA-93-A4JN	TCGA-93-A4JN
FOXA1	CIS-BP2.00|000890|M07960_2.00	0.1	0.1061	1886.0	3585.0	13994.7	27544.0	0.1039411912426967	FALSE	patient	TCGA-93-A4JN	TCGA-93-A4JN
ZNF33A	CIS-BP2.00|000762|M07695_2.00	0.1	0.3437	3278.0	3585.0	25008.4	27544.0	0.11261951444859346	FALSE	patient	TCGA-93-A4JN	TCGA-93-A4JN
CEBPA	CIS-BP2.00|000926|M08076_2.00	1.0	0.3814	1359.0	3585.0	10171.2	27544.0	0.0606095372333866	FALSE	patient	TCGA-93-A4JN	TCGA-93-A4JN
CREB3L2	CIS-BP2.00|000117|M01812_2.00	1.0	0.3926	1836.0	3585.0	13834.2	27544.0	0.0569850110673766	FALSE	patient	TCGA-93-A4JN	TCGA-93-A4JN
FOXD2	JASPAR2024|000361|MA0847.4	1.0	0.415	1332.0	3585.0	9985.5	27544.0	0.05619995565242535	FALSE	patient	TCGA-93-A4JN	TCGA-93-A4JN
XBP1	CIS-BP2.00|000375|M04231_2.00	1.0	0.4505	3296.0	3585.0	25186.4	27544.0	0.09232306685915442	FALSE	patient	TCGA-93-A4JN	TCGA-93-A4JN
ZNF33B	CIS-BP2.00|000777|M07710_2.00	1.0	0.4624	1260.0	3585.0	9460.3	27544.0	0.05115086917336435	FALSE	patient	TCGA-93-A4JN	TCGA-93-A4JN
CREB3L2	JASPAR2024|000025|MA0608.1	1.0	0.4886	1819.0	3585.0	13756.8	27544.0	0.045832759896190685	FALSE	patient	TCGA-93-A4JN	TCGA-93-A4JN
NR3C2	JASPAR2024|000539|MA0727.2	1.0	0.5383	255.0	3585.0	1862.5	27544.0	0.08071439248293577	FALSE	patient	TCGA-93-A4JN	TCGA-93-A4JN
ELF3	JASPAR2024|000276|MA0640.3	1.0	0.5413	3573.0	3585.0	27421.0	27544.0	0.36461324418920227	FALSE	patient	TCGA-93-A4JN	TCGA-93-A4JN
ETV1	JASPAR2024|000652|MA1966.2	1.0	0.5749	3475.0	3585.0	26632.6	27544.0	0.10690134289488945	FALSE	patient	TCGA-93-A4JN	TCGA-93-A4JN
ZNF75D	JASPAR2024|000169|MA1601.2	1.0	0.6061	2512.0	3585.0	19156.8	27544.0	0.03525432797308135	FALSE	patient	TCGA-93-A4JN	TCGA-93-A4JN
ZNF341	JASPAR2024|000712|MA1655.2	1.0	0.6189	3583.0	3585.0	27513.1	27544.0	0.710060898198518	FALSE	patient	TCGA-93-A4JN	TCGA-93-A4JN
ZNF75D	CIS-BP2.00|000750|M07683_2.00	1.0	0.6963	2242.0	3585.0	17122.0	27544.0	0.022919675655988538	FALSE	patient	TCGA-93-A4JN	TCGA-93-A4JN
FOXD2	CIS-BP2.00|000235|M03042_2.00	1.0	0.7685	1313.0	3585.0	10024.0	27544.0	0.014649573186558771	FALSE	patient	TCGA-93-A4JN	TCGA-93-A4JN
ZNF141	CIS-BP2.00|000653|M07586_2.00	1.0	0.7758	2582.0	3585.0	19782.7	27544.0	0.013915091055204335	FALSE	patient	TCGA-93-A4JN	TCGA-93-A4JN
ZBTB18	CIS-BP2.00|000988|M08257_2.00	1.0	0.8092	3154.0	3585.0	24203.4	27544.0	0.013134425739159416	FALSE	patient	TCGA-93-A4JN	TCGA-93-A4JN
ETV1	CIS-BP2.00|000457|M04708_2.00	1.0	0.8279	3577.0	3585.0	27472.2	27544.0	0.14748586831818325	FALSE	patient	TCGA-93-A4JN	TCGA-93-A4JN
FOXA3	JASPAR2024|000358|MA1683.2	1.0	0.8297	3167.0	3585.0	24311.1	27544.0	0.009524145719206133	FALSE	patient	TCGA-93-A4JN	TCGA-93-A4JN
FOXA2	JASPAR2024|000357|MA0047.4	1.0	0.865	2785.0	3585.0	21390.0	27544.0	0.0017063625090064211	FALSE	patient	TCGA-93-A4JN	TCGA-93-A4JN
HNF4A	JASPAR2024|000410|MA0114.5	1.0	0.8674	3439.0	3585.0	26415.2	27544.0	0.005331340875753628	FALSE	patient	TCGA-93-A4JN	TCGA-93-A4JN
ZNF540	CIS-BP2.00|000701|M07634_2.00	1.0	0.9033	765.0	3585.0	5898.6	27544.0	-0.005949638157489452	FALSE	patient	TCGA-93-A4JN	TCGA-93-A4JN
ZBTB18	JASPAR2024|000681|MA0698.2	1.0	0.9367	2021.0	3585.0	15578.8	27544.0	-0.011001069700055623	FALSE	patient	TCGA-93-A4JN	TCGA-93-A4JN
E2F5	CIS-BP2.00|000940|M08109_2.00	1.0	0.9456	3088.0	3585.0	23763.6	27544.0	-0.017844267149305107	FALSE	patient	TCGA-93-A4JN	TCGA-93-A4JN
CEBPA	JASPAR2024|000234|MA0102.5	1.0	0.9583	2565.0	3585.0	19770.7	27544.0	-0.016744697581804278	FALSE	patient	TCGA-93-A4JN	TCGA-93-A4JN
NKX2-1	JASPAR2024|000822|MA1994.2	1.0	1.0	3404.0	3585.0	26200.1	27544.0	-0.05516401747515146	FALSE	patient	TCGA-93-A4JN	TCGA-93-A4JN
HNF4A	JASPAR2024|000409|MA1494.2	1.0	1.0	386.0	3585.0	3099.2	27544.0	-0.06994953470609461	FALSE	patient	TCGA-93-A4JN	TCGA-93-A4JN
NFATC4	CIS-BP2.00|000101|M01306_2.00	1.0	1.0	3584.0	3585.0	27533.4	27544.0	-0.05383990483796784	FALSE	patient	TCGA-93-A4JN	TCGA-93-A4JN
NR3C2	CIS-BP2.00|000154|M02395_2.00	1.0	1.0	3584.0	3585.0	27533.4	27544.0	-0.05383990483796784	FALSE	patient	TCGA-93-A4JN	TCGA-93-A4JN
ZNF281	JASPAR2024|000706|MA1630.3	1.0	1.0	2911.0	3585.0	22579.8	27544.0	-0.07541393495200087	FALSE	patient	TCGA-93-A4JN	TCGA-93-A4JN
FOXA1	JASPAR2024|000356|MA0148.5	1.0	1.0	2841.0	3585.0	22050.3	27544.0	-0.0725407025395549	FALSE	patient	TCGA-93-A4JN	TCGA-93-A4JN
ZNF281	CIS-BP2.00|001020|M08321_2.00	1.0	1.0	2897.0	3585.0	22547.4	27544.0	-0.10054997836940319	FALSE	patient	TCGA-93-A4JN	TCGA-93-A4JN
ZNF341	CIS-BP2.00|001017|M08310_2.00	1.0	1.0	3574.0	3585.0	27489.4	27544.0	-0.682669843780424	FALSE	patient	TCGA-93-A4JN	TCGA-93-A4JN
GATA6	CIS-BP2.00|000947|M08124_2.00	1.0	1.0	2626.0	3585.0	20562.1	27544.0	-0.10544091013078455	FALSE	patient	TCGA-93-A4JN	TCGA-93-A4JN
GATA6	JASPAR2024|000382|MA1104.3	1.0	1.0	2903.0	3585.0	22644.8	27544.0	-0.11955424576005218	FALSE	patient	TCGA-93-A4JN	TCGA-93-A4JN
HNF4A	CIS-BP2.00|000974|M08219_2.00	1.0	1.0	3241.0	3585.0	25212.7	27544.0	-0.2005775903324942	FALSE	patient	TCGA-93-A4JN	TCGA-93-A4JN
ZNF254	CIS-BP2.00|000827|M07760_2.00	1.0	1.0	502.0	3585.0	4480.5	27544.0	-0.25362323456932556	FALSE	patient	TCGA-93-A4JN	TCGA-93-A4JN
FOXA3	CIS-BP2.00|000469|M04831_2.00	1e-13	0.0	200.0	3584.0	876.6	27616.0	0.8528403481295869	TRUE	patient	TCGA-93-A4JO	TCGA-93-A4JO
ELF3	CIS-BP2.00|000227|M03002_2.00	1e-12	0.0	1560.0	3584.0	10417.1	27616.0	0.347778002982638	TRUE	patient	TCGA-93-A4JO	TCGA-93-A4JO
CEBPB	JASPAR2024|000235|MA0466.4	0.0001	0.0005	286.0	3584.0	1720.4	27616.0	0.38629660976701913	FALSE	patient	TCGA-93-A4JO	TCGA-93-A4JO
CREB3L2	CIS-BP2.00|000117|M01812_2.00	0.0001	0.0014	1909.0	3584.0	13816.4	27616.0	0.18684798993202792	FALSE	patient	TCGA-93-A4JO	TCGA-93-A4JO
CREB3L2	JASPAR2024|000025|MA0608.1	0.0001	0.0016	1898.0	3584.0	13741.9	27616.0	0.18463987897209866	FALSE	patient	TCGA-93-A4JO	TCGA-93-A4JO
NFATC4	JASPAR2024|000506|MA1525.3	0.001	0.0071	2574.0	3584.0	19129.4	27616.0	0.17673719763418327	FALSE	patient	TCGA-93-A4JO	TCGA-93-A4JO
ZNF33A	CIS-BP2.00|000762|M07695_2.00	0.001	0.0098	3312.0	3584.0	25095.8	27616.0	0.28801397106558996	FALSE	patient	TCGA-93-A4JO	TCGA-93-A4JO
XBP1	CIS-BP2.00|000375|M04231_2.00	0.001	0.0104	3324.0	3584.0	25198.7	27616.0	0.2921709820553937	FALSE	patient	TCGA-93-A4JO	TCGA-93-A4JO
ZNF444	CIS-BP2.00|000420|M04529_2.00	0.01	0.0161	1364.0	3584.0	9844.8	27616.0	0.14956244333234442	FALSE	patient	TCGA-93-A4JO	TCGA-93-A4JO
FOXA1	CIS-BP2.00|000890|M07960_2.00	0.01	0.0201	1922.0	3584.0	14138.5	27616.0	0.14055560131602654	FALSE	patient	TCGA-93-A4JO	TCGA-93-A4JO
FOXD2	JASPAR2024|000361|MA0847.4	0.01	0.0241	1389.0	3584.0	10072.0	27616.0	0.1406133276054926	FALSE	patient	TCGA-93-A4JO	TCGA-93-A4JO
XBP1	JASPAR2024|000675|MA0844.2	0.01	0.0413	1693.0	3584.0	12454.8	27616.0	0.1241489637301623	FALSE	patient	TCGA-93-A4JO	TCGA-93-A4JO
FOXD2	CIS-BP2.00|000235|M03042_2.00	0.01	0.0466	1383.0	3584.0	10097.0	27616.0	0.12479925517994717	FALSE	patient	TCGA-93-A4JO	TCGA-93-A4JO
FOXA2	CIS-BP2.00|000889|M07959_2.00	0.1	0.1305	2183.0	3584.0	16381.1	27616.0	0.09564600197144224	FALSE	patient	TCGA-93-A4JO	TCGA-93-A4JO
CEBPB	CIS-BP2.00|000866|M07830_2.00	0.1	0.1328	1633.0	3584.0	12142.4	27616.0	0.09312548323041435	FALSE	patient	TCGA-93-A4JO	TCGA-93-A4JO
ELF3	JASPAR2024|000276|MA0640.3	0.1	0.1559	3576.0	3584.0	27488.5	27616.0	0.9703030802132749	FALSE	patient	TCGA-93-A4JO	TCGA-93-A4JO
ETV1	JASPAR2024|000311|MA0761.3	0.1	0.202	3566.0	3584.0	27400.8	27616.0	0.6017655387212663	FALSE	patient	TCGA-93-A4JO	TCGA-93-A4JO
NKX2-1	JASPAR2024|000822|MA1994.2	0.1	0.2471	3431.0	3584.0	26280.8	27616.0	0.18416007196451709	FALSE	patient	TCGA-93-A4JO	TCGA-93-A4JO
ZNF75D	CIS-BP2.00|000750|M07683_2.00	1.0	0.3351	2264.0	3584.0	17167.4	27616.0	0.061773345804288636	FALSE	patient	TCGA-93-A4JO	TCGA-93-A4JO
ZNF19	CIS-BP2.00|000670|M07603_2.00	1.0	0.4035	3570.0	3584.0	27457.9	27616.0	0.5082184268916106	FALSE	patient	TCGA-93-A4JO	TCGA-93-A4JO
CEBPA	CIS-BP2.00|000926|M08076_2.00	1.0	0.4228	1360.0	3584.0	10253.4	27616.0	0.050507673775073605	FALSE	patient	TCGA-93-A4JO	TCGA-93-A4JO
ZNF141	CIS-BP2.00|000653|M07586_2.00	1.0	0.4451	2598.0	3584.0	19815.6	27616.0	0.05232753310733975	FALSE	patient	TCGA-93-A4JO	TCGA-93-A4JO
ETV1	CIS-BP2.00|000457|M04708_2.00	1.0	0.4529	3579.0	3584.0	27541.5	27616.0	0.8255837301174218	FALSE	patient	TCGA-93-A4JO	TCGA-93-A4JO
CEBPA	JASPAR2024|000234|MA0102.5	1.0	0.5236	2606.0	3584.0	19916.8	27616.0	0.042322156758828736	FALSE	patient	TCGA-93-A4JO	TCGA-93-A4JO
ZNF33B	CIS-BP2.00|000777|M07710_2.00	1.0	0.6736	1246.0	3584.0	9516.8	27616.0	0.019640986209396347	FALSE	patient	TCGA-93-A4JO	TCGA-93-A4JO
HNF4A	JASPAR2024|000410|MA0114.5	1.0	0.7588	3444.0	3584.0	26508.2	27616.0	0.035606976052741046	FALSE	patient	TCGA-93-A4JO	TCGA-93-A4JO
ZBTB18	JASPAR2024|000681|MA0698.2	1.0	0.7674	2044.0	3584.0	15714.6	27616.0	0.00738982942344595	FALSE	patient	TCGA-93-A4JO	TCGA-93-A4JO
ZNF75D	JASPAR2024|000169|MA1601.2	1.0	0.7763	2498.0	3584.0	19218.0	27616.0	0.007081890986885367	FALSE	patient	TCGA-93-A4JO	TCGA-93-A4JO
ZNF341	JASPAR2024|000712|MA1655.2	1.0	0.8283	3582.0	3584.0	27583.9	27616.0	0.7600579739166315	FALSE	patient	TCGA-93-A4JO	TCGA-93-A4JO
ETV1	JASPAR2024|000652|MA1966.2	1.0	0.8631	3464.0	3584.0	26685.7	27616.0	0.004063239097165161	FALSE	patient	TCGA-93-A4JO	TCGA-93-A4JO
FOXA2	JASPAR2024|000357|MA0047.4	1.0	0.8738	2789.0	3584.0	21506.9	27616.0	-0.005610580221619332	FALSE	patient	TCGA-93-A4JO	TCGA-93-A4JO
NR3C2	JASPAR2024|000539|MA0727.2	1.0	0.9976	232.0	3584.0	1853.2	27616.0	-0.05309699626882003	FALSE	patient	TCGA-93-A4JO	TCGA-93-A4JO
GATA6	CIS-BP2.00|000947|M08124_2.00	1.0	1.0	2661.0	3584.0	20619.3	27616.0	-0.03212500582523955	FALSE	patient	TCGA-93-A4JO	TCGA-93-A4JO
ZNF341	CIS-BP2.00|001017|M08310_2.00	1.0	1.0	3577.0	3584.0	27557.3	27616.0	0.03519762808788199	FALSE	patient	TCGA-93-A4JO	TCGA-93-A4JO
FOXA1	JASPAR2024|000356|MA0148.5	1.0	1.0	2859.0	3584.0	22141.9	27616.0	-0.03727075361492821	FALSE	patient	TCGA-93-A4JO	TCGA-93-A4JO
HNF4A	JASPAR2024|000409|MA1494.2	1.0	1.0	394.0	3584.0	3132.6	27616.0	-0.04951467026681399	FALSE	patient	TCGA-93-A4JO	TCGA-93-A4JO
ZNF540	CIS-BP2.00|000701|M07634_2.00	1.0	1.0	752.0	3584.0	5919.8	27616.0	-0.038579027755457754	FALSE	patient	TCGA-93-A4JO	TCGA-93-A4JO
ZBTB18	CIS-BP2.00|000988|M08257_2.00	1.0	1.0	3133.0	3584.0	24247.9	27616.0	-0.052691422918248576	FALSE	patient	TCGA-93-A4JO	TCGA-93-A4JO
ZNF281	JASPAR2024|000706|MA1630.3	1.0	1.0	2918.0	3584.0	22630.5	27616.0	-0.051795258898922995	FALSE	patient	TCGA-93-A4JO	TCGA-93-A4JO
GATA6	JASPAR2024|000382|MA1104.3	1.0	1.0	2927.0	3584.0	22704.1	27616.0	-0.0538783046417283	FALSE	patient	TCGA-93-A4JO	TCGA-93-A4JO
FOXA3	JASPAR2024|000358|MA1683.2	1.0	1.0	3151.0	3584.0	24409.4	27616.0	-0.06619037666783555	FALSE	patient	TCGA-93-A4JO	TCGA-93-A4JO
HNF4A	CIS-BP2.00|000974|M08219_2.00	1.0	1.0	3267.0	3584.0	25303.2	27616.0	-0.08796533855944315	FALSE	patient	TCGA-93-A4JO	TCGA-93-A4JO
NFATC4	CIS-BP2.00|000101|M01306_2.00	1.0	1.0	3584.0	3584.0	27603.6	27616.0	1.7442603933649536	FALSE	patient	TCGA-93-A4JO	TCGA-93-A4JO
NR3C2	CIS-BP2.00|000154|M02395_2.00	1.0	1.0	3584.0	3584.0	27603.6	27616.0	1.7442603933649536	FALSE	patient	TCGA-93-A4JO	TCGA-93-A4JO
ZNF281	CIS-BP2.00|001020|M08321_2.00	1.0	1.0	2907.0	3584.0	22595.2	27616.0	-0.06842908412297445	FALSE	patient	TCGA-93-A4JO	TCGA-93-A4JO
E2F5	CIS-BP2.00|000940|M08109_2.00	1.0	1.0	3044.0	3584.0	23746.2	27616.0	-0.12337094699373814	FALSE	patient	TCGA-93-A4JO	TCGA-93-A4JO
ZNF254	CIS-BP2.00|000827|M07760_2.00	1.0	1.0	523.0	3584.0	4542.1	27616.0	-0.2032742857942055	FALSE	patient	TCGA-93-A4JO	TCGA-93-A4JO
FOXA3	CIS-BP2.00|000469|M04831_2.00	1e-15	0.0	205.0	3584.0	854.3	27643.0	0.930321265440298	TRUE	patient	TCGA-93-A4JQ	TCGA-93-A4JQ
ELF3	CIS-BP2.00|000227|M03002_2.00	1e-13	0.0	1575.0	3584.0	10427.6	27643.0	0.37223845723520294	TRUE	patient	TCGA-93-A4JQ	TCGA-93-A4JQ
ZNF444	CIS-BP2.00|000420|M04529_2.00	0.001	0.0115	1381.0	3584.0	9930.6	27643.0	0.1612136694038056	FALSE	patient	TCGA-93-A4JQ	TCGA-93-A4JQ
ELF3	JASPAR2024|000276|MA0640.3	0.01	0.0388	3579.0	3584.0	27519.0	27643.0	1.5579460401939953	FALSE	patient	TCGA-93-A4JQ	TCGA-93-A4JQ
FOXA1	CIS-BP2.00|000890|M07960_2.00	0.01	0.052	1916.0	3584.0	14177.1	27643.0	0.12567320315815864	FALSE	patient	TCGA-93-A4JQ	TCGA-93-A4JQ
ZNF75D	JASPAR2024|000169|MA1601.2	0.01	0.0564	2576.0	3584.0	19325.1	27643.0	0.13706626792827403	FALSE	patient	TCGA-93-A4JQ	TCGA-93-A4JQ
ZNF75D	CIS-BP2.00|000750|M07683_2.00	0.01	0.0815	2308.0	3584.0	17269.3	27643.0	0.11951090761559051	FALSE	patient	TCGA-93-A4JQ	TCGA-93-A4JQ
NFATC4	JASPAR2024|000506|MA1525.3	0.1	0.0963	2553.0	3584.0	19206.5	27643.0	0.12090204676223062	FALSE	patient	TCGA-93-A4JQ	TCGA-93-A4JQ
ZNF33A	CIS-BP2.00|000762|M07695_2.00	0.1	0.0981	3301.0	3584.0	25157.1	27643.0	0.20283702195717862	FALSE	patient	TCGA-93-A4JQ	TCGA-93-A4JQ
CREB3L2	CIS-BP2.00|000117|M01812_2.00	0.1	0.1204	1843.0	3584.0	13718.4	27643.0	0.10363982259839039	FALSE	patient	TCGA-93-A4JQ	TCGA-93-A4JQ
CREB3L2	JASPAR2024|000025|MA0608.1	0.1	0.1211	1833.0	3584.0	13644.7	27643.0	0.1029188996131163	FALSE	patient	TCGA-93-A4JQ	TCGA-93-A4JQ
XBP1	JASPAR2024|000675|MA0844.2	0.1	0.1489	1660.0	3584.0	12339.9	27643.0	0.09761596377598956	FALSE	patient	TCGA-93-A4JQ	TCGA-93-A4JQ
FOXD2	JASPAR2024|000361|MA0847.4	0.1	0.1817	1356.0	3584.0	10038.4	27643.0	0.09420831221837697	FALSE	patient	TCGA-93-A4JQ	TCGA-93-A4JQ
FOXA2	CIS-BP2.00|000889|M07959_2.00	0.1	0.2006	2183.0	3584.0	16421.4	27643.0	0.09039240519019724	FALSE	patient	TCGA-93-A4JQ	TCGA-93-A4JQ
XBP1	CIS-BP2.00|000375|M04231_2.00	0.1	0.2253	3292.0	3584.0	25154.3	27643.0	0.15559524798943358	FALSE	patient	TCGA-93-A4JQ	TCGA-93-A4JQ
ZNF19	CIS-BP2.00|000670|M07603_2.00	0.1	0.2488	3573.0	3584.0	27493.1	27643.0	0.7654126690398536	FALSE	patient	TCGA-93-A4JQ	TCGA-93-A4JQ
ETV1	JASPAR2024|000311|MA0761.3	0.1	0.2728	3566.0	3584.0	27431.6	27643.0	0.5745022219849631	FALSE	patient	TCGA-93-A4JQ	TCGA-93-A4JQ
FOXD2	CIS-BP2.00|000235|M03042_2.00	0.1	0.2973	1336.0	3584.0	9970.6	27643.0	0.0752111741811393	FALSE	patient	TCGA-93-A4JQ	TCGA-93-A4JQ
CEBPB	JASPAR2024|000235|MA0466.4	0.1	0.3509	237.0	3584.0	1679.5	27643.0	0.13289488617844353	FALSE	patient	TCGA-93-A4JQ	TCGA-93-A4JQ
ZNF540	CIS-BP2.00|000701|M07634_2.00	1.0	0.3649	791.0	3584.0	5857.5	27643.0	0.0755086728251491	FALSE	patient	TCGA-93-A4JQ	TCGA-93-A4JQ
ZNF33B	CIS-BP2.00|000777|M07710_2.00	1.0	0.5426	1258.0	3584.0	9514.4	27643.0	0.04359093598452462	FALSE	patient	TCGA-93-A4JQ	TCGA-93-A4JQ
FOXA2	JASPAR2024|000357|MA0047.4	1.0	0.6439	2808.0	3584.0	21530.1	27643.0	0.03840031998601211	FALSE	patient	TCGA-93-A4JQ	TCGA-93-A4JQ
CEBPA	JASPAR2024|000234|MA0102.5	1.0	0.6767	2598.0	3584.0	19915.5	27643.0	0.03152718171406771	FALSE	patient	TCGA-93-A4JQ	TCGA-93-A4JQ
CEBPB	CIS-BP2.00|000866|M07830_2.00	1.0	0.7229	1582.0	3584.0	12095.9	27643.0	0.02251740137957491	FALSE	patient	TCGA-93-A4JQ	TCGA-93-A4JQ
CEBPA	CIS-BP2.00|000926|M08076_2.00	1.0	0.7243	1335.0	3584.0	10195.1	27643.0	0.022923679041497495	FALSE	patient	TCGA-93-A4JQ	TCGA-93-A4JQ
NR3C2	JASPAR2024|000539|MA0727.2	1.0	0.7565	249.0	3584.0	1878.3	27643.0	0.03674906687097484	FALSE	patient	TCGA-93-A4JQ	TCGA-93-A4JQ
ZBTB18	JASPAR2024|000681|MA0698.2	1.0	0.8443	2065.0	3584.0	15904.4	27643.0	0.004744889967340216	FALSE	patient	TCGA-93-A4JQ	TCGA-93-A4JQ
HNF4A	JASPAR2024|000409|MA1494.2	1.0	0.8774	409.0	3584.0	3158.6	27643.0	-0.0007416200450008684	FALSE	patient	TCGA-93-A4JQ	TCGA-93-A4JQ
HNF4A	JASPAR2024|000410|MA0114.5	1.0	1.0	3440.0	3584.0	26562.8	27643.0	-0.04591954544981855	FALSE	patient	TCGA-93-A4JQ	TCGA-93-A4JQ
FOXA3	JASPAR2024|000358|MA1683.2	1.0	1.0	3159.0	3584.0	24430.0	27643.0	-0.034000784149860554	FALSE	patient	TCGA-93-A4JQ	TCGA-93-A4JQ
ETV1	CIS-BP2.00|000457|M04708_2.00	1.0	1.0	3575.0	3584.0	27570.4	27643.0	-0.0030574661273342855	FALSE	patient	TCGA-93-A4JQ	TCGA-93-A4JQ
FOXA1	JASPAR2024|000356|MA0148.5	1.0	1.0	2862.0	3584.0	22175.3	27643.0	-0.03364203497948043	FALSE	patient	TCGA-93-A4JQ	TCGA-93-A4JQ
NKX2-1	JASPAR2024|000822|MA1994.2	1.0	1.0	3404.0	3584.0	26305.8	27643.0	-0.06020964511567821	FALSE	patient	TCGA-93-A4JQ	TCGA-93-A4JQ
ZBTB18	CIS-BP2.00|000988|M08257_2.00	1.0	1.0	3140.0	3584.0	24323.1	27643.0	-0.0521888697440832	FALSE	patient	TCGA-93-A4JQ	TCGA-93-A4JQ
ETV1	JASPAR2024|000652|MA1966.2	1.0	1.0	3459.0	3584.0	26731.8	27643.0	-0.08907671248852045	FALSE	patient	TCGA-93-A4JQ	TCGA-93-A4JQ
ZNF141	CIS-BP2.00|000653|M07586_2.00	1.0	1.0	2560.0	3584.0	19924.1	27643.0	-0.046484564986213006	FALSE	patient	TCGA-93-A4JQ	TCGA-93-A4JQ
ZNF341	JASPAR2024|000712|MA1655.2	1.0	1.0	3580.0	3584.0	27612.1	27643.0	-0.14432611354523228	FALSE	patient	TCGA-93-A4JQ	TCGA-93-A4JQ
NFATC4	CIS-BP2.00|000101|M01306_2.00	1.0	1.0	3584.0	3584.0	27632.9	27643.0	1.459423075422391	FALSE	patient	TCGA-93-A4JQ	TCGA-93-A4JQ
NR3C2	CIS-BP2.00|000154|M02395_2.00	1.0	1.0	3584.0	3584.0	27632.9	27643.0	1.459423075422391	FALSE	patient	TCGA-93-A4JQ	TCGA-93-A4JQ
HNF4A	CIS-BP2.00|000974|M08219_2.00	1.0	1.0	3270.0	3584.0	25388.2	27643.0	-0.11441597442646273	FALSE	patient	TCGA-93-A4JQ	TCGA-93-A4JQ
E2F5	CIS-BP2.00|000940|M08109_2.00	1.0	1.0	3049.0	3584.0	23742.7	27643.0	-0.09605821592994923	FALSE	patient	TCGA-93-A4JQ	TCGA-93-A4JQ
GATA6	JASPAR2024|000382|MA1104.3	1.0	1.0	2918.0	3584.0	22759.6	27643.0	-0.08985104264267105	FALSE	patient	TCGA-93-A4JQ	TCGA-93-A4JQ
ZNF254	CIS-BP2.00|000827|M07760_2.00	1.0	1.0	561.0	3584.0	4598.7	27643.0	-0.10387524528470389	FALSE	patient	TCGA-93-A4JQ	TCGA-93-A4JQ
ZNF341	CIS-BP2.00|001017|M08310_2.00	1.0	1.0	3574.0	3584.0	27590.2	27643.0	-0.6046224971255431	FALSE	patient	TCGA-93-A4JQ	TCGA-93-A4JQ
GATA6	CIS-BP2.00|000947|M08124_2.00	1.0	1.0	2630.0	3584.0	20675.1	27643.0	-0.10650990428371533	FALSE	patient	TCGA-93-A4JQ	TCGA-93-A4JQ
ZNF281	JASPAR2024|000706|MA1630.3	1.0	1.0	2906.0	3584.0	22757.5	27643.0	-0.12078582093510548	FALSE	patient	TCGA-93-A4JQ	TCGA-93-A4JQ
ZNF281	CIS-BP2.00|001020|M08321_2.00	1.0	1.0	2889.0	3584.0	22714.9	27643.0	-0.14972345703063739	FALSE	patient	TCGA-93-A4JQ	TCGA-93-A4JQ
FOXA3	CIS-BP2.00|000469|M04831_2.00	1e-12	0.0	192.0	3584.0	851.1	27526.0	0.829771679813158	TRUE	patient	TCGA-L4-A4E6	TCGA-L4-A4E6
ELF3	CIS-BP2.00|000227|M03002_2.00	1e-11	0.0	1543.0	3584.0	10338.1	27526.0	0.3299703351531672	TRUE	patient	TCGA-L4-A4E6	TCGA-L4-A4E6
CEBPB	JASPAR2024|000235|MA0466.4	1e-11	0.0	323.0	3584.0	1688.1	27526.0	0.6019192007780596	TRUE	patient	TCGA-L4-A4E6	TCGA-L4-A4E6
FOXA1	CIS-BP2.00|000890|M07960_2.00	0.0001	0.0003	1953.0	3584.0	14035.2	27526.0	0.20279062193216235	FALSE	patient	TCGA-L4-A4E6	TCGA-L4-A4E6
ZNF444	CIS-BP2.00|000420|M04529_2.00	0.0001	0.0008	1398.0	3584.0	9863.2	27526.0	0.1958109828729622	FALSE	patient	TCGA-L4-A4E6	TCGA-L4-A4E6
FOXA2	CIS-BP2.00|000889|M07959_2.00	0.01	0.0412	2195.0	3584.0	16273.4	27526.0	0.12774615848602627	FALSE	patient	TCGA-L4-A4E6	TCGA-L4-A4E6
XBP1	JASPAR2024|000675|MA0844.2	0.01	0.0548	1696.0	3584.0	12463.9	27526.0	0.1184780282865586	FALSE	patient	TCGA-L4-A4E6	TCGA-L4-A4E6
CREB3L2	CIS-BP2.00|000117|M01812_2.00	0.1	0.1093	1862.0	3584.0	13819.8	27526.0	0.10082878201703248	FALSE	patient	TCGA-L4-A4E6	TCGA-L4-A4E6
CREB3L2	JASPAR2024|000025|MA0608.1	0.1	0.1589	1846.0	3584.0	13744.0	27526.0	0.09093337173245808	FALSE	patient	TCGA-L4-A4E6	TCGA-L4-A4E6
CEBPB	CIS-BP2.00|000866|M07830_2.00	0.1	0.173	1622.0	3584.0	12038.1	27526.0	0.08904631404379854	FALSE	patient	TCGA-L4-A4E6	TCGA-L4-A4E6
ZNF19	CIS-BP2.00|000670|M07603_2.00	0.1	0.204	3573.0	3584.0	27389.3	27526.0	0.6383456770750026	FALSE	patient	TCGA-L4-A4E6	TCGA-L4-A4E6
FOXD2	JASPAR2024|000361|MA0847.4	0.1	0.2549	1339.0	3584.0	9940.3	27526.0	0.0776677756390016	FALSE	patient	TCGA-L4-A4E6	TCGA-L4-A4E6
XBP1	CIS-BP2.00|000375|M04231_2.00	0.1	0.2565	3303.0	3584.0	25172.2	27526.0	0.1342986250473133	FALSE	patient	TCGA-L4-A4E6	TCGA-L4-A4E6
FOXD2	CIS-BP2.00|000235|M03042_2.00	0.1	0.3201	1336.0	3584.0	9955.0	27526.0	0.06916862650587582	FALSE	patient	TCGA-L4-A4E6	TCGA-L4-A4E6
ETV1	CIS-BP2.00|000457|M04708_2.00	0.1	0.3278	3580.0	3584.0	27468.2	27526.0	0.7559433149366939	FALSE	patient	TCGA-L4-A4E6	TCGA-L4-A4E6
ELF3	JASPAR2024|000276|MA0640.3	1.0	0.4174	3574.0	3584.0	27418.4	27526.0	0.4245479536429502	FALSE	patient	TCGA-L4-A4E6	TCGA-L4-A4E6
ZNF75D	JASPAR2024|000169|MA1601.2	1.0	0.4753	2526.0	3584.0	19191.3	27526.0	0.051917603948801606	FALSE	patient	TCGA-L4-A4E6	TCGA-L4-A4E6
NFATC4	JASPAR2024|000506|MA1525.3	1.0	0.4934	2503.0	3584.0	19022.6	27526.0	0.04935696049576031	FALSE	patient	TCGA-L4-A4E6	TCGA-L4-A4E6
ZBTB18	CIS-BP2.00|000988|M08257_2.00	1.0	0.5125	3167.0	3584.0	24189.8	27526.0	0.06556174133582338	FALSE	patient	TCGA-L4-A4E6	TCGA-L4-A4E6
CEBPA	CIS-BP2.00|000926|M08076_2.00	1.0	0.5427	1344.0	3584.0	10138.3	27526.0	0.041470714402458364	FALSE	patient	TCGA-L4-A4E6	TCGA-L4-A4E6
ZNF341	JASPAR2024|000712|MA1655.2	1.0	0.5941	3583.0	3584.0	27510.1	27526.0	0.5101150637860442	FALSE	patient	TCGA-L4-A4E6	TCGA-L4-A4E6
ZNF75D	CIS-BP2.00|000750|M07683_2.00	1.0	0.6004	2253.0	3584.0	17151.3	27526.0	0.0338941803449093	FALSE	patient	TCGA-L4-A4E6	TCGA-L4-A4E6
ETV1	JASPAR2024|000652|MA1966.2	1.0	0.6031	3474.0	3584.0	26627.6	27526.0	0.08604205411152743	FALSE	patient	TCGA-L4-A4E6	TCGA-L4-A4E6
ZNF33B	CIS-BP2.00|000777|M07710_2.00	1.0	0.6489	1241.0	3584.0	9408.7	27526.0	0.028683279021390312	FALSE	patient	TCGA-L4-A4E6	TCGA-L4-A4E6
CEBPA	JASPAR2024|000234|MA0102.5	1.0	0.6678	2593.0	3584.0	19811.5	27526.0	0.02657922795827318	FALSE	patient	TCGA-L4-A4E6	TCGA-L4-A4E6
ZNF33A	CIS-BP2.00|000762|M07695_2.00	1.0	0.6755	3271.0	3584.0	25061.8	27526.0	0.03738006330055161	FALSE	patient	TCGA-L4-A4E6	TCGA-L4-A4E6
ZNF141	CIS-BP2.00|000653|M07586_2.00	1.0	0.7254	2592.0	3584.0	19835.9	27526.0	0.018222821931630898	FALSE	patient	TCGA-L4-A4E6	TCGA-L4-A4E6
NR3C2	JASPAR2024|000539|MA0727.2	1.0	0.74	246.0	3584.0	1851.2	27526.0	0.03391835824617753	FALSE	patient	TCGA-L4-A4E6	TCGA-L4-A4E6
ZNF540	CIS-BP2.00|000701|M07634_2.00	1.0	0.8008	769.0	3584.0	5874.6	27526.0	0.010410397730461037	FALSE	patient	TCGA-L4-A4E6	TCGA-L4-A4E6
ETV1	JASPAR2024|000311|MA0761.3	1.0	0.8228	3559.0	3584.0	27330.5	27526.0	0.0014927616505326367	FALSE	patient	TCGA-L4-A4E6	TCGA-L4-A4E6
ZBTB18	JASPAR2024|000681|MA0698.2	1.0	0.8642	2045.0	3584.0	15705.0	27526.0	0.0001349035367760846	FALSE	patient	TCGA-L4-A4E6	TCGA-L4-A4E6
ZNF281	JASPAR2024|000706|MA1630.3	1.0	0.8884	2943.0	3584.0	22612.5	27526.0	-0.004171182845913093	FALSE	patient	TCGA-L4-A4E6	TCGA-L4-A4E6
ZNF281	CIS-BP2.00|001020|M08321_2.00	1.0	0.9365	2935.0	3584.0	22583.8	27526.0	-0.01574412321172785	FALSE	patient	TCGA-L4-A4E6	TCGA-L4-A4E6
FOXA2	JASPAR2024|000357|MA0047.4	1.0	0.9526	2781.0	3584.0	21416.9	27526.0	-0.018140341891259657	FALSE	patient	TCGA-L4-A4E6	TCGA-L4-A4E6
GATA6	JASPAR2024|000382|MA1104.3	1.0	0.9652	2938.0	3584.0	22626.1	27526.0	-0.022690769695175538	FALSE	patient	TCGA-L4-A4E6	TCGA-L4-A4E6
NKX2-1	JASPAR2024|000822|MA1994.2	1.0	0.9714	3409.0	3584.0	26218.9	27526.0	-0.04562423500053948	FALSE	patient	TCGA-L4-A4E6	TCGA-L4-A4E6
GATA6	CIS-BP2.00|000947|M08124_2.00	1.0	1.0	2655.0	3584.0	20554.3	27526.0	-0.04533271586543104	FALSE	patient	TCGA-L4-A4E6	TCGA-L4-A4E6
FOXA1	JASPAR2024|000356|MA0148.5	1.0	1.0	2847.0	3584.0	22037.0	27526.0	-0.056233026718061276	FALSE	patient	TCGA-L4-A4E6	TCGA-L4-A4E6
HNF4A	JASPAR2024|000410|MA0114.5	1.0	1.0	3432.0	3584.0	26449.3	27526.0	-0.12552020080179208	FALSE	patient	TCGA-L4-A4E6	TCGA-L4-A4E6
NFATC4	CIS-BP2.00|000101|M01306_2.00	1.0	1.0	3584.0	3584.0	27531.5	27526.0	-2.9412656177557848	FALSE	patient	TCGA-L4-A4E6	TCGA-L4-A4E6
NR3C2	CIS-BP2.00|000154|M02395_2.00	1.0	1.0	3584.0	3584.0	27531.5	27526.0	-2.9412656177557848	FALSE	patient	TCGA-L4-A4E6	TCGA-L4-A4E6
ZNF341	CIS-BP2.00|001017|M08310_2.00	1.0	1.0	3576.0	3584.0	27489.2	27526.0	-0.8086299317927583	FALSE	patient	TCGA-L4-A4E6	TCGA-L4-A4E6
HNF4A	CIS-BP2.00|000974|M08219_2.00	1.0	1.0	3266.0	3584.0	25252.0	27526.0	-0.11442451999966582	FALSE	patient	TCGA-L4-A4E6	TCGA-L4-A4E6
FOXA3	JASPAR2024|000358|MA1683.2	1.0	1.0	3137.0	3584.0	24313.1	27526.0	-0.10993516868571801	FALSE	patient	TCGA-L4-A4E6	TCGA-L4-A4E6
HNF4A	JASPAR2024|000409|MA1494.2	1.0	1.0	368.0	3584.0	3124.0	27526.0	-0.16042345213299666	FALSE	patient	TCGA-L4-A4E6	TCGA-L4-A4E6
ZNF254	CIS-BP2.00|000827|M07760_2.00	1.0	1.0	543.0	3584.0	4534.8	27526.0	-0.1425878114571581	FALSE	patient	TCGA-L4-A4E6	TCGA-L4-A4E6
E2F5	CIS-BP2.00|000940|M08109_2.00	1.0	1.0	3031.0	3584.0	23711.2	27526.0	-0.18235409273757638	FALSE	patient	TCGA-L4-A4E6	TCGA-L4-A4E6
FOXA3	CIS-BP2.00|000469|M04831_2.00	1e-17	0.0	213.0	3584.0	853.7	27572.0	0.9860548837506466	TRUE	patient	TCGA-L9-A8F4	TCGA-L9-A8F4
ELF3	CIS-BP2.00|000227|M03002_2.00	1e-10	0.0	1555.0	3584.0	10479.6	27572.0	0.3219987588426101	TRUE	patient	TCGA-L9-A8F4	TCGA-L9-A8F4
CEBPB	JASPAR2024|000235|MA0466.4	1e-05	0.0001	295.0	3584.0	1741.1	27572.0	0.4140023412214407	FALSE	patient	TCGA-L9-A8F4	TCGA-L9-A8F4
ZNF444	CIS-BP2.00|000420|M04529_2.00	0.0001	0.0005	1392.0	3584.0	9802.0	27572.0	0.2033631173940079	FALSE	patient	TCGA-L9-A8F4	TCGA-L9-A8F4
CEBPB	CIS-BP2.00|000866|M07830_2.00	0.001	0.0055	1674.0	3584.0	12104.1	27572.0	0.16354868941203607	FALSE	patient	TCGA-L9-A8F4	TCGA-L9-A8F4
FOXA1	CIS-BP2.00|000890|M07960_2.00	0.01	0.0274	1913.0	3584.0	14081.8	27572.0	0.13315277201512202	FALSE	patient	TCGA-L9-A8F4	TCGA-L9-A8F4
NFATC4	JASPAR2024|000506|MA1525.3	0.01	0.0283	2569.0	3584.0	19185.1	27572.0	0.1455690945901324	FALSE	patient	TCGA-L9-A8F4	TCGA-L9-A8F4
CEBPA	CIS-BP2.00|000926|M08076_2.00	0.01	0.0569	1396.0	3584.0	10197.0	27572.0	0.1207121761533193	FALSE	patient	TCGA-L9-A8F4	TCGA-L9-A8F4
ELF3	JASPAR2024|000276|MA0640.3	0.1	0.0802	3578.0	3584.0	27464.0	27572.0	1.1209703716994877	FALSE	patient	TCGA-L9-A8F4	TCGA-L9-A8F4
CEBPA	JASPAR2024|000234|MA0102.5	0.1	0.0994	2638.0	3584.0	19853.9	27572.0	0.11599590946069842	FALSE	patient	TCGA-L9-A8F4	TCGA-L9-A8F4
FOXA2	CIS-BP2.00|000889|M07959_2.00	0.1	0.1062	2185.0	3584.0	16332.0	27572.0	0.10401246243081927	FALSE	patient	TCGA-L9-A8F4	TCGA-L9-A8F4
ZNF19	CIS-BP2.00|000670|M07603_2.00	0.1	0.1156	3574.0	3584.0	27429.4	27572.0	0.8286264337976399	FALSE	patient	TCGA-L9-A8F4	TCGA-L9-A8F4
CREB3L2	CIS-BP2.00|000117|M01812_2.00	0.1	0.123	1856.0	3584.0	13815.2	27572.0	0.09695340586756078	FALSE	patient	TCGA-L9-A8F4	TCGA-L9-A8F4
CREB3L2	JASPAR2024|000025|MA0608.1	0.1	0.1553	1841.0	3584.0	13736.8	27572.0	0.0891921930030279	FALSE	patient	TCGA-L9-A8F4	TCGA-L9-A8F4
ZNF75D	CIS-BP2.00|000750|M07683_2.00	0.1	0.1932	2278.0	3584.0	17146.0	27572.0	0.08471807786989781	FALSE	patient	TCGA-L9-A8F4	TCGA-L9-A8F4
ETV1	JASPAR2024|000311|MA0761.3	0.1	0.2164	3566.0	3584.0	27370.2	27572.0	0.5108476909135146	FALSE	patient	TCGA-L9-A8F4	TCGA-L9-A8F4
FOXD2	CIS-BP2.00|000235|M03042_2.00	0.1	0.2498	1342.0	3584.0	9991.5	27572.0	0.07498585371934498	FALSE	patient	TCGA-L9-A8F4	TCGA-L9-A8F4
FOXD2	JASPAR2024|000361|MA0847.4	0.1	0.284	1339.0	3584.0	9989.1	27572.0	0.0703731056782776	FALSE	patient	TCGA-L9-A8F4	TCGA-L9-A8F4
FOXA2	JASPAR2024|000357|MA0047.4	1.0	0.319	2827.0	3584.0	21503.3	27572.0	0.07519587330838577	FALSE	patient	TCGA-L9-A8F4	TCGA-L9-A8F4
ETV1	CIS-BP2.00|000457|M04708_2.00	1.0	0.3221	3580.0	3584.0	27512.0	27572.0	0.8070839679689329	FALSE	patient	TCGA-L9-A8F4	TCGA-L9-A8F4
NKX2-1	JASPAR2024|000822|MA1994.2	1.0	0.338	3427.0	3584.0	26242.8	27572.0	0.14095648143410047	FALSE	patient	TCGA-L9-A8F4	TCGA-L9-A8F4
ZBTB18	JASPAR2024|000681|MA0698.2	1.0	0.3476	2079.0	3584.0	15720.5	27572.0	0.058431519162209296	FALSE	patient	TCGA-L9-A8F4	TCGA-L9-A8F4
ZNF75D	JASPAR2024|000169|MA1601.2	1.0	0.3904	2523.0	3584.0	19181.2	27572.0	0.05655736769346513	FALSE	patient	TCGA-L9-A8F4	TCGA-L9-A8F4
FOXA3	JASPAR2024|000358|MA1683.2	1.0	0.4097	3188.0	3584.0	24374.8	27572.0	0.07717163549276247	FALSE	patient	TCGA-L9-A8F4	TCGA-L9-A8F4
XBP1	CIS-BP2.00|000375|M04231_2.00	1.0	0.4195	3292.0	3584.0	25196.6	27572.0	0.08596323141621426	FALSE	patient	TCGA-L9-A8F4	TCGA-L9-A8F4
ZNF33B	CIS-BP2.00|000777|M07710_2.00	1.0	0.5482	1252.0	3584.0	9481.6	27572.0	0.034919191200975135	FALSE	patient	TCGA-L9-A8F4	TCGA-L9-A8F4
FOXA1	JASPAR2024|000356|MA0148.5	1.0	0.6291	2887.0	3584.0	22119.3	27572.0	0.02939245662944073	FALSE	patient	TCGA-L9-A8F4	TCGA-L9-A8F4
XBP1	JASPAR2024|000675|MA0844.2	1.0	0.652	1631.0	3584.0	12448.2	27572.0	0.021011011820789575	FALSE	patient	TCGA-L9-A8F4	TCGA-L9-A8F4
ZNF33A	CIS-BP2.00|000762|M07695_2.00	1.0	0.7035	3264.0	3584.0	25068.4	27572.0	0.02493116791024279	FALSE	patient	TCGA-L9-A8F4	TCGA-L9-A8F4
ETV1	JASPAR2024|000652|MA1966.2	1.0	0.7529	3471.0	3584.0	26685.4	27572.0	0.023957855203089504	FALSE	patient	TCGA-L9-A8F4	TCGA-L9-A8F4
GATA6	CIS-BP2.00|000947|M08124_2.00	1.0	0.7749	2684.0	3584.0	20622.6	27572.0	0.006658137831071279	FALSE	patient	TCGA-L9-A8F4	TCGA-L9-A8F4
NR3C2	JASPAR2024|000539|MA0727.2	1.0	0.7914	243.0	3584.0	1861.0	27572.0	0.009374060886636592	FALSE	patient	TCGA-L9-A8F4	TCGA-L9-A8F4
HNF4A	CIS-BP2.00|000974|M08219_2.00	1.0	0.7927	3284.0	3584.0	25253.3	27572.0	0.005435523133630877	FALSE	patient	TCGA-L9-A8F4	TCGA-L9-A8F4
ZNF341	JASPAR2024|000712|MA1655.2	1.0	0.7996	3582.0	3584.0	27552.8	27572.0	0.03500912162788926	FALSE	patient	TCGA-L9-A8F4	TCGA-L9-A8F4
ZNF141	CIS-BP2.00|000653|M07586_2.00	1.0	0.8412	2573.0	3584.0	19807.3	27572.0	-0.0037382019854601033	FALSE	patient	TCGA-L9-A8F4	TCGA-L9-A8F4
ZNF341	CIS-BP2.00|001017|M08310_2.00	1.0	0.9428	3578.0	3584.0	27530.0	27572.0	-0.23465270916630807	FALSE	patient	TCGA-L9-A8F4	TCGA-L9-A8F4
HNF4A	JASPAR2024|000410|MA0114.5	1.0	0.9706	3437.0	3584.0	26483.9	27572.0	-0.06202412474590475	FALSE	patient	TCGA-L9-A8F4	TCGA-L9-A8F4
ZNF540	CIS-BP2.00|000701|M07634_2.00	1.0	1.0	751.0	3584.0	5901.9	27572.0	-0.038374694163046064	FALSE	patient	TCGA-L9-A8F4	TCGA-L9-A8F4
GATA6	JASPAR2024|000382|MA1104.3	1.0	1.0	2932.0	3584.0	22696.2	27572.0	-0.05054245844844094	FALSE	patient	TCGA-L9-A8F4	TCGA-L9-A8F4
ZNF281	JASPAR2024|000706|MA1630.3	1.0	1.0	2917.0	3584.0	22610.4	27572.0	-0.06010278905406956	FALSE	patient	TCGA-L9-A8F4	TCGA-L9-A8F4
ZNF281	CIS-BP2.00|001020|M08321_2.00	1.0	1.0	2912.0	3584.0	22576.3	27572.0	-0.061286003390714175	FALSE	patient	TCGA-L9-A8F4	TCGA-L9-A8F4
NFATC4	CIS-BP2.00|000101|M01306_2.00	1.0	1.0	3584.0	3584.0	27573.0	27572.0	-2.943438607947903	FALSE	patient	TCGA-L9-A8F4	TCGA-L9-A8F4
ZBTB18	CIS-BP2.00|000988|M08257_2.00	1.0	1.0	3129.0	3584.0	24272.9	27572.0	-0.09860393841496382	FALSE	patient	TCGA-L9-A8F4	TCGA-L9-A8F4
HNF4A	JASPAR2024|000409|MA1494.2	1.0	1.0	368.0	3584.0	3099.4	27572.0	-0.14485188683675898	FALSE	patient	TCGA-L9-A8F4	TCGA-L9-A8F4
E2F5	CIS-BP2.00|000940|M08109_2.00	1.0	1.0	3048.0	3584.0	23755.9	27572.0	-0.13150686205189285	FALSE	patient	TCGA-L9-A8F4	TCGA-L9-A8F4
NR3C2	CIS-BP2.00|000154|M02395_2.00	1.0	1.0	3583.0	3584.0	27573.0	27572.0	-4.52880364635049	FALSE	patient	TCGA-L9-A8F4	TCGA-L9-A8F4
ZNF254	CIS-BP2.00|000827|M07760_2.00	1.0	1.0	532.0	3584.0	4553.6	27572.0	-0.18155684742287345	FALSE	patient	TCGA-L9-A8F4	TCGA-L9-A8F4
FOXA3	CIS-BP2.00|000469|M04831_2.00	1e-14	0.0	205.0	3585.0	865.7	27531.0	0.9041202801669695	TRUE	patient	TCGA-MP-A4SV	TCGA-MP-A4SV
ELF3	CIS-BP2.00|000227|M03002_2.00	1e-10	0.0	1537.0	3585.0	10314.3	27531.0	0.32515320854064655	TRUE	patient	TCGA-MP-A4SV	TCGA-MP-A4SV
XBP1	CIS-BP2.00|000375|M04231_2.00	1e-05	0.0001	3345.0	3585.0	25118.8	27531.0	0.4180372281433122	FALSE	patient	TCGA-MP-A4SV	TCGA-MP-A4SV
CEBPB	JASPAR2024|000235|MA0466.4	1e-05	0.0002	289.0	3585.0	1718.1	27531.0	0.3995146446105557	FALSE	patient	TCGA-MP-A4SV	TCGA-MP-A4SV
ZNF444	CIS-BP2.00|000420|M04529_2.00	0.0001	0.0002	1399.0	3585.0	9800.0	27531.0	0.21167546563086026	FALSE	patient	TCGA-MP-A4SV	TCGA-MP-A4SV
XBP1	JASPAR2024|000675|MA0844.2	0.0001	0.0002	1740.0	3585.0	12387.4	27531.0	0.20531427694274812	FALSE	patient	TCGA-MP-A4SV	TCGA-MP-A4SV
FOXA1	CIS-BP2.00|000890|M07960_2.00	0.0001	0.0004	1970.0	3585.0	14186.6	27531.0	0.19828977683077292	FALSE	patient	TCGA-MP-A4SV	TCGA-MP-A4SV
ZNF33A	CIS-BP2.00|000762|M07695_2.00	0.01	0.013	3322.0	3585.0	25123.8	27531.0	0.27303847954216187	FALSE	patient	TCGA-MP-A4SV	TCGA-MP-A4SV
FOXA2	CIS-BP2.00|000889|M07959_2.00	0.01	0.0227	2223.0	3585.0	16441.7	27531.0	0.13840617463685498	FALSE	patient	TCGA-MP-A4SV	TCGA-MP-A4SV
CEBPB	CIS-BP2.00|000866|M07830_2.00	0.01	0.0228	1663.0	3585.0	12132.0	27531.0	0.13524491734324393	FALSE	patient	TCGA-MP-A4SV	TCGA-MP-A4SV
NR3C2	JASPAR2024|000539|MA0727.2	0.01	0.0307	284.0	3585.0	1863.3	27531.0	0.24704207998790043	FALSE	patient	TCGA-MP-A4SV	TCGA-MP-A4SV
CEBPA	CIS-BP2.00|000926|M08076_2.00	0.01	0.0385	1408.0	3585.0	10237.1	27531.0	0.12791426354312918	FALSE	patient	TCGA-MP-A4SV	TCGA-MP-A4SV
CREB3L2	JASPAR2024|000025|MA0608.1	0.01	0.0527	1858.0	3585.0	13712.0	27531.0	0.11666677582640626	FALSE	patient	TCGA-MP-A4SV	TCGA-MP-A4SV
CREB3L2	CIS-BP2.00|000117|M01812_2.00	0.01	0.0544	1867.0	3585.0	13786.5	27531.0	0.11555673223700541	FALSE	patient	TCGA-MP-A4SV	TCGA-MP-A4SV
NKX2-1	JASPAR2024|000822|MA1994.2	0.01	0.0584	3446.0	3585.0	26236.2	27531.0	0.2865668954836673	FALSE	patient	TCGA-MP-A4SV	TCGA-MP-A4SV
ZNF33B	CIS-BP2.00|000777|M07710_2.00	0.1	0.094	1292.0	3585.0	9461.3	27531.0	0.10603927594746493	FALSE	patient	TCGA-MP-A4SV	TCGA-MP-A4SV
FOXD2	JASPAR2024|000361|MA0847.4	0.1	0.1096	1370.0	3585.0	10075.6	27531.0	0.09984739809236277	FALSE	patient	TCGA-MP-A4SV	TCGA-MP-A4SV
ZNF75D	CIS-BP2.00|000750|M07683_2.00	0.1	0.1188	2285.0	3585.0	17110.2	27531.0	0.09807989499938964	FALSE	patient	TCGA-MP-A4SV	TCGA-MP-A4SV
ZNF75D	JASPAR2024|000169|MA1601.2	0.1	0.1505	2544.0	3585.0	19154.6	27531.0	0.0954791509344631	FALSE	patient	TCGA-MP-A4SV	TCGA-MP-A4SV
NFATC4	JASPAR2024|000506|MA1525.3	0.1	0.1817	2523.0	3585.0	19018.2	27531.0	0.08833498501571535	FALSE	patient	TCGA-MP-A4SV	TCGA-MP-A4SV
CEBPA	JASPAR2024|000234|MA0102.5	0.1	0.2648	2633.0	3585.0	19933.2	27531.0	0.07572951991635013	FALSE	patient	TCGA-MP-A4SV	TCGA-MP-A4SV
ZBTB18	CIS-BP2.00|000988|M08257_2.00	1.0	0.3432	3179.0	3585.0	24238.6	27531.0	0.08756712442895548	FALSE	patient	TCGA-MP-A4SV	TCGA-MP-A4SV
ETV1	JASPAR2024|000311|MA0761.3	1.0	0.3895	3563.0	3585.0	27317.9	27531.0	0.30840858045315095	FALSE	patient	TCGA-MP-A4SV	TCGA-MP-A4SV
FOXA2	JASPAR2024|000357|MA0047.4	1.0	0.4929	2816.0	3585.0	21479.7	27531.0	0.04433902897814214	FALSE	patient	TCGA-MP-A4SV	TCGA-MP-A4SV
ZNF141	CIS-BP2.00|000653|M07586_2.00	1.0	0.552	2601.0	3585.0	19845.3	27531.0	0.033389298258866204	FALSE	patient	TCGA-MP-A4SV	TCGA-MP-A4SV
FOXD2	CIS-BP2.00|000235|M03042_2.00	1.0	0.5527	1326.0	3585.0	10046.5	27531.0	0.03097413271489925	FALSE	patient	TCGA-MP-A4SV	TCGA-MP-A4SV
E2F5	CIS-BP2.00|000940|M08109_2.00	1.0	0.5747	3088.0	3585.0	23622.1	27531.0	0.038989247758866336	FALSE	patient	TCGA-MP-A4SV	TCGA-MP-A4SV
ETV1	JASPAR2024|000652|MA1966.2	1.0	0.6463	3470.0	3585.0	26611.5	27531.0	0.054879504766027494	FALSE	patient	TCGA-MP-A4SV	TCGA-MP-A4SV
ZNF281	JASPAR2024|000706|MA1630.3	1.0	0.6472	2952.0	3585.0	22599.3	27531.0	0.024513736888247106	FALSE	patient	TCGA-MP-A4SV	TCGA-MP-A4SV
HNF4A	JASPAR2024|000409|MA1494.2	1.0	0.6787	414.0	3585.0	3133.3	27531.0	0.02506836554592377	FALSE	patient	TCGA-MP-A4SV	TCGA-MP-A4SV
ZBTB18	JASPAR2024|000681|MA0698.2	1.0	0.7131	2070.0	3585.0	15841.4	27531.0	0.011727246096066252	FALSE	patient	TCGA-MP-A4SV	TCGA-MP-A4SV
FOXA3	JASPAR2024|000358|MA1683.2	1.0	0.7236	3175.0	3585.0	24348.1	27531.0	0.016331171318974165	FALSE	patient	TCGA-MP-A4SV	TCGA-MP-A4SV
ELF3	JASPAR2024|000276|MA0640.3	1.0	0.7619	3570.0	3585.0	27406.8	27531.0	0.067759158253509	FALSE	patient	TCGA-MP-A4SV	TCGA-MP-A4SV
GATA6	JASPAR2024|000382|MA1104.3	1.0	0.7918	2944.0	3585.0	22599.5	27531.0	0.0024234353105715076	FALSE	patient	TCGA-MP-A4SV	TCGA-MP-A4SV
FOXA1	JASPAR2024|000356|MA0148.5	1.0	0.8044	2879.0	3585.0	22106.4	27531.0	0.00028175873082699425	FALSE	patient	TCGA-MP-A4SV	TCGA-MP-A4SV
HNF4A	JASPAR2024|000410|MA0114.5	1.0	0.8558	3444.0	3585.0	26456.2	27531.0	-0.015401381251873084	FALSE	patient	TCGA-MP-A4SV	TCGA-MP-A4SV
GATA6	CIS-BP2.00|000947|M08124_2.00	1.0	0.8673	2663.0	3585.0	20484.9	27531.0	-0.009894371714509968	FALSE	patient	TCGA-MP-A4SV	TCGA-MP-A4SV
ZNF19	CIS-BP2.00|000670|M07603_2.00	1.0	0.9178	3564.0	3585.0	27375.5	27531.0	-0.08200257470924821	FALSE	patient	TCGA-MP-A4SV	TCGA-MP-A4SV
ZNF281	CIS-BP2.00|001020|M08321_2.00	1.0	0.9213	2931.0	3585.0	22566.6	27531.0	-0.021210511244577367	FALSE	patient	TCGA-MP-A4SV	TCGA-MP-A4SV
ETV1	CIS-BP2.00|000457|M04708_2.00	1.0	0.9213	3575.0	3585.0	27456.5	27531.0	-0.10445582656208177	FALSE	patient	TCGA-MP-A4SV	TCGA-MP-A4SV
ZNF341	JASPAR2024|000712|MA1655.2	1.0	0.9756	3581.0	3585.0	27502.3	27531.0	-0.24297119403243925	FALSE	patient	TCGA-MP-A4SV	TCGA-MP-A4SV
ZNF341	CIS-BP2.00|001017|M08310_2.00	1.0	0.9915	3577.0	3585.0	27477.9	27531.0	-0.2845760756146397	FALSE	patient	TCGA-MP-A4SV	TCGA-MP-A4SV
ZNF540	CIS-BP2.00|000701|M07634_2.00	1.0	1.0	736.0	3585.0	5852.2	27531.0	-0.06280742329368619	FALSE	patient	TCGA-MP-A4SV	TCGA-MP-A4SV
NFATC4	CIS-BP2.00|000101|M01306_2.00	1.0	1.0	3584.0	3585.0	27522.6	27531.0	-0.3719563411060992	FALSE	patient	TCGA-MP-A4SV	TCGA-MP-A4SV
NR3C2	CIS-BP2.00|000154|M02395_2.00	1.0	1.0	3584.0	3585.0	27522.6	27531.0	-0.3719563411060992	FALSE	patient	TCGA-MP-A4SV	TCGA-MP-A4SV
HNF4A	CIS-BP2.00|000974|M08219_2.00	1.0	1.0	3260.0	3585.0	25242.5	27531.0	-0.13873023811644705	FALSE	patient	TCGA-MP-A4SV	TCGA-MP-A4SV
ZNF254	CIS-BP2.00|000827|M07760_2.00	1.0	1.0	520.0	3585.0	4527.8	27531.0	-0.21332785281639188	FALSE	patient	TCGA-MP-A4SV	TCGA-MP-A4SV
FOXA3	CIS-BP2.00|000469|M04831_2.00	1e-17	0.0	210.0	3585.0	852.9	27598.0	0.9667265675939689	TRUE	patient	TCGA-MP-A4T4	TCGA-MP-A4T4
ELF3	CIS-BP2.00|000227|M03002_2.00	1e-09	0.0	1540.0	3585.0	10423.3	27598.0	0.3113907355438624	TRUE	patient	TCGA-MP-A4T4	TCGA-MP-A4T4
FOXA1	CIS-BP2.00|000890|M07960_2.00	0.001	0.007	1931.0	3585.0	14098.4	27598.0	0.16071387222923417	FALSE	patient	TCGA-MP-A4T4	TCGA-MP-A4T4
CEBPB	JASPAR2024|000235|MA0466.4	0.001	0.0091	274.0	3585.0	1735.1	27598.0	0.3047987438944894	FALSE	patient	TCGA-MP-A4T4	TCGA-MP-A4T4
ZNF444	CIS-BP2.00|000420|M04529_2.00	0.001	0.013	1368.0	3585.0	9843.0	27598.0	0.1546840346552382	FALSE	patient	TCGA-MP-A4T4	TCGA-MP-A4T4
CREB3L2	CIS-BP2.00|000117|M01812_2.00	0.01	0.0197	1884.0	3585.0	13824.5	27598.0	0.14204274538172626	FALSE	patient	TCGA-MP-A4T4	TCGA-MP-A4T4
CREB3L2	JASPAR2024|000025|MA0608.1	0.01	0.0219	1873.0	3585.0	13748.2	27598.0	0.14025400331149565	FALSE	patient	TCGA-MP-A4T4	TCGA-MP-A4T4
NFATC4	JASPAR2024|000506|MA1525.3	0.01	0.0502	2560.0	3585.0	19163.1	27598.0	0.13625784831415347	FALSE	patient	TCGA-MP-A4T4	TCGA-MP-A4T4
FOXA2	CIS-BP2.00|000889|M07959_2.00	0.1	0.0947	2189.0	3585.0	16344.3	27598.0	0.11041765929588339	FALSE	patient	TCGA-MP-A4T4	TCGA-MP-A4T4
ELF3	JASPAR2024|000276|MA0640.3	0.1	0.0965	3578.0	3585.0	27490.9	27598.0	0.9010901788375335	FALSE	patient	TCGA-MP-A4T4	TCGA-MP-A4T4
ETV1	JASPAR2024|000311|MA0761.3	0.1	0.1078	3569.0	3585.0	27400.4	27598.0	0.6452615775297802	FALSE	patient	TCGA-MP-A4T4	TCGA-MP-A4T4
FOXD2	JASPAR2024|000361|MA0847.4	0.1	0.1291	1360.0	3585.0	10007.3	27598.0	0.103736493250383	FALSE	patient	TCGA-MP-A4T4	TCGA-MP-A4T4
CEBPB	CIS-BP2.00|000866|M07830_2.00	0.1	0.1297	1635.0	3585.0	12112.4	27598.0	0.10031731638473847	FALSE	patient	TCGA-MP-A4T4	TCGA-MP-A4T4
ZNF33A	CIS-BP2.00|000762|M07695_2.00	0.1	0.2962	3287.0	3585.0	25111.2	27598.0	0.12548078952398553	FALSE	patient	TCGA-MP-A4T4	TCGA-MP-A4T4
NR3C2	JASPAR2024|000539|MA0727.2	0.1	0.3115	265.0	3585.0	1866.5	27598.0	0.14015302870007407	FALSE	patient	TCGA-MP-A4T4	TCGA-MP-A4T4
XBP1	JASPAR2024|000675|MA0844.2	1.0	0.38	1662.0	3585.0	12502.2	27598.0	0.06157582578976076	FALSE	patient	TCGA-MP-A4T4	TCGA-MP-A4T4
ZBTB18	JASPAR2024|000681|MA0698.2	1.0	0.411	2074.0	3585.0	15695.0	27598.0	0.057817522932991965	FALSE	patient	TCGA-MP-A4T4	TCGA-MP-A4T4
FOXA3	JASPAR2024|000358|MA1683.2	1.0	0.4142	3190.0	3585.0	24386.5	27598.0	0.08746443822174686	FALSE	patient	TCGA-MP-A4T4	TCGA-MP-A4T4
ZNF75D	JASPAR2024|000169|MA1601.2	1.0	0.4249	2525.0	3585.0	19196.0	27598.0	0.05987166785709933	FALSE	patient	TCGA-MP-A4T4	TCGA-MP-A4T4
ZNF75D	CIS-BP2.00|000750|M07683_2.00	1.0	0.5262	2254.0	3585.0	17144.9	27598.0	0.045933380576497373	FALSE	patient	TCGA-MP-A4T4	TCGA-MP-A4T4
CEBPA	CIS-BP2.00|000926|M08076_2.00	1.0	0.5602	1349.0	3585.0	10199.0	27598.0	0.04172963706832275	FALSE	patient	TCGA-MP-A4T4	TCGA-MP-A4T4
ZNF341	JASPAR2024|000712|MA1655.2	1.0	0.5889	3583.0	3585.0	27577.7	27598.0	0.11249649125191229	FALSE	patient	TCGA-MP-A4T4	TCGA-MP-A4T4
ETV1	CIS-BP2.00|000457|M04708_2.00	1.0	0.7283	3578.0	3585.0	27538.6	27598.0	0.053538975254500756	FALSE	patient	TCGA-MP-A4T4	TCGA-MP-A4T4
CEBPA	JASPAR2024|000234|MA0102.5	1.0	0.7764	2592.0	3585.0	19888.7	27598.0	0.0165322091677799	FALSE	patient	TCGA-MP-A4T4	TCGA-MP-A4T4
FOXA1	JASPAR2024|000356|MA0148.5	1.0	0.8535	2877.0	3585.0	22129.8	27598.0	0.0052229880783486084	FALSE	patient	TCGA-MP-A4T4	TCGA-MP-A4T4
FOXA2	JASPAR2024|000357|MA0047.4	1.0	0.8577	2794.0	3585.0	21491.1	27598.0	0.004786269163269798	FALSE	patient	TCGA-MP-A4T4	TCGA-MP-A4T4
HNF4A	JASPAR2024|000410|MA0114.5	1.0	0.8601	3444.0	3585.0	26508.4	27598.0	0.0014762051505368809	FALSE	patient	TCGA-MP-A4T4	TCGA-MP-A4T4
ZNF341	CIS-BP2.00|001017|M08310_2.00	1.0	0.9134	3579.0	3585.0	27556.0	27598.0	-0.23561145761301738	FALSE	patient	TCGA-MP-A4T4	TCGA-MP-A4T4
ZNF141	CIS-BP2.00|000653|M07586_2.00	1.0	0.9471	2574.0	3585.0	19841.8	27598.0	-0.007268403889482187	FALSE	patient	TCGA-MP-A4T4	TCGA-MP-A4T4
ZNF281	JASPAR2024|000706|MA1630.3	1.0	0.9525	2940.0	3585.0	22659.3	27598.0	-0.010213344661935337	FALSE	patient	TCGA-MP-A4T4	TCGA-MP-A4T4
FOXD2	CIS-BP2.00|000235|M03042_2.00	1.0	0.99	1297.0	3585.0	10050.3	27598.0	-0.014655037366317594	FALSE	patient	TCGA-MP-A4T4	TCGA-MP-A4T4
ZNF540	CIS-BP2.00|000701|M07634_2.00	1.0	0.9935	761.0	3585.0	5916.1	27598.0	-0.017395371143282982	FALSE	patient	TCGA-MP-A4T4	TCGA-MP-A4T4
ZNF281	CIS-BP2.00|001020|M08321_2.00	1.0	1.0	2927.0	3585.0	22623.3	27598.0	-0.03260101900872239	FALSE	patient	TCGA-MP-A4T4	TCGA-MP-A4T4
XBP1	CIS-BP2.00|000375|M04231_2.00	1.0	1.0	3267.0	3585.0	25234.4	27598.0	-0.05723544411217731	FALSE	patient	TCGA-MP-A4T4	TCGA-MP-A4T4
ZNF33B	CIS-BP2.00|000777|M07710_2.00	1.0	1.0	1213.0	3585.0	9488.9	27598.0	-0.03486807385903895	FALSE	patient	TCGA-MP-A4T4	TCGA-MP-A4T4
ZNF19	CIS-BP2.00|000670|M07603_2.00	1.0	1.0	3563.0	3585.0	27459.6	27598.0	-0.3199203570372039	FALSE	patient	TCGA-MP-A4T4	TCGA-MP-A4T4
ZBTB18	CIS-BP2.00|000988|M08257_2.00	1.0	1.0	3125.0	3585.0	24217.8	27598.0	-0.07788975405113945	FALSE	patient	TCGA-MP-A4T4	TCGA-MP-A4T4
NFATC4	CIS-BP2.00|000101|M01306_2.00	1.0	1.0	3584.0	3585.0	27599.2	27598.0	-4.529771288862069	FALSE	patient	TCGA-MP-A4T4	TCGA-MP-A4T4
NR3C2	CIS-BP2.00|000154|M02395_2.00	1.0	1.0	3584.0	3585.0	27599.2	27598.0	-4.529771288862069	FALSE	patient	TCGA-MP-A4T4	TCGA-MP-A4T4
HNF4A	JASPAR2024|000409|MA1494.2	1.0	1.0	381.0	3585.0	3127.2	27598.0	-0.10242760851617225	FALSE	patient	TCGA-MP-A4T4	TCGA-MP-A4T4
NKX2-1	JASPAR2024|000822|MA1994.2	1.0	1.0	3395.0	3585.0	26281.0	27598.0	-0.16241162245181823	FALSE	patient	TCGA-MP-A4T4	TCGA-MP-A4T4
HNF4A	CIS-BP2.00|000974|M08219_2.00	1.0	1.0	3261.0	3585.0	25295.1	27598.0	-0.1278043432985318	FALSE	patient	TCGA-MP-A4T4	TCGA-MP-A4T4
GATA6	JASPAR2024|000382|MA1104.3	1.0	1.0	2910.0	3585.0	22683.6	27598.0	-0.09920810996643965	FALSE	patient	TCGA-MP-A4T4	TCGA-MP-A4T4
E2F5	CIS-BP2.00|000940|M08109_2.00	1.0	1.0	3046.0	3585.0	23749.0	27598.0	-0.12769628930702953	FALSE	patient	TCGA-MP-A4T4	TCGA-MP-A4T4
ETV1	JASPAR2024|000652|MA1966.2	1.0	1.0	3445.0	3585.0	26690.6	27598.0	-0.26161022964767816	FALSE	patient	TCGA-MP-A4T4	TCGA-MP-A4T4
GATA6	CIS-BP2.00|000947|M08124_2.00	1.0	1.0	2606.0	3585.0	20584.2	27598.0	-0.14120491998733326	FALSE	patient	TCGA-MP-A4T4	TCGA-MP-A4T4
ZNF254	CIS-BP2.00|000827|M07760_2.00	1.0	1.0	500.0	3585.0	4550.6	27598.0	-0.2837142060236465	FALSE	patient	TCGA-MP-A4T4	TCGA-MP-A4T4
FOXA3	CIS-BP2.00|000469|M04831_2.00	1e-16	0.0	208.0	3585.0	858.7	27585.0	0.9413128297139121	TRUE	patient	TCGA-MP-A4T7	TCGA-MP-A4T7
CEBPB	JASPAR2024|000235|MA0466.4	1e-09	0.0	317.0	3585.0	1714.9	27585.0	0.5508963828054635	TRUE	patient	TCGA-MP-A4T7	TCGA-MP-A4T7
ELF3	CIS-BP2.00|000227|M03002_2.00	1e-09	0.0	1534.0	3585.0	10446.4	27585.0	0.2953059426255601	TRUE	patient	TCGA-MP-A4T7	TCGA-MP-A4T7
ZNF444	CIS-BP2.00|000420|M04529_2.00	1e-06	0.0	1428.0	3585.0	9866.8	27585.0	0.24968595823607542	TRUE	patient	TCGA-MP-A4T7	TCGA-MP-A4T7
ELF3	JASPAR2024|000276|MA0640.3	0.0001	0.001	3582.0	3585.0	27470.8	27585.0	2.0954800852620328	FALSE	patient	TCGA-MP-A4T7	TCGA-MP-A4T7
XBP1	JASPAR2024|000675|MA0844.2	0.001	0.0039	1716.0	3585.0	12405.3	27585.0	0.16799341275319607	FALSE	patient	TCGA-MP-A4T7	TCGA-MP-A4T7
FOXD2	JASPAR2024|000361|MA0847.4	0.01	0.0161	1386.0	3585.0	10003.5	27585.0	0.14779424277238742	FALSE	patient	TCGA-MP-A4T7	TCGA-MP-A4T7
CEBPB	CIS-BP2.00|000866|M07830_2.00	0.01	0.0315	1652.0	3585.0	12090.7	27585.0	0.13126220767081723	FALSE	patient	TCGA-MP-A4T7	TCGA-MP-A4T7
ZNF75D	CIS-BP2.00|000750|M07683_2.00	0.01	0.0472	2300.0	3585.0	17136.0	27585.0	0.1259792784232219	FALSE	patient	TCGA-MP-A4T7	TCGA-MP-A4T7
ZNF75D	JASPAR2024|000169|MA1601.2	0.1	0.0729	2557.0	3585.0	19187.1	27585.0	0.12220458448669033	FALSE	patient	TCGA-MP-A4T7	TCGA-MP-A4T7
CREB3L2	CIS-BP2.00|000117|M01812_2.00	0.1	0.0813	1857.0	3585.0	13768.7	27585.0	0.10882039003177367	FALSE	patient	TCGA-MP-A4T7	TCGA-MP-A4T7
ETV1	JASPAR2024|000311|MA0761.3	0.1	0.0836	3569.0	3585.0	27381.1	27585.0	0.6914444231427105	FALSE	patient	TCGA-MP-A4T7	TCGA-MP-A4T7
CREB3L2	JASPAR2024|000025|MA0608.1	0.1	0.0963	1844.0	3585.0	13691.4	27585.0	0.10404904144920367	FALSE	patient	TCGA-MP-A4T7	TCGA-MP-A4T7
NFATC4	JASPAR2024|000506|MA1525.3	0.1	0.137	2543.0	3585.0	19156.6	27585.0	0.10230479994257577	FALSE	patient	TCGA-MP-A4T7	TCGA-MP-A4T7
ZNF19	CIS-BP2.00|000670|M07603_2.00	0.1	0.1473	3574.0	3585.0	27444.7	27585.0	0.6732010724264498	FALSE	patient	TCGA-MP-A4T7	TCGA-MP-A4T7
XBP1	CIS-BP2.00|000375|M04231_2.00	0.1	0.2325	3296.0	3585.0	25158.0	27585.0	0.13579712036712013	FALSE	patient	TCGA-MP-A4T7	TCGA-MP-A4T7
CEBPA	CIS-BP2.00|000926|M08076_2.00	0.1	0.3196	1364.0	3585.0	10202.8	27585.0	0.06545461110844024	FALSE	patient	TCGA-MP-A4T7	TCGA-MP-A4T7
ETV1	JASPAR2024|000652|MA1966.2	1.0	0.3433	3480.0	3585.0	26678.5	27585.0	0.1655214404065004	FALSE	patient	TCGA-MP-A4T7	TCGA-MP-A4T7
FOXA1	CIS-BP2.00|000890|M07960_2.00	1.0	0.3612	1869.0	3585.0	14106.5	27585.0	0.057484865120565776	FALSE	patient	TCGA-MP-A4T7	TCGA-MP-A4T7
FOXD2	CIS-BP2.00|000235|M03042_2.00	1.0	0.3897	1331.0	3585.0	9993.5	27585.0	0.05603030469217363	FALSE	patient	TCGA-MP-A4T7	TCGA-MP-A4T7
ZNF141	CIS-BP2.00|000653|M07586_2.00	1.0	0.3993	2606.0	3585.0	19829.9	27585.0	0.05759298635591037	FALSE	patient	TCGA-MP-A4T7	TCGA-MP-A4T7
ZNF33A	CIS-BP2.00|000762|M07695_2.00	1.0	0.4787	3273.0	3585.0	25066.5	27585.0	0.07403956539518185	FALSE	patient	TCGA-MP-A4T7	TCGA-MP-A4T7
ZNF341	JASPAR2024|000712|MA1655.2	1.0	0.5869	3583.0	3585.0	27563.8	27585.0	0.1743353378850206	FALSE	patient	TCGA-MP-A4T7	TCGA-MP-A4T7
ZNF33B	CIS-BP2.00|000777|M07710_2.00	1.0	0.5877	1252.0	3585.0	9497.3	27585.0	0.031698703123568886	FALSE	patient	TCGA-MP-A4T7	TCGA-MP-A4T7
FOXA2	CIS-BP2.00|000889|M07959_2.00	1.0	0.6521	2136.0	3585.0	16332.9	27585.0	0.022127232347134047	FALSE	patient	TCGA-MP-A4T7	TCGA-MP-A4T7
NR3C2	JASPAR2024|000539|MA0727.2	1.0	0.6839	246.0	3585.0	1846.2	27585.0	0.04097883453181243	FALSE	patient	TCGA-MP-A4T7	TCGA-MP-A4T7
ZBTB18	JASPAR2024|000681|MA0698.2	1.0	0.7078	2058.0	3585.0	15760.5	27585.0	0.01590217872616521	FALSE	patient	TCGA-MP-A4T7	TCGA-MP-A4T7
FOXA3	JASPAR2024|000358|MA1683.2	1.0	0.7275	3174.0	3585.0	24381.1	27585.0	0.019898392110252062	FALSE	patient	TCGA-MP-A4T7	TCGA-MP-A4T7
FOXA1	JASPAR2024|000356|MA0148.5	1.0	0.756	2878.0	3585.0	22106.4	27585.0	0.012029265557388926	FALSE	patient	TCGA-MP-A4T7	TCGA-MP-A4T7
FOXA2	JASPAR2024|000357|MA0047.4	1.0	0.765	2797.0	3585.0	21486.4	27585.0	0.010166392049338611	FALSE	patient	TCGA-MP-A4T7	TCGA-MP-A4T7
ZNF281	JASPAR2024|000706|MA1630.3	1.0	0.7674	2947.0	3585.0	22644.4	27585.0	0.01045127875638997	FALSE	patient	TCGA-MP-A4T7	TCGA-MP-A4T7
CEBPA	JASPAR2024|000234|MA0102.5	1.0	0.812	2583.0	3585.0	19860.4	27585.0	0.0034191604410286148	FALSE	patient	TCGA-MP-A4T7	TCGA-MP-A4T7
NKX2-1	JASPAR2024|000822|MA1994.2	1.0	0.8558	3411.0	3585.0	26252.2	27585.0	-0.010285195321758334	FALSE	patient	TCGA-MP-A4T7	TCGA-MP-A4T7
ZNF281	CIS-BP2.00|001020|M08321_2.00	1.0	0.9344	2932.0	3585.0	22620.9	27585.0	-0.022066861938080665	FALSE	patient	TCGA-MP-A4T7	TCGA-MP-A4T7
E2F5	CIS-BP2.00|000940|M08109_2.00	1.0	0.9488	3079.0	3585.0	23753.6	27585.0	-0.0279827755654265	FALSE	patient	TCGA-MP-A4T7	TCGA-MP-A4T7
ETV1	CIS-BP2.00|000457|M04708_2.00	1.0	0.9768	3575.0	3585.0	27520.6	27585.0	-0.31649207599234297	FALSE	patient	TCGA-MP-A4T7	TCGA-MP-A4T7
ZBTB18	CIS-BP2.00|000988|M08257_2.00	1.0	0.9903	3145.0	3585.0	24286.0	27585.0	-0.04375983310368131	FALSE	patient	TCGA-MP-A4T7	TCGA-MP-A4T7
HNF4A	JASPAR2024|000409|MA1494.2	1.0	1.0	393.0	3585.0	3119.1	27585.0	-0.04888220245759139	FALSE	patient	TCGA-MP-A4T7	TCGA-MP-A4T7
ZNF540	CIS-BP2.00|000701|M07634_2.00	1.0	1.0	744.0	3585.0	5867.1	27585.0	-0.04423356767102856	FALSE	patient	TCGA-MP-A4T7	TCGA-MP-A4T7
NFATC4	CIS-BP2.00|000101|M01306_2.00	1.0	1.0	3584.0	3585.0	27583.5	27585.0	-2.528950382951335	FALSE	patient	TCGA-MP-A4T7	TCGA-MP-A4T7
NR3C2	CIS-BP2.00|000154|M02395_2.00	1.0	1.0	3584.0	3585.0	27583.5	27585.0	-2.528950382951335	FALSE	patient	TCGA-MP-A4T7	TCGA-MP-A4T7
ZNF341	CIS-BP2.00|001017|M08310_2.00	1.0	1.0	3576.0	3585.0	27541.8	27585.0	-0.7433948331480528	FALSE	patient	TCGA-MP-A4T7	TCGA-MP-A4T7
GATA6	JASPAR2024|000382|MA1104.3	1.0	1.0	2913.0	3585.0	22737.6	27585.0	-0.11453272443320098	FALSE	patient	TCGA-MP-A4T7	TCGA-MP-A4T7
HNF4A	CIS-BP2.00|000974|M08219_2.00	1.0	1.0	3256.0	3585.0	25294.2	27585.0	-0.15962500403700675	FALSE	patient	TCGA-MP-A4T7	TCGA-MP-A4T7
HNF4A	JASPAR2024|000410|MA0114.5	1.0	1.0	3416.0	3585.0	26484.1	27585.0	-0.2545813525561597	FALSE	patient	TCGA-MP-A4T7	TCGA-MP-A4T7
GATA6	CIS-BP2.00|000947|M08124_2.00	1.0	1.0	2625.0	3585.0	20662.3	27585.0	-0.12679015828820336	FALSE	patient	TCGA-MP-A4T7	TCGA-MP-A4T7
ZNF254	CIS-BP2.00|000827|M07760_2.00	1.0	1.0	524.0	3585.0	4569.2	27585.0	-0.2127394352589297	FALSE	patient	TCGA-MP-A4T7	TCGA-MP-A4T7
FOXA3	CIS-BP2.00|000469|M04831_2.00	1e-15	0.0	205.0	3583.0	857.2	27514.0	0.9187411766118962	TRUE	patient	TCGA-MP-A4TE	TCGA-MP-A4TE
ELF3	CIS-BP2.00|000227|M03002_2.00	1e-13	0.0	1572.0	3583.0	10355.5	27514.0	0.3732868860404586	TRUE	patient	TCGA-MP-A4TE	TCGA-MP-A4TE
CEBPB	JASPAR2024|000235|MA0466.4	1e-10	0.0	326.0	3583.0	1720.1	27514.0	0.5874639586469168	TRUE	patient	TCGA-MP-A4TE	TCGA-MP-A4TE
CEBPB	CIS-BP2.00|000866|M07830_2.00	0.001	0.002	1685.0	3583.0	12091.2	27514.0	0.17941101788055705	FALSE	patient	TCGA-MP-A4TE	TCGA-MP-A4TE
ZNF444	CIS-BP2.00|000420|M04529_2.00	0.01	0.0127	1354.0	3583.0	9715.7	27514.0	0.1543560793763368	FALSE	patient	TCGA-MP-A4TE	TCGA-MP-A4TE
FOXD2	JASPAR2024|000361|MA0847.4	0.01	0.0243	1390.0	3583.0	10044.7	27514.0	0.14072584180549216	FALSE	patient	TCGA-MP-A4TE	TCGA-MP-A4TE
NFATC4	JASPAR2024|000506|MA1525.3	0.01	0.039	2558.0	3583.0	19088.5	27514.0	0.1391490351195763	FALSE	patient	TCGA-MP-A4TE	TCGA-MP-A4TE
ZNF75D	JASPAR2024|000169|MA1601.2	0.01	0.0481	2556.0	3583.0	19093.0	27514.0	0.13409917462899842	FALSE	patient	TCGA-MP-A4TE	TCGA-MP-A4TE
FOXA1	CIS-BP2.00|000890|M07960_2.00	0.01	0.0554	1913.0	3583.0	14124.4	27514.0	0.1188599996555622	FALSE	patient	TCGA-MP-A4TE	TCGA-MP-A4TE
ZNF75D	CIS-BP2.00|000750|M07683_2.00	0.1	0.0752	2287.0	3583.0	17049.0	27514.0	0.11506134582480017	FALSE	patient	TCGA-MP-A4TE	TCGA-MP-A4TE
XBP1	JASPAR2024|000675|MA0844.2	0.1	0.0956	1683.0	3583.0	12427.9	27514.0	0.10471182516686771	FALSE	patient	TCGA-MP-A4TE	TCGA-MP-A4TE
CEBPA	JASPAR2024|000234|MA0102.5	0.1	0.161	2633.0	3583.0	19840.5	27514.0	0.09978885718255576	FALSE	patient	TCGA-MP-A4TE	TCGA-MP-A4TE
XBP1	CIS-BP2.00|000375|M04231_2.00	0.1	0.1658	3306.0	3583.0	25152.9	27514.0	0.16182833346631015	FALSE	patient	TCGA-MP-A4TE	TCGA-MP-A4TE
CEBPA	CIS-BP2.00|000926|M08076_2.00	0.1	0.1979	1379.0	3583.0	10209.8	27514.0	0.08483265417893915	FALSE	patient	TCGA-MP-A4TE	TCGA-MP-A4TE
FOXA2	CIS-BP2.00|000889|M07959_2.00	0.1	0.253	2177.0	3583.0	16370.6	27514.0	0.07566612120834439	FALSE	patient	TCGA-MP-A4TE	TCGA-MP-A4TE
CREB3L2	JASPAR2024|000025|MA0608.1	0.1	0.2753	1830.0	3583.0	13716.8	27514.0	0.07043159956034235	FALSE	patient	TCGA-MP-A4TE	TCGA-MP-A4TE
CREB3L2	CIS-BP2.00|000117|M01812_2.00	0.1	0.2933	1838.0	3583.0	13790.8	27514.0	0.06779985864819499	FALSE	patient	TCGA-MP-A4TE	TCGA-MP-A4TE
FOXA2	JASPAR2024|000357|MA0047.4	0.1	0.3254	2827.0	3583.0	21457.5	27514.0	0.07727473767238155	FALSE	patient	TCGA-MP-A4TE	TCGA-MP-A4TE
ZNF19	CIS-BP2.00|000670|M07603_2.00	1.0	0.3353	3571.0	3583.0	27375.4	27514.0	0.537818051318201	FALSE	patient	TCGA-MP-A4TE	TCGA-MP-A4TE
ETV1	JASPAR2024|000652|MA1966.2	1.0	0.4349	3479.0	3583.0	26629.2	27514.0	0.1465792159184609	FALSE	patient	TCGA-MP-A4TE	TCGA-MP-A4TE
ELF3	JASPAR2024|000276|MA0640.3	1.0	0.4372	3573.0	3583.0	27402.7	27514.0	0.4735242752834918	FALSE	patient	TCGA-MP-A4TE	TCGA-MP-A4TE
FOXA3	JASPAR2024|000358|MA1683.2	1.0	0.4495	3189.0	3583.0	24342.1	27514.0	0.0753963980305939	FALSE	patient	TCGA-MP-A4TE	TCGA-MP-A4TE
NR3C2	JASPAR2024|000539|MA0727.2	1.0	0.4986	255.0	3583.0	1856.5	27514.0	0.0848860266762522	FALSE	patient	TCGA-MP-A4TE	TCGA-MP-A4TE
ZNF33A	CIS-BP2.00|000762|M07695_2.00	1.0	0.5089	3277.0	3583.0	25050.7	27514.0	0.07271414303595346	FALSE	patient	TCGA-MP-A4TE	TCGA-MP-A4TE
FOXD2	CIS-BP2.00|000235|M03042_2.00	1.0	0.5261	1328.0	3583.0	10019.0	27514.0	0.040524321432133394	FALSE	patient	TCGA-MP-A4TE	TCGA-MP-A4TE
ETV1	CIS-BP2.00|000457|M04708_2.00	1.0	0.6161	3578.0	3583.0	27457.2	27514.0	0.44124771710608585	FALSE	patient	TCGA-MP-A4TE	TCGA-MP-A4TE
ZNF540	CIS-BP2.00|000701|M07634_2.00	1.0	0.6222	781.0	3583.0	5892.7	27514.0	0.0329669032706247	FALSE	patient	TCGA-MP-A4TE	TCGA-MP-A4TE
FOXA1	JASPAR2024|000356|MA0148.5	1.0	0.6648	2889.0	3583.0	22098.2	27514.0	0.028191322645562185	FALSE	patient	TCGA-MP-A4TE	TCGA-MP-A4TE
ETV1	JASPAR2024|000311|MA0761.3	1.0	0.7536	3559.0	3583.0	27314.4	27514.0	0.08992587793776476	FALSE	patient	TCGA-MP-A4TE	TCGA-MP-A4TE
HNF4A	CIS-BP2.00|000974|M08219_2.00	1.0	0.7924	3285.0	3583.0	25202.2	27514.0	0.014132297328256379	FALSE	patient	TCGA-MP-A4TE	TCGA-MP-A4TE
ZNF341	CIS-BP2.00|001017|M08310_2.00	1.0	0.8468	3579.0	3583.0	27478.0	27514.0	0.0794262899696331	FALSE	patient	TCGA-MP-A4TE	TCGA-MP-A4TE
ZBTB18	JASPAR2024|000681|MA0698.2	1.0	0.9009	2055.0	3583.0	15838.9	27514.0	-0.012648176350448159	FALSE	patient	TCGA-MP-A4TE	TCGA-MP-A4TE
ZNF141	CIS-BP2.00|000653|M07586_2.00	1.0	0.9092	2569.0	3583.0	19786.8	27514.0	-0.015744988400385386	FALSE	patient	TCGA-MP-A4TE	TCGA-MP-A4TE
ZBTB18	CIS-BP2.00|000988|M08257_2.00	1.0	0.9145	3153.0	3583.0	24255.8	27514.0	-0.023122264404373358	FALSE	patient	TCGA-MP-A4TE	TCGA-MP-A4TE
NKX2-1	JASPAR2024|000822|MA1994.2	1.0	0.9856	3404.0	3583.0	26195.4	27514.0	-0.06632800131605307	FALSE	patient	TCGA-MP-A4TE	TCGA-MP-A4TE
GATA6	JASPAR2024|000382|MA1104.3	1.0	1.0	2922.0	3583.0	22597.9	27514.0	-0.05709777652840527	FALSE	patient	TCGA-MP-A4TE	TCGA-MP-A4TE
E2F5	CIS-BP2.00|000940|M08109_2.00	1.0	1.0	3063.0	3583.0	23670.1	27514.0	-0.06505513537972821	FALSE	patient	TCGA-MP-A4TE	TCGA-MP-A4TE
ZNF33B	CIS-BP2.00|000777|M07710_2.00	1.0	1.0	1196.0	3583.0	9421.8	27514.0	-0.05542378909866595	FALSE	patient	TCGA-MP-A4TE	TCGA-MP-A4TE
ZNF341	JASPAR2024|000712|MA1655.2	1.0	1.0	3580.0	3583.0	27500.8	27514.0	-0.9725177788854303	FALSE	patient	TCGA-MP-A4TE	TCGA-MP-A4TE
NFATC4	CIS-BP2.00|000101|M01306_2.00	1.0	1.0	3584.0	3583.0	27520.7	27514.0	-2.9406995795730277	FALSE	patient	TCGA-MP-A4TE	TCGA-MP-A4TE
NR3C2	CIS-BP2.00|000154|M02395_2.00	1.0	1.0	3584.0	3583.0	27520.7	27514.0	-2.9406995795730277	FALSE	patient	TCGA-MP-A4TE	TCGA-MP-A4TE
GATA6	CIS-BP2.00|000947|M08124_2.00	1.0	1.0	2638.0	3583.0	20509.5	27514.0	-0.06930191580567813	FALSE	patient	TCGA-MP-A4TE	TCGA-MP-A4TE
HNF4A	JASPAR2024|000409|MA1494.2	1.0	1.0	380.0	3583.0	3102.3	27514.0	-0.0977209284994706	FALSE	patient	TCGA-MP-A4TE	TCGA-MP-A4TE
HNF4A	JASPAR2024|000410|MA0114.5	1.0	1.0	3427.0	3583.0	26440.9	27514.0	-0.16934798013743155	FALSE	patient	TCGA-MP-A4TE	TCGA-MP-A4TE
ZNF281	JASPAR2024|000706|MA1630.3	1.0	1.0	2895.0	3583.0	22561.3	27514.0	-0.11516545412568892	FALSE	patient	TCGA-MP-A4TE	TCGA-MP-A4TE
ZNF281	CIS-BP2.00|001020|M08321_2.00	1.0	1.0	2885.0	3583.0	22533.3	27514.0	-0.1310360706268701	FALSE	patient	TCGA-MP-A4TE	TCGA-MP-A4TE
ZNF254	CIS-BP2.00|000827|M07760_2.00	1.0	1.0	490.0	3583.0	4545.1	27514.0	-0.31974446260021266	FALSE	patient	TCGA-MP-A4TE	TCGA-MP-A4TE
ELF3	CIS-BP2.00|000227|M03002_2.00	1e-14	0.0	1589.0	3585.0	10477.0	27584.0	0.3784343704076023	TRUE	patient	TCGA-MP-A4TF	TCGA-MP-A4TF
FOXA3	CIS-BP2.00|000469|M04831_2.00	1e-11	0.0	190.0	3585.0	847.8	27584.0	0.8223419089120123	TRUE	patient	TCGA-MP-A4TF	TCGA-MP-A4TF
ZNF444	CIS-BP2.00|000420|M04529_2.00	1e-06	0.0	1435.0	3585.0	9925.9	27584.0	0.24790967118075138	TRUE	patient	TCGA-MP-A4TF	TCGA-MP-A4TF
XBP1	JASPAR2024|000675|MA0844.2	0.0001	0.0003	1740.0	3585.0	12432.6	27584.0	0.20080273608356675	FALSE	patient	TCGA-MP-A4TF	TCGA-MP-A4TF
NFATC4	JASPAR2024|000506|MA1525.3	0.001	0.0042	2591.0	3585.0	19217.4	27584.0	0.18209300339999868	FALSE	patient	TCGA-MP-A4TF	TCGA-MP-A4TF
XBP1	CIS-BP2.00|000375|M04231_2.00	0.001	0.0057	3325.0	3585.0	25160.3	27584.0	0.29861883242314063	FALSE	patient	TCGA-MP-A4TF	TCGA-MP-A4TF
CREB3L2	CIS-BP2.00|000117|M01812_2.00	0.001	0.0062	1894.0	3585.0	13818.0	27584.0	0.1580747580028353	FALSE	patient	TCGA-MP-A4TF	TCGA-MP-A4TF
CREB3L2	JASPAR2024|000025|MA0608.1	0.001	0.0093	1880.0	3585.0	13741.1	27584.0	0.15156987637879155	FALSE	patient	TCGA-MP-A4TF	TCGA-MP-A4TF
CEBPB	CIS-BP2.00|000866|M07830_2.00	0.01	0.0106	1658.0	3585.0	12047.1	27584.0	0.15014748190225982	FALSE	patient	TCGA-MP-A4TF	TCGA-MP-A4TF
CEBPB	JASPAR2024|000235|MA0466.4	0.01	0.0182	263.0	3585.0	1693.9	27584.0	0.2771876671845418	FALSE	patient	TCGA-MP-A4TF	TCGA-MP-A4TF
ELF3	JASPAR2024|000276|MA0640.3	0.01	0.0325	3579.0	3585.0	27462.4	27584.0	1.2918256789630316	FALSE	patient	TCGA-MP-A4TF	TCGA-MP-A4TF
CEBPA	CIS-BP2.00|000926|M08076_2.00	0.1	0.0989	1380.0	3585.0	10141.1	27584.0	0.1064811209812593	FALSE	patient	TCGA-MP-A4TF	TCGA-MP-A4TF
ETV1	JASPAR2024|000311|MA0761.3	0.1	0.1156	3569.0	3585.0	27380.1	27584.0	0.6914971125905796	FALSE	patient	TCGA-MP-A4TF	TCGA-MP-A4TF
ZNF281	JASPAR2024|000706|MA1630.3	0.1	0.246	2980.0	3585.0	22654.1	27584.0	0.09932809141693225	FALSE	patient	TCGA-MP-A4TF	TCGA-MP-A4TF
FOXA1	CIS-BP2.00|000890|M07960_2.00	0.1	0.2839	1879.0	3585.0	14124.6	27584.0	0.06971511120257431	FALSE	patient	TCGA-MP-A4TF	TCGA-MP-A4TF
ZNF75D	CIS-BP2.00|000750|M07683_2.00	0.1	0.2939	2285.0	3585.0	17264.2	27584.0	0.0711030631982739	FALSE	patient	TCGA-MP-A4TF	TCGA-MP-A4TF
ZNF75D	JASPAR2024|000169|MA1601.2	0.1	0.3233	2543.0	3585.0	19286.6	27584.0	0.06994964999837314	FALSE	patient	TCGA-MP-A4TF	TCGA-MP-A4TF
CEBPA	JASPAR2024|000234|MA0102.5	0.1	0.3233	2611.0	3585.0	19815.5	27584.0	0.07127965617641323	FALSE	patient	TCGA-MP-A4TF	TCGA-MP-A4TF
NR3C2	JASPAR2024|000539|MA0727.2	1.0	0.3492	263.0	3585.0	1876.1	27584.0	0.11965241667744249	FALSE	patient	TCGA-MP-A4TF	TCGA-MP-A4TF
ZNF141	CIS-BP2.00|000653|M07586_2.00	1.0	0.3853	2611.0	3585.0	19848.2	27584.0	0.06281573881479464	FALSE	patient	TCGA-MP-A4TF	TCGA-MP-A4TF
FOXD2	JASPAR2024|000361|MA0847.4	1.0	0.5523	1322.0	3585.0	10003.1	27584.0	0.0382430952999533	FALSE	patient	TCGA-MP-A4TF	TCGA-MP-A4TF
ZBTB18	JASPAR2024|000681|MA0698.2	1.0	0.6034	2060.0	3585.0	15707.4	27584.0	0.03040458519027224	FALSE	patient	TCGA-MP-A4TF	TCGA-MP-A4TF
FOXD2	CIS-BP2.00|000235|M03042_2.00	1.0	0.6684	1308.0	3585.0	9958.8	27584.0	0.02402717564569123	FALSE	patient	TCGA-MP-A4TF	TCGA-MP-A4TF
FOXA2	CIS-BP2.00|000889|M07959_2.00	1.0	0.6937	2140.0	3585.0	16370.1	27584.0	0.02062446211880108	FALSE	patient	TCGA-MP-A4TF	TCGA-MP-A4TF
ZNF281	CIS-BP2.00|001020|M08321_2.00	1.0	0.728	2949.0	3585.0	22629.4	27584.0	0.02099385865523538	FALSE	patient	TCGA-MP-A4TF	TCGA-MP-A4TF
GATA6	JASPAR2024|000382|MA1104.3	1.0	0.7585	2954.0	3585.0	22679.8	27584.0	0.016856436994792896	FALSE	patient	TCGA-MP-A4TF	TCGA-MP-A4TF
FOXA1	JASPAR2024|000356|MA0148.5	1.0	0.8606	2878.0	3585.0	22137.6	27584.0	0.0014910369078621033	FALSE	patient	TCGA-MP-A4TF	TCGA-MP-A4TF
HNF4A	JASPAR2024|000409|MA1494.2	1.0	0.8606	406.0	3585.0	3121.9	27584.0	0.0023778239973064282	FALSE	patient	TCGA-MP-A4TF	TCGA-MP-A4TF
ZNF19	CIS-BP2.00|000670|M07603_2.00	1.0	0.8843	3566.0	3585.0	27432.5	27584.0	0.019193773144941466	FALSE	patient	TCGA-MP-A4TF	TCGA-MP-A4TF
ZBTB18	CIS-BP2.00|000988|M08257_2.00	1.0	0.8843	3145.0	3585.0	24203.0	27584.0	-0.003404989883338599	FALSE	patient	TCGA-MP-A4TF	TCGA-MP-A4TF
ZNF33A	CIS-BP2.00|000762|M07695_2.00	1.0	0.8989	3259.0	3585.0	25088.2	27584.0	-0.009678709676896597	FALSE	patient	TCGA-MP-A4TF	TCGA-MP-A4TF
FOXA2	JASPAR2024|000357|MA0047.4	1.0	0.9519	2788.0	3585.0	21508.4	27584.0	-0.01778337898170694	FALSE	patient	TCGA-MP-A4TF	TCGA-MP-A4TF
ZNF540	CIS-BP2.00|000701|M07634_2.00	1.0	0.9714	762.0	3585.0	5939.0	27584.0	-0.023021654240371645	FALSE	patient	TCGA-MP-A4TF	TCGA-MP-A4TF
ZNF341	CIS-BP2.00|001017|M08310_2.00	1.0	0.9872	3578.0	3585.0	27531.0	27584.0	-0.10907993893616208	FALSE	patient	TCGA-MP-A4TF	TCGA-MP-A4TF
FOXA3	JASPAR2024|000358|MA1683.2	1.0	0.997	3163.0	3585.0	24412.2	27584.0	-0.03953239776246878	FALSE	patient	TCGA-MP-A4TF	TCGA-MP-A4TF
GATA6	CIS-BP2.00|000947|M08124_2.00	1.0	1.0	2666.0	3585.0	20622.5	27584.0	-0.030654647428871872	FALSE	patient	TCGA-MP-A4TF	TCGA-MP-A4TF
E2F5	CIS-BP2.00|000940|M08109_2.00	1.0	1.0	3077.0	3585.0	23764.3	27584.0	-0.039667007564004056	FALSE	patient	TCGA-MP-A4TF	TCGA-MP-A4TF
ZNF341	JASPAR2024|000712|MA1655.2	1.0	1.0	3581.0	3585.0	27553.2	27584.0	-0.14544446379788015	FALSE	patient	TCGA-MP-A4TF	TCGA-MP-A4TF
NKX2-1	JASPAR2024|000822|MA1994.2	1.0	1.0	3406.0	3585.0	26269.0	27584.0	-0.07347113000438417	FALSE	patient	TCGA-MP-A4TF	TCGA-MP-A4TF
ZNF33B	CIS-BP2.00|000777|M07710_2.00	1.0	1.0	1211.0	3585.0	9483.3	27584.0	-0.038281152823585705	FALSE	patient	TCGA-MP-A4TF	TCGA-MP-A4TF
ETV1	CIS-BP2.00|000457|M04708_2.00	1.0	1.0	3574.0	3585.0	27511.5	27584.0	-0.2779850607923594	FALSE	patient	TCGA-MP-A4TF	TCGA-MP-A4TF
NFATC4	CIS-BP2.00|000101|M01306_2.00	1.0	1.0	3584.0	3585.0	27573.2	27584.0	-0.030160705462567827	FALSE	patient	TCGA-MP-A4TF	TCGA-MP-A4TF
NR3C2	CIS-BP2.00|000154|M02395_2.00	1.0	1.0	3584.0	3585.0	27573.2	27584.0	-0.030160705462567827	FALSE	patient	TCGA-MP-A4TF	TCGA-MP-A4TF
HNF4A	JASPAR2024|000410|MA0114.5	1.0	1.0	3429.0	3585.0	26498.5	27584.0	-0.15507821567326815	FALSE	patient	TCGA-MP-A4TF	TCGA-MP-A4TF
ZNF254	CIS-BP2.00|000827|M07760_2.00	1.0	1.0	532.0	3585.0	4508.0	27584.0	-0.16390541364156186	FALSE	patient	TCGA-MP-A4TF	TCGA-MP-A4TF
ETV1	JASPAR2024|000652|MA1966.2	1.0	1.0	3440.0	3585.0	26671.2	27584.0	-0.3045499532692577	FALSE	patient	TCGA-MP-A4TF	TCGA-MP-A4TF
HNF4A	CIS-BP2.00|000974|M08219_2.00	1.0	1.0	3242.0	3585.0	25275.1	27584.0	-0.2134307872591396	FALSE	patient	TCGA-MP-A4TF	TCGA-MP-A4TF
ELF3	CIS-BP2.00|000227|M03002_2.00	1e-16	0.0	1601.0	3585.0	10455.1	27582.0	0.4026785434973128	TRUE	patient	TCGA-NJ-A4YG	TCGA-NJ-A4YG
FOXA3	CIS-BP2.00|000469|M04831_2.00	1e-10	0.0	184.0	3585.0	850.2	27582.0	0.7693113378254058	TRUE	patient	TCGA-NJ-A4YG	TCGA-NJ-A4YG
XBP1	CIS-BP2.00|000375|M04231_2.00	1e-06	0.0	3351.0	3585.0	25148.3	27582.0	0.4681771574373655	TRUE	patient	TCGA-NJ-A4YG	TCGA-NJ-A4YG
FOXD2	JASPAR2024|000361|MA0847.4	0.001	0.0023	1402.0	3585.0	9987.2	27582.0	0.1783239590973652	FALSE	patient	TCGA-NJ-A4YG	TCGA-NJ-A4YG
FOXA2	CIS-BP2.00|000889|M07959_2.00	0.001	0.0035	2227.0	3585.0	16360.9	27582.0	0.16939305837124286	FALSE	patient	TCGA-NJ-A4YG	TCGA-NJ-A4YG
CREB3L2	CIS-BP2.00|000117|M01812_2.00	0.001	0.0061	1882.0	3585.0	13729.5	27582.0	0.15701473153359727	FALSE	patient	TCGA-NJ-A4YG	TCGA-NJ-A4YG
FOXA1	CIS-BP2.00|000890|M07960_2.00	0.001	0.0088	1926.0	3585.0	14101.7	27582.0	0.1502194240255103	FALSE	patient	TCGA-NJ-A4YG	TCGA-NJ-A4YG
CREB3L2	JASPAR2024|000025|MA0608.1	0.01	0.0106	1866.0	3585.0	13653.8	27582.0	0.14705165176745993	FALSE	patient	TCGA-NJ-A4YG	TCGA-NJ-A4YG
CEBPB	JASPAR2024|000235|MA0466.4	0.01	0.013	266.0	3585.0	1702.5	27582.0	0.2869287634383354	FALSE	patient	TCGA-NJ-A4YG	TCGA-NJ-A4YG
ZNF444	CIS-BP2.00|000420|M04529_2.00	0.01	0.0298	1353.0	3585.0	9825.9	27582.0	0.13165520313097878	FALSE	patient	TCGA-NJ-A4YG	TCGA-NJ-A4YG
NFATC4	JASPAR2024|000506|MA1525.3	0.01	0.0327	2556.0	3585.0	19125.8	27582.0	0.1348350913246352	FALSE	patient	TCGA-NJ-A4YG	TCGA-NJ-A4YG
XBP1	JASPAR2024|000675|MA0844.2	0.1	0.1211	1663.0	3585.0	12359.4	27582.0	0.091833373264746	FALSE	patient	TCGA-NJ-A4YG	TCGA-NJ-A4YG
ZNF75D	JASPAR2024|000169|MA1601.2	0.1	0.1857	2543.0	3585.0	19227.0	27582.0	0.08439458594469824	FALSE	patient	TCGA-NJ-A4YG	TCGA-NJ-A4YG
ZNF540	CIS-BP2.00|000701|M07634_2.00	0.1	0.2217	796.0	3585.0	5836.5	27582.0	0.08919079547936981	FALSE	patient	TCGA-NJ-A4YG	TCGA-NJ-A4YG
ETV1	JASPAR2024|000311|MA0761.3	0.1	0.2264	3566.0	3585.0	27396.9	27582.0	0.3091925714312646	FALSE	patient	TCGA-NJ-A4YG	TCGA-NJ-A4YG
ELF3	JASPAR2024|000276|MA0640.3	0.1	0.2432	3575.0	3585.0	27481.8	27582.0	0.3193166100776422	FALSE	patient	TCGA-NJ-A4YG	TCGA-NJ-A4YG
ZNF341	JASPAR2024|000712|MA1655.2	0.1	0.2499	3584.0	3585.0	27576.2	27582.0	-0.8732167000890928	FALSE	patient	TCGA-NJ-A4YG	TCGA-NJ-A4YG
NKX2-1	JASPAR2024|000822|MA1994.2	0.1	0.2995	3430.0	3585.0	26280.1	27582.0	0.1286786773044795	FALSE	patient	TCGA-NJ-A4YG	TCGA-NJ-A4YG
ZNF33A	CIS-BP2.00|000762|M07695_2.00	1.0	0.3122	3283.0	3585.0	25109.2	27582.0	0.09649176351073713	FALSE	patient	TCGA-NJ-A4YG	TCGA-NJ-A4YG
CEBPA	JASPAR2024|000234|MA0102.5	1.0	0.3801	2611.0	3585.0	19875.4	27582.0	0.05538443984251727	FALSE	patient	TCGA-NJ-A4YG	TCGA-NJ-A4YG
ZNF75D	CIS-BP2.00|000750|M07683_2.00	1.0	0.3888	2263.0	3585.0	17181.2	27582.0	0.05117865085975183	FALSE	patient	TCGA-NJ-A4YG	TCGA-NJ-A4YG
CEBPA	CIS-BP2.00|000926|M08076_2.00	1.0	0.4137	1353.0	3585.0	10191.7	27582.0	0.04889351950254636	FALSE	patient	TCGA-NJ-A4YG	TCGA-NJ-A4YG
FOXD2	CIS-BP2.00|000235|M03042_2.00	1.0	0.43	1325.0	3585.0	9987.1	27582.0	0.04688311601667405	FALSE	patient	TCGA-NJ-A4YG	TCGA-NJ-A4YG
FOXA3	JASPAR2024|000358|MA1683.2	1.0	0.4529	3186.0	3585.0	24394.9	27582.0	0.059638621223392405	FALSE	patient	TCGA-NJ-A4YG	TCGA-NJ-A4YG
FOXA2	JASPAR2024|000357|MA0047.4	1.0	0.4726	2815.0	3585.0	21507.5	27582.0	0.04560722614228299	FALSE	patient	TCGA-NJ-A4YG	TCGA-NJ-A4YG
ETV1	CIS-BP2.00|000457|M04708_2.00	1.0	0.4975	3579.0	3585.0	27536.6	27582.0	-0.12356411850061413	FALSE	patient	TCGA-NJ-A4YG	TCGA-NJ-A4YG
CEBPB	CIS-BP2.00|000866|M07830_2.00	1.0	0.5122	1595.0	3585.0	12101.5	27582.0	0.0361309132295591	FALSE	patient	TCGA-NJ-A4YG	TCGA-NJ-A4YG
FOXA1	JASPAR2024|000356|MA0148.5	1.0	0.5307	2890.0	3585.0	22114.5	27582.0	0.039256558294682255	FALSE	patient	TCGA-NJ-A4YG	TCGA-NJ-A4YG
ZBTB18	CIS-BP2.00|000988|M08257_2.00	1.0	0.5613	3165.0	3585.0	24267.5	27582.0	0.040281248935323644	FALSE	patient	TCGA-NJ-A4YG	TCGA-NJ-A4YG
ZNF141	CIS-BP2.00|000653|M07586_2.00	1.0	0.6014	2594.0	3585.0	19853.7	27582.0	0.02664396672662792	FALSE	patient	TCGA-NJ-A4YG	TCGA-NJ-A4YG
NR3C2	JASPAR2024|000539|MA0727.2	1.0	0.7002	246.0	3585.0	1852.0	27582.0	0.03596148192169121	FALSE	patient	TCGA-NJ-A4YG	TCGA-NJ-A4YG
ZNF19	CIS-BP2.00|000670|M07603_2.00	1.0	0.7522	3567.0	3585.0	27454.2	27582.0	-0.15014381752154835	FALSE	patient	TCGA-NJ-A4YG	TCGA-NJ-A4YG
HNF4A	CIS-BP2.00|000974|M08219_2.00	1.0	0.8398	3292.0	3585.0	25345.8	27582.0	-0.01458045762439347	FALSE	patient	TCGA-NJ-A4YG	TCGA-NJ-A4YG
ZBTB18	JASPAR2024|000681|MA0698.2	1.0	0.9205	2045.0	3585.0	15795.2	27582.0	-0.013243725617627987	FALSE	patient	TCGA-NJ-A4YG	TCGA-NJ-A4YG
ETV1	JASPAR2024|000652|MA1966.2	1.0	0.9762	3462.0	3585.0	26689.0	27582.0	-0.09142961461195047	FALSE	patient	TCGA-NJ-A4YG	TCGA-NJ-A4YG
GATA6	JASPAR2024|000382|MA1104.3	1.0	1.0	2931.0	3585.0	22744.5	27582.0	-0.06989280074785933	FALSE	patient	TCGA-NJ-A4YG	TCGA-NJ-A4YG
ZNF281	JASPAR2024|000706|MA1630.3	1.0	1.0	2918.0	3585.0	22654.7	27582.0	-0.07243929168310231	FALSE	patient	TCGA-NJ-A4YG	TCGA-NJ-A4YG
E2F5	CIS-BP2.00|000940|M08109_2.00	1.0	1.0	3060.0	3585.0	23736.5	27582.0	-0.08370224489875225	FALSE	patient	TCGA-NJ-A4YG	TCGA-NJ-A4YG
NFATC4	CIS-BP2.00|000101|M01306_2.00	1.0	1.0	3584.0	3585.0	27596.5	27582.0	-4.529630147213618	FALSE	patient	TCGA-NJ-A4YG	TCGA-NJ-A4YG
NR3C2	CIS-BP2.00|000154|M02395_2.00	1.0	1.0	3584.0	3585.0	27596.5	27582.0	-4.529630147213618	FALSE	patient	TCGA-NJ-A4YG	TCGA-NJ-A4YG
ZNF33B	CIS-BP2.00|000777|M07710_2.00	1.0	1.0	1195.0	3585.0	9476.7	27582.0	-0.0657791411500359	FALSE	patient	TCGA-NJ-A4YG	TCGA-NJ-A4YG
HNF4A	JASPAR2024|000409|MA1494.2	1.0	1.0	379.0	3585.0	3115.7	27582.0	-0.10586192670693877	FALSE	patient	TCGA-NJ-A4YG	TCGA-NJ-A4YG
HNF4A	JASPAR2024|000410|MA0114.5	1.0	1.0	3424.0	3585.0	26514.6	27582.0	-0.2276784372606174	FALSE	patient	TCGA-NJ-A4YG	TCGA-NJ-A4YG
ZNF281	CIS-BP2.00|001020|M08321_2.00	1.0	1.0	2897.0	3585.0	22627.0	27582.0	-0.11769456054551498	FALSE	patient	TCGA-NJ-A4YG	TCGA-NJ-A4YG
ZNF341	CIS-BP2.00|001017|M08310_2.00	1.0	1.0	3574.0	3585.0	27552.2	27582.0	-1.5486964113286816	FALSE	patient	TCGA-NJ-A4YG	TCGA-NJ-A4YG
GATA6	CIS-BP2.00|000947|M08124_2.00	1.0	1.0	2631.0	3585.0	20656.6	27582.0	-0.11349597751963104	FALSE	patient	TCGA-NJ-A4YG	TCGA-NJ-A4YG
ZNF254	CIS-BP2.00|000827|M07760_2.00	1.0	1.0	511.0	3585.0	4597.3	27582.0	-0.2658560589223889	FALSE	patient	TCGA-NJ-A4YG	TCGA-NJ-A4YG
ELF3	CIS-BP2.00|000227|M03002_2.00	1e-12	0.0	1596.0	3584.0	10522.7	27220.0	0.34931654481273144	TRUE	PDX	MGH10022	MGH10022
NFATC4	JASPAR2024|000506|MA1525.3	1e-06	0.0	2637.0	3584.0	19030.7	27220.0	0.26050683864188207	TRUE	PDX	MGH10022	MGH10022
CEBPB	JASPAR2024|000235|MA0466.4	0.0001	0.0002	297.0	3584.0	1764.4	27220.0	0.3843237401077617	FALSE	PDX	MGH10022	MGH10022
XBP1	JASPAR2024|000675|MA0844.2	0.001	0.0065	1756.0	3584.0	12624.2	27220.0	0.1513965525591799	FALSE	PDX	MGH10022	MGH10022
ZNF33A	CIS-BP2.00|000762|M07695_2.00	0.01	0.0215	3271.0	3584.0	24477.5	27220.0	0.22575576388513424	FALSE	PDX	MGH10022	MGH10022
FOXA3	CIS-BP2.00|000469|M04831_2.00	0.01	0.0362	139.0	3584.0	853.2	27220.0	0.3225005276570971	FALSE	PDX	MGH10022	MGH10022
ZNF444	CIS-BP2.00|000420|M04529_2.00	0.1	0.051	1286.0	3584.0	9272.3	27220.0	0.11552101268443231	FALSE	PDX	MGH10022	MGH10022
FOXA1	JASPAR2024|000356|MA0148.5	0.1	0.0524	2900.0	3584.0	21607.3	27220.0	0.138522350157421	FALSE	PDX	MGH10022	MGH10022
ZNF75D	JASPAR2024|000169|MA1601.2	0.1	0.065	2521.0	3584.0	18691.7	27220.0	0.11344048737463402	FALSE	PDX	MGH10022	MGH10022
FOXD2	CIS-BP2.00|000235|M03042_2.00	0.1	0.0831	1374.0	3584.0	9987.3	27220.0	0.10148595276172635	FALSE	PDX	MGH10022	MGH10022
CEBPB	CIS-BP2.00|000866|M07830_2.00	0.1	0.1145	1626.0	3584.0	11927.5	27220.0	0.09054097668026453	FALSE	PDX	MGH10022	MGH10022
FOXA3	JASPAR2024|000358|MA1683.2	0.1	0.1195	3181.0	3584.0	23883.3	27220.0	0.13974420567854576	FALSE	PDX	MGH10022	MGH10022
CREB3L2	CIS-BP2.00|000117|M01812_2.00	0.1	0.1267	1857.0	3584.0	13692.1	27220.0	0.08727130570720054	FALSE	PDX	MGH10022	MGH10022
CREB3L2	JASPAR2024|000025|MA0608.1	0.1	0.1537	1843.0	3584.0	13614.4	27220.0	0.08118415508623673	FALSE	PDX	MGH10022	MGH10022
XBP1	CIS-BP2.00|000375|M04231_2.00	0.1	0.1784	3315.0	3584.0	24977.3	27220.0	0.14385302393471286	FALSE	PDX	MGH10022	MGH10022
FOXA2	JASPAR2024|000357|MA0047.4	0.1	0.1791	2791.0	3584.0	20894.8	27220.0	0.09085699787616083	FALSE	PDX	MGH10022	MGH10022
CEBPA	JASPAR2024|000234|MA0102.5	0.1	0.1949	2596.0	3584.0	19403.6	27220.0	0.08156232159334767	FALSE	PDX	MGH10022	MGH10022
ELF3	JASPAR2024|000276|MA0640.3	0.1	0.2053	3575.0	3584.0	27103.7	27220.0	0.6976694336060216	FALSE	PDX	MGH10022	MGH10022
ZNF75D	CIS-BP2.00|000750|M07683_2.00	0.1	0.2374	2241.0	3584.0	16719.9	27220.0	0.06733058204883093	FALSE	PDX	MGH10022	MGH10022
FOXA1	CIS-BP2.00|000890|M07960_2.00	0.1	0.2379	1823.0	3584.0	13537.3	27220.0	0.0653180795642317	FALSE	PDX	MGH10022	MGH10022
CEBPA	CIS-BP2.00|000926|M08076_2.00	1.0	0.2761	1357.0	3584.0	10034.4	27220.0	0.06174272095532549	FALSE	PDX	MGH10022	MGH10022
ETV1	JASPAR2024|000311|MA0761.3	1.0	0.4886	3561.0	3584.0	27011.4	27220.0	0.23042217375004928	FALSE	PDX	MGH10022	MGH10022
FOXA2	CIS-BP2.00|000889|M07959_2.00	1.0	0.504	2092.0	3584.0	15742.7	27220.0	0.03161401589248276	FALSE	PDX	MGH10022	MGH10022
ZNF19	CIS-BP2.00|000670|M07603_2.00	1.0	0.5121	3569.0	3584.0	27078.3	27220.0	0.2742114442920983	FALSE	PDX	MGH10022	MGH10022
ZNF341	CIS-BP2.00|001017|M08310_2.00	1.0	0.5166	3580.0	3584.0	27170.3	27220.0	0.555866385881095	FALSE	PDX	MGH10022	MGH10022
ZNF141	CIS-BP2.00|000653|M07586_2.00	1.0	0.7571	2537.0	3584.0	19254.3	27220.0	0.0032030461399165824	FALSE	PDX	MGH10022	MGH10022
GATA6	JASPAR2024|000382|MA1104.3	1.0	0.7815	2941.0	3584.0	22332.9	27220.0	0.0005352065851752288	FALSE	PDX	MGH10022	MGH10022
ZNF281	JASPAR2024|000706|MA1630.3	1.0	0.822	2888.0	3584.0	21954.5	27220.0	-0.007644871228968321	FALSE	PDX	MGH10022	MGH10022
ZNF341	JASPAR2024|000712|MA1655.2	1.0	0.8352	3582.0	3584.0	27198.0	27220.0	0.245436522148882	FALSE	PDX	MGH10022	MGH10022
HNF4A	JASPAR2024|000410|MA0114.5	1.0	0.9371	3423.0	3584.0	26035.4	27220.0	-0.05155563025944904	FALSE	PDX	MGH10022	MGH10022
ZNF281	CIS-BP2.00|001020|M08321_2.00	1.0	0.9374	2877.0	3584.0	21933.3	27220.0	-0.02856609726640797	FALSE	PDX	MGH10022	MGH10022
NR3C2	JASPAR2024|000539|MA0727.2	1.0	0.988	222.0	3584.0	1759.5	27220.0	-0.0630152771636832	FALSE	PDX	MGH10022	MGH10022
FOXD2	JASPAR2024|000361|MA0847.4	1.0	0.9891	1263.0	3584.0	9742.5	27220.0	-0.034529480232819314	FALSE	PDX	MGH10022	MGH10022
HNF4A	JASPAR2024|000409|MA1494.2	1.0	1.0	372.0	3584.0	2944.5	27220.0	-0.06519293705746275	FALSE	PDX	MGH10022	MGH10022
ETV1	CIS-BP2.00|000457|M04708_2.00	1.0	1.0	3575.0	3584.0	27162.3	27220.0	-0.3103955603617649	FALSE	PDX	MGH10022	MGH10022
E2F5	CIS-BP2.00|000940|M08109_2.00	1.0	1.0	3085.0	3584.0	23578.3	27220.0	-0.0676605347208242	FALSE	PDX	MGH10022	MGH10022
ZNF540	CIS-BP2.00|000701|M07634_2.00	1.0	1.0	755.0	3584.0	5919.5	27220.0	-0.05779139686205056	FALSE	PDX	MGH10022	MGH10022
ZBTB18	CIS-BP2.00|000988|M08257_2.00	1.0	1.0	3120.0	3584.0	23848.4	27220.0	-0.0741767900221388	FALSE	PDX	MGH10022	MGH10022
GATA6	CIS-BP2.00|000947|M08124_2.00	1.0	1.0	2644.0	3584.0	20295.2	27220.0	-0.05973049867556121	FALSE	PDX	MGH10022	MGH10022
NFATC4	CIS-BP2.00|000101|M01306_2.00	1.0	1.0	3584.0	3584.0	27216.4	27220.0	0.11096495354521012	FALSE	PDX	MGH10022	MGH10022
NR3C2	CIS-BP2.00|000154|M02395_2.00	1.0	1.0	3584.0	3584.0	27216.4	27220.0	0.11096495354521012	FALSE	PDX	MGH10022	MGH10022
HNF4A	CIS-BP2.00|000974|M08219_2.00	1.0	1.0	3243.0	3584.0	24810.8	27220.0	-0.11647792092825916	FALSE	PDX	MGH10022	MGH10022
NKX2-1	JASPAR2024|000822|MA1994.2	1.0	1.0	3380.0	3584.0	25834.9	27220.0	-0.173702581492418	FALSE	PDX	MGH10022	MGH10022
ETV1	JASPAR2024|000652|MA1966.2	1.0	1.0	3445.0	3584.0	26298.1	27220.0	-0.20707334653396353	FALSE	PDX	MGH10022	MGH10022
ZNF254	CIS-BP2.00|000827|M07760_2.00	1.0	1.0	536.0	3584.0	4352.9	27220.0	-0.11335899924594015	FALSE	PDX	MGH10022	MGH10022
ZNF33B	CIS-BP2.00|000777|M07710_2.00	1.0	1.0	1170.0	3584.0	9392.9	27220.0	-0.12020638258759772	FALSE	PDX	MGH10022	MGH10022
ZBTB18	JASPAR2024|000681|MA0698.2	1.0	1.0	1875.0	3584.0	14955.4	27220.0	-0.1524548932391197	FALSE	PDX	MGH10022	MGH10022
ELF3	CIS-BP2.00|000227|M03002_2.00	1e-23	0.0	1705.0	3584.0	10271.5	26177.0	0.4906998080364994	TRUE	PDX	MGH1062	MGH1062
XBP1	JASPAR2024|000675|MA0844.2	1e-11	0.0	1953.0	3584.0	12793.8	26177.0	0.32483806346147254	TRUE	PDX	MGH1062	MGH1062
CEBPB	JASPAR2024|000235|MA0466.4	1e-08	0.0	344.0	3584.0	1824.5	26177.0	0.5044905910085631	TRUE	PDX	MGH1062	MGH1062
NFATC4	JASPAR2024|000506|MA1525.3	1e-06	0.0	2683.0	3584.0	18616.4	26177.0	0.2737716695782441	TRUE	PDX	MGH1062	MGH1062
ZNF75D	JASPAR2024|000169|MA1601.2	0.0001	0.0005	2497.0	3584.0	17473.7	26177.0	0.19396018025059014	FALSE	PDX	MGH1062	MGH1062
E2F5	CIS-BP2.00|000940|M08109_2.00	0.001	0.0011	3212.0	3584.0	22965.8	26177.0	0.27027471877895415	FALSE	PDX	MGH1062	MGH1062
NKX2-1	JASPAR2024|000822|MA1994.2	0.001	0.0018	3422.0	3584.0	24662.3	26177.0	0.37178245916348174	FALSE	PDX	MGH1062	MGH1062
XBP1	CIS-BP2.00|000375|M04231_2.00	0.01	0.0059	3382.0	3584.0	24383.0	26177.0	0.29784472453951405	FALSE	PDX	MGH1062	MGH1062
HNF4A	JASPAR2024|000410|MA0114.5	0.01	0.0102	3440.0	3584.0	24869.4	26177.0	0.3246208788179977	FALSE	PDX	MGH1062	MGH1062
FOXA3	JASPAR2024|000358|MA1683.2	0.01	0.0102	3184.0	3584.0	22858.1	26177.0	0.20745007250084915	FALSE	PDX	MGH1062	MGH1062
ZNF281	JASPAR2024|000706|MA1630.3	0.01	0.0121	2942.0	3584.0	21021.8	26177.0	0.16759375974495014	FALSE	PDX	MGH1062	MGH1062
ZNF75D	CIS-BP2.00|000750|M07683_2.00	0.01	0.0189	2205.0	3584.0	15559.7	26177.0	0.12558457169856083	FALSE	PDX	MGH1062	MGH1062
GATA6	JASPAR2024|000382|MA1104.3	0.01	0.019	2977.0	3584.0	21316.8	26177.0	0.16035647257563368	FALSE	PDX	MGH1062	MGH1062
ZNF281	CIS-BP2.00|001020|M08321_2.00	0.01	0.0192	2932.0	3584.0	20977.7	26177.0	0.15571844534023346	FALSE	PDX	MGH1062	MGH1062
FOXA2	JASPAR2024|000357|MA0047.4	0.01	0.0268	2778.0	3584.0	19847.0	26177.0	0.13599386271701	FALSE	PDX	MGH1062	MGH1062
ZNF19	CIS-BP2.00|000670|M07603_2.00	0.01	0.0299	3573.0	3584.0	26026.1	26177.0	0.8540822756802875	FALSE	PDX	MGH1062	MGH1062
FOXA1	JASPAR2024|000356|MA0148.5	0.1	0.0388	2889.0	3584.0	20712.6	26177.0	0.13242096313802793	FALSE	PDX	MGH1062	MGH1062
CEBPB	CIS-BP2.00|000866|M07830_2.00	0.1	0.064	1629.0	3584.0	11468.8	26177.0	0.09578421566003675	FALSE	PDX	MGH1062	MGH1062
CREB3L2	CIS-BP2.00|000117|M01812_2.00	0.1	0.0807	1911.0	3584.0	13551.5	26177.0	0.08972852557890874	FALSE	PDX	MGH1062	MGH1062
FOXA1	CIS-BP2.00|000890|M07960_2.00	0.1	0.0907	1789.0	3584.0	12674.1	26177.0	0.08655338002599572	FALSE	PDX	MGH1062	MGH1062
CEBPA	JASPAR2024|000234|MA0102.5	0.1	0.1016	2557.0	3584.0	18331.6	26177.0	0.09123463820240724	FALSE	PDX	MGH1062	MGH1062
GATA6	CIS-BP2.00|000947|M08124_2.00	0.1	0.1103	2675.0	3584.0	19214.7	26177.0	0.09215448231407408	FALSE	PDX	MGH1062	MGH1062
CREB3L2	JASPAR2024|000025|MA0608.1	0.1	0.1301	1891.0	3584.0	13463.7	26177.0	0.0767895763023553	FALSE	PDX	MGH1062	MGH1062
FOXA2	CIS-BP2.00|000889|M07959_2.00	0.1	0.1499	2068.0	3584.0	14778.4	26177.0	0.07322048947162754	FALSE	PDX	MGH1062	MGH1062
ZNF33A	CIS-BP2.00|000762|M07695_2.00	1.0	0.2729	3208.0	3584.0	23282.6	26177.0	0.08347947474567365	FALSE	PDX	MGH1062	MGH1062
FOXA3	CIS-BP2.00|000469|M04831_2.00	1.0	0.3504	130.0	3584.0	876.9	26177.0	0.12343788209899634	FALSE	PDX	MGH1062	MGH1062
ETV1	CIS-BP2.00|000457|M04708_2.00	1.0	0.3703	3580.0	3584.0	26134.1	26177.0	0.40197002989825364	FALSE	PDX	MGH1062	MGH1062
CEBPA	CIS-BP2.00|000926|M08076_2.00	1.0	0.3854	1356.0	3584.0	9734.0	26177.0	0.04015471230687471	FALSE	PDX	MGH1062	MGH1062
ELF3	JASPAR2024|000276|MA0640.3	1.0	0.4564	3571.0	3584.0	26065.9	26177.0	0.17971639351295268	FALSE	PDX	MGH1062	MGH1062
ZNF341	CIS-BP2.00|001017|M08310_2.00	1.0	0.6081	3575.0	3584.0	26105.8	26177.0	0.04779260728861085	FALSE	PDX	MGH1062	MGH1062
ZNF141	CIS-BP2.00|000653|M07586_2.00	1.0	0.664	2543.0	3584.0	18537.5	26177.0	0.009311193160112835	FALSE	PDX	MGH1062	MGH1062
ETV1	JASPAR2024|000311|MA0761.3	1.0	0.7234	3554.0	3584.0	25957.4	26177.0	-0.017177136268761783	FALSE	PDX	MGH1062	MGH1062
HNF4A	CIS-BP2.00|000974|M08219_2.00	1.0	0.834	3226.0	3584.0	23592.5	26177.0	-0.02019769099638385	FALSE	PDX	MGH1062	MGH1062
FOXD2	CIS-BP2.00|000235|M03042_2.00	1.0	0.8681	1388.0	3584.0	10201.7	26177.0	-0.014671433434344003	FALSE	PDX	MGH1062	MGH1062
ZNF341	JASPAR2024|000712|MA1655.2	1.0	0.8933	3581.0	3584.0	26161.1	26177.0	-0.6405459415304434	FALSE	PDX	MGH1062	MGH1062
ZNF444	CIS-BP2.00|000420|M04529_2.00	1.0	0.9002	1198.0	3584.0	8829.5	26177.0	-0.019382422075796244	FALSE	PDX	MGH1062	MGH1062
ZNF540	CIS-BP2.00|000701|M07634_2.00	1.0	1.0	805.0	3584.0	6030.4	26177.0	-0.04674191654928724	FALSE	PDX	MGH1062	MGH1062
ETV1	JASPAR2024|000652|MA1966.2	1.0	1.0	3444.0	3584.0	25226.6	26177.0	-0.1138843869080588	FALSE	PDX	MGH1062	MGH1062
HNF4A	JASPAR2024|000409|MA1494.2	1.0	1.0	360.0	3584.0	2745.9	26177.0	-0.06816250214198989	FALSE	PDX	MGH1062	MGH1062
ZNF33B	CIS-BP2.00|000777|M07710_2.00	1.0	1.0	1215.0	3584.0	9060.6	26177.0	-0.04536943158784309	FALSE	PDX	MGH1062	MGH1062
NFATC4	CIS-BP2.00|000101|M01306_2.00	1.0	1.0	3584.0	3584.0	26183.5	26177.0	-2.868841710185844	FALSE	PDX	MGH1062	MGH1062
NR3C2	CIS-BP2.00|000154|M02395_2.00	1.0	1.0	3584.0	3584.0	26183.5	26177.0	-2.868841710185844	FALSE	PDX	MGH1062	MGH1062
ZNF254	CIS-BP2.00|000827|M07760_2.00	1.0	1.0	476.0	3584.0	3676.3	26177.0	-0.09219112471073862	FALSE	PDX	MGH1062	MGH1062
FOXD2	JASPAR2024|000361|MA0847.4	1.0	1.0	1255.0	3584.0	9550.3	26177.0	-0.09190654806008425	FALSE	PDX	MGH1062	MGH1062
ZBTB18	JASPAR2024|000681|MA0698.2	1.0	1.0	1739.0	3584.0	13262.2	26177.0	-0.1236324104594814	FALSE	PDX	MGH1062	MGH1062
ZBTB18	CIS-BP2.00|000988|M08257_2.00	1.0	1.0	3024.0	3584.0	22491.0	26177.0	-0.1771458357157	FALSE	PDX	MGH1062	MGH1062
NR3C2	JASPAR2024|000539|MA0727.2	1.0	1.0	197.0	3584.0	1737.8	26177.0	-0.28681880457561887	FALSE	PDX	MGH1062	MGH1062
ELF3	CIS-BP2.00|000227|M03002_2.00	1e-31	0.0	1727.0	3583.0	10431.8	27100.0	0.5721847250152915	TRUE	PDX	MGH1068	MGH1068
CEBPB	JASPAR2024|000235|MA0466.4	1e-12	0.0	358.0	3583.0	1838.6	27100.0	0.6104135257853399	TRUE	PDX	MGH1068	MGH1068
FOXA3	CIS-BP2.00|000469|M04831_2.00	1e-06	0.0	179.0	3583.0	905.9	27100.0	0.6075905763438547	TRUE	PDX	MGH1068	MGH1068
NFATC4	JASPAR2024|000506|MA1525.3	0.0001	0.0002	2646.0	3583.0	19136.6	27100.0	0.23236984611045586	FALSE	PDX	MGH1068	MGH1068
XBP1	JASPAR2024|000675|MA0844.2	0.001	0.0019	1762.0	3583.0	12517.6	27100.0	0.17275830305220966	FALSE	PDX	MGH1068	MGH1068
XBP1	CIS-BP2.00|000375|M04231_2.00	0.001	0.0024	3354.0	3583.0	24936.2	27100.0	0.34323352064059015	FALSE	PDX	MGH1068	MGH1068
CREB3L2	CIS-BP2.00|000117|M01812_2.00	0.01	0.007	1904.0	3583.0	13693.7	27100.0	0.15078043335757516	FALSE	PDX	MGH1068	MGH1068
ZNF444	CIS-BP2.00|000420|M04529_2.00	0.01	0.0073	1311.0	3583.0	9248.5	27100.0	0.1556539296070385	FALSE	PDX	MGH1068	MGH1068
FOXA1	CIS-BP2.00|000890|M07960_2.00	0.01	0.0083	1902.0	3583.0	13694.2	27100.0	0.14744113584643756	FALSE	PDX	MGH1068	MGH1068
CREB3L2	JASPAR2024|000025|MA0608.1	0.01	0.0169	1883.0	3583.0	13612.1	27100.0	0.13423360533429785	FALSE	PDX	MGH1068	MGH1068
FOXA2	CIS-BP2.00|000889|M07959_2.00	0.01	0.0309	2174.0	3583.0	15883.5	27100.0	0.12361284194850335	FALSE	PDX	MGH1068	MGH1068
FOXA3	JASPAR2024|000358|MA1683.2	0.1	0.0547	3203.0	3583.0	23892.9	27100.0	0.1766346181426025	FALSE	PDX	MGH1068	MGH1068
ZNF75D	JASPAR2024|000169|MA1601.2	0.1	0.0646	2510.0	3583.0	18530.2	27100.0	0.11315276470084829	FALSE	PDX	MGH1068	MGH1068
HNF4A	JASPAR2024|000410|MA0114.5	0.1	0.1065	3454.0	3583.0	25942.2	27100.0	0.25220513741307704	FALSE	PDX	MGH1068	MGH1068
CEBPA	CIS-BP2.00|000926|M08076_2.00	0.1	0.1262	1410.0	3583.0	10278.0	27100.0	0.08694895225753214	FALSE	PDX	MGH1068	MGH1068
ZNF75D	CIS-BP2.00|000750|M07683_2.00	0.1	0.1589	2233.0	3583.0	16530.1	27100.0	0.08070349621467268	FALSE	PDX	MGH1068	MGH1068
ZNF141	CIS-BP2.00|000653|M07586_2.00	0.1	0.1895	2594.0	3583.0	19307.4	27100.0	0.08176289766154106	FALSE	PDX	MGH1068	MGH1068
ETV1	JASPAR2024|000311|MA0761.3	0.1	0.2048	3562.0	3583.0	26865.0	27100.0	0.5385257255639231	FALSE	PDX	MGH1068	MGH1068
ZNF281	CIS-BP2.00|001020|M08321_2.00	0.1	0.2188	2929.0	3583.0	21898.6	27100.0	0.08842834355014274	FALSE	PDX	MGH1068	MGH1068
NKX2-1	JASPAR2024|000822|MA1994.2	0.1	0.2206	3418.0	3583.0	25700.5	27100.0	0.1701345411412642	FALSE	PDX	MGH1068	MGH1068
CEBPB	CIS-BP2.00|000866|M07830_2.00	1.0	0.2696	1646.0	3583.0	12172.7	27100.0	0.059499301191226005	FALSE	PDX	MGH1068	MGH1068
CEBPA	JASPAR2024|000234|MA0102.5	1.0	0.2698	2618.0	3583.0	19546.7	27100.0	0.06770496569860912	FALSE	PDX	MGH1068	MGH1068
FOXD2	CIS-BP2.00|000235|M03042_2.00	1.0	0.3045	1393.0	3583.0	10288.5	27100.0	0.05584137756425504	FALSE	PDX	MGH1068	MGH1068
ZNF281	JASPAR2024|000706|MA1630.3	1.0	0.3225	2927.0	3583.0	21938.4	27100.0	0.0693410572364109	FALSE	PDX	MGH1068	MGH1068
ELF3	JASPAR2024|000276|MA0640.3	1.0	0.3973	3572.0	3583.0	26971.4	27100.0	0.5723319968897488	FALSE	PDX	MGH1068	MGH1068
FOXD2	JASPAR2024|000361|MA0847.4	1.0	0.4993	1344.0	3583.0	10027.7	27100.0	0.03153009957857179	FALSE	PDX	MGH1068	MGH1068
ZNF19	CIS-BP2.00|000670|M07603_2.00	1.0	0.5283	3566.0	3583.0	26932.6	27100.0	0.3453759881725601	FALSE	PDX	MGH1068	MGH1068
GATA6	JASPAR2024|000382|MA1104.3	1.0	0.5535	2935.0	3583.0	22099.5	27100.0	0.03466991763767729	FALSE	PDX	MGH1068	MGH1068
ZNF33A	CIS-BP2.00|000762|M07695_2.00	1.0	0.6032	3244.0	3583.0	24467.9	27100.0	0.0401531589864017	FALSE	PDX	MGH1068	MGH1068
FOXA2	JASPAR2024|000357|MA0047.4	1.0	0.6745	2775.0	3583.0	20929.2	27100.0	0.01752271557255003	FALSE	PDX	MGH1068	MGH1068
ZBTB18	CIS-BP2.00|000988|M08257_2.00	1.0	0.7784	3124.0	3583.0	23609.5	27100.0	0.007802793909517029	FALSE	PDX	MGH1068	MGH1068
FOXA1	JASPAR2024|000356|MA0148.5	1.0	0.7784	2876.0	3583.0	21735.2	27100.0	0.005176605130250076	FALSE	PDX	MGH1068	MGH1068
ZNF341	JASPAR2024|000712|MA1655.2	1.0	0.8139	3582.0	3583.0	27072.3	27100.0	1.3148552606175985	FALSE	PDX	MGH1068	MGH1068
GATA6	CIS-BP2.00|000947|M08124_2.00	1.0	0.8277	2637.0	3583.0	19956.9	27100.0	-0.003703894136035583	FALSE	PDX	MGH1068	MGH1068
ZNF341	CIS-BP2.00|001017|M08310_2.00	1.0	0.868	3577.0	3583.0	27038.7	27100.0	0.3310664192370419	FALSE	PDX	MGH1068	MGH1068
ETV1	CIS-BP2.00|000457|M04708_2.00	1.0	0.8713	3576.0	3583.0	27031.1	27100.0	0.2919466012227524	FALSE	PDX	MGH1068	MGH1068
NR3C2	JASPAR2024|000539|MA0727.2	1.0	1.0	229.0	3583.0	1811.5	27100.0	-0.0666765556290372	FALSE	PDX	MGH1068	MGH1068
ZNF540	CIS-BP2.00|000701|M07634_2.00	1.0	1.0	767.0	3583.0	5983.4	27100.0	-0.05641106314590921	FALSE	PDX	MGH1068	MGH1068
NFATC4	CIS-BP2.00|000101|M01306_2.00	1.0	1.0	3584.0	3583.0	27091.9	27100.0	1.186292255731285	FALSE	PDX	MGH1068	MGH1068
NR3C2	CIS-BP2.00|000154|M02395_2.00	1.0	1.0	3584.0	3583.0	27091.9	27100.0	1.186292255731285	FALSE	PDX	MGH1068	MGH1068
ZBTB18	JASPAR2024|000681|MA0698.2	1.0	1.0	1916.0	3583.0	14752.4	27100.0	-0.05592226673031099	FALSE	PDX	MGH1068	MGH1068
ZNF254	CIS-BP2.00|000827|M07760_2.00	1.0	1.0	531.0	3583.0	4219.5	27100.0	-0.08301449679717769	FALSE	PDX	MGH1068	MGH1068
E2F5	CIS-BP2.00|000940|M08109_2.00	1.0	1.0	3078.0	3583.0	23495.8	27100.0	-0.09803791812139444	FALSE	PDX	MGH1068	MGH1068
HNF4A	JASPAR2024|000409|MA1494.2	1.0	1.0	368.0	3583.0	2995.5	27100.0	-0.11708366421883666	FALSE	PDX	MGH1068	MGH1068
ZNF33B	CIS-BP2.00|000777|M07710_2.00	1.0	1.0	1199.0	3583.0	9397.2	27100.0	-0.07761493168142831	FALSE	PDX	MGH1068	MGH1068
ETV1	JASPAR2024|000652|MA1966.2	1.0	1.0	3440.0	3583.0	26146.5	27100.0	-0.19301674885172346	FALSE	PDX	MGH1068	MGH1068
HNF4A	CIS-BP2.00|000974|M08219_2.00	1.0	1.0	3229.0	3583.0	24686.9	27100.0	-0.16706310997849022	FALSE	PDX	MGH1068	MGH1068
ELF3	CIS-BP2.00|000227|M03002_2.00	1e-38	0.0	1792.0	3584.0	10232.2	26093.0	0.6323241550915818	TRUE	PDX	MGH1089	MGH1089
XBP1	JASPAR2024|000675|MA0844.2	1e-09	0.0	1942.0	3584.0	12807.8	26093.0	0.29481646634656805	TRUE	PDX	MGH1089	MGH1089
NFATC4	JASPAR2024|000506|MA1525.3	1e-06	0.0	2668.0	3584.0	18485.0	26093.0	0.26111212159107344	TRUE	PDX	MGH1089	MGH1089
XBP1	CIS-BP2.00|000375|M04231_2.00	1e-05	0.0	3407.0	3584.0	24346.6	26093.0	0.46194171488773367	TRUE	PDX	MGH1089	MGH1089
E2F5	CIS-BP2.00|000940|M08109_2.00	0.0001	0.0001	3219.0	3584.0	22847.7	26093.0	0.323458837251083	FALSE	PDX	MGH1089	MGH1089
CREB3L2	CIS-BP2.00|000117|M01812_2.00	0.0001	0.0001	1997.0	3584.0	13631.7	26093.0	0.20193297277008798	FALSE	PDX	MGH1089	MGH1089
CEBPB	JASPAR2024|000235|MA0466.4	0.0001	0.0001	313.0	3584.0	1801.6	26093.0	0.3693094379458714	FALSE	PDX	MGH1089	MGH1089
CREB3L2	JASPAR2024|000025|MA0608.1	0.0001	0.0002	1977.0	3584.0	13539.4	26093.0	0.18980047923378257	FALSE	PDX	MGH1089	MGH1089
FOXA2	CIS-BP2.00|000889|M07959_2.00	0.0001	0.0004	2133.0	3584.0	14722.6	26093.0	0.18294251793586921	FALSE	PDX	MGH1089	MGH1089
FOXA1	CIS-BP2.00|000890|M07960_2.00	0.001	0.0022	1837.0	3584.0	12660.5	26093.0	0.15784197583174683	FALSE	PDX	MGH1089	MGH1089
FOXA3	JASPAR2024|000358|MA1683.2	0.01	0.005	3194.0	3584.0	22828.4	26093.0	0.22653342339504587	FALSE	PDX	MGH1089	MGH1089
CEBPA	JASPAR2024|000234|MA0102.5	0.01	0.0111	2589.0	3584.0	18310.3	26093.0	0.14492084820149645	FALSE	PDX	MGH1089	MGH1089
ZNF281	JASPAR2024|000706|MA1630.3	0.01	0.0143	2934.0	3584.0	20910.8	26093.0	0.16098678383763193	FALSE	PDX	MGH1089	MGH1089
GATA6	CIS-BP2.00|000947|M08124_2.00	0.01	0.025	2677.0	3584.0	19029.6	26093.0	0.13117070875267686	FALSE	PDX	MGH1089	MGH1089
HNF4A	JASPAR2024|000409|MA1494.2	0.1	0.0306	420.0	3584.0	2743.9	26093.0	0.17703529661781822	FALSE	PDX	MGH1089	MGH1089
FOXA3	CIS-BP2.00|000469|M04831_2.00	0.1	0.0356	145.0	3584.0	873.0	26093.0	0.28853756682307863	FALSE	PDX	MGH1089	MGH1089
HNF4A	JASPAR2024|000410|MA0114.5	0.1	0.0436	3435.0	3584.0	24811.1	26093.0	0.2482061574070812	FALSE	PDX	MGH1089	MGH1089
GATA6	JASPAR2024|000382|MA1104.3	0.1	0.0506	2958.0	3584.0	21186.1	26093.0	0.12935817084718831	FALSE	PDX	MGH1089	MGH1089
ZNF281	CIS-BP2.00|001020|M08321_2.00	0.1	0.0554	2918.0	3584.0	20894.8	26093.0	0.12359462529941098	FALSE	PDX	MGH1089	MGH1089
FOXA2	JASPAR2024|000357|MA0047.4	0.1	0.1026	2769.0	3584.0	19843.0	26093.0	0.09724575135357404	FALSE	PDX	MGH1089	MGH1089
ZNF444	CIS-BP2.00|000420|M04529_2.00	0.1	0.1399	1251.0	3584.0	8790.2	26093.0	0.07816007520944465	FALSE	PDX	MGH1089	MGH1089
FOXA1	JASPAR2024|000356|MA0148.5	1.0	0.2487	2867.0	3584.0	20668.6	26093.0	0.06893562782240309	FALSE	PDX	MGH1089	MGH1089
FOXD2	CIS-BP2.00|000235|M03042_2.00	1.0	0.2899	1422.0	3584.0	10129.7	26093.0	0.05186997180407408	FALSE	PDX	MGH1089	MGH1089
ETV1	JASPAR2024|000652|MA1966.2	1.0	0.3312	3463.0	3584.0	25136.5	26093.0	0.11805270965325394	FALSE	PDX	MGH1089	MGH1089
ZNF141	CIS-BP2.00|000653|M07586_2.00	1.0	0.3434	2569.0	3584.0	18525.0	26093.0	0.04786423748316767	FALSE	PDX	MGH1089	MGH1089
NKX2-1	JASPAR2024|000822|MA1994.2	1.0	0.3866	3393.0	3584.0	24622.2	26093.0	0.08253209587880764	FALSE	PDX	MGH1089	MGH1089
CEBPB	CIS-BP2.00|000866|M07830_2.00	1.0	0.3915	1598.0	3584.0	11463.1	26093.0	0.03839898891337927	FALSE	PDX	MGH1089	MGH1089
ZNF75D	CIS-BP2.00|000750|M07683_2.00	1.0	0.3971	2162.0	3584.0	15575.7	26093.0	0.0377611353686256	FALSE	PDX	MGH1089	MGH1089
ETV1	JASPAR2024|000311|MA0761.3	1.0	0.4188	3557.0	3584.0	25867.8	26093.0	0.17465330981740507	FALSE	PDX	MGH1089	MGH1089
ZNF19	CIS-BP2.00|000670|M07603_2.00	1.0	0.4246	3565.0	3584.0	25930.3	26093.0	0.20260462137895954	FALSE	PDX	MGH1089	MGH1089
ELF3	JASPAR2024|000276|MA0640.3	1.0	0.4473	3570.0	3584.0	25971.2	26093.0	0.21355717190608983	FALSE	PDX	MGH1089	MGH1089
ZNF75D	JASPAR2024|000169|MA1601.2	1.0	0.4485	2417.0	3584.0	17462.1	26093.0	0.033491448926602774	FALSE	PDX	MGH1089	MGH1089
ZNF33A	CIS-BP2.00|000762|M07695_2.00	1.0	0.4716	3212.0	3584.0	23303.7	26093.0	0.046027740019275634	FALSE	PDX	MGH1089	MGH1089
ETV1	CIS-BP2.00|000457|M04708_2.00	1.0	0.639	3578.0	3584.0	26045.0	26093.0	0.035865875790880915	FALSE	PDX	MGH1089	MGH1089
ZNF341	JASPAR2024|000712|MA1655.2	1.0	0.6508	3582.0	3584.0	26075.5	26093.0	-0.015687064197980948	FALSE	PDX	MGH1089	MGH1089
ZNF540	CIS-BP2.00|000701|M07634_2.00	1.0	0.8477	812.0	3584.0	5951.6	26093.0	-0.012018632197951688	FALSE	PDX	MGH1089	MGH1089
ZNF254	CIS-BP2.00|000827|M07760_2.00	1.0	0.898	494.0	3584.0	3648.0	26093.0	-0.02274696347357003	FALSE	PDX	MGH1089	MGH1089
CEBPA	CIS-BP2.00|000926|M08076_2.00	1.0	0.9125	1320.0	3584.0	9690.3	26093.0	-0.018818622814492644	FALSE	PDX	MGH1089	MGH1089
FOXD2	JASPAR2024|000361|MA0847.4	1.0	0.9747	1296.0	3584.0	9554.8	26093.0	-0.02830732183878543	FALSE	PDX	MGH1089	MGH1089
ZNF341	CIS-BP2.00|001017|M08310_2.00	1.0	0.992	3572.0	3584.0	26020.5	26093.0	-0.31870212107159757	FALSE	PDX	MGH1089	MGH1089
NR3C2	JASPAR2024|000539|MA0727.2	1.0	1.0	225.0	3584.0	1750.8	26093.0	-0.10005614209946334	FALSE	PDX	MGH1089	MGH1089
NFATC4	CIS-BP2.00|000101|M01306_2.00	1.0	1.0	3584.0	3584.0	26097.2	26093.0	-2.86407886983792	FALSE	PDX	MGH1089	MGH1089
NR3C2	CIS-BP2.00|000154|M02395_2.00	1.0	1.0	3584.0	3584.0	26097.2	26093.0	-2.86407886983792	FALSE	PDX	MGH1089	MGH1089
ZNF33B	CIS-BP2.00|000777|M07710_2.00	1.0	1.0	1193.0	3584.0	8986.0	26093.0	-0.07391951687015787	FALSE	PDX	MGH1089	MGH1089
HNF4A	CIS-BP2.00|000974|M08219_2.00	1.0	1.0	3193.0	3584.0	23463.9	26093.0	-0.12950406565950487	FALSE	PDX	MGH1089	MGH1089
ZBTB18	CIS-BP2.00|000988|M08257_2.00	1.0	1.0	3041.0	3584.0	22434.6	26093.0	-0.1318446591296646	FALSE	PDX	MGH1089	MGH1089
ZBTB18	JASPAR2024|000681|MA0698.2	1.0	1.0	1719.0	3584.0	13229.3	26093.0	-0.15800275487755508	FALSE	PDX	MGH1089	MGH1089
ELF3	CIS-BP2.00|000227|M03002_2.00	1e-27	0.0	1697.0	3584.0	10101.7	26315.0	0.529487673272846	TRUE	PDX	MGH1109	MGH1109
NFATC4	JASPAR2024|000506|MA1525.3	1e-10	0.0	2692.0	3584.0	18432.4	26315.0	0.36757418712664575	TRUE	PDX	MGH1109	MGH1109
XBP1	JASPAR2024|000675|MA0844.2	1e-10	0.0	1946.0	3584.0	12843.4	26315.0	0.31739808643347617	TRUE	PDX	MGH1109	MGH1109
CEBPB	JASPAR2024|000235|MA0466.4	1e-08	0.0	341.0	3584.0	1831.7	26315.0	0.4925846338125493	TRUE	PDX	MGH1109	MGH1109
ZNF75D	JASPAR2024|000169|MA1601.2	1e-05	0.0001	2509.0	3584.0	17525.5	26315.0	0.22683072781687938	FALSE	PDX	MGH1109	MGH1109
ZNF75D	CIS-BP2.00|000750|M07683_2.00	0.0001	0.0002	2245.0	3584.0	15609.7	26315.0	0.20124572586253875	FALSE	PDX	MGH1109	MGH1109
XBP1	CIS-BP2.00|000375|M04231_2.00	0.0001	0.0002	3395.0	3584.0	24491.6	26315.0	0.4161363374700998	FALSE	PDX	MGH1109	MGH1109
CEBPB	CIS-BP2.00|000866|M07830_2.00	0.001	0.0019	1688.0	3584.0	11654.1	26315.0	0.16352618875709737	FALSE	PDX	MGH1109	MGH1109
CEBPA	JASPAR2024|000234|MA0102.5	0.01	0.0266	2605.0	3584.0	18636.7	26315.0	0.13221050464360568	FALSE	PDX	MGH1109	MGH1109
CEBPA	CIS-BP2.00|000926|M08076_2.00	0.1	0.0494	1408.0	3584.0	9873.5	26315.0	0.10782879208563956	FALSE	PDX	MGH1109	MGH1109
ZNF281	JASPAR2024|000706|MA1630.3	0.1	0.0705	2917.0	3584.0	21061.9	26315.0	0.1246013427975469	FALSE	PDX	MGH1109	MGH1109
FOXA2	CIS-BP2.00|000889|M07959_2.00	0.1	0.0779	2118.0	3584.0	15123.7	26315.0	0.09624931163333567	FALSE	PDX	MGH1109	MGH1109
CREB3L2	CIS-BP2.00|000117|M01812_2.00	0.1	0.0836	1930.0	3584.0	13747.9	26315.0	0.09302469955955872	FALSE	PDX	MGH1109	MGH1109
ZNF141	CIS-BP2.00|000653|M07586_2.00	0.1	0.0885	2591.0	3584.0	18643.0	26315.0	0.10229144006735695	FALSE	PDX	MGH1109	MGH1109
FOXA1	CIS-BP2.00|000890|M07960_2.00	0.1	0.1143	1821.0	3584.0	12983.6	26315.0	0.08482180425643167	FALSE	PDX	MGH1109	MGH1109
HNF4A	JASPAR2024|000410|MA0114.5	0.1	0.1265	3435.0	3584.0	25054.4	26315.0	0.20996449890787405	FALSE	PDX	MGH1109	MGH1109
GATA6	CIS-BP2.00|000947|M08124_2.00	0.1	0.1558	2655.0	3584.0	19183.3	26315.0	0.08698730045816791	FALSE	PDX	MGH1109	MGH1109
E2F5	CIS-BP2.00|000940|M08109_2.00	0.1	0.1694	3148.0	3584.0	22882.5	26315.0	0.11387666651625704	FALSE	PDX	MGH1109	MGH1109
ZNF281	CIS-BP2.00|001020|M08321_2.00	0.1	0.1804	2900.0	3584.0	21026.3	26315.0	0.09207129900734576	FALSE	PDX	MGH1109	MGH1109
FOXA3	CIS-BP2.00|000469|M04831_2.00	0.1	0.2064	134.0	3584.0	872.9	26315.0	0.18333241190831645	FALSE	PDX	MGH1109	MGH1109
CREB3L2	JASPAR2024|000025|MA0608.1	0.1	0.2125	1902.0	3584.0	13662.9	26315.0	0.06640729715719669	FALSE	PDX	MGH1109	MGH1109
NKX2-1	JASPAR2024|000822|MA1994.2	0.1	0.2142	3407.0	3584.0	24870.6	26315.0	0.15739396465746225	FALSE	PDX	MGH1109	MGH1109
ZNF444	CIS-BP2.00|000420|M04529_2.00	1.0	0.2524	1240.0	3584.0	8845.4	26315.0	0.06344848428426512	FALSE	PDX	MGH1109	MGH1109
ZNF19	CIS-BP2.00|000670|M07603_2.00	1.0	0.2672	3567.0	3584.0	26136.6	26315.0	0.4806128169341322	FALSE	PDX	MGH1109	MGH1109
ELF3	JASPAR2024|000276|MA0640.3	1.0	0.2949	3571.0	3584.0	26172.4	26315.0	0.5325205999121513	FALSE	PDX	MGH1109	MGH1109
GATA6	JASPAR2024|000382|MA1104.3	1.0	0.3189	2933.0	3584.0	21346.9	26315.0	0.06763684683725353	FALSE	PDX	MGH1109	MGH1109
FOXA3	JASPAR2024|000358|MA1683.2	1.0	0.3375	3159.0	3584.0	23040.9	26315.0	0.07762744488023342	FALSE	PDX	MGH1109	MGH1109
ZNF341	JASPAR2024|000712|MA1655.2	1.0	0.4647	3583.0	3584.0	26285.4	26315.0	1.4518812087490203	FALSE	PDX	MGH1109	MGH1109
FOXA2	JASPAR2024|000357|MA0047.4	1.0	0.516	2753.0	3584.0	20094.5	26315.0	0.035860273832741214	FALSE	PDX	MGH1109	MGH1109
ZNF33A	CIS-BP2.00|000762|M07695_2.00	1.0	0.5447	3229.0	3584.0	23625.3	26315.0	0.04881151107603847	FALSE	PDX	MGH1109	MGH1109
FOXD2	CIS-BP2.00|000235|M03042_2.00	1.0	0.71	1399.0	3584.0	10220.9	26315.0	0.01193201846914387	FALSE	PDX	MGH1109	MGH1109
ETV1	JASPAR2024|000652|MA1966.2	1.0	0.8777	3452.0	3584.0	25348.5	26315.0	-0.008691985436858986	FALSE	PDX	MGH1109	MGH1109
ZNF341	CIS-BP2.00|001017|M08310_2.00	1.0	0.923	3574.0	3584.0	26234.9	26315.0	0.0646890819169033	FALSE	PDX	MGH1109	MGH1109
FOXA1	JASPAR2024|000356|MA0148.5	1.0	0.9884	2831.0	3584.0	20868.9	26315.0	-0.028074186185098344	FALSE	PDX	MGH1109	MGH1109
FOXD2	JASPAR2024|000361|MA0847.4	1.0	1.0	1283.0	3584.0	9653.0	26315.0	-0.05501028122801502	FALSE	PDX	MGH1109	MGH1109
NFATC4	CIS-BP2.00|000101|M01306_2.00	1.0	1.0	3584.0	3584.0	26305.1	26315.0	1.5029854639272093	FALSE	PDX	MGH1109	MGH1109
NR3C2	CIS-BP2.00|000154|M02395_2.00	1.0	1.0	3584.0	3584.0	26305.1	26315.0	1.5029854639272093	FALSE	PDX	MGH1109	MGH1109
ETV1	CIS-BP2.00|000457|M04708_2.00	1.0	1.0	3573.0	3584.0	26246.6	26315.0	-0.2938782153760342	FALSE	PDX	MGH1109	MGH1109
ZBTB18	CIS-BP2.00|000988|M08257_2.00	1.0	1.0	3079.0	3584.0	22797.3	26315.0	-0.08907207582901996	FALSE	PDX	MGH1109	MGH1109
ZBTB18	JASPAR2024|000681|MA0698.2	1.0	1.0	1835.0	3584.0	13771.0	26315.0	-0.06540028857422088	FALSE	PDX	MGH1109	MGH1109
ZNF540	CIS-BP2.00|000701|M07634_2.00	1.0	1.0	782.0	3584.0	5993.6	26315.0	-0.0791314801525291	FALSE	PDX	MGH1109	MGH1109
HNF4A	JASPAR2024|000409|MA1494.2	1.0	1.0	347.0	3584.0	2783.4	26315.0	-0.14034453214604534	FALSE	PDX	MGH1109	MGH1109
NR3C2	JASPAR2024|000539|MA0727.2	1.0	1.0	207.0	3584.0	1721.3	26315.0	-0.1884438778469504	FALSE	PDX	MGH1109	MGH1109
ZNF33B	CIS-BP2.00|000777|M07710_2.00	1.0	1.0	1175.0	3584.0	9026.4	26315.0	-0.09789902238683058	FALSE	PDX	MGH1109	MGH1109
HNF4A	CIS-BP2.00|000974|M08219_2.00	1.0	1.0	3195.0	3584.0	23741.5	26315.0	-0.16901105849299838	FALSE	PDX	MGH1109	MGH1109
ETV1	JASPAR2024|000311|MA0761.3	1.0	1.0	3539.0	3584.0	26069.6	26315.0	-0.4466453517378839	FALSE	PDX	MGH1109	MGH1109
ZNF254	CIS-BP2.00|000827|M07760_2.00	1.0	1.0	470.0	3584.0	3818.3	26315.0	-0.16817975901490062	FALSE	PDX	MGH1109	MGH1109
ELF3	CIS-BP2.00|000227|M03002_2.00	1e-28	0.0	1710.0	3584.0	10199.1	26509.0	0.5451918671370846	TRUE	PDX	MGH1112	MGH1112
XBP1	JASPAR2024|000675|MA0844.2	1e-10	0.0	1935.0	3584.0	12832.2	26509.0	0.3226362440132194	TRUE	PDX	MGH1112	MGH1112
FOXA3	CIS-BP2.00|000469|M04831_2.00	1e-10	0.0	190.0	3584.0	837.9	26509.0	0.7810545060737264	TRUE	PDX	MGH1112	MGH1112
NFATC4	JASPAR2024|000506|MA1525.3	1e-10	0.0	2691.0	3584.0	18583.2	26509.0	0.3615524987714811	TRUE	PDX	MGH1112	MGH1112
CEBPB	JASPAR2024|000235|MA0466.4	1e-08	0.0	338.0	3584.0	1801.5	26509.0	0.5156498490876917	TRUE	PDX	MGH1112	MGH1112
CEBPB	CIS-BP2.00|000866|M07830_2.00	1e-08	0.0	1744.0	3584.0	11636.8	26509.0	0.2766260531375324	TRUE	PDX	MGH1112	MGH1112
CREB3L2	CIS-BP2.00|000117|M01812_2.00	1e-06	0.0	2022.0	3584.0	13850.7	26509.0	0.24241319311232873	TRUE	PDX	MGH1112	MGH1112
CREB3L2	JASPAR2024|000025|MA0608.1	1e-05	0.0	1997.0	3584.0	13765.1	26509.0	0.22023487093772975	TRUE	PDX	MGH1112	MGH1112
XBP1	CIS-BP2.00|000375|M04231_2.00	1e-05	0.0	3399.0	3584.0	24652.8	26509.0	0.46486333728187673	TRUE	PDX	MGH1112	MGH1112
CEBPA	JASPAR2024|000234|MA0102.5	0.0001	0.0001	2660.0	3584.0	18832.8	26509.0	0.23022454022906141	FALSE	PDX	MGH1112	MGH1112
CEBPA	CIS-BP2.00|000926|M08076_2.00	0.0001	0.0002	1449.0	3584.0	9852.6	26509.0	0.19845175808408116	FALSE	PDX	MGH1112	MGH1112
ZNF444	CIS-BP2.00|000420|M04529_2.00	0.01	0.0083	1278.0	3584.0	8849.8	26509.0	0.14540943871489403	FALSE	PDX	MGH1112	MGH1112
NKX2-1	JASPAR2024|000822|MA1994.2	0.01	0.0093	3434.0	3584.0	25133.2	26509.0	0.32150850442690565	FALSE	PDX	MGH1112	MGH1112
ZNF33A	CIS-BP2.00|000762|M07695_2.00	0.01	0.0161	3279.0	3584.0	23918.2	26509.0	0.21784056383106315	FALSE	PDX	MGH1112	MGH1112
FOXA1	CIS-BP2.00|000890|M07960_2.00	0.01	0.0189	1856.0	3584.0	13162.3	26509.0	0.1231354212302269	FALSE	PDX	MGH1112	MGH1112
ELF3	JASPAR2024|000276|MA0640.3	0.01	0.0219	3577.0	3584.0	26394.1	26509.0	1.0603896875278425	FALSE	PDX	MGH1112	MGH1112
FOXA2	JASPAR2024|000357|MA0047.4	0.1	0.089	2800.0	3584.0	20369.6	26509.0	0.10567307709780853	FALSE	PDX	MGH1112	MGH1112
ZNF75D	JASPAR2024|000169|MA1601.2	0.1	0.128	2468.0	3584.0	17916.9	26509.0	0.08445673308140281	FALSE	PDX	MGH1112	MGH1112
ZNF141	CIS-BP2.00|000653|M07586_2.00	0.1	0.1662	2584.0	3584.0	18819.6	26509.0	0.07792648375357314	FALSE	PDX	MGH1112	MGH1112
FOXA2	CIS-BP2.00|000889|M07959_2.00	1.0	0.2775	2103.0	3584.0	15315.6	26509.0	0.05339697168725067	FALSE	PDX	MGH1112	MGH1112
FOXA3	JASPAR2024|000358|MA1683.2	1.0	0.3357	3169.0	3584.0	23306.5	26509.0	0.0680672716308707	FALSE	PDX	MGH1112	MGH1112
HNF4A	JASPAR2024|000409|MA1494.2	1.0	0.338	409.0	3584.0	2892.2	26509.0	0.07430701269364862	FALSE	PDX	MGH1112	MGH1112
ZNF75D	CIS-BP2.00|000750|M07683_2.00	1.0	0.3488	2183.0	3584.0	15949.7	26509.0	0.044678783318986504	FALSE	PDX	MGH1112	MGH1112
GATA6	JASPAR2024|000382|MA1104.3	1.0	0.3488	2940.0	3584.0	21591.9	26509.0	0.05531191395250024	FALSE	PDX	MGH1112	MGH1112
FOXA1	JASPAR2024|000356|MA0148.5	1.0	0.3488	2872.0	3584.0	21082.6	26509.0	0.053458191073480196	FALSE	PDX	MGH1112	MGH1112
FOXD2	JASPAR2024|000361|MA0847.4	1.0	0.4171	1324.0	3584.0	9632.2	26509.0	0.037877908381934215	FALSE	PDX	MGH1112	MGH1112
ETV1	JASPAR2024|000652|MA1966.2	1.0	0.4484	3465.0	3584.0	25577.5	26509.0	0.07955129909675965	FALSE	PDX	MGH1112	MGH1112
ZNF281	JASPAR2024|000706|MA1630.3	1.0	0.5135	2889.0	3584.0	21278.3	26509.0	0.030494489981507333	FALSE	PDX	MGH1112	MGH1112
ETV1	JASPAR2024|000311|MA0761.3	1.0	0.6451	3555.0	3584.0	26289.9	26509.0	0.009679463875123528	FALSE	PDX	MGH1112	MGH1112
ZNF281	CIS-BP2.00|001020|M08321_2.00	1.0	0.6603	2878.0	3584.0	21254.9	26509.0	0.010379187720746464	FALSE	PDX	MGH1112	MGH1112
ETV1	CIS-BP2.00|000457|M04708_2.00	1.0	0.6823	3577.0	3584.0	26458.7	26509.0	-0.1268797737186538	FALSE	PDX	MGH1112	MGH1112
FOXD2	CIS-BP2.00|000235|M03042_2.00	1.0	0.7148	1364.0	3584.0	10072.8	26509.0	0.003872115388222237	FALSE	PDX	MGH1112	MGH1112
HNF4A	JASPAR2024|000410|MA0114.5	1.0	0.7463	3423.0	3584.0	25321.6	26509.0	-0.008045815044841271	FALSE	PDX	MGH1112	MGH1112
ZNF19	CIS-BP2.00|000670|M07603_2.00	1.0	0.905	3561.0	3584.0	26359.6	26509.0	-0.21453122659890508	FALSE	PDX	MGH1112	MGH1112
ZNF341	JASPAR2024|000712|MA1655.2	1.0	0.9371	3581.0	3584.0	26498.8	26509.0	-1.2751344336278152	FALSE	PDX	MGH1112	MGH1112
ZBTB18	JASPAR2024|000681|MA0698.2	1.0	1.0	1892.0	3584.0	14180.8	26509.0	-0.04083164135125068	FALSE	PDX	MGH1112	MGH1112
GATA6	CIS-BP2.00|000947|M08124_2.00	1.0	1.0	2606.0	3584.0	19454.3	26509.0	-0.049897159299170525	FALSE	PDX	MGH1112	MGH1112
E2F5	CIS-BP2.00|000940|M08109_2.00	1.0	1.0	3087.0	3584.0	22978.1	26509.0	-0.06830804788244373	FALSE	PDX	MGH1112	MGH1112
NFATC4	CIS-BP2.00|000101|M01306_2.00	1.0	1.0	3584.0	3584.0	26518.4	26509.0	-2.8871771366079217	FALSE	PDX	MGH1112	MGH1112
NR3C2	CIS-BP2.00|000154|M02395_2.00	1.0	1.0	3584.0	3584.0	26518.4	26509.0	-2.8871771366079217	FALSE	PDX	MGH1112	MGH1112
ZNF33B	CIS-BP2.00|000777|M07710_2.00	1.0	1.0	1185.0	3584.0	9042.5	26509.0	-0.06747967591405687	FALSE	PDX	MGH1112	MGH1112
NR3C2	JASPAR2024|000539|MA0727.2	1.0	1.0	221.0	3584.0	1795.3	26509.0	-0.14194303694231591	FALSE	PDX	MGH1112	MGH1112
ZNF341	CIS-BP2.00|001017|M08310_2.00	1.0	1.0	3571.0	3584.0	26456.5	26509.0	-0.9160145026350786	FALSE	PDX	MGH1112	MGH1112
ZBTB18	CIS-BP2.00|000988|M08257_2.00	1.0	1.0	3076.0	3584.0	23024.2	26509.0	-0.12685729783427946	FALSE	PDX	MGH1112	MGH1112
ZNF254	CIS-BP2.00|000827|M07760_2.00	1.0	1.0	482.0	3584.0	3898.5	26509.0	-0.1489816242018294	FALSE	PDX	MGH1112	MGH1112
HNF4A	CIS-BP2.00|000974|M08219_2.00	1.0	1.0	3194.0	3584.0	23987.9	26509.0	-0.21772990348948598	FALSE	PDX	MGH1112	MGH1112
ZNF540	CIS-BP2.00|000701|M07634_2.00	1.0	1.0	740.0	3584.0	6013.4	26509.0	-0.17262680460261826	FALSE	PDX	MGH1112	MGH1112
ELF3	CIS-BP2.00|000227|M03002_2.00	1e-26	0.0	1730.0	3584.0	10230.7	26008.0	0.5250793625525796	TRUE	PDX	MGH1139	MGH1139
NFATC4	JASPAR2024|000506|MA1525.3	1e-11	0.0	2736.0	3584.0	18512.6	26008.0	0.3849724101754198	TRUE	PDX	MGH1139	MGH1139
XBP1	JASPAR2024|000675|MA0844.2	1e-08	0.0	1920.0	3584.0	12672.6	26008.0	0.2799388156985175	TRUE	PDX	MGH1139	MGH1139
CEBPB	JASPAR2024|000235|MA0466.4	1e-07	0.0	334.0	3584.0	1801.5	26008.0	0.4671698412024171	TRUE	PDX	MGH1139	MGH1139
ZNF281	JASPAR2024|000706|MA1630.3	1e-05	0.0	2989.0	3584.0	20919.9	26008.0	0.2881610562204152	TRUE	PDX	MGH1139	MGH1139
HNF4A	JASPAR2024|000409|MA1494.2	1e-05	0.0	466.0	3584.0	2771.7	26008.0	0.3264048830332677	TRUE	PDX	MGH1139	MGH1139
ZNF281	CIS-BP2.00|001020|M08321_2.00	0.0001	0.0001	2976.0	3584.0	20896.5	26008.0	0.2589516256823506	FALSE	PDX	MGH1139	MGH1139
ZNF33A	CIS-BP2.00|000762|M07695_2.00	0.001	0.0023	3241.0	3584.0	23076.7	26008.0	0.261669973983381	FALSE	PDX	MGH1139	MGH1139
ZNF75D	JASPAR2024|000169|MA1601.2	0.001	0.0034	2492.0	3584.0	17444.0	26008.0	0.16362890636031197	FALSE	PDX	MGH1139	MGH1139
ZNF75D	CIS-BP2.00|000750|M07683_2.00	0.001	0.0037	2234.0	3584.0	15549.9	26008.0	0.15419645760394352	FALSE	PDX	MGH1139	MGH1139
FOXA1	CIS-BP2.00|000890|M07960_2.00	0.01	0.0076	1825.0	3584.0	12621.2	26008.0	0.13808493854717876	FALSE	PDX	MGH1139	MGH1139
E2F5	CIS-BP2.00|000940|M08109_2.00	0.01	0.0117	3198.0	3584.0	22825.4	26008.0	0.20668780518300378	FALSE	PDX	MGH1139	MGH1139
XBP1	CIS-BP2.00|000375|M04231_2.00	0.01	0.0186	3377.0	3584.0	24232.0	26008.0	0.25493887043609964	FALSE	PDX	MGH1139	MGH1139
CEBPB	CIS-BP2.00|000866|M07830_2.00	0.01	0.0225	1645.0	3584.0	11410.6	26008.0	0.11816422350840504	FALSE	PDX	MGH1139	MGH1139
GATA6	JASPAR2024|000382|MA1104.3	0.1	0.0486	2964.0	3584.0	21154.0	26008.0	0.13271570900460422	FALSE	PDX	MGH1139	MGH1139
CREB3L2	CIS-BP2.00|000117|M01812_2.00	0.1	0.0502	1921.0	3584.0	13486.8	26008.0	0.10083998576241182	FALSE	PDX	MGH1139	MGH1139
CREB3L2	JASPAR2024|000025|MA0608.1	0.1	0.07	1905.0	3584.0	13405.0	26008.0	0.09313720913371187	FALSE	PDX	MGH1139	MGH1139
ZNF444	CIS-BP2.00|000420|M04529_2.00	0.1	0.0923	1274.0	3584.0	8875.8	26008.0	0.09044847888829319	FALSE	PDX	MGH1139	MGH1139
CEBPA	JASPAR2024|000234|MA0102.5	0.1	0.0992	2562.0	3584.0	18244.4	26008.0	0.09284852279225032	FALSE	PDX	MGH1139	MGH1139
ZNF341	JASPAR2024|000712|MA1655.2	0.1	0.0992	3584.0	3584.0	25983.0	26008.0	2.81467336313157	FALSE	PDX	MGH1139	MGH1139
ZNF141	CIS-BP2.00|000653|M07586_2.00	0.1	0.1028	2588.0	3584.0	18439.9	26008.0	0.09240302551781059	FALSE	PDX	MGH1139	MGH1139
FOXA3	CIS-BP2.00|000469|M04831_2.00	0.1	0.1028	141.0	3584.0	883.2	26008.0	0.22443860918182879	FALSE	PDX	MGH1139	MGH1139
FOXA2	CIS-BP2.00|000889|M07959_2.00	0.1	0.1045	2078.0	3584.0	14709.0	26008.0	0.08385280233573689	FALSE	PDX	MGH1139	MGH1139
FOXA2	JASPAR2024|000357|MA0047.4	0.1	0.1714	2757.0	3584.0	19740.2	26008.0	0.08150265426556436	FALSE	PDX	MGH1139	MGH1139
GATA6	CIS-BP2.00|000947|M08124_2.00	0.1	0.1881	2666.0	3584.0	19083.7	26008.0	0.07506130018618018	FALSE	PDX	MGH1139	MGH1139
FOXA3	JASPAR2024|000358|MA1683.2	1.0	0.2794	3158.0	3584.0	22758.6	26008.0	0.08064564957340317	FALSE	PDX	MGH1139	MGH1139
ETV1	JASPAR2024|000652|MA1966.2	1.0	0.3256	3461.0	3584.0	25032.8	26008.0	0.12754735374848775	FALSE	PDX	MGH1139	MGH1139
NKX2-1	JASPAR2024|000822|MA1994.2	1.0	0.3515	3392.0	3584.0	24520.5	26008.0	0.09684708097231717	FALSE	PDX	MGH1139	MGH1139
ETV1	CIS-BP2.00|000457|M04708_2.00	1.0	0.3844	3580.0	3584.0	25958.5	26008.0	0.6159293520881542	FALSE	PDX	MGH1139	MGH1139
ZNF19	CIS-BP2.00|000670|M07603_2.00	1.0	0.4117	3567.0	3584.0	25854.9	26008.0	0.2762710992697998	FALSE	PDX	MGH1139	MGH1139
CEBPA	CIS-BP2.00|000926|M08076_2.00	1.0	0.4854	1348.0	3584.0	9655.9	26008.0	0.030075456470179392	FALSE	PDX	MGH1139	MGH1139
HNF4A	JASPAR2024|000410|MA0114.5	1.0	0.4923	3418.0	3584.0	24744.6	26008.0	0.06858069731995596	FALSE	PDX	MGH1139	MGH1139
ZNF341	CIS-BP2.00|001017|M08310_2.00	1.0	0.7508	3574.0	3584.0	25928.3	26008.0	0.07447082718324888	FALSE	PDX	MGH1139	MGH1139
FOXA1	JASPAR2024|000356|MA0148.5	1.0	0.7963	2837.0	3584.0	20595.2	26008.0	-0.003288004727977324	FALSE	PDX	MGH1139	MGH1139
FOXD2	CIS-BP2.00|000235|M03042_2.00	1.0	0.7998	1394.0	3584.0	10130.6	26008.0	-0.0032829905484695085	FALSE	PDX	MGH1139	MGH1139
ELF3	JASPAR2024|000276|MA0640.3	1.0	0.8387	3568.0	3584.0	25890.1	26008.0	-0.01590757028639566	FALSE	PDX	MGH1139	MGH1139
ETV1	JASPAR2024|000311|MA0761.3	1.0	0.881	3551.0	3584.0	25773.3	26008.0	-0.04774980892554108	FALSE	PDX	MGH1139	MGH1139
NR3C2	JASPAR2024|000539|MA0727.2	1.0	0.8979	233.0	3584.0	1722.5	26008.0	-0.026182193496863265	FALSE	PDX	MGH1139	MGH1139
HNF4A	CIS-BP2.00|000974|M08219_2.00	1.0	0.9374	3225.0	3584.0	23450.8	26008.0	-0.03128979688355019	FALSE	PDX	MGH1139	MGH1139
ZNF540	CIS-BP2.00|000701|M07634_2.00	1.0	0.9375	812.0	3584.0	5966.4	26008.0	-0.022767564922378133	FALSE	PDX	MGH1139	MGH1139
FOXD2	JASPAR2024|000361|MA0847.4	1.0	0.9423	1300.0	3584.0	9521.0	26008.0	-0.020700159923221943	FALSE	PDX	MGH1139	MGH1139
ZNF254	CIS-BP2.00|000827|M07760_2.00	1.0	1.0	485.0	3584.0	3662.5	26008.0	-0.0655733015395203	FALSE	PDX	MGH1139	MGH1139
NFATC4	CIS-BP2.00|000101|M01306_2.00	1.0	1.0	3584.0	3584.0	26006.7	26008.0	-1.0110703796323504	FALSE	PDX	MGH1139	MGH1139
NR3C2	CIS-BP2.00|000154|M02395_2.00	1.0	1.0	3584.0	3584.0	26006.7	26008.0	-1.0110703796323504	FALSE	PDX	MGH1139	MGH1139
ZNF33B	CIS-BP2.00|000777|M07710_2.00	1.0	1.0	1202.0	3584.0	9066.3	26008.0	-0.08448346134484176	FALSE	PDX	MGH1139	MGH1139
ZBTB18	JASPAR2024|000681|MA0698.2	1.0	1.0	1641.0	3584.0	13044.1	26008.0	-0.25253962478891895	FALSE	PDX	MGH1139	MGH1139
ZBTB18	CIS-BP2.00|000988|M08257_2.00	1.0	1.0	2952.0	3584.0	22247.2	26008.0	-0.34155323620414385	FALSE	PDX	MGH1139	MGH1139
ELF3	CIS-BP2.00|000227|M03002_2.00	1e-30	0.0	1745.0	3584.0	10149.2	25941.0	0.5621108964995554	TRUE	PDX	MGH1174	MGH1174
CEBPB	JASPAR2024|000235|MA0466.4	1e-18	0.0	393.0	3584.0	1797.8	25941.0	0.7271420552647311	TRUE	PDX	MGH1174	MGH1174
NFATC4	JASPAR2024|000506|MA1525.3	1e-10	0.0	2732.0	3584.0	18548.1	25941.0	0.35344933024746594	TRUE	PDX	MGH1174	MGH1174
XBP1	JASPAR2024|000675|MA0844.2	1e-06	0.0	1914.0	3584.0	12738.3	25941.0	0.24834592741366227	TRUE	PDX	MGH1174	MGH1174
CEBPB	CIS-BP2.00|000866|M07830_2.00	0.0001	0.0001	1697.0	3584.0	11395.6	25941.0	0.19900730687358809	FALSE	PDX	MGH1174	MGH1174
XBP1	CIS-BP2.00|000375|M04231_2.00	0.001	0.0005	3398.0	3584.0	24204.6	25941.0	0.38692613277754073	FALSE	PDX	MGH1174	MGH1174
E2F5	CIS-BP2.00|000940|M08109_2.00	0.001	0.0009	3216.0	3584.0	22784.1	25941.0	0.2745050683621891	FALSE	PDX	MGH1174	MGH1174
CEBPA	JASPAR2024|000234|MA0102.5	0.001	0.0015	2608.0	3584.0	18211.8	25941.0	0.1810996822730183	FALSE	PDX	MGH1174	MGH1174
ZNF281	JASPAR2024|000706|MA1630.3	0.01	0.0046	2947.0	3584.0	20814.0	25941.0	0.18773315505431107	FALSE	PDX	MGH1174	MGH1174
FOXA3	JASPAR2024|000358|MA1683.2	0.01	0.0106	3191.0	3584.0	22713.0	25941.0	0.20518500621539837	FALSE	PDX	MGH1174	MGH1174
ZNF141	CIS-BP2.00|000653|M07586_2.00	0.01	0.0224	2607.0	3584.0	18395.2	25941.0	0.12997143002878006	FALSE	PDX	MGH1174	MGH1174
GATA6	JASPAR2024|000382|MA1104.3	0.01	0.0229	2964.0	3584.0	21048.7	25941.0	0.1512524951988921	FALSE	PDX	MGH1174	MGH1174
CREB3L2	CIS-BP2.00|000117|M01812_2.00	0.1	0.0321	1938.0	3584.0	13535.7	25941.0	0.1097302051405782	FALSE	PDX	MGH1174	MGH1174
ZNF281	CIS-BP2.00|001020|M08321_2.00	0.1	0.0327	2926.0	3584.0	20790.1	25941.0	0.139026012311741	FALSE	PDX	MGH1174	MGH1174
FOXA2	JASPAR2024|000357|MA0047.4	0.1	0.0339	2782.0	3584.0	19723.4	25941.0	0.12840927022014997	FALSE	PDX	MGH1174	MGH1174
FOXA1	JASPAR2024|000356|MA0148.5	0.1	0.0371	2896.0	3584.0	20577.9	25941.0	0.13292484536571525	FALSE	PDX	MGH1174	MGH1174
CEBPA	CIS-BP2.00|000926|M08076_2.00	0.1	0.0436	1401.0	3584.0	9692.1	25941.0	0.10576004200409875	FALSE	PDX	MGH1174	MGH1174
FOXA1	CIS-BP2.00|000890|M07960_2.00	0.1	0.0517	1807.0	3584.0	12634.8	25941.0	0.09883900264079856	FALSE	PDX	MGH1174	MGH1174
FOXA3	CIS-BP2.00|000469|M04831_2.00	0.1	0.0569	147.0	3584.0	899.3	25941.0	0.25604027997942536	FALSE	PDX	MGH1174	MGH1174
ZNF341	CIS-BP2.00|001017|M08310_2.00	0.1	0.0683	3579.0	3584.0	25860.4	25941.0	1.029255891423187	FALSE	PDX	MGH1174	MGH1174
CREB3L2	JASPAR2024|000025|MA0608.1	0.1	0.0891	1912.0	3584.0	13452.9	25941.0	0.08609447076870942	FALSE	PDX	MGH1174	MGH1174
ELF3	JASPAR2024|000276|MA0640.3	0.1	0.1166	3574.0	3584.0	25821.2	25941.0	0.6654047816864033	FALSE	PDX	MGH1174	MGH1174
FOXA2	CIS-BP2.00|000889|M07959_2.00	0.1	0.135	2078.0	3584.0	14707.5	25941.0	0.07561270140522329	FALSE	PDX	MGH1174	MGH1174
ETV1	CIS-BP2.00|000457|M04708_2.00	0.1	0.1814	3581.0	3584.0	25893.2	25941.0	0.9326310796496027	FALSE	PDX	MGH1174	MGH1174
NKX2-1	JASPAR2024|000822|MA1994.2	0.1	0.1858	3394.0	3584.0	24428.1	25941.0	0.1426302525476052	FALSE	PDX	MGH1174	MGH1174
GATA6	CIS-BP2.00|000947|M08124_2.00	1.0	0.255	2647.0	3584.0	18938.9	25941.0	0.06231204747952653	FALSE	PDX	MGH1174	MGH1174
ETV1	JASPAR2024|000652|MA1966.2	1.0	0.2755	3462.0	3584.0	24967.3	25941.0	0.14125350425396213	FALSE	PDX	MGH1174	MGH1174
ETV1	JASPAR2024|000311|MA0761.3	1.0	0.3394	3558.0	3584.0	25714.8	25941.0	0.24343428280377483	FALSE	PDX	MGH1174	MGH1174
ZNF444	CIS-BP2.00|000420|M04529_2.00	1.0	0.3577	1243.0	3584.0	8815.8	25941.0	0.04489120615095071	FALSE	PDX	MGH1174	MGH1174
ZNF75D	JASPAR2024|000169|MA1601.2	1.0	0.3755	2424.0	3584.0	17374.1	25941.0	0.04289031931998281	FALSE	PDX	MGH1174	MGH1174
FOXD2	JASPAR2024|000361|MA0847.4	1.0	0.3793	1359.0	3584.0	9663.5	25941.0	0.04117774425043416	FALSE	PDX	MGH1174	MGH1174
HNF4A	JASPAR2024|000410|MA0114.5	1.0	0.3888	3418.0	3584.0	24663.7	25941.0	0.08908479947050517	FALSE	PDX	MGH1174	MGH1174
ZNF75D	CIS-BP2.00|000750|M07683_2.00	1.0	0.4537	2159.0	3584.0	15487.0	25941.0	0.032249059722137735	FALSE	PDX	MGH1174	MGH1174
HNF4A	JASPAR2024|000409|MA1494.2	1.0	0.5521	387.0	3584.0	2740.7	25941.0	0.036618911768112515	FALSE	PDX	MGH1174	MGH1174
ZNF341	JASPAR2024|000712|MA1655.2	1.0	0.6533	3582.0	3584.0	25921.0	25941.0	0.18051331422757974	FALSE	PDX	MGH1174	MGH1174
ZNF33A	CIS-BP2.00|000762|M07695_2.00	1.0	0.7689	3192.0	3584.0	23104.5	25941.0	-0.0018449729684410117	FALSE	PDX	MGH1174	MGH1174
ZNF19	CIS-BP2.00|000670|M07603_2.00	1.0	0.7735	3561.0	3584.0	25773.4	25941.0	-0.016766898293688492	FALSE	PDX	MGH1174	MGH1174
FOXD2	CIS-BP2.00|000235|M03042_2.00	1.0	0.9439	1401.0	3584.0	10237.9	25941.0	-0.0225657331231686	FALSE	PDX	MGH1174	MGH1174
NR3C2	JASPAR2024|000539|MA0727.2	1.0	1.0	230.0	3584.0	1748.8	25941.0	-0.07353693291438101	FALSE	PDX	MGH1174	MGH1174
HNF4A	CIS-BP2.00|000974|M08219_2.00	1.0	1.0	3204.0	3584.0	23311.9	25941.0	-0.07405135919145	FALSE	PDX	MGH1174	MGH1174
NFATC4	CIS-BP2.00|000101|M01306_2.00	1.0	1.0	3584.0	3584.0	25943.9	25941.0	-2.8555793746422062	FALSE	PDX	MGH1174	MGH1174
NR3C2	CIS-BP2.00|000154|M02395_2.00	1.0	1.0	3584.0	3584.0	25943.9	25941.0	-2.8555793746422062	FALSE	PDX	MGH1174	MGH1174
ZBTB18	CIS-BP2.00|000988|M08257_2.00	1.0	1.0	3006.0	3584.0	22158.9	25941.0	-0.17277259626938185	FALSE	PDX	MGH1174	MGH1174
ZNF540	CIS-BP2.00|000701|M07634_2.00	1.0	1.0	758.0	3584.0	5955.9	25941.0	-0.1513472719407406	FALSE	PDX	MGH1174	MGH1174
ZNF254	CIS-BP2.00|000827|M07760_2.00	1.0	1.0	444.0	3584.0	3619.8	25941.0	-0.19647319733058957	FALSE	PDX	MGH1174	MGH1174
ZNF33B	CIS-BP2.00|000777|M07710_2.00	1.0	1.0	1135.0	3584.0	9019.5	25941.0	-0.20145883446057372	FALSE	PDX	MGH1174	MGH1174
ZBTB18	JASPAR2024|000681|MA0698.2	1.0	1.0	1672.0	3584.0	12971.3	25941.0	-0.19363149639182195	FALSE	PDX	MGH1174	MGH1174
ELF3	CIS-BP2.00|000227|M03002_2.00	1e-36	0.0	1773.0	3583.0	10302.9	26398.0	0.6137570227513678	TRUE	PDX	MGH1181	MGH1181
NFATC4	JASPAR2024|000506|MA1525.3	1e-14	0.0	2752.0	3583.0	18761.6	26398.0	0.4301921184831657	TRUE	PDX	MGH1181	MGH1181
XBP1	JASPAR2024|000675|MA0844.2	1e-08	0.0	1906.0	3583.0	12793.2	26398.0	0.27334897437788064	TRUE	PDX	MGH1181	MGH1181
CREB3L2	CIS-BP2.00|000117|M01812_2.00	0.0001	0.0001	1992.0	3583.0	13746.0	26398.0	0.20455070116268723	FALSE	PDX	MGH1181	MGH1181
XBP1	CIS-BP2.00|000375|M04231_2.00	0.0001	0.0001	3394.0	3583.0	24549.2	26398.0	0.4322751250019731	FALSE	PDX	MGH1181	MGH1181
ZNF75D	JASPAR2024|000169|MA1601.2	0.0001	0.0003	2534.0	3583.0	17874.6	26398.0	0.20363325744730568	FALSE	PDX	MGH1181	MGH1181
ZNF75D	CIS-BP2.00|000750|M07683_2.00	0.0001	0.0004	2276.0	3583.0	15947.2	26398.0	0.19034054659302427	FALSE	PDX	MGH1181	MGH1181
CREB3L2	JASPAR2024|000025|MA0608.1	0.0001	0.0004	1969.0	3583.0	13666.1	26398.0	0.18459199092808645	FALSE	PDX	MGH1181	MGH1181
ZNF141	CIS-BP2.00|000653|M07586_2.00	0.001	0.0006	2650.0	3583.0	18792.5	26398.0	0.200557068940808	FALSE	PDX	MGH1181	MGH1181
CEBPB	CIS-BP2.00|000866|M07830_2.00	0.001	0.0013	1676.0	3583.0	11591.6	26398.0	0.16689710744441974	FALSE	PDX	MGH1181	MGH1181
GATA6	JASPAR2024|000382|MA1104.3	0.001	0.0015	2999.0	3583.0	21516.2	26398.0	0.21962312326817346	FALSE	PDX	MGH1181	MGH1181
CEBPB	JASPAR2024|000235|MA0466.4	0.01	0.0114	287.0	3583.0	1803.6	26398.0	0.2497067555545703	FALSE	PDX	MGH1181	MGH1181
CEBPA	JASPAR2024|000234|MA0102.5	0.01	0.0133	2603.0	3583.0	18643.6	26398.0	0.14332379794601743	FALSE	PDX	MGH1181	MGH1181
ZNF33A	CIS-BP2.00|000762|M07695_2.00	0.01	0.015	3268.0	3583.0	23731.2	26398.0	0.21955334017915654	FALSE	PDX	MGH1181	MGH1181
ZNF281	JASPAR2024|000706|MA1630.3	0.01	0.0227	2947.0	3583.0	21287.0	26398.0	0.15307148988830632	FALSE	PDX	MGH1181	MGH1181
ETV1	JASPAR2024|000311|MA0761.3	0.01	0.0266	3565.0	3583.0	26166.7	26398.0	0.7717001413716145	FALSE	PDX	MGH1181	MGH1181
FOXA1	CIS-BP2.00|000890|M07960_2.00	0.1	0.0554	1825.0	3583.0	12991.9	26398.0	0.09922178579301119	FALSE	PDX	MGH1181	MGH1181
ZNF281	CIS-BP2.00|001020|M08321_2.00	0.1	0.0561	2933.0	3583.0	21250.9	26398.0	0.12741600048947896	FALSE	PDX	MGH1181	MGH1181
GATA6	CIS-BP2.00|000947|M08124_2.00	0.1	0.0655	2687.0	3583.0	19412.8	26398.0	0.10932048165771173	FALSE	PDX	MGH1181	MGH1181
FOXA2	JASPAR2024|000357|MA0047.4	0.1	0.0913	2788.0	3583.0	20204.5	26398.0	0.10378637191343129	FALSE	PDX	MGH1181	MGH1181
NKX2-1	JASPAR2024|000822|MA1994.2	0.1	0.0964	3411.0	3583.0	24951.4	26398.0	0.1978247993916738	FALSE	PDX	MGH1181	MGH1181
FOXA3	JASPAR2024|000358|MA1683.2	0.1	0.1012	3183.0	3583.0	23199.4	26398.0	0.132359024823396	FALSE	PDX	MGH1181	MGH1181
FOXA1	JASPAR2024|000356|MA0148.5	0.1	0.1013	2898.0	3583.0	21042.5	26398.0	0.10596538283618678	FALSE	PDX	MGH1181	MGH1181
ETV1	JASPAR2024|000652|MA1966.2	0.1	0.1028	3475.0	3583.0	25458.5	26398.0	0.24208241119327747	FALSE	PDX	MGH1181	MGH1181
CEBPA	CIS-BP2.00|000926|M08076_2.00	0.1	0.1037	1381.0	3583.0	9807.9	26398.0	0.08536988496796916	FALSE	PDX	MGH1181	MGH1181
ZNF341	JASPAR2024|000712|MA1655.2	0.1	0.115	3584.0	3583.0	26380.2	26398.0	2.314132694345215	FALSE	PDX	MGH1181	MGH1181
ZNF444	CIS-BP2.00|000420|M04529_2.00	0.1	0.1179	1278.0	3583.0	9070.6	26398.0	0.08311990327731389	FALSE	PDX	MGH1181	MGH1181
ELF3	JASPAR2024|000276|MA0640.3	0.1	0.1849	3572.0	3583.0	26269.3	26398.0	0.6115010033473168	FALSE	PDX	MGH1181	MGH1181
ZNF341	CIS-BP2.00|001017|M08310_2.00	1.0	0.2571	3579.0	3583.0	26338.5	26398.0	0.8575950064420853	FALSE	PDX	MGH1181	MGH1181
HNF4A	JASPAR2024|000410|MA0114.5	1.0	0.3322	3426.0	3583.0	25150.9	26398.0	0.10990060934783334	FALSE	PDX	MGH1181	MGH1181
FOXD2	CIS-BP2.00|000235|M03042_2.00	1.0	0.3541	1394.0	3583.0	10085.1	26398.0	0.042907067503190385	FALSE	PDX	MGH1181	MGH1181
ETV1	CIS-BP2.00|000457|M04708_2.00	1.0	0.4343	3579.0	3583.0	26348.2	26398.0	0.6026596947838856	FALSE	PDX	MGH1181	MGH1181
FOXA2	CIS-BP2.00|000889|M07959_2.00	1.0	0.4468	2071.0	3583.0	15119.1	26398.0	0.031011032009013728	FALSE	PDX	MGH1181	MGH1181
ZNF19	CIS-BP2.00|000670|M07603_2.00	1.0	0.4545	3565.0	3583.0	26237.4	26398.0	0.24288337155665446	FALSE	PDX	MGH1181	MGH1181
ZBTB18	CIS-BP2.00|000988|M08257_2.00	1.0	0.5323	3102.0	3583.0	22784.6	26398.0	0.03136129599509772	FALSE	PDX	MGH1181	MGH1181
HNF4A	JASPAR2024|000409|MA1494.2	1.0	0.5543	391.0	3583.0	2827.8	26398.0	0.03138513574916631	FALSE	PDX	MGH1181	MGH1181
HNF4A	CIS-BP2.00|000974|M08219_2.00	1.0	0.7301	3237.0	3583.0	23845.4	26398.0	0.000533652426395215	FALSE	PDX	MGH1181	MGH1181
FOXA3	CIS-BP2.00|000469|M04831_2.00	1.0	0.8773	111.0	3583.0	846.1	26398.0	-0.04522457568917746	FALSE	PDX	MGH1181	MGH1181
E2F5	CIS-BP2.00|000940|M08109_2.00	1.0	0.9262	3119.0	3583.0	23055.5	26398.0	-0.03836267284644498	FALSE	PDX	MGH1181	MGH1181
FOXD2	JASPAR2024|000361|MA0847.4	1.0	0.974	1290.0	3583.0	9653.3	26398.0	-0.03504200225215548	FALSE	PDX	MGH1181	MGH1181
ZNF540	CIS-BP2.00|000701|M07634_2.00	1.0	0.9826	804.0	3583.0	6063.1	26398.0	-0.04291417784639478	FALSE	PDX	MGH1181	MGH1181
NFATC4	CIS-BP2.00|000101|M01306_2.00	1.0	1.0	3584.0	3583.0	26402.2	26398.0	-2.8808416730861413	FALSE	PDX	MGH1181	MGH1181
NR3C2	CIS-BP2.00|000154|M02395_2.00	1.0	1.0	3584.0	3583.0	26402.2	26398.0	-2.8808416730861413	FALSE	PDX	MGH1181	MGH1181
ZBTB18	JASPAR2024|000681|MA0698.2	1.0	1.0	1836.0	3583.0	13782.9	26398.0	-0.05605654340030768	FALSE	PDX	MGH1181	MGH1181
ZNF33B	CIS-BP2.00|000777|M07710_2.00	1.0	1.0	1179.0	3583.0	9082.7	26398.0	-0.09674501705201839	FALSE	PDX	MGH1181	MGH1181
NR3C2	JASPAR2024|000539|MA0727.2	1.0	1.0	199.0	3583.0	1782.7	26398.0	-0.2974378650027303	FALSE	PDX	MGH1181	MGH1181
ZNF254	CIS-BP2.00|000827|M07760_2.00	1.0	1.0	449.0	3583.0	3764.3	26398.0	-0.2139831239084788	FALSE	PDX	MGH1181	MGH1181
ELF3	CIS-BP2.00|000227|M03002_2.00	1e-15	0.0	1614.0	3583.0	10268.8	26711.0	0.39236739787126756	TRUE	PDX	MGH9183	MGH9183
XBP1	JASPAR2024|000675|MA0844.2	1e-06	0.0	1885.0	3583.0	12929.1	26711.0	0.24283542254677695	TRUE	PDX	MGH9183	MGH9183
NFATC4	JASPAR2024|000506|MA1525.3	1e-06	0.0	2636.0	3583.0	18681.1	26711.0	0.25835188357862	TRUE	PDX	MGH9183	MGH9183
CEBPB	JASPAR2024|000235|MA0466.4	1e-05	0.0	311.0	3583.0	1791.3	26711.0	0.40474500466799357	TRUE	PDX	MGH9183	MGH9183
CREB3L2	CIS-BP2.00|000117|M01812_2.00	1e-05	0.0001	2000.0	3583.0	13929.8	26711.0	0.2130971647811122	FALSE	PDX	MGH9183	MGH9183
CREB3L2	JASPAR2024|000025|MA0608.1	0.0001	0.0002	1981.0	3583.0	13843.8	26711.0	0.2007307071582653	FALSE	PDX	MGH9183	MGH9183
FOXA3	CIS-BP2.00|000469|M04831_2.00	0.0001	0.0002	158.0	3583.0	839.4	26711.0	0.5112759420710165	FALSE	PDX	MGH9183	MGH9183
XBP1	CIS-BP2.00|000375|M04231_2.00	0.001	0.0037	3379.0	3583.0	24825.7	26711.0	0.32802219550509054	FALSE	PDX	MGH9183	MGH9183
ZNF33A	CIS-BP2.00|000762|M07695_2.00	0.01	0.0119	3282.0	3583.0	24095.3	26711.0	0.2413281428863863	FALSE	PDX	MGH9183	MGH9183
FOXA1	CIS-BP2.00|000890|M07960_2.00	0.01	0.0236	1841.0	3583.0	13148.2	26711.0	0.12451080663073495	FALSE	PDX	MGH9183	MGH9183
FOXA3	JASPAR2024|000358|MA1683.2	0.1	0.0667	3187.0	3583.0	23457.0	26711.0	0.1574911249755495	FALSE	PDX	MGH9183	MGH9183
FOXA2	CIS-BP2.00|000889|M07959_2.00	0.1	0.0773	2115.0	3583.0	15326.9	26711.0	0.0976260308883378	FALSE	PDX	MGH9183	MGH9183
NKX2-1	JASPAR2024|000822|MA1994.2	0.1	0.1015	3420.0	3583.0	25315.8	26711.0	0.2058388987816391	FALSE	PDX	MGH9183	MGH9183
ZNF19	CIS-BP2.00|000670|M07603_2.00	0.1	0.1388	3572.0	3583.0	26577.7	26711.0	0.6451348642634115	FALSE	PDX	MGH9183	MGH9183
ZNF281	JASPAR2024|000706|MA1630.3	0.1	0.1935	2916.0	3583.0	21485.7	26711.0	0.0877117951498611	FALSE	PDX	MGH9183	MGH9183
FOXA2	JASPAR2024|000357|MA0047.4	0.1	0.2243	2781.0	3583.0	20481.6	26711.0	0.07620707884527532	FALSE	PDX	MGH9183	MGH9183
FOXD2	JASPAR2024|000361|MA0847.4	0.1	0.2365	1317.0	3583.0	9540.0	26711.0	0.06521608842260011	FALSE	PDX	MGH9183	MGH9183
GATA6	JASPAR2024|000382|MA1104.3	1.0	0.2673	2946.0	3583.0	21753.4	26711.0	0.07509022575948583	FALSE	PDX	MGH9183	MGH9183
ZNF75D	CIS-BP2.00|000750|M07683_2.00	1.0	0.2749	2192.0	3583.0	16082.3	26711.0	0.05845035122606513	FALSE	PDX	MGH9183	MGH9183
ZNF141	CIS-BP2.00|000653|M07586_2.00	1.0	0.2972	2582.0	3583.0	19022.0	26711.0	0.059860762448319005	FALSE	PDX	MGH9183	MGH9183
ELF3	JASPAR2024|000276|MA0640.3	1.0	0.3517	3571.0	3583.0	26591.7	26711.0	0.3642267967941681	FALSE	PDX	MGH9183	MGH9183
HNF4A	JASPAR2024|000409|MA1494.2	1.0	0.3684	403.0	3583.0	2873.1	26711.0	0.07374323917042663	FALSE	PDX	MGH9183	MGH9183
CEBPB	CIS-BP2.00|000866|M07830_2.00	1.0	0.379	1601.0	3583.0	11734.0	26711.0	0.04414339488523455	FALSE	PDX	MGH9183	MGH9183
ZNF75D	JASPAR2024|000169|MA1601.2	1.0	0.3837	2449.0	3583.0	18071.1	26711.0	0.04587644667383489	FALSE	PDX	MGH9183	MGH9183
E2F5	CIS-BP2.00|000940|M08109_2.00	1.0	0.3872	3131.0	3583.0	23210.6	26711.0	0.06184704460539624	FALSE	PDX	MGH9183	MGH9183
CEBPA	JASPAR2024|000234|MA0102.5	1.0	0.4923	2557.0	3583.0	18932.7	26711.0	0.033701862879733674	FALSE	PDX	MGH9183	MGH9183
ZNF444	CIS-BP2.00|000420|M04529_2.00	1.0	0.5058	1224.0	3583.0	8995.3	26711.0	0.03145729986046271	FALSE	PDX	MGH9183	MGH9183
CEBPA	CIS-BP2.00|000926|M08076_2.00	1.0	0.5226	1346.0	3583.0	9910.6	26711.0	0.028747974299700992	FALSE	PDX	MGH9183	MGH9183
FOXD2	CIS-BP2.00|000235|M03042_2.00	1.0	0.5419	1361.0	3583.0	10032.0	26711.0	0.02640844908892067	FALSE	PDX	MGH9183	MGH9183
HNF4A	JASPAR2024|000410|MA0114.5	1.0	0.565	3426.0	3583.0	25496.2	26711.0	0.05238581595358256	FALSE	PDX	MGH9183	MGH9183
ZNF281	CIS-BP2.00|001020|M08321_2.00	1.0	0.6114	2888.0	3583.0	21464.2	26711.0	0.021879245193058977	FALSE	PDX	MGH9183	MGH9183
FOXA1	JASPAR2024|000356|MA0148.5	1.0	0.6511	2854.0	3583.0	21223.8	26711.0	0.016814726074948657	FALSE	PDX	MGH9183	MGH9183
ETV1	JASPAR2024|000652|MA1966.2	1.0	0.6943	3461.0	3583.0	25785.1	26711.0	0.021757141654784783	FALSE	PDX	MGH9183	MGH9183
ETV1	JASPAR2024|000311|MA0761.3	1.0	0.7068	3555.0	3583.0	26495.7	26711.0	0.02299993400311205	FALSE	PDX	MGH9183	MGH9183
ZNF341	JASPAR2024|000712|MA1655.2	1.0	0.7681	3582.0	3583.0	26702.3	26711.0	-0.28128105779367113	FALSE	PDX	MGH9183	MGH9183
ETV1	CIS-BP2.00|000457|M04708_2.00	1.0	0.8907	3576.0	3583.0	26664.1	26711.0	-0.2383807810397688	FALSE	PDX	MGH9183	MGH9183
ZNF540	CIS-BP2.00|000701|M07634_2.00	1.0	1.0	784.0	3583.0	5996.5	26711.0	-0.04696088534410935	FALSE	PDX	MGH9183	MGH9183
ZBTB18	JASPAR2024|000681|MA0698.2	1.0	1.0	1881.0	3583.0	14234.0	26711.0	-0.045834422962434875	FALSE	PDX	MGH9183	MGH9183
ZBTB18	CIS-BP2.00|000988|M08257_2.00	1.0	1.0	3098.0	3583.0	23241.8	26711.0	-0.0698432399086781	FALSE	PDX	MGH9183	MGH9183
NFATC4	CIS-BP2.00|000101|M01306_2.00	1.0	1.0	3584.0	3583.0	26722.9	26711.0	-2.898259775288629	FALSE	PDX	MGH9183	MGH9183
NR3C2	CIS-BP2.00|000154|M02395_2.00	1.0	1.0	3584.0	3583.0	26722.9	26711.0	-2.898259775288629	FALSE	PDX	MGH9183	MGH9183
GATA6	CIS-BP2.00|000947|M08124_2.00	1.0	1.0	2602.0	3583.0	19629.6	26711.0	-0.0640211541009532	FALSE	PDX	MGH9183	MGH9183
NR3C2	JASPAR2024|000539|MA0727.2	1.0	1.0	219.0	3583.0	1765.5	26711.0	-0.11784802114524813	FALSE	PDX	MGH9183	MGH9183
ZNF254	CIS-BP2.00|000827|M07760_2.00	1.0	1.0	502.0	3583.0	3973.0	26711.0	-0.09978245273283184	FALSE	PDX	MGH9183	MGH9183
ZNF341	CIS-BP2.00|001017|M08310_2.00	1.0	1.0	3571.0	3583.0	26662.9	26711.0	-0.9412305129250379	FALSE	PDX	MGH9183	MGH9183
ZNF33B	CIS-BP2.00|000777|M07710_2.00	1.0	1.0	1156.0	3583.0	9091.2	26711.0	-0.11508952740050785	FALSE	PDX	MGH9183	MGH9183
HNF4A	CIS-BP2.00|000974|M08219_2.00	1.0	1.0	3187.0	3583.0	24181.4	26711.0	-0.2496287199129711	FALSE	PDX	MGH9183	MGH9183
ELF3	CIS-BP2.00|000227|M03002_2.00	1e-23	0.0	1736.0	3584.0	10447.4	26041.0	0.4876146648185507	TRUE	cell_line	A427	A427
NFATC4	JASPAR2024|000506|MA1525.3	1e-08	0.0	2729.0	3584.0	18732.0	26041.0	0.3160981141491065	TRUE	cell_line	A427	A427
XBP1	JASPAR2024|000675|MA0844.2	1e-06	0.0	1864.0	3584.0	12440.4	26041.0	0.24459338362676553	TRUE	cell_line	A427	A427
E2F5	CIS-BP2.00|000940|M08109_2.00	0.0001	0.0001	3238.0	3584.0	22965.1	26041.0	0.3242390135110903	FALSE	cell_line	A427	A427
CEBPB	JASPAR2024|000235|MA0466.4	0.001	0.0014	306.0	3584.0	1826.4	26041.0	0.30936047327976757	FALSE	cell_line	A427	A427
ETV1	JASPAR2024|000652|MA1966.2	0.001	0.0031	3486.0	3584.0	25073.5	26041.0	0.45047064006145116	FALSE	cell_line	A427	A427
FOXA1	CIS-BP2.00|000890|M07960_2.00	0.01	0.0078	1807.0	3584.0	12500.0	26041.0	0.1395478417482009	FALSE	cell_line	A427	A427
CEBPB	CIS-BP2.00|000866|M07830_2.00	0.01	0.0096	1657.0	3584.0	11429.3	26041.0	0.13665125626675514	FALSE	cell_line	A427	A427
FOXA2	JASPAR2024|000357|MA0047.4	0.01	0.0148	2792.0	3584.0	19796.3	26041.0	0.15262687112730014	FALSE	cell_line	A427	A427
ZNF341	CIS-BP2.00|001017|M08310_2.00	0.01	0.0247	3581.0	3584.0	25966.1	26041.0	1.5711164198922216	FALSE	cell_line	A427	A427
FOXA3	JASPAR2024|000358|MA1683.2	0.01	0.0252	3185.0	3584.0	22794.8	26041.0	0.1835620217943246	FALSE	cell_line	A427	A427
FOXA1	JASPAR2024|000356|MA0148.5	0.1	0.0337	2896.0	3584.0	20636.0	26041.0	0.1400837747756598	FALSE	cell_line	A427	A427
FOXA2	CIS-BP2.00|000889|M07959_2.00	0.1	0.0468	2070.0	3584.0	14572.4	26041.0	0.10560180802671688	FALSE	cell_line	A427	A427
CREB3L2	CIS-BP2.00|000117|M01812_2.00	0.1	0.0478	1881.0	3584.0	13197.2	26041.0	0.10422308008536872	FALSE	cell_line	A427	A427
ZNF75D	JASPAR2024|000169|MA1601.2	0.1	0.0497	2456.0	3584.0	17408.5	26041.0	0.11029837943819701	FALSE	cell_line	A427	A427
XBP1	CIS-BP2.00|000375|M04231_2.00	0.1	0.0539	3361.0	3584.0	24188.9	26041.0	0.20400675207619076	FALSE	cell_line	A427	A427
CEBPA	CIS-BP2.00|000926|M08076_2.00	0.1	0.0885	1381.0	3584.0	9644.7	26041.0	0.09196989244720995	FALSE	cell_line	A427	A427
CEBPA	JASPAR2024|000234|MA0102.5	0.1	0.1078	2558.0	3584.0	18239.0	26041.0	0.09250678175939037	FALSE	cell_line	A427	A427
ZNF341	JASPAR2024|000712|MA1655.2	0.1	0.1376	3584.0	3584.0	26021.4	26041.0	2.4692410887126632	FALSE	cell_line	A427	A427
CREB3L2	JASPAR2024|000025|MA0608.1	0.1	0.1413	1853.0	3584.0	13117.9	26041.0	0.07664596018218833	FALSE	cell_line	A427	A427
FOXD2	CIS-BP2.00|000235|M03042_2.00	0.1	0.2016	1445.0	3584.0	10206.0	26041.0	0.06796912662284893	FALSE	cell_line	A427	A427
ETV1	JASPAR2024|000311|MA0761.3	1.0	0.2346	3561.0	3584.0	25822.6	26041.0	0.36143398496333273	FALSE	cell_line	A427	A427
ELF3	JASPAR2024|000276|MA0640.3	1.0	0.2653	3573.0	3584.0	25925.7	26041.0	0.47292841438234934	FALSE	cell_line	A427	A427
ZNF75D	CIS-BP2.00|000750|M07683_2.00	1.0	0.2699	2167.0	3584.0	15496.0	26041.0	0.057368349516658305	FALSE	cell_line	A427	A427
ETV1	CIS-BP2.00|000457|M04708_2.00	1.0	0.284	3581.0	3584.0	25997.7	26041.0	0.7857281489102054	FALSE	cell_line	A427	A427
GATA6	CIS-BP2.00|000947|M08124_2.00	1.0	0.3104	2666.0	3584.0	19171.7	26041.0	0.056919810248360195	FALSE	cell_line	A427	A427
GATA6	JASPAR2024|000382|MA1104.3	1.0	0.3133	2950.0	3584.0	21261.0	26041.0	0.06425743143371937	FALSE	cell_line	A427	A427
NKX2-1	JASPAR2024|000822|MA1994.2	1.0	0.3564	3382.0	3584.0	24476.1	26041.0	0.09529620639055128	FALSE	cell_line	A427	A427
ZNF141	CIS-BP2.00|000653|M07586_2.00	1.0	0.3571	2543.0	3584.0	18293.7	26041.0	0.04862454451951556	FALSE	cell_line	A427	A427
ZNF281	JASPAR2024|000706|MA1630.3	1.0	0.5061	2889.0	3584.0	20890.5	26041.0	0.03474034294046807	FALSE	cell_line	A427	A427
ZNF19	CIS-BP2.00|000670|M07603_2.00	1.0	0.6084	3564.0	3584.0	25880.6	26041.0	0.1123412011474987	FALSE	cell_line	A427	A427
HNF4A	JASPAR2024|000410|MA0114.5	1.0	0.6478	3407.0	3584.0	24726.1	26041.0	0.030332330397939783	FALSE	cell_line	A427	A427
ZNF33A	CIS-BP2.00|000762|M07695_2.00	1.0	0.7311	3164.0	3584.0	22973.7	26041.0	0.007061573779739681	FALSE	cell_line	A427	A427
NR3C2	JASPAR2024|000539|MA0727.2	1.0	0.9388	226.0	3584.0	1677.8	26041.0	-0.030573357377482274	FALSE	cell_line	A427	A427
FOXD2	JASPAR2024|000361|MA0847.4	1.0	1.0	1310.0	3584.0	9631.9	26041.0	-0.02685921733231732	FALSE	cell_line	A427	A427
ZNF540	CIS-BP2.00|000701|M07634_2.00	1.0	1.0	804.0	3584.0	5961.1	26041.0	-0.03716348763859489	FALSE	cell_line	A427	A427
ZNF281	CIS-BP2.00|001020|M08321_2.00	1.0	1.0	2852.0	3584.0	20871.3	26041.0	-0.05193680829427894	FALSE	cell_line	A427	A427
HNF4A	JASPAR2024|000409|MA1494.2	1.0	1.0	357.0	3584.0	2739.2	26041.0	-0.0860194190602283	FALSE	cell_line	A427	A427
NFATC4	CIS-BP2.00|000101|M01306_2.00	1.0	1.0	3584.0	3584.0	26042.3	26041.0	-2.861040771353455	FALSE	cell_line	A427	A427
NR3C2	CIS-BP2.00|000154|M02395_2.00	1.0	1.0	3584.0	3584.0	26042.3	26041.0	-2.861040771353455	FALSE	cell_line	A427	A427
HNF4A	CIS-BP2.00|000974|M08219_2.00	1.0	1.0	3197.0	3584.0	23440.6	26041.0	-0.12728129143989386	FALSE	cell_line	A427	A427
ZNF254	CIS-BP2.00|000827|M07760_2.00	1.0	1.0	465.0	3584.0	3697.7	26041.0	-0.14948232478815088	FALSE	cell_line	A427	A427
FOXA3	CIS-BP2.00|000469|M04831_2.00	1.0	1.0	102.0	3584.0	908.1	26041.0	-0.2966108040580952	FALSE	cell_line	A427	A427
ZNF444	CIS-BP2.00|000420|M04529_2.00	1.0	1.0	1144.0	3584.0	8777.0	26041.0	-0.11653273238670225	FALSE	cell_line	A427	A427
ZNF33B	CIS-BP2.00|000777|M07710_2.00	1.0	1.0	1177.0	3584.0	9094.6	26041.0	-0.13394875014010826	FALSE	cell_line	A427	A427
ZBTB18	CIS-BP2.00|000988|M08257_2.00	1.0	1.0	2999.0	3584.0	22333.8	26041.0	-0.23368366138393623	FALSE	cell_line	A427	A427
ZBTB18	JASPAR2024|000681|MA0698.2	1.0	1.0	1647.0	3584.0	12960.4	26041.0	-0.2205998837539555	FALSE	cell_line	A427	A427
ELF3	CIS-BP2.00|000227|M03002_2.00	1e-21	0.0	1696.0	3584.0	10474.4	26532.0	0.46168537792894954	TRUE	cell_line	A549	A549
NFATC4	JASPAR2024|000506|MA1525.3	1e-08	0.0	2681.0	3584.0	18697.7	26532.0	0.3145127051803931	TRUE	cell_line	A549	A549
CEBPB	JASPAR2024|000235|MA0466.4	1e-06	0.0	326.0	3584.0	1809.0	26532.0	0.4531668829646426	TRUE	cell_line	A549	A549
ZNF33A	CIS-BP2.00|000762|M07695_2.00	0.001	0.0013	3265.0	3584.0	23692.8	26532.0	0.29274735042564415	FALSE	cell_line	A549	A549
FOXA3	CIS-BP2.00|000469|M04831_2.00	0.001	0.0041	154.0	3584.0	869.5	26532.0	0.4097904966569517	FALSE	cell_line	A549	A549
FOXA1	CIS-BP2.00|000890|M07960_2.00	0.001	0.0061	1849.0	3584.0	12995.2	26532.0	0.1506896137313277	FALSE	cell_line	A549	A549
XBP1	JASPAR2024|000675|MA0844.2	0.01	0.023	1780.0	3584.0	12595.0	26532.0	0.12674670403299484	FALSE	cell_line	A549	A549
FOXA2	CIS-BP2.00|000889|M07959_2.00	0.1	0.0856	2110.0	3584.0	15178.2	26532.0	0.09854953808819711	FALSE	cell_line	A549	A549
ELF3	JASPAR2024|000276|MA0640.3	0.1	0.096	3576.0	3584.0	26426.9	26532.0	0.7495890341876796	FALSE	cell_line	A549	A549
ZNF19	CIS-BP2.00|000670|M07603_2.00	0.1	0.0985	3572.0	3584.0	26389.0	26532.0	0.6360926370530069	FALSE	cell_line	A549	A549
CEBPA	JASPAR2024|000234|MA0102.5	0.1	0.1096	2579.0	3584.0	18715.5	26532.0	0.09959317392080372	FALSE	cell_line	A549	A549
E2F5	CIS-BP2.00|000940|M08109_2.00	0.1	0.1351	3157.0	3584.0	23116.8	26532.0	0.12606667584686312	FALSE	cell_line	A549	A549
CEBPA	CIS-BP2.00|000926|M08076_2.00	0.1	0.2007	1357.0	3584.0	9725.6	26532.0	0.07464708310346033	FALSE	cell_line	A549	A549
CEBPB	CIS-BP2.00|000866|M07830_2.00	1.0	0.2872	1597.0	3584.0	11550.6	26532.0	0.06005142369407527	FALSE	cell_line	A549	A549
HNF4A	JASPAR2024|000410|MA0114.5	1.0	0.3961	3430.0	3584.0	25310.6	26532.0	0.10016804134180317	FALSE	cell_line	A549	A549
FOXD2	JASPAR2024|000361|MA0847.4	1.0	0.4488	1312.0	3584.0	9535.1	26532.0	0.041955586458860265	FALSE	cell_line	A549	A549
FOXA3	JASPAR2024|000358|MA1683.2	1.0	0.5164	3155.0	3584.0	23258.5	26532.0	0.04847574308367222	FALSE	cell_line	A549	A549
FOXA2	JASPAR2024|000357|MA0047.4	1.0	0.5294	2754.0	3584.0	20263.1	26532.0	0.037247170304292254	FALSE	cell_line	A549	A549
GATA6	CIS-BP2.00|000947|M08124_2.00	1.0	0.5932	2667.0	3584.0	19639.0	26532.0	0.02925857320311966	FALSE	cell_line	A549	A549
FOXA1	JASPAR2024|000356|MA0148.5	1.0	0.6248	2856.0	3584.0	21058.1	26532.0	0.02761088259341721	FALSE	cell_line	A549	A549
GATA6	JASPAR2024|000382|MA1104.3	1.0	0.6271	2944.0	3584.0	21715.9	26532.0	0.028054259016396712	FALSE	cell_line	A549	A549
ZNF341	CIS-BP2.00|001017|M08310_2.00	1.0	0.6549	3578.0	3584.0	26485.2	26532.0	-0.0244581935621226	FALSE	cell_line	A549	A549
ZNF75D	JASPAR2024|000169|MA1601.2	1.0	0.6779	2418.0	3584.0	17825.0	26532.0	0.018314158980610555	FALSE	cell_line	A549	A549
XBP1	CIS-BP2.00|000375|M04231_2.00	1.0	0.6993	3321.0	3584.0	24552.6	26532.0	0.023554331289360853	FALSE	cell_line	A549	A549
ETV1	CIS-BP2.00|000457|M04708_2.00	1.0	0.7649	3578.0	3584.0	26490.8	26532.0	-0.20655599722293405	FALSE	cell_line	A549	A549
ETV1	JASPAR2024|000652|MA1966.2	1.0	0.7807	3465.0	3584.0	25645.1	26532.0	0.0049980337584957365	FALSE	cell_line	A549	A549
ETV1	JASPAR2024|000311|MA0761.3	1.0	0.8182	3556.0	3584.0	26329.1	26532.0	-0.05286968062900104	FALSE	cell_line	A549	A549
FOXD2	CIS-BP2.00|000235|M03042_2.00	1.0	0.8366	1359.0	3584.0	10061.8	26532.0	-0.00011158719535295392	FALSE	cell_line	A549	A549
ZNF341	JASPAR2024|000712|MA1655.2	1.0	0.8615	3582.0	3584.0	26524.6	26532.0	-1.2283950221281816	FALSE	cell_line	A549	A549
ZNF540	CIS-BP2.00|000701|M07634_2.00	1.0	0.9066	799.0	3584.0	5946.7	26532.0	-0.00939936021350911	FALSE	cell_line	A549	A549
ZNF141	CIS-BP2.00|000653|M07586_2.00	1.0	0.9976	2502.0	3584.0	18611.8	26532.0	-0.023553461474981153	FALSE	cell_line	A549	A549
ZNF75D	CIS-BP2.00|000750|M07683_2.00	1.0	1.0	2134.0	3584.0	15897.4	26532.0	-0.022654742474194505	FALSE	cell_line	A549	A549
NR3C2	JASPAR2024|000539|MA0727.2	1.0	1.0	226.0	3584.0	1735.8	26532.0	-0.05417408222090974	FALSE	cell_line	A549	A549
ZNF281	JASPAR2024|000706|MA1630.3	1.0	1.0	2843.0	3584.0	21172.3	26532.0	-0.04270412818306576	FALSE	cell_line	A549	A549
ZNF33B	CIS-BP2.00|000777|M07710_2.00	1.0	1.0	1197.0	3584.0	9064.7	26532.0	-0.049187913935989154	FALSE	cell_line	A549	A549
NFATC4	CIS-BP2.00|000101|M01306_2.00	1.0	1.0	3584.0	3584.0	26543.7	26532.0	-2.8885528642717917	FALSE	cell_line	A549	A549
NR3C2	CIS-BP2.00|000154|M02395_2.00	1.0	1.0	3584.0	3584.0	26543.7	26532.0	-2.8885528642717917	FALSE	cell_line	A549	A549
ZNF254	CIS-BP2.00|000827|M07760_2.00	1.0	1.0	511.0	3584.0	4015.0	26532.0	-0.09968122335892061	FALSE	cell_line	A549	A549
ZNF281	CIS-BP2.00|001020|M08321_2.00	1.0	1.0	2811.0	3584.0	21162.5	26532.0	-0.11668331042343918	FALSE	cell_line	A549	A549
CREB3L2	CIS-BP2.00|000117|M01812_2.00	1.0	1.0	1762.0	3584.0	13536.5	26532.0	-0.10713595997489948	FALSE	cell_line	A549	A549
HNF4A	JASPAR2024|000409|MA1494.2	1.0	1.0	333.0	3584.0	2768.1	26532.0	-0.18377331721547666	FALSE	cell_line	A549	A549
NKX2-1	JASPAR2024|000822|MA1994.2	1.0	1.0	3355.0	3584.0	25100.8	26532.0	-0.2619992596618174	FALSE	cell_line	A549	A549
CREB3L2	JASPAR2024|000025|MA0608.1	1.0	1.0	1737.0	3584.0	13455.7	26532.0	-0.12982289549118414	FALSE	cell_line	A549	A549
ZBTB18	CIS-BP2.00|000988|M08257_2.00	1.0	1.0	3063.0	3584.0	23154.5	26532.0	-0.22264083033210655	FALSE	cell_line	A549	A549
ZNF444	CIS-BP2.00|000420|M04529_2.00	1.0	1.0	1088.0	3584.0	8741.9	26532.0	-0.17255162570500984	FALSE	cell_line	A549	A549
ZBTB18	JASPAR2024|000681|MA0698.2	1.0	1.0	1805.0	3584.0	14129.4	26532.0	-0.1671240187452165	FALSE	cell_line	A549	A549
HNF4A	CIS-BP2.00|000974|M08219_2.00	1.0	1.0	3144.0	3584.0	23992.0	26532.0	-0.40378241259609	FALSE	cell_line	A549	A549
ELF3	CIS-BP2.00|000227|M03002_2.00	1e-25	0.0	1729.0	3584.0	10363.8	26188.0	0.5091024816149318	TRUE	cell_line	ABC-1	ABC-1
XBP1	JASPAR2024|000675|MA0844.2	1e-09	0.0	1891.0	3584.0	12477.3	26188.0	0.2955140398833028	TRUE	cell_line	ABC-1	ABC-1
NFATC4	JASPAR2024|000506|MA1525.3	1e-07	0.0	2685.0	3584.0	18542.5	26188.0	0.2998979693114741	TRUE	cell_line	ABC-1	ABC-1
XBP1	CIS-BP2.00|000375|M04231_2.00	0.0001	0.0006	3376.0	3584.0	24250.1	26188.0	0.3723270413396026	FALSE	cell_line	ABC-1	ABC-1
GATA6	JASPAR2024|000382|MA1104.3	0.01	0.0054	2992.0	3584.0	21350.1	26188.0	0.19478952443050535	FALSE	cell_line	ABC-1	ABC-1
CEBPB	JASPAR2024|000235|MA0466.4	0.01	0.0055	298.0	3584.0	1829.5	26188.0	0.2737902060257299	FALSE	cell_line	ABC-1	ABC-1
ZNF19	CIS-BP2.00|000670|M07603_2.00	0.01	0.0066	3575.0	3584.0	26026.4	26188.0	1.2290261894923635	FALSE	cell_line	ABC-1	ABC-1
ETV1	JASPAR2024|000652|MA1966.2	0.01	0.0071	3486.0	3584.0	25236.6	26188.0	0.41691963955152067	FALSE	cell_line	ABC-1	ABC-1
CREB3L2	CIS-BP2.00|000117|M01812_2.00	0.01	0.0129	1897.0	3584.0	13265.7	26188.0	0.13137589691418167	FALSE	cell_line	ABC-1	ABC-1
FOXA3	JASPAR2024|000358|MA1683.2	0.01	0.0147	3187.0	3584.0	22903.2	26188.0	0.20191492038629094	FALSE	cell_line	ABC-1	ABC-1
NKX2-1	JASPAR2024|000822|MA1994.2	0.01	0.0209	3415.0	3584.0	24699.2	26188.0	0.28095239497704083	FALSE	cell_line	ABC-1	ABC-1
E2F5	CIS-BP2.00|000940|M08109_2.00	0.01	0.029	3179.0	3584.0	22883.0	26188.0	0.17965878185113568	FALSE	cell_line	ABC-1	ABC-1
CREB3L2	JASPAR2024|000025|MA0608.1	0.1	0.0354	1873.0	3584.0	13181.1	26188.0	0.11128180413356635	FALSE	cell_line	ABC-1	ABC-1
FOXA2	CIS-BP2.00|000889|M07959_2.00	0.1	0.0425	2102.0	3584.0	14878.6	26188.0	0.10837260502992434	FALSE	cell_line	ABC-1	ABC-1
ZNF75D	CIS-BP2.00|000750|M07683_2.00	0.1	0.0533	2187.0	3584.0	15526.8	26188.0	0.10406524173414597	FALSE	cell_line	ABC-1	ABC-1
CEBPB	CIS-BP2.00|000866|M07830_2.00	0.1	0.0671	1633.0	3584.0	11498.1	26188.0	0.09679845305166757	FALSE	cell_line	ABC-1	ABC-1
FOXA2	JASPAR2024|000357|MA0047.4	0.1	0.0703	2782.0	3584.0	19961.6	26188.0	0.11313090673778449	FALSE	cell_line	ABC-1	ABC-1
ELF3	JASPAR2024|000276|MA0640.3	0.1	0.1013	3575.0	3584.0	26068.3	26188.0	0.7952583065966986	FALSE	cell_line	ABC-1	ABC-1
ETV1	JASPAR2024|000311|MA0761.3	0.1	0.1539	3563.0	3584.0	25971.3	26188.0	0.47103636287787654	FALSE	cell_line	ABC-1	ABC-1
ETV1	CIS-BP2.00|000457|M04708_2.00	0.1	0.1726	3581.0	3584.0	26134.7	26188.0	1.0748209931895027	FALSE	cell_line	ABC-1	ABC-1
FOXA1	CIS-BP2.00|000890|M07960_2.00	0.1	0.2091	1790.0	3584.0	12788.5	26188.0	0.06411013505185151	FALSE	cell_line	ABC-1	ABC-1
ZNF33A	CIS-BP2.00|000762|M07695_2.00	1.0	0.241	3200.0	3584.0	23209.9	26188.0	0.09517671984753537	FALSE	cell_line	ABC-1	ABC-1
ZNF75D	JASPAR2024|000169|MA1601.2	1.0	0.2683	2420.0	3584.0	17445.6	26188.0	0.05887369327042525	FALSE	cell_line	ABC-1	ABC-1
GATA6	CIS-BP2.00|000947|M08124_2.00	1.0	0.2989	2674.0	3584.0	19333.3	26188.0	0.058683720859292396	FALSE	cell_line	ABC-1	ABC-1
FOXA1	JASPAR2024|000356|MA0148.5	1.0	0.3568	2866.0	3584.0	20779.4	26188.0	0.05450198020418329	FALSE	cell_line	ABC-1	ABC-1
ZNF341	JASPAR2024|000712|MA1655.2	1.0	0.4398	3583.0	3584.0	26166.1	26188.0	1.0321791084549476	FALSE	cell_line	ABC-1	ABC-1
ZNF281	JASPAR2024|000706|MA1630.3	1.0	0.4578	2868.0	3584.0	20834.5	26188.0	0.040937852440689926	FALSE	cell_line	ABC-1	ABC-1
CEBPA	CIS-BP2.00|000926|M08076_2.00	1.0	0.5133	1346.0	3584.0	9717.1	26188.0	0.027973140948022442	FALSE	cell_line	ABC-1	ABC-1
FOXD2	JASPAR2024|000361|MA0847.4	1.0	0.55	1332.0	3584.0	9633.4	26188.0	0.023692298288958205	FALSE	cell_line	ABC-1	ABC-1
CEBPA	JASPAR2024|000234|MA0102.5	1.0	0.5667	2538.0	3584.0	18456.0	26188.0	0.02328178858087351	FALSE	cell_line	ABC-1	ABC-1
FOXD2	CIS-BP2.00|000235|M03042_2.00	1.0	0.5939	1400.0	3584.0	10148.5	26188.0	0.01897543645742694	FALSE	cell_line	ABC-1	ABC-1
ZNF141	CIS-BP2.00|000653|M07586_2.00	1.0	0.6106	2509.0	3584.0	18262.8	26188.0	0.018055216765765422	FALSE	cell_line	ABC-1	ABC-1
ZNF341	CIS-BP2.00|001017|M08310_2.00	1.0	0.622	3576.0	3584.0	26116.6	26188.0	0.2120826596562134	FALSE	cell_line	ABC-1	ABC-1
ZNF444	CIS-BP2.00|000420|M04529_2.00	1.0	0.6266	1181.0	3584.0	8566.4	26188.0	0.01602353084804793	FALSE	cell_line	ABC-1	ABC-1
ZNF281	CIS-BP2.00|001020|M08321_2.00	1.0	0.6381	2857.0	3584.0	20825.3	26188.0	0.01652838838417242	FALSE	cell_line	ABC-1	ABC-1
NR3C2	JASPAR2024|000539|MA0727.2	1.0	0.9472	224.0	3584.0	1687.3	26188.0	-0.04425200720228688	FALSE	cell_line	ABC-1	ABC-1
ZBTB18	CIS-BP2.00|000988|M08257_2.00	1.0	1.0	3083.0	3584.0	22676.9	26188.0	-0.07080757754935783	FALSE	cell_line	ABC-1	ABC-1
NFATC4	CIS-BP2.00|000101|M01306_2.00	1.0	1.0	3584.0	3584.0	26186.1	26188.0	-0.6059505529337539	FALSE	cell_line	ABC-1	ABC-1
NR3C2	CIS-BP2.00|000154|M02395_2.00	1.0	1.0	3584.0	3584.0	26186.1	26188.0	-0.6059505529337539	FALSE	cell_line	ABC-1	ABC-1
HNF4A	JASPAR2024|000410|MA0114.5	1.0	1.0	3394.0	3584.0	24904.6	26188.0	-0.12250027752651926	FALSE	cell_line	ABC-1	ABC-1
FOXA3	CIS-BP2.00|000469|M04831_2.00	1.0	1.0	111.0	3584.0	906.8	26188.0	-0.16090447411612913	FALSE	cell_line	ABC-1	ABC-1
ZNF33B	CIS-BP2.00|000777|M07710_2.00	1.0	1.0	1198.0	3584.0	9022.7	26188.0	-0.06584040143964841	FALSE	cell_line	ABC-1	ABC-1
ZNF254	CIS-BP2.00|000827|M07760_2.00	1.0	1.0	491.0	3584.0	3861.2	26188.0	-0.12247590962356379	FALSE	cell_line	ABC-1	ABC-1
ZNF540	CIS-BP2.00|000701|M07634_2.00	1.0	1.0	747.0	3584.0	5874.9	26188.0	-0.13478794907370067	FALSE	cell_line	ABC-1	ABC-1
HNF4A	JASPAR2024|000409|MA1494.2	1.0	1.0	321.0	3584.0	2743.2	26188.0	-0.24842530605718613	FALSE	cell_line	ABC-1	ABC-1
ZBTB18	JASPAR2024|000681|MA0698.2	1.0	1.0	1751.0	3584.0	13474.9	26188.0	-0.1499647724272919	FALSE	cell_line	ABC-1	ABC-1
HNF4A	CIS-BP2.00|000974|M08219_2.00	1.0	1.0	3136.0	3584.0	23617.9	26188.0	-0.3937585208359705	FALSE	cell_line	ABC-1	ABC-1
ELF3	CIS-BP2.00|000227|M03002_2.00	1e-24	0.0	1724.0	3585.0	10443.8	26375.0	0.49889692813630754	TRUE	cell_line	H1648	H1648
NFATC4	JASPAR2024|000506|MA1525.3	1e-07	0.0	2691.0	3585.0	18704.5	26375.0	0.30331963849213894	TRUE	cell_line	H1648	H1648
XBP1	JASPAR2024|000675|MA0844.2	1e-06	0.0	1854.0	3585.0	12556.3	26375.0	0.23721312837113334	TRUE	cell_line	H1648	H1648
GATA6	CIS-BP2.00|000947|M08124_2.00	0.001	0.0032	2732.0	3585.0	19488.5	26375.0	0.17804595329836942	FALSE	cell_line	H1648	H1648
FOXA3	CIS-BP2.00|000469|M04831_2.00	0.001	0.0046	157.0	3585.0	894.3	26375.0	0.38757036571480613	FALSE	cell_line	H1648	H1648
CEBPB	JASPAR2024|000235|MA0466.4	0.001	0.0048	297.0	3585.0	1827.4	26375.0	0.28088421757230847	FALSE	cell_line	H1648	H1648
XBP1	CIS-BP2.00|000375|M04231_2.00	0.01	0.0062	3365.0	3585.0	24431.7	26375.0	0.2801382097029862	FALSE	cell_line	H1648	H1648
ZNF75D	JASPAR2024|000169|MA1601.2	0.01	0.0079	2491.0	3585.0	17733.8	26375.0	0.14958728667617396	FALSE	cell_line	H1648	H1648
FOXA1	CIS-BP2.00|000890|M07960_2.00	0.01	0.0079	1832.0	3585.0	12839.6	26375.0	0.13971014473229879	FALSE	cell_line	H1648	H1648
GATA6	JASPAR2024|000382|MA1104.3	0.01	0.0102	2991.0	3585.0	21539.7	26375.0	0.1759151862507986	FALSE	cell_line	H1648	H1648
ELF3	JASPAR2024|000276|MA0640.3	0.01	0.0265	3578.0	3585.0	26274.9	26375.0	0.8693100570493513	FALSE	cell_line	H1648	H1648
FOXA2	CIS-BP2.00|000889|M07959_2.00	0.1	0.0364	2104.0	3585.0	14982.8	26375.0	0.11117317536065133	FALSE	cell_line	H1648	H1648
E2F5	CIS-BP2.00|000940|M08109_2.00	0.1	0.0378	3181.0	3585.0	23085.1	26375.0	0.164837167038175	FALSE	cell_line	H1648	H1648
ZNF75D	CIS-BP2.00|000750|M07683_2.00	0.1	0.0457	2215.0	3585.0	15829.3	26375.0	0.10701023226731375	FALSE	cell_line	H1648	H1648
NKX2-1	JASPAR2024|000822|MA1994.2	0.1	0.0626	3413.0	3585.0	24919.9	26375.0	0.20894212087971645	FALSE	cell_line	H1648	H1648
CEBPA	JASPAR2024|000234|MA0102.5	0.1	0.0668	2579.0	3585.0	18578.8	26375.0	0.10498365590918726	FALSE	cell_line	H1648	H1648
ZNF33A	CIS-BP2.00|000762|M07695_2.00	0.1	0.1099	3221.0	3585.0	23468.8	26375.0	0.13042114666706606	FALSE	cell_line	H1648	H1648
ZNF281	JASPAR2024|000706|MA1630.3	0.1	0.1454	2905.0	3585.0	21103.4	26375.0	0.09305939468708278	FALSE	cell_line	H1648	H1648
CREB3L2	CIS-BP2.00|000117|M01812_2.00	0.1	0.1648	1872.0	3585.0	13445.6	26375.0	0.07154286000736423	FALSE	cell_line	H1648	H1648
CREB3L2	JASPAR2024|000025|MA0608.1	0.1	0.2069	1855.0	3585.0	13354.9	26375.0	0.06399180418635572	FALSE	cell_line	H1648	H1648
ETV1	CIS-BP2.00|000457|M04708_2.00	0.1	0.2172	3581.0	3585.0	26335.4	26375.0	0.27721041446024275	FALSE	cell_line	H1648	H1648
ETV1	JASPAR2024|000652|MA1966.2	0.1	0.2204	3471.0	3585.0	25444.0	26375.0	0.15048540564289115	FALSE	cell_line	H1648	H1648
ETV1	JASPAR2024|000311|MA0761.3	1.0	0.2372	3561.0	3585.0	26162.6	26375.0	0.24234569857448196	FALSE	cell_line	H1648	H1648
CEBPB	CIS-BP2.00|000866|M07830_2.00	1.0	0.2627	1613.0	3585.0	11612.7	26375.0	0.056369095557183155	FALSE	cell_line	H1648	H1648
ZNF281	CIS-BP2.00|001020|M08321_2.00	1.0	0.4093	2886.0	3585.0	21099.4	26375.0	0.045232915272219926	FALSE	cell_line	H1648	H1648
FOXA1	JASPAR2024|000356|MA0148.5	1.0	0.604	2855.0	3585.0	20942.5	26375.0	0.020140041276512123	FALSE	cell_line	H1648	H1648
ZNF341	CIS-BP2.00|001017|M08310_2.00	1.0	0.6041	3577.0	3585.0	26320.9	26375.0	-0.19584634928352032	FALSE	cell_line	H1648	H1648
FOXA3	JASPAR2024|000358|MA1683.2	1.0	0.6042	3149.0	3585.0	23120.5	26375.0	0.022594903965766015	FALSE	cell_line	H1648	H1648
ZNF19	CIS-BP2.00|000670|M07603_2.00	1.0	0.6508	3565.0	3585.0	26230.8	26375.0	-0.05974389192294427	FALSE	cell_line	H1648	H1648
FOXA2	JASPAR2024|000357|MA0047.4	1.0	0.6742	2739.0	3585.0	20113.6	26375.0	0.010795818523866449	FALSE	cell_line	H1648	H1648
CEBPA	CIS-BP2.00|000926|M08076_2.00	1.0	0.6894	1338.0	3585.0	9801.6	26375.0	0.010046375772933222	FALSE	cell_line	H1648	H1648
ZNF444	CIS-BP2.00|000420|M04529_2.00	1.0	0.6894	1204.0	3585.0	8816.6	26375.0	0.010390185699441277	FALSE	cell_line	H1648	H1648
ZNF141	CIS-BP2.00|000653|M07586_2.00	1.0	0.7915	2512.0	3585.0	18490.6	26375.0	-0.002865282045967568	FALSE	cell_line	H1648	H1648
HNF4A	JASPAR2024|000410|MA0114.5	1.0	0.7915	3413.0	3585.0	25122.7	26375.0	-0.019208727603453348	FALSE	cell_line	H1648	H1648
FOXD2	JASPAR2024|000361|MA0847.4	1.0	0.8486	1305.0	3585.0	9633.4	26375.0	-0.007459066681899332	FALSE	cell_line	H1648	H1648
FOXD2	CIS-BP2.00|000235|M03042_2.00	1.0	0.8671	1375.0	3585.0	10158.3	26375.0	-0.00962183880830653	FALSE	cell_line	H1648	H1648
ZNF540	CIS-BP2.00|000701|M07634_2.00	1.0	0.9571	793.0	3585.0	5919.7	26375.0	-0.026463012101617767	FALSE	cell_line	H1648	H1648
ZBTB18	CIS-BP2.00|000988|M08257_2.00	1.0	1.0	3086.0	3585.0	22804.2	26375.0	-0.047394748299368586	FALSE	cell_line	H1648	H1648
ZNF341	JASPAR2024|000712|MA1655.2	1.0	1.0	3580.0	3585.0	26365.0	26375.0	-1.9475325801058645	FALSE	cell_line	H1648	H1648
NFATC4	CIS-BP2.00|000101|M01306_2.00	1.0	1.0	3584.0	3585.0	26385.1	26375.0	-4.464869493733792	FALSE	cell_line	H1648	H1648
NR3C2	CIS-BP2.00|000154|M02395_2.00	1.0	1.0	3584.0	3585.0	26385.1	26375.0	-4.464869493733792	FALSE	cell_line	H1648	H1648
ZBTB18	JASPAR2024|000681|MA0698.2	1.0	1.0	1804.0	3585.0	13574.5	26375.0	-0.06618902189288546	FALSE	cell_line	H1648	H1648
HNF4A	CIS-BP2.00|000974|M08219_2.00	1.0	1.0	3211.0	3585.0	23828.1	26375.0	-0.12538710021885394	FALSE	cell_line	H1648	H1648
HNF4A	JASPAR2024|000409|MA1494.2	1.0	1.0	357.0	3585.0	2826.7	26375.0	-0.1166411853544563	FALSE	cell_line	H1648	H1648
ZNF254	CIS-BP2.00|000827|M07760_2.00	1.0	1.0	501.0	3585.0	3954.2	26375.0	-0.11748527386119692	FALSE	cell_line	H1648	H1648
NR3C2	JASPAR2024|000539|MA0727.2	1.0	1.0	204.0	3585.0	1709.0	26375.0	-0.19658391131708072	FALSE	cell_line	H1648	H1648
ZNF33B	CIS-BP2.00|000777|M07710_2.00	1.0	1.0	1181.0	3585.0	9138.2	26375.0	-0.10964434276496725	FALSE	cell_line	H1648	H1648
ELF3	CIS-BP2.00|000227|M03002_2.00	1e-19	0.0	1685.0	3583.0	10324.5	26146.0	0.4441068237566675	TRUE	cell_line	H1650	H1650
NFATC4	JASPAR2024|000506|MA1525.3	1e-10	0.0	2709.0	3583.0	18451.7	26146.0	0.3696592573890729	TRUE	cell_line	H1650	H1650
CEBPB	JASPAR2024|000235|MA0466.4	1e-08	0.0	339.0	3583.0	1786.0	26146.0	0.5128232394333038	TRUE	cell_line	H1650	H1650
XBP1	JASPAR2024|000675|MA0844.2	0.0001	0.0002	1827.0	3583.0	12418.6	26146.0	0.20171815173553825	FALSE	cell_line	H1650	H1650
XBP1	CIS-BP2.00|000375|M04231_2.00	0.001	0.0059	3366.0	3583.0	24199.0	26146.0	0.31688015271122677	FALSE	cell_line	H1650	H1650
CEBPB	CIS-BP2.00|000866|M07830_2.00	0.1	0.0447	1634.0	3583.0	11416.7	26146.0	0.1132741823324779	FALSE	cell_line	H1650	H1650
ZNF75D	JASPAR2024|000169|MA1601.2	0.1	0.0704	2453.0	3583.0	17461.0	26146.0	0.11038359116702659	FALSE	cell_line	H1650	H1650
GATA6	JASPAR2024|000382|MA1104.3	0.1	0.0707	2980.0	3583.0	21382.8	26146.0	0.13779864720418059	FALSE	cell_line	H1650	H1650
ZNF75D	CIS-BP2.00|000750|M07683_2.00	0.1	0.0798	2192.0	3583.0	15553.8	26146.0	0.10169283256394149	FALSE	cell_line	H1650	H1650
ELF3	JASPAR2024|000276|MA0640.3	0.1	0.1096	3576.0	3583.0	26026.9	26146.0	1.1317721290268141	FALSE	cell_line	H1650	H1650
FOXA1	CIS-BP2.00|000890|M07960_2.00	0.1	0.1122	1794.0	3583.0	12681.9	26146.0	0.09036896602471574	FALSE	cell_line	H1650	H1650
CEBPA	JASPAR2024|000234|MA0102.5	0.1	0.1162	2576.0	3583.0	18424.6	26146.0	0.09998808069537467	FALSE	cell_line	H1650	H1650
FOXA2	JASPAR2024|000357|MA0047.4	0.1	0.1781	2775.0	3583.0	19944.7	26146.0	0.09414533097235728	FALSE	cell_line	H1650	H1650
ZNF33A	CIS-BP2.00|000762|M07695_2.00	1.0	0.3178	3206.0	3583.0	23220.2	26146.0	0.09818897913729872	FALSE	cell_line	H1650	H1650
CEBPA	CIS-BP2.00|000926|M08076_2.00	1.0	0.3263	1360.0	3583.0	9679.1	26146.0	0.05789800524988	FALSE	cell_line	H1650	H1650
CREB3L2	CIS-BP2.00|000117|M01812_2.00	1.0	0.341	1851.0	3583.0	13260.7	26146.0	0.05440997499893802	FALSE	cell_line	H1650	H1650
CREB3L2	JASPAR2024|000025|MA0608.1	1.0	0.4125	1834.0	3583.0	13172.8	26146.0	0.046417428217370535	FALSE	cell_line	H1650	H1650
ETV1	JASPAR2024|000652|MA1966.2	1.0	0.4979	3468.0	3583.0	25228.5	26146.0	0.12790206824114114	FALSE	cell_line	H1650	H1650
ETV1	JASPAR2024|000311|MA0761.3	1.0	0.5304	3560.0	3583.0	25932.4	26146.0	0.3229203440453714	FALSE	cell_line	H1650	H1650
NKX2-1	JASPAR2024|000822|MA1994.2	1.0	0.5319	3394.0	3583.0	24681.6	26146.0	0.0883382737920509	FALSE	cell_line	H1650	H1650
FOXA2	CIS-BP2.00|000889|M07959_2.00	1.0	0.598	2050.0	3583.0	14829.0	26146.0	0.029232927773904075	FALSE	cell_line	H1650	H1650
ETV1	CIS-BP2.00|000457|M04708_2.00	1.0	0.6061	3579.0	3583.0	26086.9	26146.0	0.861792243782992	FALSE	cell_line	H1650	H1650
GATA6	CIS-BP2.00|000947|M08124_2.00	1.0	0.642	2671.0	3583.0	19389.4	26146.0	0.028924301342527898	FALSE	cell_line	H1650	H1650
ZNF444	CIS-BP2.00|000420|M04529_2.00	1.0	0.7232	1172.0	3583.0	8487.7	26146.0	0.01651386620165657	FALSE	cell_line	H1650	H1650
ZNF19	CIS-BP2.00|000670|M07603_2.00	1.0	0.7881	3564.0	3583.0	25982.4	26146.0	0.20723837417402793	FALSE	cell_line	H1650	H1650
ZNF341	JASPAR2024|000712|MA1655.2	1.0	0.7892	3582.0	3583.0	26117.0	26146.0	1.4317023513340972	FALSE	cell_line	H1650	H1650
E2F5	CIS-BP2.00|000940|M08109_2.00	1.0	0.8418	3137.0	3583.0	22870.2	26146.0	0.009522226806730538	FALSE	cell_line	H1650	H1650
FOXA3	JASPAR2024|000358|MA1683.2	1.0	0.9113	3139.0	3583.0	22908.5	26146.0	-0.0024601060833648065	FALSE	cell_line	H1650	H1650
FOXD2	JASPAR2024|000361|MA0847.4	1.0	1.0	1283.0	3583.0	9446.7	26146.0	-0.019992041625238616	FALSE	cell_line	H1650	H1650
FOXA1	JASPAR2024|000356|MA0148.5	1.0	1.0	2833.0	3583.0	20745.2	26146.0	-0.024772525798302136	FALSE	cell_line	H1650	H1650
ZNF141	CIS-BP2.00|000653|M07586_2.00	1.0	1.0	2486.0	3583.0	18264.0	26146.0	-0.03242159832689413	FALSE	cell_line	H1650	H1650
ZNF341	CIS-BP2.00|001017|M08310_2.00	1.0	1.0	3574.0	3583.0	26075.8	26146.0	0.028784975618816384	FALSE	cell_line	H1650	H1650
ZNF281	JASPAR2024|000706|MA1630.3	1.0	1.0	2829.0	3583.0	20770.0	26146.0	-0.04284239825318621	FALSE	cell_line	H1650	H1650
NR3C2	JASPAR2024|000539|MA0727.2	1.0	1.0	216.0	3583.0	1666.2	26146.0	-0.08268413050554972	FALSE	cell_line	H1650	H1650
NFATC4	CIS-BP2.00|000101|M01306_2.00	1.0	1.0	3584.0	3583.0	26137.0	26146.0	1.381650153938201	FALSE	cell_line	H1650	H1650
NR3C2	CIS-BP2.00|000154|M02395_2.00	1.0	1.0	3584.0	3583.0	26137.0	26146.0	1.381650153938201	FALSE	cell_line	H1650	H1650
HNF4A	JASPAR2024|000409|MA1494.2	1.0	1.0	353.0	3583.0	2733.6	26146.0	-0.09380962809641388	FALSE	cell_line	H1650	H1650
FOXA3	CIS-BP2.00|000469|M04831_2.00	1.0	1.0	109.0	3583.0	888.5	26146.0	-0.15938942825442406	FALSE	cell_line	H1650	H1650
ZNF33B	CIS-BP2.00|000777|M07710_2.00	1.0	1.0	1191.0	3583.0	8956.1	26146.0	-0.0651599404494274	FALSE	cell_line	H1650	H1650
ZNF540	CIS-BP2.00|000701|M07634_2.00	1.0	1.0	763.0	3583.0	5834.5	26146.0	-0.08572313575521637	FALSE	cell_line	H1650	H1650
FOXD2	CIS-BP2.00|000235|M03042_2.00	1.0	1.0	1325.0	3583.0	9987.9	26146.0	-0.07485153920742968	FALSE	cell_line	H1650	H1650
HNF4A	JASPAR2024|000410|MA0114.5	1.0	1.0	3388.0	3583.0	24864.5	26146.0	-0.16224200526449475	FALSE	cell_line	H1650	H1650
ZBTB18	CIS-BP2.00|000988|M08257_2.00	1.0	1.0	3075.0	3583.0	22689.4	26146.0	-0.11791471328221853	FALSE	cell_line	H1650	H1650
ZBTB18	JASPAR2024|000681|MA0698.2	1.0	1.0	1808.0	3583.0	13580.0	26146.0	-0.08538547058468383	FALSE	cell_line	H1650	H1650
ZNF281	CIS-BP2.00|001020|M08321_2.00	1.0	1.0	2798.0	3583.0	20776.4	26146.0	-0.11898898818717592	FALSE	cell_line	H1650	H1650
ZNF254	CIS-BP2.00|000827|M07760_2.00	1.0	1.0	491.0	3583.0	3912.4	26146.0	-0.14704641118459374	FALSE	cell_line	H1650	H1650
HNF4A	CIS-BP2.00|000974|M08219_2.00	1.0	1.0	3181.0	3583.0	23591.3	26146.0	-0.2241309408612427	FALSE	cell_line	H1650	H1650
ELF3	CIS-BP2.00|000227|M03002_2.00	1e-26	0.0	1730.0	3584.0	10133.5	25757.0	0.5247187940266878	TRUE	cell_line	H1819	H1819
NFATC4	JASPAR2024|000506|MA1525.3	1e-10	0.0	2724.0	3584.0	18321.7	25757.0	0.3617115229603109	TRUE	cell_line	H1819	H1819
XBP1	JASPAR2024|000675|MA0844.2	1e-07	0.0	1896.0	3584.0	12478.6	25757.0	0.2572189437391329	TRUE	cell_line	H1819	H1819
E2F5	CIS-BP2.00|000940|M08109_2.00	1e-06	0.0	3243.0	3584.0	22594.9	25757.0	0.4107478613433258	TRUE	cell_line	H1819	H1819
XBP1	CIS-BP2.00|000375|M04231_2.00	0.001	0.0007	3388.0	3584.0	23962.7	25757.0	0.3691199723612256	FALSE	cell_line	H1819	H1819
FOXA1	CIS-BP2.00|000890|M07960_2.00	0.01	0.0053	1818.0	3584.0	12423.9	25757.0	0.14374534671685288	FALSE	cell_line	H1819	H1819
ELF3	JASPAR2024|000276|MA0640.3	0.01	0.0107	3578.0	3584.0	25639.1	25757.0	1.3461386825296238	FALSE	cell_line	H1819	H1819
ZNF281	JASPAR2024|000706|MA1630.3	0.01	0.0135	2912.0	3584.0	20470.9	25757.0	0.16145418541806864	FALSE	cell_line	H1819	H1819
FOXA3	CIS-BP2.00|000469|M04831_2.00	0.01	0.0258	152.0	3584.0	897.2	25757.0	0.2990879282601326	FALSE	cell_line	H1819	H1819
NKX2-1	JASPAR2024|000822|MA1994.2	0.1	0.0297	3401.0	3584.0	24206.3	25757.0	0.24836335865974693	FALSE	cell_line	H1819	H1819
GATA6	JASPAR2024|000382|MA1104.3	0.1	0.0503	2965.0	3584.0	20960.0	25757.0	0.13178076394303986	FALSE	cell_line	H1819	H1819
FOXA2	CIS-BP2.00|000889|M07959_2.00	0.1	0.0594	2075.0	3584.0	14484.8	25757.0	0.09763171748482397	FALSE	cell_line	H1819	H1819
ZNF281	CIS-BP2.00|001020|M08321_2.00	0.1	0.0674	2896.0	3584.0	20476.2	25757.0	0.11776387442081074	FALSE	cell_line	H1819	H1819
ZNF75D	JASPAR2024|000169|MA1601.2	0.1	0.0843	2429.0	3584.0	17085.7	25757.0	0.09371398673073825	FALSE	cell_line	H1819	H1819
CEBPB	JASPAR2024|000235|MA0466.4	0.1	0.0867	282.0	3584.0	1823.6	25757.0	0.16656298503878503	FALSE	cell_line	H1819	H1819
FOXA3	JASPAR2024|000358|MA1683.2	0.1	0.1007	3164.0	3584.0	22491.2	25757.0	0.1281363624330018	FALSE	cell_line	H1819	H1819
ZNF33A	CIS-BP2.00|000762|M07695_2.00	0.1	0.1143	3200.0	3584.0	22768.0	25757.0	0.12817867216962758	FALSE	cell_line	H1819	H1819
GATA6	CIS-BP2.00|000947|M08124_2.00	0.1	0.1652	2672.0	3584.0	18928.1	25757.0	0.07955651437185468	FALSE	cell_line	H1819	H1819
FOXA2	JASPAR2024|000357|MA0047.4	0.1	0.195	2748.0	3584.0	19501.5	25757.0	0.07589736664790385	FALSE	cell_line	H1819	H1819
ETV1	CIS-BP2.00|000457|M04708_2.00	1.0	0.2397	3581.0	3584.0	25710.3	25757.0	0.9096213787789355	FALSE	cell_line	H1819	H1819
CEBPA	JASPAR2024|000234|MA0102.5	1.0	0.2689	2541.0	3584.0	18040.8	25757.0	0.05900225652437558	FALSE	cell_line	H1819	H1819
ZNF75D	CIS-BP2.00|000750|M07683_2.00	1.0	0.2701	2146.0	3584.0	15186.8	25757.0	0.05462645784343453	FALSE	cell_line	H1819	H1819
FOXD2	CIS-BP2.00|000235|M03042_2.00	1.0	0.2762	1441.0	3584.0	10125.7	25757.0	0.05399344980707654	FALSE	cell_line	H1819	H1819
FOXA1	JASPAR2024|000356|MA0148.5	1.0	0.2816	2864.0	3584.0	20392.1	25757.0	0.06492491111026075	FALSE	cell_line	H1819	H1819
ETV1	JASPAR2024|000311|MA0761.3	1.0	0.4154	3557.0	3584.0	25529.0	25757.0	0.21146102082646184	FALSE	cell_line	H1819	H1819
ETV1	JASPAR2024|000652|MA1966.2	1.0	0.4507	3460.0	3584.0	24807.6	25757.0	0.08987106388149067	FALSE	cell_line	H1819	H1819
CREB3L2	CIS-BP2.00|000117|M01812_2.00	1.0	0.536	1849.0	3584.0	13180.1	25757.0	0.024201609021243853	FALSE	cell_line	H1819	H1819
FOXD2	JASPAR2024|000361|MA0847.4	1.0	0.6217	1325.0	3584.0	9457.4	25757.0	0.01582213538856784	FALSE	cell_line	H1819	H1819
ZNF540	CIS-BP2.00|000701|M07634_2.00	1.0	0.6628	818.0	3584.0	5836.0	25757.0	0.014143291877495514	FALSE	cell_line	H1819	H1819
ZNF341	JASPAR2024|000712|MA1655.2	1.0	0.694	3582.0	3584.0	25735.7	25757.0	0.279567692048541	FALSE	cell_line	H1819	H1819
CREB3L2	JASPAR2024|000025|MA0608.1	1.0	0.7484	1824.0	3584.0	13094.6	25757.0	0.0030966890193932783	FALSE	cell_line	H1819	H1819
CEBPB	CIS-BP2.00|000866|M07830_2.00	1.0	0.7525	1580.0	3584.0	11343.1	25757.0	0.00277083757218174	FALSE	cell_line	H1819	H1819
CEBPA	CIS-BP2.00|000926|M08076_2.00	1.0	0.857	1328.0	3584.0	9583.8	25757.0	-0.009383765943004921	FALSE	cell_line	H1819	H1819
ZNF19	CIS-BP2.00|000670|M07603_2.00	1.0	0.857	3561.0	3584.0	25593.6	25757.0	-0.04317118784698599	FALSE	cell_line	H1819	H1819
HNF4A	JASPAR2024|000410|MA0114.5	1.0	0.8859	3399.0	3584.0	24449.0	25757.0	-0.027987654643951646	FALSE	cell_line	H1819	H1819
ZNF341	CIS-BP2.00|001017|M08310_2.00	1.0	1.0	3570.0	3584.0	25674.4	25757.0	-0.3273650573641644	FALSE	cell_line	H1819	H1819
ZNF254	CIS-BP2.00|000827|M07760_2.00	1.0	1.0	490.0	3584.0	3661.3	25757.0	-0.06420789866939967	FALSE	cell_line	H1819	H1819
ZNF444	CIS-BP2.00|000420|M04529_2.00	1.0	1.0	1151.0	3584.0	8479.1	25757.0	-0.05261685168640328	FALSE	cell_line	H1819	H1819
ZNF141	CIS-BP2.00|000653|M07586_2.00	1.0	1.0	2483.0	3584.0	18056.1	25757.0	-0.05642837652929124	FALSE	cell_line	H1819	H1819
NFATC4	CIS-BP2.00|000101|M01306_2.00	1.0	1.0	3584.0	3584.0	25756.4	25757.0	-1.707611645696527	FALSE	cell_line	H1819	H1819
NR3C2	CIS-BP2.00|000154|M02395_2.00	1.0	1.0	3584.0	3584.0	25756.4	25757.0	-1.707611645696527	FALSE	cell_line	H1819	H1819
ZNF33B	CIS-BP2.00|000777|M07710_2.00	1.0	1.0	1192.0	3584.0	8956.0	25757.0	-0.09694659371705332	FALSE	cell_line	H1819	H1819
HNF4A	JASPAR2024|000409|MA1494.2	1.0	1.0	344.0	3584.0	2721.6	25757.0	-0.1525485539339545	FALSE	cell_line	H1819	H1819
NR3C2	JASPAR2024|000539|MA0727.2	1.0	1.0	200.0	3584.0	1655.2	25757.0	-0.21361094708095768	FALSE	cell_line	H1819	H1819
ZBTB18	CIS-BP2.00|000988|M08257_2.00	1.0	1.0	3002.0	3584.0	22121.5	25757.0	-0.239223426569513	FALSE	cell_line	H1819	H1819
HNF4A	CIS-BP2.00|000974|M08219_2.00	1.0	1.0	3144.0	3584.0	23171.2	25757.0	-0.3277856440216485	FALSE	cell_line	H1819	H1819
ZBTB18	JASPAR2024|000681|MA0698.2	1.0	1.0	1652.0	3584.0	12843.5	25757.0	-0.21797678039557605	FALSE	cell_line	H1819	H1819
ELF3	CIS-BP2.00|000227|M03002_2.00	1e-08	0.0	1554.0	3584.0	10405.5	27026.0	0.29020716124217255	TRUE	cell_line	H1975	H1975
XBP1	JASPAR2024|000675|MA0844.2	0.0001	0.0008	1815.0	3584.0	12818.4	27026.0	0.18546634078392088	FALSE	cell_line	H1975	H1975
NFATC4	JASPAR2024|000506|MA1525.3	0.0001	0.001	2591.0	3584.0	18757.0	27026.0	0.20159997015780806	FALSE	cell_line	H1975	H1975
CEBPB	JASPAR2024|000235|MA0466.4	0.01	0.0214	272.0	3584.0	1739.8	27026.0	0.25737852286473384	FALSE	cell_line	H1975	H1975
FOXA1	CIS-BP2.00|000890|M07960_2.00	0.01	0.0501	1836.0	3584.0	13314.2	27026.0	0.11329175561734725	FALSE	cell_line	H1975	H1975
ZNF75D	CIS-BP2.00|000750|M07683_2.00	0.1	0.0582	2233.0	3584.0	16336.4	27026.0	0.11288583990464389	FALSE	cell_line	H1975	H1975
CREB3L2	CIS-BP2.00|000117|M01812_2.00	0.1	0.0752	1896.0	3584.0	13813.1	27026.0	0.1035095797676268	FALSE	cell_line	H1975	H1975
FOXA2	CIS-BP2.00|000889|M07959_2.00	0.1	0.0769	2122.0	3584.0	15526.7	27026.0	0.10413900584638393	FALSE	cell_line	H1975	H1975
CREB3L2	JASPAR2024|000025|MA0608.1	0.1	0.0769	1885.0	3584.0	13733.2	27026.0	0.10281572528997616	FALSE	cell_line	H1975	H1975
FOXA3	CIS-BP2.00|000469|M04831_2.00	0.1	0.0895	130.0	3584.0	816.9	27026.0	0.27655408249548574	FALSE	cell_line	H1975	H1975
XBP1	CIS-BP2.00|000375|M04231_2.00	0.1	0.0946	3336.0	3584.0	24915.9	27026.0	0.18564719942105087	FALSE	cell_line	H1975	H1975
ZNF33A	CIS-BP2.00|000762|M07695_2.00	0.1	0.1336	3259.0	3584.0	24332.2	27026.0	0.1490072169825576	FALSE	cell_line	H1975	H1975
NKX2-1	JASPAR2024|000822|MA1994.2	0.1	0.1906	3422.0	3584.0	25648.7	27026.0	0.17806347769242228	FALSE	cell_line	H1975	H1975
ZNF75D	JASPAR2024|000169|MA1601.2	0.1	0.1956	2474.0	3584.0	18326.4	27026.0	0.08106876373495088	FALSE	cell_line	H1975	H1975
ETV1	JASPAR2024|000311|MA0761.3	1.0	0.3325	3562.0	3584.0	26813.4	27026.0	0.3315145356661565	FALSE	cell_line	H1975	H1975
GATA6	CIS-BP2.00|000947|M08124_2.00	1.0	0.4229	2692.0	3584.0	20114.0	27026.0	0.05206587463152646	FALSE	cell_line	H1975	H1975
ELF3	JASPAR2024|000276|MA0640.3	1.0	0.4755	3573.0	3584.0	26918.4	27026.0	0.31945099256709697	FALSE	cell_line	H1975	H1975
CEBPB	CIS-BP2.00|000866|M07830_2.00	1.0	0.4916	1581.0	3584.0	11751.6	27026.0	0.037015404166924934	FALSE	cell_line	H1975	H1975
ZNF33B	CIS-BP2.00|000777|M07710_2.00	1.0	0.5248	1236.0	3584.0	9172.9	27026.0	0.03520920077222865	FALSE	cell_line	H1975	H1975
GATA6	JASPAR2024|000382|MA1104.3	1.0	0.6626	2953.0	3584.0	22196.0	27026.0	0.025483199869039297	FALSE	cell_line	H1975	H1975
FOXA2	JASPAR2024|000357|MA0047.4	1.0	0.6811	2762.0	3584.0	20756.9	27026.0	0.020706439756114497	FALSE	cell_line	H1975	H1975
ZNF19	CIS-BP2.00|000670|M07603_2.00	1.0	0.6938	3567.0	3584.0	26884.6	27026.0	0.10562625926763346	FALSE	cell_line	H1975	H1975
CEBPA	JASPAR2024|000234|MA0102.5	1.0	0.8249	2546.0	3584.0	19189.6	27026.0	0.0020072648330580686	FALSE	cell_line	H1975	H1975
ETV1	CIS-BP2.00|000457|M04708_2.00	1.0	0.8368	3577.0	3584.0	26970.6	27026.0	-0.016504907806114064	FALSE	cell_line	H1975	H1975
NR3C2	JASPAR2024|000539|MA0727.2	1.0	0.8389	231.0	3584.0	1740.0	27026.0	0.00421013931969963	FALSE	cell_line	H1975	H1975
FOXA3	JASPAR2024|000358|MA1683.2	1.0	0.8694	3141.0	3584.0	23696.6	27026.0	-0.006712187989283939	FALSE	cell_line	H1975	H1975
HNF4A	JASPAR2024|000410|MA0114.5	1.0	0.8724	3425.0	3584.0	25834.0	27026.0	-0.01255153480727136	FALSE	cell_line	H1975	H1975
FOXA1	JASPAR2024|000356|MA0148.5	1.0	0.8869	2833.0	3584.0	21384.1	27026.0	-0.007451178654050668	FALSE	cell_line	H1975	H1975
ZNF341	CIS-BP2.00|001017|M08310_2.00	1.0	0.9232	3577.0	3584.0	26975.5	27026.0	-0.14911802296507518	FALSE	cell_line	H1975	H1975
ZBTB18	CIS-BP2.00|000988|M08257_2.00	1.0	0.9522	3137.0	3584.0	23703.6	27026.0	-0.024965964068517078	FALSE	cell_line	H1975	H1975
ZNF540	CIS-BP2.00|000701|M07634_2.00	1.0	0.9932	775.0	3584.0	5936.5	27026.0	-0.028361637015725236	FALSE	cell_line	H1975	H1975
ZNF141	CIS-BP2.00|000653|M07586_2.00	1.0	1.0	2507.0	3584.0	19059.9	27026.0	-0.03998051965043404	FALSE	cell_line	H1975	H1975
FOXD2	CIS-BP2.00|000235|M03042_2.00	1.0	1.0	1304.0	3584.0	10024.2	27026.0	-0.04368236784272295	FALSE	cell_line	H1975	H1975
ETV1	JASPAR2024|000652|MA1966.2	1.0	1.0	3453.0	3584.0	26125.0	27026.0	-0.14206282741541504	FALSE	cell_line	H1975	H1975
NFATC4	CIS-BP2.00|000101|M01306_2.00	1.0	1.0	3584.0	3584.0	27028.2	27026.0	-2.9146483268955277	FALSE	cell_line	H1975	H1975
NR3C2	CIS-BP2.00|000154|M02395_2.00	1.0	1.0	3584.0	3584.0	27028.2	27026.0	-2.9146483268955277	FALSE	cell_line	H1975	H1975
FOXD2	JASPAR2024|000361|MA0847.4	1.0	1.0	1226.0	3584.0	9513.9	27026.0	-0.06311366305712085	FALSE	cell_line	H1975	H1975
CEBPA	CIS-BP2.00|000926|M08076_2.00	1.0	1.0	1276.0	3584.0	9918.8	27026.0	-0.06842660019618381	FALSE	cell_line	H1975	H1975
ZBTB18	JASPAR2024|000681|MA0698.2	1.0	1.0	1927.0	3584.0	14850.2	27026.0	-0.06873313589726941	FALSE	cell_line	H1975	H1975
ZNF254	CIS-BP2.00|000827|M07760_2.00	1.0	1.0	532.0	3584.0	4257.5	27026.0	-0.10031478904721047	FALSE	cell_line	H1975	H1975
ZNF341	JASPAR2024|000712|MA1655.2	1.0	1.0	3579.0	3584.0	27008.9	27026.0	-1.2375597015489648	FALSE	cell_line	H1975	H1975
HNF4A	CIS-BP2.00|000974|M08219_2.00	1.0	1.0	3223.0	3584.0	24548.3	27026.0	-0.1517275447499243	FALSE	cell_line	H1975	H1975
HNF4A	JASPAR2024|000409|MA1494.2	1.0	1.0	348.0	3584.0	2890.8	27026.0	-0.15382548834327453	FALSE	cell_line	H1975	H1975
ZNF444	CIS-BP2.00|000420|M04529_2.00	1.0	1.0	1126.0	3584.0	8934.0	27026.0	-0.10799816930317033	FALSE	cell_line	H1975	H1975
ZNF281	JASPAR2024|000706|MA1630.3	1.0	1.0	2823.0	3584.0	21673.5	27026.0	-0.12697718432726518	FALSE	cell_line	H1975	H1975
ZNF281	CIS-BP2.00|001020|M08321_2.00	1.0	1.0	2814.0	3584.0	21662.8	27026.0	-0.14494078857809933	FALSE	cell_line	H1975	H1975
E2F5	CIS-BP2.00|000940|M08109_2.00	1.0	1.0	3034.0	3584.0	23336.0	27026.0	-0.1980556553754825	FALSE	cell_line	H1975	H1975
ELF3	CIS-BP2.00|000227|M03002_2.00	1e-21	0.0	1667.0	3584.0	10282.6	26583.0	0.4631365510469923	TRUE	cell_line	H2228	H2228
NFATC4	JASPAR2024|000506|MA1525.3	1e-08	0.0	2660.0	3584.0	18563.9	26583.0	0.31401567576042844	TRUE	cell_line	H2228	H2228
XBP1	JASPAR2024|000675|MA0844.2	1e-08	0.0	1887.0	3584.0	12735.9	26583.0	0.27374347582603115	TRUE	cell_line	H2228	H2228
XBP1	CIS-BP2.00|000375|M04231_2.00	1e-05	0.0	3384.0	3584.0	24593.1	26583.0	0.4501159393365656	TRUE	cell_line	H2228	H2228
FOXA2	CIS-BP2.00|000889|M07959_2.00	0.0001	0.0002	2186.0	3584.0	15317.7	26583.0	0.20144607952730773	FALSE	cell_line	H2228	H2228
FOXA1	CIS-BP2.00|000890|M07960_2.00	0.001	0.001	1882.0	3584.0	13159.4	26583.0	0.17367190833928026	FALSE	cell_line	H2228	H2228
FOXA3	CIS-BP2.00|000469|M04831_2.00	0.001	0.0016	152.0	3584.0	844.3	26583.0	0.43683499634923545	FALSE	cell_line	H2228	H2228
ZNF33A	CIS-BP2.00|000762|M07695_2.00	0.01	0.0082	3275.0	3584.0	23905.2	26583.0	0.24573865622114582	FALSE	cell_line	H2228	H2228
FOXA2	JASPAR2024|000357|MA0047.4	0.01	0.0249	2816.0	3584.0	20421.4	26583.0	0.14516320959938778	FALSE	cell_line	H2228	H2228
FOXA3	JASPAR2024|000358|MA1683.2	0.1	0.042	3193.0	3584.0	23356.7	26583.0	0.17236296596167563	FALSE	cell_line	H2228	H2228
ZNF19	CIS-BP2.00|000670|M07603_2.00	0.1	0.08	3572.0	3584.0	26427.7	26583.0	0.7526229821185267	FALSE	cell_line	H2228	H2228
ZNF75D	CIS-BP2.00|000750|M07683_2.00	0.1	0.0803	2213.0	3584.0	15992.9	26583.0	0.09588240672745398	FALSE	cell_line	H2228	H2228
CEBPB	JASPAR2024|000235|MA0466.4	0.1	0.0934	268.0	3584.0	1777.2	26583.0	0.1759552482151785	FALSE	cell_line	H2228	H2228
CEBPA	JASPAR2024|000234|MA0102.5	0.1	0.1306	2593.0	3584.0	18895.1	26583.0	0.08992066375053617	FALSE	cell_line	H2228	H2228
ELF3	JASPAR2024|000276|MA0640.3	0.1	0.1456	3574.0	3584.0	26457.3	26583.0	0.6993709300173948	FALSE	cell_line	H2228	H2228
ETV1	JASPAR2024|000652|MA1966.2	0.1	0.1702	3476.0	3584.0	25656.9	26583.0	0.2105841524260023	FALSE	cell_line	H2228	H2228
ZNF75D	JASPAR2024|000169|MA1601.2	0.1	0.1713	2461.0	3584.0	17940.0	26583.0	0.0780050407008549	FALSE	cell_line	H2228	H2228
ZNF341	JASPAR2024|000712|MA1655.2	0.1	0.2096	3584.0	3584.0	26563.3	26583.0	2.4466656435714067	FALSE	cell_line	H2228	H2228
FOXA1	JASPAR2024|000356|MA0148.5	1.0	0.2594	2881.0	3584.0	21150.8	26583.0	0.07319264126585055	FALSE	cell_line	H2228	H2228
ETV1	JASPAR2024|000311|MA0761.3	1.0	0.2834	3562.0	3584.0	26370.5	26583.0	0.3548661632988389	FALSE	cell_line	H2228	H2228
FOXD2	JASPAR2024|000361|MA0847.4	1.0	0.3419	1319.0	3584.0	9569.5	26583.0	0.050293389200334035	FALSE	cell_line	H2228	H2228
CEBPB	CIS-BP2.00|000866|M07830_2.00	1.0	0.3709	1598.0	3584.0	11646.4	26583.0	0.04544401973704596	FALSE	cell_line	H2228	H2228
ZNF281	JASPAR2024|000706|MA1630.3	1.0	0.4285	2875.0	3584.0	21177.3	26583.0	0.04907231163420382	FALSE	cell_line	H2228	H2228
FOXD2	CIS-BP2.00|000235|M03042_2.00	1.0	0.4754	1375.0	3584.0	10046.1	26583.0	0.03526129836600561	FALSE	cell_line	H2228	H2228
E2F5	CIS-BP2.00|000940|M08109_2.00	1.0	0.4895	3114.0	3584.0	22992.4	26583.0	0.04804323848461914	FALSE	cell_line	H2228	H2228
HNF4A	JASPAR2024|000410|MA0114.5	1.0	0.5048	3432.0	3584.0	25393.1	26583.0	0.077431971773782	FALSE	cell_line	H2228	H2228
ZNF281	CIS-BP2.00|001020|M08321_2.00	1.0	0.5998	2864.0	3584.0	21163.7	26583.0	0.02589856571238649	FALSE	cell_line	H2228	H2228
ZNF341	CIS-BP2.00|001017|M08310_2.00	1.0	0.6429	3578.0	3584.0	26525.4	26583.0	0.27005172382385567	FALSE	cell_line	H2228	H2228
ZNF540	CIS-BP2.00|000701|M07634_2.00	1.0	0.6528	809.0	3584.0	5940.1	26583.0	0.0193553414319626	FALSE	cell_line	H2228	H2228
GATA6	JASPAR2024|000382|MA1104.3	1.0	0.7854	2937.0	3584.0	21772.7	26583.0	0.003432026679288354	FALSE	cell_line	H2228	H2228
ZNF141	CIS-BP2.00|000653|M07586_2.00	1.0	0.8045	2519.0	3584.0	18680.3	26583.0	0.0005594466873062034	FALSE	cell_line	H2228	H2228
GATA6	CIS-BP2.00|000947|M08124_2.00	1.0	0.8192	2651.0	3584.0	19666.7	26583.0	-0.0015281097825147396	FALSE	cell_line	H2228	H2228
ETV1	CIS-BP2.00|000457|M04708_2.00	1.0	0.8836	3576.0	3584.0	26521.5	26583.0	-0.023835756104408135	FALSE	cell_line	H2228	H2228
CREB3L2	CIS-BP2.00|000117|M01812_2.00	1.0	0.9988	1835.0	3584.0	13725.0	26583.0	-0.024905899785286918	FALSE	cell_line	H2228	H2228
CREB3L2	JASPAR2024|000025|MA0608.1	1.0	1.0	1818.0	3584.0	13647.1	26583.0	-0.0353558981403934	FALSE	cell_line	H2228	H2228
ZNF33B	CIS-BP2.00|000777|M07710_2.00	1.0	1.0	1196.0	3584.0	9084.7	26583.0	-0.0516186680843746	FALSE	cell_line	H2228	H2228
NKX2-1	JASPAR2024|000822|MA1994.2	1.0	1.0	3383.0	3584.0	25193.7	26583.0	-0.11047781086138163	FALSE	cell_line	H2228	H2228
NFATC4	CIS-BP2.00|000101|M01306_2.00	1.0	1.0	3584.0	3584.0	26581.6	26583.0	-0.9646118669229987	FALSE	cell_line	H2228	H2228
NR3C2	CIS-BP2.00|000154|M02395_2.00	1.0	1.0	3584.0	3584.0	26581.6	26583.0	-0.9646118669229987	FALSE	cell_line	H2228	H2228
CEBPA	CIS-BP2.00|000926|M08076_2.00	1.0	1.0	1297.0	3584.0	9862.3	26583.0	-0.056428002235019044	FALSE	cell_line	H2228	H2228
NR3C2	JASPAR2024|000539|MA0727.2	1.0	1.0	213.0	3584.0	1740.7	26583.0	-0.14640866603571295	FALSE	cell_line	H2228	H2228
ZNF444	CIS-BP2.00|000420|M04529_2.00	1.0	1.0	1122.0	3584.0	8684.5	26583.0	-0.09012704590109384	FALSE	cell_line	H2228	H2228
ZNF254	CIS-BP2.00|000827|M07760_2.00	1.0	1.0	518.0	3584.0	4122.6	26583.0	-0.11856267697623317	FALSE	cell_line	H2228	H2228
HNF4A	JASPAR2024|000409|MA1494.2	1.0	1.0	348.0	3584.0	2827.8	26583.0	-0.1449372851280621	FALSE	cell_line	H2228	H2228
ZBTB18	CIS-BP2.00|000988|M08257_2.00	1.0	1.0	3084.0	3584.0	23239.7	26583.0	-0.1734673478520118	FALSE	cell_line	H2228	H2228
ZBTB18	JASPAR2024|000681|MA0698.2	1.0	1.0	1853.0	3584.0	14370.8	26583.0	-0.1365786549479902	FALSE	cell_line	H2228	H2228
HNF4A	CIS-BP2.00|000974|M08219_2.00	1.0	1.0	3195.0	3584.0	24080.7	26583.0	-0.2299459171652908	FALSE	cell_line	H2228	H2228
ELF3	CIS-BP2.00|000227|M03002_2.00	1e-14	0.0	1609.0	3584.0	10416.0	27010.0	0.3762292857505217	TRUE	cell_line	H2347	H2347
XBP1	JASPAR2024|000675|MA0844.2	1e-07	0.0	1867.0	3584.0	12812.4	27010.0	0.26889897997466305	TRUE	cell_line	H2347	H2347
NFATC4	JASPAR2024|000506|MA1525.3	1e-06	0.0	2626.0	3584.0	18807.5	27010.0	0.2571683369571831	TRUE	cell_line	H2347	H2347
ZNF33A	CIS-BP2.00|000762|M07695_2.00	0.0001	0.0007	3301.0	3584.0	24365.5	27010.0	0.338171200026391	FALSE	cell_line	H2347	H2347
FOXA2	CIS-BP2.00|000889|M07959_2.00	0.0001	0.0007	2184.0	3584.0	15591.9	27010.0	0.191903893044682	FALSE	cell_line	H2347	H2347
CREB3L2	JASPAR2024|000025|MA0608.1	0.001	0.0039	1929.0	3584.0	13776.9	27010.0	0.1628619556911739	FALSE	cell_line	H2347	H2347
CREB3L2	CIS-BP2.00|000117|M01812_2.00	0.001	0.0042	1939.0	3584.0	13858.2	27010.0	0.1616819279417974	FALSE	cell_line	H2347	H2347
FOXA1	CIS-BP2.00|000890|M07960_2.00	0.001	0.0047	1872.0	3584.0	13363.9	27010.0	0.15900821571010532	FALSE	cell_line	H2347	H2347
ZNF75D	JASPAR2024|000169|MA1601.2	0.001	0.0052	2523.0	3584.0	18332.2	27010.0	0.1703868015225503	FALSE	cell_line	H2347	H2347
ZNF75D	CIS-BP2.00|000750|M07683_2.00	0.001	0.0057	2263.0	3584.0	16345.3	27010.0	0.16036991423623212	FALSE	cell_line	H2347	H2347
ELF3	JASPAR2024|000276|MA0640.3	0.01	0.0135	3579.0	3584.0	26898.7	27010.0	1.4356114774126325	FALSE	cell_line	H2347	H2347
XBP1	CIS-BP2.00|000375|M04231_2.00	0.01	0.0207	3354.0	3584.0	24958.8	27010.0	0.2585733147977442	FALSE	cell_line	H2347	H2347
CEBPA	JASPAR2024|000234|MA0102.5	0.01	0.0443	2615.0	3584.0	19226.9	27010.0	0.12711975414405607	FALSE	cell_line	H2347	H2347
ETV1	JASPAR2024|000652|MA1966.2	0.01	0.0467	3489.0	3584.0	26111.8	27010.0	0.33062966335849736	FALSE	cell_line	H2347	H2347
ETV1	JASPAR2024|000311|MA0761.3	0.1	0.07	3566.0	3584.0	26793.1	27010.0	0.6454472078345637	FALSE	cell_line	H2347	H2347
CEBPB	CIS-BP2.00|000866|M07830_2.00	0.1	0.0712	1626.0	3584.0	11775.8	27010.0	0.10349645552625897	FALSE	cell_line	H2347	H2347
FOXA3	CIS-BP2.00|000469|M04831_2.00	0.1	0.1412	130.0	3584.0	838.3	27010.0	0.23720932888782406	FALSE	cell_line	H2347	H2347
ZNF19	CIS-BP2.00|000670|M07603_2.00	0.1	0.152	3572.0	3584.0	26867.5	27010.0	0.6051321294130899	FALSE	cell_line	H2347	H2347
FOXA2	JASPAR2024|000357|MA0047.4	0.1	0.2443	2793.0	3584.0	20791.8	27010.0	0.07804813598805982	FALSE	cell_line	H2347	H2347
E2F5	CIS-BP2.00|000940|M08109_2.00	0.1	0.2504	3131.0	3584.0	23392.4	27010.0	0.09491288849895746	FALSE	cell_line	H2347	H2347
FOXA1	JASPAR2024|000356|MA0148.5	1.0	0.2881	2880.0	3584.0	21482.5	27010.0	0.07328169403376265	FALSE	cell_line	H2347	H2347
ZNF33B	CIS-BP2.00|000777|M07710_2.00	1.0	0.3727	1242.0	3584.0	9142.8	27010.0	0.05176387900046913	FALSE	cell_line	H2347	H2347
ZBTB18	CIS-BP2.00|000988|M08257_2.00	1.0	0.4597	3156.0	3584.0	23668.5	27010.0	0.056743525738069525	FALSE	cell_line	H2347	H2347
NKX2-1	JASPAR2024|000822|MA1994.2	1.0	0.5152	3413.0	3584.0	25657.4	27010.0	0.06990854395600399	FALSE	cell_line	H2347	H2347
FOXA3	JASPAR2024|000358|MA1683.2	1.0	0.5201	3165.0	3584.0	23759.0	27010.0	0.04636353259931261	FALSE	cell_line	H2347	H2347
FOXD2	JASPAR2024|000361|MA0847.4	1.0	0.5238	1291.0	3584.0	9591.8	27010.0	0.03218500716557112	FALSE	cell_line	H2347	H2347
FOXD2	CIS-BP2.00|000235|M03042_2.00	1.0	0.5334	1344.0	3584.0	9995.6	27010.0	0.03061046184983039	FALSE	cell_line	H2347	H2347
GATA6	CIS-BP2.00|000947|M08124_2.00	1.0	0.5921	2670.0	3584.0	20030.8	27010.0	0.025035689570485534	FALSE	cell_line	H2347	H2347
ZNF141	CIS-BP2.00|000653|M07586_2.00	1.0	0.6699	2538.0	3584.0	19066.0	27010.0	0.015392242407109182	FALSE	cell_line	H2347	H2347
ETV1	CIS-BP2.00|000457|M04708_2.00	1.0	0.7966	3577.0	3584.0	26957.1	27010.0	-0.08179114772107962	FALSE	cell_line	H2347	H2347
CEBPB	JASPAR2024|000235|MA0466.4	1.0	0.8741	232.0	3584.0	1766.1	27010.0	-0.013018644184891279	FALSE	cell_line	H2347	H2347
ZNF341	JASPAR2024|000712|MA1655.2	1.0	0.8741	3582.0	3584.0	26997.1	27010.0	-0.4915595517337794	FALSE	cell_line	H2347	H2347
GATA6	JASPAR2024|000382|MA1104.3	1.0	0.8825	2935.0	3584.0	22156.8	27010.0	-0.014420419631061691	FALSE	cell_line	H2347	H2347
ZNF341	CIS-BP2.00|001017|M08310_2.00	1.0	0.924	3577.0	3584.0	26964.3	27010.0	-0.29112331032305766	FALSE	cell_line	H2347	H2347
ZNF281	JASPAR2024|000706|MA1630.3	1.0	1.0	2858.0	3584.0	21668.7	27010.0	-0.04402443781939272	FALSE	cell_line	H2347	H2347
CEBPA	CIS-BP2.00|000926|M08076_2.00	1.0	1.0	1299.0	3584.0	9945.5	27010.0	-0.03570110694836832	FALSE	cell_line	H2347	H2347
NFATC4	CIS-BP2.00|000101|M01306_2.00	1.0	1.0	3584.0	3584.0	27015.6	27010.0	-2.9139756272891066	FALSE	cell_line	H2347	H2347
NR3C2	CIS-BP2.00|000154|M02395_2.00	1.0	1.0	3584.0	3584.0	27015.6	27010.0	-2.9139756272891066	FALSE	cell_line	H2347	H2347
HNF4A	JASPAR2024|000410|MA0114.5	1.0	1.0	3414.0	3584.0	25841.0	27010.0	-0.1418953590290491	FALSE	cell_line	H2347	H2347
HNF4A	CIS-BP2.00|000974|M08219_2.00	1.0	1.0	3234.0	3584.0	24535.4	27010.0	-0.10327910855473939	FALSE	cell_line	H2347	H2347
ZNF540	CIS-BP2.00|000701|M07634_2.00	1.0	1.0	753.0	3584.0	5933.6	27010.0	-0.08132556663085816	FALSE	cell_line	H2347	H2347
HNF4A	JASPAR2024|000409|MA1494.2	1.0	1.0	358.0	3584.0	2902.8	27010.0	-0.11619654400658892	FALSE	cell_line	H2347	H2347
ZNF254	CIS-BP2.00|000827|M07760_2.00	1.0	1.0	522.0	3584.0	4221.6	27010.0	-0.11890826742043355	FALSE	cell_line	H2347	H2347
NR3C2	JASPAR2024|000539|MA0727.2	1.0	1.0	208.0	3584.0	1766.6	27010.0	-0.18093004451060857	FALSE	cell_line	H2347	H2347
ZNF444	CIS-BP2.00|000420|M04529_2.00	1.0	1.0	1129.0	3584.0	8915.1	27010.0	-0.09911334926045869	FALSE	cell_line	H2347	H2347
ZBTB18	JASPAR2024|000681|MA0698.2	1.0	1.0	1900.0	3584.0	14762.7	27010.0	-0.09542424046299944	FALSE	cell_line	H2347	H2347
ZNF281	CIS-BP2.00|001020|M08321_2.00	1.0	1.0	2821.0	3584.0	21648.7	27010.0	-0.12776211516803168	FALSE	cell_line	H2347	H2347
ELF3	CIS-BP2.00|000227|M03002_2.00	1e-22	0.0	1684.0	3584.0	10314.9	26557.0	0.4809242249820844	TRUE	cell_line	H322	H322
NFATC4	JASPAR2024|000506|MA1525.3	1e-06	0.0	2662.0	3584.0	18693.5	26557.0	0.2799206368129953	TRUE	cell_line	H322	H322
XBP1	JASPAR2024|000675|MA0844.2	1e-05	0.0	1850.0	3584.0	12683.4	26557.0	0.22279107484608288	TRUE	cell_line	H322	H322
FOXA3	CIS-BP2.00|000469|M04831_2.00	1e-05	0.0001	170.0	3584.0	891.4	26557.0	0.523007629287798	FALSE	cell_line	H322	H322
ELF3	JASPAR2024|000276|MA0640.3	0.001	0.0026	3579.0	3584.0	26433.7	26557.0	1.6078602045894397	FALSE	cell_line	H322	H322
CEBPB	JASPAR2024|000235|MA0466.4	0.001	0.0027	296.0	3584.0	1812.9	26557.0	0.2990189654822275	FALSE	cell_line	H322	H322
FOXA1	CIS-BP2.00|000890|M07960_2.00	0.001	0.0034	1877.0	3584.0	13196.4	26557.0	0.15476704186967105	FALSE	cell_line	H322	H322
XBP1	CIS-BP2.00|000375|M04231_2.00	0.01	0.0213	3357.0	3584.0	24587.0	26557.0	0.24215755131332498	FALSE	cell_line	H322	H322
ZNF75D	CIS-BP2.00|000750|M07683_2.00	0.01	0.0283	2215.0	3584.0	15890.0	26557.0	0.1190406510276466	FALSE	cell_line	H322	H322
CEBPB	CIS-BP2.00|000866|M07830_2.00	0.1	0.04	1645.0	3584.0	11689.0	26557.0	0.10988713769668011	FALSE	cell_line	H322	H322
FOXA2	CIS-BP2.00|000889|M07959_2.00	0.1	0.0435	2143.0	3584.0	15393.0	26557.0	0.10899492945630201	FALSE	cell_line	H322	H322
ZNF75D	JASPAR2024|000169|MA1601.2	0.1	0.1026	2458.0	3584.0	17842.4	26557.0	0.09217005010201756	FALSE	cell_line	H322	H322
ETV1	JASPAR2024|000311|MA0761.3	0.1	0.1064	3564.0	3584.0	26343.0	26557.0	0.5016064240184126	FALSE	cell_line	H322	H322
CEBPA	JASPAR2024|000234|MA0102.5	0.1	0.1181	2588.0	3584.0	18835.7	26557.0	0.09067575493639074	FALSE	cell_line	H322	H322
ZNF281	JASPAR2024|000706|MA1630.3	0.1	0.1621	2887.0	3584.0	21125.5	26557.0	0.09009157613467679	FALSE	cell_line	H322	H322
NR3C2	JASPAR2024|000539|MA0727.2	0.1	0.2132	255.0	3584.0	1740.1	26557.0	0.12978502878137316	FALSE	cell_line	H322	H322
CREB3L2	CIS-BP2.00|000117|M01812_2.00	0.1	0.2185	1881.0	3584.0	13647.0	26557.0	0.06328951954873162	FALSE	cell_line	H322	H322
FOXA3	JASPAR2024|000358|MA1683.2	1.0	0.2434	3176.0	3584.0	23357.6	26557.0	0.09120583400077127	FALSE	cell_line	H322	H322
ZNF33A	CIS-BP2.00|000762|M07695_2.00	1.0	0.2478	3234.0	3584.0	23800.2	26557.0	0.0963805075220046	FALSE	cell_line	H322	H322
FOXD2	CIS-BP2.00|000235|M03042_2.00	1.0	0.3451	1407.0	3584.0	10217.5	26557.0	0.04775734611471228	FALSE	cell_line	H322	H322
FOXA2	JASPAR2024|000357|MA0047.4	1.0	0.3627	2784.0	3584.0	20459.3	26557.0	0.05210831403215261	FALSE	cell_line	H322	H322
ZNF281	CIS-BP2.00|001020|M08321_2.00	1.0	0.3858	2869.0	3584.0	21105.8	26557.0	0.05088009021347607	FALSE	cell_line	H322	H322
FOXA1	JASPAR2024|000356|MA0148.5	1.0	0.3887	2878.0	3584.0	21174.1	26557.0	0.050810560361291	FALSE	cell_line	H322	H322
CEBPA	CIS-BP2.00|000926|M08076_2.00	1.0	0.4212	1354.0	3584.0	9866.9	26557.0	0.03868716512542875	FALSE	cell_line	H322	H322
CREB3L2	JASPAR2024|000025|MA0608.1	1.0	0.4289	1853.0	3584.0	13563.2	26557.0	0.036357865366151335	FALSE	cell_line	H322	H322
FOXD2	JASPAR2024|000361|MA0847.4	1.0	0.4848	1340.0	3584.0	9796.3	26557.0	0.03112007067711432	FALSE	cell_line	H322	H322
ETV1	CIS-BP2.00|000457|M04708_2.00	1.0	0.5267	3578.0	3584.0	26502.7	26557.0	0.1869245933097772	FALSE	cell_line	H322	H322
ZNF341	JASPAR2024|000712|MA1655.2	1.0	0.5267	3583.0	3584.0	26544.1	26557.0	0.27022145279219784	FALSE	cell_line	H322	H322
GATA6	CIS-BP2.00|000947|M08124_2.00	1.0	0.5738	2656.0	3584.0	19603.5	26557.0	0.02131981785552109	FALSE	cell_line	H322	H322
NKX2-1	JASPAR2024|000822|MA1994.2	1.0	0.5963	3398.0	3584.0	25144.5	26557.0	0.03421240458935127	FALSE	cell_line	H322	H322
E2F5	CIS-BP2.00|000940|M08109_2.00	1.0	0.6331	3115.0	3584.0	23041.3	26557.0	0.01810226880860062	FALSE	cell_line	H322	H322
GATA6	JASPAR2024|000382|MA1104.3	1.0	0.6546	2934.0	3584.0	21702.7	26557.0	0.01306973964221739	FALSE	cell_line	H322	H322
ZNF341	CIS-BP2.00|001017|M08310_2.00	1.0	0.7372	3576.0	3584.0	26497.7	26557.0	-0.07466327726888754	FALSE	cell_line	H322	H322
ZNF141	CIS-BP2.00|000653|M07586_2.00	1.0	0.7712	2514.0	3584.0	18640.6	26557.0	-0.0034927037359392616	FALSE	cell_line	H322	H322
ETV1	JASPAR2024|000652|MA1966.2	1.0	0.8956	3453.0	3584.0	25618.1	26557.0	-0.05438371489060029	FALSE	cell_line	H322	H322
ZNF540	CIS-BP2.00|000701|M07634_2.00	1.0	0.8966	791.0	3584.0	5931.1	26557.0	-0.02141373781533697	FALSE	cell_line	H322	H322
ZNF19	CIS-BP2.00|000670|M07603_2.00	1.0	0.9857	3559.0	3584.0	26396.7	26557.0	-0.23394014767270696	FALSE	cell_line	H322	H322
ZBTB18	CIS-BP2.00|000988|M08257_2.00	1.0	1.0	3102.0	3584.0	23119.5	26557.0	-0.06466958504770397	FALSE	cell_line	H322	H322
NFATC4	CIS-BP2.00|000101|M01306_2.00	1.0	1.0	3584.0	3584.0	26562.2	26557.0	-2.889558001432351	FALSE	cell_line	H322	H322
NR3C2	CIS-BP2.00|000154|M02395_2.00	1.0	1.0	3584.0	3584.0	26562.2	26557.0	-2.889558001432351	FALSE	cell_line	H322	H322
HNF4A	JASPAR2024|000410|MA0114.5	1.0	1.0	3401.0	3584.0	25346.0	26557.0	-0.17460111398161235	FALSE	cell_line	H322	H322
ZNF444	CIS-BP2.00|000420|M04529_2.00	1.0	1.0	1118.0	3584.0	8662.4	26557.0	-0.09425739398010052	FALSE	cell_line	H322	H322
ZNF33B	CIS-BP2.00|000777|M07710_2.00	1.0	1.0	1171.0	3584.0	9092.2	26557.0	-0.10105910776560335	FALSE	cell_line	H322	H322
HNF4A	JASPAR2024|000409|MA1494.2	1.0	1.0	345.0	3584.0	2848.2	26557.0	-0.1719360759981644	FALSE	cell_line	H322	H322
HNF4A	CIS-BP2.00|000974|M08219_2.00	1.0	1.0	3200.0	3584.0	24041.1	26557.0	-0.19885793480579003	FALSE	cell_line	H322	H322
ZBTB18	JASPAR2024|000681|MA0698.2	1.0	1.0	1839.0	3584.0	14197.4	26557.0	-0.12431382273792548	FALSE	cell_line	H322	H322
ZNF254	CIS-BP2.00|000827|M07760_2.00	1.0	1.0	488.0	3584.0	4033.5	26557.0	-0.18302791181007266	FALSE	cell_line	H322	H322
ELF3	CIS-BP2.00|000227|M03002_2.00	1e-21	0.0	1704.0	3584.0	10427.8	26301.0	0.46436674634133834	TRUE	cell_line	II-18	II-18
NFATC4	JASPAR2024|000506|MA1525.3	1e-09	0.0	2720.0	3584.0	18731.0	26301.0	0.34692801808828005	TRUE	cell_line	II-18	II-18
XBP1	JASPAR2024|000675|MA0844.2	1e-06	0.0	1867.0	3584.0	12585.9	26301.0	0.2447501813157208	TRUE	cell_line	II-18	II-18
FOXA3	CIS-BP2.00|000469|M04831_2.00	1e-06	0.0	182.0	3584.0	906.0	26301.0	0.5874952559566298	TRUE	cell_line	II-18	II-18
CEBPB	JASPAR2024|000235|MA0466.4	0.0001	0.0001	316.0	3584.0	1842.4	26301.0	0.3619703326038552	FALSE	cell_line	II-18	II-18
FOXA1	CIS-BP2.00|000890|M07960_2.00	0.0001	0.0002	1884.0	3584.0	12935.1	26301.0	0.1954867696842718	FALSE	cell_line	II-18	II-18
CEBPB	CIS-BP2.00|000866|M07830_2.00	0.001	0.0006	1698.0	3584.0	11650.0	26301.0	0.1792056195776836	FALSE	cell_line	II-18	II-18
FOXA3	JASPAR2024|000358|MA1683.2	0.01	0.0054	3206.0	3584.0	23097.2	26301.0	0.23296613266397445	FALSE	cell_line	II-18	II-18
ZNF33A	CIS-BP2.00|000762|M07695_2.00	0.01	0.006	3248.0	3584.0	23431.3	26301.0	0.2418506855966156	FALSE	cell_line	II-18	II-18
FOXA2	CIS-BP2.00|000889|M07959_2.00	0.01	0.0066	2141.0	3584.0	15069.2	26301.0	0.14505324664183575	FALSE	cell_line	II-18	II-18
ETV1	JASPAR2024|000311|MA0761.3	0.01	0.0225	3566.0	3584.0	26070.5	26301.0	0.7724306333685063	FALSE	cell_line	II-18	II-18
ZNF281	JASPAR2024|000706|MA1630.3	0.01	0.0273	2915.0	3584.0	20966.3	26301.0	0.14809493052467756	FALSE	cell_line	II-18	II-18
XBP1	CIS-BP2.00|000375|M04231_2.00	0.01	0.0304	3359.0	3584.0	24381.4	26301.0	0.23048999139961546	FALSE	cell_line	II-18	II-18
NKX2-1	JASPAR2024|000822|MA1994.2	0.1	0.0335	3416.0	3584.0	24836.4	26301.0	0.25828455832916314	FALSE	cell_line	II-18	II-18
ZNF75D	JASPAR2024|000169|MA1601.2	0.1	0.0389	2470.0	3584.0	17661.4	26301.0	0.11688580347373853	FALSE	cell_line	II-18	II-18
ZNF281	CIS-BP2.00|001020|M08321_2.00	0.1	0.0513	2904.0	3584.0	20935.8	26301.0	0.1294545606215927	FALSE	cell_line	II-18	II-18
ZNF19	CIS-BP2.00|000670|M07603_2.00	0.1	0.07	3570.0	3584.0	26129.4	26301.0	0.6976187119464442	FALSE	cell_line	II-18	II-18
CEBPA	CIS-BP2.00|000926|M08076_2.00	0.1	0.07	1398.0	3584.0	9839.4	26301.0	0.09768973228958847	FALSE	cell_line	II-18	II-18
GATA6	JASPAR2024|000382|MA1104.3	0.1	0.0755	2976.0	3584.0	21513.5	26301.0	0.12250700029274982	FALSE	cell_line	II-18	II-18
CREB3L2	CIS-BP2.00|000117|M01812_2.00	0.1	0.0897	1885.0	3584.0	13431.0	26301.0	0.08828445909723694	FALSE	cell_line	II-18	II-18
ELF3	JASPAR2024|000276|MA0640.3	0.1	0.101	3576.0	3584.0	26192.6	26301.0	0.8068308338984596	FALSE	cell_line	II-18	II-18
CREB3L2	JASPAR2024|000025|MA0608.1	0.1	0.1062	1870.0	3584.0	13342.0	26301.0	0.0836171079068953	FALSE	cell_line	II-18	II-18
CEBPA	JASPAR2024|000234|MA0102.5	0.1	0.1526	2580.0	3584.0	18630.0	26301.0	0.08108727212238438	FALSE	cell_line	II-18	II-18
ZNF141	CIS-BP2.00|000653|M07586_2.00	0.1	0.1684	2551.0	3584.0	18428.0	26301.0	0.07694560971537102	FALSE	cell_line	II-18	II-18
ZNF75D	CIS-BP2.00|000750|M07683_2.00	0.1	0.1885	2187.0	3584.0	15751.9	26301.0	0.0680513813250131	FALSE	cell_line	II-18	II-18
ZNF341	JASPAR2024|000712|MA1655.2	0.1	0.2114	3584.0	3584.0	26284.4	26301.0	2.2215339710714255	FALSE	cell_line	II-18	II-18
GATA6	CIS-BP2.00|000947|M08124_2.00	1.0	0.3118	2672.0	3584.0	19411.2	26301.0	0.056005718421501836	FALSE	cell_line	II-18	II-18
FOXA2	JASPAR2024|000357|MA0047.4	1.0	0.3204	2771.0	3584.0	20149.6	26301.0	0.0567697154942092	FALSE	cell_line	II-18	II-18
FOXD2	CIS-BP2.00|000235|M03042_2.00	1.0	0.3921	1415.0	3584.0	10209.9	26301.0	0.04021755857312728	FALSE	cell_line	II-18	II-18
ZNF444	CIS-BP2.00|000420|M04529_2.00	1.0	0.4007	1203.0	3584.0	8664.7	26301.0	0.04064946339876165	FALSE	cell_line	II-18	II-18
E2F5	CIS-BP2.00|000940|M08109_2.00	1.0	0.4026	3149.0	3584.0	22992.2	26301.0	0.05780028586836062	FALSE	cell_line	II-18	II-18
FOXD2	JASPAR2024|000361|MA0847.4	1.0	0.6184	1334.0	3584.0	9723.4	26301.0	0.015725449214790736	FALSE	cell_line	II-18	II-18
ETV1	JASPAR2024|000652|MA1966.2	1.0	0.6355	3462.0	3584.0	25380.6	26301.0	0.03639413446798874	FALSE	cell_line	II-18	II-18
NR3C2	JASPAR2024|000539|MA0727.2	1.0	0.7654	230.0	3584.0	1689.1	26301.0	0.0013726116350162474	FALSE	cell_line	II-18	II-18
FOXA1	JASPAR2024|000356|MA0148.5	1.0	0.7979	2857.0	3584.0	20981.3	26301.0	-0.005851718282396782	FALSE	cell_line	II-18	II-18
ETV1	CIS-BP2.00|000457|M04708_2.00	1.0	0.8249	3577.0	3584.0	26248.8	26301.0	-0.06241481719210169	FALSE	cell_line	II-18	II-18
ZNF341	CIS-BP2.00|001017|M08310_2.00	1.0	0.9483	3575.0	3584.0	26241.5	26301.0	-0.21669768668793543	FALSE	cell_line	II-18	II-18
ZBTB18	CIS-BP2.00|000988|M08257_2.00	1.0	1.0	3093.0	3584.0	22807.4	26301.0	-0.05256410329247622	FALSE	cell_line	II-18	II-18
ZBTB18	JASPAR2024|000681|MA0698.2	1.0	1.0	1830.0	3584.0	13638.1	26301.0	-0.0458529272640068	FALSE	cell_line	II-18	II-18
NFATC4	CIS-BP2.00|000101|M01306_2.00	1.0	1.0	3584.0	3584.0	26301.0	26301.0	-2.875301282848847	FALSE	cell_line	II-18	II-18
NR3C2	CIS-BP2.00|000154|M02395_2.00	1.0	1.0	3584.0	3584.0	26301.0	26301.0	-2.875301282848847	FALSE	cell_line	II-18	II-18
ZNF540	CIS-BP2.00|000701|M07634_2.00	1.0	1.0	776.0	3584.0	5956.0	26301.0	-0.08256900414744364	FALSE	cell_line	II-18	II-18
HNF4A	JASPAR2024|000410|MA0114.5	1.0	1.0	3395.0	3584.0	25050.1	26301.0	-0.15987596550103728	FALSE	cell_line	II-18	II-18
HNF4A	JASPAR2024|000409|MA1494.2	1.0	1.0	337.0	3584.0	2778.6	26301.0	-0.18499383876752462	FALSE	cell_line	II-18	II-18
HNF4A	CIS-BP2.00|000974|M08219_2.00	1.0	1.0	3181.0	3584.0	23708.3	26301.0	-0.21355071781302878	FALSE	cell_line	II-18	II-18
ZNF33B	CIS-BP2.00|000777|M07710_2.00	1.0	1.0	1158.0	3584.0	9112.8	26301.0	-0.15120384489376312	FALSE	cell_line	II-18	II-18
ZNF254	CIS-BP2.00|000827|M07760_2.00	1.0	1.0	460.0	3584.0	3902.6	26301.0	-0.24161672592151925	FALSE	cell_line	II-18	II-18
ELF3	CIS-BP2.00|000227|M03002_2.00	1e-31	0.0	1749.0	3583.0	10402.6	26600.0	0.5703490465687244	TRUE	cell_line	LC2/ad	LC2_ad
NFATC4	JASPAR2024|000506|MA1525.3	1e-08	0.0	2683.0	3583.0	18776.9	26600.0	0.31222490794233204	TRUE	cell_line	LC2/ad	LC2_ad
FOXA3	CIS-BP2.00|000469|M04831_2.00	1e-06	0.0	180.0	3583.0	890.7	26600.0	0.6134769768864732	TRUE	cell_line	LC2/ad	LC2_ad
XBP1	JASPAR2024|000675|MA0844.2	0.0001	0.0001	1803.0	3583.0	12443.2	26600.0	0.20464761739109466	FALSE	cell_line	LC2/ad	LC2_ad
FOXA2	CIS-BP2.00|000889|M07959_2.00	0.01	0.0067	2139.0	3583.0	15230.8	26600.0	0.14485858104319244	FALSE	cell_line	LC2/ad	LC2_ad
FOXA1	CIS-BP2.00|000890|M07960_2.00	0.01	0.0134	1842.0	3583.0	13072.8	26600.0	0.1306273610321561	FALSE	cell_line	LC2/ad	LC2_ad
ZNF341	CIS-BP2.00|001017|M08310_2.00	0.01	0.0135	3583.0	3583.0	26550.9	26600.0	3.742921541788962	FALSE	cell_line	LC2/ad	LC2_ad
FOXA3	JASPAR2024|000358|MA1683.2	0.01	0.0176	3194.0	3583.0	23337.9	26600.0	0.19728327463569517	FALSE	cell_line	LC2/ad	LC2_ad
ETV1	CIS-BP2.00|000457|M04708_2.00	0.01	0.0182	3583.0	3583.0	26553.6	26600.0	3.6620226443623727	FALSE	cell_line	LC2/ad	LC2_ad
ZNF19	CIS-BP2.00|000670|M07603_2.00	0.01	0.0279	3574.0	3583.0	26456.2	26600.0	1.0371802110795065	FALSE	cell_line	LC2/ad	LC2_ad
ZNF75D	CIS-BP2.00|000750|M07683_2.00	0.01	0.0316	2227.0	3583.0	16023.6	26600.0	0.11620990223511858	FALSE	cell_line	LC2/ad	LC2_ad
ZNF33A	CIS-BP2.00|000762|M07695_2.00	0.1	0.0497	3242.0	3583.0	23779.5	26600.0	0.17167894680152462	FALSE	cell_line	LC2/ad	LC2_ad
GATA6	JASPAR2024|000382|MA1104.3	0.1	0.0684	2981.0	3583.0	21796.7	26600.0	0.12511036015055516	FALSE	cell_line	LC2/ad	LC2_ad
FOXA2	JASPAR2024|000357|MA0047.4	0.1	0.0757	2794.0	3583.0	20385.0	26600.0	0.10997801851057938	FALSE	cell_line	LC2/ad	LC2_ad
ZNF281	JASPAR2024|000706|MA1630.3	0.1	0.0917	2901.0	3583.0	21214.8	26600.0	0.10999867285454941	FALSE	cell_line	LC2/ad	LC2_ad
CEBPA	JASPAR2024|000234|MA0102.5	0.1	0.098	2586.0	3583.0	18840.1	26600.0	0.0949704565052373	FALSE	cell_line	LC2/ad	LC2_ad
FOXA1	JASPAR2024|000356|MA0148.5	0.1	0.1026	2892.0	3583.0	21157.3	26600.0	0.10585313106595445	FALSE	cell_line	LC2/ad	LC2_ad
FOXD2	JASPAR2024|000361|MA0847.4	0.1	0.1814	1351.0	3583.0	9730.0	26600.0	0.06981822405700361	FALSE	cell_line	LC2/ad	LC2_ad
CREB3L2	CIS-BP2.00|000117|M01812_2.00	0.1	0.2011	1849.0	3583.0	13431.6	26600.0	0.06406542587371421	FALSE	cell_line	LC2/ad	LC2_ad
GATA6	CIS-BP2.00|000947|M08124_2.00	0.1	0.2075	2699.0	3583.0	19783.1	26600.0	0.07274673159294141	FALSE	cell_line	LC2/ad	LC2_ad
ELF3	JASPAR2024|000276|MA0640.3	1.0	0.2137	3574.0	3583.0	26494.1	26600.0	0.5955418379538792	FALSE	cell_line	LC2/ad	LC2_ad
ZNF75D	JASPAR2024|000169|MA1601.2	1.0	0.2337	2455.0	3583.0	17971.7	26600.0	0.06307522627334762	FALSE	cell_line	LC2/ad	LC2_ad
CEBPB	JASPAR2024|000235|MA0466.4	1.0	0.2483	259.0	3583.0	1789.9	26600.0	0.11327184413074584	FALSE	cell_line	LC2/ad	LC2_ad
CREB3L2	JASPAR2024|000025|MA0608.1	1.0	0.252	1833.0	3583.0	13348.3	26600.0	0.05635503026178759	FALSE	cell_line	LC2/ad	LC2_ad
FOXD2	CIS-BP2.00|000235|M03042_2.00	1.0	0.2882	1394.0	3583.0	10117.8	26600.0	0.053132151891564894	FALSE	cell_line	LC2/ad	LC2_ad
NKX2-1	JASPAR2024|000822|MA1994.2	1.0	0.3086	3404.0	3583.0	25167.2	26600.0	0.11122631781152673	FALSE	cell_line	LC2/ad	LC2_ad
XBP1	CIS-BP2.00|000375|M04231_2.00	1.0	0.4003	3320.0	3583.0	24552.4	26600.0	0.07199025974853408	FALSE	cell_line	LC2/ad	LC2_ad
ETV1	JASPAR2024|000311|MA0761.3	1.0	0.4098	3560.0	3583.0	26396.5	26600.0	0.22761427042833904	FALSE	cell_line	LC2/ad	LC2_ad
E2F5	CIS-BP2.00|000940|M08109_2.00	1.0	0.4761	3132.0	3583.0	23159.4	26600.0	0.043829315867540686	FALSE	cell_line	LC2/ad	LC2_ad
ZNF141	CIS-BP2.00|000653|M07586_2.00	1.0	0.5063	2525.0	3583.0	18635.4	26600.0	0.028227658008500477	FALSE	cell_line	LC2/ad	LC2_ad
ZNF341	JASPAR2024|000712|MA1655.2	1.0	0.5093	3583.0	3583.0	26590.4	26600.0	1.4447920397753142	FALSE	cell_line	LC2/ad	LC2_ad
ZNF281	CIS-BP2.00|001020|M08321_2.00	1.0	0.5151	2868.0	3583.0	21198.6	26600.0	0.030808666953347084	FALSE	cell_line	LC2/ad	LC2_ad
CEBPB	CIS-BP2.00|000866|M07830_2.00	1.0	0.5584	1588.0	3583.0	11693.8	26600.0	0.021070217605339853	FALSE	cell_line	LC2/ad	LC2_ad
ETV1	JASPAR2024|000652|MA1966.2	1.0	0.5676	3464.0	3583.0	25680.9	26600.0	0.053991057285718895	FALSE	cell_line	LC2/ad	LC2_ad
ZNF540	CIS-BP2.00|000701|M07634_2.00	1.0	0.7246	790.0	3583.0	5854.0	26600.0	0.004013648576293264	FALSE	cell_line	LC2/ad	LC2_ad
HNF4A	JASPAR2024|000410|MA0114.5	1.0	0.7387	3418.0	3583.0	25369.1	26600.0	0.003730909207836959	FALSE	cell_line	LC2/ad	LC2_ad
ZNF33B	CIS-BP2.00|000777|M07710_2.00	1.0	0.7687	1239.0	3583.0	9207.8	26600.0	-0.002046838519965149	FALSE	cell_line	LC2/ad	LC2_ad
ZNF444	CIS-BP2.00|000420|M04529_2.00	1.0	0.955	1159.0	3583.0	8715.2	26600.0	-0.027098560024535454	FALSE	cell_line	LC2/ad	LC2_ad
NR3C2	JASPAR2024|000539|MA0727.2	1.0	1.0	218.0	3583.0	1719.7	26600.0	-0.09073101372883864	FALSE	cell_line	LC2/ad	LC2_ad
NFATC4	CIS-BP2.00|000101|M01306_2.00	1.0	1.0	3584.0	3583.0	26608.8	26600.0	-2.892086761159951	FALSE	cell_line	LC2/ad	LC2_ad
NR3C2	CIS-BP2.00|000154|M02395_2.00	1.0	1.0	3584.0	3583.0	26608.8	26600.0	-2.892086761159951	FALSE	cell_line	LC2/ad	LC2_ad
ZBTB18	JASPAR2024|000681|MA0698.2	1.0	1.0	1871.0	3583.0	14144.7	26600.0	-0.05540383039923758	FALSE	cell_line	LC2/ad	LC2_ad
ZBTB18	CIS-BP2.00|000988|M08257_2.00	1.0	1.0	3099.0	3583.0	23223.3	26600.0	-0.10423759528474509	FALSE	cell_line	LC2/ad	LC2_ad
ZNF254	CIS-BP2.00|000827|M07760_2.00	1.0	1.0	515.0	3583.0	4087.0	26600.0	-0.11198952760719409	FALSE	cell_line	LC2/ad	LC2_ad
CEBPA	CIS-BP2.00|000926|M08076_2.00	1.0	1.0	1281.0	3583.0	9893.9	26600.0	-0.08963365021147654	FALSE	cell_line	LC2/ad	LC2_ad
HNF4A	JASPAR2024|000409|MA1494.2	1.0	1.0	346.0	3583.0	2820.6	26600.0	-0.14853999848842633	FALSE	cell_line	LC2/ad	LC2_ad
HNF4A	CIS-BP2.00|000974|M08219_2.00	1.0	1.0	3207.0	3583.0	24095.6	26600.0	-0.17524725231801885	FALSE	cell_line	LC2/ad	LC2_ad
ELF3	CIS-BP2.00|000227|M03002_2.00	1e-17	0.0	1667.0	3584.0	10344.7	26239.0	0.4180535106598955	TRUE	cell_line	PC-14	PC-14
NFATC4	JASPAR2024|000506|MA1525.3	1e-06	0.0	2682.0	3584.0	18615.5	26239.0	0.2836562423739442	TRUE	cell_line	PC-14	PC-14
XBP1	CIS-BP2.00|000375|M04231_2.00	1e-06	0.0	3399.0	3584.0	24339.4	26239.0	0.5166554899762663	TRUE	cell_line	PC-14	PC-14
XBP1	JASPAR2024|000675|MA0844.2	1e-05	0.0	1870.0	3584.0	12655.5	26239.0	0.22772292069543856	TRUE	cell_line	PC-14	PC-14
ELF3	JASPAR2024|000276|MA0640.3	0.0001	0.0003	3581.0	3584.0	26114.1	26239.0	2.2968178570480275	FALSE	cell_line	PC-14	PC-14
FOXA1	CIS-BP2.00|000890|M07960_2.00	0.001	0.0008	1848.0	3584.0	12738.9	26239.0	0.1738988272631966	FALSE	cell_line	PC-14	PC-14
ZNF75D	CIS-BP2.00|000750|M07683_2.00	0.001	0.0019	2225.0	3584.0	15567.6	26239.0	0.16627752023617767	FALSE	cell_line	PC-14	PC-14
ETV1	JASPAR2024|000311|MA0761.3	0.001	0.0032	3569.0	3584.0	26005.1	26239.0	1.0536040321236682	FALSE	cell_line	PC-14	PC-14
E2F5	CIS-BP2.00|000940|M08109_2.00	0.001	0.0038	3197.0	3584.0	22956.2	26239.0	0.23897935472721862	FALSE	cell_line	PC-14	PC-14
FOXA3	CIS-BP2.00|000469|M04831_2.00	0.01	0.0064	156.0	3584.0	896.2	26239.0	0.3674922249200103	FALSE	cell_line	PC-14	PC-14
ZNF75D	JASPAR2024|000169|MA1601.2	0.01	0.0118	2465.0	3584.0	17482.9	26239.0	0.1414826674720714	FALSE	cell_line	PC-14	PC-14
CEBPB	JASPAR2024|000235|MA0466.4	0.01	0.013	290.0	3584.0	1815.0	26239.0	0.24644073545548018	FALSE	cell_line	PC-14	PC-14
FOXA3	JASPAR2024|000358|MA1683.2	0.01	0.0244	3183.0	3584.0	22949.2	26239.0	0.18495761242436823	FALSE	cell_line	PC-14	PC-14
ZNF281	JASPAR2024|000706|MA1630.3	0.1	0.0578	2906.0	3584.0	20912.0	26239.0	0.12602724067002033	FALSE	cell_line	PC-14	PC-14
FOXA2	CIS-BP2.00|000889|M07959_2.00	0.1	0.0627	2090.0	3584.0	14860.4	26239.0	0.09905011189739724	FALSE	cell_line	PC-14	PC-14
GATA6	JASPAR2024|000382|MA1104.3	0.1	0.1667	2964.0	3584.0	21447.6	26239.0	0.09410553696514103	FALSE	cell_line	PC-14	PC-14
CEBPA	JASPAR2024|000234|MA0102.5	0.1	0.1934	2556.0	3584.0	18435.0	26239.0	0.07351980017033437	FALSE	cell_line	PC-14	PC-14
ETV1	JASPAR2024|000652|MA1966.2	1.0	0.2247	3468.0	3584.0	25281.0	26239.0	0.17475020278362155	FALSE	cell_line	PC-14	PC-14
FOXA2	JASPAR2024|000357|MA0047.4	1.0	0.2669	2755.0	3584.0	19950.6	26239.0	0.0664115500707435	FALSE	cell_line	PC-14	PC-14
ZNF19	CIS-BP2.00|000670|M07603_2.00	1.0	0.2944	3568.0	3584.0	26080.4	26239.0	0.3997919287168464	FALSE	cell_line	PC-14	PC-14
ZNF281	CIS-BP2.00|001020|M08321_2.00	1.0	0.3017	2881.0	3584.0	20900.4	26239.0	0.06530110024115265	FALSE	cell_line	PC-14	PC-14
ZNF141	CIS-BP2.00|000653|M07586_2.00	1.0	0.4079	2534.0	3584.0	18385.5	26239.0	0.04351685931584801	FALSE	cell_line	PC-14	PC-14
FOXD2	JASPAR2024|000361|MA0847.4	1.0	0.4244	1329.0	3584.0	9564.0	26239.0	0.03940505472680456	FALSE	cell_line	PC-14	PC-14
NKX2-1	JASPAR2024|000822|MA1994.2	1.0	0.4528	3389.0	3584.0	24733.6	26239.0	0.07802842851231818	FALSE	cell_line	PC-14	PC-14
CEBPB	CIS-BP2.00|000866|M07830_2.00	1.0	0.5154	1591.0	3584.0	11519.1	26239.0	0.028809803837740136	FALSE	cell_line	PC-14	PC-14
HNF4A	JASPAR2024|000410|MA0114.5	1.0	0.5612	3416.0	3584.0	24958.6	26239.0	0.057362471116778335	FALSE	cell_line	PC-14	PC-14
CEBPA	CIS-BP2.00|000926|M08076_2.00	1.0	0.5863	1343.0	3584.0	9739.5	26239.0	0.022004169013313712	FALSE	cell_line	PC-14	PC-14
ZNF33A	CIS-BP2.00|000762|M07695_2.00	1.0	0.6151	3188.0	3584.0	23283.5	26239.0	0.029864362053911003	FALSE	cell_line	PC-14	PC-14
ZNF444	CIS-BP2.00|000420|M04529_2.00	1.0	0.6989	1188.0	3584.0	8656.0	26239.0	0.010579494348912508	FALSE	cell_line	PC-14	PC-14
GATA6	CIS-BP2.00|000947|M08124_2.00	1.0	0.7477	2647.0	3584.0	19359.3	26239.0	0.005198448187734058	FALSE	cell_line	PC-14	PC-14
ZNF254	CIS-BP2.00|000827|M07760_2.00	1.0	0.7648	531.0	3584.0	3879.0	26239.0	0.004687568895222278	FALSE	cell_line	PC-14	PC-14
ETV1	CIS-BP2.00|000457|M04708_2.00	1.0	0.7786	3578.0	3584.0	26188.8	26239.0	0.09192350957391525	FALSE	cell_line	PC-14	PC-14
FOXA1	JASPAR2024|000356|MA0148.5	1.0	0.7949	2841.0	3584.0	20799.8	26239.0	-0.0007572743128238639	FALSE	cell_line	PC-14	PC-14
ZNF540	CIS-BP2.00|000701|M07634_2.00	1.0	0.8892	803.0	3584.0	5921.9	26239.0	-0.013017020394926703	FALSE	cell_line	PC-14	PC-14
NR3C2	JASPAR2024|000539|MA0727.2	1.0	0.9554	223.0	3584.0	1676.6	26239.0	-0.038318131374779935	FALSE	cell_line	PC-14	PC-14
ZNF341	JASPAR2024|000712|MA1655.2	1.0	0.9644	3581.0	3584.0	26216.5	26239.0	-0.15565972687100224	FALSE	cell_line	PC-14	PC-14
FOXD2	CIS-BP2.00|000235|M03042_2.00	1.0	1.0	1375.0	3584.0	10183.9	26239.0	-0.027048200057581285	FALSE	cell_line	PC-14	PC-14
ZNF341	CIS-BP2.00|001017|M08310_2.00	1.0	1.0	3572.0	3584.0	26165.8	26239.0	-0.31296749616588604	FALSE	cell_line	PC-14	PC-14
NFATC4	CIS-BP2.00|000101|M01306_2.00	1.0	1.0	3584.0	3584.0	26237.2	26239.0	-0.6701636001958294	FALSE	cell_line	PC-14	PC-14
NR3C2	CIS-BP2.00|000154|M02395_2.00	1.0	1.0	3584.0	3584.0	26237.2	26239.0	-0.6701636001958294	FALSE	cell_line	PC-14	PC-14
CREB3L2	CIS-BP2.00|000117|M01812_2.00	1.0	1.0	1795.0	3584.0	13392.0	26239.0	-0.05510853466621041	FALSE	cell_line	PC-14	PC-14
CREB3L2	JASPAR2024|000025|MA0608.1	1.0	1.0	1772.0	3584.0	13302.3	26239.0	-0.07239989826837977	FALSE	cell_line	PC-14	PC-14
HNF4A	JASPAR2024|000409|MA1494.2	1.0	1.0	346.0	3584.0	2734.9	26239.0	-0.12127907772046903	FALSE	cell_line	PC-14	PC-14
ZNF33B	CIS-BP2.00|000777|M07710_2.00	1.0	1.0	1177.0	3584.0	9018.8	26239.0	-0.09875232398421387	FALSE	cell_line	PC-14	PC-14
HNF4A	CIS-BP2.00|000974|M08219_2.00	1.0	1.0	3162.0	3584.0	23614.1	26239.0	-0.26502771466788183	FALSE	cell_line	PC-14	PC-14
ZBTB18	CIS-BP2.00|000988|M08257_2.00	1.0	1.0	3014.0	3584.0	22678.0	26239.0	-0.2691483876366903	FALSE	cell_line	PC-14	PC-14
ZBTB18	JASPAR2024|000681|MA0698.2	1.0	1.0	1717.0	3584.0	13448.9	26239.0	-0.19325601533785994	FALSE	cell_line	PC-14	PC-14
ELF3	CIS-BP2.00|000227|M03002_2.00	1e-19	0.0	1631.0	3584.0	10303.1	27049.0	0.4408402301468878	TRUE	cell_line	PC-9	PC-9
XBP1	JASPAR2024|000675|MA0844.2	0.0001	0.0005	1817.0	3584.0	12817.9	27049.0	0.19112682116027382	FALSE	cell_line	PC-9	PC-9
XBP1	CIS-BP2.00|000375|M04231_2.00	0.001	0.0011	3366.0	3584.0	24967.4	27049.0	0.36158106160417486	FALSE	cell_line	PC-9	PC-9
CEBPB	JASPAR2024|000235|MA0466.4	0.001	0.0037	278.0	3584.0	1718.2	27049.0	0.3119758003148691	FALSE	cell_line	PC-9	PC-9
ZNF33A	CIS-BP2.00|000762|M07695_2.00	0.01	0.0163	3294.0	3584.0	24496.1	27049.0	0.24135939775533585	FALSE	cell_line	PC-9	PC-9
NFATC4	JASPAR2024|000506|MA1525.3	0.01	0.018	2560.0	3584.0	18750.7	27049.0	0.14549729367797481	FALSE	cell_line	PC-9	PC-9
FOXA2	CIS-BP2.00|000889|M07959_2.00	0.01	0.0276	2164.0	3584.0	15760.4	27049.0	0.12621552400981698	FALSE	cell_line	PC-9	PC-9
FOXA1	CIS-BP2.00|000890|M07960_2.00	0.01	0.0276	1869.0	3584.0	13525.8	27049.0	0.12374600651176315	FALSE	cell_line	PC-9	PC-9
ZNF75D	CIS-BP2.00|000750|M07683_2.00	0.1	0.0516	2240.0	3584.0	16405.7	27049.0	0.11252315748637588	FALSE	cell_line	PC-9	PC-9
ZNF75D	JASPAR2024|000169|MA1601.2	0.1	0.0639	2502.0	3584.0	18430.4	27049.0	0.11248566027284715	FALSE	cell_line	PC-9	PC-9
ELF3	JASPAR2024|000276|MA0640.3	0.1	0.1208	3575.0	3584.0	26924.0	27049.0	0.8109133954057197	FALSE	cell_line	PC-9	PC-9
ZNF141	CIS-BP2.00|000653|M07586_2.00	0.1	0.1653	2582.0	3584.0	19154.5	27049.0	0.08645625784649612	FALSE	cell_line	PC-9	PC-9
NKX2-1	JASPAR2024|000822|MA1994.2	0.1	0.1765	3427.0	3584.0	25707.9	27049.0	0.1835196066843023	FALSE	cell_line	PC-9	PC-9
FOXA3	CIS-BP2.00|000469|M04831_2.00	0.1	0.2124	124.0	3584.0	820.8	27049.0	0.20033033796156707	FALSE	cell_line	PC-9	PC-9
FOXA3	JASPAR2024|000358|MA1683.2	1.0	0.337	3179.0	3584.0	23829.8	27049.0	0.08322715013389687	FALSE	cell_line	PC-9	PC-9
ETV1	CIS-BP2.00|000457|M04708_2.00	1.0	0.3568	3579.0	3584.0	26983.8	27049.0	0.6640995687776853	FALSE	cell_line	PC-9	PC-9
CREB3L2	CIS-BP2.00|000117|M01812_2.00	1.0	0.3768	1881.0	3584.0	13970.8	27049.0	0.04813422183566574	FALSE	cell_line	PC-9	PC-9
HNF4A	JASPAR2024|000410|MA0114.5	1.0	0.4757	3439.0	3584.0	25879.0	27049.0	0.09649489267405947	FALSE	cell_line	PC-9	PC-9
FOXA2	JASPAR2024|000357|MA0047.4	1.0	0.5526	2788.0	3584.0	20924.0	27049.0	0.03544937019623436	FALSE	cell_line	PC-9	PC-9
CEBPA	CIS-BP2.00|000926|M08076_2.00	1.0	0.5738	1326.0	3584.0	9885.1	27049.0	0.02827875186362625	FALSE	cell_line	PC-9	PC-9
ETV1	JASPAR2024|000311|MA0761.3	1.0	0.5859	3559.0	3584.0	26833.8	27049.0	0.16612527623246476	FALSE	cell_line	PC-9	PC-9
CREB3L2	JASPAR2024|000025|MA0608.1	1.0	0.5973	1856.0	3584.0	13892.6	27049.0	0.0245157688868606	FALSE	cell_line	PC-9	PC-9
FOXD2	JASPAR2024|000361|MA0847.4	1.0	0.7643	1280.0	3584.0	9622.2	27049.0	0.00908889954945717	FALSE	cell_line	PC-9	PC-9
FOXA1	JASPAR2024|000356|MA0148.5	1.0	0.7724	2861.0	3584.0	21562.4	27049.0	0.009271239095637533	FALSE	cell_line	PC-9	PC-9
CEBPB	CIS-BP2.00|000866|M07830_2.00	1.0	0.7734	1561.0	3584.0	11748.2	27049.0	0.007232819357164531	FALSE	cell_line	PC-9	PC-9
CEBPA	JASPAR2024|000234|MA0102.5	1.0	0.8545	2552.0	3584.0	19265.4	27049.0	-0.0016782539024683132	FALSE	cell_line	PC-9	PC-9
ZNF19	CIS-BP2.00|000670|M07603_2.00	1.0	0.9579	3564.0	3584.0	26902.8	27049.0	-0.07683846458181201	FALSE	cell_line	PC-9	PC-9
NR3C2	JASPAR2024|000539|MA0727.2	1.0	0.9586	235.0	3584.0	1808.6	27049.0	-0.027727496197701654	FALSE	cell_line	PC-9	PC-9
FOXD2	CIS-BP2.00|000235|M03042_2.00	1.0	1.0	1311.0	3584.0	9995.4	27049.0	-0.02298694894305023	FALSE	cell_line	PC-9	PC-9
ZNF33B	CIS-BP2.00|000777|M07710_2.00	1.0	1.0	1193.0	3584.0	9112.7	27049.0	-0.025824329115268135	FALSE	cell_line	PC-9	PC-9
E2F5	CIS-BP2.00|000940|M08109_2.00	1.0	1.0	3072.0	3584.0	23265.9	27049.0	-0.03662741859740395	FALSE	cell_line	PC-9	PC-9
ETV1	JASPAR2024|000652|MA1966.2	1.0	1.0	3459.0	3584.0	26144.3	27049.0	-0.06733936764000353	FALSE	cell_line	PC-9	PC-9
ZNF341	JASPAR2024|000712|MA1655.2	1.0	1.0	3581.0	3584.0	27028.9	27049.0	-0.35867612980898766	FALSE	cell_line	PC-9	PC-9
ZNF540	CIS-BP2.00|000701|M07634_2.00	1.0	1.0	766.0	3584.0	5951.6	27049.0	-0.052941134641011245	FALSE	cell_line	PC-9	PC-9
ZNF281	JASPAR2024|000706|MA1630.3	1.0	1.0	2857.0	3584.0	21725.0	27049.0	-0.054937075151857556	FALSE	cell_line	PC-9	PC-9
ZNF341	CIS-BP2.00|001017|M08310_2.00	1.0	1.0	3575.0	3584.0	26994.1	27049.0	-0.3725673732669039	FALSE	cell_line	PC-9	PC-9
NFATC4	CIS-BP2.00|000101|M01306_2.00	1.0	1.0	3584.0	3584.0	27047.1	27049.0	-0.65262238271164	FALSE	cell_line	PC-9	PC-9
NR3C2	CIS-BP2.00|000154|M02395_2.00	1.0	1.0	3584.0	3584.0	27047.1	27049.0	-0.65262238271164	FALSE	cell_line	PC-9	PC-9
GATA6	CIS-BP2.00|000947|M08124_2.00	1.0	1.0	2624.0	3584.0	20037.2	27049.0	-0.06457221784853891	FALSE	cell_line	PC-9	PC-9
ZNF281	CIS-BP2.00|001020|M08321_2.00	1.0	1.0	2848.0	3584.0	21728.1	27049.0	-0.07827248960825701	FALSE	cell_line	PC-9	PC-9
ZBTB18	JASPAR2024|000681|MA0698.2	1.0	1.0	1952.0	3584.0	15085.2	27049.0	-0.07620609372135934	FALSE	cell_line	PC-9	PC-9
GATA6	JASPAR2024|000382|MA1104.3	1.0	1.0	2890.0	3584.0	22162.8	27049.0	-0.12396779037964434	FALSE	cell_line	PC-9	PC-9
HNF4A	JASPAR2024|000409|MA1494.2	1.0	1.0	345.0	3584.0	2933.6	27049.0	-0.19001883681451684	FALSE	cell_line	PC-9	PC-9
ZNF444	CIS-BP2.00|000420|M04529_2.00	1.0	1.0	1123.0	3584.0	8996.0	27049.0	-0.12669480746297518	FALSE	cell_line	PC-9	PC-9
ZBTB18	CIS-BP2.00|000988|M08257_2.00	1.0	1.0	3095.0	3584.0	23749.0	27049.0	-0.18634894307397473	FALSE	cell_line	PC-9	PC-9
HNF4A	CIS-BP2.00|000974|M08219_2.00	1.0	1.0	3206.0	3584.0	24578.7	27049.0	-0.23175361709101333	FALSE	cell_line	PC-9	PC-9
ZNF254	CIS-BP2.00|000827|M07760_2.00	1.0	1.0	492.0	3584.0	4285.3	27049.0	-0.24144763803514335	FALSE	cell_line	PC-9	PC-9
ELF3	CIS-BP2.00|000227|M03002_2.00	1e-21	0.0	1674.0	3584.0	10223.1	26374.0	0.46953604436978735	TRUE	cell_line	RERF-LC-Ad1	RERF-LC-Ad1
XBP1	JASPAR2024|000675|MA0844.2	1e-08	0.0	1926.0	3584.0	12865.8	26374.0	0.28639478538328383	TRUE	cell_line	RERF-LC-Ad1	RERF-LC-Ad1
NFATC4	JASPAR2024|000506|MA1525.3	1e-07	0.0	2656.0	3584.0	18460.9	26374.0	0.2944469851640939	TRUE	cell_line	RERF-LC-Ad1	RERF-LC-Ad1
XBP1	CIS-BP2.00|000375|M04231_2.00	1e-06	0.0	3402.0	3584.0	24517.7	26374.0	0.4976640578567451	TRUE	cell_line	RERF-LC-Ad1	RERF-LC-Ad1
ZNF75D	CIS-BP2.00|000750|M07683_2.00	0.001	0.0017	2240.0	3584.0	15744.9	26374.0	0.16990787093207213	FALSE	cell_line	RERF-LC-Ad1	RERF-LC-Ad1
GATA6	JASPAR2024|000382|MA1104.3	0.001	0.002	3008.0	3584.0	21568.7	26374.0	0.21752769082193918	FALSE	cell_line	RERF-LC-Ad1	RERF-LC-Ad1
ZNF75D	JASPAR2024|000169|MA1601.2	0.001	0.0046	2492.0	3584.0	17697.6	26374.0	0.16161734599425315	FALSE	cell_line	RERF-LC-Ad1	RERF-LC-Ad1
FOXA3	CIS-BP2.00|000469|M04831_2.00	0.01	0.0139	140.0	3584.0	813.9	26374.0	0.3563877878563895	FALSE	cell_line	RERF-LC-Ad1	RERF-LC-Ad1
FOXA3	JASPAR2024|000358|MA1683.2	0.01	0.0269	3195.0	3584.0	23166.8	26374.0	0.18386766204545907	FALSE	cell_line	RERF-LC-Ad1	RERF-LC-Ad1
CREB3L2	CIS-BP2.00|000117|M01812_2.00	0.01	0.0342	1951.0	3584.0	13843.2	26374.0	0.11292351292462316	FALSE	cell_line	RERF-LC-Ad1	RERF-LC-Ad1
FOXA2	JASPAR2024|000357|MA0047.4	0.1	0.0398	2808.0	3584.0	20246.4	26374.0	0.13055268397654485	FALSE	cell_line	RERF-LC-Ad1	RERF-LC-Ad1
ZNF33A	CIS-BP2.00|000762|M07695_2.00	0.1	0.0476	3267.0	3584.0	23760.6	26374.0	0.17903296709581418	FALSE	cell_line	RERF-LC-Ad1	RERF-LC-Ad1
FOXA1	CIS-BP2.00|000890|M07960_2.00	0.1	0.0546	1828.0	3584.0	12987.1	26374.0	0.10169799119876023	FALSE	cell_line	RERF-LC-Ad1	RERF-LC-Ad1
CREB3L2	JASPAR2024|000025|MA0608.1	0.1	0.0592	1931.0	3584.0	13755.9	26374.0	0.09964751670283445	FALSE	cell_line	RERF-LC-Ad1	RERF-LC-Ad1
CEBPB	JASPAR2024|000235|MA0466.4	0.1	0.0703	272.0	3584.0	1777.3	26374.0	0.18673684022029727	FALSE	cell_line	RERF-LC-Ad1	RERF-LC-Ad1
FOXA2	CIS-BP2.00|000889|M07959_2.00	0.1	0.0998	2118.0	3584.0	15197.5	26374.0	0.08731758348363534	FALSE	cell_line	RERF-LC-Ad1	RERF-LC-Ad1
GATA6	CIS-BP2.00|000947|M08124_2.00	0.1	0.1052	2692.0	3584.0	19472.9	26374.0	0.09652024023556179	FALSE	cell_line	RERF-LC-Ad1	RERF-LC-Ad1
ZNF141	CIS-BP2.00|000653|M07586_2.00	0.1	0.1095	2568.0	3584.0	18550.6	26374.0	0.09177095947441567	FALSE	cell_line	RERF-LC-Ad1	RERF-LC-Ad1
FOXA1	JASPAR2024|000356|MA0148.5	0.1	0.2205	2879.0	3584.0	20958.4	26374.0	0.07686361459571898	FALSE	cell_line	RERF-LC-Ad1	RERF-LC-Ad1
ETV1	JASPAR2024|000311|MA0761.3	1.0	0.2806	3561.0	3584.0	26163.3	26374.0	0.29086197678358694	FALSE	cell_line	RERF-LC-Ad1	RERF-LC-Ad1
NKX2-1	JASPAR2024|000822|MA1994.2	1.0	0.3049	3410.0	3584.0	24992.4	26374.0	0.11209991864181236	FALSE	cell_line	RERF-LC-Ad1	RERF-LC-Ad1
ELF3	JASPAR2024|000276|MA0640.3	1.0	0.3107	3572.0	3584.0	26258.0	26374.0	0.3425513657591771	FALSE	cell_line	RERF-LC-Ad1	RERF-LC-Ad1
CEBPA	JASPAR2024|000234|MA0102.5	1.0	0.3176	2570.0	3584.0	18709.4	26374.0	0.053854817985908285	FALSE	cell_line	RERF-LC-Ad1	RERF-LC-Ad1
CEBPB	CIS-BP2.00|000866|M07830_2.00	1.0	0.3753	1593.0	3584.0	11530.7	26374.0	0.042661351769560076	FALSE	cell_line	RERF-LC-Ad1	RERF-LC-Ad1
ZNF19	CIS-BP2.00|000670|M07603_2.00	1.0	0.4878	3566.0	3584.0	26222.7	26374.0	0.15831174613558519	FALSE	cell_line	RERF-LC-Ad1	RERF-LC-Ad1
HNF4A	JASPAR2024|000410|MA0114.5	1.0	0.5039	3429.0	3584.0	25181.2	26374.0	0.06366478103647452	FALSE	cell_line	RERF-LC-Ad1	RERF-LC-Ad1
ETV1	JASPAR2024|000652|MA1966.2	1.0	0.5569	3463.0	3584.0	25447.5	26374.0	0.05436332697550784	FALSE	cell_line	RERF-LC-Ad1	RERF-LC-Ad1
CEBPA	CIS-BP2.00|000926|M08076_2.00	1.0	0.5644	1336.0	3584.0	9735.5	26374.0	0.022664610860372955	FALSE	cell_line	RERF-LC-Ad1	RERF-LC-Ad1
FOXD2	CIS-BP2.00|000235|M03042_2.00	1.0	0.7214	1362.0	3584.0	9996.0	26374.0	0.006381078483374501	FALSE	cell_line	RERF-LC-Ad1	RERF-LC-Ad1
E2F5	CIS-BP2.00|000940|M08109_2.00	1.0	0.7875	3099.0	3584.0	22809.0	26374.0	-0.0029662097840961917	FALSE	cell_line	RERF-LC-Ad1	RERF-LC-Ad1
ZNF33B	CIS-BP2.00|000777|M07710_2.00	1.0	0.7929	1214.0	3584.0	8939.4	26374.0	-0.0011648631959112307	FALSE	cell_line	RERF-LC-Ad1	RERF-LC-Ad1
ZNF341	JASPAR2024|000712|MA1655.2	1.0	0.8452	3582.0	3584.0	26362.1	26374.0	-0.5691139323236283	FALSE	cell_line	RERF-LC-Ad1	RERF-LC-Ad1
ZNF540	CIS-BP2.00|000701|M07634_2.00	1.0	0.8479	813.0	3584.0	6010.7	26374.0	-0.008170881247890492	FALSE	cell_line	RERF-LC-Ad1	RERF-LC-Ad1
FOXD2	JASPAR2024|000361|MA0847.4	1.0	0.9449	1268.0	3584.0	9411.3	26374.0	-0.018957380979290808	FALSE	cell_line	RERF-LC-Ad1	RERF-LC-Ad1
ZNF281	JASPAR2024|000706|MA1630.3	1.0	0.9882	2832.0	3584.0	20929.5	26374.0	-0.030255888477988643	FALSE	cell_line	RERF-LC-Ad1	RERF-LC-Ad1
ZNF254	CIS-BP2.00|000827|M07760_2.00	1.0	1.0	519.0	3584.0	3946.8	26374.0	-0.05458314853739507	FALSE	cell_line	RERF-LC-Ad1	RERF-LC-Ad1
ETV1	CIS-BP2.00|000457|M04708_2.00	1.0	1.0	3574.0	3584.0	26320.7	26374.0	-0.5231950616909247	FALSE	cell_line	RERF-LC-Ad1	RERF-LC-Ad1
HNF4A	JASPAR2024|000409|MA1494.2	1.0	1.0	357.0	3584.0	2758.7	26374.0	-0.07697147903943961	FALSE	cell_line	RERF-LC-Ad1	RERF-LC-Ad1
NFATC4	CIS-BP2.00|000101|M01306_2.00	1.0	1.0	3584.0	3584.0	26380.5	26374.0	-2.8796554552139186	FALSE	cell_line	RERF-LC-Ad1	RERF-LC-Ad1
NR3C2	CIS-BP2.00|000154|M02395_2.00	1.0	1.0	3584.0	3584.0	26380.5	26374.0	-2.8796554552139186	FALSE	cell_line	RERF-LC-Ad1	RERF-LC-Ad1
ZNF341	CIS-BP2.00|001017|M08310_2.00	1.0	1.0	3573.0	3584.0	26320.0	26374.0	-0.6361548335276503	FALSE	cell_line	RERF-LC-Ad1	RERF-LC-Ad1
ZNF281	CIS-BP2.00|001020|M08321_2.00	1.0	1.0	2809.0	3584.0	20922.7	26374.0	-0.08318425794101922	FALSE	cell_line	RERF-LC-Ad1	RERF-LC-Ad1
NR3C2	JASPAR2024|000539|MA0727.2	1.0	1.0	215.0	3584.0	1731.6	26374.0	-0.1361968368900815	FALSE	cell_line	RERF-LC-Ad1	RERF-LC-Ad1
ZBTB18	JASPAR2024|000681|MA0698.2	1.0	1.0	1867.0	3584.0	14100.6	26374.0	-0.07941583047364037	FALSE	cell_line	RERF-LC-Ad1	RERF-LC-Ad1
HNF4A	CIS-BP2.00|000974|M08219_2.00	1.0	1.0	3202.0	3584.0	23814.6	26374.0	-0.15205033000390902	FALSE	cell_line	RERF-LC-Ad1	RERF-LC-Ad1
ZNF444	CIS-BP2.00|000420|M04529_2.00	1.0	1.0	1100.0	3584.0	8522.9	26374.0	-0.10824395509006195	FALSE	cell_line	RERF-LC-Ad1	RERF-LC-Ad1
ZBTB18	CIS-BP2.00|000988|M08257_2.00	1.0	1.0	3063.0	3584.0	22989.1	26374.0	-0.2091414613268778	FALSE	cell_line	RERF-LC-Ad1	RERF-LC-Ad1
ELF3	CIS-BP2.00|000227|M03002_2.00	1e-16	0.0	1663.0	3584.0	10454.2	26400.0	0.40105894185940083	TRUE	cell_line	RERF-LC-Ad2	RERF-LC-Ad2
XBP1	JASPAR2024|000675|MA0844.2	1e-10	0.0	1909.0	3584.0	12658.0	26400.0	0.3071412535861547	TRUE	cell_line	RERF-LC-Ad2	RERF-LC-Ad2
NFATC4	JASPAR2024|000506|MA1525.3	1e-07	0.0	2691.0	3584.0	18794.2	26400.0	0.285811650158149	TRUE	cell_line	RERF-LC-Ad2	RERF-LC-Ad2
ZNF75D	CIS-BP2.00|000750|M07683_2.00	1e-05	0.0	2274.0	3584.0	15757.1	26400.0	0.2293433514216159	TRUE	cell_line	RERF-LC-Ad2	RERF-LC-Ad2
ZNF75D	JASPAR2024|000169|MA1601.2	0.0001	0.0001	2521.0	3584.0	17716.4	26400.0	0.21678424462404663	FALSE	cell_line	RERF-LC-Ad2	RERF-LC-Ad2
CEBPB	JASPAR2024|000235|MA0466.4	0.001	0.0007	305.0	3584.0	1816.6	26400.0	0.3337724913656894	FALSE	cell_line	RERF-LC-Ad2	RERF-LC-Ad2
XBP1	CIS-BP2.00|000375|M04231_2.00	0.001	0.0047	3370.0	3584.0	24474.4	26400.0	0.3063646197846823	FALSE	cell_line	RERF-LC-Ad2	RERF-LC-Ad2
CREB3L2	CIS-BP2.00|000117|M01812_2.00	0.01	0.0054	1922.0	3584.0	13479.6	26400.0	0.1485046224720101	FALSE	cell_line	RERF-LC-Ad2	RERF-LC-Ad2
CEBPA	JASPAR2024|000234|MA0102.5	0.01	0.011	2607.0	3584.0	18642.2	26400.0	0.15070029486126435	FALSE	cell_line	RERF-LC-Ad2	RERF-LC-Ad2
FOXA2	JASPAR2024|000357|MA0047.4	0.01	0.0156	2805.0	3584.0	20166.0	26400.0	0.15402203351635957	FALSE	cell_line	RERF-LC-Ad2	RERF-LC-Ad2
ELF3	JASPAR2024|000276|MA0640.3	0.01	0.0225	3578.0	3584.0	26290.0	26400.0	1.210348146227471	FALSE	cell_line	RERF-LC-Ad2	RERF-LC-Ad2
ZNF33A	CIS-BP2.00|000762|M07695_2.00	0.01	0.0331	3241.0	3584.0	23556.3	26400.0	0.18823081654129997	FALSE	cell_line	RERF-LC-Ad2	RERF-LC-Ad2
CREB3L2	JASPAR2024|000025|MA0608.1	0.1	0.0382	1888.0	3584.0	13402.6	26400.0	0.11039118752954094	FALSE	cell_line	RERF-LC-Ad2	RERF-LC-Ad2
NKX2-1	JASPAR2024|000822|MA1994.2	0.1	0.0533	3415.0	3584.0	24944.9	26400.0	0.23365167194993994	FALSE	cell_line	RERF-LC-Ad2	RERF-LC-Ad2
ETV1	JASPAR2024|000311|MA0761.3	0.1	0.0539	3566.0	3584.0	26187.2	26400.0	0.6509783115322914	FALSE	cell_line	RERF-LC-Ad2	RERF-LC-Ad2
GATA6	CIS-BP2.00|000947|M08124_2.00	0.1	0.0549	2699.0	3584.0	19472.9	26400.0	0.1170507445070025	FALSE	cell_line	RERF-LC-Ad2	RERF-LC-Ad2
GATA6	JASPAR2024|000382|MA1104.3	0.1	0.055	2976.0	3584.0	21563.7	26400.0	0.13377432029728448	FALSE	cell_line	RERF-LC-Ad2	RERF-LC-Ad2
FOXA3	JASPAR2024|000358|MA1683.2	0.1	0.088	3181.0	3584.0	23162.8	26400.0	0.14026695811207104	FALSE	cell_line	RERF-LC-Ad2	RERF-LC-Ad2
FOXA1	JASPAR2024|000356|MA0148.5	0.1	0.0914	2894.0	3584.0	20989.9	26400.0	0.11173167104489048	FALSE	cell_line	RERF-LC-Ad2	RERF-LC-Ad2
FOXA2	CIS-BP2.00|000889|M07959_2.00	0.1	0.1857	2083.0	3584.0	15031.5	26400.0	0.06967301581738451	FALSE	cell_line	RERF-LC-Ad2	RERF-LC-Ad2
CEBPB	CIS-BP2.00|000866|M07830_2.00	0.1	0.2128	1617.0	3584.0	11618.6	26400.0	0.06473547168767606	FALSE	cell_line	RERF-LC-Ad2	RERF-LC-Ad2
ETV1	CIS-BP2.00|000457|M04708_2.00	0.1	0.2145	3581.0	3584.0	26353.8	26400.0	0.8585931969623447	FALSE	cell_line	RERF-LC-Ad2	RERF-LC-Ad2
ZNF341	CIS-BP2.00|001017|M08310_2.00	1.0	0.2447	3579.0	3584.0	26336.6	26400.0	0.6590458942435862	FALSE	cell_line	RERF-LC-Ad2	RERF-LC-Ad2
E2F5	CIS-BP2.00|000940|M08109_2.00	1.0	0.3693	3150.0	3584.0	23070.6	26400.0	0.0656166936023823	FALSE	cell_line	RERF-LC-Ad2	RERF-LC-Ad2
FOXA1	CIS-BP2.00|000890|M07960_2.00	1.0	0.3786	1778.0	3584.0	12902.1	26400.0	0.0425903185991241	FALSE	cell_line	RERF-LC-Ad2	RERF-LC-Ad2
ZNF540	CIS-BP2.00|000701|M07634_2.00	1.0	0.5311	818.0	3584.0	5926.1	26400.0	0.03153697743582634	FALSE	cell_line	RERF-LC-Ad2	RERF-LC-Ad2
FOXD2	JASPAR2024|000361|MA0847.4	1.0	0.554	1323.0	3584.0	9642.8	26400.0	0.02430351541554057	FALSE	cell_line	RERF-LC-Ad2	RERF-LC-Ad2
CEBPA	CIS-BP2.00|000926|M08076_2.00	1.0	0.6871	1339.0	3584.0	9816.2	26400.0	0.011165946222353758	FALSE	cell_line	RERF-LC-Ad2	RERF-LC-Ad2
ZNF19	CIS-BP2.00|000670|M07603_2.00	1.0	0.6898	3564.0	3584.0	26244.1	26400.0	0.05129571460400132	FALSE	cell_line	RERF-LC-Ad2	RERF-LC-Ad2
NR3C2	JASPAR2024|000539|MA0727.2	1.0	0.7387	235.0	3584.0	1720.7	26400.0	0.011697265789827748	FALSE	cell_line	RERF-LC-Ad2	RERF-LC-Ad2
ETV1	JASPAR2024|000652|MA1966.2	1.0	0.7638	3457.0	3584.0	25461.5	26400.0	8.33221698428788e-05	FALSE	cell_line	RERF-LC-Ad2	RERF-LC-Ad2
FOXD2	CIS-BP2.00|000235|M03042_2.00	1.0	0.9628	1368.0	3584.0	10184.3	26400.0	-0.024669790742620254	FALSE	cell_line	RERF-LC-Ad2	RERF-LC-Ad2
ZNF141	CIS-BP2.00|000653|M07586_2.00	1.0	0.993	2492.0	3584.0	18476.4	26400.0	-0.03144350914749711	FALSE	cell_line	RERF-LC-Ad2	RERF-LC-Ad2
FOXA3	CIS-BP2.00|000469|M04831_2.00	1.0	1.0	111.0	3584.0	880.3	26400.0	-0.10459312575440768	FALSE	cell_line	RERF-LC-Ad2	RERF-LC-Ad2
HNF4A	JASPAR2024|000410|MA0114.5	1.0	1.0	3402.0	3584.0	25141.5	26400.0	-0.09912243727493933	FALSE	cell_line	RERF-LC-Ad2	RERF-LC-Ad2
ZNF281	JASPAR2024|000706|MA1630.3	1.0	1.0	2832.0	3584.0	21033.9	26400.0	-0.058357931356230915	FALSE	cell_line	RERF-LC-Ad2	RERF-LC-Ad2
ZNF281	CIS-BP2.00|001020|M08321_2.00	1.0	1.0	2826.0	3584.0	21006.5	26400.0	-0.06364710801190547	FALSE	cell_line	RERF-LC-Ad2	RERF-LC-Ad2
ZBTB18	JASPAR2024|000681|MA0698.2	1.0	1.0	1828.0	3584.0	13704.7	26400.0	-0.05241502510702205	FALSE	cell_line	RERF-LC-Ad2	RERF-LC-Ad2
NFATC4	CIS-BP2.00|000101|M01306_2.00	1.0	1.0	3584.0	3584.0	26403.0	26400.0	-2.8808853859847328	FALSE	cell_line	RERF-LC-Ad2	RERF-LC-Ad2
NR3C2	CIS-BP2.00|000154|M02395_2.00	1.0	1.0	3584.0	3584.0	26403.0	26400.0	-2.8808853859847328	FALSE	cell_line	RERF-LC-Ad2	RERF-LC-Ad2
ZNF33B	CIS-BP2.00|000777|M07710_2.00	1.0	1.0	1200.0	3584.0	9110.5	26400.0	-0.06579482452291294	FALSE	cell_line	RERF-LC-Ad2	RERF-LC-Ad2
HNF4A	JASPAR2024|000409|MA1494.2	1.0	1.0	350.0	3584.0	2780.0	26400.0	-0.11943310155508989	FALSE	cell_line	RERF-LC-Ad2	RERF-LC-Ad2
ZNF341	JASPAR2024|000712|MA1655.2	1.0	1.0	3579.0	3584.0	26383.2	26400.0	-1.2285484006697067	FALSE	cell_line	RERF-LC-Ad2	RERF-LC-Ad2
ZNF444	CIS-BP2.00|000420|M04529_2.00	1.0	1.0	1128.0	3584.0	8645.2	26400.0	-0.08400276535797892	FALSE	cell_line	RERF-LC-Ad2	RERF-LC-Ad2
ZBTB18	CIS-BP2.00|000988|M08257_2.00	1.0	1.0	3071.0	3584.0	22888.5	26400.0	-0.12378248257889553	FALSE	cell_line	RERF-LC-Ad2	RERF-LC-Ad2
HNF4A	CIS-BP2.00|000974|M08219_2.00	1.0	1.0	3202.0	3584.0	23829.7	26400.0	-0.14683485945384186	FALSE	cell_line	RERF-LC-Ad2	RERF-LC-Ad2
ZNF254	CIS-BP2.00|000827|M07760_2.00	1.0	1.0	470.0	3584.0	3919.4	26400.0	-0.20691007155669963	FALSE	cell_line	RERF-LC-Ad2	RERF-LC-Ad2
ELF3	CIS-BP2.00|000227|M03002_2.00	1e-34	0.0	1781.0	3584.0	10219.5	25876.0	0.5977056718624204	TRUE	cell_line	RERF-LC-KJ	RERF-LC-KJ
XBP1	JASPAR2024|000675|MA0844.2	1e-11	0.0	1931.0	3584.0	12460.5	25876.0	0.33073337622101145	TRUE	cell_line	RERF-LC-KJ	RERF-LC-KJ
NFATC4	JASPAR2024|000506|MA1525.3	1e-11	0.0	2728.0	3584.0	18382.4	25876.0	0.3770456488974998	TRUE	cell_line	RERF-LC-KJ	RERF-LC-KJ
FOXA3	CIS-BP2.00|000469|M04831_2.00	1e-06	0.0	180.0	3584.0	887.7	25876.0	0.5768810501937645	TRUE	cell_line	RERF-LC-KJ	RERF-LC-KJ
XBP1	CIS-BP2.00|000375|M04231_2.00	1e-05	0.0001	3394.0	3584.0	24041.9	25876.0	0.4432927141469885	FALSE	cell_line	RERF-LC-KJ	RERF-LC-KJ
CEBPB	JASPAR2024|000235|MA0466.4	0.001	0.001	307.0	3584.0	1811.0	25876.0	0.31777222216953077	FALSE	cell_line	RERF-LC-KJ	RERF-LC-KJ
FOXA1	CIS-BP2.00|000890|M07960_2.00	0.001	0.0032	1842.0	3584.0	12611.2	25876.0	0.15340050875363956	FALSE	cell_line	RERF-LC-KJ	RERF-LC-KJ
FOXA2	CIS-BP2.00|000889|M07959_2.00	0.01	0.0064	2128.0	3584.0	14733.0	25876.0	0.14443363168111234	FALSE	cell_line	RERF-LC-KJ	RERF-LC-KJ
ELF3	JASPAR2024|000276|MA0640.3	0.01	0.0087	3578.0	3584.0	25753.1	25876.0	1.3994116355195514	FALSE	cell_line	RERF-LC-KJ	RERF-LC-KJ
CEBPB	CIS-BP2.00|000866|M07830_2.00	0.01	0.0192	1656.0	3584.0	11410.5	25876.0	0.12289988685721441	FALSE	cell_line	RERF-LC-KJ	RERF-LC-KJ
CREB3L2	CIS-BP2.00|000117|M01812_2.00	0.01	0.0206	1912.0	3584.0	13262.1	25876.0	0.12116149444400395	FALSE	cell_line	RERF-LC-KJ	RERF-LC-KJ
ZNF75D	CIS-BP2.00|000750|M07683_2.00	0.01	0.0213	2193.0	3584.0	15303.7	25876.0	0.12302366216718932	FALSE	cell_line	RERF-LC-KJ	RERF-LC-KJ
ETV1	CIS-BP2.00|000457|M04708_2.00	0.01	0.022	3583.0	3584.0	25824.0	25876.0	2.279983859893264	FALSE	cell_line	RERF-LC-KJ	RERF-LC-KJ
CREB3L2	JASPAR2024|000025|MA0608.1	0.1	0.0434	1891.0	3584.0	13178.4	25876.0	0.10590547584036676	FALSE	cell_line	RERF-LC-KJ	RERF-LC-KJ
E2F5	CIS-BP2.00|000940|M08109_2.00	0.1	0.044	3177.0	3584.0	22625.6	25876.0	0.16394331169994608	FALSE	cell_line	RERF-LC-KJ	RERF-LC-KJ
FOXA3	JASPAR2024|000358|MA1683.2	0.1	0.1116	3179.0	3584.0	22706.8	25876.0	0.13028812231926462	FALSE	cell_line	RERF-LC-KJ	RERF-LC-KJ
ZNF75D	JASPAR2024|000169|MA1601.2	0.1	0.1179	2428.0	3584.0	17183.5	25876.0	0.08716037167744617	FALSE	cell_line	RERF-LC-KJ	RERF-LC-KJ
GATA6	JASPAR2024|000382|MA1104.3	0.1	0.1196	2957.0	3584.0	21065.9	25876.0	0.10603575862993186	FALSE	cell_line	RERF-LC-KJ	RERF-LC-KJ
FOXA1	JASPAR2024|000356|MA0148.5	0.1	0.1207	2891.0	3584.0	20580.0	25876.0	0.10168350868516862	FALSE	cell_line	RERF-LC-KJ	RERF-LC-KJ
ETV1	JASPAR2024|000311|MA0761.3	0.1	0.142	3562.0	3584.0	25651.4	25876.0	0.4744653813406498	FALSE	cell_line	RERF-LC-KJ	RERF-LC-KJ
ETV1	JASPAR2024|000652|MA1966.2	0.1	0.1554	3471.0	3584.0	24934.0	25876.0	0.20928812381985437	FALSE	cell_line	RERF-LC-KJ	RERF-LC-KJ
FOXA2	JASPAR2024|000357|MA0047.4	0.1	0.1885	2773.0	3584.0	19761.0	25876.0	0.0808946291476227	FALSE	cell_line	RERF-LC-KJ	RERF-LC-KJ
ZNF341	JASPAR2024|000712|MA1655.2	0.1	0.1888	3584.0	3584.0	25856.8	25876.0	2.4493958840070236	FALSE	cell_line	RERF-LC-KJ	RERF-LC-KJ
CEBPA	JASPAR2024|000234|MA0102.5	0.1	0.1968	2564.0	3584.0	18239.1	25876.0	0.07348078813423702	FALSE	cell_line	RERF-LC-KJ	RERF-LC-KJ
FOXD2	CIS-BP2.00|000235|M03042_2.00	1.0	0.4022	1424.0	3584.0	10104.4	25876.0	0.04141010884943962	FALSE	cell_line	RERF-LC-KJ	RERF-LC-KJ
ZNF19	CIS-BP2.00|000670|M07603_2.00	1.0	0.4592	3565.0	3584.0	25709.8	25876.0	0.2455379400297485	FALSE	cell_line	RERF-LC-KJ	RERF-LC-KJ
CEBPA	CIS-BP2.00|000926|M08076_2.00	1.0	0.4622	1357.0	3584.0	9651.1	25876.0	0.034940780292475916	FALSE	cell_line	RERF-LC-KJ	RERF-LC-KJ
ZNF281	JASPAR2024|000706|MA1630.3	1.0	0.5491	2860.0	3584.0	20556.4	25876.0	0.031112297234084086	FALSE	cell_line	RERF-LC-KJ	RERF-LC-KJ
FOXD2	JASPAR2024|000361|MA0847.4	1.0	0.6829	1332.0	3584.0	9564.3	25876.0	0.012753088820307214	FALSE	cell_line	RERF-LC-KJ	RERF-LC-KJ
NR3C2	JASPAR2024|000539|MA0727.2	1.0	0.7107	233.0	3584.0	1661.6	25876.0	0.021503476907957435	FALSE	cell_line	RERF-LC-KJ	RERF-LC-KJ
HNF4A	JASPAR2024|000410|MA0114.5	1.0	0.7602	3409.0	3584.0	24600.6	25876.0	0.010881590268447636	FALSE	cell_line	RERF-LC-KJ	RERF-LC-KJ
NKX2-1	JASPAR2024|000822|MA1994.2	1.0	0.7624	3381.0	3584.0	24398.8	25876.0	0.009148206722317876	FALSE	cell_line	RERF-LC-KJ	RERF-LC-KJ
ZNF540	CIS-BP2.00|000701|M07634_2.00	1.0	0.7705	818.0	3584.0	5896.0	25876.0	0.0036543145936235497	FALSE	cell_line	RERF-LC-KJ	RERF-LC-KJ
ZNF281	CIS-BP2.00|001020|M08321_2.00	1.0	0.8354	2843.0	3584.0	20538.8	25876.0	-0.0049476798349064885	FALSE	cell_line	RERF-LC-KJ	RERF-LC-KJ
ZNF33A	CIS-BP2.00|000762|M07695_2.00	1.0	0.8657	3183.0	3584.0	22997.5	25876.0	-0.010726838591717393	FALSE	cell_line	RERF-LC-KJ	RERF-LC-KJ
GATA6	CIS-BP2.00|000947|M08124_2.00	1.0	0.8747	2628.0	3584.0	19003.9	25876.0	-0.009002717463525036	FALSE	cell_line	RERF-LC-KJ	RERF-LC-KJ
ZNF141	CIS-BP2.00|000653|M07586_2.00	1.0	0.9003	2503.0	3584.0	18119.9	25876.0	-0.013205702128273409	FALSE	cell_line	RERF-LC-KJ	RERF-LC-KJ
ZNF444	CIS-BP2.00|000420|M04529_2.00	1.0	0.9709	1156.0	3584.0	8438.3	25876.0	-0.023158856912369435	FALSE	cell_line	RERF-LC-KJ	RERF-LC-KJ
HNF4A	JASPAR2024|000409|MA1494.2	1.0	1.0	363.0	3584.0	2726.1	25876.0	-0.061843177865495196	FALSE	cell_line	RERF-LC-KJ	RERF-LC-KJ
HNF4A	CIS-BP2.00|000974|M08219_2.00	1.0	1.0	3208.0	3584.0	23273.3	25876.0	-0.06917150971734037	FALSE	cell_line	RERF-LC-KJ	RERF-LC-KJ
NFATC4	CIS-BP2.00|000101|M01306_2.00	1.0	1.0	3584.0	3584.0	25874.8	25876.0	-1.0861970457409562	FALSE	cell_line	RERF-LC-KJ	RERF-LC-KJ
NR3C2	CIS-BP2.00|000154|M02395_2.00	1.0	1.0	3584.0	3584.0	25874.8	25876.0	-1.0861970457409562	FALSE	cell_line	RERF-LC-KJ	RERF-LC-KJ
ZNF341	CIS-BP2.00|001017|M08310_2.00	1.0	1.0	3570.0	3584.0	25801.4	25876.0	-0.4805192758733414	FALSE	cell_line	RERF-LC-KJ	RERF-LC-KJ
ZNF254	CIS-BP2.00|000827|M07760_2.00	1.0	1.0	476.0	3584.0	3781.6	25876.0	-0.1592164723047092	FALSE	cell_line	RERF-LC-KJ	RERF-LC-KJ
ZBTB18	CIS-BP2.00|000988|M08257_2.00	1.0	1.0	3034.0	3584.0	22341.0	25876.0	-0.19709553494449836	FALSE	cell_line	RERF-LC-KJ	RERF-LC-KJ
ZBTB18	JASPAR2024|000681|MA0698.2	1.0	1.0	1728.0	3584.0	13251.4	25876.0	-0.17296911835500633	FALSE	cell_line	RERF-LC-KJ	RERF-LC-KJ
ZNF33B	CIS-BP2.00|000777|M07710_2.00	1.0	1.0	1124.0	3584.0	8958.4	25876.0	-0.21249381069726292	FALSE	cell_line	RERF-LC-KJ	RERF-LC-KJ
ELF3	CIS-BP2.00|000227|M03002_2.00	1e-14	0.0	1670.0	3584.0	10563.1	26357.0	0.38362387656227925	TRUE	cell_line	RERF-LC-MS	RERF-LC-MS
NFATC4	JASPAR2024|000506|MA1525.3	1e-08	0.0	2722.0	3584.0	18890.1	26357.0	0.31934507983168414	TRUE	cell_line	RERF-LC-MS	RERF-LC-MS
XBP1	JASPAR2024|000675|MA0844.2	0.0001	0.0001	1815.0	3584.0	12421.5	26357.0	0.20294422452713506	FALSE	cell_line	RERF-LC-MS	RERF-LC-MS
E2F5	CIS-BP2.00|000940|M08109_2.00	0.0001	0.0004	3228.0	3584.0	23205.0	26357.0	0.2989915379303929	FALSE	cell_line	RERF-LC-MS	RERF-LC-MS
ETV1	JASPAR2024|000652|MA1966.2	0.01	0.0124	3484.0	3584.0	25401.5	26357.0	0.3838965862223063	FALSE	cell_line	RERF-LC-MS	RERF-LC-MS
ZNF75D	CIS-BP2.00|000750|M07683_2.00	0.01	0.0141	2226.0	3584.0	15784.6	26357.0	0.134570788203967	FALSE	cell_line	RERF-LC-MS	RERF-LC-MS
CEBPB	CIS-BP2.00|000866|M07830_2.00	0.01	0.0168	1661.0	3584.0	11633.8	26357.0	0.12850831232904325	FALSE	cell_line	RERF-LC-MS	RERF-LC-MS
CEBPA	JASPAR2024|000234|MA0102.5	0.1	0.0491	2578.0	3584.0	18517.8	26357.0	0.11710356279803719	FALSE	cell_line	RERF-LC-MS	RERF-LC-MS
CEBPB	JASPAR2024|000235|MA0466.4	0.1	0.0789	284.0	3584.0	1861.6	26357.0	0.1813538011339479	FALSE	cell_line	RERF-LC-MS	RERF-LC-MS
ZNF141	CIS-BP2.00|000653|M07586_2.00	0.1	0.0809	2577.0	3584.0	18560.1	26357.0	0.10401429085321677	FALSE	cell_line	RERF-LC-MS	RERF-LC-MS
ZNF75D	JASPAR2024|000169|MA1601.2	0.1	0.1072	2459.0	3584.0	17712.8	26357.0	0.09285378956542292	FALSE	cell_line	RERF-LC-MS	RERF-LC-MS
FOXA2	JASPAR2024|000357|MA0047.4	0.1	0.1088	2768.0	3584.0	20021.0	26357.0	0.10178775188875747	FALSE	cell_line	RERF-LC-MS	RERF-LC-MS
FOXA2	CIS-BP2.00|000889|M07959_2.00	0.1	0.1784	2061.0	3584.0	14828.8	26357.0	0.07308430344845164	FALSE	cell_line	RERF-LC-MS	RERF-LC-MS
ELF3	JASPAR2024|000276|MA0640.3	0.1	0.1857	3575.0	3584.0	26250.1	26357.0	0.6227891797909342	FALSE	cell_line	RERF-LC-MS	RERF-LC-MS
ETV1	JASPAR2024|000311|MA0761.3	0.1	0.2026	3563.0	3584.0	26148.4	26357.0	0.40640106826457195	FALSE	cell_line	RERF-LC-MS	RERF-LC-MS
ZNF341	CIS-BP2.00|001017|M08310_2.00	0.1	0.2293	3579.0	3584.0	26291.0	26357.0	0.7190843477800463	FALSE	cell_line	RERF-LC-MS	RERF-LC-MS
HNF4A	JASPAR2024|000410|MA0114.5	1.0	0.2613	3422.0	3584.0	25048.0	26357.0	0.1389026711213102	FALSE	cell_line	RERF-LC-MS	RERF-LC-MS
ZNF33A	CIS-BP2.00|000762|M07695_2.00	1.0	0.283	3187.0	3584.0	23272.9	26357.0	0.08787191072039517	FALSE	cell_line	RERF-LC-MS	RERF-LC-MS
CEBPA	CIS-BP2.00|000926|M08076_2.00	1.0	0.3402	1368.0	3584.0	9840.9	26357.0	0.0512933381235237	FALSE	cell_line	RERF-LC-MS	RERF-LC-MS
XBP1	CIS-BP2.00|000375|M04231_2.00	1.0	0.4033	3333.0	3584.0	24409.0	26357.0	0.08140051508645844	FALSE	cell_line	RERF-LC-MS	RERF-LC-MS
ZNF341	JASPAR2024|000712|MA1655.2	1.0	0.4537	3583.0	3584.0	26339.8	26357.0	0.6828844369953351	FALSE	cell_line	RERF-LC-MS	RERF-LC-MS
GATA6	JASPAR2024|000382|MA1104.3	1.0	0.4932	2951.0	3584.0	21585.8	26357.0	0.042491085701768926	FALSE	cell_line	RERF-LC-MS	RERF-LC-MS
ETV1	CIS-BP2.00|000457|M04708_2.00	1.0	0.4998	3580.0	3584.0	26314.9	26357.0	0.3651821718630689	FALSE	cell_line	RERF-LC-MS	RERF-LC-MS
FOXA1	CIS-BP2.00|000890|M07960_2.00	1.0	0.5021	1748.0	3584.0	12707.7	26357.0	0.032279012277682144	FALSE	cell_line	RERF-LC-MS	RERF-LC-MS
NKX2-1	JASPAR2024|000822|MA1994.2	1.0	0.5691	3379.0	3584.0	24793.4	26357.0	0.053018953490534454	FALSE	cell_line	RERF-LC-MS	RERF-LC-MS
FOXA3	JASPAR2024|000358|MA1683.2	1.0	0.5728	3146.0	3584.0	23059.4	26357.0	0.037419986185856804	FALSE	cell_line	RERF-LC-MS	RERF-LC-MS
FOXA1	JASPAR2024|000356|MA0148.5	1.0	0.5775	2854.0	3584.0	20896.7	26357.0	0.0301564592140949	FALSE	cell_line	RERF-LC-MS	RERF-LC-MS
GATA6	CIS-BP2.00|000947|M08124_2.00	1.0	0.6469	2665.0	3584.0	19527.0	26357.0	0.02004053605225359	FALSE	cell_line	RERF-LC-MS	RERF-LC-MS
FOXD2	CIS-BP2.00|000235|M03042_2.00	1.0	0.8505	1397.0	3584.0	10291.5	26357.0	-0.0039473144335406074	FALSE	cell_line	RERF-LC-MS	RERF-LC-MS
ZNF444	CIS-BP2.00|000420|M04529_2.00	1.0	0.8844	1223.0	3584.0	9028.5	26357.0	-0.008139147469548616	FALSE	cell_line	RERF-LC-MS	RERF-LC-MS
ZNF540	CIS-BP2.00|000701|M07634_2.00	1.0	1.0	801.0	3584.0	5983.0	26357.0	-0.028422531620132436	FALSE	cell_line	RERF-LC-MS	RERF-LC-MS
ZNF281	JASPAR2024|000706|MA1630.3	1.0	1.0	2876.0	3584.0	21246.6	26357.0	-0.03414196148861217	FALSE	cell_line	RERF-LC-MS	RERF-LC-MS
ZNF281	CIS-BP2.00|001020|M08321_2.00	1.0	1.0	2871.0	3584.0	21222.2	26357.0	-0.03826851877700074	FALSE	cell_line	RERF-LC-MS	RERF-LC-MS
NR3C2	JASPAR2024|000539|MA0727.2	1.0	1.0	220.0	3584.0	1693.4	26357.0	-0.06754952858040894	FALSE	cell_line	RERF-LC-MS	RERF-LC-MS
CREB3L2	CIS-BP2.00|000117|M01812_2.00	1.0	1.0	1785.0	3584.0	13296.6	26357.0	-0.03712529367709268	FALSE	cell_line	RERF-LC-MS	RERF-LC-MS
ZNF19	CIS-BP2.00|000670|M07603_2.00	1.0	1.0	3558.0	3584.0	26198.2	26357.0	-0.2924720827265461	FALSE	cell_line	RERF-LC-MS	RERF-LC-MS
CREB3L2	JASPAR2024|000025|MA0608.1	1.0	1.0	1766.0	3584.0	13208.9	26357.0	-0.048510917824642195	FALSE	cell_line	RERF-LC-MS	RERF-LC-MS
NFATC4	CIS-BP2.00|000101|M01306_2.00	1.0	1.0	3584.0	3584.0	26361.0	26357.0	-2.8785886663973406	FALSE	cell_line	RERF-LC-MS	RERF-LC-MS
NR3C2	CIS-BP2.00|000154|M02395_2.00	1.0	1.0	3584.0	3584.0	26361.0	26357.0	-2.8785886663973406	FALSE	cell_line	RERF-LC-MS	RERF-LC-MS
ZNF33B	CIS-BP2.00|000777|M07710_2.00	1.0	1.0	1218.0	3584.0	9247.7	26357.0	-0.07007027781674778	FALSE	cell_line	RERF-LC-MS	RERF-LC-MS
FOXA3	CIS-BP2.00|000469|M04831_2.00	1.0	1.0	108.0	3584.0	916.5	26357.0	-0.2077788065747672	FALSE	cell_line	RERF-LC-MS	RERF-LC-MS
FOXD2	JASPAR2024|000361|MA0847.4	1.0	1.0	1263.0	3584.0	9731.9	26357.0	-0.10509273088873293	FALSE	cell_line	RERF-LC-MS	RERF-LC-MS
ZNF254	CIS-BP2.00|000827|M07760_2.00	1.0	1.0	472.0	3584.0	3808.8	26357.0	-0.1542411589381826	FALSE	cell_line	RERF-LC-MS	RERF-LC-MS
HNF4A	JASPAR2024|000409|MA1494.2	1.0	1.0	336.0	3584.0	2786.0	26357.0	-0.19057778466737435	FALSE	cell_line	RERF-LC-MS	RERF-LC-MS
HNF4A	CIS-BP2.00|000974|M08219_2.00	1.0	1.0	3175.0	3584.0	23750.8	26357.0	-0.23266160617350093	FALSE	cell_line	RERF-LC-MS	RERF-LC-MS
ZBTB18	CIS-BP2.00|000988|M08257_2.00	1.0	1.0	3008.0	3584.0	22630.8	26357.0	-0.21869702366442698	FALSE	cell_line	RERF-LC-MS	RERF-LC-MS
ZBTB18	JASPAR2024|000681|MA0698.2	1.0	1.0	1683.0	3584.0	13256.1	26357.0	-0.19266403934007575	FALSE	cell_line	RERF-LC-MS	RERF-LC-MS
ELF3	CIS-BP2.00|000227|M03002_2.00	1e-24	0.0	1728.0	3584.0	10328.8	26074.0	0.5051506961970051	TRUE	cell_line	VMRC-LCD	VMRC-LCD
XBP1	JASPAR2024|000675|MA0844.2	1e-09	0.0	1917.0	3584.0	12611.0	26074.0	0.29585344241633416	TRUE	cell_line	VMRC-LCD	VMRC-LCD
NFATC4	JASPAR2024|000506|MA1525.3	1e-06	0.0	2689.0	3584.0	18579.3	26074.0	0.2768765598198457	TRUE	cell_line	VMRC-LCD	VMRC-LCD
ETV1	JASPAR2024|000652|MA1966.2	1e-05	0.0	3501.0	3584.0	25124.2	26074.0	0.6654735493431843	TRUE	cell_line	VMRC-LCD	VMRC-LCD
FOXA3	JASPAR2024|000358|MA1683.2	0.0001	0.0001	3215.0	3584.0	22809.0	26074.0	0.3171378112279777	FALSE	cell_line	VMRC-LCD	VMRC-LCD
CREB3L2	CIS-BP2.00|000117|M01812_2.00	0.0001	0.0001	1956.0	3584.0	13344.1	26074.0	0.19675307934388284	FALSE	cell_line	VMRC-LCD	VMRC-LCD
XBP1	CIS-BP2.00|000375|M04231_2.00	0.0001	0.0003	3391.0	3584.0	24247.9	26074.0	0.40086110880803744	FALSE	cell_line	VMRC-LCD	VMRC-LCD
CREB3L2	JASPAR2024|000025|MA0608.1	0.0001	0.0004	1935.0	3584.0	13254.9	26074.0	0.18244857091874594	FALSE	cell_line	VMRC-LCD	VMRC-LCD
ZNF444	CIS-BP2.00|000420|M04529_2.00	0.001	0.0013	1298.0	3584.0	8730.2	26074.0	0.1739974764808461	FALSE	cell_line	VMRC-LCD	VMRC-LCD
E2F5	CIS-BP2.00|000940|M08109_2.00	0.001	0.0019	3213.0	3584.0	22909.0	26074.0	0.2572706850153247	FALSE	cell_line	VMRC-LCD	VMRC-LCD
FOXA2	CIS-BP2.00|000889|M07959_2.00	0.001	0.0019	2131.0	3584.0	14788.5	26074.0	0.16234773468709043	FALSE	cell_line	VMRC-LCD	VMRC-LCD
FOXA1	CIS-BP2.00|000890|M07960_2.00	0.01	0.0049	1829.0	3584.0	12649.3	26074.0	0.14539642484096796	FALSE	cell_line	VMRC-LCD	VMRC-LCD
FOXA2	JASPAR2024|000357|MA0047.4	0.01	0.0056	2803.0	3584.0	19844.0	26074.0	0.17159192850292904	FALSE	cell_line	VMRC-LCD	VMRC-LCD
FOXA3	CIS-BP2.00|000469|M04831_2.00	0.01	0.0079	159.0	3584.0	919.1	26074.0	0.3490315980333693	FALSE	cell_line	VMRC-LCD	VMRC-LCD
CEBPB	JASPAR2024|000235|MA0466.4	0.01	0.0083	302.0	3584.0	1872.8	26074.0	0.25166656278887806	FALSE	cell_line	VMRC-LCD	VMRC-LCD
FOXA1	JASPAR2024|000356|MA0148.5	0.1	0.0862	2890.0	3584.0	20707.0	26074.0	0.1094412755850325	FALSE	cell_line	VMRC-LCD	VMRC-LCD
ETV1	JASPAR2024|000311|MA0761.3	0.1	0.0886	3563.0	3584.0	25847.9	26074.0	0.5390311443388844	FALSE	cell_line	VMRC-LCD	VMRC-LCD
GATA6	CIS-BP2.00|000947|M08124_2.00	0.1	0.112	2680.0	3584.0	19177.0	26074.0	0.09204052253187367	FALSE	cell_line	VMRC-LCD	VMRC-LCD
CEBPA	JASPAR2024|000234|MA0102.5	0.1	0.1134	2565.0	3584.0	18331.4	26074.0	0.08800510858382023	FALSE	cell_line	VMRC-LCD	VMRC-LCD
ZNF341	CIS-BP2.00|001017|M08310_2.00	0.1	0.1147	3579.0	3584.0	25996.0	26074.0	0.9747017138306153	FALSE	cell_line	VMRC-LCD	VMRC-LCD
ZNF19	CIS-BP2.00|000670|M07603_2.00	0.1	0.1505	3568.0	3584.0	25902.5	26074.0	0.5221411171722583	FALSE	cell_line	VMRC-LCD	VMRC-LCD
FOXD2	CIS-BP2.00|000235|M03042_2.00	0.1	0.1612	1443.0	3584.0	10191.8	26074.0	0.0709259688766787	FALSE	cell_line	VMRC-LCD	VMRC-LCD
CEBPB	CIS-BP2.00|000866|M07830_2.00	1.0	0.2194	1619.0	3584.0	11509.7	26074.0	0.060225093474654164	FALSE	cell_line	VMRC-LCD	VMRC-LCD
ZNF33A	CIS-BP2.00|000762|M07695_2.00	1.0	0.2464	3194.0	3584.0	23073.5	26074.0	0.08944278568038948	FALSE	cell_line	VMRC-LCD	VMRC-LCD
GATA6	JASPAR2024|000382|MA1104.3	1.0	0.3353	2945.0	3584.0	21269.9	26074.0	0.05713735628944267	FALSE	cell_line	VMRC-LCD	VMRC-LCD
ELF3	JASPAR2024|000276|MA0640.3	1.0	0.3367	3572.0	3584.0	25955.3	26074.0	0.3923331976095983	FALSE	cell_line	VMRC-LCD	VMRC-LCD
ETV1	CIS-BP2.00|000457|M04708_2.00	1.0	0.3529	3580.0	3584.0	26023.9	26074.0	0.6295085484575723	FALSE	cell_line	VMRC-LCD	VMRC-LCD
ZNF75D	JASPAR2024|000169|MA1601.2	1.0	0.3548	2414.0	3584.0	17384.7	26074.0	0.04413474328314012	FALSE	cell_line	VMRC-LCD	VMRC-LCD
ZNF341	JASPAR2024|000712|MA1655.2	1.0	0.38	3583.0	3584.0	26051.2	26074.0	1.0953592902372913	FALSE	cell_line	VMRC-LCD	VMRC-LCD
ZNF281	JASPAR2024|000706|MA1630.3	1.0	0.3961	2885.0	3584.0	20853.5	26074.0	0.04649929915384221	FALSE	cell_line	VMRC-LCD	VMRC-LCD
NKX2-1	JASPAR2024|000822|MA1994.2	1.0	0.4341	3384.0	3584.0	24545.1	26074.0	0.07284182658128634	FALSE	cell_line	VMRC-LCD	VMRC-LCD
FOXD2	JASPAR2024|000361|MA0847.4	1.0	0.443	1340.0	3584.0	9609.9	26074.0	0.033076201199901546	FALSE	cell_line	VMRC-LCD	VMRC-LCD
ZNF75D	CIS-BP2.00|000750|M07683_2.00	1.0	0.5865	2141.0	3584.0	15502.9	26074.0	0.01665967027023502	FALSE	cell_line	VMRC-LCD	VMRC-LCD
HNF4A	JASPAR2024|000409|MA1494.2	1.0	0.7629	371.0	3584.0	2704.7	26074.0	-0.0018731329719840737	FALSE	cell_line	VMRC-LCD	VMRC-LCD
ZNF141	CIS-BP2.00|000653|M07586_2.00	1.0	0.7819	2521.0	3584.0	18354.6	26074.0	-0.004064717650674948	FALSE	cell_line	VMRC-LCD	VMRC-LCD
HNF4A	JASPAR2024|000410|MA0114.5	1.0	0.8493	3402.0	3584.0	24769.7	26074.0	-0.026078132366830136	FALSE	cell_line	VMRC-LCD	VMRC-LCD
CEBPA	CIS-BP2.00|000926|M08076_2.00	1.0	0.8528	1331.0	3584.0	9739.6	26074.0	-0.013165888089660106	FALSE	cell_line	VMRC-LCD	VMRC-LCD
ZBTB18	CIS-BP2.00|000988|M08257_2.00	1.0	0.859	3078.0	3584.0	22432.8	26074.0	-0.019364481630390198	FALSE	cell_line	VMRC-LCD	VMRC-LCD
ZNF281	CIS-BP2.00|001020|M08321_2.00	1.0	0.8956	2854.0	3584.0	20827.7	26074.0	-0.022746578190837693	FALSE	cell_line	VMRC-LCD	VMRC-LCD
ZNF540	CIS-BP2.00|000701|M07634_2.00	1.0	0.9845	804.0	3584.0	5966.7	26074.0	-0.0365508034566344	FALSE	cell_line	VMRC-LCD	VMRC-LCD
NFATC4	CIS-BP2.00|000101|M01306_2.00	1.0	1.0	3584.0	3584.0	26072.6	26074.0	-0.936718908577158	FALSE	cell_line	VMRC-LCD	VMRC-LCD
NR3C2	CIS-BP2.00|000154|M02395_2.00	1.0	1.0	3584.0	3584.0	26072.6	26074.0	-0.936718908577158	FALSE	cell_line	VMRC-LCD	VMRC-LCD
ZNF254	CIS-BP2.00|000827|M07760_2.00	1.0	1.0	479.0	3584.0	3747.1	26074.0	-0.12044646696710845	FALSE	cell_line	VMRC-LCD	VMRC-LCD
NR3C2	JASPAR2024|000539|MA0727.2	1.0	1.0	201.0	3584.0	1702.2	26074.0	-0.23031841388038354	FALSE	cell_line	VMRC-LCD	VMRC-LCD
ZNF33B	CIS-BP2.00|000777|M07710_2.00	1.0	1.0	1172.0	3584.0	9011.7	26074.0	-0.12003784329482702	FALSE	cell_line	VMRC-LCD	VMRC-LCD
HNF4A	CIS-BP2.00|000974|M08219_2.00	1.0	1.0	3179.0	3584.0	23443.7	26074.0	-0.1846314802070881	FALSE	cell_line	VMRC-LCD	VMRC-LCD
ZBTB18	JASPAR2024|000681|MA0698.2	1.0	1.0	1732.0	3584.0	13126.0	26074.0	-0.11631550226031509	FALSE	cell_line	VMRC-LCD	VMRC-LCD
