system	sample_id	sample_slug	TF	TF_role	motif_test_status	motif_token	q_value	log2_odds_ratio	motif_enriched_q1e-5
patient	TCGA-44-3918	TCGA-44-3918	CEBPA	LUAD_LINEAGE_POSITIVE_CONTROL	TESTED	CIS-BP2.00|000926|M08076_2.00	0.4306	0.0599388393905185	FALSE
patient	TCGA-44-3918	TCGA-44-3918	CEBPB	LUAD_LINEAGE_POSITIVE_CONTROL	TESTED	JASPAR2024|000235|MA0466.4	0.0	0.4620689189923028	TRUE
patient	TCGA-44-3918	TCGA-44-3918	CREB3L2	LUAD_HC_TF	TESTED	CIS-BP2.00|000117|M01812_2.00	0.1855	0.08804516547657584	FALSE
patient	TCGA-44-3918	TCGA-44-3918	E2F5	LUAD_HC_TF	TESTED	CIS-BP2.00|000940|M08109_2.00	1.0	-0.05421917469796684	FALSE
patient	TCGA-44-3918	TCGA-44-3918	ELF3	LUAD_HC_TF_AND_LINEAGE_POSITIVE_CONTROL	TESTED	CIS-BP2.00|000227|M03002_2.00	0.0	0.2850078531750394	TRUE
patient	TCGA-44-3918	TCGA-44-3918	ETV1	LUAD_HC_TF	TESTED	JASPAR2024|000311|MA0761.3	0.386	0.33666526630071736	FALSE
patient	TCGA-44-3918	TCGA-44-3918	FOXA1	LUAD_LINEAGE_POSITIVE_CONTROL	TESTED	CIS-BP2.00|000890|M07960_2.00	0.0076	0.15856906584785274	FALSE
patient	TCGA-44-3918	TCGA-44-3918	FOXA2	LUAD_LINEAGE_POSITIVE_CONTROL	TESTED	CIS-BP2.00|000889|M07959_2.00	0.1278	0.101325249545181	FALSE
patient	TCGA-44-3918	TCGA-44-3918	FOXA3	LUAD_HC_TF	TESTED	CIS-BP2.00|000469|M04831_2.00	0.0	0.9982192575064781	TRUE
patient	TCGA-44-3918	TCGA-44-3918	FOXD2	LUAD_HC_TF	TESTED	JASPAR2024|000361|MA0847.4	0.0331	0.1355019847780694	FALSE
patient	TCGA-44-3918	TCGA-44-3918	GATA6	LUAD_LINEAGE_POSITIVE_CONTROL	TESTED	JASPAR2024|000382|MA1104.3	1.0	-0.10725177497751168	FALSE
patient	TCGA-44-3918	TCGA-44-3918	HNF4A	LUAD_LINEAGE_POSITIVE_CONTROL	TESTED	JASPAR2024|000409|MA1494.2	0.844	0.018637786130653533	FALSE
patient	TCGA-44-3918	TCGA-44-3918	NFATC4	LUAD_HC_TF	TESTED	JASPAR2024|000506|MA1525.3	0.2949	0.08003651480507723	FALSE
patient	TCGA-44-3918	TCGA-44-3918	NKX2-1	LUAD_LINEAGE_POSITIVE_CONTROL	TESTED	JASPAR2024|000822|MA1994.2	0.7159	0.053618878901523774	FALSE
patient	TCGA-44-3918	TCGA-44-3918	NR3C2	LUAD_HC_TF	TESTED	JASPAR2024|000539|MA0727.2	0.4702	0.10700456587439264	FALSE
patient	TCGA-44-3918	TCGA-44-3918	XBP1	LUAD_HC_TF	TESTED	JASPAR2024|000675|MA0844.2	0.0306	0.13305406154676588	FALSE
patient	TCGA-44-3918	TCGA-44-3918	ZBTB18	LUAD_HC_TF	TESTED	CIS-BP2.00|000988|M08257_2.00	0.5843	0.05956479170041515	FALSE
patient	TCGA-44-3918	TCGA-44-3918	ZNF141	LUAD_HC_TF	TESTED	CIS-BP2.00|000653|M07586_2.00	0.84	0.011705836593495235	FALSE
patient	TCGA-44-3918	TCGA-44-3918	ZNF19	LUAD_HC_TF	TESTED	CIS-BP2.00|000670|M07603_2.00	0.128	0.7345268300375786	FALSE
patient	TCGA-44-3918	TCGA-44-3918	ZNF254	LUAD_HC_TF	TESTED	CIS-BP2.00|000827|M07760_2.00	1.0	-0.11846370163725806	FALSE
patient	TCGA-44-3918	TCGA-44-3918	ZNF281	LUAD_HC_TF	TESTED	JASPAR2024|000706|MA1630.3	1.0	-0.08588610865481482	FALSE
patient	TCGA-44-3918	TCGA-44-3918	ZNF33A	LUAD_HC_TF	TESTED	CIS-BP2.00|000762|M07695_2.00	0.23	0.14299842269119895	FALSE
patient	TCGA-44-3918	TCGA-44-3918	ZNF33B	LUAD_HC_TF	TESTED	CIS-BP2.00|000777|M07710_2.00	0.905	0.0007610362322169196	FALSE
patient	TCGA-44-3918	TCGA-44-3918	ZNF341	LUAD_HC_TF	TESTED	CIS-BP2.00|001017|M08310_2.00	1.0	-0.9148614560286843	FALSE
patient	TCGA-44-3918	TCGA-44-3918	ZNF444	LUAD_HC_TF	TESTED	CIS-BP2.00|000420|M04529_2.00	0.0052	0.1700746413550178	FALSE
patient	TCGA-44-3918	TCGA-44-3918	ZNF540	LUAD_HC_TF	TESTED	CIS-BP2.00|000701|M07634_2.00	0.9699	-0.01213188858264514	FALSE
patient	TCGA-44-3918	TCGA-44-3918	ZNF75D	LUAD_HC_TF	TESTED	CIS-BP2.00|000750|M07683_2.00	0.0298	0.13805939398078587	FALSE
patient	TCGA-44-6146	TCGA-44-6146	CEBPA	LUAD_LINEAGE_POSITIVE_CONTROL	TESTED	CIS-BP2.00|000926|M08076_2.00	0.1994	0.07977124770819116	FALSE
patient	TCGA-44-6146	TCGA-44-6146	CEBPB	LUAD_LINEAGE_POSITIVE_CONTROL	TESTED	JASPAR2024|000235|MA0466.4	0.0	0.4502082513061054	TRUE
patient	TCGA-44-6146	TCGA-44-6146	CREB3L2	LUAD_HC_TF	TESTED	JASPAR2024|000025|MA0608.1	0.1837	0.08090860903367585	FALSE
patient	TCGA-44-6146	TCGA-44-6146	E2F5	LUAD_HC_TF	TESTED	CIS-BP2.00|000940|M08109_2.00	0.6104	0.0366965974772987	FALSE
patient	TCGA-44-6146	TCGA-44-6146	ELF3	LUAD_HC_TF_AND_LINEAGE_POSITIVE_CONTROL	TESTED	CIS-BP2.00|000227|M03002_2.00	0.0	0.34131086320278853	TRUE
patient	TCGA-44-6146	TCGA-44-6146	ETV1	LUAD_HC_TF	TESTED	JASPAR2024|000311|MA0761.3	0.0454	0.9890643412138229	FALSE
patient	TCGA-44-6146	TCGA-44-6146	FOXA1	LUAD_LINEAGE_POSITIVE_CONTROL	TESTED	CIS-BP2.00|000890|M07960_2.00	0.0011	0.1882948855931834	FALSE
patient	TCGA-44-6146	TCGA-44-6146	FOXA2	LUAD_LINEAGE_POSITIVE_CONTROL	TESTED	CIS-BP2.00|000889|M07959_2.00	0.1136	0.09956414575226563	FALSE
patient	TCGA-44-6146	TCGA-44-6146	FOXA3	LUAD_HC_TF	TESTED	CIS-BP2.00|000469|M04831_2.00	0.0	0.7528179317298437	TRUE
patient	TCGA-44-6146	TCGA-44-6146	FOXD2	LUAD_HC_TF	TESTED	JASPAR2024|000361|MA0847.4	0.1513	0.08992341784529363	FALSE
patient	TCGA-44-6146	TCGA-44-6146	GATA6	LUAD_LINEAGE_POSITIVE_CONTROL	TESTED	CIS-BP2.00|000947|M08124_2.00	1.0	-0.08074817680498235	FALSE
patient	TCGA-44-6146	TCGA-44-6146	HNF4A	LUAD_LINEAGE_POSITIVE_CONTROL	TESTED	JASPAR2024|000409|MA1494.2	0.3906	0.07691983632324136	FALSE
patient	TCGA-44-6146	TCGA-44-6146	NFATC4	LUAD_HC_TF	TESTED	JASPAR2024|000506|MA1525.3	0.0489	0.132782216767101	FALSE
patient	TCGA-44-6146	TCGA-44-6146	NKX2-1	LUAD_LINEAGE_POSITIVE_CONTROL	TESTED	JASPAR2024|000822|MA1994.2	1.0	-0.07500366984956724	FALSE
patient	TCGA-44-6146	TCGA-44-6146	NR3C2	LUAD_HC_TF	TESTED	JASPAR2024|000539|MA0727.2	0.4052	0.09241573341689138	FALSE
patient	TCGA-44-6146	TCGA-44-6146	XBP1	LUAD_HC_TF	TESTED	JASPAR2024|000675|MA0844.2	0.0598	0.11553842799128068	FALSE
patient	TCGA-44-6146	TCGA-44-6146	ZBTB18	LUAD_HC_TF	TESTED	CIS-BP2.00|000988|M08257_2.00	0.9996	-0.05012070355026191	FALSE
patient	TCGA-44-6146	TCGA-44-6146	ZNF141	LUAD_HC_TF	TESTED	CIS-BP2.00|000653|M07586_2.00	0.1938	0.08946014225728895	FALSE
patient	TCGA-44-6146	TCGA-44-6146	ZNF19	LUAD_HC_TF	TESTED	CIS-BP2.00|000670|M07603_2.00	0.3123	0.6312811324434712	FALSE
patient	TCGA-44-6146	TCGA-44-6146	ZNF254	LUAD_HC_TF	TESTED	CIS-BP2.00|000827|M07760_2.00	1.0	-0.14055930477761752	FALSE
patient	TCGA-44-6146	TCGA-44-6146	ZNF281	LUAD_HC_TF	TESTED	JASPAR2024|000706|MA1630.3	1.0	-0.07166809031816934	FALSE
patient	TCGA-44-6146	TCGA-44-6146	ZNF33A	LUAD_HC_TF	TESTED	CIS-BP2.00|000762|M07695_2.00	0.166	0.1608225450613775	FALSE
patient	TCGA-44-6146	TCGA-44-6146	ZNF33B	LUAD_HC_TF	TESTED	CIS-BP2.00|000777|M07710_2.00	0.3978	0.05048739120388672	FALSE
patient	TCGA-44-6146	TCGA-44-6146	ZNF341	LUAD_HC_TF	TESTED	CIS-BP2.00|001017|M08310_2.00	0.1102	3.775307778856179	FALSE
patient	TCGA-44-6146	TCGA-44-6146	ZNF444	LUAD_HC_TF	TESTED	CIS-BP2.00|000420|M04529_2.00	0.0008	0.19793631951185875	FALSE
patient	TCGA-44-6146	TCGA-44-6146	ZNF540	LUAD_HC_TF	TESTED	CIS-BP2.00|000701|M07634_2.00	0.7382	0.008278059775922633	FALSE
patient	TCGA-44-6146	TCGA-44-6146	ZNF75D	LUAD_HC_TF	TESTED	CIS-BP2.00|000750|M07683_2.00	0.7607	0.0051990857718286695	FALSE
patient	TCGA-44-A47F	TCGA-44-A47F	CEBPA	LUAD_LINEAGE_POSITIVE_CONTROL	TESTED	CIS-BP2.00|000926|M08076_2.00	0.1356	0.0947782315438651	FALSE
patient	TCGA-44-A47F	TCGA-44-A47F	CEBPB	LUAD_LINEAGE_POSITIVE_CONTROL	TESTED	JASPAR2024|000235|MA0466.4	0.0	0.45477525959922915	TRUE
patient	TCGA-44-A47F	TCGA-44-A47F	CREB3L2	LUAD_HC_TF	TESTED	CIS-BP2.00|000117|M01812_2.00	0.2156	0.07678085498346103	FALSE
patient	TCGA-44-A47F	TCGA-44-A47F	E2F5	LUAD_HC_TF	TESTED	CIS-BP2.00|000940|M08109_2.00	0.909	-0.018269861412933876	FALSE
patient	TCGA-44-A47F	TCGA-44-A47F	ELF3	LUAD_HC_TF_AND_LINEAGE_POSITIVE_CONTROL	TESTED	CIS-BP2.00|000227|M03002_2.00	0.0	0.3120383646976676	TRUE
patient	TCGA-44-A47F	TCGA-44-A47F	ETV1	LUAD_HC_TF	TESTED	JASPAR2024|000311|MA0761.3	0.4611	0.3255052011715358	FALSE
patient	TCGA-44-A47F	TCGA-44-A47F	FOXA1	LUAD_LINEAGE_POSITIVE_CONTROL	TESTED	CIS-BP2.00|000890|M07960_2.00	0.3727	0.05492279749652556	FALSE
patient	TCGA-44-A47F	TCGA-44-A47F	FOXA2	LUAD_LINEAGE_POSITIVE_CONTROL	TESTED	CIS-BP2.00|000889|M07959_2.00	0.4771	0.04337574076577082	FALSE
patient	TCGA-44-A47F	TCGA-44-A47F	FOXA3	LUAD_HC_TF	TESTED	CIS-BP2.00|000469|M04831_2.00	0.0	0.8728398639738162	TRUE
patient	TCGA-44-A47F	TCGA-44-A47F	FOXD2	LUAD_HC_TF	TESTED	JASPAR2024|000361|MA0847.4	0.3439	0.060417527784516076	FALSE
patient	TCGA-44-A47F	TCGA-44-A47F	GATA6	LUAD_LINEAGE_POSITIVE_CONTROL	TESTED	CIS-BP2.00|000947|M08124_2.00	1.0	-0.10523755775072367	FALSE
patient	TCGA-44-A47F	TCGA-44-A47F	HNF4A	LUAD_LINEAGE_POSITIVE_CONTROL	TESTED	JASPAR2024|000410|MA0114.5	0.4054	0.13881274302985566	FALSE
patient	TCGA-44-A47F	TCGA-44-A47F	NFATC4	LUAD_HC_TF	TESTED	JASPAR2024|000506|MA1525.3	0.1985	0.08739383977767867	FALSE
patient	TCGA-44-A47F	TCGA-44-A47F	NKX2-1	LUAD_LINEAGE_POSITIVE_CONTROL	TESTED	JASPAR2024|000822|MA1994.2	0.6255	0.06175541003776712	FALSE
patient	TCGA-44-A47F	TCGA-44-A47F	NR3C2	LUAD_HC_TF	TESTED	JASPAR2024|000539|MA0727.2	0.8605	-0.008304862391935376	FALSE
patient	TCGA-44-A47F	TCGA-44-A47F	XBP1	LUAD_HC_TF	TESTED	JASPAR2024|000675|MA0844.2	0.0023	0.17725641290599395	FALSE
patient	TCGA-44-A47F	TCGA-44-A47F	ZBTB18	LUAD_HC_TF	TESTED	CIS-BP2.00|000988|M08257_2.00	0.8993	-0.015500266086913671	FALSE
patient	TCGA-44-A47F	TCGA-44-A47F	ZNF141	LUAD_HC_TF	TESTED	CIS-BP2.00|000653|M07586_2.00	0.1944	0.0904200599499127	FALSE
patient	TCGA-44-A47F	TCGA-44-A47F	ZNF19	LUAD_HC_TF	TESTED	CIS-BP2.00|000670|M07603_2.00	0.515	0.3601719553735606	FALSE
patient	TCGA-44-A47F	TCGA-44-A47F	ZNF254	LUAD_HC_TF	TESTED	CIS-BP2.00|000827|M07760_2.00	1.0	-0.34193490843807484	FALSE
patient	TCGA-44-A47F	TCGA-44-A47F	ZNF281	LUAD_HC_TF	TESTED	JASPAR2024|000706|MA1630.3	0.6641	0.0263115547849886	FALSE
patient	TCGA-44-A47F	TCGA-44-A47F	ZNF33A	LUAD_HC_TF	TESTED	CIS-BP2.00|000762|M07695_2.00	0.6225	0.04501165518372498	FALSE
patient	TCGA-44-A47F	TCGA-44-A47F	ZNF33B	LUAD_HC_TF	TESTED	CIS-BP2.00|000777|M07710_2.00	0.9993	-0.036153817936382567	FALSE
patient	TCGA-44-A47F	TCGA-44-A47F	ZNF341	LUAD_HC_TF	TESTED	CIS-BP2.00|001017|M08310_2.00	0.4418	1.1263736482176219	FALSE
patient	TCGA-44-A47F	TCGA-44-A47F	ZNF444	LUAD_HC_TF	TESTED	CIS-BP2.00|000420|M04529_2.00	0.0	0.23635417770440062	TRUE
patient	TCGA-44-A47F	TCGA-44-A47F	ZNF540	LUAD_HC_TF	TESTED	CIS-BP2.00|000701|M07634_2.00	1.0	-0.09120956832035222	FALSE
patient	TCGA-44-A47F	TCGA-44-A47F	ZNF75D	LUAD_HC_TF	TESTED	JASPAR2024|000169|MA1601.2	0.5148	0.04075167830391199	FALSE
patient	TCGA-49-AARO	TCGA-49-AARO	CEBPA	LUAD_LINEAGE_POSITIVE_CONTROL	TESTED	JASPAR2024|000234|MA0102.5	0.4668	0.050591828842925	FALSE
patient	TCGA-49-AARO	TCGA-49-AARO	CEBPB	LUAD_LINEAGE_POSITIVE_CONTROL	TESTED	JASPAR2024|000235|MA0466.4	0.0183	0.27347771773260465	FALSE
patient	TCGA-49-AARO	TCGA-49-AARO	CREB3L2	LUAD_HC_TF	TESTED	JASPAR2024|000025|MA0608.1	0.0002	0.20732086177753092	FALSE
patient	TCGA-49-AARO	TCGA-49-AARO	E2F5	LUAD_HC_TF	TESTED	CIS-BP2.00|000940|M08109_2.00	1.0	-0.05999339805784648	FALSE
patient	TCGA-49-AARO	TCGA-49-AARO	ELF3	LUAD_HC_TF_AND_LINEAGE_POSITIVE_CONTROL	TESTED	CIS-BP2.00|000227|M03002_2.00	0.0	0.41143420417465104	TRUE
patient	TCGA-49-AARO	TCGA-49-AARO	ETV1	LUAD_HC_TF	TESTED	JASPAR2024|000311|MA0761.3	0.1782	0.6823258003905132	FALSE
patient	TCGA-49-AARO	TCGA-49-AARO	FOXA1	LUAD_LINEAGE_POSITIVE_CONTROL	TESTED	CIS-BP2.00|000890|M07960_2.00	0.0001	0.21253466442133537	FALSE
patient	TCGA-49-AARO	TCGA-49-AARO	FOXA2	LUAD_LINEAGE_POSITIVE_CONTROL	TESTED	CIS-BP2.00|000889|M07959_2.00	0.0177	0.1434832358884995	FALSE
patient	TCGA-49-AARO	TCGA-49-AARO	FOXA3	LUAD_HC_TF	TESTED	CIS-BP2.00|000469|M04831_2.00	0.0	1.107801284597225	TRUE
patient	TCGA-49-AARO	TCGA-49-AARO	FOXD2	LUAD_HC_TF	TESTED	JASPAR2024|000361|MA0847.4	0.0062	0.1628130165145337	FALSE
patient	TCGA-49-AARO	TCGA-49-AARO	GATA6	LUAD_LINEAGE_POSITIVE_CONTROL	TESTED	JASPAR2024|000382|MA1104.3	1.0	-0.0648406846549099	FALSE
patient	TCGA-49-AARO	TCGA-49-AARO	HNF4A	LUAD_LINEAGE_POSITIVE_CONTROL	TESTED	JASPAR2024|000409|MA1494.2	0.6416	0.03719936241477704	FALSE
patient	TCGA-49-AARO	TCGA-49-AARO	NFATC4	LUAD_HC_TF	TESTED	JASPAR2024|000506|MA1525.3	0.1628	0.09619407732156034	FALSE
patient	TCGA-49-AARO	TCGA-49-AARO	NKX2-1	LUAD_LINEAGE_POSITIVE_CONTROL	TESTED	JASPAR2024|000822|MA1994.2	0.5418	0.09502022943692763	FALSE
patient	TCGA-49-AARO	TCGA-49-AARO	NR3C2	LUAD_HC_TF	TESTED	JASPAR2024|000539|MA0727.2	0.4569	0.09083919895573173	FALSE
patient	TCGA-49-AARO	TCGA-49-AARO	XBP1	LUAD_HC_TF	TESTED	JASPAR2024|000675|MA0844.2	0.0027	0.1714409810253378	FALSE
patient	TCGA-49-AARO	TCGA-49-AARO	ZBTB18	LUAD_HC_TF	TESTED	JASPAR2024|000681|MA0698.2	0.4952	0.04145690921838847	FALSE
patient	TCGA-49-AARO	TCGA-49-AARO	ZNF141	LUAD_HC_TF	TESTED	CIS-BP2.00|000653|M07586_2.00	0.4369	0.054585791953524684	FALSE
patient	TCGA-49-AARO	TCGA-49-AARO	ZNF19	LUAD_HC_TF	TESTED	CIS-BP2.00|000670|M07603_2.00	0.5076	0.4336000908514634	FALSE
patient	TCGA-49-AARO	TCGA-49-AARO	ZNF254	LUAD_HC_TF	TESTED	CIS-BP2.00|000827|M07760_2.00	1.0	-0.18859820786452028	FALSE
patient	TCGA-49-AARO	TCGA-49-AARO	ZNF281	LUAD_HC_TF	TESTED	JASPAR2024|000706|MA1630.3	0.9742	-0.03166289925064458	FALSE
patient	TCGA-49-AARO	TCGA-49-AARO	ZNF33A	LUAD_HC_TF	TESTED	CIS-BP2.00|000762|M07695_2.00	0.3505	0.10915484356079602	FALSE
patient	TCGA-49-AARO	TCGA-49-AARO	ZNF33B	LUAD_HC_TF	TESTED	CIS-BP2.00|000777|M07710_2.00	0.7961	0.004904227767264775	FALSE
patient	TCGA-49-AARO	TCGA-49-AARO	ZNF341	LUAD_HC_TF	TESTED	JASPAR2024|000712|MA1655.2	0.2493	2.69256498318475	FALSE
patient	TCGA-49-AARO	TCGA-49-AARO	ZNF444	LUAD_HC_TF	TESTED	CIS-BP2.00|000420|M04529_2.00	0.0001	0.2301066290047021	FALSE
patient	TCGA-49-AARO	TCGA-49-AARO	ZNF540	LUAD_HC_TF	TESTED	CIS-BP2.00|000701|M07634_2.00	1.0	-0.052115355431077315	FALSE
patient	TCGA-49-AARO	TCGA-49-AARO	ZNF75D	LUAD_HC_TF	TESTED	CIS-BP2.00|000750|M07683_2.00	0.7455	0.01197706489684253	FALSE
patient	TCGA-4B-A93V	TCGA-4B-A93V	CEBPA	LUAD_LINEAGE_POSITIVE_CONTROL	TESTED	CIS-BP2.00|000926|M08076_2.00	0.0412	0.13107971127255455	FALSE
patient	TCGA-4B-A93V	TCGA-4B-A93V	CEBPB	LUAD_LINEAGE_POSITIVE_CONTROL	TESTED	JASPAR2024|000235|MA0466.4	0.0039	0.33251430338935917	FALSE
patient	TCGA-4B-A93V	TCGA-4B-A93V	CREB3L2	LUAD_HC_TF	TESTED	CIS-BP2.00|000117|M01812_2.00	0.054	0.12150359261230853	FALSE
patient	TCGA-4B-A93V	TCGA-4B-A93V	E2F5	LUAD_HC_TF	TESTED	CIS-BP2.00|000940|M08109_2.00	1.0	-0.12328840812826983	FALSE
patient	TCGA-4B-A93V	TCGA-4B-A93V	ELF3	LUAD_HC_TF_AND_LINEAGE_POSITIVE_CONTROL	TESTED	CIS-BP2.00|000227|M03002_2.00	0.0	0.38069399617277183	TRUE
patient	TCGA-4B-A93V	TCGA-4B-A93V	ETV1	LUAD_HC_TF	TESTED	CIS-BP2.00|000457|M04708_2.00	0.1623	1.1795704937500973	FALSE
patient	TCGA-4B-A93V	TCGA-4B-A93V	FOXA1	LUAD_LINEAGE_POSITIVE_CONTROL	TESTED	CIS-BP2.00|000890|M07960_2.00	0.0144	0.14955371607463952	FALSE
patient	TCGA-4B-A93V	TCGA-4B-A93V	FOXA2	LUAD_LINEAGE_POSITIVE_CONTROL	TESTED	CIS-BP2.00|000889|M07959_2.00	0.0582	0.1222898342778964	FALSE
patient	TCGA-4B-A93V	TCGA-4B-A93V	FOXA3	LUAD_HC_TF	TESTED	CIS-BP2.00|000469|M04831_2.00	0.0	0.8567880018626842	TRUE
patient	TCGA-4B-A93V	TCGA-4B-A93V	FOXD2	LUAD_HC_TF	TESTED	JASPAR2024|000361|MA0847.4	0.0002	0.21407335000491498	FALSE
patient	TCGA-4B-A93V	TCGA-4B-A93V	GATA6	LUAD_LINEAGE_POSITIVE_CONTROL	TESTED	JASPAR2024|000382|MA1104.3	1.0	-0.08143030732344254	FALSE
patient	TCGA-4B-A93V	TCGA-4B-A93V	HNF4A	LUAD_LINEAGE_POSITIVE_CONTROL	TESTED	JASPAR2024|000410|MA0114.5	0.9352	-0.01503643715147706	FALSE
patient	TCGA-4B-A93V	TCGA-4B-A93V	NFATC4	LUAD_HC_TF	TESTED	JASPAR2024|000506|MA1525.3	0.0247	0.1513773740918564	FALSE
patient	TCGA-4B-A93V	TCGA-4B-A93V	NKX2-1	LUAD_LINEAGE_POSITIVE_CONTROL	TESTED	JASPAR2024|000822|MA1994.2	1.0	-0.05553701061989415	FALSE
patient	TCGA-4B-A93V	TCGA-4B-A93V	NR3C2	LUAD_HC_TF	TESTED	JASPAR2024|000539|MA0727.2	0.9312	-0.0005190263349564039	FALSE
patient	TCGA-4B-A93V	TCGA-4B-A93V	XBP1	LUAD_HC_TF	TESTED	JASPAR2024|000675|MA0844.2	0.003	0.17507167799600357	FALSE
patient	TCGA-4B-A93V	TCGA-4B-A93V	ZBTB18	LUAD_HC_TF	TESTED	JASPAR2024|000681|MA0698.2	0.6714	0.031310183666145006	FALSE
patient	TCGA-4B-A93V	TCGA-4B-A93V	ZNF141	LUAD_HC_TF	TESTED	CIS-BP2.00|000653|M07586_2.00	1.0	-0.04812866647931586	FALSE
patient	TCGA-4B-A93V	TCGA-4B-A93V	ZNF19	LUAD_HC_TF	TESTED	CIS-BP2.00|000670|M07603_2.00	0.2545	0.5674582848149266	FALSE
patient	TCGA-4B-A93V	TCGA-4B-A93V	ZNF254	LUAD_HC_TF	TESTED	CIS-BP2.00|000827|M07760_2.00	1.0	-0.17787412691816745	FALSE
patient	TCGA-4B-A93V	TCGA-4B-A93V	ZNF281	LUAD_HC_TF	TESTED	JASPAR2024|000706|MA1630.3	1.0	-0.11596016498114116	FALSE
patient	TCGA-4B-A93V	TCGA-4B-A93V	ZNF33A	LUAD_HC_TF	TESTED	CIS-BP2.00|000762|M07695_2.00	0.8877	0.004292903318195774	FALSE
patient	TCGA-4B-A93V	TCGA-4B-A93V	ZNF33B	LUAD_HC_TF	TESTED	CIS-BP2.00|000777|M07710_2.00	1.0	-0.10350861376959114	FALSE
patient	TCGA-4B-A93V	TCGA-4B-A93V	ZNF341	LUAD_HC_TF	TESTED	CIS-BP2.00|001017|M08310_2.00	1.0	-0.38263150888467085	FALSE
patient	TCGA-4B-A93V	TCGA-4B-A93V	ZNF444	LUAD_HC_TF	TESTED	CIS-BP2.00|000420|M04529_2.00	0.0016	0.1895437047767629	FALSE
patient	TCGA-4B-A93V	TCGA-4B-A93V	ZNF540	LUAD_HC_TF	TESTED	CIS-BP2.00|000701|M07634_2.00	0.7821	0.021002593027210813	FALSE
patient	TCGA-4B-A93V	TCGA-4B-A93V	ZNF75D	LUAD_HC_TF	TESTED	JASPAR2024|000169|MA1601.2	0.968	-0.010242852335380019	FALSE
patient	TCGA-73-A9RS	TCGA-73-A9RS	CEBPA	LUAD_LINEAGE_POSITIVE_CONTROL	TESTED	CIS-BP2.00|000926|M08076_2.00	0.226	0.08197192578555336	FALSE
patient	TCGA-73-A9RS	TCGA-73-A9RS	CEBPB	LUAD_LINEAGE_POSITIVE_CONTROL	TESTED	JASPAR2024|000235|MA0466.4	0.0	0.4386853011548801	TRUE
patient	TCGA-73-A9RS	TCGA-73-A9RS	CREB3L2	LUAD_HC_TF	TESTED	CIS-BP2.00|000117|M01812_2.00	0.0312	0.13175431854841327	FALSE
patient	TCGA-73-A9RS	TCGA-73-A9RS	E2F5	LUAD_HC_TF	TESTED	CIS-BP2.00|000940|M08109_2.00	1.0	-0.10486271555944458	FALSE
patient	TCGA-73-A9RS	TCGA-73-A9RS	ELF3	LUAD_HC_TF_AND_LINEAGE_POSITIVE_CONTROL	TESTED	CIS-BP2.00|000227|M03002_2.00	0.0	0.3323048687068957	TRUE
patient	TCGA-73-A9RS	TCGA-73-A9RS	ETV1	LUAD_HC_TF	TESTED	JASPAR2024|000652|MA1966.2	0.8188	0.039882252727593104	FALSE
patient	TCGA-73-A9RS	TCGA-73-A9RS	FOXA1	LUAD_LINEAGE_POSITIVE_CONTROL	TESTED	CIS-BP2.00|000890|M07960_2.00	0.023	0.13810970378702234	FALSE
patient	TCGA-73-A9RS	TCGA-73-A9RS	FOXA2	LUAD_LINEAGE_POSITIVE_CONTROL	TESTED	CIS-BP2.00|000889|M07959_2.00	0.3175	0.06841999101578572	FALSE
patient	TCGA-73-A9RS	TCGA-73-A9RS	FOXA3	LUAD_HC_TF	TESTED	CIS-BP2.00|000469|M04831_2.00	0.0	1.1050694427043004	TRUE
patient	TCGA-73-A9RS	TCGA-73-A9RS	FOXD2	LUAD_HC_TF	TESTED	JASPAR2024|000361|MA0847.4	0.0009	0.19512498820232488	FALSE
patient	TCGA-73-A9RS	TCGA-73-A9RS	GATA6	LUAD_LINEAGE_POSITIVE_CONTROL	TESTED	CIS-BP2.00|000947|M08124_2.00	1.0	-0.07813771054781438	FALSE
patient	TCGA-73-A9RS	TCGA-73-A9RS	HNF4A	LUAD_LINEAGE_POSITIVE_CONTROL	TESTED	JASPAR2024|000409|MA1494.2	0.9757	-0.022606844050455484	FALSE
patient	TCGA-73-A9RS	TCGA-73-A9RS	NFATC4	LUAD_HC_TF	TESTED	JASPAR2024|000506|MA1525.3	0.2656	0.08182967580040486	FALSE
patient	TCGA-73-A9RS	TCGA-73-A9RS	NKX2-1	LUAD_LINEAGE_POSITIVE_CONTROL	TESTED	JASPAR2024|000822|MA1994.2	1.0	-0.09612542482144108	FALSE
patient	TCGA-73-A9RS	TCGA-73-A9RS	NR3C2	LUAD_HC_TF	TESTED	JASPAR2024|000539|MA0727.2	0.3661	0.11738584537202375	FALSE
patient	TCGA-73-A9RS	TCGA-73-A9RS	XBP1	LUAD_HC_TF	TESTED	CIS-BP2.00|000375|M04231_2.00	0.0064	0.3092187453228413	FALSE
patient	TCGA-73-A9RS	TCGA-73-A9RS	ZBTB18	LUAD_HC_TF	TESTED	JASPAR2024|000681|MA0698.2	0.3142	0.06876629091981495	FALSE
patient	TCGA-73-A9RS	TCGA-73-A9RS	ZNF141	LUAD_HC_TF	TESTED	CIS-BP2.00|000653|M07586_2.00	0.1552	0.10428405819475738	FALSE
patient	TCGA-73-A9RS	TCGA-73-A9RS	ZNF19	LUAD_HC_TF	TESTED	CIS-BP2.00|000670|M07603_2.00	0.2146	0.8831855743059492	FALSE
patient	TCGA-73-A9RS	TCGA-73-A9RS	ZNF254	LUAD_HC_TF	TESTED	CIS-BP2.00|000827|M07760_2.00	1.0	-0.1261395759246981	FALSE
patient	TCGA-73-A9RS	TCGA-73-A9RS	ZNF281	LUAD_HC_TF	TESTED	JASPAR2024|000706|MA1630.3	1.0	-0.027012680579712595	FALSE
patient	TCGA-73-A9RS	TCGA-73-A9RS	ZNF33A	LUAD_HC_TF	TESTED	CIS-BP2.00|000762|M07695_2.00	0.4675	0.08806963167240435	FALSE
patient	TCGA-73-A9RS	TCGA-73-A9RS	ZNF33B	LUAD_HC_TF	TESTED	CIS-BP2.00|000777|M07710_2.00	1.0	-0.031378601405072565	FALSE
patient	TCGA-73-A9RS	TCGA-73-A9RS	ZNF341	LUAD_HC_TF	TESTED	JASPAR2024|000712|MA1655.2	0.2798	2.916348619356113	FALSE
patient	TCGA-73-A9RS	TCGA-73-A9RS	ZNF444	LUAD_HC_TF	TESTED	CIS-BP2.00|000420|M04529_2.00	0.0026	0.17974672361840177	FALSE
patient	TCGA-73-A9RS	TCGA-73-A9RS	ZNF540	LUAD_HC_TF	TESTED	CIS-BP2.00|000701|M07634_2.00	1.0	-0.03760222034630299	FALSE
patient	TCGA-73-A9RS	TCGA-73-A9RS	ZNF75D	LUAD_HC_TF	TESTED	CIS-BP2.00|000750|M07683_2.00	0.3142	0.07016004044155918	FALSE
patient	TCGA-86-A4D0	TCGA-86-A4D0	CEBPA	LUAD_LINEAGE_POSITIVE_CONTROL	TESTED	JASPAR2024|000234|MA0102.5	0.0388	0.14291530013453202	FALSE
patient	TCGA-86-A4D0	TCGA-86-A4D0	CEBPB	LUAD_LINEAGE_POSITIVE_CONTROL	TESTED	CIS-BP2.00|000866|M07830_2.00	0.127	0.09529977821065228	FALSE
patient	TCGA-86-A4D0	TCGA-86-A4D0	CREB3L2	LUAD_HC_TF	TESTED	CIS-BP2.00|000117|M01812_2.00	0.0335	0.13032459436994245	FALSE
patient	TCGA-86-A4D0	TCGA-86-A4D0	E2F5	LUAD_HC_TF	TESTED	CIS-BP2.00|000940|M08109_2.00	1.0	-0.18444856546949773	FALSE
patient	TCGA-86-A4D0	TCGA-86-A4D0	ELF3	LUAD_HC_TF_AND_LINEAGE_POSITIVE_CONTROL	TESTED	CIS-BP2.00|000227|M03002_2.00	0.0	0.29849709524187873	TRUE
patient	TCGA-86-A4D0	TCGA-86-A4D0	ETV1	LUAD_HC_TF	TESTED	JASPAR2024|000311|MA0761.3	0.1058	0.6155315924401336	FALSE
patient	TCGA-86-A4D0	TCGA-86-A4D0	FOXA1	LUAD_LINEAGE_POSITIVE_CONTROL	TESTED	CIS-BP2.00|000890|M07960_2.00	0.0252	0.1375184845129948	FALSE
patient	TCGA-86-A4D0	TCGA-86-A4D0	FOXA2	LUAD_LINEAGE_POSITIVE_CONTROL	TESTED	CIS-BP2.00|000889|M07959_2.00	0.0706	0.1151514388004426	FALSE
patient	TCGA-86-A4D0	TCGA-86-A4D0	FOXA3	LUAD_HC_TF	TESTED	CIS-BP2.00|000469|M04831_2.00	0.0	0.9772579012703753	TRUE
patient	TCGA-86-A4D0	TCGA-86-A4D0	FOXD2	LUAD_HC_TF	TESTED	JASPAR2024|000361|MA0847.4	0.0791	0.11350008389061964	FALSE
patient	TCGA-86-A4D0	TCGA-86-A4D0	GATA6	LUAD_LINEAGE_POSITIVE_CONTROL	TESTED	JASPAR2024|000382|MA1104.3	1.0	-0.0714166227015828	FALSE
patient	TCGA-86-A4D0	TCGA-86-A4D0	HNF4A	LUAD_LINEAGE_POSITIVE_CONTROL	TESTED	JASPAR2024|000410|MA0114.5	0.2031	0.20714593007482499	FALSE
patient	TCGA-86-A4D0	TCGA-86-A4D0	NFATC4	LUAD_HC_TF	TESTED	JASPAR2024|000506|MA1525.3	0.0001	0.24447930115560843	FALSE
patient	TCGA-86-A4D0	TCGA-86-A4D0	NKX2-1	LUAD_LINEAGE_POSITIVE_CONTROL	TESTED	JASPAR2024|000822|MA1994.2	0.2428	0.17142599766401448	FALSE
patient	TCGA-86-A4D0	TCGA-86-A4D0	NR3C2	LUAD_HC_TF	TESTED	JASPAR2024|000539|MA0727.2	0.3806	0.1115412037646551	FALSE
patient	TCGA-86-A4D0	TCGA-86-A4D0	XBP1	LUAD_HC_TF	TESTED	JASPAR2024|000675|MA0844.2	0.1084	0.10027682237124862	FALSE
patient	TCGA-86-A4D0	TCGA-86-A4D0	ZBTB18	LUAD_HC_TF	TESTED	JASPAR2024|000681|MA0698.2	0.6043	0.030740855024714586	FALSE
patient	TCGA-86-A4D0	TCGA-86-A4D0	ZNF141	LUAD_HC_TF	TESTED	CIS-BP2.00|000653|M07586_2.00	0.3624	0.06408091340738065	FALSE
patient	TCGA-86-A4D0	TCGA-86-A4D0	ZNF19	LUAD_HC_TF	TESTED	CIS-BP2.00|000670|M07603_2.00	0.0913	0.7642956038794824	FALSE
patient	TCGA-86-A4D0	TCGA-86-A4D0	ZNF254	LUAD_HC_TF	TESTED	CIS-BP2.00|000827|M07760_2.00	1.0	-0.22315917468601346	FALSE
patient	TCGA-86-A4D0	TCGA-86-A4D0	ZNF281	LUAD_HC_TF	TESTED	JASPAR2024|000706|MA1630.3	1.0	-0.1348854777808036	FALSE
patient	TCGA-86-A4D0	TCGA-86-A4D0	ZNF33A	LUAD_HC_TF	TESTED	CIS-BP2.00|000762|M07695_2.00	0.1778	0.14729421700263684	FALSE
patient	TCGA-86-A4D0	TCGA-86-A4D0	ZNF33B	LUAD_HC_TF	TESTED	CIS-BP2.00|000777|M07710_2.00	0.7417	0.013429114340577173	FALSE
patient	TCGA-86-A4D0	TCGA-86-A4D0	ZNF341	LUAD_HC_TF	TESTED	JASPAR2024|000712|MA1655.2	1.0	-0.8311403096679647	FALSE
patient	TCGA-86-A4D0	TCGA-86-A4D0	ZNF444	LUAD_HC_TF	TESTED	CIS-BP2.00|000420|M04529_2.00	0.0457	0.12833780099866388	FALSE
patient	TCGA-86-A4D0	TCGA-86-A4D0	ZNF540	LUAD_HC_TF	TESTED	CIS-BP2.00|000701|M07634_2.00	0.7435	0.01567648964588433	FALSE
patient	TCGA-86-A4D0	TCGA-86-A4D0	ZNF75D	LUAD_HC_TF	TESTED	CIS-BP2.00|000750|M07683_2.00	0.2353	0.0775845712173318	FALSE
patient	TCGA-86-A4P7	TCGA-86-A4P7	CEBPA	LUAD_LINEAGE_POSITIVE_CONTROL	TESTED	CIS-BP2.00|000926|M08076_2.00	0.1881	0.08387531388585209	FALSE
patient	TCGA-86-A4P7	TCGA-86-A4P7	CEBPB	LUAD_LINEAGE_POSITIVE_CONTROL	TESTED	JASPAR2024|000235|MA0466.4	0.0327	0.2563561991299203	FALSE
patient	TCGA-86-A4P7	TCGA-86-A4P7	CREB3L2	LUAD_HC_TF	TESTED	CIS-BP2.00|000117|M01812_2.00	0.2093	0.07729485145869928	FALSE
patient	TCGA-86-A4P7	TCGA-86-A4P7	E2F5	LUAD_HC_TF	TESTED	CIS-BP2.00|000940|M08109_2.00	0.792	0.011717847238882884	FALSE
patient	TCGA-86-A4P7	TCGA-86-A4P7	ELF3	LUAD_HC_TF_AND_LINEAGE_POSITIVE_CONTROL	TESTED	CIS-BP2.00|000227|M03002_2.00	0.0	0.3692906988900879	TRUE
patient	TCGA-86-A4P7	TCGA-86-A4P7	ETV1	LUAD_HC_TF	TESTED	JASPAR2024|000311|MA0761.3	0.5093	0.2857362849287901	FALSE
patient	TCGA-86-A4P7	TCGA-86-A4P7	FOXA1	LUAD_LINEAGE_POSITIVE_CONTROL	TESTED	CIS-BP2.00|000890|M07960_2.00	0.0	0.24668018887572588	TRUE
patient	TCGA-86-A4P7	TCGA-86-A4P7	FOXA2	LUAD_LINEAGE_POSITIVE_CONTROL	TESTED	CIS-BP2.00|000889|M07959_2.00	0.0	0.23731274622973686	TRUE
patient	TCGA-86-A4P7	TCGA-86-A4P7	FOXA3	LUAD_HC_TF	TESTED	CIS-BP2.00|000469|M04831_2.00	0.0	0.7379991139998837	TRUE
patient	TCGA-86-A4P7	TCGA-86-A4P7	FOXD2	LUAD_HC_TF	TESTED	JASPAR2024|000361|MA0847.4	0.0139	0.15094067793037497	FALSE
patient	TCGA-86-A4P7	TCGA-86-A4P7	GATA6	LUAD_LINEAGE_POSITIVE_CONTROL	TESTED	JASPAR2024|000382|MA1104.3	0.7359	0.0188138822067084	FALSE
patient	TCGA-86-A4P7	TCGA-86-A4P7	HNF4A	LUAD_LINEAGE_POSITIVE_CONTROL	TESTED	CIS-BP2.00|000974|M08219_2.00	0.9964	-0.047752566379869035	FALSE
patient	TCGA-86-A4P7	TCGA-86-A4P7	NFATC4	LUAD_HC_TF	TESTED	JASPAR2024|000506|MA1525.3	0.0005	0.2169385323151418	FALSE
patient	TCGA-86-A4P7	TCGA-86-A4P7	NKX2-1	LUAD_LINEAGE_POSITIVE_CONTROL	TESTED	JASPAR2024|000822|MA1994.2	0.7413	0.0342756218426512	FALSE
patient	TCGA-86-A4P7	TCGA-86-A4P7	NR3C2	LUAD_HC_TF	TESTED	JASPAR2024|000539|MA0727.2	0.2179	0.14922689498496364	FALSE
patient	TCGA-86-A4P7	TCGA-86-A4P7	XBP1	LUAD_HC_TF	TESTED	JASPAR2024|000675|MA0844.2	0.0201	0.139964966691043	FALSE
patient	TCGA-86-A4P7	TCGA-86-A4P7	ZBTB18	LUAD_HC_TF	TESTED	JASPAR2024|000681|MA0698.2	0.9539	-0.017735717789184386	FALSE
patient	TCGA-86-A4P7	TCGA-86-A4P7	ZNF141	LUAD_HC_TF	TESTED	CIS-BP2.00|000653|M07586_2.00	1.0	-0.0366383950852254	FALSE
patient	TCGA-86-A4P7	TCGA-86-A4P7	ZNF19	LUAD_HC_TF	TESTED	CIS-BP2.00|000670|M07603_2.00	0.9515	-0.052516497474665365	FALSE
patient	TCGA-86-A4P7	TCGA-86-A4P7	ZNF254	LUAD_HC_TF	TESTED	CIS-BP2.00|000827|M07760_2.00	1.0	-0.15766519556047232	FALSE
patient	TCGA-86-A4P7	TCGA-86-A4P7	ZNF281	LUAD_HC_TF	TESTED	JASPAR2024|000706|MA1630.3	0.8254	0.0034712788772532804	FALSE
patient	TCGA-86-A4P7	TCGA-86-A4P7	ZNF33A	LUAD_HC_TF	TESTED	CIS-BP2.00|000762|M07695_2.00	0.4028	0.09211128876434217	FALSE
patient	TCGA-86-A4P7	TCGA-86-A4P7	ZNF33B	LUAD_HC_TF	TESTED	CIS-BP2.00|000777|M07710_2.00	0.9346	-0.014730357079966451	FALSE
patient	TCGA-86-A4P7	TCGA-86-A4P7	ZNF341	LUAD_HC_TF	TESTED	JASPAR2024|000712|MA1655.2	0.2466	2.7829516513059396	FALSE
patient	TCGA-86-A4P7	TCGA-86-A4P7	ZNF444	LUAD_HC_TF	TESTED	CIS-BP2.00|000420|M04529_2.00	0.0171	0.14809043931154528	FALSE
patient	TCGA-86-A4P7	TCGA-86-A4P7	ZNF540	LUAD_HC_TF	TESTED	CIS-BP2.00|000701|M07634_2.00	0.8373	0.00024433183194245094	FALSE
patient	TCGA-86-A4P7	TCGA-86-A4P7	ZNF75D	LUAD_HC_TF	TESTED	JASPAR2024|000169|MA1601.2	0.0692	0.12411940084460069	FALSE
patient	TCGA-86-A4P8	TCGA-86-A4P8	CEBPA	LUAD_LINEAGE_POSITIVE_CONTROL	TESTED	CIS-BP2.00|000926|M08076_2.00	0.4951	0.04868367386526141	FALSE
patient	TCGA-86-A4P8	TCGA-86-A4P8	CEBPB	LUAD_LINEAGE_POSITIVE_CONTROL	TESTED	JASPAR2024|000235|MA0466.4	0.0	0.5175681812840622	TRUE
patient	TCGA-86-A4P8	TCGA-86-A4P8	CREB3L2	LUAD_HC_TF	TESTED	CIS-BP2.00|000117|M01812_2.00	0.2853	0.07409613017053324	FALSE
patient	TCGA-86-A4P8	TCGA-86-A4P8	E2F5	LUAD_HC_TF	TESTED	CIS-BP2.00|000940|M08109_2.00	1.0	-0.05781461826892929	FALSE
patient	TCGA-86-A4P8	TCGA-86-A4P8	ELF3	LUAD_HC_TF_AND_LINEAGE_POSITIVE_CONTROL	TESTED	CIS-BP2.00|000227|M03002_2.00	0.0	0.27341523786875566	TRUE
patient	TCGA-86-A4P8	TCGA-86-A4P8	ETV1	LUAD_HC_TF	TESTED	JASPAR2024|000311|MA0761.3	0.6264	0.2784941194079129	FALSE
patient	TCGA-86-A4P8	TCGA-86-A4P8	FOXA1	LUAD_LINEAGE_POSITIVE_CONTROL	TESTED	CIS-BP2.00|000890|M07960_2.00	0.0062	0.16513463376441162	FALSE
patient	TCGA-86-A4P8	TCGA-86-A4P8	FOXA2	LUAD_LINEAGE_POSITIVE_CONTROL	TESTED	CIS-BP2.00|000889|M07959_2.00	0.0643	0.12256779152483636	FALSE
patient	TCGA-86-A4P8	TCGA-86-A4P8	FOXA3	LUAD_HC_TF	TESTED	CIS-BP2.00|000469|M04831_2.00	0.0001	0.5742254012223971	FALSE
patient	TCGA-86-A4P8	TCGA-86-A4P8	FOXD2	LUAD_HC_TF	TESTED	JASPAR2024|000361|MA0847.4	0.4142	0.05905538105328149	FALSE
patient	TCGA-86-A4P8	TCGA-86-A4P8	GATA6	LUAD_LINEAGE_POSITIVE_CONTROL	TESTED	JASPAR2024|000382|MA1104.3	1.0	-0.0599130096154984	FALSE
patient	TCGA-86-A4P8	TCGA-86-A4P8	HNF4A	LUAD_LINEAGE_POSITIVE_CONTROL	TESTED	JASPAR2024|000410|MA0114.5	0.7718	0.049390926684817475	FALSE
patient	TCGA-86-A4P8	TCGA-86-A4P8	NFATC4	LUAD_HC_TF	TESTED	JASPAR2024|000506|MA1525.3	0.2061	0.0967073870078399	FALSE
patient	TCGA-86-A4P8	TCGA-86-A4P8	NKX2-1	LUAD_LINEAGE_POSITIVE_CONTROL	TESTED	JASPAR2024|000822|MA1994.2	0.7077	0.06129827341603435	FALSE
patient	TCGA-86-A4P8	TCGA-86-A4P8	NR3C2	LUAD_HC_TF	TESTED	JASPAR2024|000539|MA0727.2	0.92	-0.013918662150835896	FALSE
patient	TCGA-86-A4P8	TCGA-86-A4P8	XBP1	LUAD_HC_TF	TESTED	JASPAR2024|000675|MA0844.2	0.1346	0.10094335642322914	FALSE
patient	TCGA-86-A4P8	TCGA-86-A4P8	ZBTB18	LUAD_HC_TF	TESTED	JASPAR2024|000681|MA0698.2	0.9982	-0.01883657226203014	FALSE
patient	TCGA-86-A4P8	TCGA-86-A4P8	ZNF141	LUAD_HC_TF	TESTED	CIS-BP2.00|000653|M07586_2.00	0.3125	0.0792804218337603	FALSE
patient	TCGA-86-A4P8	TCGA-86-A4P8	ZNF19	LUAD_HC_TF	TESTED	CIS-BP2.00|000670|M07603_2.00	0.2469	0.7626519692201312	FALSE
patient	TCGA-86-A4P8	TCGA-86-A4P8	ZNF254	LUAD_HC_TF	TESTED	CIS-BP2.00|000827|M07760_2.00	1.0	-0.18910855888853023	FALSE
patient	TCGA-86-A4P8	TCGA-86-A4P8	ZNF281	LUAD_HC_TF	TESTED	JASPAR2024|000706|MA1630.3	1.0	-0.12208022794636753	FALSE
patient	TCGA-86-A4P8	TCGA-86-A4P8	ZNF33A	LUAD_HC_TF	TESTED	CIS-BP2.00|000762|M07695_2.00	0.5148	0.08243428938359633	FALSE
patient	TCGA-86-A4P8	TCGA-86-A4P8	ZNF33B	LUAD_HC_TF	TESTED	CIS-BP2.00|000777|M07710_2.00	0.8565	0.003383386804879003	FALSE
patient	TCGA-86-A4P8	TCGA-86-A4P8	ZNF341	LUAD_HC_TF	TESTED	JASPAR2024|000712|MA1655.2	0.8565	0.7553067260342269	FALSE
patient	TCGA-86-A4P8	TCGA-86-A4P8	ZNF444	LUAD_HC_TF	TESTED	CIS-BP2.00|000420|M04529_2.00	0.0011	0.19427743524697863	FALSE
patient	TCGA-86-A4P8	TCGA-86-A4P8	ZNF540	LUAD_HC_TF	TESTED	CIS-BP2.00|000701|M07634_2.00	1.0	-0.05489526018778231	FALSE
patient	TCGA-86-A4P8	TCGA-86-A4P8	ZNF75D	LUAD_HC_TF	TESTED	CIS-BP2.00|000750|M07683_2.00	0.414	0.0595916048385286	FALSE
patient	TCGA-91-A4BC	TCGA-91-A4BC	CEBPA	LUAD_LINEAGE_POSITIVE_CONTROL	TESTED	CIS-BP2.00|000926|M08076_2.00	0.3485	0.06381252904263976	FALSE
patient	TCGA-91-A4BC	TCGA-91-A4BC	CEBPB	LUAD_LINEAGE_POSITIVE_CONTROL	TESTED	JASPAR2024|000235|MA0466.4	0.0	0.44448724250221244	TRUE
patient	TCGA-91-A4BC	TCGA-91-A4BC	CREB3L2	LUAD_HC_TF	TESTED	CIS-BP2.00|000117|M01812_2.00	0.0006	0.19452471290353657	FALSE
patient	TCGA-91-A4BC	TCGA-91-A4BC	E2F5	LUAD_HC_TF	TESTED	CIS-BP2.00|000940|M08109_2.00	1.0	-0.09459712451920771	FALSE
patient	TCGA-91-A4BC	TCGA-91-A4BC	ELF3	LUAD_HC_TF_AND_LINEAGE_POSITIVE_CONTROL	TESTED	CIS-BP2.00|000227|M03002_2.00	0.0	0.3645757816115397	TRUE
patient	TCGA-91-A4BC	TCGA-91-A4BC	ETV1	LUAD_HC_TF	TESTED	JASPAR2024|000311|MA0761.3	0.0684	0.7561919913002658	FALSE
patient	TCGA-91-A4BC	TCGA-91-A4BC	FOXA1	LUAD_LINEAGE_POSITIVE_CONTROL	TESTED	CIS-BP2.00|000890|M07960_2.00	0.0016	0.18039840882704494	FALSE
patient	TCGA-91-A4BC	TCGA-91-A4BC	FOXA2	LUAD_LINEAGE_POSITIVE_CONTROL	TESTED	CIS-BP2.00|000889|M07959_2.00	0.1652	0.08973927013517881	FALSE
patient	TCGA-91-A4BC	TCGA-91-A4BC	FOXA3	LUAD_HC_TF	TESTED	CIS-BP2.00|000469|M04831_2.00	0.0	1.0232810366254368	TRUE
patient	TCGA-91-A4BC	TCGA-91-A4BC	FOXD2	LUAD_HC_TF	TESTED	JASPAR2024|000361|MA0847.4	0.0302	0.13306344948867846	FALSE
patient	TCGA-91-A4BC	TCGA-91-A4BC	GATA6	LUAD_LINEAGE_POSITIVE_CONTROL	TESTED	JASPAR2024|000382|MA1104.3	0.9701	-0.019704654073140333	FALSE
patient	TCGA-91-A4BC	TCGA-91-A4BC	HNF4A	LUAD_LINEAGE_POSITIVE_CONTROL	TESTED	JASPAR2024|000409|MA1494.2	0.5633	0.059833582549351526	FALSE
patient	TCGA-91-A4BC	TCGA-91-A4BC	NFATC4	LUAD_HC_TF	TESTED	JASPAR2024|000506|MA1525.3	0.2705	0.07734520047005754	FALSE
patient	TCGA-91-A4BC	TCGA-91-A4BC	NKX2-1	LUAD_LINEAGE_POSITIVE_CONTROL	TESTED	JASPAR2024|000822|MA1994.2	0.856	0.006341004243968753	FALSE
patient	TCGA-91-A4BC	TCGA-91-A4BC	NR3C2	LUAD_HC_TF	TESTED	JASPAR2024|000539|MA0727.2	0.1644	0.17219833609104843	FALSE
patient	TCGA-91-A4BC	TCGA-91-A4BC	XBP1	LUAD_HC_TF	TESTED	JASPAR2024|000675|MA0844.2	0.0085	0.15375134118701195	FALSE
patient	TCGA-91-A4BC	TCGA-91-A4BC	ZBTB18	LUAD_HC_TF	TESTED	CIS-BP2.00|000988|M08257_2.00	0.1602	0.13863949270362863	FALSE
patient	TCGA-91-A4BC	TCGA-91-A4BC	ZNF141	LUAD_HC_TF	TESTED	CIS-BP2.00|000653|M07586_2.00	0.5609	0.041052881951378885	FALSE
patient	TCGA-91-A4BC	TCGA-91-A4BC	ZNF19	LUAD_HC_TF	TESTED	CIS-BP2.00|000670|M07603_2.00	0.7643	0.07800707678439274	FALSE
patient	TCGA-91-A4BC	TCGA-91-A4BC	ZNF254	LUAD_HC_TF	TESTED	CIS-BP2.00|000827|M07760_2.00	1.0	-0.15304114863613588	FALSE
patient	TCGA-91-A4BC	TCGA-91-A4BC	ZNF281	LUAD_HC_TF	TESTED	CIS-BP2.00|001020|M08321_2.00	1.0	-0.15507463770342103	FALSE
patient	TCGA-91-A4BC	TCGA-91-A4BC	ZNF33A	LUAD_HC_TF	TESTED	CIS-BP2.00|000762|M07695_2.00	0.5339	0.06870218266458752	FALSE
patient	TCGA-91-A4BC	TCGA-91-A4BC	ZNF33B	LUAD_HC_TF	TESTED	CIS-BP2.00|000777|M07710_2.00	0.5036	0.045685562994560225	FALSE
patient	TCGA-91-A4BC	TCGA-91-A4BC	ZNF341	LUAD_HC_TF	TESTED	JASPAR2024|000712|MA1655.2	0.9175	-0.392030403657529	FALSE
patient	TCGA-91-A4BC	TCGA-91-A4BC	ZNF444	LUAD_HC_TF	TESTED	CIS-BP2.00|000420|M04529_2.00	0.0008	0.19432347775065748	FALSE
patient	TCGA-91-A4BC	TCGA-91-A4BC	ZNF540	LUAD_HC_TF	TESTED	CIS-BP2.00|000701|M07634_2.00	0.8755	0.0023551344151174396	FALSE
patient	TCGA-91-A4BC	TCGA-91-A4BC	ZNF75D	LUAD_HC_TF	TESTED	JASPAR2024|000169|MA1601.2	0.7131	0.02204164799238462	FALSE
patient	TCGA-91-A4BD	TCGA-91-A4BD	CEBPA	LUAD_LINEAGE_POSITIVE_CONTROL	TESTED	JASPAR2024|000234|MA0102.5	0.0645	0.13711315703222726	FALSE
patient	TCGA-91-A4BD	TCGA-91-A4BD	CEBPB	LUAD_LINEAGE_POSITIVE_CONTROL	TESTED	JASPAR2024|000235|MA0466.4	0.0008	0.3736178046939647	FALSE
patient	TCGA-91-A4BD	TCGA-91-A4BD	CREB3L2	LUAD_HC_TF	TESTED	CIS-BP2.00|000117|M01812_2.00	0.9142	-0.0024367055266502086	FALSE
patient	TCGA-91-A4BD	TCGA-91-A4BD	E2F5	LUAD_HC_TF	TESTED	CIS-BP2.00|000940|M08109_2.00	1.0	-0.10728207783872379	FALSE
patient	TCGA-91-A4BD	TCGA-91-A4BD	ELF3	LUAD_HC_TF_AND_LINEAGE_POSITIVE_CONTROL	TESTED	CIS-BP2.00|000227|M03002_2.00	0.0	0.3127571745667791	TRUE
patient	TCGA-91-A4BD	TCGA-91-A4BD	ETV1	LUAD_HC_TF	TESTED	JASPAR2024|000652|MA1966.2	0.4731	0.17891217975727228	FALSE
patient	TCGA-91-A4BD	TCGA-91-A4BD	FOXA1	LUAD_LINEAGE_POSITIVE_CONTROL	TESTED	CIS-BP2.00|000890|M07960_2.00	0.1289	0.10242045263001755	FALSE
patient	TCGA-91-A4BD	TCGA-91-A4BD	FOXA2	LUAD_LINEAGE_POSITIVE_CONTROL	TESTED	CIS-BP2.00|000889|M07959_2.00	0.2305	0.08540567787192675	FALSE
patient	TCGA-91-A4BD	TCGA-91-A4BD	FOXA3	LUAD_HC_TF	TESTED	CIS-BP2.00|000469|M04831_2.00	0.0	0.7679305612109079	TRUE
patient	TCGA-91-A4BD	TCGA-91-A4BD	FOXD2	LUAD_HC_TF	TESTED	JASPAR2024|000361|MA0847.4	0.0054	0.17177421606708787	FALSE
patient	TCGA-91-A4BD	TCGA-91-A4BD	GATA6	LUAD_LINEAGE_POSITIVE_CONTROL	TESTED	JASPAR2024|000382|MA1104.3	1.0	-0.04957800654234762	FALSE
patient	TCGA-91-A4BD	TCGA-91-A4BD	HNF4A	LUAD_LINEAGE_POSITIVE_CONTROL	TESTED	JASPAR2024|000409|MA1494.2	1.0	-0.06111335396294679	FALSE
patient	TCGA-91-A4BD	TCGA-91-A4BD	NFATC4	LUAD_HC_TF	TESTED	JASPAR2024|000506|MA1525.3	0.0017	0.20508796952702082	FALSE
patient	TCGA-91-A4BD	TCGA-91-A4BD	NKX2-1	LUAD_LINEAGE_POSITIVE_CONTROL	TESTED	JASPAR2024|000822|MA1994.2	1.0	-0.08044078744772855	FALSE
patient	TCGA-91-A4BD	TCGA-91-A4BD	NR3C2	LUAD_HC_TF	TESTED	CIS-BP2.00|000154|M02395_2.00	1.0	1.6996852625793053	FALSE
patient	TCGA-91-A4BD	TCGA-91-A4BD	XBP1	LUAD_HC_TF	TESTED	JASPAR2024|000675|MA0844.2	0.0024	0.17926257999396084	FALSE
patient	TCGA-91-A4BD	TCGA-91-A4BD	ZBTB18	LUAD_HC_TF	TESTED	JASPAR2024|000681|MA0698.2	0.7102	0.024862779897909793	FALSE
patient	TCGA-91-A4BD	TCGA-91-A4BD	ZNF141	LUAD_HC_TF	TESTED	CIS-BP2.00|000653|M07586_2.00	0.7232	0.026318312918458306	FALSE
patient	TCGA-91-A4BD	TCGA-91-A4BD	ZNF19	LUAD_HC_TF	TESTED	CIS-BP2.00|000670|M07603_2.00	0.6474	0.4584474425987679	FALSE
patient	TCGA-91-A4BD	TCGA-91-A4BD	ZNF254	LUAD_HC_TF	TESTED	CIS-BP2.00|000827|M07760_2.00	1.0	-0.13395659454893627	FALSE
patient	TCGA-91-A4BD	TCGA-91-A4BD	ZNF281	LUAD_HC_TF	TESTED	JASPAR2024|000706|MA1630.3	0.9998	-0.0249541999776977	FALSE
patient	TCGA-91-A4BD	TCGA-91-A4BD	ZNF33A	LUAD_HC_TF	TESTED	CIS-BP2.00|000762|M07695_2.00	0.8491	0.019622169696280722	FALSE
patient	TCGA-91-A4BD	TCGA-91-A4BD	ZNF33B	LUAD_HC_TF	TESTED	CIS-BP2.00|000777|M07710_2.00	0.7102	0.024857100520150673	FALSE
patient	TCGA-91-A4BD	TCGA-91-A4BD	ZNF341	LUAD_HC_TF	TESTED	CIS-BP2.00|001017|M08310_2.00	0.7638	1.003922714475275	FALSE
patient	TCGA-91-A4BD	TCGA-91-A4BD	ZNF444	LUAD_HC_TF	TESTED	CIS-BP2.00|000420|M04529_2.00	0.0024	0.1843069225781702	FALSE
patient	TCGA-91-A4BD	TCGA-91-A4BD	ZNF540	LUAD_HC_TF	TESTED	CIS-BP2.00|000701|M07634_2.00	0.4874	0.05963184457880638	FALSE
patient	TCGA-91-A4BD	TCGA-91-A4BD	ZNF75D	LUAD_HC_TF	TESTED	CIS-BP2.00|000750|M07683_2.00	0.3842	0.06454784195763576	FALSE
patient	TCGA-93-A4JN	TCGA-93-A4JN	CEBPA	LUAD_LINEAGE_POSITIVE_CONTROL	TESTED	CIS-BP2.00|000926|M08076_2.00	0.3814	0.0606095372333866	FALSE
patient	TCGA-93-A4JN	TCGA-93-A4JN	CEBPB	LUAD_LINEAGE_POSITIVE_CONTROL	TESTED	JASPAR2024|000235|MA0466.4	0.0001	0.41158639351035126	FALSE
patient	TCGA-93-A4JN	TCGA-93-A4JN	CREB3L2	LUAD_HC_TF	TESTED	CIS-BP2.00|000117|M01812_2.00	0.3926	0.0569850110673766	FALSE
patient	TCGA-93-A4JN	TCGA-93-A4JN	E2F5	LUAD_HC_TF	TESTED	CIS-BP2.00|000940|M08109_2.00	0.9456	-0.017844267149305107	FALSE
patient	TCGA-93-A4JN	TCGA-93-A4JN	ELF3	LUAD_HC_TF_AND_LINEAGE_POSITIVE_CONTROL	TESTED	CIS-BP2.00|000227|M03002_2.00	0.0	0.35543535079553473	TRUE
patient	TCGA-93-A4JN	TCGA-93-A4JN	ETV1	LUAD_HC_TF	TESTED	JASPAR2024|000311|MA0761.3	0.0469	0.8631095386890821	FALSE
patient	TCGA-93-A4JN	TCGA-93-A4JN	FOXA1	LUAD_LINEAGE_POSITIVE_CONTROL	TESTED	CIS-BP2.00|000890|M07960_2.00	0.1061	0.1039411912426967	FALSE
patient	TCGA-93-A4JN	TCGA-93-A4JN	FOXA2	LUAD_LINEAGE_POSITIVE_CONTROL	TESTED	CIS-BP2.00|000889|M07959_2.00	0.0157	0.1484668279628665	FALSE
patient	TCGA-93-A4JN	TCGA-93-A4JN	FOXA3	LUAD_HC_TF	TESTED	CIS-BP2.00|000469|M04831_2.00	0.0002	0.5465143215660258	FALSE
patient	TCGA-93-A4JN	TCGA-93-A4JN	FOXD2	LUAD_HC_TF	TESTED	JASPAR2024|000361|MA0847.4	0.415	0.05619995565242535	FALSE
patient	TCGA-93-A4JN	TCGA-93-A4JN	GATA6	LUAD_LINEAGE_POSITIVE_CONTROL	TESTED	CIS-BP2.00|000947|M08124_2.00	1.0	-0.10544091013078455	FALSE
patient	TCGA-93-A4JN	TCGA-93-A4JN	HNF4A	LUAD_LINEAGE_POSITIVE_CONTROL	TESTED	JASPAR2024|000410|MA0114.5	0.8674	0.005331340875753628	FALSE
patient	TCGA-93-A4JN	TCGA-93-A4JN	NFATC4	LUAD_HC_TF	TESTED	JASPAR2024|000506|MA1525.3	0.009	0.17264976117351935	FALSE
patient	TCGA-93-A4JN	TCGA-93-A4JN	NKX2-1	LUAD_LINEAGE_POSITIVE_CONTROL	TESTED	JASPAR2024|000822|MA1994.2	1.0	-0.05516401747515146	FALSE
patient	TCGA-93-A4JN	TCGA-93-A4JN	NR3C2	LUAD_HC_TF	TESTED	JASPAR2024|000539|MA0727.2	0.5383	0.08071439248293577	FALSE
patient	TCGA-93-A4JN	TCGA-93-A4JN	XBP1	LUAD_HC_TF	TESTED	JASPAR2024|000675|MA0844.2	0.0386	0.12871009020098792	FALSE
patient	TCGA-93-A4JN	TCGA-93-A4JN	ZBTB18	LUAD_HC_TF	TESTED	CIS-BP2.00|000988|M08257_2.00	0.8092	0.013134425739159416	FALSE
patient	TCGA-93-A4JN	TCGA-93-A4JN	ZNF141	LUAD_HC_TF	TESTED	CIS-BP2.00|000653|M07586_2.00	0.7758	0.013915091055204335	FALSE
patient	TCGA-93-A4JN	TCGA-93-A4JN	ZNF19	LUAD_HC_TF	TESTED	CIS-BP2.00|000670|M07603_2.00	0.019	1.2548413860555678	FALSE
patient	TCGA-93-A4JN	TCGA-93-A4JN	ZNF254	LUAD_HC_TF	TESTED	CIS-BP2.00|000827|M07760_2.00	1.0	-0.25362323456932556	FALSE
patient	TCGA-93-A4JN	TCGA-93-A4JN	ZNF281	LUAD_HC_TF	TESTED	JASPAR2024|000706|MA1630.3	1.0	-0.07541393495200087	FALSE
patient	TCGA-93-A4JN	TCGA-93-A4JN	ZNF33A	LUAD_HC_TF	TESTED	CIS-BP2.00|000762|M07695_2.00	0.3437	0.11261951444859346	FALSE
patient	TCGA-93-A4JN	TCGA-93-A4JN	ZNF33B	LUAD_HC_TF	TESTED	CIS-BP2.00|000777|M07710_2.00	0.4624	0.05115086917336435	FALSE
patient	TCGA-93-A4JN	TCGA-93-A4JN	ZNF341	LUAD_HC_TF	TESTED	JASPAR2024|000712|MA1655.2	0.6189	0.710060898198518	FALSE
patient	TCGA-93-A4JN	TCGA-93-A4JN	ZNF444	LUAD_HC_TF	TESTED	CIS-BP2.00|000420|M04529_2.00	0.0129	0.1543579474101033	FALSE
patient	TCGA-93-A4JN	TCGA-93-A4JN	ZNF540	LUAD_HC_TF	TESTED	CIS-BP2.00|000701|M07634_2.00	0.9033	-0.005949638157489452	FALSE
patient	TCGA-93-A4JN	TCGA-93-A4JN	ZNF75D	LUAD_HC_TF	TESTED	JASPAR2024|000169|MA1601.2	0.6061	0.03525432797308135	FALSE
patient	TCGA-93-A4JO	TCGA-93-A4JO	CEBPA	LUAD_LINEAGE_POSITIVE_CONTROL	TESTED	CIS-BP2.00|000926|M08076_2.00	0.4228	0.050507673775073605	FALSE
patient	TCGA-93-A4JO	TCGA-93-A4JO	CEBPB	LUAD_LINEAGE_POSITIVE_CONTROL	TESTED	JASPAR2024|000235|MA0466.4	0.0005	0.38629660976701913	FALSE
patient	TCGA-93-A4JO	TCGA-93-A4JO	CREB3L2	LUAD_HC_TF	TESTED	CIS-BP2.00|000117|M01812_2.00	0.0014	0.18684798993202792	FALSE
patient	TCGA-93-A4JO	TCGA-93-A4JO	E2F5	LUAD_HC_TF	TESTED	CIS-BP2.00|000940|M08109_2.00	1.0	-0.12337094699373814	FALSE
patient	TCGA-93-A4JO	TCGA-93-A4JO	ELF3	LUAD_HC_TF_AND_LINEAGE_POSITIVE_CONTROL	TESTED	CIS-BP2.00|000227|M03002_2.00	0.0	0.347778002982638	TRUE
patient	TCGA-93-A4JO	TCGA-93-A4JO	ETV1	LUAD_HC_TF	TESTED	JASPAR2024|000311|MA0761.3	0.202	0.6017655387212663	FALSE
patient	TCGA-93-A4JO	TCGA-93-A4JO	FOXA1	LUAD_LINEAGE_POSITIVE_CONTROL	TESTED	CIS-BP2.00|000890|M07960_2.00	0.0201	0.14055560131602654	FALSE
patient	TCGA-93-A4JO	TCGA-93-A4JO	FOXA2	LUAD_LINEAGE_POSITIVE_CONTROL	TESTED	CIS-BP2.00|000889|M07959_2.00	0.1305	0.09564600197144224	FALSE
patient	TCGA-93-A4JO	TCGA-93-A4JO	FOXA3	LUAD_HC_TF	TESTED	CIS-BP2.00|000469|M04831_2.00	0.0	0.8528403481295869	TRUE
patient	TCGA-93-A4JO	TCGA-93-A4JO	FOXD2	LUAD_HC_TF	TESTED	JASPAR2024|000361|MA0847.4	0.0241	0.1406133276054926	FALSE
patient	TCGA-93-A4JO	TCGA-93-A4JO	GATA6	LUAD_LINEAGE_POSITIVE_CONTROL	TESTED	CIS-BP2.00|000947|M08124_2.00	1.0	-0.03212500582523955	FALSE
patient	TCGA-93-A4JO	TCGA-93-A4JO	HNF4A	LUAD_LINEAGE_POSITIVE_CONTROL	TESTED	JASPAR2024|000410|MA0114.5	0.7588	0.035606976052741046	FALSE
patient	TCGA-93-A4JO	TCGA-93-A4JO	NFATC4	LUAD_HC_TF	TESTED	JASPAR2024|000506|MA1525.3	0.0071	0.17673719763418327	FALSE
patient	TCGA-93-A4JO	TCGA-93-A4JO	NKX2-1	LUAD_LINEAGE_POSITIVE_CONTROL	TESTED	JASPAR2024|000822|MA1994.2	0.2471	0.18416007196451709	FALSE
patient	TCGA-93-A4JO	TCGA-93-A4JO	NR3C2	LUAD_HC_TF	TESTED	JASPAR2024|000539|MA0727.2	0.9976	-0.05309699626882003	FALSE
patient	TCGA-93-A4JO	TCGA-93-A4JO	XBP1	LUAD_HC_TF	TESTED	CIS-BP2.00|000375|M04231_2.00	0.0104	0.2921709820553937	FALSE
patient	TCGA-93-A4JO	TCGA-93-A4JO	ZBTB18	LUAD_HC_TF	TESTED	JASPAR2024|000681|MA0698.2	0.7674	0.00738982942344595	FALSE
patient	TCGA-93-A4JO	TCGA-93-A4JO	ZNF141	LUAD_HC_TF	TESTED	CIS-BP2.00|000653|M07586_2.00	0.4451	0.05232753310733975	FALSE
patient	TCGA-93-A4JO	TCGA-93-A4JO	ZNF19	LUAD_HC_TF	TESTED	CIS-BP2.00|000670|M07603_2.00	0.4035	0.5082184268916106	FALSE
patient	TCGA-93-A4JO	TCGA-93-A4JO	ZNF254	LUAD_HC_TF	TESTED	CIS-BP2.00|000827|M07760_2.00	1.0	-0.2032742857942055	FALSE
patient	TCGA-93-A4JO	TCGA-93-A4JO	ZNF281	LUAD_HC_TF	TESTED	JASPAR2024|000706|MA1630.3	1.0	-0.051795258898922995	FALSE
patient	TCGA-93-A4JO	TCGA-93-A4JO	ZNF33A	LUAD_HC_TF	TESTED	CIS-BP2.00|000762|M07695_2.00	0.0098	0.28801397106558996	FALSE
patient	TCGA-93-A4JO	TCGA-93-A4JO	ZNF33B	LUAD_HC_TF	TESTED	CIS-BP2.00|000777|M07710_2.00	0.6736	0.019640986209396347	FALSE
patient	TCGA-93-A4JO	TCGA-93-A4JO	ZNF341	LUAD_HC_TF	TESTED	JASPAR2024|000712|MA1655.2	0.8283	0.7600579739166315	FALSE
patient	TCGA-93-A4JO	TCGA-93-A4JO	ZNF444	LUAD_HC_TF	TESTED	CIS-BP2.00|000420|M04529_2.00	0.0161	0.14956244333234442	FALSE
patient	TCGA-93-A4JO	TCGA-93-A4JO	ZNF540	LUAD_HC_TF	TESTED	CIS-BP2.00|000701|M07634_2.00	1.0	-0.038579027755457754	FALSE
patient	TCGA-93-A4JO	TCGA-93-A4JO	ZNF75D	LUAD_HC_TF	TESTED	CIS-BP2.00|000750|M07683_2.00	0.3351	0.061773345804288636	FALSE
patient	TCGA-93-A4JQ	TCGA-93-A4JQ	CEBPA	LUAD_LINEAGE_POSITIVE_CONTROL	TESTED	JASPAR2024|000234|MA0102.5	0.6767	0.03152718171406771	FALSE
patient	TCGA-93-A4JQ	TCGA-93-A4JQ	CEBPB	LUAD_LINEAGE_POSITIVE_CONTROL	TESTED	JASPAR2024|000235|MA0466.4	0.3509	0.13289488617844353	FALSE
patient	TCGA-93-A4JQ	TCGA-93-A4JQ	CREB3L2	LUAD_HC_TF	TESTED	CIS-BP2.00|000117|M01812_2.00	0.1204	0.10363982259839039	FALSE
patient	TCGA-93-A4JQ	TCGA-93-A4JQ	E2F5	LUAD_HC_TF	TESTED	CIS-BP2.00|000940|M08109_2.00	1.0	-0.09605821592994923	FALSE
patient	TCGA-93-A4JQ	TCGA-93-A4JQ	ELF3	LUAD_HC_TF_AND_LINEAGE_POSITIVE_CONTROL	TESTED	CIS-BP2.00|000227|M03002_2.00	0.0	0.37223845723520294	TRUE
patient	TCGA-93-A4JQ	TCGA-93-A4JQ	ETV1	LUAD_HC_TF	TESTED	JASPAR2024|000311|MA0761.3	0.2728	0.5745022219849631	FALSE
patient	TCGA-93-A4JQ	TCGA-93-A4JQ	FOXA1	LUAD_LINEAGE_POSITIVE_CONTROL	TESTED	CIS-BP2.00|000890|M07960_2.00	0.052	0.12567320315815864	FALSE
patient	TCGA-93-A4JQ	TCGA-93-A4JQ	FOXA2	LUAD_LINEAGE_POSITIVE_CONTROL	TESTED	CIS-BP2.00|000889|M07959_2.00	0.2006	0.09039240519019724	FALSE
patient	TCGA-93-A4JQ	TCGA-93-A4JQ	FOXA3	LUAD_HC_TF	TESTED	CIS-BP2.00|000469|M04831_2.00	0.0	0.930321265440298	TRUE
patient	TCGA-93-A4JQ	TCGA-93-A4JQ	FOXD2	LUAD_HC_TF	TESTED	JASPAR2024|000361|MA0847.4	0.1817	0.09420831221837697	FALSE
patient	TCGA-93-A4JQ	TCGA-93-A4JQ	GATA6	LUAD_LINEAGE_POSITIVE_CONTROL	TESTED	JASPAR2024|000382|MA1104.3	1.0	-0.08985104264267105	FALSE
patient	TCGA-93-A4JQ	TCGA-93-A4JQ	HNF4A	LUAD_LINEAGE_POSITIVE_CONTROL	TESTED	JASPAR2024|000409|MA1494.2	0.8774	-0.0007416200450008684	FALSE
patient	TCGA-93-A4JQ	TCGA-93-A4JQ	NFATC4	LUAD_HC_TF	TESTED	JASPAR2024|000506|MA1525.3	0.0963	0.12090204676223062	FALSE
patient	TCGA-93-A4JQ	TCGA-93-A4JQ	NKX2-1	LUAD_LINEAGE_POSITIVE_CONTROL	TESTED	JASPAR2024|000822|MA1994.2	1.0	-0.06020964511567821	FALSE
patient	TCGA-93-A4JQ	TCGA-93-A4JQ	NR3C2	LUAD_HC_TF	TESTED	JASPAR2024|000539|MA0727.2	0.7565	0.03674906687097484	FALSE
patient	TCGA-93-A4JQ	TCGA-93-A4JQ	XBP1	LUAD_HC_TF	TESTED	JASPAR2024|000675|MA0844.2	0.1489	0.09761596377598956	FALSE
patient	TCGA-93-A4JQ	TCGA-93-A4JQ	ZBTB18	LUAD_HC_TF	TESTED	JASPAR2024|000681|MA0698.2	0.8443	0.004744889967340216	FALSE
patient	TCGA-93-A4JQ	TCGA-93-A4JQ	ZNF141	LUAD_HC_TF	TESTED	CIS-BP2.00|000653|M07586_2.00	1.0	-0.046484564986213006	FALSE
patient	TCGA-93-A4JQ	TCGA-93-A4JQ	ZNF19	LUAD_HC_TF	TESTED	CIS-BP2.00|000670|M07603_2.00	0.2488	0.7654126690398536	FALSE
patient	TCGA-93-A4JQ	TCGA-93-A4JQ	ZNF254	LUAD_HC_TF	TESTED	CIS-BP2.00|000827|M07760_2.00	1.0	-0.10387524528470389	FALSE
patient	TCGA-93-A4JQ	TCGA-93-A4JQ	ZNF281	LUAD_HC_TF	TESTED	JASPAR2024|000706|MA1630.3	1.0	-0.12078582093510548	FALSE
patient	TCGA-93-A4JQ	TCGA-93-A4JQ	ZNF33A	LUAD_HC_TF	TESTED	CIS-BP2.00|000762|M07695_2.00	0.0981	0.20283702195717862	FALSE
patient	TCGA-93-A4JQ	TCGA-93-A4JQ	ZNF33B	LUAD_HC_TF	TESTED	CIS-BP2.00|000777|M07710_2.00	0.5426	0.04359093598452462	FALSE
patient	TCGA-93-A4JQ	TCGA-93-A4JQ	ZNF341	LUAD_HC_TF	TESTED	JASPAR2024|000712|MA1655.2	1.0	-0.14432611354523228	FALSE
patient	TCGA-93-A4JQ	TCGA-93-A4JQ	ZNF444	LUAD_HC_TF	TESTED	CIS-BP2.00|000420|M04529_2.00	0.0115	0.1612136694038056	FALSE
patient	TCGA-93-A4JQ	TCGA-93-A4JQ	ZNF540	LUAD_HC_TF	TESTED	CIS-BP2.00|000701|M07634_2.00	0.3649	0.0755086728251491	FALSE
patient	TCGA-93-A4JQ	TCGA-93-A4JQ	ZNF75D	LUAD_HC_TF	TESTED	JASPAR2024|000169|MA1601.2	0.0564	0.13706626792827403	FALSE
patient	TCGA-L4-A4E6	TCGA-L4-A4E6	CEBPA	LUAD_LINEAGE_POSITIVE_CONTROL	TESTED	CIS-BP2.00|000926|M08076_2.00	0.5427	0.041470714402458364	FALSE
patient	TCGA-L4-A4E6	TCGA-L4-A4E6	CEBPB	LUAD_LINEAGE_POSITIVE_CONTROL	TESTED	JASPAR2024|000235|MA0466.4	0.0	0.6019192007780596	TRUE
patient	TCGA-L4-A4E6	TCGA-L4-A4E6	CREB3L2	LUAD_HC_TF	TESTED	CIS-BP2.00|000117|M01812_2.00	0.1093	0.10082878201703248	FALSE
patient	TCGA-L4-A4E6	TCGA-L4-A4E6	E2F5	LUAD_HC_TF	TESTED	CIS-BP2.00|000940|M08109_2.00	1.0	-0.18235409273757638	FALSE
patient	TCGA-L4-A4E6	TCGA-L4-A4E6	ELF3	LUAD_HC_TF_AND_LINEAGE_POSITIVE_CONTROL	TESTED	CIS-BP2.00|000227|M03002_2.00	0.0	0.3299703351531672	TRUE
patient	TCGA-L4-A4E6	TCGA-L4-A4E6	ETV1	LUAD_HC_TF	TESTED	CIS-BP2.00|000457|M04708_2.00	0.3278	0.7559433149366939	FALSE
patient	TCGA-L4-A4E6	TCGA-L4-A4E6	FOXA1	LUAD_LINEAGE_POSITIVE_CONTROL	TESTED	CIS-BP2.00|000890|M07960_2.00	0.0003	0.20279062193216235	FALSE
patient	TCGA-L4-A4E6	TCGA-L4-A4E6	FOXA2	LUAD_LINEAGE_POSITIVE_CONTROL	TESTED	CIS-BP2.00|000889|M07959_2.00	0.0412	0.12774615848602627	FALSE
patient	TCGA-L4-A4E6	TCGA-L4-A4E6	FOXA3	LUAD_HC_TF	TESTED	CIS-BP2.00|000469|M04831_2.00	0.0	0.829771679813158	TRUE
patient	TCGA-L4-A4E6	TCGA-L4-A4E6	FOXD2	LUAD_HC_TF	TESTED	JASPAR2024|000361|MA0847.4	0.2549	0.0776677756390016	FALSE
patient	TCGA-L4-A4E6	TCGA-L4-A4E6	GATA6	LUAD_LINEAGE_POSITIVE_CONTROL	TESTED	JASPAR2024|000382|MA1104.3	0.9652	-0.022690769695175538	FALSE
patient	TCGA-L4-A4E6	TCGA-L4-A4E6	HNF4A	LUAD_LINEAGE_POSITIVE_CONTROL	TESTED	CIS-BP2.00|000974|M08219_2.00	1.0	-0.11442451999966582	FALSE
patient	TCGA-L4-A4E6	TCGA-L4-A4E6	NFATC4	LUAD_HC_TF	TESTED	JASPAR2024|000506|MA1525.3	0.4934	0.04935696049576031	FALSE
patient	TCGA-L4-A4E6	TCGA-L4-A4E6	NKX2-1	LUAD_LINEAGE_POSITIVE_CONTROL	TESTED	JASPAR2024|000822|MA1994.2	0.9714	-0.04562423500053948	FALSE
patient	TCGA-L4-A4E6	TCGA-L4-A4E6	NR3C2	LUAD_HC_TF	TESTED	JASPAR2024|000539|MA0727.2	0.74	0.03391835824617753	FALSE
patient	TCGA-L4-A4E6	TCGA-L4-A4E6	XBP1	LUAD_HC_TF	TESTED	JASPAR2024|000675|MA0844.2	0.0548	0.1184780282865586	FALSE
patient	TCGA-L4-A4E6	TCGA-L4-A4E6	ZBTB18	LUAD_HC_TF	TESTED	CIS-BP2.00|000988|M08257_2.00	0.5125	0.06556174133582338	FALSE
patient	TCGA-L4-A4E6	TCGA-L4-A4E6	ZNF141	LUAD_HC_TF	TESTED	CIS-BP2.00|000653|M07586_2.00	0.7254	0.018222821931630898	FALSE
patient	TCGA-L4-A4E6	TCGA-L4-A4E6	ZNF19	LUAD_HC_TF	TESTED	CIS-BP2.00|000670|M07603_2.00	0.204	0.6383456770750026	FALSE
patient	TCGA-L4-A4E6	TCGA-L4-A4E6	ZNF254	LUAD_HC_TF	TESTED	CIS-BP2.00|000827|M07760_2.00	1.0	-0.1425878114571581	FALSE
patient	TCGA-L4-A4E6	TCGA-L4-A4E6	ZNF281	LUAD_HC_TF	TESTED	JASPAR2024|000706|MA1630.3	0.8884	-0.004171182845913093	FALSE
patient	TCGA-L4-A4E6	TCGA-L4-A4E6	ZNF33A	LUAD_HC_TF	TESTED	CIS-BP2.00|000762|M07695_2.00	0.6755	0.03738006330055161	FALSE
patient	TCGA-L4-A4E6	TCGA-L4-A4E6	ZNF33B	LUAD_HC_TF	TESTED	CIS-BP2.00|000777|M07710_2.00	0.6489	0.028683279021390312	FALSE
patient	TCGA-L4-A4E6	TCGA-L4-A4E6	ZNF341	LUAD_HC_TF	TESTED	JASPAR2024|000712|MA1655.2	0.5941	0.5101150637860442	FALSE
patient	TCGA-L4-A4E6	TCGA-L4-A4E6	ZNF444	LUAD_HC_TF	TESTED	CIS-BP2.00|000420|M04529_2.00	0.0008	0.1958109828729622	FALSE
patient	TCGA-L4-A4E6	TCGA-L4-A4E6	ZNF540	LUAD_HC_TF	TESTED	CIS-BP2.00|000701|M07634_2.00	0.8008	0.010410397730461037	FALSE
patient	TCGA-L4-A4E6	TCGA-L4-A4E6	ZNF75D	LUAD_HC_TF	TESTED	JASPAR2024|000169|MA1601.2	0.4753	0.051917603948801606	FALSE
patient	TCGA-L9-A8F4	TCGA-L9-A8F4	CEBPA	LUAD_LINEAGE_POSITIVE_CONTROL	TESTED	CIS-BP2.00|000926|M08076_2.00	0.0569	0.1207121761533193	FALSE
patient	TCGA-L9-A8F4	TCGA-L9-A8F4	CEBPB	LUAD_LINEAGE_POSITIVE_CONTROL	TESTED	JASPAR2024|000235|MA0466.4	0.0001	0.4140023412214407	FALSE
patient	TCGA-L9-A8F4	TCGA-L9-A8F4	CREB3L2	LUAD_HC_TF	TESTED	CIS-BP2.00|000117|M01812_2.00	0.123	0.09695340586756078	FALSE
patient	TCGA-L9-A8F4	TCGA-L9-A8F4	E2F5	LUAD_HC_TF	TESTED	CIS-BP2.00|000940|M08109_2.00	1.0	-0.13150686205189285	FALSE
patient	TCGA-L9-A8F4	TCGA-L9-A8F4	ELF3	LUAD_HC_TF_AND_LINEAGE_POSITIVE_CONTROL	TESTED	CIS-BP2.00|000227|M03002_2.00	0.0	0.3219987588426101	TRUE
patient	TCGA-L9-A8F4	TCGA-L9-A8F4	ETV1	LUAD_HC_TF	TESTED	JASPAR2024|000311|MA0761.3	0.2164	0.5108476909135146	FALSE
patient	TCGA-L9-A8F4	TCGA-L9-A8F4	FOXA1	LUAD_LINEAGE_POSITIVE_CONTROL	TESTED	CIS-BP2.00|000890|M07960_2.00	0.0274	0.13315277201512202	FALSE
patient	TCGA-L9-A8F4	TCGA-L9-A8F4	FOXA2	LUAD_LINEAGE_POSITIVE_CONTROL	TESTED	CIS-BP2.00|000889|M07959_2.00	0.1062	0.10401246243081927	FALSE
patient	TCGA-L9-A8F4	TCGA-L9-A8F4	FOXA3	LUAD_HC_TF	TESTED	CIS-BP2.00|000469|M04831_2.00	0.0	0.9860548837506466	TRUE
patient	TCGA-L9-A8F4	TCGA-L9-A8F4	FOXD2	LUAD_HC_TF	TESTED	CIS-BP2.00|000235|M03042_2.00	0.2498	0.07498585371934498	FALSE
patient	TCGA-L9-A8F4	TCGA-L9-A8F4	GATA6	LUAD_LINEAGE_POSITIVE_CONTROL	TESTED	CIS-BP2.00|000947|M08124_2.00	0.7749	0.006658137831071279	FALSE
patient	TCGA-L9-A8F4	TCGA-L9-A8F4	HNF4A	LUAD_LINEAGE_POSITIVE_CONTROL	TESTED	CIS-BP2.00|000974|M08219_2.00	0.7927	0.005435523133630877	FALSE
patient	TCGA-L9-A8F4	TCGA-L9-A8F4	NFATC4	LUAD_HC_TF	TESTED	JASPAR2024|000506|MA1525.3	0.0283	0.1455690945901324	FALSE
patient	TCGA-L9-A8F4	TCGA-L9-A8F4	NKX2-1	LUAD_LINEAGE_POSITIVE_CONTROL	TESTED	JASPAR2024|000822|MA1994.2	0.338	0.14095648143410047	FALSE
patient	TCGA-L9-A8F4	TCGA-L9-A8F4	NR3C2	LUAD_HC_TF	TESTED	JASPAR2024|000539|MA0727.2	0.7914	0.009374060886636592	FALSE
patient	TCGA-L9-A8F4	TCGA-L9-A8F4	XBP1	LUAD_HC_TF	TESTED	CIS-BP2.00|000375|M04231_2.00	0.4195	0.08596323141621426	FALSE
patient	TCGA-L9-A8F4	TCGA-L9-A8F4	ZBTB18	LUAD_HC_TF	TESTED	JASPAR2024|000681|MA0698.2	0.3476	0.058431519162209296	FALSE
patient	TCGA-L9-A8F4	TCGA-L9-A8F4	ZNF141	LUAD_HC_TF	TESTED	CIS-BP2.00|000653|M07586_2.00	0.8412	-0.0037382019854601033	FALSE
patient	TCGA-L9-A8F4	TCGA-L9-A8F4	ZNF19	LUAD_HC_TF	TESTED	CIS-BP2.00|000670|M07603_2.00	0.1156	0.8286264337976399	FALSE
patient	TCGA-L9-A8F4	TCGA-L9-A8F4	ZNF254	LUAD_HC_TF	TESTED	CIS-BP2.00|000827|M07760_2.00	1.0	-0.18155684742287345	FALSE
patient	TCGA-L9-A8F4	TCGA-L9-A8F4	ZNF281	LUAD_HC_TF	TESTED	JASPAR2024|000706|MA1630.3	1.0	-0.06010278905406956	FALSE
patient	TCGA-L9-A8F4	TCGA-L9-A8F4	ZNF33A	LUAD_HC_TF	TESTED	CIS-BP2.00|000762|M07695_2.00	0.7035	0.02493116791024279	FALSE
patient	TCGA-L9-A8F4	TCGA-L9-A8F4	ZNF33B	LUAD_HC_TF	TESTED	CIS-BP2.00|000777|M07710_2.00	0.5482	0.034919191200975135	FALSE
patient	TCGA-L9-A8F4	TCGA-L9-A8F4	ZNF341	LUAD_HC_TF	TESTED	JASPAR2024|000712|MA1655.2	0.7996	0.03500912162788926	FALSE
patient	TCGA-L9-A8F4	TCGA-L9-A8F4	ZNF444	LUAD_HC_TF	TESTED	CIS-BP2.00|000420|M04529_2.00	0.0005	0.2033631173940079	FALSE
patient	TCGA-L9-A8F4	TCGA-L9-A8F4	ZNF540	LUAD_HC_TF	TESTED	CIS-BP2.00|000701|M07634_2.00	1.0	-0.038374694163046064	FALSE
patient	TCGA-L9-A8F4	TCGA-L9-A8F4	ZNF75D	LUAD_HC_TF	TESTED	CIS-BP2.00|000750|M07683_2.00	0.1932	0.08471807786989781	FALSE
patient	TCGA-MP-A4SV	TCGA-MP-A4SV	CEBPA	LUAD_LINEAGE_POSITIVE_CONTROL	TESTED	CIS-BP2.00|000926|M08076_2.00	0.0385	0.12791426354312918	FALSE
patient	TCGA-MP-A4SV	TCGA-MP-A4SV	CEBPB	LUAD_LINEAGE_POSITIVE_CONTROL	TESTED	JASPAR2024|000235|MA0466.4	0.0002	0.3995146446105557	FALSE
patient	TCGA-MP-A4SV	TCGA-MP-A4SV	CREB3L2	LUAD_HC_TF	TESTED	JASPAR2024|000025|MA0608.1	0.0527	0.11666677582640626	FALSE
patient	TCGA-MP-A4SV	TCGA-MP-A4SV	E2F5	LUAD_HC_TF	TESTED	CIS-BP2.00|000940|M08109_2.00	0.5747	0.038989247758866336	FALSE
patient	TCGA-MP-A4SV	TCGA-MP-A4SV	ELF3	LUAD_HC_TF_AND_LINEAGE_POSITIVE_CONTROL	TESTED	CIS-BP2.00|000227|M03002_2.00	0.0	0.32515320854064655	TRUE
patient	TCGA-MP-A4SV	TCGA-MP-A4SV	ETV1	LUAD_HC_TF	TESTED	JASPAR2024|000311|MA0761.3	0.3895	0.30840858045315095	FALSE
patient	TCGA-MP-A4SV	TCGA-MP-A4SV	FOXA1	LUAD_LINEAGE_POSITIVE_CONTROL	TESTED	CIS-BP2.00|000890|M07960_2.00	0.0004	0.19828977683077292	FALSE
patient	TCGA-MP-A4SV	TCGA-MP-A4SV	FOXA2	LUAD_LINEAGE_POSITIVE_CONTROL	TESTED	CIS-BP2.00|000889|M07959_2.00	0.0227	0.13840617463685498	FALSE
patient	TCGA-MP-A4SV	TCGA-MP-A4SV	FOXA3	LUAD_HC_TF	TESTED	CIS-BP2.00|000469|M04831_2.00	0.0	0.9041202801669695	TRUE
patient	TCGA-MP-A4SV	TCGA-MP-A4SV	FOXD2	LUAD_HC_TF	TESTED	JASPAR2024|000361|MA0847.4	0.1096	0.09984739809236277	FALSE
patient	TCGA-MP-A4SV	TCGA-MP-A4SV	GATA6	LUAD_LINEAGE_POSITIVE_CONTROL	TESTED	JASPAR2024|000382|MA1104.3	0.7918	0.0024234353105715076	FALSE
patient	TCGA-MP-A4SV	TCGA-MP-A4SV	HNF4A	LUAD_LINEAGE_POSITIVE_CONTROL	TESTED	JASPAR2024|000409|MA1494.2	0.6787	0.02506836554592377	FALSE
patient	TCGA-MP-A4SV	TCGA-MP-A4SV	NFATC4	LUAD_HC_TF	TESTED	JASPAR2024|000506|MA1525.3	0.1817	0.08833498501571535	FALSE
patient	TCGA-MP-A4SV	TCGA-MP-A4SV	NKX2-1	LUAD_LINEAGE_POSITIVE_CONTROL	TESTED	JASPAR2024|000822|MA1994.2	0.0584	0.2865668954836673	FALSE
patient	TCGA-MP-A4SV	TCGA-MP-A4SV	NR3C2	LUAD_HC_TF	TESTED	JASPAR2024|000539|MA0727.2	0.0307	0.24704207998790043	FALSE
patient	TCGA-MP-A4SV	TCGA-MP-A4SV	XBP1	LUAD_HC_TF	TESTED	CIS-BP2.00|000375|M04231_2.00	0.0001	0.4180372281433122	FALSE
patient	TCGA-MP-A4SV	TCGA-MP-A4SV	ZBTB18	LUAD_HC_TF	TESTED	CIS-BP2.00|000988|M08257_2.00	0.3432	0.08756712442895548	FALSE
patient	TCGA-MP-A4SV	TCGA-MP-A4SV	ZNF141	LUAD_HC_TF	TESTED	CIS-BP2.00|000653|M07586_2.00	0.552	0.033389298258866204	FALSE
patient	TCGA-MP-A4SV	TCGA-MP-A4SV	ZNF19	LUAD_HC_TF	TESTED	CIS-BP2.00|000670|M07603_2.00	0.9178	-0.08200257470924821	FALSE
patient	TCGA-MP-A4SV	TCGA-MP-A4SV	ZNF254	LUAD_HC_TF	TESTED	CIS-BP2.00|000827|M07760_2.00	1.0	-0.21332785281639188	FALSE
patient	TCGA-MP-A4SV	TCGA-MP-A4SV	ZNF281	LUAD_HC_TF	TESTED	JASPAR2024|000706|MA1630.3	0.6472	0.024513736888247106	FALSE
patient	TCGA-MP-A4SV	TCGA-MP-A4SV	ZNF33A	LUAD_HC_TF	TESTED	CIS-BP2.00|000762|M07695_2.00	0.013	0.27303847954216187	FALSE
patient	TCGA-MP-A4SV	TCGA-MP-A4SV	ZNF33B	LUAD_HC_TF	TESTED	CIS-BP2.00|000777|M07710_2.00	0.094	0.10603927594746493	FALSE
patient	TCGA-MP-A4SV	TCGA-MP-A4SV	ZNF341	LUAD_HC_TF	TESTED	JASPAR2024|000712|MA1655.2	0.9756	-0.24297119403243925	FALSE
patient	TCGA-MP-A4SV	TCGA-MP-A4SV	ZNF444	LUAD_HC_TF	TESTED	CIS-BP2.00|000420|M04529_2.00	0.0002	0.21167546563086026	FALSE
patient	TCGA-MP-A4SV	TCGA-MP-A4SV	ZNF540	LUAD_HC_TF	TESTED	CIS-BP2.00|000701|M07634_2.00	1.0	-0.06280742329368619	FALSE
patient	TCGA-MP-A4SV	TCGA-MP-A4SV	ZNF75D	LUAD_HC_TF	TESTED	CIS-BP2.00|000750|M07683_2.00	0.1188	0.09807989499938964	FALSE
patient	TCGA-MP-A4T4	TCGA-MP-A4T4	CEBPA	LUAD_LINEAGE_POSITIVE_CONTROL	TESTED	CIS-BP2.00|000926|M08076_2.00	0.5602	0.04172963706832275	FALSE
patient	TCGA-MP-A4T4	TCGA-MP-A4T4	CEBPB	LUAD_LINEAGE_POSITIVE_CONTROL	TESTED	JASPAR2024|000235|MA0466.4	0.0091	0.3047987438944894	FALSE
patient	TCGA-MP-A4T4	TCGA-MP-A4T4	CREB3L2	LUAD_HC_TF	TESTED	CIS-BP2.00|000117|M01812_2.00	0.0197	0.14204274538172626	FALSE
patient	TCGA-MP-A4T4	TCGA-MP-A4T4	E2F5	LUAD_HC_TF	TESTED	CIS-BP2.00|000940|M08109_2.00	1.0	-0.12769628930702953	FALSE
patient	TCGA-MP-A4T4	TCGA-MP-A4T4	ELF3	LUAD_HC_TF_AND_LINEAGE_POSITIVE_CONTROL	TESTED	CIS-BP2.00|000227|M03002_2.00	0.0	0.3113907355438624	TRUE
patient	TCGA-MP-A4T4	TCGA-MP-A4T4	ETV1	LUAD_HC_TF	TESTED	JASPAR2024|000311|MA0761.3	0.1078	0.6452615775297802	FALSE
patient	TCGA-MP-A4T4	TCGA-MP-A4T4	FOXA1	LUAD_LINEAGE_POSITIVE_CONTROL	TESTED	CIS-BP2.00|000890|M07960_2.00	0.007	0.16071387222923417	FALSE
patient	TCGA-MP-A4T4	TCGA-MP-A4T4	FOXA2	LUAD_LINEAGE_POSITIVE_CONTROL	TESTED	CIS-BP2.00|000889|M07959_2.00	0.0947	0.11041765929588339	FALSE
patient	TCGA-MP-A4T4	TCGA-MP-A4T4	FOXA3	LUAD_HC_TF	TESTED	CIS-BP2.00|000469|M04831_2.00	0.0	0.9667265675939689	TRUE
patient	TCGA-MP-A4T4	TCGA-MP-A4T4	FOXD2	LUAD_HC_TF	TESTED	JASPAR2024|000361|MA0847.4	0.1291	0.103736493250383	FALSE
patient	TCGA-MP-A4T4	TCGA-MP-A4T4	GATA6	LUAD_LINEAGE_POSITIVE_CONTROL	TESTED	JASPAR2024|000382|MA1104.3	1.0	-0.09920810996643965	FALSE
patient	TCGA-MP-A4T4	TCGA-MP-A4T4	HNF4A	LUAD_LINEAGE_POSITIVE_CONTROL	TESTED	JASPAR2024|000410|MA0114.5	0.8601	0.0014762051505368809	FALSE
patient	TCGA-MP-A4T4	TCGA-MP-A4T4	NFATC4	LUAD_HC_TF	TESTED	JASPAR2024|000506|MA1525.3	0.0502	0.13625784831415347	FALSE
patient	TCGA-MP-A4T4	TCGA-MP-A4T4	NKX2-1	LUAD_LINEAGE_POSITIVE_CONTROL	TESTED	JASPAR2024|000822|MA1994.2	1.0	-0.16241162245181823	FALSE
patient	TCGA-MP-A4T4	TCGA-MP-A4T4	NR3C2	LUAD_HC_TF	TESTED	JASPAR2024|000539|MA0727.2	0.3115	0.14015302870007407	FALSE
patient	TCGA-MP-A4T4	TCGA-MP-A4T4	XBP1	LUAD_HC_TF	TESTED	JASPAR2024|000675|MA0844.2	0.38	0.06157582578976076	FALSE
patient	TCGA-MP-A4T4	TCGA-MP-A4T4	ZBTB18	LUAD_HC_TF	TESTED	JASPAR2024|000681|MA0698.2	0.411	0.057817522932991965	FALSE
patient	TCGA-MP-A4T4	TCGA-MP-A4T4	ZNF141	LUAD_HC_TF	TESTED	CIS-BP2.00|000653|M07586_2.00	0.9471	-0.007268403889482187	FALSE
patient	TCGA-MP-A4T4	TCGA-MP-A4T4	ZNF19	LUAD_HC_TF	TESTED	CIS-BP2.00|000670|M07603_2.00	1.0	-0.3199203570372039	FALSE
patient	TCGA-MP-A4T4	TCGA-MP-A4T4	ZNF254	LUAD_HC_TF	TESTED	CIS-BP2.00|000827|M07760_2.00	1.0	-0.2837142060236465	FALSE
patient	TCGA-MP-A4T4	TCGA-MP-A4T4	ZNF281	LUAD_HC_TF	TESTED	JASPAR2024|000706|MA1630.3	0.9525	-0.010213344661935337	FALSE
patient	TCGA-MP-A4T4	TCGA-MP-A4T4	ZNF33A	LUAD_HC_TF	TESTED	CIS-BP2.00|000762|M07695_2.00	0.2962	0.12548078952398553	FALSE
patient	TCGA-MP-A4T4	TCGA-MP-A4T4	ZNF33B	LUAD_HC_TF	TESTED	CIS-BP2.00|000777|M07710_2.00	1.0	-0.03486807385903895	FALSE
patient	TCGA-MP-A4T4	TCGA-MP-A4T4	ZNF341	LUAD_HC_TF	TESTED	JASPAR2024|000712|MA1655.2	0.5889	0.11249649125191229	FALSE
patient	TCGA-MP-A4T4	TCGA-MP-A4T4	ZNF444	LUAD_HC_TF	TESTED	CIS-BP2.00|000420|M04529_2.00	0.013	0.1546840346552382	FALSE
patient	TCGA-MP-A4T4	TCGA-MP-A4T4	ZNF540	LUAD_HC_TF	TESTED	CIS-BP2.00|000701|M07634_2.00	0.9935	-0.017395371143282982	FALSE
patient	TCGA-MP-A4T4	TCGA-MP-A4T4	ZNF75D	LUAD_HC_TF	TESTED	JASPAR2024|000169|MA1601.2	0.4249	0.05987166785709933	FALSE
patient	TCGA-MP-A4T7	TCGA-MP-A4T7	CEBPA	LUAD_LINEAGE_POSITIVE_CONTROL	TESTED	CIS-BP2.00|000926|M08076_2.00	0.3196	0.06545461110844024	FALSE
patient	TCGA-MP-A4T7	TCGA-MP-A4T7	CEBPB	LUAD_LINEAGE_POSITIVE_CONTROL	TESTED	JASPAR2024|000235|MA0466.4	0.0	0.5508963828054635	TRUE
patient	TCGA-MP-A4T7	TCGA-MP-A4T7	CREB3L2	LUAD_HC_TF	TESTED	CIS-BP2.00|000117|M01812_2.00	0.0813	0.10882039003177367	FALSE
patient	TCGA-MP-A4T7	TCGA-MP-A4T7	E2F5	LUAD_HC_TF	TESTED	CIS-BP2.00|000940|M08109_2.00	0.9488	-0.0279827755654265	FALSE
patient	TCGA-MP-A4T7	TCGA-MP-A4T7	ELF3	LUAD_HC_TF_AND_LINEAGE_POSITIVE_CONTROL	TESTED	CIS-BP2.00|000227|M03002_2.00	0.0	0.2953059426255601	TRUE
patient	TCGA-MP-A4T7	TCGA-MP-A4T7	ETV1	LUAD_HC_TF	TESTED	JASPAR2024|000311|MA0761.3	0.0836	0.6914444231427105	FALSE
patient	TCGA-MP-A4T7	TCGA-MP-A4T7	FOXA1	LUAD_LINEAGE_POSITIVE_CONTROL	TESTED	CIS-BP2.00|000890|M07960_2.00	0.3612	0.057484865120565776	FALSE
patient	TCGA-MP-A4T7	TCGA-MP-A4T7	FOXA2	LUAD_LINEAGE_POSITIVE_CONTROL	TESTED	CIS-BP2.00|000889|M07959_2.00	0.6521	0.022127232347134047	FALSE
patient	TCGA-MP-A4T7	TCGA-MP-A4T7	FOXA3	LUAD_HC_TF	TESTED	CIS-BP2.00|000469|M04831_2.00	0.0	0.9413128297139121	TRUE
patient	TCGA-MP-A4T7	TCGA-MP-A4T7	FOXD2	LUAD_HC_TF	TESTED	JASPAR2024|000361|MA0847.4	0.0161	0.14779424277238742	FALSE
patient	TCGA-MP-A4T7	TCGA-MP-A4T7	GATA6	LUAD_LINEAGE_POSITIVE_CONTROL	TESTED	JASPAR2024|000382|MA1104.3	1.0	-0.11453272443320098	FALSE
patient	TCGA-MP-A4T7	TCGA-MP-A4T7	HNF4A	LUAD_LINEAGE_POSITIVE_CONTROL	TESTED	JASPAR2024|000409|MA1494.2	1.0	-0.04888220245759139	FALSE
patient	TCGA-MP-A4T7	TCGA-MP-A4T7	NFATC4	LUAD_HC_TF	TESTED	JASPAR2024|000506|MA1525.3	0.137	0.10230479994257577	FALSE
patient	TCGA-MP-A4T7	TCGA-MP-A4T7	NKX2-1	LUAD_LINEAGE_POSITIVE_CONTROL	TESTED	JASPAR2024|000822|MA1994.2	0.8558	-0.010285195321758334	FALSE
patient	TCGA-MP-A4T7	TCGA-MP-A4T7	NR3C2	LUAD_HC_TF	TESTED	JASPAR2024|000539|MA0727.2	0.6839	0.04097883453181243	FALSE
patient	TCGA-MP-A4T7	TCGA-MP-A4T7	XBP1	LUAD_HC_TF	TESTED	JASPAR2024|000675|MA0844.2	0.0039	0.16799341275319607	FALSE
patient	TCGA-MP-A4T7	TCGA-MP-A4T7	ZBTB18	LUAD_HC_TF	TESTED	JASPAR2024|000681|MA0698.2	0.7078	0.01590217872616521	FALSE
patient	TCGA-MP-A4T7	TCGA-MP-A4T7	ZNF141	LUAD_HC_TF	TESTED	CIS-BP2.00|000653|M07586_2.00	0.3993	0.05759298635591037	FALSE
patient	TCGA-MP-A4T7	TCGA-MP-A4T7	ZNF19	LUAD_HC_TF	TESTED	CIS-BP2.00|000670|M07603_2.00	0.1473	0.6732010724264498	FALSE
patient	TCGA-MP-A4T7	TCGA-MP-A4T7	ZNF254	LUAD_HC_TF	TESTED	CIS-BP2.00|000827|M07760_2.00	1.0	-0.2127394352589297	FALSE
patient	TCGA-MP-A4T7	TCGA-MP-A4T7	ZNF281	LUAD_HC_TF	TESTED	JASPAR2024|000706|MA1630.3	0.7674	0.01045127875638997	FALSE
patient	TCGA-MP-A4T7	TCGA-MP-A4T7	ZNF33A	LUAD_HC_TF	TESTED	CIS-BP2.00|000762|M07695_2.00	0.4787	0.07403956539518185	FALSE
patient	TCGA-MP-A4T7	TCGA-MP-A4T7	ZNF33B	LUAD_HC_TF	TESTED	CIS-BP2.00|000777|M07710_2.00	0.5877	0.031698703123568886	FALSE
patient	TCGA-MP-A4T7	TCGA-MP-A4T7	ZNF341	LUAD_HC_TF	TESTED	JASPAR2024|000712|MA1655.2	0.5869	0.1743353378850206	FALSE
patient	TCGA-MP-A4T7	TCGA-MP-A4T7	ZNF444	LUAD_HC_TF	TESTED	CIS-BP2.00|000420|M04529_2.00	0.0	0.24968595823607542	TRUE
patient	TCGA-MP-A4T7	TCGA-MP-A4T7	ZNF540	LUAD_HC_TF	TESTED	CIS-BP2.00|000701|M07634_2.00	1.0	-0.04423356767102856	FALSE
patient	TCGA-MP-A4T7	TCGA-MP-A4T7	ZNF75D	LUAD_HC_TF	TESTED	CIS-BP2.00|000750|M07683_2.00	0.0472	0.1259792784232219	FALSE
patient	TCGA-MP-A4TE	TCGA-MP-A4TE	CEBPA	LUAD_LINEAGE_POSITIVE_CONTROL	TESTED	JASPAR2024|000234|MA0102.5	0.161	0.09978885718255576	FALSE
patient	TCGA-MP-A4TE	TCGA-MP-A4TE	CEBPB	LUAD_LINEAGE_POSITIVE_CONTROL	TESTED	JASPAR2024|000235|MA0466.4	0.0	0.5874639586469168	TRUE
patient	TCGA-MP-A4TE	TCGA-MP-A4TE	CREB3L2	LUAD_HC_TF	TESTED	JASPAR2024|000025|MA0608.1	0.2753	0.07043159956034235	FALSE
patient	TCGA-MP-A4TE	TCGA-MP-A4TE	E2F5	LUAD_HC_TF	TESTED	CIS-BP2.00|000940|M08109_2.00	1.0	-0.06505513537972821	FALSE
patient	TCGA-MP-A4TE	TCGA-MP-A4TE	ELF3	LUAD_HC_TF_AND_LINEAGE_POSITIVE_CONTROL	TESTED	CIS-BP2.00|000227|M03002_2.00	0.0	0.3732868860404586	TRUE
patient	TCGA-MP-A4TE	TCGA-MP-A4TE	ETV1	LUAD_HC_TF	TESTED	JASPAR2024|000652|MA1966.2	0.4349	0.1465792159184609	FALSE
patient	TCGA-MP-A4TE	TCGA-MP-A4TE	FOXA1	LUAD_LINEAGE_POSITIVE_CONTROL	TESTED	CIS-BP2.00|000890|M07960_2.00	0.0554	0.1188599996555622	FALSE
patient	TCGA-MP-A4TE	TCGA-MP-A4TE	FOXA2	LUAD_LINEAGE_POSITIVE_CONTROL	TESTED	CIS-BP2.00|000889|M07959_2.00	0.253	0.07566612120834439	FALSE
patient	TCGA-MP-A4TE	TCGA-MP-A4TE	FOXA3	LUAD_HC_TF	TESTED	CIS-BP2.00|000469|M04831_2.00	0.0	0.9187411766118962	TRUE
patient	TCGA-MP-A4TE	TCGA-MP-A4TE	FOXD2	LUAD_HC_TF	TESTED	JASPAR2024|000361|MA0847.4	0.0243	0.14072584180549216	FALSE
patient	TCGA-MP-A4TE	TCGA-MP-A4TE	GATA6	LUAD_LINEAGE_POSITIVE_CONTROL	TESTED	JASPAR2024|000382|MA1104.3	1.0	-0.05709777652840527	FALSE
patient	TCGA-MP-A4TE	TCGA-MP-A4TE	HNF4A	LUAD_LINEAGE_POSITIVE_CONTROL	TESTED	CIS-BP2.00|000974|M08219_2.00	0.7924	0.014132297328256379	FALSE
patient	TCGA-MP-A4TE	TCGA-MP-A4TE	NFATC4	LUAD_HC_TF	TESTED	JASPAR2024|000506|MA1525.3	0.039	0.1391490351195763	FALSE
patient	TCGA-MP-A4TE	TCGA-MP-A4TE	NKX2-1	LUAD_LINEAGE_POSITIVE_CONTROL	TESTED	JASPAR2024|000822|MA1994.2	0.9856	-0.06632800131605307	FALSE
patient	TCGA-MP-A4TE	TCGA-MP-A4TE	NR3C2	LUAD_HC_TF	TESTED	JASPAR2024|000539|MA0727.2	0.4986	0.0848860266762522	FALSE
patient	TCGA-MP-A4TE	TCGA-MP-A4TE	XBP1	LUAD_HC_TF	TESTED	JASPAR2024|000675|MA0844.2	0.0956	0.10471182516686771	FALSE
patient	TCGA-MP-A4TE	TCGA-MP-A4TE	ZBTB18	LUAD_HC_TF	TESTED	JASPAR2024|000681|MA0698.2	0.9009	-0.012648176350448159	FALSE
patient	TCGA-MP-A4TE	TCGA-MP-A4TE	ZNF141	LUAD_HC_TF	TESTED	CIS-BP2.00|000653|M07586_2.00	0.9092	-0.015744988400385386	FALSE
patient	TCGA-MP-A4TE	TCGA-MP-A4TE	ZNF19	LUAD_HC_TF	TESTED	CIS-BP2.00|000670|M07603_2.00	0.3353	0.537818051318201	FALSE
patient	TCGA-MP-A4TE	TCGA-MP-A4TE	ZNF254	LUAD_HC_TF	TESTED	CIS-BP2.00|000827|M07760_2.00	1.0	-0.31974446260021266	FALSE
patient	TCGA-MP-A4TE	TCGA-MP-A4TE	ZNF281	LUAD_HC_TF	TESTED	JASPAR2024|000706|MA1630.3	1.0	-0.11516545412568892	FALSE
patient	TCGA-MP-A4TE	TCGA-MP-A4TE	ZNF33A	LUAD_HC_TF	TESTED	CIS-BP2.00|000762|M07695_2.00	0.5089	0.07271414303595346	FALSE
patient	TCGA-MP-A4TE	TCGA-MP-A4TE	ZNF33B	LUAD_HC_TF	TESTED	CIS-BP2.00|000777|M07710_2.00	1.0	-0.05542378909866595	FALSE
patient	TCGA-MP-A4TE	TCGA-MP-A4TE	ZNF341	LUAD_HC_TF	TESTED	CIS-BP2.00|001017|M08310_2.00	0.8468	0.0794262899696331	FALSE
patient	TCGA-MP-A4TE	TCGA-MP-A4TE	ZNF444	LUAD_HC_TF	TESTED	CIS-BP2.00|000420|M04529_2.00	0.0127	0.1543560793763368	FALSE
patient	TCGA-MP-A4TE	TCGA-MP-A4TE	ZNF540	LUAD_HC_TF	TESTED	CIS-BP2.00|000701|M07634_2.00	0.6222	0.0329669032706247	FALSE
patient	TCGA-MP-A4TE	TCGA-MP-A4TE	ZNF75D	LUAD_HC_TF	TESTED	JASPAR2024|000169|MA1601.2	0.0481	0.13409917462899842	FALSE
patient	TCGA-MP-A4TF	TCGA-MP-A4TF	CEBPA	LUAD_LINEAGE_POSITIVE_CONTROL	TESTED	CIS-BP2.00|000926|M08076_2.00	0.0989	0.1064811209812593	FALSE
patient	TCGA-MP-A4TF	TCGA-MP-A4TF	CEBPB	LUAD_LINEAGE_POSITIVE_CONTROL	TESTED	CIS-BP2.00|000866|M07830_2.00	0.0106	0.15014748190225982	FALSE
patient	TCGA-MP-A4TF	TCGA-MP-A4TF	CREB3L2	LUAD_HC_TF	TESTED	CIS-BP2.00|000117|M01812_2.00	0.0062	0.1580747580028353	FALSE
patient	TCGA-MP-A4TF	TCGA-MP-A4TF	E2F5	LUAD_HC_TF	TESTED	CIS-BP2.00|000940|M08109_2.00	1.0	-0.039667007564004056	FALSE
patient	TCGA-MP-A4TF	TCGA-MP-A4TF	ELF3	LUAD_HC_TF_AND_LINEAGE_POSITIVE_CONTROL	TESTED	CIS-BP2.00|000227|M03002_2.00	0.0	0.3784343704076023	TRUE
patient	TCGA-MP-A4TF	TCGA-MP-A4TF	ETV1	LUAD_HC_TF	TESTED	JASPAR2024|000311|MA0761.3	0.1156	0.6914971125905796	FALSE
patient	TCGA-MP-A4TF	TCGA-MP-A4TF	FOXA1	LUAD_LINEAGE_POSITIVE_CONTROL	TESTED	CIS-BP2.00|000890|M07960_2.00	0.2839	0.06971511120257431	FALSE
patient	TCGA-MP-A4TF	TCGA-MP-A4TF	FOXA2	LUAD_LINEAGE_POSITIVE_CONTROL	TESTED	CIS-BP2.00|000889|M07959_2.00	0.6937	0.02062446211880108	FALSE
patient	TCGA-MP-A4TF	TCGA-MP-A4TF	FOXA3	LUAD_HC_TF	TESTED	CIS-BP2.00|000469|M04831_2.00	0.0	0.8223419089120123	TRUE
patient	TCGA-MP-A4TF	TCGA-MP-A4TF	FOXD2	LUAD_HC_TF	TESTED	JASPAR2024|000361|MA0847.4	0.5523	0.0382430952999533	FALSE
patient	TCGA-MP-A4TF	TCGA-MP-A4TF	GATA6	LUAD_LINEAGE_POSITIVE_CONTROL	TESTED	JASPAR2024|000382|MA1104.3	0.7585	0.016856436994792896	FALSE
patient	TCGA-MP-A4TF	TCGA-MP-A4TF	HNF4A	LUAD_LINEAGE_POSITIVE_CONTROL	TESTED	JASPAR2024|000409|MA1494.2	0.8606	0.0023778239973064282	FALSE
patient	TCGA-MP-A4TF	TCGA-MP-A4TF	NFATC4	LUAD_HC_TF	TESTED	JASPAR2024|000506|MA1525.3	0.0042	0.18209300339999868	FALSE
patient	TCGA-MP-A4TF	TCGA-MP-A4TF	NKX2-1	LUAD_LINEAGE_POSITIVE_CONTROL	TESTED	JASPAR2024|000822|MA1994.2	1.0	-0.07347113000438417	FALSE
patient	TCGA-MP-A4TF	TCGA-MP-A4TF	NR3C2	LUAD_HC_TF	TESTED	JASPAR2024|000539|MA0727.2	0.3492	0.11965241667744249	FALSE
patient	TCGA-MP-A4TF	TCGA-MP-A4TF	XBP1	LUAD_HC_TF	TESTED	JASPAR2024|000675|MA0844.2	0.0003	0.20080273608356675	FALSE
patient	TCGA-MP-A4TF	TCGA-MP-A4TF	ZBTB18	LUAD_HC_TF	TESTED	JASPAR2024|000681|MA0698.2	0.6034	0.03040458519027224	FALSE
patient	TCGA-MP-A4TF	TCGA-MP-A4TF	ZNF141	LUAD_HC_TF	TESTED	CIS-BP2.00|000653|M07586_2.00	0.3853	0.06281573881479464	FALSE
patient	TCGA-MP-A4TF	TCGA-MP-A4TF	ZNF19	LUAD_HC_TF	TESTED	CIS-BP2.00|000670|M07603_2.00	0.8843	0.019193773144941466	FALSE
patient	TCGA-MP-A4TF	TCGA-MP-A4TF	ZNF254	LUAD_HC_TF	TESTED	CIS-BP2.00|000827|M07760_2.00	1.0	-0.16390541364156186	FALSE
patient	TCGA-MP-A4TF	TCGA-MP-A4TF	ZNF281	LUAD_HC_TF	TESTED	JASPAR2024|000706|MA1630.3	0.246	0.09932809141693225	FALSE
patient	TCGA-MP-A4TF	TCGA-MP-A4TF	ZNF33A	LUAD_HC_TF	TESTED	CIS-BP2.00|000762|M07695_2.00	0.8989	-0.009678709676896597	FALSE
patient	TCGA-MP-A4TF	TCGA-MP-A4TF	ZNF33B	LUAD_HC_TF	TESTED	CIS-BP2.00|000777|M07710_2.00	1.0	-0.038281152823585705	FALSE
patient	TCGA-MP-A4TF	TCGA-MP-A4TF	ZNF341	LUAD_HC_TF	TESTED	CIS-BP2.00|001017|M08310_2.00	0.9872	-0.10907993893616208	FALSE
patient	TCGA-MP-A4TF	TCGA-MP-A4TF	ZNF444	LUAD_HC_TF	TESTED	CIS-BP2.00|000420|M04529_2.00	0.0	0.24790967118075138	TRUE
patient	TCGA-MP-A4TF	TCGA-MP-A4TF	ZNF540	LUAD_HC_TF	TESTED	CIS-BP2.00|000701|M07634_2.00	0.9714	-0.023021654240371645	FALSE
patient	TCGA-MP-A4TF	TCGA-MP-A4TF	ZNF75D	LUAD_HC_TF	TESTED	CIS-BP2.00|000750|M07683_2.00	0.2939	0.0711030631982739	FALSE
patient	TCGA-NJ-A4YG	TCGA-NJ-A4YG	CEBPA	LUAD_LINEAGE_POSITIVE_CONTROL	TESTED	JASPAR2024|000234|MA0102.5	0.3801	0.05538443984251727	FALSE
patient	TCGA-NJ-A4YG	TCGA-NJ-A4YG	CEBPB	LUAD_LINEAGE_POSITIVE_CONTROL	TESTED	JASPAR2024|000235|MA0466.4	0.013	0.2869287634383354	FALSE
patient	TCGA-NJ-A4YG	TCGA-NJ-A4YG	CREB3L2	LUAD_HC_TF	TESTED	CIS-BP2.00|000117|M01812_2.00	0.0061	0.15701473153359727	FALSE
patient	TCGA-NJ-A4YG	TCGA-NJ-A4YG	E2F5	LUAD_HC_TF	TESTED	CIS-BP2.00|000940|M08109_2.00	1.0	-0.08370224489875225	FALSE
patient	TCGA-NJ-A4YG	TCGA-NJ-A4YG	ELF3	LUAD_HC_TF_AND_LINEAGE_POSITIVE_CONTROL	TESTED	CIS-BP2.00|000227|M03002_2.00	0.0	0.4026785434973128	TRUE
patient	TCGA-NJ-A4YG	TCGA-NJ-A4YG	ETV1	LUAD_HC_TF	TESTED	JASPAR2024|000311|MA0761.3	0.2264	0.3091925714312646	FALSE
patient	TCGA-NJ-A4YG	TCGA-NJ-A4YG	FOXA1	LUAD_LINEAGE_POSITIVE_CONTROL	TESTED	CIS-BP2.00|000890|M07960_2.00	0.0088	0.1502194240255103	FALSE
patient	TCGA-NJ-A4YG	TCGA-NJ-A4YG	FOXA2	LUAD_LINEAGE_POSITIVE_CONTROL	TESTED	CIS-BP2.00|000889|M07959_2.00	0.0035	0.16939305837124286	FALSE
patient	TCGA-NJ-A4YG	TCGA-NJ-A4YG	FOXA3	LUAD_HC_TF	TESTED	CIS-BP2.00|000469|M04831_2.00	0.0	0.7693113378254058	TRUE
patient	TCGA-NJ-A4YG	TCGA-NJ-A4YG	FOXD2	LUAD_HC_TF	TESTED	JASPAR2024|000361|MA0847.4	0.0023	0.1783239590973652	FALSE
patient	TCGA-NJ-A4YG	TCGA-NJ-A4YG	GATA6	LUAD_LINEAGE_POSITIVE_CONTROL	TESTED	JASPAR2024|000382|MA1104.3	1.0	-0.06989280074785933	FALSE
patient	TCGA-NJ-A4YG	TCGA-NJ-A4YG	HNF4A	LUAD_LINEAGE_POSITIVE_CONTROL	TESTED	CIS-BP2.00|000974|M08219_2.00	0.8398	-0.01458045762439347	FALSE
patient	TCGA-NJ-A4YG	TCGA-NJ-A4YG	NFATC4	LUAD_HC_TF	TESTED	JASPAR2024|000506|MA1525.3	0.0327	0.1348350913246352	FALSE
patient	TCGA-NJ-A4YG	TCGA-NJ-A4YG	NKX2-1	LUAD_LINEAGE_POSITIVE_CONTROL	TESTED	JASPAR2024|000822|MA1994.2	0.2995	0.1286786773044795	FALSE
patient	TCGA-NJ-A4YG	TCGA-NJ-A4YG	NR3C2	LUAD_HC_TF	TESTED	JASPAR2024|000539|MA0727.2	0.7002	0.03596148192169121	FALSE
patient	TCGA-NJ-A4YG	TCGA-NJ-A4YG	XBP1	LUAD_HC_TF	TESTED	CIS-BP2.00|000375|M04231_2.00	0.0	0.4681771574373655	TRUE
patient	TCGA-NJ-A4YG	TCGA-NJ-A4YG	ZBTB18	LUAD_HC_TF	TESTED	CIS-BP2.00|000988|M08257_2.00	0.5613	0.040281248935323644	FALSE
patient	TCGA-NJ-A4YG	TCGA-NJ-A4YG	ZNF141	LUAD_HC_TF	TESTED	CIS-BP2.00|000653|M07586_2.00	0.6014	0.02664396672662792	FALSE
patient	TCGA-NJ-A4YG	TCGA-NJ-A4YG	ZNF19	LUAD_HC_TF	TESTED	CIS-BP2.00|000670|M07603_2.00	0.7522	-0.15014381752154835	FALSE
patient	TCGA-NJ-A4YG	TCGA-NJ-A4YG	ZNF254	LUAD_HC_TF	TESTED	CIS-BP2.00|000827|M07760_2.00	1.0	-0.2658560589223889	FALSE
patient	TCGA-NJ-A4YG	TCGA-NJ-A4YG	ZNF281	LUAD_HC_TF	TESTED	JASPAR2024|000706|MA1630.3	1.0	-0.07243929168310231	FALSE
patient	TCGA-NJ-A4YG	TCGA-NJ-A4YG	ZNF33A	LUAD_HC_TF	TESTED	CIS-BP2.00|000762|M07695_2.00	0.3122	0.09649176351073713	FALSE
patient	TCGA-NJ-A4YG	TCGA-NJ-A4YG	ZNF33B	LUAD_HC_TF	TESTED	CIS-BP2.00|000777|M07710_2.00	1.0	-0.0657791411500359	FALSE
patient	TCGA-NJ-A4YG	TCGA-NJ-A4YG	ZNF341	LUAD_HC_TF	TESTED	JASPAR2024|000712|MA1655.2	0.2499	-0.8732167000890928	FALSE
patient	TCGA-NJ-A4YG	TCGA-NJ-A4YG	ZNF444	LUAD_HC_TF	TESTED	CIS-BP2.00|000420|M04529_2.00	0.0298	0.13165520313097878	FALSE
patient	TCGA-NJ-A4YG	TCGA-NJ-A4YG	ZNF540	LUAD_HC_TF	TESTED	CIS-BP2.00|000701|M07634_2.00	0.2217	0.08919079547936981	FALSE
patient	TCGA-NJ-A4YG	TCGA-NJ-A4YG	ZNF75D	LUAD_HC_TF	TESTED	JASPAR2024|000169|MA1601.2	0.1857	0.08439458594469824	FALSE
PDX	MGH10022	MGH10022	CEBPA	LUAD_LINEAGE_POSITIVE_CONTROL	TESTED	JASPAR2024|000234|MA0102.5	0.1949	0.08156232159334767	FALSE
PDX	MGH10022	MGH10022	CEBPB	LUAD_LINEAGE_POSITIVE_CONTROL	TESTED	JASPAR2024|000235|MA0466.4	0.0002	0.3843237401077617	FALSE
PDX	MGH10022	MGH10022	CREB3L2	LUAD_HC_TF	TESTED	CIS-BP2.00|000117|M01812_2.00	0.1267	0.08727130570720054	FALSE
PDX	MGH10022	MGH10022	E2F5	LUAD_HC_TF	TESTED	CIS-BP2.00|000940|M08109_2.00	1.0	-0.0676605347208242	FALSE
PDX	MGH10022	MGH10022	ELF3	LUAD_HC_TF_AND_LINEAGE_POSITIVE_CONTROL	TESTED	CIS-BP2.00|000227|M03002_2.00	0.0	0.34931654481273144	TRUE
PDX	MGH10022	MGH10022	ETV1	LUAD_HC_TF	TESTED	JASPAR2024|000311|MA0761.3	0.4886	0.23042217375004928	FALSE
PDX	MGH10022	MGH10022	FOXA1	LUAD_LINEAGE_POSITIVE_CONTROL	TESTED	JASPAR2024|000356|MA0148.5	0.0524	0.138522350157421	FALSE
PDX	MGH10022	MGH10022	FOXA2	LUAD_LINEAGE_POSITIVE_CONTROL	TESTED	JASPAR2024|000357|MA0047.4	0.1791	0.09085699787616083	FALSE
PDX	MGH10022	MGH10022	FOXA3	LUAD_HC_TF	TESTED	CIS-BP2.00|000469|M04831_2.00	0.0362	0.3225005276570971	FALSE
PDX	MGH10022	MGH10022	FOXD2	LUAD_HC_TF	TESTED	CIS-BP2.00|000235|M03042_2.00	0.0831	0.10148595276172635	FALSE
PDX	MGH10022	MGH10022	GATA6	LUAD_LINEAGE_POSITIVE_CONTROL	TESTED	JASPAR2024|000382|MA1104.3	0.7815	0.0005352065851752288	FALSE
PDX	MGH10022	MGH10022	HNF4A	LUAD_LINEAGE_POSITIVE_CONTROL	TESTED	JASPAR2024|000410|MA0114.5	0.9371	-0.05155563025944904	FALSE
PDX	MGH10022	MGH10022	NFATC4	LUAD_HC_TF	TESTED	JASPAR2024|000506|MA1525.3	0.0	0.26050683864188207	TRUE
PDX	MGH10022	MGH10022	NKX2-1	LUAD_LINEAGE_POSITIVE_CONTROL	TESTED	JASPAR2024|000822|MA1994.2	1.0	-0.173702581492418	FALSE
PDX	MGH10022	MGH10022	NR3C2	LUAD_HC_TF	TESTED	JASPAR2024|000539|MA0727.2	0.988	-0.0630152771636832	FALSE
PDX	MGH10022	MGH10022	XBP1	LUAD_HC_TF	TESTED	JASPAR2024|000675|MA0844.2	0.0065	0.1513965525591799	FALSE
PDX	MGH10022	MGH10022	ZBTB18	LUAD_HC_TF	TESTED	CIS-BP2.00|000988|M08257_2.00	1.0	-0.0741767900221388	FALSE
PDX	MGH10022	MGH10022	ZNF141	LUAD_HC_TF	TESTED	CIS-BP2.00|000653|M07586_2.00	0.7571	0.0032030461399165824	FALSE
PDX	MGH10022	MGH10022	ZNF19	LUAD_HC_TF	TESTED	CIS-BP2.00|000670|M07603_2.00	0.5121	0.2742114442920983	FALSE
PDX	MGH10022	MGH10022	ZNF254	LUAD_HC_TF	TESTED	CIS-BP2.00|000827|M07760_2.00	1.0	-0.11335899924594015	FALSE
PDX	MGH10022	MGH10022	ZNF281	LUAD_HC_TF	TESTED	JASPAR2024|000706|MA1630.3	0.822	-0.007644871228968321	FALSE
PDX	MGH10022	MGH10022	ZNF33A	LUAD_HC_TF	TESTED	CIS-BP2.00|000762|M07695_2.00	0.0215	0.22575576388513424	FALSE
PDX	MGH10022	MGH10022	ZNF33B	LUAD_HC_TF	TESTED	CIS-BP2.00|000777|M07710_2.00	1.0	-0.12020638258759772	FALSE
PDX	MGH10022	MGH10022	ZNF341	LUAD_HC_TF	TESTED	CIS-BP2.00|001017|M08310_2.00	0.5166	0.555866385881095	FALSE
PDX	MGH10022	MGH10022	ZNF444	LUAD_HC_TF	TESTED	CIS-BP2.00|000420|M04529_2.00	0.051	0.11552101268443231	FALSE
PDX	MGH10022	MGH10022	ZNF540	LUAD_HC_TF	TESTED	CIS-BP2.00|000701|M07634_2.00	1.0	-0.05779139686205056	FALSE
PDX	MGH10022	MGH10022	ZNF75D	LUAD_HC_TF	TESTED	JASPAR2024|000169|MA1601.2	0.065	0.11344048737463402	FALSE
PDX	MGH1062	MGH1062	CEBPA	LUAD_LINEAGE_POSITIVE_CONTROL	TESTED	JASPAR2024|000234|MA0102.5	0.1016	0.09123463820240724	FALSE
PDX	MGH1062	MGH1062	CEBPB	LUAD_LINEAGE_POSITIVE_CONTROL	TESTED	JASPAR2024|000235|MA0466.4	0.0	0.5044905910085631	TRUE
PDX	MGH1062	MGH1062	CREB3L2	LUAD_HC_TF	TESTED	CIS-BP2.00|000117|M01812_2.00	0.0807	0.08972852557890874	FALSE
PDX	MGH1062	MGH1062	E2F5	LUAD_HC_TF	TESTED	CIS-BP2.00|000940|M08109_2.00	0.0011	0.27027471877895415	FALSE
PDX	MGH1062	MGH1062	ELF3	LUAD_HC_TF_AND_LINEAGE_POSITIVE_CONTROL	TESTED	CIS-BP2.00|000227|M03002_2.00	0.0	0.4906998080364994	TRUE
PDX	MGH1062	MGH1062	ETV1	LUAD_HC_TF	TESTED	CIS-BP2.00|000457|M04708_2.00	0.3703	0.40197002989825364	FALSE
PDX	MGH1062	MGH1062	FOXA1	LUAD_LINEAGE_POSITIVE_CONTROL	TESTED	JASPAR2024|000356|MA0148.5	0.0388	0.13242096313802793	FALSE
PDX	MGH1062	MGH1062	FOXA2	LUAD_LINEAGE_POSITIVE_CONTROL	TESTED	JASPAR2024|000357|MA0047.4	0.0268	0.13599386271701	FALSE
PDX	MGH1062	MGH1062	FOXA3	LUAD_HC_TF	TESTED	JASPAR2024|000358|MA1683.2	0.0102	0.20745007250084915	FALSE
PDX	MGH1062	MGH1062	FOXD2	LUAD_HC_TF	TESTED	CIS-BP2.00|000235|M03042_2.00	0.8681	-0.014671433434344003	FALSE
PDX	MGH1062	MGH1062	GATA6	LUAD_LINEAGE_POSITIVE_CONTROL	TESTED	JASPAR2024|000382|MA1104.3	0.019	0.16035647257563368	FALSE
PDX	MGH1062	MGH1062	HNF4A	LUAD_LINEAGE_POSITIVE_CONTROL	TESTED	JASPAR2024|000410|MA0114.5	0.0102	0.3246208788179977	FALSE
PDX	MGH1062	MGH1062	NFATC4	LUAD_HC_TF	TESTED	JASPAR2024|000506|MA1525.3	0.0	0.2737716695782441	TRUE
PDX	MGH1062	MGH1062	NKX2-1	LUAD_LINEAGE_POSITIVE_CONTROL	TESTED	JASPAR2024|000822|MA1994.2	0.0018	0.37178245916348174	FALSE
PDX	MGH1062	MGH1062	NR3C2	LUAD_HC_TF	TESTED	JASPAR2024|000539|MA0727.2	1.0	-0.28681880457561887	FALSE
PDX	MGH1062	MGH1062	XBP1	LUAD_HC_TF	TESTED	JASPAR2024|000675|MA0844.2	0.0	0.32483806346147254	TRUE
PDX	MGH1062	MGH1062	ZBTB18	LUAD_HC_TF	TESTED	JASPAR2024|000681|MA0698.2	1.0	-0.1236324104594814	FALSE
PDX	MGH1062	MGH1062	ZNF141	LUAD_HC_TF	TESTED	CIS-BP2.00|000653|M07586_2.00	0.664	0.009311193160112835	FALSE
PDX	MGH1062	MGH1062	ZNF19	LUAD_HC_TF	TESTED	CIS-BP2.00|000670|M07603_2.00	0.0299	0.8540822756802875	FALSE
PDX	MGH1062	MGH1062	ZNF254	LUAD_HC_TF	TESTED	CIS-BP2.00|000827|M07760_2.00	1.0	-0.09219112471073862	FALSE
PDX	MGH1062	MGH1062	ZNF281	LUAD_HC_TF	TESTED	JASPAR2024|000706|MA1630.3	0.0121	0.16759375974495014	FALSE
PDX	MGH1062	MGH1062	ZNF33A	LUAD_HC_TF	TESTED	CIS-BP2.00|000762|M07695_2.00	0.2729	0.08347947474567365	FALSE
PDX	MGH1062	MGH1062	ZNF33B	LUAD_HC_TF	TESTED	CIS-BP2.00|000777|M07710_2.00	1.0	-0.04536943158784309	FALSE
PDX	MGH1062	MGH1062	ZNF341	LUAD_HC_TF	TESTED	CIS-BP2.00|001017|M08310_2.00	0.6081	0.04779260728861085	FALSE
PDX	MGH1062	MGH1062	ZNF444	LUAD_HC_TF	TESTED	CIS-BP2.00|000420|M04529_2.00	0.9002	-0.019382422075796244	FALSE
PDX	MGH1062	MGH1062	ZNF540	LUAD_HC_TF	TESTED	CIS-BP2.00|000701|M07634_2.00	1.0	-0.04674191654928724	FALSE
PDX	MGH1062	MGH1062	ZNF75D	LUAD_HC_TF	TESTED	JASPAR2024|000169|MA1601.2	0.0005	0.19396018025059014	FALSE
PDX	MGH1065	MGH1065	CEBPA	LUAD_LINEAGE_POSITIVE_CONTROL	NOT_TESTABLE_PEAK_COUNT_MATCH	NA	1.0	0.0	FALSE
PDX	MGH1065	MGH1065	CEBPB	LUAD_LINEAGE_POSITIVE_CONTROL	NOT_TESTABLE_PEAK_COUNT_MATCH	NA	1.0	0.0	FALSE
PDX	MGH1065	MGH1065	CREB3L2	LUAD_HC_TF	NOT_TESTABLE_PEAK_COUNT_MATCH	NA	1.0	0.0	FALSE
PDX	MGH1065	MGH1065	E2F5	LUAD_HC_TF	NOT_TESTABLE_PEAK_COUNT_MATCH	NA	1.0	0.0	FALSE
PDX	MGH1065	MGH1065	ELF3	LUAD_HC_TF_AND_LINEAGE_POSITIVE_CONTROL	NOT_TESTABLE_PEAK_COUNT_MATCH	NA	1.0	0.0	FALSE
PDX	MGH1065	MGH1065	ETV1	LUAD_HC_TF	NOT_TESTABLE_PEAK_COUNT_MATCH	NA	1.0	0.0	FALSE
PDX	MGH1065	MGH1065	FOXA1	LUAD_LINEAGE_POSITIVE_CONTROL	NOT_TESTABLE_PEAK_COUNT_MATCH	NA	1.0	0.0	FALSE
PDX	MGH1065	MGH1065	FOXA2	LUAD_LINEAGE_POSITIVE_CONTROL	NOT_TESTABLE_PEAK_COUNT_MATCH	NA	1.0	0.0	FALSE
PDX	MGH1065	MGH1065	FOXA3	LUAD_HC_TF	NOT_TESTABLE_PEAK_COUNT_MATCH	NA	1.0	0.0	FALSE
PDX	MGH1065	MGH1065	FOXD2	LUAD_HC_TF	NOT_TESTABLE_PEAK_COUNT_MATCH	NA	1.0	0.0	FALSE
PDX	MGH1065	MGH1065	GATA6	LUAD_LINEAGE_POSITIVE_CONTROL	NOT_TESTABLE_PEAK_COUNT_MATCH	NA	1.0	0.0	FALSE
PDX	MGH1065	MGH1065	HNF4A	LUAD_LINEAGE_POSITIVE_CONTROL	NOT_TESTABLE_PEAK_COUNT_MATCH	NA	1.0	0.0	FALSE
PDX	MGH1065	MGH1065	NFATC4	LUAD_HC_TF	NOT_TESTABLE_PEAK_COUNT_MATCH	NA	1.0	0.0	FALSE
PDX	MGH1065	MGH1065	NKX2-1	LUAD_LINEAGE_POSITIVE_CONTROL	NOT_TESTABLE_PEAK_COUNT_MATCH	NA	1.0	0.0	FALSE
PDX	MGH1065	MGH1065	NR3C2	LUAD_HC_TF	NOT_TESTABLE_PEAK_COUNT_MATCH	NA	1.0	0.0	FALSE
PDX	MGH1065	MGH1065	XBP1	LUAD_HC_TF	NOT_TESTABLE_PEAK_COUNT_MATCH	NA	1.0	0.0	FALSE
PDX	MGH1065	MGH1065	ZBTB18	LUAD_HC_TF	NOT_TESTABLE_PEAK_COUNT_MATCH	NA	1.0	0.0	FALSE
PDX	MGH1065	MGH1065	ZNF141	LUAD_HC_TF	NOT_TESTABLE_PEAK_COUNT_MATCH	NA	1.0	0.0	FALSE
PDX	MGH1065	MGH1065	ZNF19	LUAD_HC_TF	NOT_TESTABLE_PEAK_COUNT_MATCH	NA	1.0	0.0	FALSE
PDX	MGH1065	MGH1065	ZNF254	LUAD_HC_TF	NOT_TESTABLE_PEAK_COUNT_MATCH	NA	1.0	0.0	FALSE
PDX	MGH1065	MGH1065	ZNF281	LUAD_HC_TF	NOT_TESTABLE_PEAK_COUNT_MATCH	NA	1.0	0.0	FALSE
PDX	MGH1065	MGH1065	ZNF33A	LUAD_HC_TF	NOT_TESTABLE_PEAK_COUNT_MATCH	NA	1.0	0.0	FALSE
PDX	MGH1065	MGH1065	ZNF33B	LUAD_HC_TF	NOT_TESTABLE_PEAK_COUNT_MATCH	NA	1.0	0.0	FALSE
PDX	MGH1065	MGH1065	ZNF341	LUAD_HC_TF	NOT_TESTABLE_PEAK_COUNT_MATCH	NA	1.0	0.0	FALSE
PDX	MGH1065	MGH1065	ZNF444	LUAD_HC_TF	NOT_TESTABLE_PEAK_COUNT_MATCH	NA	1.0	0.0	FALSE
PDX	MGH1065	MGH1065	ZNF540	LUAD_HC_TF	NOT_TESTABLE_PEAK_COUNT_MATCH	NA	1.0	0.0	FALSE
PDX	MGH1065	MGH1065	ZNF75D	LUAD_HC_TF	NOT_TESTABLE_PEAK_COUNT_MATCH	NA	1.0	0.0	FALSE
PDX	MGH1068	MGH1068	CEBPA	LUAD_LINEAGE_POSITIVE_CONTROL	TESTED	CIS-BP2.00|000926|M08076_2.00	0.1262	0.08694895225753214	FALSE
PDX	MGH1068	MGH1068	CEBPB	LUAD_LINEAGE_POSITIVE_CONTROL	TESTED	JASPAR2024|000235|MA0466.4	0.0	0.6104135257853399	TRUE
PDX	MGH1068	MGH1068	CREB3L2	LUAD_HC_TF	TESTED	CIS-BP2.00|000117|M01812_2.00	0.007	0.15078043335757516	FALSE
PDX	MGH1068	MGH1068	E2F5	LUAD_HC_TF	TESTED	CIS-BP2.00|000940|M08109_2.00	1.0	-0.09803791812139444	FALSE
PDX	MGH1068	MGH1068	ELF3	LUAD_HC_TF_AND_LINEAGE_POSITIVE_CONTROL	TESTED	CIS-BP2.00|000227|M03002_2.00	0.0	0.5721847250152915	TRUE
PDX	MGH1068	MGH1068	ETV1	LUAD_HC_TF	TESTED	JASPAR2024|000311|MA0761.3	0.2048	0.5385257255639231	FALSE
PDX	MGH1068	MGH1068	FOXA1	LUAD_LINEAGE_POSITIVE_CONTROL	TESTED	CIS-BP2.00|000890|M07960_2.00	0.0083	0.14744113584643756	FALSE
PDX	MGH1068	MGH1068	FOXA2	LUAD_LINEAGE_POSITIVE_CONTROL	TESTED	CIS-BP2.00|000889|M07959_2.00	0.0309	0.12361284194850335	FALSE
PDX	MGH1068	MGH1068	FOXA3	LUAD_HC_TF	TESTED	CIS-BP2.00|000469|M04831_2.00	0.0	0.6075905763438547	TRUE
PDX	MGH1068	MGH1068	FOXD2	LUAD_HC_TF	TESTED	CIS-BP2.00|000235|M03042_2.00	0.3045	0.05584137756425504	FALSE
PDX	MGH1068	MGH1068	GATA6	LUAD_LINEAGE_POSITIVE_CONTROL	TESTED	JASPAR2024|000382|MA1104.3	0.5535	0.03466991763767729	FALSE
PDX	MGH1068	MGH1068	HNF4A	LUAD_LINEAGE_POSITIVE_CONTROL	TESTED	JASPAR2024|000410|MA0114.5	0.1065	0.25220513741307704	FALSE
PDX	MGH1068	MGH1068	NFATC4	LUAD_HC_TF	TESTED	JASPAR2024|000506|MA1525.3	0.0002	0.23236984611045586	FALSE
PDX	MGH1068	MGH1068	NKX2-1	LUAD_LINEAGE_POSITIVE_CONTROL	TESTED	JASPAR2024|000822|MA1994.2	0.2206	0.1701345411412642	FALSE
PDX	MGH1068	MGH1068	NR3C2	LUAD_HC_TF	TESTED	CIS-BP2.00|000154|M02395_2.00	1.0	1.186292255731285	FALSE
PDX	MGH1068	MGH1068	XBP1	LUAD_HC_TF	TESTED	JASPAR2024|000675|MA0844.2	0.0019	0.17275830305220966	FALSE
PDX	MGH1068	MGH1068	ZBTB18	LUAD_HC_TF	TESTED	CIS-BP2.00|000988|M08257_2.00	0.7784	0.007802793909517029	FALSE
PDX	MGH1068	MGH1068	ZNF141	LUAD_HC_TF	TESTED	CIS-BP2.00|000653|M07586_2.00	0.1895	0.08176289766154106	FALSE
PDX	MGH1068	MGH1068	ZNF19	LUAD_HC_TF	TESTED	CIS-BP2.00|000670|M07603_2.00	0.5283	0.3453759881725601	FALSE
PDX	MGH1068	MGH1068	ZNF254	LUAD_HC_TF	TESTED	CIS-BP2.00|000827|M07760_2.00	1.0	-0.08301449679717769	FALSE
PDX	MGH1068	MGH1068	ZNF281	LUAD_HC_TF	TESTED	CIS-BP2.00|001020|M08321_2.00	0.2188	0.08842834355014274	FALSE
PDX	MGH1068	MGH1068	ZNF33A	LUAD_HC_TF	TESTED	CIS-BP2.00|000762|M07695_2.00	0.6032	0.0401531589864017	FALSE
PDX	MGH1068	MGH1068	ZNF33B	LUAD_HC_TF	TESTED	CIS-BP2.00|000777|M07710_2.00	1.0	-0.07761493168142831	FALSE
PDX	MGH1068	MGH1068	ZNF341	LUAD_HC_TF	TESTED	JASPAR2024|000712|MA1655.2	0.8139	1.3148552606175985	FALSE
PDX	MGH1068	MGH1068	ZNF444	LUAD_HC_TF	TESTED	CIS-BP2.00|000420|M04529_2.00	0.0073	0.1556539296070385	FALSE
PDX	MGH1068	MGH1068	ZNF540	LUAD_HC_TF	TESTED	CIS-BP2.00|000701|M07634_2.00	1.0	-0.05641106314590921	FALSE
PDX	MGH1068	MGH1068	ZNF75D	LUAD_HC_TF	TESTED	JASPAR2024|000169|MA1601.2	0.0646	0.11315276470084829	FALSE
PDX	MGH1089	MGH1089	CEBPA	LUAD_LINEAGE_POSITIVE_CONTROL	TESTED	JASPAR2024|000234|MA0102.5	0.0111	0.14492084820149645	FALSE
PDX	MGH1089	MGH1089	CEBPB	LUAD_LINEAGE_POSITIVE_CONTROL	TESTED	JASPAR2024|000235|MA0466.4	0.0001	0.3693094379458714	FALSE
PDX	MGH1089	MGH1089	CREB3L2	LUAD_HC_TF	TESTED	CIS-BP2.00|000117|M01812_2.00	0.0001	0.20193297277008798	FALSE
PDX	MGH1089	MGH1089	E2F5	LUAD_HC_TF	TESTED	CIS-BP2.00|000940|M08109_2.00	0.0001	0.323458837251083	FALSE
PDX	MGH1089	MGH1089	ELF3	LUAD_HC_TF_AND_LINEAGE_POSITIVE_CONTROL	TESTED	CIS-BP2.00|000227|M03002_2.00	0.0	0.6323241550915818	TRUE
PDX	MGH1089	MGH1089	ETV1	LUAD_HC_TF	TESTED	JASPAR2024|000652|MA1966.2	0.3312	0.11805270965325394	FALSE
PDX	MGH1089	MGH1089	FOXA1	LUAD_LINEAGE_POSITIVE_CONTROL	TESTED	CIS-BP2.00|000890|M07960_2.00	0.0022	0.15784197583174683	FALSE
PDX	MGH1089	MGH1089	FOXA2	LUAD_LINEAGE_POSITIVE_CONTROL	TESTED	CIS-BP2.00|000889|M07959_2.00	0.0004	0.18294251793586921	FALSE
PDX	MGH1089	MGH1089	FOXA3	LUAD_HC_TF	TESTED	JASPAR2024|000358|MA1683.2	0.005	0.22653342339504587	FALSE
PDX	MGH1089	MGH1089	FOXD2	LUAD_HC_TF	TESTED	CIS-BP2.00|000235|M03042_2.00	0.2899	0.05186997180407408	FALSE
PDX	MGH1089	MGH1089	GATA6	LUAD_LINEAGE_POSITIVE_CONTROL	TESTED	CIS-BP2.00|000947|M08124_2.00	0.025	0.13117070875267686	FALSE
PDX	MGH1089	MGH1089	HNF4A	LUAD_LINEAGE_POSITIVE_CONTROL	TESTED	JASPAR2024|000409|MA1494.2	0.0306	0.17703529661781822	FALSE
PDX	MGH1089	MGH1089	NFATC4	LUAD_HC_TF	TESTED	JASPAR2024|000506|MA1525.3	0.0	0.26111212159107344	TRUE
PDX	MGH1089	MGH1089	NKX2-1	LUAD_LINEAGE_POSITIVE_CONTROL	TESTED	JASPAR2024|000822|MA1994.2	0.3866	0.08253209587880764	FALSE
PDX	MGH1089	MGH1089	NR3C2	LUAD_HC_TF	TESTED	JASPAR2024|000539|MA0727.2	1.0	-0.10005614209946334	FALSE
PDX	MGH1089	MGH1089	XBP1	LUAD_HC_TF	TESTED	CIS-BP2.00|000375|M04231_2.00	0.0	0.46194171488773367	TRUE
PDX	MGH1089	MGH1089	ZBTB18	LUAD_HC_TF	TESTED	CIS-BP2.00|000988|M08257_2.00	1.0	-0.1318446591296646	FALSE
PDX	MGH1089	MGH1089	ZNF141	LUAD_HC_TF	TESTED	CIS-BP2.00|000653|M07586_2.00	0.3434	0.04786423748316767	FALSE
PDX	MGH1089	MGH1089	ZNF19	LUAD_HC_TF	TESTED	CIS-BP2.00|000670|M07603_2.00	0.4246	0.20260462137895954	FALSE
PDX	MGH1089	MGH1089	ZNF254	LUAD_HC_TF	TESTED	CIS-BP2.00|000827|M07760_2.00	0.898	-0.02274696347357003	FALSE
PDX	MGH1089	MGH1089	ZNF281	LUAD_HC_TF	TESTED	JASPAR2024|000706|MA1630.3	0.0143	0.16098678383763193	FALSE
PDX	MGH1089	MGH1089	ZNF33A	LUAD_HC_TF	TESTED	CIS-BP2.00|000762|M07695_2.00	0.4716	0.046027740019275634	FALSE
PDX	MGH1089	MGH1089	ZNF33B	LUAD_HC_TF	TESTED	CIS-BP2.00|000777|M07710_2.00	1.0	-0.07391951687015787	FALSE
PDX	MGH1089	MGH1089	ZNF341	LUAD_HC_TF	TESTED	JASPAR2024|000712|MA1655.2	0.6508	-0.015687064197980948	FALSE
PDX	MGH1089	MGH1089	ZNF444	LUAD_HC_TF	TESTED	CIS-BP2.00|000420|M04529_2.00	0.1399	0.07816007520944465	FALSE
PDX	MGH1089	MGH1089	ZNF540	LUAD_HC_TF	TESTED	CIS-BP2.00|000701|M07634_2.00	0.8477	-0.012018632197951688	FALSE
PDX	MGH1089	MGH1089	ZNF75D	LUAD_HC_TF	TESTED	CIS-BP2.00|000750|M07683_2.00	0.3971	0.0377611353686256	FALSE
PDX	MGH1109	MGH1109	CEBPA	LUAD_LINEAGE_POSITIVE_CONTROL	TESTED	JASPAR2024|000234|MA0102.5	0.0266	0.13221050464360568	FALSE
PDX	MGH1109	MGH1109	CEBPB	LUAD_LINEAGE_POSITIVE_CONTROL	TESTED	JASPAR2024|000235|MA0466.4	0.0	0.4925846338125493	TRUE
PDX	MGH1109	MGH1109	CREB3L2	LUAD_HC_TF	TESTED	CIS-BP2.00|000117|M01812_2.00	0.0836	0.09302469955955872	FALSE
PDX	MGH1109	MGH1109	E2F5	LUAD_HC_TF	TESTED	CIS-BP2.00|000940|M08109_2.00	0.1694	0.11387666651625704	FALSE
PDX	MGH1109	MGH1109	ELF3	LUAD_HC_TF_AND_LINEAGE_POSITIVE_CONTROL	TESTED	CIS-BP2.00|000227|M03002_2.00	0.0	0.529487673272846	TRUE
PDX	MGH1109	MGH1109	ETV1	LUAD_HC_TF	TESTED	JASPAR2024|000652|MA1966.2	0.8777	-0.008691985436858986	FALSE
PDX	MGH1109	MGH1109	FOXA1	LUAD_LINEAGE_POSITIVE_CONTROL	TESTED	CIS-BP2.00|000890|M07960_2.00	0.1143	0.08482180425643167	FALSE
PDX	MGH1109	MGH1109	FOXA2	LUAD_LINEAGE_POSITIVE_CONTROL	TESTED	CIS-BP2.00|000889|M07959_2.00	0.0779	0.09624931163333567	FALSE
PDX	MGH1109	MGH1109	FOXA3	LUAD_HC_TF	TESTED	CIS-BP2.00|000469|M04831_2.00	0.2064	0.18333241190831645	FALSE
PDX	MGH1109	MGH1109	FOXD2	LUAD_HC_TF	TESTED	CIS-BP2.00|000235|M03042_2.00	0.71	0.01193201846914387	FALSE
PDX	MGH1109	MGH1109	GATA6	LUAD_LINEAGE_POSITIVE_CONTROL	TESTED	CIS-BP2.00|000947|M08124_2.00	0.1558	0.08698730045816791	FALSE
PDX	MGH1109	MGH1109	HNF4A	LUAD_LINEAGE_POSITIVE_CONTROL	TESTED	JASPAR2024|000410|MA0114.5	0.1265	0.20996449890787405	FALSE
PDX	MGH1109	MGH1109	NFATC4	LUAD_HC_TF	TESTED	JASPAR2024|000506|MA1525.3	0.0	0.36757418712664575	TRUE
PDX	MGH1109	MGH1109	NKX2-1	LUAD_LINEAGE_POSITIVE_CONTROL	TESTED	JASPAR2024|000822|MA1994.2	0.2142	0.15739396465746225	FALSE
PDX	MGH1109	MGH1109	NR3C2	LUAD_HC_TF	TESTED	CIS-BP2.00|000154|M02395_2.00	1.0	1.5029854639272093	FALSE
PDX	MGH1109	MGH1109	XBP1	LUAD_HC_TF	TESTED	JASPAR2024|000675|MA0844.2	0.0	0.31739808643347617	TRUE
PDX	MGH1109	MGH1109	ZBTB18	LUAD_HC_TF	TESTED	JASPAR2024|000681|MA0698.2	1.0	-0.06540028857422088	FALSE
PDX	MGH1109	MGH1109	ZNF141	LUAD_HC_TF	TESTED	CIS-BP2.00|000653|M07586_2.00	0.0885	0.10229144006735695	FALSE
PDX	MGH1109	MGH1109	ZNF19	LUAD_HC_TF	TESTED	CIS-BP2.00|000670|M07603_2.00	0.2672	0.4806128169341322	FALSE
PDX	MGH1109	MGH1109	ZNF254	LUAD_HC_TF	TESTED	CIS-BP2.00|000827|M07760_2.00	1.0	-0.16817975901490062	FALSE
PDX	MGH1109	MGH1109	ZNF281	LUAD_HC_TF	TESTED	JASPAR2024|000706|MA1630.3	0.0705	0.1246013427975469	FALSE
PDX	MGH1109	MGH1109	ZNF33A	LUAD_HC_TF	TESTED	CIS-BP2.00|000762|M07695_2.00	0.5447	0.04881151107603847	FALSE
PDX	MGH1109	MGH1109	ZNF33B	LUAD_HC_TF	TESTED	CIS-BP2.00|000777|M07710_2.00	1.0	-0.09789902238683058	FALSE
PDX	MGH1109	MGH1109	ZNF341	LUAD_HC_TF	TESTED	JASPAR2024|000712|MA1655.2	0.4647	1.4518812087490203	FALSE
PDX	MGH1109	MGH1109	ZNF444	LUAD_HC_TF	TESTED	CIS-BP2.00|000420|M04529_2.00	0.2524	0.06344848428426512	FALSE
PDX	MGH1109	MGH1109	ZNF540	LUAD_HC_TF	TESTED	CIS-BP2.00|000701|M07634_2.00	1.0	-0.0791314801525291	FALSE
PDX	MGH1109	MGH1109	ZNF75D	LUAD_HC_TF	TESTED	JASPAR2024|000169|MA1601.2	0.0001	0.22683072781687938	FALSE
PDX	MGH1112	MGH1112	CEBPA	LUAD_LINEAGE_POSITIVE_CONTROL	TESTED	JASPAR2024|000234|MA0102.5	0.0001	0.23022454022906141	FALSE
PDX	MGH1112	MGH1112	CEBPB	LUAD_LINEAGE_POSITIVE_CONTROL	TESTED	JASPAR2024|000235|MA0466.4	0.0	0.5156498490876917	TRUE
PDX	MGH1112	MGH1112	CREB3L2	LUAD_HC_TF	TESTED	CIS-BP2.00|000117|M01812_2.00	0.0	0.24241319311232873	TRUE
PDX	MGH1112	MGH1112	E2F5	LUAD_HC_TF	TESTED	CIS-BP2.00|000940|M08109_2.00	1.0	-0.06830804788244373	FALSE
PDX	MGH1112	MGH1112	ELF3	LUAD_HC_TF_AND_LINEAGE_POSITIVE_CONTROL	TESTED	CIS-BP2.00|000227|M03002_2.00	0.0	0.5451918671370846	TRUE
PDX	MGH1112	MGH1112	ETV1	LUAD_HC_TF	TESTED	JASPAR2024|000652|MA1966.2	0.4484	0.07955129909675965	FALSE
PDX	MGH1112	MGH1112	FOXA1	LUAD_LINEAGE_POSITIVE_CONTROL	TESTED	CIS-BP2.00|000890|M07960_2.00	0.0189	0.1231354212302269	FALSE
PDX	MGH1112	MGH1112	FOXA2	LUAD_LINEAGE_POSITIVE_CONTROL	TESTED	JASPAR2024|000357|MA0047.4	0.089	0.10567307709780853	FALSE
PDX	MGH1112	MGH1112	FOXA3	LUAD_HC_TF	TESTED	CIS-BP2.00|000469|M04831_2.00	0.0	0.7810545060737264	TRUE
PDX	MGH1112	MGH1112	FOXD2	LUAD_HC_TF	TESTED	JASPAR2024|000361|MA0847.4	0.4171	0.037877908381934215	FALSE
PDX	MGH1112	MGH1112	GATA6	LUAD_LINEAGE_POSITIVE_CONTROL	TESTED	JASPAR2024|000382|MA1104.3	0.3488	0.05531191395250024	FALSE
PDX	MGH1112	MGH1112	HNF4A	LUAD_LINEAGE_POSITIVE_CONTROL	TESTED	JASPAR2024|000409|MA1494.2	0.338	0.07430701269364862	FALSE
PDX	MGH1112	MGH1112	NFATC4	LUAD_HC_TF	TESTED	JASPAR2024|000506|MA1525.3	0.0	0.3615524987714811	TRUE
PDX	MGH1112	MGH1112	NKX2-1	LUAD_LINEAGE_POSITIVE_CONTROL	TESTED	JASPAR2024|000822|MA1994.2	0.0093	0.32150850442690565	FALSE
PDX	MGH1112	MGH1112	NR3C2	LUAD_HC_TF	TESTED	JASPAR2024|000539|MA0727.2	1.0	-0.14194303694231591	FALSE
PDX	MGH1112	MGH1112	XBP1	LUAD_HC_TF	TESTED	CIS-BP2.00|000375|M04231_2.00	0.0	0.46486333728187673	TRUE
PDX	MGH1112	MGH1112	ZBTB18	LUAD_HC_TF	TESTED	JASPAR2024|000681|MA0698.2	1.0	-0.04083164135125068	FALSE
PDX	MGH1112	MGH1112	ZNF141	LUAD_HC_TF	TESTED	CIS-BP2.00|000653|M07586_2.00	0.1662	0.07792648375357314	FALSE
PDX	MGH1112	MGH1112	ZNF19	LUAD_HC_TF	TESTED	CIS-BP2.00|000670|M07603_2.00	0.905	-0.21453122659890508	FALSE
PDX	MGH1112	MGH1112	ZNF254	LUAD_HC_TF	TESTED	CIS-BP2.00|000827|M07760_2.00	1.0	-0.1489816242018294	FALSE
PDX	MGH1112	MGH1112	ZNF281	LUAD_HC_TF	TESTED	JASPAR2024|000706|MA1630.3	0.5135	0.030494489981507333	FALSE
PDX	MGH1112	MGH1112	ZNF33A	LUAD_HC_TF	TESTED	CIS-BP2.00|000762|M07695_2.00	0.0161	0.21784056383106315	FALSE
PDX	MGH1112	MGH1112	ZNF33B	LUAD_HC_TF	TESTED	CIS-BP2.00|000777|M07710_2.00	1.0	-0.06747967591405687	FALSE
PDX	MGH1112	MGH1112	ZNF341	LUAD_HC_TF	TESTED	JASPAR2024|000712|MA1655.2	0.9371	-1.2751344336278152	FALSE
PDX	MGH1112	MGH1112	ZNF444	LUAD_HC_TF	TESTED	CIS-BP2.00|000420|M04529_2.00	0.0083	0.14540943871489403	FALSE
PDX	MGH1112	MGH1112	ZNF540	LUAD_HC_TF	TESTED	CIS-BP2.00|000701|M07634_2.00	1.0	-0.17262680460261826	FALSE
PDX	MGH1112	MGH1112	ZNF75D	LUAD_HC_TF	TESTED	JASPAR2024|000169|MA1601.2	0.128	0.08445673308140281	FALSE
PDX	MGH1139	MGH1139	CEBPA	LUAD_LINEAGE_POSITIVE_CONTROL	TESTED	JASPAR2024|000234|MA0102.5	0.0992	0.09284852279225032	FALSE
PDX	MGH1139	MGH1139	CEBPB	LUAD_LINEAGE_POSITIVE_CONTROL	TESTED	JASPAR2024|000235|MA0466.4	0.0	0.4671698412024171	TRUE
PDX	MGH1139	MGH1139	CREB3L2	LUAD_HC_TF	TESTED	CIS-BP2.00|000117|M01812_2.00	0.0502	0.10083998576241182	FALSE
PDX	MGH1139	MGH1139	E2F5	LUAD_HC_TF	TESTED	CIS-BP2.00|000940|M08109_2.00	0.0117	0.20668780518300378	FALSE
PDX	MGH1139	MGH1139	ELF3	LUAD_HC_TF_AND_LINEAGE_POSITIVE_CONTROL	TESTED	CIS-BP2.00|000227|M03002_2.00	0.0	0.5250793625525796	TRUE
PDX	MGH1139	MGH1139	ETV1	LUAD_HC_TF	TESTED	JASPAR2024|000652|MA1966.2	0.3256	0.12754735374848775	FALSE
PDX	MGH1139	MGH1139	FOXA1	LUAD_LINEAGE_POSITIVE_CONTROL	TESTED	CIS-BP2.00|000890|M07960_2.00	0.0076	0.13808493854717876	FALSE
PDX	MGH1139	MGH1139	FOXA2	LUAD_LINEAGE_POSITIVE_CONTROL	TESTED	CIS-BP2.00|000889|M07959_2.00	0.1045	0.08385280233573689	FALSE
PDX	MGH1139	MGH1139	FOXA3	LUAD_HC_TF	TESTED	CIS-BP2.00|000469|M04831_2.00	0.1028	0.22443860918182879	FALSE
PDX	MGH1139	MGH1139	FOXD2	LUAD_HC_TF	TESTED	CIS-BP2.00|000235|M03042_2.00	0.7998	-0.0032829905484695085	FALSE
PDX	MGH1139	MGH1139	GATA6	LUAD_LINEAGE_POSITIVE_CONTROL	TESTED	JASPAR2024|000382|MA1104.3	0.0486	0.13271570900460422	FALSE
PDX	MGH1139	MGH1139	HNF4A	LUAD_LINEAGE_POSITIVE_CONTROL	TESTED	JASPAR2024|000409|MA1494.2	0.0	0.3264048830332677	TRUE
PDX	MGH1139	MGH1139	NFATC4	LUAD_HC_TF	TESTED	JASPAR2024|000506|MA1525.3	0.0	0.3849724101754198	TRUE
PDX	MGH1139	MGH1139	NKX2-1	LUAD_LINEAGE_POSITIVE_CONTROL	TESTED	JASPAR2024|000822|MA1994.2	0.3515	0.09684708097231717	FALSE
PDX	MGH1139	MGH1139	NR3C2	LUAD_HC_TF	TESTED	JASPAR2024|000539|MA0727.2	0.8979	-0.026182193496863265	FALSE
PDX	MGH1139	MGH1139	XBP1	LUAD_HC_TF	TESTED	JASPAR2024|000675|MA0844.2	0.0	0.2799388156985175	TRUE
PDX	MGH1139	MGH1139	ZBTB18	LUAD_HC_TF	TESTED	JASPAR2024|000681|MA0698.2	1.0	-0.25253962478891895	FALSE
PDX	MGH1139	MGH1139	ZNF141	LUAD_HC_TF	TESTED	CIS-BP2.00|000653|M07586_2.00	0.1028	0.09240302551781059	FALSE
PDX	MGH1139	MGH1139	ZNF19	LUAD_HC_TF	TESTED	CIS-BP2.00|000670|M07603_2.00	0.4117	0.2762710992697998	FALSE
PDX	MGH1139	MGH1139	ZNF254	LUAD_HC_TF	TESTED	CIS-BP2.00|000827|M07760_2.00	1.0	-0.0655733015395203	FALSE
PDX	MGH1139	MGH1139	ZNF281	LUAD_HC_TF	TESTED	JASPAR2024|000706|MA1630.3	0.0	0.2881610562204152	TRUE
PDX	MGH1139	MGH1139	ZNF33A	LUAD_HC_TF	TESTED	CIS-BP2.00|000762|M07695_2.00	0.0023	0.261669973983381	FALSE
PDX	MGH1139	MGH1139	ZNF33B	LUAD_HC_TF	TESTED	CIS-BP2.00|000777|M07710_2.00	1.0	-0.08448346134484176	FALSE
PDX	MGH1139	MGH1139	ZNF341	LUAD_HC_TF	TESTED	JASPAR2024|000712|MA1655.2	0.0992	2.81467336313157	FALSE
PDX	MGH1139	MGH1139	ZNF444	LUAD_HC_TF	TESTED	CIS-BP2.00|000420|M04529_2.00	0.0923	0.09044847888829319	FALSE
PDX	MGH1139	MGH1139	ZNF540	LUAD_HC_TF	TESTED	CIS-BP2.00|000701|M07634_2.00	0.9375	-0.022767564922378133	FALSE
PDX	MGH1139	MGH1139	ZNF75D	LUAD_HC_TF	TESTED	JASPAR2024|000169|MA1601.2	0.0034	0.16362890636031197	FALSE
PDX	MGH1157	MGH1157	CEBPA	LUAD_LINEAGE_POSITIVE_CONTROL	NOT_TESTABLE_PEAK_COUNT_MATCH	NA	1.0	0.0	FALSE
PDX	MGH1157	MGH1157	CEBPB	LUAD_LINEAGE_POSITIVE_CONTROL	NOT_TESTABLE_PEAK_COUNT_MATCH	NA	1.0	0.0	FALSE
PDX	MGH1157	MGH1157	CREB3L2	LUAD_HC_TF	NOT_TESTABLE_PEAK_COUNT_MATCH	NA	1.0	0.0	FALSE
PDX	MGH1157	MGH1157	E2F5	LUAD_HC_TF	NOT_TESTABLE_PEAK_COUNT_MATCH	NA	1.0	0.0	FALSE
PDX	MGH1157	MGH1157	ELF3	LUAD_HC_TF_AND_LINEAGE_POSITIVE_CONTROL	NOT_TESTABLE_PEAK_COUNT_MATCH	NA	1.0	0.0	FALSE
PDX	MGH1157	MGH1157	ETV1	LUAD_HC_TF	NOT_TESTABLE_PEAK_COUNT_MATCH	NA	1.0	0.0	FALSE
PDX	MGH1157	MGH1157	FOXA1	LUAD_LINEAGE_POSITIVE_CONTROL	NOT_TESTABLE_PEAK_COUNT_MATCH	NA	1.0	0.0	FALSE
PDX	MGH1157	MGH1157	FOXA2	LUAD_LINEAGE_POSITIVE_CONTROL	NOT_TESTABLE_PEAK_COUNT_MATCH	NA	1.0	0.0	FALSE
PDX	MGH1157	MGH1157	FOXA3	LUAD_HC_TF	NOT_TESTABLE_PEAK_COUNT_MATCH	NA	1.0	0.0	FALSE
PDX	MGH1157	MGH1157	FOXD2	LUAD_HC_TF	NOT_TESTABLE_PEAK_COUNT_MATCH	NA	1.0	0.0	FALSE
PDX	MGH1157	MGH1157	GATA6	LUAD_LINEAGE_POSITIVE_CONTROL	NOT_TESTABLE_PEAK_COUNT_MATCH	NA	1.0	0.0	FALSE
PDX	MGH1157	MGH1157	HNF4A	LUAD_LINEAGE_POSITIVE_CONTROL	NOT_TESTABLE_PEAK_COUNT_MATCH	NA	1.0	0.0	FALSE
PDX	MGH1157	MGH1157	NFATC4	LUAD_HC_TF	NOT_TESTABLE_PEAK_COUNT_MATCH	NA	1.0	0.0	FALSE
PDX	MGH1157	MGH1157	NKX2-1	LUAD_LINEAGE_POSITIVE_CONTROL	NOT_TESTABLE_PEAK_COUNT_MATCH	NA	1.0	0.0	FALSE
PDX	MGH1157	MGH1157	NR3C2	LUAD_HC_TF	NOT_TESTABLE_PEAK_COUNT_MATCH	NA	1.0	0.0	FALSE
PDX	MGH1157	MGH1157	XBP1	LUAD_HC_TF	NOT_TESTABLE_PEAK_COUNT_MATCH	NA	1.0	0.0	FALSE
PDX	MGH1157	MGH1157	ZBTB18	LUAD_HC_TF	NOT_TESTABLE_PEAK_COUNT_MATCH	NA	1.0	0.0	FALSE
PDX	MGH1157	MGH1157	ZNF141	LUAD_HC_TF	NOT_TESTABLE_PEAK_COUNT_MATCH	NA	1.0	0.0	FALSE
PDX	MGH1157	MGH1157	ZNF19	LUAD_HC_TF	NOT_TESTABLE_PEAK_COUNT_MATCH	NA	1.0	0.0	FALSE
PDX	MGH1157	MGH1157	ZNF254	LUAD_HC_TF	NOT_TESTABLE_PEAK_COUNT_MATCH	NA	1.0	0.0	FALSE
PDX	MGH1157	MGH1157	ZNF281	LUAD_HC_TF	NOT_TESTABLE_PEAK_COUNT_MATCH	NA	1.0	0.0	FALSE
PDX	MGH1157	MGH1157	ZNF33A	LUAD_HC_TF	NOT_TESTABLE_PEAK_COUNT_MATCH	NA	1.0	0.0	FALSE
PDX	MGH1157	MGH1157	ZNF33B	LUAD_HC_TF	NOT_TESTABLE_PEAK_COUNT_MATCH	NA	1.0	0.0	FALSE
PDX	MGH1157	MGH1157	ZNF341	LUAD_HC_TF	NOT_TESTABLE_PEAK_COUNT_MATCH	NA	1.0	0.0	FALSE
PDX	MGH1157	MGH1157	ZNF444	LUAD_HC_TF	NOT_TESTABLE_PEAK_COUNT_MATCH	NA	1.0	0.0	FALSE
PDX	MGH1157	MGH1157	ZNF540	LUAD_HC_TF	NOT_TESTABLE_PEAK_COUNT_MATCH	NA	1.0	0.0	FALSE
PDX	MGH1157	MGH1157	ZNF75D	LUAD_HC_TF	NOT_TESTABLE_PEAK_COUNT_MATCH	NA	1.0	0.0	FALSE
PDX	MGH1174	MGH1174	CEBPA	LUAD_LINEAGE_POSITIVE_CONTROL	TESTED	JASPAR2024|000234|MA0102.5	0.0015	0.1810996822730183	FALSE
PDX	MGH1174	MGH1174	CEBPB	LUAD_LINEAGE_POSITIVE_CONTROL	TESTED	JASPAR2024|000235|MA0466.4	0.0	0.7271420552647311	TRUE
PDX	MGH1174	MGH1174	CREB3L2	LUAD_HC_TF	TESTED	CIS-BP2.00|000117|M01812_2.00	0.0321	0.1097302051405782	FALSE
PDX	MGH1174	MGH1174	E2F5	LUAD_HC_TF	TESTED	CIS-BP2.00|000940|M08109_2.00	0.0009	0.2745050683621891	FALSE
PDX	MGH1174	MGH1174	ELF3	LUAD_HC_TF_AND_LINEAGE_POSITIVE_CONTROL	TESTED	CIS-BP2.00|000227|M03002_2.00	0.0	0.5621108964995554	TRUE
PDX	MGH1174	MGH1174	ETV1	LUAD_HC_TF	TESTED	CIS-BP2.00|000457|M04708_2.00	0.1814	0.9326310796496027	FALSE
PDX	MGH1174	MGH1174	FOXA1	LUAD_LINEAGE_POSITIVE_CONTROL	TESTED	JASPAR2024|000356|MA0148.5	0.0371	0.13292484536571525	FALSE
PDX	MGH1174	MGH1174	FOXA2	LUAD_LINEAGE_POSITIVE_CONTROL	TESTED	JASPAR2024|000357|MA0047.4	0.0339	0.12840927022014997	FALSE
PDX	MGH1174	MGH1174	FOXA3	LUAD_HC_TF	TESTED	JASPAR2024|000358|MA1683.2	0.0106	0.20518500621539837	FALSE
PDX	MGH1174	MGH1174	FOXD2	LUAD_HC_TF	TESTED	JASPAR2024|000361|MA0847.4	0.3793	0.04117774425043416	FALSE
PDX	MGH1174	MGH1174	GATA6	LUAD_LINEAGE_POSITIVE_CONTROL	TESTED	JASPAR2024|000382|MA1104.3	0.0229	0.1512524951988921	FALSE
PDX	MGH1174	MGH1174	HNF4A	LUAD_LINEAGE_POSITIVE_CONTROL	TESTED	JASPAR2024|000410|MA0114.5	0.3888	0.08908479947050517	FALSE
PDX	MGH1174	MGH1174	NFATC4	LUAD_HC_TF	TESTED	JASPAR2024|000506|MA1525.3	0.0	0.35344933024746594	TRUE
PDX	MGH1174	MGH1174	NKX2-1	LUAD_LINEAGE_POSITIVE_CONTROL	TESTED	JASPAR2024|000822|MA1994.2	0.1858	0.1426302525476052	FALSE
PDX	MGH1174	MGH1174	NR3C2	LUAD_HC_TF	TESTED	JASPAR2024|000539|MA0727.2	1.0	-0.07353693291438101	FALSE
PDX	MGH1174	MGH1174	XBP1	LUAD_HC_TF	TESTED	JASPAR2024|000675|MA0844.2	0.0	0.24834592741366227	TRUE
PDX	MGH1174	MGH1174	ZBTB18	LUAD_HC_TF	TESTED	CIS-BP2.00|000988|M08257_2.00	1.0	-0.17277259626938185	FALSE
PDX	MGH1174	MGH1174	ZNF141	LUAD_HC_TF	TESTED	CIS-BP2.00|000653|M07586_2.00	0.0224	0.12997143002878006	FALSE
PDX	MGH1174	MGH1174	ZNF19	LUAD_HC_TF	TESTED	CIS-BP2.00|000670|M07603_2.00	0.7735	-0.016766898293688492	FALSE
PDX	MGH1174	MGH1174	ZNF254	LUAD_HC_TF	TESTED	CIS-BP2.00|000827|M07760_2.00	1.0	-0.19647319733058957	FALSE
PDX	MGH1174	MGH1174	ZNF281	LUAD_HC_TF	TESTED	JASPAR2024|000706|MA1630.3	0.0046	0.18773315505431107	FALSE
PDX	MGH1174	MGH1174	ZNF33A	LUAD_HC_TF	TESTED	CIS-BP2.00|000762|M07695_2.00	0.7689	-0.0018449729684410117	FALSE
PDX	MGH1174	MGH1174	ZNF33B	LUAD_HC_TF	TESTED	CIS-BP2.00|000777|M07710_2.00	1.0	-0.20145883446057372	FALSE
PDX	MGH1174	MGH1174	ZNF341	LUAD_HC_TF	TESTED	CIS-BP2.00|001017|M08310_2.00	0.0683	1.029255891423187	FALSE
PDX	MGH1174	MGH1174	ZNF444	LUAD_HC_TF	TESTED	CIS-BP2.00|000420|M04529_2.00	0.3577	0.04489120615095071	FALSE
PDX	MGH1174	MGH1174	ZNF540	LUAD_HC_TF	TESTED	CIS-BP2.00|000701|M07634_2.00	1.0	-0.1513472719407406	FALSE
PDX	MGH1174	MGH1174	ZNF75D	LUAD_HC_TF	TESTED	JASPAR2024|000169|MA1601.2	0.3755	0.04289031931998281	FALSE
PDX	MGH1181	MGH1181	CEBPA	LUAD_LINEAGE_POSITIVE_CONTROL	TESTED	JASPAR2024|000234|MA0102.5	0.0133	0.14332379794601743	FALSE
PDX	MGH1181	MGH1181	CEBPB	LUAD_LINEAGE_POSITIVE_CONTROL	TESTED	CIS-BP2.00|000866|M07830_2.00	0.0013	0.16689710744441974	FALSE
PDX	MGH1181	MGH1181	CREB3L2	LUAD_HC_TF	TESTED	CIS-BP2.00|000117|M01812_2.00	0.0001	0.20455070116268723	FALSE
PDX	MGH1181	MGH1181	E2F5	LUAD_HC_TF	TESTED	CIS-BP2.00|000940|M08109_2.00	0.9262	-0.03836267284644498	FALSE
PDX	MGH1181	MGH1181	ELF3	LUAD_HC_TF_AND_LINEAGE_POSITIVE_CONTROL	TESTED	CIS-BP2.00|000227|M03002_2.00	0.0	0.6137570227513678	TRUE
PDX	MGH1181	MGH1181	ETV1	LUAD_HC_TF	TESTED	JASPAR2024|000311|MA0761.3	0.0266	0.7717001413716145	FALSE
PDX	MGH1181	MGH1181	FOXA1	LUAD_LINEAGE_POSITIVE_CONTROL	TESTED	CIS-BP2.00|000890|M07960_2.00	0.0554	0.09922178579301119	FALSE
PDX	MGH1181	MGH1181	FOXA2	LUAD_LINEAGE_POSITIVE_CONTROL	TESTED	JASPAR2024|000357|MA0047.4	0.0913	0.10378637191343129	FALSE
PDX	MGH1181	MGH1181	FOXA3	LUAD_HC_TF	TESTED	JASPAR2024|000358|MA1683.2	0.1012	0.132359024823396	FALSE
PDX	MGH1181	MGH1181	FOXD2	LUAD_HC_TF	TESTED	CIS-BP2.00|000235|M03042_2.00	0.3541	0.042907067503190385	FALSE
PDX	MGH1181	MGH1181	GATA6	LUAD_LINEAGE_POSITIVE_CONTROL	TESTED	JASPAR2024|000382|MA1104.3	0.0015	0.21962312326817346	FALSE
PDX	MGH1181	MGH1181	HNF4A	LUAD_LINEAGE_POSITIVE_CONTROL	TESTED	JASPAR2024|000410|MA0114.5	0.3322	0.10990060934783334	FALSE
PDX	MGH1181	MGH1181	NFATC4	LUAD_HC_TF	TESTED	JASPAR2024|000506|MA1525.3	0.0	0.4301921184831657	TRUE
PDX	MGH1181	MGH1181	NKX2-1	LUAD_LINEAGE_POSITIVE_CONTROL	TESTED	JASPAR2024|000822|MA1994.2	0.0964	0.1978247993916738	FALSE
PDX	MGH1181	MGH1181	NR3C2	LUAD_HC_TF	TESTED	JASPAR2024|000539|MA0727.2	1.0	-0.2974378650027303	FALSE
PDX	MGH1181	MGH1181	XBP1	LUAD_HC_TF	TESTED	JASPAR2024|000675|MA0844.2	0.0	0.27334897437788064	TRUE
PDX	MGH1181	MGH1181	ZBTB18	LUAD_HC_TF	TESTED	CIS-BP2.00|000988|M08257_2.00	0.5323	0.03136129599509772	FALSE
PDX	MGH1181	MGH1181	ZNF141	LUAD_HC_TF	TESTED	CIS-BP2.00|000653|M07586_2.00	0.0006	0.200557068940808	FALSE
PDX	MGH1181	MGH1181	ZNF19	LUAD_HC_TF	TESTED	CIS-BP2.00|000670|M07603_2.00	0.4545	0.24288337155665446	FALSE
PDX	MGH1181	MGH1181	ZNF254	LUAD_HC_TF	TESTED	CIS-BP2.00|000827|M07760_2.00	1.0	-0.2139831239084788	FALSE
PDX	MGH1181	MGH1181	ZNF281	LUAD_HC_TF	TESTED	JASPAR2024|000706|MA1630.3	0.0227	0.15307148988830632	FALSE
PDX	MGH1181	MGH1181	ZNF33A	LUAD_HC_TF	TESTED	CIS-BP2.00|000762|M07695_2.00	0.015	0.21955334017915654	FALSE
PDX	MGH1181	MGH1181	ZNF33B	LUAD_HC_TF	TESTED	CIS-BP2.00|000777|M07710_2.00	1.0	-0.09674501705201839	FALSE
PDX	MGH1181	MGH1181	ZNF341	LUAD_HC_TF	TESTED	JASPAR2024|000712|MA1655.2	0.115	2.314132694345215	FALSE
PDX	MGH1181	MGH1181	ZNF444	LUAD_HC_TF	TESTED	CIS-BP2.00|000420|M04529_2.00	0.1179	0.08311990327731389	FALSE
PDX	MGH1181	MGH1181	ZNF540	LUAD_HC_TF	TESTED	CIS-BP2.00|000701|M07634_2.00	0.9826	-0.04291417784639478	FALSE
PDX	MGH1181	MGH1181	ZNF75D	LUAD_HC_TF	TESTED	JASPAR2024|000169|MA1601.2	0.0003	0.20363325744730568	FALSE
PDX	MGH9183	MGH9183	CEBPA	LUAD_LINEAGE_POSITIVE_CONTROL	TESTED	JASPAR2024|000234|MA0102.5	0.4923	0.033701862879733674	FALSE
PDX	MGH9183	MGH9183	CEBPB	LUAD_LINEAGE_POSITIVE_CONTROL	TESTED	JASPAR2024|000235|MA0466.4	0.0	0.40474500466799357	TRUE
PDX	MGH9183	MGH9183	CREB3L2	LUAD_HC_TF	TESTED	CIS-BP2.00|000117|M01812_2.00	0.0001	0.2130971647811122	FALSE
PDX	MGH9183	MGH9183	E2F5	LUAD_HC_TF	TESTED	CIS-BP2.00|000940|M08109_2.00	0.3872	0.06184704460539624	FALSE
PDX	MGH9183	MGH9183	ELF3	LUAD_HC_TF_AND_LINEAGE_POSITIVE_CONTROL	TESTED	CIS-BP2.00|000227|M03002_2.00	0.0	0.39236739787126756	TRUE
PDX	MGH9183	MGH9183	ETV1	LUAD_HC_TF	TESTED	JASPAR2024|000652|MA1966.2	0.6943	0.021757141654784783	FALSE
PDX	MGH9183	MGH9183	FOXA1	LUAD_LINEAGE_POSITIVE_CONTROL	TESTED	CIS-BP2.00|000890|M07960_2.00	0.0236	0.12451080663073495	FALSE
PDX	MGH9183	MGH9183	FOXA2	LUAD_LINEAGE_POSITIVE_CONTROL	TESTED	CIS-BP2.00|000889|M07959_2.00	0.0773	0.0976260308883378	FALSE
PDX	MGH9183	MGH9183	FOXA3	LUAD_HC_TF	TESTED	CIS-BP2.00|000469|M04831_2.00	0.0002	0.5112759420710165	FALSE
PDX	MGH9183	MGH9183	FOXD2	LUAD_HC_TF	TESTED	JASPAR2024|000361|MA0847.4	0.2365	0.06521608842260011	FALSE
PDX	MGH9183	MGH9183	GATA6	LUAD_LINEAGE_POSITIVE_CONTROL	TESTED	JASPAR2024|000382|MA1104.3	0.2673	0.07509022575948583	FALSE
PDX	MGH9183	MGH9183	HNF4A	LUAD_LINEAGE_POSITIVE_CONTROL	TESTED	JASPAR2024|000409|MA1494.2	0.3684	0.07374323917042663	FALSE
PDX	MGH9183	MGH9183	NFATC4	LUAD_HC_TF	TESTED	JASPAR2024|000506|MA1525.3	0.0	0.25835188357862	TRUE
PDX	MGH9183	MGH9183	NKX2-1	LUAD_LINEAGE_POSITIVE_CONTROL	TESTED	JASPAR2024|000822|MA1994.2	0.1015	0.2058388987816391	FALSE
PDX	MGH9183	MGH9183	NR3C2	LUAD_HC_TF	TESTED	JASPAR2024|000539|MA0727.2	1.0	-0.11784802114524813	FALSE
PDX	MGH9183	MGH9183	XBP1	LUAD_HC_TF	TESTED	JASPAR2024|000675|MA0844.2	0.0	0.24283542254677695	TRUE
PDX	MGH9183	MGH9183	ZBTB18	LUAD_HC_TF	TESTED	JASPAR2024|000681|MA0698.2	1.0	-0.045834422962434875	FALSE
PDX	MGH9183	MGH9183	ZNF141	LUAD_HC_TF	TESTED	CIS-BP2.00|000653|M07586_2.00	0.2972	0.059860762448319005	FALSE
PDX	MGH9183	MGH9183	ZNF19	LUAD_HC_TF	TESTED	CIS-BP2.00|000670|M07603_2.00	0.1388	0.6451348642634115	FALSE
PDX	MGH9183	MGH9183	ZNF254	LUAD_HC_TF	TESTED	CIS-BP2.00|000827|M07760_2.00	1.0	-0.09978245273283184	FALSE
PDX	MGH9183	MGH9183	ZNF281	LUAD_HC_TF	TESTED	JASPAR2024|000706|MA1630.3	0.1935	0.0877117951498611	FALSE
PDX	MGH9183	MGH9183	ZNF33A	LUAD_HC_TF	TESTED	CIS-BP2.00|000762|M07695_2.00	0.0119	0.2413281428863863	FALSE
PDX	MGH9183	MGH9183	ZNF33B	LUAD_HC_TF	TESTED	CIS-BP2.00|000777|M07710_2.00	1.0	-0.11508952740050785	FALSE
PDX	MGH9183	MGH9183	ZNF341	LUAD_HC_TF	TESTED	JASPAR2024|000712|MA1655.2	0.7681	-0.28128105779367113	FALSE
PDX	MGH9183	MGH9183	ZNF444	LUAD_HC_TF	TESTED	CIS-BP2.00|000420|M04529_2.00	0.5058	0.03145729986046271	FALSE
PDX	MGH9183	MGH9183	ZNF540	LUAD_HC_TF	TESTED	CIS-BP2.00|000701|M07634_2.00	1.0	-0.04696088534410935	FALSE
PDX	MGH9183	MGH9183	ZNF75D	LUAD_HC_TF	TESTED	CIS-BP2.00|000750|M07683_2.00	0.2749	0.05845035122606513	FALSE
PDX	MGH9243	MGH9243	CEBPA	LUAD_LINEAGE_POSITIVE_CONTROL	NOT_TESTABLE_PEAK_COUNT_MATCH	NA	1.0	0.0	FALSE
PDX	MGH9243	MGH9243	CEBPB	LUAD_LINEAGE_POSITIVE_CONTROL	NOT_TESTABLE_PEAK_COUNT_MATCH	NA	1.0	0.0	FALSE
PDX	MGH9243	MGH9243	CREB3L2	LUAD_HC_TF	NOT_TESTABLE_PEAK_COUNT_MATCH	NA	1.0	0.0	FALSE
PDX	MGH9243	MGH9243	E2F5	LUAD_HC_TF	NOT_TESTABLE_PEAK_COUNT_MATCH	NA	1.0	0.0	FALSE
PDX	MGH9243	MGH9243	ELF3	LUAD_HC_TF_AND_LINEAGE_POSITIVE_CONTROL	NOT_TESTABLE_PEAK_COUNT_MATCH	NA	1.0	0.0	FALSE
PDX	MGH9243	MGH9243	ETV1	LUAD_HC_TF	NOT_TESTABLE_PEAK_COUNT_MATCH	NA	1.0	0.0	FALSE
PDX	MGH9243	MGH9243	FOXA1	LUAD_LINEAGE_POSITIVE_CONTROL	NOT_TESTABLE_PEAK_COUNT_MATCH	NA	1.0	0.0	FALSE
PDX	MGH9243	MGH9243	FOXA2	LUAD_LINEAGE_POSITIVE_CONTROL	NOT_TESTABLE_PEAK_COUNT_MATCH	NA	1.0	0.0	FALSE
PDX	MGH9243	MGH9243	FOXA3	LUAD_HC_TF	NOT_TESTABLE_PEAK_COUNT_MATCH	NA	1.0	0.0	FALSE
PDX	MGH9243	MGH9243	FOXD2	LUAD_HC_TF	NOT_TESTABLE_PEAK_COUNT_MATCH	NA	1.0	0.0	FALSE
PDX	MGH9243	MGH9243	GATA6	LUAD_LINEAGE_POSITIVE_CONTROL	NOT_TESTABLE_PEAK_COUNT_MATCH	NA	1.0	0.0	FALSE
PDX	MGH9243	MGH9243	HNF4A	LUAD_LINEAGE_POSITIVE_CONTROL	NOT_TESTABLE_PEAK_COUNT_MATCH	NA	1.0	0.0	FALSE
PDX	MGH9243	MGH9243	NFATC4	LUAD_HC_TF	NOT_TESTABLE_PEAK_COUNT_MATCH	NA	1.0	0.0	FALSE
PDX	MGH9243	MGH9243	NKX2-1	LUAD_LINEAGE_POSITIVE_CONTROL	NOT_TESTABLE_PEAK_COUNT_MATCH	NA	1.0	0.0	FALSE
PDX	MGH9243	MGH9243	NR3C2	LUAD_HC_TF	NOT_TESTABLE_PEAK_COUNT_MATCH	NA	1.0	0.0	FALSE
PDX	MGH9243	MGH9243	XBP1	LUAD_HC_TF	NOT_TESTABLE_PEAK_COUNT_MATCH	NA	1.0	0.0	FALSE
PDX	MGH9243	MGH9243	ZBTB18	LUAD_HC_TF	NOT_TESTABLE_PEAK_COUNT_MATCH	NA	1.0	0.0	FALSE
PDX	MGH9243	MGH9243	ZNF141	LUAD_HC_TF	NOT_TESTABLE_PEAK_COUNT_MATCH	NA	1.0	0.0	FALSE
PDX	MGH9243	MGH9243	ZNF19	LUAD_HC_TF	NOT_TESTABLE_PEAK_COUNT_MATCH	NA	1.0	0.0	FALSE
PDX	MGH9243	MGH9243	ZNF254	LUAD_HC_TF	NOT_TESTABLE_PEAK_COUNT_MATCH	NA	1.0	0.0	FALSE
PDX	MGH9243	MGH9243	ZNF281	LUAD_HC_TF	NOT_TESTABLE_PEAK_COUNT_MATCH	NA	1.0	0.0	FALSE
PDX	MGH9243	MGH9243	ZNF33A	LUAD_HC_TF	NOT_TESTABLE_PEAK_COUNT_MATCH	NA	1.0	0.0	FALSE
PDX	MGH9243	MGH9243	ZNF33B	LUAD_HC_TF	NOT_TESTABLE_PEAK_COUNT_MATCH	NA	1.0	0.0	FALSE
PDX	MGH9243	MGH9243	ZNF341	LUAD_HC_TF	NOT_TESTABLE_PEAK_COUNT_MATCH	NA	1.0	0.0	FALSE
PDX	MGH9243	MGH9243	ZNF444	LUAD_HC_TF	NOT_TESTABLE_PEAK_COUNT_MATCH	NA	1.0	0.0	FALSE
PDX	MGH9243	MGH9243	ZNF540	LUAD_HC_TF	NOT_TESTABLE_PEAK_COUNT_MATCH	NA	1.0	0.0	FALSE
PDX	MGH9243	MGH9243	ZNF75D	LUAD_HC_TF	NOT_TESTABLE_PEAK_COUNT_MATCH	NA	1.0	0.0	FALSE
cell_line	A427	A427	CEBPA	LUAD_LINEAGE_POSITIVE_CONTROL	TESTED	CIS-BP2.00|000926|M08076_2.00	0.0885	0.09196989244720995	FALSE
cell_line	A427	A427	CEBPB	LUAD_LINEAGE_POSITIVE_CONTROL	TESTED	JASPAR2024|000235|MA0466.4	0.0014	0.30936047327976757	FALSE
cell_line	A427	A427	CREB3L2	LUAD_HC_TF	TESTED	CIS-BP2.00|000117|M01812_2.00	0.0478	0.10422308008536872	FALSE
cell_line	A427	A427	E2F5	LUAD_HC_TF	TESTED	CIS-BP2.00|000940|M08109_2.00	0.0001	0.3242390135110903	FALSE
cell_line	A427	A427	ELF3	LUAD_HC_TF_AND_LINEAGE_POSITIVE_CONTROL	TESTED	CIS-BP2.00|000227|M03002_2.00	0.0	0.4876146648185507	TRUE
cell_line	A427	A427	ETV1	LUAD_HC_TF	TESTED	JASPAR2024|000652|MA1966.2	0.0031	0.45047064006145116	FALSE
cell_line	A427	A427	FOXA1	LUAD_LINEAGE_POSITIVE_CONTROL	TESTED	CIS-BP2.00|000890|M07960_2.00	0.0078	0.1395478417482009	FALSE
cell_line	A427	A427	FOXA2	LUAD_LINEAGE_POSITIVE_CONTROL	TESTED	JASPAR2024|000357|MA0047.4	0.0148	0.15262687112730014	FALSE
cell_line	A427	A427	FOXA3	LUAD_HC_TF	TESTED	JASPAR2024|000358|MA1683.2	0.0252	0.1835620217943246	FALSE
cell_line	A427	A427	FOXD2	LUAD_HC_TF	TESTED	CIS-BP2.00|000235|M03042_2.00	0.2016	0.06796912662284893	FALSE
cell_line	A427	A427	GATA6	LUAD_LINEAGE_POSITIVE_CONTROL	TESTED	CIS-BP2.00|000947|M08124_2.00	0.3104	0.056919810248360195	FALSE
cell_line	A427	A427	HNF4A	LUAD_LINEAGE_POSITIVE_CONTROL	TESTED	JASPAR2024|000410|MA0114.5	0.6478	0.030332330397939783	FALSE
cell_line	A427	A427	NFATC4	LUAD_HC_TF	TESTED	JASPAR2024|000506|MA1525.3	0.0	0.3160981141491065	TRUE
cell_line	A427	A427	NKX2-1	LUAD_LINEAGE_POSITIVE_CONTROL	TESTED	JASPAR2024|000822|MA1994.2	0.3564	0.09529620639055128	FALSE
cell_line	A427	A427	NR3C2	LUAD_HC_TF	TESTED	JASPAR2024|000539|MA0727.2	0.9388	-0.030573357377482274	FALSE
cell_line	A427	A427	XBP1	LUAD_HC_TF	TESTED	JASPAR2024|000675|MA0844.2	0.0	0.24459338362676553	TRUE
cell_line	A427	A427	ZBTB18	LUAD_HC_TF	TESTED	JASPAR2024|000681|MA0698.2	1.0	-0.2205998837539555	FALSE
cell_line	A427	A427	ZNF141	LUAD_HC_TF	TESTED	CIS-BP2.00|000653|M07586_2.00	0.3571	0.04862454451951556	FALSE
cell_line	A427	A427	ZNF19	LUAD_HC_TF	TESTED	CIS-BP2.00|000670|M07603_2.00	0.6084	0.1123412011474987	FALSE
cell_line	A427	A427	ZNF254	LUAD_HC_TF	TESTED	CIS-BP2.00|000827|M07760_2.00	1.0	-0.14948232478815088	FALSE
cell_line	A427	A427	ZNF281	LUAD_HC_TF	TESTED	JASPAR2024|000706|MA1630.3	0.5061	0.03474034294046807	FALSE
cell_line	A427	A427	ZNF33A	LUAD_HC_TF	TESTED	CIS-BP2.00|000762|M07695_2.00	0.7311	0.007061573779739681	FALSE
cell_line	A427	A427	ZNF33B	LUAD_HC_TF	TESTED	CIS-BP2.00|000777|M07710_2.00	1.0	-0.13394875014010826	FALSE
cell_line	A427	A427	ZNF341	LUAD_HC_TF	TESTED	CIS-BP2.00|001017|M08310_2.00	0.0247	1.5711164198922216	FALSE
cell_line	A427	A427	ZNF444	LUAD_HC_TF	TESTED	CIS-BP2.00|000420|M04529_2.00	1.0	-0.11653273238670225	FALSE
cell_line	A427	A427	ZNF540	LUAD_HC_TF	TESTED	CIS-BP2.00|000701|M07634_2.00	1.0	-0.03716348763859489	FALSE
cell_line	A427	A427	ZNF75D	LUAD_HC_TF	TESTED	JASPAR2024|000169|MA1601.2	0.0497	0.11029837943819701	FALSE
cell_line	A549	A549	CEBPA	LUAD_LINEAGE_POSITIVE_CONTROL	TESTED	JASPAR2024|000234|MA0102.5	0.1096	0.09959317392080372	FALSE
cell_line	A549	A549	CEBPB	LUAD_LINEAGE_POSITIVE_CONTROL	TESTED	JASPAR2024|000235|MA0466.4	0.0	0.4531668829646426	TRUE
cell_line	A549	A549	CREB3L2	LUAD_HC_TF	TESTED	CIS-BP2.00|000117|M01812_2.00	1.0	-0.10713595997489948	FALSE
cell_line	A549	A549	E2F5	LUAD_HC_TF	TESTED	CIS-BP2.00|000940|M08109_2.00	0.1351	0.12606667584686312	FALSE
cell_line	A549	A549	ELF3	LUAD_HC_TF_AND_LINEAGE_POSITIVE_CONTROL	TESTED	CIS-BP2.00|000227|M03002_2.00	0.0	0.46168537792894954	TRUE
cell_line	A549	A549	ETV1	LUAD_HC_TF	TESTED	CIS-BP2.00|000457|M04708_2.00	0.7649	-0.20655599722293405	FALSE
cell_line	A549	A549	FOXA1	LUAD_LINEAGE_POSITIVE_CONTROL	TESTED	CIS-BP2.00|000890|M07960_2.00	0.0061	0.1506896137313277	FALSE
cell_line	A549	A549	FOXA2	LUAD_LINEAGE_POSITIVE_CONTROL	TESTED	CIS-BP2.00|000889|M07959_2.00	0.0856	0.09854953808819711	FALSE
cell_line	A549	A549	FOXA3	LUAD_HC_TF	TESTED	CIS-BP2.00|000469|M04831_2.00	0.0041	0.4097904966569517	FALSE
cell_line	A549	A549	FOXD2	LUAD_HC_TF	TESTED	JASPAR2024|000361|MA0847.4	0.4488	0.041955586458860265	FALSE
cell_line	A549	A549	GATA6	LUAD_LINEAGE_POSITIVE_CONTROL	TESTED	CIS-BP2.00|000947|M08124_2.00	0.5932	0.02925857320311966	FALSE
cell_line	A549	A549	HNF4A	LUAD_LINEAGE_POSITIVE_CONTROL	TESTED	JASPAR2024|000410|MA0114.5	0.3961	0.10016804134180317	FALSE
cell_line	A549	A549	NFATC4	LUAD_HC_TF	TESTED	JASPAR2024|000506|MA1525.3	0.0	0.3145127051803931	TRUE
cell_line	A549	A549	NKX2-1	LUAD_LINEAGE_POSITIVE_CONTROL	TESTED	JASPAR2024|000822|MA1994.2	1.0	-0.2619992596618174	FALSE
cell_line	A549	A549	NR3C2	LUAD_HC_TF	TESTED	JASPAR2024|000539|MA0727.2	1.0	-0.05417408222090974	FALSE
cell_line	A549	A549	XBP1	LUAD_HC_TF	TESTED	JASPAR2024|000675|MA0844.2	0.023	0.12674670403299484	FALSE
cell_line	A549	A549	ZBTB18	LUAD_HC_TF	TESTED	JASPAR2024|000681|MA0698.2	1.0	-0.1671240187452165	FALSE
cell_line	A549	A549	ZNF141	LUAD_HC_TF	TESTED	CIS-BP2.00|000653|M07586_2.00	0.9976	-0.023553461474981153	FALSE
cell_line	A549	A549	ZNF19	LUAD_HC_TF	TESTED	CIS-BP2.00|000670|M07603_2.00	0.0985	0.6360926370530069	FALSE
cell_line	A549	A549	ZNF254	LUAD_HC_TF	TESTED	CIS-BP2.00|000827|M07760_2.00	1.0	-0.09968122335892061	FALSE
cell_line	A549	A549	ZNF281	LUAD_HC_TF	TESTED	JASPAR2024|000706|MA1630.3	1.0	-0.04270412818306576	FALSE
cell_line	A549	A549	ZNF33A	LUAD_HC_TF	TESTED	CIS-BP2.00|000762|M07695_2.00	0.0013	0.29274735042564415	FALSE
cell_line	A549	A549	ZNF33B	LUAD_HC_TF	TESTED	CIS-BP2.00|000777|M07710_2.00	1.0	-0.049187913935989154	FALSE
cell_line	A549	A549	ZNF341	LUAD_HC_TF	TESTED	CIS-BP2.00|001017|M08310_2.00	0.6549	-0.0244581935621226	FALSE
cell_line	A549	A549	ZNF444	LUAD_HC_TF	TESTED	CIS-BP2.00|000420|M04529_2.00	1.0	-0.17255162570500984	FALSE
cell_line	A549	A549	ZNF540	LUAD_HC_TF	TESTED	CIS-BP2.00|000701|M07634_2.00	0.9066	-0.00939936021350911	FALSE
cell_line	A549	A549	ZNF75D	LUAD_HC_TF	TESTED	JASPAR2024|000169|MA1601.2	0.6779	0.018314158980610555	FALSE
cell_line	ABC-1	ABC-1	CEBPA	LUAD_LINEAGE_POSITIVE_CONTROL	TESTED	CIS-BP2.00|000926|M08076_2.00	0.5133	0.027973140948022442	FALSE
cell_line	ABC-1	ABC-1	CEBPB	LUAD_LINEAGE_POSITIVE_CONTROL	TESTED	JASPAR2024|000235|MA0466.4	0.0055	0.2737902060257299	FALSE
cell_line	ABC-1	ABC-1	CREB3L2	LUAD_HC_TF	TESTED	CIS-BP2.00|000117|M01812_2.00	0.0129	0.13137589691418167	FALSE
cell_line	ABC-1	ABC-1	E2F5	LUAD_HC_TF	TESTED	CIS-BP2.00|000940|M08109_2.00	0.029	0.17965878185113568	FALSE
cell_line	ABC-1	ABC-1	ELF3	LUAD_HC_TF_AND_LINEAGE_POSITIVE_CONTROL	TESTED	CIS-BP2.00|000227|M03002_2.00	0.0	0.5091024816149318	TRUE
cell_line	ABC-1	ABC-1	ETV1	LUAD_HC_TF	TESTED	JASPAR2024|000652|MA1966.2	0.0071	0.41691963955152067	FALSE
cell_line	ABC-1	ABC-1	FOXA1	LUAD_LINEAGE_POSITIVE_CONTROL	TESTED	CIS-BP2.00|000890|M07960_2.00	0.2091	0.06411013505185151	FALSE
cell_line	ABC-1	ABC-1	FOXA2	LUAD_LINEAGE_POSITIVE_CONTROL	TESTED	CIS-BP2.00|000889|M07959_2.00	0.0425	0.10837260502992434	FALSE
cell_line	ABC-1	ABC-1	FOXA3	LUAD_HC_TF	TESTED	JASPAR2024|000358|MA1683.2	0.0147	0.20191492038629094	FALSE
cell_line	ABC-1	ABC-1	FOXD2	LUAD_HC_TF	TESTED	JASPAR2024|000361|MA0847.4	0.55	0.023692298288958205	FALSE
cell_line	ABC-1	ABC-1	GATA6	LUAD_LINEAGE_POSITIVE_CONTROL	TESTED	JASPAR2024|000382|MA1104.3	0.0054	0.19478952443050535	FALSE
cell_line	ABC-1	ABC-1	HNF4A	LUAD_LINEAGE_POSITIVE_CONTROL	TESTED	JASPAR2024|000410|MA0114.5	1.0	-0.12250027752651926	FALSE
cell_line	ABC-1	ABC-1	NFATC4	LUAD_HC_TF	TESTED	JASPAR2024|000506|MA1525.3	0.0	0.2998979693114741	TRUE
cell_line	ABC-1	ABC-1	NKX2-1	LUAD_LINEAGE_POSITIVE_CONTROL	TESTED	JASPAR2024|000822|MA1994.2	0.0209	0.28095239497704083	FALSE
cell_line	ABC-1	ABC-1	NR3C2	LUAD_HC_TF	TESTED	JASPAR2024|000539|MA0727.2	0.9472	-0.04425200720228688	FALSE
cell_line	ABC-1	ABC-1	XBP1	LUAD_HC_TF	TESTED	JASPAR2024|000675|MA0844.2	0.0	0.2955140398833028	TRUE
cell_line	ABC-1	ABC-1	ZBTB18	LUAD_HC_TF	TESTED	CIS-BP2.00|000988|M08257_2.00	1.0	-0.07080757754935783	FALSE
cell_line	ABC-1	ABC-1	ZNF141	LUAD_HC_TF	TESTED	CIS-BP2.00|000653|M07586_2.00	0.6106	0.018055216765765422	FALSE
cell_line	ABC-1	ABC-1	ZNF19	LUAD_HC_TF	TESTED	CIS-BP2.00|000670|M07603_2.00	0.0066	1.2290261894923635	FALSE
cell_line	ABC-1	ABC-1	ZNF254	LUAD_HC_TF	TESTED	CIS-BP2.00|000827|M07760_2.00	1.0	-0.12247590962356379	FALSE
cell_line	ABC-1	ABC-1	ZNF281	LUAD_HC_TF	TESTED	JASPAR2024|000706|MA1630.3	0.4578	0.040937852440689926	FALSE
cell_line	ABC-1	ABC-1	ZNF33A	LUAD_HC_TF	TESTED	CIS-BP2.00|000762|M07695_2.00	0.241	0.09517671984753537	FALSE
cell_line	ABC-1	ABC-1	ZNF33B	LUAD_HC_TF	TESTED	CIS-BP2.00|000777|M07710_2.00	1.0	-0.06584040143964841	FALSE
cell_line	ABC-1	ABC-1	ZNF341	LUAD_HC_TF	TESTED	JASPAR2024|000712|MA1655.2	0.4398	1.0321791084549476	FALSE
cell_line	ABC-1	ABC-1	ZNF444	LUAD_HC_TF	TESTED	CIS-BP2.00|000420|M04529_2.00	0.6266	0.01602353084804793	FALSE
cell_line	ABC-1	ABC-1	ZNF540	LUAD_HC_TF	TESTED	CIS-BP2.00|000701|M07634_2.00	1.0	-0.13478794907370067	FALSE
cell_line	ABC-1	ABC-1	ZNF75D	LUAD_HC_TF	TESTED	CIS-BP2.00|000750|M07683_2.00	0.0533	0.10406524173414597	FALSE
cell_line	H1648	H1648	CEBPA	LUAD_LINEAGE_POSITIVE_CONTROL	TESTED	JASPAR2024|000234|MA0102.5	0.0668	0.10498365590918726	FALSE
cell_line	H1648	H1648	CEBPB	LUAD_LINEAGE_POSITIVE_CONTROL	TESTED	JASPAR2024|000235|MA0466.4	0.0048	0.28088421757230847	FALSE
cell_line	H1648	H1648	CREB3L2	LUAD_HC_TF	TESTED	CIS-BP2.00|000117|M01812_2.00	0.1648	0.07154286000736423	FALSE
cell_line	H1648	H1648	E2F5	LUAD_HC_TF	TESTED	CIS-BP2.00|000940|M08109_2.00	0.0378	0.164837167038175	FALSE
cell_line	H1648	H1648	ELF3	LUAD_HC_TF_AND_LINEAGE_POSITIVE_CONTROL	TESTED	CIS-BP2.00|000227|M03002_2.00	0.0	0.49889692813630754	TRUE
cell_line	H1648	H1648	ETV1	LUAD_HC_TF	TESTED	CIS-BP2.00|000457|M04708_2.00	0.2172	0.27721041446024275	FALSE
cell_line	H1648	H1648	FOXA1	LUAD_LINEAGE_POSITIVE_CONTROL	TESTED	CIS-BP2.00|000890|M07960_2.00	0.0079	0.13971014473229879	FALSE
cell_line	H1648	H1648	FOXA2	LUAD_LINEAGE_POSITIVE_CONTROL	TESTED	CIS-BP2.00|000889|M07959_2.00	0.0364	0.11117317536065133	FALSE
cell_line	H1648	H1648	FOXA3	LUAD_HC_TF	TESTED	CIS-BP2.00|000469|M04831_2.00	0.0046	0.38757036571480613	FALSE
cell_line	H1648	H1648	FOXD2	LUAD_HC_TF	TESTED	JASPAR2024|000361|MA0847.4	0.8486	-0.007459066681899332	FALSE
cell_line	H1648	H1648	GATA6	LUAD_LINEAGE_POSITIVE_CONTROL	TESTED	CIS-BP2.00|000947|M08124_2.00	0.0032	0.17804595329836942	FALSE
cell_line	H1648	H1648	HNF4A	LUAD_LINEAGE_POSITIVE_CONTROL	TESTED	JASPAR2024|000410|MA0114.5	0.7915	-0.019208727603453348	FALSE
cell_line	H1648	H1648	NFATC4	LUAD_HC_TF	TESTED	JASPAR2024|000506|MA1525.3	0.0	0.30331963849213894	TRUE
cell_line	H1648	H1648	NKX2-1	LUAD_LINEAGE_POSITIVE_CONTROL	TESTED	JASPAR2024|000822|MA1994.2	0.0626	0.20894212087971645	FALSE
cell_line	H1648	H1648	NR3C2	LUAD_HC_TF	TESTED	JASPAR2024|000539|MA0727.2	1.0	-0.19658391131708072	FALSE
cell_line	H1648	H1648	XBP1	LUAD_HC_TF	TESTED	JASPAR2024|000675|MA0844.2	0.0	0.23721312837113334	TRUE
cell_line	H1648	H1648	ZBTB18	LUAD_HC_TF	TESTED	CIS-BP2.00|000988|M08257_2.00	1.0	-0.047394748299368586	FALSE
cell_line	H1648	H1648	ZNF141	LUAD_HC_TF	TESTED	CIS-BP2.00|000653|M07586_2.00	0.7915	-0.002865282045967568	FALSE
cell_line	H1648	H1648	ZNF19	LUAD_HC_TF	TESTED	CIS-BP2.00|000670|M07603_2.00	0.6508	-0.05974389192294427	FALSE
cell_line	H1648	H1648	ZNF254	LUAD_HC_TF	TESTED	CIS-BP2.00|000827|M07760_2.00	1.0	-0.11748527386119692	FALSE
cell_line	H1648	H1648	ZNF281	LUAD_HC_TF	TESTED	JASPAR2024|000706|MA1630.3	0.1454	0.09305939468708278	FALSE
cell_line	H1648	H1648	ZNF33A	LUAD_HC_TF	TESTED	CIS-BP2.00|000762|M07695_2.00	0.1099	0.13042114666706606	FALSE
cell_line	H1648	H1648	ZNF33B	LUAD_HC_TF	TESTED	CIS-BP2.00|000777|M07710_2.00	1.0	-0.10964434276496725	FALSE
cell_line	H1648	H1648	ZNF341	LUAD_HC_TF	TESTED	CIS-BP2.00|001017|M08310_2.00	0.6041	-0.19584634928352032	FALSE
cell_line	H1648	H1648	ZNF444	LUAD_HC_TF	TESTED	CIS-BP2.00|000420|M04529_2.00	0.6894	0.010390185699441277	FALSE
cell_line	H1648	H1648	ZNF540	LUAD_HC_TF	TESTED	CIS-BP2.00|000701|M07634_2.00	0.9571	-0.026463012101617767	FALSE
cell_line	H1648	H1648	ZNF75D	LUAD_HC_TF	TESTED	JASPAR2024|000169|MA1601.2	0.0079	0.14958728667617396	FALSE
cell_line	H1650	H1650	CEBPA	LUAD_LINEAGE_POSITIVE_CONTROL	TESTED	JASPAR2024|000234|MA0102.5	0.1162	0.09998808069537467	FALSE
cell_line	H1650	H1650	CEBPB	LUAD_LINEAGE_POSITIVE_CONTROL	TESTED	JASPAR2024|000235|MA0466.4	0.0	0.5128232394333038	TRUE
cell_line	H1650	H1650	CREB3L2	LUAD_HC_TF	TESTED	CIS-BP2.00|000117|M01812_2.00	0.341	0.05440997499893802	FALSE
cell_line	H1650	H1650	E2F5	LUAD_HC_TF	TESTED	CIS-BP2.00|000940|M08109_2.00	0.8418	0.009522226806730538	FALSE
cell_line	H1650	H1650	ELF3	LUAD_HC_TF_AND_LINEAGE_POSITIVE_CONTROL	TESTED	CIS-BP2.00|000227|M03002_2.00	0.0	0.4441068237566675	TRUE
cell_line	H1650	H1650	ETV1	LUAD_HC_TF	TESTED	JASPAR2024|000652|MA1966.2	0.4979	0.12790206824114114	FALSE
cell_line	H1650	H1650	FOXA1	LUAD_LINEAGE_POSITIVE_CONTROL	TESTED	CIS-BP2.00|000890|M07960_2.00	0.1122	0.09036896602471574	FALSE
cell_line	H1650	H1650	FOXA2	LUAD_LINEAGE_POSITIVE_CONTROL	TESTED	JASPAR2024|000357|MA0047.4	0.1781	0.09414533097235728	FALSE
cell_line	H1650	H1650	FOXA3	LUAD_HC_TF	TESTED	JASPAR2024|000358|MA1683.2	0.9113	-0.0024601060833648065	FALSE
cell_line	H1650	H1650	FOXD2	LUAD_HC_TF	TESTED	JASPAR2024|000361|MA0847.4	1.0	-0.019992041625238616	FALSE
cell_line	H1650	H1650	GATA6	LUAD_LINEAGE_POSITIVE_CONTROL	TESTED	JASPAR2024|000382|MA1104.3	0.0707	0.13779864720418059	FALSE
cell_line	H1650	H1650	HNF4A	LUAD_LINEAGE_POSITIVE_CONTROL	TESTED	JASPAR2024|000409|MA1494.2	1.0	-0.09380962809641388	FALSE
cell_line	H1650	H1650	NFATC4	LUAD_HC_TF	TESTED	JASPAR2024|000506|MA1525.3	0.0	0.3696592573890729	TRUE
cell_line	H1650	H1650	NKX2-1	LUAD_LINEAGE_POSITIVE_CONTROL	TESTED	JASPAR2024|000822|MA1994.2	0.5319	0.0883382737920509	FALSE
cell_line	H1650	H1650	NR3C2	LUAD_HC_TF	TESTED	CIS-BP2.00|000154|M02395_2.00	1.0	1.381650153938201	FALSE
cell_line	H1650	H1650	XBP1	LUAD_HC_TF	TESTED	JASPAR2024|000675|MA0844.2	0.0002	0.20171815173553825	FALSE
cell_line	H1650	H1650	ZBTB18	LUAD_HC_TF	TESTED	JASPAR2024|000681|MA0698.2	1.0	-0.08538547058468383	FALSE
cell_line	H1650	H1650	ZNF141	LUAD_HC_TF	TESTED	CIS-BP2.00|000653|M07586_2.00	1.0	-0.03242159832689413	FALSE
cell_line	H1650	H1650	ZNF19	LUAD_HC_TF	TESTED	CIS-BP2.00|000670|M07603_2.00	0.7881	0.20723837417402793	FALSE
cell_line	H1650	H1650	ZNF254	LUAD_HC_TF	TESTED	CIS-BP2.00|000827|M07760_2.00	1.0	-0.14704641118459374	FALSE
cell_line	H1650	H1650	ZNF281	LUAD_HC_TF	TESTED	JASPAR2024|000706|MA1630.3	1.0	-0.04284239825318621	FALSE
cell_line	H1650	H1650	ZNF33A	LUAD_HC_TF	TESTED	CIS-BP2.00|000762|M07695_2.00	0.3178	0.09818897913729872	FALSE
cell_line	H1650	H1650	ZNF33B	LUAD_HC_TF	TESTED	CIS-BP2.00|000777|M07710_2.00	1.0	-0.0651599404494274	FALSE
cell_line	H1650	H1650	ZNF341	LUAD_HC_TF	TESTED	JASPAR2024|000712|MA1655.2	0.7892	1.4317023513340972	FALSE
cell_line	H1650	H1650	ZNF444	LUAD_HC_TF	TESTED	CIS-BP2.00|000420|M04529_2.00	0.7232	0.01651386620165657	FALSE
cell_line	H1650	H1650	ZNF540	LUAD_HC_TF	TESTED	CIS-BP2.00|000701|M07634_2.00	1.0	-0.08572313575521637	FALSE
cell_line	H1650	H1650	ZNF75D	LUAD_HC_TF	TESTED	JASPAR2024|000169|MA1601.2	0.0704	0.11038359116702659	FALSE
cell_line	H1819	H1819	CEBPA	LUAD_LINEAGE_POSITIVE_CONTROL	TESTED	JASPAR2024|000234|MA0102.5	0.2689	0.05900225652437558	FALSE
cell_line	H1819	H1819	CEBPB	LUAD_LINEAGE_POSITIVE_CONTROL	TESTED	JASPAR2024|000235|MA0466.4	0.0867	0.16656298503878503	FALSE
cell_line	H1819	H1819	CREB3L2	LUAD_HC_TF	TESTED	CIS-BP2.00|000117|M01812_2.00	0.536	0.024201609021243853	FALSE
cell_line	H1819	H1819	E2F5	LUAD_HC_TF	TESTED	CIS-BP2.00|000940|M08109_2.00	0.0	0.4107478613433258	TRUE
cell_line	H1819	H1819	ELF3	LUAD_HC_TF_AND_LINEAGE_POSITIVE_CONTROL	TESTED	CIS-BP2.00|000227|M03002_2.00	0.0	0.5247187940266878	TRUE
cell_line	H1819	H1819	ETV1	LUAD_HC_TF	TESTED	CIS-BP2.00|000457|M04708_2.00	0.2397	0.9096213787789355	FALSE
cell_line	H1819	H1819	FOXA1	LUAD_LINEAGE_POSITIVE_CONTROL	TESTED	CIS-BP2.00|000890|M07960_2.00	0.0053	0.14374534671685288	FALSE
cell_line	H1819	H1819	FOXA2	LUAD_LINEAGE_POSITIVE_CONTROL	TESTED	CIS-BP2.00|000889|M07959_2.00	0.0594	0.09763171748482397	FALSE
cell_line	H1819	H1819	FOXA3	LUAD_HC_TF	TESTED	CIS-BP2.00|000469|M04831_2.00	0.0258	0.2990879282601326	FALSE
cell_line	H1819	H1819	FOXD2	LUAD_HC_TF	TESTED	CIS-BP2.00|000235|M03042_2.00	0.2762	0.05399344980707654	FALSE
cell_line	H1819	H1819	GATA6	LUAD_LINEAGE_POSITIVE_CONTROL	TESTED	JASPAR2024|000382|MA1104.3	0.0503	0.13178076394303986	FALSE
cell_line	H1819	H1819	HNF4A	LUAD_LINEAGE_POSITIVE_CONTROL	TESTED	JASPAR2024|000410|MA0114.5	0.8859	-0.027987654643951646	FALSE
cell_line	H1819	H1819	NFATC4	LUAD_HC_TF	TESTED	JASPAR2024|000506|MA1525.3	0.0	0.3617115229603109	TRUE
cell_line	H1819	H1819	NKX2-1	LUAD_LINEAGE_POSITIVE_CONTROL	TESTED	JASPAR2024|000822|MA1994.2	0.0297	0.24836335865974693	FALSE
cell_line	H1819	H1819	NR3C2	LUAD_HC_TF	TESTED	JASPAR2024|000539|MA0727.2	1.0	-0.21361094708095768	FALSE
cell_line	H1819	H1819	XBP1	LUAD_HC_TF	TESTED	JASPAR2024|000675|MA0844.2	0.0	0.2572189437391329	TRUE
cell_line	H1819	H1819	ZBTB18	LUAD_HC_TF	TESTED	JASPAR2024|000681|MA0698.2	1.0	-0.21797678039557605	FALSE
cell_line	H1819	H1819	ZNF141	LUAD_HC_TF	TESTED	CIS-BP2.00|000653|M07586_2.00	1.0	-0.05642837652929124	FALSE
cell_line	H1819	H1819	ZNF19	LUAD_HC_TF	TESTED	CIS-BP2.00|000670|M07603_2.00	0.857	-0.04317118784698599	FALSE
cell_line	H1819	H1819	ZNF254	LUAD_HC_TF	TESTED	CIS-BP2.00|000827|M07760_2.00	1.0	-0.06420789866939967	FALSE
cell_line	H1819	H1819	ZNF281	LUAD_HC_TF	TESTED	JASPAR2024|000706|MA1630.3	0.0135	0.16145418541806864	FALSE
cell_line	H1819	H1819	ZNF33A	LUAD_HC_TF	TESTED	CIS-BP2.00|000762|M07695_2.00	0.1143	0.12817867216962758	FALSE
cell_line	H1819	H1819	ZNF33B	LUAD_HC_TF	TESTED	CIS-BP2.00|000777|M07710_2.00	1.0	-0.09694659371705332	FALSE
cell_line	H1819	H1819	ZNF341	LUAD_HC_TF	TESTED	JASPAR2024|000712|MA1655.2	0.694	0.279567692048541	FALSE
cell_line	H1819	H1819	ZNF444	LUAD_HC_TF	TESTED	CIS-BP2.00|000420|M04529_2.00	1.0	-0.05261685168640328	FALSE
cell_line	H1819	H1819	ZNF540	LUAD_HC_TF	TESTED	CIS-BP2.00|000701|M07634_2.00	0.6628	0.014143291877495514	FALSE
cell_line	H1819	H1819	ZNF75D	LUAD_HC_TF	TESTED	JASPAR2024|000169|MA1601.2	0.0843	0.09371398673073825	FALSE
cell_line	H1975	H1975	CEBPA	LUAD_LINEAGE_POSITIVE_CONTROL	TESTED	JASPAR2024|000234|MA0102.5	0.8249	0.0020072648330580686	FALSE
cell_line	H1975	H1975	CEBPB	LUAD_LINEAGE_POSITIVE_CONTROL	TESTED	JASPAR2024|000235|MA0466.4	0.0214	0.25737852286473384	FALSE
cell_line	H1975	H1975	CREB3L2	LUAD_HC_TF	TESTED	CIS-BP2.00|000117|M01812_2.00	0.0752	0.1035095797676268	FALSE
cell_line	H1975	H1975	E2F5	LUAD_HC_TF	TESTED	CIS-BP2.00|000940|M08109_2.00	1.0	-0.1980556553754825	FALSE
cell_line	H1975	H1975	ELF3	LUAD_HC_TF_AND_LINEAGE_POSITIVE_CONTROL	TESTED	CIS-BP2.00|000227|M03002_2.00	0.0	0.29020716124217255	TRUE
cell_line	H1975	H1975	ETV1	LUAD_HC_TF	TESTED	JASPAR2024|000311|MA0761.3	0.3325	0.3315145356661565	FALSE
cell_line	H1975	H1975	FOXA1	LUAD_LINEAGE_POSITIVE_CONTROL	TESTED	CIS-BP2.00|000890|M07960_2.00	0.0501	0.11329175561734725	FALSE
cell_line	H1975	H1975	FOXA2	LUAD_LINEAGE_POSITIVE_CONTROL	TESTED	CIS-BP2.00|000889|M07959_2.00	0.0769	0.10413900584638393	FALSE
cell_line	H1975	H1975	FOXA3	LUAD_HC_TF	TESTED	CIS-BP2.00|000469|M04831_2.00	0.0895	0.27655408249548574	FALSE
cell_line	H1975	H1975	FOXD2	LUAD_HC_TF	TESTED	CIS-BP2.00|000235|M03042_2.00	1.0	-0.04368236784272295	FALSE
cell_line	H1975	H1975	GATA6	LUAD_LINEAGE_POSITIVE_CONTROL	TESTED	CIS-BP2.00|000947|M08124_2.00	0.4229	0.05206587463152646	FALSE
cell_line	H1975	H1975	HNF4A	LUAD_LINEAGE_POSITIVE_CONTROL	TESTED	JASPAR2024|000410|MA0114.5	0.8724	-0.01255153480727136	FALSE
cell_line	H1975	H1975	NFATC4	LUAD_HC_TF	TESTED	JASPAR2024|000506|MA1525.3	0.001	0.20159997015780806	FALSE
cell_line	H1975	H1975	NKX2-1	LUAD_LINEAGE_POSITIVE_CONTROL	TESTED	JASPAR2024|000822|MA1994.2	0.1906	0.17806347769242228	FALSE
cell_line	H1975	H1975	NR3C2	LUAD_HC_TF	TESTED	JASPAR2024|000539|MA0727.2	0.8389	0.00421013931969963	FALSE
cell_line	H1975	H1975	XBP1	LUAD_HC_TF	TESTED	JASPAR2024|000675|MA0844.2	0.0008	0.18546634078392088	FALSE
cell_line	H1975	H1975	ZBTB18	LUAD_HC_TF	TESTED	CIS-BP2.00|000988|M08257_2.00	0.9522	-0.024965964068517078	FALSE
cell_line	H1975	H1975	ZNF141	LUAD_HC_TF	TESTED	CIS-BP2.00|000653|M07586_2.00	1.0	-0.03998051965043404	FALSE
cell_line	H1975	H1975	ZNF19	LUAD_HC_TF	TESTED	CIS-BP2.00|000670|M07603_2.00	0.6938	0.10562625926763346	FALSE
cell_line	H1975	H1975	ZNF254	LUAD_HC_TF	TESTED	CIS-BP2.00|000827|M07760_2.00	1.0	-0.10031478904721047	FALSE
cell_line	H1975	H1975	ZNF281	LUAD_HC_TF	TESTED	JASPAR2024|000706|MA1630.3	1.0	-0.12697718432726518	FALSE
cell_line	H1975	H1975	ZNF33A	LUAD_HC_TF	TESTED	CIS-BP2.00|000762|M07695_2.00	0.1336	0.1490072169825576	FALSE
cell_line	H1975	H1975	ZNF33B	LUAD_HC_TF	TESTED	CIS-BP2.00|000777|M07710_2.00	0.5248	0.03520920077222865	FALSE
cell_line	H1975	H1975	ZNF341	LUAD_HC_TF	TESTED	CIS-BP2.00|001017|M08310_2.00	0.9232	-0.14911802296507518	FALSE
cell_line	H1975	H1975	ZNF444	LUAD_HC_TF	TESTED	CIS-BP2.00|000420|M04529_2.00	1.0	-0.10799816930317033	FALSE
cell_line	H1975	H1975	ZNF540	LUAD_HC_TF	TESTED	CIS-BP2.00|000701|M07634_2.00	0.9932	-0.028361637015725236	FALSE
cell_line	H1975	H1975	ZNF75D	LUAD_HC_TF	TESTED	CIS-BP2.00|000750|M07683_2.00	0.0582	0.11288583990464389	FALSE
cell_line	H2228	H2228	CEBPA	LUAD_LINEAGE_POSITIVE_CONTROL	TESTED	JASPAR2024|000234|MA0102.5	0.1306	0.08992066375053617	FALSE
cell_line	H2228	H2228	CEBPB	LUAD_LINEAGE_POSITIVE_CONTROL	TESTED	JASPAR2024|000235|MA0466.4	0.0934	0.1759552482151785	FALSE
cell_line	H2228	H2228	CREB3L2	LUAD_HC_TF	TESTED	CIS-BP2.00|000117|M01812_2.00	0.9988	-0.024905899785286918	FALSE
cell_line	H2228	H2228	E2F5	LUAD_HC_TF	TESTED	CIS-BP2.00|000940|M08109_2.00	0.4895	0.04804323848461914	FALSE
cell_line	H2228	H2228	ELF3	LUAD_HC_TF_AND_LINEAGE_POSITIVE_CONTROL	TESTED	CIS-BP2.00|000227|M03002_2.00	0.0	0.4631365510469923	TRUE
cell_line	H2228	H2228	ETV1	LUAD_HC_TF	TESTED	JASPAR2024|000652|MA1966.2	0.1702	0.2105841524260023	FALSE
cell_line	H2228	H2228	FOXA1	LUAD_LINEAGE_POSITIVE_CONTROL	TESTED	CIS-BP2.00|000890|M07960_2.00	0.001	0.17367190833928026	FALSE
cell_line	H2228	H2228	FOXA2	LUAD_LINEAGE_POSITIVE_CONTROL	TESTED	CIS-BP2.00|000889|M07959_2.00	0.0002	0.20144607952730773	FALSE
cell_line	H2228	H2228	FOXA3	LUAD_HC_TF	TESTED	CIS-BP2.00|000469|M04831_2.00	0.0016	0.43683499634923545	FALSE
cell_line	H2228	H2228	FOXD2	LUAD_HC_TF	TESTED	JASPAR2024|000361|MA0847.4	0.3419	0.050293389200334035	FALSE
cell_line	H2228	H2228	GATA6	LUAD_LINEAGE_POSITIVE_CONTROL	TESTED	JASPAR2024|000382|MA1104.3	0.7854	0.003432026679288354	FALSE
cell_line	H2228	H2228	HNF4A	LUAD_LINEAGE_POSITIVE_CONTROL	TESTED	JASPAR2024|000410|MA0114.5	0.5048	0.077431971773782	FALSE
cell_line	H2228	H2228	NFATC4	LUAD_HC_TF	TESTED	JASPAR2024|000506|MA1525.3	0.0	0.31401567576042844	TRUE
cell_line	H2228	H2228	NKX2-1	LUAD_LINEAGE_POSITIVE_CONTROL	TESTED	JASPAR2024|000822|MA1994.2	1.0	-0.11047781086138163	FALSE
cell_line	H2228	H2228	NR3C2	LUAD_HC_TF	TESTED	JASPAR2024|000539|MA0727.2	1.0	-0.14640866603571295	FALSE
cell_line	H2228	H2228	XBP1	LUAD_HC_TF	TESTED	CIS-BP2.00|000375|M04231_2.00	0.0	0.4501159393365656	TRUE
cell_line	H2228	H2228	ZBTB18	LUAD_HC_TF	TESTED	JASPAR2024|000681|MA0698.2	1.0	-0.1365786549479902	FALSE
cell_line	H2228	H2228	ZNF141	LUAD_HC_TF	TESTED	CIS-BP2.00|000653|M07586_2.00	0.8045	0.0005594466873062034	FALSE
cell_line	H2228	H2228	ZNF19	LUAD_HC_TF	TESTED	CIS-BP2.00|000670|M07603_2.00	0.08	0.7526229821185267	FALSE
cell_line	H2228	H2228	ZNF254	LUAD_HC_TF	TESTED	CIS-BP2.00|000827|M07760_2.00	1.0	-0.11856267697623317	FALSE
cell_line	H2228	H2228	ZNF281	LUAD_HC_TF	TESTED	JASPAR2024|000706|MA1630.3	0.4285	0.04907231163420382	FALSE
cell_line	H2228	H2228	ZNF33A	LUAD_HC_TF	TESTED	CIS-BP2.00|000762|M07695_2.00	0.0082	0.24573865622114582	FALSE
cell_line	H2228	H2228	ZNF33B	LUAD_HC_TF	TESTED	CIS-BP2.00|000777|M07710_2.00	1.0	-0.0516186680843746	FALSE
cell_line	H2228	H2228	ZNF341	LUAD_HC_TF	TESTED	JASPAR2024|000712|MA1655.2	0.2096	2.4466656435714067	FALSE
cell_line	H2228	H2228	ZNF444	LUAD_HC_TF	TESTED	CIS-BP2.00|000420|M04529_2.00	1.0	-0.09012704590109384	FALSE
cell_line	H2228	H2228	ZNF540	LUAD_HC_TF	TESTED	CIS-BP2.00|000701|M07634_2.00	0.6528	0.0193553414319626	FALSE
cell_line	H2228	H2228	ZNF75D	LUAD_HC_TF	TESTED	CIS-BP2.00|000750|M07683_2.00	0.0803	0.09588240672745398	FALSE
cell_line	H2347	H2347	CEBPA	LUAD_LINEAGE_POSITIVE_CONTROL	TESTED	JASPAR2024|000234|MA0102.5	0.0443	0.12711975414405607	FALSE
cell_line	H2347	H2347	CEBPB	LUAD_LINEAGE_POSITIVE_CONTROL	TESTED	CIS-BP2.00|000866|M07830_2.00	0.0712	0.10349645552625897	FALSE
cell_line	H2347	H2347	CREB3L2	LUAD_HC_TF	TESTED	JASPAR2024|000025|MA0608.1	0.0039	0.1628619556911739	FALSE
cell_line	H2347	H2347	E2F5	LUAD_HC_TF	TESTED	CIS-BP2.00|000940|M08109_2.00	0.2504	0.09491288849895746	FALSE
cell_line	H2347	H2347	ELF3	LUAD_HC_TF_AND_LINEAGE_POSITIVE_CONTROL	TESTED	CIS-BP2.00|000227|M03002_2.00	0.0	0.3762292857505217	TRUE
cell_line	H2347	H2347	ETV1	LUAD_HC_TF	TESTED	JASPAR2024|000652|MA1966.2	0.0467	0.33062966335849736	FALSE
cell_line	H2347	H2347	FOXA1	LUAD_LINEAGE_POSITIVE_CONTROL	TESTED	CIS-BP2.00|000890|M07960_2.00	0.0047	0.15900821571010532	FALSE
cell_line	H2347	H2347	FOXA2	LUAD_LINEAGE_POSITIVE_CONTROL	TESTED	CIS-BP2.00|000889|M07959_2.00	0.0007	0.191903893044682	FALSE
cell_line	H2347	H2347	FOXA3	LUAD_HC_TF	TESTED	CIS-BP2.00|000469|M04831_2.00	0.1412	0.23720932888782406	FALSE
cell_line	H2347	H2347	FOXD2	LUAD_HC_TF	TESTED	JASPAR2024|000361|MA0847.4	0.5238	0.03218500716557112	FALSE
cell_line	H2347	H2347	GATA6	LUAD_LINEAGE_POSITIVE_CONTROL	TESTED	CIS-BP2.00|000947|M08124_2.00	0.5921	0.025035689570485534	FALSE
cell_line	H2347	H2347	HNF4A	LUAD_LINEAGE_POSITIVE_CONTROL	TESTED	CIS-BP2.00|000974|M08219_2.00	1.0	-0.10327910855473939	FALSE
cell_line	H2347	H2347	NFATC4	LUAD_HC_TF	TESTED	JASPAR2024|000506|MA1525.3	0.0	0.2571683369571831	TRUE
cell_line	H2347	H2347	NKX2-1	LUAD_LINEAGE_POSITIVE_CONTROL	TESTED	JASPAR2024|000822|MA1994.2	0.5152	0.06990854395600399	FALSE
cell_line	H2347	H2347	NR3C2	LUAD_HC_TF	TESTED	JASPAR2024|000539|MA0727.2	1.0	-0.18093004451060857	FALSE
cell_line	H2347	H2347	XBP1	LUAD_HC_TF	TESTED	JASPAR2024|000675|MA0844.2	0.0	0.26889897997466305	TRUE
cell_line	H2347	H2347	ZBTB18	LUAD_HC_TF	TESTED	CIS-BP2.00|000988|M08257_2.00	0.4597	0.056743525738069525	FALSE
cell_line	H2347	H2347	ZNF141	LUAD_HC_TF	TESTED	CIS-BP2.00|000653|M07586_2.00	0.6699	0.015392242407109182	FALSE
cell_line	H2347	H2347	ZNF19	LUAD_HC_TF	TESTED	CIS-BP2.00|000670|M07603_2.00	0.152	0.6051321294130899	FALSE
cell_line	H2347	H2347	ZNF254	LUAD_HC_TF	TESTED	CIS-BP2.00|000827|M07760_2.00	1.0	-0.11890826742043355	FALSE
cell_line	H2347	H2347	ZNF281	LUAD_HC_TF	TESTED	JASPAR2024|000706|MA1630.3	1.0	-0.04402443781939272	FALSE
cell_line	H2347	H2347	ZNF33A	LUAD_HC_TF	TESTED	CIS-BP2.00|000762|M07695_2.00	0.0007	0.338171200026391	FALSE
cell_line	H2347	H2347	ZNF33B	LUAD_HC_TF	TESTED	CIS-BP2.00|000777|M07710_2.00	0.3727	0.05176387900046913	FALSE
cell_line	H2347	H2347	ZNF341	LUAD_HC_TF	TESTED	JASPAR2024|000712|MA1655.2	0.8741	-0.4915595517337794	FALSE
cell_line	H2347	H2347	ZNF444	LUAD_HC_TF	TESTED	CIS-BP2.00|000420|M04529_2.00	1.0	-0.09911334926045869	FALSE
cell_line	H2347	H2347	ZNF540	LUAD_HC_TF	TESTED	CIS-BP2.00|000701|M07634_2.00	1.0	-0.08132556663085816	FALSE
cell_line	H2347	H2347	ZNF75D	LUAD_HC_TF	TESTED	JASPAR2024|000169|MA1601.2	0.0052	0.1703868015225503	FALSE
cell_line	H322	H322	CEBPA	LUAD_LINEAGE_POSITIVE_CONTROL	TESTED	JASPAR2024|000234|MA0102.5	0.1181	0.09067575493639074	FALSE
cell_line	H322	H322	CEBPB	LUAD_LINEAGE_POSITIVE_CONTROL	TESTED	JASPAR2024|000235|MA0466.4	0.0027	0.2990189654822275	FALSE
cell_line	H322	H322	CREB3L2	LUAD_HC_TF	TESTED	CIS-BP2.00|000117|M01812_2.00	0.2185	0.06328951954873162	FALSE
cell_line	H322	H322	E2F5	LUAD_HC_TF	TESTED	CIS-BP2.00|000940|M08109_2.00	0.6331	0.01810226880860062	FALSE
cell_line	H322	H322	ELF3	LUAD_HC_TF_AND_LINEAGE_POSITIVE_CONTROL	TESTED	CIS-BP2.00|000227|M03002_2.00	0.0	0.4809242249820844	TRUE
cell_line	H322	H322	ETV1	LUAD_HC_TF	TESTED	JASPAR2024|000311|MA0761.3	0.1064	0.5016064240184126	FALSE
cell_line	H322	H322	FOXA1	LUAD_LINEAGE_POSITIVE_CONTROL	TESTED	CIS-BP2.00|000890|M07960_2.00	0.0034	0.15476704186967105	FALSE
cell_line	H322	H322	FOXA2	LUAD_LINEAGE_POSITIVE_CONTROL	TESTED	CIS-BP2.00|000889|M07959_2.00	0.0435	0.10899492945630201	FALSE
cell_line	H322	H322	FOXA3	LUAD_HC_TF	TESTED	CIS-BP2.00|000469|M04831_2.00	0.0001	0.523007629287798	FALSE
cell_line	H322	H322	FOXD2	LUAD_HC_TF	TESTED	CIS-BP2.00|000235|M03042_2.00	0.3451	0.04775734611471228	FALSE
cell_line	H322	H322	GATA6	LUAD_LINEAGE_POSITIVE_CONTROL	TESTED	CIS-BP2.00|000947|M08124_2.00	0.5738	0.02131981785552109	FALSE
cell_line	H322	H322	HNF4A	LUAD_LINEAGE_POSITIVE_CONTROL	TESTED	JASPAR2024|000409|MA1494.2	1.0	-0.1719360759981644	FALSE
cell_line	H322	H322	NFATC4	LUAD_HC_TF	TESTED	JASPAR2024|000506|MA1525.3	0.0	0.2799206368129953	TRUE
cell_line	H322	H322	NKX2-1	LUAD_LINEAGE_POSITIVE_CONTROL	TESTED	JASPAR2024|000822|MA1994.2	0.5963	0.03421240458935127	FALSE
cell_line	H322	H322	NR3C2	LUAD_HC_TF	TESTED	JASPAR2024|000539|MA0727.2	0.2132	0.12978502878137316	FALSE
cell_line	H322	H322	XBP1	LUAD_HC_TF	TESTED	JASPAR2024|000675|MA0844.2	0.0	0.22279107484608288	TRUE
cell_line	H322	H322	ZBTB18	LUAD_HC_TF	TESTED	CIS-BP2.00|000988|M08257_2.00	1.0	-0.06466958504770397	FALSE
cell_line	H322	H322	ZNF141	LUAD_HC_TF	TESTED	CIS-BP2.00|000653|M07586_2.00	0.7712	-0.0034927037359392616	FALSE
cell_line	H322	H322	ZNF19	LUAD_HC_TF	TESTED	CIS-BP2.00|000670|M07603_2.00	0.9857	-0.23394014767270696	FALSE
cell_line	H322	H322	ZNF254	LUAD_HC_TF	TESTED	CIS-BP2.00|000827|M07760_2.00	1.0	-0.18302791181007266	FALSE
cell_line	H322	H322	ZNF281	LUAD_HC_TF	TESTED	JASPAR2024|000706|MA1630.3	0.1621	0.09009157613467679	FALSE
cell_line	H322	H322	ZNF33A	LUAD_HC_TF	TESTED	CIS-BP2.00|000762|M07695_2.00	0.2478	0.0963805075220046	FALSE
cell_line	H322	H322	ZNF33B	LUAD_HC_TF	TESTED	CIS-BP2.00|000777|M07710_2.00	1.0	-0.10105910776560335	FALSE
cell_line	H322	H322	ZNF341	LUAD_HC_TF	TESTED	JASPAR2024|000712|MA1655.2	0.5267	0.27022145279219784	FALSE
cell_line	H322	H322	ZNF444	LUAD_HC_TF	TESTED	CIS-BP2.00|000420|M04529_2.00	1.0	-0.09425739398010052	FALSE
cell_line	H322	H322	ZNF540	LUAD_HC_TF	TESTED	CIS-BP2.00|000701|M07634_2.00	0.8966	-0.02141373781533697	FALSE
cell_line	H322	H322	ZNF75D	LUAD_HC_TF	TESTED	CIS-BP2.00|000750|M07683_2.00	0.0283	0.1190406510276466	FALSE
cell_line	II-18	II-18	CEBPA	LUAD_LINEAGE_POSITIVE_CONTROL	TESTED	CIS-BP2.00|000926|M08076_2.00	0.07	0.09768973228958847	FALSE
cell_line	II-18	II-18	CEBPB	LUAD_LINEAGE_POSITIVE_CONTROL	TESTED	JASPAR2024|000235|MA0466.4	0.0001	0.3619703326038552	FALSE
cell_line	II-18	II-18	CREB3L2	LUAD_HC_TF	TESTED	CIS-BP2.00|000117|M01812_2.00	0.0897	0.08828445909723694	FALSE
cell_line	II-18	II-18	E2F5	LUAD_HC_TF	TESTED	CIS-BP2.00|000940|M08109_2.00	0.4026	0.05780028586836062	FALSE
cell_line	II-18	II-18	ELF3	LUAD_HC_TF_AND_LINEAGE_POSITIVE_CONTROL	TESTED	CIS-BP2.00|000227|M03002_2.00	0.0	0.46436674634133834	TRUE
cell_line	II-18	II-18	ETV1	LUAD_HC_TF	TESTED	JASPAR2024|000311|MA0761.3	0.0225	0.7724306333685063	FALSE
cell_line	II-18	II-18	FOXA1	LUAD_LINEAGE_POSITIVE_CONTROL	TESTED	CIS-BP2.00|000890|M07960_2.00	0.0002	0.1954867696842718	FALSE
cell_line	II-18	II-18	FOXA2	LUAD_LINEAGE_POSITIVE_CONTROL	TESTED	CIS-BP2.00|000889|M07959_2.00	0.0066	0.14505324664183575	FALSE
cell_line	II-18	II-18	FOXA3	LUAD_HC_TF	TESTED	CIS-BP2.00|000469|M04831_2.00	0.0	0.5874952559566298	TRUE
cell_line	II-18	II-18	FOXD2	LUAD_HC_TF	TESTED	CIS-BP2.00|000235|M03042_2.00	0.3921	0.04021755857312728	FALSE
cell_line	II-18	II-18	GATA6	LUAD_LINEAGE_POSITIVE_CONTROL	TESTED	JASPAR2024|000382|MA1104.3	0.0755	0.12250700029274982	FALSE
cell_line	II-18	II-18	HNF4A	LUAD_LINEAGE_POSITIVE_CONTROL	TESTED	JASPAR2024|000410|MA0114.5	1.0	-0.15987596550103728	FALSE
cell_line	II-18	II-18	NFATC4	LUAD_HC_TF	TESTED	JASPAR2024|000506|MA1525.3	0.0	0.34692801808828005	TRUE
cell_line	II-18	II-18	NKX2-1	LUAD_LINEAGE_POSITIVE_CONTROL	TESTED	JASPAR2024|000822|MA1994.2	0.0335	0.25828455832916314	FALSE
cell_line	II-18	II-18	NR3C2	LUAD_HC_TF	TESTED	JASPAR2024|000539|MA0727.2	0.7654	0.0013726116350162474	FALSE
cell_line	II-18	II-18	XBP1	LUAD_HC_TF	TESTED	JASPAR2024|000675|MA0844.2	0.0	0.2447501813157208	TRUE
cell_line	II-18	II-18	ZBTB18	LUAD_HC_TF	TESTED	JASPAR2024|000681|MA0698.2	1.0	-0.0458529272640068	FALSE
cell_line	II-18	II-18	ZNF141	LUAD_HC_TF	TESTED	CIS-BP2.00|000653|M07586_2.00	0.1684	0.07694560971537102	FALSE
cell_line	II-18	II-18	ZNF19	LUAD_HC_TF	TESTED	CIS-BP2.00|000670|M07603_2.00	0.07	0.6976187119464442	FALSE
cell_line	II-18	II-18	ZNF254	LUAD_HC_TF	TESTED	CIS-BP2.00|000827|M07760_2.00	1.0	-0.24161672592151925	FALSE
cell_line	II-18	II-18	ZNF281	LUAD_HC_TF	TESTED	JASPAR2024|000706|MA1630.3	0.0273	0.14809493052467756	FALSE
cell_line	II-18	II-18	ZNF33A	LUAD_HC_TF	TESTED	CIS-BP2.00|000762|M07695_2.00	0.006	0.2418506855966156	FALSE
cell_line	II-18	II-18	ZNF33B	LUAD_HC_TF	TESTED	CIS-BP2.00|000777|M07710_2.00	1.0	-0.15120384489376312	FALSE
cell_line	II-18	II-18	ZNF341	LUAD_HC_TF	TESTED	JASPAR2024|000712|MA1655.2	0.2114	2.2215339710714255	FALSE
cell_line	II-18	II-18	ZNF444	LUAD_HC_TF	TESTED	CIS-BP2.00|000420|M04529_2.00	0.4007	0.04064946339876165	FALSE
cell_line	II-18	II-18	ZNF540	LUAD_HC_TF	TESTED	CIS-BP2.00|000701|M07634_2.00	1.0	-0.08256900414744364	FALSE
cell_line	II-18	II-18	ZNF75D	LUAD_HC_TF	TESTED	JASPAR2024|000169|MA1601.2	0.0389	0.11688580347373853	FALSE
cell_line	LC2/ad	LC2_ad	CEBPA	LUAD_LINEAGE_POSITIVE_CONTROL	TESTED	JASPAR2024|000234|MA0102.5	0.098	0.0949704565052373	FALSE
cell_line	LC2/ad	LC2_ad	CEBPB	LUAD_LINEAGE_POSITIVE_CONTROL	TESTED	JASPAR2024|000235|MA0466.4	0.2483	0.11327184413074584	FALSE
cell_line	LC2/ad	LC2_ad	CREB3L2	LUAD_HC_TF	TESTED	CIS-BP2.00|000117|M01812_2.00	0.2011	0.06406542587371421	FALSE
cell_line	LC2/ad	LC2_ad	E2F5	LUAD_HC_TF	TESTED	CIS-BP2.00|000940|M08109_2.00	0.4761	0.043829315867540686	FALSE
cell_line	LC2/ad	LC2_ad	ELF3	LUAD_HC_TF_AND_LINEAGE_POSITIVE_CONTROL	TESTED	CIS-BP2.00|000227|M03002_2.00	0.0	0.5703490465687244	TRUE
cell_line	LC2/ad	LC2_ad	ETV1	LUAD_HC_TF	TESTED	CIS-BP2.00|000457|M04708_2.00	0.0182	3.6620226443623727	FALSE
cell_line	LC2/ad	LC2_ad	FOXA1	LUAD_LINEAGE_POSITIVE_CONTROL	TESTED	CIS-BP2.00|000890|M07960_2.00	0.0134	0.1306273610321561	FALSE
cell_line	LC2/ad	LC2_ad	FOXA2	LUAD_LINEAGE_POSITIVE_CONTROL	TESTED	CIS-BP2.00|000889|M07959_2.00	0.0067	0.14485858104319244	FALSE
cell_line	LC2/ad	LC2_ad	FOXA3	LUAD_HC_TF	TESTED	CIS-BP2.00|000469|M04831_2.00	0.0	0.6134769768864732	TRUE
cell_line	LC2/ad	LC2_ad	FOXD2	LUAD_HC_TF	TESTED	JASPAR2024|000361|MA0847.4	0.1814	0.06981822405700361	FALSE
cell_line	LC2/ad	LC2_ad	GATA6	LUAD_LINEAGE_POSITIVE_CONTROL	TESTED	JASPAR2024|000382|MA1104.3	0.0684	0.12511036015055516	FALSE
cell_line	LC2/ad	LC2_ad	HNF4A	LUAD_LINEAGE_POSITIVE_CONTROL	TESTED	JASPAR2024|000410|MA0114.5	0.7387	0.003730909207836959	FALSE
cell_line	LC2/ad	LC2_ad	NFATC4	LUAD_HC_TF	TESTED	JASPAR2024|000506|MA1525.3	0.0	0.31222490794233204	TRUE
cell_line	LC2/ad	LC2_ad	NKX2-1	LUAD_LINEAGE_POSITIVE_CONTROL	TESTED	JASPAR2024|000822|MA1994.2	0.3086	0.11122631781152673	FALSE
cell_line	LC2/ad	LC2_ad	NR3C2	LUAD_HC_TF	TESTED	JASPAR2024|000539|MA0727.2	1.0	-0.09073101372883864	FALSE
cell_line	LC2/ad	LC2_ad	XBP1	LUAD_HC_TF	TESTED	JASPAR2024|000675|MA0844.2	0.0001	0.20464761739109466	FALSE
cell_line	LC2/ad	LC2_ad	ZBTB18	LUAD_HC_TF	TESTED	JASPAR2024|000681|MA0698.2	1.0	-0.05540383039923758	FALSE
cell_line	LC2/ad	LC2_ad	ZNF141	LUAD_HC_TF	TESTED	CIS-BP2.00|000653|M07586_2.00	0.5063	0.028227658008500477	FALSE
cell_line	LC2/ad	LC2_ad	ZNF19	LUAD_HC_TF	TESTED	CIS-BP2.00|000670|M07603_2.00	0.0279	1.0371802110795065	FALSE
cell_line	LC2/ad	LC2_ad	ZNF254	LUAD_HC_TF	TESTED	CIS-BP2.00|000827|M07760_2.00	1.0	-0.11198952760719409	FALSE
cell_line	LC2/ad	LC2_ad	ZNF281	LUAD_HC_TF	TESTED	JASPAR2024|000706|MA1630.3	0.0917	0.10999867285454941	FALSE
cell_line	LC2/ad	LC2_ad	ZNF33A	LUAD_HC_TF	TESTED	CIS-BP2.00|000762|M07695_2.00	0.0497	0.17167894680152462	FALSE
cell_line	LC2/ad	LC2_ad	ZNF33B	LUAD_HC_TF	TESTED	CIS-BP2.00|000777|M07710_2.00	0.7687	-0.002046838519965149	FALSE
cell_line	LC2/ad	LC2_ad	ZNF341	LUAD_HC_TF	TESTED	CIS-BP2.00|001017|M08310_2.00	0.0135	3.742921541788962	FALSE
cell_line	LC2/ad	LC2_ad	ZNF444	LUAD_HC_TF	TESTED	CIS-BP2.00|000420|M04529_2.00	0.955	-0.027098560024535454	FALSE
cell_line	LC2/ad	LC2_ad	ZNF540	LUAD_HC_TF	TESTED	CIS-BP2.00|000701|M07634_2.00	0.7246	0.004013648576293264	FALSE
cell_line	LC2/ad	LC2_ad	ZNF75D	LUAD_HC_TF	TESTED	CIS-BP2.00|000750|M07683_2.00	0.0316	0.11620990223511858	FALSE
cell_line	PC-14	PC-14	CEBPA	LUAD_LINEAGE_POSITIVE_CONTROL	TESTED	JASPAR2024|000234|MA0102.5	0.1934	0.07351980017033437	FALSE
cell_line	PC-14	PC-14	CEBPB	LUAD_LINEAGE_POSITIVE_CONTROL	TESTED	JASPAR2024|000235|MA0466.4	0.013	0.24644073545548018	FALSE
cell_line	PC-14	PC-14	CREB3L2	LUAD_HC_TF	TESTED	CIS-BP2.00|000117|M01812_2.00	1.0	-0.05510853466621041	FALSE
cell_line	PC-14	PC-14	E2F5	LUAD_HC_TF	TESTED	CIS-BP2.00|000940|M08109_2.00	0.0038	0.23897935472721862	FALSE
cell_line	PC-14	PC-14	ELF3	LUAD_HC_TF_AND_LINEAGE_POSITIVE_CONTROL	TESTED	CIS-BP2.00|000227|M03002_2.00	0.0	0.4180535106598955	TRUE
cell_line	PC-14	PC-14	ETV1	LUAD_HC_TF	TESTED	JASPAR2024|000311|MA0761.3	0.0032	1.0536040321236682	FALSE
cell_line	PC-14	PC-14	FOXA1	LUAD_LINEAGE_POSITIVE_CONTROL	TESTED	CIS-BP2.00|000890|M07960_2.00	0.0008	0.1738988272631966	FALSE
cell_line	PC-14	PC-14	FOXA2	LUAD_LINEAGE_POSITIVE_CONTROL	TESTED	CIS-BP2.00|000889|M07959_2.00	0.0627	0.09905011189739724	FALSE
cell_line	PC-14	PC-14	FOXA3	LUAD_HC_TF	TESTED	CIS-BP2.00|000469|M04831_2.00	0.0064	0.3674922249200103	FALSE
cell_line	PC-14	PC-14	FOXD2	LUAD_HC_TF	TESTED	JASPAR2024|000361|MA0847.4	0.4244	0.03940505472680456	FALSE
cell_line	PC-14	PC-14	GATA6	LUAD_LINEAGE_POSITIVE_CONTROL	TESTED	JASPAR2024|000382|MA1104.3	0.1667	0.09410553696514103	FALSE
cell_line	PC-14	PC-14	HNF4A	LUAD_LINEAGE_POSITIVE_CONTROL	TESTED	JASPAR2024|000410|MA0114.5	0.5612	0.057362471116778335	FALSE
cell_line	PC-14	PC-14	NFATC4	LUAD_HC_TF	TESTED	JASPAR2024|000506|MA1525.3	0.0	0.2836562423739442	TRUE
cell_line	PC-14	PC-14	NKX2-1	LUAD_LINEAGE_POSITIVE_CONTROL	TESTED	JASPAR2024|000822|MA1994.2	0.4528	0.07802842851231818	FALSE
cell_line	PC-14	PC-14	NR3C2	LUAD_HC_TF	TESTED	JASPAR2024|000539|MA0727.2	0.9554	-0.038318131374779935	FALSE
cell_line	PC-14	PC-14	XBP1	LUAD_HC_TF	TESTED	CIS-BP2.00|000375|M04231_2.00	0.0	0.5166554899762663	TRUE
cell_line	PC-14	PC-14	ZBTB18	LUAD_HC_TF	TESTED	JASPAR2024|000681|MA0698.2	1.0	-0.19325601533785994	FALSE
cell_line	PC-14	PC-14	ZNF141	LUAD_HC_TF	TESTED	CIS-BP2.00|000653|M07586_2.00	0.4079	0.04351685931584801	FALSE
cell_line	PC-14	PC-14	ZNF19	LUAD_HC_TF	TESTED	CIS-BP2.00|000670|M07603_2.00	0.2944	0.3997919287168464	FALSE
cell_line	PC-14	PC-14	ZNF254	LUAD_HC_TF	TESTED	CIS-BP2.00|000827|M07760_2.00	0.7648	0.004687568895222278	FALSE
cell_line	PC-14	PC-14	ZNF281	LUAD_HC_TF	TESTED	JASPAR2024|000706|MA1630.3	0.0578	0.12602724067002033	FALSE
cell_line	PC-14	PC-14	ZNF33A	LUAD_HC_TF	TESTED	CIS-BP2.00|000762|M07695_2.00	0.6151	0.029864362053911003	FALSE
cell_line	PC-14	PC-14	ZNF33B	LUAD_HC_TF	TESTED	CIS-BP2.00|000777|M07710_2.00	1.0	-0.09875232398421387	FALSE
cell_line	PC-14	PC-14	ZNF341	LUAD_HC_TF	TESTED	JASPAR2024|000712|MA1655.2	0.9644	-0.15565972687100224	FALSE
cell_line	PC-14	PC-14	ZNF444	LUAD_HC_TF	TESTED	CIS-BP2.00|000420|M04529_2.00	0.6989	0.010579494348912508	FALSE
cell_line	PC-14	PC-14	ZNF540	LUAD_HC_TF	TESTED	CIS-BP2.00|000701|M07634_2.00	0.8892	-0.013017020394926703	FALSE
cell_line	PC-14	PC-14	ZNF75D	LUAD_HC_TF	TESTED	CIS-BP2.00|000750|M07683_2.00	0.0019	0.16627752023617767	FALSE
cell_line	PC-9	PC-9	CEBPA	LUAD_LINEAGE_POSITIVE_CONTROL	TESTED	CIS-BP2.00|000926|M08076_2.00	0.5738	0.02827875186362625	FALSE
cell_line	PC-9	PC-9	CEBPB	LUAD_LINEAGE_POSITIVE_CONTROL	TESTED	JASPAR2024|000235|MA0466.4	0.0037	0.3119758003148691	FALSE
cell_line	PC-9	PC-9	CREB3L2	LUAD_HC_TF	TESTED	CIS-BP2.00|000117|M01812_2.00	0.3768	0.04813422183566574	FALSE
cell_line	PC-9	PC-9	E2F5	LUAD_HC_TF	TESTED	CIS-BP2.00|000940|M08109_2.00	1.0	-0.03662741859740395	FALSE
cell_line	PC-9	PC-9	ELF3	LUAD_HC_TF_AND_LINEAGE_POSITIVE_CONTROL	TESTED	CIS-BP2.00|000227|M03002_2.00	0.0	0.4408402301468878	TRUE
cell_line	PC-9	PC-9	ETV1	LUAD_HC_TF	TESTED	CIS-BP2.00|000457|M04708_2.00	0.3568	0.6640995687776853	FALSE
cell_line	PC-9	PC-9	FOXA1	LUAD_LINEAGE_POSITIVE_CONTROL	TESTED	CIS-BP2.00|000890|M07960_2.00	0.0276	0.12374600651176315	FALSE
cell_line	PC-9	PC-9	FOXA2	LUAD_LINEAGE_POSITIVE_CONTROL	TESTED	CIS-BP2.00|000889|M07959_2.00	0.0276	0.12621552400981698	FALSE
cell_line	PC-9	PC-9	FOXA3	LUAD_HC_TF	TESTED	CIS-BP2.00|000469|M04831_2.00	0.2124	0.20033033796156707	FALSE
cell_line	PC-9	PC-9	FOXD2	LUAD_HC_TF	TESTED	JASPAR2024|000361|MA0847.4	0.7643	0.00908889954945717	FALSE
cell_line	PC-9	PC-9	GATA6	LUAD_LINEAGE_POSITIVE_CONTROL	TESTED	CIS-BP2.00|000947|M08124_2.00	1.0	-0.06457221784853891	FALSE
cell_line	PC-9	PC-9	HNF4A	LUAD_LINEAGE_POSITIVE_CONTROL	TESTED	JASPAR2024|000410|MA0114.5	0.4757	0.09649489267405947	FALSE
cell_line	PC-9	PC-9	NFATC4	LUAD_HC_TF	TESTED	JASPAR2024|000506|MA1525.3	0.018	0.14549729367797481	FALSE
cell_line	PC-9	PC-9	NKX2-1	LUAD_LINEAGE_POSITIVE_CONTROL	TESTED	JASPAR2024|000822|MA1994.2	0.1765	0.1835196066843023	FALSE
cell_line	PC-9	PC-9	NR3C2	LUAD_HC_TF	TESTED	JASPAR2024|000539|MA0727.2	0.9586	-0.027727496197701654	FALSE
cell_line	PC-9	PC-9	XBP1	LUAD_HC_TF	TESTED	JASPAR2024|000675|MA0844.2	0.0005	0.19112682116027382	FALSE
cell_line	PC-9	PC-9	ZBTB18	LUAD_HC_TF	TESTED	JASPAR2024|000681|MA0698.2	1.0	-0.07620609372135934	FALSE
cell_line	PC-9	PC-9	ZNF141	LUAD_HC_TF	TESTED	CIS-BP2.00|000653|M07586_2.00	0.1653	0.08645625784649612	FALSE
cell_line	PC-9	PC-9	ZNF19	LUAD_HC_TF	TESTED	CIS-BP2.00|000670|M07603_2.00	0.9579	-0.07683846458181201	FALSE
cell_line	PC-9	PC-9	ZNF254	LUAD_HC_TF	TESTED	CIS-BP2.00|000827|M07760_2.00	1.0	-0.24144763803514335	FALSE
cell_line	PC-9	PC-9	ZNF281	LUAD_HC_TF	TESTED	JASPAR2024|000706|MA1630.3	1.0	-0.054937075151857556	FALSE
cell_line	PC-9	PC-9	ZNF33A	LUAD_HC_TF	TESTED	CIS-BP2.00|000762|M07695_2.00	0.0163	0.24135939775533585	FALSE
cell_line	PC-9	PC-9	ZNF33B	LUAD_HC_TF	TESTED	CIS-BP2.00|000777|M07710_2.00	1.0	-0.025824329115268135	FALSE
cell_line	PC-9	PC-9	ZNF341	LUAD_HC_TF	TESTED	JASPAR2024|000712|MA1655.2	1.0	-0.35867612980898766	FALSE
cell_line	PC-9	PC-9	ZNF444	LUAD_HC_TF	TESTED	CIS-BP2.00|000420|M04529_2.00	1.0	-0.12669480746297518	FALSE
cell_line	PC-9	PC-9	ZNF540	LUAD_HC_TF	TESTED	CIS-BP2.00|000701|M07634_2.00	1.0	-0.052941134641011245	FALSE
cell_line	PC-9	PC-9	ZNF75D	LUAD_HC_TF	TESTED	CIS-BP2.00|000750|M07683_2.00	0.0516	0.11252315748637588	FALSE
cell_line	RERF-LC-Ad1	RERF-LC-Ad1	CEBPA	LUAD_LINEAGE_POSITIVE_CONTROL	TESTED	JASPAR2024|000234|MA0102.5	0.3176	0.053854817985908285	FALSE
cell_line	RERF-LC-Ad1	RERF-LC-Ad1	CEBPB	LUAD_LINEAGE_POSITIVE_CONTROL	TESTED	JASPAR2024|000235|MA0466.4	0.0703	0.18673684022029727	FALSE
cell_line	RERF-LC-Ad1	RERF-LC-Ad1	CREB3L2	LUAD_HC_TF	TESTED	CIS-BP2.00|000117|M01812_2.00	0.0342	0.11292351292462316	FALSE
cell_line	RERF-LC-Ad1	RERF-LC-Ad1	E2F5	LUAD_HC_TF	TESTED	CIS-BP2.00|000940|M08109_2.00	0.7875	-0.0029662097840961917	FALSE
cell_line	RERF-LC-Ad1	RERF-LC-Ad1	ELF3	LUAD_HC_TF_AND_LINEAGE_POSITIVE_CONTROL	TESTED	CIS-BP2.00|000227|M03002_2.00	0.0	0.46953604436978735	TRUE
cell_line	RERF-LC-Ad1	RERF-LC-Ad1	ETV1	LUAD_HC_TF	TESTED	JASPAR2024|000311|MA0761.3	0.2806	0.29086197678358694	FALSE
cell_line	RERF-LC-Ad1	RERF-LC-Ad1	FOXA1	LUAD_LINEAGE_POSITIVE_CONTROL	TESTED	CIS-BP2.00|000890|M07960_2.00	0.0546	0.10169799119876023	FALSE
cell_line	RERF-LC-Ad1	RERF-LC-Ad1	FOXA2	LUAD_LINEAGE_POSITIVE_CONTROL	TESTED	JASPAR2024|000357|MA0047.4	0.0398	0.13055268397654485	FALSE
cell_line	RERF-LC-Ad1	RERF-LC-Ad1	FOXA3	LUAD_HC_TF	TESTED	CIS-BP2.00|000469|M04831_2.00	0.0139	0.3563877878563895	FALSE
cell_line	RERF-LC-Ad1	RERF-LC-Ad1	FOXD2	LUAD_HC_TF	TESTED	CIS-BP2.00|000235|M03042_2.00	0.7214	0.006381078483374501	FALSE
cell_line	RERF-LC-Ad1	RERF-LC-Ad1	GATA6	LUAD_LINEAGE_POSITIVE_CONTROL	TESTED	JASPAR2024|000382|MA1104.3	0.002	0.21752769082193918	FALSE
cell_line	RERF-LC-Ad1	RERF-LC-Ad1	HNF4A	LUAD_LINEAGE_POSITIVE_CONTROL	TESTED	JASPAR2024|000410|MA0114.5	0.5039	0.06366478103647452	FALSE
cell_line	RERF-LC-Ad1	RERF-LC-Ad1	NFATC4	LUAD_HC_TF	TESTED	JASPAR2024|000506|MA1525.3	0.0	0.2944469851640939	TRUE
cell_line	RERF-LC-Ad1	RERF-LC-Ad1	NKX2-1	LUAD_LINEAGE_POSITIVE_CONTROL	TESTED	JASPAR2024|000822|MA1994.2	0.3049	0.11209991864181236	FALSE
cell_line	RERF-LC-Ad1	RERF-LC-Ad1	NR3C2	LUAD_HC_TF	TESTED	JASPAR2024|000539|MA0727.2	1.0	-0.1361968368900815	FALSE
cell_line	RERF-LC-Ad1	RERF-LC-Ad1	XBP1	LUAD_HC_TF	TESTED	CIS-BP2.00|000375|M04231_2.00	0.0	0.4976640578567451	TRUE
cell_line	RERF-LC-Ad1	RERF-LC-Ad1	ZBTB18	LUAD_HC_TF	TESTED	JASPAR2024|000681|MA0698.2	1.0	-0.07941583047364037	FALSE
cell_line	RERF-LC-Ad1	RERF-LC-Ad1	ZNF141	LUAD_HC_TF	TESTED	CIS-BP2.00|000653|M07586_2.00	0.1095	0.09177095947441567	FALSE
cell_line	RERF-LC-Ad1	RERF-LC-Ad1	ZNF19	LUAD_HC_TF	TESTED	CIS-BP2.00|000670|M07603_2.00	0.4878	0.15831174613558519	FALSE
cell_line	RERF-LC-Ad1	RERF-LC-Ad1	ZNF254	LUAD_HC_TF	TESTED	CIS-BP2.00|000827|M07760_2.00	1.0	-0.05458314853739507	FALSE
cell_line	RERF-LC-Ad1	RERF-LC-Ad1	ZNF281	LUAD_HC_TF	TESTED	JASPAR2024|000706|MA1630.3	0.9882	-0.030255888477988643	FALSE
cell_line	RERF-LC-Ad1	RERF-LC-Ad1	ZNF33A	LUAD_HC_TF	TESTED	CIS-BP2.00|000762|M07695_2.00	0.0476	0.17903296709581418	FALSE
cell_line	RERF-LC-Ad1	RERF-LC-Ad1	ZNF33B	LUAD_HC_TF	TESTED	CIS-BP2.00|000777|M07710_2.00	0.7929	-0.0011648631959112307	FALSE
cell_line	RERF-LC-Ad1	RERF-LC-Ad1	ZNF341	LUAD_HC_TF	TESTED	JASPAR2024|000712|MA1655.2	0.8452	-0.5691139323236283	FALSE
cell_line	RERF-LC-Ad1	RERF-LC-Ad1	ZNF444	LUAD_HC_TF	TESTED	CIS-BP2.00|000420|M04529_2.00	1.0	-0.10824395509006195	FALSE
cell_line	RERF-LC-Ad1	RERF-LC-Ad1	ZNF540	LUAD_HC_TF	TESTED	CIS-BP2.00|000701|M07634_2.00	0.8479	-0.008170881247890492	FALSE
cell_line	RERF-LC-Ad1	RERF-LC-Ad1	ZNF75D	LUAD_HC_TF	TESTED	CIS-BP2.00|000750|M07683_2.00	0.0017	0.16990787093207213	FALSE
cell_line	RERF-LC-Ad2	RERF-LC-Ad2	CEBPA	LUAD_LINEAGE_POSITIVE_CONTROL	TESTED	JASPAR2024|000234|MA0102.5	0.011	0.15070029486126435	FALSE
cell_line	RERF-LC-Ad2	RERF-LC-Ad2	CEBPB	LUAD_LINEAGE_POSITIVE_CONTROL	TESTED	JASPAR2024|000235|MA0466.4	0.0007	0.3337724913656894	FALSE
cell_line	RERF-LC-Ad2	RERF-LC-Ad2	CREB3L2	LUAD_HC_TF	TESTED	CIS-BP2.00|000117|M01812_2.00	0.0054	0.1485046224720101	FALSE
cell_line	RERF-LC-Ad2	RERF-LC-Ad2	E2F5	LUAD_HC_TF	TESTED	CIS-BP2.00|000940|M08109_2.00	0.3693	0.0656166936023823	FALSE
cell_line	RERF-LC-Ad2	RERF-LC-Ad2	ELF3	LUAD_HC_TF_AND_LINEAGE_POSITIVE_CONTROL	TESTED	CIS-BP2.00|000227|M03002_2.00	0.0	0.40105894185940083	TRUE
cell_line	RERF-LC-Ad2	RERF-LC-Ad2	ETV1	LUAD_HC_TF	TESTED	JASPAR2024|000311|MA0761.3	0.0539	0.6509783115322914	FALSE
cell_line	RERF-LC-Ad2	RERF-LC-Ad2	FOXA1	LUAD_LINEAGE_POSITIVE_CONTROL	TESTED	JASPAR2024|000356|MA0148.5	0.0914	0.11173167104489048	FALSE
cell_line	RERF-LC-Ad2	RERF-LC-Ad2	FOXA2	LUAD_LINEAGE_POSITIVE_CONTROL	TESTED	JASPAR2024|000357|MA0047.4	0.0156	0.15402203351635957	FALSE
cell_line	RERF-LC-Ad2	RERF-LC-Ad2	FOXA3	LUAD_HC_TF	TESTED	JASPAR2024|000358|MA1683.2	0.088	0.14026695811207104	FALSE
cell_line	RERF-LC-Ad2	RERF-LC-Ad2	FOXD2	LUAD_HC_TF	TESTED	JASPAR2024|000361|MA0847.4	0.554	0.02430351541554057	FALSE
cell_line	RERF-LC-Ad2	RERF-LC-Ad2	GATA6	LUAD_LINEAGE_POSITIVE_CONTROL	TESTED	CIS-BP2.00|000947|M08124_2.00	0.0549	0.1170507445070025	FALSE
cell_line	RERF-LC-Ad2	RERF-LC-Ad2	HNF4A	LUAD_LINEAGE_POSITIVE_CONTROL	TESTED	JASPAR2024|000410|MA0114.5	1.0	-0.09912243727493933	FALSE
cell_line	RERF-LC-Ad2	RERF-LC-Ad2	NFATC4	LUAD_HC_TF	TESTED	JASPAR2024|000506|MA1525.3	0.0	0.285811650158149	TRUE
cell_line	RERF-LC-Ad2	RERF-LC-Ad2	NKX2-1	LUAD_LINEAGE_POSITIVE_CONTROL	TESTED	JASPAR2024|000822|MA1994.2	0.0533	0.23365167194993994	FALSE
cell_line	RERF-LC-Ad2	RERF-LC-Ad2	NR3C2	LUAD_HC_TF	TESTED	JASPAR2024|000539|MA0727.2	0.7387	0.011697265789827748	FALSE
cell_line	RERF-LC-Ad2	RERF-LC-Ad2	XBP1	LUAD_HC_TF	TESTED	JASPAR2024|000675|MA0844.2	0.0	0.3071412535861547	TRUE
cell_line	RERF-LC-Ad2	RERF-LC-Ad2	ZBTB18	LUAD_HC_TF	TESTED	JASPAR2024|000681|MA0698.2	1.0	-0.05241502510702205	FALSE
cell_line	RERF-LC-Ad2	RERF-LC-Ad2	ZNF141	LUAD_HC_TF	TESTED	CIS-BP2.00|000653|M07586_2.00	0.993	-0.03144350914749711	FALSE
cell_line	RERF-LC-Ad2	RERF-LC-Ad2	ZNF19	LUAD_HC_TF	TESTED	CIS-BP2.00|000670|M07603_2.00	0.6898	0.05129571460400132	FALSE
cell_line	RERF-LC-Ad2	RERF-LC-Ad2	ZNF254	LUAD_HC_TF	TESTED	CIS-BP2.00|000827|M07760_2.00	1.0	-0.20691007155669963	FALSE
cell_line	RERF-LC-Ad2	RERF-LC-Ad2	ZNF281	LUAD_HC_TF	TESTED	JASPAR2024|000706|MA1630.3	1.0	-0.058357931356230915	FALSE
cell_line	RERF-LC-Ad2	RERF-LC-Ad2	ZNF33A	LUAD_HC_TF	TESTED	CIS-BP2.00|000762|M07695_2.00	0.0331	0.18823081654129997	FALSE
cell_line	RERF-LC-Ad2	RERF-LC-Ad2	ZNF33B	LUAD_HC_TF	TESTED	CIS-BP2.00|000777|M07710_2.00	1.0	-0.06579482452291294	FALSE
cell_line	RERF-LC-Ad2	RERF-LC-Ad2	ZNF341	LUAD_HC_TF	TESTED	CIS-BP2.00|001017|M08310_2.00	0.2447	0.6590458942435862	FALSE
cell_line	RERF-LC-Ad2	RERF-LC-Ad2	ZNF444	LUAD_HC_TF	TESTED	CIS-BP2.00|000420|M04529_2.00	1.0	-0.08400276535797892	FALSE
cell_line	RERF-LC-Ad2	RERF-LC-Ad2	ZNF540	LUAD_HC_TF	TESTED	CIS-BP2.00|000701|M07634_2.00	0.5311	0.03153697743582634	FALSE
cell_line	RERF-LC-Ad2	RERF-LC-Ad2	ZNF75D	LUAD_HC_TF	TESTED	CIS-BP2.00|000750|M07683_2.00	0.0	0.2293433514216159	TRUE
cell_line	RERF-LC-KJ	RERF-LC-KJ	CEBPA	LUAD_LINEAGE_POSITIVE_CONTROL	TESTED	JASPAR2024|000234|MA0102.5	0.1968	0.07348078813423702	FALSE
cell_line	RERF-LC-KJ	RERF-LC-KJ	CEBPB	LUAD_LINEAGE_POSITIVE_CONTROL	TESTED	JASPAR2024|000235|MA0466.4	0.001	0.31777222216953077	FALSE
cell_line	RERF-LC-KJ	RERF-LC-KJ	CREB3L2	LUAD_HC_TF	TESTED	CIS-BP2.00|000117|M01812_2.00	0.0206	0.12116149444400395	FALSE
cell_line	RERF-LC-KJ	RERF-LC-KJ	E2F5	LUAD_HC_TF	TESTED	CIS-BP2.00|000940|M08109_2.00	0.044	0.16394331169994608	FALSE
cell_line	RERF-LC-KJ	RERF-LC-KJ	ELF3	LUAD_HC_TF_AND_LINEAGE_POSITIVE_CONTROL	TESTED	CIS-BP2.00|000227|M03002_2.00	0.0	0.5977056718624204	TRUE
cell_line	RERF-LC-KJ	RERF-LC-KJ	ETV1	LUAD_HC_TF	TESTED	CIS-BP2.00|000457|M04708_2.00	0.022	2.279983859893264	FALSE
cell_line	RERF-LC-KJ	RERF-LC-KJ	FOXA1	LUAD_LINEAGE_POSITIVE_CONTROL	TESTED	CIS-BP2.00|000890|M07960_2.00	0.0032	0.15340050875363956	FALSE
cell_line	RERF-LC-KJ	RERF-LC-KJ	FOXA2	LUAD_LINEAGE_POSITIVE_CONTROL	TESTED	CIS-BP2.00|000889|M07959_2.00	0.0064	0.14443363168111234	FALSE
cell_line	RERF-LC-KJ	RERF-LC-KJ	FOXA3	LUAD_HC_TF	TESTED	CIS-BP2.00|000469|M04831_2.00	0.0	0.5768810501937645	TRUE
cell_line	RERF-LC-KJ	RERF-LC-KJ	FOXD2	LUAD_HC_TF	TESTED	CIS-BP2.00|000235|M03042_2.00	0.4022	0.04141010884943962	FALSE
cell_line	RERF-LC-KJ	RERF-LC-KJ	GATA6	LUAD_LINEAGE_POSITIVE_CONTROL	TESTED	JASPAR2024|000382|MA1104.3	0.1196	0.10603575862993186	FALSE
cell_line	RERF-LC-KJ	RERF-LC-KJ	HNF4A	LUAD_LINEAGE_POSITIVE_CONTROL	TESTED	JASPAR2024|000410|MA0114.5	0.7602	0.010881590268447636	FALSE
cell_line	RERF-LC-KJ	RERF-LC-KJ	NFATC4	LUAD_HC_TF	TESTED	JASPAR2024|000506|MA1525.3	0.0	0.3770456488974998	TRUE
cell_line	RERF-LC-KJ	RERF-LC-KJ	NKX2-1	LUAD_LINEAGE_POSITIVE_CONTROL	TESTED	JASPAR2024|000822|MA1994.2	0.7624	0.009148206722317876	FALSE
cell_line	RERF-LC-KJ	RERF-LC-KJ	NR3C2	LUAD_HC_TF	TESTED	JASPAR2024|000539|MA0727.2	0.7107	0.021503476907957435	FALSE
cell_line	RERF-LC-KJ	RERF-LC-KJ	XBP1	LUAD_HC_TF	TESTED	JASPAR2024|000675|MA0844.2	0.0	0.33073337622101145	TRUE
cell_line	RERF-LC-KJ	RERF-LC-KJ	ZBTB18	LUAD_HC_TF	TESTED	JASPAR2024|000681|MA0698.2	1.0	-0.17296911835500633	FALSE
cell_line	RERF-LC-KJ	RERF-LC-KJ	ZNF141	LUAD_HC_TF	TESTED	CIS-BP2.00|000653|M07586_2.00	0.9003	-0.013205702128273409	FALSE
cell_line	RERF-LC-KJ	RERF-LC-KJ	ZNF19	LUAD_HC_TF	TESTED	CIS-BP2.00|000670|M07603_2.00	0.4592	0.2455379400297485	FALSE
cell_line	RERF-LC-KJ	RERF-LC-KJ	ZNF254	LUAD_HC_TF	TESTED	CIS-BP2.00|000827|M07760_2.00	1.0	-0.1592164723047092	FALSE
cell_line	RERF-LC-KJ	RERF-LC-KJ	ZNF281	LUAD_HC_TF	TESTED	JASPAR2024|000706|MA1630.3	0.5491	0.031112297234084086	FALSE
cell_line	RERF-LC-KJ	RERF-LC-KJ	ZNF33A	LUAD_HC_TF	TESTED	CIS-BP2.00|000762|M07695_2.00	0.8657	-0.010726838591717393	FALSE
cell_line	RERF-LC-KJ	RERF-LC-KJ	ZNF33B	LUAD_HC_TF	TESTED	CIS-BP2.00|000777|M07710_2.00	1.0	-0.21249381069726292	FALSE
cell_line	RERF-LC-KJ	RERF-LC-KJ	ZNF341	LUAD_HC_TF	TESTED	JASPAR2024|000712|MA1655.2	0.1888	2.4493958840070236	FALSE
cell_line	RERF-LC-KJ	RERF-LC-KJ	ZNF444	LUAD_HC_TF	TESTED	CIS-BP2.00|000420|M04529_2.00	0.9709	-0.023158856912369435	FALSE
cell_line	RERF-LC-KJ	RERF-LC-KJ	ZNF540	LUAD_HC_TF	TESTED	CIS-BP2.00|000701|M07634_2.00	0.7705	0.0036543145936235497	FALSE
cell_line	RERF-LC-KJ	RERF-LC-KJ	ZNF75D	LUAD_HC_TF	TESTED	CIS-BP2.00|000750|M07683_2.00	0.0213	0.12302366216718932	FALSE
cell_line	RERF-LC-MS	RERF-LC-MS	CEBPA	LUAD_LINEAGE_POSITIVE_CONTROL	TESTED	JASPAR2024|000234|MA0102.5	0.0491	0.11710356279803719	FALSE
cell_line	RERF-LC-MS	RERF-LC-MS	CEBPB	LUAD_LINEAGE_POSITIVE_CONTROL	TESTED	CIS-BP2.00|000866|M07830_2.00	0.0168	0.12850831232904325	FALSE
cell_line	RERF-LC-MS	RERF-LC-MS	CREB3L2	LUAD_HC_TF	TESTED	CIS-BP2.00|000117|M01812_2.00	1.0	-0.03712529367709268	FALSE
cell_line	RERF-LC-MS	RERF-LC-MS	E2F5	LUAD_HC_TF	TESTED	CIS-BP2.00|000940|M08109_2.00	0.0004	0.2989915379303929	FALSE
cell_line	RERF-LC-MS	RERF-LC-MS	ELF3	LUAD_HC_TF_AND_LINEAGE_POSITIVE_CONTROL	TESTED	CIS-BP2.00|000227|M03002_2.00	0.0	0.38362387656227925	TRUE
cell_line	RERF-LC-MS	RERF-LC-MS	ETV1	LUAD_HC_TF	TESTED	JASPAR2024|000652|MA1966.2	0.0124	0.3838965862223063	FALSE
cell_line	RERF-LC-MS	RERF-LC-MS	FOXA1	LUAD_LINEAGE_POSITIVE_CONTROL	TESTED	CIS-BP2.00|000890|M07960_2.00	0.5021	0.032279012277682144	FALSE
cell_line	RERF-LC-MS	RERF-LC-MS	FOXA2	LUAD_LINEAGE_POSITIVE_CONTROL	TESTED	JASPAR2024|000357|MA0047.4	0.1088	0.10178775188875747	FALSE
cell_line	RERF-LC-MS	RERF-LC-MS	FOXA3	LUAD_HC_TF	TESTED	JASPAR2024|000358|MA1683.2	0.5728	0.037419986185856804	FALSE
cell_line	RERF-LC-MS	RERF-LC-MS	FOXD2	LUAD_HC_TF	TESTED	CIS-BP2.00|000235|M03042_2.00	0.8505	-0.0039473144335406074	FALSE
cell_line	RERF-LC-MS	RERF-LC-MS	GATA6	LUAD_LINEAGE_POSITIVE_CONTROL	TESTED	JASPAR2024|000382|MA1104.3	0.4932	0.042491085701768926	FALSE
cell_line	RERF-LC-MS	RERF-LC-MS	HNF4A	LUAD_LINEAGE_POSITIVE_CONTROL	TESTED	JASPAR2024|000410|MA0114.5	0.2613	0.1389026711213102	FALSE
cell_line	RERF-LC-MS	RERF-LC-MS	NFATC4	LUAD_HC_TF	TESTED	JASPAR2024|000506|MA1525.3	0.0	0.31934507983168414	TRUE
cell_line	RERF-LC-MS	RERF-LC-MS	NKX2-1	LUAD_LINEAGE_POSITIVE_CONTROL	TESTED	JASPAR2024|000822|MA1994.2	0.5691	0.053018953490534454	FALSE
cell_line	RERF-LC-MS	RERF-LC-MS	NR3C2	LUAD_HC_TF	TESTED	JASPAR2024|000539|MA0727.2	1.0	-0.06754952858040894	FALSE
cell_line	RERF-LC-MS	RERF-LC-MS	XBP1	LUAD_HC_TF	TESTED	JASPAR2024|000675|MA0844.2	0.0001	0.20294422452713506	FALSE
cell_line	RERF-LC-MS	RERF-LC-MS	ZBTB18	LUAD_HC_TF	TESTED	JASPAR2024|000681|MA0698.2	1.0	-0.19266403934007575	FALSE
cell_line	RERF-LC-MS	RERF-LC-MS	ZNF141	LUAD_HC_TF	TESTED	CIS-BP2.00|000653|M07586_2.00	0.0809	0.10401429085321677	FALSE
cell_line	RERF-LC-MS	RERF-LC-MS	ZNF19	LUAD_HC_TF	TESTED	CIS-BP2.00|000670|M07603_2.00	1.0	-0.2924720827265461	FALSE
cell_line	RERF-LC-MS	RERF-LC-MS	ZNF254	LUAD_HC_TF	TESTED	CIS-BP2.00|000827|M07760_2.00	1.0	-0.1542411589381826	FALSE
cell_line	RERF-LC-MS	RERF-LC-MS	ZNF281	LUAD_HC_TF	TESTED	JASPAR2024|000706|MA1630.3	1.0	-0.03414196148861217	FALSE
cell_line	RERF-LC-MS	RERF-LC-MS	ZNF33A	LUAD_HC_TF	TESTED	CIS-BP2.00|000762|M07695_2.00	0.283	0.08787191072039517	FALSE
cell_line	RERF-LC-MS	RERF-LC-MS	ZNF33B	LUAD_HC_TF	TESTED	CIS-BP2.00|000777|M07710_2.00	1.0	-0.07007027781674778	FALSE
cell_line	RERF-LC-MS	RERF-LC-MS	ZNF341	LUAD_HC_TF	TESTED	CIS-BP2.00|001017|M08310_2.00	0.2293	0.7190843477800463	FALSE
cell_line	RERF-LC-MS	RERF-LC-MS	ZNF444	LUAD_HC_TF	TESTED	CIS-BP2.00|000420|M04529_2.00	0.8844	-0.008139147469548616	FALSE
cell_line	RERF-LC-MS	RERF-LC-MS	ZNF540	LUAD_HC_TF	TESTED	CIS-BP2.00|000701|M07634_2.00	1.0	-0.028422531620132436	FALSE
cell_line	RERF-LC-MS	RERF-LC-MS	ZNF75D	LUAD_HC_TF	TESTED	CIS-BP2.00|000750|M07683_2.00	0.0141	0.134570788203967	FALSE
cell_line	VMRC-LCD	VMRC-LCD	CEBPA	LUAD_LINEAGE_POSITIVE_CONTROL	TESTED	JASPAR2024|000234|MA0102.5	0.1134	0.08800510858382023	FALSE
cell_line	VMRC-LCD	VMRC-LCD	CEBPB	LUAD_LINEAGE_POSITIVE_CONTROL	TESTED	JASPAR2024|000235|MA0466.4	0.0083	0.25166656278887806	FALSE
cell_line	VMRC-LCD	VMRC-LCD	CREB3L2	LUAD_HC_TF	TESTED	CIS-BP2.00|000117|M01812_2.00	0.0001	0.19675307934388284	FALSE
cell_line	VMRC-LCD	VMRC-LCD	E2F5	LUAD_HC_TF	TESTED	CIS-BP2.00|000940|M08109_2.00	0.0019	0.2572706850153247	FALSE
cell_line	VMRC-LCD	VMRC-LCD	ELF3	LUAD_HC_TF_AND_LINEAGE_POSITIVE_CONTROL	TESTED	CIS-BP2.00|000227|M03002_2.00	0.0	0.5051506961970051	TRUE
cell_line	VMRC-LCD	VMRC-LCD	ETV1	LUAD_HC_TF	TESTED	JASPAR2024|000652|MA1966.2	0.0	0.6654735493431843	TRUE
cell_line	VMRC-LCD	VMRC-LCD	FOXA1	LUAD_LINEAGE_POSITIVE_CONTROL	TESTED	CIS-BP2.00|000890|M07960_2.00	0.0049	0.14539642484096796	FALSE
cell_line	VMRC-LCD	VMRC-LCD	FOXA2	LUAD_LINEAGE_POSITIVE_CONTROL	TESTED	CIS-BP2.00|000889|M07959_2.00	0.0019	0.16234773468709043	FALSE
cell_line	VMRC-LCD	VMRC-LCD	FOXA3	LUAD_HC_TF	TESTED	JASPAR2024|000358|MA1683.2	0.0001	0.3171378112279777	FALSE
cell_line	VMRC-LCD	VMRC-LCD	FOXD2	LUAD_HC_TF	TESTED	CIS-BP2.00|000235|M03042_2.00	0.1612	0.0709259688766787	FALSE
cell_line	VMRC-LCD	VMRC-LCD	GATA6	LUAD_LINEAGE_POSITIVE_CONTROL	TESTED	CIS-BP2.00|000947|M08124_2.00	0.112	0.09204052253187367	FALSE
cell_line	VMRC-LCD	VMRC-LCD	HNF4A	LUAD_LINEAGE_POSITIVE_CONTROL	TESTED	JASPAR2024|000409|MA1494.2	0.7629	-0.0018731329719840737	FALSE
cell_line	VMRC-LCD	VMRC-LCD	NFATC4	LUAD_HC_TF	TESTED	JASPAR2024|000506|MA1525.3	0.0	0.2768765598198457	TRUE
cell_line	VMRC-LCD	VMRC-LCD	NKX2-1	LUAD_LINEAGE_POSITIVE_CONTROL	TESTED	JASPAR2024|000822|MA1994.2	0.4341	0.07284182658128634	FALSE
cell_line	VMRC-LCD	VMRC-LCD	NR3C2	LUAD_HC_TF	TESTED	JASPAR2024|000539|MA0727.2	1.0	-0.23031841388038354	FALSE
cell_line	VMRC-LCD	VMRC-LCD	XBP1	LUAD_HC_TF	TESTED	JASPAR2024|000675|MA0844.2	0.0	0.29585344241633416	TRUE
cell_line	VMRC-LCD	VMRC-LCD	ZBTB18	LUAD_HC_TF	TESTED	CIS-BP2.00|000988|M08257_2.00	0.859	-0.019364481630390198	FALSE
cell_line	VMRC-LCD	VMRC-LCD	ZNF141	LUAD_HC_TF	TESTED	CIS-BP2.00|000653|M07586_2.00	0.7819	-0.004064717650674948	FALSE
cell_line	VMRC-LCD	VMRC-LCD	ZNF19	LUAD_HC_TF	TESTED	CIS-BP2.00|000670|M07603_2.00	0.1505	0.5221411171722583	FALSE
cell_line	VMRC-LCD	VMRC-LCD	ZNF254	LUAD_HC_TF	TESTED	CIS-BP2.00|000827|M07760_2.00	1.0	-0.12044646696710845	FALSE
cell_line	VMRC-LCD	VMRC-LCD	ZNF281	LUAD_HC_TF	TESTED	JASPAR2024|000706|MA1630.3	0.3961	0.04649929915384221	FALSE
cell_line	VMRC-LCD	VMRC-LCD	ZNF33A	LUAD_HC_TF	TESTED	CIS-BP2.00|000762|M07695_2.00	0.2464	0.08944278568038948	FALSE
cell_line	VMRC-LCD	VMRC-LCD	ZNF33B	LUAD_HC_TF	TESTED	CIS-BP2.00|000777|M07710_2.00	1.0	-0.12003784329482702	FALSE
cell_line	VMRC-LCD	VMRC-LCD	ZNF341	LUAD_HC_TF	TESTED	CIS-BP2.00|001017|M08310_2.00	0.1147	0.9747017138306153	FALSE
cell_line	VMRC-LCD	VMRC-LCD	ZNF444	LUAD_HC_TF	TESTED	CIS-BP2.00|000420|M04529_2.00	0.0013	0.1739974764808461	FALSE
cell_line	VMRC-LCD	VMRC-LCD	ZNF540	LUAD_HC_TF	TESTED	CIS-BP2.00|000701|M07634_2.00	0.9845	-0.0365508034566344	FALSE
cell_line	VMRC-LCD	VMRC-LCD	ZNF75D	LUAD_HC_TF	TESTED	JASPAR2024|000169|MA1601.2	0.3548	0.04413474328314012	FALSE
