TF	NES	p_value	FDR	regulon_size	logFC	AveExpr	t	P.Value	adj.P.Val	B	category
ABHD14B	2.61715648827018	0.0088665682089122	0.0551274666725228	153	0.499519817018984	4.94033883580879	5.7265484645817	4.39229131447378e-08	5.70751112942576e-07	7.46386054545174	LUAD
ABRA	-0.0351611044762586	0.97195127717128	0.999927879915109	2	0.0109589771473833	-4.72193241715583	0.0425149323391529	0.966136775600872	0.978131311193863	-6.71153936917626	Non-Significant
ACTL6A	-2.99705303372602	0.00272603284846062	0.0263167017293698	142	-1.11638679251867	6.5324481937291	-11.3407916155866	1.08591795404942e-22	1.30018872964139e-20	40.553122188615	LUSC
ACTL6B	0.795533888133401	0.42630300640093	0.767831636487575	2	0.0843922157449122	-5.89770015401122	0.305723034801388	0.760179637948966	0.832705494826518	-7.09003674236251	Non-Significant
ACTR5	0.428955502299334	0.667955607741967	0.91117857360453	9	0.0805268216773467	3.63579873368839	1.08930221434765	0.277521434953599	0.402525437747813	-6.86437229705573	Non-Significant
ACTR8	2.86364436490524	0.0041879792352208	0.0323440857858591	22	0.148318574744009	4.88197671384573	2.55207491198847	0.0115650964630231	0.0396467625190607	-4.39426137236813	LUAD
ACTRT1	-0.187405380825436	0.851342804056572	0.994553520833191	2	-0.0762913287178234	-6.59610846503675	-0.669031229770285	0.504358976658016	0.624280870964458	-7.49263491704078	Non-Significant
ADCYAP1	0.88071710449544	0.378470956591391	0.729077143134758	14	-0.0132786789998371	0.614994681590661	-0.0463311995838656	0.963099208185187	0.976065849585968	-7.11291021764841	Non-Significant
AEBP1	-0.111853828896198	0.91093930598715	0.999927879915109	183	0.0130743973593243	7.76625916512054	0.078422785178984	0.93758152947224	0.958200753323379	-7.96380158751325	Non-Significant
AEBP2	-3.17204427553551	0.00151369927410486	0.0217633093901877	39	-0.503121823359806	5.91028722941958	-7.03904534067827	4.2483955598412e-11	9.14870319331694e-10	14.1600618740947	LUSC
AFAP1L2	-0.48900356048858	0.624839176132971	0.8942815863685	22	-0.524661674609384	4.27075311391395	-3.45841658866599	0.000682621852169052	0.00349878077855302	-1.72964331498762	LogFC Significant
AHR	1.90789421473891	0.0564048901750294	0.214916545486639	20	0.285267929000452	8.20212406298663	2.40085400270434	0.0174071388125914	0.0556408889314317	-5.17783169548101	Non-Significant
AHRR	-0.58911212621434	0.555786059391363	0.85714866390778	7	-0.790698734245498	0.636674044570671	-3.99995485029439	9.34216588110352e-05	0.000601652916168345	0.529837088373594	LogFC Significant
AIRE	-1.08233600794944	0.279103251538584	0.623403035694635	33	-0.708471188576372	-3.12734085291739	-2.44256787861168	0.0155790868885441	0.0507364745862691	-3.85420878735091	Non-Significant
AJUBA	-3.00047893646832	0.00269555396404318	0.0262939152328268	12	-0.746608488693809	5.15847236747767	-5.19467336118721	5.66910917029696e-07	5.98378529848021e-06	4.9522432010063	LUSC
AKIRIN1	0.793854246008587	0.427280288453313	0.767831636487575	38	0.0747625349367875	6.46862512217879	1.12116280386975	0.263757820766739	0.387045605661859	-7.16767412534538	Non-Significant
AKIRIN2	-2.60548037664989	0.0091745528808841	0.0559954473702592	51	-0.341196184012249	4.97220193616215	-6.27454743392672	2.67951862448984e-09	4.30126134781672e-08	10.1935455372095	LUSC
ALX1	-1.35286335674977	0.176099287661485	0.47147649283235	5	-1.46648127539542	-4.10951936077294	-3.49622305071694	0.000598323379693546	0.00311566552385241	-0.856405420955795	LogFC Significant
ALX3	-2.01265617326736	0.0441508130293965	0.179827246578151	11	-0.478498133744445	-5.67394906434244	-1.87502685713194	0.0624583792236221	0.154893371274099	-5.25713154850391	VIPER Significant
ALX4	-2.43352119242791	0.0149527600778948	0.0813689491501701	16	-1.85697496674398	-3.69183661998388	-4.89804135967595	2.19500529271818e-06	2.05397277170388e-05	4.40795243324248	LUSC
ANHX	0.00237542090335253	0.998104690118227	0.999927879915109	6	-0.0642838389589145	-6.70045819587279	-0.818625418310338	0.414115763661041	0.544008022244314	-7.43793256788371	Non-Significant
ANKRD1	0.575435093262435	0.564997075921441	0.86538072345557	9	-0.206438608445766	0.742438248009145	-0.646986046078916	0.518490416787105	0.637229516732463	-6.91918530472596	Non-Significant
ANKRD2	-2.70878355366593	0.00675303793490522	0.0455240218564572	74	-1.75616192918996	-3.11780478388896	-7.18664414287023	1.85368426139461e-11	4.20932054346421e-10	15.6492779285777	LUSC
ANKRD33	-0.900015274439303	0.368112122143393	0.719319897209375	14	-0.96079758502391	-4.50992688648542	-3.04224403700049	0.00271064383411857	0.0115940003482355	-2.23832807724933	LogFC Significant
ANKRD49	-0.244002705829536	0.807228724299466	0.969911984135431	16	-0.0897470079084877	4.82026382449981	-1.48152937373135	0.140267555702486	0.281459810104825	-6.50041400250011	Non-Significant
APBB1	1.32520488035457	0.185103207127	0.483338413408344	57	0.255539667541855	3.63390995988093	1.95137601826418	0.0526120228813692	0.135308571532465	-5.56887412679021	Non-Significant
APBB2	1.01123526220868	0.311903842382981	0.657354278663789	59	0.111178528078129	5.86928447459331	1.31787323431783	0.189272135269004	0.30370362618773	-6.8538969604243	Non-Significant
APBB3	-0.680866341760917	0.495956067210054	0.812963088128806	161	-0.196855042209001	4.26008226768778	-1.99039650650654	0.0481072774395	0.125983578806361	-5.56470150949254	Non-Significant
AR	2.83047523643599	0.00464789090386269	0.0337833750874641	65	0.690475905374341	3.01445302383899	3.62211901558707	0.000382791869095877	0.00210194745341672	-1.04962397763678	LUAD
ARGFX	-0.0511428780209879	0.959211668958763	0.999927879915109	5	-0.354351211160822	-6.47951873531548	-2.71287855013277	0.00733795539478817	0.0270657580616984	-4.01418888751142	LogFC Significant
ARID1A	1.90058820839831	0.0573559712082424	0.216802173823385	28	0.111644954863435	6.87966374100305	1.81483755758878	0.071264633577095	0.170090566131283	-6.21095214705465	Non-Significant
ARID1B	-1.57106598296801	0.116167323063173	0.356128220932597	22	-0.228504645317258	6.32968441733465	-3.950670456191	0.000112949644617196	0.000712565784278529	-0.274849006063549	LogFC Significant
ARID3A	-1.39473767978702	0.163094957930431	0.451626927825154	40	-0.352472095483907	3.36287058197215	-3.18480729585723	0.00171564137484546	0.00780738034344356	-2.48571457314566	LogFC Significant
ARID3B	-2.85615995204687	0.00428799052491651	0.0324407660620246	39	-0.480023522469472	3.1282960723546	-5.00013794591093	1.38592205075732e-06	1.3494839164722e-05	4.30472479247792	LUSC
ARID3C	-0.0153153783646638	0.98778057376161	0.999927879915109	7	-0.225399748358824	-4.88653489809288	-0.936512821504401	0.350302430713827	0.480419617542686	-6.29091294086032	Non-Significant
ARID4A	2.35424865289006	0.0185601909884539	0.0953167864573284	100	0.285829457018694	5.67530875108224	4.46682993883219	1.42208108368015e-05	0.00011215749848752	1.78283664698184	LUAD
ARID4B	1.6737697309618	0.0941758633399503	0.310008415715771	19	0.232364133603895	6.77808931243991	4.35056611246992	2.30459321404013e-05	0.000173120062429357	1.18590093276175	LogFC Significant
ARID5A	-0.899742317582748	0.368257397575318	0.719319897209375	143	-0.488309650328435	3.60607102863368	-3.28120005010406	0.00124810558285684	0.0059217809500469	-2.21785514257321	LogFC Significant
ARID5B	-0.521096334692251	0.602299664154756	0.888541345426718	17	-0.254471160981078	6.54219710239011	-3.34571693205626	0.00100471369917802	0.00490636717214792	-2.35907879614953	LogFC Significant
ARNT	0.832828399084554	0.404941515742198	0.757276935027905	36	0.202801598878671	6.65986468070999	3.67652446061606	0.000314452551108662	0.00176731085881548	-1.28473550716539	LogFC Significant
ARNT2	0.868030798741788	0.385377472421673	0.735587418842888	8	0.0121215870576243	4.03573060534512	0.0653435563375233	0.947975200679412	0.964985618071427	-7.50089460990285	Non-Significant
ARNTL	0.109474308685528	0.912826297977006	0.999927879915109	12	-0.0618387728389481	4.61670401862162	-0.759791337923643	0.448403722159463	0.5766502010616	-7.28152055589357	Non-Significant
ARNTL2	-3.51569459782157	0.000438605199017385	0.0193395427209346	105	-1.61902783252733	5.12183671923392	-9.76525089185166	3.01339427168875e-18	1.9434674386458e-16	30.5218918921417	LUSC
ARX	3.54691141642003	0.000389775626112845	0.0193395427209346	68	3.07559771658902	-1.7945009906657	8.31384396365574	2.52520647373488e-14	8.91107188782755e-13	22.0459545967111	LUAD
ASCC1	0.052891740905324	0.95781816498946	0.999927879915109	8	-0.0765503405555211	4.92955029590232	-1.21714306396183	0.225191928188749	0.342318639516436	-6.86747116712633	Non-Significant
ASCC2	-2.37660257391111	0.0174729025825874	0.0918470900152762	42	-0.327749959800536	5.95366320527307	-4.68254945826658	5.66924268133318e-06	4.85093464069817e-05	2.63422271138931	LUSC
ASCL1	1.02219014640758	0.306690913535175	0.654451086696974	17	0.674886361210247	-2.1993872498081	1.21643562958525	0.225460477156197	0.342620713158758	-6.10860504173374	Non-Significant
ASCL2	-1.82642814886837	0.0677857950203446	0.245065331175006	25	-1.15847440984239	-0.96787321020919	-4.61105793652038	7.71551640381022e-06	6.41627337349709e-05	3.04163221579336	LogFC Significant
ASCL3	-0.457450638764549	0.647347173884787	0.902600240934727	2	-0.289525730709895	-5.23023142573296	-1.15016553487078	0.251648181201761	0.372888656376715	-6.13274680182953	Non-Significant
ASCL4	-2.52196439198767	0.0116701520849389	0.0667625794488809	8	-1.70477965350099	-4.9904783445109	-5.31326059299521	3.25086370996037e-07	3.60792695190934e-06	6.22691896910873	LUSC
ASCL5	1.81589502705417	0.0693864763066901	0.249691835885007	13	1.22446095040304	-2.96403473714922	4.73886441540797	4.43691297780155e-06	3.88686913245856e-05	3.70223991076076	LogFC Significant
ASH1L	0.798121911713162	0.42479974700367	0.767831636487575	51	0.158196239085765	7.15850191767337	2.37939606579077	0.0184194517640828	0.0582965681345389	-5.0878973919627	Non-Significant
ASXL1	-0.486965427524409	0.626282831371443	0.894435224319956	25	-0.0530900965692524	6.97165810186478	-1.02682708350665	0.305921977730407	0.433633620713144	-7.33343539828951	Non-Significant
ASXL2	-0.838725133864843	0.401623570861159	0.754718590016702	36	-0.12076536631371	6.50728668829517	-2.05963131095673	0.0409176449050013	0.110665915458895	-5.69720033296951	Non-Significant
ASXL3	0.332055214140937	0.739847567118708	0.949881019676705	28	0.205085393242464	0.338021756906157	0.882411598091862	0.378767200455859	0.508977177627464	-6.69572200129422	Non-Significant
ATAD2	-2.21237626511077	0.0269406774645823	0.125224260066855	173	-0.528475524452281	6.36755965821626	-5.01491543132455	1.29598913669765e-06	1.26944568257934e-05	4.00992619525927	LUSC
ATAD2B	-0.709005252167277	0.478321217558603	0.798437570634792	16	-0.198717411269167	5.36434529878144	-3.05678320181614	0.00258897421862386	0.0111457311411924	-3.09245558160974	LogFC Significant
ATF1	-0.334294618352071	0.73815725101932	0.94831718493077	41	-0.08402802406966	5.401491709779	-1.39745605193427	0.164049208500912	0.30370362618773	-6.68957481204036	Non-Significant
ATF2	1.03715682729925	0.299662774724764	0.647710281644053	108	0.204267020512898	6.5563811575751	4.18065536539952	4.58995003344818e-05	0.000319251226629366	0.554595480428024	LogFC Significant
ATF3	0.110436454001983	0.912063243816667	0.999927879915109	7	0.0559799989374846	6.18448364641919	0.333010691585444	0.739525636827872	0.817134639559271	-7.70489512695407	Non-Significant
ATF4	-1.90812661003629	0.0563748541776149	0.214916545486639	26	-0.262067442559404	8.04564581675465	-3.86008859050935	0.000159378172723809	0.000966640965104141	-0.822911953089658	LogFC Significant
ATF5	-2.5977789713271	0.00938288687303046	0.0568602979958672	65	-0.551701117536259	4.72998284145559	-4.78057401915329	3.69547781082358e-06	3.29793202177427e-05	3.18717498534493	LUSC
ATF6	1.99737019235412	0.0457849833828183	0.185307747132137	102	0.32474143637322	7.15046339863535	5.56043911089613	9.93414864264901e-08	1.21399877000441e-06	6.40873982409203	LUAD
ATF6B	0.225235053138454	0.821796421490541	0.97585287661325	55	-0.0192005163879215	6.59638306376113	-0.214512768882074	0.830397475746828	0.88365237948982	-7.78967587855284	Non-Significant
ATF7	1.69621505014267	0.0898451612788427	0.300181503906682	28	0.0854254236680876	5.4845247005809	1.58083631956622	0.115724846756636	0.243408198737575	-6.4289966884941	Non-Significant
ATF7IP	-1.70889378823165	0.087470625365186	0.294206056504679	42	-0.279285181047092	6.47713496107168	-3.78522696940454	0.000210900344051809	0.00123910344156799	-0.884788421310913	LogFC Significant
ATF7IP2	0.0736458820079098	0.94129216167595	0.999927879915109	16	0.0746476559130381	3.43046255175086	0.583230332086352	0.560490635598973	0.674928451017307	-7.26331465806122	Non-Significant
ATMIN	-0.28123710205839	0.778528549226397	0.962667979369708	67	-0.00387843087391876	6.62390118056636	-0.0722883226035238	0.942455177035107	0.961540102225688	-7.8136789369427	Non-Significant
ATOH1	-0.298819185917585	0.765078011171498	0.955453869928816	6	-0.0730224362848527	-6.50001114607717	-0.548887928041531	0.583783418355207	0.694448021750544	-7.49656489898262	Non-Significant
ATOH7	-0.432434057679712	0.665425969444825	0.910201189812812	15	-0.936238953692527	-4.68672615201538	-3.18750882855331	0.00170057681470662	0.00775060920673183	-1.81881165425904	LogFC Significant
ATOH8	2.86447085271167	0.00417706594838156	0.0323440857858591	77	1.75532815868776	2.03910015068059	7.27524356863512	1.12201708499298e-11	2.65311158861306e-10	15.8484380284057	LUAD
ATP1B4	0.0325648616285022	0.974021591317832	0.999927879915109	7	0.139761174034263	-6.44272295751948	1.06045309078222	0.290402870747651	0.416853046004654	-7.03577304345152	Non-Significant
ATXN1	-0.995409996596676	0.319536898614074	0.666282546642845	24	-0.07489182571172	6.19764268274467	-1.19813586246218	0.2324875575401	0.350913945747501	-7.04455339831927	Non-Significant
ATXN1L	-0.216107645279598	0.828903840451578	0.977505769565311	20	-0.0810936370829968	6.32055425818429	-1.35682997678614	0.176586397623765	0.30370362618773	-6.85835836439755	Non-Significant
ATXN7L3	-0.423243317460713	0.672117745245674	0.914372237378703	10	-0.116557505338679	6.26014212686482	-1.96742929747527	0.0507174113434079	0.131394769609523	-5.84824734123638	Non-Significant
BACH1	-2.12760915450204	0.0333695025857269	0.146621359282581	24	-0.359543976710846	6.74564770168829	-5.32695881401934	3.04696887341212e-07	3.40017671255371e-06	5.36826163640768	LUSC
BACH2	-2.86575521513295	0.00416015788724983	0.0323440857858591	45	-0.82099566331913	2.73915581967361	-5.95620694687215	1.38647123526414e-08	1.98402630139626e-07	8.81474856758524	LUSC
BAHD1	0.583716777960661	0.559410877262338	0.859917246820582	31	0.0423205813799816	4.62501093251014	0.474310155097496	0.635871243875609	0.737412979235039	-7.45879254605659	Non-Significant
BARHL1	-0.00517415477765009	0.995871640208374	0.999927879915109	6	-0.0254664914897575	-6.67401706722237	-0.423259585206802	0.672626635570942	0.765591047882053	-7.66988800703889	Non-Significant
BARHL2	-0.818204104914497	0.413240651616215	0.761969369618376	3	-0.190653493180754	-6.50909151606374	-1.44016778378138	0.151610156385826	0.298957427360462	-6.62035843104709	Non-Significant
BARX1	-0.977542179136319	0.32830080676446	0.672282374542719	33	-1.5515218193906	-1.87322067700423	-2.78816048828753	0.0058884473651813	0.0225022178300252	-3.08622342032475	LogFC Significant
BARX2	0.342990748027142	0.731605420455025	0.944000333641141	9	0.63376593606999	1.71780401676783	1.82543565351043	0.0696434885576066	0.167501782485716	-5.5868908880137	Non-Significant
BASP1	-0.201251807347625	0.840501683686575	0.986398235442807	10	-0.405952509813205	5.38321308106415	-2.7161309394555	0.00726919709650485	0.0268530209403082	-4.03628360135832	LogFC Significant
BATF	0.847554991751647	0.396685849086996	0.749336956694908	86	0.640988206798918	1.8390133206754	4.05835135591037	7.44385362358292e-05	0.000490594399028158	0.621809744860674	LogFC Significant
BATF2	1.05081581834179	0.293343189264142	0.640831146493411	51	0.603165316687106	3.16253785242251	3.27645946923888	0.00126799973835672	0.0060016216804037	-2.18378238719494	LogFC Significant
BATF3	0.669938588473302	0.502896939264577	0.818724628559001	71	0.32552244185177	1.42744754099748	2.16512933056323	0.0317345747819141	0.0902198766608458	-4.89174049032261	Non-Significant
BAZ1A	-2.53820466204538	0.0111422803176942	0.0646638695893928	17	-0.125195778013345	6.97209921766514	-1.45589476742154	0.147217010696384	0.292274386730764	-6.80341711504557	VIPER Significant
BBX	-2.52859419260449	0.0114520352732399	0.0659549541802957	76	-0.404355584794679	6.83483197704195	-5.23214475888297	4.7598441397995e-07	5.10882575190544e-06	4.9238465126791	LUSC
BCL11A	-3.60926523638513	0.000307065523930907	0.0193395427209346	78	-2.13755750959925	3.21399142508274	-12.1511710143837	5.13449258077892e-25	8.65144998230185e-23	46.1345275303919	LUSC
BCL11B	-1.88021520892678	0.0600787536477655	0.224234455993891	68	-1.12784114134456	3.57516855456661	-7.4854876055694	3.36762176203923e-12	8.6416944519984e-11	16.8945167685014	LogFC Significant
BCL3	0.304733098851954	0.760569438592374	0.955453869928816	19	0.0347297647456087	4.77064191585491	0.312406489815294	0.755104317305021	0.828930368261278	-7.5397461626446	Non-Significant
BCL6	-0.708864735004686	0.478408421006424	0.798437570634792	7	-0.311255241930385	6.37726577350717	-4.19149966811521	4.3951093922792e-05	0.00030712652641516	0.618142651898722	LogFC Significant
BCL6B	1.46860588911955	0.141939716602345	0.409504239852743	75	0.265276982316425	4.02296453799921	2.51757122734784	0.0127165868006162	0.0428966679440606	-4.38033262960045	LogFC Significant
BCL9	3.14050602741602	0.00168656236942175	0.0221956914311769	45	0.476638244170547	5.72706462209561	5.80749837699589	2.93479037644872e-08	3.94452570248203e-07	7.76923462539463	LUAD
BCL9L	0.600640894589746	0.548079193950905	0.852878655661668	68	0.260058453532602	5.04876001481772	1.94180865988724	0.0537692912843312	0.137561797702085	-5.75019663544817	Non-Significant
BCLAF1	-0.871826991404489	0.383302767382746	0.733020911337671	115	-0.0576620163274296	7.96537766391163	-1.2059540312472	0.229466444913453	0.347415338169174	-7.26650749738044	Non-Significant
BCLAF3	3.17686641327174	0.00148875593797279	0.0217633093901877	56	0.454651968037306	4.23455871761457	5.96228487580977	1.34428882995473e-08	1.92922627883455e-07	8.69440604634547	LUAD
BCOR	1.63875438119367	0.10126442338843	0.32300841841529	15	0.257696711017056	5.94013042720485	3.26600757812214	0.0013129094276669	0.00618427373287586	-2.53368262805374	LogFC Significant
BCORL1	0.185400568959229	0.852914862192115	0.994553520833191	27	0.0135094825089653	4.2878754081221	0.136610240010809	0.891496232750164	0.926257170525286	-7.5228553124492	Non-Significant
BCORP1	-0.914363409845742	0.360525921632199	0.713493673254058	44	-1.85359054040342	-3.53097766117264	-3.48905741247615	0.000613509900710073	0.00318691964143862	-0.903286239419877	LogFC Significant
BEND3	-0.442632707589192	0.658031422993984	0.906687616916173	13	-0.0417310330514894	2.84924907747851	-0.41894259558236	0.675772879532955	0.767821922281738	-7.27946925159759	Non-Significant
BEND5	-1.11508915446245	0.264812218619362	0.602883146244533	8	-0.451600396632967	0.755968002530123	-2.52234193119836	0.0125515043778849	0.0424664795061869	-4.00729975045458	LogFC Significant
BHLHA15	-0.0643851061491534	0.948663588990646	0.999927879915109	28	0.211765099576381	-1.87932279884746	0.807276263039531	0.420605418306512	0.550189643349661	-6.54537867394074	Non-Significant
BHLHA9	-0.0442108134237563	0.964736362616922	0.999927879915109	6	-0.100659064240722	-6.71492351576024	-2.02194875595484	0.0447077861401351	0.118830002900335	-5.75240053642265	Non-Significant
BHLHE22	0.723257684339792	0.469521585094565	0.79154742846462	65	0.339389463149334	1.78240894229833	2.34392804823421	0.0202069205283728	0.0628591122390745	-4.53925097751494	Non-Significant
BHLHE40	0.260172173394784	0.794730967739719	0.967654585810038	10	0.0677594703250973	8.66221548440785	0.688196580048079	0.492242079939821	0.614846473399389	-7.85326785774987	Non-Significant
BHLHE41	-0.990407079737385	0.321975186395929	0.667865855930472	27	-0.296829723679182	5.19545586139113	-1.98827200544189	0.0483438433826195	0.126485928035785	-5.6779561913944	Non-Significant
BICRA	-0.30929754762135	0.757095196292666	0.954329663625657	16	-0.204022921024954	2.49497061441224	-2.06284731451799	0.0406072858014975	0.109986373378829	-5.22181744605099	Non-Significant
BICRAL	2.93682489385081	0.00331591278739083	0.0288397127994866	72	0.33883945821	5.56478576090209	5.715778076085	4.63311809097085e-08	5.98529695803866e-07	7.34223673599221	LUAD
BMI1	0.903091190162564	0.366477499282978	0.717938359570946	60	0.0519428784247793	5.76709585005127	0.721339150592048	0.47166543712903	0.597981100574228	-7.44791062088039	Non-Significant
BMP2	0.990161814901908	0.322095033355491	0.667865855930472	9	0.630836497622391	4.22042404982183	3.14180683693031	0.00197271081978717	0.00881096838196174	-2.7100290895466	LogFC Significant
BMP4	2.6201416596601	0.00878932478559226	0.0549811967896239	47	1.17545585643892	2.79984548755206	5.6741947939535	5.69007651865328e-08	7.23157972927733e-07	7.43364323103696	LUAD
BNC1	-3.58079107848589	0.000342555486611655	0.0193395427209346	202	-6.94375967426507	0.569775312734034	-23.4491432057978	7.65613050975123e-56	4.32877619021334e-52	116.045518700735	LUSC
BNC2	0.133352220615215	0.893914830261784	0.999927879915109	71	-0.183963503270382	3.89244301026942	-1.20274058213674	0.230704764841852	0.349009800628548	-6.76433799422856	Non-Significant
BPTF	1.016067786569	0.309597107761564	0.654455415327584	49	0.149571130771759	7.04539752004295	2.35423229736449	0.0196725137809968	0.0614936750574239	-5.13112667646366	Non-Significant
BRCA1	-2.34080142929425	0.0192423983523546	0.0978195845355139	209	-0.692178907042301	4.67809032968966	-5.87373113480346	2.10455134646651e-08	2.8936017242987e-07	8.2099760203603	LUSC
BRCA2	-2.66778747764855	0.00763525378549945	0.0497778883158536	36	-0.546068140421829	3.90085946564641	-5.67617031193507	5.63491878270455e-08	7.17025449304085e-07	7.33156165531356	LUSC
BRD1	-0.794034957295871	0.427175080879569	0.767831636487575	45	-0.204331052860045	4.74647022167244	-2.23767292766489	0.0265066218115121	0.0782149004059499	-5.10969088486122	Non-Significant
BRD2	-2.86482694204041	0.00417237195514945	0.0323440857858591	5	-0.14712210912274	8.20307306470275	-3.17537469569747	0.00176921642383334	0.00801850201835875	-3.10257701551323	LUSC
BRD3	-0.984962668010903	0.324642408774904	0.670660449403299	26	-0.135620269863621	4.44207255028648	-1.57561080210209	0.116925246515609	0.245425817522306	-6.31394816392246	Non-Significant
BRD4	-2.97258501534267	0.0029530341600227	0.0270773967972835	106	-0.551788595151027	5.65153710349654	-7.178438798436	1.9416010317335e-11	4.38722513769054e-10	14.9597050526219	LUSC
BRD7	-0.389541388456566	0.696875700013171	0.926055717920995	39	-0.0716315552725924	5.29594950539551	-1.01303062730138	0.312446941934876	0.440762227969009	-7.13789262411786	Non-Significant
BRD9	-0.922291168287559	0.356376719494797	0.70922145960907	34	-0.237292901792664	5.5949545010519	-2.86027884011365	0.00474911163225493	0.0187105424912568	-3.67546500254592	LogFC Significant
BRDT	2.01356600276723	0.0440551188145735	0.179827246578151	10	2.23300800232842	-1.95559709171418	3.59147398396842	0.000427219568334188	0.00231443574515634	-0.673998076773729	LUAD
BRMS1	-0.7385167768174	0.460200476124867	0.785521935733503	66	-0.29440269505889	4.55921010562632	-3.07612849803656	0.00243488864946975	0.0105491289544431	-2.94245851041718	LogFC Significant
BRMS1L	-0.245792342550993	0.805842985019223	0.969911984135431	7	-0.127240678144888	4.33547658836338	-1.62190948494984	0.106626633356038	0.228454857471805	-6.22845867640676	Non-Significant
BRPF1	0.184968056479912	0.85325409044897	0.994553520833191	57	-0.0495989819921865	4.42508458778208	-0.72781205031243	0.467703280039276	0.594262980118362	-7.28293045376419	Non-Significant
BRPF3	3.31297457386994	0.000923093713560332	0.0193395427209346	53	0.550784140847347	6.23288769877493	7.40256492165311	5.42431026213648e-12	1.35304633332881e-10	16.151593565959	LUAD
BRWD1	0.74195820783927	0.458112657018536	0.784220132389787	19	0.0229980881973941	6.6616976199728	0.376949757594761	0.706668561519426	0.791711502014036	-7.7498439092289	Non-Significant
BRWD3	-0.875270022664316	0.381427001031056	0.731494513920474	54	-0.107588661663762	5.76457391737588	-1.45426170294149	0.147668569211627	0.292930875288589	-6.65334547322353	Non-Significant
BSX	-1.70967287556705	0.087326381252197	0.294206056504679	2	0.00532649386744394	-6.658982939797	0.0642334541255329	0.948857802121718	0.965638163391038	-7.74987922242822	Non-Significant
BTBD18	0.215346205015643	0.82949740816262	0.977505769565311	5	-0.226928047681007	-3.90420975734304	-0.994722859745519	0.321247278306547	0.450479194331651	-6.22663642239313	Non-Significant
CALCOCO1	1.87155459708318	0.0612682497890349	0.22707254766424	67	0.222870258678146	6.83949312056591	2.94022332947552	0.0037239680056548	0.0152304963780542	-3.60760708131402	LogFC Significant
CAMTA1	0.0825078047692398	0.934242912189337	0.999927879915109	56	0.152965126472536	4.76340081538952	1.7759435965629	0.0774835113336536	0.180078828852446	-6.01995631557611	Non-Significant
CAMTA2	0.58674152955105	0.557377311501203	0.858292669857681	121	0.131224760696638	4.87682292909887	1.56258982850812	0.119959325914253	0.249754521438266	-6.38491341036238	Non-Significant
CARF	2.62481935740359	0.00866949487450641	0.0545159697716627	66	0.290958899320356	3.93823019065356	3.5508472408443	0.000493633890171964	0.0026286159622531	-1.38918935862421	LUAD
CASZ1	-0.300582146479927	0.763733147271474	0.955453869928816	24	-0.218203835467313	3.09970717801096	-1.63742749902718	0.103341737910213	0.222965769569604	-6.06284952655882	Non-Significant
CBFA2T2	-2.87079951079992	0.00409435115763229	0.0323440857858591	32	-0.414336898142673	5.46032536004132	-5.24741668752715	4.4314447093332e-07	4.79376053314475e-06	5.15700285411034	LUSC
CBFA2T3	-0.222281545060533	0.824094717669538	0.97625865389392	37	-0.422864668138627	1.9593096562328	-3.48082014464521	0.000631414337762927	0.00326758364602912	-1.40430516697462	LogFC Significant
CBFB	-1.12270815954591	0.261561461434759	0.600932968605258	23	-0.0634383310427234	6.53803029505304	-1.22419294113255	0.222528309472188	0.339161217114498	-7.05614040663456	Non-Significant
CBX1	-2.52824947882299	0.0114632863590255	0.0659549541802957	93	-0.384098857446825	6.6877405305904	-5.0772002604415	9.75324864627516e-07	9.80837570384106e-06	4.24611659765171	LUSC
CBX2	-1.74912410023246	0.0802695701704919	0.27590584218194	38	-0.786968366608415	3.31688459351028	-3.82969116573255	0.000178663944751374	0.00107006140865156	-0.364678067039195	LogFC Significant
CBX3	0.453335734260852	0.650307005079717	0.902600240934727	80	0.0273303327177247	7.83229394112199	0.418320815657582	0.676226508481455	0.768094003008558	-7.88799894369817	Non-Significant
CBX4	0.32038836160905	0.748673947043469	0.952574802621167	20	0.301064488358745	3.71507227112783	3.30539046756227	0.00115103790776597	0.00551626624360322	-2.15472092019589	LogFC Significant
CBX5	0.311558461292963	0.755376106959802	0.952760818326182	42	0.0787372073878722	7.1124490771314	0.90558995556576	0.366400568908308	0.496687605878527	-7.46884807664977	Non-Significant
CBX7	0.855538186202294	0.392253273732346	0.743665248879089	96	0.134706319907472	4.84885458928602	1.23785684875212	0.2174306748466	0.332977528597692	-6.83265441152268	Non-Significant
CBX8	0.979541186342585	0.327312648701914	0.672282374542719	48	0.245581776794826	2.4254124799633	2.03290804535721	0.0435758513962595	0.116344025087888	-5.2739764140582	Non-Significant
CC2D1A	-1.02709185100014	0.304377215489998	0.652283296375577	63	-0.221359761143693	4.4405963077502	-1.93635561499409	0.0544384302929393	0.138881964795732	-5.68958147061496	Non-Significant
CC2D1B	1.10104688303437	0.270876253012934	0.609985371302583	25	0.259979726041062	5.52751386343494	3.9056415020269	0.000134135772150581	0.000830672131149384	-0.34139060665127	LogFC Significant
CCAR1	-0.396736233604474	0.691561977757873	0.922082637010497	25	-0.0627358844506764	6.85815543091769	-1.37505177758793	0.170876817861304	0.30370362618773	-6.9022532792062	Non-Significant
CCAR2	-0.500830624663051	0.61649033066707	0.893719325400208	23	-0.149408461381311	5.60344816070521	-2.08116934602368	0.0388772634509569	0.106183695344608	-5.54160810653564	Non-Significant
CCDC62	0.148770782518726	0.881734506207156	0.999927879915109	8	0.448222004138561	-1.62268036014333	2.89203151004118	0.00431448443040427	0.0172514654370068	-2.82609732873696	LogFC Significant
CCDC85B	-0.202281611168657	0.839696574985616	0.986029662322291	85	-0.499455539376605	-0.999950681730415	-2.30719034996226	0.022217617514329	0.0679385664824318	-4.33621077508518	Non-Significant
CCNC	-1.40196502288448	0.160925691713771	0.446941616820543	75	-0.257199648540194	6.39317774648175	-3.60514877834616	0.000406825762609132	0.0022155111040377	-1.49392433398718	LogFC Significant
CCNK	-3.17712568784095	0.00148742558495599	0.0217633093901877	33	-0.367092630726475	5.87336434563179	-6.70118327009513	2.73997762348565e-10	5.20248139360786e-09	12.3310810172678	LUSC
CCNL1	-2.65928831817032	0.00783059199741012	0.0503871436974661	77	-0.584999566219705	7.7217199497413	-7.02591996910734	4.57159195141157e-11	9.78670711146526e-10	13.8710836506239	LUSC
CCNL2	0.513893853315672	0.607326205191162	0.89210754939565	113	0.0730252584956779	7.49859999383616	0.729664170929233	0.466573002110162	0.593506331659568	-7.66388519590058	Non-Significant
CCNT1	-1.5827229395705	0.113484627414044	0.350041677184947	116	-0.318034159299171	6.13784879283298	-5.40116963529632	2.14111454725931e-07	2.45333832136539e-06	5.7848464927601	LogFC Significant
CCNT2	0.500587723621344	0.616661304057283	0.893719325400208	31	0.0958913852517495	6.33486555210741	1.72061621894207	0.0870916152053009	0.195429021975435	-6.30578731832758	Non-Significant
CD40	0.319530358638679	0.749324374118217	0.952574802621167	51	-0.140851032209024	5.04494866600775	-1.06847014231287	0.286783118971418	0.412926793016032	-7.05034831043911	Non-Significant
CDC5L	0.368774830998811	0.712295566413889	0.935441136271477	51	-0.0312003887526631	6.51319841439483	-0.567666796191718	0.570990268417861	0.68383115198201	-7.64051367967796	Non-Significant
CDC73	0.429773796623919	0.667360195680942	0.910985229726263	87	0.130237044652462	6.37485022120903	2.55231403966009	0.0115574527508472	0.03962551170139	-4.57392619184751	LogFC Significant
CDK12	0.112398789442522	0.910507215131339	0.999927879915109	22	-0.0140077356282246	6.77663789420595	-0.25607511645914	0.798194211300723	0.860456740119828	-7.80304337296644	Non-Significant
CDK13	0.754585175140823	0.450497921527962	0.778476589391311	35	0.0691876228611303	6.23722108970305	1.32563083476768	0.186693394488698	0.30370362618773	-6.88946327712527	Non-Significant
CDK14	-0.495964107766757	0.61991973438603	0.893719325400208	31	-0.206072335906334	5.31215716166683	-1.82324308761086	0.0699763470170896	0.168026443672689	-6.00102006919656	Non-Significant
CDK15	1.05061893731964	0.293433639945183	0.640831146493411	81	0.113994305590217	0.451575710468245	0.587041395699463	0.557934027490936	0.672873027661629	-6.92408619726868	Non-Significant
CDK16	-1.3940999473341	0.16328742510013	0.451626927825154	53	-0.303753023972738	6.55340031585753	-3.88771566348181	0.000143578803288748	0.000881427311394768	-0.530223413127201	LogFC Significant
CDK17	-1.77403209719555	0.0760578412717676	0.265607209171668	23	-0.221024717759085	6.01617425642271	-3.79058225101071	0.000206744424073098	0.00121806145228478	-0.809389652377039	LogFC Significant
CDK18	-0.132023435123818	0.894965755447998	0.999927879915109	42	0.0754209446147913	4.57136713118871	0.544555506227036	0.586753898891987	0.696913622254954	-7.41666636780391	Non-Significant
CDK5	-0.0913976020853284	0.92717666703499	0.999927879915109	44	0.0492750592307454	3.66410923536305	0.569875633420258	0.569494384562232	0.682443746534329	-7.29770756955435	Non-Significant
CDK5RAP2	-1.99492601530835	0.0460509496598617	0.185683347222896	50	-0.342991985464688	6.30605814715871	-3.46918799721811	0.000657534193120436	0.00338314306887023	-1.93363708851262	LUSC
CDK7	1.2797445083927	0.20063500568734	0.509379327072831	52	0.15294923529348	4.41414469341022	2.16614392428029	0.031655711646831	0.0900258504924072	-5.22495607369644	Non-Significant
CDX1	-1.13612756519081	0.255903180054738	0.595427097972091	37	-0.54172759013792	-3.23363479956804	-2.21128049025387	0.0283146728458464	0.0824598204334538	-4.3646538577635	Non-Significant
CDX2	-0.149822741624098	0.880904466649059	0.999927879915109	12	-0.118973299412296	-4.480938406799	-0.277715764876651	0.781559040523157	0.847820532010091	-6.6662515001097	Non-Significant
CDX4	0.0114816663188249	0.990839156989307	0.999927879915109	3	-0.152891525445377	-6.69779360752917	-2.14302524478843	0.033495361362504	0.0942463344369576	-5.49671432750406	Non-Significant
CEBPA	-0.779100778826337	0.435920351392348	0.767831636487575	11	-0.0884571109170622	-6.10565166939	-0.504502633938327	0.614544142364739	0.720296976353152	-7.16921130860915	Non-Significant
CEBPB	0.00678813466267872	0.994583893750617	0.999927879915109	19	0.0167443040249084	5.02577901028741	0.173555811000261	0.862415560651332	0.906038447008499	-7.60381735897533	Non-Significant
CEBPD	1.291614056216	0.196490833787334	0.502616043624161	4	0.501659995227409	3.90941701282821	4.49639927960298	1.25594094653491e-05	0.00010014072548633	2.10034800140957	LogFC Significant
CEBPE	-0.279395649494796	0.779941209405607	0.963174630065472	7	-0.166040245729803	-4.08516078498339	-0.597151416932194	0.551179685904708	0.666904353646257	-6.53204965604687	Non-Significant
CEBPG	-2.91678867483651	0.00353655293673379	0.0294663829749438	55	-0.659409063810427	6.01444414599106	-8.12760083273655	7.73616607572281e-14	2.54468356127493e-12	20.3731793891094	LUSC
CHCHD2	-0.0624880271066139	0.950174196291885	0.999927879915109	140	0.0079449795328879	6.26653268525036	0.102213070196555	0.918704816587438	0.944733919991682	-7.76562200624674	Non-Significant
CHCHD2P9	-0.313243231753416	0.754095875710093	0.952760818326182	91	-0.385100824898622	-0.766424634111487	-1.21549076376021	0.225819517052667	0.342985760819688	-6.23757016627745	Non-Significant
CHD1	0.566824837366537	0.57083319413325	0.869519348422143	34	0.198336613101363	6.26284476997876	3.29773516285168	0.00118096741696589	0.00564534598212553	-2.47479660476906	LogFC Significant
CHD2	3.21096207381976	0.00132291393191675	0.0217633093901877	42	0.177534303397925	8.03128998683042	3.27820844475157	0.00126062592502373	0.005971719495509	-2.76459743734504	LUAD
CHD3	-0.774044443427089	0.438904509618711	0.771058841044945	26	-0.192317936668364	7.72892728585721	-2.72053204882625	0.00717708229792221	0.0265686752373105	-4.3211374293063	LogFC Significant
CHD4	0.493619303047364	0.621575065705128	0.893719325400208	10	-0.0501044559011427	8.12508644556309	-0.946270504978433	0.345318034180668	0.475197508986897	-7.56726599720274	Non-Significant
CHD5	-0.594786660903159	0.551986085103401	0.85494942205379	11	-0.695299051367409	-2.97009459009686	-2.44650344074908	0.0154157409182105	0.050268849238325	-3.85621906876407	Non-Significant
CHD6	-3.15201765626751	0.00162146468350821	0.0221956914311769	58	-0.290512680566303	6.66612703212942	-3.90694263806168	0.000133473837636987	0.000827277673811902	-0.47510544929966	LUSC
CHD8	-0.537927818292633	0.590626882354505	0.882886835895205	3	0.0370317958321018	6.90885288603321	0.605181905635214	0.545843702068379	0.662022180938401	-7.66939261091949	Non-Significant
CHUK	1.39264067248499	0.163728477299007	0.451863131504917	78	0.191832773103712	5.77634136367944	3.23184317709065	0.00147024526732996	0.00681498457582002	-2.61890559691848	LogFC Significant
CIART	-3.41800744618994	0.000630813810994593	0.0193395427209346	17	-0.707371631104467	2.95903011803253	-4.22039765645535	3.91377793307955e-05	0.00027706803547953	1.1149861718504	LUSC
CIC	-0.730612244362605	0.465016030925523	0.788955270971929	89	-0.426409329499033	4.96821661047267	-3.17347659059324	0.00178018300250347	0.00806430982510385	-2.70053927965531	LogFC Significant
CIITA	1.33056124457457	0.183333421766869	0.480592050793568	128	0.426169703431065	5.6157460772598	2.8760733915202	0.00452815382287911	0.0179763524241973	-3.63454413627327	LogFC Significant
CIPC	1.17378591633234	0.240480786528266	0.572817816546569	21	0.110119139219857	5.27309865338339	1.89028169348027	0.0603766432854846	0.151003925598406	-5.87386492768267	Non-Significant
CIR1	1.87236776872397	0.061155740972391	0.22707254766424	43	0.145889942912194	5.48262448862239	3.11873519708851	0.00212491582278554	0.00938010187854799	-2.92447708522499	LogFC Significant
CLOCK	2.17283519120089	0.0297927236444309	0.134473848577533	96	0.354170858422684	6.06902098443763	4.82968203232733	2.97546272675364e-06	2.7097984360325e-05	3.24222581497078	LUAD
COMMD7	1.45315611766113	0.146180412934683	0.416380831931405	22	0.120749059464237	5.43176600322968	2.15718453552592	0.0323580096402005	0.0916696180019622	-5.36330800860303	Non-Significant
CREB1	-0.550753052632874	0.581802971028519	0.877731304151214	24	0.0610374494861987	6.45032769707709	1.37188895752856	0.171857719632058	0.30370362618773	-6.85434733493095	Non-Significant
CREB3	1.15171964876031	0.249436295405034	0.587130355555029	13	0.204902508598599	5.27085633344706	2.42537785970588	0.0163107056381052	0.052660780857853	-4.7455196249771	Non-Significant
CREB3L1	3.11528736216834	0.00183765788765954	0.0221956914311769	92	0.975907550336676	4.61186333255138	6.00940795533148	1.0572436907938e-08	1.54461390897884e-07	8.88935541496957	LUAD
CREB3L2	3.50525322083282	0.000456173185545627	0.0193395427209346	45	0.675729609295786	7.54161009660833	7.48144232545802	3.44705702764792e-12	8.83217240226043e-11	16.4430456451706	LUAD
CREB3L3	0.784473887694512	0.43276209804675	0.767831636487575	2	0.366040858709496	-5.10063484860279	1.46455552567074	0.144840003011446	0.288557215301873	-5.69730036040043	Non-Significant
CREB3L4	3.07663431488076	0.00209351960210781	0.0237502110792795	56	0.642775903767208	4.22992222893407	5.81961336090933	2.76208567788956e-08	3.73906602301378e-07	7.9921474895318	LUAD
CREB5	-1.58141970393666	0.113782105130769	0.350420961813779	13	-0.47013285680646	3.92903810310284	-3.17323025485676	0.00178161085434169	0.00806882237761868	-2.58327925171017	LogFC Significant
CREBBP	-0.715463026270434	0.474322979618862	0.796354969125982	13	-0.00886794575042038	6.46875428034401	-0.146247576726291	0.883894620195695	0.921148964595685	-7.78574403976971	Non-Significant
CREBL2	3.0002610235127	0.0026974833356386	0.0262939152328268	149	0.367408916268488	6.72770074107355	6.12904268946767	5.71617046357671e-09	8.69056020942828e-08	9.25079711032405	LUAD
CREBRF	1.63507257629245	0.102033834245056	0.324183448044419	37	0.2775154360094	5.80853102278046	3.84488751469911	0.000168761373963234	0.00101688469810457	-0.592323899259018	LogFC Significant
CREBZF	-0.260344533634558	0.794598023718732	0.967654585810038	19	-0.0166318690211923	6.977801953646	-0.24918054887513	0.803513937548614	0.864236650156219	-7.83090404763226	Non-Significant
CREM	-0.504937590309524	0.613602670972436	0.893719325400208	10	-0.119276226183045	4.80916264988982	-1.57304464982757	0.117518339887691	0.246284677053048	-6.36074331520506	Non-Significant
CRTC1	0.4054376025474	0.685155875555399	0.91977763756208	73	0.430958223215541	2.75940011797217	3.0778349892268	0.00242171092399821	0.0104984820308888	-2.73715556796562	LogFC Significant
CRTC2	-0.529727680418051	0.596300753231303	0.884975545076464	55	-0.0133998779359395	5.69355602109326	-0.181745032633467	0.855993593020088	0.901394573483024	-7.68304918838275	Non-Significant
CRTC3	0.143492474263447	0.885901254413875	0.999927879915109	45	-0.0250018625180311	5.55976448510586	-0.420133586032348	0.674904306016066	0.76727391679923	-7.5947310108945	Non-Significant
CRX	-0.0745360230239445	0.940583878644987	0.999927879915109	6	-0.0378512149582158	-6.66695121507592	-0.565481178698054	0.572472281772213	0.685028207648696	-7.5957231238918	Non-Significant
CRY1	1.37161906981179	0.170182054132588	0.463671051150931	36	0.00831950438721455	5.18026494100011	0.119173457220627	0.905274905896785	0.935650543556562	-7.63026318217141	Non-Significant
CRY2	2.51465771323892	0.011914799819392	0.0675845142297718	184	0.40236258527077	5.5074329345324	4.46085616407192	1.45812192769577e-05	0.000114733249439813	1.77846794898418	LUAD
CSRNP1	1.51454056577235	0.129888793339501	0.386968393213232	39	0.399275394514278	5.25880406628935	3.27331888820689	0.00128134156492029	0.0060557580451875	-2.42969494790401	LogFC Significant
CSRNP2	1.38964883018479	0.16463554017174	0.453481707359196	20	0.192766214127247	5.73871637683239	3.21487146464726	0.00155476082632951	0.0071649664380188	-2.6661938183529	LogFC Significant
CSRNP3	-0.961871317497311	0.336114248025941	0.684500415858102	4	-0.34898989929743	2.29702204891242	-1.96879272125686	0.0505591895258542	0.131109153453224	-5.38515185987031	Non-Significant
CTBP1	0.910075795000787	0.362782538691401	0.715586775729208	91	0.25058319213303	5.3598017134948	2.84814939749945	0.00492542999408978	0.019315307543099	-3.68059341447935	LogFC Significant
CTBP2	3.15281479614373	0.00161704364325776	0.0221956914311769	49	0.444055800882421	5.87295674205507	6.17402078390194	4.52772865796614e-09	6.99447481752474e-08	9.57984444397309	LUAD
CTCF	-0.998867883020828	0.31785869632541	0.663472206051375	26	-0.126873280711831	6.29112680150926	-2.94569338855089	0.00366184699378572	0.0150186786592875	-3.52306919382996	LogFC Significant
CTCFL	-1.11703556499791	0.263979118942616	0.602883146244533	6	-2.76726608188974	-4.55302709283077	-6.58618245489763	5.10872163510342e-10	9.25792055284446e-09	12.4575146395648	LogFC Significant
CTNNB1	2.02695921687349	0.0426665836673707	0.177013429760497	12	0.334366565029249	9.20549609608254	3.97569625270582	0.000102593207133609	0.000654451289733088	-0.566040978875291	LUAD
CTR9	0.61644228773462	0.53760265080173	0.84982523528182	34	0.0939772934335571	6.33832774308559	1.84205078957938	0.0671634935213006	0.163148654850029	-6.09292801584157	Non-Significant
CUX1	1.38747734345985	0.16529625508144	0.454055923671042	11	-0.0588134814135061	6.83381548999286	-0.858262133974144	0.391924090827664	0.522096687622385	-7.47428144710384	Non-Significant
CUX2	0.2160356722349	0.828959941631008	0.977505769565311	38	-0.482057298387457	-2.23065366292788	-1.75417963544995	0.0811536985447103	0.18561610500477	-5.32206363502175	Non-Significant
CXXC1	-0.697831670543744	0.485282470383738	0.802762273414172	64	-0.257976459487045	4.77547240212792	-2.48927615253293	0.0137361281374476	0.0457505312476869	-4.53508844907722	LogFC Significant
CYTL1	0.797844538163807	0.42496071171938	0.767831636487575	25	0.196860525981854	0.0869080378528264	0.830132859302331	0.407596989289468	0.537595718021406	-6.71352829417547	Non-Significant
DACH2	0.791074699890656	0.428900401946968	0.767831636487575	8	-0.212790152559073	-3.64036387278965	-0.562226068743617	0.574682900847588	0.686947492411938	-6.57310199478897	Non-Significant
DAXX	-1.71099182589287	0.0870826217960804	0.294206056504679	26	-0.20607638574081	6.02786578266235	-4.07989200937123	6.8413929819369e-05	0.000455370991862448	0.238729453240033	LogFC Significant
DBP	-0.437362098735575	0.66184876642754	0.907161995212628	16	-0.381204286999634	2.43585357046303	-3.00799033913395	0.00301841051250881	0.0127211228540271	-2.90377885819754	LogFC Significant
DBX1	-0.852175048938424	0.394116942882231	0.745887673239887	8	-0.550242535862842	-6.31500409296254	-2.76888405110848	0.00623245928761771	0.0235918264754679	-3.71942634531211	LogFC Significant
DBX2	-0.49806265900907	0.618439878691111	0.893719325400208	7	-0.757095328015789	-6.05442474591101	-3.64987174965205	0.000346349227357413	0.00192258391876397	-0.832138499433007	LogFC Significant
DCAF6	-0.109125915485617	0.913102620048707	0.999927879915109	50	-0.108245827378873	6.68351321589471	-1.48335713842851	0.139781943237956	0.280667007205406	-6.72613304799228	Non-Significant
DDIT3	-3.18365392434433	0.00145428769634826	0.0217633093901877	37	-0.435928189173939	4.28372720398207	-3.73640197550178	0.000252616726646405	0.0014523392556919	-0.797647769977204	LUSC
DEAF1	0.76139201861363	0.446422953223293	0.775447482761567	21	0.0804771847526818	3.63838313491449	0.639929834850433	0.523056821592942	0.641371344455973	-7.25237379626613	Non-Significant
DHX33	-2.87245948919676	0.00407290294415763	0.0323440857858591	38	-0.41168765644704	5.1355472006323	-7.00010379558405	5.27967804742656e-11	1.12176073954634e-09	14.0307291915542	LUSC
DHX9	-1.68525601928682	0.0919391871679611	0.304643379262815	79	-0.212277973528817	8.08973632981573	-4.45478429673277	1.49565406428243e-05	0.000117275122794348	1.4301657447949	LogFC Significant
DLX1	-3.1322209174516	0.00173489279097989	0.0221956914311769	38	-3.15240079220665	-3.31737397541504	-8.83569491293067	1.03989666899938e-15	4.58943468332197e-14	25.1749731532034	LUSC
DLX2	-3.45901843562011	0.000542147795033875	0.0193395427209346	47	-2.9052334066899	-4.82552522653849	-10.5583088886893	1.81772064982136e-20	1.60584258657656e-18	35.8383355729772	LUSC
DLX3	1.92582698696213	0.0541259805616798	0.209204181515804	21	0.67941555189521	0.383212871652172	1.93887249882177	0.0541287197057573	0.138265851661421	-5.23118862830603	Non-Significant
DLX4	2.98397602749561	0.00284529063009861	0.0264506647464722	22	0.653352435620684	0.796885072649548	3.11810929911469	0.00212919234009366	0.00939444042469487	-2.40672724668614	LUAD
DLX5	-3.49145656101781	0.00048039457506296	0.0193395427209346	101	-3.60486834536638	-0.0952024470892521	-12.3266044691121	1.60425691520245e-25	2.89483040379405e-23	47.3592548085939	LUSC
DLX6	-3.49182821080769	0.000479726678910547	0.0193395427209346	149	-4.30832500369209	-1.70675154020995	-10.1220250235162	3.05987317285034e-19	2.26974790486388e-17	33.1290798040265	LUSC
DMAP1	-0.158911623165135	0.873738503103589	0.999927879915109	33	-0.0104605939141927	5.45009074983772	-0.122785079793091	0.902418471335554	0.933601494515463	-7.66236171892492	Non-Significant
DMBX1	0.286926875453093	0.774168311669899	0.960147004663638	8	0.715549625774885	-1.66241795451986	1.77826608484181	0.077100038903514	0.179474500441181	-5.32851109268168	Non-Significant
DMRT1	-2.86819942139642	0.00412815242174218	0.0323440857858591	21	-3.18371427109749	-3.92283538735421	-8.55464810920278	5.84886107003105e-15	2.27194766724886e-13	23.4919709982991	LUSC
DMRT2	-3.37885502443336	0.000727883817038768	0.0193395427209346	109	-3.42450064180009	0.181357297661666	-9.9133888046992	1.16875194791624e-18	8.15817717718325e-17	31.7875836107563	LUSC
DMRT3	-3.06247738635361	0.00219513060739831	0.0240875075368036	35	-3.5192262297789	-1.77996831173026	-8.90790307662926	6.6505047679887e-16	3.02699092686828e-14	25.6029228540976	LUSC
DMRTA1	2.89953464347037	0.00373717044018512	0.0305479204552964	15	0.794817327195085	1.2719265794084	2.75490791765316	0.00649318512650841	0.0244243212852977	-3.4730717593481	LUAD
DMRTA2	-0.647935074321489	0.517026944034349	0.832801190572535	4	-1.73540335081284	-1.64483020063456	-3.48419178488965	0.000624027307678216	0.00323330145387575	-1.05008599750323	LogFC Significant
DMRTB1	-0.00284349169402747	0.997731224935907	0.999927879915109	4	-0.0307581847429427	-6.69779360752917	-0.538967828775945	0.59059542885212	0.699949669102128	-7.62658235120276	Non-Significant
DMRTC2	0.796579215778312	0.425695452276609	0.767831636487575	13	0.873828934378911	-5.44207590382692	2.94085978670591	0.00371669069883898	0.015208067135825	-2.67050418419866	LogFC Significant
DMTF1	-0.318307319838521	0.750251832422886	0.952760818326182	74	-0.0760454891241258	6.68521449327149	-1.23284236798968	0.219291514264729	0.335151464029884	-7.06438121469166	Non-Significant
DNAJB1	-2.93008549156244	0.00338868759709759	0.0288397127994866	33	-0.711794783019962	7.22496187668955	-6.42419987859622	1.21597295316193e-09	2.06873954177859e-08	10.7071042595881	LUSC
DNMT3A	-0.584284074489772	0.559029204905614	0.859917246820582	13	0.0494545735846048	5.14434174459809	0.561689044628443	0.575047997205251	0.687269943532573	-7.47494280798017	Non-Significant
DNMT3B	-2.73159661065882	0.00630282588455957	0.0429019470379512	36	-0.655422340932378	2.64816109128142	-4.98388898045458	1.4917973893227e-06	1.44455950434016e-05	4.28306625459719	LUSC
DNMT3L	0.245082844822694	0.806392285774982	0.969911984135431	6	-0.145293464338377	-5.55431497352366	-0.598682160846978	0.550160566484887	0.666019861836324	-6.74939421280623	Non-Significant
DOT1L	-1.40279087373674	0.160679209235025	0.446875141473586	68	-0.492548423509707	3.48432781058615	-3.81465535643723	0.000189002518085901	0.00112486340763967	-0.435964565863952	LogFC Significant
DPF1	-3.20082258882685	0.0013703587853498	0.0217633093901877	46	-2.01413222507597	-1.41617206202801	-8.64099382486752	3.44816384185017e-15	1.40258405480726e-13	23.9845901130405	LUSC
DPF2	-0.442117133438215	0.658404446706195	0.906687616916173	19	-0.185962560632565	5.73345236426584	-3.60144180541786	0.000412261607387851	0.00224271372178086	-1.42602299542568	LogFC Significant
DPF3	0.582668972196901	0.560116164507782	0.859917246820582	48	0.214657409597244	0.127907270724608	1.37047658883753	0.172297115082845	0.30370362618773	-6.12856951806063	Non-Significant
DPRX	-1.00801027973195	0.31344952726671	0.65906455576079	11	-0.33464021267907	-6.44047758924659	-2.66380361388487	0.00844935232931946	0.0304672436670741	-4.10723026145533	LogFC Significant
DR1	-2.86832870787763	0.00412646572840547	0.0323440857858591	61	-0.395422612420432	6.11933864859191	-6.97833028526289	5.96018882653103e-11	1.25690082315316e-09	13.8031911168458	LUSC
DRAP1	-0.458121984714639	0.646864805041271	0.902600240934727	95	-0.382190014916504	4.16323623872224	-2.97735478892618	0.00332057493517092	0.0137980382288998	-3.18240818904248	LogFC Significant
DRGX	2.49701697434919	0.0125242961431153	0.0703646245505157	15	1.66004896452071	-1.89082654392106	3.86361497351172	0.000157273319633714	0.000956141385500483	0.255251809528835	LUAD
DUX4L4	-0.411584896375328	0.680643703834874	0.919649350068973	7	-0.047209829402349	-6.75092824807524	-1.30541451190486	0.193468866613635	0.30370362618773	-6.9462103257084	Non-Significant
DUX4L9	0.0105904416146572	0.991550208095067	0.999927879915109	8	-0.862258922474679	-5.82089408078387	-3.42769319486909	0.000759198528253107	0.00383907148054135	-1.40675087148832	LogFC Significant
DUXA	0.412594287109849	0.679903887550534	0.919649350068973	7	-0.0633000471479159	-6.08682870725179	-0.355898783188409	0.722345898578981	0.803888058174812	-7.21790103414285	Non-Significant
DYRK1A	0.807783516075975	0.419215216011121	0.767831636487575	24	0.0103090311128372	6.6685266902098	0.19433590881578	0.846138738570271	0.895017686633688	-7.80307278053174	Non-Significant
DYRK1B	0.695697901103508	0.486618040257208	0.802762273414172	4	-0.214104190639902	3.0645549548634	-1.80589221929283	0.0726571284718037	0.17230080340275	-5.77314679712735	Non-Significant
E2F1	-1.56465629371735	0.117663521715743	0.360165170129897	69	-0.503483173461704	3.47001509930496	-3.35714095286014	0.000966533986882221	0.00474053479098686	-1.96526335480264	LogFC Significant
E2F2	-2.85283390538266	0.00433312630464122	0.0325877064408973	92	-0.911026808804075	2.80565025059841	-6.74993643215704	2.10021837522926e-10	4.04357594558896e-09	12.9054399329049	LUSC
E2F3	-1.15470210815168	0.248212435937011	0.585676347075814	25	-0.136340980226412	5.48473563764741	-1.8314236275197	0.0687411149855642	0.16596236309416	-6.0070354262961	Non-Significant
E2F4	-0.313212274151044	0.754119393835968	0.952760818326182	78	-0.171311244252595	5.94918589399961	-2.07390350596465	0.0395556205587714	0.107655094814871	-5.59860416344908	Non-Significant
E2F5	2.98465189730007	0.00283901204692777	0.0264506647464722	46	0.484301989146054	4.06324960900081	5.0889089485689	9.24329127612782e-07	9.33427505213416e-06	4.5983039479483	LUAD
E2F6	-1.40358722885404	0.160441800297323	0.446833751729576	77	-0.150877566152058	3.57174735781771	-2.00313668779898	0.0467091297852369	0.123043991212484	-5.46151756642262	Non-Significant
E2F7	-3.13061312379518	0.00174441799590916	0.0221956914311769	182	-2.37829045532749	2.91224233806065	-14.2528676783233	4.48433878410698e-31	1.72871260127324e-28	59.9948588568086	LUSC
E2F8	-1.9136509405808	0.0556647714977276	0.213718663800071	62	-0.111261045270132	3.13788604919521	-0.748616761221324	0.45509523946577	0.583192131644089	-7.11990534559713	Non-Significant
E4F1	-0.157362075505813	0.874959500391468	0.999927879915109	196	-0.204392015875148	2.90593924394422	-1.42695905954876	0.155377084397321	0.30370362618773	-6.35974158713882	Non-Significant
EAF1	1.07238681910098	0.283546325753378	0.631220645357852	11	0.104754930033713	5.01689102805338	2.12926995552936	0.0346331259582752	0.096831936676527	-5.37248348842413	Non-Significant
EAF2	-0.799765588092011	0.423846624200164	0.767831636487575	26	-0.354691218839512	2.76973340377832	-3.65814161520211	0.000336139406184992	0.00187265051709322	-0.901105618124824	LogFC Significant
EBF1	0.0464877985434001	0.96292145892504	0.999927879915109	48	-0.139903633363194	2.91952187096469	-1.18496488004404	0.237641293774167	0.356756398247353	-6.67480040969602	Non-Significant
EBF2	2.4562611157458	0.0140391106821428	0.0776598739662336	34	0.725791784730653	0.629607709599971	3.70820664613166	0.000280144673890531	0.00159385530809409	-0.504265205633238	LUAD
EBF3	0.312104125088587	0.754961391649478	0.952760818326182	12	-0.479120015103624	-1.12624696547448	-1.51746672798087	0.130956952909731	0.266908583355227	-5.7974317817041	Non-Significant
EBF4	0.0157962680526367	0.987396925728904	0.999927879915109	49	0.00715985669149976	2.64503951243768	0.0472269394427188	0.962386318435884	0.975541705121201	-7.34294229484646	Non-Significant
EDRF1	0.364381684118136	0.715573010712422	0.935798155660609	8	0.0761304684771322	4.96952739731534	1.2281905339571	0.221028064706252	0.337298968380336	-6.85876396382681	Non-Significant
EED	-2.14518023550568	0.0319384392258869	0.142236886312872	57	-0.220219924911764	4.75376263647441	-3.28998582619417	0.00121200198875373	0.00577471284641595	-2.31943614162688	LUSC
EGR1	0.167625241253255	0.866878112517078	0.997652743542806	5	0.237814574220341	7.53637025830368	1.45713587266784	0.146874545488407	0.291785101568835	-6.87599836108286	Non-Significant
EGR2	0.249820420806443	0.802726226848017	0.969550286712064	14	-0.0745221714254692	4.63756928973444	-0.491876261477303	0.623424497401518	0.727571647510977	-7.45176477382732	Non-Significant
EGR3	-0.874659175248617	0.381759379510579	0.731494513920474	23	-0.267471456682096	3.85958357240574	-1.4853572498452	0.139252036925243	0.279834892622144	-6.38369017638427	Non-Significant
EGR4	0.417105735236411	0.676601070111209	0.917983073502235	7	0.112372334780834	-4.89268523236318	0.370260479305548	0.711637069480997	0.795658280255254	-6.65725701378361	Non-Significant
EHF	2.83323573085759	0.0046079391242625	0.033769130516493	29	0.308426491788827	6.84877594501291	1.63193090966484	0.104495865863168	0.225016995908474	-6.51819564137931	VIPER Significant
EHMT1	-0.493023751403084	0.621995805122454	0.893719325400208	14	-0.283127539743375	5.26124094392795	-3.75046961744948	0.000239858536223283	0.00138840194224297	-0.860049645800352	LogFC Significant
EHMT2	-0.647217314047364	0.517491307141408	0.832801190572535	65	-0.193839727849475	5.25566755560574	-1.95295755399947	0.0524227574200249	0.134944578818059	-5.75343521099671	Non-Significant
EID1	0.362594436288653	0.716907867029109	0.935988944729812	31	0.054300950171841	6.91371116353153	0.920571761523872	0.358543885618355	0.488876317351972	-7.42923795240092	Non-Significant
EID2	-1.31157274791808	0.189664333092839	0.491414168839253	23	-0.190924862611682	3.53999277997539	-2.23650312193502	0.0265845777936061	0.0783858399354179	-4.97458607478303	Non-Significant
EID2B	-0.0455573370966539	0.963663073906342	0.999927879915109	26	-0.0933445634267425	0.620868766481809	-0.834262981893448	0.405272469895496	0.535209563560215	-6.76760450645994	Non-Significant
ELF1	0.506093372803561	0.61279110268549	0.893719325400208	51	0.0471695412364777	7.15733464326263	0.777604341162463	0.437854393525539	0.566793657312149	-7.58247855589949	Non-Significant
ELF2	2.01348211859014	0.0440639342664777	0.179827246578151	50	0.219581595905294	5.66573999507015	4.55962444986855	9.61066740456689e-06	7.83480329299569e-05	2.16031159912177	LUAD
ELF3	2.93293154756602	0.00335777914841853	0.0288397127994866	38	0.987702073459703	7.09761563407925	6.31087431335683	2.21409950385244e-09	3.60764224633478e-08	10.1349321908562	LUAD
ELF4	-2.38056281331111	0.0172862136755464	0.0911042442532734	24	-0.408334020514388	5.67159162001764	-5.32489794569986	3.0768284815469e-07	3.4304884774758e-06	5.48699085255043	LUSC
ELF5	1.5020843858687	0.133075316822209	0.392008423592979	17	0.319169437567079	2.47676803521338	0.887511886176007	0.376023977303941	0.506307051997469	-6.93135313833638	Non-Significant
ELK1	-2.92168907172207	0.00348138897616108	0.0292924939129739	40	-0.412429260815478	4.91064012377804	-7.26449151009082	1.19269969359493e-11	2.80980169482739e-10	15.5184090180036	LUSC
ELK3	0.854961805545754	0.392572292734977	0.743665248879089	54	0.103421534517875	6.55687352822464	1.24389930455843	0.215203610160361	0.330367002769768	-7.03433502976929	Non-Significant
ELK4	-1.34515046426291	0.178576649290913	0.474901737800807	48	-0.149222139197807	6.88324531167413	-2.28202102668234	0.0236945340629651	0.0715094039693994	-5.27323633536293	Non-Significant
ELL	-0.914116910852391	0.360655417506409	0.713493673254058	123	-0.414636638567349	1.9945298723085	-3.03814282112792	0.00274590517829478	0.0117211753127009	-2.76880690158393	LogFC Significant
ELL2	-0.49945298545166	0.617460299822335	0.893719325400208	6	-0.021779801954685	6.97434321312241	-0.22957089187742	0.818693872154342	0.875248043582626	-7.8351655112279	Non-Significant
ELL3	3.22748039651798	0.00124885597965781	0.0217004484370714	20	0.394104465569363	-3.06592966283974	1.76872574721303	0.0786852841387821	0.181853234425397	-5.23094536262188	VIPER Significant
EMX1	-2.35885377751928	0.018331477319318	0.0946262376791529	18	-1.87473928659487	-4.58238319016767	-5.68253219239001	5.46081858320761e-08	6.97028616792951e-07	7.95528582484864	LUSC
EMX2	0.0408440112453832	0.967420252714108	0.999927879915109	8	-0.800902861194373	-5.18480431540144	-2.36131646117451	0.0193123687062492	0.06058376141953	-4.05009952509114	Non-Significant
EN1	-3.63270792352676	0.000280462419200783	0.0193395427209346	107	-4.2076222596844	-3.99082049965907	-11.6260679957486	1.65649507528027e-23	2.22995789419873e-21	42.6482755645158	LUSC
EN2	-1.32074516327954	0.186586349620042	0.485947328193312	5	-1.49645632386275	-2.54776810290232	-3.52645972525653	0.00053804434833389	0.00283425721628554	-0.845021183330524	LogFC Significant
ENY2	-0.406460861888609	0.684404008541088	0.91977763756208	67	-0.0370986337885688	5.7821180493288	-0.613795079375977	0.540149406705624	0.656876692655031	-7.5216349934996	Non-Significant
EOMES	0.048718159669662	0.961143903735586	0.999927879915109	69	-0.286875402638551	1.97479179213672	-1.67125617703213	0.0964619926273026	0.2113119358058	-5.88085855118471	Non-Significant
EP300	-0.694300008563775	0.487494085629411	0.803025532357554	21	-0.109131800332825	6.93014523566328	-1.71958986512262	0.0872786247653638	0.195750102528056	-6.38354318727384	Non-Significant
EPAS1	2.88976710609996	0.00385527328245079	0.0313416548630008	80	0.614319205100011	8.24654709174358	6.07010227742698	7.7460406357071e-09	1.15387887525934e-07	8.75982432191946	LUAD
EPC1	2.59078732597116	0.00957566481865558	0.0572259968924417	57	0.281447236980725	5.40383599089448	4.97983355662113	1.5194208990477e-06	1.46823493864302e-05	3.96956221529833	LUAD
EPC2	2.55653422001904	0.0105720672027176	0.0617113690205146	189	0.302230440149811	5.68974943061114	5.53122319607669	1.14492896541082e-07	1.38157114853912e-06	6.44634987046413	LUAD
ERF	-2.51645244785188	0.0118542895481716	0.067431766041724	52	-0.799355476309772	3.71038715796533	-6.85603833771658	1.17318369031513e-10	2.35683479136896e-09	13.3905694520306	LUSC
ERG	0.547640493857766	0.583938778886132	0.878961481964069	65	0.218571854869587	4.50251669383219	2.07020949560299	0.0399043711780567	0.108462182928094	-5.43384097175995	Non-Significant
ESR1	2.30328069917948	0.0212630548676558	0.10413710774208	15	1.29879527467074	3.33585854045913	6.60853034705378	4.52833119857571e-10	8.27391961833837e-09	12.1019965159674	LUAD
ESR2	-0.669556528769984	0.503140533686159	0.818724628559001	77	-0.381553265213677	0.771449442048386	-2.59889495996799	0.0101519660536265	0.0355682280779976	-3.82017832753234	LogFC Significant
ESRRA	-0.135221996706525	0.892436355962834	0.999927879915109	75	-0.0642216771740667	3.35433510389445	-0.519353801448407	0.604171600392564	0.711416777914521	-7.28986788349849	Non-Significant
ESRRB	-2.39111221023891	0.0167974182432753	0.0889952924340286	8	-0.297135902464107	-2.75674834361289	-1.05547844250482	0.292664482427436	0.419094550522091	-6.24292709445862	VIPER Significant
ESRRG	-0.513088687542502	0.607889284322176	0.892221383419585	9	0.226133827989202	0.849614747555734	0.765533662526579	0.444987161390357	0.573372244872625	-6.84765373279069	Non-Significant
ESX1	-0.00859960354060702	0.993138593676499	0.999927879915109	2	-0.374861498587596	-6.55620767822528	-2.66302307374988	0.00846819477048881	0.0305222098803721	-4.20192824623398	LogFC Significant
ETS1	1.09344180057271	0.274199868972743	0.615516204031543	77	0.0838425737648656	7.65115686042135	0.834263071791119	0.405272419386334	0.535209563560215	-7.60247505449227	Non-Significant
ETS2	-0.422285692209918	0.672816500277363	0.914372237378703	7	-0.166935504221439	7.55359911914154	-1.41886045855042	0.157721872690513	0.30370362618773	-6.932939167955	Non-Significant
ETV1	1.58588850805998	0.112764603157878	0.348892639662587	37	0.435581898996042	5.69343205226401	2.86133314740123	0.00473406128692635	0.0186698785279806	-3.68442467241219	LogFC Significant
ETV2	-0.538446314274444	0.590268959218934	0.882886835895205	41	-0.614009570577908	-3.0516785080291	-2.46873706087628	0.0145211774923875	0.0478795203704809	-3.7979266926854	LogFC Significant
ETV3	-0.731258670843752	0.464621169535832	0.788955270971929	25	-0.180729438949008	6.05027157797092	-2.63323890765969	0.00921611877807634	0.032838836225838	-4.33078295716016	LogFC Significant
ETV3L	-1.49506266907895	0.13489808740711	0.394862040107109	9	-0.516941432692648	-5.61527289054054	-2.37119267865799	0.0188199831568794	0.0592986788186355	-4.20222853998435	Non-Significant
ETV4	1.29907660300214	0.19391764164442	0.499497995674808	13	0.669586397822896	4.26719967199367	3.15179557357118	0.00190999924500028	0.00856758541962389	-2.68547467905218	LogFC Significant
ETV5	0.339548212993902	0.734196783242657	0.944044445724815	12	0.111559628974088	5.75064602454978	0.911568020158716	0.363252684786694	0.493642376036901	-7.2905984031488	Non-Significant
ETV6	-2.792691487364	0.00522715192402191	0.0365718503952473	17	0.00722305046660457	6.20528955125129	0.0878571392928432	0.930090881196556	0.952943562007457	-7.75928266822893	VIPER Significant
ETV7	0.527571921997991	0.597796485349855	0.885578673426971	41	0.10214944736618	2.55435471600907	0.618278039734889	0.537197561967788	0.6542960611382	-7.14250778761459	Non-Significant
EVX1	-0.0014946726421479	0.998807424219421	0.999927879915109	3	-0.442705068554774	-5.56401637619174	-1.63576630655099	0.103689458520485	0.223564331438219	-5.61046741677337	Non-Significant
EVX2	-2.12642774743485	0.033467659419473	0.146731572301969	14	-1.03594309851454	-5.70105481098222	-4.17207233676062	4.7499916692389e-05	0.000329212852194076	1.26499460842122	LUSC
FAM220A	-0.812621674085391	0.416435001014997	0.76505167615564	41	-0.119206808103317	4.80403428218456	-1.71737077911681	0.0876840766113728	0.196360160297774	-6.12558158662001	Non-Significant
FAM220BP	-0.0537208310835495	0.957157585960192	0.999927879915109	5	-0.145686620783006	-6.69660024985595	-1.9475876274212	0.0530677309784861	0.136280825565039	-5.88797970225333	Non-Significant
FBXL19	-0.781659591033445	0.434414655627815	0.767831636487575	40	-0.340409453208066	2.78232728874174	-2.75032325154213	0.0065808439199461	0.024695635966842	-3.65108585499017	LogFC Significant
FERD3L	-0.998964634957508	0.317811823309779	0.663472206051375	5	-0.0203864259255766	-6.73750669839381	-0.422082697802368	0.6734837869742	0.766193088792999	-7.70256101054511	Non-Significant
FEV	-0.0637212581835199	0.949192177561203	0.999927879915109	7	-0.00616661664821836	-6.22721391211452	-0.0320121886646305	0.974498885930921	0.983271540083298	-7.39990270467249	Non-Significant
FEZF1	0.564793578693801	0.572214175162368	0.869800199641207	10	0.213481281498481	-0.953881839281336	0.520529033627348	0.60335417491424	0.71072343042432	-6.81826635956974	Non-Significant
FGF1	0.0759001634707716	0.939498526805464	0.999927879915109	14	0.0217030231155648	2.71291273954819	0.117817111288624	0.906347962149885	0.936379226092481	-7.34484903699288	Non-Significant
FGF2	-1.34300400836658	0.179270675922814	0.474901737800807	70	-0.61403451687661	3.01922622403182	-4.39319475505772	1.93276262252482e-05	0.000147717871447579	1.78236050794406	LogFC Significant
FGF7	-0.26403082578861	0.79175616576609	0.967654585810038	85	0.182382994043549	4.8087052057188	1.00033597314148	0.318531926468239	0.44738657494515	-7.09266698622999	Non-Significant
FHL2	0.352216204123824	0.724676125489704	0.941844440118657	43	0.201733533533833	5.58034136053561	1.20742388830799	0.228901620247853	0.346766533132844	-6.95722128780271	Non-Significant
FHL5	1.50729330823802	0.131735492089804	0.390611628838322	124	0.742520623618735	1.85367615278217	3.79183374323569	0.000205784459992269	0.00121324852637778	-0.341295657515659	LogFC Significant
FIGLA	-0.0759918167959032	0.93942560862444	0.999927879915109	9	0.0923659213153355	-6.12361347405326	0.547226517639311	0.584921712093298	0.695389401553078	-7.16149565677112	Non-Significant
FLCN	-0.415045039818676	0.678108931946541	0.919407653847843	42	-0.0967756124788711	4.97574023870149	-1.13473618215977	0.258040894040718	0.380391713166313	-6.96939735136157	Non-Significant
FLI1	0.94395329800857	0.345193514148308	0.695932305632332	158	0.16403629493323	5.16071234981052	1.75220703256766	0.0814932710012195	0.186113503822399	-6.10808801868991	Non-Significant
FOS	2.01319563265429	0.0440940525191538	0.179827246578151	15	0.711951297615108	8.0810732315997	4.1111085566635	6.0502742882812e-05	0.000407780473421824	0.0934483107236428	LUAD
FOSB	1.15106416654212	0.249705838468125	0.587130355555029	17	0.550064853318459	5.89958230289309	1.95098375598349	0.0526590547376313	0.135399909083354	-5.83517099717266	Non-Significant
FOSL1	-2.94957547213985	0.00318210841857253	0.028525329037918	45	-1.21260585055484	2.46403095648593	-5.32081277094417	3.1368625361433e-07	3.48977671653231e-06	5.80977402488542	LUSC
FOSL2	-3.37759132194826	0.000731236680038145	0.0193395427209346	81	-0.525254204515245	7.78190176312164	-5.75885995286813	3.74092327774047e-08	4.92779243880666e-07	7.28079206286274	LUSC
FOXA1	3.23270452709952	0.0012262432188196	0.0217004484370714	38	1.30902574120085	5.14605115576304	5.70498095755311	4.88748517023478e-08	6.29472463610648e-07	7.33708278194443	LUAD
FOXA2	3.33423500348259	0.000855343588342544	0.0193395427209346	97	2.77480898510797	2.34263527537187	9.50004267917754	1.62603502212889e-17	9.37060228041344e-16	29.076706458555	LUAD
FOXA3	3.29412642393889	0.000987280827484775	0.0198245990158943	76	2.64467274888477	-0.190761141332249	7.94311595875111	2.32026819726368e-13	7.13408866984651e-12	19.8135724281523	LUAD
FOXB1	0.111612706148737	0.911130496926818	0.999927879915109	8	0.810642617095134	-5.00230676861027	2.49997502841683	0.0133423589339275	0.0446259548252817	-3.69350784525145	LogFC Significant
FOXB2	-0.0105360617876969	0.991593594498767	0.999927879915109	8	-0.42280347672666	-6.52691676668624	-3.64825764227852	0.000348375800005772	0.00193172615877669	-1.2328437959344	LogFC Significant
FOXC1	-1.46034367465152	0.144195644463826	0.412996888314379	12	-0.546636401846563	3.7032293658037	-2.78603354606938	0.00592553941303151	0.0226320681883243	-3.65840909191926	LogFC Significant
FOXC2	-1.89014273368974	0.0587388731405014	0.220051599377102	35	-0.857447003101871	-3.00841194751948	-3.37687427598929	0.000903758924937558	0.00447621925777425	-1.29283771846016	LogFC Significant
FOXD1	-3.45924095624355	0.000541700063136792	0.0193395427209346	209	-2.3180592512368	-5.22916520824769	-9.91831216431533	1.13246182942891e-18	7.91572151817574e-17	31.8353461878992	LUSC
FOXD2	1.04022202084766	0.298236763014791	0.646165902112193	12	0.477224689326469	0.488835806480068	3.54978091313308	0.000495501377452429	0.00263773230390671	-1.02399339917678	LogFC Significant
FOXD3	-2.91915368682412	0.00350983137320541	0.0293655891558186	26	-1.67848650247821	-4.71128030873412	-4.94328593538114	1.79179270763971e-06	1.70329093444711e-05	4.61106537495703	LUSC
FOXD4	-0.00203062538002551	0.998379796473972	0.999927879915109	5	0.656418471825461	-3.16022736158919	2.37954919151497	0.0184120474740007	0.0582876351724523	-3.99779507037134	Non-Significant
FOXD4L1	-0.233737959103797	0.815188416782917	0.970876833274079	7	0.349446528917222	-4.54711044968791	1.38598614661883	0.167518260561715	0.30370362618773	-5.75913402303518	Non-Significant
FOXD4L3	-0.216333245279498	0.828727996577186	0.977505769565311	7	-0.2354904279201	-6.2054543261363	-1.45827859504394	0.146559771306835	0.291310516101699	-6.32243446308443	Non-Significant
FOXD4L4	1.10279686020761	0.270115391932808	0.609428884270875	7	-0.047209829402349	-6.75092824807524	-1.30541451190486	0.193468866613635	0.30370362618773	-6.9462103257084	Non-Significant
FOXD4L5	1.36022529295836	0.173758640953604	0.468898972636703	9	0.147683331203323	-6.55675099601128	1.3090583386206	0.192234370350482	0.30370362618773	-6.83488554959514	Non-Significant
FOXE1	-3.50790313207059	0.000451653474237731	0.0193395427209346	128	-5.83352734713927	0.544618598016681	-11.7297648635482	8.35151762650315e-24	1.17396498879072e-21	43.4631884529662	LUSC
FOXE3	-0.828034378995615	0.40765103041307	0.758281208889268	3	-0.362041745091871	-5.68698601754569	-1.47776803845174	0.141271009017626	0.283020337199643	-5.91800414226728	Non-Significant
FOXF1	0.494157648793987	0.621194846960687	0.893719325400208	39	-0.092822733571547	2.86931440930356	-0.796497727744578	0.426824197802231	0.556002582936099	-7.05242597055803	Non-Significant
FOXF2	-0.064496686553467	0.948574745367748	0.999927879915109	35	-0.277060194891778	2.96114003569234	-2.00346080034534	0.0466740153119608	0.122997500029918	-5.39221185409724	Non-Significant
FOXG1	-0.507195102206849	0.612017931231712	0.893719325400208	13	-0.832964443440042	-4.95503402846327	-2.13308174879048	0.0343145472248022	0.0961101965038135	-4.50501110709614	Non-Significant
FOXH1	0.148563555663316	0.88189803217379	0.999927879915109	8	-0.243467330659443	-3.95374088078055	-0.95182182698993	0.342502775533382	0.472268486770856	-6.26561058883078	Non-Significant
FOXI1	-1.0597058389843	0.2892784455884	0.638319910704953	7	-1.63063386654613	-4.48301773958916	-4.14880298516948	5.21116643408444e-05	0.000357475620335429	1.42335153629058	LogFC Significant
FOXI2	0.826521273397884	0.408508455507123	0.758281208889268	12	-0.709590638458143	-3.82448726521596	-2.24126863818364	0.0262682490004612	0.0776287007828602	-4.26516476370084	Non-Significant
FOXI3	-0.800371796716518	0.423495416468239	0.767831636487575	11	-1.37900932443815	-3.1950580226045	-3.04128179842685	0.00271887927759937	0.0116243396840801	-2.28907471720733	LogFC Significant
FOXJ1	3.12277563076423	0.00179154266107833	0.0221956914311769	125	2.25966055168569	1.18239966661588	5.8079492136577	2.92817823550294e-08	3.93667840665264e-07	8.23465618935867	LUAD
FOXJ2	-1.58275694509709	0.113476873491553	0.350041677184947	16	-0.2560898173223	5.61607366786338	-4.70831140172745	5.06922470361586e-06	4.38396615003733e-05	2.7817776151617	LogFC Significant
FOXJ3	-0.699242159948494	0.484400707030831	0.802762273414172	32	0.0425710289009171	6.55675832729685	0.747493700987996	0.455770868535219	0.583837388386949	-7.52763640535145	Non-Significant
FOXK1	-2.90586830345702	0.00366235556868634	0.0302634155634658	71	-0.684757429415894	5.03958405736592	-7.08027735423576	3.37282544902321e-11	7.35975968263273e-10	14.4817153057759	LUSC
FOXK2	-1.13962317594762	0.254443325617887	0.592717166868581	72	-0.250997425972735	5.37269038302345	-2.80599384360078	0.0055856561341242	0.0215098908764223	-3.79647634238981	LogFC Significant
FOXL1	-2.78819008522902	0.00530034338046781	0.0368272993355687	32	-0.541736103741855	0.967534551442946	-3.21652802072407	0.00154631702184262	0.00713251341311489	-2.13008476358	LUSC
FOXL2	-3.17492950248188	0.00149872908072116	0.0217633093901877	30	-3.49561134109077	-4.60561925775336	-10.6298538840785	1.14129627070442e-20	1.05592730965573e-18	36.2841219397849	LUSC
FOXM1	-2.42578837922386	0.0152751744806619	0.0824530923579817	227	-1.48126723185075	5.01429451315101	-8.62340196552684	3.84072426858212e-15	1.54375272615379e-13	23.4471203541057	LUSC
FOXN1	-3.39993997541234	0.000674006473344407	0.0193395427209346	41	-3.23954885000185	-1.04745274642212	-9.3867247944511	3.3274863105681e-17	1.82263152206209e-15	28.5257019273589	LUSC
FOXN2	-0.791890061670003	0.428424782347833	0.767831636487575	17	-0.139103778638462	5.63752822483067	-1.88887532846863	0.060566102295685	0.151291869884553	-5.92035937477154	Non-Significant
FOXN3	-0.696089636586363	0.486372696234806	0.802762273414172	7	-0.24351170265945	6.94489456578743	-4.0623628218382	7.32795411055768e-05	0.000483833233255272	0.0596791313849749	LogFC Significant
FOXN4	0.459746903216492	0.645697899031054	0.902600240934727	6	0.193609840946985	-4.71361581102938	0.573462345817547	0.56706939297569	0.68038700174391	-6.54917964528169	Non-Significant
FOXO1	-2.21310680502448	0.0268902830648705	0.125224260066855	58	-0.474769230313663	5.69185515516343	-5.60333627751233	8.05816599078989e-08	9.99385412155336e-07	6.78820833491553	LUSC
FOXO3	-1.89995047062842	0.0574396197579885	0.216802173823385	12	-0.320826083889786	6.2324167029756	-5.18496011877339	5.93110396330481e-07	6.23961456019699e-06	4.78381319363411	LogFC Significant
FOXO4	1.64950537543034	0.0990441428451304	0.319230559924594	18	0.15549024563991	4.03659055177967	1.66902425298337	0.0969042139421494	0.212098061450394	-6.11756602359273	Non-Significant
FOXO6	0.840028208490982	0.400892570556563	0.754522602369803	30	0.376194547341406	-0.488111683779347	1.4346325826214	0.15318008367877	0.301277104823923	-5.97758275619412	Non-Significant
FOXP1	2.65856212843108	0.00784748802328028	0.0503871436974661	154	0.382485508625647	5.94736317620778	4.88883425995789	2.28720426232115e-06	2.13318687852775e-05	3.51081618543208	LUAD
FOXP2	0.00468482837168232	0.996262061445369	0.999927879915109	6	0.233206787898193	3.23226226737758	1.12891533922747	0.26048185411849	0.383288405201361	-6.77474692848491	Non-Significant
FOXP3	0.210664108720107	0.833149383147452	0.980060902964313	95	-0.193960222608687	1.7652220754635	-1.20186457638358	0.231043167810775	0.349353179594738	-6.52392964856503	Non-Significant
FOXP4	0.963583964399017	0.335254549538679	0.683442777130627	150	0.545860472340931	4.86792927888723	3.85925484069086	0.000159879720933321	0.00096933628969534	-0.431284165405691	LogFC Significant
FOXQ1	-0.00767442143848936	0.9938767577277	0.999927879915109	5	-0.0524595960385123	3.34813135824142	-0.193147815267842	0.847067645890219	0.895638012172473	-7.40552707349295	Non-Significant
FOXS1	0.100853518795564	0.919666741524718	0.999927879915109	47	-0.0746614167992084	-0.643935471598022	-0.325742974844772	0.745008783651041	0.821107146737425	-6.92988418020104	Non-Significant
GABPA	1.64138153651127	0.100718240112299	0.322041761378178	42	0.111009502584501	5.63616696680931	2.2751092723228	0.0241148577070181	0.0725413010924167	-5.13284897410224	Non-Significant
GABPB1	-2.58917103649626	0.0096207296226499	0.0573247035082522	64	-0.274993187192782	4.89839214955325	-4.50778739575853	1.1970759263129e-05	9.56870964284611e-05	2.03754144635872	LUSC
GABPB2	-2.29529106063543	0.0217164495770933	0.105841336773795	11	-0.260264440238456	4.25677448629462	-3.58085070490514	0.000443722926391575	0.00238939333195006	-1.32462481351961	LUSC
GATA1	0.146999732878826	0.88313223116192	0.999927879915109	18	-0.166171615563665	-2.51382256893691	-0.748388001218812	0.455232814523245	0.583347643254618	-6.53670540159177	Non-Significant
GATA2	0.520220041813767	0.602910218019846	0.888541345426718	39	0.24057218352868	2.8879080195684	1.72366904564715	0.0865372940525006	0.194489094509026	-5.8960785596206	Non-Significant
GATA3	0.164979486987619	0.868960127812871	0.998034279285308	71	-0.567972418164187	1.68357440401334	-3.12478496597588	0.002083987675306	0.00922391380753815	-2.48166475847894	LogFC Significant
GATA4	-0.503197534668142	0.614825397947731	0.893719325400208	5	-1.53231520522198	-4.02134354065034	-3.70473918858028	0.000283719480857289	0.00161095174100692	-0.166938577539593	LogFC Significant
GATA5	2.6109034922324	0.00903033734829871	0.0556224459981098	55	1.13345922063784	-2.21405968946089	3.94417550755764	0.000115795770363285	0.000728263943975543	0.566052850108642	LUAD
GATA6	1.72368617470996	0.0847645121779749	0.287998545606385	44	0.386006447743651	3.16224957228563	2.94118369538883	0.00371299210766088	0.0151953769012733	-3.1731063548376	LogFC Significant
GATAD2A	-0.919506992026876	0.35783045011354	0.711409449334642	36	-0.231946055984987	5.30666407960411	-2.64446152581102	0.00892758831674134	0.0319561943644978	-4.21232633534612	LogFC Significant
GATAD2B	0.458023730444639	0.6469353924644	0.902600240934727	22	-0.0478139382368419	5.8159116240991	-0.806327639023558	0.421150573170979	0.550761174639008	-7.38897623140288	Non-Significant
GBX1	-0.738037067302881	0.460491924526064	0.785521935733503	10	0.420258696134215	-5.60040398236449	1.60430723316951	0.110453199573644	0.234945345537975	-5.67893186848088	Non-Significant
GBX2	-2.86478460075474	0.00417292984999936	0.0323440857858591	5	-1.57876220460118	-4.42741097604783	-4.87562236660943	2.4260872100626e-06	2.25363040838346e-05	4.32755533207194	LUSC
GCM1	0.727275429184166	0.46705724687519	0.790101896988526	12	0.612202027584412	-2.73839735727488	1.95739461313749	0.0518948285150907	0.13384967529114	-4.91374349796628	Non-Significant
GCM2	-0.243502750133511	0.80761595491755	0.969911984135431	6	-0.587532098772554	-6.41733153269435	-3.3963256498184	0.000845627636047067	0.00422075604589417	-1.97332951690853	LogFC Significant
GFI1	-0.223262373089304	0.823331310082597	0.97625865389392	63	-0.182181567745768	2.35610894391467	-1.2518132726656	0.212311901832806	0.326958915251769	-6.53006429205569	Non-Significant
GFI1B	0.0203802181861832	0.983740064174224	0.999927879915109	14	-0.370874459433753	-4.1598949909801	-1.28679478878189	0.199868830786611	0.311778465510177	-5.88982456505784	Non-Significant
GLI1	-1.93536937614378	0.0529449844821724	0.205238472664483	73	-1.2311696785431	1.81481716003577	-5.18417325406255	5.95283606968634e-07	6.25859537690204e-06	5.25440341053291	LogFC Significant
GLI2	-3.09845812954097	0.00194530456033251	0.0228431085213315	54	-1.33342441513812	2.49494637910193	-7.23155715074589	1.43772814786069e-11	3.32546520600178e-10	15.5652075699776	LUSC
GLI3	-2.44371594328693	0.0145368670614786	0.0797584788070619	42	-0.95274594550942	4.18565298848646	-6.67172007254982	3.2159804238136e-10	6.05432407865996e-09	12.3537752200442	LUSC
GLI4	-0.319251311256502	0.749535950269643	0.952574802621167	39	-0.406594711383865	1.55417147959364	-2.5496529212247	0.0116427707161123	0.0398636812447914	-4.02720233177609	LogFC Significant
GLIS1	-1.99215163571465	0.0463544229219804	0.186159362454673	28	-1.4328982426691	-3.81171601765656	-4.85071343960125	2.71046396926061e-06	2.49547077148173e-05	4.21134549287701	LUSC
GLIS2	0.697477812604208	0.485503819929556	0.802762273414172	157	0.315176913916758	3.25521862692357	1.71846494019358	0.087483970028076	0.195972411465428	-5.94630877819838	Non-Significant
GLIS3	1.99047960825473	0.046538128114203	0.186524074357923	13	0.675424850466046	4.41431892801043	4.94839851159137	1.75102433447796e-06	1.66733952627705e-05	3.94273668626201	LUAD
GMEB1	-0.113102033460278	0.909949662870623	0.999927879915109	27	0.0225058048469299	4.25406793904662	0.480089386764821	0.631764585396491	0.734173122601759	-7.41279108125559	Non-Significant
GMEB2	-1.32725645341316	0.184423863543832	0.482191559890644	71	-0.42686537035657	3.57387355107303	-4.28455753901373	3.01897705929075e-05	0.000220501889822117	1.29704533022442	LogFC Significant
GON4L	0.635044234912992	0.525399565388439	0.840639304621502	38	0.158771895382489	6.33514962027331	2.74978010322253	0.00659129971430043	0.0247312252810715	-4.06376369359658	LogFC Significant
GPATCH3	0.55277811953994	0.580415352986915	0.876296262253929	113	0.0693981503373681	3.14983129322234	0.974755457454744	0.331029776246828	0.460365706315827	-6.92684696509141	Non-Significant
GPBP1	1.70242066948755	0.0886765380722029	0.29776335861034	79	0.234136042176089	6.99105258897595	4.03291689946316	8.2204102133381e-05	0.00053674649396983	-0.0556079007315367	LogFC Significant
GPBP1L1	1.67825865145408	0.0932966162966544	0.308011751532112	69	0.21076574909215	7.56914151913349	3.46167853969356	0.000674931268259208	0.00346344226147242	-2.11962662365755	LogFC Significant
GPS2	0.0765263389646748	0.939000359948629	0.999927879915109	27	0.00980790063666779	0.694800709269493	0.100626383410556	0.919962476592655	0.945664112960707	-7.11775149969613	Non-Significant
GRHL1	-3.00234609206173	0.00267907404274151	0.0262939152328268	40	-0.984639888969878	5.20594960729139	-5.30532624575292	3.3749774072907e-07	3.73833479206344e-06	5.45019002177814	LUSC
GRHL2	-2.05016753876531	0.0403480845096519	0.169495719027994	43	-0.595838809805735	5.84751825353221	-4.45613846349426	1.48720388041633e-05	0.000116660793369609	1.71951532014131	LUSC
GRHL3	-3.54802383091428	0.000388133102042183	0.0193395427209346	76	-2.60126366687462	2.14832108963502	-12.083198791643	8.05591986846717e-25	1.31755632029638e-22	45.7365906885537	LUSC
GSC	-0.0690304650189104	0.944965369753502	0.999927879915109	8	-0.815855659764868	-4.14113131597494	-2.49356823353051	0.0135769324853936	0.0453122441432242	-3.68028632697035	LogFC Significant
GSC2	0.00345519040989541	0.997243162402656	0.999927879915109	3	-0.292617764024787	-6.61094976820232	-3.25340448249873	0.00136903045406046	0.00641182546574511	-2.56859695167932	LogFC Significant
GSX1	-1.23371504148349	0.217309107000369	0.532792047444129	9	-0.0503881179326901	-6.66669059143703	-0.558775702120993	0.57703056111395	0.688798168684333	-7.59936489473711	Non-Significant
GTF2H2	1.51334259066323	0.130192659448944	0.387299052108858	15	0.253924780609784	1.12764827979873	1.75852548057555	0.0804096724673861	0.184536444918388	-5.63882295016394	Non-Significant
GZF1	-0.135612964491577	0.892127255959633	0.999927879915109	4	-0.0570234301407252	5.09846446961922	-1.11236343841783	0.267510746767183	0.391198912194772	-7.00902013883361	Non-Significant
HAND1	0.506834678200889	0.612270822019477	0.893719325400208	7	0.00320500555899582	-5.52270029327698	0.0108902349370547	0.991323451530272	0.994313073434834	-6.91024623605804	Non-Significant
HAND2	-0.0280296437551956	0.977638508133004	0.999927879915109	7	-1.14080103879112	-4.92590569799557	-3.70182062911337	0.000286761764938461	0.00162677359762079	-0.191202753008705	LogFC Significant
HBP1	1.50669137627166	0.131889783044015	0.390611628838322	75	0.194797408702935	6.46286839666319	3.51478399787623	0.00056061087013624	0.00293852953623329	-1.80369287376625	LogFC Significant
HCFC1	-0.826367328407107	0.408595751005074	0.758281208889268	78	-0.229802585773732	5.57458681526448	-2.47341360573367	0.0143390024207797	0.0473863149229639	-4.66769482688138	LogFC Significant
HCFC2	0.823987167214987	0.409946849606107	0.759384939122752	29	0.0315420683712421	4.65582719283001	0.519126195789358	0.604329968055844	0.711537396850683	-7.44011009335381	Non-Significant
HDAC1	-2.67818331643487	0.00740226932932531	0.0485743686708667	24	-0.354789588473913	7.12946745979222	-5.54404143360252	1.07586263867587e-07	1.30690728650418e-06	6.33368052856261	LUSC
HDAC10	-0.465832716843377	0.641335244723428	0.901148159932525	248	-0.24539558132697	0.526313033827668	-1.78701741018475	0.0756690725326491	0.177501338085122	-5.52349491556208	Non-Significant
HDAC2	-3.15810038002523	0.00158800866790963	0.0221956914311769	96	-0.581475743272175	7.03468072095667	-8.21753766668784	4.51124369727546e-14	1.52733963259853e-12	20.7907600619096	LUSC
HDAC3	0.413007846953737	0.679600864611143	0.919649350068973	15	-0.150350465831901	6.01034019672227	-2.80100639439591	0.00566887782277457	0.0217875012756576	-3.88687790601838	LogFC Significant
HDAC4	-0.907164930384591	0.364319586024805	0.715941082695399	14	-0.284999136973501	3.86483694330567	-3.24128199823169	0.00142510973715588	0.00664085476968078	-2.36950713936997	LogFC Significant
HDAC5	0.763228874532752	0.445326911397035	0.775447482761567	45	0.0831093241826627	5.01177046770747	0.872697586199004	0.384026201989264	0.514319181850919	-7.23601873158207	Non-Significant
HDAC6	0.781091744687053	0.434748536927675	0.767831636487575	63	0.111888585501218	5.90626675445286	1.30535509596334	0.193489044753828	0.303716562753509	-6.87478015062732	Non-Significant
HDAC7	0.566047349178909	0.57136159338551	0.869519348422143	62	0.0498990630106297	6.14097513732911	0.515877108170252	0.606592724026935	0.713310317168549	-7.62160377512558	Non-Significant
HDAC8	1.45305484581131	0.146208526700992	0.416380831931405	27	0.201812573638972	4.42075690483109	3.66645609446208	0.000326161289465135	0.00182385092040911	-1.05369657100813	LogFC Significant
HDAC9	0.981448711538226	0.3263715147869	0.672282374542719	11	-0.146104131970436	4.18101416226372	-0.897852050099558	0.37050053371982	0.500871128792189	-7.11654727929468	Non-Significant
HDGF	-0.786421267818299	0.43162072772051	0.767831636487575	27	-0.0945077149012888	8.57582367342567	-1.3178333505926	0.189285461289173	0.30370362618773	-7.21051868917771	Non-Significant
HDGFL1	-0.648401495513807	0.516725303310999	0.832801190572535	7	-1.01111050007045	-6.25500751266814	-4.51552455903828	1.15860750642206e-05	9.29479766227228e-05	2.23665766351915	LogFC Significant
HDGFL2	-1.5432530936104	0.12276937969674	0.370708142001584	76	-0.357272755585525	3.85777472122342	-3.45446447712127	0.000692049669650607	0.00354068364064356	-1.69648142619718	LogFC Significant
HDGFL3	-3.4684949492673	0.000523382364892844	0.0193395427209346	67	-1.2975577465972	5.11592005218956	-11.8693013967471	3.31981686073578e-24	4.96859414045297e-22	44.1521317036312	LUSC
HDX	2.29935528453412	0.0214847728939081	0.104966968299191	15	0.573776725883816	2.40181349604195	5.06427037198562	1.03481368391822e-06	1.03371670828155e-05	4.66131592477146	LUAD
HEATR1	-0.886400086320332	0.375401972719025	0.726211137976687	35	-0.21373337637145	6.31364446108432	-2.84658937988007	0.00494853535158611	0.0193969473040218	-3.80080293165794	LogFC Significant
HELT	0.126693604822714	0.899182907661897	0.999927879915109	3	-0.0315150298571913	-6.23450312130449	-0.179066583395128	0.858092989870126	0.902876636254316	-7.39083539171202	Non-Significant
HES1	-0.262008977991526	0.793314520487163	0.967654585810038	4	-0.462004475292724	5.29826882944506	-3.97025164742992	0.000104766345234918	0.000666631239485019	-0.0800927174659316	LogFC Significant
HES2	-3.59185421991858	0.000328333511155272	0.0193395427209346	64	-3.07426620722206	1.98080816705073	-12.3900359003921	1.05315926415635e-25	1.94170515637175e-23	47.7577177032757	LUSC
HES4	-0.274827457095677	0.783448802339784	0.964747642801787	47	-0.30239695898127	-0.778046490515421	-1.40210179157641	0.162659749216388	0.30370362618773	-5.99536114422446	Non-Significant
HES5	-0.0492013380482553	0.960758844951535	0.999927879915109	7	-0.0894673388263804	-5.08106760687763	-0.363386503813813	0.716755660249263	0.799632301312023	-6.68579733696827	Non-Significant
HES6	1.26703823516576	0.205141618634446	0.514905462772459	36	0.864848610184194	1.3559090592283	3.71782646681425	0.000270448592508572	0.00154213884786992	-0.545957468472798	LogFC Significant
HES7	-0.00140720028363444	0.998877216990289	0.999927879915109	2	0.060889044723997	-4.05734272610747	0.228506311242176	0.819519990299573	0.875836817456716	-6.68360730796136	Non-Significant
HESX1	-0.249506276242593	0.802969186654463	0.969550286712064	4	0.158372967646097	-0.00193760786540635	1.41944543990532	0.157551602130084	0.30370362618773	-6.0476442708265	Non-Significant
HEXIM1	-0.511198042224501	0.609212389436243	0.892918597071516	10	-0.0917858119189214	5.21940291151825	-1.23701830096344	0.217741054125827	0.333327735834553	-6.87768404322366	Non-Significant
HEXIM2	0.140284830120332	0.888434949608389	0.999927879915109	21	-0.0155169285720208	0.284758923190893	-0.153171352077294	0.878439980865924	0.917550277446136	-7.06624592415912	Non-Significant
HEY1	-3.39057529400804	0.000697460929560222	0.0193395427209346	73	-1.62809003436385	4.1507773943528	-8.84320875610324	9.92693181849929e-16	4.40402661304407e-14	24.866631839207	LUSC
HEY2	-0.172425005976902	0.863103414648536	0.997652743542806	15	-0.405775111618971	1.32564838309813	-2.68866285236647	0.007868680071466	0.0286802989840712	-3.6518564549541	LogFC Significant
HEYL	0.451983137081298	0.651281130598113	0.902600240934727	43	0.271480132542039	4.46420348831676	2.24951674635725	0.025728499387824	0.0763794655999541	-5.05112152479203	Non-Significant
HHEX	1.01687095359079	0.309214822783001	0.654455415327584	24	0.0896213774717547	3.40726174931335	0.747057213290838	0.456033611519603	0.584100439371404	-7.15173463868305	Non-Significant
HIC1	-0.140196588475719	0.888504667287507	0.999927879915109	56	-0.105596618662552	0.422168476059488	-0.544917658469193	0.586505322562424	0.696692418971743	-6.94465905164552	Non-Significant
HIC2	-1.52522743277526	0.12720238046306	0.381227432790784	60	-0.696940116876848	2.27778685046983	-5.73456864581122	4.22095360272536e-08	5.49750307213419e-07	7.77552080042576	LogFC Significant
HIF1A	-3.22627206042079	0.00125414082676333	0.0217004484370714	35	-0.558136002841158	8.65750863389167	-6.69422503318506	2.84571606633758e-10	5.39519775527773e-09	11.9480266598232	LUSC
HIF1AN	-0.52394704544937	0.600315371918428	0.887653362895584	20	-0.128976364663187	6.02898855852838	-2.36988278174484	0.0188846454668384	0.0594655983431646	-4.96653199649672	Non-Significant
HIF3A	1.22725597220097	0.219726397980008	0.537406342440751	14	0.675909021357554	2.20478053488018	2.52969987681444	0.0123006451843147	0.0417649049742467	-4.14795024598027	LogFC Significant
HINFP	0.184504687155665	0.853617550462852	0.994553520833191	21	0.0263148865513557	4.54392654411452	0.414934314518459	0.678699259227794	0.770005585148166	-7.47574893762057	Non-Significant
HIPK2	1.04621924379334	0.295459820089281	0.642862917378187	17	0.224474448969776	6.58511840188036	2.13883974702898	0.0338381004887014	0.0950058255058518	-5.54423102084059	Non-Significant
HIVEP1	-1.48600099775015	0.13727885708726	0.400081197432828	9	-0.187821183543164	5.72874266883109	-2.44397067852637	0.0155206881697083	0.0505689421311164	-4.75655670692846	Non-Significant
HIVEP2	-0.530764587177578	0.595581922847302	0.884975545076464	6	-0.190731317558267	6.14845674840414	-2.54346074822919	0.0118434828176018	0.0404474809836567	-4.56755555671468	LogFC Significant
HIVEP3	0.170573869197835	0.8645588461275	0.997652743542806	13	-0.243321345163447	3.91826930314535	-2.15616052217005	0.0324391297942088	0.0918347383382344	-5.18941503675324	Non-Significant
HLF	2.40187610997714	0.0163112315888984	0.0873195688603152	44	0.403269745317385	3.85585984656409	1.86734879861563	0.0635286064070383	0.156851851801482	-5.75157213593255	VIPER Significant
HMGA1	-2.22093390141809	0.0263554386414227	0.123938456187299	104	-0.867399315161313	6.51870964271276	-5.77132804080333	3.51570851167023e-08	4.65643787935583e-07	7.49985725007934	LUSC
HMGA2	-3.3379428270219	0.000844011139824409	0.0193395427209346	27	-3.71909441630427	1.8976619284586	-8.31024456043762	2.58069597024358e-14	9.08169399320987e-13	21.835484918573	LUSC
HMGB1	-2.14756721775677	0.0317481520073719	0.141982826794661	60	-0.316403602661005	7.63973584791694	-5.77210738139146	3.50208021574719e-08	4.64201234327979e-07	7.36366906869219	LUSC
HMGB1P1	0.067922538306875	0.94584729720806	0.999927879915109	3	0.490650160776985	-1.7375758834032	2.33190704282721	0.0208464740873187	0.0644780987361597	-4.2170277228215	Non-Significant
HMGB2	-2.25549151259984	0.0241024944253095	0.115507896911746	79	-0.576507153606557	6.62921723855167	-5.68729612845111	5.33390144985284e-08	6.81790779143963e-07	7.07966310465852	LUSC
HMGB3	1.83836857470083	0.0660081125256335	0.240552250365648	29	1.0365989288847	7.10299716716832	5.69246603203228	5.19943063856735e-08	6.66108326974164e-07	7.04609764697134	LogFC Significant
HMGB4	0.0867179038586424	0.930895744807005	0.999927879915109	5	0.226916471167878	-6.42692013954678	1.29045064235945	0.198600091616752	0.310170163342031	-6.75271653884254	Non-Significant
HMX1	-1.46435318272527	0.143097472984201	0.41166149821243	14	-1.02387871830738	-6.23857861178094	-4.969939967961	1.58890809933725e-06	1.52807008097104e-05	4.1623719241575	LogFC Significant
HMX2	-2.07748310113205	0.0377569933441978	0.159612721337156	6	-0.872189475530697	-6.0224115365053	-4.18439399713307	4.52186272671617e-05	0.000315118469887262	1.11579231946084	LUSC
HMX3	-0.0769010272874486	0.938702280311926	0.999927879915109	6	-0.157956247236261	-6.61563201708299	-1.37489101806709	0.17092657280564	0.30370362618773	-6.78499004757193	Non-Significant
HNF1A	2.22348591358263	0.0261830522031756	0.123660069101875	34	1.15739402630182	-1.2659564594573	4.2053006370849	4.15856904058826e-05	0.000292404234074028	1.462402848527	LUAD
HNF4A	2.45250215354446	0.0141866530226605	0.0782604375535777	26	0.835681114891109	-2.51526225032732	2.07920348969062	0.0390598098881588	0.106590737704127	-4.69267778447252	VIPER Significant
HNF4G	3.33385270699632	0.000856520014243121	0.0193395427209346	60	1.69099240345182	2.36150410484778	6.33617890974076	1.93782111412763e-09	3.18913212204071e-08	10.7719523160198	LUAD
HNRNPK	-1.59904517380686	0.109810565487163	0.341330674145857	40	-0.104762007179599	8.93961802401506	-3.26458293493636	0.00131914422944659	0.00620846959485932	-2.93283832015849	LogFC Significant
HNRNPU	0.0755384612106973	0.939786297315467	0.999927879915109	124	0.00456360161598753	8.95860759886084	0.0945994062958546	0.924741470094003	0.949074005352586	-8.12861542451464	Non-Significant
HOMEZ	-3.15385877059999	0.00161127040630765	0.0221956914311769	18	-0.260089311167503	4.52404152101659	-3.00744389271499	0.00302357101776115	0.0127397064510884	-3.13743621544328	LUSC
HOPX	3.40525039460003	0.000661034123802392	0.0193395427209346	147	2.38678222939224	6.74194069363924	13.8589988523624	6.10075791752034e-30	1.91927140624756e-27	57.1691518675173	LUAD
HOXA1	-3.53869993835207	0.000402102642230694	0.0193395427209346	45	-2.0373089027145	0.686760625170908	-9.70449721857254	4.43877213264623e-18	2.79198218469513e-16	30.4535542739678	LUSC
HOXA10	-3.19795325689684	0.00138406713046548	0.0217633093901877	31	-2.64324276007586	0.26854011206168	-7.70510981381117	9.41315089317514e-13	2.62320698986917e-11	18.4141224848841	LUSC
HOXA11	-3.28426147845952	0.0010225000817193	0.0202204683451046	33	-2.65160992788501	-2.70501145481808	-6.95453706745985	6.80295712754965e-11	1.4181699155776e-09	14.3747521321556	LUSC
HOXA13	-3.6249843847995	0.000288978911972159	0.0193395427209346	93	-4.87621189144115	-2.46782794524833	-10.8472186116284	2.76497501776913e-21	2.73732526759144e-19	37.7238977542369	LUSC
HOXA2	-0.321781839731877	0.747617972981738	0.952456755876521	6	-0.189525582797692	0.041100812839222	-1.24130078513734	0.216159305024804	0.331499424233513	-6.28629577171593	Non-Significant
HOXA3	-1.2482269655173	0.211947951508868	0.523482763382295	21	-0.541291880103366	1.74711421893764	-3.29849106643983	0.00117798014744831	0.00563212419271397	-1.96160221888157	LogFC Significant
HOXA4	-1.14356159783145	0.252805495346883	0.59063665106908	27	-0.722989053001499	-1.71281989704759	-4.80123411779128	3.37409055509746e-06	3.03614450904844e-05	3.8853143027717	LogFC Significant
HOXA5	0.805442044795337	0.420564637485306	0.767831636487575	26	0.0799198278725121	2.57726985567622	0.74035937870133	0.460076120809695	0.587371004152795	-7.06227703267139	Non-Significant
HOXA6	-0.377509908073206	0.705794702590413	0.933229481766354	55	-0.518304773625442	-2.64044191277893	-2.00396397053137	0.0466195460637152	0.122890707677073	-4.83181467207555	Non-Significant
HOXA7	-3.42744638321303	0.000609286609814918	0.0193395427209346	44	-1.24590726719962	-2.52186094823425	-5.69844561274438	5.04802982053169e-08	6.4834438527909e-07	7.9695807890775	LUSC
HOXA9	-3.08373936317277	0.00204416594563703	0.0233220751070407	22	-1.61474451243148	-1.50514518737718	-7.5413726810481	2.43880373668785e-12	6.38708013098805e-11	17.5718274485679	LUSC
HOXB1	-1.31773229519692	0.187593279512873	0.486676104989468	3	-1.01127846143411	-5.49114962213047	-3.78033462352925	0.000214766062317341	0.00125905366901846	-0.0586614236456953	LogFC Significant
HOXB13	-1.83293120058797	0.0668128031088729	0.242604174760609	26	-2.01961869255132	-3.05204842969606	-3.66600382873511	0.000326696779162803	0.00182564158845578	-0.347129118310702	LogFC Significant
HOXB2	-0.29804723280711	0.765667114291638	0.955453869928816	43	0.213806096661359	2.54230351478942	1.30894492564543	0.192272705384176	0.30370362618773	-6.47858516437329	Non-Significant
HOXB3	0.220043413637895	0.825837343997483	0.977184081760133	15	-0.118394936166617	3.90781884337356	-0.76866618583834	0.443129706113243	0.571659227412308	-7.19260211185265	Non-Significant
HOXB4	-0.708323414722765	0.478744439763093	0.798437570634792	89	-0.0845477693454132	2.11297417739012	-0.582615106644341	0.560903888466516	0.675314214326444	-7.11362177986843	Non-Significant
HOXB5	0.202950231539494	0.839173932072105	0.985992542774013	22	0.382527257507367	1.14386294631585	2.59477507680685	0.0102697804523441	0.0359117680111313	-3.87055195515632	LogFC Significant
HOXB6	0.285508763570398	0.775254391336968	0.960339801236663	14	0.458657706575458	0.249472373399139	1.98781290236751	0.0483950943993322	0.126574464103846	-5.12326085196817	Non-Significant
HOXB7	-1.03463458579922	0.300839595682936	0.648857044179738	19	-0.655806473870332	2.85496326444954	-3.16772968508796	0.00181377203898943	0.0081938568870753	-2.48134302973083	LogFC Significant
HOXB8	-0.554311815681971	0.579365465330033	0.876296262253929	12	-0.037438393720099	-2.02718789214541	-0.1028411900148	0.91820700470477	0.944377621679328	-6.8508311436783	Non-Significant
HOXB9	-2.04793186816507	0.0405666757441878	0.169703926863186	10	-0.809549419639417	-1.2226330086774	-1.48200500662509	0.140141060640039	0.281277087986787	-5.84102293935292	VIPER Significant
HOXC10	-0.300675956626205	0.763661604694605	0.955453869928816	19	-1.46627001387447	-0.980450725870436	-2.51700126429249	0.0127364384985497	0.0429550907633353	-3.84998361391544	LogFC Significant
HOXC11	-1.77519589265584	0.0758655476960175	0.265607209171668	16	-1.66954827605907	-1.7952177684083	-2.9695454795057	0.00340192262135707	0.0140911871803318	-2.59666076911381	LogFC Significant
HOXC13	-3.18920765516987	0.00142663356801557	0.0217633093901877	32	-3.32858542049368	-1.17594440355592	-6.58279753521248	5.20279117056728e-10	9.42168083649418e-09	12.3294304204011	LUSC
HOXC4	-1.59934277749335	0.109744459411589	0.341330674145857	14	-0.616586889513313	0.435283122113003	-3.1598698178075	0.00186066237684373	0.00837594353397649	-2.24545901481725	LogFC Significant
HOXC5	-1.37290391998912	0.169782217797972	0.463210181166207	18	-0.909354463589506	-2.34416169772293	-3.18187190495181	0.0017321502606339	0.00787194325557995	-1.93825135250266	LogFC Significant
HOXC6	-2.03462429741938	0.041888690642612	0.174145943706759	19	-1.25642454080877	0.406563537276005	-4.40806961334247	1.81713885303622e-05	0.00013982599073885	2.10734488861293	LUSC
HOXC8	-3.1177497571365	0.00182237465073641	0.0221956914311769	45	-1.81566279106858	-0.285404526284659	-5.31983465028714	3.1514049679577e-07	3.50442292831066e-06	6.05936492121557	LUSC
HOXC9	-0.688548997853517	0.491107125983819	0.806991087541333	11	-0.833559285344829	-1.11994263122494	-2.39424540822896	0.0177135365103057	0.0564698044645669	-4.12798033283355	Non-Significant
HOXD1	3.15944204076136	0.00158071537590806	0.0221956914311769	59	2.03730829546035	1.84819425184831	7.51839620461208	2.78520273250902e-12	7.22364048147063e-11	17.2330787625203	LUAD
HOXD10	-3.42930991794251	0.000605118126787763	0.0193395427209346	49	-3.93998341708909	-0.641105345815871	-10.5085808717503	2.51104742448862e-20	2.17946887449996e-18	35.5828410756011	LUSC
HOXD11	-3.53827240386558	0.00040275432427298	0.0193395427209346	83	-5.13137411102001	-3.76355500148021	-16.1457649936987	1.78799747631329e-36	1.5962112206961e-33	71.6490131972518	LUSC
HOXD13	-3.36811492035098	0.000756840417317063	0.0193395427209346	39	-5.3935043299461	-3.16504157236012	-11.209240598303	2.57898981230544e-22	2.93589430847818e-20	40.0130199168489	LUSC
HOXD3	0.0994182450309025	0.920806197088547	0.999927879915109	6	0.120458890337936	-0.399402301368838	0.57569869908488	0.565559915245277	0.679105868620891	-6.84169071751263	Non-Significant
HOXD4	0.0959141317898103	0.923588770782608	0.999927879915109	6	-0.0911169871242643	-3.93694469967151	-0.303038600253724	0.762221108238024	0.834154661170115	-6.66865775419403	Non-Significant
HOXD8	-1.14318470242365	0.252961912310463	0.59063665106908	8	-0.470228826570913	0.854019336207113	-1.96545207011094	0.0509476065962897	0.131887872475902	-5.23109959995504	Non-Significant
HOXD9	-1.35025967151876	0.176932703509268	0.473077055454875	11	-1.54134049443952	-0.193199774606373	-5.86254946115647	2.22644539919128e-08	3.05377090520883e-07	8.61627876375883	LogFC Significant
HR	-3.45900730286062	0.000542170204220203	0.0193395427209346	138	-3.582580182283	1.30461247632134	-13.8171128012537	8.05507080042318e-30	2.48418383485051e-27	57.1483227391548	LUSC
HSF1	-0.355507806510251	0.722209197650263	0.940838716236217	109	-0.150290469464952	4.8728872462477	-1.17157296656691	0.242964404985574	0.363002046803955	-6.9149394804697	Non-Significant
HSF2	-1.85574433042206	0.063490008871013	0.23349439159889	31	-0.32845617116119	4.51880149732391	-5.08183254662861	9.54831079741449e-07	9.61938909596582e-06	4.51784114406669	LogFC Significant
HSF4	1.13066802908842	0.258194842563976	0.597493442674585	72	0.458437105217889	4.08523455839688	3.0960344967674	0.00228521005600505	0.00997413072308444	-2.83042121755923	LogFC Significant
HSF5	0.600531069109228	0.54815236131321	0.852878655661668	98	0.139404963381501	-2.30934592728178	0.663731218465807	0.507737590753205	0.627348850113335	-6.61311891418164	Non-Significant
HSFY2	-0.779534840905453	0.435664722160084	0.767831636487575	17	-0.047209829402349	-6.75092824807524	-1.30541451190486	0.193468866613635	0.30370362618773	-6.9462103257084	Non-Significant
ICE2	-2.68559250884629	0.00724013289796067	0.0479808147165182	39	-0.219093420242853	5.94199439860937	-3.71830968089913	0.000269970014499057	0.00154010024190572	-1.05241611749913	LUSC
ID1	-0.589703817900811	0.555389235152887	0.85714866390778	13	-0.672039243202524	3.03882623417413	-3.28019579948974	0.00125229556029995	0.00593833863399712	-2.15868091316202	LogFC Significant
ID2	0.791392561641768	0.42871494924755	0.767831636487575	52	0.106390675850868	5.69731746143527	1.0570049533426	0.29196922365402	0.418322612762092	-7.14117586547716	Non-Significant
ID3	0.0626039925162257	0.95008185008812	0.999927879915109	50	-0.229812344658275	4.24467171633989	-1.55213439067494	0.12244033399781	0.253821111777439	-6.32746060588791	Non-Significant
ID4	1.29301150250369	0.196007080852217	0.502018135652106	73	0.431747048346077	4.02449859757137	2.37519503557392	0.0186236176418828	0.0587999454586114	-4.71814515650569	Non-Significant
IGF2	0.105848281205405	0.91570272906342	0.999927879915109	34	-0.370411360954716	3.22346830015069	-1.14366079064573	0.254329522940562	0.375909495304794	-6.75708178779435	Non-Significant
IKBKB	2.12774385357458	0.0333583268140148	0.146621359282581	19	0.24621378889667	6.38613878899744	2.7261013997668	0.00706203152213132	0.02619804155684	-4.13254386666419	LUAD
IKZF1	0.617323777414407	0.537021186497981	0.84982523528182	166	0.23974510677405	5.26594573114347	1.93569175959247	0.0545203678846583	0.139042922877699	-5.7876329897693	Non-Significant
IKZF2	1.60404258659056	0.108704665788113	0.339469625042817	32	0.200903216353389	5.27634132020493	1.85851837064153	0.0647783090814202	0.159172776856302	-5.93281605715821	Non-Significant
IKZF3	0.341872994098036	0.732446474010408	0.944000333641141	77	0.231179871290057	3.24304948816598	1.51109447330541	0.132571653011117	0.269356803159262	-6.27553253460129	Non-Significant
IKZF4	3.38760845867375	0.000705048350523808	0.0193395427209346	49	0.594458392904675	4.15301754405229	7.49176172322987	3.2479867521489e-12	8.34732595302268e-11	16.8753189780465	LUAD
IKZF5	1.97855607017047	0.0478660098101795	0.1899504895234	30	0.217234305036096	5.1066523604825	3.94373056614846	0.00011599322272699	0.000729415611923578	-0.154540344519035	LUAD
IL4	0.618448849903255	0.536279505214694	0.84982523528182	10	0.817852437200129	-4.21710194243081	3.6957167335425	0.000293224350205543	0.0016576170633989	-0.193108251190276	LogFC Significant
ILF2	-0.47504431690299	0.634755386088578	0.898787015199749	153	-0.0884111477871596	8.02763171471343	-1.22293418000368	0.223002224914139	0.339681598102814	-7.25447720658523	Non-Significant
ING1	-0.0192727113746757	0.984623553053151	0.999927879915109	11	0.0611118929244973	4.05292114393096	0.696517544026288	0.487030763606692	0.610900797342547	-7.26212424566553	Non-Significant
ING2	0.404059759112843	0.686168775432269	0.91977763756208	14	-0.0178921834681082	3.58481907368461	-0.22043773034381	0.825787742311725	0.880330485909336	-7.42690765405157	Non-Significant
ING3	1.74311507543039	0.0813135157856317	0.277682890642089	37	0.123908663767908	4.25557226333647	2.21525902582716	0.0280354370737596	0.0818621249173885	-5.10175128915091	Non-Significant
ING4	0.346909236926784	0.728659507031648	0.943966638786806	8	-0.0588409378242977	4.90139342673327	-0.861051135490045	0.390390481068959	0.52050018392483	-7.23301804342737	Non-Significant
ING5	-0.0474559924414843	0.962149803735901	0.999927879915109	6	0.127407649211986	4.12221824768158	1.655092830596	0.0997015902135151	0.216831144525384	-6.15023046229365	Non-Significant
INO80	0.0256382977553243	0.979545838909714	0.999927879915109	17	0.0130538002362453	5.65512714304944	0.277766750901647	0.781519963042287	0.847796214704737	-7.65620371157893	Non-Significant
INSM1	0.248571150059897	0.803692527069212	0.969840501415251	8	-0.319714593583329	-2.90014061744198	-0.858722275898396	0.39167081541044	0.521797075949724	-6.41752467437176	Non-Significant
INSM2	1.26429081335558	0.20612566569337	0.515404700364098	17	0.850890643975701	-5.25388480808626	3.08549565263886	0.00236336161945113	0.0102735365938314	-2.19198912810996	LogFC Significant
IRF1	-0.241712481809908	0.809002957223783	0.970416928378349	37	-0.129203255128064	6.71264330788106	-0.969533204678522	0.333620012901562	0.463132583383591	-7.35702299545122	Non-Significant
IRF2	0.990190807831132	0.322080864644757	0.667865855930472	21	0.0345901593511	5.68150095037108	0.560310660080822	0.575985599227471	0.687889673354513	-7.54073334539962	Non-Significant
IRF2BP1	-0.490187476191986	0.624001242136998	0.893719325400208	43	-0.182870133603755	2.07461312784557	-1.46840105963103	0.143794123363532	0.286898970693236	-6.20640131276389	Non-Significant
IRF2BP2	0.729993082867836	0.465394412742846	0.788955270971929	33	0.204835852975935	7.48233112883945	3.07627181459485	0.00243377940143854	0.0105463083216897	-3.3003853184697	LogFC Significant
IRF2BPL	0.790785879109971	0.429068951475477	0.767831636487575	9	0.180710948258603	4.60198710680334	2.38341192466497	0.0182261347762651	0.0578147911755902	-4.7652016471931	Non-Significant
IRF3	-0.58262570362376	0.560145298227749	0.859917246820582	36	-0.13969381183867	5.25965353467105	-1.35877658698313	0.175969694204699	0.30370362618773	-6.7254479428851	Non-Significant
IRF4	-0.606732133398383	0.544028693510177	0.852113585466798	105	-0.368679167816351	4.8316806922473	-1.86143322894356	0.0643635485913726	0.158352440826794	-5.87487939643013	Non-Significant
IRF5	0.269002434195223	0.787927809474369	0.965909060698738	85	-0.00145126053819222	4.11562927314448	-0.0112161638751393	0.991063785810097	0.994158851637261	-7.51219931355435	Non-Significant
IRF6	-3.6678652041816	0.000244584061368665	0.0193395427209346	157	-2.0439264203032	6.71063579189051	-17.4444844552856	4.14958392750521e-40	5.02751732702453e-37	80.5343103905437	LUSC
IRF7	0.695755378721147	0.486582037825554	0.802762273414172	133	0.245563943292171	2.93203377230484	1.31694366831029	0.189582904840966	0.30370362618773	-6.51228982895286	Non-Significant
IRF8	0.763898160246298	0.444927933882185	0.775447482761567	177	0.241405536038792	5.20753260031727	2.10294469357674	0.0369036534777179	0.101754500724311	-5.44953198377355	Non-Significant
IRF9	-0.0304874177764927	0.975678327877756	0.999927879915109	25	-0.224856422732014	3.47969699835421	-1.7080309237067	0.0894074014506657	0.199171320216758	-5.98928948312405	Non-Significant
IRX1	0.999883123699874	0.317367072454292	0.663472206051375	8	-0.487874042792294	-3.23104511022409	-1.21161705751921	0.227295791127205	0.34479575576983	-6.0320174065279	Non-Significant
IRX2	3.10664821884369	0.00189221423381691	0.0225185426567711	26	0.418144843112401	3.6286344350829	1.50937527701798	0.133009942541191	0.270053223323266	-6.32179891627233	VIPER Significant
IRX3	3.22393554455874	0.00126441855933135	0.0217004484370714	46	0.934924698637032	3.59957312357178	5.25007191759428	4.37664353711296e-07	4.73850814956447e-06	5.37116123832733	LUAD
IRX4	-3.47856741181523	0.000504101628349548	0.0193395427209346	61	-4.70594571992253	-4.46420544783445	-13.8683306019495	5.73454815661067e-30	1.82380135935807e-27	57.0947514415211	LUSC
IRX5	2.89909418867331	0.00374242451792974	0.0305479204552964	16	0.847301252947039	2.62550004789301	4.02260084443658	8.55689338158699e-05	0.000556455049987777	0.406506898678718	LUAD
IRX6	-3.06408694444761	0.00218335446464358	0.0240875075368036	25	-1.94804204929096	-0.229594085630133	-5.51490378146341	1.23914607103679e-07	1.48504915145497e-06	6.95658295830939	LUSC
ISL1	0.23395034077741	0.815023531149038	0.970876833274079	4	-0.296436857921069	-3.42665234782846	-0.63959153040945	0.523276276224516	0.641578598943708	-6.54076622580731	Non-Significant
ISL2	-2.21568552637996	0.0267130468312376	0.125170199905088	67	-1.19454445874024	-3.72684420746867	-4.3254300261112	2.55506221745865e-05	0.000189916587784986	2.08005553033401	LUSC
ISX	0.503615488819448	0.614531606156157	0.893719325400208	12	0.796578899014103	-5.08888384224696	2.00376406209876	0.046641180115078	0.122934999033247	-4.78354820309794	Non-Significant
JADE1	3.56650058669854	0.000361780000333639	0.0193395427209346	95	0.889672314924136	5.1800694866642	9.72521836319557	3.88978417378068e-18	2.47419446833754e-16	30.2631907621285	LUAD
JADE2	0.685475910085789	0.493043656982251	0.809510763058349	36	-0.0106627204869535	5.58555516779444	-0.103272749244799	0.91786499424469	0.944190682442274	-7.68105681282007	Non-Significant
JADE3	1.10083242391383	0.270969597212104	0.609985371302583	29	0.258655924162107	4.55511508000341	3.12319402532096	0.00209467951003451	0.00926465550174846	-2.8033074837793	LogFC Significant
JDP2	0.968553176216053	0.332768175159238	0.679063511910315	48	0.320937629128312	3.96235366311017	2.99170542888561	0.00317573000738839	0.0132894898976945	-3.11897936785829	LogFC Significant
JMJD1C	2.20443827330729	0.0274935365186358	0.126912692711312	54	0.375818562815166	6.9979259724954	5.17963880933778	6.07958767935286e-07	6.38130979066728e-06	4.6659187716259	LUAD
JUN	0.565907125508416	0.571456917453099	0.869519348422143	11	0.163189640475201	6.75369561610763	1.5316862196728	0.127409285300257	0.261805398634667	-6.66292266756056	Non-Significant
JUNB	-0.462712902202124	0.643570168892338	0.902600240934727	83	-0.149224943241626	4.53217340917933	-0.823130008483673	0.411556610107034	0.541428895085484	-7.2215331447967	Non-Significant
JUND	0.875393347035082	0.381359918483586	0.731494513920474	7	0.358100438263393	4.86468855762809	3.85243641276223	0.000164037982766323	0.000991358288722938	-0.455216682529792	LogFC Significant
JUP	-3.01361931355405	0.00258151510303255	0.0259520786130698	156	-1.17177630402845	7.40965684644031	-8.5605427614359	5.64199752318398e-15	2.2016770396069e-13	22.8046881197908	LUSC
KANK2	2.61711617785854	0.00886761540598848	0.0551274666725228	163	0.606471045050915	5.96492315087447	6.3806145426343	1.53229743486929e-09	2.56572843931421e-08	10.6309561976798	LUAD
KANSL3	0.0793214422933751	0.936776951551562	0.999927879915109	15	-0.156586986751965	6.41132165121322	-3.36950854921959	0.000926730964485638	0.00456953797081552	-2.26738995215348	LogFC Significant
KAT2A	-0.781505454238975	0.434505270061361	0.767831636487575	51	-0.173525370194587	6.12209822937165	-1.70425150241683	0.0901125276922452	0.2003524308187	-6.30682543714471	Non-Significant
KAT2B	2.27309219610539	0.0230206246128002	0.111118784188709	99	0.359515275523981	5.46290678947882	4.1716667029406	4.75768578690835e-05	0.00032961143492528	0.652068851137697	LUAD
KAT5	-0.287891744014166	0.773429606825862	0.95985577905212	29	-0.00950728313823661	4.39863345055468	-0.147952164287017	0.882551198615478	0.920163510485334	-7.53411484487115	Non-Significant
KAT6A	-0.573381057315802	0.566386713284519	0.86643923299238	21	-0.218452518918097	6.74727878270182	-2.38883269890514	0.0179680299336782	0.0571665106418126	-5.01288617979467	Non-Significant
KAT6B	-0.324427834462755	0.745614149507673	0.952019126887551	40	-0.177544597578233	5.71199577129436	-2.74620586481236	0.00666048167807262	0.0249411487725663	-3.99666521934554	LogFC Significant
KAT7	0.302127854882312	0.762554598936227	0.955453869928816	25	0.0754357562841377	5.86305365665262	1.34925972913687	0.179000168470835	0.30370362618773	-6.81153895962047	Non-Significant
KAT8	2.98833821288398	0.00280498963350859	0.0264506647464722	43	0.342273101339935	5.17343201874396	5.50247957317906	1.315906520156e-07	1.56928097456429e-06	6.36935950322094	LUAD
KCNIP3	2.17314525158802	0.0297693868217226	0.134473848577533	17	0.284021297958266	0.948567836749073	1.53386518711091	0.126872373991413	0.261007787464203	-5.9830427795737	VIPER Significant
KCTD1	-3.42964916088189	0.000604362146343568	0.0193395427209346	89	-1.89008640978132	4.04016055914731	-14.634536854341	3.5946005304996e-32	1.66286220540911e-29	62.4648917069787	LUSC
KDM1A	-1.22551230504602	0.220382256712017	0.537700572876951	15	-0.319177688978379	6.76123203642069	-5.09390300038093	9.0337459708652e-07	9.14080726731849e-06	4.31130651137635	LogFC Significant
KDM1B	0.0264662625296202	0.978885442768767	0.999927879915109	11	-0.128569724871261	5.54579215331444	-1.82489965988727	0.0697247376598248	0.167612103200957	-6.02615562909933	Non-Significant
KDM2A	-0.949930713373655	0.342147459565454	0.692572680249427	14	0.00603274790613803	7.72058840288097	0.103013012757484	0.918070833440109	0.944310972478036	-7.95538258353186	Non-Significant
KDM2B	-0.306739333894723	0.759041787944713	0.954466615713194	15	-0.435112416368601	4.70791648906595	-6.00569089383169	1.0775113286528e-08	1.57241874017283e-07	8.86057015934314	LogFC Significant
KDM3A	-3.19805741681768	0.00138356729834564	0.0217633093901877	70	-0.626996288923019	7.21883897233175	-8.74231089060222	1.85018246498759e-15	7.83916610435959e-14	23.9324193926057	LUSC
KDM3B	1.77033496147933	0.0766713572472856	0.267164469995826	55	0.226362448135326	7.09242504993295	4.0485584279326	7.73418048615788e-05	0.000508214757513726	-0.0105227059413391	LogFC Significant
KDM7A	0.0103619020831794	0.991732546252272	0.999927879915109	12	0.0848226014667566	6.39487008554336	1.02248890575565	0.307963803518315	0.435900144803565	-7.26381238024551	Non-Significant
KLF1	0.363577772340172	0.716173327525087	0.935798155660609	7	0.225314406711855	-4.80378102215959	0.968397961452691	0.334184833857063	0.463688974631906	-6.25403106326063	Non-Significant
KLF10	-0.0949098063003163	0.924386467382267	0.999927879915109	9	-0.0746273315342938	7.10935476741621	-0.901494826145258	0.36856682465486	0.498916599259272	-7.47214116163677	Non-Significant
KLF11	1.3326519440182	0.182646050421389	0.479967690025912	10	0.0314293614290401	5.30994051392788	0.407740086438551	0.683963895537749	0.774127766893051	-7.56960132410584	Non-Significant
KLF12	-1.5263905584887	0.126912627584321	0.380927587726932	25	-0.43066751086729	4.81041341641135	-4.14668251131918	5.25525676391111e-05	0.0003600148030269	0.632192082198396	LogFC Significant
KLF13	-0.490982083882893	0.623439119277911	0.893719325400208	12	-0.236215404737232	6.82323730216863	-2.68082447933207	0.00804775743602882	0.0292450321280985	-4.30585177531189	LogFC Significant
KLF15	1.66685570077201	0.095543101325873	0.311445693932391	29	0.756067548243534	0.491857580760321	3.13552892158867	0.00201309493899192	0.00896929770296321	-2.32362867211543	LogFC Significant
KLF16	-1.4508861389398	0.146811568230794	0.416380831931405	73	-0.362095269605994	2.61809185544863	-3.63631494408338	0.00036372161232606	0.00200741192677049	-0.958823443266841	LogFC Significant
KLF17	-1.11649657099299	0.264209637155332	0.602883146244533	16	-0.421268103040728	-2.68667541784026	-1.98300220939215	0.0489348995864373	0.127736806215012	-4.86876847442464	Non-Significant
KLF2	1.97170127574133	0.0486437179351017	0.192276743334024	53	0.628278115686102	2.46686517190169	4.82315169038019	3.06272839357104e-06	2.77906556767574e-05	3.60821902612767	LUAD
KLF3	-1.24200316652192	0.214235393738402	0.527187096356265	14	-0.0359753513691486	6.91242579079267	-0.565782530147072	0.57226783331933	0.684815769496213	-7.6929767793696	Non-Significant
KLF4	-2.55334130008734	0.0106694888690395	0.0620995178232792	26	-0.697892207970277	5.14218924371411	-4.71757661260136	4.86881150508475e-06	4.22788979944954e-05	2.87517186432375	LUSC
KLF5	-3.35372376294643	0.000797319173929378	0.0193395427209346	48	-1.03060927532719	7.0231013720743	-7.21683232005027	1.56277537176973e-11	3.59022065769184e-10	15.015562770036	LUSC
KLF6	0.733673553174498	0.463147720708854	0.788395322008885	29	0.0668040747752689	7.90654174062023	0.742138948192815	0.459000084611228	0.586291437961919	-7.70974454093152	Non-Significant
KLF7	-1.09184417610042	0.274901598062936	0.615516204031543	16	0.0476202269547708	5.99756917548073	0.533312629693822	0.594495224863584	0.703209427663428	-7.59453893372856	Non-Significant
KLF8	-1.89158708099347	0.0585460185229937	0.219760347534471	11	-0.277961934782036	4.49825764728636	-1.95698892279758	0.0519429111869504	0.133932960661726	-5.65681525798892	Non-Significant
KLF9	1.11142281857416	0.266386394843921	0.605780159509165	60	0.293179006744161	6.05294220674264	2.87362425519326	0.00456178899829116	0.0180872054672779	-3.69440488472719	LogFC Significant
KMT2A	-0.411050983016731	0.681035151171595	0.919649350068973	19	0.0631262142404167	6.82109297716536	0.897236244312697	0.370828051106136	0.501154123405488	-7.43843323224006	Non-Significant
KMT2B	-0.817541871273847	0.413618831117545	0.761969369618376	58	-0.146435529907198	-6.59784971307014	-1.55376024044023	0.122051896215864	0.253209914825524	-6.5147552852597	Non-Significant
KMT2C	3.19911030327614	0.0013785241508087	0.0217633093901877	28	0.290943575696157	7.10707564938002	4.28958182437184	2.95787357654477e-05	0.000216536260705017	0.905242132866215	LUAD
KMT2D	-0.259099999029123	0.795558085547618	0.967654585810038	8	-0.0398548243062694	6.35354129571971	-0.490881042120701	0.62412682953243	0.728107426754103	-7.6609744978307	Non-Significant
KMT2E	1.74945479087644	0.0802124369808431	0.27590584218194	45	0.222815405397353	7.23895937056266	3.93310975051556	0.000120802605526688	0.00075601542059169	-0.453383667105157	LogFC Significant
KMT5A	-3.41178229686875	0.000645396353272188	0.0193395427209346	60	-0.785154139639259	5.11248651493682	-12.6023597100143	2.5724662725938e-26	5.33656726958512e-24	48.9879164979702	LUSC
L3MBTL1	-0.237771278820495	0.812058496063623	0.970876833274079	23	-0.276965936137795	3.27778180571958	-2.20115559522192	0.0290362208065174	0.0842189427702031	-5.02159861565728	Non-Significant
L3MBTL2	-0.449004061775258	0.653428726568926	0.903887371239169	46	-0.0767917972791281	4.80539819414551	-1.12785903758566	0.260926534086764	0.383777103115162	-6.9570255123359	Non-Significant
L3MBTL3	-0.146003674490887	0.883918487689861	0.999927879915109	19	-0.161196117451705	4.14439664766658	-1.60762281332803	0.10972417799034	0.233713876986874	-6.2292621876814	Non-Significant
L3MBTL4	0.375174584919912	0.707530630321844	0.934070680924565	6	0.235698965726235	3.16526403109667	1.45832017812325	0.146548326659173	0.291299146499166	-6.34427222896865	Non-Significant
LBH	1.0404482263866	0.298131705904156	0.646165902112193	76	0.192269511841892	5.8081783268486	1.70136476203669	0.0906541417290045	0.201303241776241	-6.27288984821145	Non-Significant
LBHD1	0.509539650539649	0.610374013000713	0.893719325400208	86	0.210242710068217	3.65704198241626	3.45580883423925	0.000688829073144763	0.00352597889709731	-1.66997742886384	LogFC Significant
LBX1	-0.296703651580762	0.766692768958399	0.955453869928816	7	-0.442948042280669	-5.83259938354484	-2.06831249856557	0.0400844865115062	0.108844139841222	-4.98113663577797	Non-Significant
LBX2	-0.399355825597548	0.689631038273973	0.921982733285851	27	0.699348205646046	-1.69358770655192	4.414986591417	1.76566438840959e-05	0.000136153353642386	2.30658060283521	LogFC Significant
LCOR	-0.263122505569411	0.792456158018339	0.967654585810038	53	0.19876336211757	5.65310125850588	2.33777023459796	0.0205323447936842	0.063665157343941	-4.99414101667923	Non-Significant
LCORL	2.09844749998105	0.0358656330046117	0.153556910603966	5	0.389463486843082	3.788521442167	5.12603218737398	7.7918485760902e-07	7.9890390216185e-06	4.79271165959773	LUAD
LDB1	-0.783359476127822	0.433416045987526	0.767831636487575	64	-0.276214343827094	6.20463506685836	-3.6340551267998	0.000366696186493265	0.00202273193993455	-1.37296095693386	LogFC Significant
LDB2	1.45295810210073	0.146235387288506	0.416380831931405	103	0.34380180336193	4.55513722586789	3.36434205761013	0.0009431684506374	0.00463800442395968	-2.06343854441373	LogFC Significant
LEF1	-2.07271107842185	0.0381991761394508	0.161142743042053	49	-0.709761798777215	4.17541755772068	-6.03607786844084	9.22388284952109e-09	1.36048261646588e-07	9.06842676175677	LUSC
LEO1	-0.96975246345217	0.332169892845546	0.67853219209955	41	-0.170043358006657	4.77512251782107	-3.11893948253955	0.00212352174026541	0.00937673787531637	-2.84112211456145	LogFC Significant
LEUTX	1.32236837917711	0.186045513040594	0.485168039201964	6	-0.142197095909176	-6.66130878423308	-1.73151531521822	0.0851257724801271	0.192144697410564	-6.26102283880287	Non-Significant
LHX2	-3.24555977803899	0.0011721995125543	0.0213479971507417	62	-2.68347233246898	-2.75673024225216	-7.53769535207937	2.49123120578037e-12	6.50763814873409e-11	17.5910521349303	LUSC
LHX3	-2.56687409864313	0.0102619864565091	0.0604283542658954	9	-0.340049409309678	-6.19462444973006	-1.507958198147	0.133372060605762	0.27062826090455	-6.24014527981704	VIPER Significant
LHX4	-0.265282854226667	0.790791571820862	0.967654585810038	19	0.0581929591963347	1.66471548845355	0.4940754640613	0.621873732279873	0.72627818367248	-7.11018284727528	Non-Significant
LHX5	-2.26301460121876	0.0236347892212704	0.1138097284324	18	-2.8197566564498	-3.94537945122796	-7.84028314237569	4.25929317587098e-13	1.25791289928828e-11	19.3248816022087	LUSC
LHX6	0.797978692262765	0.4248828553037	0.767831636487575	2	-0.386110235937967	1.83081992557243	-2.92637132592356	0.00388562477951514	0.0157888915509315	-3.0683021195129	LogFC Significant
LHX8	-0.297200075501678	0.766313764232528	0.955453869928816	2	-0.281651350780988	-4.3511567099375	-0.679005715280814	0.498033085981	0.619131546997023	-6.47555842589896	Non-Significant
LHX9	3.12374591957054	0.00178564577857748	0.0221956914311769	10	1.21477951044158	-0.166980351113423	3.01370296354	0.00296494496973018	0.0125227581116941	-2.61301582045232	LUAD
LIMD1	3.06041195521587	0.00221032737376874	0.0240875075368036	32	0.564970200747764	5.6280457542185	7.2908301322924	1.02684153051298e-11	2.44854068049126e-10	15.5897988982685	LUAD
LIME1	-0.648442268016884	0.516698939531248	0.832801190572535	45	-0.0742959875831731	-6.7417666151231	-1.71454604418774	0.0882024027397674	0.197052617369092	-6.33028859793367	Non-Significant
LIN37	-0.316656871460094	0.751503977447424	0.952760818326182	28	-0.121127036129765	1.1430425422703	-1.35268929336207	0.177903604081053	0.30370362618773	-6.26298518069953	Non-Significant
LIN54	-1.16820222328873	0.242725203904908	0.576795514131427	52	-0.0889437781298008	4.85705065224544	-1.57335545260067	0.117446380133212	0.246144007391212	-6.36588729674323	Non-Significant
LIN9	-1.79441933532929	0.0727462630493971	0.258997333693598	90	-0.479877467933946	3.90205604963782	-5.80987603557169	2.90008264198705e-08	3.90303108490222e-07	7.97864830301703	LogFC Significant
LMO1	-1.40581950066674	0.159777729893374	0.445602335591521	14	-1.11914358402817	-4.57592740195365	-3.57857567336878	0.000447334382414132	0.00240700617357783	-0.586153376832698	LogFC Significant
LMO2	1.76951854720746	0.0768073783799587	0.267164469995826	70	0.14325013148986	3.85846133620594	1.46452204879444	0.144849133543558	0.288564107955115	-6.41399247686131	Non-Significant
LMO3	3.47365417701493	0.000513422298124646	0.0193395427209346	198	2.97115675253391	5.79948546866442	12.0980355587749	7.30168783039223e-25	1.20634313940694e-22	45.6015685714207	LUAD
LMO4	-3.44901383104199	0.000562637882488856	0.0193395427209346	53	-0.806852378450761	5.78407646610232	-8.1193940773805	8.12540874067434e-14	2.66410791996105e-12	20.3495596922303	LUSC
LMX1A	-0.765820793612879	0.443782939918458	0.775447482761567	7	-0.629810150963364	-4.8087245968124	-1.74744174229545	0.0823183882896493	0.187328161561581	-5.21770384951333	Non-Significant
LMX1B	-1.16253684267298	0.245017468262606	0.580182872961455	21	-0.879538506466227	-1.79167301216726	-2.06818244796815	0.0400968599409415	0.108866119675315	-4.77415330568326	Non-Significant
LPIN1	0.826438757007687	0.408555245576246	0.758281208889268	16	0.300399801185691	5.87323057273518	2.88607799135532	0.00439309623265238	0.01752211121608	-3.63806300238077	LogFC Significant
LPIN2	3.57565288819467	0.000349354935505253	0.0193395427209346	212	1.45478541140649	6.71507730492695	12.8355916022037	5.46400427749913e-27	1.20364208512909e-24	50.3938568045349	LUAD
LPIN3	-1.85648932285614	0.0633838435056002	0.23349439159889	65	-0.479178755417618	4.92259717978799	-3.88889686683454	0.000142937617540478	0.000877808786647932	-0.33145312370334	LogFC Significant
LRP5	1.26361785820223	0.206367220663713	0.515404700364098	95	0.500041368483034	5.10447860069854	3.15291754206116	0.00190307182186553	0.00854644009597116	-2.77810003402401	LogFC Significant
LRP5L	-0.461850363287564	0.644188631501049	0.902600240934727	41	-0.134420774514601	2.22798083346476	-0.929536085807416	0.353894347114719	0.484100640387564	-6.86501826808044	Non-Significant
LRRFIP1	2.91352479130614	0.0035737345963536	0.0296531366507356	80	0.348598755647673	7.57851952872712	5.97430983898224	1.26450437032025e-08	1.8264425032108e-07	8.36742420975828	LUAD
LYAR	-2.17275306222931	0.0297989077496486	0.134473848577533	31	-0.316422347671309	4.12486036060182	-4.24319279386845	3.57012715109282e-05	0.000255656473698999	1.07721939909888	LUSC
LYL1	0.342111329056861	0.732267111958356	0.944000333641141	177	0.155813718520499	0.163915014428746	1.00241650012607	0.317529330632946	0.446286355989176	-6.56478952738204	Non-Significant
MAEL	0.39354945619944	0.693913703800232	0.922975712908202	7	0.391650382530904	-2.6896124001469	1.20924547535517	0.22820302167696	0.345934787924625	-6.07665053680282	Non-Significant
MAF	-3.25491114770946	0.00113427846458032	0.0212862724941802	90	-0.789235832610784	6.33780835205333	-7.43813407830727	4.42263655752566e-12	1.11521448893088e-10	16.3409853932972	LUSC
MAF1	0.543841459394775	0.586550576079155	0.881157005602018	91	0.130199268817942	5.88907909078707	1.62565213613047	0.105826837968066	0.22706630447137	-6.40728061715396	Non-Significant
MAFA	-3.04929988989679	0.00229375386701727	0.0242839142711066	15	-1.89855054297433	-4.51415095628923	-6.20566836287131	3.84054116009276e-09	5.99845848595703e-08	10.5107679576998	LUSC
MAFB	-1.05699891088212	0.290512084491517	0.639091861914258	45	-0.634096665180886	5.57658241431724	-5.4724844537813	1.52084736481014e-07	1.793091728585e-06	6.18298803945771	LogFC Significant
MAFF	-0.51941677467262	0.603470136037783	0.888541345426718	9	-0.120654377848893	4.86067986067402	-1.21715254755842	0.225188329689155	0.342318639516436	-6.85932723541375	Non-Significant
MAFG	-1.66300537727977	0.0963113591149972	0.313441181690299	98	-0.421820249893181	5.20043534678086	-4.06832709459693	7.158811256695e-05	0.000474135550964429	0.293235639124737	LogFC Significant
MAFK	0.858207800212257	0.390777729634607	0.743665248879089	61	0.548695955133497	1.81695931155584	3.36984729739338	0.000925662624415052	0.00456603996762159	-1.74535763235778	LogFC Significant
MAGEA1	-1.77508801214404	0.0758833560632344	0.265607209171668	6	-1.48166526059611	-4.13422569582521	-2.57655290588986	0.0108057246595559	0.0374998366654956	-3.47949505862246	LogFC Significant
MAGEA10	-1.43231699697937	0.152053120903879	0.428222534046268	16	-2.23102857338616	-4.27856103455241	-4.23828974151374	3.64151168037194e-05	0.000259999948600262	1.76084646211086	LogFC Significant
MAGEA11	-3.16074218924155	0.00157367717950156	0.0221956914311769	57	-5.00913353352381	-3.79840215233832	-9.7160371336317	4.12415544985047e-18	2.61347165904223e-16	30.5561582858496	LUSC
MAGEA12	-0.472940916565955	0.636255332298486	0.898787015199749	10	-0.724254891832367	-4.02863126652666	-1.23439044088544	0.218715808509926	0.334412206118689	-5.95871751638916	Non-Significant
MAGEA13P	0.11240055001699	0.910505819241677	0.999927879915109	5	-0.0371686594361784	-6.7417666151231	-0.977767279599823	0.329541894187853	0.458973856679524	-7.31513324420433	Non-Significant
MAGEA2B	-1.82007762311809	0.0687471847700976	0.247835452456654	15	-0.582735893913683	-6.12137654201055	-2.49099482511203	0.0136721830961678	0.0455703615007267	-4.2569986792369	LogFC Significant
MAGEA3	-1.44991731942171	0.147081577001135	0.416524367623588	21	-2.07966992253138	-2.69151210313159	-2.94354073896941	0.00368617937875028	0.0151050832555232	-2.60040421645447	LogFC Significant
MAGEA4	-3.36883334415382	0.000754870563117567	0.0193395427209346	69	-6.71959066972369	-2.41808370203439	-10.4765302112264	3.09190308373732e-20	2.63984195166204e-18	35.3637263685727	LUSC
MAGEA5	-2.17272227277139	0.0298012264028896	0.134473848577533	8	-0.648658019993053	-5.16745660951448	-2.25799069311439	0.025184071861699	0.0750563124642141	-4.27571147293786	VIPER Significant
MAGEA6	-1.35614848709712	0.17505192819061	0.469698594612556	28	-2.3997682678762	-2.92980293591009	-3.37217362199172	0.000918356922880844	0.00453571875936277	-1.31291074108459	LogFC Significant
MAGEA8	-0.129194459239438	0.897203780354838	0.999927879915109	5	-0.313728322665387	-4.47876428861243	-0.909084306341039	0.364558461782334	0.494757217929214	-6.29593949338307	Non-Significant
MAGEB1	-0.503029272485933	0.614943691642316	0.893719325400208	10	-0.27697888460284	-6.02208609122437	-1.08617516908059	0.278898420950097	0.40407792974394	-6.64120907960558	Non-Significant
MAGEB10	-0.278032432626855	0.780987462257242	0.963873893185336	3	-0.149936597091828	-6.66388465601986	-1.99368273776932	0.0477432839527604	0.125223686780071	-5.78173952884502	Non-Significant
MAGEB16	0.671421929098617	0.501951778915583	0.818503686551039	4	-0.291987100963327	-6.28216891866799	-1.1564984323183	0.249056842807758	0.369888991130829	-6.78235918868851	Non-Significant
MAGEB17	-0.472609783255804	0.636491601401416	0.898787015199749	5	-0.944802530545492	-4.77662404706427	-3.18825707040103	0.00169642614591551	0.0077351559911341	-1.82083608478684	LogFC Significant
MAGEB2	-2.09553547862217	0.036123418013515	0.153677591888005	6	-1.13197629531423	-4.79650901780832	-2.58856271178056	0.0104497542043932	0.0364409397234617	-3.45892798553101	LUSC
MAGEB3	0.0717404374647301	0.942808474609542	0.999927879915109	2	-0.28177045327754	-6.61075001547378	-2.72021920393425	0.00718359505544471	0.026590850221238	-4.08867759401262	LogFC Significant
MAGEB4	0.869654091147914	0.384489467985532	0.734590724752568	7	-0.170200292036804	-6.68556541552096	-1.8146332988608	0.0712961820254083	0.170127902393666	-6.12829558561283	Non-Significant
MAGEB5	0.0554651960184275	0.955767856802421	0.999927879915109	6	0.00512064367771125	-6.66485543427023	0.0596960577226486	0.952465965554129	0.968303801930789	-7.75321043660274	Non-Significant
MAGEB6	-3.04081610048854	0.00235937887559728	0.0246601877845019	25	-1.30078297098638	-5.68459574343691	-4.61226619894461	7.67564826509856e-06	6.38624979754423e-05	3.00806324076782	LUSC
MAGEB6B	0.0409642395723061	0.967324404605902	0.999927879915109	4	-0.0948099300189429	-6.54042459578628	-0.862357656906773	0.389673320980088	0.519917888475985	-7.30645197650347	Non-Significant
MAGEC2	-1.67180278296553	0.0945632178755974	0.310266244271568	8	0.711395376140549	-4.2908602366191	1.28398391389922	0.200848378350457	0.31289402953531	-5.89120649318939	Non-Significant
MAGEC3	1.24948501326801	0.211487731600318	0.523275088703832	8	1.11817046746612	-4.07637952673558	2.97656261961033	0.0033287445804256	0.0138274976524364	-2.4278279003016	LogFC Significant
MAGED1	0.832688513979216	0.405020424067005	0.757276935027905	17	0.113732693833062	7.74031198050325	1.34642845773796	0.179909249638604	0.30370362618773	-7.05753465895641	Non-Significant
MAGED2	3.02545031276609	0.00248263192202369	0.0254343107113447	32	0.37726227871346	7.47285429564741	4.90401613314424	2.13711149758037e-06	2.00422144610901e-05	3.38735038206964	LUAD
MAGED4B	-2.57817746164615	0.00993229749113634	0.0590060750360999	30	-0.796015355932015	-4.14108428586461	-2.73030199079469	0.00697636416117034	0.0259369669544322	-3.09094042470155	LUSC
MAGEE1	0.65621585743274	0.511685247310475	0.82793229379487	10	0.0591588198846964	2.05972451178154	0.47229972178031	0.63730249557734	0.738584649493225	-7.16570296168296	Non-Significant
MAGEE2	0.60897810444523	0.542538952096124	0.85181509200465	5	0.347038574398553	-2.61119388078331	1.0909138743508	0.276813571576696	0.401707792022807	-6.21720912959729	Non-Significant
MAGEF1	-3.11783629053884	0.00182183969834603	0.0221956914311769	83	-0.573883553506248	5.24943106385163	-5.55968993636222	9.97043449260989e-08	1.21814052722916e-06	6.63095924701097	LUSC
MAGEH1	0.106759772633079	0.914979561808871	0.999927879915109	13	-0.116898162548504	4.40412288522689	-1.40269390078543	0.162483304963859	0.30370362618773	-6.56456177263593	Non-Significant
MAGEL2	-0.286336256488265	0.774620591411899	0.960147004663638	15	-0.165722548549134	-6.52164868682875	-1.51861862265132	0.130666716694226	0.266518620558857	-6.51506498013288	Non-Significant
MAML1	0.370393856016409	0.711089050994038	0.934906704079895	22	-0.000134024459249594	6.03883927217955	-0.00250256791808429	0.99800609804791	0.998520492822222	-7.74231907779194	Non-Significant
MAML2	1.29744392997583	0.194478485597206	0.499497995674808	36	0.154932936631344	5.54084096279431	1.48475607261847	0.139411147630521	0.280077210246227	-6.58164849827789	Non-Significant
MAML3	2.17991081058912	0.0292640734329936	0.133550589666934	16	0.259968330252273	4.02012894084891	2.79788450059023	0.0057215428677237	0.0219617130849354	-3.66219007167058	LUAD
MAMLD1	1.10513019902327	0.269103176760051	0.608486910025567	9	0.239638793465801	2.61164607241243	1.73305463019192	0.0848510693993749	0.191737268775852	-5.84898694876349	Non-Significant
MAMSTR	-1.89154457755563	0.0585516862205886	0.219760347534471	50	-0.822119431670553	-0.23289758808639	-4.97748466363636	1.53564652777816e-06	1.48166304915661e-05	4.53004578193529	LogFC Significant
MAX	-0.439916695980768	0.659997443009294	0.906687616916173	42	-0.1662990499131	5.73282730097813	-2.92938661317586	0.00384989771916535	0.0156648031837783	-3.50048625207209	LogFC Significant
MAZ	-1.02228397063646	0.306646517619686	0.654451086696974	58	-0.30397041054168	3.12093334383816	-3.04817589988358	0.00266038081817787	0.0114048979202864	-2.86323221907771	LogFC Significant
MBTD1	0.123223043478743	0.901930478565112	0.999927879915109	38	-0.0730140889738199	5.37152788064073	-1.05038646607724	0.29499175736392	0.421774390705828	-7.10855015703716	Non-Significant
MBTPS2	0.364469875875194	0.715507164686641	0.935798155660609	18	0.0199481767110642	5.47102305152971	0.348493189809719	0.727889568676778	0.808055311814174	-7.61154648735286	Non-Significant
MCRS1	-0.0840510375077111	0.933015853231626	0.999927879915109	83	-0.161379852184221	5.30668541674826	-1.81616870807005	0.0710593154800179	0.169761779807985	-6.01304281900934	Non-Significant
MDFIC	2.77984823214982	0.00543843088086451	0.0376564455475032	171	0.531298510430609	6.59905183490923	4.92316654877745	1.96134592530443e-06	1.85167066335884e-05	3.58069022773719	LUAD
MDM2	-0.0285217474302824	0.977246023142473	0.999927879915109	26	0.121128916642133	6.60998316152399	0.922731368297008	0.357420231444429	0.487736280431247	-7.38808833865622	Non-Significant
MDM4	-0.234988551933707	0.814217618699328	0.970876833274079	20	-0.0418691883942183	5.81777060502626	-0.54930070976143	0.583500767800718	0.694209162056237	-7.56360143059241	Non-Significant
MECOM	2.23711040188728	0.0252791252868837	0.120285506104413	73	0.437957084942892	6.24397742011262	2.76752346300085	0.00625741692523439	0.0236686923108212	-4.00532434988335	LUAD
MECP2	-0.404251412692496	0.686027850514988	0.91977763756208	30	0.00940629621292914	5.90472447897877	0.1396895706776	0.889066230386558	0.924645691474046	-7.71586191798835	Non-Significant
MED1	0.595665898710311	0.551398443720742	0.85494942205379	30	0.129637862148127	6.51060331341963	1.96630974331894	0.0508476453298311	0.131662593133207	-5.88195352569651	Non-Significant
MED10	-1.74392737057553	0.0811717552409306	0.277671012817357	45	-0.448864354999925	4.63512376371181	-5.22024026370404	5.03213581159279e-07	5.36711932317565e-06	5.12573285196359	LogFC Significant
MED12	-1.27968228810139	0.200656896272216	0.509379327072831	33	-0.167781524450858	5.79105652358548	-2.15643981994911	0.0324169870115527	0.0918009238727736	-5.40836250994561	Non-Significant
MED12L	-3.12104277473898	0.00180211855670827	0.0221956914311769	24	-1.84402852304797	0.923971805836305	-10.4096518333528	4.77099853835046e-20	3.9031677109727e-18	34.9151626692147	LUSC
MED13	0.855531471359423	0.392256989402881	0.743665248879089	43	0.179679769255209	7.43943857767731	2.7075104534613	0.00745272974249447	0.0274274684079391	-4.31668219555537	LogFC Significant
MED13L	-0.519444571025056	0.603450756663094	0.888541345426718	40	-0.101602445714275	7.38119256723805	-1.3115435498023	0.191395759519072	0.30370362618773	-7.0555733856149	Non-Significant
MED14	0.110269862523369	0.91219535770171	0.999927879915109	3	0.063381901538846	6.71322241080725	0.883421099684393	0.378223249534864	0.50848529471278	-7.43681701671042	Non-Significant
MED16	-0.0304970028296271	0.97567068366637	0.999927879915109	139	-0.0777682113261202	3.0161136460384	-0.450907983707567	0.65261520501466	0.751062450750316	-7.28455997077384	Non-Significant
MED17	-0.110647471387476	0.911895901852473	0.999927879915109	37	0.0290334149035635	5.36104380424784	0.512248730714406	0.609124132526956	0.715443878860832	-7.52758197918847	Non-Significant
MED18	2.33733921027847	0.0194215532706037	0.0984810074933644	55	0.21891162542085	3.28629907449436	3.61344426409544	0.000394905048584362	0.00215891043212977	-1.10837820508178	LUAD
MED19	-0.455328069064572	0.64887323556997	0.902600240934727	19	-0.152202319744302	3.18130681377053	-2.64495892045567	0.00891499083073206	0.0319178374314101	-3.96863777860603	LogFC Significant
MED20	-0.482524022020544	0.629433737829004	0.896484184774363	27	-0.0938964858595893	4.97415707725566	-1.23612543510699	0.218071891677324	0.333688356033448	-6.84958742273609	Non-Significant
MED21	-1.31862637158422	0.187294052803812	0.486676104989468	34	-0.317055115869828	5.46177524825566	-3.68949061959845	0.000299957934608366	0.001692389340335	-1.09443627199706	LogFC Significant
MED23	-0.343379992004669	0.731312609592177	0.944000333641141	71	-0.0114052213084999	6.09852963749755	-0.205183916651491	0.837667388102239	0.88886545117236	-7.72864582522122	Non-Significant
MED25	0.647053138474757	0.517597552706436	0.832801190572535	30	-0.0614191323021321	3.99612683692852	-0.602558752190699	0.547583852700965	0.663626558267631	-7.31662992911467	Non-Significant
MED26	-0.856607951367142	0.3916615898461	0.743665248879089	25	-0.145867697910146	2.94713055357531	-2.32276875343638	0.0213444973285514	0.0657069625566041	-4.71685946732332	Non-Significant
MED27	-1.98473332280651	0.0471741493115511	0.187947801225386	67	-0.419888382434588	2.71712708761813	-5.0216254992648	1.25704685166722e-06	1.23320004036897e-05	4.44130187353904	LUSC
MED29	0.643983979618271	0.519585822578029	0.833995469014135	83	0.175454815655965	5.85247460994335	2.2390653878119	0.0264140878314212	0.0779961279747984	-5.23851269612145	Non-Significant
MED30	-2.83006904139241	0.00465379603674381	0.0337833750874641	36	-0.456819518635895	3.33410125125689	-5.54063421219185	1.09381384884014e-07	1.32618087948724e-06	6.7444162658307	LUSC
MED31	0.663366712883125	0.507095719399128	0.822494510947859	15	0.128956345757057	2.42957487973292	2.03151966119029	0.0437178870022535	0.116657847352006	-5.27720256049689	Non-Significant
MED4	0.0849004058726935	0.932340569114239	0.999927879915109	48	-0.00162352927522889	5.18765117046772	-0.0299566194697463	0.976135856019363	0.984240180105838	-7.63782369421124	Non-Significant
MED6	-0.744369736259424	0.456652822713013	0.783056249366123	14	-0.0953891194066765	4.16739008595615	-1.72031698839352	0.0871461035954148	0.195525424495427	-6.04679965314699	Non-Significant
MED7	1.41896883177217	0.155908103106039	0.437239484688444	54	0.117013381732537	3.74260781591365	1.92459308440022	0.0559056827691348	0.141836594375539	-5.63211271351633	Non-Significant
MED8	1.26057163957555	0.207463221910287	0.517498322479325	38	0.236351120331055	5.37905478617001	4.37252632056753	2.10521024682445e-05	0.000159579515298539	1.44128846402674	LogFC Significant
MEF2A	-0.406024916844573	0.684724292568498	0.91977763756208	13	-0.161003614355037	6.43233014065003	-2.61680339614653	0.00965382847508761	0.0341047428341647	-4.41996534176911	LogFC Significant
MEF2B	-1.25034928383148	0.211171982441332	0.523275088703832	90	-0.542530438081304	-3.57572187299505	-2.44797710020751	0.0153549688583309	0.0501152483865172	-3.81256496875973	Non-Significant
MEF2C	2.64586305322241	0.00814827967299336	0.0521074700107346	130	0.589254747227515	5.75929708821678	5.84850996822827	2.38931388883835e-08	3.26133654901899e-07	7.96630870215625	LUAD
MEF2D	0.986593315546834	0.323842048479202	0.670386426130141	92	0.318352943550335	5.94772948445736	4.79998266191482	3.39276360951727e-06	3.05132854425408e-05	3.12997619476298	LogFC Significant
MEIS1	-1.12710364553512	0.259698662204321	0.598021690030134	71	-0.534557651325103	4.89549128316261	-5.38406053950241	2.32321689836338e-07	2.63882176540444e-06	5.84744232074171	LogFC Significant
MEIS2	-1.1157032777146	0.264549167091566	0.602883146244533	9	-0.296834332759591	3.80846131482653	-2.51746589849458	0.0127202533013743	0.0429033478818674	-4.35639278520494	LogFC Significant
MEIS3	-0.892274534393894	0.372245800306343	0.722891264037851	99	-0.317727358873131	1.72338405884059	-1.92718505048502	0.0555795396374123	0.141199223863673	-5.40027675602346	Non-Significant
MEIS3P1	3.08486909223743	0.00203641762651233	0.0233220751070407	87	0.67391600624502	2.11091671686566	5.21099524329194	5.2539910987397e-07	5.58618033954175e-06	5.34575837136767	LUAD
MEIS3P2	2.6387072646594	0.00832228099141284	0.0530512388277999	54	0.567966333237392	0.153970729423785	3.09049572177279	0.0023259805416718	0.0101318135459263	-2.42220731461725	LUAD
MEN1	-0.477356348974541	0.633108391905961	0.898758998692632	53	-0.188429442465951	4.82197393222452	-2.35497059332448	0.0196347060825552	0.061401896123212	-4.85620838885157	Non-Significant
MEOX1	0.25568697291473	0.798192554991581	0.967654585810038	36	-0.965489859134028	0.536350031559801	-4.3779514826449	2.05856691435652e-05	0.000156440017927039	1.97606736630722	LogFC Significant
MEOX2	1.04820593719008	0.294543735703687	0.642175701729646	114	0.618756936049355	2.67466793439553	3.28147324210408	0.00124696802050588	0.00591700927622157	-2.11497429662497	LogFC Significant
MESP1	0.764167749821141	0.444767282582255	0.775447482761567	70	1.2920765333645	-1.80880514547522	4.77960220778275	3.71130233095454e-06	3.31031254010434e-05	3.8007644420892	LogFC Significant
MESP2	1.50541649469597	0.132217030973061	0.391004121051408	35	0.387913247166225	-2.32649915984422	1.19329837596777	0.234371067114762	0.353138876027531	-6.12542262770436	Non-Significant
MGA	-0.0123374827056821	0.990156362752977	0.999927879915109	51	-0.0102148772919926	6.03151820851824	-0.146163407350557	0.883960964622413	0.921196727029845	-7.73068696717218	Non-Significant
MIER1	1.48483811939379	0.137586711392212	0.400397270254438	108	0.227308843781622	6.23358601640142	3.90882240622827	0.000132523011704202	0.000821884944982332	-0.414723341515175	LogFC Significant
MIER2	-0.608938069328353	0.542565489379456	0.85181509200465	88	-0.173936742857027	3.29679902795298	-1.73631168185272	0.0842722062520704	0.190674766000127	-5.9206288929611	Non-Significant
MIER3	2.44369648565882	0.0145376510176218	0.0797584788070619	58	0.287269029647724	5.31823849770053	4.29587464601824	2.88301373019467e-05	0.000211756692659766	1.14738410710392	LUAD
MITF	2.3983030549932	0.0164712313663503	0.0877300599035316	76	0.462449513611299	4.42378125247653	4.35276304311019	2.28385843290871e-05	0.000171663840793195	1.47132494583672	LUAD
MIXL1	-0.754639139938672	0.450465532463946	0.778476589391311	40	-0.888593824491574	0.322794267938796	-4.20308258304842	4.19574556755381e-05	0.00029465644803461	1.31892002763067	LogFC Significant
MKX	0.296137642890451	0.767124967671761	0.955453869928816	6	0.39196021870664	0.582545037341213	1.84426180367802	0.0668390703817138	0.162634387005398	-5.42763556160253	Non-Significant
MLF1	-1.97992122207601	0.0477123813559755	0.189715765866928	41	-0.714112520001535	5.12994305552484	-5.75707745507389	3.77425282018748e-08	4.96398627573171e-07	7.59091605454359	LUSC
MLF2	-2.31342979860187	0.020699020322121	0.102771868947684	80	-0.478287884414118	6.66683506617834	-6.51632989651659	7.43657380088829e-10	1.31486273256429e-08	11.2580256211343	LUSC
MLIP	-3.32566359160369	0.000882083201716675	0.0193395427209346	59	-2.34622194021224	-3.03135132660356	-7.68599082156882	1.05250652527593e-12	2.90443855993443e-11	18.4352198195537	LUSC
MLLT1	-0.379399282312345	0.704391383424459	0.93321223704442	48	-0.180304442794923	3.40226364506654	-1.41036695747286	0.160209944219787	0.30370362618773	-6.43923372239634	Non-Significant
MLLT10	0.540266249415394	0.589013430449939	0.882886835895205	8	0.00346203700151538	5.67055108292554	0.0628843851046094	0.949930482380292	0.966357380428291	-7.69481928850714	Non-Significant
MLLT11	-3.31997297512588	0.000900261625582543	0.0193395427209346	59	-0.978402005701908	4.19627775492925	-7.12521869494072	2.62060187404521e-11	5.7903580965117e-10	14.8158682516804	LUSC
MLLT3	1.16641583161625	0.243446360677726	0.57782540454004	16	0.493150872631123	4.83091045377897	4.19180248476765	4.38978387672651e-05	0.000306796514697301	0.801472164358675	LogFC Significant
MLX	2.59379153096346	0.00949240244017846	0.0572259968924417	12	0.241372107019567	6.16919772676114	4.82332839822394	3.06033476320512e-06	2.77738888461666e-05	3.20306417248873	LUAD
MLXIP	-0.411959050718977	0.680369437692018	0.919649350068973	68	-0.0598411517047902	6.01437591169042	-0.725004079372746	0.469419791788457	0.595674780746653	-7.47584126535417	Non-Significant
MLXIPL	-0.977542932794642	0.328300433848519	0.672282374542719	29	-0.285315715422482	0.104975896817593	-1.01539449157797	0.311322447295026	0.439502880334846	-6.54558467838563	Non-Significant
MNAT1	-2.19231704384056	0.0283566219175094	0.13016337650872	32	-0.377073959595785	4.24647981666724	-4.81331166318038	3.19891537166723e-06	2.89283823711851e-05	3.37928391240738	LUSC
MNT	-0.67814019683509	0.497682806161191	0.814463793619944	41	-0.0926245830335262	3.41729595039791	-1.09837495680303	0.273552740436997	0.398089763201791	-6.82961316679607	Non-Significant
MPND	-0.117790686531911	0.90623350924326	0.999927879915109	109	0.0610278358095238	2.15299760861468	0.427128928446593	0.669811541149574	0.763958984263974	-7.1966543794903	Non-Significant
MRGBP	-2.85546158298978	0.0042974321576188	0.0324407660620246	78	-0.499859249631606	4.08779693579279	-5.37685438821269	2.40435576109963e-07	2.72490082982886e-06	5.90112874173086	LUSC
MRTFA	-0.93384417322492	0.350384279666219	0.701156159397448	81	-0.149134158521695	4.92426172135406	-1.81130630238093	0.071811675458376	0.171101227577606	-5.97635175257885	Non-Significant
MRTFB	1.84343366200379	0.0652657190521782	0.238279207012316	60	0.504768828687933	6.08790080561361	5.66162848395299	6.05349450330846e-08	7.65692570955392e-07	7.02098770261243	LogFC Significant
MSANTD1	3.60584893260441	0.000311134107456377	0.0193395427209346	12	1.1504911599091	-2.19345069666782	5.58580113487262	8.77900800446038e-08	1.08140547401349e-06	7.41866890300992	LUAD
MSC	-2.63716390505307	0.0083602425505336	0.0531245792451629	27	-1.11528042568795	1.9562121746392	-5.43354708985491	1.83380351490867e-07	2.12562473028799e-06	6.38040080586992	LUSC
MSGN1	-2.19217899156044	0.0283665847898709	0.13016337650872	9	-1.8348632779709	-5.88607155822821	-8.45528286502246	1.0716595766072e-14	4.01269089148152e-13	22.7798902768493	LUSC
MSX1	-0.977259411522177	0.328440741746219	0.672282374542719	2	-0.757997512699209	-1.29119249226172	-4.06854727498444	7.15263893358351e-05	0.000473856509275264	0.951557268331109	LogFC Significant
MSX2	-2.86092821736794	0.00422402679822007	0.0323734572932286	10	-1.0741049984939	0.810195523876265	-5.53265557792642	1.13700136933628e-07	1.37298176744295e-06	6.9520208132319	LUSC
MT-RNR1	0.87481079909473	0.381676860330235	0.731494513920474	16	0.0863498653484962	9.12571701470455	0.911292356803542	0.363397465046227	0.493642376036901	-7.74091667500955	Non-Significant
MTA1	-0.594428132400115	0.552225797013827	0.85494942205379	87	-0.509174033287868	4.20199356985679	-4.10331336502434	6.23921576046768e-05	0.00041919775305496	0.536601776039954	LogFC Significant
MTA2	-3.5163330680305	0.000437551710325703	0.0193395427209346	150	-0.559584563928002	6.94798460032895	-10.259886440184	1.25749377178433e-19	9.78422447569076e-18	33.4913766130247	LUSC
MTA3	-0.197565291869753	0.843385192572585	0.988049863877334	62	0.0222698680110988	5.59892650149499	0.305624730499724	0.7602543672124	0.832751500989543	-7.64117972909452	Non-Significant
MTDH	-0.458894637316787	0.646309829954204	0.902600240934727	89	-0.0541541410705846	8.06847267306371	-0.818817470366452	0.414006461366343	0.543948690758784	-7.6719838855286	Non-Significant
MTF1	0.700361370233367	0.483701654438838	0.802762273414172	23	-0.0108529962275328	5.15911842288213	-0.188829837152308	0.85044543979847	0.897708911675914	-7.61696722925741	Non-Significant
MTF2	-1.51718039506535	0.129221144691942	0.385719594361917	37	-0.152073622383209	5.28936058448645	-2.54053522998404	0.0119393821585915	0.0407203351556357	-4.47059863072979	LogFC Significant
MXD1	-3.05582044425643	0.0022444562239284	0.0241209277109546	84	-0.861805765272079	5.8742901946863	-7.62876729084512	1.46899621884344e-12	3.95928716059678e-11	17.4804082231137	LUSC
MXD3	-1.27817923155675	0.201186237238625	0.510078237847423	73	-0.291384750748415	0.867341522078576	-1.98886243260338	0.0482779998728002	0.126372134852228	-5.18730709134369	Non-Significant
MXD4	1.46039018698108	0.144182868184291	0.412996888314379	197	0.437617560548293	4.74678408733259	3.87412592655006	0.0001511548903524	0.000923369477847807	-0.364384393706994	LogFC Significant
MXI1	-2.11007845285338	0.0348515989109531	0.150823298735332	12	-0.347214861242488	5.79153400249339	-4.3678907462072	2.14586747619266e-05	0.000162322896378088	1.37461543642814	LUSC
MYB	0.0665561464162918	0.946935058381346	0.999927879915109	5	-0.553180191299362	2.88482994481316	-3.06219021450154	0.00254502570765781	0.010980683242316	-2.7965600014327	LogFC Significant
MYBL1	3.11444480279339	0.00184291434706528	0.0221956914311769	21	0.44774187307788	3.29814544679819	3.5726001298422	0.000456952371291358	0.00245408742644138	-1.24658115109134	LUAD
MYBL2	-2.5743149041808	0.0100438811655834	0.0593680983156129	150	-1.49147755390764	4.48312016030584	-7.0431410527499	4.15223848444653e-11	8.95300031862483e-10	14.3345613707129	LUSC
MYC	-3.23153889371322	0.00123125566323913	0.0217004484370714	57	-1.0693137274632	5.82178141793628	-7.37611190255761	6.31174059905362e-12	1.55685522115096e-10	16.048213914156	LUSC
MYCBP	1.11822168466736	0.263472325116323	0.602883146244533	27	0.173599184495261	4.5887795872983	2.66791642591205	0.00835069118756535	0.0301585004805146	-4.06843350172251	LogFC Significant
MYCL	-1.57518000988926	0.115214900009295	0.354290228512502	22	-0.736314516897501	3.73314031351401	-4.20660584638221	4.1368401308795e-05	0.000291198294231477	0.979260595798452	LogFC Significant
MYCLP1	-0.907051517113858	0.364379554822754	0.715941082695399	9	0.0183521179310447	-6.59149401553516	0.198467438055722	0.842910201863527	0.892493154914323	-7.6941995498122	Non-Significant
MYCN	-1.66822128800542	0.0952718064605435	0.311445693932391	13	-0.389487151074922	-0.0440808582586635	-1.36108626727333	0.175240069791884	0.30370362618773	-6.12340673533947	Non-Significant
MYF5	-0.807859455807668	0.419171493596441	0.767831636487575	5	-0.0807671661328513	-6.66123731703452	-1.03089950695291	0.304013488835443	0.431569223703631	-7.22128837819378	Non-Significant
MYF6	-0.607767884968111	0.543341431963062	0.852113585466798	17	-0.683783737728489	-5.2995673168396	-2.67479738505297	0.00818794781529601	0.0296676098354566	-3.32694416785443	LogFC Significant
MYNN	-2.94537639108594	0.00322562004145875	0.0286594913418105	76	-0.633794903811666	4.84296978212664	-8.6130637720678	4.09179685321401e-15	1.6356258811677e-13	23.4011273083578	LUSC
MYOCD	1.14862657535606	0.250709993949716	0.588801950702958	96	0.951127518463788	1.02439151722955	4.06742308838772	7.18420659153567e-05	0.000475514485713949	0.739632309313741	LogFC Significant
MYOD1	-2.05720627727796	0.0396663879879077	0.166981356561255	6	-1.41232147630805	-6.06769170330473	-5.53932613683008	1.10078292444515e-07	1.33335967372806e-06	6.87520153148082	LUSC
MYOG	0.0416924715175157	0.966743855603143	0.999927879915109	2	-0.157189219400076	-6.55192470888231	-1.36332891612334	0.17453380133764	0.30370362618773	-6.75948448788417	Non-Significant
MYPOP	-1.22557486424252	0.220358701588381	0.537700572876951	9	-0.34361042602453	1.81148674927792	-4.3846527125834	2.00232145410001e-05	0.000152530134001995	1.87477330274153	LogFC Significant
MYRF	3.13389309237804	0.00172503692325718	0.0221956914311769	48	1.38765128957788	3.61467825517826	7.78402450098297	5.92933081106076e-13	1.70366983428367e-11	18.6018901547763	LUAD
MYRFL	2.3658274902694	0.0179898247533208	0.0938099134240728	14	0.894711120758315	-2.13794110162408	3.15177322087732	0.00191013749529602	0.00856758541962389	-2.04345575138475	LUAD
MYSM1	0.627506937506194	0.530326990068693	0.845827320141331	40	0.0672554415199698	6.27182734889364	0.955863826079651	0.340462282883846	0.47006630472182	-7.31407822798132	Non-Significant
MYT1	0.838428788407775	0.401789926657298	0.754718590016702	24	0.868681651949015	-1.71660129398208	2.13318122072096	0.0343062675735854	0.0960922954670263	-4.6480005852082	Non-Significant
MYT1L	0.176668181450039	0.859769035216804	0.997351948420187	7	0.818565393739645	-4.8943301918473	2.22155111985448	0.0275987097029589	0.0808373880127073	-4.31302243667671	Non-Significant
MZF1	0.0294294270891354	0.976522103541051	0.999927879915109	175	0.0382006858324456	3.70104391904397	0.358289628167146	0.720559281363252	0.80252094796232	-7.40024507222406	Non-Significant
N4BP2L2	1.49689230880729	0.134421281810751	0.394276166377446	75	0.216910850417361	6.83086478659725	3.35240783097987	0.000982184913941755	0.00481034278448894	-2.37441300245935	LogFC Significant
NAB1	-3.48174450750262	0.000498158751575966	0.0193395427209346	43	-0.557794521145333	6.16026934962535	-8.52416416729329	7.04495948251399e-15	2.70354304847064e-13	22.7280962177143	LUSC
NAB2	-2.13640455741134	0.0326464529113598	0.144392241070508	14	-0.460755522873515	5.1135694063606	-4.3380289436309	2.42642139369282e-05	0.000181281572514246	1.33587819420852	LUSC
NACC1	-0.174563638260432	0.861422522274389	0.997541190730665	125	-0.241761478004803	4.31525464389187	-1.87106175061875	0.0630091733670168	0.155917369964696	-5.79726460622081	Non-Significant
NACC2	1.7874683216695	0.0738618277027263	0.261152288391112	26	0.271013046936195	3.97601658456381	3.04356959276915	0.00269933653707522	0.0115495198037173	-2.97138265060886	LogFC Significant
NANOG	2.32206037461247	0.0202296849463372	0.101325778544784	14	0.0399692831386444	-6.18020763540321	0.237902231295316	0.81223580440566	0.870527127215577	-7.33090329803992	VIPER Significant
NANOGP1	1.05249871573254	0.292570799436642	0.640656668777292	9	0.626979046816953	-5.33903804031953	2.3766180937698	0.0185542358629886	0.058610146261347	-4.06206348885175	Non-Significant
NANOGP8	1.49981148858039	0.133663240533639	0.392966013164785	4	0.337274859426077	-5.79203672598381	1.66824605868653	0.0970587850610728	0.212390699949159	-5.68656851159408	Non-Significant
NCOA1	-1.86894554268432	0.0616303912201652	0.227828373921272	18	-0.153180505447014	6.5452337087636	-2.23913577367353	0.0264094179214926	0.0779868639944912	-5.32462327944241	Non-Significant
NCOA2	2.90364728709431	0.00368843433527601	0.0303540005952222	77	0.434492376205098	6.69612107782926	6.10104011981916	6.60544219706922e-09	9.9415714770797e-08	9.11304767607838	LUAD
NCOA3	-1.77517220523733	0.0758694576026169	0.265607209171668	30	-0.354019952021022	7.13997351137015	-5.46057351621605	1.61059135969422e-07	1.89014188029059e-06	5.93935113958058	LogFC Significant
NCOA6	-3.08428584217065	0.00204041451315149	0.0233220751070407	11	-0.213158413928458	6.56899936421152	-3.81070259578227	0.000191813129134535	0.00113972476519617	-0.806506687707607	LUSC
NCOA7	2.73671326185953	0.0062056357174315	0.0423840697979675	43	0.763736346415342	7.47764945801178	5.67374047768371	5.70283575478572e-08	7.24399651068463e-07	6.90846418991041	LUAD
NCOR1	1.42299686128036	0.154737065133062	0.434562275226837	21	0.185728998561751	7.22762622545536	3.74141287965292	0.000248000373550417	0.00142940847853803	-1.13316095735315	LogFC Significant
NCOR1P1	-9.03891221019136e-05	0.999927879915109	0.999927879915109	8	-0.314539228363058	-6.47353593323523	-2.00586263752225	0.0464144970144263	0.12244270544908	-5.62992194856338	Non-Significant
NCOR2	0.467440704668798	0.640184605939279	0.900834399948193	68	0.151948946760601	5.81873545570828	1.29980868485776	0.195379522733535	0.306053362683072	-6.87117479239975	Non-Significant
NDN	0.49903010169888	0.617758178090661	0.893719325400208	17	-0.0324222201287952	3.5303385635228	-0.251561193988689	0.80167602238751	0.862987145403078	-7.41332021292634	Non-Significant
NELFA	0.024583061871531	0.980387529885983	0.999927879915109	48	-0.104812100675677	3.19098092226879	-0.880962217519823	0.379549020553003	0.509702884169618	-7.0182983180829	Non-Significant
NELFB	-0.0982946108244253	0.921698357399295	0.999927879915109	179	-0.142253792098503	4.55965857229541	-1.19502886633894	0.23369603982824	0.352330430276719	-6.85057557356779	Non-Significant
NELFCD	-2.83506423383955	0.00458164726298343	0.0336994421394532	27	-0.36593233011929	6.54753779889148	-5.29448190200161	3.55209750946894e-07	3.90899727220667e-06	5.24348312308277	LUSC
NELFE	-0.762088854821239	0.446006974222848	0.775447482761567	101	-0.117238666802521	5.75072810738229	-1.61118458857156	0.108945302622995	0.232406054191482	-6.41345145731037	Non-Significant
NEUROD1	1.40773887912848	0.159208404779925	0.444632095685798	13	0.894071634811486	-5.48315443330501	2.33218033493006	0.0208317387098351	0.0644364388784067	-4.22405809959174	Non-Significant
NEUROD2	-3.43292415259533	0.000597109111215796	0.0193395427209346	48	-2.59835256768382	-4.9771455604469	-8.46754936834221	9.94618405211452e-15	3.74627329145744e-13	22.9759499255513	LUSC
NEUROD4	0.154328373797381	0.877350826253217	0.999927879915109	5	0.032833520934807	-6.4742363316029	0.205523813400136	0.837402259291413	0.888676775105377	-7.60493553212181	Non-Significant
NEUROD6	0.243668494361219	0.807487575834709	0.969911984135431	10	0.143363419464085	-6.55005150749947	1.4185353685952	0.157816557407753	0.30370362618773	-6.68192715619304	Non-Significant
NEUROG1	-1.33819682947964	0.180832282385886	0.477777925040604	9	-0.656657750691099	-6.46820903252071	-4.25268848424696	3.43567040290287e-05	0.00024721086555729	1.01149373050228	LogFC Significant
NEUROG2	-0.0460537941263269	0.963267373848152	0.999927879915109	4	-1.13955093603159	-5.69669527625291	-4.26966051979221	3.20734283079667e-05	0.000232690115893811	1.63978050893974	LogFC Significant
NEUROG3	-0.289053824035243	0.772540188998437	0.95985577905212	8	0.155392498601078	-5.90890962763547	0.738186399151874	0.461391965251737	0.588431924723569	-6.87277513708543	Non-Significant
NFAT5	0.121407987312359	0.903367890720306	0.999927879915109	29	0.0621072385954239	6.38510928238368	0.74289511425828	0.45854329145951	0.585906786125845	-7.50923532989821	Non-Significant
NFATC1	-1.92542363043097	0.0541763816674393	0.209204181515804	11	-0.402408316023773	3.58998478792404	-4.25892567427565	3.3500074219797e-05	0.000241833561746147	1.19597664306604	LogFC Significant
NFATC2	1.33416913658354	0.182148431882655	0.479363107759334	69	0.441925975734281	4.74777215402251	3.88403389410312	0.000145594930492261	0.000892297197763363	-0.329006279359056	LogFC Significant
NFATC2IP	-0.424925877543674	0.670890709656772	0.913940668243418	60	-0.0550280693133236	6.0355704592558	-0.992175007909842	0.322484822416955	0.451820806390488	-7.24919547287619	Non-Significant
NFATC3	0.451917300880987	0.651328560315946	0.902600240934727	34	0.00955867053093874	5.34126600736991	0.122765167706006	0.902434216360224	0.933601494515463	-7.64919570292757	Non-Significant
NFATC4	0.264646172753455	0.791282047171108	0.967654585810038	75	0.307184754649261	5.20740579618404	2.30965396084464	0.0220774879595035	0.0676317807718814	-5.00434420289909	Non-Significant
NFE2	3.11395819800568	0.0018459564088678	0.0221956914311769	84	1.3551233076584	0.979003252191818	6.77043398183375	1.87747755755075e-10	3.6395170664201e-09	13.1763340193579	LUAD
NFE2L1	-2.99050609404538	0.00278515571869254	0.0264506647464722	30	-0.500352573044987	8.11883387869561	-7.64193134653715	1.36067893509672e-12	3.69080534601981e-11	17.2878876351501	LUSC
NFE2L2	-3.5301330027458	0.000415350810139063	0.0193395427209346	75	-0.669607749967699	7.94843755144046	-7.50473546716023	3.01377400730806e-12	7.78076631841085e-11	16.5243047512201	LUSC
NFE2L3	-0.0141413501237022	0.988717211119829	0.999927879915109	14	0.0203897403001096	5.78011876176223	0.142745570521433	0.886655678088199	0.923032406295166	-7.70003699496658	Non-Significant
NFE4	1.69107625735995	0.0908222391631109	0.301938834833654	11	1.5644340260414	-2.98795370534857	3.96925549545986	0.000105168657617375	0.000668867930448412	0.70843557919548	LogFC Significant
NFIA	-0.874628599601514	0.38177602120949	0.731494513920474	16	-0.137914909854201	5.0974433458463	-1.25231898035169	0.212128086776544	0.326715391619335	-6.84418853044186	Non-Significant
NFIB	1.90360725320597	0.0569613534781764	0.216216252900148	14	0.56501542604603	6.04023935308117	4.59553191868214	8.24592333744239e-06	6.82612745972171e-05	2.26319598917962	LogFC Significant
NFIC	0.536843250385043	0.591375893565264	0.882886835895205	90	0.33868174999343	5.52935726965369	3.96298077725454	0.000107736807671637	0.000683492730978545	-0.133672726104352	LogFC Significant
NFIL3	-3.27341319363264	0.00106257022850694	0.0203203906556375	32	-0.394573114924452	5.89104939562207	-4.77144536862319	3.84673239482746e-06	3.4179295380337e-05	3.01552679953064	LUSC
NFIX	-0.378632122570718	0.704961064804857	0.93321223704442	44	-0.0930463156918799	5.43325610167791	-0.715386277258952	0.475325693580067	0.601183686116255	-7.41145866867017	Non-Significant
NFKB1	1.11012167711842	0.266946597369754	0.606367384070662	17	0.135951130393483	6.41177403657561	2.02993001975246	0.0438809958414447	0.116966513437616	-5.74468296289503	Non-Significant
NFKB2	0.329264648007411	0.741955662451296	0.950726207977377	22	-0.134097173465145	5.55566480093809	-1.30181157447453	0.194695274152411	0.305233339100364	-6.8364359592816	Non-Significant
NFX1	-0.473100400276939	0.636141551228144	0.898787015199749	44	-0.0437889817905218	6.38480522720301	-0.57742069589851	0.564398942428906	0.67825440639612	-7.61859784350807	Non-Significant
NFXL1	0.20038872566146	0.841176576287302	0.986613647888378	16	-0.0132195233114885	4.59197686549955	-0.186504628499255	0.85226551568566	0.898981438888798	-7.55023707539399	Non-Significant
NFYA	1.21040388960091	0.226123950113378	0.547716395449534	18	0.193615923637607	5.99820747409308	2.93929033103124	0.0037346596046224	0.0152668612339987	-3.50495583806487	LogFC Significant
NFYB	-1.65237465454429	0.0984581990512236	0.318687040643277	48	-0.193066419725272	5.76730351715514	-3.88967249727577	0.000142518066883614	0.000875443547976772	-0.427289894865062	LogFC Significant
NFYC	-0.23876239353722	0.811289832517614	0.970876833274079	21	0.0390065374591648	5.26308691431863	0.587806316372432	0.557421579519183	0.6724262023899	-7.4741480432779	Non-Significant
NHLH1	-0.0762520322501628	0.939218587398467	0.999927879915109	5	-0.0474333939102554	-2.79941381570175	-0.224568401903004	0.822577570436543	0.877920534415243	-6.76595167835873	Non-Significant
NHLH2	-0.0341218454219977	0.972779988498905	0.999927879915109	6	-0.989110276758208	-2.4630453383119	-2.50974348050834	0.0129916553827931	0.043653815095669	-3.74425802513984	LogFC Significant
NKAP	0.143372186100393	0.885996248292406	0.999927879915109	35	0.0721929501200767	4.23273302918247	1.41622220100121	0.158491537965676	0.30370362618773	-6.5258487196586	Non-Significant
NKRF	-1.59210950763187	0.111360101174697	0.34561218417124	43	-0.298284577815109	4.5760618390652	-4.9997643618096	1.38827229597714e-06	1.35151375651602e-05	4.14948434327744	LogFC Significant
NKX1-2	-1.25070195420176	0.211043237234054	0.523275088703832	18	-1.2038611590814	-4.5941543492797	-3.45730952709442	0.000685250550513912	0.00351013282800996	-0.980988728808836	LogFC Significant
NKX2-1	3.60449187952817	0.000312764227260443	0.0193395427209346	265	3.96551178786309	4.40910996884196	16.2854884159172	7.2142320588115e-37	6.55541808115503e-34	73.2120670824343	LUAD
NKX2-2	-0.13524157006992	0.892420880829089	0.999927879915109	5	-0.581016467608324	-6.16360283025426	-2.46176023258303	0.0147967868347761	0.0486401353278046	-4.36159837676772	LogFC Significant
NKX2-3	-0.339329838190736	0.734361267042909	0.944044445724815	4	-1.61392698002516	-4.79836799708912	-5.26744529043153	4.03400538704863e-07	4.39277547882209e-06	6.03192006060064	LogFC Significant
NKX2-4	0.0382007829290768	0.969527596665928	0.999927879915109	4	-0.725841530770503	-5.84228519626369	-2.38872541828907	0.0179731065089336	0.0571755124914726	-4.29412257543172	Non-Significant
NKX2-5	-3.35127726660141	0.000804397189394678	0.0193395427209346	56	-4.08457302679552	-4.8643056575734	-12.6727183393046	1.61217289486554e-26	3.46147805603914e-24	49.4075223589029	LUSC
NKX2-6	-0.0745411930902594	0.940579764972574	0.999927879915109	4	-0.14135346565221	-6.71428171626666	-2.3748440570059	0.0186407649022234	0.0588432979413487	-4.99430475646863	Non-Significant
NKX2-8	-0.543614714840126	0.586706631718077	0.881157005602018	13	-0.29128052169495	-4.88973594243846	-1.02785308836395	0.305440400443435	0.433155034092544	-6.2027561095367	Non-Significant
NKX3-1	-1.29730689234415	0.194525613853436	0.499497995674808	9	-0.69983803259209	1.99280613287367	-3.90978265544585	0.000132039785058758	0.000819383369869666	0.0628070298263879	LogFC Significant
NKX3-2	-1.55468785817938	0.120020427714008	0.365707160621743	23	-0.920915628965984	-2.57869863824026	-2.78293944942852	0.00597987706355365	0.0228002415896891	-3.04496512596053	LogFC Significant
NKX6-1	-1.69980317883605	0.0891679534089487	0.298415417408615	14	-1.62090178852283	-3.45761546780754	-5.16285111778556	6.57209408321925e-07	6.84600981614523e-06	5.55000457685156	LogFC Significant
NKX6-2	-0.787081025341979	0.431234436193288	0.767831636487575	3	0.0071119169597804	-6.72408514871238	0.12475126800354	0.900863944881543	0.932625937363786	-7.7778258251581	Non-Significant
NKX6-3	-0.929898624682387	0.352423575160069	0.702679601891833	14	-0.939946635333592	-3.49816574076507	-2.71581115567777	0.0072759316582982	0.0268739971230429	-3.15686758201915	LogFC Significant
NLRC5	-0.0280678671653518	0.977608022258657	0.999927879915109	94	-0.191127508897711	6.04818716734044	-1.329489539867	0.185420494822087	0.30370362618773	-6.86076168489857	Non-Significant
NOBOX	0.0195149266705429	0.98443032954971	0.999927879915109	3	-0.782665915946096	-6.42829148741092	-3.93283569507924	0.000120929179945357	0.000756714492215867	-0.152368625310553	LogFC Significant
NOC2L	-0.476404504492912	0.633786226169705	0.898758998692632	79	-0.334789975839513	5.17300537526626	-3.12975615117406	0.00205090357278967	0.00910779835703582	-2.855205334428	LogFC Significant
NONO	-2.7062784968591	0.00680419572945579	0.0455240218564572	23	-0.106852579676069	8.1618623745987	-1.9836755456761	0.0488590394332308	0.127571506008486	-6.06628840034364	VIPER Significant
NOTO	2.86421611113855	0.00418042690777893	0.0323440857858591	13	1.46888477771112	-5.05353518148914	4.07283319818714	7.03349804141886e-05	0.000466753496786176	1.10956112785449	LUAD
NPAS1	-0.668169204737195	0.504025590509525	0.818837690730685	23	-1.03868046991818	-2.84238174550804	-4.08603909642149	6.67818870267405e-05	0.000445732306301511	1.12610966442878	LogFC Significant
NPAS2	-1.10874363655006	0.267540791536961	0.607030406108721	17	-0.285558607251799	4.3417805498409	-1.96538862843551	0.0509550072719233	0.131895846693344	-5.62260335824313	Non-Significant
NPAS3	1.2887416900734	0.197487903622346	0.504523804673882	14	0.811292945314518	-0.104221618878778	2.95369105235048	0.00357273039730255	0.0146981937906975	-2.7890202652114	LogFC Significant
NPAS4	-0.0487841130761132	0.961091343027797	0.999927879915109	23	-0.115280626445064	-4.4314930938158	-0.397913124268964	0.691180195336568	0.779697963153619	-6.62546749759329	Non-Significant
NPAT	-0.315457996443704	0.752413938093396	0.952760818326182	60	-0.090397500591974	5.59556666665003	-1.51440245633345	0.13173149481406	0.268104125014869	-6.54423997028781	Non-Significant
NPM1	0.0896075148182807	0.928599112472599	0.999927879915109	28	-0.181281620285989	7.46325089935092	-2.48827353247006	0.013773554595948	0.0458541772436643	-4.87056538038784	LogFC Significant
NR0B1	-0.128594532838784	0.897678492551752	0.999927879915109	14	-0.615852797290202	-3.9566434590261	-0.980834047610433	0.328031364845328	0.457659200820315	-6.23784855251258	Non-Significant
NR0B2	2.84085683728853	0.00449925054349715	0.0333376202632556	102	2.38178718254466	-2.05149656331353	5.88321616756592	2.00629440036482e-08	2.77048295405602e-07	8.8353543902355	LUAD
NR1D1	-1.35567901719378	0.175201318408767	0.469698594612556	24	-0.511579794597713	3.6054275200923	-3.24396810349936	0.00141250252588056	0.00659116034222451	-2.33253176319525	LogFC Significant
NR1D2	0.0861510857602934	0.93134631397944	0.999927879915109	8	-0.00975659894345514	6.38458177432147	-0.11335489665094	0.909879394301671	0.938864906386188	-7.77933747241271	Non-Significant
NR1H2	0.0149695500552887	0.988056473196087	0.999927879915109	91	-0.0478872090679093	4.23121537866071	-0.335030187232426	0.738004377506309	0.815896644516078	-7.46937331668701	Non-Significant
NR1H3	0.537249499933784	0.591095283268989	0.882886835895205	106	0.221421257068866	4.71155931559938	1.93674412365449	0.0543905259668838	0.138802221883192	-5.72027248685038	Non-Significant
NR1H4	2.70616767215011	0.00680646699393073	0.0455240218564572	18	1.59471010775515	-4.1408112341877	4.48242222525033	1.3320016879595e-05	0.000105661489447982	2.70870232754088	LUAD
NR1I2	2.21426825183929	0.0268103312298681	0.125198011882733	13	0.279605929263309	-1.98182615006479	0.95994129575112	0.338411860106347	0.468127616043232	-6.40287076775423	VIPER Significant
NR1I3	-0.0150878381419533	0.987962103615902	0.999927879915109	6	-0.119763966436399	-1.05840858813573	-0.8911261455243	0.374087533116567	0.504401321166945	-6.54863462796126	Non-Significant
NR2C1	-0.621632865050851	0.534183305427468	0.849279554472174	15	0.0726100593115514	4.94475116871074	1.18217731534117	0.23874241061682	0.358039736720034	-6.91100932190003	Non-Significant
NR2C2	-0.0349024426635752	0.972157532837606	0.999927879915109	13	0.00824251379366089	4.0909010377347	0.129222868702113	0.897330002235341	0.930368069719179	-7.50103277249675	Non-Significant
NR2E1	1.3430543188362	0.179254385812748	0.474901737800807	8	0.0653427630181474	-3.39418953875237	0.154591262406975	0.877322067254249	0.91664601183294	-6.73380818609182	Non-Significant
NR2F1	2.97674773403838	0.0029132361080295	0.0269575027876647	60	0.970430579764692	4.29450723062473	7.17063217712604	2.02906265559613e-11	4.57064551981694e-10	15.0577877872649	LUAD
NR2F2	1.47039688639617	0.141454294163638	0.408690967885733	23	0.200632917829325	5.60126814755986	2.05554876798603	0.0413145474051484	0.111523635842045	-5.59325618802857	Non-Significant
NR2F6	1.13034703523145	0.258330022532959	0.597493442674585	100	0.396308765529197	3.41914175965801	3.52390904534965	0.000542900118856501	0.00285717400435742	-1.42124863820193	LogFC Significant
NR3C1	2.68206332993351	0.00731696067356248	0.0483304507648469	125	0.373330528729918	7.2154815540559	5.0282166531387	1.21990112493638e-06	1.19976591889279e-05	3.9631390907914	LUAD
NR3C2	3.31335728704764	0.000921831382206405	0.0193395427209346	127	1.64962542714816	3.98686904553597	11.0942871260237	5.48497825452704e-22	6.00233555827662e-20	39.1630142461448	LUAD
NR4A1	1.78660212034696	0.0740018187721826	0.261152288391112	23	0.732855006641224	5.91696771586478	3.29436161632022	0.00119438565921876	0.00569985076010557	-2.44293624345798	LogFC Significant
NR4A2	1.31004948979823	0.190179094055044	0.492112913482639	16	0.824237288887344	5.15237989801289	4.35677053685266	2.24649576956894e-05	0.000169219775080069	1.40519154968834	LogFC Significant
NR4A3	0.126113090615026	0.899642405393966	0.999927879915109	20	0.299445563157881	4.26346738235272	1.27375717430893	0.20444205416378	0.31735573558397	-6.71957905350092	Non-Significant
NR5A1	-0.0327786952392836	0.973851067818063	0.999927879915109	8	-1.0956922411342	-4.80989928686854	-3.27592340967038	0.00127026783478648	0.00601012078483912	-1.5580597051949	LogFC Significant
NR5A2	1.73995372011114	0.081867144669598	0.27909885653065	29	0.324454253944459	2.33557699929503	2.75796146700594	0.00643539044587287	0.0242409710732613	-3.5815740469037	LogFC Significant
NR6A1	-0.00586339646719657	0.995321713291102	0.999927879915109	6	0.00467202851759814	2.50759585517294	0.032719530653302	0.973935612796913	0.98296963740358	-7.3278521479113	Non-Significant
NRF1	-2.56316511812267	0.0103722707342451	0.0608991802174389	33	-0.124503915792167	4.11218509209359	-3.2039178937303	0.00161168007597467	0.00739312650735122	-2.51105032472003	LUSC
NRIP1	-0.178861528964435	0.858046431037475	0.996797875474514	22	-0.0641921505833873	6.54870779845945	-0.575442321451836	0.565732864341892	0.679295937490302	-7.64059003298189	Non-Significant
NRL	0.753947720747479	0.450880614273952	0.778476589391311	31	0.223748284142173	-0.65241013283954	2.08915628831521	0.0381431072506566	0.104560154907984	-4.83269047708668	Non-Significant
NSD1	-0.00353727986933924	0.99717766489069	0.999927879915109	14	-0.165306198415114	6.81960289471003	-2.45429116579265	0.0150969853213665	0.049444886082452	-4.86815259848961	LogFC Significant
NSD2	-1.39972640369596	0.161595263921921	0.448181339717152	39	-0.208320126873719	6.58023716911352	-2.52326940398278	0.0125196337906342	0.042364282821533	-4.67117201342933	LogFC Significant
NSD3	-2.31868743371122	0.020411990384447	0.101773398175624	47	-0.637323970561411	7.03168495037534	-5.74568279720042	3.99427954700091e-08	5.223667669717e-07	7.31237945867325	LUSC
NSMCE3	-1.39232868723941	0.163822888314532	0.451863131504917	5	-0.0952092558834034	4.30893972939204	-1.76080430657945	0.0800217674745143	0.183812019126445	-5.99360634132102	Non-Significant
NUP107	-2.15210116060493	0.0313893877691041	0.14100646675696	61	-0.293165068089722	6.141907833935	-2.72243489524068	0.00713758413619996	0.0264474700615067	-4.11178278049159	LUSC
NUP35	-0.779487837198283	0.435692399559041	0.767831636487575	56	-0.168784042544432	4.09684500830771	-2.35470006688805	0.0196485521446613	0.0614376182405631	-4.77344782602929	Non-Significant
NUP85	-1.98860483947374	0.0467448368159657	0.186979347263863	53	-0.188631225451409	5.79305178484172	-3.2770256332719	0.00126560836315528	0.00599201847009307	-2.48178235497171	LUSC
NUPR2	-2.43036436124297	0.0150836506788281	0.0818075392070145	4	-0.922435988549862	-4.62223148336651	-2.5746024866834	0.0108645503227596	0.0376495442083486	-3.48507115313479	LUSC
OLIG1	1.04007581916406	0.298304676921316	0.646165902112193	8	0.586110257290266	-4.14892572690072	1.88534881078995	0.0610433648399123	0.15220759815973	-4.96334094158378	Non-Significant
OLIG2	-0.0712845113161868	0.943171322046911	0.999927879915109	3	-1.03663752513782	-5.11048990749973	-3.80122894315198	0.000198711494739601	0.00117659217143581	0.127871262381156	LogFC Significant
OLIG3	-0.075464659083055	0.939845015294422	0.999927879915109	7	-0.138844824475227	-6.47194849435799	-1.00734753202778	0.315161431964152	0.443632216512526	-7.11650664876752	Non-Significant
ONECUT1	3.185947318831	0.00144280867132471	0.0217633093901877	12	2.34943115748918	-2.57507346861168	6.47276195192433	9.38807723259321e-10	1.62878178676351e-08	11.82380578804	LUAD
ONECUT2	0.000142915155226522	0.999885970204528	0.999927879915109	5	0.0718019394639719	0.573411603305337	0.197470673635895	0.843688870607405	0.893094628148539	-7.08992103395668	Non-Significant
ONECUT3	-3.45840353492615	0.000543386824967379	0.0193395427209346	50	-3.07474488166025	-4.9840123572302	-9.39304880766624	3.19735460116415e-17	1.75568751071899e-15	28.5654041984573	LUSC
OSR1	0.788690933244222	0.430292668436978	0.767831636487575	61	0.471267422942212	1.49048481193461	2.46205436351255	0.0147850744040992	0.0486110548637973	-4.23213287062476	LogFC Significant
OSR2	-1.52200481019957	0.128007875424877	0.383069767292329	32	-0.55193547208276	1.48157174615532	-2.81848958410099	0.00538200936462144	0.020824950842379	-3.32621069798431	LogFC Significant
OTX1	-2.92372804913665	0.00345866771768346	0.0292924939129739	35	-1.206699999153	1.27972688526594	-6.45261959032224	1.04528407679842e-09	1.79757774694032e-08	11.4731583645699	LUSC
OTX2	-3.21097120978754	0.00132287187475592	0.0217633093901877	41	-2.07047660541165	-4.84297671237581	-5.26599977024504	4.06148847102494e-07	4.41986531943061e-06	6.02330955301187	LUSC
OVOL1	-2.36127643693049	0.0182121491699433	0.0944961124890079	35	-1.40365367644258	1.08521782139134	-6.38976890453457	1.45977006622278e-09	2.45397620052238e-08	11.1638907287345	LUSC
OVOL2	2.70530991929612	0.00682406901334343	0.0455240218564572	41	0.609831629074107	1.98598159059309	4.20935873861225	4.09136613472275e-05	0.000288436211043921	1.17524137012177	LUAD
OVOL3	-0.132445437792029	0.894631977046651	0.999927879915109	8	-1.00525951688803	-3.79501252800947	-4.64150175948454	6.76936813994604e-06	5.70496964506947e-05	3.34047256891837	LogFC Significant
PASD1	-0.136025516704614	0.891801109030673	0.999927879915109	6	-0.721547205911901	-6.01285496174698	-2.72613990508699	0.00706124193251798	0.0261970222352078	-3.5818709771846	LogFC Significant
PATZ1	0.281180303777638	0.778572110804983	0.962667979369708	40	0.0141868497274586	5.26794786891243	0.178843898208092	0.858267578676728	0.902966981796348	-7.63187387530073	Non-Significant
PAX1	-0.671048688980653	0.502189512863984	0.818503686551039	3	-1.25763747074805	-5.33157188806651	-4.28420172168684	3.02334994930066e-05	0.000220726234605615	1.84713698197703	LogFC Significant
PAX2	-0.0359555113236486	0.971317832817395	0.999927879915109	7	-0.736632112735342	-6.07513319961672	-3.10779498479564	0.00220082225323152	0.00966040898684607	-2.56749140956011	LogFC Significant
PAX3	-2.30459204244684	0.0211894320616885	0.104030267921444	10	-2.45130334245731	-4.51661001090585	-6.69038351721487	2.90580364827038e-10	5.50296704301774e-09	13.0031053447434	LUSC
PAX4	0.013627904336621	0.98912684209483	0.999927879915109	4	0.0702061933284648	-6.48872483906867	0.487915194280247	0.626221887838185	0.729698350916736	-7.51914059533923	Non-Significant
PAX5	-0.0478463806286363	0.961838672464085	0.999927879915109	58	-0.113993810899033	1.74814379366908	-0.417083107731855	0.677129849780378	0.768726053603691	-7.1547396479329	Non-Significant
PAX6	-3.68864450465254	0.000225451966920252	0.0193395427209346	81	-1.48180054111841	1.21361341278352	-8.23840052501521	3.97931342737557e-14	1.35900230245257e-12	21.4588368960379	LUSC
PAX7	-0.0112123936816057	0.991053991637569	0.999927879915109	2	-0.109001865965656	-2.13835896119221	-0.157646399079694	0.874917558420115	0.914939155651052	-6.83412133654959	Non-Significant
PAX8	-0.398201075032883	0.690481973586936	0.921982733285851	12	-0.0862167803379561	1.87301022631348	-0.395166165763408	0.693202493888315	0.781131832363007	-7.17786546948306	Non-Significant
PAX9	-3.00414138033185	0.00266331531838964	0.0262939152328268	37	-1.12010142161329	3.22309035646616	-4.29371204822668	2.90853292241842e-05	0.000213353908447721	1.37013541784936	LUSC
PAXBP1	-0.137094265845429	0.89095628486729	0.999927879915109	23	-0.0737596586812843	5.94932956208878	-1.10297431280024	0.271555859972122	0.395919760774208	-7.12270304764671	Non-Significant
PAXIP1	-0.813781870698394	0.415769922679969	0.764529308371224	32	-0.00198452758168733	4.48150610904282	-0.0296560974521404	0.976375187955442	0.984334573459806	-7.55431712811329	Non-Significant
PBX1	0.000978664470935918	0.999219138853083	0.999927879915109	3	-0.436489487114802	6.10899377223529	-3.53192214728152	0.000527782403486172	0.00278944073367235	-1.70341904606071	LogFC Significant
PBX2	0.795047623287166	0.426585800304739	0.767831636487575	23	0.151556892911136	6.24482317601804	2.29303372269047	0.0230380615223722	0.069926322614222	-5.16773352097226	Non-Significant
PBX3	-0.449282251093229	0.653228059785378	0.903887371239169	10	0.334951045239573	4.99219526993062	3.45836883812267	0.000682735039633471	0.00349900848290753	-1.81185757799796	LogFC Significant
PBX4	0.174749763496126	0.861276263727935	0.997541190730665	65	0.039475420399815	0.326467721777672	0.251082707653957	0.802045336807633	0.863194474832488	-7.05098108105367	Non-Significant
PCBP1	-2.20768168402987	0.0272664705071469	0.126154545572237	25	-0.187451836606417	6.33754053034271	-3.51441356479203	0.000561341180170077	0.00294175152359779	-1.78934672144695	LUSC
PCGF1	1.37842841888515	0.168071054170253	0.459165546631112	14	0.022457652961128	4.27239946397793	0.350231057412031	0.726587335046782	0.807114827461646	-7.46893005648639	Non-Significant
PCGF3	0.129313256725028	0.897109782157154	0.999927879915109	35	0.075096835918142	5.96814411159396	0.981426173709629	0.32774023718034	0.457405212818387	-7.25140747444592	Non-Significant
PCGF5	1.26758229947448	0.204947156307516	0.514905462772459	68	0.228908375833702	6.54085016424979	3.14975777154044	0.00192264111229782	0.0086191098264811	-2.96145217671829	LogFC Significant
PCGF6	-1.875654156585	0.0607027847145745	0.226143212814222	70	-0.343756188984138	2.97295212041179	-5.00023069633265	1.38533914923922e-06	1.3491745061854e-05	4.32117690742512	LogFC Significant
PDX1	-0.375933841790081	0.706966080693305	0.933939401336945	8	-0.082558877911043	-4.57337824354734	-0.197824664022485	0.843412316916162	0.892876176141549	-6.68693153691762	Non-Significant
PEG3	0.989759182828407	0.322291839838958	0.667865855930472	46	0.233053924942159	2.29382100016547	1.52824555420646	0.128260715287508	0.263236055421479	-6.14253957474797	Non-Significant
PER1	0.34315491405276	0.731481920915227	0.944000333641141	37	0.324259512395336	5.06665126784391	2.02939148231983	0.0439363711195144	0.117080856454666	-5.58168402579813	Non-Significant
PER2	1.19055475033941	0.233828424384417	0.562308354687318	10	0.134287029322177	5.03677122709159	1.37807594358044	0.169942878563965	0.30370362618773	-6.67265965816933	Non-Significant
PER3	2.24581549697725	0.0247158282688021	0.118165198008939	43	0.429772782484635	4.89854176210048	2.96163833114068	0.0034861503505837	0.0143908693712827	-3.3109800509909	LUAD
PERM1	-0.261973370493706	0.793341972656354	0.967654585810038	29	-0.120053045660706	-0.715392593521199	-0.610877270926506	0.542075050979334	0.658566369985553	-6.79002095347725	Non-Significant
PFDN5	0.930494664948767	0.352115025139272	0.702679601891833	44	0.0325765287309894	7.40181758241385	0.745320348048896	0.457079965242919	0.584984182881066	-7.6394182258102	Non-Significant
PGBD1	-1.95250599795477	0.050878159544159	0.199537781962249	8	-0.385910067837271	2.81279407565045	-3.86188866173885	0.000158300414661003	0.000961249988119306	-0.196043178510307	LogFC Significant
PGR	1.34912849411386	0.177295697381442	0.473417234497256	80	0.607866497005221	2.17201291635894	3.79570872994063	0.000202838838266594	0.00119754694558927	-0.36155096494627	LogFC Significant
PHC1	-0.142220476535847	0.886905858252598	0.999927879915109	35	-0.0434411563517696	2.822310688855	-0.426000835502297	0.670631790890374	0.764534665096504	-7.2734162473961	Non-Significant
PHC2	2.97117290464913	0.00296664705946333	0.0270773967972835	72	0.478503416814504	6.68614713061139	5.27617103871713	3.87190947107028e-07	4.22984081891117e-06	5.14275311078153	LUAD
PHC3	-2.38948749053007	0.0168718984248924	0.089154663255747	28	-0.489412428043472	5.61838721826923	-5.72196353259493	4.4932763835569e-08	5.82534680391532e-07	7.36602823162249	LUSC
PHF1	0.433215194332402	0.664858441406869	0.910044819594406	41	0.073243743674699	5.76126459906203	1.05439727804773	0.293157583198564	0.419658952334715	-7.1517600469472	Non-Significant
PHF10	-0.911054545024672	0.362266634822357	0.715271782422118	38	-0.0936065594804602	6.42113684838422	-1.44476609923016	0.150315378014571	0.297035001578558	-6.74875939445397	Non-Significant
PHF12	1.24916898598251	0.211603272922067	0.523275088703832	52	0.163452945304867	6.08166784111368	3.19707454080045	0.00164821648196284	0.00753830162692441	-2.76193908401502	LogFC Significant
PHF14	0.407388825862108	0.683722432643407	0.91977763756208	17	0.0642057341541525	5.86976037969432	0.872830231773799	0.383954087743354	0.514249669910465	-7.33980039874889	Non-Significant
PHF19	-1.30052934273517	0.193419606150454	0.499211528470581	40	-0.08380429436143	4.67222565904373	-0.857557215737638	0.392312292517911	0.522441302268121	-7.20901975743472	Non-Significant
PHF2	-0.23170520416764	0.816766989036669	0.971604332929876	43	-0.0957470936839191	5.60717254157578	-1.38779478696224	0.166967579296249	0.30370362618773	-6.72783810032925	Non-Significant
PHF20	0.729667218576985	0.465593623556642	0.788955270971929	45	0.0169501390345964	6.06906957740511	0.349334825857362	0.727258807618223	0.807613898794512	-7.68486140711429	Non-Significant
PHF20L1	-1.27494305965406	0.202329396672873	0.511684418789835	36	-0.124132952569269	6.64892422838987	-2.01321604684392	0.045627566966993	0.120782623559403	-5.80790594176844	Non-Significant
PHF21A	-2.36800624764194	0.0178842338942133	0.0935196397384905	35	-0.375425319008826	5.58282669705877	-6.40547866996622	1.34309034927902e-09	2.26907355622219e-08	10.8034251425493	LUSC
PHF6	-1.96138762630501	0.0498338223210046	0.196593939529621	47	-0.236958677699611	6.04472711096608	-3.62230166294139	0.000382540630518012	0.00210079457420026	-1.39322570839235	LUSC
PHF8	-0.19790837424732	0.843116752069006	0.988049863877334	13	-0.137868767355411	6.08238906594996	-1.83602725176951	0.0680539673899403	0.164755420553047	-6.07185778843395	Non-Significant
PHIP	-1.07356416990966	0.283018063651139	0.631096902401236	28	-0.208898944311841	6.81695906351042	-2.80059188850132	0.00567584488118117	0.0218091138010936	-3.98904011187429	LogFC Significant
PHOX2A	-1.0199765797699	0.3077395682479	0.654455415327584	8	-0.222445889800198	-6.48615990561558	-1.50000925357432	0.13541760369205	0.273729251667341	-6.51475879280886	Non-Significant
PHOX2B	0.299983302750816	0.764189891908774	0.955453869928816	6	0.426330442307507	-6.04903573550637	1.54098959216715	0.125129266769212	0.258269272416057	-6.070589465515	Non-Significant
PIAS1	0.569746622615417	0.568849563364398	0.868631120331339	75	-0.0181261542032735	5.4328580548462	-0.276881079495345	0.782198851748137	0.848261423396964	-7.62937655111194	Non-Significant
PIAS3	-0.196373393647305	0.844317919606223	0.988565820740115	10	-0.111167582795199	5.96497979017607	-1.3244146086582	0.187095946510889	0.30370362618773	-6.85712985481058	Non-Significant
PIAS4	-0.803397985241822	0.421744739176006	0.767831636487575	46	-0.350606515647125	2.87145346445132	-3.09720628564938	0.00227666967007381	0.00994255173630073	-2.69264265522359	LogFC Significant
PITX1	-3.30198594416661	0.000960028808307471	0.0194720994654687	108	-3.3474035304782	-0.0439835467005803	-9.13451040031021	1.6220748357722e-16	8.07640901106693e-15	26.9411197253097	LUSC
PITX2	0.573138159293345	0.566551151852089	0.86643923299238	11	0.518896440262692	-0.0867932308446231	1.06444386362686	0.288597152128164	0.414998578099126	-6.47505431650505	Non-Significant
PITX3	-0.829244493483306	0.406966072618477	0.758059252150187	6	-0.643174674443184	-6.0976434274193	-3.70108714148836	0.000287531179512751	0.00163041136624536	-0.689992105742638	LogFC Significant
PKNOX1	-0.646148659905207	0.518183084730927	0.833075767926101	8	-0.107669824104874	4.41378832853987	-3.13381109553443	0.00202427783130276	0.00901044451746607	-2.75569325997444	LogFC Significant
PKNOX2	0.831989814385976	0.40541469380229	0.757276935027905	105	-0.0818263641576239	2.16281336686076	-0.537670173110141	0.591489235211974	0.700698899382994	-7.14446071822224	Non-Significant
PLAC8	0.797843037732771	0.424961582542601	0.767831636487575	17	-0.0362042342030417	3.0329586242683	-0.17229138718366	0.863407947817917	0.906781491634247	-7.37340661966378	Non-Significant
PLAG1	-1.42344350152549	0.154607629429102	0.434562275226837	8	-0.861144097993529	3.46031083473946	-5.00432813857558	1.35982421015686e-06	1.32610223760142e-05	4.28857619432352	LogFC Significant
PLAGL1	-0.37336296979666	0.708878315922812	0.934620918170063	46	-0.324956444087879	4.96558038129989	-2.67420695272477	0.00820179915622332	0.0297072212871791	-4.09589974605196	LogFC Significant
PLAGL2	-2.22272044956126	0.0262346560943221	0.123660069101875	16	-0.462729291212828	5.80434598298729	-5.55775766687323	1.00646211385157e-07	1.22876274293308e-06	6.55864610426988	LUSC
PML	-1.14586994252894	0.251848969716539	0.59063665106908	105	-0.482733935641495	5.99601400626781	-4.33647661954969	2.44192901152784e-05	0.000182281447207038	1.22643429790415	LogFC Significant
POGZ	0.705031485592561	0.480790642325488	0.80118473841459	9	0.0572813830836377	6.93379723198137	0.974928601172546	0.330944122288925	0.460348797906635	-7.38037743934927	Non-Significant
POU1F1	0.872387297652488	0.382997127757048	0.733020911337671	4	0.750877580325632	-4.98600900872441	3.26724723262736	0.00130750653687701	0.00616110543897803	-1.5996973925905	LogFC Significant
POU2AF1	-0.880296082276146	0.378698934407148	0.729077143134758	143	-0.820325489292772	4.94985973228457	-3.87262791194212	0.000152012861587491	0.000927497179225547	-0.392873463920606	LogFC Significant
POU2F1	-2.30787439476683	0.0210061235899204	0.103637091323244	44	-0.170678981202277	5.30988517593871	-2.98779123951814	0.00321464987010395	0.0134215399599827	-3.28483896302514	LUSC
POU2F2	-0.881555018889742	0.378017488819518	0.729077143134758	94	-0.463799936128086	3.65602120858445	-3.01918504928953	0.00291445789677642	0.0123392216103973	-3.00609506566403	LogFC Significant
POU2F3	0.0893162462809868	0.92883058300603	0.999927879915109	9	0.0441214345595234	2.37158278279863	0.204228741677391	0.838412550291611	0.889359426197889	-7.29199198056847	Non-Significant
POU3F1	-3.35786161271301	0.00078547927328541	0.0193395427209346	25	-1.84752282528379	-2.04152701450242	-6.83780735819224	1.29709595867263e-10	2.58839313541238e-09	13.7224776278157	LUSC
POU3F2	2.25569038923192	0.0240900278875153	0.115507896911746	5	2.14616966811591	-2.4217192821059	3.77790250749931	0.000216712694687239	0.00126769078995917	-0.0068052054067973	LUAD
POU3F3	-1.2636356615809	0.206360827555264	0.515404700364098	4	-1.27450751784966	-5.36037934715147	-3.66728850641824	0.000325177865741936	0.00181955144888324	-0.394667075037843	LogFC Significant
POU3F4	-0.0744921274527519	0.940618805146774	0.999927879915109	3	-0.476805782223299	-6.3487915253574	-2.86883265227557	0.00462825533576998	0.0183179125002715	-3.48034791957339	LogFC Significant
POU4F1	0.725750438579598	0.467991774893079	0.790351121938858	9	0.040823306759015	-1.45548386367847	0.0933924319366604	0.925698855750148	0.949680691391344	-6.9025650350415	Non-Significant
POU4F2	-0.373472560887946	0.708796763640078	0.934620918170063	8	-0.341677217769632	-6.15891891360085	-1.62664591610103	0.105615277955857	0.226803639182213	-6.02583585510225	Non-Significant
POU4F3	-0.301346137719123	0.763150562188535	0.955453869928816	7	-0.175444644307654	-6.0354460392137	-1.03227005719758	0.303372995777417	0.430865290245326	-6.70844349902537	Non-Significant
POU5F1	-1.27117603480658	0.203666030298986	0.512482943408978	7	-0.225348643409759	-0.229800998294937	-1.17083907085411	0.243258543265362	0.363356157941739	-6.34266496473133	Non-Significant
POU5F1B	-0.610361066466334	0.5416226528808	0.85181509200465	10	-0.660415026280928	-0.848901954094497	-3.32357491550592	0.00108275458432125	0.00522990505721607	-1.62572011693576	LogFC Significant
POU5F2	-0.0353773181021657	0.971778870920578	0.999927879915109	2	-0.173685545276057	-4.88579491359015	-0.691636904571914	0.490083796872032	0.613370163009254	-6.48772352979898	Non-Significant
POU6F1	0.491827865288264	0.622841035919032	0.893719325400208	69	0.224141673642125	3.06858365280995	2.56643640440006	0.011113972913283	0.0383550780376615	-4.1534296773068	LogFC Significant
POU6F2	-1.95613673965261	0.0504490482035355	0.198242052431897	27	-2.02262014189914	0.448047797453369	-3.9661174021785	0.000106445662391945	0.000676228960858489	0.425008875786938	LogFC Significant
PPARA	-0.322110591781344	0.747368914489369	0.952456755876521	11	-0.0743950822168387	5.32619300438839	-1.03252245482033	0.303255142635541	0.430745043632997	-7.12164402037895	Non-Significant
PPARD	0.223797873962839	0.822914584346139	0.97625865389392	55	0.062060424974584	5.39990488790251	0.586518440309802	0.558284507159984	0.673120405340651	-7.49140179245872	Non-Significant
PPARG	-0.00323130556867209	0.99742179566217	0.999927879915109	2	0.531783047385936	3.71113204812236	3.33287865474016	0.00104929824789599	0.00509530365772196	-2.06826517199527	LogFC Significant
PPARGC1A	1.57438213650784	0.115399131098153	0.354314151750905	21	0.606406259262728	2.48570410734353	2.1862646381879	0.0301264051644056	0.0866010763301289	-4.96484000779762	Non-Significant
PPARGC1B	-3.51100639479767	0.000446413659462778	0.0193395427209346	116	-1.13891288892983	3.39302633847739	-10.3813285681632	5.732075393849e-20	4.6446240205637e-18	34.5937587568354	LUSC
PPP1R13L	-1.18450166184823	0.236214538834062	0.566012880642955	21	-0.534464505260998	3.96396510819905	-4.38756507948169	1.97833987407951e-05	0.000150838781588867	1.65908554351578	LogFC Significant
PPRC1	-1.21646156709109	0.223809143030038	0.543420506897602	8	-0.133932108654529	5.92568296612598	-2.05815291345571	0.0410609958705946	0.110992288758092	-5.62759684355395	Non-Significant
PRDM1	-2.21526268180034	0.0267420397207584	0.125170199905088	99	-0.514107903169301	5.80239112304614	-4.30104406521073	2.8228802269544e-05	0.000207729693750978	1.11079892422764	LUSC
PRDM10	-0.0903678153751516	0.927994931631932	0.999927879915109	6	-0.133004827229425	3.99868808216504	-2.72949257609705	0.00699279787599697	0.0259923676200133	-3.84133558929421	LogFC Significant
PRDM14	-0.244223606236731	0.807057645377373	0.969911984135431	5	-0.0816368704685301	-6.45061311252977	-0.619939740640892	0.536105481285335	0.65345078855719	-7.41257315971077	Non-Significant
PRDM15	-2.36493613097357	0.0180331805685718	0.0938099134240728	62	-0.243710360775518	3.89397001149957	-3.19183996590252	0.00167668093934472	0.00765472692261756	-2.52325320938521	LUSC
PRDM16	3.14379508982864	0.00166772174517845	0.0221956914311769	102	1.46507220127629	1.56376794488487	5.76436783257682	3.63974445176179e-08	4.80695655780821e-07	7.98792743332031	LUAD
PRDM2	0.445651292143671	0.655849153657246	0.904914748391496	32	0.0245317437334911	6.45521994272283	0.372781586056276	0.709763035630488	0.794269040972313	-7.72502170352595	Non-Significant
PRDM5	1.46724012054297	0.142310746398317	0.409985622335466	8	0.294571883619509	3.12951895255873	2.96881419628111	0.00340963317633425	0.0141150824772978	-3.09159026097114	LogFC Significant
PRDM8	2.2353230399905	0.0253961485306136	0.120556657800171	25	0.433110134887013	1.63947652163589	2.68931789608371	0.00785387901807394	0.0286325037765948	-3.68444949848549	LUAD
PRMT5	-0.980433846802444	0.326872009165188	0.672282374542719	16	-0.196329229076434	5.18769654583349	-2.77227898814658	0.00617057869989662	0.0234011080431465	-3.86492032545673	LogFC Significant
PROP1	-1.05023975508169	0.293607895803754	0.640831146493411	9	-0.105700677421954	-6.66764655746735	-1.18214428476617	0.238755479767624	0.358045948698102	-7.05777395256118	Non-Significant
PROX1	0.761638732405593	0.44627565124695	0.775447482761567	23	0.340844660096221	3.03939707102044	1.49079703915109	0.137818717802292	0.277722290277501	-6.28264455453859	Non-Significant
PROX2	-0.151232773980469	0.879792097715747	0.999927879915109	21	-0.158162093642284	0.0873629282458606	-1.40384936431895	0.162139404682844	0.30370362618773	-6.07862587908166	Non-Significant
PRRX1	-0.743567044801084	0.45713844666169	0.783220137283851	145	-0.398545731729003	6.54160542518597	-2.69892701380954	0.0076396281687447	0.0280052390721428	-4.2230985382027	LogFC Significant
PRRX2	-1.5169570297824	0.129277533369308	0.385719594361917	48	-1.11779444340433	-0.431468825488807	-3.84476411189782	0.000168839649317412	0.00101723589807789	0.0717564413669649	LogFC Significant
PSIP1	-2.18341868198812	0.0290049914013985	0.132669755658333	30	-0.196173859009471	6.05166115586132	-2.24268604176229	0.0261747988229791	0.0774018371051902	-5.25509233091885	VIPER Significant
PSPC1	-0.160921752705852	0.872155029403917	0.999927879915109	30	-0.111460616794821	5.07799880866702	-2.05122836593027	0.0417381516674192	0.112446399076043	-5.539364009874	Non-Significant
PTF1A	0.83223521434955	0.405276190743274	0.757276935027905	2	0.00460440327069474	-6.42376762900566	0.0287193530724256	0.977121213005071	0.984914524588582	-7.58078849593612	Non-Significant
PTMA	-0.822742869629982	0.410654231096492	0.759994189900236	8	-0.0594085623209023	8.74598048463369	-0.972751884024304	0.332021993125519	0.46130433152724	-7.62863765149445	Non-Significant
PTMS	-1.99784940394658	0.0457329893758715	0.185307747132137	87	-0.550822966456554	5.58775582618049	-5.07398031152997	9.89821230431316e-07	9.94433230636287e-06	4.36320807523562	LUSC
PTOV1	-0.426100470717702	0.670034637214526	0.913394128667188	65	-0.254101797882926	4.30189039258382	-1.86340351889742	0.0640844466636269	0.157887392625763	-5.80978690441045	Non-Significant
PURA	0.89445431236929	0.371078864159262	0.722775636101443	18	0.0419250407888937	4.16871293463548	0.666737857245548	0.505819470352781	0.625510451490233	-7.29578773164359	Non-Significant
PURB	-1.23395574830447	0.217219394201852	0.532792047444129	29	-0.204632328844914	6.88504543092391	-3.28036393400453	0.00125159315052736	0.00593611418191214	-2.60701977338405	LogFC Significant
PURG	0.0308673177834076	0.975375354127392	0.999927879915109	5	-0.700239916172647	-2.13847476503937	-3.12160620904743	0.00210540092160267	0.00930641342048935	-2.13245205321671	LogFC Significant
RAI1	-0.402973455978001	0.686967751802494	0.920234319959578	26	-0.0364726789363943	4.39882914649687	-0.250104723163878	0.802800322074875	0.86366378835311	-7.51375091295259	Non-Significant
RARA	3.00092907095344	0.00269157252688184	0.0262939152328268	86	0.556642187488074	4.49687983788969	5.22037609824196	5.02894505955906e-07	5.36534568593864e-06	5.14136716071792	LUAD
RARB	-3.73713400746028	0.000186129734951776	0.0193395427209346	83	-0.813586948039112	3.88663111370254	-7.46888541871489	3.70562138334013e-12	9.46132713058935e-11	16.7710438933129	LUSC
RARG	-3.27602107851464	0.00105280703037756	0.0203203906556375	73	-1.10817573943892	5.0069407192911	-11.1308445942623	4.3152708588602e-22	4.76327273153927e-20	39.3216190644769	LUSC
RAX	-0.506940689459771	0.612196434633114	0.893719325400208	8	-0.537383021862766	-6.0063850210452	-2.33763721706007	0.020539424994001	0.0636832305779148	-4.52588563818384	Non-Significant
RAX2	-0.0570508689878387	0.95450467350251	0.999927879915109	7	-0.173560575824327	-6.67095050816631	-2.49345073996849	0.0135812684068985	0.0453237424025078	-4.69168406303361	LogFC Significant
RBAK	-0.762302295802926	0.445879604003196	0.775447482761567	31	-0.160400179495148	5.65868226555364	-2.45460452925032	0.0150842826240325	0.0494136879974615	-4.72279507261536	LogFC Significant
RBBP4	1.34800262923144	0.177657536958814	0.473753431890169	52	0.204249091584841	6.55820609983485	3.0898344031393	0.00233089309983041	0.0101488685101369	-3.14142224320475	LogFC Significant
RBBP7	-2.02001632534275	0.0433816941818833	0.178871543977868	53	-0.292636376560026	7.16848345710679	-4.50145726893943	1.22946028952261e-05	9.81369667335646e-05	1.73938082884968	LUSC
RCOR1	-1.91881687491527	0.0550075134643096	0.211657822522809	29	-0.302769076120539	6.26763612689921	-4.44232293971058	1.57561274614065e-05	0.0001228948960762	1.6135927522751	LogFC Significant
RCOR2	-2.32755983441009	0.0199354883217759	0.100326968797308	45	-1.16219820619324	0.817875347344457	-4.30186282523129	2.81346697786961e-05	0.000207096890837369	1.65101751232171	LUSC
RCOR3	0.151813138129841	0.879334319518734	0.999927879915109	40	0.145090846174677	5.87139966088985	2.44757785872593	0.015371412085668	0.0501500080394499	-4.76537365594565	Non-Significant
REL	0.474477513055076	0.635159429760293	0.898787015199749	30	-0.0959198393782274	4.70233144135536	-0.973237996836185	0.331781080671354	0.461070324467939	-7.10683586309057	Non-Significant
RELA	-0.936986281117222	0.348765614804022	0.700179343905049	37	-0.0971066105947217	6.20667003816294	-1.63869900325655	0.103076219010285	0.22258164568459	-6.42564282258992	Non-Significant
RELB	-0.936446031105236	0.349043587275376	0.700179343905049	28	-0.319651218933611	3.44569479886076	-2.79689674022849	0.0057382984194921	0.0220140117934251	-3.60061813963204	LogFC Significant
REPIN1	1.34409934753582	0.178916263075192	0.474901737800807	60	0.313414682135583	5.76080633816349	3.32926997904243	0.00106215888802752	0.0051470352515159	-2.3148869011021	LogFC Significant
REST	0.0600314725053691	0.952130568449244	0.999927879915109	85	-0.185411954905701	6.32942533684796	-2.87279461381616	0.0045732345179221	0.01812693656948	-3.73090185539538	LogFC Significant
RFPL1	-3.59109130995914	0.000329296234340446	0.0193395427209346	38	-0.79358605732704	-6.23206630667693	-5.22750508489857	4.86421881831271e-07	5.20767176075448e-06	5.31243864685267	LUSC
RFPL2	0.407109877899723	0.683927288762989	0.91977763756208	4	0.515192091604937	-3.59060167716368	1.93573199952935	0.0545153982429158	0.13903721707042	-4.89458977317062	Non-Significant
RFPL3	-0.497988462154648	0.618492174470809	0.893719325400208	9	-0.737322285481367	-5.56406935446289	-3.97848879949728	0.000101495316916697	0.000648016398572529	0.611836378478595	LogFC Significant
RFPL4A	-0.182895303753787	0.854880167807813	0.994553520833191	10	0.140291055897837	-6.06053176235694	0.762167103281598	0.446988373577527	0.575324405662477	-6.96978450441096	Non-Significant
RFPL4AL1	-0.0610096373183824	0.951351533884808	0.999927879915109	2	-0.0351699962945849	-6.60458194962205	-0.39434895654004	0.693804546196549	0.781585648137898	-7.64419976617528	Non-Significant
RFX1	0.90683983168794	0.364491502853403	0.715941082695399	52	0.066707365759056	2.04566096299049	0.46378296645566	0.6433807695372	0.743816286235828	-7.16808413067461	Non-Significant
RFX2	-2.11752068374258	0.0342156817675636	0.148712313829584	27	-0.138204134060822	2.77779276344515	-1.2558284140616	0.210855669051432	0.325228140261016	-6.57283861797228	VIPER Significant
RFX3	-0.748959925143559	0.45388135996516	0.780781164987677	13	0.0255859790437508	4.07737272836725	0.252082421778836	0.801273769303057	0.862714591527133	-7.47598771664816	Non-Significant
RFX4	-1.6461944258261	0.0997237365318955	0.320299056800722	9	-0.53380283000923	-4.79349759067125	-1.75303902595683	0.0813499064937397	0.185956216784531	-5.20709878860292	Non-Significant
RFX5	2.59172615801154	0.00954957514219301	0.0572259968924417	50	0.349476742083613	6.49786060709421	4.58853771989661	8.49618886342868e-06	7.00481313195774e-05	2.17887168119604	LUAD
RFX6	-0.0388490114267384	0.969010768836741	0.999927879915109	4	0.044972926597681	-5.05061265555013	0.122489084803903	0.902652526548213	0.93375569648782	-6.73841829468631	Non-Significant
RFX7	-2.80658074170072	0.00500703625565335	0.035222139631492	45	-0.45481582867616	5.53608512322074	-6.61301694068003	4.41989075375601e-10	8.10196545013071e-09	11.8991434420331	LUSC
RFX8	-1.19626996667586	0.231591224915256	0.559609121094866	26	-0.810038475760459	0.650733469788101	-4.03812884690779	8.05524321998122e-05	0.000527337072548519	0.668689444104208	LogFC Significant
RFXANK	-1.03259200501739	0.30179487121435	0.649894513042687	71	-0.343852203927763	4.03466996460666	-3.08296159659191	0.00238251761089767	0.0103488511436738	-2.86314456962854	LogFC Significant
RFXAP	0.306656068354211	0.759105171959148	0.954466615713194	3	-0.0808687392220423	2.87907080685166	-1.19830817322063	0.232420667518748	0.350854611153076	-6.65441338634804	Non-Significant
RHOXF1	0.668847976087368	0.503592459131732	0.818796484159124	4	0.464100655696354	-4.87090100613055	1.55201222538955	0.122469560268514	0.253859059180561	-5.53735431929565	Non-Significant
RHOXF2	0.1673489270966	0.867095508641967	0.997652743542806	4	0.0257296212943172	-6.67277935158449	0.360300618507413	0.719057709847564	0.801427427354633	-7.69398567639229	Non-Significant
RHOXF2B	0.10839190431724	0.913684822719783	0.999927879915109	10	-0.00414326867308529	-6.72953842311489	-0.0675881791189433	0.946190781500868	0.963805430928281	-7.78602671712609	Non-Significant
RING1	-0.107199916285076	0.914630381842847	0.999927879915109	65	-0.0684126161399635	5.20955753056097	-1.03419584484308	0.302474555624919	0.429900294319739	-7.10591623184193	Non-Significant
RIPPLY1	0.95496329737325	0.339596257949375	0.68949371684767	8	0.164376733721467	-5.14574717317801	0.705427649094858	0.481483967703645	0.606530342383159	-6.51794688966329	Non-Significant
RIPPLY2	-2.93985681704315	0.00328363947993563	0.0288397127994866	17	-1.89281230784822	-5.50149664176665	-6.55851873680222	5.92934011669424e-10	1.0651879852163e-08	12.2217967803026	LUSC
RIPPLY3	-1.9745829182271	0.0483154991219938	0.191356059638981	8	-1.24184035922856	-1.26243913878282	-3.9587444746534	0.000109504292194771	0.000692633363905918	0.547736559433353	LUSC
RLF	-1.87138674760816	0.061291494439252	0.22707254766424	43	-0.363086063512324	5.75587909667322	-5.44788604389664	1.71186528557094e-07	1.99473269799778e-06	6.04724544920021	LogFC Significant
RNF10	0.256979984301927	0.797194224533644	0.967654585810038	35	0.0713325572819567	7.46517711566561	1.56409037165261	0.119606538150512	0.249244371199761	-6.70631699937793	Non-Significant
RNF111	0.0038967169818976	0.996890877550689	0.999927879915109	28	-0.0413165744453078	5.73181498227481	-0.813998186781852	0.416754454856824	0.546585406578631	-7.37242206758504	Non-Significant
RNF4	0.937978715744739	0.348255348339432	0.69999673620178	13	0.0920515500712141	6.22404060553236	1.8572979341968	0.064952626604738	0.159493285596135	-6.05082848859201	Non-Significant
RNF6	-1.76295406222145	0.0779082378017619	0.269723692251617	60	-0.218364945230998	6.04738939708884	-3.91840551473897	0.000127774899015548	0.000795151462798727	-0.357432208902831	LogFC Significant
RORA	-3.1386549790957	0.00169725157556686	0.0221956914311769	24	-0.333555624917313	5.56707917056758	-3.34854159474958	0.000995144617994789	0.00486491776647928	-2.23099494700873	LUSC
RORB	1.95743760058725	0.0502960413960257	0.198028335535725	36	0.668674507150076	-0.340895863406505	2.36775438176363	0.0189901306615649	0.0597644745404412	-4.26024433000108	Non-Significant
RORC	3.56179301144633	0.000368330730355606	0.0193395427209346	146	2.9964568827319	4.35166578924615	14.3385926573478	2.54260332575205e-31	1.01876309318283e-28	60.5045577510743	LUAD
RPS6KA1	2.14507774682872	0.0319466313381997	0.142236886312872	121	0.481272390974378	5.99433228536837	5.75863919136383	3.74503545457257e-08	4.93193256059471e-07	7.50038568998143	LUAD
RPS6KA4	-0.761941713249968	0.446094792548005	0.775447482761567	49	-0.282579624451233	4.31883571640806	-3.32624877833793	0.00107303883105684	0.00519234061973741	-2.15682024269218	LogFC Significant
RPS6KA5	-2.22298346315009	0.0262169150836229	0.123660069101875	19	-0.578026606689444	3.8562150064853	-6.64127682147738	3.79328405216394e-10	7.04470993716841e-09	12.2247535417291	LUSC
RREB1	-0.194877103171854	0.84548915954868	0.988861858364195	22	-0.00478054128217168	5.78971380795179	-0.0848804237500981	0.932453678640199	0.954608950634446	-7.70782880535988	Non-Significant
RRP8	-0.0869809109251894	0.930686685466917	0.999927879915109	4	0.177176795049846	4.23081852655738	3.8067618444476	0.000194654605881895	0.00115552896347481	-0.545727583209757	LogFC Significant
RSF1	-0.414305364242206	0.678650485817825	0.91952103611484	42	0.0886159015986099	6.6180096327224	1.1264484325063	0.261521193436513	0.384417570316321	-7.18079569293563	Non-Significant
RUNX1	2.53530014330623	0.0112351017134364	0.0650146519901451	55	0.15651380870585	7.5038348814467	2.14108294007467	0.0336540372056139	0.0946038745577765	-5.65897683421667	VIPER Significant
RUNX1T1	0.780681282624727	0.43498997192567	0.767831636487575	94	0.268874579604179	3.06409858164382	1.77402350243407	0.0778017254563856	0.18056273837333	-5.82921853098445	Non-Significant
RUNX2	-0.558554629625096	0.576465711408243	0.874938131903063	39	-0.12742879583823	4.93902951160646	-0.948271850642474	0.344301375076978	0.474080522030715	-7.15867958632326	Non-Significant
RUNX3	-2.84689644198781	0.0044147721257481	0.0330778448824708	57	-0.668533035114574	4.46559526415571	-5.5111950538533	1.26159021913597e-07	1.50981373214846e-06	6.487701741946	LUSC
RUVBL1	-2.85600712755377	0.00429005503349218	0.0324407660620246	91	-0.769380671835839	5.62584058046576	-9.01686109826814	3.37963814963302e-16	1.61452720255913e-14	25.7927866928165	LUSC
RUVBL2	-1.34451336762331	0.178782436686283	0.474901737800807	106	-0.577548752622358	4.52681542932039	-4.15881949723816	5.00763262520452e-05	0.000344721853038632	0.710037691017211	LogFC Significant
RXRA	-0.820557455004103	0.411898389921193	0.761594813040291	30	-0.366753008455078	5.21906873835505	-2.96967858890557	0.00340052085679325	0.0140870805756142	-3.3256455611904	LogFC Significant
RXRB	1.00417079281192	0.31529629753849	0.660182445732314	21	0.0615940309297765	5.98919285420948	1.03935589144051	0.300076040106846	0.427290949655164	-7.19560483881316	Non-Significant
RXRG	1.58801488920282	0.11228297232855	0.347938593265014	27	0.752776975724146	-0.95297656672177	2.81834232254724	0.00538436942960997	0.0208324986918441	-3.08291256934075	LogFC Significant
RYBP	1.12943071571358	0.258716181587914	0.597493442674585	28	0.169955339045191	6.33472479129904	3.32074788473031	0.00109311609850436	0.00527494602072003	-2.41175915186182	LogFC Significant
SAFB	-2.0957218982411	0.036106868131035	0.153677591888005	56	-0.307866943554131	5.91690498979579	-6.5055220409459	7.87978537462696e-10	1.38696215348761e-08	11.2888552740532	LUSC
SAFB2	-0.106637455236237	0.915076603008763	0.999927879915109	73	-0.0761356660876998	5.10706275821566	-1.28714387059411	0.199747427100633	0.311627297895048	-6.80137238242901	Non-Significant
SALL1	-2.67695412085895	0.00742948076040517	0.0485941282309237	11	-1.66896135790834	-2.56454615217657	-3.34598395529344	0.00100380544379905	0.00490254763539289	-1.42059074680327	LUSC
SALL2	2.41805949468282	0.0156035253658089	0.0837750773650917	24	0.386203497846696	3.79488864483941	2.60811087836229	0.00989280587066526	0.0348184617190948	-4.13043855130936	LUAD
SALL3	-0.0539720125248232	0.956957462499861	0.999927879915109	5	-0.319322062198288	-4.94899387093328	-0.879225321178489	0.38048724889891	0.510587398403743	-6.34872306105752	Non-Significant
SALL4	-1.63052876748546	0.102989790302621	0.325162734162994	9	-0.66692087650177	1.51415809480205	-3.51868376469975	0.000552976433763383	0.00290393063279712	-1.23285281756362	LogFC Significant
SAMD1	-1.24418854655995	0.213430178092669	0.526496065860048	60	-0.390871619637398	4.40517000898561	-4.11346299934583	5.99428964653739e-05	0.000404543001264856	0.552246982637985	LogFC Significant
SAMD11	1.44670437794926	0.147979737790793	0.417923085068795	52	0.667760841591497	-0.722651882247847	2.47349554332424	0.0143358287433137	0.0473789037755576	-3.97757476251087	LogFC Significant
SAMD13	1.84494112694692	0.0650461031821124	0.238279207012316	23	0.322872513862593	-0.418883025332834	1.55641853191695	0.121418887584876	0.252163966763692	-5.80495820807732	Non-Significant
SAMD7	-0.61135785071713	0.540962700072114	0.85181509200465	8	-0.0406317920603134	-5.77999156657435	-0.184591432492401	0.853763681064419	0.90002771655335	-7.04021718591926	Non-Significant
SAP130	-0.321251151098223	0.74802007172175	0.952456755876521	9	-0.124856269899081	5.26691578640733	-2.62327554104494	0.00947927906760841	0.0336234904945156	-4.26146489614184	LogFC Significant
SAP18	0.183269067098441	0.854586904189051	0.994553520833191	85	0.167198454670433	6.15394640724928	2.83707696636193	0.00509157564287735	0.0198703825572097	-3.80692926404327	LogFC Significant
SAP30	-2.30538237915295	0.0211451674819168	0.104030267921444	16	-0.408733144900008	2.3909674273905	-4.38988909939555	1.9594011169902e-05	0.000149596526990492	1.83528558765526	LUSC
SAP30L	0.752357526312985	0.451836081763136	0.778786997579722	10	0.151292221524131	5.35032865955442	2.10981516661492	0.0362990813301517	0.100490454957081	-5.45239224594869	Non-Significant
SATB1	-0.091979306394912	0.926714480989196	0.999927879915109	27	-0.152907448134046	5.32623042018156	-1.52382974064309	0.129359985687507	0.265075191547315	-6.49752935184698	Non-Significant
SATB2	0.616179994237613	0.537775730648266	0.84982523528182	6	0.236429246255746	2.84805346069989	1.51985834859856	0.130354912702767	0.266208325906359	-6.21776140097201	Non-Significant
SBNO1	-2.50693125810776	0.0121784393660562	0.068691871480452	120	-0.449210064379521	6.26286418548933	-7.05025523160947	3.99029413054801e-11	8.63675487567273e-10	14.1817158154803	LUSC
SBNO2	-0.435761869903718	0.66300951140026	0.908133082463657	49	-0.116098205694051	5.06173071139896	-0.83262352661004	0.406194231626953	0.536052967437498	-7.27610502759012	Non-Significant
SCAND2P	-0.649607952470988	0.515945494905895	0.832801190572535	9	-0.0941174257339262	3.91934936656955	-1.53434002400918	0.126755607229132	0.260820632124985	-6.31732297800104	Non-Significant
SCMH1	2.66366546098782	0.00772943888304834	0.0500668170231002	38	0.337811994466876	5.29850654101811	4.91315069231731	2.05144938058495e-06	1.92921924192286e-05	3.69135433855998	LUAD
SCML1	-1.63838079590414	0.101342282670136	0.32300841841529	19	-0.278711520740002	4.35717423155436	-2.78059122589411	0.00602141772067732	0.0229294216968036	-3.74664521242592	LogFC Significant
SCML2	-3.19791600676799	0.00138424592304776	0.0217633093901877	108	-1.02165325569344	1.46993772539269	-5.70695388494434	4.84000762295997e-08	6.23673405677238e-07	7.71979155304398	LUSC
SCML4	0.560920314784695	0.574851860556664	0.873148665656416	135	0.249050606952701	1.46700705010965	1.47504324227244	0.142001402308959	0.284136815614552	-6.12823876377198	Non-Significant
SCRT2	-0.892894043114497	0.371913917449557	0.722891264037851	5	-0.238203802996199	-6.45040604183646	-1.87387804483052	0.0626175462672016	0.15523513881676	-5.86101335412966	Non-Significant
SEMA4D	0.0707301200065943	0.94361254856392	0.999927879915109	45	-0.0705042302436395	5.80784224493598	-0.736120501339084	0.462644930459267	0.589607458963432	-7.44214585791911	Non-Significant
SERTAD3	1.95135001615549	0.0510154230715821	0.1996461242195	15	0.0235277048599773	4.66187642279328	0.289609501121025	0.772458531586448	0.841392316251214	-7.53382621628791	Non-Significant
SETBP1	-1.79223514418919	0.0730953072783929	0.259320454090129	49	-0.381423518107594	4.63727991366818	-2.91161036332908	0.00406494503913085	0.0163983505042978	-3.42126648600669	LogFC Significant
SETD3	0.977717579949937	0.328214024499923	0.672282374542719	20	0.134209970006208	6.50536509110457	2.58059734527652	0.010684651450248	0.0371328489070701	-4.52010526947101	LogFC Significant
SETD5	-0.739764836818451	0.459442698723101	0.785158245988074	16	-0.0856961002828247	7.27903211147453	-1.68502872173974	0.0937690853946584	0.206786005474173	-6.4872667168102	Non-Significant
SFMBT1	0.11509113489045	0.908372886543475	0.999927879915109	9	0.0335533543857912	4.29999585652265	0.37951844369939	0.704763982838221	0.790270010751497	-7.46142423590558	Non-Significant
SFMBT2	0.0467634651810925	0.96270174772197	0.999927879915109	35	0.145296548607323	4.69873224903966	1.12753240953151	0.261064144505085	0.383923185286566	-6.94486177572733	Non-Significant
SFPQ	-0.674660221930262	0.499891662382197	0.817412425133104	26	-0.117219820950566	8.46476017999185	-2.19099291356868	0.0297764601281445	0.0858278548816564	-5.68405932741198	Non-Significant
SFR1	-0.393337287349034	0.694070381718817	0.922975712908202	8	-0.0738470512107749	3.28459763442856	-0.998199401341752	0.319563703979504	0.44851143258081	-6.91911323841033	Non-Significant
SHOX	-0.0548530921142574	0.956255502646171	0.999927879915109	6	-0.440447804639146	-6.5565806301083	-2.64207381832424	0.008988285182111	0.0321531022690264	-4.25579073133182	LogFC Significant
SHOX2	-3.21339404089955	0.00131176188886685	0.0217633093901877	107	-2.34283355149896	0.318942746546776	-9.05488574771204	2.6667701382258e-16	1.2899359814996e-14	26.4365730621415	LUSC
SIM1	2.70175531996987	0.00689745003083875	0.0458611909335239	3	1.03838703758888	-4.77090276063847	2.56921994664755	0.0110283826704541	0.0381036312173226	-3.50493482012737	LUAD
SIM2	-3.41025217755056	0.000649028382055593	0.0193395427209346	66	-1.93955227270382	1.00150998136754	-7.82105412627644	4.76974751716213e-13	1.39731359906916e-11	19.0320113220335	LUSC
SIN3A	-1.27261985394228	0.203152969902656	0.51188725605019	23	-0.174783718049662	6.58215222234432	-3.28043207247572	0.00125130859527204	0.00593531778327863	-2.56841120045379	LogFC Significant
SIN3B	-0.889375328413943	0.373801399718387	0.725210831530938	87	-0.268556654704636	5.46333060272566	-3.24313321128403	0.00141640993362436	0.0066063644255187	-2.54686311333378	LogFC Significant
SIRT1	3.0539716952674	0.00225833386935233	0.0241209277109546	98	0.56690298512292	5.4946522722842	7.71083105154263	9.103616238987e-13	2.5439133220049e-11	17.9936505889375	LUAD
SIRT6	-0.407005176893409	0.684004185962679	0.91977763756208	89	-0.172486226676885	1.99667530147359	-1.25028637134992	0.212867605354902	0.327596581463467	-6.49123042062726	Non-Significant
SIRT7	-0.353653985367653	0.723598211045718	0.941330976574752	72	-0.085798303043153	4.40059348123184	-0.910298318782966	0.363919842897103	0.494173894337573	-7.13075246163303	Non-Significant
SIX1	0.666824206836282	0.504884428593697	0.819569872769721	14	0.247002291319679	3.87521874013256	1.20413585979212	0.230166499890845	0.348322766670484	-6.76069676948087	Non-Significant
SIX2	-2.82846507494569	0.00467718041549552	0.0337833750874641	27	-1.72942596731421	-0.0388406367006448	-4.26617880240266	3.25296409492297e-05	0.000235663910783386	1.5941076184835	LUSC
SIX3	-2.01567527325899	0.0438339428764291	0.179827246578151	6	-1.20666376853917	-3.91702717993084	-3.13003829002968	0.00204904054265167	0.00910156049697738	-1.99262098168516	LUSC
SIX4	-2.10278571265996	0.0354845054999054	0.153232015147979	31	-0.231316839541498	4.64563792953894	-1.75577818766456	0.0808793673273154	0.185130110468165	-6.04130369279384	VIPER Significant
SIX5	-0.616971474756028	0.53725354087167	0.84982523528182	111	-0.594801359103254	-1.0083101668119	-2.47520443598577	0.0142697807153902	0.047197404061316	-3.94788725294652	LogFC Significant
SIX6	0.00501538203029991	0.995998320887913	0.999927879915109	5	-0.104525088216914	-6.36428944023659	-0.699694100166052	0.485049282166727	0.609281664004567	-7.28166601193135	Non-Significant
SKI	-0.125046106370126	0.900487049167163	0.999927879915109	41	0.0580638606572928	5.85875753653891	0.839620642392019	0.402269002185419	0.532293021770523	-7.36686475175161	Non-Significant
SKIL	-2.96554045842909	0.0030215159978	0.0273297483044252	61	-0.39223211297273	7.33129926734115	-4.64781806585053	6.58759822297936e-06	5.56653143763746e-05	2.31887605163849	LUSC
SKOR1	-0.167770314059196	0.866763977386709	0.997652743542806	7	-0.313095194736468	-3.2508254156179	-1.43295658544837	0.153657891623203	0.302023921333926	-5.7430885456539	Non-Significant
SKOR2	0.159704881010391	0.873113555768304	0.999927879915109	3	0.162751928264151	-6.48471712870729	0.990452663709511	0.323323175067731	0.452704044423865	-7.14440993744076	Non-Significant
SLC2A4RG	-0.769931648197142	0.441340439324705	0.774334355377537	27	-0.225459037817106	3.79740872256942	-1.53802541768181	0.125852201581285	0.259370423622585	-6.29781110258752	Non-Significant
SLC30A9	3.31926051500703	0.000902561846407659	0.0193395427209346	319	0.519491378596152	6.76762109581593	8.61684590555502	3.99810822886173e-15	1.59943188155549e-13	23.2213015727115	LUAD
SLTM	0.527235268614009	0.598030219704667	0.885578673426971	14	-0.0683097310213213	7.02323103316652	-1.47188674162168	0.142851169225206	0.285489144497441	-6.7868481722036	Non-Significant
SMAD1	-1.65211778361257	0.0985105423340048	0.318687040643277	12	-0.356366765265463	4.55854473731692	-4.4038203891032	1.84947224659697e-05	0.000141991920247938	1.65837877763003	LogFC Significant
SMAD2	-1.0308413497929	0.302615223951649	0.649894513042687	35	-0.147046533455393	6.81542557041513	-2.29681525986534	0.0228163457056038	0.0693940928560969	-5.23149219336891	Non-Significant
SMAD3	-3.19553454302493	0.0013957207443153	0.0217633093901877	30	-0.613067924497447	6.3971566521805	-6.30961367306386	2.22883168724141e-09	3.62700125477986e-08	10.2132143439639	LUSC
SMAD4	-0.300008222561287	0.764170883660457	0.955453869928816	37	0.0231024266550056	6.34707428667157	0.400311015445871	0.689416692827909	0.778219650155669	-7.70062926837313	Non-Significant
SMAD5	0.421994588241717	0.673028967552651	0.914372237378703	8	0.0206461830637348	6.77643730223872	0.306379228692245	0.759680868339573	0.832320393289428	-7.78881785480405	Non-Significant
SMAD6	1.62463162379288	0.104241074652803	0.328596668607267	23	0.447044734381074	1.47917725645823	3.48457241243285	0.000623198492406009	0.00322933589455929	-1.34074444525826	LogFC Significant
SMAD7	2.09750314235634	0.0359490592943004	0.153586619282883	67	0.442668824629682	4.90029084271655	4.89502084912462	2.22484834077838e-06	2.07884011510923e-05	3.65787669879251	LUAD
SMAD9	0.652714428418868	0.513940398954318	0.830911691707142	16	0.287019971335457	3.03944036312698	1.78212724834223	0.0764659649240133	0.178507758811936	-5.81226018948285	Non-Significant
SMARCA2	-1.94614660697983	0.0516371314345768	0.200944495970214	32	-0.393922477805772	6.85424790173051	-4.33272009730428	2.4798509301015e-05	0.000184839159849341	1.10611014566792	LogFC Significant
SMARCA4	-0.935269863881301	0.349649241905809	0.700694289168527	15	-0.120357510621636	6.1808288379213	-1.14420681650357	0.254103675921436	0.375684806000878	-7.10536072625115	Non-Significant
SMARCA5	0.495597319015145	0.620178544711388	0.893719325400208	56	0.0989909309469715	7.50512996309291	1.56415997529299	0.119590193783187	0.249220517685774	-6.71153202151366	Non-Significant
SMARCB1	-3.05450358637307	0.00225433319177132	0.0241209277109546	99	-0.544121548534748	5.88863224384314	-7.10027562580344	3.01488513100269e-11	6.6212967102375e-10	14.5001406530765	LUSC
SMARCC1	-0.534473263255747	0.593014142782083	0.88411505737326	9	-0.100659880472554	7.20772587383799	-1.62323972041993	0.106341813562893	0.227950188506735	-6.57894703448568	Non-Significant
SMARCC2	-0.129447161015811	0.897003832470814	0.999927879915109	11	-0.0198857154036457	6.63547436387365	-0.317032175713954	0.751597855656215	0.826346790029215	-7.76733965518021	Non-Significant
SMARCD1	-3.19372880354074	0.0014044799007902	0.0217633093901877	67	-0.355533509167541	6.37021950007663	-7.06586543526276	3.65647350341965e-11	7.95142353397489e-10	14.2553470280106	LUSC
SMARCD2	-1.14015800320979	0.254220480455073	0.592717166868581	55	-0.169413970140691	6.55446927205742	-2.5900122981832	0.0104075080174352	0.0363155117119256	-4.50276678579614	LogFC Significant
SMARCD3	2.35898317894039	0.0183250863891662	0.0946262376791529	32	0.267647336253425	4.585626740663	2.46104991090406	0.0148251061881039	0.0487080548481313	-4.5808239696501	LUAD
SMARCE1	0.221672213677994	0.824569062253032	0.97625865389392	18	0.187287104388863	6.1835210199166	3.481949633765	0.000628930614591226	0.00325638616748974	-1.87689125184421	LogFC Significant
SNAI1	-1.25945542869387	0.20786587956622	0.517859412120311	49	-0.429228322028148	2.0468798506596	-2.4973991628321	0.0134362319342875	0.0449015628953933	-4.20888148393721	LogFC Significant
SNAI2	-3.45010433751586	0.000560369929241313	0.0193395427209346	211	-2.08345203772849	4.60466541097232	-15.767592646506	2.10227077395082e-35	1.57317868534208e-32	69.8486127323623	LUSC
SNAI3	0.737482298979524	0.460829103732105	0.785521935733503	85	0.306756571489654	-0.671273263532918	1.7061348106217	0.0897605968448948	0.199772011166836	-5.54082246304694	Non-Significant
SOHLH1	-2.98581027663438	0.00282828054040111	0.0264506647464722	20	-2.50652099077451	-5.12555592518897	-6.53812428724516	6.61610485791689e-10	1.1817027441206e-08	12.1857730049667	LUSC
SOHLH2	0.177908312762333	0.85879498235603	0.996797875474514	3	0.687597054360458	-2.62406773217027	2.19139088344849	0.02974716740994	0.0857628533043744	-4.45218261808478	Non-Significant
SOX1	0.0168900042464971	0.986524367086877	0.999927879915109	3	-1.04302708301639	-5.13422429860306	-2.27635704665361	0.024038498093503	0.0723500925052342	-4.22834403571026	Non-Significant
SOX10	-0.703640161107604	0.481656894074874	0.801962722472924	4	-0.653986258658562	-4.71021291838186	-2.09720580857158	0.0374152609290156	0.102930905964961	-4.55955468394798	Non-Significant
SOX11	0.447623882095563	0.654424664410495	0.904394168022211	6	0.423812777883904	-0.642762124941683	1.05042906654861	0.294972235194719	0.421770179839229	-6.43445492078813	Non-Significant
SOX12	-1.13489974310089	0.256417327589281	0.595932863193606	35	-0.351615457884291	3.72398564524974	-2.70191924587487	0.00757399862844468	0.0278033829322635	-3.88251895728899	LogFC Significant
SOX13	-1.33201208745274	0.182856216568637	0.479967690025912	27	-0.487247210226607	4.59486064988521	-3.51120243042182	0.000567709497909638	0.00297145294287491	-1.59371190587273	LogFC Significant
SOX14	0.0745248350278818	0.940592780615679	0.999927879915109	4	0.146183471762891	-5.87026836528186	0.449479420343325	0.653643177155982	0.751922385277706	-7.01667561426903	Non-Significant
SOX15	-3.31080003759882	0.000930296605189736	0.0193395427209346	58	-3.27076594230851	0.286227359501191	-13.313264466407	2.28592197370511e-28	5.93476660989583e-26	53.8274365466622	LUSC
SOX17	0.958286851085446	0.337918132363776	0.687185912349442	39	0.235720930364962	0.150025891419636	1.87570529052925	0.0623645414216134	0.154754812214199	-5.32461897145647	Non-Significant
SOX18	0.539572107013786	0.589492156925809	0.882886835895205	51	-0.0242159465581317	-0.796051154243953	-0.127722353574977	0.898515646231635	0.931160994952201	-6.96000208310669	Non-Significant
SOX2	-3.39401250838403	0.000688765465547998	0.0193395427209346	154	-3.14089992905177	3.51083993277492	-8.14284447968992	7.06157889128579e-14	2.33790177919303e-12	20.7097881856736	LUSC
SOX21	-3.14224798923014	0.00167655969748621	0.0221956914311769	37	-3.18887021095287	0.503866884463481	-7.90770211475931	2.86126749780816e-13	8.66657487461107e-12	19.5675035805976	LUSC
SOX3	-0.0122153255856541	0.990253822688604	0.999927879915109	4	-0.0102497853289412	-6.07863335790909	-0.0412430302781652	0.967149261541005	0.978720310152235	-7.27381149902449	Non-Significant
SOX30	0.591661082046777	0.554077562287109	0.85714866390778	8	-0.369714446358022	-1.51911510929835	-1.46835075653674	0.143807766618659	0.286898970693236	-5.83434927436227	Non-Significant
SOX4	0.81598908959153	0.414506375851143	0.762904493775523	15	0.245390675588025	7.74120120875312	2.35066994517497	0.0198558423232042	0.0619753660343843	-5.23120307333961	Non-Significant
SOX5	-2.81190826857695	0.00492485462040572	0.0349438447977904	25	-0.55490575371929	2.34195329374313	-3.45900325416906	0.000681232660539443	0.00349236401009572	-1.51642792201938	LUSC
SOX6	-0.51927223273778	0.603570913925321	0.888541345426718	7	-0.550423293363887	2.47754929286939	-2.50077417571957	0.0133133544529655	0.0445465120129933	-4.24849749614488	LogFC Significant
SOX7	-2.86588366240895	0.0041584703560352	0.0323440857858591	54	-1.07590893209342	2.82367899732607	-7.0400722634653	4.22408156134195e-11	9.10019535691983e-10	14.4771936877764	LUSC
SOX8	0.121140472850789	0.903579772516022	0.999927879915109	2	-0.0991833227907017	-1.27280508589102	-0.390803797761145	0.696418579935636	0.783609496254307	-6.84755116547361	Non-Significant
SOX9	0.147739258843116	0.882548547516477	0.999927879915109	9	-0.745377987786827	4.27765409479749	-3.08157363039053	0.00239307049689034	0.0103875957779376	-2.89454766460058	LogFC Significant
SP1	-2.32196390850229	0.0202348790819015	0.101325778544784	48	-0.222833819442481	7.4518858257511	-4.1717289212747	4.75650484773295e-05	0.000329574490307378	0.406556111891457	LUSC
SP100	0.77804322290774	0.436543532535728	0.768255401693026	103	0.23197572002156	6.75071911165171	3.31655793566317	0.00110864315663223	0.00534328619704372	-2.47707407042236	LogFC Significant
SP110	0.819557706123306	0.412468292564052	0.761946947073245	66	0.185090167973358	5.46671977932144	2.20767713581977	0.0285696589310242	0.0830818448616521	-5.25985671988884	Non-Significant
SP140	0.0491357629356459	0.96081110311499	0.999927879915109	152	-0.0366654163429244	3.63957234135113	-0.252905768466776	0.800638466840575	0.862309108639193	-7.42547120475553	Non-Significant
SP140L	0.139708488574084	0.888890319277501	0.999927879915109	26	0.159973301769539	4.54961209848974	1.65542290033259	0.0996345700508367	0.216713175106086	-6.19900668775892	Non-Significant
SP2	0.00536108772074109	0.995722491368686	0.999927879915109	44	-0.0720190391153487	4.19767676067729	-1.03481722824886	0.302185042149829	0.429560802716323	-6.98645312255552	Non-Significant
SP3	0.114897621803175	0.908526270137921	0.999927879915109	45	-0.0240340201518083	7.65336112550939	-0.492713348200879	0.622834027668922	0.727068396778468	-7.82979591366916	Non-Significant
SP4	1.95060009942523	0.0511046353828799	0.1996461242195	22	0.3051031341826	4.71357690195154	4.01144795047429	8.93542463164572e-05	0.000578557090986034	0.138003280695107	LogFC Significant
SP5	3.54054797375563	0.000399297035489526	0.0193395427209346	42	2.78036236172389	-1.62092416223055	9.1086275150185	1.90689005212869e-16	9.38433338419929e-15	26.8235755413483	LUAD
SP6	-2.93394710532232	0.00334681238614138	0.0288397127994866	31	-1.26471523933124	2.17396701353087	-6.08405461022295	7.20955082458147e-09	1.0780640707013e-07	9.50689108350685	LUSC
SP7	0.5071995839334	0.612014786928102	0.893719325400208	11	0.111688107350856	-4.44162247696001	0.310628393715079	0.756453547774084	0.829928100559109	-6.65618076540319	Non-Significant
SP8	1.05614631039695	0.290901375393243	0.639091861914258	5	0.20556522749979	-4.6917226448625	0.572635257360957	0.567628148060799	0.680940258538964	-6.54856521555531	Non-Significant
SP9	-3.08737461844752	0.00201932938015994	0.0233220751070407	21	-2.74472609215744	-4.95057071776585	-9.25731681292732	7.51354903765179e-17	3.9334820610077e-15	27.7322652741767	LUSC
SPAG8	0.722000754963823	0.470294013359686	0.79154742846462	81	0.00250683830871736	0.836741371262723	0.0170851382808313	0.986388197761915	0.991003767721235	-7.13846033593791	Non-Significant
SPDEF	3.65345426185337	0.000258735894801646	0.0193395427209346	121	3.52897250229194	1.2354012029597	11.3480927311897	1.0349758107669e-22	1.25394712158772e-20	40.9626908294048	LUAD
SPEN	-1.28553311523101	0.198606052406626	0.506735645784631	26	-0.287042998700639	6.89951403126945	-4.26662383138197	3.24709836975053e-05	0.000235272458554927	0.842364171516989	LogFC Significant
SPI1	0.453915065248468	0.649889959882411	0.902600240934727	260	0.136127282203442	3.88928408599384	0.859522256670287	0.391230721425542	0.521360913721622	-7.116596326529	Non-Significant
SPIB	-0.178123852937659	0.858625709642611	0.996797875474514	92	-0.334174692669085	1.72035111139378	-1.33590377280879	0.183318926780363	0.30370362618773	-6.35022878591455	Non-Significant
SPIC	-0.316258173955494	0.751806555404945	0.952760818326182	5	-1.0504410237656	-4.59911520973264	-3.17183939819164	0.00178969270879142	0.00810017817126746	-1.86242378709582	LogFC Significant
SPIN1	-0.366621740301265	0.713901189359357	0.935798155660609	47	-0.106163354823737	7.07402413866494	-1.92695806009253	0.0556080374665269	0.141243415919022	-6.02966325264332	Non-Significant
SPIN2A	-1.75852335224511	0.0786585017558588	0.2713853462642	10	-0.326064801533664	-2.77751977892172	-1.6140566297157	0.108320473120784	0.23130652607276	-5.50855862699379	Non-Significant
SPIN2B	-0.763897859346529	0.44492811321005	0.775447482761567	2	-0.21792419546526	1.07601428082132	-2.44805510906355	0.0153517577968172	0.0501083737811956	-4.22000280569799	Non-Significant
SPIN3	3.32982995009618	0.000868990377398673	0.0193395427209346	33	0.35739808171686	2.58698427235063	4.38141259239473	2.02932995547405e-05	0.000154495196275132	1.78124133184907	LUAD
SPIN4	3.36806013670112	0.000756990824913261	0.0193395427209346	68	0.485603146735715	3.70696796171704	4.00334724586081	9.22030985678537e-05	0.000595034479863513	0.21951481901851	LUAD
SPINDOC	-2.31248521753221	0.0207509590185701	0.102771868947684	93	-0.568810419534587	3.44582051986047	-5.02598578894606	1.23235275490677e-06	1.21060815224297e-05	4.38520429444898	LUSC
SPTY2D1	1.22004334153342	0.222448445147813	0.541426033765829	10	0.109608836059275	5.85742311109124	2.23446061244634	0.0267211697576616	0.0787384008505626	-5.24916863375224	Non-Significant
SREBF1	-0.661245231613062	0.508455058326342	0.82403370227546	52	-0.281405803309792	5.48817980812193	-2.11141676425737	0.03615937763927	0.100197919304616	-5.46562310872133	Non-Significant
SREBF2	-1.55099246100864	0.120903490661318	0.367283221252536	15	-0.454320692963072	6.99458787182759	-5.11748289486326	8.10508287055906e-07	8.28349562063202e-06	4.38737105638198	LogFC Significant
SRF	-1.80741527678288	0.0706975537699224	0.253049354670239	65	-0.460907523259026	5.59548786495069	-7.13440020207211	2.48867026728412e-11	5.51801634949978e-10	14.7213946630487	LogFC Significant
SRY	-0.800765316868521	0.423267521258538	0.767831636487575	7	-0.925465491179582	-6.27747427446812	-4.55129854052277	9.95688441895562e-06	8.09629307355346e-05	2.36298421031993	LogFC Significant
SS18	-0.755404384118817	0.450006383508573	0.778476589391311	35	-0.132838484253769	6.91093768222609	-2.27281314728293	0.0242559273081794	0.0728665869888432	-5.29725739833251	Non-Significant
SS18L1	-0.788347222626449	0.430493632791833	0.767831636487575	10	-0.00490256878093631	4.96497711396566	-0.0719838680369685	0.942697115248084	0.961651973748852	-7.60909442485026	Non-Significant
SS18L2	0.0286290280631623	0.977160460522196	0.999927879915109	24	0.0368668326271658	3.68006224930992	0.580985180794482	0.561999444006148	0.676281214266721	-7.29313695233947	Non-Significant
SSBP2	-0.363413926823291	0.716295699825875	0.935798155660609	6	-0.272486678750562	4.61730294554983	-2.87602844824432	0.00452876900430042	0.0179772946058843	-3.51752286902803	LogFC Significant
SSBP3	0.298487928440258	0.765330788156981	0.955453869928816	9	-0.0625581355448054	4.46676940572711	-0.672218470911079	0.502332969552104	0.622666751647383	-7.32671112376648	Non-Significant
SSBP4	-0.445808250751707	0.655735761383133	0.904914748391496	34	-0.0675612550927327	1.47887992564928	-0.370114591888548	0.711745567038824	0.795717658061728	-7.14258376916466	Non-Significant
ST18	-1.74399591201449	0.0811598026740712	0.277671012817357	11	-0.0807493127763057	-0.353589134022598	-0.321612168497963	0.748131119633994	0.823463809123633	-6.95986559498212	Non-Significant
STAT2	-1.21682180114391	0.22367202334977	0.543420506897602	69	-0.263577614539023	8.04254888580991	-3.56870347539273	0.000463328744144287	0.00248439899626198	-1.83002283986434	LogFC Significant
STAT3	1.49658382816885	0.134501580661629	0.394276166377446	24	0.209390749376638	8.51163814555213	3.51033231460196	0.000569446759404338	0.00297932015207168	-2.08795880078471	LogFC Significant
STAT4	0.80626301950969	0.420091208560145	0.767831636487575	84	0.412013476929399	3.55846123471831	3.39586478117673	0.000846963543978621	0.00422659477286419	-1.85198458688073	LogFC Significant
STAT5A	0.75635192842135	0.449438221598578	0.778476589391311	174	0.186465951840868	5.06778360890307	1.69214578126262	0.0924015258252562	0.204387917545924	-6.19910495722825	Non-Significant
STAT5B	0.441526397695698	0.658831955210213	0.906687616916173	65	0.0744296921962466	6.26746382050534	1.28343737037481	0.201039250132921	0.313124277869174	-6.94798834905073	Non-Significant
STAT6	0.835855339607096	0.403236289603269	0.756727541610621	10	0.113203690703553	7.97481387197645	1.862495419686	0.0642129582199618	0.158096603056947	-6.26994396511863	Non-Significant
STOX1	1.03147936021971	0.302316082233234	0.649894513042687	11	0.536123572631576	1.89306836637077	2.57995909482125	0.0107036767254971	0.0371888088115283	-3.98959235504718	LogFC Significant
STOX2	-2.6086269913701	0.00909062741911104	0.0558225683717889	25	-0.756966630687378	3.67642001452971	-4.60598213434941	7.8851910623358e-06	6.5477453067562e-05	2.57215503876585	LUSC
SUB1	-0.938414449106921	0.348031463293032	0.69999673620178	34	-0.110505179069062	7.50058784552575	-1.76676246208421	0.0790148047639684	0.18225002249601	-6.37732182337707	Non-Significant
SUDS3	-1.89547577062271	0.0580293987424642	0.218617322091685	65	-0.224410565925037	6.27769442336764	-3.62247485230281	0.000382302545357276	0.00209971368840263	-1.42116681458189	LogFC Significant
SUPT16H	-1.77446687710212	0.0759859562455862	0.265607209171668	37	-0.18576931525427	7.45927203292523	-2.72006792939369	0.00718674618450754	0.026599381200217	-4.28646086090219	LogFC Significant
SUPT20H	0.722244295090385	0.470144294405879	0.79154742846462	25	0.135810624766151	6.02455762889714	2.37052036739198	0.0188531469787293	0.059388463362611	-4.96451591373157	Non-Significant
SUPT20HL1	-0.313556919054319	0.753857584029325	0.952760818326182	8	-0.461212816502273	-5.24967283471969	-1.89720162695986	0.0594516245360394	0.149071418455745	-5.02398386622881	Non-Significant
SUPT20HL2	-0.477366450788348	0.633101199780893	0.898758998692632	11	-0.12966090683576	-6.42655515372631	-0.853818292646917	0.394375263795247	0.524452624421401	-7.21880428775724	Non-Significant
SUPT4H1	0.405963252280515	0.684769601423514	0.91977763756208	36	0.145688414728057	5.28657870667134	3.06695286862804	0.00250688569990763	0.0108344985328265	-3.0536170629848	LogFC Significant
SUPT5H	-0.124385347857572	0.901010173967579	0.999927879915109	14	-0.0233289101936186	7.12470803166983	-0.302767789594071	0.762427148447803	0.83431614718794	-7.83528838154521	Non-Significant
SUPT6H	-2.08007549952019	0.0375186084350916	0.159007893249929	31	-0.0445293572359885	7.24500989357213	-0.983514416784081	0.326714871535932	0.456272825780866	-7.41273945720298	VIPER Significant
TADA1	1.05401910754872	0.291874169143004	0.639828964671563	93	0.0377271428827417	4.6055678448005	0.591355714384827	0.555046738469478	0.670546956001943	-7.39405705676649	Non-Significant
TADA2B	3.33013760915698	0.000868030735488856	0.0193395427209346	59	0.459803376797105	4.8256061765302	8.27361553497538	3.21889561205867e-14	1.11730369792099e-12	21.3631559837073	LUAD
TADA3	1.11668942236811	0.264127142087908	0.602883146244533	92	0.0904783087871355	5.48084113385865	0.948999050449489	0.343932444180648	0.473828369461273	-7.22290464534383	Non-Significant
TAF5L	0.94629968274161	0.343995755145029	0.695517766679116	55	0.150211639274969	5.54610915419727	3.11921576055979	0.00212163771241292	0.00937044337073052	-2.93061665327289	LogFC Significant
TAF7	1.41129989660115	0.158156204972497	0.442875664577734	91	0.163901114882831	6.90982054685037	2.54958012223257	0.0116451126196371	0.0398690170734612	-4.64863422158017	LogFC Significant
TAL1	1.54076159980379	0.123374818449872	0.371976930101115	60	0.268061550686616	2.03542237253451	1.95433958536746	0.0522578374337933	0.134629015575942	-5.38358816521816	Non-Significant
TAL2	0.348887686778842	0.727173629587561	0.943857056434917	9	0.237196154971481	-4.36244337791545	0.995217563763505	0.32100735355353	0.450179969489456	-6.21432728984599	Non-Significant
TBL1X	-2.83841533982514	0.00453381447473495	0.033470218622308	28	-0.288110866031553	5.51776225573691	-2.67920500154095	0.00808521200402695	0.0293603191797641	-4.14831433191646	LUSC
TBL1XR1	-2.81265663860996	0.00491340862341155	0.0349438447977904	71	-0.640156796971827	8.0409838206148	-7.55337168372835	2.27520905037962e-12	5.97709281040874e-11	16.7900584333214	LUSC
TBL1Y	-0.701090165258382	0.483246747505939	0.802762273414172	9	-1.51553355016399	-4.78037550057743	-3.58531047408922	0.000436722848121257	0.00235863710990218	-0.571654110456997	LogFC Significant
TBR1	0.0026712198996279	0.997868677418223	0.999927879915109	5	-0.012596498547937	-4.77115531222172	-0.0389140644955592	0.969003350612183	0.979883239586883	-6.71455780311508	Non-Significant
TBX1	-3.01322541678962	0.00258486838775596	0.0259520786130698	24	-1.08232825812888	0.714938863895906	-4.45833878696343	1.47357138799372e-05	0.000115698431799797	2.2778253519691	LUSC
TBX10	-0.214696881694495	0.830003653938673	0.977505769565311	22	0.0695697572594864	-4.811426624393	0.212113120185063	0.83226613425798	0.884739168293047	-6.69586192827472	Non-Significant
TBX15	3.49000436178075	0.000483012663519384	0.0193395427209346	48	1.83576488897068	1.99733395266878	6.24746945869697	3.08771617704291e-09	4.89933038306847e-08	10.3509316257217	LUAD
TBX18	-2.44163567748563	0.0146208932013353	0.0797792215985905	11	-2.0577668217183	0.622035781338509	-5.16548980908205	6.49219130695967e-07	6.7683189273909e-06	5.28465501623733	LUSC
TBX19	-0.401757242664002	0.687862692206515	0.920818857300454	3	-0.0927759260907205	2.30546603733752	-0.921719258203724	0.357946558666369	0.488309822578422	-6.88103853486369	Non-Significant
TBX2	0.605522814022189	0.544831670720543	0.852486622848473	93	0.106667723839078	4.20464928615046	0.779924975952571	0.436490732990516	0.565503155509724	-7.21808491676004	Non-Significant
TBX20	-0.407344056669905	0.683755309046439	0.91977763756208	8	-1.05363035526106	-4.68226055479017	-2.79382477312722	0.00579069436789206	0.022183638756648	-2.92763809436566	LogFC Significant
TBX21	0.327147503877787	0.743556323882649	0.950994330163286	151	0.191302825054732	1.0278951481596	1.07381440838331	0.284387286319328	0.410278165446964	-6.58553320020572	Non-Significant
TBX22	-0.00136510330268783	0.998910805489171	0.999927879915109	1	0.193088048547245	-6.10953409334754	0.955891007994108	0.340448587483292	0.470060149848726	-6.84347853461953	Non-Significant
TBX3	-3.28298663713396	0.00102713534422344	0.0202204683451046	27	-0.898103377563216	4.03771548174578	-7.8383259913366	4.30867125991009e-13	1.27175780586882e-11	18.8774221553553	LUSC
TBX4	2.31196574490679	0.0207795711119321	0.102771868947684	80	0.553060525462706	3.51136787886068	2.90375158957451	0.0041634763854009	0.016721599001382	-3.3162593020408	LUAD
TBX5	0.733423714370104	0.463300039825938	0.788395322008885	111	0.332558204927262	3.5078348725763	2.56400240644278	0.0111893023358131	0.0385575159924282	-4.20840454226789	LogFC Significant
TBX6	-0.62820418568103	0.529870188660617	0.845770539610905	46	-0.548738987402168	0.0205254909687605	-3.32692247988036	0.00107060372863346	0.00518400812020575	-1.69428103478954	LogFC Significant
TBXT	1.23255726304216	0.217740989950396	0.533199887585849	14	1.87281643830748	-4.46359008890832	4.31121258966469	2.70808528870988e-05	0.000200208670639679	2.04008577183001	LogFC Significant
TCEA1	0.122665371114108	0.902372086571551	0.999927879915109	115	0.0459914273752716	6.41300078594489	0.622899818051875	0.534162895611841	0.651723046637355	-7.59482451857872	Non-Significant
TCF12	-0.22169573646965	0.824550749337755	0.97625865389392	24	-0.162730130002244	7.00189348919366	-2.44503389796349	0.0154765557460032	0.0504477621991619	-4.913659179712	Non-Significant
TCF15	-2.93608927150836	0.00332378654639394	0.0288397127994866	57	-1.73679136830704	-3.06604045963305	-5.92959328439268	1.58696384787638e-08	2.24379667582766e-07	9.11083224163972	LUSC
TCF20	-3.09969846665025	0.00193717745726327	0.0228431085213315	41	-0.476870303186345	6.49686682761339	-8.06994376038758	1.09172360917915e-13	3.5115959277301e-12	19.9788259843902	LUSC
TCF21	1.53176942459077	0.12557934362611	0.378055955024332	133	1.00763363361861	2.28342557536355	4.40495251176467	1.84080403658519e-05	0.000141433118232936	1.90619410752296	LogFC Significant
TCF23	-0.790707853647529	0.429114492044652	0.767831636487575	7	-0.181576178200635	-5.40288830571518	-0.682828969309637	0.495619687109066	0.617700737177789	-6.61960325902051	Non-Significant
TCF24	-2.14045577070806	0.0323179515434413	0.14357178473281	46	-1.6753483094146	-2.31847064713223	-4.19501126660488	4.33373028738171e-05	0.000303402743511013	1.49932061754613	LUSC
TCF3	-1.48353714624252	0.137931754758589	0.400810061054579	46	-0.39884441248007	4.93154025346645	-3.57564191584948	0.000452032374957749	0.00242945917111323	-1.41849342085149	LogFC Significant
TCF4	-2.61240645798327	0.00899072923640734	0.0555488747898644	62	-0.639690703427722	7.12987417851122	-7.08132291960212	3.35311345459714e-11	7.32302709230173e-10	14.2502414338618	LUSC
TCF7	0.0534470008944574	0.957375757403879	0.999927879915109	31	-0.0447868020070086	3.76349111799757	-0.354704143200795	0.723239195682278	0.804556428988983	-7.4086814204526	Non-Significant
TCF7L1	-1.65250123802291	0.0984324129646625	0.318687040643277	28	-0.505160223017263	3.6696655539894	-3.35469635910192	0.000974588159230936	0.0047768149750169	-1.99496552873915	LogFC Significant
TCF7L2	2.60138089493276	0.00928493001454844	0.0564973923309493	28	0.280850821919094	4.81347816614464	4.17004946214778	4.78848047497607e-05	0.000331429022646399	0.720523170911199	LUAD
TCFL5	-1.07099751584806	0.284170546615812	0.63190969834391	9	-0.321439340462374	3.78608962211825	-4.10084474961696	6.30021603365165e-05	0.000422616196109265	0.572837082824529	LogFC Significant
TEAD1	2.3410566838165	0.0192292473838108	0.0978195845355139	75	0.252957389274683	6.95147890596313	3.19934248935841	0.00163602367696777	0.00749061551432267	-2.86416675018617	LUAD
TEAD2	0.0403140622333158	0.967842742852243	0.999927879915109	13	-0.0246111744151464	5.17649276240776	-0.228757281283228	0.819325218468223	0.87567904006565	-7.6106855010411	Non-Significant
TEAD3	-2.28527614960673	0.0222966405177893	0.108405942275353	38	-0.431795682798964	5.27846265143669	-4.89778070388144	2.19756524548455e-06	2.05599016513563e-05	3.6271615905107	LUSC
TEAD4	-3.04719549050845	0.00230987431562817	0.0242839142711066	45	-0.74023694187483	3.1396746306849	-7.57788391401766	1.97399993550521e-12	5.23444297645222e-11	17.4602119683531	LUSC
TEF	-0.929288562294832	0.352739561109048	0.702679601891833	22	-0.213295421743165	4.65397210450935	-1.68749079027923	0.0932941525137342	0.205959490013617	-6.15823483879021	Non-Significant
TERF2IP	1.17638234545689	0.239442123346277	0.571700099499792	10	0.205124920925122	6.13980866125631	3.58192140213683	0.000442032783102417	0.00238251034858061	-1.540731529872	LogFC Significant
TESMIN	-3.11406512697984	0.0018452875357153	0.0221956914311769	48	-1.38690804164137	1.71386199888504	-7.483902147105	3.3985366323114e-12	8.71223854265984e-11	17.0485577006353	LUSC
TET1	-3.22806579208914	0.00124630306166356	0.0217004484370714	33	-0.814790521272255	2.34144389700336	-6.96756716073946	6.32783913269865e-11	1.3289245650289e-09	14.1243169409043	LUSC
TET2	-0.547013711729297	0.584369311963164	0.878961481964069	29	-0.164355162889512	6.0795564811024	-2.22623023437623	0.0272777858513293	0.0800372687372827	-5.2944276246324	Non-Significant
TET3	-3.30749905758	0.000941330285923546	0.0193395427209346	85	-0.738198263870707	5.5544525391816	-9.85156961020801	1.73610591208218e-18	1.16702094375448e-16	31.0279180838713	LUSC
TFAP2A	-3.57332983646077	0.000352470324581809	0.0193395427209346	54	-2.26183973846104	3.68281702919251	-10.6759512758747	8.45319866918091e-21	7.99534326170891e-19	36.4708778836449	LUSC
TFAP2B	-2.59269300658264	0.00952277316937401	0.0572259968924417	16	-2.45792288869377	-3.80424414216132	-5.4625940548609	1.59501190257295e-07	1.87272209677728e-06	6.91890867422286	LUSC
TFAP2C	-1.94864775930375	0.0513375044503871	0.200166425119179	27	-0.843057996718782	4.442233517976	-5.6044991790404	8.01246071166725e-08	9.93959229092881e-07	6.9319430534326	LogFC Significant
TFAP2D	0.422075016274094	0.672970263149401	0.914372237378703	8	2.69644624506613	-3.34524771788862	5.06989933507302	1.00849478617463e-06	1.01119735348339e-05	5.1355390009269	LogFC Significant
TFAP2E	1.61807628892055	0.105646157743444	0.33198354420788	9	0.241346585983356	0.384880717631034	1.49951258390981	0.135546221219561	0.273923948092875	-5.97301023873942	Non-Significant
TFAP4	-1.27255956685932	0.203174374039841	0.51188725605019	89	-0.555233114050365	2.52417851083309	-4.72054659688133	4.80620440766694e-06	4.17637495711305e-05	3.16878170987424	LogFC Significant
TFCP2	-2.09877120724448	0.0358370741322913	0.153556910603966	86	-0.29171814675531	5.82052379309335	-6.19054731219266	4.15504850689498e-09	6.45796573982462e-08	9.66994830815007	LUSC
TFCP2L1	2.1340827305801	0.0328360092570922	0.14491144305108	20	1.02010390508978	5.30343465192892	4.9439518593629	1.78643089223557e-06	1.69851125527465e-05	3.82448698770958	LUAD
TFDP1	-2.12141610063166	0.0338868015161658	0.147653497956419	35	-0.413729383246642	6.47225671930849	-5.17361745230225	6.25196468174415e-07	6.54375947194779e-06	4.7037373987463	LUSC
TFDP2	-2.50802340312688	0.0121408625758805	0.0686728226827266	60	-0.620470009688393	5.34361762370422	-6.83275258115016	1.33367921470217e-10	2.65722789817286e-09	13.0972547959608	LUSC
TFDP3	0.916750169360702	0.359273570004638	0.713349841903205	1	0.0402466996794199	-6.29237709329108	0.246937517897754	0.805246614677819	0.865453876451981	-7.42894095505633	Non-Significant
TFE3	-0.128354565412287	0.897868385214821	0.999927879915109	27	-0.0081678281727626	6.03596475330825	-0.133585007920923	0.893884545503006	0.927911239952386	-7.73300728309343	Non-Significant
TFEB	0.243757918560176	0.807418313454066	0.969911984135431	80	0.0761275851378036	3.00944765958733	0.550583606821705	0.582622720260893	0.693423921019665	-7.23386502723172	Non-Significant
TFEC	0.530752849712438	0.595590057573748	0.884975545076464	124	0.277018464043068	4.89662592810656	2.16340586483185	0.0318689271670191	0.090536077926582	-5.28674144857892	Non-Significant
TGIF1	-1.54919205636144	0.121335558475941	0.368038974954215	14	-0.204954296300211	6.41044505857485	-2.7934822713686	0.00579656300854737	0.0221994359338407	-3.95669751401884	LogFC Significant
TGIF2	-3.18165952736364	0.00146433852678281	0.0217633093901877	34	-0.629711728710509	5.22100836699487	-7.68610847067596	1.051784060144e-12	2.90401973328746e-11	17.8799145671535	LUSC
TGIF2LX	1.1916418448356	0.233401709997184	0.561955196252212	3	-0.131114839284899	-5.99568028648523	-0.462808896041986	0.644077494645274	0.744401912249465	-7.10187541256647	Non-Significant
TGIF2LY	-0.247060364423132	0.804861507612077	0.969911984135431	5	-0.0239132822830568	-6.65674581191775	-0.304692475150792	0.760963164016462	0.833222980314197	-7.70420400997614	Non-Significant
THAP1	1.60180387237563	0.109198986491712	0.340483796390307	29	0.123376377948011	3.65275786520169	2.15274239480866	0.0327111799810842	0.0924642320029691	-5.166583026149	Non-Significant
THAP11	-0.170795060802667	0.86438491291868	0.997652743542806	36	-0.164550477464726	4.19035452423651	-2.91676211214227	0.00400151695441769	0.016192540098807	-3.35603301080366	LogFC Significant
THAP7	-0.708658988270894	0.478536120899153	0.798437570634792	69	-0.275495592659258	2.73984776893602	-2.20160103102303	0.0290041444192759	0.0841402937642821	-4.9604502011375	Non-Significant
THRA	1.45980589088892	0.14434342909608	0.412996888314379	68	0.171881413299672	4.8689216602509	1.90029661802053	0.0590417579398211	0.148211676509582	-5.80737276358474	Non-Significant
THRAP3	0.253334010724907	0.800010116327165	0.96772308047286	33	-0.0208116848412324	7.60601818293137	-0.559655834716881	0.57643127813523	0.688343591633104	-7.78810008504491	Non-Significant
THRB	-0.236793248954057	0.812817189188975	0.970876833274079	12	-0.136312573585654	3.51425976051324	-0.948057704902618	0.344410066352656	0.474153201569754	-6.99388972174652	Non-Significant
TLX1	-1.10677123036078	0.268392849802071	0.607590577680449	4	-1.34819469642476	-4.35369404061158	-3.1536881689311	0.00189832719417499	0.00852814316260163	-1.91324000812221	LogFC Significant
TLX2	-0.47642815708554	0.633769378790279	0.898758998692632	5	-1.62032073281401	-4.1604282625686	-5.09602180243883	8.94624362864384e-07	9.0630808936327e-06	5.27717311772241	LogFC Significant
TLX3	-2.98560456213485	0.00283018362025044	0.0264506647464722	14	-1.305922881666	-6.04556079810358	-6.16107326843825	4.84244292948822e-09	7.44223953216363e-08	9.9298163910691	LUSC
TNF	0.572039798102595	0.567295012759988	0.866916579621046	12	0.0399079813305848	1.03322591310739	0.212616681487526	0.831873920492986	0.884446949483484	-7.13804074547943	Non-Significant
TNIP1	0.683693243417389	0.494168890884527	0.810695370013178	62	0.0674683842166954	6.85411727477446	0.961535279283489	0.337612477767686	0.467263177366511	-7.38299302292523	Non-Significant
TNIP2	0.0729260162735872	0.941864991066828	0.999927879915109	40	0.0251938408640565	4.29212457764935	0.267799092833101	0.789169986102099	0.853239220499127	-7.49675170493836	Non-Significant
TNIP3	-0.602788758457757	0.546649226107371	0.852878655661668	12	-0.4269275842052	2.05461114618558	-2.02259293149334	0.0446405669220113	0.118676134391801	-5.25290468476379	Non-Significant
TOX	1.00507773780575	0.314859418877694	0.660182445732314	30	0.561611179761115	3.66041173082734	4.013291556633	8.87177050865548e-05	0.000574728089246904	0.261152589630638	LogFC Significant
TOX2	-0.281510974244589	0.778318512060896	0.962667979369708	65	-0.620480923600721	1.89729447734538	-3.94149018309989	0.000116992316727846	0.000735062480431308	0.187327462603654	LogFC Significant
TOX3	3.70951350572362	0.000207657880512319	0.0193395427209346	95	4.18061335012756	2.53140349105013	11.343647105273	1.06570291682986e-22	1.27899430721236e-20	40.8792120223232	LUAD
TOX4	-0.0408883031625307	0.967384942374454	0.999927879915109	9	0.0432305397737186	6.65841417542508	0.829229539496782	0.408106462872589	0.538016670632259	-7.47617799084563	Non-Significant
TP53	0.747395047363243	0.454825134060051	0.781256517701097	8	0.211009209503302	5.52890537652347	1.89029390315909	0.0603750006258411	0.151003925598406	-5.90456570484697	Non-Significant
TP53BP1	-0.804065201614619	0.421359320276306	0.767831636487575	13	-0.0808690384487158	6.44385981098152	-1.3105558556068	0.191728721869677	0.30370362618773	-6.93527796163204	Non-Significant
TP53INP1	-0.238392878590974	0.811576390296483	0.970876833274079	41	0.158486746509718	7.35613330411622	1.30376599998311	0.194029293281326	0.304404951993635	-7.06236657122017	Non-Significant
TP53INP2	0.580445368159099	0.561614318172725	0.861513789832568	15	0.215813427031667	5.62747108214492	2.21631911521732	0.0279614392390653	0.0816788632100502	-5.26057965221855	Non-Significant
TP63	-3.62441354514843	0.000289617877909508	0.0193395427209346	208	-6.11547756688499	4.98871315430531	-24.2675835851345	7.75438015530018e-58	4.93236735728256e-54	121.241051344502	LUSC
TP73	-3.05920969103139	0.00221921757684694	0.0240875075368036	68	-1.43531675941342	1.4137552159379	-7.75962266130799	6.84186894289667e-13	1.95154340262466e-11	18.6470880065302	LUSC
TPRX1	-0.000571840806719758	0.999543737073948	0.999927879915109	3	-0.0698051043349358	-6.62885070195522	-0.88301731622099	0.37844076239766	0.508672846832039	-7.34563129892974	Non-Significant
TRERF1	-1.18956242430134	0.234218422015324	0.562572477759295	34	-0.430910196311679	4.35605175753941	-4.44209113159846	1.57713839941854e-05	0.000122957353443867	1.83338295420182	LogFC Significant
TRIM27	3.12297950021101	0.00179030217123051	0.0221956914311769	45	0.425583110049124	6.48406298799128	7.27035954660966	1.15359577025685e-11	2.72272144551439e-10	15.3787293988932	LUAD
TRIM28	-2.19182409467895	0.0283922106129579	0.13016337650872	58	-0.567200805623721	6.93425657300513	-5.20456305502853	5.41392725092676e-07	5.73585471769017e-06	4.78644788935254	LUSC
TRIM45	-2.04657404636867	0.0406999252869304	0.169907380407809	17	-0.407346205766403	3.21097792528705	-3.01234049621094	0.00297761682278993	0.0125700190513098	-2.97651010040819	LUSC
TRIM56	0.388955740692992	0.697308887199474	0.926055717920995	5	0.0491812591560604	4.27722774613279	0.567198316745625	0.571307777620205	0.684085172411741	-7.36980356260765	Non-Significant
TRIP4	0.612183299859518	0.54041648944549	0.851771044589123	21	0.0362525585888962	5.09645803839273	0.684025731362735	0.494865536661894	0.617002614328207	-7.39293620524952	Non-Significant
TRO	-2.84439086762023	0.00444964257954589	0.0331133771255468	73	-0.961930721504133	3.70663949220132	-6.72688353013639	2.38192222690981e-10	4.56006374862801e-09	12.6959114680079	LUSC
TRPS1	-2.09874328460536	0.0358395368252666	0.153556910603966	48	-0.675047396952115	5.25039477894993	-5.89032614424693	1.93560053619204e-08	2.6786774241139e-07	8.22933584612377	LUSC
TRRAP	0.112880144632509	0.91012557799535	0.999927879915109	46	0.0163534842634927	6.3108893835589	0.209567280806788	0.834249680171499	0.886243478032785	-7.75441961035904	Non-Significant
TSHZ1	1.13132663619228	0.257917637281037	0.597493442674585	2	0.105538773174124	4.76048984465174	1.19771106963546	0.232652518461401	0.351027576778356	-6.87088977584745	Non-Significant
TSHZ2	-3.37807444157983	0.00072995317381819	0.0193395427209346	39	-0.826561471640374	3.74956051768606	-5.53919512773389	1.101483288743e-07	1.33389049573956e-06	6.69500694882079	LUSC
TSHZ3	-1.26456962534723	0.206025647265359	0.515404700364098	91	-0.55575394914517	3.93828963937461	-4.37386446289603	2.09361205118975e-05	0.000158842318229971	1.60766472206032	LogFC Significant
TWIST1	-2.46673015649244	0.0136353069101856	0.0758440340045779	92	-1.99760712083956	0.954546744997786	-7.57314178204966	2.02901846769596e-12	5.35799863763242e-11	17.6139243864608	LUSC
TWIST2	-1.29762838531372	0.194415063269513	0.499497995674808	12	-0.85917606348798	-3.60825317735394	-3.19406348889891	0.0016645346404774	0.00760473242191894	-1.81713657115477	LogFC Significant
UBP1	-0.308078344334269	0.758022719066659	0.954466615713194	15	-0.120408250367952	6.80558786822205	-2.45247488682416	0.0151707984632626	0.0496195687492981	-4.87068065236941	LogFC Significant
UBTF	-1.25125240543539	0.210842403962533	0.523275088703832	41	-0.177368881456908	6.63119066139879	-3.75008712314518	0.000240197214281126	0.00138988804251869	-1.02694995876221	LogFC Significant
UBTFL1	-0.636879422657189	0.524203387202736	0.839394259571845	3	-0.173938886209799	-6.60264940208594	-2.11863294193625	0.0355356465318982	0.0988123994219766	-5.49674697505324	Non-Significant
UBTFL6	0.39746051887127	0.691027895216736	0.921982733285851	4	0.206824580200506	-4.595551563846	0.788901668654226	0.431239108306787	0.560468757574111	-6.399179967895	Non-Significant
URI1	-2.11226846267592	0.0346634292586442	0.150332971817187	33	-0.321406444888468	6.54837523061649	-4.63965598774267	6.82339283115144e-06	5.74479099281887e-05	2.38370290868085	LUSC
USF1	0.353368410601196	0.723812264856283	0.941330976574752	14	0.065810856146208	6.21859876685028	1.15647582297601	0.249066060661833	0.369891885443558	-7.09603288291179	Non-Significant
USF2	-1.29363820391327	0.195790419774912	0.502018135652106	38	-0.237986432785033	5.71847137577241	-3.1761822544865	0.00176456965726376	0.00800141610938549	-2.78098144378747	LogFC Significant
UTP15	0.597696053655339	0.550042759128545	0.85420406831409	26	-0.0535415637296137	4.46550425210787	-0.880671230929253	0.379706104151438	0.509794591589934	-7.16479380972109	Non-Significant
UXT	-0.36994559230466	0.711423029797849	0.934906704079895	32	-0.0660929813881703	4.43695852126955	-1.30755195682129	0.192744009093925	0.30370362618773	-6.69633307393815	Non-Significant
VAX1	-3.44090656925309	0.000579768690420789	0.0193395427209346	43	-3.30561558771686	-4.88981210205812	-9.785245025931	2.65237978248221e-18	1.72594626101521e-16	30.9874807319407	LUSC
VAX2	-1.0401366090306	0.298276437433227	0.646165902112193	35	-0.930054122596429	-2.64065209137119	-3.24065957096617	0.00142804598670458	0.00664966581986175	-1.73936695472838	LogFC Significant
VDR	1.91869771180888	0.0550226012733596	0.211657822522809	28	0.422287723647202	5.85578370810649	3.83554051882309	0.000174788741638062	0.00104935109804087	-0.631209143535008	LogFC Significant
VENTX	0.830648488568209	0.406172234057703	0.757986845713631	48	0.258784672849944	0.259349406171267	1.56887185797539	0.118487844387001	0.247602663113504	-5.85482126172365	Non-Significant
VEZF1	2.92123145880276	0.00348650699462189	0.0292924939129739	116	0.246956954873381	6.50354438299331	4.34290899713234	2.37828306683353e-05	0.000178103476289758	1.18992221091268	LUAD
VGLL1	-0.942608274158352	0.345881306063084	0.696619521138087	9	-1.01985083984169	-0.250027320900183	-2.41592791368758	0.0167257372865484	0.0537993595172758	-4.1577231805515	Non-Significant
VGLL2	-0.0852882954848816	0.932032196477462	0.999927879915109	4	-0.418850987811589	-5.82780102288591	-1.55722122101843	0.12122825626561	0.251860574381735	-5.88590567588714	Non-Significant
VGLL3	0.234968650715098	0.814233065194722	0.970876833274079	70	0.248142622824265	5.49437741643333	1.65354872175789	0.100015601027843	0.217411844756411	-6.31391990225631	Non-Significant
VGLL4	-1.38206157548279	0.166952795322383	0.457354997281508	33	-0.255870089221804	5.55149584492268	-3.65173635580893	0.000344021990171476	0.00191133344162744	-1.23413513863955	LogFC Significant
VRTN	-0.101736086555933	0.918966157810611	0.999927879915109	11	-0.586866895347582	-6.11020053078299	-3.08545006126957	0.00236370500364002	0.0102741516029065	-2.66031470936618	LogFC Significant
VSX1	3.47067339927355	0.000519155026576471	0.0193395427209346	23	1.87955613407191	-2.60232802229616	5.38933301208209	2.26554721414568e-07	2.57907462055967e-06	6.52885977105919	LUAD
VSX2	-0.0117196043647197	0.990649322670389	0.999927879915109	3	-0.499496715196715	-5.72354734867886	-2.02701189690088	0.0441817656402215	0.11764079987276	-4.99593994908907	Non-Significant
WBP2	2.86815929215274	0.00412867608186479	0.0323440857858591	27	0.19574240025232	6.21892495266984	2.69446167243596	0.00773852424093831	0.0282971072523992	-4.19431340982957	LUAD
WBP2NL	0.98984116520202	0.322251760509629	0.667865855930472	6	0.490194951074864	-0.0380980553885046	3.54542515933209	0.000503198942037063	0.00267507118308588	-0.987039880422425	LogFC Significant
WDR75	-2.714394869898	0.0066396970964362	0.0450422694920402	144	-0.341865235498111	6.15485838019556	-5.64694588240393	6.50690347874173e-08	8.19174394901661e-07	6.94267025168185	LUSC
WIZ	-1.05864457974311	0.289761676219329	0.638684353291342	117	-0.578766368058627	4.02817692464686	-4.31432573307802	2.67384474130537e-05	0.000197820970494424	1.36393272271394	LogFC Significant
WT1	-1.35822401136341	0.174392613729353	0.469410681459171	44	-1.16937691556153	0.325129619998628	-3.50372361336319	0.000582805505944702	0.00304326741667543	-1.15909383450641	LogFC Significant
WTIP	1.64442489918076	0.10008846541264	0.320538498482584	22	0.44128051665009	2.34787837718977	2.80908799103637	0.00553458691458128	0.0213390657474908	-3.44651135196894	LogFC Significant
WWC1	3.12644308154209	0.00176934751027074	0.0221956914311769	38	0.867009000864026	5.21015385190295	7.67224031608207	1.14041898508222e-12	3.13344279022104e-11	17.8012154720373	LUAD
WWC2	3.07063478227715	0.00213604253351061	0.0240875075368036	98	0.770598983925794	5.62242999490903	8.62455361888103	3.81372005493132e-15	1.53411433584451e-13	23.3928330503128	LUAD
WWC3	2.60591472283721	0.00916292715123212	0.0559954473702592	29	0.265897845835253	6.05455982076651	3.05124764718732	0.00263469166945434	0.0113147877704324	-3.1917072257878	LUAD
WWP2	3.43014638642226	0.000603255700300055	0.0193395427209346	89	0.381467094835082	5.71683379289492	5.15446156511667	6.8325417257972e-07	7.08829191149676e-06	4.70744106808051	LUAD
WWTR1	-3.40270206698426	0.000667229957043099	0.0193395427209346	19	-0.384648598873006	7.02360467816034	-3.99259787833622	9.61172236496051e-05	0.000617007826748304	-0.208507508638118	LUSC
XBP1	-0.130211936181383	0.896398751275009	0.999927879915109	26	0.374478954224544	8.99753302273887	2.99266089802723	0.00316629551879612	0.0132565504171022	-3.75049254344762	LogFC Significant
YAF2	-1.76894579906369	0.0769029201482009	0.267164469995826	9	-0.157479596503346	4.38238024456969	-2.63505594372924	0.00916884102088958	0.0327093132493681	-4.12878560142831	LogFC Significant
YAP1	0.602355801246068	0.546937324156628	0.852878655661668	34	0.100618513490126	7.5046716451457	1.11467810150459	0.266519973706571	0.390120106490408	-7.30987125544098	Non-Significant
YEATS2	-3.52378912007882	0.000425422685615963	0.0193395427209346	279	-1.39948671489605	6.5314446091031	-15.1709240323591	1.04898019624038e-33	5.93093402954311e-31	65.8342683047843	LUSC
YEATS4	-2.34880677267132	0.0188336776505482	0.0964745528630124	73	-0.355223327325431	4.31327157075238	-3.07103560255432	0.00247461113025559	0.0107041025139567	-2.92941054224998	LUSC
YY1	-1.71738589215738	0.0859086876321431	0.290901593196195	92	-0.250376214755608	7.13631135234226	-5.07237657623439	9.97119146529363e-07	1.00057986374074e-05	4.1686012167989	LogFC Significant
YY1AP1	0.0496549672993955	0.960397343048941	0.999927879915109	49	0.0448471575670927	5.7822479864806	0.845246660671824	0.399129629906932	0.529115809494442	-7.35269838533133	Non-Significant
YY2	-0.490912055973744	0.623488649746099	0.893719325400208	6	0.000794823046336586	0.328053819903726	0.00777097089418492	0.993808594224206	0.995820782862449	-7.08259925067765	Non-Significant
ZBED1	0.371372459826844	0.710360135119336	0.934733388807095	14	-0.0515852354168854	5.02906854776841	-0.633679792709078	0.527118838531964	0.645232715535771	-7.41810324681172	Non-Significant
ZBED2	-0.32807802987377	0.74285266509222	0.950726207977377	22	-0.832963043325323	2.3385213637949	-4.01772891073267	8.72032883807805e-05	0.00056607048508029	0.419030537738873	LogFC Significant
ZBED3	3.14251386181246	0.00167503781672459	0.0221956914311769	48	0.621453936010902	3.79365571548787	5.20420865812275	5.42287558992918e-07	5.74413920210525e-06	5.14317854044896	LUAD
ZBED6	0.322188031210544	0.747310251171102	0.952456755876521	33	0.191341837987195	4.46242058000029	1.73227273130931	0.0849905150055155	0.191898981522415	-6.06044430174588	Non-Significant
ZBTB1	0.46757985369205	0.640085074737103	0.900834399948193	30	0.0329653180567044	6.23485226469624	0.587824728313063	0.557409247544466	0.6724262023899	-7.59359472091592	Non-Significant
ZBTB10	2.15096512826117	0.0314789522190454	0.141093160838936	28	0.639600067497485	5.71073967236016	5.79880580240674	3.06517321326446e-08	4.10350971139635e-07	7.72867317187611	LUAD
ZBTB11	-1.6813652765856	0.0926919858061464	0.306631808070415	112	-0.277334513903032	5.90339341270724	-5.16786129131135	6.42118615729701e-07	6.70115830189122e-06	4.7458499558843	LogFC Significant
ZBTB12	-0.498985706163987	0.617789453842702	0.893719325400208	30	-0.21007488724583	1.03657776228065	-1.47660362985573	0.141582776618122	0.283455213872202	-6.07785445777221	Non-Significant
ZBTB14	0.981085232172783	0.326550712321237	0.672282374542719	13	0.0587833563964147	4.7254049716334	1.18607964696541	0.237201963622368	0.356317949790265	-6.88056653222716	Non-Significant
ZBTB16	3.26431310573661	0.00109729829776186	0.0207865564330737	19	1.42938414438381	0.270885001689009	4.94665407453432	1.76483261948224e-06	1.67923097746771e-05	4.35316072170526	LUAD
ZBTB17	-0.64439197349327	0.519321288063959	0.833995469014135	87	-0.24335343414372	3.38467381054007	-1.78323048855455	0.076285582439461	0.17835736773313	-5.84924471567971	Non-Significant
ZBTB18	3.37679506414447	0.000733356677726281	0.0193395427209346	79	0.929926749036573	5.44445631616843	7.30307598780882	9.57700024706984e-12	2.29226356807336e-10	15.6783390807398	LUAD
ZBTB2	-1.33517252613388	0.18181988660372	0.479126420341562	13	-0.0806187308870081	5.05396544888431	-1.62158586318402	0.106696016907137	0.228584267275875	-6.31294887325044	Non-Significant
ZBTB20	0.63903781272964	0.522798333478047	0.837812492916136	9	0.142329684341997	0.471148945661148	1.35447724067555	0.177333932058017	0.30370362618773	-6.18661633725999	Non-Significant
ZBTB21	0.985836921577184	0.324213144513245	0.670463433761685	7	0.0753801145404424	5.46416174024751	1.11194724177184	0.267689166947145	0.391408663490851	-7.05339388910943	Non-Significant
ZBTB22	1.19357948685811	0.232642502081371	0.561473730984847	33	0.156144175317028	4.07342084378373	1.96751681153943	0.0507072430120967	0.131381174962094	-5.58775327076638	Non-Significant
ZBTB24	-0.906360856238563	0.36474488426165	0.715941082695399	17	-0.237085721105107	4.66554123395531	-4.11335599028746	5.99682337208507e-05	0.000404608192448928	0.522757730881793	LogFC Significant
ZBTB25	-0.34590593789018	0.729413406017371	0.944000333641141	20	-0.0737641758678836	3.36565910232213	-1.0064335491675	0.315599443932126	0.444076797476223	-6.92010611403587	Non-Significant
ZBTB26	-0.982716575366041	0.325746950526264	0.67225064404598	36	-0.233802746008161	4.33742325555414	-2.98914663120652	0.00320112349058848	0.0133726598753867	-3.16853544699967	LogFC Significant
ZBTB3	-0.430882778992706	0.666553605687202	0.910985229726263	12	-0.0962132379719573	2.13368060983117	-1.27072118074324	0.205517929409994	0.318772986129697	-6.48120167858474	Non-Significant
ZBTB32	-1.61032463934572	0.107327002951966	0.336213138732523	85	-0.544974163043975	-0.246951186298187	-3.10585957779982	0.00221450882606864	0.00970858069469533	-2.33846388969539	LogFC Significant
ZBTB33	-0.618783941406704	0.53605870259892	0.84982523528182	31	-0.201819657100914	6.19600833858677	-3.11920252259198	0.00212172795105839	0.00937044337073052	-3.00953266447252	LogFC Significant
ZBTB34	-0.397937726933867	0.690676089553906	0.921982733285851	19	-0.0705712091882983	4.7814574761613	-1.03693996836005	0.301197423309901	0.428444136151501	-7.05227448430382	Non-Significant
ZBTB37	0.912386972013208	0.361565045216659	0.714589183853397	21	0.186144040678112	2.29531095726626	2.09311827113418	0.0377833568173111	0.103758440097447	-5.13800529683041	Non-Significant
ZBTB38	-1.69469978831621	0.0901323858599255	0.300640914961346	30	-0.298178412600521	7.49348658512075	-3.46819439680866	0.000659811668377445	0.00339383165440763	-2.08843113691227	LogFC Significant
ZBTB39	-2.79064367818448	0.0052603347248973	0.0366762226652562	35	-0.39259971488732	4.31128553890304	-5.97171997486431	1.28128598276007e-08	1.84701185605464e-07	8.73327205116252	LUSC
ZBTB4	2.85967454662436	0.00424075972164981	0.0323781198519879	48	0.339310037091249	6.74314991730781	5.18889862987112	5.8234818113639e-07	6.13781473597894e-06	4.73941582951172	LUAD
ZBTB40	1.04613384857007	0.295499239412384	0.642862917378187	44	0.0187313574814175	5.81455947929916	0.274076328164579	0.784349863945098	0.849724876555966	-7.67681569627351	Non-Significant
ZBTB41	1.3676704672966	0.171415248122039	0.465137592201424	128	0.290695909452313	6.30741913477178	3.85901318727073	0.000160025369065905	0.000970103756288734	-0.602540312176913	LogFC Significant
ZBTB42	1.35642649715027	0.174963507319097	0.469698594612556	105	0.527668806887212	2.81169839940435	3.95433493426862	0.000111373344742725	0.000703493547738122	0.136776272439106	LogFC Significant
ZBTB43	-0.915090717310633	0.360144007746043	0.713493673254058	19	-0.084226359386303	5.08147214899133	-1.18583719056371	0.237297466509069	0.356387429336535	-6.92291999610244	Non-Significant
ZBTB45	0.516555358660548	0.605466585285413	0.890679050002278	34	0.0523100420124351	1.72547138274133	0.384728232728508	0.700906869428698	0.787284439391403	-7.16512443668238	Non-Significant
ZBTB46	1.06978059993288	0.284718076633732	0.63242687818643	58	0.161434361772767	2.50042440980007	1.53404129912526	0.126829056578993	0.260939771684739	-6.15710208106679	Non-Significant
ZBTB47	0.324214390652396	0.745775727858318	0.952019126887551	132	0.102966253371546	3.529942209311	0.866729221839197	0.387279615722556	0.517518658762027	-7.06929929491663	Non-Significant
ZBTB48	0.395202465009221	0.692693473635636	0.922975712908202	58	0.0527880817913433	4.02687761345144	0.490452051456112	0.624429677099999	0.728410631078597	-7.38149812724163	Non-Significant
ZBTB49	1.00478165040003	0.315002001480799	0.660182445732314	13	0.141479274241735	2.68920220755356	2.33742308622692	0.0205508271688423	0.0637108195024802	-4.65491909829791	Non-Significant
ZBTB5	-1.06591749786197	0.286460938381812	0.634193565899316	21	-0.315524007164215	5.17860729412245	-3.67298829039861	0.000318518879626565	0.00178680980141962	-1.11786965463373	LogFC Significant
ZBTB6	-0.0391074431633431	0.968804726724238	0.999927879915109	49	-0.143023936824178	4.78803343672851	-2.06252246343302	0.040638543768016	0.110049115969308	-5.48254726676154	Non-Significant
ZBTB7A	-0.726144129663102	0.467750418303583	0.790351121938858	28	-0.153409283208488	4.14723708238852	-1.95349281867087	0.05235883143843	0.134827766640147	-5.62316199780968	Non-Significant
ZBTB7B	1.2773397456751	0.201482327299976	0.510184758156811	44	0.278469552713952	5.21214917316025	2.49591978684779	0.013490410983915	0.0450589467231702	-4.57022823843348	LogFC Significant
ZBTB7C	-1.9928671835614	0.0462759926240818	0.186159362454673	22	-1.12147421785932	3.5936910045213	-5.27395051128687	3.9125478723351e-07	4.27148489662398e-06	5.48043150027397	LUSC
ZBTB8A	2.93065417143007	0.00338249104683519	0.0288397127994866	88	0.34153795724216	2.87393810660082	3.82045743733543	0.000184947567918979	0.00110369906662662	-0.349569811193373	LUAD
ZBTB9	0.0638465175935156	0.949092438107651	0.999927879915109	26	-0.0580631963904179	3.88189322883854	-0.884700545868938	0.37753454165515	0.507803517833156	-7.09382837935979	Non-Significant
ZEB1	-0.0906550401893185	0.927766696194061	0.999927879915109	104	-0.0506706489504184	5.76836796477238	-0.548404462564593	0.584114551076958	0.694760718201629	-7.55801005617537	Non-Significant
ZEB2	0.48557910239548	0.627265615961975	0.894566304582135	132	0.103926642282428	6.77864179139476	1.09140974228162	0.276596029412567	0.401496621197168	-7.24017287960419	Non-Significant
ZFAT	-0.00974784208323372	0.992222470471532	0.999927879915109	2	0.00678715463092835	3.52706162601125	0.0775080582670402	0.938308107625761	0.958789260118566	-7.44164530479842	Non-Significant
ZFHX2	2.86160640754651	0.00421499987828849	0.0323734572932286	31	0.796163940588041	1.0249769635758	4.83705351133306	2.87984683167314e-06	2.63094947713679e-05	3.81206525066557	LUAD
ZFHX3	1.73632781515444	0.0825058877253485	0.280799699241525	34	0.391108906287299	5.53670959373411	4.64263662082109	6.73635650964633e-06	5.68091212048166e-05	2.51719465773303	LogFC Significant
ZFHX4	-2.20895021094038	0.0271781041927143	0.126036104431802	10	-1.07934460295448	1.66880995088218	-4.79871286631962	3.41181245120388e-06	3.06466881539207e-05	3.58550553056577	LUSC
ZFP1	-0.0824582585080341	0.934282310136991	0.999927879915109	22	-0.0827054003572892	3.9483228218628	-1.28359623219813	0.200983756369486	0.313057008987654	-6.67084116836613	Non-Significant
ZFP14	1.02535554888469	0.305195454123928	0.653339522261032	22	0.0997972348015749	3.69372408780883	1.20916034830701	0.228235634674323	0.34597391956977	-6.73393820233236	Non-Significant
ZFP2	3.36548706851674	0.000764086486581886	0.0193395427209346	70	0.890741823841058	0.568076994205997	7.30954251659075	9.23066273745923e-12	2.21353206436546e-10	16.1564985875868	LUAD
ZFP28	0.699575062895057	0.484192720475898	0.802762273414172	18	0.320649230507526	3.4234311036688	2.34460393105715	0.0201714798254758	0.0627724525138244	-4.72058305677171	Non-Significant
ZFP3	1.37871530060951	0.167982550105109	0.459165546631112	11	0.330488704084536	3.8055053731882	2.30468130697152	0.0223611324795949	0.0682912367877005	-4.85376446833302	Non-Significant
ZFP30	0.250578873998153	0.802139716812773	0.969550286712064	11	-0.00497836256414526	3.68022498968365	-0.0464374676319019	0.963014631391111	0.976019011571226	-7.46110025639488	Non-Significant
ZFP37	-0.437904291409563	0.661455664609982	0.907161995212628	8	-0.380945962280931	2.16265262746253	-3.19550599370695	0.00165669848228501	0.00757165070680394	-2.3221476986798	LogFC Significant
ZFP41	0.23583963508239	0.813557111151087	0.970876833274079	56	-0.0154068544638922	2.19583653209223	-0.140508724705178	0.888419984695154	0.924256114758809	-7.28293301446669	Non-Significant
ZFP42	-0.366291958965608	0.714147229119069	0.935798155660609	4	-0.141218341708045	-3.70073284294597	-0.300820300698611	0.763909350993582	0.83544222387456	-6.68131377049206	Non-Significant
ZFP57	0.107025726820343	0.91476856992238	0.999927879915109	6	0.600319612728455	-1.81311994896379	1.3013662801113	0.19484724688343	0.305415136918132	-6.03623681876343	Non-Significant
ZFP62	1.48279919490575	0.138127770044705	0.400810061054579	25	0.107275281005118	5.41977635049475	1.45218398292317	0.148244621766901	0.293855939512699	-6.61442584871484	Non-Significant
ZFP64	-3.5296845827281	0.000416055365078968	0.0193395427209346	59	-0.769132393336184	4.07994047722762	-9.73959606496165	3.54912352488057e-18	2.26316666274527e-16	30.4513396504116	LUSC
ZFP69	0.214907665232941	0.829839308530565	0.977505769565311	30	-0.06763380915807	2.68197236125461	-0.840357544918186	0.40185695547467	0.531913771623246	-6.99530840558153	Non-Significant
ZFP69B	-1.06757526549538	0.285712145874473	0.633233983350929	19	-0.257716193215836	2.11880478078456	-2.78243921484879	0.00598870444374237	0.0228270572527546	-3.49267515770218	LogFC Significant
ZFP82	1.47230763277709	0.140937823076415	0.407785516912739	21	0.273659076572709	2.75761875742161	2.14654742319942	0.033209264581221	0.0936329032291673	-5.07915911551921	Non-Significant
ZFP90	2.07989971949317	0.0375347317731406	0.159007893249929	14	-0.0802235138768461	0.25760242152443	-0.901026230760064	0.368815215383761	0.499116595709443	-6.67060215552253	VIPER Significant
ZFP91	-0.844046274553416	0.398643547777534	0.751620886326092	57	-0.150591007498589	6.87302938275519	-2.98133315613855	0.00327982384335619	0.013656584247854	-3.49551988133219	LogFC Significant
ZFP92	-1.02013632576037	0.307663810853298	0.654455415327584	3	0.105165128126623	-2.28951714177214	0.495409777506323	0.620933666771344	0.725503318822687	-6.71160415459283	Non-Significant
ZFPM1	-0.48794940718723	0.625585677270053	0.894431942087478	29	-0.293521985733889	-0.729282754221169	-1.82507283062416	0.0696984788311518	0.167588564655389	-5.32968704753734	Non-Significant
ZFPM2	0.616912667483918	0.53729233098528	0.84982523528182	87	0.240389935865048	3.36289140215236	1.91101838851229	0.0576401348015178	0.145374499380949	-5.61477474425749	Non-Significant
ZFX	-1.01038039352447	0.312313077679199	0.657363375240914	34	-0.196775394880331	5.80078550292939	-2.57061222721808	0.010985793886865	0.0379796934388893	-4.45769914239303	LogFC Significant
ZFY	-0.953220770811045	0.340478224576442	0.690450070038087	39	-3.15645354550605	-1.51974220557936	-4.01156293073762	8.93144202274253e-05	0.000578372815944612	0.759554201036242	LogFC Significant
ZGLP1	0.153911525268751	0.877679496538539	0.999927879915109	22	0.174250088768609	-0.86977130537121	1.12791087560407	0.26090469906241	0.38376947508885	-6.32934570430134	Non-Significant
ZGPAT	-0.404510451304314	0.68583739401787	0.91977763756208	97	-0.206122092663473	3.61483310001257	-1.46885763975042	0.143670335028066	0.286754605539837	-6.37995204661405	Non-Significant
ZHX1	0.78520318140186	0.432334450478459	0.767831636487575	82	0.142362261849678	6.11288145096994	2.0090745089372	0.0460693701132113	0.121723940923506	-5.74860421654447	Non-Significant
ZHX2	-1.79245928278137	0.0730594258817868	0.259320454090129	14	-0.392561081867057	5.16500660739429	-4.89450858960795	2.22994835358175e-06	2.08322291023244e-05	3.6259157939345	LogFC Significant
ZHX3	-0.378550890514053	0.705021396213339	0.93321223704442	13	0.00175647406919457	5.17386300620743	0.0228802460455134	0.981771918408976	0.98788724447132	-7.63635853238908	Non-Significant
ZIC1	-1.14441200151018	0.252452813308235	0.59063665106908	5	-1.95543576642825	-4.37357721748834	-4.2488960439928	3.48877822364775e-05	0.000250499030672027	1.80169049234073	LogFC Significant
ZIC2	-3.53596388076219	0.000406290239170264	0.0193395427209346	42	-3.23227721397844	-0.278270823301521	-7.7514360832394	7.17813962514133e-13	2.04402245643504e-11	18.7115441071703	LUSC
ZIC3	-1.01600330852308	0.309627811036457	0.654455415327584	5	-1.08249390185597	-5.66514727488382	-3.16364224973594	0.0018380183936326	0.00828573741835474	-2.13583792740188	LogFC Significant
ZIC4	-1.84362982733518	0.0652371060328494	0.238279207012316	17	-1.60495968223234	-4.68007240794267	-3.9495147888992	0.000113451149184189	0.000715552203444055	0.688859616472569	LogFC Significant
ZIC5	-3.61430572974705	0.000301153528233191	0.0193395427209346	66	-4.76785629276113	-1.41784548700507	-10.4742047516372	3.13892217219755e-20	2.67102330525827e-18	35.363710305807	LUSC
ZIK1	1.11549991316517	0.264636255637149	0.602883146244533	22	0.451501102041809	2.89310633153125	2.68754597275807	0.00789397467229389	0.0287621935539415	-3.82736504884511	LogFC Significant
ZIM2	1.06041535343984	0.288955680335824	0.638309137639531	6	0.311931842550266	-4.92364614160662	1.20644300343387	0.229278435759616	0.347234002442375	-6.00973343038458	Non-Significant
ZIM3	-0.295641951923407	0.767503531969711	0.955453869928816	4	-0.180146914291942	-6.69234033312666	-2.71023176416479	0.00739434446560183	0.0272401804442637	-4.15771578699416	LogFC Significant
ZKSCAN1	-1.71738681122762	0.0859085198169624	0.290901593196195	23	-0.272253282142356	6.97060655273441	-3.65575106840995	0.000339061166824545	0.00188706841682531	-1.39513481502489	LogFC Significant
ZKSCAN2	1.78700047900444	0.0739374111509296	0.261152288391112	17	0.247127582684252	3.25904747277876	3.09371040626981	0.00230223643440212	0.0100404185122546	-2.74551750878515	LogFC Significant
ZKSCAN3	0.530808237551464	0.595551671116867	0.884975545076464	9	0.0658744608688533	3.31304510052405	0.772510428743464	0.440856350714155	0.569549514127158	-7.12168800360668	Non-Significant
ZKSCAN4	1.05621863605222	0.290868338436042	0.639091861914258	15	0.000909357260482406	3.27322272053569	0.0141148524532085	0.988754462417141	0.992499301190646	-7.41557168235217	Non-Significant
ZKSCAN5	-0.554474944333288	0.579253848505275	0.876296262253929	18	-0.0743629606428964	4.57805542856947	-1.44711433210828	0.149657458988349	0.296055146899669	-6.52201487373001	Non-Significant
ZKSCAN7	0.748498445925256	0.454159562104386	0.780781164987677	18	0.0964479664571383	2.51450727889788	0.969142765594188	0.333814199105264	0.463301040139386	-6.86012729060475	Non-Significant
ZKSCAN8	0.271361841008939	0.786112747748429	0.964862101148438	22	-0.0760354349935613	6.17356875997818	-0.867934339957916	0.386621331688997	0.516774706706758	-7.38185305933236	Non-Significant
ZMIZ1	-0.600828818597137	0.547954007388038	0.852878655661668	33	-0.35777177769855	6.36988116340152	-3.98282839619621	9.98113715383351e-05	0.000637825122704976	-0.162327833718666	LogFC Significant
ZMIZ2	0.467893064533204	0.639861063431002	0.900834399948193	181	0.184342279088913	6.20682817884763	1.4209694141512	0.157108678556683	0.30370362618773	-6.75561526573508	Non-Significant
ZMYND11	2.17611690685169	0.0295465200273206	0.134473848577533	123	0.342536015400582	7.04734660481672	4.84474525465173	2.78324857617639e-06	2.55232270764663e-05	3.18642495092217	LUAD
ZMYND15	1.50182502638099	0.133142303232277	0.392008423592979	72	0.58084680910356	2.43775942360972	4.32192259808455	2.59202319826128e-05	0.00019233846404843	1.5631025214804	LogFC Significant
ZNF10	0.588483919190824	0.556207524438166	0.85714866390778	13	0.0839760449233387	3.63641487119537	1.01039029377772	0.313706140474083	0.442060609347961	-6.94696692854539	Non-Significant
ZNF100	2.86865723198576	0.00412218256031277	0.0323440857858591	28	0.455016068692694	3.7701481184052	4.21040104141719	4.07427389675389e-05	0.0002873108391217	0.98979146714446	LUAD
ZNF101	0.181132292585972	0.856263737992442	0.995586326513505	57	-0.088880915746934	3.89374118797011	-1.1939186766969	0.234128941056025	0.352836737978348	-6.77499927713654	Non-Significant
ZNF107	-0.313962024214246	0.753549881708217	0.952760818326182	26	-0.0373387712764264	4.78966281506692	-0.353838209702869	0.723886939044904	0.80501138118447	-7.52815216448533	Non-Significant
ZNF112	-0.785491506308455	0.432165448332482	0.767831636487575	15	-0.173828034961867	2.75934597889594	-1.73705375072481	0.0841407731013318	0.190495968145327	-5.85879011850889	Non-Significant
ZNF114	-2.39661941432825	0.0165471007186583	0.0879010006430313	5	-0.771887979275003	0.292014579796631	-2.59031055243895	0.0103988348467836	0.036292905427023	-3.79136676167787	LUSC
ZNF117	1.90856674617478	0.0563180051434149	0.214916545486639	11	0.677138769851509	5.40930276383794	3.6980908067428	0.000290694584309594	0.00164596468423033	-1.05869571584771	LogFC Significant
ZNF12	0.49154692976491	0.623039668260409	0.893719325400208	35	0.0166826169739085	6.05267665003036	0.269584166478765	0.7877984382247	0.852190883006358	-7.70757716101543	Non-Significant
ZNF121	-3.31164856943569	0.000927479771757896	0.0193395427209346	35	-0.440993541760809	4.8662117994262	-4.73415896731162	4.52907003634509e-06	3.95514429156438e-05	2.97595826354193	LUSC
ZNF124	2.67853757417709	0.00739444352847918	0.0485743686708667	32	0.398354879956276	2.95141358944693	4.83856950041651	2.8605548198442e-06	2.61520288470341e-05	3.62398155095727	LUAD
ZNF131	-0.74669948806423	0.455244978850765	0.781309331224218	41	-0.384702822975644	5.6852985030112	-5.22689043026236	4.87821207627139e-07	5.21935869876253e-06	5.03791132089157	LogFC Significant
ZNF132	1.98496926755643	0.0471478908314245	0.187947801225386	17	0.359494368103645	2.37376727382381	3.33462358645761	0.00104313189639616	0.0050702846193538	-1.9165878571929	LUAD
ZNF133	-2.59710914330356	0.00940120464871908	0.0568602979958672	23	-0.406429699473504	3.95555705813223	-5.27342174608216	3.92228595231498e-07	4.28119783289361e-06	5.44017172642906	LUSC
ZNF134	-0.768014488568928	0.44247857724673	0.775302777584149	22	-0.319660737353257	4.91583465323986	-4.18551141755989	4.5017007023109e-05	0.000313885368508896	0.767832270804375	LogFC Significant
ZNF135	1.64744211638023	0.0994672046086038	0.320080363548199	73	0.32413847177453	2.55532520516399	1.70527843292372	0.0899204881952398	0.20003908202776	-5.88967351525853	Non-Significant
ZNF136	0.173121089656235	0.862556248092121	0.997652743542806	22	-0.050907612997899	4.0211423053033	-0.706359658205693	0.480905775104542	0.605936989847217	-7.25156004656155	Non-Significant
ZNF138	0.839954190069638	0.400934072075986	0.754522602369803	17	0.185488815594733	3.90966953149533	2.04936642161935	0.0419218507983109	0.112869592577929	-5.40801526703622	Non-Significant
ZNF14	0.254677368275595	0.798972297481741	0.967654585810038	19	0.0645008787817154	3.47474568624049	0.703244934973413	0.48283955493601	0.607831715216314	-7.1911775686059	Non-Significant
ZNF140	1.03805696733681	0.299243534132177	0.647501095406693	32	0.125168421601868	4.83493556064987	1.9522444355801	0.0525080264936207	0.135088904199119	-5.70509157975411	Non-Significant
ZNF141	0.624873249157848	0.532054250750616	0.847236269236508	23	0.23837759952012	3.88901032665568	3.00667370917029	0.00303085822432995	0.0127609011751823	-3.06797319613421	LogFC Significant
ZNF142	-0.481169199650628	0.630396249452889	0.896484184774363	47	-0.0764603797662663	4.49514522473184	-1.11637490998106	0.265795287967281	0.38940658807195	-6.93354135617695	Non-Significant
ZNF143	0.262153500212057	0.79320310140247	0.967654585810038	26	-0.070329608360278	4.56146572055704	-1.70687041486428	0.0896234390808671	0.199544008797594	-6.11501282240019	Non-Significant
ZNF146	-1.20605544792603	0.227796111592887	0.551101918166887	83	-0.139696171039908	7.42715438103348	-1.98814357633824	0.0483581756640859	0.126510417296935	-5.95838056913219	Non-Significant
ZNF148	-2.3296808107011	0.0198230274955951	0.10009764300639	69	-0.358060656293489	6.45618334609251	-4.95275263238005	1.7170141134492e-06	1.63771284305484e-05	3.72688687598868	LUSC
ZNF154	0.825178575432817	0.409270214977486	0.758831571260197	36	0.271046864527055	3.49963000561442	2.03600056585528	0.043260890377371	0.115721687838033	-5.38838173605827	Non-Significant
ZNF155	0.537041044929098	0.591239262539914	0.882886835895205	25	0.0283277799587667	1.95192976438987	0.288482976315871	0.773319163494135	0.84201784538646	-7.22334087841032	Non-Significant
ZNF157	-1.09995737151292	0.27135069574566	0.610159235226522	9	-0.325567629504602	-2.21102796833477	-1.5450948311774	0.124133434048635	0.256618075360505	-5.66134031591835	Non-Significant
ZNF16	-0.473423104321471	0.635911349516141	0.898787015199749	9	-0.149422066331978	3.7327329097685	-2.19889541610084	0.0291994541144991	0.0846106028518087	-5.07760317991763	Non-Significant
ZNF160	-0.115230302325272	0.908262580862875	0.999927879915109	6	0.0265323066434777	5.60926751968446	0.295249210870876	0.768154221800001	0.838282951178769	-7.6455697118665	Non-Significant
ZNF165	2.66409626708066	0.00771954678606458	0.0500668170231002	50	0.375471934805891	2.40416014370205	3.28408415590476	0.00123614486995025	0.00587434328093838	-2.07744181585705	LUAD
ZNF169	-0.0861261421010419	0.931366142441209	0.999927879915109	31	0.000333548304003801	2.39582899748808	0.00392572860169935	0.996872210395401	0.997834462068542	-7.31562912127403	Non-Significant
ZNF17	-0.595750349042026	0.551342017264325	0.85494942205379	11	-0.210951820994332	3.00424445777893	-3.28180988551575	0.00124556757664708	0.00591249549489395	-2.14990359838956	LogFC Significant
ZNF174	-0.452439538322272	0.650952368813195	0.902600240934727	13	-0.0196340187025591	3.38839465499006	-0.301176684756007	0.763638047385996	0.835289131344636	-7.38336919156272	Non-Significant
ZNF175	0.14681526645157	0.88327783437743	0.999927879915109	39	-0.0402597056523021	3.58838539616088	-0.452996802461482	0.651113320750897	0.749946050333124	-7.34887767733285	Non-Significant
ZNF177	-0.0716343035814738	0.942892939880396	0.999927879915109	4	-0.0777792452112019	-6.50974947357733	-0.744691116968678	0.457459373378308	0.58529162778504	-7.37760874738636	Non-Significant
ZNF18	-2.77393787635257	0.0055382252948093	0.0382156577043886	8	-0.303596949199495	3.51598563202471	-5.72903508142695	4.33845420845531e-08	5.64187530926289e-07	7.62566545019019	LUSC
ZNF180	-0.454583522316781	0.649408891418936	0.902600240934727	12	-0.246343392048895	3.66064037425202	-3.20382539131041	0.00161216888996674	0.00739403570390695	-2.46105762170853	LogFC Significant
ZNF181	0.557013632767419	0.577518114836646	0.875873394706937	11	0.0769548615947337	3.79652713816339	0.968687337288246	0.334040800810645	0.463524767793755	-7.00639970121973	Non-Significant
ZNF182	1.51125102917117	0.130724505597298	0.388305927868897	24	0.195868415535026	3.85215647019518	3.05347119903758	0.00261623892068553	0.0112545383141435	-2.92881022408367	LogFC Significant
ZNF184	-0.258567719582498	0.795968792430621	0.967654585810038	29	-0.110441287582365	4.16737506379711	-1.59416931097224	0.112706259640073	0.238683878893034	-6.25318478319669	Non-Significant
ZNF189	0.714230414819486	0.47508471256359	0.796967504450868	19	0.0857513737838857	5.063399669392	1.20203983470945	0.230975436681173	0.349282716339496	-6.90151742703868	Non-Significant
ZNF19	3.30959034061923	0.000934326089224258	0.0193395427209346	101	0.88422418513561	2.10204442286971	10.4207299979261	4.44040040442957e-20	3.68603939608162e-18	34.9296734105122	LUAD
ZNF195	-0.340670027693009	0.733352004783689	0.944044445724815	6	0.0284254968571297	4.81117372682699	0.391490034393281	0.695912296137818	0.783213011484695	-7.51662566059572	Non-Significant
ZNF197	0.952674554344038	0.340754989744893	0.690450070038087	26	0.0338106434734281	4.62168603222989	0.624719502809264	0.532970487696757	0.650692401689685	-7.37563948046803	Non-Significant
ZNF20	0.0299149125623418	0.976134912667522	0.999927879915109	3	0.0789647792500001	-1.72287237679896	0.694374517648505	0.488370034016936	0.61194773580364	-6.64322814136375	Non-Significant
ZNF202	-0.887009450830224	0.375073812291273	0.726211137976687	14	-0.217456828737954	4.39753302280155	-3.50300872964685	0.000584268069988343	0.00304871462360817	-1.59834177238005	LogFC Significant
ZNF205	-0.0976999041766277	0.922170591650112	0.999927879915109	45	-0.110271127442381	0.489312002540124	-0.776700525242792	0.438386165481602	0.567323272976191	-6.79935651016729	Non-Significant
ZNF208	0.882489505127156	0.377512152643186	0.728888848564921	19	0.116354740644563	0.464310453534007	0.555625386384494	0.57917803688433	0.690470752152938	-6.94337050612305	Non-Significant
ZNF211	1.00439917686145	0.315186246623566	0.660182445732314	13	0.0505401116538923	4.47256451509815	0.583528942078054	0.56029011002292	0.674828028963803	-7.3831139773073	Non-Significant
ZNF212	0.418264292862788	0.675753893403564	0.917453561835264	90	-0.0247470359915201	4.07577126757223	-0.333987169133374	0.738789940445426	0.816516765333955	-7.45174783497406	Non-Significant
ZNF213	0.454945891961655	0.649148165957229	0.902600240934727	58	0.023004676640784	2.63095869627672	0.19430077930573	0.846166201383267	0.895028130946806	-7.32354920414869	Non-Significant
ZNF214	2.97164373698362	0.00296210183520541	0.0270773967972835	69	0.978965859728043	1.3434859546585	5.81380555228635	2.84360022393532e-08	3.83512963146495e-07	8.24837740739038	LUAD
ZNF215	-0.553681278193429	0.579796990206902	0.876296262253929	11	-0.360961644657232	2.37021306846791	-2.15740102796131	0.0323408820362387	0.091626196943157	-5.01305082684056	Non-Significant
ZNF217	-1.70139508723612	0.0888688231974365	0.297910846378051	22	-0.0395258484046414	6.94432758682347	-0.418812212881929	0.675867992372709	0.767821922281738	-7.76968337886001	Non-Significant
ZNF219	-0.945033991024596	0.344641522831534	0.695517766679116	20	-0.509667339360173	1.4836744613593	-3.66606099871823	0.000326629043217834	0.00182546353576966	-0.736642191214762	LogFC Significant
ZNF22	0.268185368732879	0.788556636673951	0.966090132056921	22	0.0594036325674046	4.69117354407611	0.872173063170239	0.384311446667831	0.514565774901703	-7.19861717215386	Non-Significant
ZNF221	0.0835652828862844	0.933402070597869	0.999927879915109	21	0.0250347181963321	0.723634491878835	0.197253613952762	0.84385845730508	0.89321840201411	-7.10657046477089	Non-Significant
ZNF222	0.0175056161808684	0.986033252469298	0.999927879915109	11	-0.0340096588672248	2.08695421969091	-0.401518638468099	0.688529203018526	0.777500243882359	-7.19973248360273	Non-Significant
ZNF223	0.109597611481531	0.912728505009282	0.999927879915109	5	0.109846838571617	0.581597937409489	1.00139597247584	0.318020856942629	0.446863107999332	-6.61077113058283	Non-Significant
ZNF224	0.752983500863819	0.451459828719315	0.778786997579722	43	0.063554432754303	1.82434970286731	0.672338498481082	0.502256757539516	0.622640008831435	-7.02452319209717	Non-Significant
ZNF225	0.170778219532654	0.864398155758713	0.997652743542806	16	0.0104546926690945	2.76449815844122	0.14946282603585	0.881360898687658	0.91930292506133	-7.34649309627067	Non-Significant
ZNF226	0.588798245771122	0.555996622770942	0.85714866390778	15	0.0143067351668354	4.52789674692561	0.220880032363126	0.825443863617389	0.880079125946203	-7.53571525382292	Non-Significant
ZNF227	-2.47689993159827	0.0132529053593658	0.0741276712022463	45	-0.223829868770349	3.71146344032421	-3.41439533222411	0.000794776781031368	0.00399753002664448	-1.80953123610193	LUSC
ZNF23	1.12835101287327	0.259171707454962	0.597493442674585	14	0.31978688019071	0.226508678560185	3.21836901247521	0.00153698309353006	0.00709353801376223	-2.04848185780461	LogFC Significant
ZNF230	0.253661246875795	0.799757275486244	0.96772308047286	11	-0.137699502103172	2.96978318780576	-1.98115008764899	0.0491440799166383	0.128203919339591	-5.43672204731155	Non-Significant
ZNF232	0.24196824491182	0.808804769060903	0.970416928378349	7	0.179539552375144	3.3514299889362	2.17521290458563	0.0309582888634554	0.0884925001182896	-5.08522852585999	Non-Significant
ZNF233	0.711462414797556	0.476797733652667	0.797968946207003	17	0.109894782630403	0.349223259896992	0.71067464820448	0.478233852114856	0.603556741039597	-6.83305664505539	Non-Significant
ZNF234	0.100791364675992	0.919716081922095	0.999927879915109	6	-0.0268072951265077	3.66059681652765	-0.351953441590234	0.72529748931231	0.806139572355377	-7.3978665242926	Non-Significant
ZNF235	0.156698670496873	0.87548233492647	0.999927879915109	9	-0.00572256271347127	2.52556310701592	-0.0771544689514196	0.938588981621293	0.959035487834204	-7.32745757796536	Non-Significant
ZNF236	-0.290267210971522	0.771611821344913	0.95985577905212	9	-0.146553329858972	4.01211010874159	-2.39356757152407	0.0177452313763871	0.056553131071512	-4.67420408889415	Non-Significant
ZNF239	2.75001938627255	0.00595917389894518	0.0409795246201436	27	0.876250029990197	2.69975635992768	5.49645695132504	1.35476663034955e-07	1.61033998486258e-06	6.60054059792083	LUAD
ZNF24	0.990191350277402	0.322080599557644	0.667865855930472	52	0.133743952476513	7.29797007352529	2.05652826930705	0.0412190221759886	0.111289391544933	-5.80558664874353	Non-Significant
ZNF248	1.64556093250274	0.0998541880265198	0.320299056800722	31	0.12913513507791	4.4886310074912	1.87488012767701	0.0624786896547204	0.154936189170083	-5.81023495603806	Non-Significant
ZNF25	1.30221216795678	0.192843866739236	0.498366131804872	48	0.0797675902551201	4.51762332725131	1.2044186715294	0.230057507715896	0.34820661325494	-6.83447032265352	Non-Significant
ZNF250	1.28246354585816	0.199680084983512	0.50882945513565	12	0.306782509497322	3.84190364966528	4.19578588358942	4.32030162129751e-05	0.000302605462217956	0.926103524374802	LogFC Significant
ZNF251	1.09176546228996	0.27493620341618	0.615516204031543	32	0.151965161608759	4.91550949374275	1.90484829415783	0.0584432839287987	0.147071610371823	-5.80433319963416	Non-Significant
ZNF253	2.3445656120255	0.0190492585473948	0.0973305627561544	37	0.47882168285284	3.66112954697029	4.82921085281502	2.98167776715196e-06	2.71471917801565e-05	3.50971553506551	LUAD
ZNF254	3.2481447067296	0.00116160178323778	0.0213479971507417	94	0.88688251367012	4.94896836309824	8.76743846499548	1.58481921479498e-15	6.80549456236772e-14	24.3295150185729	LUAD
ZNF256	-2.27733639082931	0.022766145408073	0.11015522886605	24	-0.441256078100362	2.76385482255336	-3.36335900858032	0.00094632676237781	0.00465128790016007	-1.86844166565542	LUSC
ZNF257	2.24306207156064	0.0248928120711399	0.118728661849998	29	0.657751802659564	0.67673085540545	2.84491988873373	0.00497337160009881	0.0194837929973537	-3.16838915109697	LUAD
ZNF26	-0.0390669139252816	0.968837039684124	0.999927879915109	9	-0.0214850218736442	4.44662649594046	-0.319208191228271	0.749950127872267	0.824962973840943	-7.49960155866983	Non-Significant
ZNF260	0.455355429520361	0.648853554852562	0.902600240934727	35	0.091144648966321	5.49640156581843	1.15204645080497	0.250876562668031	0.37196191159714	-7.01207701318768	Non-Significant
ZNF263	-0.260017701710692	0.794850119117061	0.967654585810038	10	0.020405925748291	5.40938811968889	0.358529503252407	0.720380113571149	0.802356522844168	-7.60051616690801	Non-Significant
ZNF264	-1.05464256786415	0.291588827557984	0.639828964671563	22	-0.103809525228204	3.40396138204388	-1.30838326892026	0.192462636079729	0.30370362618773	-6.5769119422498	Non-Significant
ZNF266	-0.0586069558077104	0.953265170275114	0.999927879915109	7	-0.245322620549312	5.58286880347408	-2.7337929121318	0.00690588735245585	0.0257181633355583	-4.01382843943646	LogFC Significant
ZNF267	-0.693427313120451	0.488041426555645	0.803268184035849	22	-0.209897575093612	2.39235447636887	-2.76719251752052	0.0062635012523768	0.023689945349223	-3.5633711099511	LogFC Significant
ZNF268	1.44403192124959	0.148729996331519	0.41945201212597	23	0.184812982857533	4.74608869733838	2.17895318520104	0.0306745515928382	0.0878195809808238	-5.23618799087937	Non-Significant
ZNF273	-3.06203145035704	0.00219840352916196	0.0240875075368036	41	-0.439340777822597	3.54767011685511	-4.14834147625127	5.22073223574167e-05	0.000358035283757346	0.777525474540082	LUSC
ZNF274	1.12857217584802	0.259078353733489	0.597493442674585	13	0.264605983189498	5.26511537859003	3.270200507957	0.00129471829609136	0.0061121658052607	-2.44008150817763	LogFC Significant
ZNF275	-0.148805444554722	0.881707154342053	0.999927879915109	9	0.103235820186627	5.34263456390001	1.28925232748584	0.199015302707355	0.310704199962154	-6.82686167737869	Non-Significant
ZNF276	-0.0619606094750803	0.950594200784248	0.999927879915109	107	-0.175122395552433	3.40087256662006	-1.62709781413709	0.10551918801818	0.226736616851051	-6.11351264183498	Non-Significant
ZNF28	1.21161474587522	0.225659887286848	0.547252480280182	13	0.280670895217537	4.86008018136901	2.65321488226758	0.00870821840051054	0.0312589165863699	-4.13751057922276	LogFC Significant
ZNF280A	-2.49642873231286	0.0125450874447633	0.0703646245505157	26	-2.23911883252384	-4.07541905509791	-4.98522572295266	1.4827993531603e-06	1.4361196780532e-05	4.79344162519845	LUSC
ZNF280C	-2.46493709635831	0.0137037307023384	0.0760140642273359	41	-0.388895268620973	3.73206044695456	-4.4608783110318	1.45798670279986e-05	0.000114733249439813	1.97641506860655	LUSC
ZNF280D	0.0942246080328485	0.924930737349783	0.999927879915109	20	0.0318239606303049	5.68359549675578	0.502199068139935	0.616160089431444	0.721559439182759	-7.57192599868187	Non-Significant
ZNF281	3.00541627350949	0.00265217602320548	0.0262939152328268	68	0.523359649686581	5.49534265126395	6.12993576256505	5.6898338805931e-09	8.65310480716858e-08	9.39896241528248	LUAD
ZNF282	-0.851424815793613	0.394533411493847	0.745972778041097	36	-0.320813519372228	4.00501335196512	-2.78904598758827	0.00587306734296218	0.0224569360395231	-3.68418359739101	LogFC Significant
ZNF283	-0.10558479507379	0.91591178908314	0.999927879915109	8	-0.05052655360057	2.68584291877346	-0.565914558198043	0.572178271416838	0.684756903088364	-7.18846818463879	Non-Significant
ZNF284	-0.0627230750798324	0.949987022313091	0.999927879915109	8	-0.0529036129524343	1.26614346722664	-0.576992622195129	0.564687442274428	0.678504963106884	-7.02061827467478	Non-Significant
ZNF285	2.9672245971965	0.00300501358643943	0.0273034718623094	25	0.657221531125483	0.866806825630448	3.40271317762437	0.000827314092604321	0.00414275781502298	-1.5401797974429	LUAD
ZNF286A	-2.80595953576465	0.00501669917062087	0.035222139631492	20	-0.316024557747872	2.40853623691172	-4.01631972386477	8.76815376136177e-05	0.000568957245984003	0.406423139047135	LUSC
ZNF286B	-3.03810847607165	0.00238068240148106	0.0246601877845019	12	-0.453625143939008	0.232313558051753	-3.47076840306298	0.000653926859605144	0.00336662506858229	-1.2572106765884	LUSC
ZNF287	-0.39449106846096	0.693218520042348	0.922975712908202	7	-0.296359674697803	2.42976465158439	-2.70617544446555	0.00748152433476648	0.0275115513295944	-3.72780699196549	LogFC Significant
ZNF292	-3.04782482591623	0.00230504253984921	0.0242839142711066	78	-0.407955183163292	6.5401260102722	-5.38248245539576	2.34075421054791e-07	2.65696227432391e-06	5.64980917530504	LUSC
ZNF296	-0.893538588626636	0.371568816705394	0.722891264037851	47	-0.527277026127507	-1.64658265273892	-2.14817697068811	0.0330776161941917	0.0933169331672133	-4.62283173207412	Non-Significant
ZNF3	-0.465286834313865	0.641726061751083	0.901148159932525	44	-0.0471253856727668	5.66505872913603	-0.782654767994448	0.434889805485144	0.564075312039076	-7.38926568380257	Non-Significant
ZNF30	0.806404443798575	0.420009685484521	0.767831636487575	12	0.217782089236379	2.48016768099744	2.08556677340401	0.0384715697958172	0.1052596808148	-5.17410530811291	Non-Significant
ZNF302	1.45162403329965	0.146606172465487	0.416380831931405	26	0.163519229838436	5.46488582079778	1.97155042410212	0.0502404400343027	0.130468743637945	-5.742679144337	Non-Significant
ZNF304	-1.09171320138877	0.274959180785007	0.615516204031543	14	-0.28936250760405	4.35793683050431	-3.99578507062587	9.49404787734799e-05	0.000610464456407715	0.120235188949062	LogFC Significant
ZNF311	0.505859378635233	0.612955370611936	0.893719325400208	15	0.352497275633832	1.64238963522154	1.94980329222075	0.0528008050541358	0.135704922773107	-5.34828042702028	Non-Significant
ZNF316	0.728468323512313	0.466326952485142	0.789531636248031	56	0.057796773824778	3.28324466912675	0.609044073335317	0.543286656880069	0.659722821190769	-7.2311440198165	Non-Significant
ZNF317	-3.06059624094362	0.00220896755230648	0.0240875075368036	14	-0.283051539983258	5.40177688168422	-4.80503017116824	3.3180554340769e-06	2.98912286418007e-05	3.21524213033331	LUSC
ZNF318	-1.83372824133245	0.0666943442667046	0.242604174760609	15	-0.351479260826748	5.99427809460007	-4.97847248681067	1.52880249831501e-06	1.47617920169369e-05	3.894784963153	LogFC Significant
ZNF319	1.66797574270516	0.0953205422558183	0.311445693932391	58	0.275115022024979	3.23029710857017	3.0845400628869	0.00237056855645045	0.0103022249178869	-2.76926241765796	LogFC Significant
ZNF32	0.904529792622087	0.365714544065796	0.717143363754021	21	-0.00705376520375979	4.37232555956515	-0.0940072789783787	0.925211138501731	0.949333454193114	-7.53759753878129	Non-Significant
ZNF320	2.93000843781987	0.00338952799834604	0.0288397127994866	33	0.577163824090439	4.93144693150433	4.52178545657675	1.12835278894589e-05	9.07370537075604e-05	2.09057920148815	LUAD
ZNF322	0.512512509635484	0.608292367480783	0.892221383419585	21	0.102146411764808	3.22773482353639	0.650567435988216	0.516180707170454	0.635023502124466	-7.19867138247748	Non-Significant
ZNF324	-1.91253004886412	0.0558082422201175	0.21386059232442	18	-0.310757087041494	2.93626247798553	-4.69349407492979	5.40639583003967e-06	4.64555653845658e-05	3.01287314751343	LogFC Significant
ZNF324B	-0.49065406784231	0.623671138440022	0.893719325400208	9	-0.236398820103389	1.93897557609102	-2.78198535815056	0.00599672366174942	0.0228490662861685	-3.47411493373101	LogFC Significant
ZNF329	1.54513671255486	0.122313198506056	0.369886901506265	18	0.304080081022171	3.76448347523527	2.86227305559159	0.00472068072614397	0.0186315488583388	-3.45885695123461	LogFC Significant
ZNF331	0.527739179748549	0.597680375758819	0.885578673426971	6	0.290625724561376	5.56035196739704	2.69269366540117	0.00777799986202586	0.028416951534969	-4.11850640386298	LogFC Significant
ZNF333	-1.16989145172548	0.242044654381705	0.575859793837042	25	-0.128148235494748	4.33380149160588	-1.90902322693947	0.0578988225719283	0.145969058927623	-5.72888652571902	Non-Significant
ZNF334	-0.272303032403371	0.785389024771962	0.964747642801787	12	-0.175970138764802	2.56823874146468	-0.857082185607347	0.392574026375296	0.522617253718432	-6.96822110636999	Non-Significant
ZNF335	-0.371954165170779	0.709926975687147	0.934733388807095	105	-0.228679027373208	4.45785988181901	-2.28703755802627	0.0233934928514217	0.0708085743739089	-4.96747717202524	Non-Significant
ZNF337	-1.69266517135094	0.0905192183105317	0.30143049812197	21	-0.0716822866026585	1.79272996815455	-0.862186599327076	0.389767169853578	0.519991801151745	-6.87565784532221	Non-Significant
ZNF33A	2.61337558314108	0.0089652719272605	0.0555488747898644	61	0.442195744679628	6.18061601059993	5.23027604088273	4.80161835965251e-07	5.15148960255699e-06	4.9950275525026	LUAD
ZNF33B	2.04814964094919	0.0405453391116688	0.169703926863186	23	0.350538502255582	5.21574667441534	3.58682785693125	0.000434364956262319	0.00234864468859466	-1.41395394679692	LUAD
ZNF34	2.81198607303616	0.00492366351242613	0.0349438447977904	14	0.412168819320716	2.77540869944645	5.88006245526766	2.03845508493481e-08	2.81260372700631e-07	8.43550160646393	LUAD
ZNF341	1.52879867144125	0.126314361849253	0.379699458972004	87	0.393064793608561	2.07773502445677	3.93415953745991	0.00012031891867547	0.000753451697725811	0.14173717777251	LogFC Significant
ZNF343	-2.82922197747519	0.00466613223832013	0.0337833750874641	52	-0.552691336464958	4.01376916362982	-7.46997472391486	3.68245143670167e-12	9.40688874538159e-11	16.765079000779	LUSC
ZNF345	1.50318534508367	0.132791255529626	0.392008423592979	27	0.134530649828837	3.25727933332736	1.32807179269419	0.185887423179162	0.30370362618773	-6.53452302700044	Non-Significant
ZNF347	1.38457587428919	0.166182192742763	0.455865905775229	36	0.451790774431421	3.50176313226058	3.36417980635048	0.000943689047337215	0.00464011603660272	-1.94648746217638	LogFC Significant
ZNF35	-0.300267543849346	0.763973087885715	0.955453869928816	23	-0.0673108486537508	3.2906058755503	-1.00862251125938	0.314551091428251	0.443005918419583	-6.90937522027931	Non-Significant
ZNF350	3.08877519232525	0.00200983458872073	0.0233220751070407	28	0.433889813697291	3.73029750219019	4.47406726130027	1.37956415324016e-05	0.000109125604697309	2.02959599817978	LUAD
ZNF354A	-0.328050847402423	0.742873217289096	0.950726207977377	16	-0.0434600594701294	4.20620914484549	-0.553014134609642	0.580960912475659	0.692014487310561	-7.36952767333018	Non-Significant
ZNF354B	0.689957814912431	0.490220716388681	0.806194265772704	10	-0.0689101471598215	3.86924601764085	-0.928402324159525	0.354480264930584	0.484699254635435	-7.05284326314891	Non-Significant
ZNF354C	0.454603681090003	0.649394386025153	0.902600240934727	17	0.0255650628906204	3.5256794414756	0.23101232019009	0.817575642574878	0.874346478669775	-7.41775595284674	Non-Significant
ZNF355P	0.711339512199815	0.476873872235261	0.797968946207003	5	0.0053133652906166	-6.70576188280809	0.107453597973103	0.914552476928128	0.941929632257873	-7.77064654002441	Non-Significant
ZNF358	-0.187093954201592	0.851586968312162	0.994553520833191	40	-0.213851018299273	1.65526959227877	-1.16119909586813	0.247145598752916	0.36783217521399	-6.55917859178519	Non-Significant
ZNF362	0.398794082808786	0.690044937405569	0.921982733285851	84	-0.0890790253446656	3.07767516821209	-0.78252483636158	0.434965928262598	0.564159667258954	-7.087131185229	Non-Significant
ZNF366	1.8123295321176	0.0699352940103625	0.250767982808586	51	0.427071408464798	1.20386293743658	3.44852844666789	0.00070643975541391	0.00360118157676072	-1.42848471688557	LogFC Significant
ZNF367	-2.40099239648621	0.0163506762407762	0.0873195688603152	70	-0.799452047894724	3.16574039329027	-6.53443424940374	6.74846729096609e-10	1.20348098378619e-08	11.7275193134621	LUSC
ZNF37A	0.194792131216266	0.845555682674961	0.988861858364195	8	-0.0129761114359407	5.23352108351907	-0.164123736572064	0.869823525355931	0.911255581558622	-7.63026652643874	Non-Significant
ZNF382	1.63282413444594	0.102505989625714	0.325061596462953	65	0.718892105322454	1.88139374315133	4.96167649039342	1.6492988527543e-06	1.57904461752126e-05	4.26401390236817	LogFC Significant
ZNF383	-0.565782493796976	0.571541648454809	0.869519348422143	17	-0.181413990871847	3.0304907306877	-2.78925506644926	0.00586944123661822	0.0224447574033632	-3.57505859043434	LogFC Significant
ZNF384	-2.31843600473026	0.0204256371836537	0.101773398175624	25	-0.330735933230627	5.72836615047162	-5.67418973733316	5.69021837755501e-08	7.23157972927733e-07	7.12313406360353	LUSC
ZNF391	0.731851373762242	0.464259288488945	0.788955270971929	19	0.108087074227462	3.37190100157447	0.832608648136808	0.406202602625284	0.536052967437498	-7.08022749828994	Non-Significant
ZNF394	-1.70966922670631	0.0873270563728155	0.294206056504679	17	-0.078049907080376	4.30670233594461	-1.63621090240479	0.103596303986805	0.223391877475743	-6.20212444955316	Non-Significant
ZNF395	-2.80654865721827	0.0050075349202511	0.035222139631492	8	-0.447414229757745	5.43891349292464	-5.29837367682624	3.48751647510579e-07	3.84791334241616e-06	5.39198539274022	LUSC
ZNF396	3.33356351961362	0.000857410915795534	0.0193395427209346	84	0.919540025131116	1.98491650178309	8.31812429058177	2.46075833085179e-14	8.71385862378038e-13	21.8757389595596	LUAD
ZNF397	0.0155505694709	0.987592940755772	0.999927879915109	23	0.0453888677636564	4.83006479738594	0.550076171973917	0.582969947286697	0.693730710352642	-7.44405403475738	Non-Significant
ZNF398	-0.0406147018157744	0.967603063473737	0.999927879915109	43	-0.107066185237677	4.86169686943467	-1.7139183685657	0.0883179160732234	0.197276040441686	-6.13819331964665	Non-Significant
ZNF404	0.721387507944775	0.470671130272289	0.79154742846462	9	0.293818184175043	1.53275411350086	1.76511612883901	0.0792919996952782	0.182721343016662	-5.67254461334144	Non-Significant
ZNF407	-0.00589364111995208	0.995297581966579	0.999927879915109	20	-0.10863189904365	4.03778278348461	-1.98867840042133	0.0482985146975975	0.126412828870587	-5.54263548150744	Non-Significant
ZNF408	-0.888011343649962	0.374534649475451	0.725932023307631	54	-0.409386971010637	2.65291538932321	-3.78709021669738	0.000209445491453578	0.00123183579266144	-0.443207375148331	LogFC Significant
ZNF41	2.62897515263095	0.0085642618282701	0.0540787350665609	35	0.252046224627953	4.51986465946244	4.0706668930506	7.09347874962157e-05	0.000470365858291951	0.379225383148271	LUAD
ZNF410	-0.0581049959126094	0.953664994955982	0.999927879915109	51	0.0155052715343067	-0.697633006485293	0.162630002205527	0.870997781599905	0.912082670312609	-6.9643952452809	Non-Significant
ZNF415	1.32761206353116	0.184306297205874	0.482191559890644	31	0.616361876796481	2.73923255183381	3.71040879707228	0.000277896494019907	0.00158159501115054	-0.71889110553853	LogFC Significant
ZNF416	-0.845856572107917	0.397632761641181	0.750419723097266	25	-0.227255573914641	2.79751786224765	-3.11362061229028	0.00216009580068278	0.00950935504053501	-2.63615370537119	LogFC Significant
ZNF417	0.386538188529962	0.699098125701612	0.927818265967506	35	0.0455813196225798	3.69006512456056	0.612144234252864	0.541238478543898	0.657815008083693	-7.27568529617349	Non-Significant
ZNF418	0.630631612869032	0.528281423669565	0.844577307904845	12	0.422504775199842	2.27179101209992	2.5591424047802	0.011341083473859	0.0389881349581671	-4.08306287252676	LogFC Significant
ZNF419	-0.233793352206052	0.815145410744492	0.970876833274079	12	-0.0640610231455086	3.88831129769312	-0.823665998094293	0.411252734377886	0.541113064114214	-7.14661771533508	Non-Significant
ZNF420	1.44921681776768	0.147277042337026	0.416524367623588	31	0.334259590438953	3.46425832791261	3.52041247000657	0.000549623547999491	0.00288837590245813	-1.43770600650313	LogFC Significant
ZNF423	0.280437337659414	0.779141994486013	0.962779769186409	65	-0.144248170575962	1.48575184092989	-0.882599692313153	0.378665812630267	0.508897625498933	-6.82309431281246	Non-Significant
ZNF425	1.7962340109712	0.0724573077387328	0.258426774315054	10	0.38288277089567	1.18001959784882	3.24108138832156	0.00142605548432976	0.00664343672760269	-2.07778075345318	LogFC Significant
ZNF426	-0.531274364680145	0.595228667146806	0.884975545076464	15	-0.111470761200423	3.42767789290105	-1.21993977099669	0.224132527215342	0.340993445746401	-6.69064462392428	Non-Significant
ZNF429	3.10617644390543	0.00189523591085374	0.0225185426567711	50	0.741173617805971	3.00268520891471	5.71617553085594	4.62400586400125e-08	5.97504221420943e-07	7.61530116015177	LUAD
ZNF43	1.90410405892989	0.0568966332015521	0.216216252900148	35	0.433964479381764	4.02949658137772	3.03044082610941	0.00281326975719503	0.0119695689686142	-3.0153426088373	LogFC Significant
ZNF430	0.377282150427925	0.70596393565891	0.933229481766354	9	-0.209497863833109	4.10727744529539	-2.33964934421715	0.0204325534800667	0.0634136933634224	-4.8089719680234	Non-Significant
ZNF431	0.314515847066667	0.753129282468294	0.952760818326182	14	0.178816413031035	4.30944733599526	1.67325036335955	0.0960682541827359	0.210639830331898	-6.14192374238034	Non-Significant
ZNF432	1.17755341035876	0.23897469280498	0.571700099499792	7	0.006205266581236	4.09146070650586	0.0883427174252242	0.929705507139108	0.952657962873151	-7.50555647496383	Non-Significant
ZNF433	2.13875078260555	0.0324558574204347	0.143866140618616	15	0.335860997645612	2.05883266201455	2.61509677691915	0.00970033377648765	0.0342500128053255	-3.91995381503928	LUAD
ZNF436	-2.93631247157357	0.00332139571921305	0.0288397127994866	30	-0.57950201313457	5.45585953540336	-7.92760697072358	2.54343898037029e-13	7.76863361075165e-12	19.256773533449	LUSC
ZNF438	1.06306006413936	0.287754713551201	0.636356238778426	42	0.1997244291079	3.97462780249675	3.05284165634262	0.00262145122169441	0.0112702912189204	-2.94432402625077	LogFC Significant
ZNF439	0.348040944366519	0.727809434301231	0.943857056434917	23	-0.108378117851792	2.76597437577292	-0.877662274076881	0.381332795586867	0.511581507527489	-6.97289339672486	Non-Significant
ZNF44	2.28045212494524	0.022580887139303	0.109522756946184	28	0.269943760163766	4.02271741355348	3.75959468924394	0.000231911501823899	0.00134807501505722	-0.688025803976903	LUAD
ZNF440	-1.9423699092936	0.0520923353531554	0.202323809263319	11	-0.438493036898078	4.26096295451065	-3.61732006764294	0.000389449009122006	0.00213274884612381	-1.20257371352514	LogFC Significant
ZNF441	2.81585289769754	0.00486479358026563	0.0348875196756192	36	0.346383235887582	3.61438720712926	4.05022824591486	7.68392407326029e-05	0.000505108074398557	0.402671660326508	LUAD
ZNF442	1.14487573173453	0.252260638228616	0.59063665106908	14	0.317249514751361	1.03342569738485	2.76485671996229	0.00630659711176802	0.023824610291717	-3.42102634458085	LogFC Significant
ZNF443	1.67764759920406	0.0934159146827968	0.308011751532112	11	0.236699215152486	2.29980193559486	2.7823107710586	0.00599097293455394	0.0228339936145391	-3.51294693814572	LogFC Significant
ZNF444	1.63126523460477	0.102834365697232	0.325162734162994	56	0.540743483660125	3.74648228046492	5.51968703140053	1.21077382171516e-07	1.45241482064587e-06	6.60334692035954	LogFC Significant
ZNF445	0.916285917587086	0.359516952194245	0.713349841903205	11	-0.0389526346275052	5.24040106854104	-0.672027531490745	0.50245422005518	0.622760151059811	-7.41830690841389	Non-Significant
ZNF446	-1.0732110170005	0.28317644873681	0.631096902401236	28	-0.2770211293948	2.41420574892844	-3.26695307038343	0.00130878673300895	0.00616656682369382	-2.13145816329326	LogFC Significant
ZNF449	1.01842776067906	0.308474715014699	0.654455415327584	25	0.208144783864936	4.3247306052396	2.79395285570619	0.00578850110885352	0.0221769061455443	-3.70719872045125	LogFC Significant
ZNF45	-0.486306423811026	0.626749925380141	0.894466133733706	19	-0.115831928982789	4.41531833148548	-1.68248154822438	0.094262491483256	0.207628826145657	-6.13885664312971	Non-Significant
ZNF451	-0.49028838760363	0.623929843052178	0.893719325400208	14	-0.0389669773702201	5.81825040323941	-0.720232276519181	0.472344834864078	0.598461242356619	-7.45500624828845	Non-Significant
ZNF454	1.56162781319698	0.118375693358477	0.36179359553093	46	0.444772088307187	0.0827613040219286	2.0613337975525	0.0407530955201072	0.11030142376411	-4.960841118964	Non-Significant
ZNF460	-3.19028390208976	0.00142133092585158	0.0217633093901877	34	-0.591619952304614	2.09114982493388	-6.21626042538016	3.63427551322477e-09	5.69903678785687e-08	10.1830840217956	LUSC
ZNF461	1.67211845098503	0.0945009669382765	0.310266244271568	23	0.155305571678914	2.92122065972564	1.8139929348076	0.0713951632562982	0.170316172587314	-5.74259781693572	Non-Significant
ZNF462	-2.32935870730191	0.0198400706755694	0.10009764300639	16	-0.440159250215492	4.5901504509745	-3.63973897791224	0.000359257917833938	0.00198643903150036	-1.16371303504356	LUSC
ZNF467	1.88246816980517	0.0597724777003863	0.223506769501631	31	0.710720417494207	1.34113942509021	4.53622818132619	1.0614343964041e-05	8.58016690951855e-05	2.52954854104295	LogFC Significant
ZNF468	0.481264585987812	0.630328463217925	0.896484184774363	12	0.375714738701773	4.95161839837665	3.65569070894055	0.000339135248293855	0.00188713187972865	-1.1506898894609	LogFC Significant
ZNF470	2.00565416431446	0.0448931586901931	0.182480693623295	23	0.505835773533825	3.20709918923738	3.942634848382	0.000116480837462765	0.000732029627655956	0.0518905671211556	LUAD
ZNF471	0.779528433653723	0.435668494910514	0.767831636487575	18	0.233075133687021	3.01644113216401	1.43577399997325	0.152855331433498	0.300780989765081	-6.359739797202	Non-Significant
ZNF473	-1.63221600587266	0.102633990118283	0.325061596462953	19	-0.36319016836543	4.12681875568889	-5.30064811037844	3.45030471104473e-07	3.81264289959223e-06	5.54643181863594	LogFC Significant
ZNF479	0.0868353766001137	0.930802367357757	0.999927879915109	10	0.0711317607603344	-6.59396891970286	0.567850259941134	0.570865950027596	0.683733105802011	-7.55392177903411	Non-Significant
ZNF48	0.614851884558174	0.538652540877293	0.850325709183652	44	0.156436369201506	2.88407164146038	1.67374650896414	0.0959704954315071	0.210507118001969	-5.97921825628103	Non-Significant
ZNF480	-0.289063408750653	0.772532854413008	0.95985577905212	5	-0.0687674398836004	4.63545245791029	-0.93006765361626	0.353619850324846	0.483821781663533	-7.13999239262554	Non-Significant
ZNF483	3.48433559885897	0.000493360449148998	0.0193395427209346	49	0.836169771236928	0.803101597956602	5.64311576208546	6.63053513854923e-08	8.3329565586618e-07	7.47541496552992	LUAD
ZNF484	1.48692174305027	0.137035480876599	0.399952391860772	17	0.311980878786026	3.60935775810605	2.88033766450652	0.00447013076699176	0.0177751631907492	-3.39191296370698	LogFC Significant
ZNF485	0.89544724193315	0.370548056399536	0.722775636101443	14	0.0206861549544188	2.09408637307786	0.205161300971603	0.837685029614489	0.888865635519286	-7.26013728408664	Non-Significant
ZNF486	2.12320422391379	0.0337367421778188	0.147589059462005	23	0.937598982772638	3.3023814527668	4.10894731771192	6.10210413894955e-05	0.00041086297821499	0.655423688494286	LUAD
ZNF487	0.0238479450048904	0.98097389632597	0.999927879915109	5	0.237925792374575	2.2554613812229	2.5533063024594	0.011525783372027	0.0395429485348546	-4.09564870679386	LogFC Significant
ZNF490	1.54597753756974	0.122109992790053	0.369829359762331	26	0.143790699559176	1.16081931033653	1.77532762152824	0.0775854791821792	0.180217039926251	-5.61333902763286	Non-Significant
ZNF491	2.47148465127263	0.0134553327149508	0.075050855810059	33	0.549846077184428	0.944343566646162	3.99546693559683	9.50573182735147e-05	0.000611129083722814	0.482580281366619	LUAD
ZNF492	-0.460954407330201	0.644831315912617	0.902600240934727	12	-0.512195747656723	-2.4231586655743	-1.60312085424593	0.110714993115331	0.235388023838734	-5.55428617388792	Non-Significant
ZNF493	2.63263027079029	0.00847265240053641	0.0536690410734294	47	0.706661476889501	3.78967259823889	5.23694874281821	4.65406958952214e-07	5.00797177273047e-06	5.29175017339941	LUAD
ZNF496	-1.38784503733376	0.165184237303477	0.454055923671042	10	-0.206593877053622	5.28780406152679	-2.95665340597499	0.00354022957431885	0.0145821695093726	-3.37062123790064	LogFC Significant
ZNF497	0.00355191429011756	0.997165988385648	0.999927879915109	3	0.154849637594797	-0.928793796876324	1.14310971539501	0.254557601278722	0.376194732274013	-6.30676115546634	Non-Significant
ZNF500	0.530212799158051	0.595964397912216	0.884975545076464	41	0.0558763979111269	2.98107037569194	0.666855516799973	0.505744486350616	0.625469680581014	-7.15987595469899	Non-Significant
ZNF501	1.84758399207242	0.0646625472289512	0.237371836994029	23	0.223533085053397	2.40448649963037	2.13942577156193	0.0337899311633951	0.0948758173139395	-5.05455084273894	Non-Significant
ZNF502	0.832616612913241	0.405060986591243	0.757276935027905	10	0.331530150072531	2.62617647865316	2.13714212150429	0.0339779742211514	0.0953038913139407	-5.08410974342356	Non-Significant
ZNF503	0.120194853434295	0.904328794585345	0.999927879915109	8	-0.158100496346516	3.62394706633572	-1.539219667223	0.125560541349839	0.258916144876926	-6.27626481057371	Non-Significant
ZNF506	1.13387343137134	0.256847643237427	0.596242852740755	13	0.209946528562394	4.07921489858685	2.41044829626831	0.0169706562398168	0.0544426184226023	-4.64245987820467	Non-Significant
ZNF507	-1.06802474220993	0.285509351146747	0.633233983350929	28	-0.219613713228951	5.64242258616531	-3.1672609444701	0.00181653744595667	0.0082048929944036	-2.79869910509544	LogFC Significant
ZNF510	0.798137012005904	0.424790985062643	0.767831636487575	25	0.17250755033625	4.31183290981275	2.83388098639092	0.00514047386375475	0.0200366260460378	-3.59795208323692	LogFC Significant
ZNF513	-0.25465484782953	0.798989692865061	0.967654585810038	39	-0.123608717655051	3.44076724766128	-1.17193043271078	0.242821227387307	0.362820089758941	-6.74921060952658	Non-Significant
ZNF514	0.131910047422893	0.895055441383722	0.999927879915109	5	0.12441114720743	4.86976022970099	1.41426898094387	0.159063200801274	0.30370362618773	-6.60277882283227	Non-Significant
ZNF516	-1.5515232499919	0.120776339993506	0.367283221252536	29	-0.257199935946605	4.41823505643592	-2.46262802092893	0.014762254804963	0.0485611285800856	-4.55781523435839	LogFC Significant
ZNF517	0.779927583499645	0.435433501455876	0.767831636487575	44	0.060209647225156	2.71811275893451	0.665896089949638	0.506356097659122	0.626030670906835	-7.13059624887488	Non-Significant
ZNF518A	2.02555788859691	0.0428101106249139	0.177242684814077	20	0.206425431097251	5.67776972536253	2.90915184092464	0.00409553751225814	0.0164943032725578	-3.55037104299833	LUAD
ZNF518B	-0.629324654040022	0.529136534077653	0.845271408454994	15	-0.315494325750395	5.29543772430792	-2.54788487770282	0.0116997670336944	0.0400157511276095	-4.45322790127138	LogFC Significant
ZNF519	-3.12037389681159	0.00180621615133431	0.0221956914311769	42	-0.564800709728852	1.8242669575727	-5.32714164445769	3.04433354015944e-07	3.39798105998142e-06	5.90222304357861	LUSC
ZNF521	0.237486119704253	0.812279686110341	0.970876833274079	123	0.102632868973438	4.24285616284122	0.676726408835953	0.499474875374296	0.620429879706236	-7.29765356835986	Non-Significant
ZNF524	0.229628123310352	0.818380751515977	0.972371922511291	69	0.131543654283547	0.491294985123651	0.783505492133847	0.434391585194935	0.563572744995907	-6.79428779508978	Non-Significant
ZNF525	-0.945632791096942	0.344335913128057	0.695517766679116	17	-0.234321980030625	4.12869125725568	-2.4775436370956	0.0141798105224407	0.0469455978038332	-4.48909520049491	LogFC Significant
ZNF526	-0.672306717788065	0.501388453962803	0.818503686551039	24	-0.156246522047257	3.53943829247249	-2.1447669397236	0.033353623612036	0.0939311094614879	-5.17055269938599	Non-Significant
ZNF527	0.468741235924192	0.639254608221583	0.900834399948193	14	0.0884481443713304	3.08997922447789	1.27521480609808	0.203926978915845	0.316730099475374	-6.58384592637341	Non-Significant
ZNF528	0.350012551726039	0.726329277841387	0.943382399680146	11	0.449817028003881	4.4646593308767	3.30327149643295	0.00115925077240503	0.00555196562866846	-2.24514279105448	LogFC Significant
ZNF529	0.642105371560205	0.52080476844488	0.835284325109679	7	-0.00235701894936627	4.55252721652795	-0.0317190414338125	0.974732329771295	0.983409586865636	-7.56255689867337	Non-Significant
ZNF530	-2.65827526816242	0.00785417130343969	0.0503871436974661	57	-0.398665863184849	2.64971330958787	-4.13928801231889	5.41181427560291e-05	0.000369694698923788	0.839191251570801	LUSC
ZNF534	-0.0320431503783881	0.97443763952483	0.999927879915109	6	0.208760693181348	-4.31970168974891	0.682804557341067	0.49563507697005	0.617704788799852	-6.47319106603809	Non-Significant
ZNF536	0.330651479056101	0.740907756608288	0.950596578257884	9	-0.0315870394053989	-4.02756277534008	-0.0867618554023123	0.930960202487256	0.953502020082654	-6.70678293364007	Non-Significant
ZNF540	2.5189883774232	0.0117692541530124	0.0671382452819574	44	0.750687060345282	1.70043246975867	5.65631073919548	6.21402618494798e-08	7.84243393966426e-07	7.45526314090505	LUAD
ZNF541	1.62344766497799	0.104493742404138	0.328876856971019	13	1.0206881362168	-1.81734827081939	4.59661999374651	8.20763440908732e-06	6.7977487718232e-05	3.04407688627096	LogFC Significant
ZNF542P	1.17498373771797	0.240001221988744	0.572354458139428	26	0.492220930457835	2.87268869050299	3.37928581209771	0.000896354298195666	0.0044445985514386	-1.82979812355248	LogFC Significant
ZNF543	-1.68855494685844	0.0913047507042118	0.303041222171995	18	-0.387068877211604	2.97433755272948	-4.98900664936816	1.45763276566526e-06	1.41470724611181e-05	4.27191426954396	LogFC Significant
ZNF544	-0.957891701950571	0.338117371215761	0.687185912349442	11	-0.191999399776337	4.8164652085729	-1.80072791810219	0.0734712170716728	0.173785913257525	-5.98250516984357	Non-Significant
ZNF546	0.522223893961137	0.601514451477137	0.888541345426718	11	0.060373778092895	2.25708917925155	0.667154938173702	0.505553692829271	0.625308577243643	-7.07726876177751	Non-Significant
ZNF547	-0.0963776551537352	0.923220638103806	0.999927879915109	12	0.0234829635260225	1.58110438472396	0.238285751707764	0.811938823462964	0.870293612729839	-7.19430440802864	Non-Significant
ZNF548	-1.083541608422	0.278568092770329	0.622900590515391	13	-0.138132562539597	4.2650147222499	-1.90082096317004	0.0589725543206527	0.14809640226821	-5.73632868730201	Non-Significant
ZNF549	1.19182785673713	0.233328750582077	0.561955196252212	19	0.184903768837816	3.44724100591961	1.54462604630491	0.124246833635855	0.256792294985634	-6.24798019040629	Non-Significant
ZNF550	-0.339743279332477	0.734049866106528	0.944044445724815	8	-0.0905166119176162	4.46184038523226	-1.28931331766452	0.198994154421766	0.310680714935906	-6.72274830123706	Non-Significant
ZNF551	-1.01825073892077	0.308558812266335	0.654455415327584	14	-0.323959523679148	3.73069568310962	-3.6151047126139	0.000392558843584123	0.00214769909844336	-1.15134022396217	LogFC Significant
ZNF552	2.52590406051925	0.0115400990925942	0.0662071970797973	11	0.444845948281586	3.60273614193169	4.37469810347833	2.08641761088236e-05	0.000158320081341127	1.64711408787878	LUAD
ZNF554	0.00993000410001124	0.992077133245794	0.999927879915109	7	-0.0342084095335364	2.62129413752391	-0.467834951581703	0.640485896981454	0.741395936164656	-7.23181261201233	Non-Significant
ZNF555	-0.167429843694012	0.867031844721365	0.997652743542806	6	0.140388790155632	2.85840179542332	2.03688023814817	0.0431716544308554	0.115555878563385	-5.31459822448657	Non-Significant
ZNF556	-2.74336056780927	0.00608138686701066	0.041677217846271	25	-3.38833018838894	-4.25233959340194	-9.1411641523342	1.55596460823326e-16	7.77768320771685e-15	27.0180433655182	LUSC
ZNF557	-0.712633223663011	0.476072747396485	0.797958327856545	7	-0.140724759574419	2.9577767487577	-2.09887700113356	0.0372656536136073	0.102579523446225	-5.20038254461734	Non-Significant
ZNF558	0.0869398948212718	0.930719288077341	0.999927879915109	9	-0.286283365227856	5.02837175752577	-2.74622685915062	0.00666007340232676	0.0249411487725663	-3.91532346266616	LogFC Significant
ZNF559	0.100607031843733	0.919862414428915	0.999927879915109	10	-0.0165818799977221	3.96126004527139	-0.175688317847081	0.860742352538627	0.904822347001065	-7.47898082264632	Non-Significant
ZNF560	-0.119789758427982	0.90464969511125	0.999927879915109	9	0.000588403026706854	-4.22014093792227	0.00127916552118603	0.998980833811032	0.999314684961532	-6.70508393740516	Non-Significant
ZNF561	-0.257738048745203	0.796609079233418	0.967654585810038	12	-0.123717021210776	5.51444142968707	-1.66094066086034	0.0985195556037139	0.214756087493599	-6.30424186854085	Non-Significant
ZNF562	-0.500039602228079	0.617047192585319	0.893719325400208	19	-0.130652509063208	5.27504153710192	-1.97664902621875	0.0496555905196595	0.129253576100066	-5.71004765115189	Non-Significant
ZNF563	0.695192795738226	0.486934486562979	0.802762273414172	11	0.133683163755157	1.64443039271328	1.36334684354209	0.174528164175731	0.30370362618773	-6.30498089941747	Non-Significant
ZNF564	1.11759336433497	0.263740704114719	0.602883146244533	12	-0.309564460462586	-2.28992107018399	-2.24308786280764	0.026148359327272	0.0773636409403965	-4.36789579554336	Non-Significant
ZNF565	0.00337304581027537	0.997308703928444	0.999927879915109	11	0.0350076812640055	2.31926643074693	0.502709824126444	0.615801632765833	0.721239254377107	-7.18047352143408	Non-Significant
ZNF566	1.15854046335185	0.246643549021472	0.583345402161503	13	0.0752575651764653	3.4751660636524	1.04504633588951	0.297445850603388	0.424424585099098	-6.89310744941593	Non-Significant
ZNF567	-0.312647919472117	0.754548167388431	0.952760818326182	12	-0.0111255188655557	3.8548946367029	-0.151762797589877	0.879549195478232	0.918218828572417	-7.47067315960133	Non-Significant
ZNF568	2.02188621456505	0.0431881082420054	0.178439755864088	39	0.334232457427565	3.01787827500468	2.7366924094196	0.00684784167130519	0.0255262816853004	-3.7130572683547	LUAD
ZNF569	-0.355827149272632	0.721970015838266	0.940838716236217	17	0.0627087799595731	2.99996433468315	0.579254925823456	0.563163575819924	0.677345696302653	-7.21658755750083	Non-Significant
ZNF57	-3.4023630114653	0.000668058371850019	0.0193395427209346	44	-0.364314413680909	2.31216556098378	-4.41778694205336	1.7452258530322e-05	0.00013485633973717	1.95417854835963	LUSC
ZNF570	0.230372008649096	0.817802710100773	0.972260415560895	19	-0.018737285527138	2.38732025694286	-0.174621774132035	0.861579106047225	0.905421386772936	-7.29940095870989	Non-Significant
ZNF571	2.1011331670097	0.0356292781366399	0.153527018236852	23	0.30840144739	2.45994570868227	3.34031229311052	0.00102326283293229	0.00498656890601346	-1.90807494399259	LUAD
ZNF572	-1.02218686476604	0.306692466425226	0.654451086696974	13	-0.325433726448556	2.11810865086202	-2.56523820745303	0.0111509987560149	0.0384541693344115	-4.05098234345287	LogFC Significant
ZNF573	1.86828448535851	0.0617224279946076	0.227828373921272	8	0.470954291911876	1.90127899619141	4.21730443321437	3.96278166126482e-05	0.000280030700757008	1.21447908325169	LogFC Significant
ZNF574	-0.438219992641253	0.661226817137897	0.907161995212628	60	-0.368631488774363	2.56306956207921	-2.77710571217427	0.00608356091020389	0.0231262573193363	-3.55585010658396	LogFC Significant
ZNF575	-0.297232217996365	0.766289226331448	0.955453869928816	30	-0.424580178572606	-0.373265824444334	-3.92247824119607	0.000125806356870462	0.000784051717784488	0.34361854353596	LogFC Significant
ZNF576	-0.347647577435841	0.72810487072594	0.943857056434917	20	-0.204753348012649	2.84291906786347	-2.86337482636651	0.00470503984918896	0.0185784633945705	-3.35367707430806	LogFC Significant
ZNF577	1.16310783132103	0.244785755135126	0.580182872961455	10	0.202475166789954	3.38235519685665	1.79784701184961	0.0739286165314334	0.174624313271992	-5.82322734541564	Non-Significant
ZNF578	2.41842724593757	0.015587762373289	0.0837750773650917	14	0.609840090020137	-1.02510715625294	2.69929787590612	0.00763146611882744	0.0279803399141444	-3.39014740454288	LUAD
ZNF580	-1.36830781023465	0.171215747092838	0.465137592201424	63	-0.24159880941883	2.38553040426102	-2.46900621700135	0.0145106369398386	0.0478520062370473	-4.31461984247053	LogFC Significant
ZNF581	-0.780300368486205	0.435214095970945	0.767831636487575	54	-0.322558607381978	2.76334576108584	-2.87803935403288	0.00450131842360846	0.0178850698292918	-3.30464321207257	LogFC Significant
ZNF582	2.04194696568161	0.0411567923243908	0.171458172172981	30	0.483125921110931	1.29746904583364	3.73270838194673	0.00025607140195572	0.00147103740798361	-0.488497989240249	LUAD
ZNF583	1.45965698169423	0.144384370317079	0.412996888314379	20	0.517032942733795	2.27086072707072	4.68120727508071	5.70231356212209e-06	4.87677189785117e-05	3.03061062332866	LogFC Significant
ZNF584	-0.775839521207028	0.437843745613444	0.769868862689839	7	-0.214615081806851	3.20690942807715	-2.77037727567774	0.0062051727249272	0.0235112747044412	-3.64494280829452	LogFC Significant
ZNF585A	0.660201568311721	0.509124485996903	0.824453199904663	17	0.412844464071338	3.32175232750016	4.06576385276669	7.2310416261156e-05	0.000478179056772603	0.491949826671921	LogFC Significant
ZNF585B	1.22414069127687	0.220899158024093	0.538307656932498	18	0.516686811255404	3.77436584652132	4.70233429958522	5.20271685071244e-06	4.48726795978934e-05	2.96150330807398	LogFC Significant
ZNF586	0.166812180566637	0.867517834272067	0.997652743542806	5	-0.156921691166854	3.57350605619512	-2.19082484089948	0.0297888386892917	0.0858489463410148	-5.07693560104469	Non-Significant
ZNF587	-0.171619389741158	0.86373676281544	0.997652743542806	26	-0.0558986752807322	4.68012290660886	-0.718286139449969	0.473540688246139	0.599588162284886	-7.31963237544338	Non-Significant
ZNF587B	0.600249733950396	0.548339812977696	0.852878655661668	15	0.263410017932033	3.69661312090693	3.11636445566938	0.00214115623730677	0.00943986105454794	-2.72707664092455	LogFC Significant
ZNF589	-1.02894082298464	0.303507483644598	0.651114345254651	30	-0.360067829285997	4.5754171426916	-3.98328583187691	9.96354252631488e-05	0.000637020762651161	0.0501172989442509	LogFC Significant
ZNF594	0.0864698610213248	0.931092913733646	0.999927879915109	6	-0.28858787337644	3.38233918213671	-2.73919769326564	0.00679804428148688	0.0253592318237476	-3.74690066273542	LogFC Significant
ZNF596	1.01843368852656	0.308471899150424	0.654455415327584	9	0.149327864578542	2.02517281651766	1.45103213951569	0.148564718053312	0.294375773640467	-6.22588599130506	Non-Significant
ZNF597	2.62410091648753	0.00868780394767532	0.0545159697716627	45	0.514526120842746	1.96968691879351	3.50321743725342	0.00058384072411369	0.00304710964997428	-1.3322699989595	LUAD
ZNF599	0.933468591781528	0.350578079698724	0.701156159397448	11	-0.0621485594830392	2.68919232689921	-0.693339448264896	0.489017610483821	0.612472621208489	-7.1086718869861	Non-Significant
ZNF600	-0.384330402092709	0.700733577471283	0.929374520186484	9	0.112192333125363	4.4123226866355	0.996677145415052	0.320300164464288	0.449386367667423	-7.04993905009313	Non-Significant
ZNF605	0.240155519728424	0.810209694793444	0.970876833274079	11	0.0474083097946536	4.51689406255077	0.540869905062357	0.589286440524292	0.699027549869375	-7.41230123389583	Non-Significant
ZNF606	0.182929708684685	0.85485317204154	0.994553520833191	19	0.173163176126755	4.1705975097135	1.98216492779781	0.0490293693956689	0.127950586751526	-5.57048385511651	Non-Significant
ZNF607	1.0110732167117	0.311981388230374	0.657354278663789	14	0.229684348179859	3.08125671607902	1.75607032809332	0.0808293146053537	0.185059491708965	-5.86234510863342	Non-Significant
ZNF608	3.03787745712085	0.00238250818236722	0.0246601877845019	32	0.869135159878358	4.65633273700197	6.48995652321801	8.56409757225279e-10	1.49963065747301e-08	11.3447562079878	LUAD
ZNF609	-0.151676822295186	0.879441838766881	0.999927879915109	12	0.0207868170924446	6.50139138963279	0.290645804887159	0.77166707509428	0.840854210652209	-7.75823940378896	Non-Significant
ZNF610	1.63621060451261	0.101795517787506	0.323938826810321	27	0.586777796614677	1.6387880822713	3.3401444732109	0.00102384388873548	0.00498844505191436	-1.8198578632613	LogFC Significant
ZNF611	0.553461406939041	0.579947500307874	0.876296262253929	14	0.181172472377614	3.94271528717703	2.38705174713518	0.0180524697642467	0.0573526862972752	-4.68147162491666	Non-Significant
ZNF613	1.34197801338518	0.179603124688377	0.475155565710489	26	0.534738347135024	2.95667715463679	5.27480208404984	3.89691420196736e-07	4.25624331576113e-06	5.54978360296255	LogFC Significant
ZNF614	0.0626386759715343	0.950054230901115	0.999927879915109	14	-0.0717239460770283	4.16875881879901	-0.734975445962853	0.463340229214493	0.590251748540824	-7.24796863695562	Non-Significant
ZNF615	0.678229043259172	0.497626480469598	0.814463793619944	26	0.325619321416071	3.81018974208997	3.86982587097775	0.000153630126999132	0.000936242232632075	-0.275591688373247	LogFC Significant
ZNF616	0.605094891940021	0.545115948076414	0.852486622848473	11	-0.00988037102197356	4.14301877191017	-0.157557136672995	0.874987794926967	0.914958570837261	-7.50298249342411	Non-Significant
ZNF619	0.909298451852869	0.363192607592254	0.715692596707797	17	0.177078705767245	2.98411632031416	2.51449840977583	0.0128239402566208	0.0431872285836139	-4.27151152226071	LogFC Significant
ZNF620	3.34025476003737	0.000837015690870937	0.0193395427209346	48	0.959345363044599	1.90274966696594	8.5385838237864	6.45161677183853e-15	2.48709826554375e-13	23.20131115267	LUAD
ZNF621	1.55988323944036	0.118787475926383	0.362500382462276	36	0.184371587095613	5.10697221851271	2.24536196633469	0.0259991635003082	0.0770167326741577	-5.13513872404035	Non-Significant
ZNF623	-0.625215198560368	0.531829828060358	0.847236269236508	31	0.0564467035140951	5.20648102754711	0.7786132663694	0.437261221446716	0.566169834975511	-7.33689583558571	Non-Significant
ZNF624	0.440456954672688	0.659606182148413	0.906687616916173	6	-0.1471012660792	2.90699686700989	-2.15831848968127	0.0322683848001697	0.091441166616998	-5.07115093251664	Non-Significant
ZNF625	0.615973078791352	0.537912287870116	0.84982523528182	14	0.370724815695976	-2.58282781390476	2.11363775424654	0.0359664109649575	0.0997866413152404	-4.6173708978577	Non-Significant
ZNF626	2.57402271807912	0.0100523672446755	0.0593680983156129	70	1.04518035028728	2.92996927236104	5.16529324941086	6.49811067910374e-07	6.77171533927653e-06	5.05739233012907	LUAD
ZNF627	2.98510149527271	0.00283484245547819	0.0264506647464722	27	0.356506613727529	4.43011741159371	5.01895148710593	1.27242763942644e-06	1.24756749248273e-05	4.24965268431888	LUAD
ZNF628	-0.324208848301852	0.745779923602648	0.952019126887551	136	-0.305733561143871	-0.392589917354626	-1.67173033602005	0.0963682553779909	0.211152042850691	-5.6246024242575	Non-Significant
ZNF629	1.36256522045017	0.173019576199532	0.468225483839165	15	0.144599067491695	4.01134920263084	1.81369129904792	0.0714418265098414	0.170363596409381	-5.86641020049537	Non-Significant
ZNF630	3.01608565006829	0.0025606091889365	0.0259520786130698	24	0.290246279667243	2.3638557766446	3.35568168289493	0.000971334313420276	0.00476224278569266	-1.84924222993063	LUAD
ZNF639	-2.93292687665941	0.00335782966391921	0.0288397127994866	64	-1.01012143225212	5.65762679753818	-10.9105156859001	1.82796753193325e-21	1.8603591165991e-19	37.8291468319222	LUSC
ZNF641	-0.0188729120146675	0.984942488772555	0.999927879915109	9	0.0861657543456597	5.40360619064074	1.31279350022926	0.190975003130706	0.30370362618773	-6.80376409615359	Non-Significant
ZNF644	-0.759502325208782	0.44755212365313	0.776736961361699	50	-0.00261249485137303	6.30420992914968	-0.0435212358313085	0.965335755893141	0.977589011304317	-7.7746692853394	Non-Significant
ZNF646	0.345266142978504	0.72989429741072	0.944000333641141	84	0.0322772445861581	4.38878070069224	0.356065112603739	0.72222155529509	0.803809323128234	-7.48038843029767	Non-Significant
ZNF648	-0.0199336299876621	0.984096317619379	0.999927879915109	9	-0.606064662068335	-4.37820705470571	-1.89180743716282	0.0601716627489683	0.150617110071523	-4.94863123315211	Non-Significant
ZNF649	0.723885708828754	0.469135904404101	0.79154742846462	21	0.145194052959065	3.41258931454848	1.27432372159849	0.204241743215205	0.317102832806985	-6.62155518695891	Non-Significant
ZNF652	1.17657091322171	0.239366813005315	0.571700099499792	25	0.186262866031941	5.43152809629363	2.90741319284401	0.00411729933214473	0.0165645328533014	-3.52572892944049	LogFC Significant
ZNF653	0.083079651735399	0.933788205466012	0.999927879915109	36	-0.104085525149486	0.173337791678849	-0.680631609147763	0.497005983230427	0.618398573554625	-6.83504135685068	Non-Significant
ZNF654	1.6067153810397	0.108116817976717	0.338159767129668	36	0.049470374111707	4.78719922144925	0.684603829743813	0.494501464412411	0.616739891493542	-7.35586282461087	Non-Significant
ZNF655	1.41061241848948	0.158358927871919	0.442875664577734	39	0.128287299353833	6.77710610514898	1.30003399770799	0.195302460290906	0.305995259676699	-6.99152644445141	Non-Significant
ZNF658B	0.00423206143446342	0.996623313600678	0.999927879915109	12	-0.114744936752628	-4.70968964095024	-0.464654030217982	0.642757989887316	0.74331582822158	-6.60486578155866	Non-Significant
ZNF66	1.3684255969928	0.17117889653394	0.465137592201424	13	0.450354767376965	0.662482455140493	2.62428402857605	0.00945233796325369	0.0335489760478571	-3.7448523024533	LogFC Significant
ZNF660	1.2409487622202	0.214624677534625	0.527498595458416	47	0.203908325011956	1.72547359387333	1.63067232684313	0.104761579883013	0.22546513931344	-5.91882178489075	Non-Significant
ZNF662	1.31781491365163	0.187565614235857	0.486676104989468	33	0.255120128243533	2.95857307616964	1.745828703148	0.082599231439583	0.187875223092912	-5.86618155643488	Non-Significant
ZNF664	1.12304599860468	0.261417959028149	0.600932968605258	60	0.166872600100925	7.92112096945882	2.34901398920384	0.0199415734362821	0.062181929400003	-5.25928071793164	Non-Significant
ZNF665	0.782407695512221	0.433975012653983	0.767831636487575	27	0.551991415919981	1.38184277239954	4.00834251262266	9.0436308732384e-05	0.000584532718797178	0.484916062328933	LogFC Significant
ZNF667	0.275295076579111	0.783089546714126	0.964747642801787	17	-0.135687810806244	2.06583353342729	-0.678220122361571	0.498529765261378	0.619582494018427	-7.0480532416294	Non-Significant
ZNF668	-1.45100339923071	0.146778913672432	0.416380831931405	20	-0.254677171589392	1.20999563334017	-2.41791122529874	0.0166378649840266	0.0535865259871349	-4.30552596232817	Non-Significant
ZNF669	0.882690334978675	0.377403605540686	0.728888848564921	45	0.0934800300774202	2.98545858947845	1.2513111752625	0.212494519407336	0.327141140427848	-6.60198440351933	Non-Significant
ZNF671	2.37167068825019	0.0177078654887935	0.0928391485678785	117	0.561023553848366	3.12208952846909	5.0926309242198	9.08667888033435e-07	9.18888595995019e-06	4.71332864265293	LUAD
ZNF672	3.51521717020678	0.000439394510918261	0.0193395427209346	50	0.59084317384269	4.6392222441181	9.01673754795572	3.38223872563777e-16	1.61452720255913e-14	25.8878803754826	LUAD
ZNF674	0.117710944212747	0.90629669484442	0.999927879915109	9	-0.0334366903243115	2.2928570955692	-0.500891190401136	0.617078399648734	0.722402085364196	-7.17837477771741	Non-Significant
ZNF675	1.25172698189788	0.210669364759781	0.523275088703832	26	0.0928957733162049	3.82841293438489	0.842207507881119	0.400823655486481	0.530805430985573	-7.12432503573719	Non-Significant
ZNF676	2.16614998174077	0.0302997278661119	0.136416712007069	34	0.389752677405582	-1.91756019477312	1.25857447292614	0.209863918547961	0.324061885028571	-6.08119956651648	VIPER Significant
ZNF677	0.894402800276149	0.371106414751289	0.722775636101443	31	0.220693025882362	2.98400864028556	1.36420330539315	0.174259014946189	0.30370362618773	-6.45534476911096	Non-Significant
ZNF678	3.0631737663228	0.00219002849828803	0.0240875075368036	48	0.485116870423905	4.03127846941001	6.33352855418969	1.96509076427584e-09	3.23296503818107e-08	10.5954309115282	LUAD
ZNF679	0.175130251409311	0.860977288401533	0.997541190730665	6	-0.404984927522916	-5.8872509106776	-1.33830473256579	0.182536868401695	0.30370362618773	-6.23897117351013	Non-Significant
ZNF680	0.232697850090649	0.815996038773967	0.971262623508077	36	0.160875016795505	4.67580074099074	1.38244356298015	0.168600865453274	0.30370362618773	-6.62416211005012	Non-Significant
ZNF681	1.82926145891869	0.0673604494041287	0.244151231775253	30	0.599672674948311	2.90739667368946	3.68705114533832	0.000302635855590105	0.00170579620597675	-0.817256308223596	LogFC Significant
ZNF682	1.35956066963254	0.173968991341805	0.468898972636703	10	0.717405283512279	2.28347709843736	4.36131555852197	2.20483165057575e-05	0.000166338122121865	1.73374617397137	LogFC Significant
ZNF683	0.214757560608902	0.829956342550971	0.977505769565311	37	0.243395363287198	0.660865331442075	0.948459378275723	0.344206212156429	0.473975139681551	-6.67075516524998	Non-Significant
ZNF684	1.90154590327764	0.057230545953484	0.216802173823385	12	0.247840908131181	2.011767038203	3.13881042181349	0.00199189145457066	0.00888727650655702	-2.47567393456584	LogFC Significant
ZNF688	1.10445721792404	0.269394852097973	0.608486910025567	28	0.032983503554685	1.39857682101095	0.27924070519605	0.780390513582179	0.847148896538586	-7.16296249617112	Non-Significant
ZNF689	0.829595232719317	0.406767673049744	0.758059252150187	13	0.110527101182226	3.32207807471699	1.93096169559574	0.0551071933810718	0.14020222200836	-5.57258028059584	Non-Significant
ZNF69	3.30674665189581	0.00094386214474681	0.0193395427209346	90	1.06346436401522	1.66523787912744	7.92931526804685	2.51785041868861e-13	7.69509527960291e-12	19.6106906810018	LUAD
ZNF691	1.03549330398588	0.300438591939992	0.648688916790864	16	0.165075435439245	3.69301897352367	2.61962907428673	0.00957726945492753	0.0338907464174856	-4.08997142122585	LogFC Significant
ZNF692	0.565701986767497	0.571596384420931	0.869519348422143	76	0.103639658079641	5.06440188903132	1.04739172642257	0.296366320378895	0.423244768268335	-7.07489425525691	Non-Significant
ZNF695	-2.35697103190663	0.0184246840828697	0.094863501636929	55	-1.03044575364556	-0.656894669153723	-3.14515881817402	0.00195145685602197	0.00872829687751903	-2.18501508065113	LUSC
ZNF696	0.307705662490312	0.75830631061408	0.954466615713194	23	0.0867923618123091	2.21210498496559	0.982749706356668	0.327090114201793	0.456721662631299	-6.81254112826059	Non-Significant
ZNF697	-3.20856109252985	0.0013340096466638	0.0217633093901877	39	-0.467308637156648	3.78063406938216	-4.95766708794893	1.67939613854344e-06	1.6048404113788e-05	4.05100277899392	LUSC
ZNF699	-0.85837935335422	0.390683024539691	0.743665248879089	33	-0.296777849207334	2.41619878541711	-2.97958701859129	0.00329765291562983	0.0137162306902681	-2.9826017099533	LogFC Significant
ZNF7	-0.207438858073215	0.835667138165744	0.982447080466519	20	-0.00637251401878505	4.99478259293896	-0.0979530920953973	0.922081870140458	0.947072434510907	-7.6104239158677	Non-Significant
ZNF70	-0.0368369783349193	0.970614989598697	0.999927879915109	10	-0.191295188210997	2.93706064210637	-2.03476760606173	0.0433862291471371	0.115977708362115	-5.32763048339247	Non-Significant
ZNF700	-0.355124045360405	0.722496663563868	0.940838716236217	15	-0.179787981180585	4.01716494526741	-2.752125938684	0.00654624929543166	0.0245948347347413	-3.78378798222521	LogFC Significant
ZNF701	2.99783367230594	0.00271906025112904	0.0263167017293698	54	0.451724105402635	3.52843284223496	4.49119455213817	1.28376249481347e-05	0.000102230889375709	2.1201710770695	LUAD
ZNF703	-3.24951356618212	0.00115602564106679	0.0213479971507417	47	-1.16768613051563	3.20355728065452	-6.66899812186825	3.26386146073672e-10	6.13085471727755e-09	12.4356579065095	LUSC
ZNF704	0.610081598454506	0.541807755699273	0.85181509200465	20	0.247369695674697	5.49564164320844	1.7290935646358	0.085559421107196	0.192893517457305	-6.18791359296826	Non-Significant
ZNF705A	-0.0926268027409306	0.926200049774192	0.999927879915109	6	0.0339991307918021	-5.51676320558546	0.158392824428528	0.874330269395494	0.91451531528179	-6.89462809969996	Non-Significant
ZNF705B	0.0164701138046996	0.986859344582463	0.999927879915109	7	-0.047209829402349	-6.75092824807524	-1.30541451190486	0.193468866613635	0.30370362618773	-6.9462103257084	Non-Significant
ZNF705D	-0.122727046204382	0.902323245988189	0.999927879915109	5	-0.0228379013152045	-6.72953842311489	-0.467725367385858	0.640564115279616	0.741419014878504	-7.67856428140247	Non-Significant
ZNF705E	-0.445230311664068	0.65615332353487	0.904914748391496	6	-0.264871293676273	-2.72885361523566	-1.15499705722682	0.249669477591281	0.370550108986465	-6.13667969470702	Non-Significant
ZNF705G	0.0410710106613228	0.967239285236955	0.999927879915109	2	-0.144493302600336	-6.63801233490737	-1.81944796307871	0.0705556056507627	0.169138010512305	-6.09502512267814	Non-Significant
ZNF707	-0.36431885794972	0.715619919487903	0.935798155660609	42	-0.235800099220677	2.89921530504208	-2.33020193570366	0.0209386172338187	0.0646883902956773	-4.69470898094618	Non-Significant
ZNF708	1.7596911592296	0.0784601856018843	0.27116704421443	39	0.317663811484857	3.58817394159907	3.36364589031412	0.000945404057427672	0.00464720159063606	-1.95768190286688	LogFC Significant
ZNF709	0.799405299196789	0.424055438721646	0.767831636487575	10	0.233585285700395	-2.72801164443993	1.56012376767239	0.120540898157024	0.250708908020041	-5.59628303086903	Non-Significant
ZNF71	-0.167984021386592	0.866595849533031	0.997652743542806	19	0.217111584839634	2.39645328845604	1.73678563813518	0.0841882411276998	0.190552989273477	-5.81838474618933	Non-Significant
ZNF710	1.7995148597684	0.0719372754759742	0.257028557216648	27	0.549040853137161	3.99648053765458	3.88037089513641	0.000147627441243625	0.000903774058604803	-0.25830807651201	LogFC Significant
ZNF713	-1.1525446910894	0.249097316092292	0.587074425719862	8	0.0405419202871773	1.85701041625323	0.346978284086651	0.729025377572635	0.808993051359933	-7.19392181721868	Non-Significant
ZNF714	0.465247929816997	0.641753918677047	0.901148159932525	11	-0.0344107401154453	3.65258046158589	-0.202022794450281	0.840134036969951	0.890498679496187	-7.4385597888069	Non-Significant
ZNF716	0.214052232620869	0.830506325251205	0.977524443789226	11	-0.141562393777069	-5.72793411585885	-0.389091288108294	0.6976826103884	0.784511365011361	-6.94919809479351	Non-Significant
ZNF717	3.38406252877382	0.000714217356233327	0.0193395427209346	61	0.817992013283611	2.78396673973517	6.09377255037348	6.85758846140248e-09	1.030278259365e-07	9.49718292258585	LUAD
ZNF718	2.70648085230652	0.00680005037218367	0.0455240218564572	25	0.744610533618261	2.92222473824727	5.96640421590584	1.31641716567855e-08	1.89389889433754e-07	8.84736784476018	LUAD
ZNF721	1.66720873500419	0.0954729064386994	0.311445693932391	35	0.222561857624863	4.97946991970069	3.04408018099738	0.00269499271055913	0.0115332678845636	-3.08422362854431	LogFC Significant
ZNF723	3.43740551836209	0.000587315579889756	0.0193395427209346	4	0.185307205920726	-6.24568510309985	0.89750444970077	0.370685383324386	0.501054465702723	-7.01421758060455	VIPER Significant
ZNF724	-0.817651120812941	0.413556428248839	0.761969369618376	15	-0.32572377534482	1.19016845322328	-2.01961543799485	0.0449519873888451	0.119322431064638	-5.16252432037049	Non-Significant
ZNF726	3.13028583169554	0.00174636288463202	0.0221956914311769	56	0.741148678888538	1.06947407120836	3.54526946060467	0.000503476166160177	0.0026760364604736	-1.0983922355784	LUAD
ZNF727	0.455609862871038	0.64867054951068	0.902600240934727	9	0.555807512962294	-3.73222929172235	1.94986147368255	0.0527938110849311	0.135698303208032	-4.86006505899888	Non-Significant
ZNF728	1.36483679475684	0.172304351319777	0.466919213832811	26	0.893959535509828	-3.00367851641501	3.32523003545767	0.00107673090618487	0.00520624561878785	-1.45446666423163	LogFC Significant
ZNF729	-0.0456668534560508	0.963575783343715	0.999927879915109	4	-0.136239484806034	-6.16133194719065	-0.58434048105973	0.559745314429448	0.674366078794822	-7.17216528513189	Non-Significant
ZNF730	0.553030896843116	0.580242253616611	0.876296262253929	5	0.248176642267259	-1.56655442742305	0.770490102758001	0.442050261719877	0.570671781664705	-6.60183045923447	Non-Significant
ZNF732	0.931197933832821	0.351751186479273	0.702679601891833	9	0.00804550511661093	-2.40373574417008	0.0263904866583167	0.978976012815833	0.986205004417605	-6.82348992728537	Non-Significant
ZNF736	-0.769594855858183	0.441540257423944	0.774334355377537	13	0.0799624298604257	2.56978227047075	0.61210692334209	0.541263105539131	0.657815008083693	-7.14805746264848	Non-Significant
ZNF737	2.94573554999257	0.00322187728025716	0.0286594913418105	43	1.01058317235848	3.2228631441331	6.09900682743188	6.67505572530474e-09	1.00374375188492e-07	9.48055132139766	LUAD
ZNF74	-3.02234689715376	0.00250822927951946	0.0255661136714471	55	-0.450782182954069	3.54536148238669	-4.62007765792144	7.42265239661103e-06	6.19398310682107e-05	2.64417586007877	LUSC
ZNF740	-1.64958610263961	0.0990276193426645	0.319230559924594	18	-0.310932777453334	5.64310047437616	-5.5311020410621	1.14560197343144e-07	1.38205552441992e-06	6.45113721461907	LogFC Significant
ZNF746	-0.672943160853382	0.500983452188541	0.818503686551039	52	-0.178117817970638	4.11281573360974	-2.13871701817001	0.03384819590119	0.0950249733670334	-5.24812545180507	Non-Significant
ZNF749	-3.24364833266978	0.00118009346799419	0.0213479971507417	12	-0.243580921758264	2.39633793144037	-2.70091551456234	0.00759595673123257	0.0278719248792544	-3.73778177151472	LUSC
ZNF750	-3.41021553416572	0.000649115594703715	0.0193395427209346	19	-1.38607895316791	3.14280605954449	-5.46420533801581	1.58269345241895e-07	1.85954604063243e-06	6.40491095349329	LUSC
ZNF75A	0.105633993938258	0.915872752371851	0.999927879915109	9	0.0835276189690833	4.66466721007678	0.95150227573155	0.342664427950747	0.472401779434361	-7.12329004368584	Non-Significant
ZNF75D	3.45143023241935	0.000557623902822455	0.0193395427209346	103	0.623712819888651	5.01081773488628	9.2825049745745	6.41381184110373e-17	3.3891301074393e-15	27.5001505178266	LUAD
ZNF76	1.03127036437811	0.302414051708112	0.649894513042687	71	0.232320997364784	5.29082930062944	2.88589439529886	0.00439554116460391	0.0175286821417105	-3.56872115427587	LogFC Significant
ZNF761	0.0339227936716222	0.972938716924956	0.999927879915109	15	0.141599034261562	4.80755424279399	1.91891192581867	0.0566261609394437	0.14335002365875	-5.76524901241571	Non-Significant
ZNF763	2.42961571537547	0.0151148391662362	0.0818075392070145	36	0.481005033749366	0.273744073839831	4.48145346717175	1.33743461483608e-05	0.000106023832077502	2.41218843204633	LUAD
ZNF764	0.862580868385244	0.388367952912	0.740591499949948	21	0.153879150815139	2.62566827864227	2.42729904032273	0.0162274544705523	0.0524518991417472	-4.44015825729866	Non-Significant
ZNF765	-1.01219953981852	0.311442656200195	0.657354278663789	16	-0.0776040311437078	3.94309515759126	-1.11293103723368	0.26726755461357	0.390944486146548	-6.87360388562452	Non-Significant
ZNF768	0.28789972725248	0.773423495701336	0.95985577905212	70	-0.030795159213866	4.19434964968496	-0.387993667201461	0.698493227152517	0.785162613640305	-7.44591669182356	Non-Significant
ZNF77	-2.84418663209362	0.00445249592823587	0.0331133771255468	18	-0.299740914973616	2.48691540249412	-3.92057761215349	0.000126721406064676	0.000789078006486428	0.0492116104666698	LUSC
ZNF770	-2.55892601099957	0.0104996085548433	0.0614670961461382	30	-0.632010908313558	5.77813593374859	-8.12795124156855	7.71996431032114e-14	2.54099679104141e-12	20.4007983899799	LUSC
ZNF771	-1.28117551302343	0.200132024988148	0.509334735331053	9	-0.439027512937589	0.139912884358101	-4.42709894531933	1.67888396638882e-05	0.000130092415888018	2.20754117349632	LogFC Significant
ZNF772	0.330063854712057	0.741351713920243	0.950596578257884	17	0.0219687116291739	3.68478413024347	0.205943235609923	0.837075124104295	0.888459311373321	-7.44144720592619	Non-Significant
ZNF773	0.272107917579279	0.785539041823168	0.964747642801787	15	-0.0363970628534614	3.18122158360565	-0.400316414262863	0.689412724242732	0.778219650155669	-7.32492288806161	Non-Significant
ZNF774	1.47308606598694	0.140727830145889	0.407765487637727	12	0.159482455610129	2.13941906236584	1.41209972399535	0.159699935640784	0.30370362618773	-6.2939463840354	Non-Significant
ZNF775	-0.359245839442903	0.719411187337673	0.938646955278783	69	-0.251064913168408	3.26744192156706	-2.77368639472667	0.00614508947142952	0.0233166074746971	-3.64285294957726	LogFC Significant
ZNF776	-0.254671196377785	0.798977064807592	0.967654585810038	11	0.0597383301035706	4.83916532506484	0.900020997420306	0.369348418753312	0.499672027348355	-7.1913901207738	Non-Significant
ZNF777	-0.549803976959611	0.582453830618075	0.878053522433254	76	-0.282202198120278	3.54309854541957	-3.39695494979526	0.000843806683616606	0.00421373374902008	-1.8468157262299	LogFC Significant
ZNF778	3.27652217584953	0.00105094059345352	0.0203203906556375	24	0.494836629393375	2.48588898671933	5.6189827920055	7.46399931017037e-08	9.31142605779185e-07	7.20088471620979	LUAD
ZNF780A	3.17161195025637	0.00151595425205552	0.0217633093901877	23	0.307173024673891	4.48458977329131	3.41557867629005	0.000791548588343441	0.00398247394368641	-1.89200968337338	LUAD
ZNF780B	0.183734152542678	0.854222015130576	0.994553520833191	13	-0.101912570347983	4.35525328508454	-1.11612037095613	0.265903911084406	0.389543296946626	-6.91757152825061	Non-Significant
ZNF782	1.61235801856828	0.106884054760957	0.335348721812502	14	0.102249384223519	2.53883452459772	1.1162549455949	0.265846478263935	0.389470371766528	-6.71022609387688	Non-Significant
ZNF783	-0.549118221854694	0.58292432097238	0.878103553272722	49	-0.183154855082153	4.30349622157424	-2.04088297745875	0.0427675860858936	0.114738760196507	-5.46995403087018	Non-Significant
ZNF784	0.363946634744182	0.715897859693587	0.935798155660609	13	-0.0243505864108389	2.11729402763551	-0.32407674330278	0.746267726279754	0.822078630895861	-7.23129836594982	Non-Significant
ZNF785	0.740926674964525	0.458737900649457	0.784621554092086	48	0.151692533288662	2.80080736808132	1.67618549667102	0.0954910931973101	0.209654388766377	-5.96580345914787	Non-Significant
ZNF786	-0.788372437934449	0.430478887787933	0.767831636487575	30	-0.227757511809776	2.75735099766036	-2.77183872150685	0.00617857196609841	0.023427929438665	-3.59131784467581	LogFC Significant
ZNF787	-0.254663037424729	0.798983366995348	0.967654585810038	34	-0.0831910585678007	2.20617263840287	-0.709187679973795	0.479153685590703	0.60429796879569	-7.04258930769022	Non-Significant
ZNF789	-0.698866899536446	0.484635215157753	0.802762273414172	13	-0.116336408755909	3.79425125787101	-1.26071707500483	0.209092477735882	0.323115789184856	-6.68213246809914	Non-Significant
ZNF79	-0.025730697228441	0.97947213911036	0.999927879915109	21	-0.0601878693258339	2.71687281405681	-0.877265105777867	0.381547833138796	0.511727235368092	-6.96766145326301	Non-Significant
ZNF790	1.10710037549513	0.26825053322334	0.607590577680449	15	0.30354051867402	2.63064896620895	2.80258505296915	0.00564241474928783	0.0217021857091656	-3.49515881297365	LogFC Significant
ZNF791	-0.166227701018367	0.86797776044287	0.997652743542806	23	-0.114658363133613	5.12318858572103	-1.84533934446529	0.066681434588696	0.162429462923906	-5.93860189184047	Non-Significant
ZNF792	1.78360671677915	0.0744875934161811	0.262405416806477	46	0.425885673838804	3.10516255656052	4.6370635395265	6.89997520780976e-06	5.7996719264058e-05	2.76077149083542	LogFC Significant
ZNF793	0.85567509865685	0.392177517630953	0.743665248879089	15	-0.180554673925367	3.16629558633841	-1.20409293562903	0.230183045573231	0.348329094004997	-6.68006850275057	Non-Significant
ZNF799	3.20638821116894	0.00134412518848451	0.0217633093901877	67	0.39198131939443	2.26194413337812	5.25936906960907	4.18990766560436e-07	4.54891490232437e-06	5.54967189679093	LUAD
ZNF80	-0.0768942847627605	0.938707644185845	0.999927879915109	11	-0.261109712636751	-0.613623598072658	-1.34908468779508	0.179056271649951	0.30370362618773	-6.08290842425977	Non-Significant
ZNF805	-0.976000063246413	0.329064432991697	0.672873097196871	23	-0.173531820148565	2.50044258395156	-2.46472308476152	0.0146791806939622	0.0483317680590543	-4.3376083167261	LogFC Significant
ZNF808	0.624111724741222	0.532554214420307	0.847360429917573	23	0.149912127118582	3.5878158483215	1.7549297070505	0.0810248823168412	0.185413147527759	-5.92150726623926	Non-Significant
ZNF81	-1.74848006198229	0.0803809350978263	0.27590584218194	12	-0.0531718799667361	3.78250217904973	-0.684471936516033	0.494584514827394	0.6168184800134	-7.2393733216706	Non-Significant
ZNF813	-0.534379246660858	0.593079174443118	0.88411505737326	8	0.102230505423919	3.15542724869639	0.905369845634565	0.366516799352432	0.496813941639592	-6.99251283168735	Non-Significant
ZNF814	-0.468617009321289	0.639343417037862	0.900834399948193	15	-0.0150824951053821	3.42300118669642	-0.171636711831306	0.863921857434181	0.907096559041675	-7.41800131206243	Non-Significant
ZNF816	1.36115182162144	0.173465715841858	0.468801019394955	19	0.25842359915375	3.68557280822339	2.72667460482475	0.00705028564702699	0.026165913167137	-3.81359549063525	LogFC Significant
ZNF821	0.429952276493379	0.667230356923935	0.910985229726263	7	0.113687493329716	2.36643918597567	1.55468166760196	0.121832186360643	0.252805636959086	-6.11048629643034	Non-Significant
ZNF823	0.613550452020073	0.539512433870475	0.851014114070632	12	0.169566206922788	2.75685637868566	2.00361207859412	0.0466576334419429	0.122965627477041	-5.36899779946085	Non-Significant
ZNF826P	2.44165081864697	0.0146202800756166	0.0797792215985905	39	0.8598697925936	-0.390709286275294	3.90255817010519	0.000135716850371434	0.00083893193002925	0.273711159572863	LUAD
ZNF827	0.272322975783776	0.785373691444266	0.964747642801787	16	0.0384615526100613	4.91048636543275	0.463479120600811	0.643598068014597	0.743963685694713	-7.49753389228155	Non-Significant
ZNF829	0.539954992864909	0.589228071349312	0.882886835895205	23	0.0626060521718252	2.06065310267981	0.421387667293046	0.673990193079049	0.766508693121323	-7.18855560478895	Non-Significant
ZNF83	0.606979381329197	0.543864595595186	0.852113585466798	36	0.270017300292721	5.97276110936188	2.54966564109593	0.0116423615681071	0.0398636812447914	-4.53059619137236	LogFC Significant
ZNF835	1.99662888060173	0.0458655131098964	0.185307747132137	28	0.990988769805149	-1.34117890927761	4.44680843509252	1.54636916697522e-05	0.000120799111806418	2.40703047732201	LUAD
ZNF836	0.448755836751621	0.653607800318364	0.903887371239169	12	-0.0667427883756086	2.78829421607925	-0.868574736081591	0.386271801937473	0.516459195213398	-6.98334197697118	Non-Significant
ZNF837	-0.273369757949021	0.784568997374	0.964747642801787	28	-0.106732668504364	-2.59790205235833	-0.530043351915169	0.596755102856758	0.705147690970858	-6.66808194371788	Non-Significant
ZNF84	0.00836987473761876	0.99332188414344	0.999927879915109	17	0.0831656909563735	5.76713288189881	1.17949459745996	0.239805536188696	0.35933756925993	-7.01323092404961	Non-Significant
ZNF840P	-0.274629079864016	0.783601222552462	0.964747642801787	7	-0.817893602712351	-4.85958561746119	-3.11165800084873	0.0021737377560191	0.00955948660036194	-2.05255234301884	LogFC Significant
ZNF841	-0.0457455140816175	0.963513086767568	0.999927879915109	23	0.0411355928368045	4.78994892592223	0.488099484601969	0.626091617253828	0.729596675649307	-7.47154363599256	Non-Significant
ZNF844	2.9845767566483	0.00283970945053173	0.0264506647464722	43	0.598162572858209	3.6449019617128	4.71524219391612	4.91857312858854e-06	4.26818745261522e-05	3.02932478918046	LUAD
ZNF845	-0.342966872919215	0.731623381905518	0.944000333641141	18	-0.235635572457108	4.08657438255937	-3.14445701269822	0.00195588917770698	0.00874504671793316	-2.6870879577173	LogFC Significant
ZNF846	1.27312459889016	0.202973831259368	0.51188725605019	8	-0.140238346352589	3.02202549992391	-1.4910680015043	0.137747623507133	0.277623002605512	-6.28028146809942	Non-Significant
ZNF85	0.599365304301554	0.548929308467554	0.853134714708086	17	0.363497796645215	2.62468722853	2.88711512724997	0.00437930812137798	0.017476705596772	-3.2643572152557	LogFC Significant
ZNF850	-0.901074026401749	0.36754896179156	0.719319897209375	7	-0.412003211639943	1.9420174562473	-2.84576830939569	0.0049607358652402	0.0194402776464084	-3.30264138202149	LogFC Significant
ZNF852	2.96348039419546	0.00304181438497451	0.0273899698880216	65	0.369765312296945	2.1265730690596	4.31993993736243	2.61314264146809e-05	0.000193724324670375	1.58789861902813	LUAD
ZNF853	-0.487597313385327	0.62583509892077	0.894431942087478	11	-0.0763626292894842	2.78058193601434	-0.480349354509831	0.631580122989547	0.733992283799527	-7.24402253266975	Non-Significant
ZNF860	3.17134231659248	0.00151736220847922	0.0217633093901877	25	0.643294190506465	1.99650688792895	5.21379815708787	5.18574291489321e-07	5.51592211470016e-06	5.36979275720508	LUAD
ZNF865	-0.270706288424928	0.786616939884772	0.964891151672952	36	-0.119784769982163	1.76798303216921	-1.13044502364203	0.259838828238753	0.382607749689137	-6.60693837357191	Non-Significant
ZNF875	0.492876390222594	0.622099930460177	0.893719325400208	18	0.0260437187130748	5.19322870614101	0.34702419502928	0.728990946760261	0.808993051359933	-7.5785435294254	Non-Significant
ZNF876P	1.48855632999731	0.136604238417661	0.399274105884516	20	0.686373596673133	0.191650609801135	4.42875210779794	1.66736248071434e-05	0.000129239005626245	2.20937617047488	LogFC Significant
ZNF878	0.718258155460372	0.472598125870924	0.794123043304449	17	0.175805313606268	-1.73722095046187	0.747799534820307	0.455586823604488	0.583669971494801	-6.60372775076988	Non-Significant
ZNF879	1.3365132321319	0.181381578443283	0.47859948687794	17	0.234496173836233	2.02349797823905	1.68461758611589	0.0938485836739031	0.206878315232639	-5.86425645244523	Non-Significant
ZNF880	1.81261699452565	0.0698909148016664	0.250767982808586	31	0.637646824785905	3.11441366808416	4.13467995584986	5.51162030394805e-05	0.000376007924368817	0.772370179785733	LogFC Significant
ZNF883	-0.0627880275902103	0.949935299656841	0.999927879915109	13	-0.234298240208688	0.994592326504014	-1.06200176806926	0.289701227030787	0.416139354655995	-6.5943442750754	Non-Significant
ZNF888	1.24221781156677	0.214156209669808	0.527187096356265	12	0.139487318875227	-1.18385501660401	0.959184582616229	0.338791780247223	0.468446240140758	-6.47466291114119	Non-Significant
ZNF891	0.0644081503294792	0.948645240479374	0.999927879915109	16	0.0193803157491628	2.02913569203446	0.199071100169325	0.842438698464276	0.892123857696936	-7.25395501112631	Non-Significant
ZNF90	2.01774604260907	0.0436177169665165	0.179476179649109	23	0.944745120975769	0.849488103089294	3.96824768799776	0.000105577173326569	0.000671298268386326	0.392902291523503	LUAD
ZNF91	2.1212765434207	0.0338985371304328	0.147653497956419	29	0.526667239115846	4.72808341885237	4.89265154943322	2.24853198325839e-06	2.0990423500291e-05	3.66677814753428	LUAD
ZNF92	0.439708761957058	0.660148055742752	0.906687616916173	11	0.182415491144389	4.52407040013849	1.99283205922198	0.0478372831425596	0.125431441747425	-5.59035410514064	Non-Significant
ZNF93	0.524646025942813	0.599829284714677	0.887588212017002	21	0.0648511411810276	2.6855725058486	0.442222056641098	0.658875672845794	0.756134122231461	-7.25079695531924	Non-Significant
ZNF98	-0.748633338774129	0.454078232185839	0.780781164987677	10	-0.230587895272083	-4.31314726183095	-0.659904608380066	0.510184379452381	0.62966874442915	-6.4884367437092	Non-Significant
ZNF99	-0.0737160155495622	0.941236354895884	0.999927879915109	5	0.192472899271916	-4.71134832477155	0.646615300434687	0.518729825382411	0.637432646568688	-6.5049268110817	Non-Significant
ZSCAN1	-0.0430838087340934	0.965634726072954	0.999927879915109	7	0.335539076921696	-4.08305299410626	1.21330473310614	0.226651765079013	0.343962354770531	-5.98227092535762	Non-Significant
ZSCAN10	-1.1571005832869	0.247231268405263	0.584047514067962	4	-0.361544726923172	-6.25283810466904	-2.19569053984322	0.0294322798540971	0.0851347767539554	-5.0403610369483	Non-Significant
ZSCAN12	-0.787246736166552	0.431137443135382	0.767831636487575	4	-0.13964451771802	3.97174959541966	-1.76307106701749	0.0796374391921765	0.18330984442634	-5.95102733406211	Non-Significant
ZSCAN16	3.4560128455713	0.000548229193932151	0.0193395427209346	130	0.84617970916407	2.48861934394167	8.88322752803615	7.74924106045465e-16	3.49581454434659e-14	25.248569892932	LUAD
ZSCAN18	0.482199966028768	0.62966390098063	0.896484184774363	28	0.217309706071956	3.75907422349746	1.38942009418058	0.166473889488005	0.30370362618773	-6.50885723318733	Non-Significant
ZSCAN2	2.81806757656604	0.00483136402932529	0.0347719676375813	23	0.398368496339372	3.33282562842691	5.1007370096558	8.75445870166414e-07	8.89002964463942e-06	4.72756780190096	LUAD
ZSCAN20	-0.37176046861935	0.71007119894209	0.934733388807095	5	0.0166576428812225	2.4489001404356	0.22075059287287	0.825544496072014	0.88014049918258	-7.29729333088105	Non-Significant
ZSCAN21	-1.01794194937792	0.30870554437267	0.654455415327584	22	-0.219494723723521	2.35436695749893	-3.2421426133536	0.00142105910188978	0.00662440577672803	-2.20116312394772	LogFC Significant
ZSCAN22	-0.273955485524954	0.784118830739613	0.964747642801787	10	0.111767442401312	2.51327330408049	1.69384209382237	0.0920779709126136	0.203797521927341	-5.90408305860158	Non-Significant
ZSCAN23	-0.00574707391301007	0.995414523697205	0.999927879915109	6	-0.0345980613394889	0.66726247048428	-0.170042779602472	0.865173310957548	0.908017100162644	-7.10531411105817	Non-Significant
ZSCAN25	0.514504973648623	0.606898983952855	0.89210754939565	27	-0.121715713699981	4.37451000147873	-1.8521157152547	0.0656971668034355	0.160778436491108	-5.8387707223879	Non-Significant
ZSCAN26	0.700410893707505	0.483670735000377	0.802762273414172	14	-0.029446501210502	4.44561301485707	-0.442949301854919	0.658350569952727	0.755744324622449	-7.45222718043785	Non-Significant
ZSCAN29	-0.577350103162502	0.563702973784618	0.864057688060697	19	-0.0758441146405103	5.17289079177357	-1.164946549842	0.245629359687734	0.366102211331538	-6.95826414876001	Non-Significant
ZSCAN30	1.65188452291277	0.0985580937447584	0.318687040643277	35	0.243536440411471	4.7613120424009	3.0746401963623	0.0024464354922506	0.0105948354432905	-2.96997537227927	LogFC Significant
ZSCAN31	1.76591193211595	0.0774106250463378	0.2684637911797	24	0.433161305543524	4.3742548863519	2.52366327594583	0.0125061211134436	0.0423287458555282	-4.40542016798588	LogFC Significant
ZSCAN32	0.601727776018428	0.547355357758401	0.852878655661668	22	0.0388057518451654	4.36457630313824	0.690880520020179	0.490557872975565	0.613631463230939	-7.30209334247219	Non-Significant
ZSCAN4	1.18831484520709	0.234709391198967	0.563078204931332	9	0.388222887706431	-2.80103844448901	0.972384420563854	0.332204179841234	0.461519654237224	-6.32255934704402	Non-Significant
ZSCAN5A	-0.164542919614664	0.869303762186257	0.998034279285308	8	-0.532925307473834	1.64096468971257	-6.72060804177523	2.46484874148458e-10	4.7117315198792e-09	12.8541138180703	LogFC Significant
ZSCAN5B	-0.754127613468459	0.450772597889477	0.778476589391311	5	-0.721258353981917	-5.47910803025067	-3.45046502515555	0.00070171457623974	0.00358148926043485	-1.15696890259083	LogFC Significant
ZSCAN5C	-0.0476455027033801	0.961998767272883	0.999927879915109	3	-0.25970350962203	-5.12739793877887	-1.25498650731912	0.211160410899801	0.325569890590452	-5.98247216311355	Non-Significant
ZSCAN5DP	-0.589140250083625	0.555767194690982	0.85714866390778	2	-0.451257063136585	-5.9573035623333	-2.36018816858894	0.0193693369496131	0.0607212962061368	-4.4384167610077	Non-Significant
ZSCAN9	1.82595702692865	0.067856735126147	0.245065331175006	19	0.386734130728848	4.4375288177117	5.24923608728725	4.39382270003262e-07	4.75609576502574e-06	5.27870620931488	LogFC Significant
ZXDA	0.125585597769207	0.900059964000787	0.999927879915109	17	-0.0316458356954399	3.04353320513469	-0.451071090230572	0.652497878343374	0.750978378245786	-7.28760924367801	Non-Significant
ZXDB	0.214810657674075	0.82991494324166	0.977505769565311	19	0.0607256485842112	4.28668054557914	0.930354326478701	0.353471871419256	0.483710357645294	-7.09911556709595	Non-Significant
ZXDC	-3.0328473305285	0.00242258128314634	0.0249463754695274	58	-0.444238213510129	4.97056640038943	-6.4221175562797	1.22950547828141e-09	2.0903647099174e-08	10.9569844936467	LUSC
