system	sample_id	sample_slug	TF	TF_role	motif_test_status	motif_token	q_value	log2_odds_ratio	motif_enriched_q1e-5
patient	TCGA-44-3918	TCGA-44-3918	CEBPA	LUAD_LINEAGE_POSITIVE_CONTROL	TESTED	JASPAR2024|000234|MA0102.5	0.5879	0.03884429762164916	FALSE
patient	TCGA-44-3918	TCGA-44-3918	CEBPB	LUAD_LINEAGE_POSITIVE_CONTROL	TESTED	JASPAR2024|000235|MA0466.4	0.0	0.46322531154467655	TRUE
patient	TCGA-44-3918	TCGA-44-3918	CREB3L2	LUAD_HC_TF	TESTED	JASPAR2024|000025|MA0608.1	0.2036	0.08695947921297578	FALSE
patient	TCGA-44-3918	TCGA-44-3918	E2F5	LUAD_HC_TF	TESTED	CIS-BP2.00|000940|M08109_2.00	1.0	-0.05885279545824771	FALSE
patient	TCGA-44-3918	TCGA-44-3918	ELF3	LUAD_HC_TF_AND_LINEAGE_POSITIVE_CONTROL	TESTED	JASPAR2024|000276|MA0640.3	1.0	0.027028689957204213	FALSE
patient	TCGA-44-3918	TCGA-44-3918	ETV1	LUAD_HC_TF	TESTED	JASPAR2024|000311|MA0761.3	0.3047	0.5206001998933789	FALSE
patient	TCGA-44-3918	TCGA-44-3918	FOXA1	LUAD_LINEAGE_POSITIVE_CONTROL	TESTED	JASPAR2024|000356|MA0148.5	1.0	-0.023446826419971985	FALSE
patient	TCGA-44-3918	TCGA-44-3918	FOXA2	LUAD_LINEAGE_POSITIVE_CONTROL	TESTED	JASPAR2024|000357|MA0047.4	1.0	-0.012334135638520873	FALSE
patient	TCGA-44-3918	TCGA-44-3918	FOXA3	LUAD_HC_TF	TESTED	JASPAR2024|000358|MA1683.2	1.0	-0.027225317442143286	FALSE
patient	TCGA-44-3918	TCGA-44-3918	FOXD2	LUAD_HC_TF	TESTED	JASPAR2024|000361|MA0847.4	0.0308	0.13721602035337205	FALSE
patient	TCGA-44-3918	TCGA-44-3918	GATA6	LUAD_LINEAGE_POSITIVE_CONTROL	TESTED	JASPAR2024|000382|MA1104.3	1.0	-0.10148205740526936	FALSE
patient	TCGA-44-3918	TCGA-44-3918	HNF4A	LUAD_LINEAGE_POSITIVE_CONTROL	TESTED	JASPAR2024|000409|MA1494.2	0.7887	0.01984389098903257	FALSE
patient	TCGA-44-3918	TCGA-44-3918	NFATC4	LUAD_HC_TF	TESTED	JASPAR2024|000506|MA1525.3	0.2614	0.08361379766747148	FALSE
patient	TCGA-44-3918	TCGA-44-3918	NKX2-1	LUAD_LINEAGE_POSITIVE_CONTROL	TESTED	JASPAR2024|000822|MA1994.2	0.6191	0.07690165325639757	FALSE
patient	TCGA-44-3918	TCGA-44-3918	NR3C2	LUAD_HC_TF	TESTED	JASPAR2024|000539|MA0727.2	0.3594	0.10815235738570249	FALSE
patient	TCGA-44-3918	TCGA-44-3918	XBP1	LUAD_HC_TF	TESTED	JASPAR2024|000675|MA0844.2	0.0308	0.13505966420273277	FALSE
patient	TCGA-44-3918	TCGA-44-3918	ZBTB18	LUAD_HC_TF	TESTED	JASPAR2024|000681|MA0698.2	1.0	-0.032868378141303424	FALSE
patient	TCGA-44-3918	TCGA-44-3918	ZNF141	LUAD_HC_TF	TESTED	CIS-BP2.00|000653|M07586_2.00	0.7059	0.009637134390798741	FALSE
patient	TCGA-44-3918	TCGA-44-3918	ZNF19	LUAD_HC_TF	TESTED	CIS-BP2.00|000670|M07603_2.00	0.0837	0.8843683588621011	FALSE
patient	TCGA-44-3918	TCGA-44-3918	ZNF254	LUAD_HC_TF	TESTED	CIS-BP2.00|000827|M07760_2.00	1.0	-0.11919549933483492	FALSE
patient	TCGA-44-3918	TCGA-44-3918	ZNF281	LUAD_HC_TF	TESTED	JASPAR2024|000706|MA1630.3	1.0	-0.0801170875716619	FALSE
patient	TCGA-44-3918	TCGA-44-3918	ZNF33A	LUAD_HC_TF	TESTED	CIS-BP2.00|000762|M07695_2.00	0.1151	0.13811517391516331	FALSE
patient	TCGA-44-3918	TCGA-44-3918	ZNF33B	LUAD_HC_TF	TESTED	CIS-BP2.00|000777|M07710_2.00	0.8064	-0.0001342979133356905	FALSE
patient	TCGA-44-3918	TCGA-44-3918	ZNF341	LUAD_HC_TF	TESTED	JASPAR2024|000712|MA1655.2	1.0	-0.5478714548064151	FALSE
patient	TCGA-44-3918	TCGA-44-3918	ZNF444	LUAD_HC_TF	TESTED	CIS-BP2.00|000420|M04529_2.00	0.0028	0.16927164659887287	FALSE
patient	TCGA-44-3918	TCGA-44-3918	ZNF540	LUAD_HC_TF	TESTED	CIS-BP2.00|000701|M07634_2.00	0.8973	-0.012883637966851838	FALSE
patient	TCGA-44-3918	TCGA-44-3918	ZNF75D	LUAD_HC_TF	TESTED	JASPAR2024|000169|MA1601.2	0.3047	0.07438630616040702	FALSE
patient	TCGA-44-6146	TCGA-44-6146	CEBPA	LUAD_LINEAGE_POSITIVE_CONTROL	TESTED	JASPAR2024|000234|MA0102.5	0.4124	0.05373414891784334	FALSE
patient	TCGA-44-6146	TCGA-44-6146	CEBPB	LUAD_LINEAGE_POSITIVE_CONTROL	TESTED	JASPAR2024|000235|MA0466.4	0.0	0.44887239768392595	TRUE
patient	TCGA-44-6146	TCGA-44-6146	CREB3L2	LUAD_HC_TF	TESTED	JASPAR2024|000025|MA0608.1	0.1819	0.07839778877863963	FALSE
patient	TCGA-44-6146	TCGA-44-6146	E2F5	LUAD_HC_TF	TESTED	CIS-BP2.00|000940|M08109_2.00	0.5469	0.029624194786044823	FALSE
patient	TCGA-44-6146	TCGA-44-6146	ELF3	LUAD_HC_TF_AND_LINEAGE_POSITIVE_CONTROL	TESTED	JASPAR2024|000276|MA0640.3	0.1819	0.6175165945065354	FALSE
patient	TCGA-44-6146	TCGA-44-6146	ETV1	LUAD_HC_TF	TESTED	JASPAR2024|000311|MA0761.3	0.0702	0.7838116911711022	FALSE
patient	TCGA-44-6146	TCGA-44-6146	FOXA1	LUAD_LINEAGE_POSITIVE_CONTROL	TESTED	JASPAR2024|000356|MA0148.5	0.9509	-0.02922814851163815	FALSE
patient	TCGA-44-6146	TCGA-44-6146	FOXA2	LUAD_LINEAGE_POSITIVE_CONTROL	TESTED	JASPAR2024|000357|MA0047.4	0.546	0.027722946564663883	FALSE
patient	TCGA-44-6146	TCGA-44-6146	FOXA3	LUAD_HC_TF	TESTED	JASPAR2024|000358|MA1683.2	0.6222	0.019668070106688182	FALSE
patient	TCGA-44-6146	TCGA-44-6146	FOXD2	LUAD_HC_TF	TESTED	JASPAR2024|000361|MA0847.4	0.1638	0.08794687480493232	FALSE
patient	TCGA-44-6146	TCGA-44-6146	GATA6	LUAD_LINEAGE_POSITIVE_CONTROL	TESTED	JASPAR2024|000382|MA1104.3	0.9937	-0.09850897457782437	FALSE
patient	TCGA-44-6146	TCGA-44-6146	HNF4A	LUAD_LINEAGE_POSITIVE_CONTROL	TESTED	JASPAR2024|000409|MA1494.2	0.4124	0.07551684028750262	FALSE
patient	TCGA-44-6146	TCGA-44-6146	NFATC4	LUAD_HC_TF	TESTED	JASPAR2024|000506|MA1525.3	0.0702	0.12862601963132203	FALSE
patient	TCGA-44-6146	TCGA-44-6146	NKX2-1	LUAD_LINEAGE_POSITIVE_CONTROL	TESTED	JASPAR2024|000822|MA1994.2	0.9937	-0.10074921917414496	FALSE
patient	TCGA-44-6146	TCGA-44-6146	NR3C2	LUAD_HC_TF	TESTED	JASPAR2024|000539|MA0727.2	0.4124	0.09108044818563449	FALSE
patient	TCGA-44-6146	TCGA-44-6146	XBP1	LUAD_HC_TF	TESTED	JASPAR2024|000675|MA0844.2	0.0702	0.11323658245165495	FALSE
patient	TCGA-44-6146	TCGA-44-6146	ZBTB18	LUAD_HC_TF	TESTED	JASPAR2024|000681|MA0698.2	0.9937	-0.06975783172931367	FALSE
patient	TCGA-44-6146	TCGA-44-6146	ZNF141	LUAD_HC_TF	TESTED	CIS-BP2.00|000653|M07586_2.00	0.1318	0.08589739663438226	FALSE
patient	TCGA-44-6146	TCGA-44-6146	ZNF19	LUAD_HC_TF	TESTED	CIS-BP2.00|000670|M07603_2.00	0.216	0.42542806505416686	FALSE
patient	TCGA-44-6146	TCGA-44-6146	ZNF254	LUAD_HC_TF	TESTED	CIS-BP2.00|000827|M07760_2.00	1.0	-0.141723165387333	FALSE
patient	TCGA-44-6146	TCGA-44-6146	ZNF281	LUAD_HC_TF	TESTED	JASPAR2024|000706|MA1630.3	0.9937	-0.07847100084913279	FALSE
patient	TCGA-44-6146	TCGA-44-6146	ZNF33A	LUAD_HC_TF	TESTED	CIS-BP2.00|000762|M07695_2.00	0.1154	0.1491768913374421	FALSE
patient	TCGA-44-6146	TCGA-44-6146	ZNF33B	LUAD_HC_TF	TESTED	CIS-BP2.00|000777|M07710_2.00	0.2951	0.04898823497838044	FALSE
patient	TCGA-44-6146	TCGA-44-6146	ZNF341	LUAD_HC_TF	TESTED	JASPAR2024|000712|MA1655.2	0.4609	0.23253383348101128	FALSE
patient	TCGA-44-6146	TCGA-44-6146	ZNF444	LUAD_HC_TF	TESTED	CIS-BP2.00|000420|M04529_2.00	0.0004	0.19638653552815855	FALSE
patient	TCGA-44-6146	TCGA-44-6146	ZNF540	LUAD_HC_TF	TESTED	CIS-BP2.00|000701|M07634_2.00	0.7045	0.0070291137855549145	FALSE
patient	TCGA-44-6146	TCGA-44-6146	ZNF75D	LUAD_HC_TF	TESTED	JASPAR2024|000169|MA1601.2	0.835	-0.008107790711874714	FALSE
patient	TCGA-44-A47F	TCGA-44-A47F	CEBPA	LUAD_LINEAGE_POSITIVE_CONTROL	TESTED	JASPAR2024|000234|MA0102.5	0.872	-0.011577612033424743	FALSE
patient	TCGA-44-A47F	TCGA-44-A47F	CEBPB	LUAD_LINEAGE_POSITIVE_CONTROL	TESTED	JASPAR2024|000235|MA0466.4	0.0	0.45532706170698295	TRUE
patient	TCGA-44-A47F	TCGA-44-A47F	CREB3L2	LUAD_HC_TF	TESTED	JASPAR2024|000025|MA0608.1	0.4055	0.06500518911446941	FALSE
patient	TCGA-44-A47F	TCGA-44-A47F	E2F5	LUAD_HC_TF	TESTED	CIS-BP2.00|000940|M08109_2.00	0.8838	-0.037841472060734085	FALSE
patient	TCGA-44-A47F	TCGA-44-A47F	ELF3	LUAD_HC_TF_AND_LINEAGE_POSITIVE_CONTROL	TESTED	JASPAR2024|000276|MA0640.3	0.0252	2.0630672089672304	FALSE
patient	TCGA-44-A47F	TCGA-44-A47F	ETV1	LUAD_HC_TF	TESTED	JASPAR2024|000311|MA0761.3	0.4919	0.4081436871868585	FALSE
patient	TCGA-44-A47F	TCGA-44-A47F	FOXA1	LUAD_LINEAGE_POSITIVE_CONTROL	TESTED	JASPAR2024|000356|MA0148.5	0.7475	0.0157321047264228	FALSE
patient	TCGA-44-A47F	TCGA-44-A47F	FOXA2	LUAD_LINEAGE_POSITIVE_CONTROL	TESTED	JASPAR2024|000357|MA0047.4	0.872	-0.01116314952982306	FALSE
patient	TCGA-44-A47F	TCGA-44-A47F	FOXA3	LUAD_HC_TF	TESTED	JASPAR2024|000358|MA1683.2	0.935	-0.06771462743911136	FALSE
patient	TCGA-44-A47F	TCGA-44-A47F	FOXD2	LUAD_HC_TF	TESTED	JASPAR2024|000361|MA0847.4	0.4136	0.061225213232714494	FALSE
patient	TCGA-44-A47F	TCGA-44-A47F	GATA6	LUAD_LINEAGE_POSITIVE_CONTROL	TESTED	JASPAR2024|000382|MA1104.3	1.0	-0.13041089027817795	FALSE
patient	TCGA-44-A47F	TCGA-44-A47F	HNF4A	LUAD_LINEAGE_POSITIVE_CONTROL	TESTED	JASPAR2024|000410|MA0114.5	0.467	0.15253759466026287	FALSE
patient	TCGA-44-A47F	TCGA-44-A47F	NFATC4	LUAD_HC_TF	TESTED	JASPAR2024|000506|MA1525.3	0.2728	0.08910961005745036	FALSE
patient	TCGA-44-A47F	TCGA-44-A47F	NKX2-1	LUAD_LINEAGE_POSITIVE_CONTROL	TESTED	JASPAR2024|000822|MA1994.2	0.6731	0.07268097794925579	FALSE
patient	TCGA-44-A47F	TCGA-44-A47F	NR3C2	LUAD_HC_TF	TESTED	JASPAR2024|000539|MA0727.2	0.872	-0.0077606810696119	FALSE
patient	TCGA-44-A47F	TCGA-44-A47F	XBP1	LUAD_HC_TF	TESTED	JASPAR2024|000675|MA0844.2	0.0014	0.17823454507771241	FALSE
patient	TCGA-44-A47F	TCGA-44-A47F	ZBTB18	LUAD_HC_TF	TESTED	JASPAR2024|000681|MA0698.2	0.872	-0.01442172582490682	FALSE
patient	TCGA-44-A47F	TCGA-44-A47F	ZNF141	LUAD_HC_TF	TESTED	CIS-BP2.00|000653|M07586_2.00	0.1872	0.08051146269498706	FALSE
patient	TCGA-44-A47F	TCGA-44-A47F	ZNF19	LUAD_HC_TF	TESTED	CIS-BP2.00|000670|M07603_2.00	0.4569	-0.23939968820502283	FALSE
patient	TCGA-44-A47F	TCGA-44-A47F	ZNF254	LUAD_HC_TF	TESTED	CIS-BP2.00|000827|M07760_2.00	1.0	-0.34515409610133807	FALSE
patient	TCGA-44-A47F	TCGA-44-A47F	ZNF281	LUAD_HC_TF	TESTED	JASPAR2024|000706|MA1630.3	0.6731	0.029114011929784692	FALSE
patient	TCGA-44-A47F	TCGA-44-A47F	ZNF33A	LUAD_HC_TF	TESTED	CIS-BP2.00|000762|M07695_2.00	0.5882	0.014346820483711619	FALSE
patient	TCGA-44-A47F	TCGA-44-A47F	ZNF33B	LUAD_HC_TF	TESTED	CIS-BP2.00|000777|M07710_2.00	0.952	-0.040290354897693406	FALSE
patient	TCGA-44-A47F	TCGA-44-A47F	ZNF341	LUAD_HC_TF	TESTED	JASPAR2024|000712|MA1655.2	1.0	-0.5216432477315116	FALSE
patient	TCGA-44-A47F	TCGA-44-A47F	ZNF444	LUAD_HC_TF	TESTED	CIS-BP2.00|000420|M04529_2.00	0.0	0.23203801073657768	TRUE
patient	TCGA-44-A47F	TCGA-44-A47F	ZNF540	LUAD_HC_TF	TESTED	CIS-BP2.00|000701|M07634_2.00	1.0	-0.09466883721653147	FALSE
patient	TCGA-44-A47F	TCGA-44-A47F	ZNF75D	LUAD_HC_TF	TESTED	JASPAR2024|000169|MA1601.2	0.5312	0.04243685964075789	FALSE
patient	TCGA-49-AARO	TCGA-49-AARO	CEBPA	LUAD_LINEAGE_POSITIVE_CONTROL	TESTED	JASPAR2024|000234|MA0102.5	0.3801	0.0481771861052525	FALSE
patient	TCGA-49-AARO	TCGA-49-AARO	CEBPB	LUAD_LINEAGE_POSITIVE_CONTROL	TESTED	JASPAR2024|000235|MA0466.4	0.0118	0.27276381825774837	FALSE
patient	TCGA-49-AARO	TCGA-49-AARO	CREB3L2	LUAD_HC_TF	TESTED	JASPAR2024|000025|MA0608.1	0.0002	0.20593454461934796	FALSE
patient	TCGA-49-AARO	TCGA-49-AARO	E2F5	LUAD_HC_TF	TESTED	CIS-BP2.00|000940|M08109_2.00	1.0	-0.04474841516452607	FALSE
patient	TCGA-49-AARO	TCGA-49-AARO	ELF3	LUAD_HC_TF_AND_LINEAGE_POSITIVE_CONTROL	TESTED	JASPAR2024|000276|MA0640.3	0.1183	0.9274382345613118	FALSE
patient	TCGA-49-AARO	TCGA-49-AARO	ETV1	LUAD_HC_TF	TESTED	JASPAR2024|000311|MA0761.3	0.1349	0.5614216765597702	FALSE
patient	TCGA-49-AARO	TCGA-49-AARO	FOXA1	LUAD_LINEAGE_POSITIVE_CONTROL	TESTED	JASPAR2024|000356|MA0148.5	0.3743	0.06135835386740883	FALSE
patient	TCGA-49-AARO	TCGA-49-AARO	FOXA2	LUAD_LINEAGE_POSITIVE_CONTROL	TESTED	JASPAR2024|000357|MA0047.4	0.4773	0.020902537757270037	FALSE
patient	TCGA-49-AARO	TCGA-49-AARO	FOXA3	LUAD_HC_TF	TESTED	JASPAR2024|000358|MA1683.2	0.4693	0.03795884371078401	FALSE
patient	TCGA-49-AARO	TCGA-49-AARO	FOXD2	LUAD_HC_TF	TESTED	JASPAR2024|000361|MA0847.4	0.0041	0.16173875202254162	FALSE
patient	TCGA-49-AARO	TCGA-49-AARO	GATA6	LUAD_LINEAGE_POSITIVE_CONTROL	TESTED	JASPAR2024|000382|MA1104.3	0.9098	-0.06849374478495665	FALSE
patient	TCGA-49-AARO	TCGA-49-AARO	HNF4A	LUAD_LINEAGE_POSITIVE_CONTROL	TESTED	JASPAR2024|000409|MA1494.2	0.4693	0.03644877434006809	FALSE
patient	TCGA-49-AARO	TCGA-49-AARO	NFATC4	LUAD_HC_TF	TESTED	JASPAR2024|000506|MA1525.3	0.1349	0.0939594173466177	FALSE
patient	TCGA-49-AARO	TCGA-49-AARO	NKX2-1	LUAD_LINEAGE_POSITIVE_CONTROL	TESTED	JASPAR2024|000822|MA1994.2	0.3964	0.0806428686965273	FALSE
patient	TCGA-49-AARO	TCGA-49-AARO	NR3C2	LUAD_HC_TF	TESTED	JASPAR2024|000539|MA0727.2	0.3801	0.09012423098401075	FALSE
patient	TCGA-49-AARO	TCGA-49-AARO	XBP1	LUAD_HC_TF	TESTED	JASPAR2024|000675|MA0844.2	0.0024	0.17018807017683343	FALSE
patient	TCGA-49-AARO	TCGA-49-AARO	ZBTB18	LUAD_HC_TF	TESTED	JASPAR2024|000681|MA0698.2	0.3801	0.0398883331160532	FALSE
patient	TCGA-49-AARO	TCGA-49-AARO	ZNF141	LUAD_HC_TF	TESTED	CIS-BP2.00|000653|M07586_2.00	0.4389	0.06237002443362352	FALSE
patient	TCGA-49-AARO	TCGA-49-AARO	ZNF19	LUAD_HC_TF	TESTED	CIS-BP2.00|000670|M07603_2.00	0.5243	0.8780540076104515	FALSE
patient	TCGA-49-AARO	TCGA-49-AARO	ZNF254	LUAD_HC_TF	TESTED	CIS-BP2.00|000827|M07760_2.00	1.0	-0.18602231182843773	FALSE
patient	TCGA-49-AARO	TCGA-49-AARO	ZNF281	LUAD_HC_TF	TESTED	JASPAR2024|000706|MA1630.3	0.7926	-0.035316050379396745	FALSE
patient	TCGA-49-AARO	TCGA-49-AARO	ZNF33A	LUAD_HC_TF	TESTED	CIS-BP2.00|000762|M07695_2.00	0.3516	0.13387695777193034	FALSE
patient	TCGA-49-AARO	TCGA-49-AARO	ZNF33B	LUAD_HC_TF	TESTED	CIS-BP2.00|000777|M07710_2.00	0.8996	0.008201961368456627	FALSE
patient	TCGA-49-AARO	TCGA-49-AARO	ZNF341	LUAD_HC_TF	TESTED	JASPAR2024|000712|MA1655.2	0.1939	2.3677252928774735	FALSE
patient	TCGA-49-AARO	TCGA-49-AARO	ZNF444	LUAD_HC_TF	TESTED	CIS-BP2.00|000420|M04529_2.00	0.0	0.2335528052418312	TRUE
patient	TCGA-49-AARO	TCGA-49-AARO	ZNF540	LUAD_HC_TF	TESTED	CIS-BP2.00|000701|M07634_2.00	1.0	-0.04936283962825949	FALSE
patient	TCGA-49-AARO	TCGA-49-AARO	ZNF75D	LUAD_HC_TF	TESTED	JASPAR2024|000169|MA1601.2	0.7313	-0.01634625709020972	FALSE
patient	TCGA-4B-A93V	TCGA-4B-A93V	CEBPA	LUAD_LINEAGE_POSITIVE_CONTROL	TESTED	JASPAR2024|000234|MA0102.5	0.8883	9.701532536674986e-05	FALSE
patient	TCGA-4B-A93V	TCGA-4B-A93V	CEBPB	LUAD_LINEAGE_POSITIVE_CONTROL	TESTED	JASPAR2024|000235|MA0466.4	0.0015	0.332961435791596	FALSE
patient	TCGA-4B-A93V	TCGA-4B-A93V	CREB3L2	LUAD_HC_TF	TESTED	JASPAR2024|000025|MA0608.1	0.0445	0.11203443074616289	FALSE
patient	TCGA-4B-A93V	TCGA-4B-A93V	E2F5	LUAD_HC_TF	TESTED	CIS-BP2.00|000940|M08109_2.00	1.0	-0.11994556760069074	FALSE
patient	TCGA-4B-A93V	TCGA-4B-A93V	ELF3	LUAD_HC_TF_AND_LINEAGE_POSITIVE_CONTROL	TESTED	JASPAR2024|000276|MA0640.3	0.7452	0.3193951851192144	FALSE
patient	TCGA-4B-A93V	TCGA-4B-A93V	ETV1	LUAD_HC_TF	TESTED	JASPAR2024|000311|MA0761.3	0.8837	0.08738100246421028	FALSE
patient	TCGA-4B-A93V	TCGA-4B-A93V	FOXA1	LUAD_LINEAGE_POSITIVE_CONTROL	TESTED	JASPAR2024|000356|MA0148.5	0.3061	0.08449223890606193	FALSE
patient	TCGA-4B-A93V	TCGA-4B-A93V	FOXA2	LUAD_LINEAGE_POSITIVE_CONTROL	TESTED	JASPAR2024|000357|MA0047.4	0.7452	0.029885884713378802	FALSE
patient	TCGA-4B-A93V	TCGA-4B-A93V	FOXA3	LUAD_HC_TF	TESTED	JASPAR2024|000358|MA1683.2	0.8837	0.016179068783737593	FALSE
patient	TCGA-4B-A93V	TCGA-4B-A93V	FOXD2	LUAD_HC_TF	TESTED	JASPAR2024|000361|MA0847.4	0.0002	0.21473441274749913	FALSE
patient	TCGA-4B-A93V	TCGA-4B-A93V	GATA6	LUAD_LINEAGE_POSITIVE_CONTROL	TESTED	JASPAR2024|000382|MA1104.3	1.0	-0.07905969504804265	FALSE
patient	TCGA-4B-A93V	TCGA-4B-A93V	HNF4A	LUAD_LINEAGE_POSITIVE_CONTROL	TESTED	JASPAR2024|000410|MA0114.5	0.8883	-0.004271010529285716	FALSE
patient	TCGA-4B-A93V	TCGA-4B-A93V	NFATC4	LUAD_HC_TF	TESTED	JASPAR2024|000506|MA1525.3	0.0109	0.15273179486482916	FALSE
patient	TCGA-4B-A93V	TCGA-4B-A93V	NKX2-1	LUAD_LINEAGE_POSITIVE_CONTROL	TESTED	JASPAR2024|000822|MA1994.2	0.8883	-0.0466293954369467	FALSE
patient	TCGA-4B-A93V	TCGA-4B-A93V	NR3C2	LUAD_HC_TF	TESTED	JASPAR2024|000539|MA0727.2	0.8883	-6.940128010370765e-05	FALSE
patient	TCGA-4B-A93V	TCGA-4B-A93V	XBP1	LUAD_HC_TF	TESTED	JASPAR2024|000675|MA0844.2	0.0015	0.17583610581881395	FALSE
patient	TCGA-4B-A93V	TCGA-4B-A93V	ZBTB18	LUAD_HC_TF	TESTED	JASPAR2024|000681|MA0698.2	0.7452	0.032295799445479625	FALSE
patient	TCGA-4B-A93V	TCGA-4B-A93V	ZNF141	LUAD_HC_TF	TESTED	CIS-BP2.00|000653|M07586_2.00	1.0	-0.04644412764990806	FALSE
patient	TCGA-4B-A93V	TCGA-4B-A93V	ZNF19	LUAD_HC_TF	TESTED	CIS-BP2.00|000670|M07603_2.00	0.1228	0.6561159046353235	FALSE
patient	TCGA-4B-A93V	TCGA-4B-A93V	ZNF254	LUAD_HC_TF	TESTED	CIS-BP2.00|000827|M07760_2.00	1.0	-0.17730907323677486	FALSE
patient	TCGA-4B-A93V	TCGA-4B-A93V	ZNF281	LUAD_HC_TF	TESTED	JASPAR2024|000706|MA1630.3	1.0	-0.11361750907290166	FALSE
patient	TCGA-4B-A93V	TCGA-4B-A93V	ZNF33A	LUAD_HC_TF	TESTED	CIS-BP2.00|000762|M07695_2.00	0.8758	0.009628100822192266	FALSE
patient	TCGA-4B-A93V	TCGA-4B-A93V	ZNF33B	LUAD_HC_TF	TESTED	CIS-BP2.00|000777|M07710_2.00	1.0	-0.1027917624848634	FALSE
patient	TCGA-4B-A93V	TCGA-4B-A93V	ZNF341	LUAD_HC_TF	TESTED	JASPAR2024|000712|MA1655.2	1.0	-0.6072008265341549	FALSE
patient	TCGA-4B-A93V	TCGA-4B-A93V	ZNF444	LUAD_HC_TF	TESTED	CIS-BP2.00|000420|M04529_2.00	0.0006	0.19027664912101386	FALSE
patient	TCGA-4B-A93V	TCGA-4B-A93V	ZNF540	LUAD_HC_TF	TESTED	CIS-BP2.00|000701|M07634_2.00	0.7329	0.02160182395339142	FALSE
patient	TCGA-4B-A93V	TCGA-4B-A93V	ZNF75D	LUAD_HC_TF	TESTED	JASPAR2024|000169|MA1601.2	0.8883	-0.008863421338666187	FALSE
patient	TCGA-73-A9RS	TCGA-73-A9RS	CEBPA	LUAD_LINEAGE_POSITIVE_CONTROL	TESTED	JASPAR2024|000234|MA0102.5	1.0	-0.01967452954366104	FALSE
patient	TCGA-73-A9RS	TCGA-73-A9RS	CEBPB	LUAD_LINEAGE_POSITIVE_CONTROL	TESTED	JASPAR2024|000235|MA0466.4	0.0	0.43763243432532944	TRUE
patient	TCGA-73-A9RS	TCGA-73-A9RS	CREB3L2	LUAD_HC_TF	TESTED	JASPAR2024|000025|MA0608.1	0.031	0.12666389834674005	FALSE
patient	TCGA-73-A9RS	TCGA-73-A9RS	E2F5	LUAD_HC_TF	TESTED	CIS-BP2.00|000940|M08109_2.00	1.0	-0.12107740544826186	FALSE
patient	TCGA-73-A9RS	TCGA-73-A9RS	ELF3	LUAD_HC_TF_AND_LINEAGE_POSITIVE_CONTROL	TESTED	JASPAR2024|000276|MA0640.3	1.0	-0.3142290422813137	FALSE
patient	TCGA-73-A9RS	TCGA-73-A9RS	ETV1	LUAD_HC_TF	TESTED	JASPAR2024|000652|MA1966.2	0.8894	0.009948082266970274	FALSE
patient	TCGA-73-A9RS	TCGA-73-A9RS	FOXA1	LUAD_LINEAGE_POSITIVE_CONTROL	TESTED	JASPAR2024|000356|MA0148.5	1.0	-0.014446321450591916	FALSE
patient	TCGA-73-A9RS	TCGA-73-A9RS	FOXA2	LUAD_LINEAGE_POSITIVE_CONTROL	TESTED	JASPAR2024|000357|MA0047.4	1.0	-0.02973441030300183	FALSE
patient	TCGA-73-A9RS	TCGA-73-A9RS	FOXA3	LUAD_HC_TF	TESTED	JASPAR2024|000358|MA1683.2	0.7598	0.026956832230104966	FALSE
patient	TCGA-73-A9RS	TCGA-73-A9RS	FOXD2	LUAD_HC_TF	TESTED	JASPAR2024|000361|MA0847.4	0.0005	0.19355083404590104	FALSE
patient	TCGA-73-A9RS	TCGA-73-A9RS	GATA6	LUAD_LINEAGE_POSITIVE_CONTROL	TESTED	JASPAR2024|000382|MA1104.3	1.0	-0.08393620609495162	FALSE
patient	TCGA-73-A9RS	TCGA-73-A9RS	HNF4A	LUAD_LINEAGE_POSITIVE_CONTROL	TESTED	JASPAR2024|000409|MA1494.2	1.0	-0.023708618490446434	FALSE
patient	TCGA-73-A9RS	TCGA-73-A9RS	NFATC4	LUAD_HC_TF	TESTED	JASPAR2024|000506|MA1525.3	0.3622	0.07855289193873399	FALSE
patient	TCGA-73-A9RS	TCGA-73-A9RS	NKX2-1	LUAD_LINEAGE_POSITIVE_CONTROL	TESTED	JASPAR2024|000822|MA1994.2	1.0	-0.11567376137722163	FALSE
patient	TCGA-73-A9RS	TCGA-73-A9RS	NR3C2	LUAD_HC_TF	TESTED	JASPAR2024|000539|MA0727.2	0.3622	0.11633413736616609	FALSE
patient	TCGA-73-A9RS	TCGA-73-A9RS	XBP1	LUAD_HC_TF	TESTED	JASPAR2024|000675|MA0844.2	0.3622	0.05992937591466347	FALSE
patient	TCGA-73-A9RS	TCGA-73-A9RS	ZBTB18	LUAD_HC_TF	TESTED	JASPAR2024|000681|MA0698.2	0.3622	0.06646067226979403	FALSE
patient	TCGA-73-A9RS	TCGA-73-A9RS	ZNF141	LUAD_HC_TF	TESTED	CIS-BP2.00|000653|M07586_2.00	0.0911	0.09648381206756537	FALSE
patient	TCGA-73-A9RS	TCGA-73-A9RS	ZNF19	LUAD_HC_TF	TESTED	CIS-BP2.00|000670|M07603_2.00	0.1289	0.43580091948043215	FALSE
patient	TCGA-73-A9RS	TCGA-73-A9RS	ZNF254	LUAD_HC_TF	TESTED	CIS-BP2.00|000827|M07760_2.00	1.0	-0.12880120714509463	FALSE
patient	TCGA-73-A9RS	TCGA-73-A9RS	ZNF281	LUAD_HC_TF	TESTED	JASPAR2024|000706|MA1630.3	1.0	-0.0324115023624515	FALSE
patient	TCGA-73-A9RS	TCGA-73-A9RS	ZNF33A	LUAD_HC_TF	TESTED	CIS-BP2.00|000762|M07695_2.00	0.3359	0.06402344397601147	FALSE
patient	TCGA-73-A9RS	TCGA-73-A9RS	ZNF33B	LUAD_HC_TF	TESTED	CIS-BP2.00|000777|M07710_2.00	1.0	-0.034759485408240136	FALSE
patient	TCGA-73-A9RS	TCGA-73-A9RS	ZNF341	LUAD_HC_TF	TESTED	JASPAR2024|000712|MA1655.2	0.3622	2.228292625670853	FALSE
patient	TCGA-73-A9RS	TCGA-73-A9RS	ZNF444	LUAD_HC_TF	TESTED	CIS-BP2.00|000420|M04529_2.00	0.0016	0.17633338386395417	FALSE
patient	TCGA-73-A9RS	TCGA-73-A9RS	ZNF540	LUAD_HC_TF	TESTED	CIS-BP2.00|000701|M07634_2.00	1.0	-0.04042785361626472	FALSE
patient	TCGA-73-A9RS	TCGA-73-A9RS	ZNF75D	LUAD_HC_TF	TESTED	JASPAR2024|000169|MA1601.2	0.3622	0.06849989818981585	FALSE
patient	TCGA-86-A4D0	TCGA-86-A4D0	CEBPA	LUAD_LINEAGE_POSITIVE_CONTROL	TESTED	JASPAR2024|000234|MA0102.5	0.0371	0.14484693617908131	FALSE
patient	TCGA-86-A4D0	TCGA-86-A4D0	CEBPB	LUAD_LINEAGE_POSITIVE_CONTROL	TESTED	JASPAR2024|000235|MA0466.4	0.2237	0.11881874687657679	FALSE
patient	TCGA-86-A4D0	TCGA-86-A4D0	CREB3L2	LUAD_HC_TF	TESTED	JASPAR2024|000025|MA0608.1	0.0371	0.1308070454497831	FALSE
patient	TCGA-86-A4D0	TCGA-86-A4D0	E2F5	LUAD_HC_TF	TESTED	CIS-BP2.00|000940|M08109_2.00	1.0	-0.1804266879322005	FALSE
patient	TCGA-86-A4D0	TCGA-86-A4D0	ELF3	LUAD_HC_TF_AND_LINEAGE_POSITIVE_CONTROL	TESTED	JASPAR2024|000276|MA0640.3	0.0745	0.9862413481048734	FALSE
patient	TCGA-86-A4D0	TCGA-86-A4D0	ETV1	LUAD_HC_TF	TESTED	JASPAR2024|000311|MA0761.3	0.0745	0.7144273480205258	FALSE
patient	TCGA-86-A4D0	TCGA-86-A4D0	FOXA1	LUAD_LINEAGE_POSITIVE_CONTROL	TESTED	JASPAR2024|000356|MA0148.5	0.9419	-0.052188076754183195	FALSE
patient	TCGA-86-A4D0	TCGA-86-A4D0	FOXA2	LUAD_LINEAGE_POSITIVE_CONTROL	TESTED	JASPAR2024|000357|MA0047.4	0.9181	-0.029177354122642576	FALSE
patient	TCGA-86-A4D0	TCGA-86-A4D0	FOXA3	LUAD_HC_TF	TESTED	JASPAR2024|000358|MA1683.2	0.9419	-0.051258030619493695	FALSE
patient	TCGA-86-A4D0	TCGA-86-A4D0	FOXD2	LUAD_HC_TF	TESTED	JASPAR2024|000361|MA0847.4	0.0592	0.11431931794981019	FALSE
patient	TCGA-86-A4D0	TCGA-86-A4D0	GATA6	LUAD_LINEAGE_POSITIVE_CONTROL	TESTED	JASPAR2024|000382|MA1104.3	0.9419	-0.06869923679405145	FALSE
patient	TCGA-86-A4D0	TCGA-86-A4D0	HNF4A	LUAD_LINEAGE_POSITIVE_CONTROL	TESTED	JASPAR2024|000410|MA0114.5	0.124	0.22152699261753597	FALSE
patient	TCGA-86-A4D0	TCGA-86-A4D0	NFATC4	LUAD_HC_TF	TESTED	JASPAR2024|000506|MA1525.3	0.0	0.246306592797779	TRUE
patient	TCGA-86-A4D0	TCGA-86-A4D0	NKX2-1	LUAD_LINEAGE_POSITIVE_CONTROL	TESTED	JASPAR2024|000822|MA1994.2	0.1451	0.1828933017647658	FALSE
patient	TCGA-86-A4D0	TCGA-86-A4D0	NR3C2	LUAD_HC_TF	TESTED	JASPAR2024|000539|MA0727.2	0.2237	0.11208750654004473	FALSE
patient	TCGA-86-A4D0	TCGA-86-A4D0	XBP1	LUAD_HC_TF	TESTED	JASPAR2024|000675|MA0844.2	0.0745	0.10122200347468643	FALSE
patient	TCGA-86-A4D0	TCGA-86-A4D0	ZBTB18	LUAD_HC_TF	TESTED	JASPAR2024|000681|MA0698.2	0.4238	0.031935307705145084	FALSE
patient	TCGA-86-A4D0	TCGA-86-A4D0	ZNF141	LUAD_HC_TF	TESTED	CIS-BP2.00|000653|M07586_2.00	0.2282	0.0666497233570582	FALSE
patient	TCGA-86-A4D0	TCGA-86-A4D0	ZNF19	LUAD_HC_TF	TESTED	CIS-BP2.00|000670|M07603_2.00	0.0537	1.1004451317653432	FALSE
patient	TCGA-86-A4D0	TCGA-86-A4D0	ZNF254	LUAD_HC_TF	TESTED	CIS-BP2.00|000827|M07760_2.00	1.0	-0.22237582360678473	FALSE
patient	TCGA-86-A4D0	TCGA-86-A4D0	ZNF281	LUAD_HC_TF	TESTED	JASPAR2024|000706|MA1630.3	0.9854	-0.13225994648111822	FALSE
patient	TCGA-86-A4D0	TCGA-86-A4D0	ZNF33A	LUAD_HC_TF	TESTED	CIS-BP2.00|000762|M07695_2.00	0.1157	0.1561718546636139	FALSE
patient	TCGA-86-A4D0	TCGA-86-A4D0	ZNF33B	LUAD_HC_TF	TESTED	CIS-BP2.00|000777|M07710_2.00	0.691	0.014470162163497755	FALSE
patient	TCGA-86-A4D0	TCGA-86-A4D0	ZNF341	LUAD_HC_TF	TESTED	JASPAR2024|000712|MA1655.2	0.9419	-0.32701608606924726	FALSE
patient	TCGA-86-A4D0	TCGA-86-A4D0	ZNF444	LUAD_HC_TF	TESTED	CIS-BP2.00|000420|M04529_2.00	0.0274	0.12945020210436461	FALSE
patient	TCGA-86-A4D0	TCGA-86-A4D0	ZNF540	LUAD_HC_TF	TESTED	CIS-BP2.00|000701|M07634_2.00	0.691	0.016548425864768193	FALSE
patient	TCGA-86-A4D0	TCGA-86-A4D0	ZNF75D	LUAD_HC_TF	TESTED	JASPAR2024|000169|MA1601.2	0.2141	0.06771225399750896	FALSE
patient	TCGA-86-A4P7	TCGA-86-A4P7	CEBPA	LUAD_LINEAGE_POSITIVE_CONTROL	TESTED	JASPAR2024|000234|MA0102.5	0.6005	0.006181003960904411	FALSE
patient	TCGA-86-A4P7	TCGA-86-A4P7	CEBPB	LUAD_LINEAGE_POSITIVE_CONTROL	TESTED	JASPAR2024|000235|MA0466.4	0.0156	0.25596448024701607	FALSE
patient	TCGA-86-A4P7	TCGA-86-A4P7	CREB3L2	LUAD_HC_TF	TESTED	JASPAR2024|000025|MA0608.1	0.1672	0.06370250812256638	FALSE
patient	TCGA-86-A4P7	TCGA-86-A4P7	E2F5	LUAD_HC_TF	TESTED	CIS-BP2.00|000940|M08109_2.00	0.9013	0.009063324019617592	FALSE
patient	TCGA-86-A4P7	TCGA-86-A4P7	ELF3	LUAD_HC_TF_AND_LINEAGE_POSITIVE_CONTROL	TESTED	JASPAR2024|000276|MA0640.3	0.1004	0.7846051222396357	FALSE
patient	TCGA-86-A4P7	TCGA-86-A4P7	ETV1	LUAD_HC_TF	TESTED	JASPAR2024|000311|MA0761.3	0.3513	0.23689765004174318	FALSE
patient	TCGA-86-A4P7	TCGA-86-A4P7	FOXA1	LUAD_LINEAGE_POSITIVE_CONTROL	TESTED	JASPAR2024|000356|MA0148.5	0.0115	0.19112137166501952	FALSE
patient	TCGA-86-A4P7	TCGA-86-A4P7	FOXA2	LUAD_LINEAGE_POSITIVE_CONTROL	TESTED	JASPAR2024|000357|MA0047.4	0.0462	0.12478395000774987	FALSE
patient	TCGA-86-A4P7	TCGA-86-A4P7	FOXA3	LUAD_HC_TF	TESTED	JASPAR2024|000358|MA1683.2	0.0169	0.20259294398693198	FALSE
patient	TCGA-86-A4P7	TCGA-86-A4P7	FOXD2	LUAD_HC_TF	TESTED	JASPAR2024|000361|MA0847.4	0.0115	0.15036106284824047	FALSE
patient	TCGA-86-A4P7	TCGA-86-A4P7	GATA6	LUAD_LINEAGE_POSITIVE_CONTROL	TESTED	JASPAR2024|000382|MA1104.3	0.5956	0.01675503182646187	FALSE
patient	TCGA-86-A4P7	TCGA-86-A4P7	HNF4A	LUAD_LINEAGE_POSITIVE_CONTROL	TESTED	JASPAR2024|000409|MA1494.2	0.8368	-0.061257286210060075	FALSE
patient	TCGA-86-A4P7	TCGA-86-A4P7	NFATC4	LUAD_HC_TF	TESTED	JASPAR2024|000506|MA1525.3	0.0006	0.2157290583304121	FALSE
patient	TCGA-86-A4P7	TCGA-86-A4P7	NKX2-1	LUAD_LINEAGE_POSITIVE_CONTROL	TESTED	JASPAR2024|000822|MA1994.2	0.5956	0.02680160772721909	FALSE
patient	TCGA-86-A4P7	TCGA-86-A4P7	NR3C2	LUAD_HC_TF	TESTED	JASPAR2024|000539|MA0727.2	0.1283	0.14883358951005185	FALSE
patient	TCGA-86-A4P7	TCGA-86-A4P7	XBP1	LUAD_HC_TF	TESTED	JASPAR2024|000675|MA0844.2	0.0115	0.13929711414653195	FALSE
patient	TCGA-86-A4P7	TCGA-86-A4P7	ZBTB18	LUAD_HC_TF	TESTED	JASPAR2024|000681|MA0698.2	0.7213	-0.01858419796337862	FALSE
patient	TCGA-86-A4P7	TCGA-86-A4P7	ZNF141	LUAD_HC_TF	TESTED	CIS-BP2.00|000653|M07586_2.00	0.9551	-0.03793877313469003	FALSE
patient	TCGA-86-A4P7	TCGA-86-A4P7	ZNF19	LUAD_HC_TF	TESTED	CIS-BP2.00|000670|M07603_2.00	0.9551	-0.12062668580692652	FALSE
patient	TCGA-86-A4P7	TCGA-86-A4P7	ZNF254	LUAD_HC_TF	TESTED	CIS-BP2.00|000827|M07760_2.00	0.9918	-0.15810402862717754	FALSE
patient	TCGA-86-A4P7	TCGA-86-A4P7	ZNF281	LUAD_HC_TF	TESTED	JASPAR2024|000706|MA1630.3	0.6102	0.0014424569413156586	FALSE
patient	TCGA-86-A4P7	TCGA-86-A4P7	ZNF33A	LUAD_HC_TF	TESTED	CIS-BP2.00|000762|M07695_2.00	0.3556	0.08812168985390294	FALSE
patient	TCGA-86-A4P7	TCGA-86-A4P7	ZNF33B	LUAD_HC_TF	TESTED	CIS-BP2.00|000777|M07710_2.00	0.9551	-0.015289405009186015	FALSE
patient	TCGA-86-A4P7	TCGA-86-A4P7	ZNF341	LUAD_HC_TF	TESTED	JASPAR2024|000712|MA1655.2	0.141	2.3384703741346424	FALSE
patient	TCGA-86-A4P7	TCGA-86-A4P7	ZNF444	LUAD_HC_TF	TESTED	CIS-BP2.00|000420|M04529_2.00	0.0084	0.14752044549652665	FALSE
patient	TCGA-86-A4P7	TCGA-86-A4P7	ZNF540	LUAD_HC_TF	TESTED	CIS-BP2.00|000701|M07634_2.00	0.9401	-0.00022290106932108204	FALSE
patient	TCGA-86-A4P7	TCGA-86-A4P7	ZNF75D	LUAD_HC_TF	TESTED	JASPAR2024|000169|MA1601.2	0.031	0.1229163385438202	FALSE
patient	TCGA-86-A4P8	TCGA-86-A4P8	CEBPA	LUAD_LINEAGE_POSITIVE_CONTROL	TESTED	JASPAR2024|000234|MA0102.5	0.7875	0.017479551974446502	FALSE
patient	TCGA-86-A4P8	TCGA-86-A4P8	CEBPB	LUAD_LINEAGE_POSITIVE_CONTROL	TESTED	JASPAR2024|000235|MA0466.4	0.0	0.5166321538946804	TRUE
patient	TCGA-86-A4P8	TCGA-86-A4P8	CREB3L2	LUAD_HC_TF	TESTED	JASPAR2024|000025|MA0608.1	0.4562	0.05961009688133434	FALSE
patient	TCGA-86-A4P8	TCGA-86-A4P8	E2F5	LUAD_HC_TF	TESTED	CIS-BP2.00|000940|M08109_2.00	1.0	-0.060464057659350916	FALSE
patient	TCGA-86-A4P8	TCGA-86-A4P8	ELF3	LUAD_HC_TF_AND_LINEAGE_POSITIVE_CONTROL	TESTED	JASPAR2024|000276|MA0640.3	0.3209	0.5448467121103905	FALSE
patient	TCGA-86-A4P8	TCGA-86-A4P8	ETV1	LUAD_HC_TF	TESTED	JASPAR2024|000311|MA0761.3	0.686	0.1487509860371393	FALSE
patient	TCGA-86-A4P8	TCGA-86-A4P8	FOXA1	LUAD_LINEAGE_POSITIVE_CONTROL	TESTED	JASPAR2024|000356|MA0148.5	0.8908	-0.050430567405736204	FALSE
patient	TCGA-86-A4P8	TCGA-86-A4P8	FOXA2	LUAD_LINEAGE_POSITIVE_CONTROL	TESTED	JASPAR2024|000357|MA0047.4	0.8908	-0.020790598024571064	FALSE
patient	TCGA-86-A4P8	TCGA-86-A4P8	FOXA3	LUAD_HC_TF	TESTED	JASPAR2024|000358|MA1683.2	0.7875	0.024774569634363836	FALSE
patient	TCGA-86-A4P8	TCGA-86-A4P8	FOXD2	LUAD_HC_TF	TESTED	JASPAR2024|000361|MA0847.4	0.4562	0.05769248577959013	FALSE
patient	TCGA-86-A4P8	TCGA-86-A4P8	GATA6	LUAD_LINEAGE_POSITIVE_CONTROL	TESTED	JASPAR2024|000382|MA1104.3	0.8908	-0.06457526874193081	FALSE
patient	TCGA-86-A4P8	TCGA-86-A4P8	HNF4A	LUAD_LINEAGE_POSITIVE_CONTROL	TESTED	JASPAR2024|000410|MA0114.5	0.7875	0.02755462151440828	FALSE
patient	TCGA-86-A4P8	TCGA-86-A4P8	NFATC4	LUAD_HC_TF	TESTED	JASPAR2024|000506|MA1525.3	0.2598	0.093773730514186	FALSE
patient	TCGA-86-A4P8	TCGA-86-A4P8	NKX2-1	LUAD_LINEAGE_POSITIVE_CONTROL	TESTED	JASPAR2024|000822|MA1994.2	0.7875	0.042991512511738564	FALSE
patient	TCGA-86-A4P8	TCGA-86-A4P8	NR3C2	LUAD_HC_TF	TESTED	JASPAR2024|000539|MA0727.2	0.8646	-0.014836603317889373	FALSE
patient	TCGA-86-A4P8	TCGA-86-A4P8	XBP1	LUAD_HC_TF	TESTED	JASPAR2024|000675|MA0844.2	0.21	0.09933895216590274	FALSE
patient	TCGA-86-A4P8	TCGA-86-A4P8	ZBTB18	LUAD_HC_TF	TESTED	JASPAR2024|000681|MA0698.2	0.8908	-0.020801509335378335	FALSE
patient	TCGA-86-A4P8	TCGA-86-A4P8	ZNF141	LUAD_HC_TF	TESTED	CIS-BP2.00|000653|M07586_2.00	0.2253	0.07797803136006703	FALSE
patient	TCGA-86-A4P8	TCGA-86-A4P8	ZNF19	LUAD_HC_TF	TESTED	CIS-BP2.00|000670|M07603_2.00	0.1984	0.6937046155026397	FALSE
patient	TCGA-86-A4P8	TCGA-86-A4P8	ZNF254	LUAD_HC_TF	TESTED	CIS-BP2.00|000827|M07760_2.00	1.0	-0.18954677118779212	FALSE
patient	TCGA-86-A4P8	TCGA-86-A4P8	ZNF281	LUAD_HC_TF	TESTED	JASPAR2024|000706|MA1630.3	0.9792	-0.12658910303915547	FALSE
patient	TCGA-86-A4P8	TCGA-86-A4P8	ZNF33A	LUAD_HC_TF	TESTED	CIS-BP2.00|000762|M07695_2.00	0.4103	0.07842170523055858	FALSE
patient	TCGA-86-A4P8	TCGA-86-A4P8	ZNF33B	LUAD_HC_TF	TESTED	CIS-BP2.00|000777|M07710_2.00	0.7911	0.0028261188606679656	FALSE
patient	TCGA-86-A4P8	TCGA-86-A4P8	ZNF341	LUAD_HC_TF	TESTED	JASPAR2024|000712|MA1655.2	0.7875	-0.13777807004926124	FALSE
patient	TCGA-86-A4P8	TCGA-86-A4P8	ZNF444	LUAD_HC_TF	TESTED	CIS-BP2.00|000420|M04529_2.00	0.0005	0.19370662956213489	FALSE
patient	TCGA-86-A4P8	TCGA-86-A4P8	ZNF540	LUAD_HC_TF	TESTED	CIS-BP2.00|000701|M07634_2.00	1.0	-0.055359460587377396	FALSE
patient	TCGA-86-A4P8	TCGA-86-A4P8	ZNF75D	LUAD_HC_TF	TESTED	JASPAR2024|000169|MA1601.2	0.6516	0.04082025271388371	FALSE
patient	TCGA-91-A4BC	TCGA-91-A4BC	CEBPA	LUAD_LINEAGE_POSITIVE_CONTROL	TESTED	JASPAR2024|000234|MA0102.5	0.6715	0.007684024138970152	FALSE
patient	TCGA-91-A4BC	TCGA-91-A4BC	CEBPB	LUAD_LINEAGE_POSITIVE_CONTROL	TESTED	JASPAR2024|000235|MA0466.4	0.0	0.44471117654082876	TRUE
patient	TCGA-91-A4BC	TCGA-91-A4BC	CREB3L2	LUAD_HC_TF	TESTED	JASPAR2024|000025|MA0608.1	0.0006	0.18593643945016247	FALSE
patient	TCGA-91-A4BC	TCGA-91-A4BC	E2F5	LUAD_HC_TF	TESTED	CIS-BP2.00|000940|M08109_2.00	1.0	-0.1091564357669698	FALSE
patient	TCGA-91-A4BC	TCGA-91-A4BC	ELF3	LUAD_HC_TF_AND_LINEAGE_POSITIVE_CONTROL	TESTED	JASPAR2024|000276|MA0640.3	0.004	1.7913739190826428	FALSE
patient	TCGA-91-A4BC	TCGA-91-A4BC	ETV1	LUAD_HC_TF	TESTED	JASPAR2024|000311|MA0761.3	0.0365	0.7847611434970367	FALSE
patient	TCGA-91-A4BC	TCGA-91-A4BC	FOXA1	LUAD_LINEAGE_POSITIVE_CONTROL	TESTED	JASPAR2024|000356|MA0148.5	0.6215	0.028078718179157514	FALSE
patient	TCGA-91-A4BC	TCGA-91-A4BC	FOXA2	LUAD_LINEAGE_POSITIVE_CONTROL	TESTED	JASPAR2024|000357|MA0047.4	0.3767	0.05859737057790637	FALSE
patient	TCGA-91-A4BC	TCGA-91-A4BC	FOXA3	LUAD_HC_TF	TESTED	JASPAR2024|000358|MA1683.2	0.6215	0.02897122249580702	FALSE
patient	TCGA-91-A4BC	TCGA-91-A4BC	FOXD2	LUAD_HC_TF	TESTED	JASPAR2024|000361|MA0847.4	0.0161	0.1333930388534995	FALSE
patient	TCGA-91-A4BC	TCGA-91-A4BC	GATA6	LUAD_LINEAGE_POSITIVE_CONTROL	TESTED	JASPAR2024|000382|MA1104.3	0.7249	-0.018527039902058638	FALSE
patient	TCGA-91-A4BC	TCGA-91-A4BC	HNF4A	LUAD_LINEAGE_POSITIVE_CONTROL	TESTED	JASPAR2024|000409|MA1494.2	0.4701	0.060070212127596605	FALSE
patient	TCGA-91-A4BC	TCGA-91-A4BC	NFATC4	LUAD_HC_TF	TESTED	JASPAR2024|000506|MA1525.3	0.1859	0.07803038727065933	FALSE
patient	TCGA-91-A4BC	TCGA-91-A4BC	NKX2-1	LUAD_LINEAGE_POSITIVE_CONTROL	TESTED	JASPAR2024|000822|MA1994.2	0.6715	0.010785197333665312	FALSE
patient	TCGA-91-A4BC	TCGA-91-A4BC	NR3C2	LUAD_HC_TF	TESTED	JASPAR2024|000539|MA0727.2	0.103	0.17242367884982704	FALSE
patient	TCGA-91-A4BC	TCGA-91-A4BC	XBP1	LUAD_HC_TF	TESTED	JASPAR2024|000675|MA0844.2	0.004	0.15413582917406723	FALSE
patient	TCGA-91-A4BC	TCGA-91-A4BC	ZBTB18	LUAD_HC_TF	TESTED	JASPAR2024|000681|MA0698.2	0.834	-0.03457160192305847	FALSE
patient	TCGA-91-A4BC	TCGA-91-A4BC	ZNF141	LUAD_HC_TF	TESTED	CIS-BP2.00|000653|M07586_2.00	0.4158	0.033482366887582056	FALSE
patient	TCGA-91-A4BC	TCGA-91-A4BC	ZNF19	LUAD_HC_TF	TESTED	CIS-BP2.00|000670|M07603_2.00	0.6075	-0.334918221652526	FALSE
patient	TCGA-91-A4BC	TCGA-91-A4BC	ZNF254	LUAD_HC_TF	TESTED	CIS-BP2.00|000827|M07760_2.00	1.0	-0.15553411243590293	FALSE
patient	TCGA-91-A4BC	TCGA-91-A4BC	ZNF281	LUAD_HC_TF	TESTED	JASPAR2024|000706|MA1630.3	0.997	-0.16693464560715843	FALSE
patient	TCGA-91-A4BC	TCGA-91-A4BC	ZNF33A	LUAD_HC_TF	TESTED	CIS-BP2.00|000762|M07695_2.00	0.4158	0.04429834030290955	FALSE
patient	TCGA-91-A4BC	TCGA-91-A4BC	ZNF33B	LUAD_HC_TF	TESTED	CIS-BP2.00|000777|M07710_2.00	0.4042	0.04248001812482422	FALSE
patient	TCGA-91-A4BC	TCGA-91-A4BC	ZNF341	LUAD_HC_TF	TESTED	JASPAR2024|000712|MA1655.2	0.7194	-0.042696151429484144	FALSE
patient	TCGA-91-A4BC	TCGA-91-A4BC	ZNF444	LUAD_HC_TF	TESTED	CIS-BP2.00|000420|M04529_2.00	0.0003	0.19098226578870892	FALSE
patient	TCGA-91-A4BC	TCGA-91-A4BC	ZNF540	LUAD_HC_TF	TESTED	CIS-BP2.00|000701|M07634_2.00	0.7514	-0.00031631461711502796	FALSE
patient	TCGA-91-A4BC	TCGA-91-A4BC	ZNF75D	LUAD_HC_TF	TESTED	JASPAR2024|000169|MA1601.2	0.6215	0.02273432726335919	FALSE
patient	TCGA-91-A4BD	TCGA-91-A4BD	CEBPA	LUAD_LINEAGE_POSITIVE_CONTROL	TESTED	JASPAR2024|000234|MA0102.5	0.0311	0.13188301753946807	FALSE
patient	TCGA-91-A4BD	TCGA-91-A4BD	CEBPB	LUAD_LINEAGE_POSITIVE_CONTROL	TESTED	JASPAR2024|000235|MA0466.4	0.0007	0.3720566936653915	FALSE
patient	TCGA-91-A4BD	TCGA-91-A4BD	CREB3L2	LUAD_HC_TF	TESTED	JASPAR2024|000025|MA0608.1	1.0	-0.01344112917902483	FALSE
patient	TCGA-91-A4BD	TCGA-91-A4BD	E2F5	LUAD_HC_TF	TESTED	CIS-BP2.00|000940|M08109_2.00	1.0	-0.1281356323171678	FALSE
patient	TCGA-91-A4BD	TCGA-91-A4BD	ELF3	LUAD_HC_TF_AND_LINEAGE_POSITIVE_CONTROL	TESTED	JASPAR2024|000276|MA0640.3	0.6115	0.2856327148807004	FALSE
patient	TCGA-91-A4BD	TCGA-91-A4BD	ETV1	LUAD_HC_TF	TESTED	JASPAR2024|000652|MA1966.2	0.5511	0.13369811434612033	FALSE
patient	TCGA-91-A4BD	TCGA-91-A4BD	FOXA1	LUAD_LINEAGE_POSITIVE_CONTROL	TESTED	JASPAR2024|000356|MA0148.5	1.0	-0.09119344169075312	FALSE
patient	TCGA-91-A4BD	TCGA-91-A4BD	FOXA2	LUAD_LINEAGE_POSITIVE_CONTROL	TESTED	JASPAR2024|000357|MA0047.4	1.0	-0.07325450359461583	FALSE
patient	TCGA-91-A4BD	TCGA-91-A4BD	FOXA3	LUAD_HC_TF	TESTED	JASPAR2024|000358|MA1683.2	1.0	-0.0014420852241381315	FALSE
patient	TCGA-91-A4BD	TCGA-91-A4BD	FOXD2	LUAD_HC_TF	TESTED	JASPAR2024|000361|MA0847.4	0.0017	0.16948319743436957	FALSE
patient	TCGA-91-A4BD	TCGA-91-A4BD	GATA6	LUAD_LINEAGE_POSITIVE_CONTROL	TESTED	JASPAR2024|000382|MA1104.3	1.0	-0.057807221558501265	FALSE
patient	TCGA-91-A4BD	TCGA-91-A4BD	HNF4A	LUAD_LINEAGE_POSITIVE_CONTROL	TESTED	JASPAR2024|000409|MA1494.2	1.0	-0.06276461525756838	FALSE
patient	TCGA-91-A4BD	TCGA-91-A4BD	NFATC4	LUAD_HC_TF	TESTED	JASPAR2024|000506|MA1525.3	0.0009	0.20026387757442182	FALSE
patient	TCGA-91-A4BD	TCGA-91-A4BD	NKX2-1	LUAD_LINEAGE_POSITIVE_CONTROL	TESTED	JASPAR2024|000822|MA1994.2	1.0	-0.11090147346139279	FALSE
patient	TCGA-91-A4BD	TCGA-91-A4BD	NR3C2	LUAD_HC_TF	TESTED	JASPAR2024|000539|MA0727.2	1.0	-0.08962115336932278	FALSE
patient	TCGA-91-A4BD	TCGA-91-A4BD	XBP1	LUAD_HC_TF	TESTED	JASPAR2024|000675|MA0844.2	0.0009	0.1766031284959526	FALSE
patient	TCGA-91-A4BD	TCGA-91-A4BD	ZBTB18	LUAD_HC_TF	TESTED	JASPAR2024|000681|MA0698.2	0.7665	0.021460568224178557	FALSE
patient	TCGA-91-A4BD	TCGA-91-A4BD	ZNF141	LUAD_HC_TF	TESTED	CIS-BP2.00|000653|M07586_2.00	0.7151	0.015653212059095006	FALSE
patient	TCGA-91-A4BD	TCGA-91-A4BD	ZNF19	LUAD_HC_TF	TESTED	CIS-BP2.00|000670|M07603_2.00	0.6921	-0.16134255454320995	FALSE
patient	TCGA-91-A4BD	TCGA-91-A4BD	ZNF254	LUAD_HC_TF	TESTED	CIS-BP2.00|000827|M07760_2.00	1.0	-0.13748107200792015	FALSE
patient	TCGA-91-A4BD	TCGA-91-A4BD	ZNF281	LUAD_HC_TF	TESTED	JASPAR2024|000706|MA1630.3	1.0	-0.03315651270615032	FALSE
patient	TCGA-91-A4BD	TCGA-91-A4BD	ZNF33A	LUAD_HC_TF	TESTED	CIS-BP2.00|000762|M07695_2.00	0.7529	-0.013568177860171985	FALSE
patient	TCGA-91-A4BD	TCGA-91-A4BD	ZNF33B	LUAD_HC_TF	TESTED	CIS-BP2.00|000777|M07710_2.00	0.7151	0.020313656005322027	FALSE
patient	TCGA-91-A4BD	TCGA-91-A4BD	ZNF341	LUAD_HC_TF	TESTED	JASPAR2024|000712|MA1655.2	1.0	-1.2962211079768526	FALSE
patient	TCGA-91-A4BD	TCGA-91-A4BD	ZNF444	LUAD_HC_TF	TESTED	CIS-BP2.00|000420|M04529_2.00	0.0011	0.17957421624599076	FALSE
patient	TCGA-91-A4BD	TCGA-91-A4BD	ZNF540	LUAD_HC_TF	TESTED	CIS-BP2.00|000701|M07634_2.00	0.4773	0.05583842488649242	FALSE
patient	TCGA-91-A4BD	TCGA-91-A4BD	ZNF75D	LUAD_HC_TF	TESTED	JASPAR2024|000169|MA1601.2	0.6115	0.043020318402254655	FALSE
patient	TCGA-93-A4JN	TCGA-93-A4JN	CEBPA	LUAD_LINEAGE_POSITIVE_CONTROL	TESTED	JASPAR2024|000234|MA0102.5	0.8365	-0.019046758889722036	FALSE
patient	TCGA-93-A4JN	TCGA-93-A4JN	CEBPB	LUAD_LINEAGE_POSITIVE_CONTROL	TESTED	JASPAR2024|000235|MA0466.4	0.0001	0.41090673826971863	FALSE
patient	TCGA-93-A4JN	TCGA-93-A4JN	CREB3L2	LUAD_HC_TF	TESTED	JASPAR2024|000025|MA0608.1	0.6158	0.044555441100358424	FALSE
patient	TCGA-93-A4JN	TCGA-93-A4JN	E2F5	LUAD_HC_TF	TESTED	CIS-BP2.00|000940|M08109_2.00	0.8377	-0.01837972360256576	FALSE
patient	TCGA-93-A4JN	TCGA-93-A4JN	ELF3	LUAD_HC_TF_AND_LINEAGE_POSITIVE_CONTROL	TESTED	JASPAR2024|000276|MA0640.3	0.6271	0.23002720382156164	FALSE
patient	TCGA-93-A4JN	TCGA-93-A4JN	ETV1	LUAD_HC_TF	TESTED	JASPAR2024|000311|MA0761.3	0.0285	0.819010754064063	FALSE
patient	TCGA-93-A4JN	TCGA-93-A4JN	FOXA1	LUAD_LINEAGE_POSITIVE_CONTROL	TESTED	JASPAR2024|000356|MA0148.5	0.987	-0.07586287984274663	FALSE
patient	TCGA-93-A4JN	TCGA-93-A4JN	FOXA2	LUAD_LINEAGE_POSITIVE_CONTROL	TESTED	JASPAR2024|000357|MA0047.4	0.8103	-0.001186163368012851	FALSE
patient	TCGA-93-A4JN	TCGA-93-A4JN	FOXA3	LUAD_HC_TF	TESTED	JASPAR2024|000358|MA1683.2	0.8103	0.004024155202658534	FALSE
patient	TCGA-93-A4JN	TCGA-93-A4JN	FOXD2	LUAD_HC_TF	TESTED	JASPAR2024|000361|MA0847.4	0.5675	0.05519610889015395	FALSE
patient	TCGA-93-A4JN	TCGA-93-A4JN	GATA6	LUAD_LINEAGE_POSITIVE_CONTROL	TESTED	JASPAR2024|000382|MA1104.3	0.987	-0.12333982022103879	FALSE
patient	TCGA-93-A4JN	TCGA-93-A4JN	HNF4A	LUAD_LINEAGE_POSITIVE_CONTROL	TESTED	JASPAR2024|000410|MA0114.5	0.8103	-0.01056635653756351	FALSE
patient	TCGA-93-A4JN	TCGA-93-A4JN	NFATC4	LUAD_HC_TF	TESTED	JASPAR2024|000506|MA1525.3	0.0068	0.17063722410919968	FALSE
patient	TCGA-93-A4JN	TCGA-93-A4JN	NKX2-1	LUAD_LINEAGE_POSITIVE_CONTROL	TESTED	JASPAR2024|000822|MA1994.2	0.8763	-0.06881683827757429	FALSE
patient	TCGA-93-A4JN	TCGA-93-A4JN	NR3C2	LUAD_HC_TF	TESTED	JASPAR2024|000539|MA0727.2	0.6271	0.08002368977631603	FALSE
patient	TCGA-93-A4JN	TCGA-93-A4JN	XBP1	LUAD_HC_TF	TESTED	JASPAR2024|000675|MA0844.2	0.0285	0.1275569080290633	FALSE
patient	TCGA-93-A4JN	TCGA-93-A4JN	ZBTB18	LUAD_HC_TF	TESTED	JASPAR2024|000681|MA0698.2	0.8365	-0.012492032154586127	FALSE
patient	TCGA-93-A4JN	TCGA-93-A4JN	ZNF141	LUAD_HC_TF	TESTED	CIS-BP2.00|000653|M07586_2.00	0.7327	0.013679659720496968	FALSE
patient	TCGA-93-A4JN	TCGA-93-A4JN	ZNF19	LUAD_HC_TF	TESTED	CIS-BP2.00|000670|M07603_2.00	0.0091	1.349285571448574	FALSE
patient	TCGA-93-A4JN	TCGA-93-A4JN	ZNF254	LUAD_HC_TF	TESTED	CIS-BP2.00|000827|M07760_2.00	1.0	-0.25371835907712587	FALSE
patient	TCGA-93-A4JN	TCGA-93-A4JN	ZNF281	LUAD_HC_TF	TESTED	JASPAR2024|000706|MA1630.3	0.987	-0.07909698682249434	FALSE
patient	TCGA-93-A4JN	TCGA-93-A4JN	ZNF33A	LUAD_HC_TF	TESTED	CIS-BP2.00|000762|M07695_2.00	0.3207	0.11218997239256287	FALSE
patient	TCGA-93-A4JN	TCGA-93-A4JN	ZNF33B	LUAD_HC_TF	TESTED	CIS-BP2.00|000777|M07710_2.00	0.3648	0.05105321553042608	FALSE
patient	TCGA-93-A4JN	TCGA-93-A4JN	ZNF341	LUAD_HC_TF	TESTED	JASPAR2024|000712|MA1655.2	0.6271	-0.014704242362043384	FALSE
patient	TCGA-93-A4JN	TCGA-93-A4JN	ZNF444	LUAD_HC_TF	TESTED	CIS-BP2.00|000420|M04529_2.00	0.0091	0.15427574533363805	FALSE
patient	TCGA-93-A4JN	TCGA-93-A4JN	ZNF540	LUAD_HC_TF	TESTED	CIS-BP2.00|000701|M07634_2.00	0.796	-0.0060380171601262	FALSE
patient	TCGA-93-A4JN	TCGA-93-A4JN	ZNF75D	LUAD_HC_TF	TESTED	JASPAR2024|000169|MA1601.2	0.6271	0.03315473826742043	FALSE
patient	TCGA-93-A4JO	TCGA-93-A4JO	CEBPA	LUAD_LINEAGE_POSITIVE_CONTROL	TESTED	JASPAR2024|000234|MA0102.5	0.5439	0.04213477429793466	FALSE
patient	TCGA-93-A4JO	TCGA-93-A4JO	CEBPB	LUAD_LINEAGE_POSITIVE_CONTROL	TESTED	JASPAR2024|000235|MA0466.4	0.0004	0.3862408977911982	FALSE
patient	TCGA-93-A4JO	TCGA-93-A4JO	CREB3L2	LUAD_HC_TF	TESTED	JASPAR2024|000025|MA0608.1	0.0008	0.1845358942061309	FALSE
patient	TCGA-93-A4JO	TCGA-93-A4JO	E2F5	LUAD_HC_TF	TESTED	CIS-BP2.00|000940|M08109_2.00	1.0	-0.14213041138382262	FALSE
patient	TCGA-93-A4JO	TCGA-93-A4JO	ELF3	LUAD_HC_TF_AND_LINEAGE_POSITIVE_CONTROL	TESTED	JASPAR2024|000276|MA0640.3	0.1348	0.9589877669854407	FALSE
patient	TCGA-93-A4JO	TCGA-93-A4JO	ETV1	LUAD_HC_TF	TESTED	JASPAR2024|000311|MA0761.3	0.1681	0.5950615534195853	FALSE
patient	TCGA-93-A4JO	TCGA-93-A4JO	FOXA1	LUAD_LINEAGE_POSITIVE_CONTROL	TESTED	JASPAR2024|000356|MA0148.5	0.953	-0.037534302882369655	FALSE
patient	TCGA-93-A4JO	TCGA-93-A4JO	FOXA2	LUAD_LINEAGE_POSITIVE_CONTROL	TESTED	JASPAR2024|000357|MA0047.4	0.941	-0.005846735308966137	FALSE
patient	TCGA-93-A4JO	TCGA-93-A4JO	FOXA3	LUAD_HC_TF	TESTED	JASPAR2024|000358|MA1683.2	0.953	-0.06664029092361479	FALSE
patient	TCGA-93-A4JO	TCGA-93-A4JO	FOXD2	LUAD_HC_TF	TESTED	JASPAR2024|000361|MA0847.4	0.0136	0.1405310946460033	FALSE
patient	TCGA-93-A4JO	TCGA-93-A4JO	GATA6	LUAD_LINEAGE_POSITIVE_CONTROL	TESTED	JASPAR2024|000382|MA1104.3	0.953	-0.05417201889606416	FALSE
patient	TCGA-93-A4JO	TCGA-93-A4JO	HNF4A	LUAD_LINEAGE_POSITIVE_CONTROL	TESTED	JASPAR2024|000410|MA0114.5	0.941	0.034304669554407634	FALSE
patient	TCGA-93-A4JO	TCGA-93-A4JO	NFATC4	LUAD_HC_TF	TESTED	JASPAR2024|000506|MA1525.3	0.0037	0.17656720081065444	FALSE
patient	TCGA-93-A4JO	TCGA-93-A4JO	NKX2-1	LUAD_LINEAGE_POSITIVE_CONTROL	TESTED	JASPAR2024|000822|MA1994.2	0.1958	0.18307956334533923	FALSE
patient	TCGA-93-A4JO	TCGA-93-A4JO	NR3C2	LUAD_HC_TF	TESTED	JASPAR2024|000539|MA0727.2	0.953	-0.053152995424232824	FALSE
patient	TCGA-93-A4JO	TCGA-93-A4JO	XBP1	LUAD_HC_TF	TESTED	JASPAR2024|000675|MA0844.2	0.0239	0.12405380668181447	FALSE
patient	TCGA-93-A4JO	TCGA-93-A4JO	ZBTB18	LUAD_HC_TF	TESTED	JASPAR2024|000681|MA0698.2	0.941	0.007268608807237826	FALSE
patient	TCGA-93-A4JO	TCGA-93-A4JO	ZNF141	LUAD_HC_TF	TESTED	CIS-BP2.00|000653|M07586_2.00	0.3338	0.043050793361556296	FALSE
patient	TCGA-93-A4JO	TCGA-93-A4JO	ZNF19	LUAD_HC_TF	TESTED	CIS-BP2.00|000670|M07603_2.00	0.3278	-0.038150241008012606	FALSE
patient	TCGA-93-A4JO	TCGA-93-A4JO	ZNF254	LUAD_HC_TF	TESTED	CIS-BP2.00|000827|M07760_2.00	1.0	-0.2064038588126478	FALSE
patient	TCGA-93-A4JO	TCGA-93-A4JO	ZNF281	LUAD_HC_TF	TESTED	JASPAR2024|000706|MA1630.3	0.953	-0.05208463710486538	FALSE
patient	TCGA-93-A4JO	TCGA-93-A4JO	ZNF33A	LUAD_HC_TF	TESTED	CIS-BP2.00|000762|M07695_2.00	0.0051	0.2591093891950524	FALSE
patient	TCGA-93-A4JO	TCGA-93-A4JO	ZNF33B	LUAD_HC_TF	TESTED	CIS-BP2.00|000777|M07710_2.00	0.5897	0.015650059773834667	FALSE
patient	TCGA-93-A4JO	TCGA-93-A4JO	ZNF341	LUAD_HC_TF	TESTED	JASPAR2024|000712|MA1655.2	0.941	0.7151105678626548	FALSE
patient	TCGA-93-A4JO	TCGA-93-A4JO	ZNF444	LUAD_HC_TF	TESTED	CIS-BP2.00|000420|M04529_2.00	0.0066	0.14549775526295972	FALSE
patient	TCGA-93-A4JO	TCGA-93-A4JO	ZNF540	LUAD_HC_TF	TESTED	CIS-BP2.00|000701|M07634_2.00	1.0	-0.041907552238635	FALSE
patient	TCGA-93-A4JO	TCGA-93-A4JO	ZNF75D	LUAD_HC_TF	TESTED	JASPAR2024|000169|MA1601.2	0.941	0.006910100674597314	FALSE
patient	TCGA-93-A4JQ	TCGA-93-A4JQ	CEBPA	LUAD_LINEAGE_POSITIVE_CONTROL	TESTED	JASPAR2024|000234|MA0102.5	0.64	0.029472193286357036	FALSE
patient	TCGA-93-A4JQ	TCGA-93-A4JQ	CEBPB	LUAD_LINEAGE_POSITIVE_CONTROL	TESTED	JASPAR2024|000235|MA0466.4	0.253	0.13228353938693976	FALSE
patient	TCGA-93-A4JQ	TCGA-93-A4JQ	CREB3L2	LUAD_HC_TF	TESTED	JASPAR2024|000025|MA0608.1	0.0942	0.10178481070864187	FALSE
patient	TCGA-93-A4JQ	TCGA-93-A4JQ	E2F5	LUAD_HC_TF	TESTED	CIS-BP2.00|000940|M08109_2.00	1.0	-0.0945795901564772	FALSE
patient	TCGA-93-A4JQ	TCGA-93-A4JQ	ELF3	LUAD_HC_TF_AND_LINEAGE_POSITIVE_CONTROL	TESTED	JASPAR2024|000276|MA0640.3	0.0733	1.4244925954168293	FALSE
patient	TCGA-93-A4JQ	TCGA-93-A4JQ	ETV1	LUAD_HC_TF	TESTED	JASPAR2024|000311|MA0761.3	0.1869	0.4975961983460858	FALSE
patient	TCGA-93-A4JQ	TCGA-93-A4JQ	FOXA1	LUAD_LINEAGE_POSITIVE_CONTROL	TESTED	JASPAR2024|000356|MA0148.5	1.0	-0.036547127847869704	FALSE
patient	TCGA-93-A4JQ	TCGA-93-A4JQ	FOXA2	LUAD_LINEAGE_POSITIVE_CONTROL	TESTED	JASPAR2024|000357|MA0047.4	0.64	0.035802102965581006	FALSE
patient	TCGA-93-A4JQ	TCGA-93-A4JQ	FOXA3	LUAD_HC_TF	TESTED	JASPAR2024|000358|MA1683.2	1.0	-0.038947685957470314	FALSE
patient	TCGA-93-A4JQ	TCGA-93-A4JQ	FOXD2	LUAD_HC_TF	TESTED	JASPAR2024|000361|MA0847.4	0.1112	0.09330660729517465	FALSE
patient	TCGA-93-A4JQ	TCGA-93-A4JQ	GATA6	LUAD_LINEAGE_POSITIVE_CONTROL	TESTED	JASPAR2024|000382|MA1104.3	1.0	-0.093104087119059	FALSE
patient	TCGA-93-A4JQ	TCGA-93-A4JQ	HNF4A	LUAD_LINEAGE_POSITIVE_CONTROL	TESTED	JASPAR2024|000409|MA1494.2	0.8408	-0.001389905775730276	FALSE
patient	TCGA-93-A4JQ	TCGA-93-A4JQ	NFATC4	LUAD_HC_TF	TESTED	JASPAR2024|000506|MA1525.3	0.0885	0.11901986118425424	FALSE
patient	TCGA-93-A4JQ	TCGA-93-A4JQ	NKX2-1	LUAD_LINEAGE_POSITIVE_CONTROL	TESTED	JASPAR2024|000822|MA1994.2	1.0	-0.07212207238978079	FALSE
patient	TCGA-93-A4JQ	TCGA-93-A4JQ	NR3C2	LUAD_HC_TF	TESTED	JASPAR2024|000539|MA0727.2	0.7043	0.03613300202196935	FALSE
patient	TCGA-93-A4JQ	TCGA-93-A4JQ	XBP1	LUAD_HC_TF	TESTED	JASPAR2024|000675|MA0844.2	0.0994	0.09657860317999882	FALSE
patient	TCGA-93-A4JQ	TCGA-93-A4JQ	ZBTB18	LUAD_HC_TF	TESTED	JASPAR2024|000681|MA0698.2	0.8361	0.0033923940059939206	FALSE
patient	TCGA-93-A4JQ	TCGA-93-A4JQ	ZNF141	LUAD_HC_TF	TESTED	CIS-BP2.00|000653|M07586_2.00	1.0	-0.04573719011991762	FALSE
patient	TCGA-93-A4JQ	TCGA-93-A4JQ	ZNF19	LUAD_HC_TF	TESTED	CIS-BP2.00|000670|M07603_2.00	0.1398	0.8032808546302963	FALSE
patient	TCGA-93-A4JQ	TCGA-93-A4JQ	ZNF254	LUAD_HC_TF	TESTED	CIS-BP2.00|000827|M07760_2.00	1.0	-0.10362485129603552	FALSE
patient	TCGA-93-A4JQ	TCGA-93-A4JQ	ZNF281	LUAD_HC_TF	TESTED	JASPAR2024|000706|MA1630.3	1.0	-0.1240374656780264	FALSE
patient	TCGA-93-A4JQ	TCGA-93-A4JQ	ZNF33A	LUAD_HC_TF	TESTED	CIS-BP2.00|000762|M07695_2.00	0.0562	0.20515609501864812	FALSE
patient	TCGA-93-A4JQ	TCGA-93-A4JQ	ZNF33B	LUAD_HC_TF	TESTED	CIS-BP2.00|000777|M07710_2.00	0.4086	0.04390921673897183	FALSE
patient	TCGA-93-A4JQ	TCGA-93-A4JQ	ZNF341	LUAD_HC_TF	TESTED	JASPAR2024|000712|MA1655.2	1.0	-0.7665215204653276	FALSE
patient	TCGA-93-A4JQ	TCGA-93-A4JQ	ZNF444	LUAD_HC_TF	TESTED	CIS-BP2.00|000420|M04529_2.00	0.0058	0.1615394279566663	FALSE
patient	TCGA-93-A4JQ	TCGA-93-A4JQ	ZNF540	LUAD_HC_TF	TESTED	CIS-BP2.00|000701|M07634_2.00	0.226	0.07577353330705479	FALSE
patient	TCGA-93-A4JQ	TCGA-93-A4JQ	ZNF75D	LUAD_HC_TF	TESTED	JASPAR2024|000169|MA1601.2	0.0733	0.13515722923354734	FALSE
patient	TCGA-L4-A4E6	TCGA-L4-A4E6	CEBPA	LUAD_LINEAGE_POSITIVE_CONTROL	TESTED	JASPAR2024|000234|MA0102.5	0.6481	0.02736713931410778	FALSE
patient	TCGA-L4-A4E6	TCGA-L4-A4E6	CEBPB	LUAD_LINEAGE_POSITIVE_CONTROL	TESTED	JASPAR2024|000235|MA0466.4	0.0	0.6021467957816806	TRUE
patient	TCGA-L4-A4E6	TCGA-L4-A4E6	CREB3L2	LUAD_HC_TF	TESTED	JASPAR2024|000025|MA0608.1	0.2099	0.09135932364941167	FALSE
patient	TCGA-L4-A4E6	TCGA-L4-A4E6	E2F5	LUAD_HC_TF	TESTED	CIS-BP2.00|000940|M08109_2.00	1.0	-0.1703412531910697	FALSE
patient	TCGA-L4-A4E6	TCGA-L4-A4E6	ELF3	LUAD_HC_TF_AND_LINEAGE_POSITIVE_CONTROL	TESTED	JASPAR2024|000276|MA0640.3	0.5574	0.44517304833568344	FALSE
patient	TCGA-L4-A4E6	TCGA-L4-A4E6	ETV1	LUAD_HC_TF	TESTED	JASPAR2024|000652|MA1966.2	0.6365	0.09217676597114922	FALSE
patient	TCGA-L4-A4E6	TCGA-L4-A4E6	FOXA1	LUAD_LINEAGE_POSITIVE_CONTROL	TESTED	JASPAR2024|000356|MA0148.5	0.9601	-0.055037621325152775	FALSE
patient	TCGA-L4-A4E6	TCGA-L4-A4E6	FOXA2	LUAD_LINEAGE_POSITIVE_CONTROL	TESTED	JASPAR2024|000357|MA0047.4	0.8665	-0.017103888974711	FALSE
patient	TCGA-L4-A4E6	TCGA-L4-A4E6	FOXA3	LUAD_HC_TF	TESTED	JASPAR2024|000358|MA1683.2	0.9768	-0.10777795994971484	FALSE
patient	TCGA-L4-A4E6	TCGA-L4-A4E6	FOXD2	LUAD_HC_TF	TESTED	JASPAR2024|000361|MA0847.4	0.3208	0.07800952777460181	FALSE
patient	TCGA-L4-A4E6	TCGA-L4-A4E6	GATA6	LUAD_LINEAGE_POSITIVE_CONTROL	TESTED	JASPAR2024|000382|MA1104.3	0.8665	-0.021392068669362014	FALSE
patient	TCGA-L4-A4E6	TCGA-L4-A4E6	HNF4A	LUAD_LINEAGE_POSITIVE_CONTROL	TESTED	JASPAR2024|000410|MA0114.5	0.9601	-0.11896686117959857	FALSE
patient	TCGA-L4-A4E6	TCGA-L4-A4E6	NFATC4	LUAD_HC_TF	TESTED	JASPAR2024|000506|MA1525.3	0.5648	0.050057977670569555	FALSE
patient	TCGA-L4-A4E6	TCGA-L4-A4E6	NKX2-1	LUAD_LINEAGE_POSITIVE_CONTROL	TESTED	JASPAR2024|000822|MA1994.2	0.8665	-0.04064198716949447	FALSE
patient	TCGA-L4-A4E6	TCGA-L4-A4E6	NR3C2	LUAD_HC_TF	TESTED	JASPAR2024|000539|MA0727.2	0.7213	0.03416040670375119	FALSE
patient	TCGA-L4-A4E6	TCGA-L4-A4E6	XBP1	LUAD_HC_TF	TESTED	JASPAR2024|000675|MA0844.2	0.0751	0.11886319524965626	FALSE
patient	TCGA-L4-A4E6	TCGA-L4-A4E6	ZBTB18	LUAD_HC_TF	TESTED	JASPAR2024|000681|MA0698.2	0.8062	0.0006618249172790392	FALSE
patient	TCGA-L4-A4E6	TCGA-L4-A4E6	ZNF141	LUAD_HC_TF	TESTED	CIS-BP2.00|000653|M07586_2.00	0.5575	0.024505659676003145	FALSE
patient	TCGA-L4-A4E6	TCGA-L4-A4E6	ZNF19	LUAD_HC_TF	TESTED	CIS-BP2.00|000670|M07603_2.00	0.1419	1.091828195702745	FALSE
patient	TCGA-L4-A4E6	TCGA-L4-A4E6	ZNF254	LUAD_HC_TF	TESTED	CIS-BP2.00|000827|M07760_2.00	1.0	-0.14050979465182184	FALSE
patient	TCGA-L4-A4E6	TCGA-L4-A4E6	ZNF281	LUAD_HC_TF	TESTED	JASPAR2024|000706|MA1630.3	0.8062	-0.002899601700674909	FALSE
patient	TCGA-L4-A4E6	TCGA-L4-A4E6	ZNF33A	LUAD_HC_TF	TESTED	CIS-BP2.00|000762|M07695_2.00	0.5221	0.05711123098698662	FALSE
patient	TCGA-L4-A4E6	TCGA-L4-A4E6	ZNF33B	LUAD_HC_TF	TESTED	CIS-BP2.00|000777|M07710_2.00	0.5009	0.03134763906667385	FALSE
patient	TCGA-L4-A4E6	TCGA-L4-A4E6	ZNF341	LUAD_HC_TF	TESTED	JASPAR2024|000712|MA1655.2	0.6365	0.5653445845063819	FALSE
patient	TCGA-L4-A4E6	TCGA-L4-A4E6	ZNF444	LUAD_HC_TF	TESTED	CIS-BP2.00|000420|M04529_2.00	0.0003	0.19860067277946705	FALSE
patient	TCGA-L4-A4E6	TCGA-L4-A4E6	ZNF540	LUAD_HC_TF	TESTED	CIS-BP2.00|000701|M07634_2.00	0.6307	0.012634451026002868	FALSE
patient	TCGA-L4-A4E6	TCGA-L4-A4E6	ZNF75D	LUAD_HC_TF	TESTED	JASPAR2024|000169|MA1601.2	0.5648	0.05263080750871679	FALSE
patient	TCGA-L9-A8F4	TCGA-L9-A8F4	CEBPA	LUAD_LINEAGE_POSITIVE_CONTROL	TESTED	JASPAR2024|000234|MA0102.5	0.089	0.11991572088718168	FALSE
patient	TCGA-L9-A8F4	TCGA-L9-A8F4	CEBPB	LUAD_LINEAGE_POSITIVE_CONTROL	TESTED	JASPAR2024|000235|MA0466.4	0.0001	0.41517472396132915	FALSE
patient	TCGA-L9-A8F4	TCGA-L9-A8F4	CREB3L2	LUAD_HC_TF	TESTED	JASPAR2024|000025|MA0608.1	0.1382	0.09138027360753904	FALSE
patient	TCGA-L9-A8F4	TCGA-L9-A8F4	E2F5	LUAD_HC_TF	TESTED	CIS-BP2.00|000940|M08109_2.00	1.0	-0.14940345233949537	FALSE
patient	TCGA-L9-A8F4	TCGA-L9-A8F4	ELF3	LUAD_HC_TF_AND_LINEAGE_POSITIVE_CONTROL	TESTED	JASPAR2024|000276|MA0640.3	0.089	1.3762274269415622	FALSE
patient	TCGA-L9-A8F4	TCGA-L9-A8F4	ETV1	LUAD_HC_TF	TESTED	JASPAR2024|000311|MA0761.3	0.194	0.6533346221777054	FALSE
patient	TCGA-L9-A8F4	TCGA-L9-A8F4	FOXA1	LUAD_LINEAGE_POSITIVE_CONTROL	TESTED	JASPAR2024|000356|MA0148.5	0.5123	0.034937532888397106	FALSE
patient	TCGA-L9-A8F4	TCGA-L9-A8F4	FOXA2	LUAD_LINEAGE_POSITIVE_CONTROL	TESTED	JASPAR2024|000357|MA0047.4	0.267	0.08017911688634766	FALSE
patient	TCGA-L9-A8F4	TCGA-L9-A8F4	FOXA3	LUAD_HC_TF	TESTED	JASPAR2024|000358|MA1683.2	0.2745	0.08661515648107794	FALSE
patient	TCGA-L9-A8F4	TCGA-L9-A8F4	FOXD2	LUAD_HC_TF	TESTED	JASPAR2024|000361|MA0847.4	0.2457	0.0720951002022638	FALSE
patient	TCGA-L9-A8F4	TCGA-L9-A8F4	GATA6	LUAD_LINEAGE_POSITIVE_CONTROL	TESTED	JASPAR2024|000382|MA1104.3	0.8758	-0.04434276898253408	FALSE
patient	TCGA-L9-A8F4	TCGA-L9-A8F4	HNF4A	LUAD_LINEAGE_POSITIVE_CONTROL	TESTED	JASPAR2024|000410|MA0114.5	0.8103	-0.034458373147395804	FALSE
patient	TCGA-L9-A8F4	TCGA-L9-A8F4	NFATC4	LUAD_HC_TF	TESTED	JASPAR2024|000506|MA1525.3	0.0331	0.14917673598215356	FALSE
patient	TCGA-L9-A8F4	TCGA-L9-A8F4	NKX2-1	LUAD_LINEAGE_POSITIVE_CONTROL	TESTED	JASPAR2024|000822|MA1994.2	0.267	0.16356296984454155	FALSE
patient	TCGA-L9-A8F4	TCGA-L9-A8F4	NR3C2	LUAD_HC_TF	TESTED	JASPAR2024|000539|MA0727.2	0.6257	0.010551908547841238	FALSE
patient	TCGA-L9-A8F4	TCGA-L9-A8F4	XBP1	LUAD_HC_TF	TESTED	JASPAR2024|000675|MA0844.2	0.5123	0.023012795836393162	FALSE
patient	TCGA-L9-A8F4	TCGA-L9-A8F4	ZBTB18	LUAD_HC_TF	TESTED	JASPAR2024|000681|MA0698.2	0.267	0.0609855005127593	FALSE
patient	TCGA-L9-A8F4	TCGA-L9-A8F4	ZNF141	LUAD_HC_TF	TESTED	CIS-BP2.00|000653|M07586_2.00	0.7678	-0.01273209936817579	FALSE
patient	TCGA-L9-A8F4	TCGA-L9-A8F4	ZNF19	LUAD_HC_TF	TESTED	CIS-BP2.00|000670|M07603_2.00	0.068	0.19887846363937248	FALSE
patient	TCGA-L9-A8F4	TCGA-L9-A8F4	ZNF254	LUAD_HC_TF	TESTED	CIS-BP2.00|000827|M07760_2.00	1.0	-0.18457153076502353	FALSE
patient	TCGA-L9-A8F4	TCGA-L9-A8F4	ZNF281	LUAD_HC_TF	TESTED	JASPAR2024|000706|MA1630.3	0.8768	-0.05401007279156277	FALSE
patient	TCGA-L9-A8F4	TCGA-L9-A8F4	ZNF33A	LUAD_HC_TF	TESTED	CIS-BP2.00|000762|M07695_2.00	0.6692	-0.0031824179646191995	FALSE
patient	TCGA-L9-A8F4	TCGA-L9-A8F4	ZNF33B	LUAD_HC_TF	TESTED	CIS-BP2.00|000777|M07710_2.00	0.4646	0.031048629478973497	FALSE
patient	TCGA-L9-A8F4	TCGA-L9-A8F4	ZNF341	LUAD_HC_TF	TESTED	JASPAR2024|000712|MA1655.2	0.6257	1.0818422864377326	FALSE
patient	TCGA-L9-A8F4	TCGA-L9-A8F4	ZNF444	LUAD_HC_TF	TESTED	CIS-BP2.00|000420|M04529_2.00	0.0002	0.1993660997990755	FALSE
patient	TCGA-L9-A8F4	TCGA-L9-A8F4	ZNF540	LUAD_HC_TF	TESTED	CIS-BP2.00|000701|M07634_2.00	0.9735	-0.04159125916141315	FALSE
patient	TCGA-L9-A8F4	TCGA-L9-A8F4	ZNF75D	LUAD_HC_TF	TESTED	JASPAR2024|000169|MA1601.2	0.2741	0.06016333446622803	FALSE
patient	TCGA-MP-A4SV	TCGA-MP-A4SV	CEBPA	LUAD_LINEAGE_POSITIVE_CONTROL	TESTED	JASPAR2024|000234|MA0102.5	0.1967	0.07478517386307387	FALSE
patient	TCGA-MP-A4SV	TCGA-MP-A4SV	CEBPB	LUAD_LINEAGE_POSITIVE_CONTROL	TESTED	JASPAR2024|000235|MA0466.4	0.0002	0.3992447249050144	FALSE
patient	TCGA-MP-A4SV	TCGA-MP-A4SV	CREB3L2	LUAD_HC_TF	TESTED	JASPAR2024|000025|MA0608.1	0.0429	0.11614503566067326	FALSE
patient	TCGA-MP-A4SV	TCGA-MP-A4SV	E2F5	LUAD_HC_TF	TESTED	CIS-BP2.00|000940|M08109_2.00	0.5078	0.024068860438773307	FALSE
patient	TCGA-MP-A4SV	TCGA-MP-A4SV	ELF3	LUAD_HC_TF_AND_LINEAGE_POSITIVE_CONTROL	TESTED	JASPAR2024|000276|MA0640.3	0.6202	0.01185840915498427	FALSE
patient	TCGA-MP-A4SV	TCGA-MP-A4SV	ETV1	LUAD_HC_TF	TESTED	JASPAR2024|000311|MA0761.3	0.3273	0.26579442102596157	FALSE
patient	TCGA-MP-A4SV	TCGA-MP-A4SV	FOXA1	LUAD_LINEAGE_POSITIVE_CONTROL	TESTED	JASPAR2024|000356|MA0148.5	0.6202	-0.0009612601524888004	FALSE
patient	TCGA-MP-A4SV	TCGA-MP-A4SV	FOXA2	LUAD_LINEAGE_POSITIVE_CONTROL	TESTED	JASPAR2024|000357|MA0047.4	0.4371	0.04318039477908707	FALSE
patient	TCGA-MP-A4SV	TCGA-MP-A4SV	FOXA3	LUAD_HC_TF	TESTED	JASPAR2024|000358|MA1683.2	0.6202	0.014179901870317365	FALSE
patient	TCGA-MP-A4SV	TCGA-MP-A4SV	FOXD2	LUAD_HC_TF	TESTED	JASPAR2024|000361|MA0847.4	0.0816	0.09944428507812057	FALSE
patient	TCGA-MP-A4SV	TCGA-MP-A4SV	GATA6	LUAD_LINEAGE_POSITIVE_CONTROL	TESTED	JASPAR2024|000382|MA1104.3	0.6202	0.0010535312599344242	FALSE
patient	TCGA-MP-A4SV	TCGA-MP-A4SV	HNF4A	LUAD_LINEAGE_POSITIVE_CONTROL	TESTED	JASPAR2024|000409|MA1494.2	0.6202	0.02479092636929846	FALSE
patient	TCGA-MP-A4SV	TCGA-MP-A4SV	NFATC4	LUAD_HC_TF	TESTED	JASPAR2024|000506|MA1525.3	0.1261	0.08748609441523578	FALSE
patient	TCGA-MP-A4SV	TCGA-MP-A4SV	NKX2-1	LUAD_LINEAGE_POSITIVE_CONTROL	TESTED	JASPAR2024|000822|MA1994.2	0.0429	0.27959940024191876	FALSE
patient	TCGA-MP-A4SV	TCGA-MP-A4SV	NR3C2	LUAD_HC_TF	TESTED	JASPAR2024|000539|MA0727.2	0.0272	0.24677377123345243	FALSE
patient	TCGA-MP-A4SV	TCGA-MP-A4SV	XBP1	LUAD_HC_TF	TESTED	JASPAR2024|000675|MA0844.2	0.0002	0.2048185171645	FALSE
patient	TCGA-MP-A4SV	TCGA-MP-A4SV	ZBTB18	LUAD_HC_TF	TESTED	JASPAR2024|000681|MA0698.2	0.6202	0.011145787839311071	FALSE
patient	TCGA-MP-A4SV	TCGA-MP-A4SV	ZNF141	LUAD_HC_TF	TESTED	CIS-BP2.00|000653|M07586_2.00	0.5078	0.025817631355974088	FALSE
patient	TCGA-MP-A4SV	TCGA-MP-A4SV	ZNF19	LUAD_HC_TF	TESTED	CIS-BP2.00|000670|M07603_2.00	0.9172	-0.5438045413240137	FALSE
patient	TCGA-MP-A4SV	TCGA-MP-A4SV	ZNF254	LUAD_HC_TF	TESTED	CIS-BP2.00|000827|M07760_2.00	1.0	-0.2158706556248406	FALSE
patient	TCGA-MP-A4SV	TCGA-MP-A4SV	ZNF281	LUAD_HC_TF	TESTED	JASPAR2024|000706|MA1630.3	0.6202	0.02311544156590687	FALSE
patient	TCGA-MP-A4SV	TCGA-MP-A4SV	ZNF33A	LUAD_HC_TF	TESTED	CIS-BP2.00|000762|M07695_2.00	0.0054	0.24947182997212378	FALSE
patient	TCGA-MP-A4SV	TCGA-MP-A4SV	ZNF33B	LUAD_HC_TF	TESTED	CIS-BP2.00|000777|M07710_2.00	0.0438	0.10283110967548327	FALSE
patient	TCGA-MP-A4SV	TCGA-MP-A4SV	ZNF341	LUAD_HC_TF	TESTED	JASPAR2024|000712|MA1655.2	0.7351	-0.39138549199282785	FALSE
patient	TCGA-MP-A4SV	TCGA-MP-A4SV	ZNF444	LUAD_HC_TF	TESTED	CIS-BP2.00|000420|M04529_2.00	0.0001	0.20842469729213145	FALSE
patient	TCGA-MP-A4SV	TCGA-MP-A4SV	ZNF540	LUAD_HC_TF	TESTED	CIS-BP2.00|000701|M07634_2.00	1.0	-0.06549884014641572	FALSE
patient	TCGA-MP-A4SV	TCGA-MP-A4SV	ZNF75D	LUAD_HC_TF	TESTED	JASPAR2024|000169|MA1601.2	0.1097	0.09461118321724005	FALSE
patient	TCGA-MP-A4T4	TCGA-MP-A4T4	CEBPA	LUAD_LINEAGE_POSITIVE_CONTROL	TESTED	JASPAR2024|000234|MA0102.5	0.6007	0.018460525482283847	FALSE
patient	TCGA-MP-A4T4	TCGA-MP-A4T4	CEBPB	LUAD_LINEAGE_POSITIVE_CONTROL	TESTED	JASPAR2024|000235|MA0466.4	0.0132	0.30538098287718507	FALSE
patient	TCGA-MP-A4T4	TCGA-MP-A4T4	CREB3L2	LUAD_HC_TF	TESTED	JASPAR2024|000025|MA0608.1	0.0188	0.14142880786054185	FALSE
patient	TCGA-MP-A4T4	TCGA-MP-A4T4	E2F5	LUAD_HC_TF	TESTED	CIS-BP2.00|000940|M08109_2.00	1.0	-0.12352135405106829	FALSE
patient	TCGA-MP-A4T4	TCGA-MP-A4T4	ELF3	LUAD_HC_TF_AND_LINEAGE_POSITIVE_CONTROL	TESTED	JASPAR2024|000276|MA0640.3	0.0673	1.452289783786508	FALSE
patient	TCGA-MP-A4T4	TCGA-MP-A4T4	ETV1	LUAD_HC_TF	TESTED	JASPAR2024|000311|MA0761.3	0.0673	0.8368442097058518	FALSE
patient	TCGA-MP-A4T4	TCGA-MP-A4T4	FOXA1	LUAD_LINEAGE_POSITIVE_CONTROL	TESTED	JASPAR2024|000356|MA0148.5	0.6816	0.007911152089462645	FALSE
patient	TCGA-MP-A4T4	TCGA-MP-A4T4	FOXA2	LUAD_LINEAGE_POSITIVE_CONTROL	TESTED	JASPAR2024|000357|MA0047.4	0.6816	0.0071907209199918165	FALSE
patient	TCGA-MP-A4T4	TCGA-MP-A4T4	FOXA3	LUAD_HC_TF	TESTED	JASPAR2024|000358|MA1683.2	0.2699	0.09259857851390853	FALSE
patient	TCGA-MP-A4T4	TCGA-MP-A4T4	FOXD2	LUAD_HC_TF	TESTED	JASPAR2024|000361|MA0847.4	0.0673	0.1046160207431532	FALSE
patient	TCGA-MP-A4T4	TCGA-MP-A4T4	GATA6	LUAD_LINEAGE_POSITIVE_CONTROL	TESTED	JASPAR2024|000382|MA1104.3	1.0	-0.09660761829069917	FALSE
patient	TCGA-MP-A4T4	TCGA-MP-A4T4	HNF4A	LUAD_LINEAGE_POSITIVE_CONTROL	TESTED	JASPAR2024|000410|MA0114.5	0.6816	0.015083994293805157	FALSE
patient	TCGA-MP-A4T4	TCGA-MP-A4T4	NFATC4	LUAD_HC_TF	TESTED	JASPAR2024|000506|MA1525.3	0.0338	0.13825940955736526	FALSE
patient	TCGA-MP-A4T4	TCGA-MP-A4T4	NKX2-1	LUAD_LINEAGE_POSITIVE_CONTROL	TESTED	JASPAR2024|000822|MA1994.2	1.0	-0.1538172380488643	FALSE
patient	TCGA-MP-A4T4	TCGA-MP-A4T4	NR3C2	LUAD_HC_TF	TESTED	JASPAR2024|000539|MA0727.2	0.2144	0.14072801710305452	FALSE
patient	TCGA-MP-A4T4	TCGA-MP-A4T4	XBP1	LUAD_HC_TF	TESTED	JASPAR2024|000675|MA0844.2	0.2657	0.06258479657382959	FALSE
patient	TCGA-MP-A4T4	TCGA-MP-A4T4	ZBTB18	LUAD_HC_TF	TESTED	JASPAR2024|000681|MA0698.2	0.2699	0.05910735442654516	FALSE
patient	TCGA-MP-A4T4	TCGA-MP-A4T4	ZNF141	LUAD_HC_TF	TESTED	CIS-BP2.00|000653|M07586_2.00	1.0	-0.005097623854260657	FALSE
patient	TCGA-MP-A4T4	TCGA-MP-A4T4	ZNF19	LUAD_HC_TF	TESTED	CIS-BP2.00|000670|M07603_2.00	1.0	-0.21337269829520372	FALSE
patient	TCGA-MP-A4T4	TCGA-MP-A4T4	ZNF254	LUAD_HC_TF	TESTED	CIS-BP2.00|000827|M07760_2.00	1.0	-0.28299619739510573	FALSE
patient	TCGA-MP-A4T4	TCGA-MP-A4T4	ZNF281	LUAD_HC_TF	TESTED	JASPAR2024|000706|MA1630.3	0.684	-0.007294890146543255	FALSE
patient	TCGA-MP-A4T4	TCGA-MP-A4T4	ZNF33A	LUAD_HC_TF	TESTED	CIS-BP2.00|000762|M07695_2.00	0.2159	0.13264028719970422	FALSE
patient	TCGA-MP-A4T4	TCGA-MP-A4T4	ZNF33B	LUAD_HC_TF	TESTED	CIS-BP2.00|000777|M07710_2.00	1.0	-0.03394123159610626	FALSE
patient	TCGA-MP-A4T4	TCGA-MP-A4T4	ZNF341	LUAD_HC_TF	TESTED	JASPAR2024|000712|MA1655.2	0.3875	1.0193870868603467	FALSE
patient	TCGA-MP-A4T4	TCGA-MP-A4T4	ZNF444	LUAD_HC_TF	TESTED	CIS-BP2.00|000420|M04529_2.00	0.0062	0.15565975374093433	FALSE
patient	TCGA-MP-A4T4	TCGA-MP-A4T4	ZNF540	LUAD_HC_TF	TESTED	CIS-BP2.00|000701|M07634_2.00	1.0	-0.016618375902379218	FALSE
patient	TCGA-MP-A4T4	TCGA-MP-A4T4	ZNF75D	LUAD_HC_TF	TESTED	JASPAR2024|000169|MA1601.2	0.2699	0.06172481889171522	FALSE
patient	TCGA-MP-A4T7	TCGA-MP-A4T7	CEBPA	LUAD_LINEAGE_POSITIVE_CONTROL	TESTED	JASPAR2024|000234|MA0102.5	0.6682	-0.000636150703610423	FALSE
patient	TCGA-MP-A4T7	TCGA-MP-A4T7	CEBPB	LUAD_LINEAGE_POSITIVE_CONTROL	TESTED	JASPAR2024|000235|MA0466.4	0.0	0.5496741239925859	TRUE
patient	TCGA-MP-A4T7	TCGA-MP-A4T7	CREB3L2	LUAD_HC_TF	TESTED	JASPAR2024|000025|MA0608.1	0.0465	0.10176643422594163	FALSE
patient	TCGA-MP-A4T7	TCGA-MP-A4T7	E2F5	LUAD_HC_TF	TESTED	CIS-BP2.00|000940|M08109_2.00	1.0	-0.021072492794114706	FALSE
patient	TCGA-MP-A4T7	TCGA-MP-A4T7	ELF3	LUAD_HC_TF_AND_LINEAGE_POSITIVE_CONTROL	TESTED	JASPAR2024|000276|MA0640.3	0.0005	1.5451082978682862	FALSE
patient	TCGA-MP-A4T7	TCGA-MP-A4T7	ETV1	LUAD_HC_TF	TESTED	JASPAR2024|000311|MA0761.3	0.0435	0.5041938079265202	FALSE
patient	TCGA-MP-A4T7	TCGA-MP-A4T7	FOXA1	LUAD_LINEAGE_POSITIVE_CONTROL	TESTED	JASPAR2024|000356|MA0148.5	0.6682	0.006300520065197912	FALSE
patient	TCGA-MP-A4T7	TCGA-MP-A4T7	FOXA2	LUAD_LINEAGE_POSITIVE_CONTROL	TESTED	JASPAR2024|000357|MA0047.4	0.6682	0.005022482437031162	FALSE
patient	TCGA-MP-A4T7	TCGA-MP-A4T7	FOXA3	LUAD_HC_TF	TESTED	JASPAR2024|000358|MA1683.2	0.6682	0.010079770002381777	FALSE
patient	TCGA-MP-A4T7	TCGA-MP-A4T7	FOXD2	LUAD_HC_TF	TESTED	JASPAR2024|000361|MA0847.4	0.0079	0.14598924146916115	FALSE
patient	TCGA-MP-A4T7	TCGA-MP-A4T7	GATA6	LUAD_LINEAGE_POSITIVE_CONTROL	TESTED	JASPAR2024|000382|MA1104.3	1.0	-0.1208487143459902	FALSE
patient	TCGA-MP-A4T7	TCGA-MP-A4T7	HNF4A	LUAD_LINEAGE_POSITIVE_CONTROL	TESTED	JASPAR2024|000409|MA1494.2	0.8273	-0.050159798641251	FALSE
patient	TCGA-MP-A4T7	TCGA-MP-A4T7	NFATC4	LUAD_HC_TF	TESTED	JASPAR2024|000506|MA1525.3	0.0679	0.09852334337984188	FALSE
patient	TCGA-MP-A4T7	TCGA-MP-A4T7	NKX2-1	LUAD_LINEAGE_POSITIVE_CONTROL	TESTED	JASPAR2024|000822|MA1994.2	0.6682	-0.03375795976693306	FALSE
patient	TCGA-MP-A4T7	TCGA-MP-A4T7	NR3C2	LUAD_HC_TF	TESTED	JASPAR2024|000539|MA0727.2	0.6682	0.03976197246442431	FALSE
patient	TCGA-MP-A4T7	TCGA-MP-A4T7	XBP1	LUAD_HC_TF	TESTED	JASPAR2024|000675|MA0844.2	0.0018	0.16589077288316215	FALSE
patient	TCGA-MP-A4T7	TCGA-MP-A4T7	ZBTB18	LUAD_HC_TF	TESTED	JASPAR2024|000681|MA0698.2	0.6682	0.013248941311364334	FALSE
patient	TCGA-MP-A4T7	TCGA-MP-A4T7	ZNF141	LUAD_HC_TF	TESTED	CIS-BP2.00|000653|M07586_2.00	0.3137	0.060949273897461805	FALSE
patient	TCGA-MP-A4T7	TCGA-MP-A4T7	ZNF19	LUAD_HC_TF	TESTED	CIS-BP2.00|000670|M07603_2.00	0.1083	0.7973787935161055	FALSE
patient	TCGA-MP-A4T7	TCGA-MP-A4T7	ZNF254	LUAD_HC_TF	TESTED	CIS-BP2.00|000827|M07760_2.00	1.0	-0.21158179840106756	FALSE
patient	TCGA-MP-A4T7	TCGA-MP-A4T7	ZNF281	LUAD_HC_TF	TESTED	JASPAR2024|000706|MA1630.3	0.6682	0.004100038407424632	FALSE
patient	TCGA-MP-A4T7	TCGA-MP-A4T7	ZNF33A	LUAD_HC_TF	TESTED	CIS-BP2.00|000762|M07695_2.00	0.3679	0.08424484637140876	FALSE
patient	TCGA-MP-A4T7	TCGA-MP-A4T7	ZNF33B	LUAD_HC_TF	TESTED	CIS-BP2.00|000777|M07710_2.00	0.4991	0.03315282443232471	FALSE
patient	TCGA-MP-A4T7	TCGA-MP-A4T7	ZNF341	LUAD_HC_TF	TESTED	JASPAR2024|000712|MA1655.2	0.5618	-1.8058561810347111	FALSE
patient	TCGA-MP-A4T7	TCGA-MP-A4T7	ZNF444	LUAD_HC_TF	TESTED	CIS-BP2.00|000420|M04529_2.00	0.0	0.25113284963290944	TRUE
patient	TCGA-MP-A4T7	TCGA-MP-A4T7	ZNF540	LUAD_HC_TF	TESTED	CIS-BP2.00|000701|M07634_2.00	1.0	-0.04301512413150582	FALSE
patient	TCGA-MP-A4T7	TCGA-MP-A4T7	ZNF75D	LUAD_HC_TF	TESTED	JASPAR2024|000169|MA1601.2	0.0435	0.11839559182177097	FALSE
patient	TCGA-MP-A4TE	TCGA-MP-A4TE	CEBPA	LUAD_LINEAGE_POSITIVE_CONTROL	TESTED	JASPAR2024|000234|MA0102.5	0.1204	0.10281068260988215	FALSE
patient	TCGA-MP-A4TE	TCGA-MP-A4TE	CEBPB	LUAD_LINEAGE_POSITIVE_CONTROL	TESTED	JASPAR2024|000235|MA0466.4	0.0	0.5883542858133877	TRUE
patient	TCGA-MP-A4TE	TCGA-MP-A4TE	CREB3L2	LUAD_HC_TF	TESTED	JASPAR2024|000025|MA0608.1	0.223	0.07209082787451182	FALSE
patient	TCGA-MP-A4TE	TCGA-MP-A4TE	E2F5	LUAD_HC_TF	TESTED	CIS-BP2.00|000940|M08109_2.00	1.0	-0.04955210540049049	FALSE
patient	TCGA-MP-A4TE	TCGA-MP-A4TE	ELF3	LUAD_HC_TF_AND_LINEAGE_POSITIVE_CONTROL	TESTED	JASPAR2024|000276|MA0640.3	0.3733	0.7176219045642629	FALSE
patient	TCGA-MP-A4TE	TCGA-MP-A4TE	ETV1	LUAD_HC_TF	TESTED	JASPAR2024|000652|MA1966.2	0.3733	0.1734297309493337	FALSE
patient	TCGA-MP-A4TE	TCGA-MP-A4TE	FOXA1	LUAD_LINEAGE_POSITIVE_CONTROL	TESTED	JASPAR2024|000356|MA0148.5	0.5315	0.03239945600552142	FALSE
patient	TCGA-MP-A4TE	TCGA-MP-A4TE	FOXA2	LUAD_LINEAGE_POSITIVE_CONTROL	TESTED	JASPAR2024|000357|MA0047.4	0.2558	0.08108729867953256	FALSE
patient	TCGA-MP-A4TE	TCGA-MP-A4TE	FOXA3	LUAD_HC_TF	TESTED	JASPAR2024|000358|MA1683.2	0.3733	0.08269159937953387	FALSE
patient	TCGA-MP-A4TE	TCGA-MP-A4TE	FOXD2	LUAD_HC_TF	TESTED	JASPAR2024|000361|MA0847.4	0.0256	0.14204421210988968	FALSE
patient	TCGA-MP-A4TE	TCGA-MP-A4TE	GATA6	LUAD_LINEAGE_POSITIVE_CONTROL	TESTED	JASPAR2024|000382|MA1104.3	1.0	-0.05256962142879715	FALSE
patient	TCGA-MP-A4TE	TCGA-MP-A4TE	HNF4A	LUAD_LINEAGE_POSITIVE_CONTROL	TESTED	JASPAR2024|000409|MA1494.2	1.0	-0.09679780763490396	FALSE
patient	TCGA-MP-A4TE	TCGA-MP-A4TE	NFATC4	LUAD_HC_TF	TESTED	JASPAR2024|000506|MA1525.3	0.0318	0.141925648305061	FALSE
patient	TCGA-MP-A4TE	TCGA-MP-A4TE	NKX2-1	LUAD_LINEAGE_POSITIVE_CONTROL	TESTED	JASPAR2024|000822|MA1994.2	0.9642	-0.049545084753409636	FALSE
patient	TCGA-MP-A4TE	TCGA-MP-A4TE	NR3C2	LUAD_HC_TF	TESTED	JASPAR2024|000539|MA0727.2	0.3733	0.08576928175364835	FALSE
patient	TCGA-MP-A4TE	TCGA-MP-A4TE	XBP1	LUAD_HC_TF	TESTED	JASPAR2024|000675|MA0844.2	0.0663	0.10623595623701747	FALSE
patient	TCGA-MP-A4TE	TCGA-MP-A4TE	ZBTB18	LUAD_HC_TF	TESTED	JASPAR2024|000681|MA0698.2	0.8518	-0.010715823000835605	FALSE
patient	TCGA-MP-A4TE	TCGA-MP-A4TE	ZNF141	LUAD_HC_TF	TESTED	CIS-BP2.00|000653|M07586_2.00	0.8981	-0.008047365446987658	FALSE
patient	TCGA-MP-A4TE	TCGA-MP-A4TE	ZNF19	LUAD_HC_TF	TESTED	CIS-BP2.00|000670|M07603_2.00	0.2417	0.8621641679104171	FALSE
patient	TCGA-MP-A4TE	TCGA-MP-A4TE	ZNF254	LUAD_HC_TF	TESTED	CIS-BP2.00|000827|M07760_2.00	1.0	-0.31713636635511067	FALSE
patient	TCGA-MP-A4TE	TCGA-MP-A4TE	ZNF281	LUAD_HC_TF	TESTED	JASPAR2024|000706|MA1630.3	1.0	-0.11074027096944182	FALSE
patient	TCGA-MP-A4TE	TCGA-MP-A4TE	ZNF33A	LUAD_HC_TF	TESTED	CIS-BP2.00|000762|M07695_2.00	0.4429	0.09642550519280375	FALSE
patient	TCGA-MP-A4TE	TCGA-MP-A4TE	ZNF33B	LUAD_HC_TF	TESTED	CIS-BP2.00|000777|M07710_2.00	1.0	-0.05212599978439125	FALSE
patient	TCGA-MP-A4TE	TCGA-MP-A4TE	ZNF341	LUAD_HC_TF	TESTED	JASPAR2024|000712|MA1655.2	1.0	0.1764281977687357	FALSE
patient	TCGA-MP-A4TE	TCGA-MP-A4TE	ZNF444	LUAD_HC_TF	TESTED	CIS-BP2.00|000420|M04529_2.00	0.0069	0.15767540548583997	FALSE
patient	TCGA-MP-A4TE	TCGA-MP-A4TE	ZNF540	LUAD_HC_TF	TESTED	CIS-BP2.00|000701|M07634_2.00	0.5362	0.03571798804822761	FALSE
patient	TCGA-MP-A4TE	TCGA-MP-A4TE	ZNF75D	LUAD_HC_TF	TESTED	JASPAR2024|000169|MA1601.2	0.0318	0.13687377803611747	FALSE
patient	TCGA-MP-A4TF	TCGA-MP-A4TF	CEBPA	LUAD_LINEAGE_POSITIVE_CONTROL	TESTED	JASPAR2024|000234|MA0102.5	0.2537	0.07071672693700995	FALSE
patient	TCGA-MP-A4TF	TCGA-MP-A4TF	CEBPB	LUAD_LINEAGE_POSITIVE_CONTROL	TESTED	JASPAR2024|000235|MA0466.4	0.0104	0.277008871937877	FALSE
patient	TCGA-MP-A4TF	TCGA-MP-A4TF	CREB3L2	LUAD_HC_TF	TESTED	JASPAR2024|000025|MA0608.1	0.0063	0.151269207096655	FALSE
patient	TCGA-MP-A4TF	TCGA-MP-A4TF	E2F5	LUAD_HC_TF	TESTED	CIS-BP2.00|000940|M08109_2.00	1.0	-0.04174486622354355	FALSE
patient	TCGA-MP-A4TF	TCGA-MP-A4TF	ELF3	LUAD_HC_TF_AND_LINEAGE_POSITIVE_CONTROL	TESTED	JASPAR2024|000276|MA0640.3	0.0172	1.3966293948685136	FALSE
patient	TCGA-MP-A4TF	TCGA-MP-A4TF	ETV1	LUAD_HC_TF	TESTED	JASPAR2024|000311|MA0761.3	0.0739	0.7018875201013782	FALSE
patient	TCGA-MP-A4TF	TCGA-MP-A4TF	FOXA1	LUAD_LINEAGE_POSITIVE_CONTROL	TESTED	JASPAR2024|000356|MA0148.5	0.7504	0.0006151596233740122	FALSE
patient	TCGA-MP-A4TF	TCGA-MP-A4TF	FOXA2	LUAD_LINEAGE_POSITIVE_CONTROL	TESTED	JASPAR2024|000357|MA0047.4	0.8271	-0.018587403285280232	FALSE
patient	TCGA-MP-A4TF	TCGA-MP-A4TF	FOXA3	LUAD_HC_TF	TESTED	JASPAR2024|000358|MA1683.2	0.8806	-0.04112494855749721	FALSE
patient	TCGA-MP-A4TF	TCGA-MP-A4TF	FOXD2	LUAD_HC_TF	TESTED	JASPAR2024|000361|MA0847.4	0.4383	0.03797768887398511	FALSE
patient	TCGA-MP-A4TF	TCGA-MP-A4TF	GATA6	LUAD_LINEAGE_POSITIVE_CONTROL	TESTED	JASPAR2024|000382|MA1104.3	0.6533	0.015903567086098025	FALSE
patient	TCGA-MP-A4TF	TCGA-MP-A4TF	HNF4A	LUAD_LINEAGE_POSITIVE_CONTROL	TESTED	JASPAR2024|000409|MA1494.2	0.7504	0.002182767559570642	FALSE
patient	TCGA-MP-A4TF	TCGA-MP-A4TF	NFATC4	LUAD_HC_TF	TESTED	JASPAR2024|000506|MA1525.3	0.0036	0.1816464870000384	FALSE
patient	TCGA-MP-A4TF	TCGA-MP-A4TF	NKX2-1	LUAD_LINEAGE_POSITIVE_CONTROL	TESTED	JASPAR2024|000822|MA1994.2	0.8806	-0.07752566455886965	FALSE
patient	TCGA-MP-A4TF	TCGA-MP-A4TF	NR3C2	LUAD_HC_TF	TESTED	JASPAR2024|000539|MA0727.2	0.2537	0.11946927549161193	FALSE
patient	TCGA-MP-A4TF	TCGA-MP-A4TF	XBP1	LUAD_HC_TF	TESTED	JASPAR2024|000675|MA0844.2	0.0004	0.20053693426811164	FALSE
patient	TCGA-MP-A4TF	TCGA-MP-A4TF	ZBTB18	LUAD_HC_TF	TESTED	JASPAR2024|000681|MA0698.2	0.4786	0.03001384072828342	FALSE
patient	TCGA-MP-A4TF	TCGA-MP-A4TF	ZNF141	LUAD_HC_TF	TESTED	CIS-BP2.00|000653|M07586_2.00	0.3308	0.061870616087439254	FALSE
patient	TCGA-MP-A4TF	TCGA-MP-A4TF	ZNF19	LUAD_HC_TF	TESTED	CIS-BP2.00|000670|M07603_2.00	0.9872	-0.0338438143418381	FALSE
patient	TCGA-MP-A4TF	TCGA-MP-A4TF	ZNF254	LUAD_HC_TF	TESTED	CIS-BP2.00|000827|M07760_2.00	1.0	-0.16424582578958397	FALSE
patient	TCGA-MP-A4TF	TCGA-MP-A4TF	ZNF281	LUAD_HC_TF	TESTED	JASPAR2024|000706|MA1630.3	0.1897	0.0984903820590472	FALSE
patient	TCGA-MP-A4TF	TCGA-MP-A4TF	ZNF33A	LUAD_HC_TF	TESTED	CIS-BP2.00|000762|M07695_2.00	0.9872	-0.012786026233065217	FALSE
patient	TCGA-MP-A4TF	TCGA-MP-A4TF	ZNF33B	LUAD_HC_TF	TESTED	CIS-BP2.00|000777|M07710_2.00	1.0	-0.03870993975120314	FALSE
patient	TCGA-MP-A4TF	TCGA-MP-A4TF	ZNF341	LUAD_HC_TF	TESTED	JASPAR2024|000712|MA1655.2	0.8806	-0.4075573141606321	FALSE
patient	TCGA-MP-A4TF	TCGA-MP-A4TF	ZNF444	LUAD_HC_TF	TESTED	CIS-BP2.00|000420|M04529_2.00	0.0	0.24751821026293255	TRUE
patient	TCGA-MP-A4TF	TCGA-MP-A4TF	ZNF540	LUAD_HC_TF	TESTED	CIS-BP2.00|000701|M07634_2.00	1.0	-0.02337732770962263	FALSE
patient	TCGA-MP-A4TF	TCGA-MP-A4TF	ZNF75D	LUAD_HC_TF	TESTED	JASPAR2024|000169|MA1601.2	0.2537	0.06942043617667819	FALSE
patient	TCGA-NJ-A4YG	TCGA-NJ-A4YG	CEBPA	LUAD_LINEAGE_POSITIVE_CONTROL	TESTED	JASPAR2024|000234|MA0102.5	0.2635	0.059670773338227574	FALSE
patient	TCGA-NJ-A4YG	TCGA-NJ-A4YG	CEBPB	LUAD_LINEAGE_POSITIVE_CONTROL	TESTED	JASPAR2024|000235|MA0466.4	0.0107	0.2881993822060234	FALSE
patient	TCGA-NJ-A4YG	TCGA-NJ-A4YG	CREB3L2	LUAD_HC_TF	TESTED	JASPAR2024|000025|MA0608.1	0.0107	0.14944373718618115	FALSE
patient	TCGA-NJ-A4YG	TCGA-NJ-A4YG	E2F5	LUAD_HC_TF	TESTED	CIS-BP2.00|000940|M08109_2.00	1.0	-0.07683387022497684	FALSE
patient	TCGA-NJ-A4YG	TCGA-NJ-A4YG	ELF3	LUAD_HC_TF_AND_LINEAGE_POSITIVE_CONTROL	TESTED	JASPAR2024|000276|MA0640.3	0.1936	0.6640317005135207	FALSE
patient	TCGA-NJ-A4YG	TCGA-NJ-A4YG	ETV1	LUAD_HC_TF	TESTED	JASPAR2024|000311|MA0761.3	0.1936	0.4972663201491726	FALSE
patient	TCGA-NJ-A4YG	TCGA-NJ-A4YG	FOXA1	LUAD_LINEAGE_POSITIVE_CONTROL	TESTED	JASPAR2024|000356|MA0148.5	0.3493	0.045284609546268145	FALSE
patient	TCGA-NJ-A4YG	TCGA-NJ-A4YG	FOXA2	LUAD_LINEAGE_POSITIVE_CONTROL	TESTED	JASPAR2024|000357|MA0047.4	0.3202	0.051038675742047276	FALSE
patient	TCGA-NJ-A4YG	TCGA-NJ-A4YG	FOXA3	LUAD_HC_TF	TESTED	JASPAR2024|000358|MA1683.2	0.3202	0.07002741676754469	FALSE
patient	TCGA-NJ-A4YG	TCGA-NJ-A4YG	FOXD2	LUAD_HC_TF	TESTED	JASPAR2024|000361|MA0847.4	0.0032	0.1802142104900947	FALSE
patient	TCGA-NJ-A4YG	TCGA-NJ-A4YG	GATA6	LUAD_LINEAGE_POSITIVE_CONTROL	TESTED	JASPAR2024|000382|MA1104.3	0.9884	-0.06322075381377872	FALSE
patient	TCGA-NJ-A4YG	TCGA-NJ-A4YG	HNF4A	LUAD_LINEAGE_POSITIVE_CONTROL	TESTED	JASPAR2024|000409|MA1494.2	0.9884	-0.10452771802588799	FALSE
patient	TCGA-NJ-A4YG	TCGA-NJ-A4YG	NFATC4	LUAD_HC_TF	TESTED	JASPAR2024|000506|MA1525.3	0.0238	0.138793828747729	FALSE
patient	TCGA-NJ-A4YG	TCGA-NJ-A4YG	NKX2-1	LUAD_LINEAGE_POSITIVE_CONTROL	TESTED	JASPAR2024|000822|MA1994.2	0.2051	0.15450727005060128	FALSE
patient	TCGA-NJ-A4YG	TCGA-NJ-A4YG	NR3C2	LUAD_HC_TF	TESTED	JASPAR2024|000539|MA0727.2	0.5088	0.03723435264098727	FALSE
patient	TCGA-NJ-A4YG	TCGA-NJ-A4YG	XBP1	LUAD_HC_TF	TESTED	JASPAR2024|000675|MA0844.2	0.1135	0.09400484697833865	FALSE
patient	TCGA-NJ-A4YG	TCGA-NJ-A4YG	ZBTB18	LUAD_HC_TF	TESTED	JASPAR2024|000681|MA0698.2	0.7768	-0.010472167471027343	FALSE
patient	TCGA-NJ-A4YG	TCGA-NJ-A4YG	ZNF141	LUAD_HC_TF	TESTED	CIS-BP2.00|000653|M07586_2.00	0.4676	0.030151617255652727	FALSE
patient	TCGA-NJ-A4YG	TCGA-NJ-A4YG	ZNF19	LUAD_HC_TF	TESTED	CIS-BP2.00|000670|M07603_2.00	0.6538	0.048700618674006234	FALSE
patient	TCGA-NJ-A4YG	TCGA-NJ-A4YG	ZNF254	LUAD_HC_TF	TESTED	CIS-BP2.00|000827|M07760_2.00	1.0	-0.26469647346974023	FALSE
patient	TCGA-NJ-A4YG	TCGA-NJ-A4YG	ZNF281	LUAD_HC_TF	TESTED	JASPAR2024|000706|MA1630.3	0.9884	-0.06589150206674899	FALSE
patient	TCGA-NJ-A4YG	TCGA-NJ-A4YG	ZNF33A	LUAD_HC_TF	TESTED	CIS-BP2.00|000762|M07695_2.00	0.3006	0.10767106267719923	FALSE
patient	TCGA-NJ-A4YG	TCGA-NJ-A4YG	ZNF33B	LUAD_HC_TF	TESTED	CIS-BP2.00|000777|M07710_2.00	1.0	-0.06429927406813707	FALSE
patient	TCGA-NJ-A4YG	TCGA-NJ-A4YG	ZNF341	LUAD_HC_TF	TESTED	JASPAR2024|000712|MA1655.2	0.1936	2.469175497358102	FALSE
patient	TCGA-NJ-A4YG	TCGA-NJ-A4YG	ZNF444	LUAD_HC_TF	TESTED	CIS-BP2.00|000420|M04529_2.00	0.0146	0.13319502738885935	FALSE
patient	TCGA-NJ-A4YG	TCGA-NJ-A4YG	ZNF540	LUAD_HC_TF	TESTED	CIS-BP2.00|000701|M07634_2.00	0.2044	0.09043766445715903	FALSE
patient	TCGA-NJ-A4YG	TCGA-NJ-A4YG	ZNF75D	LUAD_HC_TF	TESTED	JASPAR2024|000169|MA1601.2	0.1715	0.08836677000827317	FALSE
PDX	MGH10022	MGH10022	CEBPA	LUAD_LINEAGE_POSITIVE_CONTROL	TESTED	JASPAR2024|000234|MA0102.5	0.1594	0.08119315232333117	FALSE
PDX	MGH10022	MGH10022	CEBPB	LUAD_LINEAGE_POSITIVE_CONTROL	TESTED	JASPAR2024|000235|MA0466.4	0.0001	0.3842103879668054	FALSE
PDX	MGH10022	MGH10022	CREB3L2	LUAD_HC_TF	TESTED	JASPAR2024|000025|MA0608.1	0.1451	0.08097207358099429	FALSE
PDX	MGH10022	MGH10022	E2F5	LUAD_HC_TF	TESTED	CIS-BP2.00|000940|M08109_2.00	1.0	-0.06805669449509294	FALSE
PDX	MGH10022	MGH10022	ELF3	LUAD_HC_TF_AND_LINEAGE_POSITIVE_CONTROL	TESTED	JASPAR2024|000276|MA0640.3	0.1594	0.672751801401692	FALSE
PDX	MGH10022	MGH10022	ETV1	LUAD_HC_TF	TESTED	JASPAR2024|000311|MA0761.3	0.4873	0.216556665380982	FALSE
PDX	MGH10022	MGH10022	FOXA1	LUAD_LINEAGE_POSITIVE_CONTROL	TESTED	JASPAR2024|000356|MA0148.5	0.0638	0.13800822198801946	FALSE
PDX	MGH10022	MGH10022	FOXA2	LUAD_LINEAGE_POSITIVE_CONTROL	TESTED	JASPAR2024|000357|MA0047.4	0.1594	0.0904007880787284	FALSE
PDX	MGH10022	MGH10022	FOXA3	LUAD_HC_TF	TESTED	JASPAR2024|000358|MA1683.2	0.1204	0.1388793324190918	FALSE
PDX	MGH10022	MGH10022	FOXD2	LUAD_HC_TF	TESTED	JASPAR2024|000361|MA0847.4	0.9881	-0.03469457665010652	FALSE
PDX	MGH10022	MGH10022	GATA6	LUAD_LINEAGE_POSITIVE_CONTROL	TESTED	JASPAR2024|000382|MA1104.3	0.8886	-5.5263296144293844e-05	FALSE
PDX	MGH10022	MGH10022	HNF4A	LUAD_LINEAGE_POSITIVE_CONTROL	TESTED	JASPAR2024|000410|MA0114.5	0.9678	-0.053992409896093246	FALSE
PDX	MGH10022	MGH10022	NFATC4	LUAD_HC_TF	TESTED	JASPAR2024|000506|MA1525.3	0.0	0.26015448053127727	TRUE
PDX	MGH10022	MGH10022	NKX2-1	LUAD_LINEAGE_POSITIVE_CONTROL	TESTED	JASPAR2024|000822|MA1994.2	1.0	-0.17578649784621483	FALSE
PDX	MGH10022	MGH10022	NR3C2	LUAD_HC_TF	TESTED	JASPAR2024|000539|MA0727.2	0.9881	-0.06312860748902732	FALSE
PDX	MGH10022	MGH10022	XBP1	LUAD_HC_TF	TESTED	JASPAR2024|000675|MA0844.2	0.0064	0.15119885946028547	FALSE
PDX	MGH10022	MGH10022	ZBTB18	LUAD_HC_TF	TESTED	JASPAR2024|000681|MA0698.2	1.0	-0.15269016448512826	FALSE
PDX	MGH10022	MGH10022	ZNF141	LUAD_HC_TF	TESTED	CIS-BP2.00|000653|M07586_2.00	0.8432	0.003021932735848853	FALSE
PDX	MGH10022	MGH10022	ZNF19	LUAD_HC_TF	TESTED	CIS-BP2.00|000670|M07603_2.00	0.5766	0.2640300679438634	FALSE
PDX	MGH10022	MGH10022	ZNF254	LUAD_HC_TF	TESTED	CIS-BP2.00|000827|M07760_2.00	1.0	-0.11342208967022305	FALSE
PDX	MGH10022	MGH10022	ZNF281	LUAD_HC_TF	TESTED	JASPAR2024|000706|MA1630.3	0.9071	-0.008192903539789725	FALSE
PDX	MGH10022	MGH10022	ZNF33A	LUAD_HC_TF	TESTED	CIS-BP2.00|000762|M07695_2.00	0.0498	0.22522971281608273	FALSE
PDX	MGH10022	MGH10022	ZNF33B	LUAD_HC_TF	TESTED	CIS-BP2.00|000777|M07710_2.00	1.0	-0.12028730966161806	FALSE
PDX	MGH10022	MGH10022	ZNF341	LUAD_HC_TF	TESTED	JASPAR2024|000712|MA1655.2	0.9071	0.11113543043729096	FALSE
PDX	MGH10022	MGH10022	ZNF444	LUAD_HC_TF	TESTED	CIS-BP2.00|000420|M04529_2.00	0.0763	0.11544062940182441	FALSE
PDX	MGH10022	MGH10022	ZNF540	LUAD_HC_TF	TESTED	CIS-BP2.00|000701|M07634_2.00	1.0	-0.05785912743368756	FALSE
PDX	MGH10022	MGH10022	ZNF75D	LUAD_HC_TF	TESTED	JASPAR2024|000169|MA1601.2	0.0683	0.1131021363233659	FALSE
PDX	MGH1062	MGH1062	CEBPA	LUAD_LINEAGE_POSITIVE_CONTROL	TESTED	JASPAR2024|000234|MA0102.5	0.0733	0.09270491952141019	FALSE
PDX	MGH1062	MGH1062	CEBPB	LUAD_LINEAGE_POSITIVE_CONTROL	TESTED	JASPAR2024|000235|MA0466.4	0.0	0.5049644408435539	TRUE
PDX	MGH1062	MGH1062	CREB3L2	LUAD_HC_TF	TESTED	JASPAR2024|000025|MA0608.1	0.0898	0.07769708866358811	FALSE
PDX	MGH1062	MGH1062	E2F5	LUAD_HC_TF	TESTED	CIS-BP2.00|000940|M08109_2.00	0.0027	0.27296740324661295	FALSE
PDX	MGH1062	MGH1062	ELF3	LUAD_HC_TF_AND_LINEAGE_POSITIVE_CONTROL	TESTED	JASPAR2024|000276|MA0640.3	0.3926	0.2795967558818714	FALSE
PDX	MGH1062	MGH1062	ETV1	LUAD_HC_TF	TESTED	JASPAR2024|000311|MA0761.3	0.6726	0.03433016515181875	FALSE
PDX	MGH1062	MGH1062	FOXA1	LUAD_LINEAGE_POSITIVE_CONTROL	TESTED	JASPAR2024|000356|MA0148.5	0.0259	0.13453136237465618	FALSE
PDX	MGH1062	MGH1062	FOXA2	LUAD_LINEAGE_POSITIVE_CONTROL	TESTED	JASPAR2024|000357|MA0047.4	0.0178	0.13781587895525438	FALSE
PDX	MGH1062	MGH1062	FOXA3	LUAD_HC_TF	TESTED	JASPAR2024|000358|MA1683.2	0.0094	0.21092289127085323	FALSE
PDX	MGH1062	MGH1062	FOXD2	LUAD_HC_TF	TESTED	JASPAR2024|000361|MA0847.4	1.0	-0.09121257765808945	FALSE
PDX	MGH1062	MGH1062	GATA6	LUAD_LINEAGE_POSITIVE_CONTROL	TESTED	JASPAR2024|000382|MA1104.3	0.0127	0.16272898535713634	FALSE
PDX	MGH1062	MGH1062	HNF4A	LUAD_LINEAGE_POSITIVE_CONTROL	TESTED	JASPAR2024|000410|MA0114.5	0.0094	0.3334171566030004	FALSE
PDX	MGH1062	MGH1062	NFATC4	LUAD_HC_TF	TESTED	JASPAR2024|000506|MA1525.3	0.0	0.2752973019430075	TRUE
PDX	MGH1062	MGH1062	NKX2-1	LUAD_LINEAGE_POSITIVE_CONTROL	TESTED	JASPAR2024|000822|MA1994.2	0.0015	0.37937960700304	FALSE
PDX	MGH1062	MGH1062	NR3C2	LUAD_HC_TF	TESTED	JASPAR2024|000539|MA0727.2	1.0	-0.2863466354510539	FALSE
PDX	MGH1062	MGH1062	XBP1	LUAD_HC_TF	TESTED	JASPAR2024|000675|MA0844.2	0.0	0.3257001652915518	TRUE
PDX	MGH1062	MGH1062	ZBTB18	LUAD_HC_TF	TESTED	JASPAR2024|000681|MA0698.2	1.0	-0.12273905240634331	FALSE
PDX	MGH1062	MGH1062	ZNF141	LUAD_HC_TF	TESTED	CIS-BP2.00|000653|M07586_2.00	0.6524	0.010443755071650485	FALSE
PDX	MGH1062	MGH1062	ZNF19	LUAD_HC_TF	TESTED	CIS-BP2.00|000670|M07603_2.00	0.0426	0.9101526112020417	FALSE
PDX	MGH1062	MGH1062	ZNF254	LUAD_HC_TF	TESTED	CIS-BP2.00|000827|M07760_2.00	0.9858	-0.09180647783163998	FALSE
PDX	MGH1062	MGH1062	ZNF281	LUAD_HC_TF	TESTED	JASPAR2024|000706|MA1630.3	0.0094	0.16983062674094876	FALSE
PDX	MGH1062	MGH1062	ZNF33A	LUAD_HC_TF	TESTED	CIS-BP2.00|000762|M07695_2.00	0.2951	0.08646652513996797	FALSE
PDX	MGH1062	MGH1062	ZNF33B	LUAD_HC_TF	TESTED	CIS-BP2.00|000777|M07710_2.00	0.9858	-0.0448638112084053	FALSE
PDX	MGH1062	MGH1062	ZNF341	LUAD_HC_TF	TESTED	JASPAR2024|000712|MA1655.2	0.8461	-0.06736060858568278	FALSE
PDX	MGH1062	MGH1062	ZNF444	LUAD_HC_TF	TESTED	CIS-BP2.00|000420|M04529_2.00	0.849	-0.01888353611351226	FALSE
PDX	MGH1062	MGH1062	ZNF540	LUAD_HC_TF	TESTED	CIS-BP2.00|000701|M07634_2.00	0.9858	-0.04631233206537434	FALSE
PDX	MGH1062	MGH1062	ZNF75D	LUAD_HC_TF	TESTED	JASPAR2024|000169|MA1601.2	0.0005	0.19528560815877663	FALSE
PDX	MGH1065	MGH1065	CEBPA	LUAD_LINEAGE_POSITIVE_CONTROL	NOT_TESTABLE_PEAK_COUNT_MATCH	NA	1.0	0.0	FALSE
PDX	MGH1065	MGH1065	CEBPB	LUAD_LINEAGE_POSITIVE_CONTROL	NOT_TESTABLE_PEAK_COUNT_MATCH	NA	1.0	0.0	FALSE
PDX	MGH1065	MGH1065	CREB3L2	LUAD_HC_TF	NOT_TESTABLE_PEAK_COUNT_MATCH	NA	1.0	0.0	FALSE
PDX	MGH1065	MGH1065	E2F5	LUAD_HC_TF	NOT_TESTABLE_PEAK_COUNT_MATCH	NA	1.0	0.0	FALSE
PDX	MGH1065	MGH1065	ELF3	LUAD_HC_TF_AND_LINEAGE_POSITIVE_CONTROL	NOT_TESTABLE_PEAK_COUNT_MATCH	NA	1.0	0.0	FALSE
PDX	MGH1065	MGH1065	ETV1	LUAD_HC_TF	NOT_TESTABLE_PEAK_COUNT_MATCH	NA	1.0	0.0	FALSE
PDX	MGH1065	MGH1065	FOXA1	LUAD_LINEAGE_POSITIVE_CONTROL	NOT_TESTABLE_PEAK_COUNT_MATCH	NA	1.0	0.0	FALSE
PDX	MGH1065	MGH1065	FOXA2	LUAD_LINEAGE_POSITIVE_CONTROL	NOT_TESTABLE_PEAK_COUNT_MATCH	NA	1.0	0.0	FALSE
PDX	MGH1065	MGH1065	FOXA3	LUAD_HC_TF	NOT_TESTABLE_PEAK_COUNT_MATCH	NA	1.0	0.0	FALSE
PDX	MGH1065	MGH1065	FOXD2	LUAD_HC_TF	NOT_TESTABLE_PEAK_COUNT_MATCH	NA	1.0	0.0	FALSE
PDX	MGH1065	MGH1065	GATA6	LUAD_LINEAGE_POSITIVE_CONTROL	NOT_TESTABLE_PEAK_COUNT_MATCH	NA	1.0	0.0	FALSE
PDX	MGH1065	MGH1065	HNF4A	LUAD_LINEAGE_POSITIVE_CONTROL	NOT_TESTABLE_PEAK_COUNT_MATCH	NA	1.0	0.0	FALSE
PDX	MGH1065	MGH1065	NFATC4	LUAD_HC_TF	NOT_TESTABLE_PEAK_COUNT_MATCH	NA	1.0	0.0	FALSE
PDX	MGH1065	MGH1065	NKX2-1	LUAD_LINEAGE_POSITIVE_CONTROL	NOT_TESTABLE_PEAK_COUNT_MATCH	NA	1.0	0.0	FALSE
PDX	MGH1065	MGH1065	NR3C2	LUAD_HC_TF	NOT_TESTABLE_PEAK_COUNT_MATCH	NA	1.0	0.0	FALSE
PDX	MGH1065	MGH1065	XBP1	LUAD_HC_TF	NOT_TESTABLE_PEAK_COUNT_MATCH	NA	1.0	0.0	FALSE
PDX	MGH1065	MGH1065	ZBTB18	LUAD_HC_TF	NOT_TESTABLE_PEAK_COUNT_MATCH	NA	1.0	0.0	FALSE
PDX	MGH1065	MGH1065	ZNF141	LUAD_HC_TF	NOT_TESTABLE_PEAK_COUNT_MATCH	NA	1.0	0.0	FALSE
PDX	MGH1065	MGH1065	ZNF19	LUAD_HC_TF	NOT_TESTABLE_PEAK_COUNT_MATCH	NA	1.0	0.0	FALSE
PDX	MGH1065	MGH1065	ZNF254	LUAD_HC_TF	NOT_TESTABLE_PEAK_COUNT_MATCH	NA	1.0	0.0	FALSE
PDX	MGH1065	MGH1065	ZNF281	LUAD_HC_TF	NOT_TESTABLE_PEAK_COUNT_MATCH	NA	1.0	0.0	FALSE
PDX	MGH1065	MGH1065	ZNF33A	LUAD_HC_TF	NOT_TESTABLE_PEAK_COUNT_MATCH	NA	1.0	0.0	FALSE
PDX	MGH1065	MGH1065	ZNF33B	LUAD_HC_TF	NOT_TESTABLE_PEAK_COUNT_MATCH	NA	1.0	0.0	FALSE
PDX	MGH1065	MGH1065	ZNF341	LUAD_HC_TF	NOT_TESTABLE_PEAK_COUNT_MATCH	NA	1.0	0.0	FALSE
PDX	MGH1065	MGH1065	ZNF444	LUAD_HC_TF	NOT_TESTABLE_PEAK_COUNT_MATCH	NA	1.0	0.0	FALSE
PDX	MGH1065	MGH1065	ZNF540	LUAD_HC_TF	NOT_TESTABLE_PEAK_COUNT_MATCH	NA	1.0	0.0	FALSE
PDX	MGH1065	MGH1065	ZNF75D	LUAD_HC_TF	NOT_TESTABLE_PEAK_COUNT_MATCH	NA	1.0	0.0	FALSE
PDX	MGH1068	MGH1068	CEBPA	LUAD_LINEAGE_POSITIVE_CONTROL	TESTED	JASPAR2024|000234|MA0102.5	0.2495	0.06200359704105027	FALSE
PDX	MGH1068	MGH1068	CEBPB	LUAD_LINEAGE_POSITIVE_CONTROL	TESTED	JASPAR2024|000235|MA0466.4	0.0	0.6087093602547262	TRUE
PDX	MGH1068	MGH1068	CREB3L2	LUAD_HC_TF	TESTED	JASPAR2024|000025|MA0608.1	0.0166	0.13103045852287823	FALSE
PDX	MGH1068	MGH1068	E2F5	LUAD_HC_TF	TESTED	CIS-BP2.00|000940|M08109_2.00	1.0	-0.10529831312421468	FALSE
PDX	MGH1068	MGH1068	ELF3	LUAD_HC_TF_AND_LINEAGE_POSITIVE_CONTROL	TESTED	JASPAR2024|000276|MA0640.3	0.3516	0.182507242615099	FALSE
PDX	MGH1068	MGH1068	ETV1	LUAD_HC_TF	TESTED	JASPAR2024|000311|MA0761.3	0.2162	0.3314463939440536	FALSE
PDX	MGH1068	MGH1068	FOXA1	LUAD_LINEAGE_POSITIVE_CONTROL	TESTED	JASPAR2024|000356|MA0148.5	0.6569	-0.0027889217358218954	FALSE
PDX	MGH1068	MGH1068	FOXA2	LUAD_LINEAGE_POSITIVE_CONTROL	TESTED	JASPAR2024|000357|MA0047.4	0.5761	0.010587171899201778	FALSE
PDX	MGH1068	MGH1068	FOXA3	LUAD_HC_TF	TESTED	JASPAR2024|000358|MA1683.2	0.0608	0.1629188975678861	FALSE
PDX	MGH1068	MGH1068	FOXD2	LUAD_HC_TF	TESTED	JASPAR2024|000361|MA0847.4	0.4493	0.02902578448466672	FALSE
PDX	MGH1068	MGH1068	GATA6	LUAD_LINEAGE_POSITIVE_CONTROL	TESTED	JASPAR2024|000382|MA1104.3	0.4805	0.02608637679997197	FALSE
PDX	MGH1068	MGH1068	HNF4A	LUAD_LINEAGE_POSITIVE_CONTROL	TESTED	JASPAR2024|000410|MA0114.5	0.1049	0.21344224636908907	FALSE
PDX	MGH1068	MGH1068	NFATC4	LUAD_HC_TF	TESTED	JASPAR2024|000506|MA1525.3	0.0001	0.2268408811728946	FALSE
PDX	MGH1068	MGH1068	NKX2-1	LUAD_LINEAGE_POSITIVE_CONTROL	TESTED	JASPAR2024|000822|MA1994.2	0.2162	0.13859264174918243	FALSE
PDX	MGH1068	MGH1068	NR3C2	LUAD_HC_TF	TESTED	JASPAR2024|000539|MA0727.2	0.8977	-0.06836217839748113	FALSE
PDX	MGH1068	MGH1068	XBP1	LUAD_HC_TF	TESTED	JASPAR2024|000675|MA0844.2	0.0014	0.16978836700506864	FALSE
PDX	MGH1068	MGH1068	ZBTB18	LUAD_HC_TF	TESTED	JASPAR2024|000681|MA0698.2	0.9804	-0.05935986283389197	FALSE
PDX	MGH1068	MGH1068	ZNF141	LUAD_HC_TF	TESTED	CIS-BP2.00|000653|M07586_2.00	0.1901	0.07826781995666655	FALSE
PDX	MGH1068	MGH1068	ZNF19	LUAD_HC_TF	TESTED	CIS-BP2.00|000670|M07603_2.00	0.5542	0.16744876151964502	FALSE
PDX	MGH1068	MGH1068	ZNF254	LUAD_HC_TF	TESTED	CIS-BP2.00|000827|M07760_2.00	1.0	-0.08418078660765936	FALSE
PDX	MGH1068	MGH1068	ZNF281	LUAD_HC_TF	TESTED	JASPAR2024|000706|MA1630.3	0.2888	0.0609835115579698	FALSE
PDX	MGH1068	MGH1068	ZNF33A	LUAD_HC_TF	TESTED	CIS-BP2.00|000762|M07695_2.00	0.6175	0.02986917977182824	FALSE
PDX	MGH1068	MGH1068	ZNF33B	LUAD_HC_TF	TESTED	CIS-BP2.00|000777|M07710_2.00	1.0	-0.07911653689308432	FALSE
PDX	MGH1068	MGH1068	ZNF341	LUAD_HC_TF	TESTED	JASPAR2024|000712|MA1655.2	0.6674	-1.6074653755603945	FALSE
PDX	MGH1068	MGH1068	ZNF444	LUAD_HC_TF	TESTED	CIS-BP2.00|000420|M04529_2.00	0.0069	0.15412998978947298	FALSE
PDX	MGH1068	MGH1068	ZNF540	LUAD_HC_TF	TESTED	CIS-BP2.00|000701|M07634_2.00	1.0	-0.05767490462272147	FALSE
PDX	MGH1068	MGH1068	ZNF75D	LUAD_HC_TF	TESTED	JASPAR2024|000169|MA1601.2	0.0634	0.1081013067662153	FALSE
PDX	MGH1089	MGH1089	CEBPA	LUAD_LINEAGE_POSITIVE_CONTROL	TESTED	JASPAR2024|000234|MA0102.5	0.0116	0.1454768214793659	FALSE
PDX	MGH1089	MGH1089	CEBPB	LUAD_LINEAGE_POSITIVE_CONTROL	TESTED	JASPAR2024|000235|MA0466.4	0.0001	0.3694875968338066	FALSE
PDX	MGH1089	MGH1089	CREB3L2	LUAD_HC_TF	TESTED	JASPAR2024|000025|MA0608.1	0.0002	0.19014519275948075	FALSE
PDX	MGH1089	MGH1089	E2F5	LUAD_HC_TF	TESTED	CIS-BP2.00|000940|M08109_2.00	0.0001	0.3247916631158008	FALSE
PDX	MGH1089	MGH1089	ELF3	LUAD_HC_TF_AND_LINEAGE_POSITIVE_CONTROL	TESTED	JASPAR2024|000276|MA0640.3	0.3368	0.2485191827005639	FALSE
PDX	MGH1089	MGH1089	ETV1	LUAD_HC_TF	TESTED	JASPAR2024|000652|MA1966.2	0.2856	0.1225681907757468	FALSE
PDX	MGH1089	MGH1089	FOXA1	LUAD_LINEAGE_POSITIVE_CONTROL	TESTED	JASPAR2024|000356|MA0148.5	0.2163	0.06973322572025528	FALSE
PDX	MGH1089	MGH1089	FOXA2	LUAD_LINEAGE_POSITIVE_CONTROL	TESTED	JASPAR2024|000357|MA0047.4	0.0843	0.09793802345941437	FALSE
PDX	MGH1089	MGH1089	FOXA3	LUAD_HC_TF	TESTED	JASPAR2024|000358|MA1683.2	0.0057	0.22785837454513197	FALSE
PDX	MGH1089	MGH1089	FOXD2	LUAD_HC_TF	TESTED	JASPAR2024|000361|MA0847.4	0.7925	-0.028045651173706904	FALSE
PDX	MGH1089	MGH1089	GATA6	LUAD_LINEAGE_POSITIVE_CONTROL	TESTED	JASPAR2024|000382|MA1104.3	0.041	0.130239852131666	FALSE
PDX	MGH1089	MGH1089	HNF4A	LUAD_LINEAGE_POSITIVE_CONTROL	TESTED	JASPAR2024|000409|MA1494.2	0.0281	0.17722064485103303	FALSE
PDX	MGH1089	MGH1089	NFATC4	LUAD_HC_TF	TESTED	JASPAR2024|000506|MA1525.3	0.0	0.26168085814543857	TRUE
PDX	MGH1089	MGH1089	NKX2-1	LUAD_LINEAGE_POSITIVE_CONTROL	TESTED	JASPAR2024|000822|MA1994.2	0.3192	0.08547077500641684	FALSE
PDX	MGH1089	MGH1089	NR3C2	LUAD_HC_TF	TESTED	JASPAR2024|000539|MA0727.2	0.8979	-0.09987835498269035	FALSE
PDX	MGH1089	MGH1089	XBP1	LUAD_HC_TF	TESTED	JASPAR2024|000675|MA0844.2	0.0	0.2951421997697914	TRUE
PDX	MGH1089	MGH1089	ZBTB18	LUAD_HC_TF	TESTED	JASPAR2024|000681|MA0698.2	0.9995	-0.15766634992933784	FALSE
PDX	MGH1089	MGH1089	ZNF141	LUAD_HC_TF	TESTED	CIS-BP2.00|000653|M07586_2.00	0.4004	0.04843597925057991	FALSE
PDX	MGH1089	MGH1089	ZNF19	LUAD_HC_TF	TESTED	CIS-BP2.00|000670|M07603_2.00	0.4339	0.22888394617780836	FALSE
PDX	MGH1089	MGH1089	ZNF254	LUAD_HC_TF	TESTED	CIS-BP2.00|000827|M07760_2.00	0.8711	-0.022554149951535395	FALSE
PDX	MGH1089	MGH1089	ZNF281	LUAD_HC_TF	TESTED	JASPAR2024|000706|MA1630.3	0.0134	0.16182164461527304	FALSE
PDX	MGH1089	MGH1089	ZNF33A	LUAD_HC_TF	TESTED	CIS-BP2.00|000762|M07695_2.00	0.445	0.047578302674415235	FALSE
PDX	MGH1089	MGH1089	ZNF33B	LUAD_HC_TF	TESTED	CIS-BP2.00|000777|M07710_2.00	1.0	-0.07366654561913479	FALSE
PDX	MGH1089	MGH1089	ZNF341	LUAD_HC_TF	TESTED	JASPAR2024|000712|MA1655.2	0.4881	0.206705357138467	FALSE
PDX	MGH1089	MGH1089	ZNF444	LUAD_HC_TF	TESTED	CIS-BP2.00|000420|M04529_2.00	0.1641	0.07841018414647409	FALSE
PDX	MGH1089	MGH1089	ZNF540	LUAD_HC_TF	TESTED	CIS-BP2.00|000701|M07634_2.00	0.8516	-0.011803768514032115	FALSE
PDX	MGH1089	MGH1089	ZNF75D	LUAD_HC_TF	TESTED	JASPAR2024|000169|MA1601.2	0.3368	0.033992796696902756	FALSE
PDX	MGH1109	MGH1109	CEBPA	LUAD_LINEAGE_POSITIVE_CONTROL	TESTED	JASPAR2024|000234|MA0102.5	0.033	0.13051859048125358	FALSE
PDX	MGH1109	MGH1109	CEBPB	LUAD_LINEAGE_POSITIVE_CONTROL	TESTED	JASPAR2024|000235|MA0466.4	0.0	0.492054216050838	TRUE
PDX	MGH1109	MGH1109	CREB3L2	LUAD_HC_TF	TESTED	JASPAR2024|000025|MA0608.1	0.2365	0.06538071957512046	FALSE
PDX	MGH1109	MGH1109	E2F5	LUAD_HC_TF	TESTED	CIS-BP2.00|000940|M08109_2.00	0.1607	0.1105107972942517	FALSE
PDX	MGH1109	MGH1109	ELF3	LUAD_HC_TF_AND_LINEAGE_POSITIVE_CONTROL	TESTED	JASPAR2024|000276|MA0640.3	0.2854	0.43880616508995646	FALSE
PDX	MGH1109	MGH1109	ETV1	LUAD_HC_TF	TESTED	JASPAR2024|000652|MA1966.2	0.8118	-0.022182219177520023	FALSE
PDX	MGH1109	MGH1109	FOXA1	LUAD_LINEAGE_POSITIVE_CONTROL	TESTED	JASPAR2024|000356|MA0148.5	0.9202	-0.030460077353451277	FALSE
PDX	MGH1109	MGH1109	FOXA2	LUAD_LINEAGE_POSITIVE_CONTROL	TESTED	JASPAR2024|000357|MA0047.4	0.4228	0.03377159730480311	FALSE
PDX	MGH1109	MGH1109	FOXA3	LUAD_HC_TF	TESTED	JASPAR2024|000358|MA1683.2	0.2884	0.07365684350292095	FALSE
PDX	MGH1109	MGH1109	FOXD2	LUAD_HC_TF	TESTED	JASPAR2024|000361|MA0847.4	1.0	-0.05578974188858943	FALSE
PDX	MGH1109	MGH1109	GATA6	LUAD_LINEAGE_POSITIVE_CONTROL	TESTED	JASPAR2024|000382|MA1104.3	0.2884	0.06502121481440108	FALSE
PDX	MGH1109	MGH1109	HNF4A	LUAD_LINEAGE_POSITIVE_CONTROL	TESTED	JASPAR2024|000410|MA0114.5	0.1437	0.1996316078743406	FALSE
PDX	MGH1109	MGH1109	NFATC4	LUAD_HC_TF	TESTED	JASPAR2024|000506|MA1525.3	0.0	0.3659261460051314	TRUE
PDX	MGH1109	MGH1109	NKX2-1	LUAD_LINEAGE_POSITIVE_CONTROL	TESTED	JASPAR2024|000822|MA1994.2	0.2365	0.14837959530781455	FALSE
PDX	MGH1109	MGH1109	NR3C2	LUAD_HC_TF	TESTED	JASPAR2024|000539|MA0727.2	1.0	-0.1889719142000963	FALSE
PDX	MGH1109	MGH1109	XBP1	LUAD_HC_TF	TESTED	JASPAR2024|000675|MA0844.2	0.0	0.3164339758383283	TRUE
PDX	MGH1109	MGH1109	ZBTB18	LUAD_HC_TF	TESTED	JASPAR2024|000681|MA0698.2	1.0	-0.06643571568150539	FALSE
PDX	MGH1109	MGH1109	ZNF141	LUAD_HC_TF	TESTED	CIS-BP2.00|000653|M07586_2.00	0.1164	0.10078637892451786	FALSE
PDX	MGH1109	MGH1109	ZNF19	LUAD_HC_TF	TESTED	CIS-BP2.00|000670|M07603_2.00	0.2096	0.4146118265583639	FALSE
PDX	MGH1109	MGH1109	ZNF254	LUAD_HC_TF	TESTED	CIS-BP2.00|000827|M07760_2.00	1.0	-0.16869287233131514	FALSE
PDX	MGH1109	MGH1109	ZNF281	LUAD_HC_TF	TESTED	JASPAR2024|000706|MA1630.3	0.0841	0.12212772664450929	FALSE
PDX	MGH1109	MGH1109	ZNF33A	LUAD_HC_TF	TESTED	CIS-BP2.00|000762|M07695_2.00	0.4859	0.04451489546370123	FALSE
PDX	MGH1109	MGH1109	ZNF33B	LUAD_HC_TF	TESTED	CIS-BP2.00|000777|M07710_2.00	1.0	-0.09856673970018925	FALSE
PDX	MGH1109	MGH1109	ZNF341	LUAD_HC_TF	TESTED	JASPAR2024|000712|MA1655.2	0.3942	0.9393607206964738	FALSE
PDX	MGH1109	MGH1109	ZNF444	LUAD_HC_TF	TESTED	CIS-BP2.00|000420|M04529_2.00	0.2084	0.06278768648001071	FALSE
PDX	MGH1109	MGH1109	ZNF540	LUAD_HC_TF	TESTED	CIS-BP2.00|000701|M07634_2.00	1.0	-0.07969952903928518	FALSE
PDX	MGH1109	MGH1109	ZNF75D	LUAD_HC_TF	TESTED	JASPAR2024|000169|MA1601.2	0.0	0.22535280891601983	TRUE
PDX	MGH1112	MGH1112	CEBPA	LUAD_LINEAGE_POSITIVE_CONTROL	TESTED	JASPAR2024|000234|MA0102.5	0.0	0.23191493454941084	TRUE
PDX	MGH1112	MGH1112	CEBPB	LUAD_LINEAGE_POSITIVE_CONTROL	TESTED	JASPAR2024|000235|MA0466.4	0.0	0.5161752615514859	TRUE
PDX	MGH1112	MGH1112	CREB3L2	LUAD_HC_TF	TESTED	JASPAR2024|000025|MA0608.1	0.0	0.22125333181727483	TRUE
PDX	MGH1112	MGH1112	E2F5	LUAD_HC_TF	TESTED	CIS-BP2.00|000940|M08109_2.00	1.0	-0.06422848674056	FALSE
PDX	MGH1112	MGH1112	ELF3	LUAD_HC_TF_AND_LINEAGE_POSITIVE_CONTROL	TESTED	JASPAR2024|000276|MA0640.3	0.0187	1.1687329490129612	FALSE
PDX	MGH1112	MGH1112	ETV1	LUAD_HC_TF	TESTED	JASPAR2024|000652|MA1966.2	0.358	0.09341606717101603	FALSE
PDX	MGH1112	MGH1112	FOXA1	LUAD_LINEAGE_POSITIVE_CONTROL	TESTED	JASPAR2024|000356|MA0148.5	0.358	0.05584878251196102	FALSE
PDX	MGH1112	MGH1112	FOXA2	LUAD_LINEAGE_POSITIVE_CONTROL	TESTED	JASPAR2024|000357|MA0047.4	0.0841	0.10778626271226481	FALSE
PDX	MGH1112	MGH1112	FOXA3	LUAD_HC_TF	TESTED	JASPAR2024|000358|MA1683.2	0.358	0.07211536637350138	FALSE
PDX	MGH1112	MGH1112	FOXD2	LUAD_HC_TF	TESTED	JASPAR2024|000361|MA0847.4	0.358	0.038647035825425405	FALSE
PDX	MGH1112	MGH1112	GATA6	LUAD_LINEAGE_POSITIVE_CONTROL	TESTED	JASPAR2024|000382|MA1104.3	0.358	0.05794986502736595	FALSE
PDX	MGH1112	MGH1112	HNF4A	LUAD_LINEAGE_POSITIVE_CONTROL	TESTED	JASPAR2024|000409|MA1494.2	0.358	0.07485668526411625	FALSE
PDX	MGH1112	MGH1112	NFATC4	LUAD_HC_TF	TESTED	JASPAR2024|000506|MA1525.3	0.0	0.3631896925932187	TRUE
PDX	MGH1112	MGH1112	NKX2-1	LUAD_LINEAGE_POSITIVE_CONTROL	TESTED	JASPAR2024|000822|MA1994.2	0.008	0.33091196715625154	FALSE
PDX	MGH1112	MGH1112	NR3C2	LUAD_HC_TF	TESTED	JASPAR2024|000539|MA0727.2	0.9307	-0.14141775626366215	FALSE
PDX	MGH1112	MGH1112	XBP1	LUAD_HC_TF	TESTED	JASPAR2024|000675|MA0844.2	0.0	0.3235852606511035	TRUE
PDX	MGH1112	MGH1112	ZBTB18	LUAD_HC_TF	TESTED	JASPAR2024|000681|MA0698.2	0.8385	-0.03977885246076035	FALSE
PDX	MGH1112	MGH1112	ZNF141	LUAD_HC_TF	TESTED	CIS-BP2.00|000653|M07586_2.00	0.1817	0.07980135573882531	FALSE
PDX	MGH1112	MGH1112	ZNF19	LUAD_HC_TF	TESTED	CIS-BP2.00|000670|M07603_2.00	1.0	-0.1213616710664335	FALSE
PDX	MGH1112	MGH1112	ZNF254	LUAD_HC_TF	TESTED	CIS-BP2.00|000827|M07760_2.00	1.0	-0.1483437151708806	FALSE
PDX	MGH1112	MGH1112	ZNF281	LUAD_HC_TF	TESTED	JASPAR2024|000706|MA1630.3	0.3912	0.03297443699245389	FALSE
PDX	MGH1112	MGH1112	ZNF33A	LUAD_HC_TF	TESTED	CIS-BP2.00|000762|M07695_2.00	0.0141	0.22339730544195466	FALSE
PDX	MGH1112	MGH1112	ZNF33B	LUAD_HC_TF	TESTED	CIS-BP2.00|000777|M07710_2.00	1.0	-0.06665395757598916	FALSE
PDX	MGH1112	MGH1112	ZNF341	LUAD_HC_TF	TESTED	JASPAR2024|000712|MA1655.2	0.7885	-0.39454960057263067	FALSE
PDX	MGH1112	MGH1112	ZNF444	LUAD_HC_TF	TESTED	CIS-BP2.00|000420|M04529_2.00	0.0075	0.14622614948802762	FALSE
PDX	MGH1112	MGH1112	ZNF540	LUAD_HC_TF	TESTED	CIS-BP2.00|000701|M07634_2.00	1.0	-0.17192308867054937	FALSE
PDX	MGH1112	MGH1112	ZNF75D	LUAD_HC_TF	TESTED	JASPAR2024|000169|MA1601.2	0.1159	0.08596703964452457	FALSE
PDX	MGH1139	MGH1139	CEBPA	LUAD_LINEAGE_POSITIVE_CONTROL	TESTED	JASPAR2024|000234|MA0102.5	0.0979	0.09284852279225032	FALSE
PDX	MGH1139	MGH1139	CEBPB	LUAD_LINEAGE_POSITIVE_CONTROL	TESTED	JASPAR2024|000235|MA0466.4	0.0	0.4671698412024171	TRUE
PDX	MGH1139	MGH1139	CREB3L2	LUAD_HC_TF	TESTED	JASPAR2024|000025|MA0608.1	0.0731	0.09313720913371187	FALSE
PDX	MGH1139	MGH1139	E2F5	LUAD_HC_TF	TESTED	CIS-BP2.00|000940|M08109_2.00	0.0157	0.20578104858303434	FALSE
PDX	MGH1139	MGH1139	ELF3	LUAD_HC_TF_AND_LINEAGE_POSITIVE_CONTROL	TESTED	JASPAR2024|000276|MA0640.3	0.7008	-0.01590757028639566	FALSE
PDX	MGH1139	MGH1139	ETV1	LUAD_HC_TF	TESTED	JASPAR2024|000652|MA1966.2	0.2793	0.12754735374848775	FALSE
PDX	MGH1139	MGH1139	FOXA1	LUAD_LINEAGE_POSITIVE_CONTROL	TESTED	JASPAR2024|000356|MA0148.5	0.6968	-0.003288004727977324	FALSE
PDX	MGH1139	MGH1139	FOXA2	LUAD_LINEAGE_POSITIVE_CONTROL	TESTED	JASPAR2024|000357|MA0047.4	0.151	0.08150265426556436	FALSE
PDX	MGH1139	MGH1139	FOXA3	LUAD_HC_TF	TESTED	JASPAR2024|000358|MA1683.2	0.2498	0.08064564957340317	FALSE
PDX	MGH1139	MGH1139	FOXD2	LUAD_HC_TF	TESTED	JASPAR2024|000361|MA0847.4	0.709	-0.020700159923221943	FALSE
PDX	MGH1139	MGH1139	GATA6	LUAD_LINEAGE_POSITIVE_CONTROL	TESTED	JASPAR2024|000382|MA1104.3	0.0554	0.13271570900460422	FALSE
PDX	MGH1139	MGH1139	HNF4A	LUAD_LINEAGE_POSITIVE_CONTROL	TESTED	JASPAR2024|000409|MA1494.2	0.0	0.3264048830332677	TRUE
PDX	MGH1139	MGH1139	NFATC4	LUAD_HC_TF	TESTED	JASPAR2024|000506|MA1525.3	0.0	0.3849724101754198	TRUE
PDX	MGH1139	MGH1139	NKX2-1	LUAD_LINEAGE_POSITIVE_CONTROL	TESTED	JASPAR2024|000822|MA1994.2	0.2832	0.09684708097231717	FALSE
PDX	MGH1139	MGH1139	NR3C2	LUAD_HC_TF	TESTED	JASPAR2024|000539|MA0727.2	0.709	-0.026182193496863265	FALSE
PDX	MGH1139	MGH1139	XBP1	LUAD_HC_TF	TESTED	JASPAR2024|000675|MA0844.2	0.0	0.2799388156985175	TRUE
PDX	MGH1139	MGH1139	ZBTB18	LUAD_HC_TF	TESTED	JASPAR2024|000681|MA0698.2	1.0	-0.25253962478891895	FALSE
PDX	MGH1139	MGH1139	ZNF141	LUAD_HC_TF	TESTED	CIS-BP2.00|000653|M07586_2.00	0.1033	0.09202174346027928	FALSE
PDX	MGH1139	MGH1139	ZNF19	LUAD_HC_TF	TESTED	CIS-BP2.00|000670|M07603_2.00	0.3731	0.25736263671973525	FALSE
PDX	MGH1139	MGH1139	ZNF254	LUAD_HC_TF	TESTED	CIS-BP2.00|000827|M07760_2.00	0.9852	-0.06570243065492441	FALSE
PDX	MGH1139	MGH1139	ZNF281	LUAD_HC_TF	TESTED	JASPAR2024|000706|MA1630.3	0.0	0.2881610562204152	TRUE
PDX	MGH1139	MGH1139	ZNF33A	LUAD_HC_TF	TESTED	CIS-BP2.00|000762|M07695_2.00	0.005	0.26068546798032705	FALSE
PDX	MGH1139	MGH1139	ZNF33B	LUAD_HC_TF	TESTED	CIS-BP2.00|000777|M07710_2.00	0.992	-0.08465377927303623	FALSE
PDX	MGH1139	MGH1139	ZNF341	LUAD_HC_TF	TESTED	JASPAR2024|000712|MA1655.2	0.0979	2.81467336313157	FALSE
PDX	MGH1139	MGH1139	ZNF444	LUAD_HC_TF	TESTED	CIS-BP2.00|000420|M04529_2.00	0.0994	0.09028005485068738	FALSE
PDX	MGH1139	MGH1139	ZNF540	LUAD_HC_TF	TESTED	CIS-BP2.00|000701|M07634_2.00	0.8582	-0.022911538560759892	FALSE
PDX	MGH1139	MGH1139	ZNF75D	LUAD_HC_TF	TESTED	JASPAR2024|000169|MA1601.2	0.003	0.16362890636031197	FALSE
PDX	MGH1157	MGH1157	CEBPA	LUAD_LINEAGE_POSITIVE_CONTROL	NOT_TESTABLE_PEAK_COUNT_MATCH	NA	1.0	0.0	FALSE
PDX	MGH1157	MGH1157	CEBPB	LUAD_LINEAGE_POSITIVE_CONTROL	NOT_TESTABLE_PEAK_COUNT_MATCH	NA	1.0	0.0	FALSE
PDX	MGH1157	MGH1157	CREB3L2	LUAD_HC_TF	NOT_TESTABLE_PEAK_COUNT_MATCH	NA	1.0	0.0	FALSE
PDX	MGH1157	MGH1157	E2F5	LUAD_HC_TF	NOT_TESTABLE_PEAK_COUNT_MATCH	NA	1.0	0.0	FALSE
PDX	MGH1157	MGH1157	ELF3	LUAD_HC_TF_AND_LINEAGE_POSITIVE_CONTROL	NOT_TESTABLE_PEAK_COUNT_MATCH	NA	1.0	0.0	FALSE
PDX	MGH1157	MGH1157	ETV1	LUAD_HC_TF	NOT_TESTABLE_PEAK_COUNT_MATCH	NA	1.0	0.0	FALSE
PDX	MGH1157	MGH1157	FOXA1	LUAD_LINEAGE_POSITIVE_CONTROL	NOT_TESTABLE_PEAK_COUNT_MATCH	NA	1.0	0.0	FALSE
PDX	MGH1157	MGH1157	FOXA2	LUAD_LINEAGE_POSITIVE_CONTROL	NOT_TESTABLE_PEAK_COUNT_MATCH	NA	1.0	0.0	FALSE
PDX	MGH1157	MGH1157	FOXA3	LUAD_HC_TF	NOT_TESTABLE_PEAK_COUNT_MATCH	NA	1.0	0.0	FALSE
PDX	MGH1157	MGH1157	FOXD2	LUAD_HC_TF	NOT_TESTABLE_PEAK_COUNT_MATCH	NA	1.0	0.0	FALSE
PDX	MGH1157	MGH1157	GATA6	LUAD_LINEAGE_POSITIVE_CONTROL	NOT_TESTABLE_PEAK_COUNT_MATCH	NA	1.0	0.0	FALSE
PDX	MGH1157	MGH1157	HNF4A	LUAD_LINEAGE_POSITIVE_CONTROL	NOT_TESTABLE_PEAK_COUNT_MATCH	NA	1.0	0.0	FALSE
PDX	MGH1157	MGH1157	NFATC4	LUAD_HC_TF	NOT_TESTABLE_PEAK_COUNT_MATCH	NA	1.0	0.0	FALSE
PDX	MGH1157	MGH1157	NKX2-1	LUAD_LINEAGE_POSITIVE_CONTROL	NOT_TESTABLE_PEAK_COUNT_MATCH	NA	1.0	0.0	FALSE
PDX	MGH1157	MGH1157	NR3C2	LUAD_HC_TF	NOT_TESTABLE_PEAK_COUNT_MATCH	NA	1.0	0.0	FALSE
PDX	MGH1157	MGH1157	XBP1	LUAD_HC_TF	NOT_TESTABLE_PEAK_COUNT_MATCH	NA	1.0	0.0	FALSE
PDX	MGH1157	MGH1157	ZBTB18	LUAD_HC_TF	NOT_TESTABLE_PEAK_COUNT_MATCH	NA	1.0	0.0	FALSE
PDX	MGH1157	MGH1157	ZNF141	LUAD_HC_TF	NOT_TESTABLE_PEAK_COUNT_MATCH	NA	1.0	0.0	FALSE
PDX	MGH1157	MGH1157	ZNF19	LUAD_HC_TF	NOT_TESTABLE_PEAK_COUNT_MATCH	NA	1.0	0.0	FALSE
PDX	MGH1157	MGH1157	ZNF254	LUAD_HC_TF	NOT_TESTABLE_PEAK_COUNT_MATCH	NA	1.0	0.0	FALSE
PDX	MGH1157	MGH1157	ZNF281	LUAD_HC_TF	NOT_TESTABLE_PEAK_COUNT_MATCH	NA	1.0	0.0	FALSE
PDX	MGH1157	MGH1157	ZNF33A	LUAD_HC_TF	NOT_TESTABLE_PEAK_COUNT_MATCH	NA	1.0	0.0	FALSE
PDX	MGH1157	MGH1157	ZNF33B	LUAD_HC_TF	NOT_TESTABLE_PEAK_COUNT_MATCH	NA	1.0	0.0	FALSE
PDX	MGH1157	MGH1157	ZNF341	LUAD_HC_TF	NOT_TESTABLE_PEAK_COUNT_MATCH	NA	1.0	0.0	FALSE
PDX	MGH1157	MGH1157	ZNF444	LUAD_HC_TF	NOT_TESTABLE_PEAK_COUNT_MATCH	NA	1.0	0.0	FALSE
PDX	MGH1157	MGH1157	ZNF540	LUAD_HC_TF	NOT_TESTABLE_PEAK_COUNT_MATCH	NA	1.0	0.0	FALSE
PDX	MGH1157	MGH1157	ZNF75D	LUAD_HC_TF	NOT_TESTABLE_PEAK_COUNT_MATCH	NA	1.0	0.0	FALSE
PDX	MGH1174	MGH1174	CEBPA	LUAD_LINEAGE_POSITIVE_CONTROL	TESTED	JASPAR2024|000234|MA0102.5	0.0019	0.1842441719131358	FALSE
PDX	MGH1174	MGH1174	CEBPB	LUAD_LINEAGE_POSITIVE_CONTROL	TESTED	JASPAR2024|000235|MA0466.4	0.0	0.7281061778168832	TRUE
PDX	MGH1174	MGH1174	CREB3L2	LUAD_HC_TF	TESTED	JASPAR2024|000025|MA0608.1	0.0795	0.0879362152961381	FALSE
PDX	MGH1174	MGH1174	E2F5	LUAD_HC_TF	TESTED	CIS-BP2.00|000940|M08109_2.00	0.0013	0.27587519259783033	FALSE
PDX	MGH1174	MGH1174	ELF3	LUAD_HC_TF_AND_LINEAGE_POSITIVE_CONTROL	TESTED	JASPAR2024|000276|MA0640.3	0.0996	0.9822022711592582	FALSE
PDX	MGH1174	MGH1174	ETV1	LUAD_HC_TF	TESTED	JASPAR2024|000652|MA1966.2	0.2243	0.16648224980633503	FALSE
PDX	MGH1174	MGH1174	FOXA1	LUAD_LINEAGE_POSITIVE_CONTROL	TESTED	JASPAR2024|000356|MA0148.5	0.0333	0.13739073314733097	FALSE
PDX	MGH1174	MGH1174	FOXA2	LUAD_LINEAGE_POSITIVE_CONTROL	TESTED	JASPAR2024|000357|MA0047.4	0.0333	0.13224125647231408	FALSE
PDX	MGH1174	MGH1174	FOXA3	LUAD_HC_TF	TESTED	JASPAR2024|000358|MA1683.2	0.0118	0.21298312757288462	FALSE
PDX	MGH1174	MGH1174	FOXD2	LUAD_HC_TF	TESTED	JASPAR2024|000361|MA0847.4	0.2858	0.04256346614849506	FALSE
PDX	MGH1174	MGH1174	GATA6	LUAD_LINEAGE_POSITIVE_CONTROL	TESTED	JASPAR2024|000382|MA1104.3	0.0245	0.1562049410491185	FALSE
PDX	MGH1174	MGH1174	HNF4A	LUAD_LINEAGE_POSITIVE_CONTROL	TESTED	JASPAR2024|000410|MA0114.5	0.2858	0.10764799729253338	FALSE
PDX	MGH1174	MGH1174	NFATC4	LUAD_HC_TF	TESTED	JASPAR2024|000506|MA1525.3	0.0	0.35703304812708064	TRUE
PDX	MGH1174	MGH1174	NKX2-1	LUAD_LINEAGE_POSITIVE_CONTROL	TESTED	JASPAR2024|000822|MA1994.2	0.1555	0.1588096926837138	FALSE
PDX	MGH1174	MGH1174	NR3C2	LUAD_HC_TF	TESTED	JASPAR2024|000539|MA0727.2	0.8261	-0.07261688910039368	FALSE
PDX	MGH1174	MGH1174	XBP1	LUAD_HC_TF	TESTED	JASPAR2024|000675|MA0844.2	0.0	0.2501834880180637	TRUE
PDX	MGH1174	MGH1174	ZBTB18	LUAD_HC_TF	TESTED	JASPAR2024|000681|MA0698.2	1.0	-0.19201077905122851	FALSE
PDX	MGH1174	MGH1174	ZNF141	LUAD_HC_TF	TESTED	CIS-BP2.00|000653|M07586_2.00	0.0412	0.13054485343422875	FALSE
PDX	MGH1174	MGH1174	ZNF19	LUAD_HC_TF	TESTED	CIS-BP2.00|000670|M07603_2.00	0.7786	0.00875313695955772	FALSE
PDX	MGH1174	MGH1174	ZNF254	LUAD_HC_TF	TESTED	CIS-BP2.00|000827|M07760_2.00	1.0	-0.19627931450334338	FALSE
PDX	MGH1174	MGH1174	ZNF281	LUAD_HC_TF	TESTED	JASPAR2024|000706|MA1630.3	0.0054	0.1925477085829088	FALSE
PDX	MGH1174	MGH1174	ZNF33A	LUAD_HC_TF	TESTED	CIS-BP2.00|000762|M07695_2.00	0.7786	-0.0003201938507555645	FALSE
PDX	MGH1174	MGH1174	ZNF33B	LUAD_HC_TF	TESTED	CIS-BP2.00|000777|M07710_2.00	1.0	-0.2012030903689851	FALSE
PDX	MGH1174	MGH1174	ZNF341	LUAD_HC_TF	TESTED	JASPAR2024|000712|MA1655.2	0.458	2.571154159198956	FALSE
PDX	MGH1174	MGH1174	ZNF444	LUAD_HC_TF	TESTED	CIS-BP2.00|000420|M04529_2.00	0.3321	0.04514390858530849	FALSE
PDX	MGH1174	MGH1174	ZNF540	LUAD_HC_TF	TESTED	CIS-BP2.00|000701|M07634_2.00	1.0	-0.15113072801336783	FALSE
PDX	MGH1174	MGH1174	ZNF75D	LUAD_HC_TF	TESTED	JASPAR2024|000169|MA1601.2	0.2858	0.045547181539244114	FALSE
PDX	MGH1181	MGH1181	CEBPA	LUAD_LINEAGE_POSITIVE_CONTROL	TESTED	JASPAR2024|000234|MA0102.5	0.0122	0.1425971151243452	FALSE
PDX	MGH1181	MGH1181	CEBPB	LUAD_LINEAGE_POSITIVE_CONTROL	TESTED	JASPAR2024|000235|MA0466.4	0.0119	0.24950379156271532	FALSE
PDX	MGH1181	MGH1181	CREB3L2	LUAD_HC_TF	TESTED	JASPAR2024|000025|MA0608.1	0.0004	0.18415184594963696	FALSE
PDX	MGH1181	MGH1181	E2F5	LUAD_HC_TF	TESTED	CIS-BP2.00|000940|M08109_2.00	0.8836	-0.038878222933273324	FALSE
PDX	MGH1181	MGH1181	ELF3	LUAD_HC_TF_AND_LINEAGE_POSITIVE_CONTROL	TESTED	JASPAR2024|000276|MA0640.3	0.117	0.5351947820069421	FALSE
PDX	MGH1181	MGH1181	ETV1	LUAD_HC_TF	TESTED	JASPAR2024|000311|MA0761.3	0.0209	0.7204344401116066	FALSE
PDX	MGH1181	MGH1181	FOXA1	LUAD_LINEAGE_POSITIVE_CONTROL	TESTED	JASPAR2024|000356|MA0148.5	0.0796	0.10493936848913649	FALSE
PDX	MGH1181	MGH1181	FOXA2	LUAD_LINEAGE_POSITIVE_CONTROL	TESTED	JASPAR2024|000357|MA0047.4	0.0796	0.1029053126307219	FALSE
PDX	MGH1181	MGH1181	FOXA3	LUAD_HC_TF	TESTED	JASPAR2024|000358|MA1683.2	0.0796	0.13056402905546918	FALSE
PDX	MGH1181	MGH1181	FOXD2	LUAD_HC_TF	TESTED	JASPAR2024|000361|MA0847.4	0.8457	-0.03532631979022778	FALSE
PDX	MGH1181	MGH1181	GATA6	LUAD_LINEAGE_POSITIVE_CONTROL	TESTED	JASPAR2024|000382|MA1104.3	0.0014	0.21833847321125016	FALSE
PDX	MGH1181	MGH1181	HNF4A	LUAD_LINEAGE_POSITIVE_CONTROL	TESTED	JASPAR2024|000410|MA0114.5	0.228	0.10538770346247484	FALSE
PDX	MGH1181	MGH1181	NFATC4	LUAD_HC_TF	TESTED	JASPAR2024|000506|MA1525.3	0.0	0.42921355631528785	TRUE
PDX	MGH1181	MGH1181	NKX2-1	LUAD_LINEAGE_POSITIVE_CONTROL	TESTED	JASPAR2024|000822|MA1994.2	0.0796	0.19346782118113032	FALSE
PDX	MGH1181	MGH1181	NR3C2	LUAD_HC_TF	TESTED	JASPAR2024|000539|MA0727.2	0.9985	-0.29762965243858314	FALSE
PDX	MGH1181	MGH1181	XBP1	LUAD_HC_TF	TESTED	JASPAR2024|000675|MA0844.2	0.0	0.2729132982028568	TRUE
PDX	MGH1181	MGH1181	ZBTB18	LUAD_HC_TF	TESTED	JASPAR2024|000681|MA0698.2	0.9256	-0.05642452425718443	FALSE
PDX	MGH1181	MGH1181	ZNF141	LUAD_HC_TF	TESTED	CIS-BP2.00|000653|M07586_2.00	0.0006	0.20015005006528253	FALSE
PDX	MGH1181	MGH1181	ZNF19	LUAD_HC_TF	TESTED	CIS-BP2.00|000670|M07603_2.00	0.4511	0.21968975767797547	FALSE
PDX	MGH1181	MGH1181	ZNF254	LUAD_HC_TF	TESTED	CIS-BP2.00|000827|M07760_2.00	1.0	-0.21406092674902658	FALSE
PDX	MGH1181	MGH1181	ZNF281	LUAD_HC_TF	TESTED	JASPAR2024|000706|MA1630.3	0.0198	0.15193520031621596	FALSE
PDX	MGH1181	MGH1181	ZNF33A	LUAD_HC_TF	TESTED	CIS-BP2.00|000762|M07695_2.00	0.0175	0.21822949419504578	FALSE
PDX	MGH1181	MGH1181	ZNF33B	LUAD_HC_TF	TESTED	CIS-BP2.00|000777|M07710_2.00	1.0	-0.09684507674189995	FALSE
PDX	MGH1181	MGH1181	ZNF341	LUAD_HC_TF	TESTED	JASPAR2024|000712|MA1655.2	0.0796	2.5993327559814876	FALSE
PDX	MGH1181	MGH1181	ZNF444	LUAD_HC_TF	TESTED	CIS-BP2.00|000420|M04529_2.00	0.1129	0.08299374118294424	FALSE
PDX	MGH1181	MGH1181	ZNF540	LUAD_HC_TF	TESTED	CIS-BP2.00|000701|M07634_2.00	0.9226	-0.043007525661780455	FALSE
PDX	MGH1181	MGH1181	ZNF75D	LUAD_HC_TF	TESTED	JASPAR2024|000169|MA1601.2	0.0004	0.2029361149815793	FALSE
PDX	MGH9183	MGH9183	CEBPA	LUAD_LINEAGE_POSITIVE_CONTROL	TESTED	JASPAR2024|000234|MA0102.5	0.3943	0.034706128812314795	FALSE
PDX	MGH9183	MGH9183	CEBPB	LUAD_LINEAGE_POSITIVE_CONTROL	TESTED	JASPAR2024|000235|MA0466.4	0.0	0.40505662540912574	TRUE
PDX	MGH9183	MGH9183	CREB3L2	LUAD_HC_TF	TESTED	JASPAR2024|000025|MA0608.1	0.0001	0.20128750265449796	FALSE
PDX	MGH9183	MGH9183	E2F5	LUAD_HC_TF	TESTED	CIS-BP2.00|000940|M08109_2.00	0.4355	0.06277733787155211	FALSE
PDX	MGH9183	MGH9183	ELF3	LUAD_HC_TF_AND_LINEAGE_POSITIVE_CONTROL	TESTED	JASPAR2024|000276|MA0640.3	0.3154	0.4018227229635642	FALSE
PDX	MGH9183	MGH9183	ETV1	LUAD_HC_TF	TESTED	JASPAR2024|000311|MA0761.3	0.5276	0.05763908609638544	FALSE
PDX	MGH9183	MGH9183	FOXA1	LUAD_LINEAGE_POSITIVE_CONTROL	TESTED	JASPAR2024|000356|MA0148.5	0.508	0.018252039045206118	FALSE
PDX	MGH9183	MGH9183	FOXA2	LUAD_LINEAGE_POSITIVE_CONTROL	TESTED	JASPAR2024|000357|MA0047.4	0.242	0.07741779794677967	FALSE
PDX	MGH9183	MGH9183	FOXA3	LUAD_HC_TF	TESTED	JASPAR2024|000358|MA1683.2	0.0783	0.1596084523017106	FALSE
PDX	MGH9183	MGH9183	FOXD2	LUAD_HC_TF	TESTED	JASPAR2024|000361|MA0847.4	0.242	0.06567150448279659	FALSE
PDX	MGH9183	MGH9183	GATA6	LUAD_LINEAGE_POSITIVE_CONTROL	TESTED	JASPAR2024|000382|MA1104.3	0.242	0.07660670356338865	FALSE
PDX	MGH9183	MGH9183	HNF4A	LUAD_LINEAGE_POSITIVE_CONTROL	TESTED	JASPAR2024|000409|MA1494.2	0.3154	0.07407624696841227	FALSE
PDX	MGH9183	MGH9183	NFATC4	LUAD_HC_TF	TESTED	JASPAR2024|000506|MA1525.3	0.0	0.25916366937371926	TRUE
PDX	MGH9183	MGH9183	NKX2-1	LUAD_LINEAGE_POSITIVE_CONTROL	TESTED	JASPAR2024|000822|MA1994.2	0.1156	0.2104174817616351	FALSE
PDX	MGH9183	MGH9183	NR3C2	LUAD_HC_TF	TESTED	JASPAR2024|000539|MA0727.2	0.8908	-0.11752512713883824	FALSE
PDX	MGH9183	MGH9183	XBP1	LUAD_HC_TF	TESTED	JASPAR2024|000675|MA0844.2	0.0	0.2433464335682006	TRUE
PDX	MGH9183	MGH9183	ZBTB18	LUAD_HC_TF	TESTED	JASPAR2024|000681|MA0698.2	0.8723	-0.04517924620401718	FALSE
PDX	MGH9183	MGH9183	ZNF141	LUAD_HC_TF	TESTED	CIS-BP2.00|000653|M07586_2.00	0.344	0.060295916369589184	FALSE
PDX	MGH9183	MGH9183	ZNF19	LUAD_HC_TF	TESTED	CIS-BP2.00|000670|M07603_2.00	0.1607	0.6288261903435372	FALSE
PDX	MGH9183	MGH9183	ZNF254	LUAD_HC_TF	TESTED	CIS-BP2.00|000827|M07760_2.00	1.0	-0.09961622333990695	FALSE
PDX	MGH9183	MGH9183	ZNF281	LUAD_HC_TF	TESTED	JASPAR2024|000706|MA1630.3	0.2287	0.08913654598870187	FALSE
PDX	MGH9183	MGH9183	ZNF33A	LUAD_HC_TF	TESTED	CIS-BP2.00|000762|M07695_2.00	0.0113	0.24205495802933338	FALSE
PDX	MGH9183	MGH9183	ZNF33B	LUAD_HC_TF	TESTED	CIS-BP2.00|000777|M07710_2.00	1.0	-0.11486518165044379	FALSE
PDX	MGH9183	MGH9183	ZNF341	LUAD_HC_TF	TESTED	JASPAR2024|000712|MA1655.2	0.5503	0.2526072583331489	FALSE
PDX	MGH9183	MGH9183	ZNF444	LUAD_HC_TF	TESTED	CIS-BP2.00|000420|M04529_2.00	0.5453	0.03166009527048293	FALSE
PDX	MGH9183	MGH9183	ZNF540	LUAD_HC_TF	TESTED	CIS-BP2.00|000701|M07634_2.00	1.0	-0.046779852174569266	FALSE
PDX	MGH9183	MGH9183	ZNF75D	LUAD_HC_TF	TESTED	JASPAR2024|000169|MA1601.2	0.3154	0.04677433957373774	FALSE
PDX	MGH9243	MGH9243	CEBPA	LUAD_LINEAGE_POSITIVE_CONTROL	NOT_TESTABLE_PEAK_COUNT_MATCH	NA	1.0	0.0	FALSE
PDX	MGH9243	MGH9243	CEBPB	LUAD_LINEAGE_POSITIVE_CONTROL	NOT_TESTABLE_PEAK_COUNT_MATCH	NA	1.0	0.0	FALSE
PDX	MGH9243	MGH9243	CREB3L2	LUAD_HC_TF	NOT_TESTABLE_PEAK_COUNT_MATCH	NA	1.0	0.0	FALSE
PDX	MGH9243	MGH9243	E2F5	LUAD_HC_TF	NOT_TESTABLE_PEAK_COUNT_MATCH	NA	1.0	0.0	FALSE
PDX	MGH9243	MGH9243	ELF3	LUAD_HC_TF_AND_LINEAGE_POSITIVE_CONTROL	NOT_TESTABLE_PEAK_COUNT_MATCH	NA	1.0	0.0	FALSE
PDX	MGH9243	MGH9243	ETV1	LUAD_HC_TF	NOT_TESTABLE_PEAK_COUNT_MATCH	NA	1.0	0.0	FALSE
PDX	MGH9243	MGH9243	FOXA1	LUAD_LINEAGE_POSITIVE_CONTROL	NOT_TESTABLE_PEAK_COUNT_MATCH	NA	1.0	0.0	FALSE
PDX	MGH9243	MGH9243	FOXA2	LUAD_LINEAGE_POSITIVE_CONTROL	NOT_TESTABLE_PEAK_COUNT_MATCH	NA	1.0	0.0	FALSE
PDX	MGH9243	MGH9243	FOXA3	LUAD_HC_TF	NOT_TESTABLE_PEAK_COUNT_MATCH	NA	1.0	0.0	FALSE
PDX	MGH9243	MGH9243	FOXD2	LUAD_HC_TF	NOT_TESTABLE_PEAK_COUNT_MATCH	NA	1.0	0.0	FALSE
PDX	MGH9243	MGH9243	GATA6	LUAD_LINEAGE_POSITIVE_CONTROL	NOT_TESTABLE_PEAK_COUNT_MATCH	NA	1.0	0.0	FALSE
PDX	MGH9243	MGH9243	HNF4A	LUAD_LINEAGE_POSITIVE_CONTROL	NOT_TESTABLE_PEAK_COUNT_MATCH	NA	1.0	0.0	FALSE
PDX	MGH9243	MGH9243	NFATC4	LUAD_HC_TF	NOT_TESTABLE_PEAK_COUNT_MATCH	NA	1.0	0.0	FALSE
PDX	MGH9243	MGH9243	NKX2-1	LUAD_LINEAGE_POSITIVE_CONTROL	NOT_TESTABLE_PEAK_COUNT_MATCH	NA	1.0	0.0	FALSE
PDX	MGH9243	MGH9243	NR3C2	LUAD_HC_TF	NOT_TESTABLE_PEAK_COUNT_MATCH	NA	1.0	0.0	FALSE
PDX	MGH9243	MGH9243	XBP1	LUAD_HC_TF	NOT_TESTABLE_PEAK_COUNT_MATCH	NA	1.0	0.0	FALSE
PDX	MGH9243	MGH9243	ZBTB18	LUAD_HC_TF	NOT_TESTABLE_PEAK_COUNT_MATCH	NA	1.0	0.0	FALSE
PDX	MGH9243	MGH9243	ZNF141	LUAD_HC_TF	NOT_TESTABLE_PEAK_COUNT_MATCH	NA	1.0	0.0	FALSE
PDX	MGH9243	MGH9243	ZNF19	LUAD_HC_TF	NOT_TESTABLE_PEAK_COUNT_MATCH	NA	1.0	0.0	FALSE
PDX	MGH9243	MGH9243	ZNF254	LUAD_HC_TF	NOT_TESTABLE_PEAK_COUNT_MATCH	NA	1.0	0.0	FALSE
PDX	MGH9243	MGH9243	ZNF281	LUAD_HC_TF	NOT_TESTABLE_PEAK_COUNT_MATCH	NA	1.0	0.0	FALSE
PDX	MGH9243	MGH9243	ZNF33A	LUAD_HC_TF	NOT_TESTABLE_PEAK_COUNT_MATCH	NA	1.0	0.0	FALSE
PDX	MGH9243	MGH9243	ZNF33B	LUAD_HC_TF	NOT_TESTABLE_PEAK_COUNT_MATCH	NA	1.0	0.0	FALSE
PDX	MGH9243	MGH9243	ZNF341	LUAD_HC_TF	NOT_TESTABLE_PEAK_COUNT_MATCH	NA	1.0	0.0	FALSE
PDX	MGH9243	MGH9243	ZNF444	LUAD_HC_TF	NOT_TESTABLE_PEAK_COUNT_MATCH	NA	1.0	0.0	FALSE
PDX	MGH9243	MGH9243	ZNF540	LUAD_HC_TF	NOT_TESTABLE_PEAK_COUNT_MATCH	NA	1.0	0.0	FALSE
PDX	MGH9243	MGH9243	ZNF75D	LUAD_HC_TF	NOT_TESTABLE_PEAK_COUNT_MATCH	NA	1.0	0.0	FALSE
cell_line	A427	A427	CEBPA	LUAD_LINEAGE_POSITIVE_CONTROL	TESTED	JASPAR2024|000234|MA0102.5	0.097	0.09269167155086329	FALSE
cell_line	A427	A427	CEBPB	LUAD_LINEAGE_POSITIVE_CONTROL	TESTED	JASPAR2024|000235|MA0466.4	0.002	0.3094200503722658	FALSE
cell_line	A427	A427	CREB3L2	LUAD_HC_TF	TESTED	JASPAR2024|000025|MA0608.1	0.1166	0.07675758846126463	FALSE
cell_line	A427	A427	E2F5	LUAD_HC_TF	TESTED	CIS-BP2.00|000940|M08109_2.00	0.0003	0.323769981665583	FALSE
cell_line	A427	A427	ELF3	LUAD_HC_TF_AND_LINEAGE_POSITIVE_CONTROL	TESTED	JASPAR2024|000276|MA0640.3	0.1962	0.4853334352731301	FALSE
cell_line	A427	A427	ETV1	LUAD_HC_TF	TESTED	JASPAR2024|000652|MA1966.2	0.0035	0.4519602582019377	FALSE
cell_line	A427	A427	FOXA1	LUAD_LINEAGE_POSITIVE_CONTROL	TESTED	JASPAR2024|000356|MA0148.5	0.0314	0.1403506440033703	FALSE
cell_line	A427	A427	FOXA2	LUAD_LINEAGE_POSITIVE_CONTROL	TESTED	JASPAR2024|000357|MA0047.4	0.0171	0.15285786125554365	FALSE
cell_line	A427	A427	FOXA3	LUAD_HC_TF	TESTED	JASPAR2024|000358|MA1683.2	0.0262	0.18400631073627188	FALSE
cell_line	A427	A427	FOXD2	LUAD_HC_TF	TESTED	JASPAR2024|000361|MA0847.4	0.7838	-0.026771302265295418	FALSE
cell_line	A427	A427	GATA6	LUAD_LINEAGE_POSITIVE_CONTROL	TESTED	JASPAR2024|000382|MA1104.3	0.2311	0.06455918735217765	FALSE
cell_line	A427	A427	HNF4A	LUAD_LINEAGE_POSITIVE_CONTROL	TESTED	JASPAR2024|000410|MA0114.5	0.4886	0.03142868658786248	FALSE
cell_line	A427	A427	NFATC4	LUAD_HC_TF	TESTED	JASPAR2024|000506|MA1525.3	0.0	0.3162954732521351	TRUE
cell_line	A427	A427	NKX2-1	LUAD_LINEAGE_POSITIVE_CONTROL	TESTED	JASPAR2024|000822|MA1994.2	0.2528	0.09621752645563796	FALSE
cell_line	A427	A427	NR3C2	LUAD_HC_TF	TESTED	JASPAR2024|000539|MA0727.2	0.7437	-0.030514143652381892	FALSE
cell_line	A427	A427	XBP1	LUAD_HC_TF	TESTED	JASPAR2024|000675|MA0844.2	0.0	0.24469945166593288	TRUE
cell_line	A427	A427	ZBTB18	LUAD_HC_TF	TESTED	JASPAR2024|000681|MA0698.2	1.0	-0.22048959945833477	FALSE
cell_line	A427	A427	ZNF141	LUAD_HC_TF	TESTED	CIS-BP2.00|000653|M07586_2.00	0.3364	0.048438325444109864	FALSE
cell_line	A427	A427	ZNF19	LUAD_HC_TF	TESTED	CIS-BP2.00|000670|M07603_2.00	0.6289	0.10334681390438462	FALSE
cell_line	A427	A427	ZNF254	LUAD_HC_TF	TESTED	CIS-BP2.00|000827|M07760_2.00	1.0	-0.14954689425824388	FALSE
cell_line	A427	A427	ZNF281	LUAD_HC_TF	TESTED	JASPAR2024|000706|MA1630.3	0.3755	0.03502039633179454	FALSE
cell_line	A427	A427	ZNF33A	LUAD_HC_TF	TESTED	CIS-BP2.00|000762|M07695_2.00	0.7541	0.006591226877360513	FALSE
cell_line	A427	A427	ZNF33B	LUAD_HC_TF	TESTED	CIS-BP2.00|000777|M07710_2.00	1.0	-0.1340338829731176	FALSE
cell_line	A427	A427	ZNF341	LUAD_HC_TF	TESTED	JASPAR2024|000712|MA1655.2	0.1166	2.5392885862409247	FALSE
cell_line	A427	A427	ZNF444	LUAD_HC_TF	TESTED	CIS-BP2.00|000420|M04529_2.00	1.0	-0.11661629905962233	FALSE
cell_line	A427	A427	ZNF540	LUAD_HC_TF	TESTED	CIS-BP2.00|000701|M07634_2.00	1.0	-0.037235335359011135	FALSE
cell_line	A427	A427	ZNF75D	LUAD_HC_TF	TESTED	JASPAR2024|000169|MA1601.2	0.0439	0.11046548374612553	FALSE
cell_line	A549	A549	CEBPA	LUAD_LINEAGE_POSITIVE_CONTROL	TESTED	JASPAR2024|000234|MA0102.5	0.1276	0.10180617965840857	FALSE
cell_line	A549	A549	CEBPB	LUAD_LINEAGE_POSITIVE_CONTROL	TESTED	JASPAR2024|000235|MA0466.4	0.0	0.4538669513376535	TRUE
cell_line	A549	A549	CREB3L2	LUAD_HC_TF	TESTED	JASPAR2024|000025|MA0608.1	1.0	-0.12849960523952278	FALSE
cell_line	A549	A549	E2F5	LUAD_HC_TF	TESTED	CIS-BP2.00|000940|M08109_2.00	0.1429	0.13112625390302457	FALSE
cell_line	A549	A549	ELF3	LUAD_HC_TF_AND_LINEAGE_POSITIVE_CONTROL	TESTED	JASPAR2024|000276|MA0640.3	0.1276	0.9048672596655927	FALSE
cell_line	A549	A549	ETV1	LUAD_HC_TF	TESTED	JASPAR2024|000652|MA1966.2	0.7127	0.02437636460728774	FALSE
cell_line	A549	A549	FOXA1	LUAD_LINEAGE_POSITIVE_CONTROL	TESTED	JASPAR2024|000356|MA0148.5	0.6502	0.030769839495757866	FALSE
cell_line	A549	A549	FOXA2	LUAD_LINEAGE_POSITIVE_CONTROL	TESTED	JASPAR2024|000357|MA0047.4	0.6269	0.040005934011156576	FALSE
cell_line	A549	A549	FOXA3	LUAD_HC_TF	TESTED	JASPAR2024|000358|MA1683.2	0.6269	0.05375390155959309	FALSE
cell_line	A549	A549	FOXD2	LUAD_HC_TF	TESTED	JASPAR2024|000361|MA0847.4	0.6039	0.04297375583729234	FALSE
cell_line	A549	A549	GATA6	LUAD_LINEAGE_POSITIVE_CONTROL	TESTED	JASPAR2024|000382|MA1104.3	0.6502	0.03164409632888531	FALSE
cell_line	A549	A549	HNF4A	LUAD_LINEAGE_POSITIVE_CONTROL	TESTED	JASPAR2024|000410|MA0114.5	0.5983	0.11426729883877046	FALSE
cell_line	A549	A549	NFATC4	LUAD_HC_TF	TESTED	JASPAR2024|000506|MA1525.3	0.0	0.31672068700238665	TRUE
cell_line	A549	A549	NKX2-1	LUAD_LINEAGE_POSITIVE_CONTROL	TESTED	JASPAR2024|000822|MA1994.2	1.0	-0.24995749782020638	FALSE
cell_line	A549	A549	NR3C2	LUAD_HC_TF	TESTED	JASPAR2024|000539|MA0727.2	0.9465	-0.05347607995388354	FALSE
cell_line	A549	A549	XBP1	LUAD_HC_TF	TESTED	JASPAR2024|000675|MA0844.2	0.029	0.12798831062812616	FALSE
cell_line	A549	A549	ZBTB18	LUAD_HC_TF	TESTED	JASPAR2024|000681|MA0698.2	1.0	-0.16572888599265545	FALSE
cell_line	A549	A549	ZNF141	LUAD_HC_TF	TESTED	CIS-BP2.00|000653|M07586_2.00	1.0	-0.021369407102159597	FALSE
cell_line	A549	A549	ZNF19	LUAD_HC_TF	TESTED	CIS-BP2.00|000670|M07603_2.00	0.11	0.7519564805079216	FALSE
cell_line	A549	A549	ZNF254	LUAD_HC_TF	TESTED	CIS-BP2.00|000827|M07760_2.00	1.0	-0.09891258878169334	FALSE
cell_line	A549	A549	ZNF281	LUAD_HC_TF	TESTED	JASPAR2024|000706|MA1630.3	0.9465	-0.03947794434624927	FALSE
cell_line	A549	A549	ZNF33A	LUAD_HC_TF	TESTED	CIS-BP2.00|000762|M07695_2.00	0.0019	0.2988310437682157	FALSE
cell_line	A549	A549	ZNF33B	LUAD_HC_TF	TESTED	CIS-BP2.00|000777|M07710_2.00	1.0	-0.04819715398846403	FALSE
cell_line	A549	A549	ZNF341	LUAD_HC_TF	TESTED	JASPAR2024|000712|MA1655.2	0.7379	0.10444885023820408	FALSE
cell_line	A549	A549	ZNF444	LUAD_HC_TF	TESTED	CIS-BP2.00|000420|M04529_2.00	1.0	-0.1715788364561306	FALSE
cell_line	A549	A549	ZNF540	LUAD_HC_TF	TESTED	CIS-BP2.00|000701|M07634_2.00	0.9846	-0.008558620648215397	FALSE
cell_line	A549	A549	ZNF75D	LUAD_HC_TF	TESTED	JASPAR2024|000169|MA1601.2	0.6502	0.02030100045956775	FALSE
cell_line	ABC-1	ABC-1	CEBPA	LUAD_LINEAGE_POSITIVE_CONTROL	TESTED	JASPAR2024|000234|MA0102.5	0.4266	0.02272195347843146	FALSE
cell_line	ABC-1	ABC-1	CEBPB	LUAD_LINEAGE_POSITIVE_CONTROL	TESTED	JASPAR2024|000235|MA0466.4	0.0087	0.2736125159865987	FALSE
cell_line	ABC-1	ABC-1	CREB3L2	LUAD_HC_TF	TESTED	JASPAR2024|000025|MA0608.1	0.0291	0.11094902553755553	FALSE
cell_line	ABC-1	ABC-1	E2F5	LUAD_HC_TF	TESTED	CIS-BP2.00|000940|M08109_2.00	0.0459	0.17791191311536653	FALSE
cell_line	ABC-1	ABC-1	ELF3	LUAD_HC_TF_AND_LINEAGE_POSITIVE_CONTROL	TESTED	JASPAR2024|000276|MA0640.3	0.0837	0.7587939803077612	FALSE
cell_line	ABC-1	ABC-1	ETV1	LUAD_HC_TF	TESTED	JASPAR2024|000652|MA1966.2	0.0087	0.41236567415127656	FALSE
cell_line	ABC-1	ABC-1	FOXA1	LUAD_LINEAGE_POSITIVE_CONTROL	TESTED	JASPAR2024|000356|MA0148.5	0.3025	0.05370160938650575	FALSE
cell_line	ABC-1	ABC-1	FOXA2	LUAD_LINEAGE_POSITIVE_CONTROL	TESTED	JASPAR2024|000357|MA0047.4	0.0594	0.11243567667924599	FALSE
cell_line	ABC-1	ABC-1	FOXA3	LUAD_HC_TF	TESTED	JASPAR2024|000358|MA1683.2	0.0139	0.20059690911164182	FALSE
cell_line	ABC-1	ABC-1	FOXD2	LUAD_HC_TF	TESTED	JASPAR2024|000361|MA0847.4	0.4266	0.023430839444083824	FALSE
cell_line	ABC-1	ABC-1	GATA6	LUAD_LINEAGE_POSITIVE_CONTROL	TESTED	JASPAR2024|000382|MA1104.3	0.0087	0.1938947188191814	FALSE
cell_line	ABC-1	ABC-1	HNF4A	LUAD_LINEAGE_POSITIVE_CONTROL	TESTED	JASPAR2024|000410|MA0114.5	0.9693	-0.12587526746452596	FALSE
cell_line	ABC-1	ABC-1	NFATC4	LUAD_HC_TF	TESTED	JASPAR2024|000506|MA1525.3	0.0	0.2993317994928838	TRUE
cell_line	ABC-1	ABC-1	NKX2-1	LUAD_LINEAGE_POSITIVE_CONTROL	TESTED	JASPAR2024|000822|MA1994.2	0.0179	0.2780433436333656	FALSE
cell_line	ABC-1	ABC-1	NR3C2	LUAD_HC_TF	TESTED	JASPAR2024|000539|MA0727.2	0.8049	-0.04442866590129433	FALSE
cell_line	ABC-1	ABC-1	XBP1	LUAD_HC_TF	TESTED	JASPAR2024|000675|MA0844.2	0.0	0.29519834478129947	TRUE
cell_line	ABC-1	ABC-1	ZBTB18	LUAD_HC_TF	TESTED	JASPAR2024|000681|MA0698.2	1.0	-0.1503052421484832	FALSE
cell_line	ABC-1	ABC-1	ZNF141	LUAD_HC_TF	TESTED	CIS-BP2.00|000653|M07586_2.00	0.665	0.017326923129445514	FALSE
cell_line	ABC-1	ABC-1	ZNF19	LUAD_HC_TF	TESTED	CIS-BP2.00|000670|M07603_2.00	0.0135	1.1929794663331925	FALSE
cell_line	ABC-1	ABC-1	ZNF254	LUAD_HC_TF	TESTED	CIS-BP2.00|000827|M07760_2.00	1.0	-0.12273439574374997	FALSE
cell_line	ABC-1	ABC-1	ZNF281	LUAD_HC_TF	TESTED	JASPAR2024|000706|MA1630.3	0.3628	0.04012924240127444	FALSE
cell_line	ABC-1	ABC-1	ZNF33A	LUAD_HC_TF	TESTED	CIS-BP2.00|000762|M07695_2.00	0.2669	0.09323800418806437	FALSE
cell_line	ABC-1	ABC-1	ZNF33B	LUAD_HC_TF	TESTED	CIS-BP2.00|000777|M07710_2.00	1.0	-0.06617661953760295	FALSE
cell_line	ABC-1	ABC-1	ZNF341	LUAD_HC_TF	TESTED	JASPAR2024|000712|MA1655.2	0.3628	0.8247370285844857	FALSE
cell_line	ABC-1	ABC-1	ZNF444	LUAD_HC_TF	TESTED	CIS-BP2.00|000420|M04529_2.00	0.665	0.015696019642757488	FALSE
cell_line	ABC-1	ABC-1	ZNF540	LUAD_HC_TF	TESTED	CIS-BP2.00|000701|M07634_2.00	1.0	-0.13507206160950325	FALSE
cell_line	ABC-1	ABC-1	ZNF75D	LUAD_HC_TF	TESTED	JASPAR2024|000169|MA1601.2	0.2266	0.05837856832875124	FALSE
cell_line	H1648	H1648	CEBPA	LUAD_LINEAGE_POSITIVE_CONTROL	TESTED	JASPAR2024|000234|MA0102.5	0.0605	0.10826695277305808	FALSE
cell_line	H1648	H1648	CEBPB	LUAD_LINEAGE_POSITIVE_CONTROL	TESTED	JASPAR2024|000235|MA0466.4	0.0068	0.2819105750733232	FALSE
cell_line	H1648	H1648	CREB3L2	LUAD_HC_TF	TESTED	JASPAR2024|000025|MA0608.1	0.1841	0.06593331636020759	FALSE
cell_line	H1648	H1648	E2F5	LUAD_HC_TF	TESTED	CIS-BP2.00|000940|M08109_2.00	0.0452	0.17366009511324448	FALSE
cell_line	H1648	H1648	ELF3	LUAD_HC_TF_AND_LINEAGE_POSITIVE_CONTROL	TESTED	JASPAR2024|000276|MA0640.3	0.0251	1.2124820149459592	FALSE
cell_line	H1648	H1648	ETV1	LUAD_HC_TF	TESTED	JASPAR2024|000311|MA0761.3	0.1841	0.36868735781951073	FALSE
cell_line	H1648	H1648	FOXA1	LUAD_LINEAGE_POSITIVE_CONTROL	TESTED	JASPAR2024|000356|MA0148.5	0.5547	0.024769325215889478	FALSE
cell_line	H1648	H1648	FOXA2	LUAD_LINEAGE_POSITIVE_CONTROL	TESTED	JASPAR2024|000357|MA0047.4	0.5618	0.014803219719566994	FALSE
cell_line	H1648	H1648	FOXA3	LUAD_HC_TF	TESTED	JASPAR2024|000358|MA1683.2	0.5547	0.03032928737713668	FALSE
cell_line	H1648	H1648	FOXD2	LUAD_HC_TF	TESTED	JASPAR2024|000361|MA0847.4	0.685	-0.00596484604290832	FALSE
cell_line	H1648	H1648	GATA6	LUAD_LINEAGE_POSITIVE_CONTROL	TESTED	JASPAR2024|000382|MA1104.3	0.0099	0.1813242496836225	FALSE
cell_line	H1648	H1648	HNF4A	LUAD_LINEAGE_POSITIVE_CONTROL	TESTED	JASPAR2024|000410|MA0114.5	0.66	0.0006491059112102602	FALSE
cell_line	H1648	H1648	NFATC4	LUAD_HC_TF	TESTED	JASPAR2024|000506|MA1525.3	0.0	0.3068128798362366	TRUE
cell_line	H1648	H1648	NKX2-1	LUAD_LINEAGE_POSITIVE_CONTROL	TESTED	JASPAR2024|000822|MA1994.2	0.0605	0.22720735862771269	FALSE
cell_line	H1648	H1648	NR3C2	LUAD_HC_TF	TESTED	JASPAR2024|000539|MA0727.2	1.0	-0.19557244291196207	FALSE
cell_line	H1648	H1648	XBP1	LUAD_HC_TF	TESTED	JASPAR2024|000675|MA0844.2	0.0	0.2390901755543718	TRUE
cell_line	H1648	H1648	ZBTB18	LUAD_HC_TF	TESTED	JASPAR2024|000681|MA0698.2	1.0	-0.06425239664787179	FALSE
cell_line	H1648	H1648	ZNF141	LUAD_HC_TF	TESTED	CIS-BP2.00|000653|M07586_2.00	0.7254	0.0006732245767564954	FALSE
cell_line	H1648	H1648	ZNF19	LUAD_HC_TF	TESTED	CIS-BP2.00|000670|M07603_2.00	0.6574	0.12734615177374634	FALSE
cell_line	H1648	H1648	ZNF254	LUAD_HC_TF	TESTED	CIS-BP2.00|000827|M07760_2.00	1.0	-0.11624554233851947	FALSE
cell_line	H1648	H1648	ZNF281	LUAD_HC_TF	TESTED	JASPAR2024|000706|MA1630.3	0.13	0.09791488477524225	FALSE
cell_line	H1648	H1648	ZNF33A	LUAD_HC_TF	TESTED	CIS-BP2.00|000762|M07695_2.00	0.1137	0.1403283485689981	FALSE
cell_line	H1648	H1648	ZNF33B	LUAD_HC_TF	TESTED	CIS-BP2.00|000777|M07710_2.00	1.0	-0.10804021608421421	FALSE
cell_line	H1648	H1648	ZNF341	LUAD_HC_TF	TESTED	JASPAR2024|000712|MA1655.2	0.9794	-0.692791381071556	FALSE
cell_line	H1648	H1648	ZNF444	LUAD_HC_TF	TESTED	CIS-BP2.00|000420|M04529_2.00	0.6741	0.011981726897741246	FALSE
cell_line	H1648	H1648	ZNF540	LUAD_HC_TF	TESTED	CIS-BP2.00|000701|M07634_2.00	0.8794	-0.025100206473076488	FALSE
cell_line	H1648	H1648	ZNF75D	LUAD_HC_TF	TESTED	JASPAR2024|000169|MA1601.2	0.0091	0.15257451306814424	FALSE
cell_line	H1650	H1650	CEBPA	LUAD_LINEAGE_POSITIVE_CONTROL	TESTED	JASPAR2024|000234|MA0102.5	0.1159	0.09668730855975531	FALSE
cell_line	H1650	H1650	CEBPB	LUAD_LINEAGE_POSITIVE_CONTROL	TESTED	JASPAR2024|000235|MA0466.4	0.0	0.5117863005026043	TRUE
cell_line	H1650	H1650	CREB3L2	LUAD_HC_TF	TESTED	JASPAR2024|000025|MA0608.1	0.4219	0.04448058713505506	FALSE
cell_line	H1650	H1650	E2F5	LUAD_HC_TF	TESTED	CIS-BP2.00|000940|M08109_2.00	0.9152	0.0027676696661217935	FALSE
cell_line	H1650	H1650	ELF3	LUAD_HC_TF_AND_LINEAGE_POSITIVE_CONTROL	TESTED	JASPAR2024|000276|MA0640.3	0.1159	0.8252302921474131	FALSE
cell_line	H1650	H1650	ETV1	LUAD_HC_TF	TESTED	JASPAR2024|000311|MA0761.3	0.4846	0.19379073825500986	FALSE
cell_line	H1650	H1650	FOXA1	LUAD_LINEAGE_POSITIVE_CONTROL	TESTED	JASPAR2024|000356|MA0148.5	0.9394	-0.029367048177457104	FALSE
cell_line	H1650	H1650	FOXA2	LUAD_LINEAGE_POSITIVE_CONTROL	TESTED	JASPAR2024|000357|MA0047.4	0.1544	0.09003389453789647	FALSE
cell_line	H1650	H1650	FOXA3	LUAD_HC_TF	TESTED	JASPAR2024|000358|MA1683.2	0.8363	-0.010164525800302488	FALSE
cell_line	H1650	H1650	FOXD2	LUAD_HC_TF	TESTED	JASPAR2024|000361|MA0847.4	0.9394	-0.021483186096997745	FALSE
cell_line	H1650	H1650	GATA6	LUAD_LINEAGE_POSITIVE_CONTROL	TESTED	JASPAR2024|000382|MA1104.3	0.0996	0.1323783776745139	FALSE
cell_line	H1650	H1650	HNF4A	LUAD_LINEAGE_POSITIVE_CONTROL	TESTED	JASPAR2024|000409|MA1494.2	0.9821	-0.09487247294597198	FALSE
cell_line	H1650	H1650	NFATC4	LUAD_HC_TF	TESTED	JASPAR2024|000506|MA1525.3	0.0	0.3661343474460757	TRUE
cell_line	H1650	H1650	NKX2-1	LUAD_LINEAGE_POSITIVE_CONTROL	TESTED	JASPAR2024|000822|MA1994.2	0.4846	0.07086293608834648	FALSE
cell_line	H1650	H1650	NR3C2	LUAD_HC_TF	TESTED	JASPAR2024|000539|MA0727.2	0.9752	-0.08370193353130657	FALSE
cell_line	H1650	H1650	XBP1	LUAD_HC_TF	TESTED	JASPAR2024|000675|MA0844.2	0.0001	0.19984573416832566	FALSE
cell_line	H1650	H1650	ZBTB18	LUAD_HC_TF	TESTED	JASPAR2024|000681|MA0698.2	1.0	-0.0873463043418007	FALSE
cell_line	H1650	H1650	ZNF141	LUAD_HC_TF	TESTED	CIS-BP2.00|000653|M07586_2.00	1.0	-0.03520047232932901	FALSE
cell_line	H1650	H1650	ZNF19	LUAD_HC_TF	TESTED	CIS-BP2.00|000670|M07603_2.00	0.8975	0.06298388688238794	FALSE
cell_line	H1650	H1650	ZNF254	LUAD_HC_TF	TESTED	CIS-BP2.00|000827|M07760_2.00	1.0	-0.14803203610332705	FALSE
cell_line	H1650	H1650	ZNF281	LUAD_HC_TF	TESTED	JASPAR2024|000706|MA1630.3	0.9752	-0.04743908637838161	FALSE
cell_line	H1650	H1650	ZNF33A	LUAD_HC_TF	TESTED	CIS-BP2.00|000762|M07695_2.00	0.549	0.09042284263475323	FALSE
cell_line	H1650	H1650	ZNF33B	LUAD_HC_TF	TESTED	CIS-BP2.00|000777|M07710_2.00	1.0	-0.0664343737517426	FALSE
cell_line	H1650	H1650	ZNF341	LUAD_HC_TF	TESTED	JASPAR2024|000712|MA1655.2	0.7279	0.09749592666829796	FALSE
cell_line	H1650	H1650	ZNF444	LUAD_HC_TF	TESTED	CIS-BP2.00|000420|M04529_2.00	0.849	0.015261998929435958	FALSE
cell_line	H1650	H1650	ZNF540	LUAD_HC_TF	TESTED	CIS-BP2.00|000701|M07634_2.00	1.0	-0.08680287420110439	FALSE
cell_line	H1650	H1650	ZNF75D	LUAD_HC_TF	TESTED	JASPAR2024|000169|MA1601.2	0.0996	0.10744600314398331	FALSE
cell_line	H1819	H1819	CEBPA	LUAD_LINEAGE_POSITIVE_CONTROL	TESTED	JASPAR2024|000234|MA0102.5	0.2583	0.059189201924638245	FALSE
cell_line	H1819	H1819	CEBPB	LUAD_LINEAGE_POSITIVE_CONTROL	TESTED	JASPAR2024|000235|MA0466.4	0.1054	0.16662326208943587	FALSE
cell_line	H1819	H1819	CREB3L2	LUAD_HC_TF	TESTED	JASPAR2024|000025|MA0608.1	0.5939	0.0032106153773727004	FALSE
cell_line	H1819	H1819	E2F5	LUAD_HC_TF	TESTED	CIS-BP2.00|000940|M08109_2.00	0.0	0.41165992044620775	TRUE
cell_line	H1819	H1819	ELF3	LUAD_HC_TF_AND_LINEAGE_POSITIVE_CONTROL	TESTED	JASPAR2024|000276|MA0640.3	0.023	1.358272438165479	FALSE
cell_line	H1819	H1819	ETV1	LUAD_HC_TF	TESTED	JASPAR2024|000311|MA0761.3	0.3703	0.21776100918220023	FALSE
cell_line	H1819	H1819	FOXA1	LUAD_LINEAGE_POSITIVE_CONTROL	TESTED	JASPAR2024|000356|MA0148.5	0.2583	0.06519377468301918	FALSE
cell_line	H1819	H1819	FOXA2	LUAD_LINEAGE_POSITIVE_CONTROL	TESTED	JASPAR2024|000357|MA0047.4	0.1951	0.07612795803989013	FALSE
cell_line	H1819	H1819	FOXA3	LUAD_HC_TF	TESTED	JASPAR2024|000358|MA1683.2	0.1054	0.12857798575005638	FALSE
cell_line	H1819	H1819	FOXD2	LUAD_HC_TF	TESTED	JASPAR2024|000361|MA0847.4	0.5364	0.01591064102893312	FALSE
cell_line	H1819	H1819	GATA6	LUAD_LINEAGE_POSITIVE_CONTROL	TESTED	JASPAR2024|000382|MA1104.3	0.0674	0.1320814506971272	FALSE
cell_line	H1819	H1819	HNF4A	LUAD_LINEAGE_POSITIVE_CONTROL	TESTED	JASPAR2024|000410|MA0114.5	0.7102	-0.026885519341390163	FALSE
cell_line	H1819	H1819	NFATC4	LUAD_HC_TF	TESTED	JASPAR2024|000506|MA1525.3	0.0	0.361905530066407	TRUE
cell_line	H1819	H1819	NKX2-1	LUAD_LINEAGE_POSITIVE_CONTROL	TESTED	JASPAR2024|000822|MA1994.2	0.0443	0.24929310995885173	FALSE
cell_line	H1819	H1819	NR3C2	LUAD_HC_TF	TESTED	JASPAR2024|000539|MA0727.2	1.0	-0.21355109117039564	FALSE
cell_line	H1819	H1819	XBP1	LUAD_HC_TF	TESTED	JASPAR2024|000675|MA0844.2	0.0	0.25732758532245514	TRUE
cell_line	H1819	H1819	ZBTB18	LUAD_HC_TF	TESTED	JASPAR2024|000681|MA0698.2	1.0	-0.21786506913756296	FALSE
cell_line	H1819	H1819	ZNF141	LUAD_HC_TF	TESTED	CIS-BP2.00|000653|M07586_2.00	1.0	-0.05605376730385631	FALSE
cell_line	H1819	H1819	ZNF19	LUAD_HC_TF	TESTED	CIS-BP2.00|000670|M07603_2.00	0.9449	-0.025673155990581623	FALSE
cell_line	H1819	H1819	ZNF254	LUAD_HC_TF	TESTED	CIS-BP2.00|000827|M07760_2.00	1.0	-0.06407732148841074	FALSE
cell_line	H1819	H1819	ZNF281	LUAD_HC_TF	TESTED	JASPAR2024|000706|MA1630.3	0.023	0.16172705618752461	FALSE
cell_line	H1819	H1819	ZNF33A	LUAD_HC_TF	TESTED	CIS-BP2.00|000762|M07695_2.00	0.163	0.12914352426436898	FALSE
cell_line	H1819	H1819	ZNF33B	LUAD_HC_TF	TESTED	CIS-BP2.00|000777|M07710_2.00	1.0	-0.09677486986136606	FALSE
cell_line	H1819	H1819	ZNF341	LUAD_HC_TF	TESTED	JASPAR2024|000712|MA1655.2	0.5785	0.3442733814363585	FALSE
cell_line	H1819	H1819	ZNF444	LUAD_HC_TF	TESTED	CIS-BP2.00|000420|M04529_2.00	1.0	-0.05244986729545226	FALSE
cell_line	H1819	H1819	ZNF540	LUAD_HC_TF	TESTED	CIS-BP2.00|000701|M07634_2.00	0.7674	0.014288122600758011	FALSE
cell_line	H1819	H1819	ZNF75D	LUAD_HC_TF	TESTED	JASPAR2024|000169|MA1601.2	0.1054	0.09388034341149044	FALSE
cell_line	H1975	H1975	CEBPA	LUAD_LINEAGE_POSITIVE_CONTROL	TESTED	JASPAR2024|000234|MA0102.5	0.9291	0.0020072648330580686	FALSE
cell_line	H1975	H1975	CEBPB	LUAD_LINEAGE_POSITIVE_CONTROL	TESTED	JASPAR2024|000235|MA0466.4	0.0227	0.25737852286473384	FALSE
cell_line	H1975	H1975	CREB3L2	LUAD_HC_TF	TESTED	JASPAR2024|000025|MA0608.1	0.0891	0.10281572528997616	FALSE
cell_line	H1975	H1975	E2F5	LUAD_HC_TF	TESTED	CIS-BP2.00|000940|M08109_2.00	1.0	-0.1976647870336472	FALSE
cell_line	H1975	H1975	ELF3	LUAD_HC_TF_AND_LINEAGE_POSITIVE_CONTROL	TESTED	JASPAR2024|000276|MA0640.3	0.5595	0.31945099256709697	FALSE
cell_line	H1975	H1975	ETV1	LUAD_HC_TF	TESTED	JASPAR2024|000311|MA0761.3	0.3807	0.3315145356661565	FALSE
cell_line	H1975	H1975	FOXA1	LUAD_LINEAGE_POSITIVE_CONTROL	TESTED	JASPAR2024|000356|MA0148.5	0.9291	-0.007451178654050668	FALSE
cell_line	H1975	H1975	FOXA2	LUAD_LINEAGE_POSITIVE_CONTROL	TESTED	JASPAR2024|000357|MA0047.4	0.8001	0.020706439756114497	FALSE
cell_line	H1975	H1975	FOXA3	LUAD_HC_TF	TESTED	JASPAR2024|000358|MA1683.2	0.9291	-0.006712187989283939	FALSE
cell_line	H1975	H1975	FOXD2	LUAD_HC_TF	TESTED	JASPAR2024|000361|MA0847.4	1.0	-0.06311366305712085	FALSE
cell_line	H1975	H1975	GATA6	LUAD_LINEAGE_POSITIVE_CONTROL	TESTED	JASPAR2024|000382|MA1104.3	0.8001	0.025483199869039297	FALSE
cell_line	H1975	H1975	HNF4A	LUAD_LINEAGE_POSITIVE_CONTROL	TESTED	JASPAR2024|000410|MA0114.5	0.9291	-0.01255153480727136	FALSE
cell_line	H1975	H1975	NFATC4	LUAD_HC_TF	TESTED	JASPAR2024|000506|MA1525.3	0.0013	0.20159997015780806	FALSE
cell_line	H1975	H1975	NKX2-1	LUAD_LINEAGE_POSITIVE_CONTROL	TESTED	JASPAR2024|000822|MA1994.2	0.2433	0.17806347769242228	FALSE
cell_line	H1975	H1975	NR3C2	LUAD_HC_TF	TESTED	JASPAR2024|000539|MA0727.2	0.9291	0.00421013931969963	FALSE
cell_line	H1975	H1975	XBP1	LUAD_HC_TF	TESTED	JASPAR2024|000675|MA0844.2	0.0013	0.18546634078392088	FALSE
cell_line	H1975	H1975	ZBTB18	LUAD_HC_TF	TESTED	JASPAR2024|000681|MA0698.2	1.0	-0.06873313589726941	FALSE
cell_line	H1975	H1975	ZNF141	LUAD_HC_TF	TESTED	CIS-BP2.00|000653|M07586_2.00	1.0	-0.03979943807209521	FALSE
cell_line	H1975	H1975	ZNF19	LUAD_HC_TF	TESTED	CIS-BP2.00|000670|M07603_2.00	0.8011	0.11575758630289855	FALSE
cell_line	H1975	H1975	ZNF254	LUAD_HC_TF	TESTED	CIS-BP2.00|000827|M07760_2.00	1.0	-0.10025142818987415	FALSE
cell_line	H1975	H1975	ZNF281	LUAD_HC_TF	TESTED	JASPAR2024|000706|MA1630.3	1.0	-0.12697718432726518	FALSE
cell_line	H1975	H1975	ZNF33A	LUAD_HC_TF	TESTED	CIS-BP2.00|000762|M07695_2.00	0.1256	0.1495425795539708	FALSE
cell_line	H1975	H1975	ZNF33B	LUAD_HC_TF	TESTED	CIS-BP2.00|000777|M07710_2.00	0.5884	0.035290005463659166	FALSE
cell_line	H1975	H1975	ZNF341	LUAD_HC_TF	TESTED	JASPAR2024|000712|MA1655.2	1.0	-1.2375597015489648	FALSE
cell_line	H1975	H1975	ZNF444	LUAD_HC_TF	TESTED	CIS-BP2.00|000420|M04529_2.00	1.0	-0.1079184315570113	FALSE
cell_line	H1975	H1975	ZNF540	LUAD_HC_TF	TESTED	CIS-BP2.00|000701|M07634_2.00	1.0	-0.028293232044711725	FALSE
cell_line	H1975	H1975	ZNF75D	LUAD_HC_TF	TESTED	JASPAR2024|000169|MA1601.2	0.2433	0.08106876373495088	FALSE
cell_line	H2228	H2228	CEBPA	LUAD_LINEAGE_POSITIVE_CONTROL	TESTED	JASPAR2024|000234|MA0102.5	0.1709	0.08954532357075448	FALSE
cell_line	H2228	H2228	CEBPB	LUAD_LINEAGE_POSITIVE_CONTROL	TESTED	JASPAR2024|000235|MA0466.4	0.1371	0.17583892669988377	FALSE
cell_line	H2228	H2228	CREB3L2	LUAD_HC_TF	TESTED	JASPAR2024|000025|MA0608.1	0.9569	-0.03557895966825694	FALSE
cell_line	H2228	H2228	E2F5	LUAD_HC_TF	TESTED	CIS-BP2.00|000940|M08109_2.00	0.6384	0.04844492437675902	FALSE
cell_line	H2228	H2228	ELF3	LUAD_HC_TF_AND_LINEAGE_POSITIVE_CONTROL	TESTED	JASPAR2024|000276|MA0640.3	0.1709	0.6763241932553273	FALSE
cell_line	H2228	H2228	ETV1	LUAD_HC_TF	TESTED	JASPAR2024|000652|MA1966.2	0.1765	0.2074668326286724	FALSE
cell_line	H2228	H2228	FOXA1	LUAD_LINEAGE_POSITIVE_CONTROL	TESTED	JASPAR2024|000356|MA0148.5	0.2219	0.07266142818074332	FALSE
cell_line	H2228	H2228	FOXA2	LUAD_LINEAGE_POSITIVE_CONTROL	TESTED	JASPAR2024|000357|MA0047.4	0.0465	0.14469488574372633	FALSE
cell_line	H2228	H2228	FOXA3	LUAD_HC_TF	TESTED	JASPAR2024|000358|MA1683.2	0.0652	0.17146849321872606	FALSE
cell_line	H2228	H2228	FOXD2	LUAD_HC_TF	TESTED	JASPAR2024|000361|MA0847.4	0.2625	0.050123790065254914	FALSE
cell_line	H2228	H2228	GATA6	LUAD_LINEAGE_POSITIVE_CONTROL	TESTED	JASPAR2024|000382|MA1104.3	0.6379	0.002832128528980214	FALSE
cell_line	H2228	H2228	HNF4A	LUAD_LINEAGE_POSITIVE_CONTROL	TESTED	JASPAR2024|000410|MA0114.5	0.3777	0.07500605050116506	FALSE
cell_line	H2228	H2228	NFATC4	LUAD_HC_TF	TESTED	JASPAR2024|000506|MA1525.3	0.0	0.31365583861968865	TRUE
cell_line	H2228	H2228	NKX2-1	LUAD_LINEAGE_POSITIVE_CONTROL	TESTED	JASPAR2024|000822|MA1994.2	1.0	-0.11255542504660422	FALSE
cell_line	H2228	H2228	NR3C2	LUAD_HC_TF	TESTED	JASPAR2024|000539|MA0727.2	1.0	-0.14652481664007078	FALSE
cell_line	H2228	H2228	XBP1	LUAD_HC_TF	TESTED	JASPAR2024|000675|MA0844.2	0.0	0.27353509325653413	TRUE
cell_line	H2228	H2228	ZBTB18	LUAD_HC_TF	TESTED	JASPAR2024|000681|MA0698.2	1.0	-0.13681493573512266	FALSE
cell_line	H2228	H2228	ZNF141	LUAD_HC_TF	TESTED	CIS-BP2.00|000653|M07586_2.00	0.873	0.0007419808223079208	FALSE
cell_line	H2228	H2228	ZNF19	LUAD_HC_TF	TESTED	CIS-BP2.00|000670|M07603_2.00	0.1007	0.7618533081720659	FALSE
cell_line	H2228	H2228	ZNF254	LUAD_HC_TF	TESTED	CIS-BP2.00|000827|M07760_2.00	1.0	-0.11849844700654617	FALSE
cell_line	H2228	H2228	ZNF281	LUAD_HC_TF	TESTED	JASPAR2024|000706|MA1630.3	0.3209	0.04853849417792149	FALSE
cell_line	H2228	H2228	ZNF33A	LUAD_HC_TF	TESTED	CIS-BP2.00|000762|M07695_2.00	0.008	0.24627721641886238	FALSE
cell_line	H2228	H2228	ZNF33B	LUAD_HC_TF	TESTED	CIS-BP2.00|000777|M07710_2.00	1.0	-0.05153622507000927	FALSE
cell_line	H2228	H2228	ZNF341	LUAD_HC_TF	TESTED	JASPAR2024|000712|MA1655.2	0.1853	2.2962488010183137	FALSE
cell_line	H2228	H2228	ZNF444	LUAD_HC_TF	TESTED	CIS-BP2.00|000420|M04529_2.00	1.0	-0.09004644616136562	FALSE
cell_line	H2228	H2228	ZNF540	LUAD_HC_TF	TESTED	CIS-BP2.00|000701|M07634_2.00	0.7421	0.019425226242544502	FALSE
cell_line	H2228	H2228	ZNF75D	LUAD_HC_TF	TESTED	JASPAR2024|000169|MA1601.2	0.1765	0.07767118011715185	FALSE
cell_line	H2347	H2347	CEBPA	LUAD_LINEAGE_POSITIVE_CONTROL	TESTED	JASPAR2024|000234|MA0102.5	0.0314	0.12767569885590624	FALSE
cell_line	H2347	H2347	CEBPB	LUAD_LINEAGE_POSITIVE_CONTROL	TESTED	JASPAR2024|000235|MA0466.4	0.8566	-0.012847207035581619	FALSE
cell_line	H2347	H2347	CREB3L2	LUAD_HC_TF	TESTED	JASPAR2024|000025|MA0608.1	0.0026	0.163188971364739	FALSE
cell_line	H2347	H2347	E2F5	LUAD_HC_TF	TESTED	CIS-BP2.00|000940|M08109_2.00	0.2146	0.0957101558182384	FALSE
cell_line	H2347	H2347	ELF3	LUAD_HC_TF_AND_LINEAGE_POSITIVE_CONTROL	TESTED	JASPAR2024|000276|MA0640.3	0.008	1.4738139312451304	FALSE
cell_line	H2347	H2347	ETV1	LUAD_HC_TF	TESTED	JASPAR2024|000652|MA1966.2	0.0314	0.33543758285236475	FALSE
cell_line	H2347	H2347	FOXA1	LUAD_LINEAGE_POSITIVE_CONTROL	TESTED	JASPAR2024|000356|MA0148.5	0.2316	0.07406442036142945	FALSE
cell_line	H2347	H2347	FOXA2	LUAD_LINEAGE_POSITIVE_CONTROL	TESTED	JASPAR2024|000357|MA0047.4	0.2026	0.07874394724920301	FALSE
cell_line	H2347	H2347	FOXA3	LUAD_HC_TF	TESTED	JASPAR2024|000358|MA1683.2	0.4887	0.047694023047950854	FALSE
cell_line	H2347	H2347	FOXD2	LUAD_HC_TF	TESTED	JASPAR2024|000361|MA0847.4	0.4887	0.03243345925758865	FALSE
cell_line	H2347	H2347	GATA6	LUAD_LINEAGE_POSITIVE_CONTROL	TESTED	JASPAR2024|000382|MA1104.3	0.8566	-0.01352898668074667	FALSE
cell_line	H2347	H2347	HNF4A	LUAD_LINEAGE_POSITIVE_CONTROL	TESTED	JASPAR2024|000409|MA1494.2	1.0	-0.11601702394253645	FALSE
cell_line	H2347	H2347	NFATC4	LUAD_HC_TF	TESTED	JASPAR2024|000506|MA1525.3	0.0	0.257695862726077	TRUE
cell_line	H2347	H2347	NKX2-1	LUAD_LINEAGE_POSITIVE_CONTROL	TESTED	JASPAR2024|000822|MA1994.2	0.4887	0.07310364722759495	FALSE
cell_line	H2347	H2347	NR3C2	LUAD_HC_TF	TESTED	JASPAR2024|000539|MA0727.2	1.0	-0.18075860396588506	FALSE
cell_line	H2347	H2347	XBP1	LUAD_HC_TF	TESTED	JASPAR2024|000675|MA0844.2	0.0	0.2692037832887541	TRUE
cell_line	H2347	H2347	ZBTB18	LUAD_HC_TF	TESTED	JASPAR2024|000681|MA0698.2	1.0	-0.09507090719952314	FALSE
cell_line	H2347	H2347	ZNF141	LUAD_HC_TF	TESTED	CIS-BP2.00|000653|M07586_2.00	0.6219	0.015755390112982173	FALSE
cell_line	H2347	H2347	ZNF19	LUAD_HC_TF	TESTED	CIS-BP2.00|000670|M07603_2.00	0.1192	0.6251698826496349	FALSE
cell_line	H2347	H2347	ZNF254	LUAD_HC_TF	TESTED	CIS-BP2.00|000827|M07760_2.00	1.0	-0.1187816591385355	FALSE
cell_line	H2347	H2347	ZNF281	LUAD_HC_TF	TESTED	JASPAR2024|000706|MA1630.3	0.9441	-0.04321443552935467	FALSE
cell_line	H2347	H2347	ZNF33A	LUAD_HC_TF	TESTED	CIS-BP2.00|000762|M07695_2.00	0.0005	0.3392616725204016	FALSE
cell_line	H2347	H2347	ZNF33B	LUAD_HC_TF	TESTED	CIS-BP2.00|000777|M07710_2.00	0.3377	0.05192535633708526	FALSE
cell_line	H2347	H2347	ZNF341	LUAD_HC_TF	TESTED	JASPAR2024|000712|MA1655.2	0.8566	-0.20009673757349686	FALSE
cell_line	H2347	H2347	ZNF444	LUAD_HC_TF	TESTED	CIS-BP2.00|000420|M04529_2.00	1.0	-0.09895390373070052	FALSE
cell_line	H2347	H2347	ZNF540	LUAD_HC_TF	TESTED	CIS-BP2.00|000701|M07634_2.00	1.0	-0.08118867490616345	FALSE
cell_line	H2347	H2347	ZNF75D	LUAD_HC_TF	TESTED	JASPAR2024|000169|MA1601.2	0.003	0.17088544033516712	FALSE
cell_line	H322	H322	CEBPA	LUAD_LINEAGE_POSITIVE_CONTROL	TESTED	JASPAR2024|000234|MA0102.5	0.1555	0.091422897572468	FALSE
cell_line	H322	H322	CEBPB	LUAD_LINEAGE_POSITIVE_CONTROL	TESTED	JASPAR2024|000235|MA0466.4	0.0034	0.2992521603524771	FALSE
cell_line	H322	H322	CREB3L2	LUAD_HC_TF	TESTED	JASPAR2024|000025|MA0608.1	0.366	0.03680189791457728	FALSE
cell_line	H322	H322	E2F5	LUAD_HC_TF	TESTED	CIS-BP2.00|000940|M08109_2.00	0.6825	0.020971510111818487	FALSE
cell_line	H322	H322	ELF3	LUAD_HC_TF_AND_LINEAGE_POSITIVE_CONTROL	TESTED	JASPAR2024|000276|MA0640.3	0.0034	1.6537367263221698	FALSE
cell_line	H322	H322	ETV1	LUAD_HC_TF	TESTED	JASPAR2024|000311|MA0761.3	0.1555	0.5282620560194653	FALSE
cell_line	H322	H322	FOXA1	LUAD_LINEAGE_POSITIVE_CONTROL	TESTED	JASPAR2024|000356|MA0148.5	0.3457	0.051882120585017164	FALSE
cell_line	H322	H322	FOXA2	LUAD_LINEAGE_POSITIVE_CONTROL	TESTED	JASPAR2024|000357|MA0047.4	0.3455	0.05305431258471239	FALSE
cell_line	H322	H322	FOXA3	LUAD_HC_TF	TESTED	JASPAR2024|000358|MA1683.2	0.229	0.09300813292143333	FALSE
cell_line	H322	H322	FOXD2	LUAD_HC_TF	TESTED	JASPAR2024|000361|MA0847.4	0.404	0.031464323575781564	FALSE
cell_line	H322	H322	GATA6	LUAD_LINEAGE_POSITIVE_CONTROL	TESTED	JASPAR2024|000382|MA1104.3	0.5087	0.014257925379687958	FALSE
cell_line	H322	H322	HNF4A	LUAD_LINEAGE_POSITIVE_CONTROL	TESTED	JASPAR2024|000410|MA0114.5	1.0	-0.1698456254042299	FALSE
cell_line	H322	H322	NFATC4	LUAD_HC_TF	TESTED	JASPAR2024|000506|MA1525.3	0.0	0.2806542727509447	TRUE
cell_line	H322	H322	NKX2-1	LUAD_LINEAGE_POSITIVE_CONTROL	TESTED	JASPAR2024|000822|MA1994.2	0.477	0.03829069717343058	FALSE
cell_line	H322	H322	NR3C2	LUAD_HC_TF	TESTED	JASPAR2024|000539|MA0727.2	0.2163	0.1300175396469077	FALSE
cell_line	H322	H322	XBP1	LUAD_HC_TF	TESTED	JASPAR2024|000675|MA0844.2	0.0	0.2232069539622263	TRUE
cell_line	H322	H322	ZBTB18	LUAD_HC_TF	TESTED	JASPAR2024|000681|MA0698.2	1.0	-0.12384701044762664	FALSE
cell_line	H322	H322	ZNF141	LUAD_HC_TF	TESTED	CIS-BP2.00|000653|M07586_2.00	0.8015	-0.002217658795839371	FALSE
cell_line	H322	H322	ZNF19	LUAD_HC_TF	TESTED	CIS-BP2.00|000670|M07603_2.00	1.0	-0.1724648384118121	FALSE
cell_line	H322	H322	ZNF254	LUAD_HC_TF	TESTED	CIS-BP2.00|000827|M07760_2.00	1.0	-0.18257962125996807	FALSE
cell_line	H322	H322	ZNF281	LUAD_HC_TF	TESTED	JASPAR2024|000706|MA1630.3	0.1753	0.09115355265733632	FALSE
cell_line	H322	H322	ZNF33A	LUAD_HC_TF	TESTED	CIS-BP2.00|000762|M07695_2.00	0.3229	0.10003845836831017	FALSE
cell_line	H322	H322	ZNF33B	LUAD_HC_TF	TESTED	CIS-BP2.00|000777|M07710_2.00	1.0	-0.10048099905628406	FALSE
cell_line	H322	H322	ZNF341	LUAD_HC_TF	TESTED	JASPAR2024|000712|MA1655.2	0.423	0.6470757581831175	FALSE
cell_line	H322	H322	ZNF444	LUAD_HC_TF	TESTED	CIS-BP2.00|000420|M04529_2.00	1.0	-0.09369316742523344	FALSE
cell_line	H322	H322	ZNF540	LUAD_HC_TF	TESTED	CIS-BP2.00|000701|M07634_2.00	0.9407	-0.02092421215679692	FALSE
cell_line	H322	H322	ZNF75D	LUAD_HC_TF	TESTED	JASPAR2024|000169|MA1601.2	0.1555	0.09283205699247568	FALSE
cell_line	II-18	II-18	CEBPA	LUAD_LINEAGE_POSITIVE_CONTROL	TESTED	JASPAR2024|000234|MA0102.5	0.1151	0.08089920080926596	FALSE
cell_line	II-18	II-18	CEBPB	LUAD_LINEAGE_POSITIVE_CONTROL	TESTED	JASPAR2024|000235|MA0466.4	0.0002	0.3619113474190495	FALSE
cell_line	II-18	II-18	CREB3L2	LUAD_HC_TF	TESTED	JASPAR2024|000025|MA0608.1	0.0842	0.08350578025494633	FALSE
cell_line	II-18	II-18	E2F5	LUAD_HC_TF	TESTED	CIS-BP2.00|000940|M08109_2.00	0.3671	0.057364268263225875	FALSE
cell_line	II-18	II-18	ELF3	LUAD_HC_TF_AND_LINEAGE_POSITIVE_CONTROL	TESTED	JASPAR2024|000276|MA0640.3	0.0842	0.7935217446695698	FALSE
cell_line	II-18	II-18	ETV1	LUAD_HC_TF	TESTED	JASPAR2024|000311|MA0761.3	0.0272	0.7661716428968239	FALSE
cell_line	II-18	II-18	FOXA1	LUAD_LINEAGE_POSITIVE_CONTROL	TESTED	JASPAR2024|000356|MA0148.5	0.6349	-0.006122916854710558	FALSE
cell_line	II-18	II-18	FOXA2	LUAD_LINEAGE_POSITIVE_CONTROL	TESTED	JASPAR2024|000357|MA0047.4	0.2455	0.0565351843234081	FALSE
cell_line	II-18	II-18	FOXA3	LUAD_HC_TF	TESTED	JASPAR2024|000358|MA1683.2	0.0066	0.23251582520014968	FALSE
cell_line	II-18	II-18	FOXD2	LUAD_HC_TF	TESTED	JASPAR2024|000361|MA0847.4	0.5362	0.015638422441233358	FALSE
cell_line	II-18	II-18	GATA6	LUAD_LINEAGE_POSITIVE_CONTROL	TESTED	JASPAR2024|000382|MA1104.3	0.0647	0.12220565406901408	FALSE
cell_line	II-18	II-18	HNF4A	LUAD_LINEAGE_POSITIVE_CONTROL	TESTED	JASPAR2024|000410|MA0114.5	0.977	-0.16102929120071122	FALSE
cell_line	II-18	II-18	NFATC4	LUAD_HC_TF	TESTED	JASPAR2024|000506|MA1525.3	0.0	0.34673743750135977	TRUE
cell_line	II-18	II-18	NKX2-1	LUAD_LINEAGE_POSITIVE_CONTROL	TESTED	JASPAR2024|000822|MA1994.2	0.0308	0.25729951456503874	FALSE
cell_line	II-18	II-18	NR3C2	LUAD_HC_TF	TESTED	JASPAR2024|000539|MA0727.2	0.6349	0.0013139938508921417	FALSE
cell_line	II-18	II-18	XBP1	LUAD_HC_TF	TESTED	JASPAR2024|000675|MA0844.2	0.0	0.2446449910479481	TRUE
cell_line	II-18	II-18	ZBTB18	LUAD_HC_TF	TESTED	JASPAR2024|000681|MA0698.2	0.921	-0.045966858120417176	FALSE
cell_line	II-18	II-18	ZNF141	LUAD_HC_TF	TESTED	CIS-BP2.00|000653|M07586_2.00	0.1616	0.07676236380620947	FALSE
cell_line	II-18	II-18	ZNF19	LUAD_HC_TF	TESTED	CIS-BP2.00|000670|M07603_2.00	0.0729	0.6892113743956539	FALSE
cell_line	II-18	II-18	ZNF254	LUAD_HC_TF	TESTED	CIS-BP2.00|000827|M07760_2.00	1.0	-0.24168113655090026	FALSE
cell_line	II-18	II-18	ZNF281	LUAD_HC_TF	TESTED	JASPAR2024|000706|MA1630.3	0.028	0.1478244945029494	FALSE
cell_line	II-18	II-18	ZNF33A	LUAD_HC_TF	TESTED	CIS-BP2.00|000762|M07695_2.00	0.0075	0.24134795184204633	FALSE
cell_line	II-18	II-18	ZNF33B	LUAD_HC_TF	TESTED	CIS-BP2.00|000777|M07710_2.00	1.0	-0.15128778009589575	FALSE
cell_line	II-18	II-18	ZNF341	LUAD_HC_TF	TESTED	JASPAR2024|000712|MA1655.2	0.1592	2.134598334300137	FALSE
cell_line	II-18	II-18	ZNF444	LUAD_HC_TF	TESTED	CIS-BP2.00|000420|M04529_2.00	0.3671	0.04056766080744269	FALSE
cell_line	II-18	II-18	ZNF540	LUAD_HC_TF	TESTED	CIS-BP2.00|000701|M07634_2.00	1.0	-0.08263991567564113	FALSE
cell_line	II-18	II-18	ZNF75D	LUAD_HC_TF	TESTED	JASPAR2024|000169|MA1601.2	0.0326	0.1167188171500083	FALSE
cell_line	LC2/ad	LC2_ad	CEBPA	LUAD_LINEAGE_POSITIVE_CONTROL	TESTED	JASPAR2024|000234|MA0102.5	0.1339	0.09482561669917845	FALSE
cell_line	LC2/ad	LC2_ad	CEBPB	LUAD_LINEAGE_POSITIVE_CONTROL	TESTED	JASPAR2024|000235|MA0466.4	0.2162	0.11324493180637603	FALSE
cell_line	LC2/ad	LC2_ad	CREB3L2	LUAD_HC_TF	TESTED	JASPAR2024|000025|MA0608.1	0.2162	0.05629295467852344	FALSE
cell_line	LC2/ad	LC2_ad	E2F5	LUAD_HC_TF	TESTED	CIS-BP2.00|000940|M08109_2.00	0.5117	0.045659807793437306	FALSE
cell_line	LC2/ad	LC2_ad	ELF3	LUAD_HC_TF_AND_LINEAGE_POSITIVE_CONTROL	TESTED	JASPAR2024|000276|MA0640.3	0.2136	0.5430744180597423	FALSE
cell_line	LC2/ad	LC2_ad	ETV1	LUAD_HC_TF	TESTED	JASPAR2024|000311|MA0761.3	0.3176	0.21616712472645785	FALSE
cell_line	LC2/ad	LC2_ad	FOXA1	LUAD_LINEAGE_POSITIVE_CONTROL	TESTED	JASPAR2024|000356|MA0148.5	0.1339	0.10562243702140042	FALSE
cell_line	LC2/ad	LC2_ad	FOXA2	LUAD_LINEAGE_POSITIVE_CONTROL	TESTED	JASPAR2024|000357|MA0047.4	0.1339	0.10977569503904823	FALSE
cell_line	LC2/ad	LC2_ad	FOXA3	LUAD_HC_TF	TESTED	JASPAR2024|000358|MA1683.2	0.034	0.19667608148411583	FALSE
cell_line	LC2/ad	LC2_ad	FOXD2	LUAD_HC_TF	TESTED	JASPAR2024|000361|MA0847.4	0.1929	0.06977063151301723	FALSE
cell_line	LC2/ad	LC2_ad	GATA6	LUAD_LINEAGE_POSITIVE_CONTROL	TESTED	JASPAR2024|000382|MA1104.3	0.1339	0.12481856628357986	FALSE
cell_line	LC2/ad	LC2_ad	HNF4A	LUAD_LINEAGE_POSITIVE_CONTROL	TESTED	JASPAR2024|000410|MA0114.5	0.5746	0.0032178518731152007	FALSE
cell_line	LC2/ad	LC2_ad	NFATC4	LUAD_HC_TF	TESTED	JASPAR2024|000506|MA1525.3	0.0	0.31191393605175516	TRUE
cell_line	LC2/ad	LC2_ad	NKX2-1	LUAD_LINEAGE_POSITIVE_CONTROL	TESTED	JASPAR2024|000822|MA1994.2	0.2366	0.1102400589217259	FALSE
cell_line	LC2/ad	LC2_ad	NR3C2	LUAD_HC_TF	TESTED	JASPAR2024|000539|MA0727.2	0.9172	-0.0907537890760146	FALSE
cell_line	LC2/ad	LC2_ad	XBP1	LUAD_HC_TF	TESTED	JASPAR2024|000675|MA0844.2	0.0001	0.20455072604506205	FALSE
cell_line	LC2/ad	LC2_ad	ZBTB18	LUAD_HC_TF	TESTED	JASPAR2024|000681|MA0698.2	0.9207	-0.05543548579345464	FALSE
cell_line	LC2/ad	LC2_ad	ZNF141	LUAD_HC_TF	TESTED	CIS-BP2.00|000653|M07586_2.00	0.5199	0.029037228562678354	FALSE
cell_line	LC2/ad	LC2_ad	ZNF19	LUAD_HC_TF	TESTED	CIS-BP2.00|000670|M07603_2.00	0.0305	1.0080367802527985	FALSE
cell_line	LC2/ad	LC2_ad	ZNF254	LUAD_HC_TF	TESTED	CIS-BP2.00|000827|M07760_2.00	1.0	-0.11169084286696428	FALSE
cell_line	LC2/ad	LC2_ad	ZNF281	LUAD_HC_TF	TESTED	JASPAR2024|000706|MA1630.3	0.1339	0.10976028937346205	FALSE
cell_line	LC2/ad	LC2_ad	ZNF33A	LUAD_HC_TF	TESTED	CIS-BP2.00|000762|M07695_2.00	0.0498	0.17358447303625324	FALSE
cell_line	LC2/ad	LC2_ad	ZNF33B	LUAD_HC_TF	TESTED	CIS-BP2.00|000777|M07710_2.00	0.7148	-0.0016670238167136083	FALSE
cell_line	LC2/ad	LC2_ad	ZNF341	LUAD_HC_TF	TESTED	JASPAR2024|000712|MA1655.2	0.3977	0.6194705711883461	FALSE
cell_line	LC2/ad	LC2_ad	ZNF444	LUAD_HC_TF	TESTED	CIS-BP2.00|000420|M04529_2.00	0.9197	-0.026725845621378974	FALSE
cell_line	LC2/ad	LC2_ad	ZNF540	LUAD_HC_TF	TESTED	CIS-BP2.00|000701|M07634_2.00	0.694	0.004331523043437368	FALSE
cell_line	LC2/ad	LC2_ad	ZNF75D	LUAD_HC_TF	TESTED	JASPAR2024|000169|MA1601.2	0.2162	0.06296726689783705	FALSE
cell_line	PC-14	PC-14	CEBPA	LUAD_LINEAGE_POSITIVE_CONTROL	TESTED	JASPAR2024|000234|MA0102.5	0.1796	0.07315004427905825	FALSE
cell_line	PC-14	PC-14	CEBPB	LUAD_LINEAGE_POSITIVE_CONTROL	TESTED	JASPAR2024|000235|MA0466.4	0.0137	0.246322595545828	FALSE
cell_line	PC-14	PC-14	CREB3L2	LUAD_HC_TF	TESTED	JASPAR2024|000025|MA0608.1	1.0	-0.07262294600168044	FALSE
cell_line	PC-14	PC-14	E2F5	LUAD_HC_TF	TESTED	CIS-BP2.00|000940|M08109_2.00	0.0047	0.23766054022784028	FALSE
cell_line	PC-14	PC-14	ELF3	LUAD_HC_TF_AND_LINEAGE_POSITIVE_CONTROL	TESTED	JASPAR2024|000276|MA0640.3	0.0003	2.273622903395407	FALSE
cell_line	PC-14	PC-14	ETV1	LUAD_HC_TF	TESTED	JASPAR2024|000311|MA0761.3	0.0039	1.041241531105949	FALSE
cell_line	PC-14	PC-14	FOXA1	LUAD_LINEAGE_POSITIVE_CONTROL	TESTED	JASPAR2024|000356|MA0148.5	0.6727	-0.0012878036882801468	FALSE
cell_line	PC-14	PC-14	FOXA2	LUAD_LINEAGE_POSITIVE_CONTROL	TESTED	JASPAR2024|000357|MA0047.4	0.2196	0.06595267030069266	FALSE
cell_line	PC-14	PC-14	FOXA3	LUAD_HC_TF	TESTED	JASPAR2024|000358|MA1683.2	0.0223	0.18408040749606358	FALSE
cell_line	PC-14	PC-14	FOXD2	LUAD_HC_TF	TESTED	JASPAR2024|000361|MA0847.4	0.3562	0.03923201265146586	FALSE
cell_line	PC-14	PC-14	GATA6	LUAD_LINEAGE_POSITIVE_CONTROL	TESTED	JASPAR2024|000382|MA1104.3	0.1659	0.09350327222914538	FALSE
cell_line	PC-14	PC-14	HNF4A	LUAD_LINEAGE_POSITIVE_CONTROL	TESTED	JASPAR2024|000410|MA0114.5	0.4454	0.05510808353266709	FALSE
cell_line	PC-14	PC-14	NFATC4	LUAD_HC_TF	TESTED	JASPAR2024|000506|MA1525.3	0.0	0.28327773127617045	TRUE
cell_line	PC-14	PC-14	NKX2-1	LUAD_LINEAGE_POSITIVE_CONTROL	TESTED	JASPAR2024|000822|MA1994.2	0.3584	0.07611109812062176	FALSE
cell_line	PC-14	PC-14	NR3C2	LUAD_HC_TF	TESTED	JASPAR2024|000539|MA0727.2	0.8241	-0.03843560559637416	FALSE
cell_line	PC-14	PC-14	XBP1	LUAD_HC_TF	TESTED	JASPAR2024|000675|MA0844.2	0.0	0.22751049412641897	TRUE
cell_line	PC-14	PC-14	ZBTB18	LUAD_HC_TF	TESTED	JASPAR2024|000681|MA0698.2	1.0	-0.19348161974203676	FALSE
cell_line	PC-14	PC-14	ZNF141	LUAD_HC_TF	TESTED	CIS-BP2.00|000653|M07586_2.00	0.5471	0.04296568641864217	FALSE
cell_line	PC-14	PC-14	ZNF19	LUAD_HC_TF	TESTED	CIS-BP2.00|000670|M07603_2.00	0.4558	0.37232863036370745	FALSE
cell_line	PC-14	PC-14	ZNF254	LUAD_HC_TF	TESTED	CIS-BP2.00|000827|M07760_2.00	0.8152	0.0044939965024873504	FALSE
cell_line	PC-14	PC-14	ZNF281	LUAD_HC_TF	TESTED	JASPAR2024|000706|MA1630.3	0.053	0.12548553596417622	FALSE
cell_line	PC-14	PC-14	ZNF33A	LUAD_HC_TF	TESTED	CIS-BP2.00|000762|M07695_2.00	0.7299	0.02839944904171456	FALSE
cell_line	PC-14	PC-14	ZNF33B	LUAD_HC_TF	TESTED	CIS-BP2.00|000777|M07710_2.00	1.0	-0.09900367626153311	FALSE
cell_line	PC-14	PC-14	ZNF341	LUAD_HC_TF	TESTED	JASPAR2024|000712|MA1655.2	0.8241	-0.2869042601492548	FALSE
cell_line	PC-14	PC-14	ZNF444	LUAD_HC_TF	TESTED	CIS-BP2.00|000420|M04529_2.00	0.7906	0.01033332866052828	FALSE
cell_line	PC-14	PC-14	ZNF540	LUAD_HC_TF	TESTED	CIS-BP2.00|000701|M07634_2.00	0.8642	-0.013230057598451526	FALSE
cell_line	PC-14	PC-14	ZNF75D	LUAD_HC_TF	TESTED	JASPAR2024|000169|MA1601.2	0.0137	0.14115311951484127	FALSE
cell_line	PC-9	PC-9	CEBPA	LUAD_LINEAGE_POSITIVE_CONTROL	TESTED	JASPAR2024|000234|MA0102.5	0.7804	-0.0018636045169491803	FALSE
cell_line	PC-9	PC-9	CEBPB	LUAD_LINEAGE_POSITIVE_CONTROL	TESTED	JASPAR2024|000235|MA0466.4	0.0048	0.31191884613098697	FALSE
cell_line	PC-9	PC-9	CREB3L2	LUAD_HC_TF	TESTED	JASPAR2024|000025|MA0608.1	0.6472	0.02440611160663314	FALSE
cell_line	PC-9	PC-9	E2F5	LUAD_HC_TF	TESTED	CIS-BP2.00|000940|M08109_2.00	1.0	-0.03662741859740395	FALSE
cell_line	PC-9	PC-9	ELF3	LUAD_HC_TF_AND_LINEAGE_POSITIVE_CONTROL	TESTED	JASPAR2024|000276|MA0640.3	0.1555	0.7993717735230287	FALSE
cell_line	PC-9	PC-9	ETV1	LUAD_HC_TF	TESTED	JASPAR2024|000311|MA0761.3	0.6472	0.15942129093078405	FALSE
cell_line	PC-9	PC-9	FOXA1	LUAD_LINEAGE_POSITIVE_CONTROL	TESTED	JASPAR2024|000356|MA0148.5	0.765	0.00900829026669396	FALSE
cell_line	PC-9	PC-9	FOXA2	LUAD_LINEAGE_POSITIVE_CONTROL	TESTED	JASPAR2024|000357|MA0047.4	0.6472	0.03521382814821911	FALSE
cell_line	PC-9	PC-9	FOXA3	LUAD_HC_TF	TESTED	JASPAR2024|000358|MA1683.2	0.42	0.08277899684969911	FALSE
cell_line	PC-9	PC-9	FOXD2	LUAD_HC_TF	TESTED	JASPAR2024|000361|MA0847.4	0.765	0.009006113550806766	FALSE
cell_line	PC-9	PC-9	GATA6	LUAD_LINEAGE_POSITIVE_CONTROL	TESTED	JASPAR2024|000382|MA1104.3	1.0	-0.12426304948609193	FALSE
cell_line	PC-9	PC-9	HNF4A	LUAD_LINEAGE_POSITIVE_CONTROL	TESTED	JASPAR2024|000410|MA0114.5	0.5896	0.09526181991447438	FALSE
cell_line	PC-9	PC-9	NFATC4	LUAD_HC_TF	TESTED	JASPAR2024|000506|MA1525.3	0.0222	0.1453234393894297	FALSE
cell_line	PC-9	PC-9	NKX2-1	LUAD_LINEAGE_POSITIVE_CONTROL	TESTED	JASPAR2024|000822|MA1994.2	0.2072	0.18244385162671192	FALSE
cell_line	PC-9	PC-9	NR3C2	LUAD_HC_TF	TESTED	JASPAR2024|000539|MA0727.2	0.8816	-0.027784654366394598	FALSE
cell_line	PC-9	PC-9	XBP1	LUAD_HC_TF	TESTED	JASPAR2024|000675|MA0844.2	0.0008	0.1910254449461032	FALSE
cell_line	PC-9	PC-9	ZBTB18	LUAD_HC_TF	TESTED	JASPAR2024|000681|MA0698.2	1.0	-0.07632668208306109	FALSE
cell_line	PC-9	PC-9	ZNF141	LUAD_HC_TF	TESTED	CIS-BP2.00|000653|M07586_2.00	0.204	0.08645625784649612	FALSE
cell_line	PC-9	PC-9	ZNF19	LUAD_HC_TF	TESTED	CIS-BP2.00|000670|M07603_2.00	1.0	-0.07683846458181201	FALSE
cell_line	PC-9	PC-9	ZNF254	LUAD_HC_TF	TESTED	CIS-BP2.00|000827|M07760_2.00	1.0	-0.24144763803514335	FALSE
cell_line	PC-9	PC-9	ZNF281	LUAD_HC_TF	TESTED	JASPAR2024|000706|MA1630.3	0.9615	-0.05520805468700603	FALSE
cell_line	PC-9	PC-9	ZNF33A	LUAD_HC_TF	TESTED	CIS-BP2.00|000762|M07695_2.00	0.0243	0.24135939775533585	FALSE
cell_line	PC-9	PC-9	ZNF33B	LUAD_HC_TF	TESTED	CIS-BP2.00|000777|M07710_2.00	1.0	-0.025824329115268135	FALSE
cell_line	PC-9	PC-9	ZNF341	LUAD_HC_TF	TESTED	JASPAR2024|000712|MA1655.2	0.9319	-0.43046681287700295	FALSE
cell_line	PC-9	PC-9	ZNF444	LUAD_HC_TF	TESTED	CIS-BP2.00|000420|M04529_2.00	1.0	-0.12669480746297518	FALSE
cell_line	PC-9	PC-9	ZNF540	LUAD_HC_TF	TESTED	CIS-BP2.00|000701|M07634_2.00	1.0	-0.052941134641011245	FALSE
cell_line	PC-9	PC-9	ZNF75D	LUAD_HC_TF	TESTED	JASPAR2024|000169|MA1601.2	0.0859	0.11231826707180435	FALSE
cell_line	RERF-LC-Ad1	RERF-LC-Ad1	CEBPA	LUAD_LINEAGE_POSITIVE_CONTROL	TESTED	JASPAR2024|000234|MA0102.5	0.2784	0.05517172928489959	FALSE
cell_line	RERF-LC-Ad1	RERF-LC-Ad1	CEBPB	LUAD_LINEAGE_POSITIVE_CONTROL	TESTED	JASPAR2024|000235|MA0466.4	0.063	0.18714735152096607	FALSE
cell_line	RERF-LC-Ad1	RERF-LC-Ad1	CREB3L2	LUAD_HC_TF	TESTED	JASPAR2024|000025|MA0608.1	0.0583	0.10044761062896856	FALSE
cell_line	RERF-LC-Ad1	RERF-LC-Ad1	E2F5	LUAD_HC_TF	TESTED	CIS-BP2.00|000940|M08109_2.00	0.8777	0.00026717448771866435	FALSE
cell_line	RERF-LC-Ad1	RERF-LC-Ad1	ELF3	LUAD_HC_TF_AND_LINEAGE_POSITIVE_CONTROL	TESTED	JASPAR2024|000276|MA0640.3	0.2784	0.42673245268957455	FALSE
cell_line	RERF-LC-Ad1	RERF-LC-Ad1	ETV1	LUAD_HC_TF	TESTED	JASPAR2024|000311|MA0761.3	0.278	0.33790324374874076	FALSE
cell_line	RERF-LC-Ad1	RERF-LC-Ad1	FOXA1	LUAD_LINEAGE_POSITIVE_CONTROL	TESTED	JASPAR2024|000356|MA0148.5	0.23	0.07872701165273012	FALSE
cell_line	RERF-LC-Ad1	RERF-LC-Ad1	FOXA2	LUAD_LINEAGE_POSITIVE_CONTROL	TESTED	JASPAR2024|000357|MA0047.4	0.0413	0.1321997037402369	FALSE
cell_line	RERF-LC-Ad1	RERF-LC-Ad1	FOXA3	LUAD_HC_TF	TESTED	JASPAR2024|000358|MA1683.2	0.0308	0.1870125515837118	FALSE
cell_line	RERF-LC-Ad1	RERF-LC-Ad1	FOXD2	LUAD_HC_TF	TESTED	JASPAR2024|000361|MA0847.4	0.8028	-0.018362164146938503	FALSE
cell_line	RERF-LC-Ad1	RERF-LC-Ad1	GATA6	LUAD_LINEAGE_POSITIVE_CONTROL	TESTED	JASPAR2024|000382|MA1104.3	0.0024	0.219627552978409	FALSE
cell_line	RERF-LC-Ad1	RERF-LC-Ad1	HNF4A	LUAD_LINEAGE_POSITIVE_CONTROL	TESTED	JASPAR2024|000410|MA0114.5	0.4188	0.07210302809240875	FALSE
cell_line	RERF-LC-Ad1	RERF-LC-Ad1	NFATC4	LUAD_HC_TF	TESTED	JASPAR2024|000506|MA1525.3	0.0	0.2957225615675895	TRUE
cell_line	RERF-LC-Ad1	RERF-LC-Ad1	NKX2-1	LUAD_LINEAGE_POSITIVE_CONTROL	TESTED	JASPAR2024|000822|MA1994.2	0.2784	0.11938837618019742	FALSE
cell_line	RERF-LC-Ad1	RERF-LC-Ad1	NR3C2	LUAD_HC_TF	TESTED	JASPAR2024|000539|MA0727.2	0.9659	-0.13578708677022192	FALSE
cell_line	RERF-LC-Ad1	RERF-LC-Ad1	XBP1	LUAD_HC_TF	TESTED	JASPAR2024|000675|MA0844.2	0.0	0.2871421740773586	TRUE
cell_line	RERF-LC-Ad1	RERF-LC-Ad1	ZBTB18	LUAD_HC_TF	TESTED	JASPAR2024|000681|MA0698.2	0.9659	-0.07859327312763906	FALSE
cell_line	RERF-LC-Ad1	RERF-LC-Ad1	ZNF141	LUAD_HC_TF	TESTED	CIS-BP2.00|000653|M07586_2.00	0.12	0.09324537296100385	FALSE
cell_line	RERF-LC-Ad1	RERF-LC-Ad1	ZNF19	LUAD_HC_TF	TESTED	CIS-BP2.00|000670|M07603_2.00	0.5792	0.23240736364809608	FALSE
cell_line	RERF-LC-Ad1	RERF-LC-Ad1	ZNF254	LUAD_HC_TF	TESTED	CIS-BP2.00|000827|M07760_2.00	1.0	-0.05406862844086016	FALSE
cell_line	RERF-LC-Ad1	RERF-LC-Ad1	ZNF281	LUAD_HC_TF	TESTED	JASPAR2024|000706|MA1630.3	0.8046	-0.028402375277048406	FALSE
cell_line	RERF-LC-Ad1	RERF-LC-Ad1	ZNF33A	LUAD_HC_TF	TESTED	CIS-BP2.00|000762|M07695_2.00	0.064	0.1834416799224291	FALSE
cell_line	RERF-LC-Ad1	RERF-LC-Ad1	ZNF33B	LUAD_HC_TF	TESTED	CIS-BP2.00|000777|M07710_2.00	0.8777	-0.0005030423147009925	FALSE
cell_line	RERF-LC-Ad1	RERF-LC-Ad1	ZNF341	LUAD_HC_TF	TESTED	JASPAR2024|000712|MA1655.2	0.7322	0.0766025994765632	FALSE
cell_line	RERF-LC-Ad1	RERF-LC-Ad1	ZNF444	LUAD_HC_TF	TESTED	CIS-BP2.00|000420|M04529_2.00	1.0	-0.10759757185342005	FALSE
cell_line	RERF-LC-Ad1	RERF-LC-Ad1	ZNF540	LUAD_HC_TF	TESTED	CIS-BP2.00|000701|M07634_2.00	0.8777	-0.007604224049985445	FALSE
cell_line	RERF-LC-Ad1	RERF-LC-Ad1	ZNF75D	LUAD_HC_TF	TESTED	JASPAR2024|000169|MA1601.2	0.0048	0.16278075618658303	FALSE
cell_line	RERF-LC-Ad2	RERF-LC-Ad2	CEBPA	LUAD_LINEAGE_POSITIVE_CONTROL	TESTED	JASPAR2024|000234|MA0102.5	0.0106	0.1514439233667761	FALSE
cell_line	RERF-LC-Ad2	RERF-LC-Ad2	CEBPB	LUAD_LINEAGE_POSITIVE_CONTROL	TESTED	JASPAR2024|000235|MA0466.4	0.0005	0.33400721045981585	FALSE
cell_line	RERF-LC-Ad2	RERF-LC-Ad2	CREB3L2	LUAD_HC_TF	TESTED	JASPAR2024|000025|MA0608.1	0.0295	0.1108350971141597	FALSE
cell_line	RERF-LC-Ad2	RERF-LC-Ad2	E2F5	LUAD_HC_TF	TESTED	CIS-BP2.00|000940|M08109_2.00	0.4347	0.06821388301193834	FALSE
cell_line	RERF-LC-Ad2	RERF-LC-Ad2	ELF3	LUAD_HC_TF_AND_LINEAGE_POSITIVE_CONTROL	TESTED	JASPAR2024|000276|MA0640.3	0.0182	1.2616493749329833	FALSE
cell_line	RERF-LC-Ad2	RERF-LC-Ad2	ETV1	LUAD_HC_TF	TESTED	JASPAR2024|000311|MA0761.3	0.0391	0.6777825203730029	FALSE
cell_line	RERF-LC-Ad2	RERF-LC-Ad2	FOXA1	LUAD_LINEAGE_POSITIVE_CONTROL	TESTED	JASPAR2024|000356|MA0148.5	0.0536	0.11279784634441298	FALSE
cell_line	RERF-LC-Ad2	RERF-LC-Ad2	FOXA2	LUAD_LINEAGE_POSITIVE_CONTROL	TESTED	JASPAR2024|000357|MA0047.4	0.0136	0.15494735707306379	FALSE
cell_line	RERF-LC-Ad2	RERF-LC-Ad2	FOXA3	LUAD_HC_TF	TESTED	JASPAR2024|000358|MA1683.2	0.0536	0.1420482282595096	FALSE
cell_line	RERF-LC-Ad2	RERF-LC-Ad2	FOXD2	LUAD_HC_TF	TESTED	JASPAR2024|000361|MA0847.4	0.4758	0.024647840206016885	FALSE
cell_line	RERF-LC-Ad2	RERF-LC-Ad2	GATA6	LUAD_LINEAGE_POSITIVE_CONTROL	TESTED	JASPAR2024|000382|MA1104.3	0.0391	0.13496692600369484	FALSE
cell_line	RERF-LC-Ad2	RERF-LC-Ad2	HNF4A	LUAD_LINEAGE_POSITIVE_CONTROL	TESTED	JASPAR2024|000410|MA0114.5	1.0	-0.09454608120640369	FALSE
cell_line	RERF-LC-Ad2	RERF-LC-Ad2	NFATC4	LUAD_HC_TF	TESTED	JASPAR2024|000506|MA1525.3	0.0	0.2865701350097557	TRUE
cell_line	RERF-LC-Ad2	RERF-LC-Ad2	NKX2-1	LUAD_LINEAGE_POSITIVE_CONTROL	TESTED	JASPAR2024|000822|MA1994.2	0.0391	0.23761077169275485	FALSE
cell_line	RERF-LC-Ad2	RERF-LC-Ad2	NR3C2	LUAD_HC_TF	TESTED	JASPAR2024|000539|MA0727.2	0.6559	0.01193107289369328	FALSE
cell_line	RERF-LC-Ad2	RERF-LC-Ad2	XBP1	LUAD_HC_TF	TESTED	JASPAR2024|000675|MA0844.2	0.0	0.3075611146363409	TRUE
cell_line	RERF-LC-Ad2	RERF-LC-Ad2	ZBTB18	LUAD_HC_TF	TESTED	JASPAR2024|000681|MA0698.2	1.0	-0.051960554237164384	FALSE
cell_line	RERF-LC-Ad2	RERF-LC-Ad2	ZNF141	LUAD_HC_TF	TESTED	CIS-BP2.00|000653|M07586_2.00	1.0	-0.030351537220993218	FALSE
cell_line	RERF-LC-Ad2	RERF-LC-Ad2	ZNF19	LUAD_HC_TF	TESTED	CIS-BP2.00|000670|M07603_2.00	0.7736	0.1056068344818249	FALSE
cell_line	RERF-LC-Ad2	RERF-LC-Ad2	ZNF254	LUAD_HC_TF	TESTED	CIS-BP2.00|000827|M07760_2.00	1.0	-0.2065250808167233	FALSE
cell_line	RERF-LC-Ad2	RERF-LC-Ad2	ZNF281	LUAD_HC_TF	TESTED	JASPAR2024|000706|MA1630.3	1.0	-0.05728301789079881	FALSE
cell_line	RERF-LC-Ad2	RERF-LC-Ad2	ZNF33A	LUAD_HC_TF	TESTED	CIS-BP2.00|000762|M07695_2.00	0.0494	0.1912710572861495	FALSE
cell_line	RERF-LC-Ad2	RERF-LC-Ad2	ZNF33B	LUAD_HC_TF	TESTED	CIS-BP2.00|000777|M07710_2.00	1.0	-0.06529426531790679	FALSE
cell_line	RERF-LC-Ad2	RERF-LC-Ad2	ZNF341	LUAD_HC_TF	TESTED	JASPAR2024|000712|MA1655.2	1.0	-0.9284670080805815	FALSE
cell_line	RERF-LC-Ad2	RERF-LC-Ad2	ZNF444	LUAD_HC_TF	TESTED	CIS-BP2.00|000420|M04529_2.00	1.0	-0.08351532172161284	FALSE
cell_line	RERF-LC-Ad2	RERF-LC-Ad2	ZNF540	LUAD_HC_TF	TESTED	CIS-BP2.00|000701|M07634_2.00	0.5983	0.03195969566701105	FALSE
cell_line	RERF-LC-Ad2	RERF-LC-Ad2	ZNF75D	LUAD_HC_TF	TESTED	JASPAR2024|000169|MA1601.2	0.0001	0.2174486141645237	FALSE
cell_line	RERF-LC-KJ	RERF-LC-KJ	CEBPA	LUAD_LINEAGE_POSITIVE_CONTROL	TESTED	JASPAR2024|000234|MA0102.5	0.1525	0.07291398066185811	FALSE
cell_line	RERF-LC-KJ	RERF-LC-KJ	CEBPB	LUAD_LINEAGE_POSITIVE_CONTROL	TESTED	JASPAR2024|000235|MA0466.4	0.0014	0.31759236490854853	FALSE
cell_line	RERF-LC-KJ	RERF-LC-KJ	CREB3L2	LUAD_HC_TF	TESTED	JASPAR2024|000025|MA0608.1	0.062	0.10556459047398481	FALSE
cell_line	RERF-LC-KJ	RERF-LC-KJ	E2F5	LUAD_HC_TF	TESTED	CIS-BP2.00|000940|M08109_2.00	0.0392	0.1621670856257331	FALSE
cell_line	RERF-LC-KJ	RERF-LC-KJ	ELF3	LUAD_HC_TF_AND_LINEAGE_POSITIVE_CONTROL	TESTED	JASPAR2024|000276|MA0640.3	0.0125	1.363904633129836	FALSE
cell_line	RERF-LC-KJ	RERF-LC-KJ	ETV1	LUAD_HC_TF	TESTED	JASPAR2024|000311|MA0761.3	0.1525	0.4551087174334745	FALSE
cell_line	RERF-LC-KJ	RERF-LC-KJ	FOXA1	LUAD_LINEAGE_POSITIVE_CONTROL	TESTED	JASPAR2024|000356|MA0148.5	0.1525	0.10086611770529261	FALSE
cell_line	RERF-LC-KJ	RERF-LC-KJ	FOXA2	LUAD_LINEAGE_POSITIVE_CONTROL	TESTED	JASPAR2024|000357|MA0047.4	0.1525	0.08018673166487769	FALSE
cell_line	RERF-LC-KJ	RERF-LC-KJ	FOXA3	LUAD_HC_TF	TESTED	JASPAR2024|000358|MA1683.2	0.1525	0.1289220199753276	FALSE
cell_line	RERF-LC-KJ	RERF-LC-KJ	FOXD2	LUAD_HC_TF	TESTED	JASPAR2024|000361|MA0847.4	0.5349	0.012487736313372003	FALSE
cell_line	RERF-LC-KJ	RERF-LC-KJ	GATA6	LUAD_LINEAGE_POSITIVE_CONTROL	TESTED	JASPAR2024|000382|MA1104.3	0.1525	0.10513578040884647	FALSE
cell_line	RERF-LC-KJ	RERF-LC-KJ	HNF4A	LUAD_LINEAGE_POSITIVE_CONTROL	TESTED	JASPAR2024|000410|MA0114.5	0.5538	0.0074854139334202124	FALSE
cell_line	RERF-LC-KJ	RERF-LC-KJ	NFATC4	LUAD_HC_TF	TESTED	JASPAR2024|000506|MA1525.3	0.0	0.3764680009274376	TRUE
cell_line	RERF-LC-KJ	RERF-LC-KJ	NKX2-1	LUAD_LINEAGE_POSITIVE_CONTROL	TESTED	JASPAR2024|000822|MA1994.2	0.5538	0.00621629599730958	FALSE
cell_line	RERF-LC-KJ	RERF-LC-KJ	NR3C2	LUAD_HC_TF	TESTED	JASPAR2024|000539|MA0727.2	0.5349	0.021324729390954374	FALSE
cell_line	RERF-LC-KJ	RERF-LC-KJ	XBP1	LUAD_HC_TF	TESTED	JASPAR2024|000675|MA0844.2	0.0	0.33041073392046305	TRUE
cell_line	RERF-LC-KJ	RERF-LC-KJ	ZBTB18	LUAD_HC_TF	TESTED	JASPAR2024|000681|MA0698.2	0.9998	-0.17331197499994427	FALSE
cell_line	RERF-LC-KJ	RERF-LC-KJ	ZNF141	LUAD_HC_TF	TESTED	CIS-BP2.00|000653|M07586_2.00	0.937	-0.013949877236146154	FALSE
cell_line	RERF-LC-KJ	RERF-LC-KJ	ZNF19	LUAD_HC_TF	TESTED	CIS-BP2.00|000670|M07603_2.00	0.5333	0.21049808671585965	FALSE
cell_line	RERF-LC-KJ	RERF-LC-KJ	ZNF254	LUAD_HC_TF	TESTED	CIS-BP2.00|000827|M07760_2.00	1.0	-0.1594776774963916	FALSE
cell_line	RERF-LC-KJ	RERF-LC-KJ	ZNF281	LUAD_HC_TF	TESTED	JASPAR2024|000706|MA1630.3	0.4326	0.03029853322900407	FALSE
cell_line	RERF-LC-KJ	RERF-LC-KJ	ZNF33A	LUAD_HC_TF	TESTED	CIS-BP2.00|000762|M07695_2.00	0.937	-0.012732671436051985	FALSE
cell_line	RERF-LC-KJ	RERF-LC-KJ	ZNF33B	LUAD_HC_TF	TESTED	CIS-BP2.00|000777|M07710_2.00	1.0	-0.21283495198813043	FALSE
cell_line	RERF-LC-KJ	RERF-LC-KJ	ZNF341	LUAD_HC_TF	TESTED	JASPAR2024|000712|MA1655.2	0.1525	2.2110483570247093	FALSE
cell_line	RERF-LC-KJ	RERF-LC-KJ	ZNF444	LUAD_HC_TF	TESTED	CIS-BP2.00|000420|M04529_2.00	0.937	-0.023489822385859383	FALSE
cell_line	RERF-LC-KJ	RERF-LC-KJ	ZNF540	LUAD_HC_TF	TESTED	CIS-BP2.00|000701|M07634_2.00	0.8982	0.003365465071245547	FALSE
cell_line	RERF-LC-KJ	RERF-LC-KJ	ZNF75D	LUAD_HC_TF	TESTED	JASPAR2024|000169|MA1601.2	0.1525	0.08666240410388168	FALSE
cell_line	RERF-LC-MS	RERF-LC-MS	CEBPA	LUAD_LINEAGE_POSITIVE_CONTROL	TESTED	JASPAR2024|000234|MA0102.5	0.0736	0.11783947214023131	FALSE
cell_line	RERF-LC-MS	RERF-LC-MS	CEBPB	LUAD_LINEAGE_POSITIVE_CONTROL	TESTED	JASPAR2024|000235|MA0466.4	0.1047	0.1815893633730123	FALSE
cell_line	RERF-LC-MS	RERF-LC-MS	CREB3L2	LUAD_HC_TF	TESTED	JASPAR2024|000025|MA0608.1	0.9851	-0.048072095245592784	FALSE
cell_line	RERF-LC-MS	RERF-LC-MS	E2F5	LUAD_HC_TF	TESTED	CIS-BP2.00|000940|M08109_2.00	0.0008	0.3012779013897256	FALSE
cell_line	RERF-LC-MS	RERF-LC-MS	ELF3	LUAD_HC_TF_AND_LINEAGE_POSITIVE_CONTROL	TESTED	JASPAR2024|000276|MA0640.3	0.1861	0.6755444191455527	FALSE
cell_line	RERF-LC-MS	RERF-LC-MS	ETV1	LUAD_HC_TF	TESTED	JASPAR2024|000652|MA1966.2	0.0202	0.38992037385007616	FALSE
cell_line	RERF-LC-MS	RERF-LC-MS	FOXA1	LUAD_LINEAGE_POSITIVE_CONTROL	TESTED	JASPAR2024|000356|MA0148.5	0.4836	0.031212836973008282	FALSE
cell_line	RERF-LC-MS	RERF-LC-MS	FOXA2	LUAD_LINEAGE_POSITIVE_CONTROL	TESTED	JASPAR2024|000357|MA0047.4	0.1272	0.10269818501253596	FALSE
cell_line	RERF-LC-MS	RERF-LC-MS	FOXA3	LUAD_HC_TF	TESTED	JASPAR2024|000358|MA1683.2	0.4836	0.03916865467168061	FALSE
cell_line	RERF-LC-MS	RERF-LC-MS	FOXD2	LUAD_HC_TF	TESTED	JASPAR2024|000361|MA0847.4	1.0	-0.10474567056785763	FALSE
cell_line	RERF-LC-MS	RERF-LC-MS	GATA6	LUAD_LINEAGE_POSITIVE_CONTROL	TESTED	JASPAR2024|000382|MA1104.3	0.4347	0.04369995523718248	FALSE
cell_line	RERF-LC-MS	RERF-LC-MS	HNF4A	LUAD_LINEAGE_POSITIVE_CONTROL	TESTED	JASPAR2024|000410|MA0114.5	0.2312	0.1433028119043458	FALSE
cell_line	RERF-LC-MS	RERF-LC-MS	NFATC4	LUAD_HC_TF	TESTED	JASPAR2024|000506|MA1525.3	0.0	0.32011766937053165	TRUE
cell_line	RERF-LC-MS	RERF-LC-MS	NKX2-1	LUAD_LINEAGE_POSITIVE_CONTROL	TESTED	JASPAR2024|000822|MA1994.2	0.4836	0.05670376499727187	FALSE
cell_line	RERF-LC-MS	RERF-LC-MS	NR3C2	LUAD_HC_TF	TESTED	JASPAR2024|000539|MA0727.2	0.9454	-0.06731557265806207	FALSE
cell_line	RERF-LC-MS	RERF-LC-MS	XBP1	LUAD_HC_TF	TESTED	JASPAR2024|000675|MA0844.2	0.0001	0.20335825668405594	FALSE
cell_line	RERF-LC-MS	RERF-LC-MS	ZBTB18	LUAD_HC_TF	TESTED	JASPAR2024|000681|MA0698.2	1.0	-0.19222363607005669	FALSE
cell_line	RERF-LC-MS	RERF-LC-MS	ZNF141	LUAD_HC_TF	TESTED	CIS-BP2.00|000653|M07586_2.00	0.1339	0.10493910725489627	FALSE
cell_line	RERF-LC-MS	RERF-LC-MS	ZNF19	LUAD_HC_TF	TESTED	CIS-BP2.00|000670|M07603_2.00	1.0	-0.24788586930178125	FALSE
cell_line	RERF-LC-MS	RERF-LC-MS	ZNF254	LUAD_HC_TF	TESTED	CIS-BP2.00|000827|M07760_2.00	1.0	-0.1539212879231593	FALSE
cell_line	RERF-LC-MS	RERF-LC-MS	ZNF281	LUAD_HC_TF	TESTED	JASPAR2024|000706|MA1630.3	0.9348	-0.03301329078159876	FALSE
cell_line	RERF-LC-MS	RERF-LC-MS	ZNF33A	LUAD_HC_TF	TESTED	CIS-BP2.00|000762|M07695_2.00	0.3975	0.0902085621995626	FALSE
cell_line	RERF-LC-MS	RERF-LC-MS	ZNF33B	LUAD_HC_TF	TESTED	CIS-BP2.00|000777|M07710_2.00	1.0	-0.06964874036966194	FALSE
cell_line	RERF-LC-MS	RERF-LC-MS	ZNF341	LUAD_HC_TF	TESTED	JASPAR2024|000712|MA1655.2	0.4233	0.976830119356806	FALSE
cell_line	RERF-LC-MS	RERF-LC-MS	ZNF444	LUAD_HC_TF	TESTED	CIS-BP2.00|000420|M04529_2.00	0.9961	-0.0077229414138422735	FALSE
cell_line	RERF-LC-MS	RERF-LC-MS	ZNF540	LUAD_HC_TF	TESTED	CIS-BP2.00|000701|M07634_2.00	1.0	-0.028068530774049236	FALSE
cell_line	RERF-LC-MS	RERF-LC-MS	ZNF75D	LUAD_HC_TF	TESTED	JASPAR2024|000169|MA1601.2	0.1272	0.09352118640658408	FALSE
cell_line	VMRC-LCD	VMRC-LCD	CEBPA	LUAD_LINEAGE_POSITIVE_CONTROL	TESTED	JASPAR2024|000234|MA0102.5	0.107	0.08763242028247771	FALSE
cell_line	VMRC-LCD	VMRC-LCD	CEBPB	LUAD_LINEAGE_POSITIVE_CONTROL	TESTED	JASPAR2024|000235|MA0466.4	0.0078	0.25154733524242595	FALSE
cell_line	VMRC-LCD	VMRC-LCD	CREB3L2	LUAD_HC_TF	TESTED	JASPAR2024|000025|MA0608.1	0.0004	0.1822234769078844	FALSE
cell_line	VMRC-LCD	VMRC-LCD	E2F5	LUAD_HC_TF	TESTED	CIS-BP2.00|000940|M08109_2.00	0.0025	0.2554465089658863	FALSE
cell_line	VMRC-LCD	VMRC-LCD	ELF3	LUAD_HC_TF_AND_LINEAGE_POSITIVE_CONTROL	TESTED	JASPAR2024|000276|MA0640.3	0.3549	0.36792153156968493	FALSE
cell_line	VMRC-LCD	VMRC-LCD	ETV1	LUAD_HC_TF	TESTED	JASPAR2024|000652|MA1966.2	0.0	0.6624340558753095	TRUE
cell_line	VMRC-LCD	VMRC-LCD	FOXA1	LUAD_LINEAGE_POSITIVE_CONTROL	TESTED	JASPAR2024|000356|MA0148.5	0.0973	0.10890360855527839	FALSE
cell_line	VMRC-LCD	VMRC-LCD	FOXA2	LUAD_LINEAGE_POSITIVE_CONTROL	TESTED	JASPAR2024|000357|MA0047.4	0.0055	0.1711287468500577	FALSE
cell_line	VMRC-LCD	VMRC-LCD	FOXA3	LUAD_HC_TF	TESTED	JASPAR2024|000358|MA1683.2	0.0001	0.31625394228264797	FALSE
cell_line	VMRC-LCD	VMRC-LCD	FOXD2	LUAD_HC_TF	TESTED	JASPAR2024|000361|MA0847.4	0.3549	0.032900942442076364	FALSE
cell_line	VMRC-LCD	VMRC-LCD	GATA6	LUAD_LINEAGE_POSITIVE_CONTROL	TESTED	JASPAR2024|000382|MA1104.3	0.3549	0.05653668385138384	FALSE
cell_line	VMRC-LCD	VMRC-LCD	HNF4A	LUAD_LINEAGE_POSITIVE_CONTROL	TESTED	JASPAR2024|000409|MA1494.2	0.6107	-0.0019966048697084285	FALSE
cell_line	VMRC-LCD	VMRC-LCD	NFATC4	LUAD_HC_TF	TESTED	JASPAR2024|000506|MA1525.3	0.0	0.276491543393956	TRUE
cell_line	VMRC-LCD	VMRC-LCD	NKX2-1	LUAD_LINEAGE_POSITIVE_CONTROL	TESTED	JASPAR2024|000822|MA1994.2	0.3549	0.07095397621913964	FALSE
cell_line	VMRC-LCD	VMRC-LCD	NR3C2	LUAD_HC_TF	TESTED	JASPAR2024|000539|MA0727.2	1.0	-0.23043680682960638	FALSE
cell_line	VMRC-LCD	VMRC-LCD	XBP1	LUAD_HC_TF	TESTED	JASPAR2024|000675|MA0844.2	0.0	0.29563911446186164	TRUE
cell_line	VMRC-LCD	VMRC-LCD	ZBTB18	LUAD_HC_TF	TESTED	JASPAR2024|000681|MA0698.2	1.0	-0.11653835532751068	FALSE
cell_line	VMRC-LCD	VMRC-LCD	ZNF141	LUAD_HC_TF	TESTED	CIS-BP2.00|000653|M07586_2.00	0.8229	-0.0048124314449363445	FALSE
cell_line	VMRC-LCD	VMRC-LCD	ZNF19	LUAD_HC_TF	TESTED	CIS-BP2.00|000670|M07603_2.00	0.1677	0.4881937852489206	FALSE
cell_line	VMRC-LCD	VMRC-LCD	ZNF254	LUAD_HC_TF	TESTED	CIS-BP2.00|000827|M07760_2.00	1.0	-0.12070495192948277	FALSE
cell_line	VMRC-LCD	VMRC-LCD	ZNF281	LUAD_HC_TF	TESTED	JASPAR2024|000706|MA1630.3	0.3549	0.04594654242643311	FALSE
cell_line	VMRC-LCD	VMRC-LCD	ZNF33A	LUAD_HC_TF	TESTED	CIS-BP2.00|000762|M07695_2.00	0.2356	0.08751855059567575	FALSE
cell_line	VMRC-LCD	VMRC-LCD	ZNF33B	LUAD_HC_TF	TESTED	CIS-BP2.00|000777|M07710_2.00	1.0	-0.12037609121930834	FALSE
cell_line	VMRC-LCD	VMRC-LCD	ZNF341	LUAD_HC_TF	TESTED	JASPAR2024|000712|MA1655.2	0.3549	0.965882765808845	FALSE
cell_line	VMRC-LCD	VMRC-LCD	ZNF444	LUAD_HC_TF	TESTED	CIS-BP2.00|000420|M04529_2.00	0.002	0.17366471899255792	FALSE
cell_line	VMRC-LCD	VMRC-LCD	ZNF540	LUAD_HC_TF	TESTED	CIS-BP2.00|000701|M07634_2.00	0.9224	-0.03683782412642084	FALSE
cell_line	VMRC-LCD	VMRC-LCD	ZNF75D	LUAD_HC_TF	TESTED	JASPAR2024|000169|MA1601.2	0.3549	0.04380266174201605	FALSE
