TF	motif_token	p_value	q_value	target_with_motif	target_total	background_with_motif	background_total	log2_odds_ratio	motif_enriched_q1e-5	system	sample_id	sample_slug
CEBPB	JASPAR2024|000235|MA0466.4	1e-06	0.0	297.0	3583.0	1699.1	27583.0	0.46322531154467655	TRUE	patient	TCGA-44-3918	TCGA-44-3918
XBP1	JASPAR2024|000675|MA0844.2	0.01	0.0308	1698.0	3583.0	12430.1	27583.0	0.13505966420273277	FALSE	patient	TCGA-44-3918	TCGA-44-3918
FOXD2	JASPAR2024|000361|MA0847.4	0.01	0.0308	1373.0	3583.0	9957.7	27583.0	0.13721602035337205	FALSE	patient	TCGA-44-3918	TCGA-44-3918
CREB3L2	JASPAR2024|000025|MA0608.1	0.1	0.2036	1835.0	3583.0	13710.7	27583.0	0.08695947921297578	FALSE	patient	TCGA-44-3918	TCGA-44-3918
NFATC4	JASPAR2024|000506|MA1525.3	0.1	0.2614	2526.0	3583.0	19108.1	27583.0	0.08361379766747148	FALSE	patient	TCGA-44-3918	TCGA-44-3918
ZNF75D	JASPAR2024|000169|MA1601.2	0.1	0.3047	2538.0	3583.0	19239.9	27583.0	0.07438630616040702	FALSE	patient	TCGA-44-3918	TCGA-44-3918
ETV1	JASPAR2024|000311|MA0761.3	0.1	0.3047	3565.0	3583.0	27379.7	27583.0	0.5206001998933789	FALSE	patient	TCGA-44-3918	TCGA-44-3918
NR3C2	JASPAR2024|000539|MA0727.2	1.0	0.3594	258.0	3583.0	1855.0	27583.0	0.10815235738570249	FALSE	patient	TCGA-44-3918	TCGA-44-3918
CEBPA	JASPAR2024|000234|MA0102.5	1.0	0.5879	2599.0	3583.0	19857.5	27583.0	0.03884429762164916	FALSE	patient	TCGA-44-3918	TCGA-44-3918
NKX2-1	JASPAR2024|000822|MA1994.2	1.0	0.6191	3422.0	3583.0	26275.7	27583.0	0.07690165325639757	FALSE	patient	TCGA-44-3918	TCGA-44-3918
HNF4A	JASPAR2024|000409|MA1494.2	1.0	0.7887	416.0	3583.0	3166.3	27583.0	0.01984389098903257	FALSE	patient	TCGA-44-3918	TCGA-44-3918
FOXA2	JASPAR2024|000357|MA0047.4	1.0	1.0	2786.0	3583.0	21486.3	27583.0	-0.012334135638520873	FALSE	patient	TCGA-44-3918	TCGA-44-3918
ELF3	JASPAR2024|000276|MA0640.3	1.0	1.0	3569.0	3583.0	27469.8	27583.0	0.027028689957204213	FALSE	patient	TCGA-44-3918	TCGA-44-3918
FOXA3	JASPAR2024|000358|MA1683.2	1.0	1.0	3161.0	3583.0	24385.5	27583.0	-0.027225317442143286	FALSE	patient	TCGA-44-3918	TCGA-44-3918
FOXA1	JASPAR2024|000356|MA0148.5	1.0	1.0	2864.0	3583.0	22117.5	27583.0	-0.023446826419971985	FALSE	patient	TCGA-44-3918	TCGA-44-3918
ZBTB18	JASPAR2024|000681|MA0698.2	1.0	1.0	2033.0	3583.0	15804.2	27583.0	-0.032868378141303424	FALSE	patient	TCGA-44-3918	TCGA-44-3918
ETV1	JASPAR2024|000652|MA1966.2	1.0	1.0	3454.0	3583.0	26676.2	27583.0	-0.14040383339678195	FALSE	patient	TCGA-44-3918	TCGA-44-3918
ZNF281	JASPAR2024|000706|MA1630.3	1.0	1.0	2914.0	3583.0	22659.4	27583.0	-0.0801170875716619	FALSE	patient	TCGA-44-3918	TCGA-44-3918
HNF4A	JASPAR2024|000410|MA0114.5	1.0	1.0	3427.0	3583.0	26514.6	27583.0	-0.17969329136917153	FALSE	patient	TCGA-44-3918	TCGA-44-3918
ZNF341	JASPAR2024|000712|MA1655.2	1.0	1.0	3579.0	3583.0	27559.8	27583.0	-0.5478714548064151	FALSE	patient	TCGA-44-3918	TCGA-44-3918
GATA6	JASPAR2024|000382|MA1104.3	1.0	1.0	2912.0	3583.0	22704.3	27583.0	-0.10148205740526936	FALSE	patient	TCGA-44-3918	TCGA-44-3918
ZNF444	CIS-BP2.00|000420|M04529_2.00	0.001	0.0028	1374.0	3581.0	9813.2	27536.0	0.16927164659887287	FALSE	patient	TCGA-44-3918	TCGA-44-3918
ZNF19	CIS-BP2.00|000670|M07603_2.00	0.1	0.0837	3575.0	3581.0	27444.4	27536.0	0.8843683588621011	FALSE	patient	TCGA-44-3918	TCGA-44-3918
ZNF33A	CIS-BP2.00|000762|M07695_2.00	0.1	0.1151	3289.0	3581.0	25082.1	27536.0	0.13811517391516331	FALSE	patient	TCGA-44-3918	TCGA-44-3918
ZNF141	CIS-BP2.00|000653|M07586_2.00	1.0	0.7059	2584.0	3581.0	19831.1	27536.0	0.009637134390798741	FALSE	patient	TCGA-44-3918	TCGA-44-3918
ZNF33B	CIS-BP2.00|000777|M07710_2.00	1.0	0.8064	1228.0	3581.0	9444.3	27536.0	-0.0001342979133356905	FALSE	patient	TCGA-44-3918	TCGA-44-3918
ZNF540	CIS-BP2.00|000701|M07634_2.00	1.0	0.8973	758.0	3581.0	5871.7	27536.0	-0.012883637966851838	FALSE	patient	TCGA-44-3918	TCGA-44-3918
E2F5	CIS-BP2.00|000940|M08109_2.00	1.0	1.0	3070.0	3581.0	23739.8	27536.0	-0.05885279545824771	FALSE	patient	TCGA-44-3918	TCGA-44-3918
ZNF254	CIS-BP2.00|000827|M07760_2.00	1.0	1.0	557.0	3581.0	4592.9	27536.0	-0.11919549933483492	FALSE	patient	TCGA-44-3918	TCGA-44-3918
CEBPB	JASPAR2024|000235|MA0466.4	1e-06	0.0	300.0	3584.0	1724.7	27463.0	0.44887239768392595	TRUE	patient	TCGA-44-6146	TCGA-44-6146
ETV1	JASPAR2024|000311|MA0761.3	0.01	0.0702	3569.0	3584.0	27259.7	27463.0	0.7838116911711022	FALSE	patient	TCGA-44-6146	TCGA-44-6146
NFATC4	JASPAR2024|000506|MA1525.3	0.01	0.0702	2557.0	3584.0	19082.0	27463.0	0.12862601963132203	FALSE	patient	TCGA-44-6146	TCGA-44-6146
XBP1	JASPAR2024|000675|MA0844.2	0.01	0.0702	1696.0	3584.0	12460.1	27463.0	0.11323658245165495	FALSE	patient	TCGA-44-6146	TCGA-44-6146
FOXD2	JASPAR2024|000361|MA0847.4	0.1	0.1638	1365.0	3584.0	10068.5	27463.0	0.08794687480493232	FALSE	patient	TCGA-44-6146	TCGA-44-6146
CREB3L2	JASPAR2024|000025|MA0608.1	0.1	0.1819	1843.0	3584.0	13749.2	27463.0	0.07839778877863963	FALSE	patient	TCGA-44-6146	TCGA-44-6146
ELF3	JASPAR2024|000276|MA0640.3	0.1	0.1819	3575.0	3584.0	27352.0	27463.0	0.6175165945065354	FALSE	patient	TCGA-44-6146	TCGA-44-6146
CEBPA	JASPAR2024|000234|MA0102.5	1.0	0.4124	2616.0	3584.0	19840.6	27463.0	0.05373414891784334	FALSE	patient	TCGA-44-6146	TCGA-44-6146
HNF4A	JASPAR2024|000409|MA1494.2	1.0	0.4124	422.0	3584.0	3089.7	27463.0	0.07551684028750262	FALSE	patient	TCGA-44-6146	TCGA-44-6146
NR3C2	JASPAR2024|000539|MA0727.2	1.0	0.4124	258.0	3584.0	1866.9	27463.0	0.09108044818563449	FALSE	patient	TCGA-44-6146	TCGA-44-6146
ZNF341	JASPAR2024|000712|MA1655.2	1.0	0.4609	3583.0	3584.0	27450.0	27463.0	0.23253383348101128	FALSE	patient	TCGA-44-6146	TCGA-44-6146
FOXA2	JASPAR2024|000357|MA0047.4	1.0	0.546	2807.0	3584.0	21417.1	27463.0	0.027722946564663883	FALSE	patient	TCGA-44-6146	TCGA-44-6146
FOXA3	JASPAR2024|000358|MA1683.2	1.0	0.6222	3177.0	3584.0	24303.8	27463.0	0.019668070106688182	FALSE	patient	TCGA-44-6146	TCGA-44-6146
ZNF75D	JASPAR2024|000169|MA1601.2	1.0	0.835	2489.0	3584.0	19103.8	27463.0	-0.008107790711874714	FALSE	patient	TCGA-44-6146	TCGA-44-6146
FOXA1	JASPAR2024|000356|MA0148.5	1.0	0.9509	2867.0	3584.0	22055.4	27463.0	-0.02922814851163815	FALSE	patient	TCGA-44-6146	TCGA-44-6146
ETV1	JASPAR2024|000652|MA1966.2	1.0	0.9937	3460.0	3584.0	26572.9	27463.0	-0.10229854951464887	FALSE	patient	TCGA-44-6146	TCGA-44-6146
HNF4A	JASPAR2024|000410|MA0114.5	1.0	0.9937	3433.0	3584.0	26379.6	27463.0	-0.10285620295545687	FALSE	patient	TCGA-44-6146	TCGA-44-6146
NKX2-1	JASPAR2024|000822|MA1994.2	1.0	0.9937	3404.0	3584.0	26169.6	27463.0	-0.10074921917414496	FALSE	patient	TCGA-44-6146	TCGA-44-6146
ZNF281	JASPAR2024|000706|MA1630.3	1.0	0.9937	2910.0	3584.0	22520.6	27463.0	-0.07847100084913279	FALSE	patient	TCGA-44-6146	TCGA-44-6146
ZBTB18	JASPAR2024|000681|MA0698.2	1.0	0.9937	2009.0	3584.0	15720.0	27463.0	-0.06975783172931367	FALSE	patient	TCGA-44-6146	TCGA-44-6146
GATA6	JASPAR2024|000382|MA1104.3	1.0	0.9937	2906.0	3584.0	22547.3	27463.0	-0.09850897457782437	FALSE	patient	TCGA-44-6146	TCGA-44-6146
ZNF444	CIS-BP2.00|000420|M04529_2.00	0.0001	0.0004	1383.0	3584.0	9728.9	27468.0	0.19638653552815855	FALSE	patient	TCGA-44-6146	TCGA-44-6146
ZNF33A	CIS-BP2.00|000762|M07695_2.00	0.1	0.1154	3299.0	3584.0	25063.5	27468.0	0.1491768913374421	FALSE	patient	TCGA-44-6146	TCGA-44-6146
ZNF141	CIS-BP2.00|000653|M07586_2.00	0.1	0.1318	2623.0	3584.0	19775.9	27468.0	0.08589739663438226	FALSE	patient	TCGA-44-6146	TCGA-44-6146
ZNF19	CIS-BP2.00|000670|M07603_2.00	1.0	0.216	3570.0	3584.0	27319.5	27468.0	0.42542806505416686	FALSE	patient	TCGA-44-6146	TCGA-44-6146
ZNF33B	CIS-BP2.00|000777|M07710_2.00	1.0	0.2951	1257.0	3584.0	9423.4	27468.0	0.04898823497838044	FALSE	patient	TCGA-44-6146	TCGA-44-6146
E2F5	CIS-BP2.00|000940|M08109_2.00	1.0	0.5469	3093.0	3584.0	23635.3	27468.0	0.029624194786044823	FALSE	patient	TCGA-44-6146	TCGA-44-6146
ZNF540	CIS-BP2.00|000701|M07634_2.00	1.0	0.7045	773.0	3584.0	5903.6	27468.0	0.0070291137855549145	FALSE	patient	TCGA-44-6146	TCGA-44-6146
ZNF254	CIS-BP2.00|000827|M07760_2.00	1.0	1.0	538.0	3584.0	4482.0	27468.0	-0.141723165387333	FALSE	patient	TCGA-44-6146	TCGA-44-6146
CEBPB	JASPAR2024|000235|MA0466.4	1e-06	0.0	302.0	3582.0	1730.8	27473.0	0.45532706170698295	TRUE	patient	TCGA-44-A47F	TCGA-44-A47F
XBP1	JASPAR2024|000675|MA0844.2	0.001	0.0014	1745.0	3582.0	12538.2	27473.0	0.17823454507771241	FALSE	patient	TCGA-44-A47F	TCGA-44-A47F
ELF3	JASPAR2024|000276|MA0640.3	0.01	0.0252	3579.0	3582.0	27361.7	27473.0	2.0630672089672304	FALSE	patient	TCGA-44-A47F	TCGA-44-A47F
NFATC4	JASPAR2024|000506|MA1525.3	0.1	0.2728	2532.0	3582.0	19062.3	27473.0	0.08910961005745036	FALSE	patient	TCGA-44-A47F	TCGA-44-A47F
CREB3L2	JASPAR2024|000025|MA0608.1	0.1	0.4055	1834.0	3582.0	13756.8	27473.0	0.06500518911446941	FALSE	patient	TCGA-44-A47F	TCGA-44-A47F
FOXD2	JASPAR2024|000361|MA0847.4	1.0	0.4136	1338.0	3582.0	9991.6	27473.0	0.061225213232714494	FALSE	patient	TCGA-44-A47F	TCGA-44-A47F
HNF4A	JASPAR2024|000410|MA0114.5	1.0	0.467	3453.0	3582.0	26374.2	27473.0	0.15253759466026287	FALSE	patient	TCGA-44-A47F	TCGA-44-A47F
ETV1	JASPAR2024|000311|MA0761.3	1.0	0.4919	3562.0	3582.0	27265.3	27473.0	0.4081436871868585	FALSE	patient	TCGA-44-A47F	TCGA-44-A47F
ZNF75D	JASPAR2024|000169|MA1601.2	1.0	0.5312	2508.0	3582.0	19063.7	27473.0	0.04243685964075789	FALSE	patient	TCGA-44-A47F	TCGA-44-A47F
NKX2-1	JASPAR2024|000822|MA1994.2	1.0	0.6731	3418.0	3582.0	26150.1	27473.0	0.07268097794925579	FALSE	patient	TCGA-44-A47F	TCGA-44-A47F
ZNF281	JASPAR2024|000706|MA1630.3	1.0	0.6731	2936.0	3582.0	22433.7	27473.0	0.029114011929784692	FALSE	patient	TCGA-44-A47F	TCGA-44-A47F
FOXA1	JASPAR2024|000356|MA0148.5	1.0	0.7475	2878.0	3582.0	22024.0	27473.0	0.0157321047264228	FALSE	patient	TCGA-44-A47F	TCGA-44-A47F
ETV1	JASPAR2024|000652|MA1966.2	1.0	0.872	3465.0	3582.0	26564.9	27473.0	0.012571536270325668	FALSE	patient	TCGA-44-A47F	TCGA-44-A47F
NR3C2	JASPAR2024|000539|MA0727.2	1.0	0.872	240.0	3582.0	1852.9	27473.0	-0.0077606810696119	FALSE	patient	TCGA-44-A47F	TCGA-44-A47F
FOXA2	JASPAR2024|000357|MA0047.4	1.0	0.872	2780.0	3582.0	21356.9	27473.0	-0.01116314952982306	FALSE	patient	TCGA-44-A47F	TCGA-44-A47F
CEBPA	JASPAR2024|000234|MA0102.5	1.0	0.872	2575.0	3582.0	19792.6	27473.0	-0.011577612033424743	FALSE	patient	TCGA-44-A47F	TCGA-44-A47F
ZBTB18	JASPAR2024|000681|MA0698.2	1.0	0.872	2028.0	3582.0	15621.2	27473.0	-0.01442172582490682	FALSE	patient	TCGA-44-A47F	TCGA-44-A47F
HNF4A	JASPAR2024|000409|MA1494.2	1.0	0.872	398.0	3582.0	3128.7	27473.0	-0.03866736935528967	FALSE	patient	TCGA-44-A47F	TCGA-44-A47F
FOXA3	JASPAR2024|000358|MA1683.2	1.0	0.935	3146.0	3582.0	24262.0	27473.0	-0.06771462743911136	FALSE	patient	TCGA-44-A47F	TCGA-44-A47F
ZNF341	JASPAR2024|000712|MA1655.2	1.0	1.0	3579.0	3582.0	27454.8	27473.0	-0.5216432477315116	FALSE	patient	TCGA-44-A47F	TCGA-44-A47F
GATA6	JASPAR2024|000382|MA1104.3	1.0	1.0	2894.0	3582.0	22569.0	27473.0	-0.13041089027817795	FALSE	patient	TCGA-44-A47F	TCGA-44-A47F
ZNF444	CIS-BP2.00|000420|M04529_2.00	1e-05	0.0	1390.0	3586.0	9610.8	27442.0	0.23203801073657768	TRUE	patient	TCGA-44-A47F	TCGA-44-A47F
ZNF141	CIS-BP2.00|000653|M07586_2.00	0.1	0.1872	2620.0	3586.0	19742.8	27442.0	0.08051146269498706	FALSE	patient	TCGA-44-A47F	TCGA-44-A47F
ZNF19	CIS-BP2.00|000670|M07603_2.00	1.0	0.4569	3569.0	3586.0	27329.0	27442.0	-0.23939968820502283	FALSE	patient	TCGA-44-A47F	TCGA-44-A47F
ZNF33A	CIS-BP2.00|000762|M07695_2.00	1.0	0.5882	3269.0	3586.0	24991.3	27442.0	0.014346820483711619	FALSE	patient	TCGA-44-A47F	TCGA-44-A47F
E2F5	CIS-BP2.00|000940|M08109_2.00	1.0	0.8838	3080.0	3586.0	23653.9	27442.0	-0.037841472060734085	FALSE	patient	TCGA-44-A47F	TCGA-44-A47F
ZNF33B	CIS-BP2.00|000777|M07710_2.00	1.0	0.952	1206.0	3586.0	9401.9	27442.0	-0.040290354897693406	FALSE	patient	TCGA-44-A47F	TCGA-44-A47F
ZNF540	CIS-BP2.00|000701|M07634_2.00	1.0	1.0	733.0	3586.0	5909.9	27442.0	-0.09466883721653147	FALSE	patient	TCGA-44-A47F	TCGA-44-A47F
ZNF254	CIS-BP2.00|000827|M07760_2.00	1.0	1.0	482.0	3586.0	4524.2	27442.0	-0.34515409610133807	FALSE	patient	TCGA-44-A47F	TCGA-44-A47F
CREB3L2	JASPAR2024|000025|MA0608.1	0.0001	0.0002	1914.0	3584.0	13716.4	27521.0	0.20593454461934796	FALSE	patient	TCGA-49-AARO	TCGA-49-AARO
XBP1	JASPAR2024|000675|MA0844.2	0.001	0.0024	1723.0	3584.0	12423.1	27521.0	0.17018807017683343	FALSE	patient	TCGA-49-AARO	TCGA-49-AARO
FOXD2	JASPAR2024|000361|MA0847.4	0.001	0.0041	1403.0	3584.0	10048.7	27521.0	0.16173875202254162	FALSE	patient	TCGA-49-AARO	TCGA-49-AARO
CEBPB	JASPAR2024|000235|MA0466.4	0.01	0.0118	264.0	3584.0	1701.9	27521.0	0.27276381825774837	FALSE	patient	TCGA-49-AARO	TCGA-49-AARO
ELF3	JASPAR2024|000276|MA0640.3	0.1	0.1183	3577.0	3584.0	27412.2	27521.0	0.9274382345613118	FALSE	patient	TCGA-49-AARO	TCGA-49-AARO
NFATC4	JASPAR2024|000506|MA1525.3	0.1	0.1349	2537.0	3584.0	19104.2	27521.0	0.0939594173466177	FALSE	patient	TCGA-49-AARO	TCGA-49-AARO
ETV1	JASPAR2024|000311|MA0761.3	0.1	0.1349	3567.0	3584.0	27323.7	27521.0	0.5614216765597702	FALSE	patient	TCGA-49-AARO	TCGA-49-AARO
ZNF341	JASPAR2024|000712|MA1655.2	0.1	0.1939	3584.0	3584.0	27501.7	27521.0	2.3677252928774735	FALSE	patient	TCGA-49-AARO	TCGA-49-AARO
FOXA1	JASPAR2024|000356|MA0148.5	1.0	0.3743	2905.0	3584.0	22122.8	27521.0	0.06135835386740883	FALSE	patient	TCGA-49-AARO	TCGA-49-AARO
NR3C2	JASPAR2024|000539|MA0727.2	1.0	0.3801	258.0	3584.0	1872.0	27521.0	0.09012423098401075	FALSE	patient	TCGA-49-AARO	TCGA-49-AARO
CEBPA	JASPAR2024|000234|MA0102.5	1.0	0.3801	2607.0	3584.0	19833.6	27521.0	0.0481771861052525	FALSE	patient	TCGA-49-AARO	TCGA-49-AARO
ZBTB18	JASPAR2024|000681|MA0698.2	1.0	0.3801	2075.0	3584.0	15747.2	27521.0	0.0398883331160532	FALSE	patient	TCGA-49-AARO	TCGA-49-AARO
NKX2-1	JASPAR2024|000822|MA1994.2	1.0	0.3964	3422.0	3584.0	26205.7	27521.0	0.0806428686965273	FALSE	patient	TCGA-49-AARO	TCGA-49-AARO
FOXA3	JASPAR2024|000358|MA1683.2	1.0	0.4693	3182.0	3584.0	24358.6	27521.0	0.03795884371078401	FALSE	patient	TCGA-49-AARO	TCGA-49-AARO
HNF4A	JASPAR2024|000409|MA1494.2	1.0	0.4693	414.0	3584.0	3111.2	27521.0	0.03644877434006809	FALSE	patient	TCGA-49-AARO	TCGA-49-AARO
FOXA2	JASPAR2024|000357|MA0047.4	1.0	0.4773	2806.0	3584.0	21476.9	27521.0	0.020902537757270037	FALSE	patient	TCGA-49-AARO	TCGA-49-AARO
HNF4A	JASPAR2024|000410|MA0114.5	1.0	0.618	3444.0	3584.0	26441.7	27521.0	0.0016463549298417514	FALSE	patient	TCGA-49-AARO	TCGA-49-AARO
ZNF75D	JASPAR2024|000169|MA1601.2	1.0	0.7313	2494.0	3584.0	19215.6	27521.0	-0.01634625709020972	FALSE	patient	TCGA-49-AARO	TCGA-49-AARO
ZNF281	JASPAR2024|000706|MA1630.3	1.0	0.7926	2927.0	3584.0	22574.0	27521.0	-0.035316050379396745	FALSE	patient	TCGA-49-AARO	TCGA-49-AARO
GATA6	JASPAR2024|000382|MA1104.3	1.0	0.9098	2922.0	3584.0	22629.4	27521.0	-0.06849374478495665	FALSE	patient	TCGA-49-AARO	TCGA-49-AARO
ETV1	JASPAR2024|000652|MA1966.2	1.0	0.9098	3454.0	3584.0	26616.5	27521.0	-0.15193117200167763	FALSE	patient	TCGA-49-AARO	TCGA-49-AARO
ZNF444	CIS-BP2.00|000420|M04529_2.00	1e-05	0.0	1412.0	3581.0	9819.4	27552.0	0.2335528052418312	TRUE	patient	TCGA-49-AARO	TCGA-49-AARO
ZNF33A	CIS-BP2.00|000762|M07695_2.00	1.0	0.3516	3283.0	3581.0	25053.4	27552.0	0.13387695777193034	FALSE	patient	TCGA-49-AARO	TCGA-49-AARO
ZNF141	CIS-BP2.00|000653|M07586_2.00	1.0	0.4389	2603.0	3581.0	19787.0	27552.0	0.06237002443362352	FALSE	patient	TCGA-49-AARO	TCGA-49-AARO
ZNF19	CIS-BP2.00|000670|M07603_2.00	1.0	0.5243	3569.0	3581.0	27376.3	27552.0	0.8780540076104515	FALSE	patient	TCGA-49-AARO	TCGA-49-AARO
ZNF33B	CIS-BP2.00|000777|M07710_2.00	1.0	0.8996	1230.0	3581.0	9429.3	27552.0	0.008201961368456627	FALSE	patient	TCGA-49-AARO	TCGA-49-AARO
ZNF540	CIS-BP2.00|000701|M07634_2.00	1.0	1.0	748.0	3581.0	5914.4	27552.0	-0.04936283962825949	FALSE	patient	TCGA-49-AARO	TCGA-49-AARO
E2F5	CIS-BP2.00|000940|M08109_2.00	1.0	1.0	3063.0	3581.0	23668.8	27552.0	-0.04474841516452607	FALSE	patient	TCGA-49-AARO	TCGA-49-AARO
ZNF254	CIS-BP2.00|000827|M07760_2.00	1.0	1.0	529.0	3581.0	4540.6	27552.0	-0.18602231182843773	FALSE	patient	TCGA-49-AARO	TCGA-49-AARO
FOXD2	JASPAR2024|000361|MA0847.4	1e-05	0.0002	1437.0	3584.0	10072.4	27535.0	0.21473441274749913	FALSE	patient	TCGA-4B-A93V	TCGA-4B-A93V
XBP1	JASPAR2024|000675|MA0844.2	0.001	0.0015	1727.0	3584.0	12433.2	27535.0	0.17583610581881395	FALSE	patient	TCGA-4B-A93V	TCGA-4B-A93V
CEBPB	JASPAR2024|000235|MA0466.4	0.001	0.0015	277.0	3584.0	1719.1	27535.0	0.332961435791596	FALSE	patient	TCGA-4B-A93V	TCGA-4B-A93V
NFATC4	JASPAR2024|000506|MA1525.3	0.01	0.0109	2554.0	3584.0	19010.1	27535.0	0.15273179486482916	FALSE	patient	TCGA-4B-A93V	TCGA-4B-A93V
CREB3L2	JASPAR2024|000025|MA0608.1	0.1	0.0445	1856.0	3584.0	13724.7	27535.0	0.11203443074616289	FALSE	patient	TCGA-4B-A93V	TCGA-4B-A93V
FOXA1	JASPAR2024|000356|MA0148.5	0.1	0.3061	2910.0	3584.0	22103.9	27535.0	0.08449223890606193	FALSE	patient	TCGA-4B-A93V	TCGA-4B-A93V
ELF3	JASPAR2024|000276|MA0640.3	1.0	0.7452	3572.0	3584.0	27415.8	27535.0	0.3193951851192144	FALSE	patient	TCGA-4B-A93V	TCGA-4B-A93V
ZBTB18	JASPAR2024|000681|MA0698.2	1.0	0.7452	2079.0	3584.0	15821.5	27535.0	0.032295799445479625	FALSE	patient	TCGA-4B-A93V	TCGA-4B-A93V
FOXA2	JASPAR2024|000357|MA0047.4	1.0	0.7452	2809.0	3584.0	21481.7	27535.0	0.029885884713378802	FALSE	patient	TCGA-4B-A93V	TCGA-4B-A93V
ETV1	JASPAR2024|000311|MA0761.3	1.0	0.8837	3559.0	3584.0	27327.5	27535.0	0.08738100246421028	FALSE	patient	TCGA-4B-A93V	TCGA-4B-A93V
FOXA3	JASPAR2024|000358|MA1683.2	1.0	0.8837	3173.0	3584.0	24343.3	27535.0	0.016179068783737593	FALSE	patient	TCGA-4B-A93V	TCGA-4B-A93V
CEBPA	JASPAR2024|000234|MA0102.5	1.0	0.8883	2589.0	3584.0	19888.8	27535.0	9.701532536674986e-05	FALSE	patient	TCGA-4B-A93V	TCGA-4B-A93V
NR3C2	JASPAR2024|000539|MA0727.2	1.0	0.8883	242.0	3584.0	1862.2	27535.0	-6.940128010370765e-05	FALSE	patient	TCGA-4B-A93V	TCGA-4B-A93V
HNF4A	JASPAR2024|000410|MA0114.5	1.0	0.8883	3444.0	3584.0	26459.4	27535.0	-0.004271010529285716	FALSE	patient	TCGA-4B-A93V	TCGA-4B-A93V
ZNF75D	JASPAR2024|000169|MA1601.2	1.0	0.8883	2490.0	3584.0	19164.6	27535.0	-0.008863421338666187	FALSE	patient	TCGA-4B-A93V	TCGA-4B-A93V
NKX2-1	JASPAR2024|000822|MA1994.2	1.0	0.8883	3410.0	3584.0	26235.8	27535.0	-0.0466293954369467	FALSE	patient	TCGA-4B-A93V	TCGA-4B-A93V
HNF4A	JASPAR2024|000409|MA1494.2	1.0	0.9714	390.0	3584.0	3108.1	27535.0	-0.05803226627228391	FALSE	patient	TCGA-4B-A93V	TCGA-4B-A93V
ZNF341	JASPAR2024|000712|MA1655.2	1.0	1.0	3580.0	3584.0	27512.8	27535.0	-0.6072008265341549	FALSE	patient	TCGA-4B-A93V	TCGA-4B-A93V
GATA6	JASPAR2024|000382|MA1104.3	1.0	1.0	2921.0	3584.0	22662.9	27535.0	-0.07905969504804265	FALSE	patient	TCGA-4B-A93V	TCGA-4B-A93V
ETV1	JASPAR2024|000652|MA1966.2	1.0	1.0	3448.0	3584.0	26623.6	27535.0	-0.20871721114218988	FALSE	patient	TCGA-4B-A93V	TCGA-4B-A93V
ZNF281	JASPAR2024|000706|MA1630.3	1.0	1.0	2900.0	3584.0	22604.8	27535.0	-0.11361750907290166	FALSE	patient	TCGA-4B-A93V	TCGA-4B-A93V
ZNF444	CIS-BP2.00|000420|M04529_2.00	0.0001	0.0006	1388.0	3584.0	9816.8	27536.0	0.19027664912101386	FALSE	patient	TCGA-4B-A93V	TCGA-4B-A93V
ZNF19	CIS-BP2.00|000670|M07603_2.00	0.1	0.1228	3572.0	3584.0	27385.5	27536.0	0.6561159046353235	FALSE	patient	TCGA-4B-A93V	TCGA-4B-A93V
ZNF540	CIS-BP2.00|000701|M07634_2.00	1.0	0.7329	772.0	3584.0	5863.8	27536.0	0.02160182395339142	FALSE	patient	TCGA-4B-A93V	TCGA-4B-A93V
ZNF33A	CIS-BP2.00|000762|M07695_2.00	1.0	0.8758	3269.0	3584.0	25098.3	27536.0	0.009628100822192266	FALSE	patient	TCGA-4B-A93V	TCGA-4B-A93V
ZNF141	CIS-BP2.00|000653|M07586_2.00	1.0	1.0	2557.0	3584.0	19824.1	27536.0	-0.04644412764990806	FALSE	patient	TCGA-4B-A93V	TCGA-4B-A93V
E2F5	CIS-BP2.00|000940|M08109_2.00	1.0	1.0	3041.0	3584.0	23647.8	27536.0	-0.11994556760069074	FALSE	patient	TCGA-4B-A93V	TCGA-4B-A93V
ZNF33B	CIS-BP2.00|000777|M07710_2.00	1.0	1.0	1169.0	3584.0	9419.1	27536.0	-0.1027917624848634	FALSE	patient	TCGA-4B-A93V	TCGA-4B-A93V
ZNF254	CIS-BP2.00|000827|M07760_2.00	1.0	1.0	534.0	3584.0	4553.2	27536.0	-0.17730907323677486	FALSE	patient	TCGA-4B-A93V	TCGA-4B-A93V
CEBPB	JASPAR2024|000235|MA0466.4	1e-06	0.0	296.0	3584.0	1719.5	27556.0	0.43763243432532944	TRUE	patient	TCGA-73-A9RS	TCGA-73-A9RS
FOXD2	JASPAR2024|000361|MA0847.4	0.0001	0.0005	1422.0	3584.0	10062.4	27556.0	0.19355083404590104	FALSE	patient	TCGA-73-A9RS	TCGA-73-A9RS
CREB3L2	JASPAR2024|000025|MA0608.1	0.01	0.031	1859.0	3584.0	13688.4	27556.0	0.12666389834674005	FALSE	patient	TCGA-73-A9RS	TCGA-73-A9RS
NFATC4	JASPAR2024|000506|MA1525.3	0.1	0.3622	2538.0	3584.0	19198.7	27556.0	0.07855289193873399	FALSE	patient	TCGA-73-A9RS	TCGA-73-A9RS
ZNF341	JASPAR2024|000712|MA1655.2	0.1	0.3622	3584.0	3584.0	27538.5	27556.0	2.228292625670853	FALSE	patient	TCGA-73-A9RS	TCGA-73-A9RS
ZBTB18	JASPAR2024|000681|MA0698.2	0.1	0.3622	2087.0	3584.0	15735.7	27556.0	0.06646067226979403	FALSE	patient	TCGA-73-A9RS	TCGA-73-A9RS
ZNF75D	JASPAR2024|000169|MA1601.2	0.1	0.3622	2529.0	3584.0	19168.7	27556.0	0.06849989818981585	FALSE	patient	TCGA-73-A9RS	TCGA-73-A9RS
XBP1	JASPAR2024|000675|MA0844.2	1.0	0.3622	1655.0	3584.0	12440.9	27556.0	0.05992937591466347	FALSE	patient	TCGA-73-A9RS	TCGA-73-A9RS
NR3C2	JASPAR2024|000539|MA0727.2	1.0	0.3622	261.0	3584.0	1864.4	27556.0	0.11633413736616609	FALSE	patient	TCGA-73-A9RS	TCGA-73-A9RS
FOXA3	JASPAR2024|000358|MA1683.2	1.0	0.7598	3176.0	3584.0	24364.1	27556.0	0.026956832230104966	FALSE	patient	TCGA-73-A9RS	TCGA-73-A9RS
ETV1	JASPAR2024|000652|MA1966.2	1.0	0.8894	3468.0	3584.0	26655.0	27556.0	0.009948082266970274	FALSE	patient	TCGA-73-A9RS	TCGA-73-A9RS
FOXA1	JASPAR2024|000356|MA0148.5	1.0	1.0	2872.0	3584.0	22123.5	27556.0	-0.014446321450591916	FALSE	patient	TCGA-73-A9RS	TCGA-73-A9RS
HNF4A	JASPAR2024|000409|MA1494.2	1.0	1.0	398.0	3584.0	3107.7	27556.0	-0.023708618490446434	FALSE	patient	TCGA-73-A9RS	TCGA-73-A9RS
CEBPA	JASPAR2024|000234|MA0102.5	1.0	1.0	2572.0	3584.0	19849.6	27556.0	-0.01967452954366104	FALSE	patient	TCGA-73-A9RS	TCGA-73-A9RS
FOXA2	JASPAR2024|000357|MA0047.4	1.0	1.0	2780.0	3584.0	21470.8	27556.0	-0.02973441030300183	FALSE	patient	TCGA-73-A9RS	TCGA-73-A9RS
ZNF281	JASPAR2024|000706|MA1630.3	1.0	1.0	2928.0	3584.0	22602.1	27556.0	-0.0324115023624515	FALSE	patient	TCGA-73-A9RS	TCGA-73-A9RS
HNF4A	JASPAR2024|000410|MA0114.5	1.0	1.0	3437.0	3584.0	26472.0	27556.0	-0.06681963389840657	FALSE	patient	TCGA-73-A9RS	TCGA-73-A9RS
ELF3	JASPAR2024|000276|MA0640.3	1.0	1.0	3568.0	3584.0	27454.4	27556.0	-0.3142290422813137	FALSE	patient	TCGA-73-A9RS	TCGA-73-A9RS
NKX2-1	JASPAR2024|000822|MA1994.2	1.0	1.0	3397.0	3584.0	26220.9	27556.0	-0.11567376137722163	FALSE	patient	TCGA-73-A9RS	TCGA-73-A9RS
ETV1	JASPAR2024|000311|MA0761.3	1.0	1.0	3553.0	3584.0	27363.7	27556.0	-0.3312957573164179	FALSE	patient	TCGA-73-A9RS	TCGA-73-A9RS
GATA6	JASPAR2024|000382|MA1104.3	1.0	1.0	2916.0	3584.0	22656.7	27556.0	-0.08393620609495162	FALSE	patient	TCGA-73-A9RS	TCGA-73-A9RS
ZNF444	CIS-BP2.00|000420|M04529_2.00	0.001	0.0016	1379.0	3582.0	9809.9	27517.0	0.17633338386395417	FALSE	patient	TCGA-73-A9RS	TCGA-73-A9RS
ZNF141	CIS-BP2.00|000653|M07586_2.00	0.1	0.0911	2624.0	3582.0	19789.9	27517.0	0.09648381206756537	FALSE	patient	TCGA-73-A9RS	TCGA-73-A9RS
ZNF19	CIS-BP2.00|000670|M07603_2.00	0.1	0.1289	3573.0	3582.0	27418.9	27517.0	0.43580091948043215	FALSE	patient	TCGA-73-A9RS	TCGA-73-A9RS
ZNF33A	CIS-BP2.00|000762|M07695_2.00	1.0	0.3359	3271.0	3582.0	25026.4	27517.0	0.06402344397601147	FALSE	patient	TCGA-73-A9RS	TCGA-73-A9RS
ZNF33B	CIS-BP2.00|000777|M07710_2.00	1.0	1.0	1212.0	3582.0	9460.7	27517.0	-0.034759485408240136	FALSE	patient	TCGA-73-A9RS	TCGA-73-A9RS
ZNF540	CIS-BP2.00|000701|M07634_2.00	1.0	1.0	753.0	3582.0	5915.6	27517.0	-0.04042785361626472	FALSE	patient	TCGA-73-A9RS	TCGA-73-A9RS
E2F5	CIS-BP2.00|000940|M08109_2.00	1.0	1.0	3053.0	3582.0	23733.2	27517.0	-0.12107740544826186	FALSE	patient	TCGA-73-A9RS	TCGA-73-A9RS
ZNF254	CIS-BP2.00|000827|M07760_2.00	1.0	1.0	549.0	3582.0	4548.7	27517.0	-0.12880120714509463	FALSE	patient	TCGA-73-A9RS	TCGA-73-A9RS
NFATC4	JASPAR2024|000506|MA1525.3	1e-05	0.0	2613.0	3584.0	19078.2	27490.0	0.246306592797779	TRUE	patient	TCGA-86-A4D0	TCGA-86-A4D0
CREB3L2	JASPAR2024|000025|MA0608.1	0.01	0.0371	1858.0	3584.0	13628.2	27490.0	0.1308070454497831	FALSE	patient	TCGA-86-A4D0	TCGA-86-A4D0
CEBPA	JASPAR2024|000234|MA0102.5	0.01	0.0371	2657.0	3584.0	19836.1	27490.0	0.14484693617908131	FALSE	patient	TCGA-86-A4D0	TCGA-86-A4D0
FOXD2	JASPAR2024|000361|MA0847.4	0.1	0.0592	1378.0	3584.0	10059.7	27490.0	0.11431931794981019	FALSE	patient	TCGA-86-A4D0	TCGA-86-A4D0
ETV1	JASPAR2024|000311|MA0761.3	0.1	0.0745	3568.0	3584.0	27283.5	27490.0	0.7144273480205258	FALSE	patient	TCGA-86-A4D0	TCGA-86-A4D0
XBP1	JASPAR2024|000675|MA0844.2	0.1	0.0745	1673.0	3584.0	12353.7	27490.0	0.10122200347468643	FALSE	patient	TCGA-86-A4D0	TCGA-86-A4D0
ELF3	JASPAR2024|000276|MA0640.3	0.1	0.0745	3577.0	3584.0	27376.8	27490.0	0.9862413481048734	FALSE	patient	TCGA-86-A4D0	TCGA-86-A4D0
HNF4A	JASPAR2024|000410|MA0114.5	0.1	0.124	3462.0	3584.0	26401.4	27490.0	0.22152699261753597	FALSE	patient	TCGA-86-A4D0	TCGA-86-A4D0
NKX2-1	JASPAR2024|000822|MA1994.2	0.1	0.1451	3430.0	3584.0	26153.4	27490.0	0.1828933017647658	FALSE	patient	TCGA-86-A4D0	TCGA-86-A4D0
ZNF75D	JASPAR2024|000169|MA1601.2	1.0	0.2141	2516.0	3584.0	19024.4	27490.0	0.06771225399750896	FALSE	patient	TCGA-86-A4D0	TCGA-86-A4D0
CEBPB	JASPAR2024|000235|MA0466.4	1.0	0.2237	248.0	3584.0	1764.1	27490.0	0.11881874687657679	FALSE	patient	TCGA-86-A4D0	TCGA-86-A4D0
NR3C2	JASPAR2024|000539|MA0727.2	1.0	0.2237	259.0	3584.0	1850.7	27490.0	0.11208750654004473	FALSE	patient	TCGA-86-A4D0	TCGA-86-A4D0
ZBTB18	JASPAR2024|000681|MA0698.2	1.0	0.4238	2066.0	3584.0	15697.3	27490.0	0.031935307705145084	FALSE	patient	TCGA-86-A4D0	TCGA-86-A4D0
HNF4A	JASPAR2024|000409|MA1494.2	1.0	0.5848	410.0	3584.0	3101.7	27490.0	0.02377991869719467	FALSE	patient	TCGA-86-A4D0	TCGA-86-A4D0
ETV1	JASPAR2024|000652|MA1966.2	1.0	0.6728	3469.0	3584.0	26597.6	27490.0	0.01208223807091341	FALSE	patient	TCGA-86-A4D0	TCGA-86-A4D0
FOXA2	JASPAR2024|000357|MA0047.4	1.0	0.9181	2777.0	3584.0	21394.8	27490.0	-0.029177354122642576	FALSE	patient	TCGA-86-A4D0	TCGA-86-A4D0
ZNF341	JASPAR2024|000712|MA1655.2	1.0	0.9419	3581.0	3584.0	27469.1	27490.0	-0.32701608606924726	FALSE	patient	TCGA-86-A4D0	TCGA-86-A4D0
FOXA3	JASPAR2024|000358|MA1683.2	1.0	0.9419	3154.0	3584.0	24291.1	27490.0	-0.051258030619493695	FALSE	patient	TCGA-86-A4D0	TCGA-86-A4D0
FOXA1	JASPAR2024|000356|MA0148.5	1.0	0.9419	2855.0	3584.0	22055.9	27490.0	-0.052188076754183195	FALSE	patient	TCGA-86-A4D0	TCGA-86-A4D0
GATA6	JASPAR2024|000382|MA1104.3	1.0	0.9419	2910.0	3584.0	22515.2	27490.0	-0.06869923679405145	FALSE	patient	TCGA-86-A4D0	TCGA-86-A4D0
ZNF281	JASPAR2024|000706|MA1630.3	1.0	0.9854	2881.0	3584.0	22482.3	27490.0	-0.13225994648111822	FALSE	patient	TCGA-86-A4D0	TCGA-86-A4D0
ZNF444	CIS-BP2.00|000420|M04529_2.00	0.01	0.0274	1331.0	3582.0	9642.3	27478.0	0.12945020210436461	FALSE	patient	TCGA-86-A4D0	TCGA-86-A4D0
ZNF19	CIS-BP2.00|000670|M07603_2.00	0.1	0.0537	3574.0	3582.0	27339.1	27478.0	1.1004451317653432	FALSE	patient	TCGA-86-A4D0	TCGA-86-A4D0
ZNF33A	CIS-BP2.00|000762|M07695_2.00	0.1	0.1157	3289.0	3582.0	24993.5	27478.0	0.1561718546636139	FALSE	patient	TCGA-86-A4D0	TCGA-86-A4D0
ZNF141	CIS-BP2.00|000653|M07586_2.00	1.0	0.2282	2608.0	3582.0	19750.8	27478.0	0.0666497233570582	FALSE	patient	TCGA-86-A4D0	TCGA-86-A4D0
ZNF33B	CIS-BP2.00|000777|M07710_2.00	1.0	0.691	1228.0	3582.0	9359.2	27478.0	0.014470162163497755	FALSE	patient	TCGA-86-A4D0	TCGA-86-A4D0
ZNF540	CIS-BP2.00|000701|M07634_2.00	1.0	0.691	773.0	3582.0	5878.5	27478.0	0.016548425864768193	FALSE	patient	TCGA-86-A4D0	TCGA-86-A4D0
E2F5	CIS-BP2.00|000940|M08109_2.00	1.0	1.0	3029.0	3582.0	23663.3	27478.0	-0.1804266879322005	FALSE	patient	TCGA-86-A4D0	TCGA-86-A4D0
ZNF254	CIS-BP2.00|000827|M07760_2.00	1.0	1.0	519.0	3582.0	4538.0	27478.0	-0.22237582360678473	FALSE	patient	TCGA-86-A4D0	TCGA-86-A4D0
NFATC4	JASPAR2024|000506|MA1525.3	0.0001	0.0006	2607.0	3584.0	19171.2	27517.0	0.2157290583304121	FALSE	patient	TCGA-86-A4P7	TCGA-86-A4P7
FOXA1	JASPAR2024|000356|MA0148.5	0.01	0.0115	2951.0	3584.0	22101.6	27517.0	0.19112137166501952	FALSE	patient	TCGA-86-A4P7	TCGA-86-A4P7
FOXD2	JASPAR2024|000361|MA0847.4	0.01	0.0115	1403.0	3584.0	10097.6	27517.0	0.15036106284824047	FALSE	patient	TCGA-86-A4P7	TCGA-86-A4P7
XBP1	JASPAR2024|000675|MA0844.2	0.01	0.0115	1701.0	3584.0	12399.6	27517.0	0.13929711414653195	FALSE	patient	TCGA-86-A4P7	TCGA-86-A4P7
CEBPB	JASPAR2024|000235|MA0466.4	0.01	0.0156	267.0	3584.0	1740.1	27517.0	0.25596448024701607	FALSE	patient	TCGA-86-A4P7	TCGA-86-A4P7
FOXA3	JASPAR2024|000358|MA1683.2	0.01	0.0169	3218.0	3584.0	24329.3	27517.0	0.20259294398693198	FALSE	patient	TCGA-86-A4P7	TCGA-86-A4P7
ZNF75D	JASPAR2024|000169|MA1601.2	0.1	0.031	2555.0	3584.0	19126.7	27517.0	0.1229163385438202	FALSE	patient	TCGA-86-A4P7	TCGA-86-A4P7
FOXA2	JASPAR2024|000357|MA0047.4	0.1	0.0462	2845.0	3584.0	21441.6	27517.0	0.12478395000774987	FALSE	patient	TCGA-86-A4P7	TCGA-86-A4P7
ELF3	JASPAR2024|000276|MA0640.3	0.1	0.1004	3576.0	3584.0	27405.3	27517.0	0.7846051222396357	FALSE	patient	TCGA-86-A4P7	TCGA-86-A4P7
NR3C2	JASPAR2024|000539|MA0727.2	0.1	0.1283	264.0	3584.0	1844.1	27517.0	0.14883358951005185	FALSE	patient	TCGA-86-A4P7	TCGA-86-A4P7
ZNF341	JASPAR2024|000712|MA1655.2	0.1	0.141	3584.0	3584.0	27498.1	27517.0	2.3384703741346424	FALSE	patient	TCGA-86-A4P7	TCGA-86-A4P7
CREB3L2	JASPAR2024|000025|MA0608.1	0.1	0.1672	1819.0	3584.0	13662.0	27517.0	0.06370250812256638	FALSE	patient	TCGA-86-A4P7	TCGA-86-A4P7
ETV1	JASPAR2024|000311|MA0761.3	1.0	0.3513	3562.0	3584.0	27314.2	27517.0	0.23689765004174318	FALSE	patient	TCGA-86-A4P7	TCGA-86-A4P7
GATA6	JASPAR2024|000382|MA1104.3	1.0	0.5956	2952.0	3584.0	22615.9	27517.0	0.01675503182646187	FALSE	patient	TCGA-86-A4P7	TCGA-86-A4P7
NKX2-1	JASPAR2024|000822|MA1994.2	1.0	0.5956	3412.0	3584.0	26169.8	27517.0	0.02680160772721909	FALSE	patient	TCGA-86-A4P7	TCGA-86-A4P7
CEBPA	JASPAR2024|000234|MA0102.5	1.0	0.6005	2589.0	3584.0	19852.5	27517.0	0.006181003960904411	FALSE	patient	TCGA-86-A4P7	TCGA-86-A4P7
ZNF281	JASPAR2024|000706|MA1630.3	1.0	0.6102	2937.0	3584.0	22543.3	27517.0	0.0014424569413156586	FALSE	patient	TCGA-86-A4P7	TCGA-86-A4P7
ETV1	JASPAR2024|000652|MA1966.2	1.0	0.653	3464.0	3584.0	26604.6	27517.0	-0.019560076687703497	FALSE	patient	TCGA-86-A4P7	TCGA-86-A4P7
ZBTB18	JASPAR2024|000681|MA0698.2	1.0	0.7213	2023.0	3584.0	15618.7	27517.0	-0.01858419796337862	FALSE	patient	TCGA-86-A4P7	TCGA-86-A4P7
HNF4A	JASPAR2024|000409|MA1494.2	1.0	0.8368	389.0	3584.0	3104.3	27517.0	-0.061257286210060075	FALSE	patient	TCGA-86-A4P7	TCGA-86-A4P7
HNF4A	JASPAR2024|000410|MA0114.5	1.0	0.9906	3413.0	3584.0	26418.6	27517.0	-0.2724780378333202	FALSE	patient	TCGA-86-A4P7	TCGA-86-A4P7
ZNF444	CIS-BP2.00|000420|M04529_2.00	0.01	0.0084	1362.0	3584.0	9803.5	27517.0	0.14752044549652665	FALSE	patient	TCGA-86-A4P7	TCGA-86-A4P7
ZNF33A	CIS-BP2.00|000762|M07695_2.00	1.0	0.3556	3273.0	3584.0	24989.7	27517.0	0.08812168985390294	FALSE	patient	TCGA-86-A4P7	TCGA-86-A4P7
E2F5	CIS-BP2.00|000940|M08109_2.00	1.0	0.9013	3092.0	3584.0	23716.6	27517.0	0.009063324019617592	FALSE	patient	TCGA-86-A4P7	TCGA-86-A4P7
ZNF540	CIS-BP2.00|000701|M07634_2.00	1.0	0.9401	769.0	3584.0	5906.8	27517.0	-0.00022290106932108204	FALSE	patient	TCGA-86-A4P7	TCGA-86-A4P7
ZNF33B	CIS-BP2.00|000777|M07710_2.00	1.0	0.9551	1223.0	3584.0	9456.6	27517.0	-0.015289405009186015	FALSE	patient	TCGA-86-A4P7	TCGA-86-A4P7
ZNF19	CIS-BP2.00|000670|M07603_2.00	1.0	0.9551	3564.0	3584.0	27372.7	27517.0	-0.12062668580692652	FALSE	patient	TCGA-86-A4P7	TCGA-86-A4P7
ZNF141	CIS-BP2.00|000653|M07586_2.00	1.0	0.9551	2554.0	3584.0	19754.9	27517.0	-0.03793877313469003	FALSE	patient	TCGA-86-A4P7	TCGA-86-A4P7
ZNF254	CIS-BP2.00|000827|M07760_2.00	1.0	0.9918	535.0	3584.0	4508.0	27517.0	-0.15810402862717754	FALSE	patient	TCGA-86-A4P7	TCGA-86-A4P7
CEBPB	JASPAR2024|000235|MA0466.4	1e-08	0.0	308.0	3586.0	1704.2	27621.0	0.5166321538946804	TRUE	patient	TCGA-86-A4P8	TCGA-86-A4P8
XBP1	JASPAR2024|000675|MA0844.2	0.1	0.21	1674.0	3586.0	12422.0	27621.0	0.09933895216590274	FALSE	patient	TCGA-86-A4P8	TCGA-86-A4P8
NFATC4	JASPAR2024|000506|MA1525.3	0.1	0.2598	2541.0	3586.0	19194.8	27621.0	0.093773730514186	FALSE	patient	TCGA-86-A4P8	TCGA-86-A4P8
ELF3	JASPAR2024|000276|MA0640.3	0.1	0.3209	3576.0	3586.0	27503.7	27621.0	0.5448467121103905	FALSE	patient	TCGA-86-A4P8	TCGA-86-A4P8
CREB3L2	JASPAR2024|000025|MA0608.1	1.0	0.4562	1816.0	3586.0	13702.3	27621.0	0.05961009688133434	FALSE	patient	TCGA-86-A4P8	TCGA-86-A4P8
FOXD2	JASPAR2024|000361|MA0847.4	1.0	0.4562	1333.0	3586.0	10011.6	27621.0	0.05769248577959013	FALSE	patient	TCGA-86-A4P8	TCGA-86-A4P8
ZNF75D	JASPAR2024|000169|MA1601.2	1.0	0.6516	2521.0	3586.0	19252.4	27621.0	0.04082025271388371	FALSE	patient	TCGA-86-A4P8	TCGA-86-A4P8
ETV1	JASPAR2024|000311|MA0761.3	1.0	0.686	3562.0	3586.0	27412.5	27621.0	0.1487509860371393	FALSE	patient	TCGA-86-A4P8	TCGA-86-A4P8
NKX2-1	JASPAR2024|000822|MA1994.2	1.0	0.7875	3418.0	3586.0	26286.6	27621.0	0.042991512511738564	FALSE	patient	TCGA-86-A4P8	TCGA-86-A4P8
FOXA3	JASPAR2024|000358|MA1683.2	1.0	0.7875	3169.0	3586.0	24357.4	27621.0	0.024774569634363836	FALSE	patient	TCGA-86-A4P8	TCGA-86-A4P8
CEBPA	JASPAR2024|000234|MA0102.5	1.0	0.7875	2589.0	3586.0	19872.8	27621.0	0.017479551974446502	FALSE	patient	TCGA-86-A4P8	TCGA-86-A4P8
HNF4A	JASPAR2024|000410|MA0114.5	1.0	0.7875	3445.0	3586.0	26511.7	27621.0	0.02755462151440828	FALSE	patient	TCGA-86-A4P8	TCGA-86-A4P8
ZNF341	JASPAR2024|000712|MA1655.2	1.0	0.7875	3582.0	3586.0	27590.0	27621.0	-0.13777807004926124	FALSE	patient	TCGA-86-A4P8	TCGA-86-A4P8
NR3C2	JASPAR2024|000539|MA0727.2	1.0	0.8646	238.0	3586.0	1853.8	27621.0	-0.014836603317889373	FALSE	patient	TCGA-86-A4P8	TCGA-86-A4P8
FOXA2	JASPAR2024|000357|MA0047.4	1.0	0.8908	2778.0	3586.0	21464.8	27621.0	-0.020790598024571064	FALSE	patient	TCGA-86-A4P8	TCGA-86-A4P8
ETV1	JASPAR2024|000652|MA1966.2	1.0	0.8908	3463.0	3586.0	26704.9	27621.0	-0.05504767058227459	FALSE	patient	TCGA-86-A4P8	TCGA-86-A4P8
ZBTB18	JASPAR2024|000681|MA0698.2	1.0	0.8908	2021.0	3586.0	15664.1	27621.0	-0.020801509335378335	FALSE	patient	TCGA-86-A4P8	TCGA-86-A4P8
HNF4A	JASPAR2024|000409|MA1494.2	1.0	0.8908	393.0	3586.0	3115.5	27621.0	-0.045335029134862564	FALSE	patient	TCGA-86-A4P8	TCGA-86-A4P8
FOXA1	JASPAR2024|000356|MA0148.5	1.0	0.8908	2849.0	3586.0	22098.4	27621.0	-0.050430567405736204	FALSE	patient	TCGA-86-A4P8	TCGA-86-A4P8
GATA6	JASPAR2024|000382|MA1104.3	1.0	0.8908	2925.0	3586.0	22710.9	27621.0	-0.06457526874193081	FALSE	patient	TCGA-86-A4P8	TCGA-86-A4P8
ZNF281	JASPAR2024|000706|MA1630.3	1.0	0.9792	2901.0	3586.0	22707.3	27621.0	-0.12658910303915547	FALSE	patient	TCGA-86-A4P8	TCGA-86-A4P8
ZNF444	CIS-BP2.00|000420|M04529_2.00	0.0001	0.0005	1401.0	3584.0	9926.7	27615.0	0.19370662956213489	FALSE	patient	TCGA-86-A4P8	TCGA-86-A4P8
ZNF19	CIS-BP2.00|000670|M07603_2.00	0.1	0.1984	3573.0	3584.0	27472.5	27615.0	0.6937046155026397	FALSE	patient	TCGA-86-A4P8	TCGA-86-A4P8
ZNF141	CIS-BP2.00|000653|M07586_2.00	0.1	0.2253	2617.0	3584.0	19864.9	27615.0	0.07797803136006703	FALSE	patient	TCGA-86-A4P8	TCGA-86-A4P8
ZNF33A	CIS-BP2.00|000762|M07695_2.00	1.0	0.4103	3274.0	3584.0	25102.2	27615.0	0.07842170523055858	FALSE	patient	TCGA-86-A4P8	TCGA-86-A4P8
ZNF33B	CIS-BP2.00|000777|M07710_2.00	1.0	0.7911	1234.0	3584.0	9496.9	27615.0	0.0028261188606679656	FALSE	patient	TCGA-86-A4P8	TCGA-86-A4P8
E2F5	CIS-BP2.00|000940|M08109_2.00	1.0	1.0	3072.0	3584.0	23807.3	27615.0	-0.060464057659350916	FALSE	patient	TCGA-86-A4P8	TCGA-86-A4P8
ZNF540	CIS-BP2.00|000701|M07634_2.00	1.0	1.0	738.0	3584.0	5863.6	27615.0	-0.055359460587377396	FALSE	patient	TCGA-86-A4P8	TCGA-86-A4P8
ZNF254	CIS-BP2.00|000827|M07760_2.00	1.0	1.0	531.0	3584.0	4573.4	27615.0	-0.18954677118779212	FALSE	patient	TCGA-86-A4P8	TCGA-86-A4P8
CEBPB	JASPAR2024|000235|MA0466.4	1e-06	0.0	295.0	3584.0	1700.5	27472.0	0.44471117654082876	TRUE	patient	TCGA-91-A4BC	TCGA-91-A4BC
CREB3L2	JASPAR2024|000025|MA0608.1	0.0001	0.0006	1908.0	3584.0	13741.0	27472.0	0.18593643945016247	FALSE	patient	TCGA-91-A4BC	TCGA-91-A4BC
ELF3	JASPAR2024|000276|MA0640.3	0.001	0.004	3580.0	3584.0	27353.5	27472.0	1.7913739190826428	FALSE	patient	TCGA-91-A4BC	TCGA-91-A4BC
XBP1	JASPAR2024|000675|MA0844.2	0.001	0.004	1721.0	3584.0	12461.5	27472.0	0.15413582917406723	FALSE	patient	TCGA-91-A4BC	TCGA-91-A4BC
FOXD2	JASPAR2024|000361|MA0847.4	0.01	0.0161	1377.0	3584.0	9961.5	27472.0	0.1333930388534995	FALSE	patient	TCGA-91-A4BC	TCGA-91-A4BC
ETV1	JASPAR2024|000311|MA0761.3	0.1	0.0365	3569.0	3584.0	27268.5	27472.0	0.7847611434970367	FALSE	patient	TCGA-91-A4BC	TCGA-91-A4BC
NR3C2	JASPAR2024|000539|MA0727.2	0.1	0.103	271.0	3584.0	1861.6	27472.0	0.17242367884982704	FALSE	patient	TCGA-91-A4BC	TCGA-91-A4BC
NFATC4	JASPAR2024|000506|MA1525.3	0.1	0.1859	2526.0	3584.0	19048.3	27472.0	0.07803038727065933	FALSE	patient	TCGA-91-A4BC	TCGA-91-A4BC
FOXA2	JASPAR2024|000357|MA0047.4	1.0	0.3767	2820.0	3584.0	21424.5	27472.0	0.05859737057790637	FALSE	patient	TCGA-91-A4BC	TCGA-91-A4BC
HNF4A	JASPAR2024|000409|MA1494.2	1.0	0.4701	417.0	3584.0	3083.1	27472.0	0.060070212127596605	FALSE	patient	TCGA-91-A4BC	TCGA-91-A4BC
FOXA1	JASPAR2024|000356|MA0148.5	1.0	0.6215	2888.0	3584.0	22050.8	27472.0	0.028078718179157514	FALSE	patient	TCGA-91-A4BC	TCGA-91-A4BC
ZNF75D	JASPAR2024|000169|MA1601.2	1.0	0.6215	2509.0	3584.0	19139.4	27472.0	0.02273432726335919	FALSE	patient	TCGA-91-A4BC	TCGA-91-A4BC
FOXA3	JASPAR2024|000358|MA1683.2	1.0	0.6215	3176.0	3584.0	24285.9	27472.0	0.02897122249580702	FALSE	patient	TCGA-91-A4BC	TCGA-91-A4BC
CEBPA	JASPAR2024|000234|MA0102.5	1.0	0.6715	2588.0	3584.0	19806.6	27472.0	0.007684024138970152	FALSE	patient	TCGA-91-A4BC	TCGA-91-A4BC
NKX2-1	JASPAR2024|000822|MA1994.2	1.0	0.6715	3416.0	3584.0	26172.0	27472.0	0.010785197333665312	FALSE	patient	TCGA-91-A4BC	TCGA-91-A4BC
ETV1	JASPAR2024|000652|MA1966.2	1.0	0.7194	3467.0	3584.0	26580.3	27472.0	-0.013710346950555438	FALSE	patient	TCGA-91-A4BC	TCGA-91-A4BC
ZNF341	JASPAR2024|000712|MA1655.2	1.0	0.7194	3582.0	3584.0	27453.9	27472.0	-0.042696151429484144	FALSE	patient	TCGA-91-A4BC	TCGA-91-A4BC
GATA6	JASPAR2024|000382|MA1104.3	1.0	0.7249	2938.0	3584.0	22570.1	27472.0	-0.018527039902058638	FALSE	patient	TCGA-91-A4BC	TCGA-91-A4BC
HNF4A	JASPAR2024|000410|MA0114.5	1.0	0.834	3435.0	3584.0	26387.9	27472.0	-0.08236620473553799	FALSE	patient	TCGA-91-A4BC	TCGA-91-A4BC
ZBTB18	JASPAR2024|000681|MA0698.2	1.0	0.834	2041.0	3584.0	15805.3	27472.0	-0.03457160192305847	FALSE	patient	TCGA-91-A4BC	TCGA-91-A4BC
ZNF281	JASPAR2024|000706|MA1630.3	1.0	0.997	2871.0	3584.0	22493.9	27472.0	-0.16693464560715843	FALSE	patient	TCGA-91-A4BC	TCGA-91-A4BC
ZNF444	CIS-BP2.00|000420|M04529_2.00	0.0001	0.0003	1378.0	3587.0	9700.9	27451.0	0.19098226578870892	FALSE	patient	TCGA-91-A4BC	TCGA-91-A4BC
ZNF33B	CIS-BP2.00|000777|M07710_2.00	1.0	0.4042	1247.0	3587.0	9361.7	27451.0	0.04248001812482422	FALSE	patient	TCGA-91-A4BC	TCGA-91-A4BC
ZNF33A	CIS-BP2.00|000762|M07695_2.00	1.0	0.4158	3282.0	3587.0	25047.6	27451.0	0.04429834030290955	FALSE	patient	TCGA-91-A4BC	TCGA-91-A4BC
ZNF141	CIS-BP2.00|000653|M07586_2.00	1.0	0.4158	2599.0	3587.0	19760.6	27451.0	0.033482366887582056	FALSE	patient	TCGA-91-A4BC	TCGA-91-A4BC
ZNF19	CIS-BP2.00|000670|M07603_2.00	1.0	0.6075	3567.0	3587.0	27327.0	27451.0	-0.334918221652526	FALSE	patient	TCGA-91-A4BC	TCGA-91-A4BC
ZNF540	CIS-BP2.00|000701|M07634_2.00	1.0	0.7514	767.0	3587.0	5872.7	27451.0	-0.00031631461711502796	FALSE	patient	TCGA-91-A4BC	TCGA-91-A4BC
E2F5	CIS-BP2.00|000940|M08109_2.00	1.0	1.0	3055.0	3587.0	23632.9	27451.0	-0.1091564357669698	FALSE	patient	TCGA-91-A4BC	TCGA-91-A4BC
ZNF254	CIS-BP2.00|000827|M07760_2.00	1.0	1.0	543.0	3587.0	4552.7	27451.0	-0.15553411243590293	FALSE	patient	TCGA-91-A4BC	TCGA-91-A4BC
CEBPB	JASPAR2024|000235|MA0466.4	0.0001	0.0007	282.0	3583.0	1709.4	27571.0	0.3720566936653915	FALSE	patient	TCGA-91-A4BD	TCGA-91-A4BD
NFATC4	JASPAR2024|000506|MA1525.3	0.0001	0.0009	2599.0	3583.0	19211.8	27571.0	0.20026387757442182	FALSE	patient	TCGA-91-A4BD	TCGA-91-A4BD
XBP1	JASPAR2024|000675|MA0844.2	0.001	0.0009	1720.0	3583.0	12396.1	27571.0	0.1766031284959526	FALSE	patient	TCGA-91-A4BD	TCGA-91-A4BD
FOXD2	JASPAR2024|000361|MA0847.4	0.001	0.0017	1392.0	3583.0	9953.4	27571.0	0.16948319743436957	FALSE	patient	TCGA-91-A4BD	TCGA-91-A4BD
CEBPA	JASPAR2024|000234|MA0102.5	0.01	0.0311	2646.0	3583.0	19861.9	27571.0	0.13188301753946807	FALSE	patient	TCGA-91-A4BD	TCGA-91-A4BD
ETV1	JASPAR2024|000652|MA1966.2	1.0	0.5511	3479.0	3583.0	26692.0	27571.0	0.13369811434612033	FALSE	patient	TCGA-91-A4BD	TCGA-91-A4BD
ZNF75D	JASPAR2024|000169|MA1601.2	1.0	0.6115	2520.0	3583.0	19217.3	27571.0	0.043020318402254655	FALSE	patient	TCGA-91-A4BD	TCGA-91-A4BD
ELF3	JASPAR2024|000276|MA0640.3	1.0	0.6115	3573.0	3583.0	27473.1	27571.0	0.2856327148807004	FALSE	patient	TCGA-91-A4BD	TCGA-91-A4BD
ZBTB18	JASPAR2024|000681|MA0698.2	1.0	0.7665	2055.0	3583.0	15712.2	27571.0	0.021460568224178557	FALSE	patient	TCGA-91-A4BD	TCGA-91-A4BD
FOXA3	JASPAR2024|000358|MA1683.2	1.0	1.0	3164.0	3583.0	24347.1	27571.0	-0.0014420852241381315	FALSE	patient	TCGA-91-A4BD	TCGA-91-A4BD
ZNF341	JASPAR2024|000712|MA1655.2	1.0	1.0	3582.0	3583.0	27566.8	27571.0	-1.2962211079768526	FALSE	patient	TCGA-91-A4BD	TCGA-91-A4BD
ETV1	JASPAR2024|000311|MA0761.3	1.0	1.0	3557.0	3583.0	27384.2	27571.0	-0.12314777903975842	FALSE	patient	TCGA-91-A4BD	TCGA-91-A4BD
CREB3L2	JASPAR2024|000025|MA0608.1	1.0	1.0	1772.0	3583.0	13699.7	27571.0	-0.01344112917902483	FALSE	patient	TCGA-91-A4BD	TCGA-91-A4BD
ZNF281	JASPAR2024|000706|MA1630.3	1.0	1.0	2933.0	3583.0	22660.6	27571.0	-0.03315651270615032	FALSE	patient	TCGA-91-A4BD	TCGA-91-A4BD
HNF4A	JASPAR2024|000409|MA1494.2	1.0	1.0	390.0	3583.0	3122.1	27571.0	-0.06276461525756838	FALSE	patient	TCGA-91-A4BD	TCGA-91-A4BD
GATA6	JASPAR2024|000382|MA1104.3	1.0	1.0	2926.0	3583.0	22676.7	27571.0	-0.057807221558501265	FALSE	patient	TCGA-91-A4BD	TCGA-91-A4BD
NKX2-1	JASPAR2024|000822|MA1994.2	1.0	1.0	3400.0	3583.0	26259.3	27571.0	-0.11090147346139279	FALSE	patient	TCGA-91-A4BD	TCGA-91-A4BD
NR3C2	JASPAR2024|000539|MA0727.2	1.0	1.0	227.0	3583.0	1854.3	27571.0	-0.08962115336932278	FALSE	patient	TCGA-91-A4BD	TCGA-91-A4BD
FOXA2	JASPAR2024|000357|MA0047.4	1.0	1.0	2755.0	3583.0	21443.2	27571.0	-0.07325450359461583	FALSE	patient	TCGA-91-A4BD	TCGA-91-A4BD
FOXA1	JASPAR2024|000356|MA0148.5	1.0	1.0	2835.0	3583.0	22095.9	27571.0	-0.09119344169075312	FALSE	patient	TCGA-91-A4BD	TCGA-91-A4BD
HNF4A	JASPAR2024|000410|MA0114.5	1.0	1.0	3423.0	3583.0	26500.5	27571.0	-0.21418960480032634	FALSE	patient	TCGA-91-A4BD	TCGA-91-A4BD
ZNF444	CIS-BP2.00|000420|M04529_2.00	0.001	0.0011	1383.0	3587.0	9831.1	27573.0	0.17957421624599076	FALSE	patient	TCGA-91-A4BD	TCGA-91-A4BD
ZNF540	CIS-BP2.00|000701|M07634_2.00	1.0	0.4773	790.0	3587.0	5893.2	27573.0	0.05583842488649242	FALSE	patient	TCGA-91-A4BD	TCGA-91-A4BD
ZNF19	CIS-BP2.00|000670|M07603_2.00	1.0	0.6921	3569.0	3587.0	27446.3	27573.0	-0.16134255454320995	FALSE	patient	TCGA-91-A4BD	TCGA-91-A4BD
ZNF33B	CIS-BP2.00|000777|M07710_2.00	1.0	0.7151	1248.0	3587.0	9506.4	27573.0	0.020313656005322027	FALSE	patient	TCGA-91-A4BD	TCGA-91-A4BD
ZNF141	CIS-BP2.00|000653|M07586_2.00	1.0	0.7151	2592.0	3587.0	19862.9	27573.0	0.015653212059095006	FALSE	patient	TCGA-91-A4BD	TCGA-91-A4BD
ZNF33A	CIS-BP2.00|000762|M07695_2.00	1.0	0.7529	3265.0	3587.0	25116.2	27573.0	-0.013568177860171985	FALSE	patient	TCGA-91-A4BD	TCGA-91-A4BD
E2F5	CIS-BP2.00|000940|M08109_2.00	1.0	1.0	3058.0	3587.0	23802.8	27573.0	-0.1281356323171678	FALSE	patient	TCGA-91-A4BD	TCGA-91-A4BD
ZNF254	CIS-BP2.00|000827|M07760_2.00	1.0	1.0	544.0	3587.0	4533.6	27573.0	-0.13748107200792015	FALSE	patient	TCGA-91-A4BD	TCGA-91-A4BD
CEBPB	JASPAR2024|000235|MA0466.4	1e-05	0.0001	291.0	3584.0	1717.5	27524.0	0.41090673826971863	FALSE	patient	TCGA-93-A4JN	TCGA-93-A4JN
NFATC4	JASPAR2024|000506|MA1525.3	0.001	0.0068	2586.0	3584.0	19187.2	27524.0	0.17063722410919968	FALSE	patient	TCGA-93-A4JN	TCGA-93-A4JN
XBP1	JASPAR2024|000675|MA0844.2	0.01	0.0285	1710.0	3584.0	12526.9	27524.0	0.1275569080290633	FALSE	patient	TCGA-93-A4JN	TCGA-93-A4JN
ETV1	JASPAR2024|000311|MA0761.3	0.01	0.0285	3570.0	3584.0	27328.7	27524.0	0.819010754064063	FALSE	patient	TCGA-93-A4JN	TCGA-93-A4JN
FOXD2	JASPAR2024|000361|MA0847.4	1.0	0.5675	1332.0	3584.0	9985.5	27524.0	0.05519610889015395	FALSE	patient	TCGA-93-A4JN	TCGA-93-A4JN
CREB3L2	JASPAR2024|000025|MA0608.1	1.0	0.6158	1819.0	3584.0	13756.8	27524.0	0.044555441100358424	FALSE	patient	TCGA-93-A4JN	TCGA-93-A4JN
NR3C2	JASPAR2024|000539|MA0727.2	1.0	0.6271	255.0	3584.0	1862.5	27524.0	0.08002368977631603	FALSE	patient	TCGA-93-A4JN	TCGA-93-A4JN
ELF3	JASPAR2024|000276|MA0640.3	1.0	0.6271	3573.0	3584.0	27421.0	27524.0	0.23002720382156164	FALSE	patient	TCGA-93-A4JN	TCGA-93-A4JN
ETV1	JASPAR2024|000652|MA1966.2	1.0	0.6271	3475.0	3584.0	26632.6	27524.0	0.08802318118090037	FALSE	patient	TCGA-93-A4JN	TCGA-93-A4JN
ZNF75D	JASPAR2024|000169|MA1601.2	1.0	0.6271	2512.0	3584.0	19156.8	27524.0	0.03315473826742043	FALSE	patient	TCGA-93-A4JN	TCGA-93-A4JN
ZNF341	JASPAR2024|000712|MA1655.2	1.0	0.6271	3583.0	3584.0	27513.1	27524.0	-0.014704242362043384	FALSE	patient	TCGA-93-A4JN	TCGA-93-A4JN
FOXA3	JASPAR2024|000358|MA1683.2	1.0	0.8103	3167.0	3584.0	24311.1	27524.0	0.004024155202658534	FALSE	patient	TCGA-93-A4JN	TCGA-93-A4JN
FOXA2	JASPAR2024|000357|MA0047.4	1.0	0.8103	2785.0	3584.0	21390.0	27524.0	-0.001186163368012851	FALSE	patient	TCGA-93-A4JN	TCGA-93-A4JN
HNF4A	JASPAR2024|000410|MA0114.5	1.0	0.8103	3439.0	3584.0	26415.2	27524.0	-0.01056635653756351	FALSE	patient	TCGA-93-A4JN	TCGA-93-A4JN
ZBTB18	JASPAR2024|000681|MA0698.2	1.0	0.8365	2021.0	3584.0	15578.8	27524.0	-0.012492032154586127	FALSE	patient	TCGA-93-A4JN	TCGA-93-A4JN
CEBPA	JASPAR2024|000234|MA0102.5	1.0	0.8365	2565.0	3584.0	19770.7	27524.0	-0.019046758889722036	FALSE	patient	TCGA-93-A4JN	TCGA-93-A4JN
NKX2-1	JASPAR2024|000822|MA1994.2	1.0	0.8763	3404.0	3584.0	26200.1	27524.0	-0.06881683827757429	FALSE	patient	TCGA-93-A4JN	TCGA-93-A4JN
HNF4A	JASPAR2024|000409|MA1494.2	1.0	0.9657	386.0	3584.0	3099.2	27524.0	-0.07067938022471441	FALSE	patient	TCGA-93-A4JN	TCGA-93-A4JN
ZNF281	JASPAR2024|000706|MA1630.3	1.0	0.987	2911.0	3584.0	22579.8	27524.0	-0.07909698682249434	FALSE	patient	TCGA-93-A4JN	TCGA-93-A4JN
FOXA1	JASPAR2024|000356|MA0148.5	1.0	0.987	2841.0	3584.0	22050.3	27524.0	-0.07586287984274663	FALSE	patient	TCGA-93-A4JN	TCGA-93-A4JN
GATA6	JASPAR2024|000382|MA1104.3	1.0	0.987	2903.0	3584.0	22644.8	27524.0	-0.12333982022103879	FALSE	patient	TCGA-93-A4JN	TCGA-93-A4JN
ZNF444	CIS-BP2.00|000420|M04529_2.00	0.01	0.0091	1367.0	3584.0	9817.7	27535.0	0.15427574533363805	FALSE	patient	TCGA-93-A4JN	TCGA-93-A4JN
ZNF19	CIS-BP2.00|000670|M07603_2.00	0.01	0.0091	3577.0	3584.0	27389.2	27535.0	1.349285571448574	FALSE	patient	TCGA-93-A4JN	TCGA-93-A4JN
ZNF33A	CIS-BP2.00|000762|M07695_2.00	0.1	0.3207	3278.0	3584.0	25008.4	27535.0	0.11218997239256287	FALSE	patient	TCGA-93-A4JN	TCGA-93-A4JN
ZNF33B	CIS-BP2.00|000777|M07710_2.00	1.0	0.3648	1260.0	3584.0	9460.3	27535.0	0.05105321553042608	FALSE	patient	TCGA-93-A4JN	TCGA-93-A4JN
ZNF141	CIS-BP2.00|000653|M07586_2.00	1.0	0.7327	2582.0	3584.0	19782.7	27535.0	0.013679659720496968	FALSE	patient	TCGA-93-A4JN	TCGA-93-A4JN
ZNF540	CIS-BP2.00|000701|M07634_2.00	1.0	0.796	765.0	3584.0	5898.6	27535.0	-0.0060380171601262	FALSE	patient	TCGA-93-A4JN	TCGA-93-A4JN
E2F5	CIS-BP2.00|000940|M08109_2.00	1.0	0.8377	3088.0	3584.0	23763.6	27535.0	-0.01837972360256576	FALSE	patient	TCGA-93-A4JN	TCGA-93-A4JN
ZNF254	CIS-BP2.00|000827|M07760_2.00	1.0	1.0	502.0	3584.0	4480.5	27535.0	-0.25371835907712587	FALSE	patient	TCGA-93-A4JN	TCGA-93-A4JN
CEBPB	JASPAR2024|000235|MA0466.4	0.0001	0.0004	286.0	3584.0	1720.4	27615.0	0.3862408977911982	FALSE	patient	TCGA-93-A4JO	TCGA-93-A4JO
CREB3L2	JASPAR2024|000025|MA0608.1	0.0001	0.0008	1898.0	3584.0	13741.9	27615.0	0.1845358942061309	FALSE	patient	TCGA-93-A4JO	TCGA-93-A4JO
NFATC4	JASPAR2024|000506|MA1525.3	0.001	0.0037	2574.0	3584.0	19129.4	27615.0	0.17656720081065444	FALSE	patient	TCGA-93-A4JO	TCGA-93-A4JO
FOXD2	JASPAR2024|000361|MA0847.4	0.01	0.0136	1389.0	3584.0	10072.0	27615.0	0.1405310946460033	FALSE	patient	TCGA-93-A4JO	TCGA-93-A4JO
XBP1	JASPAR2024|000675|MA0844.2	0.01	0.0239	1693.0	3584.0	12454.8	27615.0	0.12405380668181447	FALSE	patient	TCGA-93-A4JO	TCGA-93-A4JO
ELF3	JASPAR2024|000276|MA0640.3	0.1	0.1348	3576.0	3584.0	27488.5	27615.0	0.9589877669854407	FALSE	patient	TCGA-93-A4JO	TCGA-93-A4JO
ETV1	JASPAR2024|000311|MA0761.3	0.1	0.1681	3566.0	3584.0	27400.8	27615.0	0.5950615534195853	FALSE	patient	TCGA-93-A4JO	TCGA-93-A4JO
NKX2-1	JASPAR2024|000822|MA1994.2	0.1	0.1958	3431.0	3584.0	26280.8	27615.0	0.18307956334533923	FALSE	patient	TCGA-93-A4JO	TCGA-93-A4JO
CEBPA	JASPAR2024|000234|MA0102.5	1.0	0.5439	2606.0	3584.0	19916.8	27615.0	0.04213477429793466	FALSE	patient	TCGA-93-A4JO	TCGA-93-A4JO
HNF4A	JASPAR2024|000410|MA0114.5	1.0	0.941	3444.0	3584.0	26508.2	27615.0	0.034304669554407634	FALSE	patient	TCGA-93-A4JO	TCGA-93-A4JO
ZBTB18	JASPAR2024|000681|MA0698.2	1.0	0.941	2044.0	3584.0	15714.6	27615.0	0.007268608807237826	FALSE	patient	TCGA-93-A4JO	TCGA-93-A4JO
ZNF75D	JASPAR2024|000169|MA1601.2	1.0	0.941	2498.0	3584.0	19218.0	27615.0	0.006910100674597314	FALSE	patient	TCGA-93-A4JO	TCGA-93-A4JO
ZNF341	JASPAR2024|000712|MA1655.2	1.0	0.941	3582.0	3584.0	27583.9	27615.0	0.7151105678626548	FALSE	patient	TCGA-93-A4JO	TCGA-93-A4JO
ETV1	JASPAR2024|000652|MA1966.2	1.0	0.941	3464.0	3584.0	26685.7	27615.0	0.00251245421078074	FALSE	patient	TCGA-93-A4JO	TCGA-93-A4JO
FOXA2	JASPAR2024|000357|MA0047.4	1.0	0.941	2789.0	3584.0	21506.9	27615.0	-0.005846735308966137	FALSE	patient	TCGA-93-A4JO	TCGA-93-A4JO
NR3C2	JASPAR2024|000539|MA0727.2	1.0	0.953	232.0	3584.0	1853.2	27615.0	-0.053152995424232824	FALSE	patient	TCGA-93-A4JO	TCGA-93-A4JO
FOXA1	JASPAR2024|000356|MA0148.5	1.0	0.953	2859.0	3584.0	22141.9	27615.0	-0.037534302882369655	FALSE	patient	TCGA-93-A4JO	TCGA-93-A4JO
HNF4A	JASPAR2024|000409|MA1494.2	1.0	0.953	394.0	3584.0	3132.6	27615.0	-0.04957359570368507	FALSE	patient	TCGA-93-A4JO	TCGA-93-A4JO
ZNF281	JASPAR2024|000706|MA1630.3	1.0	0.953	2918.0	3584.0	22630.5	27615.0	-0.05208463710486538	FALSE	patient	TCGA-93-A4JO	TCGA-93-A4JO
GATA6	JASPAR2024|000382|MA1104.3	1.0	0.953	2927.0	3584.0	22704.1	27615.0	-0.05417201889606416	FALSE	patient	TCGA-93-A4JO	TCGA-93-A4JO
FOXA3	JASPAR2024|000358|MA1683.2	1.0	0.953	3151.0	3584.0	24409.4	27615.0	-0.06664029092361479	FALSE	patient	TCGA-93-A4JO	TCGA-93-A4JO
ZNF33A	CIS-BP2.00|000762|M07695_2.00	0.001	0.0051	3312.0	3584.0	25095.8	27566.0	0.2591093891950524	FALSE	patient	TCGA-93-A4JO	TCGA-93-A4JO
ZNF444	CIS-BP2.00|000420|M04529_2.00	0.01	0.0066	1364.0	3584.0	9844.8	27566.0	0.14549775526295972	FALSE	patient	TCGA-93-A4JO	TCGA-93-A4JO
ZNF19	CIS-BP2.00|000670|M07603_2.00	1.0	0.3278	3570.0	3584.0	27457.9	27566.0	-0.038150241008012606	FALSE	patient	TCGA-93-A4JO	TCGA-93-A4JO
ZNF141	CIS-BP2.00|000653|M07586_2.00	1.0	0.3338	2598.0	3584.0	19815.6	27566.0	0.043050793361556296	FALSE	patient	TCGA-93-A4JO	TCGA-93-A4JO
ZNF33B	CIS-BP2.00|000777|M07710_2.00	1.0	0.5897	1246.0	3584.0	9516.8	27566.0	0.015650059773834667	FALSE	patient	TCGA-93-A4JO	TCGA-93-A4JO
ZNF540	CIS-BP2.00|000701|M07634_2.00	1.0	1.0	752.0	3584.0	5919.8	27566.0	-0.041907552238635	FALSE	patient	TCGA-93-A4JO	TCGA-93-A4JO
E2F5	CIS-BP2.00|000940|M08109_2.00	1.0	1.0	3044.0	3584.0	23746.2	27566.0	-0.14213041138382262	FALSE	patient	TCGA-93-A4JO	TCGA-93-A4JO
ZNF254	CIS-BP2.00|000827|M07760_2.00	1.0	1.0	523.0	3584.0	4542.1	27566.0	-0.2064038588126478	FALSE	patient	TCGA-93-A4JO	TCGA-93-A4JO
ELF3	JASPAR2024|000276|MA0640.3	0.01	0.0733	3579.0	3584.0	27519.0	27632.0	1.4244925954168293	FALSE	patient	TCGA-93-A4JQ	TCGA-93-A4JQ
ZNF75D	JASPAR2024|000169|MA1601.2	0.01	0.0733	2576.0	3584.0	19325.1	27632.0	0.13515722923354734	FALSE	patient	TCGA-93-A4JQ	TCGA-93-A4JQ
NFATC4	JASPAR2024|000506|MA1525.3	0.1	0.0885	2553.0	3584.0	19206.5	27632.0	0.11901986118425424	FALSE	patient	TCGA-93-A4JQ	TCGA-93-A4JQ
CREB3L2	JASPAR2024|000025|MA0608.1	0.1	0.0942	1833.0	3584.0	13644.7	27632.0	0.10178481070864187	FALSE	patient	TCGA-93-A4JQ	TCGA-93-A4JQ
XBP1	JASPAR2024|000675|MA0844.2	0.1	0.0994	1660.0	3584.0	12339.9	27632.0	0.09657860317999882	FALSE	patient	TCGA-93-A4JQ	TCGA-93-A4JQ
FOXD2	JASPAR2024|000361|MA0847.4	0.1	0.1112	1356.0	3584.0	10038.4	27632.0	0.09330660729517465	FALSE	patient	TCGA-93-A4JQ	TCGA-93-A4JQ
ETV1	JASPAR2024|000311|MA0761.3	0.1	0.1869	3566.0	3584.0	27431.6	27632.0	0.4975961983460858	FALSE	patient	TCGA-93-A4JQ	TCGA-93-A4JQ
CEBPB	JASPAR2024|000235|MA0466.4	0.1	0.253	237.0	3584.0	1679.5	27632.0	0.13228353938693976	FALSE	patient	TCGA-93-A4JQ	TCGA-93-A4JQ
FOXA2	JASPAR2024|000357|MA0047.4	1.0	0.64	2808.0	3584.0	21530.1	27632.0	0.035802102965581006	FALSE	patient	TCGA-93-A4JQ	TCGA-93-A4JQ
CEBPA	JASPAR2024|000234|MA0102.5	1.0	0.64	2598.0	3584.0	19915.5	27632.0	0.029472193286357036	FALSE	patient	TCGA-93-A4JQ	TCGA-93-A4JQ
NR3C2	JASPAR2024|000539|MA0727.2	1.0	0.7043	249.0	3584.0	1878.3	27632.0	0.03613300202196935	FALSE	patient	TCGA-93-A4JQ	TCGA-93-A4JQ
ZBTB18	JASPAR2024|000681|MA0698.2	1.0	0.8361	2065.0	3584.0	15904.4	27632.0	0.0033923940059939206	FALSE	patient	TCGA-93-A4JQ	TCGA-93-A4JQ
HNF4A	JASPAR2024|000409|MA1494.2	1.0	0.8408	409.0	3584.0	3158.6	27632.0	-0.001389905775730276	FALSE	patient	TCGA-93-A4JQ	TCGA-93-A4JQ
HNF4A	JASPAR2024|000410|MA0114.5	1.0	1.0	3440.0	3584.0	26562.8	27632.0	-0.060679389078945115	FALSE	patient	TCGA-93-A4JQ	TCGA-93-A4JQ
FOXA3	JASPAR2024|000358|MA1683.2	1.0	1.0	3159.0	3584.0	24430.0	27632.0	-0.038947685957470314	FALSE	patient	TCGA-93-A4JQ	TCGA-93-A4JQ
FOXA1	JASPAR2024|000356|MA0148.5	1.0	1.0	2862.0	3584.0	22175.3	27632.0	-0.036547127847869704	FALSE	patient	TCGA-93-A4JQ	TCGA-93-A4JQ
NKX2-1	JASPAR2024|000822|MA1994.2	1.0	1.0	3404.0	3584.0	26305.8	27632.0	-0.07212207238978079	FALSE	patient	TCGA-93-A4JQ	TCGA-93-A4JQ
ETV1	JASPAR2024|000652|MA1966.2	1.0	1.0	3459.0	3584.0	26731.8	27632.0	-0.1065892266292458	FALSE	patient	TCGA-93-A4JQ	TCGA-93-A4JQ
ZNF341	JASPAR2024|000712|MA1655.2	1.0	1.0	3580.0	3584.0	27612.1	27632.0	-0.7665215204653276	FALSE	patient	TCGA-93-A4JQ	TCGA-93-A4JQ
GATA6	JASPAR2024|000382|MA1104.3	1.0	1.0	2918.0	3584.0	22759.6	27632.0	-0.093104087119059	FALSE	patient	TCGA-93-A4JQ	TCGA-93-A4JQ
ZNF281	JASPAR2024|000706|MA1630.3	1.0	1.0	2906.0	3584.0	22757.5	27632.0	-0.1240374656780264	FALSE	patient	TCGA-93-A4JQ	TCGA-93-A4JQ
ZNF444	CIS-BP2.00|000420|M04529_2.00	0.001	0.0058	1381.0	3584.0	9930.6	27647.0	0.1615394279566663	FALSE	patient	TCGA-93-A4JQ	TCGA-93-A4JQ
ZNF33A	CIS-BP2.00|000762|M07695_2.00	0.1	0.0562	3301.0	3584.0	25157.1	27647.0	0.20515609501864812	FALSE	patient	TCGA-93-A4JQ	TCGA-93-A4JQ
ZNF19	CIS-BP2.00|000670|M07603_2.00	0.1	0.1398	3573.0	3584.0	27493.1	27647.0	0.8032808546302963	FALSE	patient	TCGA-93-A4JQ	TCGA-93-A4JQ
ZNF540	CIS-BP2.00|000701|M07634_2.00	1.0	0.226	791.0	3584.0	5857.5	27647.0	0.07577353330705479	FALSE	patient	TCGA-93-A4JQ	TCGA-93-A4JQ
ZNF33B	CIS-BP2.00|000777|M07710_2.00	1.0	0.4086	1258.0	3584.0	9514.4	27647.0	0.04390921673897183	FALSE	patient	TCGA-93-A4JQ	TCGA-93-A4JQ
ZNF141	CIS-BP2.00|000653|M07586_2.00	1.0	1.0	2560.0	3584.0	19924.1	27647.0	-0.04573719011991762	FALSE	patient	TCGA-93-A4JQ	TCGA-93-A4JQ
E2F5	CIS-BP2.00|000940|M08109_2.00	1.0	1.0	3049.0	3584.0	23742.7	27647.0	-0.0945795901564772	FALSE	patient	TCGA-93-A4JQ	TCGA-93-A4JQ
ZNF254	CIS-BP2.00|000827|M07760_2.00	1.0	1.0	561.0	3584.0	4598.7	27647.0	-0.10362485129603552	FALSE	patient	TCGA-93-A4JQ	TCGA-93-A4JQ
CEBPB	JASPAR2024|000235|MA0466.4	1e-11	0.0	323.0	3585.0	1688.1	27538.0	0.6021467957816806	TRUE	patient	TCGA-L4-A4E6	TCGA-L4-A4E6
XBP1	JASPAR2024|000675|MA0844.2	0.01	0.0751	1696.0	3585.0	12463.9	27538.0	0.11886319524965626	FALSE	patient	TCGA-L4-A4E6	TCGA-L4-A4E6
CREB3L2	JASPAR2024|000025|MA0608.1	0.1	0.2099	1846.0	3585.0	13744.0	27538.0	0.09135932364941167	FALSE	patient	TCGA-L4-A4E6	TCGA-L4-A4E6
FOXD2	JASPAR2024|000361|MA0847.4	0.1	0.3208	1339.0	3585.0	9940.3	27538.0	0.07800952777460181	FALSE	patient	TCGA-L4-A4E6	TCGA-L4-A4E6
ELF3	JASPAR2024|000276|MA0640.3	1.0	0.5574	3574.0	3585.0	27418.4	27538.0	0.44517304833568344	FALSE	patient	TCGA-L4-A4E6	TCGA-L4-A4E6
ZNF75D	JASPAR2024|000169|MA1601.2	1.0	0.5648	2526.0	3585.0	19191.3	27538.0	0.05263080750871679	FALSE	patient	TCGA-L4-A4E6	TCGA-L4-A4E6
NFATC4	JASPAR2024|000506|MA1525.3	1.0	0.5648	2503.0	3585.0	19022.6	27538.0	0.050057977670569555	FALSE	patient	TCGA-L4-A4E6	TCGA-L4-A4E6
ZNF341	JASPAR2024|000712|MA1655.2	1.0	0.6365	3583.0	3585.0	27510.1	27538.0	0.5653445845063819	FALSE	patient	TCGA-L4-A4E6	TCGA-L4-A4E6
ETV1	JASPAR2024|000652|MA1966.2	1.0	0.6365	3474.0	3585.0	26627.6	27538.0	0.09217676597114922	FALSE	patient	TCGA-L4-A4E6	TCGA-L4-A4E6
CEBPA	JASPAR2024|000234|MA0102.5	1.0	0.6481	2593.0	3585.0	19811.5	27538.0	0.02736713931410778	FALSE	patient	TCGA-L4-A4E6	TCGA-L4-A4E6
NR3C2	JASPAR2024|000539|MA0727.2	1.0	0.7213	246.0	3585.0	1851.2	27538.0	0.03416040670375119	FALSE	patient	TCGA-L4-A4E6	TCGA-L4-A4E6
ETV1	JASPAR2024|000311|MA0761.3	1.0	0.8062	3559.0	3585.0	27330.5	27538.0	0.0317275230847128	FALSE	patient	TCGA-L4-A4E6	TCGA-L4-A4E6
ZBTB18	JASPAR2024|000681|MA0698.2	1.0	0.8062	2045.0	3585.0	15705.0	27538.0	0.0006618249172790392	FALSE	patient	TCGA-L4-A4E6	TCGA-L4-A4E6
ZNF281	JASPAR2024|000706|MA1630.3	1.0	0.8062	2943.0	3585.0	22612.5	27538.0	-0.002899601700674909	FALSE	patient	TCGA-L4-A4E6	TCGA-L4-A4E6
FOXA2	JASPAR2024|000357|MA0047.4	1.0	0.8665	2781.0	3585.0	21416.9	27538.0	-0.017103888974711	FALSE	patient	TCGA-L4-A4E6	TCGA-L4-A4E6
GATA6	JASPAR2024|000382|MA1104.3	1.0	0.8665	2938.0	3585.0	22626.1	27538.0	-0.021392068669362014	FALSE	patient	TCGA-L4-A4E6	TCGA-L4-A4E6
NKX2-1	JASPAR2024|000822|MA1994.2	1.0	0.8665	3409.0	3585.0	26218.9	27538.0	-0.04064198716949447	FALSE	patient	TCGA-L4-A4E6	TCGA-L4-A4E6
FOXA1	JASPAR2024|000356|MA0148.5	1.0	0.9601	2847.0	3585.0	22037.0	27538.0	-0.055037621325152775	FALSE	patient	TCGA-L4-A4E6	TCGA-L4-A4E6
HNF4A	JASPAR2024|000410|MA0114.5	1.0	0.9601	3432.0	3585.0	26449.3	27538.0	-0.11896686117959857	FALSE	patient	TCGA-L4-A4E6	TCGA-L4-A4E6
FOXA3	JASPAR2024|000358|MA1683.2	1.0	0.9768	3137.0	3585.0	24313.1	27538.0	-0.10777795994971484	FALSE	patient	TCGA-L4-A4E6	TCGA-L4-A4E6
HNF4A	JASPAR2024|000409|MA1494.2	1.0	0.9816	368.0	3585.0	3124.0	27538.0	-0.16016263681240692	FALSE	patient	TCGA-L4-A4E6	TCGA-L4-A4E6
ZNF444	CIS-BP2.00|000420|M04529_2.00	0.0001	0.0003	1398.0	3582.0	9863.2	27544.0	0.19860067277946705	FALSE	patient	TCGA-L4-A4E6	TCGA-L4-A4E6
ZNF19	CIS-BP2.00|000670|M07603_2.00	0.1	0.1419	3573.0	3582.0	27389.3	27544.0	1.091828195702745	FALSE	patient	TCGA-L4-A4E6	TCGA-L4-A4E6
ZNF33B	CIS-BP2.00|000777|M07710_2.00	1.0	0.5009	1241.0	3582.0	9408.7	27544.0	0.03134763906667385	FALSE	patient	TCGA-L4-A4E6	TCGA-L4-A4E6
ZNF33A	CIS-BP2.00|000762|M07695_2.00	1.0	0.5221	3271.0	3582.0	25061.8	27544.0	0.05711123098698662	FALSE	patient	TCGA-L4-A4E6	TCGA-L4-A4E6
ZNF141	CIS-BP2.00|000653|M07586_2.00	1.0	0.5575	2592.0	3582.0	19835.9	27544.0	0.024505659676003145	FALSE	patient	TCGA-L4-A4E6	TCGA-L4-A4E6
ZNF540	CIS-BP2.00|000701|M07634_2.00	1.0	0.6307	769.0	3582.0	5874.6	27544.0	0.012634451026002868	FALSE	patient	TCGA-L4-A4E6	TCGA-L4-A4E6
ZNF254	CIS-BP2.00|000827|M07760_2.00	1.0	1.0	543.0	3582.0	4534.8	27544.0	-0.14050979465182184	FALSE	patient	TCGA-L4-A4E6	TCGA-L4-A4E6
E2F5	CIS-BP2.00|000940|M08109_2.00	1.0	1.0	3031.0	3582.0	23711.2	27544.0	-0.1703412531910697	FALSE	patient	TCGA-L4-A4E6	TCGA-L4-A4E6
CEBPB	JASPAR2024|000235|MA0466.4	1e-05	0.0001	295.0	3584.0	1741.1	27593.0	0.41517472396132915	FALSE	patient	TCGA-L9-A8F4	TCGA-L9-A8F4
NFATC4	JASPAR2024|000506|MA1525.3	0.01	0.0331	2569.0	3584.0	19185.1	27593.0	0.14917673598215356	FALSE	patient	TCGA-L9-A8F4	TCGA-L9-A8F4
ELF3	JASPAR2024|000276|MA0640.3	0.1	0.089	3578.0	3584.0	27464.0	27593.0	1.3762274269415622	FALSE	patient	TCGA-L9-A8F4	TCGA-L9-A8F4
CEBPA	JASPAR2024|000234|MA0102.5	0.1	0.089	2638.0	3584.0	19853.9	27593.0	0.11991572088718168	FALSE	patient	TCGA-L9-A8F4	TCGA-L9-A8F4
CREB3L2	JASPAR2024|000025|MA0608.1	0.1	0.1382	1841.0	3584.0	13736.8	27593.0	0.09138027360753904	FALSE	patient	TCGA-L9-A8F4	TCGA-L9-A8F4
ETV1	JASPAR2024|000311|MA0761.3	0.1	0.194	3566.0	3584.0	27370.2	27593.0	0.6533346221777054	FALSE	patient	TCGA-L9-A8F4	TCGA-L9-A8F4
FOXD2	JASPAR2024|000361|MA0847.4	0.1	0.2457	1339.0	3584.0	9989.1	27593.0	0.0720951002022638	FALSE	patient	TCGA-L9-A8F4	TCGA-L9-A8F4
FOXA2	JASPAR2024|000357|MA0047.4	1.0	0.267	2827.0	3584.0	21503.3	27593.0	0.08017911688634766	FALSE	patient	TCGA-L9-A8F4	TCGA-L9-A8F4
NKX2-1	JASPAR2024|000822|MA1994.2	1.0	0.267	3427.0	3584.0	26242.8	27593.0	0.16356296984454155	FALSE	patient	TCGA-L9-A8F4	TCGA-L9-A8F4
ZBTB18	JASPAR2024|000681|MA0698.2	1.0	0.267	2079.0	3584.0	15720.5	27593.0	0.0609855005127593	FALSE	patient	TCGA-L9-A8F4	TCGA-L9-A8F4
ZNF75D	JASPAR2024|000169|MA1601.2	1.0	0.2741	2523.0	3584.0	19181.2	27593.0	0.06016333446622803	FALSE	patient	TCGA-L9-A8F4	TCGA-L9-A8F4
FOXA3	JASPAR2024|000358|MA1683.2	1.0	0.2745	3188.0	3584.0	24374.8	27593.0	0.08661515648107794	FALSE	patient	TCGA-L9-A8F4	TCGA-L9-A8F4
FOXA1	JASPAR2024|000356|MA0148.5	1.0	0.5123	2887.0	3584.0	22119.3	27593.0	0.034937532888397106	FALSE	patient	TCGA-L9-A8F4	TCGA-L9-A8F4
XBP1	JASPAR2024|000675|MA0844.2	1.0	0.5123	1631.0	3584.0	12448.2	27593.0	0.023012795836393162	FALSE	patient	TCGA-L9-A8F4	TCGA-L9-A8F4
ETV1	JASPAR2024|000652|MA1966.2	1.0	0.6068	3471.0	3584.0	26685.4	27593.0	0.05771228691027879	FALSE	patient	TCGA-L9-A8F4	TCGA-L9-A8F4
NR3C2	JASPAR2024|000539|MA0727.2	1.0	0.6257	243.0	3584.0	1861.0	27593.0	0.010551908547841238	FALSE	patient	TCGA-L9-A8F4	TCGA-L9-A8F4
ZNF341	JASPAR2024|000712|MA1655.2	1.0	0.6257	3582.0	3584.0	27552.8	27593.0	1.0818422864377326	FALSE	patient	TCGA-L9-A8F4	TCGA-L9-A8F4
HNF4A	JASPAR2024|000410|MA0114.5	1.0	0.8103	3437.0	3584.0	26483.9	27593.0	-0.034458373147395804	FALSE	patient	TCGA-L9-A8F4	TCGA-L9-A8F4
GATA6	JASPAR2024|000382|MA1104.3	1.0	0.8758	2932.0	3584.0	22696.2	27593.0	-0.04434276898253408	FALSE	patient	TCGA-L9-A8F4	TCGA-L9-A8F4
ZNF281	JASPAR2024|000706|MA1630.3	1.0	0.8768	2917.0	3584.0	22610.4	27593.0	-0.05401007279156277	FALSE	patient	TCGA-L9-A8F4	TCGA-L9-A8F4
HNF4A	JASPAR2024|000409|MA1494.2	1.0	0.9703	368.0	3584.0	3099.4	27593.0	-0.14361446269504585	FALSE	patient	TCGA-L9-A8F4	TCGA-L9-A8F4
ZNF444	CIS-BP2.00|000420|M04529_2.00	0.0001	0.0002	1392.0	3586.0	9802.0	27539.0	0.1993660997990755	FALSE	patient	TCGA-L9-A8F4	TCGA-L9-A8F4
ZNF19	CIS-BP2.00|000670|M07603_2.00	0.1	0.068	3574.0	3586.0	27429.4	27539.0	0.19887846363937248	FALSE	patient	TCGA-L9-A8F4	TCGA-L9-A8F4
ZNF33B	CIS-BP2.00|000777|M07710_2.00	1.0	0.4646	1252.0	3586.0	9481.6	27539.0	0.031048629478973497	FALSE	patient	TCGA-L9-A8F4	TCGA-L9-A8F4
ZNF33A	CIS-BP2.00|000762|M07695_2.00	1.0	0.6692	3264.0	3586.0	25068.4	27539.0	-0.0031824179646191995	FALSE	patient	TCGA-L9-A8F4	TCGA-L9-A8F4
ZNF141	CIS-BP2.00|000653|M07586_2.00	1.0	0.7678	2573.0	3586.0	19807.3	27539.0	-0.01273209936817579	FALSE	patient	TCGA-L9-A8F4	TCGA-L9-A8F4
ZNF540	CIS-BP2.00|000701|M07634_2.00	1.0	0.9735	751.0	3586.0	5901.9	27539.0	-0.04159125916141315	FALSE	patient	TCGA-L9-A8F4	TCGA-L9-A8F4
E2F5	CIS-BP2.00|000940|M08109_2.00	1.0	1.0	3048.0	3586.0	23755.9	27539.0	-0.14940345233949537	FALSE	patient	TCGA-L9-A8F4	TCGA-L9-A8F4
ZNF254	CIS-BP2.00|000827|M07760_2.00	1.0	1.0	532.0	3586.0	4553.6	27539.0	-0.18457153076502353	FALSE	patient	TCGA-L9-A8F4	TCGA-L9-A8F4
CEBPB	JASPAR2024|000235|MA0466.4	1e-05	0.0002	289.0	3586.0	1718.1	27534.0	0.3992447249050144	FALSE	patient	TCGA-MP-A4SV	TCGA-MP-A4SV
XBP1	JASPAR2024|000675|MA0844.2	0.0001	0.0002	1740.0	3586.0	12387.4	27534.0	0.2048185171645	FALSE	patient	TCGA-MP-A4SV	TCGA-MP-A4SV
NR3C2	JASPAR2024|000539|MA0727.2	0.01	0.0272	284.0	3586.0	1863.3	27534.0	0.24677377123345243	FALSE	patient	TCGA-MP-A4SV	TCGA-MP-A4SV
CREB3L2	JASPAR2024|000025|MA0608.1	0.01	0.0429	1858.0	3586.0	13712.0	27534.0	0.11614503566067326	FALSE	patient	TCGA-MP-A4SV	TCGA-MP-A4SV
NKX2-1	JASPAR2024|000822|MA1994.2	0.01	0.0429	3446.0	3586.0	26236.2	27534.0	0.27959940024191876	FALSE	patient	TCGA-MP-A4SV	TCGA-MP-A4SV
FOXD2	JASPAR2024|000361|MA0847.4	0.1	0.0816	1370.0	3586.0	10075.6	27534.0	0.09944428507812057	FALSE	patient	TCGA-MP-A4SV	TCGA-MP-A4SV
ZNF75D	JASPAR2024|000169|MA1601.2	0.1	0.1097	2544.0	3586.0	19154.6	27534.0	0.09461118321724005	FALSE	patient	TCGA-MP-A4SV	TCGA-MP-A4SV
NFATC4	JASPAR2024|000506|MA1525.3	0.1	0.1261	2523.0	3586.0	19018.2	27534.0	0.08748609441523578	FALSE	patient	TCGA-MP-A4SV	TCGA-MP-A4SV
CEBPA	JASPAR2024|000234|MA0102.5	0.1	0.1967	2633.0	3586.0	19933.2	27534.0	0.07478517386307387	FALSE	patient	TCGA-MP-A4SV	TCGA-MP-A4SV
ETV1	JASPAR2024|000311|MA0761.3	1.0	0.3273	3563.0	3586.0	27317.9	27534.0	0.26579442102596157	FALSE	patient	TCGA-MP-A4SV	TCGA-MP-A4SV
FOXA2	JASPAR2024|000357|MA0047.4	1.0	0.4371	2816.0	3586.0	21479.7	27534.0	0.04318039477908707	FALSE	patient	TCGA-MP-A4SV	TCGA-MP-A4SV
ETV1	JASPAR2024|000652|MA1966.2	1.0	0.6202	3470.0	3586.0	26611.5	27534.0	0.04713918822920385	FALSE	patient	TCGA-MP-A4SV	TCGA-MP-A4SV
ZNF281	JASPAR2024|000706|MA1630.3	1.0	0.6202	2952.0	3586.0	22599.3	27534.0	0.02311544156590687	FALSE	patient	TCGA-MP-A4SV	TCGA-MP-A4SV
HNF4A	JASPAR2024|000409|MA1494.2	1.0	0.6202	414.0	3586.0	3133.3	27534.0	0.02479092636929846	FALSE	patient	TCGA-MP-A4SV	TCGA-MP-A4SV
ZBTB18	JASPAR2024|000681|MA0698.2	1.0	0.6202	2070.0	3586.0	15841.4	27534.0	0.011145787839311071	FALSE	patient	TCGA-MP-A4SV	TCGA-MP-A4SV
FOXA3	JASPAR2024|000358|MA1683.2	1.0	0.6202	3175.0	3586.0	24348.1	27534.0	0.014179901870317365	FALSE	patient	TCGA-MP-A4SV	TCGA-MP-A4SV
ELF3	JASPAR2024|000276|MA0640.3	1.0	0.6202	3570.0	3586.0	27406.8	27534.0	0.01185840915498427	FALSE	patient	TCGA-MP-A4SV	TCGA-MP-A4SV
GATA6	JASPAR2024|000382|MA1104.3	1.0	0.6202	2944.0	3586.0	22599.5	27534.0	0.0010535312599344242	FALSE	patient	TCGA-MP-A4SV	TCGA-MP-A4SV
FOXA1	JASPAR2024|000356|MA0148.5	1.0	0.6202	2879.0	3586.0	22106.4	27534.0	-0.0009612601524888004	FALSE	patient	TCGA-MP-A4SV	TCGA-MP-A4SV
HNF4A	JASPAR2024|000410|MA0114.5	1.0	0.6202	3444.0	3586.0	26456.2	27534.0	-0.021541849327395543	FALSE	patient	TCGA-MP-A4SV	TCGA-MP-A4SV
ZNF341	JASPAR2024|000712|MA1655.2	1.0	0.7351	3581.0	3586.0	27502.3	27534.0	-0.39138549199282785	FALSE	patient	TCGA-MP-A4SV	TCGA-MP-A4SV
ZNF444	CIS-BP2.00|000420|M04529_2.00	0.0001	0.0001	1399.0	3584.0	9800.0	27483.0	0.20842469729213145	FALSE	patient	TCGA-MP-A4SV	TCGA-MP-A4SV
ZNF33A	CIS-BP2.00|000762|M07695_2.00	0.01	0.0054	3322.0	3584.0	25123.8	27483.0	0.24947182997212378	FALSE	patient	TCGA-MP-A4SV	TCGA-MP-A4SV
ZNF33B	CIS-BP2.00|000777|M07710_2.00	0.1	0.0438	1292.0	3584.0	9461.3	27483.0	0.10283110967548327	FALSE	patient	TCGA-MP-A4SV	TCGA-MP-A4SV
ZNF141	CIS-BP2.00|000653|M07586_2.00	1.0	0.5078	2601.0	3584.0	19845.3	27483.0	0.025817631355974088	FALSE	patient	TCGA-MP-A4SV	TCGA-MP-A4SV
E2F5	CIS-BP2.00|000940|M08109_2.00	1.0	0.5078	3088.0	3584.0	23622.1	27483.0	0.024068860438773307	FALSE	patient	TCGA-MP-A4SV	TCGA-MP-A4SV
ZNF19	CIS-BP2.00|000670|M07603_2.00	1.0	0.9172	3564.0	3584.0	27375.5	27483.0	-0.5438045413240137	FALSE	patient	TCGA-MP-A4SV	TCGA-MP-A4SV
ZNF540	CIS-BP2.00|000701|M07634_2.00	1.0	1.0	736.0	3584.0	5852.2	27483.0	-0.06549884014641572	FALSE	patient	TCGA-MP-A4SV	TCGA-MP-A4SV
ZNF254	CIS-BP2.00|000827|M07760_2.00	1.0	1.0	520.0	3584.0	4527.8	27483.0	-0.2158706556248406	FALSE	patient	TCGA-MP-A4SV	TCGA-MP-A4SV
CEBPB	JASPAR2024|000235|MA0466.4	0.001	0.0132	274.0	3582.0	1735.1	27585.0	0.30538098287718507	FALSE	patient	TCGA-MP-A4T4	TCGA-MP-A4T4
CREB3L2	JASPAR2024|000025|MA0608.1	0.01	0.0188	1873.0	3582.0	13748.2	27585.0	0.14142880786054185	FALSE	patient	TCGA-MP-A4T4	TCGA-MP-A4T4
NFATC4	JASPAR2024|000506|MA1525.3	0.01	0.0338	2560.0	3582.0	19163.1	27585.0	0.13825940955736526	FALSE	patient	TCGA-MP-A4T4	TCGA-MP-A4T4
ELF3	JASPAR2024|000276|MA0640.3	0.1	0.0673	3578.0	3582.0	27490.9	27585.0	1.452289783786508	FALSE	patient	TCGA-MP-A4T4	TCGA-MP-A4T4
ETV1	JASPAR2024|000311|MA0761.3	0.1	0.0673	3569.0	3582.0	27400.4	27585.0	0.8368442097058518	FALSE	patient	TCGA-MP-A4T4	TCGA-MP-A4T4
FOXD2	JASPAR2024|000361|MA0847.4	0.1	0.0673	1360.0	3582.0	10007.3	27585.0	0.1046160207431532	FALSE	patient	TCGA-MP-A4T4	TCGA-MP-A4T4
NR3C2	JASPAR2024|000539|MA0727.2	0.1	0.2144	265.0	3582.0	1866.5	27585.0	0.14072801710305452	FALSE	patient	TCGA-MP-A4T4	TCGA-MP-A4T4
XBP1	JASPAR2024|000675|MA0844.2	1.0	0.2657	1662.0	3582.0	12502.2	27585.0	0.06258479657382959	FALSE	patient	TCGA-MP-A4T4	TCGA-MP-A4T4
ZBTB18	JASPAR2024|000681|MA0698.2	1.0	0.2699	2074.0	3582.0	15695.0	27585.0	0.05910735442654516	FALSE	patient	TCGA-MP-A4T4	TCGA-MP-A4T4
FOXA3	JASPAR2024|000358|MA1683.2	1.0	0.2699	3190.0	3582.0	24386.5	27585.0	0.09259857851390853	FALSE	patient	TCGA-MP-A4T4	TCGA-MP-A4T4
ZNF75D	JASPAR2024|000169|MA1601.2	1.0	0.2699	2525.0	3582.0	19196.0	27585.0	0.06172481889171522	FALSE	patient	TCGA-MP-A4T4	TCGA-MP-A4T4
ZNF341	JASPAR2024|000712|MA1655.2	1.0	0.3875	3583.0	3582.0	27577.7	27585.0	1.0193870868603467	FALSE	patient	TCGA-MP-A4T4	TCGA-MP-A4T4
CEBPA	JASPAR2024|000234|MA0102.5	1.0	0.6007	2592.0	3582.0	19888.7	27585.0	0.018460525482283847	FALSE	patient	TCGA-MP-A4T4	TCGA-MP-A4T4
FOXA1	JASPAR2024|000356|MA0148.5	1.0	0.6816	2877.0	3582.0	22129.8	27585.0	0.007911152089462645	FALSE	patient	TCGA-MP-A4T4	TCGA-MP-A4T4
FOXA2	JASPAR2024|000357|MA0047.4	1.0	0.6816	2794.0	3582.0	21491.1	27585.0	0.0071907209199918165	FALSE	patient	TCGA-MP-A4T4	TCGA-MP-A4T4
HNF4A	JASPAR2024|000410|MA0114.5	1.0	0.6816	3444.0	3582.0	26508.4	27585.0	0.015083994293805157	FALSE	patient	TCGA-MP-A4T4	TCGA-MP-A4T4
ZNF281	JASPAR2024|000706|MA1630.3	1.0	0.684	2940.0	3582.0	22659.3	27585.0	-0.007294890146543255	FALSE	patient	TCGA-MP-A4T4	TCGA-MP-A4T4
HNF4A	JASPAR2024|000409|MA1494.2	1.0	1.0	381.0	3582.0	3127.2	27585.0	-0.10184296171460037	FALSE	patient	TCGA-MP-A4T4	TCGA-MP-A4T4
NKX2-1	JASPAR2024|000822|MA1994.2	1.0	1.0	3395.0	3582.0	26281.0	27585.0	-0.1538172380488643	FALSE	patient	TCGA-MP-A4T4	TCGA-MP-A4T4
GATA6	JASPAR2024|000382|MA1104.3	1.0	1.0	2910.0	3582.0	22683.6	27585.0	-0.09660761829069917	FALSE	patient	TCGA-MP-A4T4	TCGA-MP-A4T4
ETV1	JASPAR2024|000652|MA1966.2	1.0	1.0	3445.0	3582.0	26690.6	27585.0	-0.25127864109170905	FALSE	patient	TCGA-MP-A4T4	TCGA-MP-A4T4
ZNF444	CIS-BP2.00|000420|M04529_2.00	0.001	0.0062	1368.0	3584.0	9843.0	27602.0	0.15565975374093433	FALSE	patient	TCGA-MP-A4T4	TCGA-MP-A4T4
ZNF33A	CIS-BP2.00|000762|M07695_2.00	0.1	0.2159	3287.0	3584.0	25111.2	27602.0	0.13264028719970422	FALSE	patient	TCGA-MP-A4T4	TCGA-MP-A4T4
ZNF141	CIS-BP2.00|000653|M07586_2.00	1.0	1.0	2574.0	3584.0	19841.8	27602.0	-0.005097623854260657	FALSE	patient	TCGA-MP-A4T4	TCGA-MP-A4T4
ZNF540	CIS-BP2.00|000701|M07634_2.00	1.0	1.0	761.0	3584.0	5916.1	27602.0	-0.016618375902379218	FALSE	patient	TCGA-MP-A4T4	TCGA-MP-A4T4
ZNF33B	CIS-BP2.00|000777|M07710_2.00	1.0	1.0	1213.0	3584.0	9488.9	27602.0	-0.03394123159610626	FALSE	patient	TCGA-MP-A4T4	TCGA-MP-A4T4
ZNF19	CIS-BP2.00|000670|M07603_2.00	1.0	1.0	3563.0	3584.0	27459.6	27602.0	-0.21337269829520372	FALSE	patient	TCGA-MP-A4T4	TCGA-MP-A4T4
E2F5	CIS-BP2.00|000940|M08109_2.00	1.0	1.0	3046.0	3584.0	23749.0	27602.0	-0.12352135405106829	FALSE	patient	TCGA-MP-A4T4	TCGA-MP-A4T4
ZNF254	CIS-BP2.00|000827|M07760_2.00	1.0	1.0	500.0	3584.0	4550.6	27602.0	-0.28299619739510573	FALSE	patient	TCGA-MP-A4T4	TCGA-MP-A4T4
CEBPB	JASPAR2024|000235|MA0466.4	1e-09	0.0	317.0	3586.0	1714.9	27571.0	0.5496741239925859	TRUE	patient	TCGA-MP-A4T7	TCGA-MP-A4T7
ELF3	JASPAR2024|000276|MA0640.3	0.0001	0.0005	3582.0	3586.0	27470.8	27571.0	1.5451082978682862	FALSE	patient	TCGA-MP-A4T7	TCGA-MP-A4T7
XBP1	JASPAR2024|000675|MA0844.2	0.001	0.0018	1716.0	3586.0	12405.3	27571.0	0.16589077288316215	FALSE	patient	TCGA-MP-A4T7	TCGA-MP-A4T7
FOXD2	JASPAR2024|000361|MA0847.4	0.01	0.0079	1386.0	3586.0	10003.5	27571.0	0.14598924146916115	FALSE	patient	TCGA-MP-A4T7	TCGA-MP-A4T7
ZNF75D	JASPAR2024|000169|MA1601.2	0.1	0.0435	2557.0	3586.0	19187.1	27571.0	0.11839559182177097	FALSE	patient	TCGA-MP-A4T7	TCGA-MP-A4T7
ETV1	JASPAR2024|000311|MA0761.3	0.1	0.0435	3569.0	3586.0	27381.1	27571.0	0.5041938079265202	FALSE	patient	TCGA-MP-A4T7	TCGA-MP-A4T7
CREB3L2	JASPAR2024|000025|MA0608.1	0.1	0.0465	1844.0	3586.0	13691.4	27571.0	0.10176643422594163	FALSE	patient	TCGA-MP-A4T7	TCGA-MP-A4T7
NFATC4	JASPAR2024|000506|MA1525.3	0.1	0.0679	2543.0	3586.0	19156.6	27571.0	0.09852334337984188	FALSE	patient	TCGA-MP-A4T7	TCGA-MP-A4T7
ETV1	JASPAR2024|000652|MA1966.2	1.0	0.2527	3480.0	3586.0	26678.5	27571.0	0.1294686334805479	FALSE	patient	TCGA-MP-A4T7	TCGA-MP-A4T7
ZNF341	JASPAR2024|000712|MA1655.2	1.0	0.5618	3583.0	3586.0	27563.8	27571.0	-1.8058561810347111	FALSE	patient	TCGA-MP-A4T7	TCGA-MP-A4T7
NR3C2	JASPAR2024|000539|MA0727.2	1.0	0.6682	246.0	3586.0	1846.2	27571.0	0.03976197246442431	FALSE	patient	TCGA-MP-A4T7	TCGA-MP-A4T7
ZBTB18	JASPAR2024|000681|MA0698.2	1.0	0.6682	2058.0	3586.0	15760.5	27571.0	0.013248941311364334	FALSE	patient	TCGA-MP-A4T7	TCGA-MP-A4T7
FOXA3	JASPAR2024|000358|MA1683.2	1.0	0.6682	3174.0	3586.0	24381.1	27571.0	0.010079770002381777	FALSE	patient	TCGA-MP-A4T7	TCGA-MP-A4T7
FOXA1	JASPAR2024|000356|MA0148.5	1.0	0.6682	2878.0	3586.0	22106.4	27571.0	0.006300520065197912	FALSE	patient	TCGA-MP-A4T7	TCGA-MP-A4T7
FOXA2	JASPAR2024|000357|MA0047.4	1.0	0.6682	2797.0	3586.0	21486.4	27571.0	0.005022482437031162	FALSE	patient	TCGA-MP-A4T7	TCGA-MP-A4T7
ZNF281	JASPAR2024|000706|MA1630.3	1.0	0.6682	2947.0	3586.0	22644.4	27571.0	0.004100038407424632	FALSE	patient	TCGA-MP-A4T7	TCGA-MP-A4T7
CEBPA	JASPAR2024|000234|MA0102.5	1.0	0.6682	2583.0	3586.0	19860.4	27571.0	-0.000636150703610423	FALSE	patient	TCGA-MP-A4T7	TCGA-MP-A4T7
NKX2-1	JASPAR2024|000822|MA1994.2	1.0	0.6682	3411.0	3586.0	26252.2	27571.0	-0.03375795976693306	FALSE	patient	TCGA-MP-A4T7	TCGA-MP-A4T7
HNF4A	JASPAR2024|000409|MA1494.2	1.0	0.8273	393.0	3586.0	3119.1	27571.0	-0.050159798641251	FALSE	patient	TCGA-MP-A4T7	TCGA-MP-A4T7
GATA6	JASPAR2024|000382|MA1104.3	1.0	1.0	2913.0	3586.0	22737.6	27571.0	-0.1208487143459902	FALSE	patient	TCGA-MP-A4T7	TCGA-MP-A4T7
HNF4A	JASPAR2024|000410|MA0114.5	1.0	1.0	3416.0	3586.0	26484.1	27571.0	-0.2815235987967649	FALSE	patient	TCGA-MP-A4T7	TCGA-MP-A4T7
ZNF444	CIS-BP2.00|000420|M04529_2.00	1e-06	0.0	1428.0	3586.0	9866.8	27611.0	0.25113284963290944	TRUE	patient	TCGA-MP-A4T7	TCGA-MP-A4T7
ZNF19	CIS-BP2.00|000670|M07603_2.00	0.1	0.1083	3574.0	3586.0	27444.7	27611.0	0.7973787935161055	FALSE	patient	TCGA-MP-A4T7	TCGA-MP-A4T7
ZNF141	CIS-BP2.00|000653|M07586_2.00	1.0	0.3137	2606.0	3586.0	19829.9	27611.0	0.060949273897461805	FALSE	patient	TCGA-MP-A4T7	TCGA-MP-A4T7
ZNF33A	CIS-BP2.00|000762|M07695_2.00	1.0	0.3679	3273.0	3586.0	25066.5	27611.0	0.08424484637140876	FALSE	patient	TCGA-MP-A4T7	TCGA-MP-A4T7
ZNF33B	CIS-BP2.00|000777|M07710_2.00	1.0	0.4991	1252.0	3586.0	9497.3	27611.0	0.03315282443232471	FALSE	patient	TCGA-MP-A4T7	TCGA-MP-A4T7
E2F5	CIS-BP2.00|000940|M08109_2.00	1.0	1.0	3079.0	3586.0	23753.6	27611.0	-0.021072492794114706	FALSE	patient	TCGA-MP-A4T7	TCGA-MP-A4T7
ZNF540	CIS-BP2.00|000701|M07634_2.00	1.0	1.0	744.0	3586.0	5867.1	27611.0	-0.04301512413150582	FALSE	patient	TCGA-MP-A4T7	TCGA-MP-A4T7
ZNF254	CIS-BP2.00|000827|M07760_2.00	1.0	1.0	524.0	3586.0	4569.2	27611.0	-0.21158179840106756	FALSE	patient	TCGA-MP-A4T7	TCGA-MP-A4T7
CEBPB	JASPAR2024|000235|MA0466.4	1e-10	0.0	326.0	3582.0	1720.1	27522.0	0.5883542858133877	TRUE	patient	TCGA-MP-A4TE	TCGA-MP-A4TE
FOXD2	JASPAR2024|000361|MA0847.4	0.01	0.0256	1390.0	3582.0	10044.7	27522.0	0.14204421210988968	FALSE	patient	TCGA-MP-A4TE	TCGA-MP-A4TE
NFATC4	JASPAR2024|000506|MA1525.3	0.01	0.0318	2558.0	3582.0	19088.5	27522.0	0.141925648305061	FALSE	patient	TCGA-MP-A4TE	TCGA-MP-A4TE
ZNF75D	JASPAR2024|000169|MA1601.2	0.01	0.0318	2556.0	3582.0	19093.0	27522.0	0.13687377803611747	FALSE	patient	TCGA-MP-A4TE	TCGA-MP-A4TE
XBP1	JASPAR2024|000675|MA0844.2	0.1	0.0663	1683.0	3582.0	12427.9	27522.0	0.10623595623701747	FALSE	patient	TCGA-MP-A4TE	TCGA-MP-A4TE
CEBPA	JASPAR2024|000234|MA0102.5	0.1	0.1204	2633.0	3582.0	19840.5	27522.0	0.10281068260988215	FALSE	patient	TCGA-MP-A4TE	TCGA-MP-A4TE
CREB3L2	JASPAR2024|000025|MA0608.1	0.1	0.223	1830.0	3582.0	13716.8	27522.0	0.07209082787451182	FALSE	patient	TCGA-MP-A4TE	TCGA-MP-A4TE
FOXA2	JASPAR2024|000357|MA0047.4	0.1	0.2558	2827.0	3582.0	21457.5	27522.0	0.08108729867953256	FALSE	patient	TCGA-MP-A4TE	TCGA-MP-A4TE
ETV1	JASPAR2024|000652|MA1966.2	1.0	0.3733	3479.0	3582.0	26629.2	27522.0	0.1734297309493337	FALSE	patient	TCGA-MP-A4TE	TCGA-MP-A4TE
ELF3	JASPAR2024|000276|MA0640.3	1.0	0.3733	3573.0	3582.0	27402.7	27522.0	0.7176219045642629	FALSE	patient	TCGA-MP-A4TE	TCGA-MP-A4TE
FOXA3	JASPAR2024|000358|MA1683.2	1.0	0.3733	3189.0	3582.0	24342.1	27522.0	0.08269159937953387	FALSE	patient	TCGA-MP-A4TE	TCGA-MP-A4TE
NR3C2	JASPAR2024|000539|MA0727.2	1.0	0.3733	255.0	3582.0	1856.5	27522.0	0.08576928175364835	FALSE	patient	TCGA-MP-A4TE	TCGA-MP-A4TE
FOXA1	JASPAR2024|000356|MA0148.5	1.0	0.5315	2889.0	3582.0	22098.2	27522.0	0.03239945600552142	FALSE	patient	TCGA-MP-A4TE	TCGA-MP-A4TE
ETV1	JASPAR2024|000311|MA0761.3	1.0	0.6152	3559.0	3582.0	27314.4	27522.0	0.20660266820492942	FALSE	patient	TCGA-MP-A4TE	TCGA-MP-A4TE
ZBTB18	JASPAR2024|000681|MA0698.2	1.0	0.8518	2055.0	3582.0	15838.9	27522.0	-0.010715823000835605	FALSE	patient	TCGA-MP-A4TE	TCGA-MP-A4TE
NKX2-1	JASPAR2024|000822|MA1994.2	1.0	0.9642	3404.0	3582.0	26195.4	27522.0	-0.049545084753409636	FALSE	patient	TCGA-MP-A4TE	TCGA-MP-A4TE
GATA6	JASPAR2024|000382|MA1104.3	1.0	1.0	2922.0	3582.0	22597.9	27522.0	-0.05256962142879715	FALSE	patient	TCGA-MP-A4TE	TCGA-MP-A4TE
ZNF341	JASPAR2024|000712|MA1655.2	1.0	1.0	3580.0	3582.0	27500.8	27522.0	0.1764281977687357	FALSE	patient	TCGA-MP-A4TE	TCGA-MP-A4TE
HNF4A	JASPAR2024|000409|MA1494.2	1.0	1.0	380.0	3582.0	3102.3	27522.0	-0.09679780763490396	FALSE	patient	TCGA-MP-A4TE	TCGA-MP-A4TE
HNF4A	JASPAR2024|000410|MA0114.5	1.0	1.0	3427.0	3582.0	26440.9	27522.0	-0.14938942325341492	FALSE	patient	TCGA-MP-A4TE	TCGA-MP-A4TE
ZNF281	JASPAR2024|000706|MA1630.3	1.0	1.0	2895.0	3582.0	22561.3	27522.0	-0.11074027096944182	FALSE	patient	TCGA-MP-A4TE	TCGA-MP-A4TE
ZNF444	CIS-BP2.00|000420|M04529_2.00	0.01	0.0069	1354.0	3584.0	9715.7	27563.0	0.15767540548583997	FALSE	patient	TCGA-MP-A4TE	TCGA-MP-A4TE
ZNF19	CIS-BP2.00|000670|M07603_2.00	1.0	0.2417	3571.0	3584.0	27375.4	27563.0	0.8621641679104171	FALSE	patient	TCGA-MP-A4TE	TCGA-MP-A4TE
ZNF33A	CIS-BP2.00|000762|M07695_2.00	1.0	0.4429	3277.0	3584.0	25050.7	27563.0	0.09642550519280375	FALSE	patient	TCGA-MP-A4TE	TCGA-MP-A4TE
ZNF540	CIS-BP2.00|000701|M07634_2.00	1.0	0.5362	781.0	3584.0	5892.7	27563.0	0.03571798804822761	FALSE	patient	TCGA-MP-A4TE	TCGA-MP-A4TE
ZNF141	CIS-BP2.00|000653|M07586_2.00	1.0	0.8981	2569.0	3584.0	19786.8	27563.0	-0.008047365446987658	FALSE	patient	TCGA-MP-A4TE	TCGA-MP-A4TE
E2F5	CIS-BP2.00|000940|M08109_2.00	1.0	1.0	3063.0	3584.0	23670.1	27563.0	-0.04955210540049049	FALSE	patient	TCGA-MP-A4TE	TCGA-MP-A4TE
ZNF33B	CIS-BP2.00|000777|M07710_2.00	1.0	1.0	1196.0	3584.0	9421.8	27563.0	-0.05212599978439125	FALSE	patient	TCGA-MP-A4TE	TCGA-MP-A4TE
ZNF254	CIS-BP2.00|000827|M07760_2.00	1.0	1.0	490.0	3584.0	4545.1	27563.0	-0.31713636635511067	FALSE	patient	TCGA-MP-A4TE	TCGA-MP-A4TE
XBP1	JASPAR2024|000675|MA0844.2	0.0001	0.0004	1740.0	3584.0	12432.6	27573.0	0.20053693426811164	FALSE	patient	TCGA-MP-A4TF	TCGA-MP-A4TF
NFATC4	JASPAR2024|000506|MA1525.3	0.001	0.0036	2591.0	3584.0	19217.4	27573.0	0.1816464870000384	FALSE	patient	TCGA-MP-A4TF	TCGA-MP-A4TF
CREB3L2	JASPAR2024|000025|MA0608.1	0.001	0.0063	1880.0	3584.0	13741.1	27573.0	0.151269207096655	FALSE	patient	TCGA-MP-A4TF	TCGA-MP-A4TF
CEBPB	JASPAR2024|000235|MA0466.4	0.01	0.0104	263.0	3584.0	1693.9	27573.0	0.277008871937877	FALSE	patient	TCGA-MP-A4TF	TCGA-MP-A4TF
ELF3	JASPAR2024|000276|MA0640.3	0.01	0.0172	3579.0	3584.0	27462.4	27573.0	1.3966293948685136	FALSE	patient	TCGA-MP-A4TF	TCGA-MP-A4TF
ETV1	JASPAR2024|000311|MA0761.3	0.1	0.0739	3569.0	3584.0	27380.1	27573.0	0.7018875201013782	FALSE	patient	TCGA-MP-A4TF	TCGA-MP-A4TF
ZNF281	JASPAR2024|000706|MA1630.3	0.1	0.1897	2980.0	3584.0	22654.1	27573.0	0.0984903820590472	FALSE	patient	TCGA-MP-A4TF	TCGA-MP-A4TF
ZNF75D	JASPAR2024|000169|MA1601.2	0.1	0.2537	2543.0	3584.0	19286.6	27573.0	0.06942043617667819	FALSE	patient	TCGA-MP-A4TF	TCGA-MP-A4TF
CEBPA	JASPAR2024|000234|MA0102.5	0.1	0.2537	2611.0	3584.0	19815.5	27573.0	0.07071672693700995	FALSE	patient	TCGA-MP-A4TF	TCGA-MP-A4TF
NR3C2	JASPAR2024|000539|MA0727.2	1.0	0.2537	263.0	3584.0	1876.1	27573.0	0.11946927549161193	FALSE	patient	TCGA-MP-A4TF	TCGA-MP-A4TF
FOXD2	JASPAR2024|000361|MA0847.4	1.0	0.4383	1322.0	3584.0	10003.1	27573.0	0.03797768887398511	FALSE	patient	TCGA-MP-A4TF	TCGA-MP-A4TF
ZBTB18	JASPAR2024|000681|MA0698.2	1.0	0.4786	2060.0	3584.0	15707.4	27573.0	0.03001384072828342	FALSE	patient	TCGA-MP-A4TF	TCGA-MP-A4TF
GATA6	JASPAR2024|000382|MA1104.3	1.0	0.6533	2954.0	3584.0	22679.8	27573.0	0.015903567086098025	FALSE	patient	TCGA-MP-A4TF	TCGA-MP-A4TF
FOXA1	JASPAR2024|000356|MA0148.5	1.0	0.7504	2878.0	3584.0	22137.6	27573.0	0.0006151596233740122	FALSE	patient	TCGA-MP-A4TF	TCGA-MP-A4TF
HNF4A	JASPAR2024|000409|MA1494.2	1.0	0.7504	406.0	3584.0	3121.9	27573.0	0.002182767559570642	FALSE	patient	TCGA-MP-A4TF	TCGA-MP-A4TF
FOXA2	JASPAR2024|000357|MA0047.4	1.0	0.8271	2788.0	3584.0	21508.4	27573.0	-0.018587403285280232	FALSE	patient	TCGA-MP-A4TF	TCGA-MP-A4TF
FOXA3	JASPAR2024|000358|MA1683.2	1.0	0.8806	3163.0	3584.0	24412.2	27573.0	-0.04112494855749721	FALSE	patient	TCGA-MP-A4TF	TCGA-MP-A4TF
ZNF341	JASPAR2024|000712|MA1655.2	1.0	0.8806	3581.0	3584.0	27553.2	27573.0	-0.4075573141606321	FALSE	patient	TCGA-MP-A4TF	TCGA-MP-A4TF
NKX2-1	JASPAR2024|000822|MA1994.2	1.0	0.8806	3406.0	3584.0	26269.0	27573.0	-0.07752566455886965	FALSE	patient	TCGA-MP-A4TF	TCGA-MP-A4TF
HNF4A	JASPAR2024|000410|MA0114.5	1.0	0.9571	3429.0	3584.0	26498.5	27573.0	-0.1605175821987913	FALSE	patient	TCGA-MP-A4TF	TCGA-MP-A4TF
ETV1	JASPAR2024|000652|MA1966.2	1.0	0.9935	3440.0	3584.0	26671.2	27573.0	-0.31208194039196435	FALSE	patient	TCGA-MP-A4TF	TCGA-MP-A4TF
ZNF444	CIS-BP2.00|000420|M04529_2.00	1e-06	0.0	1435.0	3584.0	9925.9	27571.0	0.24751821026293255	TRUE	patient	TCGA-MP-A4TF	TCGA-MP-A4TF
ZNF141	CIS-BP2.00|000653|M07586_2.00	1.0	0.3308	2611.0	3584.0	19848.2	27571.0	0.061870616087439254	FALSE	patient	TCGA-MP-A4TF	TCGA-MP-A4TF
ZNF19	CIS-BP2.00|000670|M07603_2.00	1.0	0.9872	3566.0	3584.0	27432.5	27571.0	-0.0338438143418381	FALSE	patient	TCGA-MP-A4TF	TCGA-MP-A4TF
ZNF33A	CIS-BP2.00|000762|M07695_2.00	1.0	0.9872	3259.0	3584.0	25088.2	27571.0	-0.012786026233065217	FALSE	patient	TCGA-MP-A4TF	TCGA-MP-A4TF
ZNF540	CIS-BP2.00|000701|M07634_2.00	1.0	1.0	762.0	3584.0	5939.0	27571.0	-0.02337732770962263	FALSE	patient	TCGA-MP-A4TF	TCGA-MP-A4TF
E2F5	CIS-BP2.00|000940|M08109_2.00	1.0	1.0	3077.0	3584.0	23764.3	27571.0	-0.04174486622354355	FALSE	patient	TCGA-MP-A4TF	TCGA-MP-A4TF
ZNF33B	CIS-BP2.00|000777|M07710_2.00	1.0	1.0	1211.0	3584.0	9483.3	27571.0	-0.03870993975120314	FALSE	patient	TCGA-MP-A4TF	TCGA-MP-A4TF
ZNF254	CIS-BP2.00|000827|M07760_2.00	1.0	1.0	532.0	3584.0	4508.0	27571.0	-0.16424582578958397	FALSE	patient	TCGA-MP-A4TF	TCGA-MP-A4TF
FOXD2	JASPAR2024|000361|MA0847.4	0.001	0.0032	1402.0	3584.0	9987.2	27597.0	0.1802142104900947	FALSE	patient	TCGA-NJ-A4YG	TCGA-NJ-A4YG
CREB3L2	JASPAR2024|000025|MA0608.1	0.01	0.0107	1866.0	3584.0	13653.8	27597.0	0.14944373718618115	FALSE	patient	TCGA-NJ-A4YG	TCGA-NJ-A4YG
CEBPB	JASPAR2024|000235|MA0466.4	0.01	0.0107	266.0	3584.0	1702.5	27597.0	0.2881993822060234	FALSE	patient	TCGA-NJ-A4YG	TCGA-NJ-A4YG
NFATC4	JASPAR2024|000506|MA1525.3	0.01	0.0238	2556.0	3584.0	19125.8	27597.0	0.138793828747729	FALSE	patient	TCGA-NJ-A4YG	TCGA-NJ-A4YG
XBP1	JASPAR2024|000675|MA0844.2	0.1	0.1135	1663.0	3584.0	12359.4	27597.0	0.09400484697833865	FALSE	patient	TCGA-NJ-A4YG	TCGA-NJ-A4YG
ZNF75D	JASPAR2024|000169|MA1601.2	0.1	0.1715	2543.0	3584.0	19227.0	27597.0	0.08836677000827317	FALSE	patient	TCGA-NJ-A4YG	TCGA-NJ-A4YG
ETV1	JASPAR2024|000311|MA0761.3	0.1	0.1936	3566.0	3584.0	27396.9	27597.0	0.4972663201491726	FALSE	patient	TCGA-NJ-A4YG	TCGA-NJ-A4YG
ELF3	JASPAR2024|000276|MA0640.3	0.1	0.1936	3575.0	3584.0	27481.8	27597.0	0.6640317005135207	FALSE	patient	TCGA-NJ-A4YG	TCGA-NJ-A4YG
ZNF341	JASPAR2024|000712|MA1655.2	0.1	0.1936	3584.0	3584.0	27576.2	27597.0	2.469175497358102	FALSE	patient	TCGA-NJ-A4YG	TCGA-NJ-A4YG
NKX2-1	JASPAR2024|000822|MA1994.2	0.1	0.2051	3430.0	3584.0	26280.1	27597.0	0.15450727005060128	FALSE	patient	TCGA-NJ-A4YG	TCGA-NJ-A4YG
CEBPA	JASPAR2024|000234|MA0102.5	1.0	0.2635	2611.0	3584.0	19875.4	27597.0	0.059670773338227574	FALSE	patient	TCGA-NJ-A4YG	TCGA-NJ-A4YG
FOXA3	JASPAR2024|000358|MA1683.2	1.0	0.3202	3186.0	3584.0	24394.9	27597.0	0.07002741676754469	FALSE	patient	TCGA-NJ-A4YG	TCGA-NJ-A4YG
FOXA2	JASPAR2024|000357|MA0047.4	1.0	0.3202	2815.0	3584.0	21507.5	27597.0	0.051038675742047276	FALSE	patient	TCGA-NJ-A4YG	TCGA-NJ-A4YG
FOXA1	JASPAR2024|000356|MA0148.5	1.0	0.3493	2890.0	3584.0	22114.5	27597.0	0.045284609546268145	FALSE	patient	TCGA-NJ-A4YG	TCGA-NJ-A4YG
NR3C2	JASPAR2024|000539|MA0727.2	1.0	0.5088	246.0	3584.0	1852.0	27597.0	0.03723435264098727	FALSE	patient	TCGA-NJ-A4YG	TCGA-NJ-A4YG
ZBTB18	JASPAR2024|000681|MA0698.2	1.0	0.7768	2045.0	3584.0	15795.2	27597.0	-0.010472167471027343	FALSE	patient	TCGA-NJ-A4YG	TCGA-NJ-A4YG
ETV1	JASPAR2024|000652|MA1966.2	1.0	0.8332	3462.0	3584.0	26689.0	27597.0	-0.055681536837218215	FALSE	patient	TCGA-NJ-A4YG	TCGA-NJ-A4YG
GATA6	JASPAR2024|000382|MA1104.3	1.0	0.9884	2931.0	3584.0	22744.5	27597.0	-0.06322075381377872	FALSE	patient	TCGA-NJ-A4YG	TCGA-NJ-A4YG
ZNF281	JASPAR2024|000706|MA1630.3	1.0	0.9884	2918.0	3584.0	22654.7	27597.0	-0.06589150206674899	FALSE	patient	TCGA-NJ-A4YG	TCGA-NJ-A4YG
HNF4A	JASPAR2024|000409|MA1494.2	1.0	0.9884	379.0	3584.0	3115.7	27597.0	-0.10452771802588799	FALSE	patient	TCGA-NJ-A4YG	TCGA-NJ-A4YG
HNF4A	JASPAR2024|000410|MA0114.5	1.0	0.9884	3424.0	3584.0	26514.6	27597.0	-0.1985941026274027	FALSE	patient	TCGA-NJ-A4YG	TCGA-NJ-A4YG
ZNF444	CIS-BP2.00|000420|M04529_2.00	0.01	0.0146	1353.0	3584.0	9825.9	27593.0	0.13319502738885935	FALSE	patient	TCGA-NJ-A4YG	TCGA-NJ-A4YG
ZNF540	CIS-BP2.00|000701|M07634_2.00	0.1	0.2044	796.0	3584.0	5836.5	27593.0	0.09043766445715903	FALSE	patient	TCGA-NJ-A4YG	TCGA-NJ-A4YG
ZNF33A	CIS-BP2.00|000762|M07695_2.00	1.0	0.3006	3283.0	3584.0	25109.2	27593.0	0.10767106267719923	FALSE	patient	TCGA-NJ-A4YG	TCGA-NJ-A4YG
ZNF141	CIS-BP2.00|000653|M07586_2.00	1.0	0.4676	2594.0	3584.0	19853.7	27593.0	0.030151617255652727	FALSE	patient	TCGA-NJ-A4YG	TCGA-NJ-A4YG
ZNF19	CIS-BP2.00|000670|M07603_2.00	1.0	0.6538	3567.0	3584.0	27454.2	27593.0	0.048700618674006234	FALSE	patient	TCGA-NJ-A4YG	TCGA-NJ-A4YG
E2F5	CIS-BP2.00|000940|M08109_2.00	1.0	1.0	3060.0	3584.0	23736.5	27593.0	-0.07683387022497684	FALSE	patient	TCGA-NJ-A4YG	TCGA-NJ-A4YG
ZNF33B	CIS-BP2.00|000777|M07710_2.00	1.0	1.0	1195.0	3584.0	9476.7	27593.0	-0.06429927406813707	FALSE	patient	TCGA-NJ-A4YG	TCGA-NJ-A4YG
ZNF254	CIS-BP2.00|000827|M07760_2.00	1.0	1.0	511.0	3584.0	4597.3	27593.0	-0.26469647346974023	FALSE	patient	TCGA-NJ-A4YG	TCGA-NJ-A4YG
NFATC4	JASPAR2024|000506|MA1525.3	1e-06	0.0	2637.0	3584.0	19030.7	27218.0	0.26015448053127727	TRUE	PDX	MGH10022	MGH10022
CEBPB	JASPAR2024|000235|MA0466.4	0.0001	0.0001	297.0	3584.0	1764.4	27218.0	0.3842103879668054	FALSE	PDX	MGH10022	MGH10022
XBP1	JASPAR2024|000675|MA0844.2	0.001	0.0064	1756.0	3584.0	12624.2	27218.0	0.15119885946028547	FALSE	PDX	MGH10022	MGH10022
FOXA1	JASPAR2024|000356|MA0148.5	0.1	0.0638	2900.0	3584.0	21607.3	27218.0	0.13800822198801946	FALSE	PDX	MGH10022	MGH10022
ZNF75D	JASPAR2024|000169|MA1601.2	0.1	0.0683	2521.0	3584.0	18691.7	27218.0	0.1131021363233659	FALSE	PDX	MGH10022	MGH10022
FOXA3	JASPAR2024|000358|MA1683.2	0.1	0.1204	3181.0	3584.0	23883.3	27218.0	0.1388793324190918	FALSE	PDX	MGH10022	MGH10022
CREB3L2	JASPAR2024|000025|MA0608.1	0.1	0.1451	1843.0	3584.0	13614.4	27218.0	0.08097207358099429	FALSE	PDX	MGH10022	MGH10022
FOXA2	JASPAR2024|000357|MA0047.4	0.1	0.1594	2791.0	3584.0	20894.8	27218.0	0.0904007880787284	FALSE	PDX	MGH10022	MGH10022
CEBPA	JASPAR2024|000234|MA0102.5	0.1	0.1594	2596.0	3584.0	19403.6	27218.0	0.08119315232333117	FALSE	PDX	MGH10022	MGH10022
ELF3	JASPAR2024|000276|MA0640.3	0.1	0.1594	3575.0	3584.0	27103.7	27218.0	0.672751801401692	FALSE	PDX	MGH10022	MGH10022
ETV1	JASPAR2024|000311|MA0761.3	1.0	0.4873	3561.0	3584.0	27011.4	27218.0	0.216556665380982	FALSE	PDX	MGH10022	MGH10022
GATA6	JASPAR2024|000382|MA1104.3	1.0	0.8886	2941.0	3584.0	22332.9	27218.0	-5.5263296144293844e-05	FALSE	PDX	MGH10022	MGH10022
ZNF281	JASPAR2024|000706|MA1630.3	1.0	0.9071	2888.0	3584.0	21954.5	27218.0	-0.008192903539789725	FALSE	PDX	MGH10022	MGH10022
ZNF341	JASPAR2024|000712|MA1655.2	1.0	0.9071	3582.0	3584.0	27198.0	27218.0	0.11113543043729096	FALSE	PDX	MGH10022	MGH10022
HNF4A	JASPAR2024|000410|MA0114.5	1.0	0.9678	3423.0	3584.0	26035.4	27218.0	-0.053992409896093246	FALSE	PDX	MGH10022	MGH10022
NR3C2	JASPAR2024|000539|MA0727.2	1.0	0.9881	222.0	3584.0	1759.5	27218.0	-0.06312860748902732	FALSE	PDX	MGH10022	MGH10022
FOXD2	JASPAR2024|000361|MA0847.4	1.0	0.9881	1263.0	3584.0	9742.5	27218.0	-0.03469457665010652	FALSE	PDX	MGH10022	MGH10022
HNF4A	JASPAR2024|000409|MA1494.2	1.0	0.9881	372.0	3584.0	2944.5	27218.0	-0.06531179967675876	FALSE	PDX	MGH10022	MGH10022
NKX2-1	JASPAR2024|000822|MA1994.2	1.0	1.0	3380.0	3584.0	25834.9	27218.0	-0.17578649784621483	FALSE	PDX	MGH10022	MGH10022
ETV1	JASPAR2024|000652|MA1966.2	1.0	1.0	3445.0	3584.0	26298.1	27218.0	-0.2102048759616456	FALSE	PDX	MGH10022	MGH10022
ZBTB18	JASPAR2024|000681|MA0698.2	1.0	1.0	1875.0	3584.0	14955.4	27218.0	-0.15269016448512826	FALSE	PDX	MGH10022	MGH10022
ZNF33A	CIS-BP2.00|000762|M07695_2.00	0.01	0.0498	3271.0	3584.0	24477.5	27219.0	0.22522971281608273	FALSE	PDX	MGH10022	MGH10022
ZNF444	CIS-BP2.00|000420|M04529_2.00	0.1	0.0763	1286.0	3584.0	9272.3	27219.0	0.11544062940182441	FALSE	PDX	MGH10022	MGH10022
ZNF19	CIS-BP2.00|000670|M07603_2.00	1.0	0.5766	3569.0	3584.0	27078.3	27219.0	0.2640300679438634	FALSE	PDX	MGH10022	MGH10022
ZNF141	CIS-BP2.00|000653|M07586_2.00	1.0	0.8432	2537.0	3584.0	19254.3	27219.0	0.003021932735848853	FALSE	PDX	MGH10022	MGH10022
E2F5	CIS-BP2.00|000940|M08109_2.00	1.0	1.0	3085.0	3584.0	23578.3	27219.0	-0.06805669449509294	FALSE	PDX	MGH10022	MGH10022
ZNF540	CIS-BP2.00|000701|M07634_2.00	1.0	1.0	755.0	3584.0	5919.5	27219.0	-0.05785912743368756	FALSE	PDX	MGH10022	MGH10022
ZNF254	CIS-BP2.00|000827|M07760_2.00	1.0	1.0	536.0	3584.0	4352.9	27219.0	-0.11342208967022305	FALSE	PDX	MGH10022	MGH10022
ZNF33B	CIS-BP2.00|000777|M07710_2.00	1.0	1.0	1170.0	3584.0	9392.9	27219.0	-0.12028730966161806	FALSE	PDX	MGH10022	MGH10022
XBP1	JASPAR2024|000675|MA0844.2	1e-11	0.0	1953.0	3584.0	12793.8	26185.0	0.3257001652915518	TRUE	PDX	MGH1062	MGH1062
CEBPB	JASPAR2024|000235|MA0466.4	1e-08	0.0	344.0	3584.0	1824.5	26185.0	0.5049644408435539	TRUE	PDX	MGH1062	MGH1062
NFATC4	JASPAR2024|000506|MA1525.3	1e-06	0.0	2683.0	3584.0	18616.4	26185.0	0.2752973019430075	TRUE	PDX	MGH1062	MGH1062
ZNF75D	JASPAR2024|000169|MA1601.2	0.0001	0.0005	2497.0	3584.0	17473.7	26185.0	0.19528560815877663	FALSE	PDX	MGH1062	MGH1062
NKX2-1	JASPAR2024|000822|MA1994.2	0.001	0.0015	3422.0	3584.0	24662.3	26185.0	0.37937960700304	FALSE	PDX	MGH1062	MGH1062
HNF4A	JASPAR2024|000410|MA0114.5	0.01	0.0094	3440.0	3584.0	24869.4	26185.0	0.3334171566030004	FALSE	PDX	MGH1062	MGH1062
FOXA3	JASPAR2024|000358|MA1683.2	0.01	0.0094	3184.0	3584.0	22858.1	26185.0	0.21092289127085323	FALSE	PDX	MGH1062	MGH1062
ZNF281	JASPAR2024|000706|MA1630.3	0.01	0.0094	2942.0	3584.0	21021.8	26185.0	0.16983062674094876	FALSE	PDX	MGH1062	MGH1062
GATA6	JASPAR2024|000382|MA1104.3	0.01	0.0127	2977.0	3584.0	21316.8	26185.0	0.16272898535713634	FALSE	PDX	MGH1062	MGH1062
FOXA2	JASPAR2024|000357|MA0047.4	0.01	0.0178	2778.0	3584.0	19847.0	26185.0	0.13781587895525438	FALSE	PDX	MGH1062	MGH1062
FOXA1	JASPAR2024|000356|MA0148.5	0.1	0.0259	2889.0	3584.0	20712.6	26185.0	0.13453136237465618	FALSE	PDX	MGH1062	MGH1062
CEBPA	JASPAR2024|000234|MA0102.5	0.1	0.0733	2557.0	3584.0	18331.6	26185.0	0.09270491952141019	FALSE	PDX	MGH1062	MGH1062
CREB3L2	JASPAR2024|000025|MA0608.1	0.1	0.0898	1891.0	3584.0	13463.7	26185.0	0.07769708866358811	FALSE	PDX	MGH1062	MGH1062
ELF3	JASPAR2024|000276|MA0640.3	1.0	0.3926	3571.0	3584.0	26065.9	26185.0	0.2795967558818714	FALSE	PDX	MGH1062	MGH1062
ETV1	JASPAR2024|000311|MA0761.3	1.0	0.6726	3554.0	3584.0	25957.4	26185.0	0.03433016515181875	FALSE	PDX	MGH1062	MGH1062
ZNF341	JASPAR2024|000712|MA1655.2	1.0	0.8461	3581.0	3584.0	26161.1	26185.0	-0.06736060858568278	FALSE	PDX	MGH1062	MGH1062
ETV1	JASPAR2024|000652|MA1966.2	1.0	0.9911	3444.0	3584.0	25226.6	26185.0	-0.1017976471084841	FALSE	PDX	MGH1062	MGH1062
HNF4A	JASPAR2024|000409|MA1494.2	1.0	0.9911	360.0	3584.0	2745.9	26185.0	-0.06767002230621919	FALSE	PDX	MGH1062	MGH1062
FOXD2	JASPAR2024|000361|MA0847.4	1.0	1.0	1255.0	3584.0	9550.3	26185.0	-0.09121257765808945	FALSE	PDX	MGH1062	MGH1062
ZBTB18	JASPAR2024|000681|MA0698.2	1.0	1.0	1739.0	3584.0	13262.2	26185.0	-0.12273905240634331	FALSE	PDX	MGH1062	MGH1062
NR3C2	JASPAR2024|000539|MA0727.2	1.0	1.0	197.0	3584.0	1737.8	26185.0	-0.2863466354510539	FALSE	PDX	MGH1062	MGH1062
E2F5	CIS-BP2.00|000940|M08109_2.00	0.001	0.0027	3212.0	3584.0	22965.8	26183.0	0.27296740324661295	FALSE	PDX	MGH1062	MGH1062
ZNF19	CIS-BP2.00|000670|M07603_2.00	0.01	0.0426	3573.0	3584.0	26026.1	26183.0	0.9101526112020417	FALSE	PDX	MGH1062	MGH1062
ZNF33A	CIS-BP2.00|000762|M07695_2.00	1.0	0.2951	3208.0	3584.0	23282.6	26183.0	0.08646652513996797	FALSE	PDX	MGH1062	MGH1062
ZNF141	CIS-BP2.00|000653|M07586_2.00	1.0	0.6524	2543.0	3584.0	18537.5	26183.0	0.010443755071650485	FALSE	PDX	MGH1062	MGH1062
ZNF444	CIS-BP2.00|000420|M04529_2.00	1.0	0.849	1198.0	3584.0	8829.5	26183.0	-0.01888353611351226	FALSE	PDX	MGH1062	MGH1062
ZNF540	CIS-BP2.00|000701|M07634_2.00	1.0	0.9858	805.0	3584.0	6030.4	26183.0	-0.04631233206537434	FALSE	PDX	MGH1062	MGH1062
ZNF33B	CIS-BP2.00|000777|M07710_2.00	1.0	0.9858	1215.0	3584.0	9060.6	26183.0	-0.0448638112084053	FALSE	PDX	MGH1062	MGH1062
ZNF254	CIS-BP2.00|000827|M07760_2.00	1.0	0.9858	476.0	3584.0	3676.3	26183.0	-0.09180647783163998	FALSE	PDX	MGH1062	MGH1062
CEBPB	JASPAR2024|000235|MA0466.4	1e-12	0.0	358.0	3584.0	1838.6	27078.0	0.6087093602547262	TRUE	PDX	MGH1068	MGH1068
NFATC4	JASPAR2024|000506|MA1525.3	0.0001	0.0001	2646.0	3584.0	19136.6	27078.0	0.2268408811728946	FALSE	PDX	MGH1068	MGH1068
XBP1	JASPAR2024|000675|MA0844.2	0.001	0.0014	1762.0	3584.0	12517.6	27078.0	0.16978836700506864	FALSE	PDX	MGH1068	MGH1068
CREB3L2	JASPAR2024|000025|MA0608.1	0.01	0.0166	1883.0	3584.0	13612.1	27078.0	0.13103045852287823	FALSE	PDX	MGH1068	MGH1068
FOXA3	JASPAR2024|000358|MA1683.2	0.1	0.0608	3203.0	3584.0	23892.9	27078.0	0.1629188975678861	FALSE	PDX	MGH1068	MGH1068
ZNF75D	JASPAR2024|000169|MA1601.2	0.1	0.0634	2510.0	3584.0	18530.2	27078.0	0.1081013067662153	FALSE	PDX	MGH1068	MGH1068
HNF4A	JASPAR2024|000410|MA0114.5	0.1	0.1049	3454.0	3584.0	25942.2	27078.0	0.21344224636908907	FALSE	PDX	MGH1068	MGH1068
ETV1	JASPAR2024|000311|MA0761.3	0.1	0.2162	3562.0	3584.0	26865.0	27078.0	0.3314463939440536	FALSE	PDX	MGH1068	MGH1068
NKX2-1	JASPAR2024|000822|MA1994.2	0.1	0.2162	3418.0	3584.0	25700.5	27078.0	0.13859264174918243	FALSE	PDX	MGH1068	MGH1068
CEBPA	JASPAR2024|000234|MA0102.5	1.0	0.2495	2618.0	3584.0	19546.7	27078.0	0.06200359704105027	FALSE	PDX	MGH1068	MGH1068
ZNF281	JASPAR2024|000706|MA1630.3	1.0	0.2888	2927.0	3584.0	21938.4	27078.0	0.0609835115579698	FALSE	PDX	MGH1068	MGH1068
ELF3	JASPAR2024|000276|MA0640.3	1.0	0.3516	3572.0	3584.0	26971.4	27078.0	0.182507242615099	FALSE	PDX	MGH1068	MGH1068
FOXD2	JASPAR2024|000361|MA0847.4	1.0	0.4493	1344.0	3584.0	10027.7	27078.0	0.02902578448466672	FALSE	PDX	MGH1068	MGH1068
GATA6	JASPAR2024|000382|MA1104.3	1.0	0.4805	2935.0	3584.0	22099.5	27078.0	0.02608637679997197	FALSE	PDX	MGH1068	MGH1068
FOXA2	JASPAR2024|000357|MA0047.4	1.0	0.5761	2775.0	3584.0	20929.2	27078.0	0.010587171899201778	FALSE	PDX	MGH1068	MGH1068
FOXA1	JASPAR2024|000356|MA0148.5	1.0	0.6569	2876.0	3584.0	21735.2	27078.0	-0.0027889217358218954	FALSE	PDX	MGH1068	MGH1068
ZNF341	JASPAR2024|000712|MA1655.2	1.0	0.6674	3582.0	3584.0	27072.3	27078.0	-1.6074653755603945	FALSE	PDX	MGH1068	MGH1068
NR3C2	JASPAR2024|000539|MA0727.2	1.0	0.8977	229.0	3584.0	1811.5	27078.0	-0.06836217839748113	FALSE	PDX	MGH1068	MGH1068
ZBTB18	JASPAR2024|000681|MA0698.2	1.0	0.9804	1916.0	3584.0	14752.4	27078.0	-0.05935986283389197	FALSE	PDX	MGH1068	MGH1068
HNF4A	JASPAR2024|000409|MA1494.2	1.0	0.9851	368.0	3584.0	2995.5	27078.0	-0.11884957450435087	FALSE	PDX	MGH1068	MGH1068
ETV1	JASPAR2024|000652|MA1966.2	1.0	0.9851	3440.0	3584.0	26146.5	27078.0	-0.23669481602794573	FALSE	PDX	MGH1068	MGH1068
ZNF444	CIS-BP2.00|000420|M04529_2.00	0.01	0.0069	1311.0	3584.0	9248.5	27089.0	0.15412998978947298	FALSE	PDX	MGH1068	MGH1068
ZNF141	CIS-BP2.00|000653|M07586_2.00	0.1	0.1901	2594.0	3584.0	19307.4	27089.0	0.07826781995666655	FALSE	PDX	MGH1068	MGH1068
ZNF19	CIS-BP2.00|000670|M07603_2.00	1.0	0.5542	3566.0	3584.0	26932.6	27089.0	0.16744876151964502	FALSE	PDX	MGH1068	MGH1068
ZNF33A	CIS-BP2.00|000762|M07695_2.00	1.0	0.6175	3244.0	3584.0	24467.9	27089.0	0.02986917977182824	FALSE	PDX	MGH1068	MGH1068
ZNF540	CIS-BP2.00|000701|M07634_2.00	1.0	1.0	767.0	3584.0	5983.4	27089.0	-0.05767490462272147	FALSE	PDX	MGH1068	MGH1068
ZNF254	CIS-BP2.00|000827|M07760_2.00	1.0	1.0	531.0	3584.0	4219.5	27089.0	-0.08418078660765936	FALSE	PDX	MGH1068	MGH1068
E2F5	CIS-BP2.00|000940|M08109_2.00	1.0	1.0	3078.0	3584.0	23495.8	27089.0	-0.10529831312421468	FALSE	PDX	MGH1068	MGH1068
ZNF33B	CIS-BP2.00|000777|M07710_2.00	1.0	1.0	1199.0	3584.0	9397.2	27089.0	-0.07911653689308432	FALSE	PDX	MGH1068	MGH1068
XBP1	JASPAR2024|000675|MA0844.2	1e-09	0.0	1942.0	3584.0	12807.8	26096.0	0.2951421997697914	TRUE	PDX	MGH1089	MGH1089
NFATC4	JASPAR2024|000506|MA1525.3	1e-06	0.0	2668.0	3584.0	18485.0	26096.0	0.26168085814543857	TRUE	PDX	MGH1089	MGH1089
CEBPB	JASPAR2024|000235|MA0466.4	0.0001	0.0001	313.0	3584.0	1801.6	26096.0	0.3694875968338066	FALSE	PDX	MGH1089	MGH1089
CREB3L2	JASPAR2024|000025|MA0608.1	0.0001	0.0002	1977.0	3584.0	13539.4	26096.0	0.19014519275948075	FALSE	PDX	MGH1089	MGH1089
FOXA3	JASPAR2024|000358|MA1683.2	0.01	0.0057	3194.0	3584.0	22828.4	26096.0	0.22785837454513197	FALSE	PDX	MGH1089	MGH1089
CEBPA	JASPAR2024|000234|MA0102.5	0.01	0.0116	2589.0	3584.0	18310.3	26096.0	0.1454768214793659	FALSE	PDX	MGH1089	MGH1089
ZNF281	JASPAR2024|000706|MA1630.3	0.01	0.0134	2934.0	3584.0	20910.8	26096.0	0.16182164461527304	FALSE	PDX	MGH1089	MGH1089
HNF4A	JASPAR2024|000409|MA1494.2	0.1	0.0281	420.0	3584.0	2743.9	26096.0	0.17722064485103303	FALSE	PDX	MGH1089	MGH1089
HNF4A	JASPAR2024|000410|MA0114.5	0.1	0.0383	3435.0	3584.0	24811.1	26096.0	0.25157720428915176	FALSE	PDX	MGH1089	MGH1089
GATA6	JASPAR2024|000382|MA1104.3	0.1	0.041	2958.0	3584.0	21186.1	26096.0	0.130239852131666	FALSE	PDX	MGH1089	MGH1089
FOXA2	JASPAR2024|000357|MA0047.4	0.1	0.0843	2769.0	3584.0	19843.0	26096.0	0.09793802345941437	FALSE	PDX	MGH1089	MGH1089
FOXA1	JASPAR2024|000356|MA0148.5	1.0	0.2163	2867.0	3584.0	20668.6	26096.0	0.06973322572025528	FALSE	PDX	MGH1089	MGH1089
ETV1	JASPAR2024|000652|MA1966.2	1.0	0.2856	3463.0	3584.0	25136.5	26096.0	0.1225681907757468	FALSE	PDX	MGH1089	MGH1089
NKX2-1	JASPAR2024|000822|MA1994.2	1.0	0.3192	3393.0	3584.0	24622.2	26096.0	0.08547077500641684	FALSE	PDX	MGH1089	MGH1089
ETV1	JASPAR2024|000311|MA0761.3	1.0	0.3314	3557.0	3584.0	25867.8	26096.0	0.19370325703724153	FALSE	PDX	MGH1089	MGH1089
ELF3	JASPAR2024|000276|MA0640.3	1.0	0.3368	3570.0	3584.0	25971.2	26096.0	0.2485191827005639	FALSE	PDX	MGH1089	MGH1089
ZNF75D	JASPAR2024|000169|MA1601.2	1.0	0.3368	2417.0	3584.0	17462.1	26096.0	0.033992796696902756	FALSE	PDX	MGH1089	MGH1089
ZNF341	JASPAR2024|000712|MA1655.2	1.0	0.4881	3582.0	3584.0	26075.5	26096.0	0.206705357138467	FALSE	PDX	MGH1089	MGH1089
FOXD2	JASPAR2024|000361|MA0847.4	1.0	0.7925	1296.0	3584.0	9554.8	26096.0	-0.028045651173706904	FALSE	PDX	MGH1089	MGH1089
NR3C2	JASPAR2024|000539|MA0727.2	1.0	0.8979	225.0	3584.0	1750.8	26096.0	-0.09987835498269035	FALSE	PDX	MGH1089	MGH1089
ZBTB18	JASPAR2024|000681|MA0698.2	1.0	0.9995	1719.0	3584.0	13229.3	26096.0	-0.15766634992933784	FALSE	PDX	MGH1089	MGH1089
E2F5	CIS-BP2.00|000940|M08109_2.00	0.0001	0.0001	3219.0	3584.0	22847.7	26096.0	0.3247916631158008	FALSE	PDX	MGH1089	MGH1089
ZNF444	CIS-BP2.00|000420|M04529_2.00	0.1	0.1641	1251.0	3584.0	8790.2	26096.0	0.07841018414647409	FALSE	PDX	MGH1089	MGH1089
ZNF141	CIS-BP2.00|000653|M07586_2.00	1.0	0.4004	2569.0	3584.0	18525.0	26096.0	0.04843597925057991	FALSE	PDX	MGH1089	MGH1089
ZNF19	CIS-BP2.00|000670|M07603_2.00	1.0	0.4339	3565.0	3584.0	25930.3	26096.0	0.22888394617780836	FALSE	PDX	MGH1089	MGH1089
ZNF33A	CIS-BP2.00|000762|M07695_2.00	1.0	0.445	3212.0	3584.0	23303.7	26096.0	0.047578302674415235	FALSE	PDX	MGH1089	MGH1089
ZNF540	CIS-BP2.00|000701|M07634_2.00	1.0	0.8516	812.0	3584.0	5951.6	26096.0	-0.011803768514032115	FALSE	PDX	MGH1089	MGH1089
ZNF254	CIS-BP2.00|000827|M07760_2.00	1.0	0.8711	494.0	3584.0	3648.0	26096.0	-0.022554149951535395	FALSE	PDX	MGH1089	MGH1089
ZNF33B	CIS-BP2.00|000777|M07710_2.00	1.0	1.0	1193.0	3584.0	8986.0	26096.0	-0.07366654561913479	FALSE	PDX	MGH1089	MGH1089
NFATC4	JASPAR2024|000506|MA1525.3	1e-10	0.0	2692.0	3584.0	18432.4	26306.0	0.3659261460051314	TRUE	PDX	MGH1109	MGH1109
XBP1	JASPAR2024|000675|MA0844.2	1e-10	0.0	1946.0	3584.0	12843.4	26306.0	0.3164339758383283	TRUE	PDX	MGH1109	MGH1109
CEBPB	JASPAR2024|000235|MA0466.4	1e-08	0.0	341.0	3584.0	1831.7	26306.0	0.492054216050838	TRUE	PDX	MGH1109	MGH1109
ZNF75D	JASPAR2024|000169|MA1601.2	1e-05	0.0	2509.0	3584.0	17525.5	26306.0	0.22535280891601983	TRUE	PDX	MGH1109	MGH1109
CEBPA	JASPAR2024|000234|MA0102.5	0.01	0.033	2605.0	3584.0	18636.7	26306.0	0.13051859048125358	FALSE	PDX	MGH1109	MGH1109
ZNF281	JASPAR2024|000706|MA1630.3	0.1	0.0841	2917.0	3584.0	21061.9	26306.0	0.12212772664450929	FALSE	PDX	MGH1109	MGH1109
HNF4A	JASPAR2024|000410|MA0114.5	0.1	0.1437	3435.0	3584.0	25054.4	26306.0	0.1996316078743406	FALSE	PDX	MGH1109	MGH1109
CREB3L2	JASPAR2024|000025|MA0608.1	0.1	0.2365	1902.0	3584.0	13662.9	26306.0	0.06538071957512046	FALSE	PDX	MGH1109	MGH1109
NKX2-1	JASPAR2024|000822|MA1994.2	0.1	0.2365	3407.0	3584.0	24870.6	26306.0	0.14837959530781455	FALSE	PDX	MGH1109	MGH1109
ELF3	JASPAR2024|000276|MA0640.3	1.0	0.2854	3571.0	3584.0	26172.4	26306.0	0.43880616508995646	FALSE	PDX	MGH1109	MGH1109
GATA6	JASPAR2024|000382|MA1104.3	1.0	0.2884	2933.0	3584.0	21346.9	26306.0	0.06502121481440108	FALSE	PDX	MGH1109	MGH1109
FOXA3	JASPAR2024|000358|MA1683.2	1.0	0.2884	3159.0	3584.0	23040.9	26306.0	0.07365684350292095	FALSE	PDX	MGH1109	MGH1109
ZNF341	JASPAR2024|000712|MA1655.2	1.0	0.3942	3583.0	3584.0	26285.4	26306.0	0.9393607206964738	FALSE	PDX	MGH1109	MGH1109
FOXA2	JASPAR2024|000357|MA0047.4	1.0	0.4228	2753.0	3584.0	20094.5	26306.0	0.03377159730480311	FALSE	PDX	MGH1109	MGH1109
ETV1	JASPAR2024|000652|MA1966.2	1.0	0.8118	3452.0	3584.0	25348.5	26306.0	-0.022182219177520023	FALSE	PDX	MGH1109	MGH1109
FOXA1	JASPAR2024|000356|MA0148.5	1.0	0.9202	2831.0	3584.0	20868.9	26306.0	-0.030460077353451277	FALSE	PDX	MGH1109	MGH1109
FOXD2	JASPAR2024|000361|MA0847.4	1.0	1.0	1283.0	3584.0	9653.0	26306.0	-0.05578974188858943	FALSE	PDX	MGH1109	MGH1109
ZBTB18	JASPAR2024|000681|MA0698.2	1.0	1.0	1835.0	3584.0	13771.0	26306.0	-0.06643571568150539	FALSE	PDX	MGH1109	MGH1109
HNF4A	JASPAR2024|000409|MA1494.2	1.0	1.0	347.0	3584.0	2783.4	26306.0	-0.14089640550016266	FALSE	PDX	MGH1109	MGH1109
NR3C2	JASPAR2024|000539|MA0727.2	1.0	1.0	207.0	3584.0	1721.3	26306.0	-0.1889719142000963	FALSE	PDX	MGH1109	MGH1109
ETV1	JASPAR2024|000311|MA0761.3	1.0	1.0	3539.0	3584.0	26069.6	26306.0	-0.5004388880937347	FALSE	PDX	MGH1109	MGH1109
ZNF141	CIS-BP2.00|000653|M07586_2.00	0.1	0.1164	2591.0	3584.0	18643.0	26307.0	0.10078637892451786	FALSE	PDX	MGH1109	MGH1109
E2F5	CIS-BP2.00|000940|M08109_2.00	0.1	0.1607	3148.0	3584.0	22882.5	26307.0	0.1105107972942517	FALSE	PDX	MGH1109	MGH1109
ZNF444	CIS-BP2.00|000420|M04529_2.00	1.0	0.2084	1240.0	3584.0	8845.4	26307.0	0.06278768648001071	FALSE	PDX	MGH1109	MGH1109
ZNF19	CIS-BP2.00|000670|M07603_2.00	1.0	0.2096	3567.0	3584.0	26136.6	26307.0	0.4146118265583639	FALSE	PDX	MGH1109	MGH1109
ZNF33A	CIS-BP2.00|000762|M07695_2.00	1.0	0.4859	3229.0	3584.0	23625.3	26307.0	0.04451489546370123	FALSE	PDX	MGH1109	MGH1109
ZNF540	CIS-BP2.00|000701|M07634_2.00	1.0	1.0	782.0	3584.0	5993.6	26307.0	-0.07969952903928518	FALSE	PDX	MGH1109	MGH1109
ZNF33B	CIS-BP2.00|000777|M07710_2.00	1.0	1.0	1175.0	3584.0	9026.4	26307.0	-0.09856673970018925	FALSE	PDX	MGH1109	MGH1109
ZNF254	CIS-BP2.00|000827|M07760_2.00	1.0	1.0	470.0	3584.0	3818.3	26307.0	-0.16869287233131514	FALSE	PDX	MGH1109	MGH1109
XBP1	JASPAR2024|000675|MA0844.2	1e-10	0.0	1935.0	3584.0	12832.2	26518.0	0.3235852606511035	TRUE	PDX	MGH1112	MGH1112
NFATC4	JASPAR2024|000506|MA1525.3	1e-10	0.0	2691.0	3584.0	18583.2	26518.0	0.3631896925932187	TRUE	PDX	MGH1112	MGH1112
CEBPB	JASPAR2024|000235|MA0466.4	1e-08	0.0	338.0	3584.0	1801.5	26518.0	0.5161752615514859	TRUE	PDX	MGH1112	MGH1112
CREB3L2	JASPAR2024|000025|MA0608.1	1e-05	0.0	1997.0	3584.0	13765.1	26518.0	0.22125333181727483	TRUE	PDX	MGH1112	MGH1112
CEBPA	JASPAR2024|000234|MA0102.5	0.0001	0.0	2660.0	3584.0	18832.8	26518.0	0.23191493454941084	TRUE	PDX	MGH1112	MGH1112
NKX2-1	JASPAR2024|000822|MA1994.2	0.01	0.008	3434.0	3584.0	25133.2	26518.0	0.33091196715625154	FALSE	PDX	MGH1112	MGH1112
ELF3	JASPAR2024|000276|MA0640.3	0.01	0.0187	3577.0	3584.0	26394.1	26518.0	1.1687329490129612	FALSE	PDX	MGH1112	MGH1112
FOXA2	JASPAR2024|000357|MA0047.4	0.1	0.0841	2800.0	3584.0	20369.6	26518.0	0.10778626271226481	FALSE	PDX	MGH1112	MGH1112
ZNF75D	JASPAR2024|000169|MA1601.2	0.1	0.1159	2468.0	3584.0	17916.9	26518.0	0.08596703964452457	FALSE	PDX	MGH1112	MGH1112
FOXA3	JASPAR2024|000358|MA1683.2	1.0	0.358	3169.0	3584.0	23306.5	26518.0	0.07211536637350138	FALSE	PDX	MGH1112	MGH1112
HNF4A	JASPAR2024|000409|MA1494.2	1.0	0.358	409.0	3584.0	2892.2	26518.0	0.07485668526411625	FALSE	PDX	MGH1112	MGH1112
GATA6	JASPAR2024|000382|MA1104.3	1.0	0.358	2940.0	3584.0	21591.9	26518.0	0.05794986502736595	FALSE	PDX	MGH1112	MGH1112
FOXA1	JASPAR2024|000356|MA0148.5	1.0	0.358	2872.0	3584.0	21082.6	26518.0	0.05584878251196102	FALSE	PDX	MGH1112	MGH1112
FOXD2	JASPAR2024|000361|MA0847.4	1.0	0.358	1324.0	3584.0	9632.2	26518.0	0.038647035825425405	FALSE	PDX	MGH1112	MGH1112
ETV1	JASPAR2024|000652|MA1966.2	1.0	0.358	3465.0	3584.0	25577.5	26518.0	0.09341606717101603	FALSE	PDX	MGH1112	MGH1112
ZNF281	JASPAR2024|000706|MA1630.3	1.0	0.3912	2889.0	3584.0	21278.3	26518.0	0.03297443699245389	FALSE	PDX	MGH1112	MGH1112
ETV1	JASPAR2024|000311|MA0761.3	1.0	0.5034	3555.0	3584.0	26289.9	26518.0	0.06762681308440331	FALSE	PDX	MGH1112	MGH1112
HNF4A	JASPAR2024|000410|MA0114.5	1.0	0.5786	3423.0	3584.0	25321.6	26518.0	0.002843414249481707	FALSE	PDX	MGH1112	MGH1112
ZNF341	JASPAR2024|000712|MA1655.2	1.0	0.7885	3581.0	3584.0	26498.8	26518.0	-0.39454960057263067	FALSE	PDX	MGH1112	MGH1112
ZBTB18	JASPAR2024|000681|MA0698.2	1.0	0.8385	1892.0	3584.0	14180.8	26518.0	-0.03977885246076035	FALSE	PDX	MGH1112	MGH1112
NR3C2	JASPAR2024|000539|MA0727.2	1.0	0.9307	221.0	3584.0	1795.3	26518.0	-0.14141775626366215	FALSE	PDX	MGH1112	MGH1112
ZNF444	CIS-BP2.00|000420|M04529_2.00	0.01	0.0075	1278.0	3584.0	8849.8	26519.0	0.14622614948802762	FALSE	PDX	MGH1112	MGH1112
ZNF33A	CIS-BP2.00|000762|M07695_2.00	0.01	0.0141	3279.0	3584.0	23918.2	26519.0	0.22339730544195466	FALSE	PDX	MGH1112	MGH1112
ZNF141	CIS-BP2.00|000653|M07586_2.00	0.1	0.1817	2584.0	3584.0	18819.6	26519.0	0.07980135573882531	FALSE	PDX	MGH1112	MGH1112
ZNF19	CIS-BP2.00|000670|M07603_2.00	1.0	1.0	3561.0	3584.0	26359.6	26519.0	-0.1213616710664335	FALSE	PDX	MGH1112	MGH1112
E2F5	CIS-BP2.00|000940|M08109_2.00	1.0	1.0	3087.0	3584.0	22978.1	26519.0	-0.06422848674056	FALSE	PDX	MGH1112	MGH1112
ZNF33B	CIS-BP2.00|000777|M07710_2.00	1.0	1.0	1185.0	3584.0	9042.5	26519.0	-0.06665395757598916	FALSE	PDX	MGH1112	MGH1112
ZNF254	CIS-BP2.00|000827|M07760_2.00	1.0	1.0	482.0	3584.0	3898.5	26519.0	-0.1483437151708806	FALSE	PDX	MGH1112	MGH1112
ZNF540	CIS-BP2.00|000701|M07634_2.00	1.0	1.0	740.0	3584.0	6013.4	26519.0	-0.17192308867054937	FALSE	PDX	MGH1112	MGH1112
NFATC4	JASPAR2024|000506|MA1525.3	1e-11	0.0	2736.0	3584.0	18512.6	26008.0	0.3849724101754198	TRUE	PDX	MGH1139	MGH1139
XBP1	JASPAR2024|000675|MA0844.2	1e-08	0.0	1920.0	3584.0	12672.6	26008.0	0.2799388156985175	TRUE	PDX	MGH1139	MGH1139
CEBPB	JASPAR2024|000235|MA0466.4	1e-07	0.0	334.0	3584.0	1801.5	26008.0	0.4671698412024171	TRUE	PDX	MGH1139	MGH1139
ZNF281	JASPAR2024|000706|MA1630.3	1e-05	0.0	2989.0	3584.0	20919.9	26008.0	0.2881610562204152	TRUE	PDX	MGH1139	MGH1139
HNF4A	JASPAR2024|000409|MA1494.2	1e-05	0.0	466.0	3584.0	2771.7	26008.0	0.3264048830332677	TRUE	PDX	MGH1139	MGH1139
ZNF75D	JASPAR2024|000169|MA1601.2	0.001	0.003	2492.0	3584.0	17444.0	26008.0	0.16362890636031197	FALSE	PDX	MGH1139	MGH1139
GATA6	JASPAR2024|000382|MA1104.3	0.1	0.0554	2964.0	3584.0	21154.0	26008.0	0.13271570900460422	FALSE	PDX	MGH1139	MGH1139
CREB3L2	JASPAR2024|000025|MA0608.1	0.1	0.0731	1905.0	3584.0	13405.0	26008.0	0.09313720913371187	FALSE	PDX	MGH1139	MGH1139
CEBPA	JASPAR2024|000234|MA0102.5	0.1	0.0979	2562.0	3584.0	18244.4	26008.0	0.09284852279225032	FALSE	PDX	MGH1139	MGH1139
ZNF341	JASPAR2024|000712|MA1655.2	0.1	0.0979	3584.0	3584.0	25983.0	26008.0	2.81467336313157	FALSE	PDX	MGH1139	MGH1139
FOXA2	JASPAR2024|000357|MA0047.4	0.1	0.151	2757.0	3584.0	19740.2	26008.0	0.08150265426556436	FALSE	PDX	MGH1139	MGH1139
FOXA3	JASPAR2024|000358|MA1683.2	1.0	0.2498	3158.0	3584.0	22758.6	26008.0	0.08064564957340317	FALSE	PDX	MGH1139	MGH1139
ETV1	JASPAR2024|000652|MA1966.2	1.0	0.2793	3461.0	3584.0	25032.8	26008.0	0.12754735374848775	FALSE	PDX	MGH1139	MGH1139
NKX2-1	JASPAR2024|000822|MA1994.2	1.0	0.2832	3392.0	3584.0	24520.5	26008.0	0.09684708097231717	FALSE	PDX	MGH1139	MGH1139
HNF4A	JASPAR2024|000410|MA0114.5	1.0	0.3985	3418.0	3584.0	24744.6	26008.0	0.06858069731995596	FALSE	PDX	MGH1139	MGH1139
FOXA1	JASPAR2024|000356|MA0148.5	1.0	0.6968	2837.0	3584.0	20595.2	26008.0	-0.003288004727977324	FALSE	PDX	MGH1139	MGH1139
ELF3	JASPAR2024|000276|MA0640.3	1.0	0.7008	3568.0	3584.0	25890.1	26008.0	-0.01590757028639566	FALSE	PDX	MGH1139	MGH1139
ETV1	JASPAR2024|000311|MA0761.3	1.0	0.709	3551.0	3584.0	25773.3	26008.0	-0.04774980892554108	FALSE	PDX	MGH1139	MGH1139
NR3C2	JASPAR2024|000539|MA0727.2	1.0	0.709	233.0	3584.0	1722.5	26008.0	-0.026182193496863265	FALSE	PDX	MGH1139	MGH1139
FOXD2	JASPAR2024|000361|MA0847.4	1.0	0.709	1300.0	3584.0	9521.0	26008.0	-0.020700159923221943	FALSE	PDX	MGH1139	MGH1139
ZBTB18	JASPAR2024|000681|MA0698.2	1.0	1.0	1641.0	3584.0	13044.1	26008.0	-0.25253962478891895	FALSE	PDX	MGH1139	MGH1139
ZNF33A	CIS-BP2.00|000762|M07695_2.00	0.001	0.005	3241.0	3584.0	23076.7	26006.0	0.26068546798032705	FALSE	PDX	MGH1139	MGH1139
E2F5	CIS-BP2.00|000940|M08109_2.00	0.01	0.0157	3198.0	3584.0	22825.4	26006.0	0.20578104858303434	FALSE	PDX	MGH1139	MGH1139
ZNF444	CIS-BP2.00|000420|M04529_2.00	0.1	0.0994	1274.0	3584.0	8875.8	26006.0	0.09028005485068738	FALSE	PDX	MGH1139	MGH1139
ZNF141	CIS-BP2.00|000653|M07586_2.00	0.1	0.1033	2588.0	3584.0	18439.9	26006.0	0.09202174346027928	FALSE	PDX	MGH1139	MGH1139
ZNF19	CIS-BP2.00|000670|M07603_2.00	1.0	0.3731	3567.0	3584.0	25854.9	26006.0	0.25736263671973525	FALSE	PDX	MGH1139	MGH1139
ZNF540	CIS-BP2.00|000701|M07634_2.00	1.0	0.8582	812.0	3584.0	5966.4	26006.0	-0.022911538560759892	FALSE	PDX	MGH1139	MGH1139
ZNF254	CIS-BP2.00|000827|M07760_2.00	1.0	0.9852	485.0	3584.0	3662.5	26006.0	-0.06570243065492441	FALSE	PDX	MGH1139	MGH1139
ZNF33B	CIS-BP2.00|000777|M07710_2.00	1.0	0.992	1202.0	3584.0	9066.3	26006.0	-0.08465377927303623	FALSE	PDX	MGH1139	MGH1139
CEBPB	JASPAR2024|000235|MA0466.4	1e-18	0.0	393.0	3582.0	1797.8	25942.0	0.7281061778168832	TRUE	PDX	MGH1174	MGH1174
NFATC4	JASPAR2024|000506|MA1525.3	1e-10	0.0	2732.0	3582.0	18548.1	25942.0	0.35703304812708064	TRUE	PDX	MGH1174	MGH1174
XBP1	JASPAR2024|000675|MA0844.2	1e-06	0.0	1914.0	3582.0	12738.3	25942.0	0.2501834880180637	TRUE	PDX	MGH1174	MGH1174
CEBPA	JASPAR2024|000234|MA0102.5	0.001	0.0019	2608.0	3582.0	18211.8	25942.0	0.1842441719131358	FALSE	PDX	MGH1174	MGH1174
ZNF281	JASPAR2024|000706|MA1630.3	0.01	0.0054	2947.0	3582.0	20814.0	25942.0	0.1925477085829088	FALSE	PDX	MGH1174	MGH1174
FOXA3	JASPAR2024|000358|MA1683.2	0.01	0.0118	3191.0	3582.0	22713.0	25942.0	0.21298312757288462	FALSE	PDX	MGH1174	MGH1174
GATA6	JASPAR2024|000382|MA1104.3	0.01	0.0245	2964.0	3582.0	21048.7	25942.0	0.1562049410491185	FALSE	PDX	MGH1174	MGH1174
FOXA2	JASPAR2024|000357|MA0047.4	0.1	0.0333	2782.0	3582.0	19723.4	25942.0	0.13224125647231408	FALSE	PDX	MGH1174	MGH1174
FOXA1	JASPAR2024|000356|MA0148.5	0.1	0.0333	2896.0	3582.0	20577.9	25942.0	0.13739073314733097	FALSE	PDX	MGH1174	MGH1174
CREB3L2	JASPAR2024|000025|MA0608.1	0.1	0.0795	1912.0	3582.0	13452.9	25942.0	0.0879362152961381	FALSE	PDX	MGH1174	MGH1174
ELF3	JASPAR2024|000276|MA0640.3	0.1	0.0996	3574.0	3582.0	25821.2	25942.0	0.9822022711592582	FALSE	PDX	MGH1174	MGH1174
NKX2-1	JASPAR2024|000822|MA1994.2	0.1	0.1555	3394.0	3582.0	24428.1	25942.0	0.1588096926837138	FALSE	PDX	MGH1174	MGH1174
ETV1	JASPAR2024|000652|MA1966.2	1.0	0.2243	3462.0	3582.0	24967.3	25942.0	0.16648224980633503	FALSE	PDX	MGH1174	MGH1174
ETV1	JASPAR2024|000311|MA0761.3	1.0	0.2708	3558.0	3582.0	25714.8	25942.0	0.36299479364760234	FALSE	PDX	MGH1174	MGH1174
ZNF75D	JASPAR2024|000169|MA1601.2	1.0	0.2858	2424.0	3582.0	17374.1	25942.0	0.045547181539244114	FALSE	PDX	MGH1174	MGH1174
FOXD2	JASPAR2024|000361|MA0847.4	1.0	0.2858	1359.0	3582.0	9663.5	25942.0	0.04256346614849506	FALSE	PDX	MGH1174	MGH1174
HNF4A	JASPAR2024|000410|MA0114.5	1.0	0.2858	3418.0	3582.0	24663.7	25942.0	0.10764799729253338	FALSE	PDX	MGH1174	MGH1174
HNF4A	JASPAR2024|000409|MA1494.2	1.0	0.3854	387.0	3582.0	2740.7	25942.0	0.03758376514205196	FALSE	PDX	MGH1174	MGH1174
ZNF341	JASPAR2024|000712|MA1655.2	1.0	0.458	3582.0	3582.0	25921.0	25942.0	2.571154159198956	FALSE	PDX	MGH1174	MGH1174
NR3C2	JASPAR2024|000539|MA0727.2	1.0	0.8261	230.0	3582.0	1748.8	25942.0	-0.07261688910039368	FALSE	PDX	MGH1174	MGH1174
ZBTB18	JASPAR2024|000681|MA0698.2	1.0	1.0	1672.0	3582.0	12971.3	25942.0	-0.19201077905122851	FALSE	PDX	MGH1174	MGH1174
E2F5	CIS-BP2.00|000940|M08109_2.00	0.001	0.0013	3216.0	3584.0	22784.1	25944.0	0.27587519259783033	FALSE	PDX	MGH1174	MGH1174
ZNF141	CIS-BP2.00|000653|M07586_2.00	0.01	0.0412	2607.0	3584.0	18395.2	25944.0	0.13054485343422875	FALSE	PDX	MGH1174	MGH1174
ZNF444	CIS-BP2.00|000420|M04529_2.00	1.0	0.3321	1243.0	3584.0	8815.8	25944.0	0.04514390858530849	FALSE	PDX	MGH1174	MGH1174
ZNF33A	CIS-BP2.00|000762|M07695_2.00	1.0	0.7786	3192.0	3584.0	23104.5	25944.0	-0.0003201938507555645	FALSE	PDX	MGH1174	MGH1174
ZNF19	CIS-BP2.00|000670|M07603_2.00	1.0	0.7786	3561.0	3584.0	25773.4	25944.0	0.00875313695955772	FALSE	PDX	MGH1174	MGH1174
ZNF540	CIS-BP2.00|000701|M07634_2.00	1.0	1.0	758.0	3584.0	5955.9	25944.0	-0.15113072801336783	FALSE	PDX	MGH1174	MGH1174
ZNF254	CIS-BP2.00|000827|M07760_2.00	1.0	1.0	444.0	3584.0	3619.8	25944.0	-0.19627931450334338	FALSE	PDX	MGH1174	MGH1174
ZNF33B	CIS-BP2.00|000777|M07710_2.00	1.0	1.0	1135.0	3584.0	9019.5	25944.0	-0.2012030903689851	FALSE	PDX	MGH1174	MGH1174
NFATC4	JASPAR2024|000506|MA1525.3	1e-14	0.0	2752.0	3584.0	18761.6	26402.0	0.42921355631528785	TRUE	PDX	MGH1181	MGH1181
XBP1	JASPAR2024|000675|MA0844.2	1e-08	0.0	1906.0	3584.0	12793.2	26402.0	0.2729132982028568	TRUE	PDX	MGH1181	MGH1181
ZNF75D	JASPAR2024|000169|MA1601.2	0.0001	0.0004	2534.0	3584.0	17874.6	26402.0	0.2029361149815793	FALSE	PDX	MGH1181	MGH1181
CREB3L2	JASPAR2024|000025|MA0608.1	0.0001	0.0004	1969.0	3584.0	13666.1	26402.0	0.18415184594963696	FALSE	PDX	MGH1181	MGH1181
GATA6	JASPAR2024|000382|MA1104.3	0.001	0.0014	2999.0	3584.0	21516.2	26402.0	0.21833847321125016	FALSE	PDX	MGH1181	MGH1181
CEBPB	JASPAR2024|000235|MA0466.4	0.01	0.0119	287.0	3584.0	1803.6	26402.0	0.24950379156271532	FALSE	PDX	MGH1181	MGH1181
CEBPA	JASPAR2024|000234|MA0102.5	0.01	0.0122	2603.0	3584.0	18643.6	26402.0	0.1425971151243452	FALSE	PDX	MGH1181	MGH1181
ZNF281	JASPAR2024|000706|MA1630.3	0.01	0.0198	2947.0	3584.0	21287.0	26402.0	0.15193520031621596	FALSE	PDX	MGH1181	MGH1181
ETV1	JASPAR2024|000311|MA0761.3	0.01	0.0209	3565.0	3584.0	26166.7	26402.0	0.7204344401116066	FALSE	PDX	MGH1181	MGH1181
FOXA2	JASPAR2024|000357|MA0047.4	0.1	0.0796	2788.0	3584.0	20204.5	26402.0	0.1029053126307219	FALSE	PDX	MGH1181	MGH1181
NKX2-1	JASPAR2024|000822|MA1994.2	0.1	0.0796	3411.0	3584.0	24951.4	26402.0	0.19346782118113032	FALSE	PDX	MGH1181	MGH1181
FOXA3	JASPAR2024|000358|MA1683.2	0.1	0.0796	3183.0	3584.0	23199.4	26402.0	0.13056402905546918	FALSE	PDX	MGH1181	MGH1181
FOXA1	JASPAR2024|000356|MA0148.5	0.1	0.0796	2898.0	3584.0	21042.5	26402.0	0.10493936848913649	FALSE	PDX	MGH1181	MGH1181
ETV1	JASPAR2024|000652|MA1966.2	0.1	0.0796	3475.0	3584.0	25458.5	26402.0	0.23497268683342487	FALSE	PDX	MGH1181	MGH1181
ZNF341	JASPAR2024|000712|MA1655.2	0.1	0.0796	3584.0	3584.0	26380.2	26402.0	2.5993327559814876	FALSE	PDX	MGH1181	MGH1181
ELF3	JASPAR2024|000276|MA0640.3	0.1	0.117	3572.0	3584.0	26269.3	26402.0	0.5351947820069421	FALSE	PDX	MGH1181	MGH1181
HNF4A	JASPAR2024|000410|MA0114.5	1.0	0.228	3426.0	3584.0	25150.9	26402.0	0.10538770346247484	FALSE	PDX	MGH1181	MGH1181
HNF4A	JASPAR2024|000409|MA1494.2	1.0	0.4148	391.0	3584.0	2827.8	26402.0	0.03117811293824273	FALSE	PDX	MGH1181	MGH1181
FOXD2	JASPAR2024|000361|MA0847.4	1.0	0.8457	1290.0	3584.0	9653.3	26402.0	-0.03532631979022778	FALSE	PDX	MGH1181	MGH1181
ZBTB18	JASPAR2024|000681|MA0698.2	1.0	0.9256	1836.0	3584.0	13782.9	26402.0	-0.05642452425718443	FALSE	PDX	MGH1181	MGH1181
NR3C2	JASPAR2024|000539|MA0727.2	1.0	0.9985	199.0	3584.0	1782.7	26402.0	-0.29762965243858314	FALSE	PDX	MGH1181	MGH1181
ZNF141	CIS-BP2.00|000653|M07586_2.00	0.001	0.0006	2650.0	3584.0	18792.5	26404.0	0.20015005006528253	FALSE	PDX	MGH1181	MGH1181
ZNF33A	CIS-BP2.00|000762|M07695_2.00	0.01	0.0175	3268.0	3584.0	23731.2	26404.0	0.21822949419504578	FALSE	PDX	MGH1181	MGH1181
ZNF444	CIS-BP2.00|000420|M04529_2.00	0.1	0.1129	1278.0	3584.0	9070.6	26404.0	0.08299374118294424	FALSE	PDX	MGH1181	MGH1181
ZNF19	CIS-BP2.00|000670|M07603_2.00	1.0	0.4511	3565.0	3584.0	26237.4	26404.0	0.21968975767797547	FALSE	PDX	MGH1181	MGH1181
E2F5	CIS-BP2.00|000940|M08109_2.00	1.0	0.8836	3119.0	3584.0	23055.5	26404.0	-0.038878222933273324	FALSE	PDX	MGH1181	MGH1181
ZNF540	CIS-BP2.00|000701|M07634_2.00	1.0	0.9226	804.0	3584.0	6063.1	26404.0	-0.043007525661780455	FALSE	PDX	MGH1181	MGH1181
ZNF33B	CIS-BP2.00|000777|M07710_2.00	1.0	1.0	1179.0	3584.0	9082.7	26404.0	-0.09684507674189995	FALSE	PDX	MGH1181	MGH1181
ZNF254	CIS-BP2.00|000827|M07760_2.00	1.0	1.0	449.0	3584.0	3764.3	26404.0	-0.21406092674902658	FALSE	PDX	MGH1181	MGH1181
XBP1	JASPAR2024|000675|MA0844.2	1e-06	0.0	1885.0	3584.0	12929.1	26724.0	0.2433464335682006	TRUE	PDX	MGH9183	MGH9183
NFATC4	JASPAR2024|000506|MA1525.3	1e-06	0.0	2636.0	3584.0	18681.1	26724.0	0.25916366937371926	TRUE	PDX	MGH9183	MGH9183
CEBPB	JASPAR2024|000235|MA0466.4	1e-05	0.0	311.0	3584.0	1791.3	26724.0	0.40505662540912574	TRUE	PDX	MGH9183	MGH9183
CREB3L2	JASPAR2024|000025|MA0608.1	0.0001	0.0001	1981.0	3584.0	13843.8	26724.0	0.20128750265449796	FALSE	PDX	MGH9183	MGH9183
FOXA3	JASPAR2024|000358|MA1683.2	0.1	0.0783	3187.0	3584.0	23457.0	26724.0	0.1596084523017106	FALSE	PDX	MGH9183	MGH9183
NKX2-1	JASPAR2024|000822|MA1994.2	0.1	0.1156	3420.0	3584.0	25315.8	26724.0	0.2104174817616351	FALSE	PDX	MGH9183	MGH9183
ZNF281	JASPAR2024|000706|MA1630.3	0.1	0.2287	2916.0	3584.0	21485.7	26724.0	0.08913654598870187	FALSE	PDX	MGH9183	MGH9183
FOXA2	JASPAR2024|000357|MA0047.4	0.1	0.242	2781.0	3584.0	20481.6	26724.0	0.07741779794677967	FALSE	PDX	MGH9183	MGH9183
FOXD2	JASPAR2024|000361|MA0847.4	0.1	0.242	1317.0	3584.0	9540.0	26724.0	0.06567150448279659	FALSE	PDX	MGH9183	MGH9183
GATA6	JASPAR2024|000382|MA1104.3	1.0	0.242	2946.0	3584.0	21753.4	26724.0	0.07660670356338865	FALSE	PDX	MGH9183	MGH9183
ELF3	JASPAR2024|000276|MA0640.3	1.0	0.3154	3571.0	3584.0	26591.7	26724.0	0.4018227229635642	FALSE	PDX	MGH9183	MGH9183
HNF4A	JASPAR2024|000409|MA1494.2	1.0	0.3154	403.0	3584.0	2873.1	26724.0	0.07407624696841227	FALSE	PDX	MGH9183	MGH9183
ZNF75D	JASPAR2024|000169|MA1601.2	1.0	0.3154	2449.0	3584.0	18071.1	26724.0	0.04677433957373774	FALSE	PDX	MGH9183	MGH9183
CEBPA	JASPAR2024|000234|MA0102.5	1.0	0.3943	2557.0	3584.0	18932.7	26724.0	0.034706128812314795	FALSE	PDX	MGH9183	MGH9183
HNF4A	JASPAR2024|000410|MA0114.5	1.0	0.4497	3426.0	3584.0	25496.2	26724.0	0.05860528093526786	FALSE	PDX	MGH9183	MGH9183
FOXA1	JASPAR2024|000356|MA0148.5	1.0	0.508	2854.0	3584.0	21223.8	26724.0	0.018252039045206118	FALSE	PDX	MGH9183	MGH9183
ETV1	JASPAR2024|000652|MA1966.2	1.0	0.5276	3461.0	3584.0	25785.1	26724.0	0.03013218934122901	FALSE	PDX	MGH9183	MGH9183
ETV1	JASPAR2024|000311|MA0761.3	1.0	0.5276	3555.0	3584.0	26495.7	26724.0	0.05763908609638544	FALSE	PDX	MGH9183	MGH9183
ZNF341	JASPAR2024|000712|MA1655.2	1.0	0.5503	3582.0	3584.0	26702.3	26724.0	0.2526072583331489	FALSE	PDX	MGH9183	MGH9183
ZBTB18	JASPAR2024|000681|MA0698.2	1.0	0.8723	1881.0	3584.0	14234.0	26724.0	-0.04517924620401718	FALSE	PDX	MGH9183	MGH9183
NR3C2	JASPAR2024|000539|MA0727.2	1.0	0.8908	219.0	3584.0	1765.5	26724.0	-0.11752512713883824	FALSE	PDX	MGH9183	MGH9183
ZNF33A	CIS-BP2.00|000762|M07695_2.00	0.01	0.0113	3282.0	3584.0	24095.3	26721.0	0.24205495802933338	FALSE	PDX	MGH9183	MGH9183
ZNF19	CIS-BP2.00|000670|M07603_2.00	0.1	0.1607	3572.0	3584.0	26577.7	26721.0	0.6288261903435372	FALSE	PDX	MGH9183	MGH9183
ZNF141	CIS-BP2.00|000653|M07586_2.00	1.0	0.344	2582.0	3584.0	19022.0	26721.0	0.060295916369589184	FALSE	PDX	MGH9183	MGH9183
E2F5	CIS-BP2.00|000940|M08109_2.00	1.0	0.4355	3131.0	3584.0	23210.6	26721.0	0.06277733787155211	FALSE	PDX	MGH9183	MGH9183
ZNF444	CIS-BP2.00|000420|M04529_2.00	1.0	0.5453	1224.0	3584.0	8995.3	26721.0	0.03166009527048293	FALSE	PDX	MGH9183	MGH9183
ZNF540	CIS-BP2.00|000701|M07634_2.00	1.0	1.0	784.0	3584.0	5996.5	26721.0	-0.046779852174569266	FALSE	PDX	MGH9183	MGH9183
ZNF254	CIS-BP2.00|000827|M07760_2.00	1.0	1.0	502.0	3584.0	3973.0	26721.0	-0.09961622333990695	FALSE	PDX	MGH9183	MGH9183
ZNF33B	CIS-BP2.00|000777|M07710_2.00	1.0	1.0	1156.0	3584.0	9091.2	26721.0	-0.11486518165044379	FALSE	PDX	MGH9183	MGH9183
NFATC4	JASPAR2024|000506|MA1525.3	1e-08	0.0	2729.0	3584.0	18732.0	26042.0	0.3162954732521351	TRUE	cell_line	A427	A427
XBP1	JASPAR2024|000675|MA0844.2	1e-06	0.0	1864.0	3584.0	12440.4	26042.0	0.24469945166593288	TRUE	cell_line	A427	A427
CEBPB	JASPAR2024|000235|MA0466.4	0.001	0.002	306.0	3584.0	1826.4	26042.0	0.3094200503722658	FALSE	cell_line	A427	A427
ETV1	JASPAR2024|000652|MA1966.2	0.001	0.0035	3486.0	3584.0	25073.5	26042.0	0.4519602582019377	FALSE	cell_line	A427	A427
FOXA2	JASPAR2024|000357|MA0047.4	0.01	0.0171	2792.0	3584.0	19796.3	26042.0	0.15285786125554365	FALSE	cell_line	A427	A427
FOXA3	JASPAR2024|000358|MA1683.2	0.01	0.0262	3185.0	3584.0	22794.8	26042.0	0.18400631073627188	FALSE	cell_line	A427	A427
FOXA1	JASPAR2024|000356|MA0148.5	0.1	0.0314	2896.0	3584.0	20636.0	26042.0	0.1403506440033703	FALSE	cell_line	A427	A427
ZNF75D	JASPAR2024|000169|MA1601.2	0.1	0.0439	2456.0	3584.0	17408.5	26042.0	0.11046548374612553	FALSE	cell_line	A427	A427
CEBPA	JASPAR2024|000234|MA0102.5	0.1	0.097	2558.0	3584.0	18239.0	26042.0	0.09269167155086329	FALSE	cell_line	A427	A427
ZNF341	JASPAR2024|000712|MA1655.2	0.1	0.1166	3584.0	3584.0	26021.4	26042.0	2.5392885862409247	FALSE	cell_line	A427	A427
CREB3L2	JASPAR2024|000025|MA0608.1	0.1	0.1166	1853.0	3584.0	13117.9	26042.0	0.07675758846126463	FALSE	cell_line	A427	A427
ETV1	JASPAR2024|000311|MA0761.3	1.0	0.1829	3561.0	3584.0	25822.6	26042.0	0.36800963463735487	FALSE	cell_line	A427	A427
ELF3	JASPAR2024|000276|MA0640.3	1.0	0.1962	3573.0	3584.0	25925.7	26042.0	0.4853334352731301	FALSE	cell_line	A427	A427
GATA6	JASPAR2024|000382|MA1104.3	1.0	0.2311	2950.0	3584.0	21261.0	26042.0	0.06455918735217765	FALSE	cell_line	A427	A427
NKX2-1	JASPAR2024|000822|MA1994.2	1.0	0.2528	3382.0	3584.0	24476.1	26042.0	0.09621752645563796	FALSE	cell_line	A427	A427
ZNF281	JASPAR2024|000706|MA1630.3	1.0	0.3755	2889.0	3584.0	20890.5	26042.0	0.03502039633179454	FALSE	cell_line	A427	A427
HNF4A	JASPAR2024|000410|MA0114.5	1.0	0.4886	3407.0	3584.0	24726.1	26042.0	0.03142868658786248	FALSE	cell_line	A427	A427
NR3C2	JASPAR2024|000539|MA0727.2	1.0	0.7437	226.0	3584.0	1677.8	26042.0	-0.030514143652381892	FALSE	cell_line	A427	A427
FOXD2	JASPAR2024|000361|MA0847.4	1.0	0.7838	1310.0	3584.0	9631.9	26042.0	-0.026771302265295418	FALSE	cell_line	A427	A427
HNF4A	JASPAR2024|000409|MA1494.2	1.0	0.911	357.0	3584.0	2739.2	26042.0	-0.08595750825804517	FALSE	cell_line	A427	A427
ZBTB18	JASPAR2024|000681|MA0698.2	1.0	1.0	1647.0	3584.0	12960.4	26042.0	-0.22048959945833477	FALSE	cell_line	A427	A427
E2F5	CIS-BP2.00|000940|M08109_2.00	0.0001	0.0003	3238.0	3584.0	22965.1	26040.0	0.323769981665583	FALSE	cell_line	A427	A427
ZNF141	CIS-BP2.00|000653|M07586_2.00	1.0	0.3364	2543.0	3584.0	18293.7	26040.0	0.048438325444109864	FALSE	cell_line	A427	A427
ZNF19	CIS-BP2.00|000670|M07603_2.00	1.0	0.6289	3564.0	3584.0	25880.6	26040.0	0.10334681390438462	FALSE	cell_line	A427	A427
ZNF33A	CIS-BP2.00|000762|M07695_2.00	1.0	0.7541	3164.0	3584.0	22973.7	26040.0	0.006591226877360513	FALSE	cell_line	A427	A427
ZNF540	CIS-BP2.00|000701|M07634_2.00	1.0	1.0	804.0	3584.0	5961.1	26040.0	-0.037235335359011135	FALSE	cell_line	A427	A427
ZNF254	CIS-BP2.00|000827|M07760_2.00	1.0	1.0	465.0	3584.0	3697.7	26040.0	-0.14954689425824388	FALSE	cell_line	A427	A427
ZNF444	CIS-BP2.00|000420|M04529_2.00	1.0	1.0	1144.0	3584.0	8777.0	26040.0	-0.11661629905962233	FALSE	cell_line	A427	A427
ZNF33B	CIS-BP2.00|000777|M07710_2.00	1.0	1.0	1177.0	3584.0	9094.6	26040.0	-0.1340338829731176	FALSE	cell_line	A427	A427
NFATC4	JASPAR2024|000506|MA1525.3	1e-08	0.0	2681.0	3584.0	18697.7	26544.0	0.31672068700238665	TRUE	cell_line	A549	A549
CEBPB	JASPAR2024|000235|MA0466.4	1e-06	0.0	326.0	3584.0	1809.0	26544.0	0.4538669513376535	TRUE	cell_line	A549	A549
XBP1	JASPAR2024|000675|MA0844.2	0.01	0.029	1780.0	3584.0	12595.0	26544.0	0.12798831062812616	FALSE	cell_line	A549	A549
ELF3	JASPAR2024|000276|MA0640.3	0.1	0.1276	3576.0	3584.0	26426.9	26544.0	0.9048672596655927	FALSE	cell_line	A549	A549
CEBPA	JASPAR2024|000234|MA0102.5	0.1	0.1276	2579.0	3584.0	18715.5	26544.0	0.10180617965840857	FALSE	cell_line	A549	A549
HNF4A	JASPAR2024|000410|MA0114.5	1.0	0.5983	3430.0	3584.0	25310.6	26544.0	0.11426729883877046	FALSE	cell_line	A549	A549
FOXD2	JASPAR2024|000361|MA0847.4	1.0	0.6039	1312.0	3584.0	9535.1	26544.0	0.04297375583729234	FALSE	cell_line	A549	A549
FOXA3	JASPAR2024|000358|MA1683.2	1.0	0.6269	3155.0	3584.0	23258.5	26544.0	0.05375390155959309	FALSE	cell_line	A549	A549
FOXA2	JASPAR2024|000357|MA0047.4	1.0	0.6269	2754.0	3584.0	20263.1	26544.0	0.040005934011156576	FALSE	cell_line	A549	A549
FOXA1	JASPAR2024|000356|MA0148.5	1.0	0.6502	2856.0	3584.0	21058.1	26544.0	0.030769839495757866	FALSE	cell_line	A549	A549
GATA6	JASPAR2024|000382|MA1104.3	1.0	0.6502	2944.0	3584.0	21715.9	26544.0	0.03164409632888531	FALSE	cell_line	A549	A549
ZNF75D	JASPAR2024|000169|MA1601.2	1.0	0.6502	2418.0	3584.0	17825.0	26544.0	0.02030100045956775	FALSE	cell_line	A549	A549
ETV1	JASPAR2024|000652|MA1966.2	1.0	0.7127	3465.0	3584.0	25645.1	26544.0	0.02437636460728774	FALSE	cell_line	A549	A549
ETV1	JASPAR2024|000311|MA0761.3	1.0	0.7241	3556.0	3584.0	26329.1	26544.0	0.029828890057705858	FALSE	cell_line	A549	A549
ZNF341	JASPAR2024|000712|MA1655.2	1.0	0.7379	3582.0	3584.0	26524.6	26544.0	0.10444885023820408	FALSE	cell_line	A549	A549
NR3C2	JASPAR2024|000539|MA0727.2	1.0	0.9465	226.0	3584.0	1735.8	26544.0	-0.05347607995388354	FALSE	cell_line	A549	A549
ZNF281	JASPAR2024|000706|MA1630.3	1.0	0.9465	2843.0	3584.0	21172.3	26544.0	-0.03947794434624927	FALSE	cell_line	A549	A549
HNF4A	JASPAR2024|000409|MA1494.2	1.0	1.0	333.0	3584.0	2768.1	26544.0	-0.18304500213208127	FALSE	cell_line	A549	A549
NKX2-1	JASPAR2024|000822|MA1994.2	1.0	1.0	3355.0	3584.0	25100.8	26544.0	-0.24995749782020638	FALSE	cell_line	A549	A549
CREB3L2	JASPAR2024|000025|MA0608.1	1.0	1.0	1737.0	3584.0	13455.7	26544.0	-0.12849960523952278	FALSE	cell_line	A549	A549
ZBTB18	JASPAR2024|000681|MA0698.2	1.0	1.0	1805.0	3584.0	14129.4	26544.0	-0.16572888599265545	FALSE	cell_line	A549	A549
ZNF33A	CIS-BP2.00|000762|M07695_2.00	0.001	0.0019	3265.0	3584.0	23692.8	26544.0	0.2988310437682157	FALSE	cell_line	A549	A549
ZNF19	CIS-BP2.00|000670|M07603_2.00	0.1	0.11	3572.0	3584.0	26389.0	26544.0	0.7519564805079216	FALSE	cell_line	A549	A549
E2F5	CIS-BP2.00|000940|M08109_2.00	0.1	0.1429	3157.0	3584.0	23116.8	26544.0	0.13112625390302457	FALSE	cell_line	A549	A549
ZNF540	CIS-BP2.00|000701|M07634_2.00	1.0	0.9846	799.0	3584.0	5946.7	26544.0	-0.008558620648215397	FALSE	cell_line	A549	A549
ZNF141	CIS-BP2.00|000653|M07586_2.00	1.0	1.0	2502.0	3584.0	18611.8	26544.0	-0.021369407102159597	FALSE	cell_line	A549	A549
ZNF33B	CIS-BP2.00|000777|M07710_2.00	1.0	1.0	1197.0	3584.0	9064.7	26544.0	-0.04819715398846403	FALSE	cell_line	A549	A549
ZNF254	CIS-BP2.00|000827|M07760_2.00	1.0	1.0	511.0	3584.0	4015.0	26544.0	-0.09891258878169334	FALSE	cell_line	A549	A549
ZNF444	CIS-BP2.00|000420|M04529_2.00	1.0	1.0	1088.0	3584.0	8741.9	26544.0	-0.1715788364561306	FALSE	cell_line	A549	A549
XBP1	JASPAR2024|000675|MA0844.2	1e-09	0.0	1891.0	3584.0	12477.3	26185.0	0.29519834478129947	TRUE	cell_line	ABC-1	ABC-1
NFATC4	JASPAR2024|000506|MA1525.3	1e-07	0.0	2685.0	3584.0	18542.5	26185.0	0.2993317994928838	TRUE	cell_line	ABC-1	ABC-1
GATA6	JASPAR2024|000382|MA1104.3	0.01	0.0087	2992.0	3584.0	21350.1	26185.0	0.1938947188191814	FALSE	cell_line	ABC-1	ABC-1
CEBPB	JASPAR2024|000235|MA0466.4	0.01	0.0087	298.0	3584.0	1829.5	26185.0	0.2736125159865987	FALSE	cell_line	ABC-1	ABC-1
ETV1	JASPAR2024|000652|MA1966.2	0.01	0.0087	3486.0	3584.0	25236.6	26185.0	0.41236567415127656	FALSE	cell_line	ABC-1	ABC-1
FOXA3	JASPAR2024|000358|MA1683.2	0.01	0.0139	3187.0	3584.0	22903.2	26185.0	0.20059690911164182	FALSE	cell_line	ABC-1	ABC-1
NKX2-1	JASPAR2024|000822|MA1994.2	0.01	0.0179	3415.0	3584.0	24699.2	26185.0	0.2780433436333656	FALSE	cell_line	ABC-1	ABC-1
CREB3L2	JASPAR2024|000025|MA0608.1	0.1	0.0291	1873.0	3584.0	13181.1	26185.0	0.11094902553755553	FALSE	cell_line	ABC-1	ABC-1
FOXA2	JASPAR2024|000357|MA0047.4	0.1	0.0594	2782.0	3584.0	19961.6	26185.0	0.11243567667924599	FALSE	cell_line	ABC-1	ABC-1
ELF3	JASPAR2024|000276|MA0640.3	0.1	0.0837	3575.0	3584.0	26068.3	26185.0	0.7587939803077612	FALSE	cell_line	ABC-1	ABC-1
ETV1	JASPAR2024|000311|MA0761.3	0.1	0.1253	3563.0	3584.0	25971.3	26185.0	0.450970739823771	FALSE	cell_line	ABC-1	ABC-1
ZNF75D	JASPAR2024|000169|MA1601.2	1.0	0.2266	2420.0	3584.0	17445.6	26185.0	0.05837856832875124	FALSE	cell_line	ABC-1	ABC-1
FOXA1	JASPAR2024|000356|MA0148.5	1.0	0.3025	2866.0	3584.0	20779.4	26185.0	0.05370160938650575	FALSE	cell_line	ABC-1	ABC-1
ZNF341	JASPAR2024|000712|MA1655.2	1.0	0.3628	3583.0	3584.0	26166.1	26185.0	0.8247370285844857	FALSE	cell_line	ABC-1	ABC-1
ZNF281	JASPAR2024|000706|MA1630.3	1.0	0.3628	2868.0	3584.0	20834.5	26185.0	0.04012924240127444	FALSE	cell_line	ABC-1	ABC-1
FOXD2	JASPAR2024|000361|MA0847.4	1.0	0.4266	1332.0	3584.0	9633.4	26185.0	0.023430839444083824	FALSE	cell_line	ABC-1	ABC-1
CEBPA	JASPAR2024|000234|MA0102.5	1.0	0.4266	2538.0	3584.0	18456.0	26185.0	0.02272195347843146	FALSE	cell_line	ABC-1	ABC-1
NR3C2	JASPAR2024|000539|MA0727.2	1.0	0.8049	224.0	3584.0	1687.3	26185.0	-0.04442866590129433	FALSE	cell_line	ABC-1	ABC-1
HNF4A	JASPAR2024|000410|MA0114.5	1.0	0.9693	3394.0	3584.0	24904.6	26185.0	-0.12587526746452596	FALSE	cell_line	ABC-1	ABC-1
HNF4A	JASPAR2024|000409|MA1494.2	1.0	1.0	321.0	3584.0	2743.2	26185.0	-0.24860992139806828	FALSE	cell_line	ABC-1	ABC-1
ZBTB18	JASPAR2024|000681|MA0698.2	1.0	1.0	1751.0	3584.0	13474.9	26185.0	-0.1503052421484832	FALSE	cell_line	ABC-1	ABC-1
ZNF19	CIS-BP2.00|000670|M07603_2.00	0.01	0.0135	3575.0	3584.0	26026.4	26184.0	1.1929794663331925	FALSE	cell_line	ABC-1	ABC-1
E2F5	CIS-BP2.00|000940|M08109_2.00	0.01	0.0459	3179.0	3584.0	22883.0	26184.0	0.17791191311536653	FALSE	cell_line	ABC-1	ABC-1
ZNF33A	CIS-BP2.00|000762|M07695_2.00	1.0	0.2669	3200.0	3584.0	23209.9	26184.0	0.09323800418806437	FALSE	cell_line	ABC-1	ABC-1
ZNF141	CIS-BP2.00|000653|M07586_2.00	1.0	0.665	2509.0	3584.0	18262.8	26184.0	0.017326923129445514	FALSE	cell_line	ABC-1	ABC-1
ZNF444	CIS-BP2.00|000420|M04529_2.00	1.0	0.665	1181.0	3584.0	8566.4	26184.0	0.015696019642757488	FALSE	cell_line	ABC-1	ABC-1
ZNF33B	CIS-BP2.00|000777|M07710_2.00	1.0	1.0	1198.0	3584.0	9022.7	26184.0	-0.06617661953760295	FALSE	cell_line	ABC-1	ABC-1
ZNF254	CIS-BP2.00|000827|M07760_2.00	1.0	1.0	491.0	3584.0	3861.2	26184.0	-0.12273439574374997	FALSE	cell_line	ABC-1	ABC-1
ZNF540	CIS-BP2.00|000701|M07634_2.00	1.0	1.0	747.0	3584.0	5874.9	26184.0	-0.13507206160950325	FALSE	cell_line	ABC-1	ABC-1
NFATC4	JASPAR2024|000506|MA1525.3	1e-07	0.0	2691.0	3584.0	18704.5	26385.0	0.3068128798362366	TRUE	cell_line	H1648	H1648
XBP1	JASPAR2024|000675|MA0844.2	1e-06	0.0	1854.0	3584.0	12556.3	26385.0	0.2390901755543718	TRUE	cell_line	H1648	H1648
CEBPB	JASPAR2024|000235|MA0466.4	0.001	0.0068	297.0	3584.0	1827.4	26385.0	0.2819105750733232	FALSE	cell_line	H1648	H1648
ZNF75D	JASPAR2024|000169|MA1601.2	0.01	0.0091	2491.0	3584.0	17733.8	26385.0	0.15257451306814424	FALSE	cell_line	H1648	H1648
GATA6	JASPAR2024|000382|MA1104.3	0.01	0.0099	2991.0	3584.0	21539.7	26385.0	0.1813242496836225	FALSE	cell_line	H1648	H1648
ELF3	JASPAR2024|000276|MA0640.3	0.01	0.0251	3578.0	3584.0	26274.9	26385.0	1.2124820149459592	FALSE	cell_line	H1648	H1648
NKX2-1	JASPAR2024|000822|MA1994.2	0.1	0.0605	3413.0	3584.0	24919.9	26385.0	0.22720735862771269	FALSE	cell_line	H1648	H1648
CEBPA	JASPAR2024|000234|MA0102.5	0.1	0.0605	2579.0	3584.0	18578.8	26385.0	0.10826695277305808	FALSE	cell_line	H1648	H1648
ZNF281	JASPAR2024|000706|MA1630.3	0.1	0.13	2905.0	3584.0	21103.4	26385.0	0.09791488477524225	FALSE	cell_line	H1648	H1648
CREB3L2	JASPAR2024|000025|MA0608.1	0.1	0.1841	1855.0	3584.0	13354.9	26385.0	0.06593331636020759	FALSE	cell_line	H1648	H1648
ETV1	JASPAR2024|000652|MA1966.2	0.1	0.1841	3471.0	3584.0	25444.0	26385.0	0.17854603212151066	FALSE	cell_line	H1648	H1648
ETV1	JASPAR2024|000311|MA0761.3	1.0	0.1841	3561.0	3584.0	26162.6	26385.0	0.36868735781951073	FALSE	cell_line	H1648	H1648
FOXA1	JASPAR2024|000356|MA0148.5	1.0	0.5547	2855.0	3584.0	20942.5	26385.0	0.024769325215889478	FALSE	cell_line	H1648	H1648
FOXA3	JASPAR2024|000358|MA1683.2	1.0	0.5547	3149.0	3584.0	23120.5	26385.0	0.03032928737713668	FALSE	cell_line	H1648	H1648
FOXA2	JASPAR2024|000357|MA0047.4	1.0	0.5618	2739.0	3584.0	20113.6	26385.0	0.014803219719566994	FALSE	cell_line	H1648	H1648
HNF4A	JASPAR2024|000410|MA0114.5	1.0	0.66	3413.0	3584.0	25122.7	26385.0	0.0006491059112102602	FALSE	cell_line	H1648	H1648
FOXD2	JASPAR2024|000361|MA0847.4	1.0	0.685	1305.0	3584.0	9633.4	26385.0	-0.00596484604290832	FALSE	cell_line	H1648	H1648
ZNF341	JASPAR2024|000712|MA1655.2	1.0	0.9794	3580.0	3584.0	26365.0	26385.0	-0.692791381071556	FALSE	cell_line	H1648	H1648
ZBTB18	JASPAR2024|000681|MA0698.2	1.0	1.0	1804.0	3584.0	13574.5	26385.0	-0.06425239664787179	FALSE	cell_line	H1648	H1648
HNF4A	JASPAR2024|000409|MA1494.2	1.0	1.0	357.0	3584.0	2826.7	26385.0	-0.11558174326724109	FALSE	cell_line	H1648	H1648
NR3C2	JASPAR2024|000539|MA0727.2	1.0	1.0	204.0	3584.0	1709.0	26385.0	-0.19557244291196207	FALSE	cell_line	H1648	H1648
E2F5	CIS-BP2.00|000940|M08109_2.00	0.1	0.0452	3181.0	3584.0	23085.1	26387.0	0.17366009511324448	FALSE	cell_line	H1648	H1648
ZNF33A	CIS-BP2.00|000762|M07695_2.00	0.1	0.1137	3221.0	3584.0	23468.8	26387.0	0.1403283485689981	FALSE	cell_line	H1648	H1648
ZNF19	CIS-BP2.00|000670|M07603_2.00	1.0	0.6574	3565.0	3584.0	26230.8	26387.0	0.12734615177374634	FALSE	cell_line	H1648	H1648
ZNF444	CIS-BP2.00|000420|M04529_2.00	1.0	0.6741	1204.0	3584.0	8816.6	26387.0	0.011981726897741246	FALSE	cell_line	H1648	H1648
ZNF141	CIS-BP2.00|000653|M07586_2.00	1.0	0.7254	2512.0	3584.0	18490.6	26387.0	0.0006732245767564954	FALSE	cell_line	H1648	H1648
ZNF540	CIS-BP2.00|000701|M07634_2.00	1.0	0.8794	793.0	3584.0	5919.7	26387.0	-0.025100206473076488	FALSE	cell_line	H1648	H1648
ZNF254	CIS-BP2.00|000827|M07760_2.00	1.0	1.0	501.0	3584.0	3954.2	26387.0	-0.11624554233851947	FALSE	cell_line	H1648	H1648
ZNF33B	CIS-BP2.00|000777|M07710_2.00	1.0	1.0	1181.0	3584.0	9138.2	26387.0	-0.10804021608421421	FALSE	cell_line	H1648	H1648
NFATC4	JASPAR2024|000506|MA1525.3	1e-10	0.0	2709.0	3584.0	18451.7	26136.0	0.3661343474460757	TRUE	cell_line	H1650	H1650
CEBPB	JASPAR2024|000235|MA0466.4	1e-08	0.0	339.0	3584.0	1786.0	26136.0	0.5117863005026043	TRUE	cell_line	H1650	H1650
XBP1	JASPAR2024|000675|MA0844.2	0.0001	0.0001	1827.0	3584.0	12418.6	26136.0	0.19984573416832566	FALSE	cell_line	H1650	H1650
ZNF75D	JASPAR2024|000169|MA1601.2	0.1	0.0996	2453.0	3584.0	17461.0	26136.0	0.10744600314398331	FALSE	cell_line	H1650	H1650
GATA6	JASPAR2024|000382|MA1104.3	0.1	0.0996	2980.0	3584.0	21382.8	26136.0	0.1323783776745139	FALSE	cell_line	H1650	H1650
ELF3	JASPAR2024|000276|MA0640.3	0.1	0.1159	3576.0	3584.0	26026.9	26136.0	0.8252302921474131	FALSE	cell_line	H1650	H1650
CEBPA	JASPAR2024|000234|MA0102.5	0.1	0.1159	2576.0	3584.0	18424.6	26136.0	0.09668730855975531	FALSE	cell_line	H1650	H1650
FOXA2	JASPAR2024|000357|MA0047.4	0.1	0.1544	2775.0	3584.0	19944.7	26136.0	0.09003389453789647	FALSE	cell_line	H1650	H1650
CREB3L2	JASPAR2024|000025|MA0608.1	1.0	0.4219	1834.0	3584.0	13172.8	26136.0	0.04448058713505506	FALSE	cell_line	H1650	H1650
ETV1	JASPAR2024|000652|MA1966.2	1.0	0.4846	3468.0	3584.0	25228.5	26136.0	0.09966310888002536	FALSE	cell_line	H1650	H1650
ETV1	JASPAR2024|000311|MA0761.3	1.0	0.4846	3560.0	3584.0	25932.4	26136.0	0.19379073825500986	FALSE	cell_line	H1650	H1650
NKX2-1	JASPAR2024|000822|MA1994.2	1.0	0.4846	3394.0	3584.0	24681.6	26136.0	0.07086293608834648	FALSE	cell_line	H1650	H1650
ZNF341	JASPAR2024|000712|MA1655.2	1.0	0.7279	3582.0	3584.0	26117.0	26136.0	0.09749592666829796	FALSE	cell_line	H1650	H1650
FOXA3	JASPAR2024|000358|MA1683.2	1.0	0.8363	3139.0	3584.0	22908.5	26136.0	-0.010164525800302488	FALSE	cell_line	H1650	H1650
FOXD2	JASPAR2024|000361|MA0847.4	1.0	0.9394	1283.0	3584.0	9446.7	26136.0	-0.021483186096997745	FALSE	cell_line	H1650	H1650
FOXA1	JASPAR2024|000356|MA0148.5	1.0	0.9394	2833.0	3584.0	20745.2	26136.0	-0.029367048177457104	FALSE	cell_line	H1650	H1650
ZNF281	JASPAR2024|000706|MA1630.3	1.0	0.9752	2829.0	3584.0	20770.0	26136.0	-0.04743908637838161	FALSE	cell_line	H1650	H1650
NR3C2	JASPAR2024|000539|MA0727.2	1.0	0.9752	216.0	3584.0	1666.2	26136.0	-0.08370193353130657	FALSE	cell_line	H1650	H1650
HNF4A	JASPAR2024|000409|MA1494.2	1.0	0.9821	353.0	3584.0	2733.6	26136.0	-0.09487247294597198	FALSE	cell_line	H1650	H1650
HNF4A	JASPAR2024|000410|MA0114.5	1.0	1.0	3388.0	3584.0	24864.5	26136.0	-0.18090030155013462	FALSE	cell_line	H1650	H1650
ZBTB18	JASPAR2024|000681|MA0698.2	1.0	1.0	1808.0	3584.0	13580.0	26136.0	-0.0873463043418007	FALSE	cell_line	H1650	H1650
ZNF33A	CIS-BP2.00|000762|M07695_2.00	1.0	0.549	3206.0	3584.0	23220.2	26138.0	0.09042284263475323	FALSE	cell_line	H1650	H1650
ZNF444	CIS-BP2.00|000420|M04529_2.00	1.0	0.849	1172.0	3584.0	8487.7	26138.0	0.015261998929435958	FALSE	cell_line	H1650	H1650
ZNF19	CIS-BP2.00|000670|M07603_2.00	1.0	0.8975	3564.0	3584.0	25982.4	26138.0	0.06298388688238794	FALSE	cell_line	H1650	H1650
E2F5	CIS-BP2.00|000940|M08109_2.00	1.0	0.9152	3137.0	3584.0	22870.2	26138.0	0.0027676696661217935	FALSE	cell_line	H1650	H1650
ZNF141	CIS-BP2.00|000653|M07586_2.00	1.0	1.0	2486.0	3584.0	18264.0	26138.0	-0.03520047232932901	FALSE	cell_line	H1650	H1650
ZNF33B	CIS-BP2.00|000777|M07710_2.00	1.0	1.0	1191.0	3584.0	8956.1	26138.0	-0.0664343737517426	FALSE	cell_line	H1650	H1650
ZNF540	CIS-BP2.00|000701|M07634_2.00	1.0	1.0	763.0	3584.0	5834.5	26138.0	-0.08680287420110439	FALSE	cell_line	H1650	H1650
ZNF254	CIS-BP2.00|000827|M07760_2.00	1.0	1.0	491.0	3584.0	3912.4	26138.0	-0.14803203610332705	FALSE	cell_line	H1650	H1650
NFATC4	JASPAR2024|000506|MA1525.3	1e-10	0.0	2724.0	3584.0	18321.7	25758.0	0.361905530066407	TRUE	cell_line	H1819	H1819
XBP1	JASPAR2024|000675|MA0844.2	1e-07	0.0	1896.0	3584.0	12478.6	25758.0	0.25732758532245514	TRUE	cell_line	H1819	H1819
ELF3	JASPAR2024|000276|MA0640.3	0.01	0.023	3578.0	3584.0	25639.1	25758.0	1.358272438165479	FALSE	cell_line	H1819	H1819
ZNF281	JASPAR2024|000706|MA1630.3	0.01	0.023	2912.0	3584.0	20470.9	25758.0	0.16172705618752461	FALSE	cell_line	H1819	H1819
NKX2-1	JASPAR2024|000822|MA1994.2	0.1	0.0443	3401.0	3584.0	24206.3	25758.0	0.24929310995885173	FALSE	cell_line	H1819	H1819
GATA6	JASPAR2024|000382|MA1104.3	0.1	0.0674	2965.0	3584.0	20960.0	25758.0	0.1320814506971272	FALSE	cell_line	H1819	H1819
ZNF75D	JASPAR2024|000169|MA1601.2	0.1	0.1054	2429.0	3584.0	17085.7	25758.0	0.09388034341149044	FALSE	cell_line	H1819	H1819
CEBPB	JASPAR2024|000235|MA0466.4	0.1	0.1054	282.0	3584.0	1823.6	25758.0	0.16662326208943587	FALSE	cell_line	H1819	H1819
FOXA3	JASPAR2024|000358|MA1683.2	0.1	0.1054	3164.0	3584.0	22491.2	25758.0	0.12857798575005638	FALSE	cell_line	H1819	H1819
FOXA2	JASPAR2024|000357|MA0047.4	0.1	0.1951	2748.0	3584.0	19501.5	25758.0	0.07612795803989013	FALSE	cell_line	H1819	H1819
CEBPA	JASPAR2024|000234|MA0102.5	1.0	0.2583	2541.0	3584.0	18040.8	25758.0	0.059189201924638245	FALSE	cell_line	H1819	H1819
FOXA1	JASPAR2024|000356|MA0148.5	1.0	0.2583	2864.0	3584.0	20392.1	25758.0	0.06519377468301918	FALSE	cell_line	H1819	H1819
ETV1	JASPAR2024|000311|MA0761.3	1.0	0.3703	3557.0	3584.0	25529.0	25758.0	0.21776100918220023	FALSE	cell_line	H1819	H1819
ETV1	JASPAR2024|000652|MA1966.2	1.0	0.3808	3460.0	3584.0	24807.6	25758.0	0.09138905122786027	FALSE	cell_line	H1819	H1819
FOXD2	JASPAR2024|000361|MA0847.4	1.0	0.5364	1325.0	3584.0	9457.4	25758.0	0.01591064102893312	FALSE	cell_line	H1819	H1819
ZNF341	JASPAR2024|000712|MA1655.2	1.0	0.5785	3582.0	3584.0	25735.7	25758.0	0.3442733814363585	FALSE	cell_line	H1819	H1819
CREB3L2	JASPAR2024|000025|MA0608.1	1.0	0.5939	1824.0	3584.0	13094.6	25758.0	0.0032106153773727004	FALSE	cell_line	H1819	H1819
HNF4A	JASPAR2024|000410|MA0114.5	1.0	0.7102	3399.0	3584.0	24449.0	25758.0	-0.026885519341390163	FALSE	cell_line	H1819	H1819
HNF4A	JASPAR2024|000409|MA1494.2	1.0	1.0	344.0	3584.0	2721.6	25758.0	-0.152485927176253	FALSE	cell_line	H1819	H1819
NR3C2	JASPAR2024|000539|MA0727.2	1.0	1.0	200.0	3584.0	1655.2	25758.0	-0.21355109117039564	FALSE	cell_line	H1819	H1819
ZBTB18	JASPAR2024|000681|MA0698.2	1.0	1.0	1652.0	3584.0	12843.5	25758.0	-0.21786506913756296	FALSE	cell_line	H1819	H1819
E2F5	CIS-BP2.00|000940|M08109_2.00	1e-06	0.0	3243.0	3584.0	22594.9	25759.0	0.41165992044620775	TRUE	cell_line	H1819	H1819
ZNF33A	CIS-BP2.00|000762|M07695_2.00	0.1	0.163	3200.0	3584.0	22768.0	25759.0	0.12914352426436898	FALSE	cell_line	H1819	H1819
ZNF540	CIS-BP2.00|000701|M07634_2.00	1.0	0.7674	818.0	3584.0	5836.0	25759.0	0.014288122600758011	FALSE	cell_line	H1819	H1819
ZNF19	CIS-BP2.00|000670|M07603_2.00	1.0	0.9449	3561.0	3584.0	25593.6	25759.0	-0.025673155990581623	FALSE	cell_line	H1819	H1819
ZNF254	CIS-BP2.00|000827|M07760_2.00	1.0	1.0	490.0	3584.0	3661.3	25759.0	-0.06407732148841074	FALSE	cell_line	H1819	H1819
ZNF444	CIS-BP2.00|000420|M04529_2.00	1.0	1.0	1151.0	3584.0	8479.1	25759.0	-0.05244986729545226	FALSE	cell_line	H1819	H1819
ZNF141	CIS-BP2.00|000653|M07586_2.00	1.0	1.0	2483.0	3584.0	18056.1	25759.0	-0.05605376730385631	FALSE	cell_line	H1819	H1819
ZNF33B	CIS-BP2.00|000777|M07710_2.00	1.0	1.0	1192.0	3584.0	8956.0	25759.0	-0.09677486986136606	FALSE	cell_line	H1819	H1819
XBP1	JASPAR2024|000675|MA0844.2	0.0001	0.0013	1815.0	3584.0	12818.4	27026.0	0.18546634078392088	FALSE	cell_line	H1975	H1975
NFATC4	JASPAR2024|000506|MA1525.3	0.0001	0.0013	2591.0	3584.0	18757.0	27026.0	0.20159997015780806	FALSE	cell_line	H1975	H1975
CEBPB	JASPAR2024|000235|MA0466.4	0.01	0.0227	272.0	3584.0	1739.8	27026.0	0.25737852286473384	FALSE	cell_line	H1975	H1975
CREB3L2	JASPAR2024|000025|MA0608.1	0.1	0.0891	1885.0	3584.0	13733.2	27026.0	0.10281572528997616	FALSE	cell_line	H1975	H1975
NKX2-1	JASPAR2024|000822|MA1994.2	0.1	0.2433	3422.0	3584.0	25648.7	27026.0	0.17806347769242228	FALSE	cell_line	H1975	H1975
ZNF75D	JASPAR2024|000169|MA1601.2	0.1	0.2433	2474.0	3584.0	18326.4	27026.0	0.08106876373495088	FALSE	cell_line	H1975	H1975
ETV1	JASPAR2024|000311|MA0761.3	1.0	0.3807	3562.0	3584.0	26813.4	27026.0	0.3315145356661565	FALSE	cell_line	H1975	H1975
ELF3	JASPAR2024|000276|MA0640.3	1.0	0.5595	3573.0	3584.0	26918.4	27026.0	0.31945099256709697	FALSE	cell_line	H1975	H1975
GATA6	JASPAR2024|000382|MA1104.3	1.0	0.8001	2953.0	3584.0	22196.0	27026.0	0.025483199869039297	FALSE	cell_line	H1975	H1975
FOXA2	JASPAR2024|000357|MA0047.4	1.0	0.8001	2762.0	3584.0	20756.9	27026.0	0.020706439756114497	FALSE	cell_line	H1975	H1975
CEBPA	JASPAR2024|000234|MA0102.5	1.0	0.9291	2546.0	3584.0	19189.6	27026.0	0.0020072648330580686	FALSE	cell_line	H1975	H1975
NR3C2	JASPAR2024|000539|MA0727.2	1.0	0.9291	231.0	3584.0	1740.0	27026.0	0.00421013931969963	FALSE	cell_line	H1975	H1975
FOXA3	JASPAR2024|000358|MA1683.2	1.0	0.9291	3141.0	3584.0	23696.6	27026.0	-0.006712187989283939	FALSE	cell_line	H1975	H1975
HNF4A	JASPAR2024|000410|MA0114.5	1.0	0.9291	3425.0	3584.0	25834.0	27026.0	-0.01255153480727136	FALSE	cell_line	H1975	H1975
FOXA1	JASPAR2024|000356|MA0148.5	1.0	0.9291	2833.0	3584.0	21384.1	27026.0	-0.007451178654050668	FALSE	cell_line	H1975	H1975
ETV1	JASPAR2024|000652|MA1966.2	1.0	1.0	3453.0	3584.0	26125.0	27026.0	-0.14206282741541504	FALSE	cell_line	H1975	H1975
FOXD2	JASPAR2024|000361|MA0847.4	1.0	1.0	1226.0	3584.0	9513.9	27026.0	-0.06311366305712085	FALSE	cell_line	H1975	H1975
ZBTB18	JASPAR2024|000681|MA0698.2	1.0	1.0	1927.0	3584.0	14850.2	27026.0	-0.06873313589726941	FALSE	cell_line	H1975	H1975
ZNF341	JASPAR2024|000712|MA1655.2	1.0	1.0	3579.0	3584.0	27008.9	27026.0	-1.2375597015489648	FALSE	cell_line	H1975	H1975
HNF4A	JASPAR2024|000409|MA1494.2	1.0	1.0	348.0	3584.0	2890.8	27026.0	-0.15382548834327453	FALSE	cell_line	H1975	H1975
ZNF281	JASPAR2024|000706|MA1630.3	1.0	1.0	2823.0	3584.0	21673.5	27026.0	-0.12697718432726518	FALSE	cell_line	H1975	H1975
ZNF33A	CIS-BP2.00|000762|M07695_2.00	0.1	0.1256	3259.0	3584.0	24332.2	27027.0	0.1495425795539708	FALSE	cell_line	H1975	H1975
ZNF33B	CIS-BP2.00|000777|M07710_2.00	1.0	0.5884	1236.0	3584.0	9172.9	27027.0	0.035290005463659166	FALSE	cell_line	H1975	H1975
ZNF19	CIS-BP2.00|000670|M07603_2.00	1.0	0.8011	3567.0	3584.0	26884.6	27027.0	0.11575758630289855	FALSE	cell_line	H1975	H1975
ZNF540	CIS-BP2.00|000701|M07634_2.00	1.0	1.0	775.0	3584.0	5936.5	27027.0	-0.028293232044711725	FALSE	cell_line	H1975	H1975
ZNF141	CIS-BP2.00|000653|M07586_2.00	1.0	1.0	2507.0	3584.0	19059.9	27027.0	-0.03979943807209521	FALSE	cell_line	H1975	H1975
ZNF254	CIS-BP2.00|000827|M07760_2.00	1.0	1.0	532.0	3584.0	4257.5	27027.0	-0.10025142818987415	FALSE	cell_line	H1975	H1975
ZNF444	CIS-BP2.00|000420|M04529_2.00	1.0	1.0	1126.0	3584.0	8934.0	27027.0	-0.1079184315570113	FALSE	cell_line	H1975	H1975
E2F5	CIS-BP2.00|000940|M08109_2.00	1.0	1.0	3034.0	3584.0	23336.0	27027.0	-0.1976647870336472	FALSE	cell_line	H1975	H1975
NFATC4	JASPAR2024|000506|MA1525.3	1e-08	0.0	2660.0	3584.0	18563.9	26581.0	0.31365583861968865	TRUE	cell_line	H2228	H2228
XBP1	JASPAR2024|000675|MA0844.2	1e-08	0.0	1887.0	3584.0	12735.9	26581.0	0.27353509325653413	TRUE	cell_line	H2228	H2228
FOXA2	JASPAR2024|000357|MA0047.4	0.01	0.0465	2816.0	3584.0	20421.4	26581.0	0.14469488574372633	FALSE	cell_line	H2228	H2228
FOXA3	JASPAR2024|000358|MA1683.2	0.1	0.0652	3193.0	3584.0	23356.7	26581.0	0.17146849321872606	FALSE	cell_line	H2228	H2228
CEBPB	JASPAR2024|000235|MA0466.4	0.1	0.1371	268.0	3584.0	1777.2	26581.0	0.17583892669988377	FALSE	cell_line	H2228	H2228
CEBPA	JASPAR2024|000234|MA0102.5	0.1	0.1709	2593.0	3584.0	18895.1	26581.0	0.08954532357075448	FALSE	cell_line	H2228	H2228
ELF3	JASPAR2024|000276|MA0640.3	0.1	0.1709	3574.0	3584.0	26457.3	26581.0	0.6763241932553273	FALSE	cell_line	H2228	H2228
ETV1	JASPAR2024|000652|MA1966.2	0.1	0.1765	3476.0	3584.0	25656.9	26581.0	0.2074668326286724	FALSE	cell_line	H2228	H2228
ZNF75D	JASPAR2024|000169|MA1601.2	0.1	0.1765	2461.0	3584.0	17940.0	26581.0	0.07767118011715185	FALSE	cell_line	H2228	H2228
ZNF341	JASPAR2024|000712|MA1655.2	0.1	0.1853	3584.0	3584.0	26563.3	26581.0	2.2962488010183137	FALSE	cell_line	H2228	H2228
FOXA1	JASPAR2024|000356|MA0148.5	1.0	0.2219	2881.0	3584.0	21150.8	26581.0	0.07266142818074332	FALSE	cell_line	H2228	H2228
ETV1	JASPAR2024|000311|MA0761.3	1.0	0.2261	3562.0	3584.0	26370.5	26581.0	0.3412557317801857	FALSE	cell_line	H2228	H2228
FOXD2	JASPAR2024|000361|MA0847.4	1.0	0.2625	1319.0	3584.0	9569.5	26581.0	0.050123790065254914	FALSE	cell_line	H2228	H2228
ZNF281	JASPAR2024|000706|MA1630.3	1.0	0.3209	2875.0	3584.0	21177.3	26581.0	0.04853849417792149	FALSE	cell_line	H2228	H2228
HNF4A	JASPAR2024|000410|MA0114.5	1.0	0.3777	3432.0	3584.0	25393.1	26581.0	0.07500605050116506	FALSE	cell_line	H2228	H2228
GATA6	JASPAR2024|000382|MA1104.3	1.0	0.6379	2937.0	3584.0	21772.7	26581.0	0.002832128528980214	FALSE	cell_line	H2228	H2228
CREB3L2	JASPAR2024|000025|MA0608.1	1.0	0.9569	1818.0	3584.0	13647.1	26581.0	-0.03557895966825694	FALSE	cell_line	H2228	H2228
NKX2-1	JASPAR2024|000822|MA1994.2	1.0	1.0	3383.0	3584.0	25193.7	26581.0	-0.11255542504660422	FALSE	cell_line	H2228	H2228
NR3C2	JASPAR2024|000539|MA0727.2	1.0	1.0	213.0	3584.0	1740.7	26581.0	-0.14652481664007078	FALSE	cell_line	H2228	H2228
HNF4A	JASPAR2024|000409|MA1494.2	1.0	1.0	348.0	3584.0	2827.8	26581.0	-0.145058751199344	FALSE	cell_line	H2228	H2228
ZBTB18	JASPAR2024|000681|MA0698.2	1.0	1.0	1853.0	3584.0	14370.8	26581.0	-0.13681493573512266	FALSE	cell_line	H2228	H2228
ZNF33A	CIS-BP2.00|000762|M07695_2.00	0.01	0.008	3275.0	3584.0	23905.2	26584.0	0.24627721641886238	FALSE	cell_line	H2228	H2228
ZNF19	CIS-BP2.00|000670|M07603_2.00	0.1	0.1007	3572.0	3584.0	26427.7	26584.0	0.7618533081720659	FALSE	cell_line	H2228	H2228
E2F5	CIS-BP2.00|000940|M08109_2.00	1.0	0.6384	3114.0	3584.0	22992.4	26584.0	0.04844492437675902	FALSE	cell_line	H2228	H2228
ZNF540	CIS-BP2.00|000701|M07634_2.00	1.0	0.7421	809.0	3584.0	5940.1	26584.0	0.019425226242544502	FALSE	cell_line	H2228	H2228
ZNF141	CIS-BP2.00|000653|M07586_2.00	1.0	0.873	2519.0	3584.0	18680.3	26584.0	0.0007419808223079208	FALSE	cell_line	H2228	H2228
ZNF33B	CIS-BP2.00|000777|M07710_2.00	1.0	1.0	1196.0	3584.0	9084.7	26584.0	-0.05153622507000927	FALSE	cell_line	H2228	H2228
ZNF444	CIS-BP2.00|000420|M04529_2.00	1.0	1.0	1122.0	3584.0	8684.5	26584.0	-0.09004644616136562	FALSE	cell_line	H2228	H2228
ZNF254	CIS-BP2.00|000827|M07760_2.00	1.0	1.0	518.0	3584.0	4122.6	26584.0	-0.11849844700654617	FALSE	cell_line	H2228	H2228
XBP1	JASPAR2024|000675|MA0844.2	1e-07	0.0	1867.0	3584.0	12812.4	27013.0	0.2692037832887541	TRUE	cell_line	H2347	H2347
NFATC4	JASPAR2024|000506|MA1525.3	1e-06	0.0	2626.0	3584.0	18807.5	27013.0	0.257695862726077	TRUE	cell_line	H2347	H2347
CREB3L2	JASPAR2024|000025|MA0608.1	0.001	0.0026	1929.0	3584.0	13776.9	27013.0	0.163188971364739	FALSE	cell_line	H2347	H2347
ZNF75D	JASPAR2024|000169|MA1601.2	0.001	0.003	2523.0	3584.0	18332.2	27013.0	0.17088544033516712	FALSE	cell_line	H2347	H2347
ELF3	JASPAR2024|000276|MA0640.3	0.01	0.008	3579.0	3584.0	26898.7	27013.0	1.4738139312451304	FALSE	cell_line	H2347	H2347
CEBPA	JASPAR2024|000234|MA0102.5	0.01	0.0314	2615.0	3584.0	19226.9	27013.0	0.12767569885590624	FALSE	cell_line	H2347	H2347
ETV1	JASPAR2024|000652|MA1966.2	0.01	0.0314	3489.0	3584.0	26111.8	27013.0	0.33543758285236475	FALSE	cell_line	H2347	H2347
ETV1	JASPAR2024|000311|MA0761.3	0.1	0.0422	3566.0	3584.0	26793.1	27013.0	0.6652194913784119	FALSE	cell_line	H2347	H2347
FOXA2	JASPAR2024|000357|MA0047.4	0.1	0.2026	2793.0	3584.0	20791.8	27013.0	0.07874394724920301	FALSE	cell_line	H2347	H2347
FOXA1	JASPAR2024|000356|MA0148.5	1.0	0.2316	2880.0	3584.0	21482.5	27013.0	0.07406442036142945	FALSE	cell_line	H2347	H2347
NKX2-1	JASPAR2024|000822|MA1994.2	1.0	0.4887	3413.0	3584.0	25657.4	27013.0	0.07310364722759495	FALSE	cell_line	H2347	H2347
FOXA3	JASPAR2024|000358|MA1683.2	1.0	0.4887	3165.0	3584.0	23759.0	27013.0	0.047694023047950854	FALSE	cell_line	H2347	H2347
FOXD2	JASPAR2024|000361|MA0847.4	1.0	0.4887	1291.0	3584.0	9591.8	27013.0	0.03243345925758865	FALSE	cell_line	H2347	H2347
CEBPB	JASPAR2024|000235|MA0466.4	1.0	0.8566	232.0	3584.0	1766.1	27013.0	-0.012847207035581619	FALSE	cell_line	H2347	H2347
ZNF341	JASPAR2024|000712|MA1655.2	1.0	0.8566	3582.0	3584.0	26997.1	27013.0	-0.20009673757349686	FALSE	cell_line	H2347	H2347
GATA6	JASPAR2024|000382|MA1104.3	1.0	0.8566	2935.0	3584.0	22156.8	27013.0	-0.01352898668074667	FALSE	cell_line	H2347	H2347
ZNF281	JASPAR2024|000706|MA1630.3	1.0	0.9441	2858.0	3584.0	21668.7	27013.0	-0.04321443552935467	FALSE	cell_line	H2347	H2347
HNF4A	JASPAR2024|000410|MA0114.5	1.0	1.0	3414.0	3584.0	25841.0	27013.0	-0.13819929797873787	FALSE	cell_line	H2347	H2347
HNF4A	JASPAR2024|000409|MA1494.2	1.0	1.0	358.0	3584.0	2902.8	27013.0	-0.11601702394253645	FALSE	cell_line	H2347	H2347
NR3C2	JASPAR2024|000539|MA0727.2	1.0	1.0	208.0	3584.0	1766.6	27013.0	-0.18075860396588506	FALSE	cell_line	H2347	H2347
ZBTB18	JASPAR2024|000681|MA0698.2	1.0	1.0	1900.0	3584.0	14762.7	27013.0	-0.09507090719952314	FALSE	cell_line	H2347	H2347
ZNF33A	CIS-BP2.00|000762|M07695_2.00	0.0001	0.0005	3301.0	3584.0	24365.5	27012.0	0.3392616725204016	FALSE	cell_line	H2347	H2347
ZNF19	CIS-BP2.00|000670|M07603_2.00	0.1	0.1192	3572.0	3584.0	26867.5	27012.0	0.6251698826496349	FALSE	cell_line	H2347	H2347
E2F5	CIS-BP2.00|000940|M08109_2.00	0.1	0.2146	3131.0	3584.0	23392.4	27012.0	0.0957101558182384	FALSE	cell_line	H2347	H2347
ZNF33B	CIS-BP2.00|000777|M07710_2.00	1.0	0.3377	1242.0	3584.0	9142.8	27012.0	0.05192535633708526	FALSE	cell_line	H2347	H2347
ZNF141	CIS-BP2.00|000653|M07586_2.00	1.0	0.6219	2538.0	3584.0	19066.0	27012.0	0.015755390112982173	FALSE	cell_line	H2347	H2347
ZNF540	CIS-BP2.00|000701|M07634_2.00	1.0	1.0	753.0	3584.0	5933.6	27012.0	-0.08118867490616345	FALSE	cell_line	H2347	H2347
ZNF254	CIS-BP2.00|000827|M07760_2.00	1.0	1.0	522.0	3584.0	4221.6	27012.0	-0.1187816591385355	FALSE	cell_line	H2347	H2347
ZNF444	CIS-BP2.00|000420|M04529_2.00	1.0	1.0	1129.0	3584.0	8915.1	27012.0	-0.09895390373070052	FALSE	cell_line	H2347	H2347
NFATC4	JASPAR2024|000506|MA1525.3	1e-06	0.0	2662.0	3584.0	18693.5	26561.0	0.2806542727509447	TRUE	cell_line	H322	H322
XBP1	JASPAR2024|000675|MA0844.2	1e-05	0.0	1850.0	3584.0	12683.4	26561.0	0.2232069539622263	TRUE	cell_line	H322	H322
ELF3	JASPAR2024|000276|MA0640.3	0.001	0.0034	3579.0	3584.0	26433.7	26561.0	1.6537367263221698	FALSE	cell_line	H322	H322
CEBPB	JASPAR2024|000235|MA0466.4	0.001	0.0034	296.0	3584.0	1812.9	26561.0	0.2992521603524771	FALSE	cell_line	H322	H322
ZNF75D	JASPAR2024|000169|MA1601.2	0.1	0.1555	2458.0	3584.0	17842.4	26561.0	0.09283205699247568	FALSE	cell_line	H322	H322
ETV1	JASPAR2024|000311|MA0761.3	0.1	0.1555	3564.0	3584.0	26343.0	26561.0	0.5282620560194653	FALSE	cell_line	H322	H322
CEBPA	JASPAR2024|000234|MA0102.5	0.1	0.1555	2588.0	3584.0	18835.7	26561.0	0.091422897572468	FALSE	cell_line	H322	H322
ZNF281	JASPAR2024|000706|MA1630.3	0.1	0.1753	2887.0	3584.0	21125.5	26561.0	0.09115355265733632	FALSE	cell_line	H322	H322
NR3C2	JASPAR2024|000539|MA0727.2	0.1	0.2163	255.0	3584.0	1740.1	26561.0	0.1300175396469077	FALSE	cell_line	H322	H322
FOXA3	JASPAR2024|000358|MA1683.2	1.0	0.229	3176.0	3584.0	23357.6	26561.0	0.09300813292143333	FALSE	cell_line	H322	H322
FOXA2	JASPAR2024|000357|MA0047.4	1.0	0.3455	2784.0	3584.0	20459.3	26561.0	0.05305431258471239	FALSE	cell_line	H322	H322
FOXA1	JASPAR2024|000356|MA0148.5	1.0	0.3457	2878.0	3584.0	21174.1	26561.0	0.051882120585017164	FALSE	cell_line	H322	H322
CREB3L2	JASPAR2024|000025|MA0608.1	1.0	0.366	1853.0	3584.0	13563.2	26561.0	0.03680189791457728	FALSE	cell_line	H322	H322
FOXD2	JASPAR2024|000361|MA0847.4	1.0	0.404	1340.0	3584.0	9796.3	26561.0	0.031464323575781564	FALSE	cell_line	H322	H322
ZNF341	JASPAR2024|000712|MA1655.2	1.0	0.423	3583.0	3584.0	26544.1	26561.0	0.6470757581831175	FALSE	cell_line	H322	H322
NKX2-1	JASPAR2024|000822|MA1994.2	1.0	0.477	3398.0	3584.0	25144.5	26561.0	0.03829069717343058	FALSE	cell_line	H322	H322
GATA6	JASPAR2024|000382|MA1104.3	1.0	0.5087	2934.0	3584.0	21702.7	26561.0	0.014257925379687958	FALSE	cell_line	H322	H322
ETV1	JASPAR2024|000652|MA1966.2	1.0	0.7579	3453.0	3584.0	25618.1	26561.0	-0.04825370761879101	FALSE	cell_line	H322	H322
HNF4A	JASPAR2024|000410|MA0114.5	1.0	1.0	3401.0	3584.0	25346.0	26561.0	-0.1698456254042299	FALSE	cell_line	H322	H322
HNF4A	JASPAR2024|000409|MA1494.2	1.0	1.0	345.0	3584.0	2848.2	26561.0	-0.17169269920409405	FALSE	cell_line	H322	H322
ZBTB18	JASPAR2024|000681|MA0698.2	1.0	1.0	1839.0	3584.0	14197.4	26561.0	-0.12384701044762664	FALSE	cell_line	H322	H322
ZNF33A	CIS-BP2.00|000762|M07695_2.00	1.0	0.3229	3234.0	3584.0	23800.2	26564.0	0.10003845836831017	FALSE	cell_line	H322	H322
E2F5	CIS-BP2.00|000940|M08109_2.00	1.0	0.6825	3115.0	3584.0	23041.3	26564.0	0.020971510111818487	FALSE	cell_line	H322	H322
ZNF141	CIS-BP2.00|000653|M07586_2.00	1.0	0.8015	2514.0	3584.0	18640.6	26564.0	-0.002217658795839371	FALSE	cell_line	H322	H322
ZNF540	CIS-BP2.00|000701|M07634_2.00	1.0	0.9407	791.0	3584.0	5931.1	26564.0	-0.02092421215679692	FALSE	cell_line	H322	H322
ZNF19	CIS-BP2.00|000670|M07603_2.00	1.0	1.0	3559.0	3584.0	26396.7	26564.0	-0.1724648384118121	FALSE	cell_line	H322	H322
ZNF444	CIS-BP2.00|000420|M04529_2.00	1.0	1.0	1118.0	3584.0	8662.4	26564.0	-0.09369316742523344	FALSE	cell_line	H322	H322
ZNF33B	CIS-BP2.00|000777|M07710_2.00	1.0	1.0	1171.0	3584.0	9092.2	26564.0	-0.10048099905628406	FALSE	cell_line	H322	H322
ZNF254	CIS-BP2.00|000827|M07760_2.00	1.0	1.0	488.0	3584.0	4033.5	26564.0	-0.18257962125996807	FALSE	cell_line	H322	H322
NFATC4	JASPAR2024|000506|MA1525.3	1e-09	0.0	2720.0	3584.0	18731.0	26300.0	0.34673743750135977	TRUE	cell_line	II-18	II-18
XBP1	JASPAR2024|000675|MA0844.2	1e-06	0.0	1867.0	3584.0	12585.9	26300.0	0.2446449910479481	TRUE	cell_line	II-18	II-18
CEBPB	JASPAR2024|000235|MA0466.4	0.0001	0.0002	316.0	3584.0	1842.4	26300.0	0.3619113474190495	FALSE	cell_line	II-18	II-18
FOXA3	JASPAR2024|000358|MA1683.2	0.01	0.0066	3206.0	3584.0	23097.2	26300.0	0.23251582520014968	FALSE	cell_line	II-18	II-18
ETV1	JASPAR2024|000311|MA0761.3	0.01	0.0272	3566.0	3584.0	26070.5	26300.0	0.7661716428968239	FALSE	cell_line	II-18	II-18
ZNF281	JASPAR2024|000706|MA1630.3	0.01	0.028	2915.0	3584.0	20966.3	26300.0	0.1478244945029494	FALSE	cell_line	II-18	II-18
NKX2-1	JASPAR2024|000822|MA1994.2	0.1	0.0308	3416.0	3584.0	24836.4	26300.0	0.25729951456503874	FALSE	cell_line	II-18	II-18
ZNF75D	JASPAR2024|000169|MA1601.2	0.1	0.0326	2470.0	3584.0	17661.4	26300.0	0.1167188171500083	FALSE	cell_line	II-18	II-18
GATA6	JASPAR2024|000382|MA1104.3	0.1	0.0647	2976.0	3584.0	21513.5	26300.0	0.12220565406901408	FALSE	cell_line	II-18	II-18
ELF3	JASPAR2024|000276|MA0640.3	0.1	0.0842	3576.0	3584.0	26192.6	26300.0	0.7935217446695698	FALSE	cell_line	II-18	II-18
CREB3L2	JASPAR2024|000025|MA0608.1	0.1	0.0842	1870.0	3584.0	13342.0	26300.0	0.08350578025494633	FALSE	cell_line	II-18	II-18
CEBPA	JASPAR2024|000234|MA0102.5	0.1	0.1151	2580.0	3584.0	18630.0	26300.0	0.08089920080926596	FALSE	cell_line	II-18	II-18
ZNF341	JASPAR2024|000712|MA1655.2	0.1	0.1592	3584.0	3584.0	26284.4	26300.0	2.134598334300137	FALSE	cell_line	II-18	II-18
FOXA2	JASPAR2024|000357|MA0047.4	1.0	0.2455	2771.0	3584.0	20149.6	26300.0	0.0565351843234081	FALSE	cell_line	II-18	II-18
FOXD2	JASPAR2024|000361|MA0847.4	1.0	0.5362	1334.0	3584.0	9723.4	26300.0	0.015638422441233358	FALSE	cell_line	II-18	II-18
ETV1	JASPAR2024|000652|MA1966.2	1.0	0.5362	3462.0	3584.0	25380.6	26300.0	0.03482666903686332	FALSE	cell_line	II-18	II-18
NR3C2	JASPAR2024|000539|MA0727.2	1.0	0.6349	230.0	3584.0	1689.1	26300.0	0.0013139938508921417	FALSE	cell_line	II-18	II-18
FOXA1	JASPAR2024|000356|MA0148.5	1.0	0.6349	2857.0	3584.0	20981.3	26300.0	-0.006122916854710558	FALSE	cell_line	II-18	II-18
ZBTB18	JASPAR2024|000681|MA0698.2	1.0	0.921	1830.0	3584.0	13638.1	26300.0	-0.045966858120417176	FALSE	cell_line	II-18	II-18
HNF4A	JASPAR2024|000410|MA0114.5	1.0	0.977	3395.0	3584.0	25050.1	26300.0	-0.16102929120071122	FALSE	cell_line	II-18	II-18
HNF4A	JASPAR2024|000409|MA1494.2	1.0	0.9898	337.0	3584.0	2778.6	26300.0	-0.18505517158395093	FALSE	cell_line	II-18	II-18
ZNF33A	CIS-BP2.00|000762|M07695_2.00	0.01	0.0075	3248.0	3584.0	23431.3	26300.0	0.24134795184204633	FALSE	cell_line	II-18	II-18
ZNF19	CIS-BP2.00|000670|M07603_2.00	0.1	0.0729	3570.0	3584.0	26129.4	26300.0	0.6892113743956539	FALSE	cell_line	II-18	II-18
ZNF141	CIS-BP2.00|000653|M07586_2.00	0.1	0.1616	2551.0	3584.0	18428.0	26300.0	0.07676236380620947	FALSE	cell_line	II-18	II-18
ZNF444	CIS-BP2.00|000420|M04529_2.00	1.0	0.3671	1203.0	3584.0	8664.7	26300.0	0.04056766080744269	FALSE	cell_line	II-18	II-18
E2F5	CIS-BP2.00|000940|M08109_2.00	1.0	0.3671	3149.0	3584.0	22992.2	26300.0	0.057364268263225875	FALSE	cell_line	II-18	II-18
ZNF540	CIS-BP2.00|000701|M07634_2.00	1.0	1.0	776.0	3584.0	5956.0	26300.0	-0.08263991567564113	FALSE	cell_line	II-18	II-18
ZNF33B	CIS-BP2.00|000777|M07710_2.00	1.0	1.0	1158.0	3584.0	9112.8	26300.0	-0.15128778009589575	FALSE	cell_line	II-18	II-18
ZNF254	CIS-BP2.00|000827|M07760_2.00	1.0	1.0	460.0	3584.0	3902.6	26300.0	-0.24168113655090026	FALSE	cell_line	II-18	II-18
NFATC4	JASPAR2024|000506|MA1525.3	1e-08	0.0	2683.0	3584.0	18776.9	26607.0	0.31191393605175516	TRUE	cell_line	LC2/ad	LC2_ad
XBP1	JASPAR2024|000675|MA0844.2	0.0001	0.0001	1803.0	3584.0	12443.2	26607.0	0.20455072604506205	FALSE	cell_line	LC2/ad	LC2_ad
FOXA3	JASPAR2024|000358|MA1683.2	0.01	0.034	3194.0	3584.0	23337.9	26607.0	0.19667608148411583	FALSE	cell_line	LC2/ad	LC2_ad
GATA6	JASPAR2024|000382|MA1104.3	0.1	0.1339	2981.0	3584.0	21796.7	26607.0	0.12481856628357986	FALSE	cell_line	LC2/ad	LC2_ad
FOXA2	JASPAR2024|000357|MA0047.4	0.1	0.1339	2794.0	3584.0	20385.0	26607.0	0.10977569503904823	FALSE	cell_line	LC2/ad	LC2_ad
ZNF281	JASPAR2024|000706|MA1630.3	0.1	0.1339	2901.0	3584.0	21214.8	26607.0	0.10976028937346205	FALSE	cell_line	LC2/ad	LC2_ad
CEBPA	JASPAR2024|000234|MA0102.5	0.1	0.1339	2586.0	3584.0	18840.1	26607.0	0.09482561669917845	FALSE	cell_line	LC2/ad	LC2_ad
FOXA1	JASPAR2024|000356|MA0148.5	0.1	0.1339	2892.0	3584.0	21157.3	26607.0	0.10562243702140042	FALSE	cell_line	LC2/ad	LC2_ad
FOXD2	JASPAR2024|000361|MA0847.4	0.1	0.1929	1351.0	3584.0	9730.0	26607.0	0.06977063151301723	FALSE	cell_line	LC2/ad	LC2_ad
ELF3	JASPAR2024|000276|MA0640.3	1.0	0.2136	3574.0	3584.0	26494.1	26607.0	0.5430744180597423	FALSE	cell_line	LC2/ad	LC2_ad
ZNF75D	JASPAR2024|000169|MA1601.2	1.0	0.2162	2455.0	3584.0	17971.7	26607.0	0.06296726689783705	FALSE	cell_line	LC2/ad	LC2_ad
CEBPB	JASPAR2024|000235|MA0466.4	1.0	0.2162	259.0	3584.0	1789.9	26607.0	0.11324493180637603	FALSE	cell_line	LC2/ad	LC2_ad
CREB3L2	JASPAR2024|000025|MA0608.1	1.0	0.2162	1833.0	3584.0	13348.3	26607.0	0.05629295467852344	FALSE	cell_line	LC2/ad	LC2_ad
NKX2-1	JASPAR2024|000822|MA1994.2	1.0	0.2366	3404.0	3584.0	25167.2	26607.0	0.1102400589217259	FALSE	cell_line	LC2/ad	LC2_ad
ETV1	JASPAR2024|000311|MA0761.3	1.0	0.3176	3560.0	3584.0	26396.5	26607.0	0.21616712472645785	FALSE	cell_line	LC2/ad	LC2_ad
ZNF341	JASPAR2024|000712|MA1655.2	1.0	0.3977	3583.0	3584.0	26590.4	26607.0	0.6194705711883461	FALSE	cell_line	LC2/ad	LC2_ad
ETV1	JASPAR2024|000652|MA1966.2	1.0	0.4267	3464.0	3584.0	25680.9	26607.0	0.052908745351597175	FALSE	cell_line	LC2/ad	LC2_ad
HNF4A	JASPAR2024|000410|MA0114.5	1.0	0.5746	3418.0	3584.0	25369.1	26607.0	0.0032178518731152007	FALSE	cell_line	LC2/ad	LC2_ad
NR3C2	JASPAR2024|000539|MA0727.2	1.0	0.9172	218.0	3584.0	1719.7	26607.0	-0.0907537890760146	FALSE	cell_line	LC2/ad	LC2_ad
ZBTB18	JASPAR2024|000681|MA0698.2	1.0	0.9207	1871.0	3584.0	14144.7	26607.0	-0.05543548579345464	FALSE	cell_line	LC2/ad	LC2_ad
HNF4A	JASPAR2024|000409|MA1494.2	1.0	0.9701	346.0	3584.0	2820.6	26607.0	-0.14856093153459712	FALSE	cell_line	LC2/ad	LC2_ad
ZNF19	CIS-BP2.00|000670|M07603_2.00	0.01	0.0305	3574.0	3584.0	26456.2	26612.0	1.0080367802527985	FALSE	cell_line	LC2/ad	LC2_ad
ZNF33A	CIS-BP2.00|000762|M07695_2.00	0.1	0.0498	3242.0	3584.0	23779.5	26612.0	0.17358447303625324	FALSE	cell_line	LC2/ad	LC2_ad
E2F5	CIS-BP2.00|000940|M08109_2.00	1.0	0.5117	3132.0	3584.0	23159.4	26612.0	0.045659807793437306	FALSE	cell_line	LC2/ad	LC2_ad
ZNF141	CIS-BP2.00|000653|M07586_2.00	1.0	0.5199	2525.0	3584.0	18635.4	26612.0	0.029037228562678354	FALSE	cell_line	LC2/ad	LC2_ad
ZNF540	CIS-BP2.00|000701|M07634_2.00	1.0	0.694	790.0	3584.0	5854.0	26612.0	0.004331523043437368	FALSE	cell_line	LC2/ad	LC2_ad
ZNF33B	CIS-BP2.00|000777|M07710_2.00	1.0	0.7148	1239.0	3584.0	9207.8	26612.0	-0.0016670238167136083	FALSE	cell_line	LC2/ad	LC2_ad
ZNF444	CIS-BP2.00|000420|M04529_2.00	1.0	0.9197	1159.0	3584.0	8715.2	26612.0	-0.026725845621378974	FALSE	cell_line	LC2/ad	LC2_ad
ZNF254	CIS-BP2.00|000827|M07760_2.00	1.0	1.0	515.0	3584.0	4087.0	26612.0	-0.11169084286696428	FALSE	cell_line	LC2/ad	LC2_ad
NFATC4	JASPAR2024|000506|MA1525.3	1e-06	0.0	2682.0	3584.0	18615.5	26237.0	0.28327773127617045	TRUE	cell_line	PC-14	PC-14
XBP1	JASPAR2024|000675|MA0844.2	1e-05	0.0	1870.0	3584.0	12655.5	26237.0	0.22751049412641897	TRUE	cell_line	PC-14	PC-14
ELF3	JASPAR2024|000276|MA0640.3	0.0001	0.0003	3581.0	3584.0	26114.1	26237.0	2.273622903395407	FALSE	cell_line	PC-14	PC-14
ETV1	JASPAR2024|000311|MA0761.3	0.001	0.0039	3569.0	3584.0	26005.1	26237.0	1.041241531105949	FALSE	cell_line	PC-14	PC-14
ZNF75D	JASPAR2024|000169|MA1601.2	0.01	0.0137	2465.0	3584.0	17482.9	26237.0	0.14115311951484127	FALSE	cell_line	PC-14	PC-14
CEBPB	JASPAR2024|000235|MA0466.4	0.01	0.0137	290.0	3584.0	1815.0	26237.0	0.246322595545828	FALSE	cell_line	PC-14	PC-14
FOXA3	JASPAR2024|000358|MA1683.2	0.01	0.0223	3183.0	3584.0	22949.2	26237.0	0.18408040749606358	FALSE	cell_line	PC-14	PC-14
ZNF281	JASPAR2024|000706|MA1630.3	0.1	0.053	2906.0	3584.0	20912.0	26237.0	0.12548553596417622	FALSE	cell_line	PC-14	PC-14
GATA6	JASPAR2024|000382|MA1104.3	0.1	0.1659	2964.0	3584.0	21447.6	26237.0	0.09350327222914538	FALSE	cell_line	PC-14	PC-14
CEBPA	JASPAR2024|000234|MA0102.5	0.1	0.1796	2556.0	3584.0	18435.0	26237.0	0.07315004427905825	FALSE	cell_line	PC-14	PC-14
ETV1	JASPAR2024|000652|MA1966.2	1.0	0.1966	3468.0	3584.0	25281.0	26237.0	0.17173673946158316	FALSE	cell_line	PC-14	PC-14
FOXA2	JASPAR2024|000357|MA0047.4	1.0	0.2196	2755.0	3584.0	19950.6	26237.0	0.06595267030069266	FALSE	cell_line	PC-14	PC-14
FOXD2	JASPAR2024|000361|MA0847.4	1.0	0.3562	1329.0	3584.0	9564.0	26237.0	0.03923201265146586	FALSE	cell_line	PC-14	PC-14
NKX2-1	JASPAR2024|000822|MA1994.2	1.0	0.3584	3389.0	3584.0	24733.6	26237.0	0.07611109812062176	FALSE	cell_line	PC-14	PC-14
HNF4A	JASPAR2024|000410|MA0114.5	1.0	0.4454	3416.0	3584.0	24958.6	26237.0	0.05510808353266709	FALSE	cell_line	PC-14	PC-14
FOXA1	JASPAR2024|000356|MA0148.5	1.0	0.6727	2841.0	3584.0	20799.8	26237.0	-0.0012878036882801468	FALSE	cell_line	PC-14	PC-14
NR3C2	JASPAR2024|000539|MA0727.2	1.0	0.8241	223.0	3584.0	1676.6	26237.0	-0.03843560559637416	FALSE	cell_line	PC-14	PC-14
ZNF341	JASPAR2024|000712|MA1655.2	1.0	0.8241	3581.0	3584.0	26216.5	26237.0	-0.2869042601492548	FALSE	cell_line	PC-14	PC-14
CREB3L2	JASPAR2024|000025|MA0608.1	1.0	1.0	1772.0	3584.0	13302.3	26237.0	-0.07262294600168044	FALSE	cell_line	PC-14	PC-14
HNF4A	JASPAR2024|000409|MA1494.2	1.0	1.0	346.0	3584.0	2734.9	26237.0	-0.12140184147085288	FALSE	cell_line	PC-14	PC-14
ZBTB18	JASPAR2024|000681|MA0698.2	1.0	1.0	1717.0	3584.0	13448.9	26237.0	-0.19348161974203676	FALSE	cell_line	PC-14	PC-14
E2F5	CIS-BP2.00|000940|M08109_2.00	0.001	0.0047	3197.0	3584.0	22956.2	26236.0	0.23766054022784028	FALSE	cell_line	PC-14	PC-14
ZNF19	CIS-BP2.00|000670|M07603_2.00	1.0	0.4558	3568.0	3584.0	26080.4	26236.0	0.37232863036370745	FALSE	cell_line	PC-14	PC-14
ZNF141	CIS-BP2.00|000653|M07586_2.00	1.0	0.5471	2534.0	3584.0	18385.5	26236.0	0.04296568641864217	FALSE	cell_line	PC-14	PC-14
ZNF33A	CIS-BP2.00|000762|M07695_2.00	1.0	0.7299	3188.0	3584.0	23283.5	26236.0	0.02839944904171456	FALSE	cell_line	PC-14	PC-14
ZNF444	CIS-BP2.00|000420|M04529_2.00	1.0	0.7906	1188.0	3584.0	8656.0	26236.0	0.01033332866052828	FALSE	cell_line	PC-14	PC-14
ZNF254	CIS-BP2.00|000827|M07760_2.00	1.0	0.8152	531.0	3584.0	3879.0	26236.0	0.0044939965024873504	FALSE	cell_line	PC-14	PC-14
ZNF540	CIS-BP2.00|000701|M07634_2.00	1.0	0.8642	803.0	3584.0	5921.9	26236.0	-0.013230057598451526	FALSE	cell_line	PC-14	PC-14
ZNF33B	CIS-BP2.00|000777|M07710_2.00	1.0	1.0	1177.0	3584.0	9018.8	26236.0	-0.09900367626153311	FALSE	cell_line	PC-14	PC-14
XBP1	JASPAR2024|000675|MA0844.2	0.0001	0.0008	1817.0	3584.0	12817.9	27048.0	0.1910254449461032	FALSE	cell_line	PC-9	PC-9
CEBPB	JASPAR2024|000235|MA0466.4	0.001	0.0048	278.0	3584.0	1718.2	27048.0	0.31191884613098697	FALSE	cell_line	PC-9	PC-9
NFATC4	JASPAR2024|000506|MA1525.3	0.01	0.0222	2560.0	3584.0	18750.7	27048.0	0.1453234393894297	FALSE	cell_line	PC-9	PC-9
ZNF75D	JASPAR2024|000169|MA1601.2	0.1	0.0859	2502.0	3584.0	18430.4	27048.0	0.11231826707180435	FALSE	cell_line	PC-9	PC-9
ELF3	JASPAR2024|000276|MA0640.3	0.1	0.1555	3575.0	3584.0	26924.0	27048.0	0.7993717735230287	FALSE	cell_line	PC-9	PC-9
NKX2-1	JASPAR2024|000822|MA1994.2	0.1	0.2072	3427.0	3584.0	25707.9	27048.0	0.18244385162671192	FALSE	cell_line	PC-9	PC-9
FOXA3	JASPAR2024|000358|MA1683.2	1.0	0.42	3179.0	3584.0	23829.8	27048.0	0.08277899684969911	FALSE	cell_line	PC-9	PC-9
HNF4A	JASPAR2024|000410|MA0114.5	1.0	0.5896	3439.0	3584.0	25879.0	27048.0	0.09526181991447438	FALSE	cell_line	PC-9	PC-9
FOXA2	JASPAR2024|000357|MA0047.4	1.0	0.6472	2788.0	3584.0	20924.0	27048.0	0.03521382814821911	FALSE	cell_line	PC-9	PC-9
ETV1	JASPAR2024|000311|MA0761.3	1.0	0.6472	3559.0	3584.0	26833.8	27048.0	0.15942129093078405	FALSE	cell_line	PC-9	PC-9
CREB3L2	JASPAR2024|000025|MA0608.1	1.0	0.6472	1856.0	3584.0	13892.6	27048.0	0.02440611160663314	FALSE	cell_line	PC-9	PC-9
FOXD2	JASPAR2024|000361|MA0847.4	1.0	0.765	1280.0	3584.0	9622.2	27048.0	0.009006113550806766	FALSE	cell_line	PC-9	PC-9
FOXA1	JASPAR2024|000356|MA0148.5	1.0	0.765	2861.0	3584.0	21562.4	27048.0	0.00900829026669396	FALSE	cell_line	PC-9	PC-9
CEBPA	JASPAR2024|000234|MA0102.5	1.0	0.7804	2552.0	3584.0	19265.4	27048.0	-0.0018636045169491803	FALSE	cell_line	PC-9	PC-9
NR3C2	JASPAR2024|000539|MA0727.2	1.0	0.8816	235.0	3584.0	1808.6	27048.0	-0.027784654366394598	FALSE	cell_line	PC-9	PC-9
ETV1	JASPAR2024|000652|MA1966.2	1.0	0.9319	3459.0	3584.0	26144.3	27048.0	-0.06893403458791575	FALSE	cell_line	PC-9	PC-9
ZNF341	JASPAR2024|000712|MA1655.2	1.0	0.9319	3581.0	3584.0	27028.9	27048.0	-0.43046681287700295	FALSE	cell_line	PC-9	PC-9
ZNF281	JASPAR2024|000706|MA1630.3	1.0	0.9615	2857.0	3584.0	21725.0	27048.0	-0.05520805468700603	FALSE	cell_line	PC-9	PC-9
ZBTB18	JASPAR2024|000681|MA0698.2	1.0	1.0	1952.0	3584.0	15085.2	27048.0	-0.07632668208306109	FALSE	cell_line	PC-9	PC-9
GATA6	JASPAR2024|000382|MA1104.3	1.0	1.0	2890.0	3584.0	22162.8	27048.0	-0.12426304948609193	FALSE	cell_line	PC-9	PC-9
HNF4A	JASPAR2024|000409|MA1494.2	1.0	1.0	345.0	3584.0	2933.6	27048.0	-0.19007866145110144	FALSE	cell_line	PC-9	PC-9
ZNF33A	CIS-BP2.00|000762|M07695_2.00	0.01	0.0243	3294.0	3584.0	24496.1	27049.0	0.24135939775533585	FALSE	cell_line	PC-9	PC-9
ZNF141	CIS-BP2.00|000653|M07586_2.00	0.1	0.204	2582.0	3584.0	19154.5	27049.0	0.08645625784649612	FALSE	cell_line	PC-9	PC-9
ZNF19	CIS-BP2.00|000670|M07603_2.00	1.0	1.0	3564.0	3584.0	26902.8	27049.0	-0.07683846458181201	FALSE	cell_line	PC-9	PC-9
ZNF33B	CIS-BP2.00|000777|M07710_2.00	1.0	1.0	1193.0	3584.0	9112.7	27049.0	-0.025824329115268135	FALSE	cell_line	PC-9	PC-9
E2F5	CIS-BP2.00|000940|M08109_2.00	1.0	1.0	3072.0	3584.0	23265.9	27049.0	-0.03662741859740395	FALSE	cell_line	PC-9	PC-9
ZNF540	CIS-BP2.00|000701|M07634_2.00	1.0	1.0	766.0	3584.0	5951.6	27049.0	-0.052941134641011245	FALSE	cell_line	PC-9	PC-9
ZNF444	CIS-BP2.00|000420|M04529_2.00	1.0	1.0	1123.0	3584.0	8996.0	27049.0	-0.12669480746297518	FALSE	cell_line	PC-9	PC-9
ZNF254	CIS-BP2.00|000827|M07760_2.00	1.0	1.0	492.0	3584.0	4285.3	27049.0	-0.24144763803514335	FALSE	cell_line	PC-9	PC-9
XBP1	JASPAR2024|000675|MA0844.2	1e-08	0.0	1926.0	3584.0	12865.8	26381.0	0.2871421740773586	TRUE	cell_line	RERF-LC-Ad1	RERF-LC-Ad1
NFATC4	JASPAR2024|000506|MA1525.3	1e-07	0.0	2656.0	3584.0	18460.9	26381.0	0.2957225615675895	TRUE	cell_line	RERF-LC-Ad1	RERF-LC-Ad1
GATA6	JASPAR2024|000382|MA1104.3	0.001	0.0024	3008.0	3584.0	21568.7	26381.0	0.219627552978409	FALSE	cell_line	RERF-LC-Ad1	RERF-LC-Ad1
ZNF75D	JASPAR2024|000169|MA1601.2	0.001	0.0048	2492.0	3584.0	17697.6	26381.0	0.16278075618658303	FALSE	cell_line	RERF-LC-Ad1	RERF-LC-Ad1
FOXA3	JASPAR2024|000358|MA1683.2	0.01	0.0308	3195.0	3584.0	23166.8	26381.0	0.1870125515837118	FALSE	cell_line	RERF-LC-Ad1	RERF-LC-Ad1
FOXA2	JASPAR2024|000357|MA0047.4	0.1	0.0413	2808.0	3584.0	20246.4	26381.0	0.1321997037402369	FALSE	cell_line	RERF-LC-Ad1	RERF-LC-Ad1
CREB3L2	JASPAR2024|000025|MA0608.1	0.1	0.0583	1931.0	3584.0	13755.9	26381.0	0.10044761062896856	FALSE	cell_line	RERF-LC-Ad1	RERF-LC-Ad1
CEBPB	JASPAR2024|000235|MA0466.4	0.1	0.063	272.0	3584.0	1777.3	26381.0	0.18714735152096607	FALSE	cell_line	RERF-LC-Ad1	RERF-LC-Ad1
FOXA1	JASPAR2024|000356|MA0148.5	0.1	0.23	2879.0	3584.0	20958.4	26381.0	0.07872701165273012	FALSE	cell_line	RERF-LC-Ad1	RERF-LC-Ad1
ETV1	JASPAR2024|000311|MA0761.3	1.0	0.278	3561.0	3584.0	26163.3	26381.0	0.33790324374874076	FALSE	cell_line	RERF-LC-Ad1	RERF-LC-Ad1
NKX2-1	JASPAR2024|000822|MA1994.2	1.0	0.2784	3410.0	3584.0	24992.4	26381.0	0.11938837618019742	FALSE	cell_line	RERF-LC-Ad1	RERF-LC-Ad1
ELF3	JASPAR2024|000276|MA0640.3	1.0	0.2784	3572.0	3584.0	26258.0	26381.0	0.42673245268957455	FALSE	cell_line	RERF-LC-Ad1	RERF-LC-Ad1
CEBPA	JASPAR2024|000234|MA0102.5	1.0	0.2784	2570.0	3584.0	18709.4	26381.0	0.05517172928489959	FALSE	cell_line	RERF-LC-Ad1	RERF-LC-Ad1
HNF4A	JASPAR2024|000410|MA0114.5	1.0	0.4188	3429.0	3584.0	25181.2	26381.0	0.07210302809240875	FALSE	cell_line	RERF-LC-Ad1	RERF-LC-Ad1
ETV1	JASPAR2024|000652|MA1966.2	1.0	0.4496	3463.0	3584.0	25447.5	26381.0	0.06521653805963906	FALSE	cell_line	RERF-LC-Ad1	RERF-LC-Ad1
ZNF341	JASPAR2024|000712|MA1655.2	1.0	0.7322	3582.0	3584.0	26362.1	26381.0	0.0766025994765632	FALSE	cell_line	RERF-LC-Ad1	RERF-LC-Ad1
FOXD2	JASPAR2024|000361|MA0847.4	1.0	0.8028	1268.0	3584.0	9411.3	26381.0	-0.018362164146938503	FALSE	cell_line	RERF-LC-Ad1	RERF-LC-Ad1
ZNF281	JASPAR2024|000706|MA1630.3	1.0	0.8046	2832.0	3584.0	20929.5	26381.0	-0.028402375277048406	FALSE	cell_line	RERF-LC-Ad1	RERF-LC-Ad1
HNF4A	JASPAR2024|000409|MA1494.2	1.0	0.9282	357.0	3584.0	2758.7	26381.0	-0.07654391067966008	FALSE	cell_line	RERF-LC-Ad1	RERF-LC-Ad1
NR3C2	JASPAR2024|000539|MA0727.2	1.0	0.9659	215.0	3584.0	1731.6	26381.0	-0.13578708677022192	FALSE	cell_line	RERF-LC-Ad1	RERF-LC-Ad1
ZBTB18	JASPAR2024|000681|MA0698.2	1.0	0.9659	1867.0	3584.0	14100.6	26381.0	-0.07859327312763906	FALSE	cell_line	RERF-LC-Ad1	RERF-LC-Ad1
ZNF33A	CIS-BP2.00|000762|M07695_2.00	0.1	0.064	3267.0	3584.0	23760.6	26382.0	0.1834416799224291	FALSE	cell_line	RERF-LC-Ad1	RERF-LC-Ad1
ZNF141	CIS-BP2.00|000653|M07586_2.00	0.1	0.12	2568.0	3584.0	18550.6	26382.0	0.09324537296100385	FALSE	cell_line	RERF-LC-Ad1	RERF-LC-Ad1
ZNF19	CIS-BP2.00|000670|M07603_2.00	1.0	0.5792	3566.0	3584.0	26222.7	26382.0	0.23240736364809608	FALSE	cell_line	RERF-LC-Ad1	RERF-LC-Ad1
E2F5	CIS-BP2.00|000940|M08109_2.00	1.0	0.8777	3099.0	3584.0	22809.0	26382.0	0.00026717448771866435	FALSE	cell_line	RERF-LC-Ad1	RERF-LC-Ad1
ZNF33B	CIS-BP2.00|000777|M07710_2.00	1.0	0.8777	1214.0	3584.0	8939.4	26382.0	-0.0005030423147009925	FALSE	cell_line	RERF-LC-Ad1	RERF-LC-Ad1
ZNF540	CIS-BP2.00|000701|M07634_2.00	1.0	0.8777	813.0	3584.0	6010.7	26382.0	-0.007604224049985445	FALSE	cell_line	RERF-LC-Ad1	RERF-LC-Ad1
ZNF254	CIS-BP2.00|000827|M07760_2.00	1.0	1.0	519.0	3584.0	3946.8	26382.0	-0.05406862844086016	FALSE	cell_line	RERF-LC-Ad1	RERF-LC-Ad1
ZNF444	CIS-BP2.00|000420|M04529_2.00	1.0	1.0	1100.0	3584.0	8522.9	26382.0	-0.10759757185342005	FALSE	cell_line	RERF-LC-Ad1	RERF-LC-Ad1
XBP1	JASPAR2024|000675|MA0844.2	1e-10	0.0	1909.0	3584.0	12658.0	26404.0	0.3075611146363409	TRUE	cell_line	RERF-LC-Ad2	RERF-LC-Ad2
NFATC4	JASPAR2024|000506|MA1525.3	1e-07	0.0	2691.0	3584.0	18794.2	26404.0	0.2865701350097557	TRUE	cell_line	RERF-LC-Ad2	RERF-LC-Ad2
ZNF75D	JASPAR2024|000169|MA1601.2	0.0001	0.0001	2521.0	3584.0	17716.4	26404.0	0.2174486141645237	FALSE	cell_line	RERF-LC-Ad2	RERF-LC-Ad2
CEBPB	JASPAR2024|000235|MA0466.4	0.001	0.0005	305.0	3584.0	1816.6	26404.0	0.33400721045981585	FALSE	cell_line	RERF-LC-Ad2	RERF-LC-Ad2
CEBPA	JASPAR2024|000234|MA0102.5	0.01	0.0106	2607.0	3584.0	18642.2	26404.0	0.1514439233667761	FALSE	cell_line	RERF-LC-Ad2	RERF-LC-Ad2
FOXA2	JASPAR2024|000357|MA0047.4	0.01	0.0136	2805.0	3584.0	20166.0	26404.0	0.15494735707306379	FALSE	cell_line	RERF-LC-Ad2	RERF-LC-Ad2
ELF3	JASPAR2024|000276|MA0640.3	0.01	0.0182	3578.0	3584.0	26290.0	26404.0	1.2616493749329833	FALSE	cell_line	RERF-LC-Ad2	RERF-LC-Ad2
CREB3L2	JASPAR2024|000025|MA0608.1	0.1	0.0295	1888.0	3584.0	13402.6	26404.0	0.1108350971141597	FALSE	cell_line	RERF-LC-Ad2	RERF-LC-Ad2
NKX2-1	JASPAR2024|000822|MA1994.2	0.1	0.0391	3415.0	3584.0	24944.9	26404.0	0.23761077169275485	FALSE	cell_line	RERF-LC-Ad2	RERF-LC-Ad2
ETV1	JASPAR2024|000311|MA0761.3	0.1	0.0391	3566.0	3584.0	26187.2	26404.0	0.6777825203730029	FALSE	cell_line	RERF-LC-Ad2	RERF-LC-Ad2
GATA6	JASPAR2024|000382|MA1104.3	0.1	0.0391	2976.0	3584.0	21563.7	26404.0	0.13496692600369484	FALSE	cell_line	RERF-LC-Ad2	RERF-LC-Ad2
FOXA3	JASPAR2024|000358|MA1683.2	0.1	0.0536	3181.0	3584.0	23162.8	26404.0	0.1420482282595096	FALSE	cell_line	RERF-LC-Ad2	RERF-LC-Ad2
FOXA1	JASPAR2024|000356|MA0148.5	0.1	0.0536	2894.0	3584.0	20989.9	26404.0	0.11279784634441298	FALSE	cell_line	RERF-LC-Ad2	RERF-LC-Ad2
FOXD2	JASPAR2024|000361|MA0847.4	1.0	0.4758	1323.0	3584.0	9642.8	26404.0	0.024647840206016885	FALSE	cell_line	RERF-LC-Ad2	RERF-LC-Ad2
NR3C2	JASPAR2024|000539|MA0727.2	1.0	0.6559	235.0	3584.0	1720.7	26404.0	0.01193107289369328	FALSE	cell_line	RERF-LC-Ad2	RERF-LC-Ad2
ETV1	JASPAR2024|000652|MA1966.2	1.0	0.6559	3457.0	3584.0	25461.5	26404.0	0.0062159351911649134	FALSE	cell_line	RERF-LC-Ad2	RERF-LC-Ad2
HNF4A	JASPAR2024|000410|MA0114.5	1.0	1.0	3402.0	3584.0	25141.5	26404.0	-0.09454608120640369	FALSE	cell_line	RERF-LC-Ad2	RERF-LC-Ad2
ZNF281	JASPAR2024|000706|MA1630.3	1.0	1.0	2832.0	3584.0	21033.9	26404.0	-0.05728301789079881	FALSE	cell_line	RERF-LC-Ad2	RERF-LC-Ad2
ZBTB18	JASPAR2024|000681|MA0698.2	1.0	1.0	1828.0	3584.0	13704.7	26404.0	-0.051960554237164384	FALSE	cell_line	RERF-LC-Ad2	RERF-LC-Ad2
HNF4A	JASPAR2024|000409|MA1494.2	1.0	1.0	350.0	3584.0	2780.0	26404.0	-0.11918880987650617	FALSE	cell_line	RERF-LC-Ad2	RERF-LC-Ad2
ZNF341	JASPAR2024|000712|MA1655.2	1.0	1.0	3579.0	3584.0	26383.2	26404.0	-0.9284670080805815	FALSE	cell_line	RERF-LC-Ad2	RERF-LC-Ad2
ZNF33A	CIS-BP2.00|000762|M07695_2.00	0.01	0.0494	3241.0	3584.0	23556.3	26406.0	0.1912710572861495	FALSE	cell_line	RERF-LC-Ad2	RERF-LC-Ad2
E2F5	CIS-BP2.00|000940|M08109_2.00	1.0	0.4347	3150.0	3584.0	23070.6	26406.0	0.06821388301193834	FALSE	cell_line	RERF-LC-Ad2	RERF-LC-Ad2
ZNF540	CIS-BP2.00|000701|M07634_2.00	1.0	0.5983	818.0	3584.0	5926.1	26406.0	0.03195969566701105	FALSE	cell_line	RERF-LC-Ad2	RERF-LC-Ad2
ZNF19	CIS-BP2.00|000670|M07603_2.00	1.0	0.7736	3564.0	3584.0	26244.1	26406.0	0.1056068344818249	FALSE	cell_line	RERF-LC-Ad2	RERF-LC-Ad2
ZNF141	CIS-BP2.00|000653|M07586_2.00	1.0	1.0	2492.0	3584.0	18476.4	26406.0	-0.030351537220993218	FALSE	cell_line	RERF-LC-Ad2	RERF-LC-Ad2
ZNF33B	CIS-BP2.00|000777|M07710_2.00	1.0	1.0	1200.0	3584.0	9110.5	26406.0	-0.06529426531790679	FALSE	cell_line	RERF-LC-Ad2	RERF-LC-Ad2
ZNF444	CIS-BP2.00|000420|M04529_2.00	1.0	1.0	1128.0	3584.0	8645.2	26406.0	-0.08351532172161284	FALSE	cell_line	RERF-LC-Ad2	RERF-LC-Ad2
ZNF254	CIS-BP2.00|000827|M07760_2.00	1.0	1.0	470.0	3584.0	3919.4	26406.0	-0.2065250808167233	FALSE	cell_line	RERF-LC-Ad2	RERF-LC-Ad2
XBP1	JASPAR2024|000675|MA0844.2	1e-11	0.0	1931.0	3584.0	12460.5	25873.0	0.33041073392046305	TRUE	cell_line	RERF-LC-KJ	RERF-LC-KJ
NFATC4	JASPAR2024|000506|MA1525.3	1e-11	0.0	2728.0	3584.0	18382.4	25873.0	0.3764680009274376	TRUE	cell_line	RERF-LC-KJ	RERF-LC-KJ
CEBPB	JASPAR2024|000235|MA0466.4	0.001	0.0014	307.0	3584.0	1811.0	25873.0	0.31759236490854853	FALSE	cell_line	RERF-LC-KJ	RERF-LC-KJ
ELF3	JASPAR2024|000276|MA0640.3	0.01	0.0125	3578.0	3584.0	25753.1	25873.0	1.363904633129836	FALSE	cell_line	RERF-LC-KJ	RERF-LC-KJ
CREB3L2	JASPAR2024|000025|MA0608.1	0.1	0.062	1891.0	3584.0	13178.4	25873.0	0.10556459047398481	FALSE	cell_line	RERF-LC-KJ	RERF-LC-KJ
FOXA3	JASPAR2024|000358|MA1683.2	0.1	0.1525	3179.0	3584.0	22706.8	25873.0	0.1289220199753276	FALSE	cell_line	RERF-LC-KJ	RERF-LC-KJ
ZNF75D	JASPAR2024|000169|MA1601.2	0.1	0.1525	2428.0	3584.0	17183.5	25873.0	0.08666240410388168	FALSE	cell_line	RERF-LC-KJ	RERF-LC-KJ
GATA6	JASPAR2024|000382|MA1104.3	0.1	0.1525	2957.0	3584.0	21065.9	25873.0	0.10513578040884647	FALSE	cell_line	RERF-LC-KJ	RERF-LC-KJ
FOXA1	JASPAR2024|000356|MA0148.5	0.1	0.1525	2891.0	3584.0	20580.0	25873.0	0.10086611770529261	FALSE	cell_line	RERF-LC-KJ	RERF-LC-KJ
ETV1	JASPAR2024|000311|MA0761.3	0.1	0.1525	3562.0	3584.0	25651.4	25873.0	0.4551087174334745	FALSE	cell_line	RERF-LC-KJ	RERF-LC-KJ
ETV1	JASPAR2024|000652|MA1966.2	0.1	0.1525	3471.0	3584.0	24934.0	25873.0	0.20468866708388317	FALSE	cell_line	RERF-LC-KJ	RERF-LC-KJ
FOXA2	JASPAR2024|000357|MA0047.4	0.1	0.1525	2773.0	3584.0	19761.0	25873.0	0.08018673166487769	FALSE	cell_line	RERF-LC-KJ	RERF-LC-KJ
ZNF341	JASPAR2024|000712|MA1655.2	0.1	0.1525	3584.0	3584.0	25856.8	25873.0	2.2110483570247093	FALSE	cell_line	RERF-LC-KJ	RERF-LC-KJ
CEBPA	JASPAR2024|000234|MA0102.5	0.1	0.1525	2564.0	3584.0	18239.1	25873.0	0.07291398066185811	FALSE	cell_line	RERF-LC-KJ	RERF-LC-KJ
ZNF281	JASPAR2024|000706|MA1630.3	1.0	0.4326	2860.0	3584.0	20556.4	25873.0	0.03029853322900407	FALSE	cell_line	RERF-LC-KJ	RERF-LC-KJ
FOXD2	JASPAR2024|000361|MA0847.4	1.0	0.5349	1332.0	3584.0	9564.3	25873.0	0.012487736313372003	FALSE	cell_line	RERF-LC-KJ	RERF-LC-KJ
NR3C2	JASPAR2024|000539|MA0727.2	1.0	0.5349	233.0	3584.0	1661.6	25873.0	0.021324729390954374	FALSE	cell_line	RERF-LC-KJ	RERF-LC-KJ
HNF4A	JASPAR2024|000410|MA0114.5	1.0	0.5538	3409.0	3584.0	24600.6	25873.0	0.0074854139334202124	FALSE	cell_line	RERF-LC-KJ	RERF-LC-KJ
NKX2-1	JASPAR2024|000822|MA1994.2	1.0	0.5538	3381.0	3584.0	24398.8	25873.0	0.00621629599730958	FALSE	cell_line	RERF-LC-KJ	RERF-LC-KJ
HNF4A	JASPAR2024|000409|MA1494.2	1.0	0.8333	363.0	3584.0	2726.1	25873.0	-0.06203014507036125	FALSE	cell_line	RERF-LC-KJ	RERF-LC-KJ
ZBTB18	JASPAR2024|000681|MA0698.2	1.0	0.9998	1728.0	3584.0	13251.4	25873.0	-0.17331197499994427	FALSE	cell_line	RERF-LC-KJ	RERF-LC-KJ
E2F5	CIS-BP2.00|000940|M08109_2.00	0.1	0.0392	3177.0	3584.0	22625.6	25872.0	0.1621670856257331	FALSE	cell_line	RERF-LC-KJ	RERF-LC-KJ
ZNF19	CIS-BP2.00|000670|M07603_2.00	1.0	0.5333	3565.0	3584.0	25709.8	25872.0	0.21049808671585965	FALSE	cell_line	RERF-LC-KJ	RERF-LC-KJ
ZNF540	CIS-BP2.00|000701|M07634_2.00	1.0	0.8982	818.0	3584.0	5896.0	25872.0	0.003365465071245547	FALSE	cell_line	RERF-LC-KJ	RERF-LC-KJ
ZNF33A	CIS-BP2.00|000762|M07695_2.00	1.0	0.937	3183.0	3584.0	22997.5	25872.0	-0.012732671436051985	FALSE	cell_line	RERF-LC-KJ	RERF-LC-KJ
ZNF141	CIS-BP2.00|000653|M07586_2.00	1.0	0.937	2503.0	3584.0	18119.9	25872.0	-0.013949877236146154	FALSE	cell_line	RERF-LC-KJ	RERF-LC-KJ
ZNF444	CIS-BP2.00|000420|M04529_2.00	1.0	0.937	1156.0	3584.0	8438.3	25872.0	-0.023489822385859383	FALSE	cell_line	RERF-LC-KJ	RERF-LC-KJ
ZNF254	CIS-BP2.00|000827|M07760_2.00	1.0	1.0	476.0	3584.0	3781.6	25872.0	-0.1594776774963916	FALSE	cell_line	RERF-LC-KJ	RERF-LC-KJ
ZNF33B	CIS-BP2.00|000777|M07710_2.00	1.0	1.0	1124.0	3584.0	8958.4	25872.0	-0.21283495198813043	FALSE	cell_line	RERF-LC-KJ	RERF-LC-KJ
NFATC4	JASPAR2024|000506|MA1525.3	1e-08	0.0	2722.0	3584.0	18890.1	26361.0	0.32011766937053165	TRUE	cell_line	RERF-LC-MS	RERF-LC-MS
XBP1	JASPAR2024|000675|MA0844.2	0.0001	0.0001	1815.0	3584.0	12421.5	26361.0	0.20335825668405594	FALSE	cell_line	RERF-LC-MS	RERF-LC-MS
ETV1	JASPAR2024|000652|MA1966.2	0.01	0.0202	3484.0	3584.0	25401.5	26361.0	0.38992037385007616	FALSE	cell_line	RERF-LC-MS	RERF-LC-MS
CEBPA	JASPAR2024|000234|MA0102.5	0.1	0.0736	2578.0	3584.0	18517.8	26361.0	0.11783947214023131	FALSE	cell_line	RERF-LC-MS	RERF-LC-MS
CEBPB	JASPAR2024|000235|MA0466.4	0.1	0.1047	284.0	3584.0	1861.6	26361.0	0.1815893633730123	FALSE	cell_line	RERF-LC-MS	RERF-LC-MS
ZNF75D	JASPAR2024|000169|MA1601.2	0.1	0.1272	2459.0	3584.0	17712.8	26361.0	0.09352118640658408	FALSE	cell_line	RERF-LC-MS	RERF-LC-MS
FOXA2	JASPAR2024|000357|MA0047.4	0.1	0.1272	2768.0	3584.0	20021.0	26361.0	0.10269818501253596	FALSE	cell_line	RERF-LC-MS	RERF-LC-MS
ELF3	JASPAR2024|000276|MA0640.3	0.1	0.1861	3575.0	3584.0	26250.1	26361.0	0.6755444191455527	FALSE	cell_line	RERF-LC-MS	RERF-LC-MS
ETV1	JASPAR2024|000311|MA0761.3	0.1	0.1877	3563.0	3584.0	26148.4	26361.0	0.43373859945769627	FALSE	cell_line	RERF-LC-MS	RERF-LC-MS
HNF4A	JASPAR2024|000410|MA0114.5	1.0	0.2312	3422.0	3584.0	25048.0	26361.0	0.1433028119043458	FALSE	cell_line	RERF-LC-MS	RERF-LC-MS
ZNF341	JASPAR2024|000712|MA1655.2	1.0	0.4233	3583.0	3584.0	26339.8	26361.0	0.976830119356806	FALSE	cell_line	RERF-LC-MS	RERF-LC-MS
GATA6	JASPAR2024|000382|MA1104.3	1.0	0.4347	2951.0	3584.0	21585.8	26361.0	0.04369995523718248	FALSE	cell_line	RERF-LC-MS	RERF-LC-MS
NKX2-1	JASPAR2024|000822|MA1994.2	1.0	0.4836	3379.0	3584.0	24793.4	26361.0	0.05670376499727187	FALSE	cell_line	RERF-LC-MS	RERF-LC-MS
FOXA3	JASPAR2024|000358|MA1683.2	1.0	0.4836	3146.0	3584.0	23059.4	26361.0	0.03916865467168061	FALSE	cell_line	RERF-LC-MS	RERF-LC-MS
FOXA1	JASPAR2024|000356|MA0148.5	1.0	0.4836	2854.0	3584.0	20896.7	26361.0	0.031212836973008282	FALSE	cell_line	RERF-LC-MS	RERF-LC-MS
ZNF281	JASPAR2024|000706|MA1630.3	1.0	0.9348	2876.0	3584.0	21246.6	26361.0	-0.03301329078159876	FALSE	cell_line	RERF-LC-MS	RERF-LC-MS
NR3C2	JASPAR2024|000539|MA0727.2	1.0	0.9454	220.0	3584.0	1693.4	26361.0	-0.06731557265806207	FALSE	cell_line	RERF-LC-MS	RERF-LC-MS
CREB3L2	JASPAR2024|000025|MA0608.1	1.0	0.9851	1766.0	3584.0	13208.9	26361.0	-0.048072095245592784	FALSE	cell_line	RERF-LC-MS	RERF-LC-MS
FOXD2	JASPAR2024|000361|MA0847.4	1.0	1.0	1263.0	3584.0	9731.9	26361.0	-0.10474567056785763	FALSE	cell_line	RERF-LC-MS	RERF-LC-MS
HNF4A	JASPAR2024|000409|MA1494.2	1.0	1.0	336.0	3584.0	2786.0	26361.0	-0.19033298520283137	FALSE	cell_line	RERF-LC-MS	RERF-LC-MS
ZBTB18	JASPAR2024|000681|MA0698.2	1.0	1.0	1683.0	3584.0	13256.1	26361.0	-0.19222363607005669	FALSE	cell_line	RERF-LC-MS	RERF-LC-MS
E2F5	CIS-BP2.00|000940|M08109_2.00	0.0001	0.0008	3228.0	3584.0	23205.0	26362.0	0.3012779013897256	FALSE	cell_line	RERF-LC-MS	RERF-LC-MS
ZNF141	CIS-BP2.00|000653|M07586_2.00	0.1	0.1339	2577.0	3584.0	18560.1	26362.0	0.10493910725489627	FALSE	cell_line	RERF-LC-MS	RERF-LC-MS
ZNF33A	CIS-BP2.00|000762|M07695_2.00	1.0	0.3975	3187.0	3584.0	23272.9	26362.0	0.0902085621995626	FALSE	cell_line	RERF-LC-MS	RERF-LC-MS
ZNF444	CIS-BP2.00|000420|M04529_2.00	1.0	0.9961	1223.0	3584.0	9028.5	26362.0	-0.0077229414138422735	FALSE	cell_line	RERF-LC-MS	RERF-LC-MS
ZNF540	CIS-BP2.00|000701|M07634_2.00	1.0	1.0	801.0	3584.0	5983.0	26362.0	-0.028068530774049236	FALSE	cell_line	RERF-LC-MS	RERF-LC-MS
ZNF19	CIS-BP2.00|000670|M07603_2.00	1.0	1.0	3558.0	3584.0	26198.2	26362.0	-0.24788586930178125	FALSE	cell_line	RERF-LC-MS	RERF-LC-MS
ZNF33B	CIS-BP2.00|000777|M07710_2.00	1.0	1.0	1218.0	3584.0	9247.7	26362.0	-0.06964874036966194	FALSE	cell_line	RERF-LC-MS	RERF-LC-MS
ZNF254	CIS-BP2.00|000827|M07760_2.00	1.0	1.0	472.0	3584.0	3808.8	26362.0	-0.1539212879231593	FALSE	cell_line	RERF-LC-MS	RERF-LC-MS
XBP1	JASPAR2024|000675|MA0844.2	1e-09	0.0	1917.0	3584.0	12611.0	26072.0	0.29563911446186164	TRUE	cell_line	VMRC-LCD	VMRC-LCD
NFATC4	JASPAR2024|000506|MA1525.3	1e-06	0.0	2689.0	3584.0	18579.3	26072.0	0.276491543393956	TRUE	cell_line	VMRC-LCD	VMRC-LCD
ETV1	JASPAR2024|000652|MA1966.2	1e-05	0.0	3501.0	3584.0	25124.2	26072.0	0.6624340558753095	TRUE	cell_line	VMRC-LCD	VMRC-LCD
FOXA3	JASPAR2024|000358|MA1683.2	0.0001	0.0001	3215.0	3584.0	22809.0	26072.0	0.31625394228264797	FALSE	cell_line	VMRC-LCD	VMRC-LCD
CREB3L2	JASPAR2024|000025|MA0608.1	0.0001	0.0004	1935.0	3584.0	13254.9	26072.0	0.1822234769078844	FALSE	cell_line	VMRC-LCD	VMRC-LCD
FOXA2	JASPAR2024|000357|MA0047.4	0.01	0.0055	2803.0	3584.0	19844.0	26072.0	0.1711287468500577	FALSE	cell_line	VMRC-LCD	VMRC-LCD
CEBPB	JASPAR2024|000235|MA0466.4	0.01	0.0078	302.0	3584.0	1872.8	26072.0	0.25154733524242595	FALSE	cell_line	VMRC-LCD	VMRC-LCD
FOXA1	JASPAR2024|000356|MA0148.5	0.1	0.0973	2890.0	3584.0	20707.0	26072.0	0.10890360855527839	FALSE	cell_line	VMRC-LCD	VMRC-LCD
ETV1	JASPAR2024|000311|MA0761.3	0.1	0.0973	3563.0	3584.0	25847.9	26072.0	0.5262412109189698	FALSE	cell_line	VMRC-LCD	VMRC-LCD
CEBPA	JASPAR2024|000234|MA0102.5	0.1	0.107	2565.0	3584.0	18331.4	26072.0	0.08763242028247771	FALSE	cell_line	VMRC-LCD	VMRC-LCD
GATA6	JASPAR2024|000382|MA1104.3	1.0	0.3549	2945.0	3584.0	21269.9	26072.0	0.05653668385138384	FALSE	cell_line	VMRC-LCD	VMRC-LCD
ELF3	JASPAR2024|000276|MA0640.3	1.0	0.3549	3572.0	3584.0	25955.3	26072.0	0.36792153156968493	FALSE	cell_line	VMRC-LCD	VMRC-LCD
ZNF75D	JASPAR2024|000169|MA1601.2	1.0	0.3549	2414.0	3584.0	17384.7	26072.0	0.04380266174201605	FALSE	cell_line	VMRC-LCD	VMRC-LCD
ZNF341	JASPAR2024|000712|MA1655.2	1.0	0.3549	3583.0	3584.0	26051.2	26072.0	0.965882765808845	FALSE	cell_line	VMRC-LCD	VMRC-LCD
ZNF281	JASPAR2024|000706|MA1630.3	1.0	0.3549	2885.0	3584.0	20853.5	26072.0	0.04594654242643311	FALSE	cell_line	VMRC-LCD	VMRC-LCD
NKX2-1	JASPAR2024|000822|MA1994.2	1.0	0.3549	3384.0	3584.0	24545.1	26072.0	0.07095397621913964	FALSE	cell_line	VMRC-LCD	VMRC-LCD
FOXD2	JASPAR2024|000361|MA0847.4	1.0	0.3549	1340.0	3584.0	9609.9	26072.0	0.032900942442076364	FALSE	cell_line	VMRC-LCD	VMRC-LCD
HNF4A	JASPAR2024|000409|MA1494.2	1.0	0.6107	371.0	3584.0	2704.7	26072.0	-0.0019966048697084285	FALSE	cell_line	VMRC-LCD	VMRC-LCD
HNF4A	JASPAR2024|000410|MA0114.5	1.0	0.6703	3402.0	3584.0	24769.7	26072.0	-0.02829119468281108	FALSE	cell_line	VMRC-LCD	VMRC-LCD
NR3C2	JASPAR2024|000539|MA0727.2	1.0	1.0	201.0	3584.0	1702.2	26072.0	-0.23043680682960638	FALSE	cell_line	VMRC-LCD	VMRC-LCD
ZBTB18	JASPAR2024|000681|MA0698.2	1.0	1.0	1732.0	3584.0	13126.0	26072.0	-0.11653835532751068	FALSE	cell_line	VMRC-LCD	VMRC-LCD
ZNF444	CIS-BP2.00|000420|M04529_2.00	0.001	0.002	1298.0	3584.0	8730.2	26070.0	0.17366471899255792	FALSE	cell_line	VMRC-LCD	VMRC-LCD
E2F5	CIS-BP2.00|000940|M08109_2.00	0.001	0.0025	3213.0	3584.0	22909.0	26070.0	0.2554465089658863	FALSE	cell_line	VMRC-LCD	VMRC-LCD
ZNF19	CIS-BP2.00|000670|M07603_2.00	0.1	0.1677	3568.0	3584.0	25902.5	26070.0	0.4881937852489206	FALSE	cell_line	VMRC-LCD	VMRC-LCD
ZNF33A	CIS-BP2.00|000762|M07695_2.00	1.0	0.2356	3194.0	3584.0	23073.5	26070.0	0.08751855059567575	FALSE	cell_line	VMRC-LCD	VMRC-LCD
ZNF141	CIS-BP2.00|000653|M07586_2.00	1.0	0.8229	2521.0	3584.0	18354.6	26070.0	-0.0048124314449363445	FALSE	cell_line	VMRC-LCD	VMRC-LCD
ZNF540	CIS-BP2.00|000701|M07634_2.00	1.0	0.9224	804.0	3584.0	5966.7	26070.0	-0.03683782412642084	FALSE	cell_line	VMRC-LCD	VMRC-LCD
ZNF254	CIS-BP2.00|000827|M07760_2.00	1.0	1.0	479.0	3584.0	3747.1	26070.0	-0.12070495192948277	FALSE	cell_line	VMRC-LCD	VMRC-LCD
ZNF33B	CIS-BP2.00|000777|M07710_2.00	1.0	1.0	1172.0	3584.0	9011.7	26070.0	-0.12037609121930834	FALSE	cell_line	VMRC-LCD	VMRC-LCD
