TF	NES	size	p.value	FDR
MEF2D	3.46328410490281	39	0.000533624633995928	0.438312945784872
SMAD3	3.21121051630519	10	0.00132177067349972	0.438312945784872
GRHL1	3.17398164319272	19	0.00150363200077651	0.438312945784872
SOX8	3.15531264089411	49	0.00160326202708678	0.438312945784872
SOX13	3.13664696624947	47	0.00170891764054852	0.438312945784872
SRF	3.11817533708428	5	0.00181974509131358	0.438312945784872
ZNF697	3.10409416270052	22	0.00190862575992055	0.438312945784872
BSX	-3.0451201956964	37	0.00232587337339886	0.438312945784872
ATOH7	-3.03558006590147	42	0.00240073472969501	0.438312945784872
NCOR2	3.01749605708508	31	0.00254872356737041	0.438312945784872
DMRT2	-3.00329633129173	53	0.00267072242628049	0.438312945784872
SKI	2.95134246011635	17	0.00316395902293084	0.438312945784872
ELK3	2.94280444981572	31	0.00325253797690471	0.438312945784872
AHR	2.91481632993036	23	0.00355897927690312	0.438312945784872
MYRF	2.91304999451472	71	0.00357917293656327	0.438312945784872
PIAS3	2.87758767870583	38	0.00400728532409412	0.438312945784872
BCL9L	2.86985756083596	36	0.00410656742091001	0.438312945784872
PPP1R13L	2.85511435468596	45	0.00430213353953618	0.438312945784872
HOXC4	2.85376501393172	22	0.00432044757362258	0.438312945784872
HOXC13	2.83948800798368	24	0.00451859934801209	0.438312945784872
FOXC1	2.83806854075053	17	0.00453874352144098	0.438312945784872
ONECUT3	2.82096077562314	20	0.00478800568874299	0.441367069853218
STOX1	-2.77886999438473	36	0.00545483517485613	0.466903327619828
ZNF552	-2.77468715415206	27	0.00552548316709855	0.466903327619828
FIGLA	-2.75015255864803	22	0.00595675244885986	0.479342659474379
ZBTB48	2.73991975141668	34	0.00614541871120998	0.479342659474379
ETV5	2.65180226667853	40	0.0080063414024716	0.570275213025575
EBF2	2.6457419045803	5	0.00815119823639999	0.570275213025575
TBX18	2.63941837900565	10	0.00830484187547322	0.570275213025575
MAFK	2.63292045938809	28	0.00846541699322758	0.570275213025575
SOX21	2.62105983438242	12	0.00876568756962648	0.570275213025575
PPARD	2.61211395590751	20	0.00899842545208009	0.570275213025575
CIART	2.58637657122019	11	0.00969909011872226	0.59605317456875
PRRX1	2.57193231884865	32	0.0101132660380606	0.596881803354303
TESMIN	-2.56555076759581	69	0.0103012145549313	0.596881803354303
NPAS2	2.53750539908028	30	0.0111645645989493	0.599914019207875
MIXL1	-2.52978756150052	16	0.0114131606642334	0.599914019207875
EN1	2.51926232345182	6	0.0117601005872005	0.599914019207875
NEUROG2	-2.51047042735151	29	0.0120570420521236	0.599914019207875
HOXD8	2.50515557646153	14	0.0122397542237703	0.599914019207875
IKZF3	-2.50101551558845	8	0.0123837752857696	0.599914019207875
OTX1	2.49657556829915	7	0.0125398946949649	0.599914019207875
SCML4	-2.49151190476421	87	0.0127200704269914	0.599914019207875
IRF2BPL	2.46297368040395	20	0.0137790030209906	0.618031046057396
FOXD2	-2.4592069445336	60	0.0139244327433932	0.618031046057396
EPAS1	2.4526406404154	13	0.0141811931200688	0.618031046057396
RUNX2	2.44905381268331	5	0.0143232047163203	0.618031046057396
MAGED4B	2.42289817131141	13	0.0153972419485486	0.619579617140288
ZNF281	2.40963324424127	28	0.0159685639081047	0.619579617140288
PITX2	-2.40730676703501	58	0.0160706642751157	0.619579617140288
LPIN2	2.39866155086704	50	0.0164551160983676	0.619579617140288
RHOXF1	2.39782424700663	23	0.0164927765804759	0.619579617140288
PHC2	2.3915335901531	58	0.0167781486011334	0.619579617140288
GLI3	2.3778322086639	49	0.017414748264556	0.619579617140288
HES1	-2.37255380880036	36	0.0176655897972613	0.619579617140288
CREBL2	2.37225779312394	11	0.0176797504393973	0.619579617140288
SNAI2	2.36007004198812	34	0.0182714849001662	0.619579617140288
NFE2L1	2.34922286401266	24	0.0188126428511957	0.619579617140288
BMP4	2.34849963715779	63	0.0188492175642085	0.619579617140288
PRRX2	2.33554146289169	36	0.0195151525077193	0.619579617140288
TRERF1	2.32860361555647	3	0.0198800743530265	0.619579617140288
FOXJ2	2.32608155530617	11	0.0200142003278607	0.619579617140288
CDK14	2.3110769426716	13	0.0208286053152783	0.619579617140288
CDX1	-2.31010285948899	102	0.0208824601766926	0.619579617140288
GON4L	2.30894288679577	25	0.0209467507286175	0.619579617140288
SPIB	-2.30518302182163	42	0.0211563253325092	0.619579617140288
RNF10	2.29702651824142	20	0.0216172570184502	0.619579617140288
ZNF25	2.2957405729139	19	0.0216907191192533	0.619579617140288
TWIST1	2.29258685177219	22	0.0218718020657104	0.619579617140288
BCL6	2.2837970218979	25	0.0223834627858485	0.619579617140288
TBX5	2.28260924549524	23	0.0224533958731438	0.619579617140288
VGLL4	2.27994911875027	36	0.0226107063768273	0.619579617140288
SOX11	2.27927482312375	19	0.0226507336874865	0.619579617140288
ZNF355P	-2.27762542340513	31	0.0227489044399094	0.619579617140288
PRDM8	2.27100646729004	43	0.0231465864452308	0.619579617140288
KLF17	2.26647734433177	6	0.0234221727558395	0.619579617140288
NPM1	-2.26118750711833	99	0.0237476483836642	0.619579617140288
CEBPA	-2.25985928931573	46	0.0238299852746264	0.619579617140288
ZNF20	-2.24614281106228	8	0.0246948619412719	0.626218316070018
LHX9	2.2399786188616	54	0.0250923109799979	0.626218316070018
ATF7	2.23626697743779	6	0.0253342882047005	0.626218316070018
HOPX	2.22094294367968	64	0.0263548261165764	0.626218316070018
ZNF438	2.22044694565658	14	0.026388443308821	0.626218316070018
CYTL1	2.21890816031737	30	0.026492973240568	0.626218316070018
ARID1A	2.21509958517986	19	0.0267532299131287	0.626218316070018
HIVEP3	2.21194912310792	29	0.0269701805043694	0.626218316070018
CASZ1	2.2051565972516	20	0.0274431076647866	0.626218316070018
ETV3	2.20131182401114	17	0.027713956383876	0.626218316070018
ID1	-2.19859586802359	18	0.0279066710437901	0.626218316070018
HCFC2	2.19213850290382	22	0.0283695073223054	0.626218316070018
POU2AF1	-2.19207441168113	45	0.0283741340539518	0.626218316070018
ETS2	-2.18220510847807	17	0.0290943984563581	0.626218316070018
HOXD11	-2.16848738770055	18	0.0301216232020756	0.626218316070018
CRY2	2.16758322476876	21	0.0301904112362062	0.626218316070018
MYB	-2.16742418413921	40	0.0302025248775111	0.626218316070018
ZEB2	2.16619464531358	91	0.0302963161492429	0.626218316070018
CDX2	-2.16285256044848	54	0.0305525214940355	0.626218316070018
KLF9	2.16280782136825	11	0.0305559637905086	0.626218316070018
SATB2	-2.16251152042496	81	0.0305787700690544	0.626218316070018
SAMD13	-2.15863345436068	91	0.0308786151908293	0.626218316070018
MPND	-2.13958251513561	25	0.0323885209037269	0.644118047455408
HDGFL1	-2.13709617331538	20	0.0325901701437905	0.644118047455408
CRTC2	2.13557486106922	45	0.0327140822918674	0.644118047455408
FOXP4	2.1266255498623	24	0.0334512078718897	0.648125148340996
ZMYND15	2.12512270288433	53	0.0335763756611726	0.648125148340996
SSBP2	2.11760371463659	6	0.0342086433274548	0.648125148340996
GRHL3	2.1150063543147	92	0.034429405741399	0.648125148340996
BHLHE41	2.11399680221087	24	0.0345155404441951	0.648125148340996
ZBTB46	2.1079278880461	40	0.0350372275127487	0.651371684462891
FOXE3	-2.10454640317103	27	0.0353308112874349	0.651371684462891
FOSL1	2.09705655949987	79	0.0359885688374298	0.657520879300068
ATF6	2.07564450968428	32	0.0379268416185689	0.683676420514335
FOSL2	2.07112563512737	20	0.0383470567824136	0.683676420514335
ARID3C	2.07022248309246	44	0.0384315147626401	0.683676420514335
RELB	2.05435284708691	47	0.0399415533030634	0.698371748928551
AEBP1	2.05430363598804	79	0.0399463130550847	0.698371748928551
SS18	2.04894122563519	22	0.0404678624770134	0.699578151517386
MAMLD1	2.04651999156114	28	0.0407052376129445	0.699578151517386
TP53INP2	2.02444096861651	48	0.0429248000271242	0.731525163487461
ZFPM1	2.01063996682478	19	0.0443634993082139	0.746184005656258
EN2	-2.00699280592629	25	0.0447504289995746	0.746184005656258
ANKRD2	2.00569516486171	16	0.0448887814053567	0.746184005656258
IRF6	1.99663592257751	10	0.0458647475693091	0.75118404831882
NAB1	1.99485219133988	10	0.0460590031119935	0.75118404831882
CDK17	1.99031409472018	52	0.0465563463272167	0.75118404831882
PLAGL1	-1.98099671033116	20	0.0475916425048478	0.75118404831882
IRF4	-1.97934600636899	69	0.0477770631115902	0.75118404831882
ID2	-1.97893476100658	17	0.0478233519269932	0.75118404831882
KCTD1	1.97843726650999	60	0.0478793991162555	0.75118404831882
HOXA1	1.97601724921057	22	0.0481528236101808	0.75118404831882
TGIF2LY	-1.9672796467214	41	0.0491509801798158	0.754607206931978
MAGEL2	1.9667959205147	5	0.0492067430875417	0.754607206931978
MAGEA1	1.96435843305251	30	0.0494885397051051	0.754607206931978
OLIG3	1.96007207686148	27	0.049987366411787	0.756525217038089
GATAD2B	1.95229501947965	16	0.0509031884375701	0.762945389955526
NEUROD4	-1.94841832408645	25	0.0513649290075353	0.762945389955526
ZSCAN30	1.94695444464161	5	0.0515401964614926	0.762945389955526
CDK7	-1.94196931008214	24	0.0521408157110633	0.766243291753886
ENY2	-1.93255703942915	81	0.0532907890192426	0.777508777921036
MED30	-1.92923656201692	68	0.053701501136186	0.777904602172752
IRF8	-1.92489195808677	42	0.0542428762060458	0.780174134367807
CREM	1.91907682506856	34	0.0549746119053017	0.785130372844731
FOXG1	-1.91364561340011	31	0.0556654526331944	0.789437328252575
ZNF284	-1.90166626613331	3	0.0572147986872809	0.802271597924428
OLIG2	1.89872087175834	21	0.0576011858163249	0.802271597924428
MEIS3	1.89017702895007	62	0.0587342878034231	0.802271597924428
VGLL1	1.88551482733915	52	0.0593603645171603	0.802271597924428
OLIG1	1.88376399505867	13	0.0595969057788822	0.802271597924428
SIX1	1.88284690062101	2	0.0597211189838542	0.802271597924428
ID3	-1.8816360501493	45	0.0598854479940248	0.802271597924428
ETS1	1.88121304442944	21	0.0599429439838836	0.802271597924428
ZNF570	-1.8764251431108	8	0.060596924740344	0.802271597924428
ZNF571	-1.87565044009772	2	0.0607032953761533	0.802271597924428
PDX1	1.87400752476314	43	0.0609293879782725	0.802271597924428
ZNF521	1.86890440027478	19	0.0616361160213697	0.802271597924428
ZMIZ1	1.86646283533335	27	0.0619766390310391	0.802271597924428
RHOXF2	-1.86423538409137	23	0.0622886563760916	0.802271597924428
ZNF333	1.862236393313	5	0.0625697767042533	0.802271597924428
CLOCK	1.85989776132598	14	0.0628999921449626	0.802271597924428
SS18L2	-1.84550121096498	88	0.0649646625021233	0.806549546739809
SPEN	1.84037747360211	29	0.065712838292677	0.806549546739809
TBX1	1.83862885846266	6	0.0659697936613033	0.806549546739809
TWIST2	1.83472002969106	17	0.0665471829480382	0.806549546739809
JUND	-1.83374873194884	5	0.0666913011650601	0.806549546739809
LRP5	1.82948304940603	54	0.0673272763389507	0.806549546739809
CREB3L2	1.82608409790695	10	0.0678375951542777	0.806549546739809
L3MBTL4	-1.82411989866288	17	0.0681339478551161	0.806549546739809
ZNF407	1.82296191564844	19	0.0683091592204892	0.806549546739809
NR2F2	1.81972794187702	11	0.0688004459423413	0.806549546739809
FGF1	1.81911342211196	9	0.0688941277455433	0.806549546739809
MEF2C	-1.8074450607225	14	0.0706929134837041	0.806549546739809
MITF	1.806783563712	13	0.0707960324242125	0.806549546739809
SP7	1.80237110114143	14	0.0714870387803472	0.806549546739809
MAGEA11	-1.8016941476854	47	0.0715935393592405	0.806549546739809
MEOX2	1.80161023156383	14	0.0716067503760601	0.806549546739809
ZNF680	-1.79726416990451	5	0.0722936915336396	0.806549546739809
PTF1A	-1.79721796299797	15	0.0723010239139704	0.806549546739809
ZFP92	1.79526228793872	7	0.0726119205259874	0.806549546739809
HOXC6	1.79088479816925	20	0.073311783649203	0.806549546739809
ZFHX2	1.7886154630178	6	0.0736767658319086	0.806549546739809
NKX6-3	-1.7879681780383	74	0.0737811420160817	0.806549546739809
TBX15	1.78608388344787	9	0.0740856772410618	0.806549546739809
ESRRG	-1.78297810422171	38	0.0745898676603474	0.806549546739809
EOMES	-1.78170590656364	17	0.0747972031917115	0.806549546739809
NAB2	1.77996142372541	18	0.0750822741352993	0.806549546739809
ZNF563	-1.77808208820776	6	0.0753903737968618	0.806549546739809
HHEX	1.77746203592381	15	0.075492251767735	0.806549546739809
ZBTB40	1.77572448163973	21	0.0757783401908073	0.806549546739809
CHD3	1.77054986080857	16	0.0766355859733164	0.806549546739809
ZNF536	-1.7699911603754	78	0.0767286132982562	0.806549546739809
MAFB	1.76351443703187	67	0.0778137645230484	0.806549546739809
ZNF331	-1.76323567715159	4	0.0778607488287769	0.806549546739809
ZNF174	-1.76280028643641	6	0.0779341791015145	0.806549546739809
SHOX	-1.76165026616435	47	0.0781284055328429	0.806549546739809
ZNF420	-1.75993263106217	4	0.0784192298389959	0.806549546739809
ZBTB47	1.75781886059865	40	0.0787783351438641	0.806549546739809
SOX30	-1.75774285283435	94	0.0787912728677322	0.806549546739809
LMX1A	-1.75243102088105	37	0.0796997212506313	0.806549546739809
MSC	1.74980301313221	48	0.0801523105844891	0.806549546739809
TP63	1.74479834596019	14	0.0810199768448216	0.806549546739809
HBP1	1.74200766214672	37	0.0815071035338997	0.806549546739809
SOX1	-1.7397985400674	30	0.0818943989391791	0.806549546739809
MRTFA	1.73840313228688	63	0.0821398051693399	0.806549546739809
ZSCAN4	1.73728770463477	46	0.0823364007163975	0.806549546739809
SSBP3	1.73614928875612	19	0.0825374411766807	0.806549546739809
PER3	1.73323309803732	1	0.0830542464138692	0.806549546739809
ZNF273	-1.72601658265425	2	0.0843444294893234	0.806549546739809
NFATC3	1.72597101404906	31	0.0843526275723391	0.806549546739809
SBNO2	1.72190514973091	35	0.0850867019638568	0.806549546739809
ZIC3	1.71886070751245	24	0.0856397382838729	0.806549546739809
FEZF1	1.71786572502102	19	0.0858211098533143	0.806549546739809
HOXA3	1.71491006697407	46	0.0863617166711093	0.806549546739809
NFE4	1.71412213212849	55	0.0865062978834618	0.806549546739809
FOXA2	1.71074974359137	32	0.0871273206109461	0.806549546739809
AFAP1L2	1.70724762635855	30	0.0877760361827174	0.806549546739809
HIVEP2	1.70288974907321	42	0.0885887027493436	0.806549546739809
MAEL	-1.6861439104789	12	0.0917680841659519	0.806549546739809
ZNF667	1.68345287897779	6	0.0922874540126441	0.806549546739809
STAT3	1.68323199557696	32	0.0923301892040162	0.806549546739809
ZBTB7B	1.6781096764597	33	0.0933256900573714	0.806549546739809
ZBTB4	1.66948645017421	33	0.0950210135006305	0.806549546739809
OSR2	1.66932114699401	37	0.0950537514642562	0.806549546739809
LRRFIP1	1.66882244075363	24	0.0951525739893036	0.806549546739809
HINFP	-1.66711725456667	44	0.0954910918114191	0.806549546739809
IRX2	1.6669055984676	41	0.0955331775059629	0.806549546739809
ZNF316	1.66622969713848	45	0.0956676731646883	0.806549546739809
RFX5	-1.66371199407169	9	0.0961699982249171	0.806549546739809
HDAC3	-1.65713122394694	161	0.097492947623122	0.806549546739809
ZBTB17	1.65206435867771	58	0.0985214316679802	0.806549546739809
ISX	-1.65094500942011	66	0.0987498040730964	0.806549546739809
PCGF6	-1.64748853344862	29	0.0994576711755064	0.806549546739809
FOXL2	-1.64380207162256	31	0.100217093318589	0.806549546739809
PAX1	1.64287691161037	18	0.100408402921688	0.806549546739809
ARID3A	-1.64254810703531	39	0.100476464988655	0.806549546739809
DMBX1	1.64226221610692	24	0.100535673876584	0.806549546739809
NFIC	1.64101703548932	21	0.10079387899434	0.806549546739809
SAMD11	1.64079076724484	9	0.100840855474866	0.806549546739809
CHD5	1.63954082923206	19	0.101100674692875	0.806549546739809
ZNF627	-1.63907321737341	35	0.101198012112419	0.806549546739809
ZNF746	1.63885342871172	12	0.101243788789142	0.806549546739809
ELK4	1.63500796176391	28	0.102047378596496	0.806549546739809
MTF1	1.63355822460722	21	0.102351645633516	0.806549546739809
ASCL2	-1.632968828761	139	0.102475552699965	0.806549546739809
ZNF471	-1.63219454923752	2	0.102638508688143	0.806549546739809
MYBL2	-1.62744720799527	39	0.103642152187001	0.806549546739809
PAX5	-1.62737557836562	13	0.103657355046522	0.806549546739809
ZNF490	-1.62576657201347	3	0.103999322028486	0.806549546739809
HOXB2	1.6234951286606	13	0.104483603866189	0.806549546739809
NUP35	-1.62303803209053	80	0.104581275008767	0.806549546739809
LYAR	-1.61819009395019	86	0.10562163703867	0.806549546739809
ZXDC	1.61750481399678	11	0.105769357384739	0.806549546739809
KAT2B	1.61709801608337	34	0.105857125059148	0.806549546739809
HOXB9	-1.61605036324041	27	0.106083424757365	0.806549546739809
DMRT3	1.61470334528286	36	0.106374952766157	0.806549546739809
NR1I2	-1.61182665080254	119	0.106999667042319	0.806549546739809
MYF5	-1.61017980636487	27	0.107358608534281	0.806549546739809
GLI2	1.60972000991108	28	0.107458994579706	0.806549546739809
SCML2	-1.6089837321279	19	0.107619898823855	0.806549546739809
MYC	-1.60745891669831	58	0.107953734718499	0.806549546739809
WBP2NL	1.60687978977357	17	0.10808074063497	0.806549546739809
TFAP2D	-1.60586981765299	34	0.108302516380396	0.806549546739809
EBF1	1.60574799189669	6	0.108329291934899	0.806549546739809
GPATCH3	1.60538717955409	61	0.108408624048993	0.806549546739809
REL	1.60364930340795	12	0.108791376520926	0.806549546739809
ATF3	-1.60308967675945	12	0.108914856825877	0.806549546739809
ONECUT1	-1.60123734678985	27	0.109324359928879	0.806549546739809
TAL1	1.60087066051519	12	0.109405569112525	0.806549546739809
ZNF486	-1.59688554146445	1	0.110291223286725	0.806549546739809
ZHX2	1.59527544293204	9	0.110650654565853	0.806549546739809
ZNF701	-1.59456587334495	2	0.110809349117803	0.806549546739809
ZNF649	-1.59343167876184	1	0.111063383784439	0.806549546739809
IKZF2	1.58987366152411	52	0.111863285654705	0.806549546739809
ZNF429	-1.58784107066988	5	0.112322281696293	0.806549546739809
ZNF264	1.5851273013366	5	0.112937413722777	0.806549546739809
ACTRT1	1.58438093741662	23	0.113107057223849	0.806549546739809
HOXC9	1.5840263856245	8	0.113187714778242	0.806549546739809
NANOGP1	-1.58332582786942	40	0.113347219014807	0.806549546739809
ZNF761	-1.58135423940129	1	0.113797064305735	0.806549546739809
MYCL	-1.58116159114258	42	0.113841094973458	0.806549546739809
LMO4	1.58085337594147	54	0.113911566909882	0.806549546739809
NEUROD6	1.57842361131297	25	0.114468324423108	0.806549546739809
NCOA7	-1.57835660041564	15	0.114483709626632	0.806549546739809
NACC2	1.57832436070199	14	0.114491112204847	0.806549546739809
ZNF250	-1.57569377518745	11	0.115096392716016	0.806549546739809
GMEB1	1.57360929263003	32	0.115577803592301	0.806549546739809
MLLT11	1.57243658350715	24	0.115849335590853	0.806549546739809
DMRTC2	-1.57047593071632	30	0.116304429709641	0.806549546739809
FOXE1	1.56866729361594	35	0.116725483326439	0.806549546739809
POGZ	1.5662699551505	23	0.117285431638889	0.806549546739809
TSHZ2	1.56560735026203	9	0.117440568175332	0.806549546739809
ZNF16	-1.56432949855041	4	0.117740208026646	0.806549546739809
ASXL3	-1.56290181582743	14	0.11807569050977	0.806549546739809
MED7	-1.5628518836299	75	0.118087437330873	0.806549546739809
ISL1	1.56174285270376	22	0.118348579263158	0.806549546739809
ZSCAN16	-1.5614212195896	8	0.118424398415085	0.806549546739809
KMT2D	1.56058386549916	54	0.118621968078551	0.806549546739809
ZIK1	1.56051705078936	5	0.11863774381425	0.806549546739809
WT1	-1.5580332310438	79	0.119225370822535	0.806549546739809
ZBTB7C	1.55736856801873	55	0.119383004337058	0.806549546739809
BCL6B	1.55734551997006	41	0.119388473410842	0.806549546739809
NR1H2	1.55430407033243	23	0.120111903080979	0.806549546739809
CREB3L1	1.55220197443372	98	0.120613903826438	0.806549546739809
NKX6-2	-1.55065152054178	53	0.120985218289313	0.806549546739809
ZNF799	-1.54752143821465	6	0.121737559037738	0.806549546739809
DRGX	1.5466975069944	18	0.12193620454835	0.806549546739809
ZNF542P	1.54654762513218	8	0.121972367507474	0.806549546739809
SMARCD1	1.54418532061702	7	0.122543443971645	0.806549546739809
HOXB1	1.54388875483599	49	0.122615284768625	0.806549546739809
FOXS1	1.54168657791765	24	0.123149775127647	0.806549546739809
CUX2	1.54074443496912	19	0.123378997615065	0.806549546739809
YY1AP1	1.53866036458289	28	0.123887233323199	0.806549546739809
TLX2	1.53552356789055	53	0.124655272502213	0.806549546739809
MYRFL	1.53522583347834	32	0.124728364783611	0.806549546739809
TCF15	1.53378745006271	13	0.12508195143563	0.806549546739809
STAT5A	1.53299264841723	34	0.12527766628355	0.806549546739809
HIC1	1.52998218169252	48	0.126021139474953	0.808130651292525
TLX1	-1.52877502798155	67	0.126320225078763	0.808130651292525
ZNF679	-1.52256454580498	40	0.127867685531734	0.808416403744878
VAX2	1.52040067308958	14	0.128410305422374	0.808416403744878
RFPL4A	-1.51960899616582	29	0.128609275553174	0.808416403744878
FLCN	1.51878881749214	27	0.128815661560226	0.808416403744878
ZNF793	-1.51869625236741	2	0.128838970376083	0.808416403744878
BRD9	1.51803278911888	18	0.129006132931431	0.808416403744878
ZNF840P	-1.51744137873081	19	0.129155283438531	0.808416403744878
HOMEZ	-1.51344645175546	27	0.130166293285132	0.812237670099221
NUP85	-1.51024993659448	98	0.130979660915157	0.814805988760546
KDM2B	1.50841577413877	16	0.131448148321846	0.815008857492727
SOX7	1.50635844850913	6	0.131975181287673	0.815008857492727
HOXB4	1.50341753841703	24	0.132731406728778	0.815008857492727
PHF1	1.50277577236877	22	0.132896875538754	0.815008857492727
MIER2	1.50229219824541	17	0.133021662638113	0.815008857492727
UXT	-1.49960067613131	93	0.133717872455108	0.816743603170883
MAGEC3	1.49712755282748	10	0.134360071684165	0.816743603170883
SUPT20HL1	-1.49285784774225	10	0.135474401048143	0.816743603170883
RARG	1.49060354598863	58	0.136065612790402	0.816743603170883
FOXO4	1.49025775237553	21	0.136156476346391	0.816743603170883
BHLHE22	1.48988042243917	8	0.136255680082844	0.816743603170883
TCEA1	-1.48963784214848	72	0.136319486276535	0.816743603170883
NR1H4	-1.48885077859185	122	0.136526667393949	0.816743603170883
ZNF525	-1.48534909154307	2	0.137451373813762	0.81985701792444
PLAGL2	-1.48187347304641	113	0.138373964577767	0.82293958992291
SAMD7	1.47722131734009	16	0.139616321323599	0.823054705994932
ETV2	-1.47669550883606	42	0.139757276602567	0.823054705994932
GLIS3	1.47350439611652	14	0.140615079338247	0.823054705994932
ONECUT2	1.47252826878468	19	0.14087827906909	0.823054705994932
ZKSCAN7	-1.47214757336224	4	0.140981031120347	0.823054705994932
HOXD10	-1.47214171391574	23	0.140982613071303	0.823054705994932
ZNF226	-1.4693719628002	2	0.14173192767391	0.823054705994932
FOXQ1	1.46912603104574	47	0.141798608431497	0.823054705994932
ZNF460	1.46790589875841	40	0.142129785675886	0.823054705994932
ZNF383	1.46570186543854	4	0.142729525751611	0.823054705994932
ZNF254	-1.46523203753255	1	0.142857621553361	0.823054705994932
NEUROD1	-1.46230890457622	60	0.143656579497316	0.825313153599312
ZNF19	-1.45884318262554	9	0.144608274178256	0.825434599996794
ZSCAN2	-1.45829742417395	18	0.144758579916986	0.825434599996794
SP1	1.4577887652228	34	0.144898775936321	0.825434599996794
STAT6	1.45608836281775	13	0.145368194112034	0.825789069073401
HOXB3	1.44869656714952	26	0.147422339575531	0.830417039435904
ESX1	-1.4479135498802	21	0.147641229648789	0.830417039435904
TCF23	1.44761634858587	13	0.147724376359401	0.830417039435904
NFATC4	1.44727190489541	18	0.147820784633314	0.830417039435904
ZKSCAN1	1.44437788596299	21	0.148632707759003	0.831514286608302
RCOR3	1.44314180716708	10	0.148980528368127	0.831514286608302
ZIM3	-1.44035142566032	19	0.149767998900319	0.831514286608302
CDC73	1.43715127088028	47	0.150675015579411	0.831514286608302
ZBED2	1.43691092359078	38	0.150743305650208	0.831514286608302
EBF4	1.43634751809468	19	0.150903478975657	0.831514286608302
TEF	1.43527516853739	15	0.151208700847088	0.831514286608302
TBX21	-1.4340460739802	49	0.151559115161477	0.831514286608302
TAF5L	1.4316790761023	27	0.152235687266071	0.831514286608302
ZNF32	-1.43017675786481	50	0.152666294368808	0.831514286608302
SPIC	-1.42954186889084	45	0.152848549946737	0.831514286608302
MAML2	1.4292363747146	18	0.152936306166123	0.831514286608302
NRL	-1.42726113417285	65	0.153504638889225	0.832372747773658
WWTR1	1.42318212115745	16	0.154683367099645	0.833554018034586
KAT2A	-1.42002101115669	64	0.155601564202856	0.833554018034586
ARX	1.41893999421516	18	0.155916511003469	0.833554018034586
NFATC1	1.41568683096271	45	0.156867215749835	0.833554018034586
MEF2A	1.41550369283891	41	0.156920866439237	0.833554018034586
GLIS1	1.41425039861014	11	0.157288394963415	0.833554018034586
MAGEE1	-1.40839837149394	23	0.159013141181168	0.833554018034586
ZNF235	-1.40444171873038	2	0.160187355218955	0.833554018034586
ZNF396	1.40443035668918	29	0.160190736539867	0.833554018034586
ZNF470	-1.40295091373556	11	0.160631476899932	0.833554018034586
TEAD2	-1.4025888498886	41	0.160739478662932	0.833554018034586
RAX	1.39861371041842	24	0.161928852690987	0.833554018034586
WWP2	1.39760396308767	33	0.162232027612961	0.833554018034586
TSHZ3	1.39387878519842	39	0.163354211639297	0.833554018034586
BACH1	1.39308407117507	14	0.163594369331321	0.833554018034586
CIC	1.39262989292659	51	0.163731738657201	0.833554018034586
NR4A3	1.39067012833275	27	0.164325479873142	0.833554018034586
E2F5	-1.38857614185953	61	0.164961676400121	0.833554018034586
LYL1	1.38700688841638	28	0.165439662364554	0.833554018034586
TBL1X	1.38616389998546	7	0.165696861950156	0.833554018034586
TRO	1.38499645037793	27	0.166053552755332	0.833554018034586
ZBTB34	1.38335321093392	14	0.166556589698354	0.833554018034586
ZNF454	1.3833379288207	3	0.166561273308627	0.833554018034586
TNF	1.38192605154017	19	0.166994407943801	0.833554018034586
NR2E1	1.38139420129469	27	0.167157787859816	0.833554018034586
DPF3	-1.38106951309664	109	0.167257588366557	0.833554018034586
ZNF550	-1.37988661274086	1	0.167621559110049	0.833554018034586
ZNF567	-1.37498752002088	1	0.169135313835541	0.833554018034586
RUVBL2	-1.36910940442136	245	0.170965079050569	0.833554018034586
NEUROG1	-1.36828812533295	33	0.171221906255976	0.833554018034586
CCDC85B	-1.36560169537103	128	0.172064014156572	0.833554018034586
RBBP7	-1.36481542691609	37	0.172311068849686	0.833554018034586
ATXN1	1.36372360522061	7	0.172654571866552	0.833554018034586
AKIRIN1	1.36070425131779	18	0.173607170569903	0.833554018034586
ZNF280B	-1.36043958211411	5	0.173690859895513	0.833554018034586
ZNF528	-1.35923230834427	4	0.174072986436835	0.833554018034586
SUPT5H	1.35649649750952	24	0.174941249015712	0.833554018034586
ANHX	1.35505848480467	66	0.175398924228482	0.833554018034586
ZNF282	1.35306797617736	19	0.176033915114172	0.833554018034586
ZNF774	-1.34908815918172	40	0.177308651061277	0.833554018034586
ZNF708	-1.34377966451034	2	0.179019647251061	0.833554018034586
ZNF780A	1.34362312770327	2	0.179070286811541	0.833554018034586
CAMTA2	1.34357404482158	52	0.179086167287052	0.833554018034586
SMARCC2	1.3430400087892	13	0.17925901917449	0.833554018034586
SBNO1	1.34296148955688	17	0.17928444401665	0.833554018034586
ZNF239	-1.34288424433746	9	0.179309458944575	0.833554018034586
AATF	-1.34240923155379	36	0.179463343124353	0.833554018034586
AJUBA	1.34197420100387	7	0.179604360851989	0.833554018034586
TET3	1.34031173114152	8	0.180144019149058	0.833554018034586
ZNF716	1.33931051071193	25	0.180469608434066	0.833554018034586
ZNF418	-1.33879849480263	1	0.180636280944668	0.833554018034586
EGR1	-1.33852854840872	12	0.180724200480965	0.833554018034586
TGIF2LX	1.33762588961711	35	0.181018420535825	0.833554018034586
VSX1	1.33697786356228	23	0.181229862679817	0.833554018034586
KLF11	1.33608380638393	4	0.181521882322112	0.833554018034586
DBP	1.33556109273609	19	0.181692774299136	0.833554018034586
ZNF442	-1.33364684760262	2	0.182319621947319	0.833554018034586
MAMSTR	-1.33219873884158	8	0.182794890876353	0.833554018034586
E2F1	-1.33210786799934	100	0.182824745258003	0.833554018034586
ZNF672	1.33149266727675	57	0.183026956170887	0.833554018034586
MEIS2	1.32606789258921	8	0.184817210040376	0.833554018034586
KAT6B	1.32497926866428	8	0.185178027445286	0.833554018034586
KLF3	1.32477532321092	28	0.1852456817711	0.833554018034586
GCM1	-1.32445042791121	28	0.185353496253152	0.833554018034586
RFX8	1.32198441644611	7	0.186173340186887	0.833554018034586
CC2D1B	1.32111633882282	29	0.186462575939598	0.833554018034586
ZBTB41	1.32102098554161	42	0.186494367033553	0.833554018034586
DBX1	-1.32012861817905	43	0.18679207935549	0.833554018034586
ZNF565	1.31982174378733	1	0.18689454011871	0.833554018034586
ZNF585B	1.31948981439775	1	0.187005413099339	0.833554018034586
UBTFL6	1.31805168043716	11	0.187486348164074	0.833554018034586
L3MBTL3	-1.31661909200516	3	0.187966335936597	0.833554018034586
ZNF311	-1.31659178767016	6	0.187975493033405	0.833554018034586
MAFF	1.31570029231252	20	0.188274656071364	0.833554018034586
NKX2-1	-1.31452528999614	48	0.18866949316575	0.833554018034586
ZNF24	1.31392237372834	73	0.188872328572501	0.833554018034586
HES6	-1.31322336238655	108	0.189107693875987	0.833554018034586
ZBED3	-1.31253650040968	20	0.189339178897481	0.833554018034586
ZNF662	-1.3115313836934	9	0.189678297903005	0.833554018034586
ZNF665	1.31099785629002	3	0.189858487864992	0.833554018034586
ARNTL2	1.30966481888847	72	0.190309250084623	0.833554018034586
RELA	1.30753153826647	29	0.191032250978062	0.833554018034586
WBP2	1.30745836775247	28	0.19105708537454	0.833554018034586
ANKRD49	-1.30526269940345	70	0.191803410726405	0.833554018034586
TRIM56	1.30490267866965	13	0.191925989008353	0.833554018034586
POU5F1B	-1.30366865197841	48	0.192346582158635	0.833554018034586
SAMD1	-1.30162287383368	31	0.193045336532526	0.833554018034586
TADA2A	-1.30065809188331	44	0.19337551308332	0.833554018034586
FOXF2	-1.29826444440637	25	0.194196479859046	0.833554018034586
ZNF583	-1.29714037178564	3	0.194582892783799	0.833554018034586
BASP1	1.29573866931011	7	0.195065534127708	0.833554018034586
ZNF329	-1.29535762917176	2	0.195196887457659	0.833554018034586
HAND2	1.29260869349179	30	0.196146431333946	0.833554018034586
ASCL1	-1.29244284879174	44	0.196203825865067	0.833554018034586
HLF	1.29243505086547	19	0.196206524827092	0.833554018034586
ZFP69B	-1.29047612420581	7	0.196885396398848	0.833554018034586
ZBTB7A	1.28994665618789	19	0.197069179948051	0.833554018034586
SHOX2	-1.28913991077451	5	0.197349450633786	0.833554018034586
ANKRD1	1.28819987605018	23	0.197676395136476	0.833554018034586
ETV1	1.2874235311922	5	0.197946706906863	0.833554018034586
ZNF398	1.28520480960008	6	0.198720723381739	0.833554018034586
ZNF581	-1.28367362038342	70	0.199256178268142	0.833554018034586
BMI1	1.2804801762393	21	0.200376312286806	0.833554018034586
SOX9	1.27951889716612	24	0.200714389405235	0.833554018034586
EAF2	1.27924393683809	24	0.200811168118889	0.833554018034586
PSPC1	1.27907592034958	8	0.200870322207284	0.833554018034586
HOXC5	1.27811458241655	11	0.201209027964549	0.833554018034586
RYBP	1.27649379293063	22	0.201781019600641	0.833554018034586
MRTFB	1.27519428190354	14	0.202240484719255	0.833554018034586
NFKB1	1.27481862998125	30	0.20237344506025	0.833554018034586
SOX14	-1.27466357537099	47	0.202428344524381	0.833554018034586
ZNF705G	1.27446595906042	27	0.202498329340138	0.833554018034586
FOXO1	1.27345978509286	26	0.202854934166459	0.833554018034586
JUN	-1.26952145956858	22	0.204255141727751	0.833554018034586
ESRRA	-1.26863636350511	88	0.204570788636302	0.833554018034586
NR1D1	1.26816397855123	9	0.204739397798939	0.833554018034586
KMT2B	1.26627251673611	45	0.205415532927465	0.833554018034586
LEUTX	-1.26580172686723	25	0.205584076703125	0.833554018034586
FOXJ3	1.26572135463223	20	0.205612860173848	0.833554018034586
ZNF572	-1.26509275846719	29	0.205838078477758	0.833554018034586
SCML1	-1.26459743071056	12	0.206015674560715	0.833554018034586
POU2F3	1.26457320197802	64	0.206024364447058	0.833554018034586
MED19	-1.26412298908393	96	0.206185886416635	0.833554018034586
SPI1	1.26201226338743	189	0.206944373631609	0.833554018034586
CD40	1.26098196534279	13	0.207315344891064	0.833554018034586
RFPL4AL1	-1.25995018143974	34	0.207687334469987	0.833554018034586
TP53INP1	1.25992308813064	21	0.207697108953688	0.833554018034586
SMAD2	1.25959157428359	36	0.207816736599002	0.833554018034586
ZNF48	-1.25912378158313	12	0.207985625823265	0.833554018034586
NELFE	-1.25776222098091	168	0.208477762325308	0.833554018034586
TAL2	-1.25609101933192	19	0.20908297180623	0.833554018034586
ZNF85	-1.2553379761374	2	0.20935609468532	0.833554018034586
KAT6A	1.25523099178422	5	0.209394918027628	0.833554018034586
ZFHX4	1.25435132668525	6	0.209714335681076	0.833554018034586
ZNF580	-1.2540241681192	12	0.209833221099857	0.833554018034586
ZNF268	-1.25279811452233	5	0.210279188016318	0.833554018034586
SRY	1.25191439590491	22	0.210601058511814	0.833554018034586
JUP	1.25035117677049	49	0.211171291256873	0.833554018034586
EHMT1	1.24772508641921	43	0.212131751070104	0.833554018034586
PPARG	-1.24498899552415	88	0.213135795330417	0.833554018034586
ZNF696	-1.24452833115178	19	0.21330517899093	0.833554018034586
ZNF768	-1.24258032382671	22	0.214022524277234	0.833554018034586
HES5	-1.24250961477304	40	0.214048595268995	0.833554018034586
YEATS4	-1.24243252994262	196	0.214077019670207	0.833554018034586
FAM220BP	-1.24201750839414	14	0.214230102262561	0.833554018034586
ZNF7	-1.24132073653873	11	0.214487287241139	0.833554018034586
TEAD1	1.2394824553968	17	0.215166882161667	0.833554018034586
SIRT7	1.23931395186221	84	0.215229253847562	0.833554018034586
SP6	-1.23906376012583	38	0.215321886500944	0.833554018034586
RPS6KA1	1.23891793703274	133	0.215375890261402	0.833554018034586
HOXA6	1.23760121408484	17	0.215863964055192	0.833851655436055
BCL9	1.23140728645143	8	0.218170573125575	0.840517917346523
ZBTB20	1.22987872528676	9	0.218742522081879	0.840517917346523
RFXANK	-1.22959749827549	131	0.218847867321164	0.840517917346523
CCNT1	1.22686519391924	44	0.219873262445509	0.840517917346523
CC2D1A	-1.22642451206403	89	0.220038966443511	0.840517917346523
ABHD14B	-1.22632489408825	71	0.220076436938365	0.840517917346523
PRDM2	1.22441667750432	17	0.220795081080863	0.841256535393077
TFAP4	-1.2236097651658	32	0.221099474045616	0.841256535393077
SIM1	1.21449035617379	20	0.224560530253778	0.851904976015873
MAML1	-1.21399754718243	11	0.224748660801115	0.851904976015873
NKX3-2	1.21277846580394	6	0.225214530665943	0.851904976015873
HSFY2	-1.21182757978761	31	0.225578388619588	0.851904976015873
ELF5	-1.20955937259485	36	0.226448015647398	0.852653794620304
ASH1L	1.20911790340153	52	0.226617551923246	0.852653794620304
ZNF844	-1.20790962170375	4	0.227082028190138	0.852819172536294
NCOA1	1.20594809106363	12	0.227837506048993	0.853980506879404
DACH1	-1.204164061042	39	0.228526173689679	0.853980506879404
ZNF417	-1.20383193448573	2	0.228654544001734	0.853980506879404
ATF7IP	1.20120678700354	5	0.229670997338361	0.8547079771409
HOXB6	1.19857163546579	37	0.23069455289419	0.8547079771409
FAM220A	1.19460360566664	47	0.232241939834085	0.8547079771409
CHD4	1.19401418723968	26	0.2324724184573	0.8547079771409
ZNF669	1.19253132693425	14	0.233052974820241	0.8547079771409
ZBTB16	1.19217405176337	9	0.233193005627938	0.8547079771409
PAX3	-1.19082707237711	29	0.233721478649711	0.8547079771409
BRD4	1.18903926387311	9	0.234424216611698	0.8547079771409
SCAND2P	-1.18841650565856	8	0.234669356741849	0.8547079771409
NANOGP8	1.18809128812377	12	0.234797446247658	0.8547079771409
TADA2B	1.18789529898059	22	0.2348746620308	0.8547079771409
ZNF705E	1.18765360976408	17	0.23496990748069	0.8547079771409
PURG	1.18722165145909	6	0.235140202723756	0.8547079771409
ZNF28	-1.18704699146375	1	0.23520908548173	0.8547079771409
ZNF670	-1.18614992774276	7	0.235563096347276	0.8547079771409
TEAD3	1.18607525048386	21	0.235592583442684	0.8547079771409
DACH2	-1.18411007009722	8	0.236369494384346	0.855995240377597
TBL1Y	-1.18275422630401	40	0.236906566360026	0.856205888224164
MYCLP1	-1.18056186704749	25	0.237776819718705	0.856205888224164
ZNF92	1.17967168194771	33	0.238130820909861	0.856205888224164
MSGN1	-1.17894167272714	28	0.238421402297606	0.856205888224164
HDX	-1.17816530704462	31	0.238730710482632	0.856205888224164
TFAP2A	1.17529973738628	44	0.239874819551793	0.856205888224164
ZNF461	-1.17481669434457	9	0.240068059661745	0.856205888224164
WWC3	1.17343754636711	3	0.240620387958408	0.856205888224164
ZNF771	-1.17164100934939	54	0.241341216087611	0.856205888224164
MAGEA3	1.17116179027074	45	0.241533750690093	0.856205888224164
NKX1-2	-1.17096868511509	31	0.241611364598327	0.856205888224164
SPTY2D1	1.16975566137744	44	0.242099311377026	0.856205888224164
PAX2	-1.16916919168437	26	0.242335471122025	0.856205888224164
BICRA	1.16916203747997	18	0.242338352978634	0.856205888224164
SIRT1	-1.16698100399986	13	0.243218040977346	0.856528637695837
RIPPLY2	-1.16530822444142	29	0.243894251185662	0.856528637695837
SP5	1.16473530231478	66	0.2441261545149	0.856528637695837
MAGEB17	-1.16370589408525	50	0.244543219998336	0.856528637695837
ZNF530	-1.16261551943259	9	0.244985531276818	0.856528637695837
MYCN	-1.1616624752788	45	0.245372593850855	0.856528637695837
ZNF778	1.16006480350576	5	0.246022422815094	0.856528637695837
COMMD7	-1.15719565703191	84	0.247192431707618	0.856528637695837
ASCC2	1.15686848096969	30	0.247326097886195	0.856528637695837
SFR1	-1.15658918845478	28	0.247440241511105	0.856528637695837
ARID4B	1.15350292377158	43	0.248704018191709	0.856528637695837
XBP1	1.15236970042511	104	0.249169186347273	0.856528637695837
TSHZ1	1.15186241163741	8	0.249377616375736	0.856528637695837
ZNF610	-1.15089288404239	7	0.249776305650522	0.856528637695837
SP4	1.15059073669596	6	0.24990064569319	0.856528637695837
FOXD1	1.1505639456734	13	0.24991167285396	0.856528637695837
RAX2	1.14946083236272	28	0.250366008466574	0.856528637695837
CIITA	-1.14825825873926	39	0.25086196523593	0.856528637695837
LRP5L	1.14789798797849	50	0.25101067891234	0.856528637695837
TRRAP	1.14758842927406	21	0.251138508644559	0.856528637695837
KLF10	-1.14719973142693	30	0.25129908255869	0.856528637695837
CBX4	1.14553825017628	15	0.251986260008193	0.857429757209086
HES3	1.1434601882395	17	0.252847575144043	0.858919400991825
HOXA5	1.13699830420041	19	0.255538994577136	0.865269116241188
SKOR1	1.13692385527933	36	0.255570118653092	0.865269116241188
ZNF233	1.13470477056844	3	0.2564990378232	0.866293426683192
ZNF641	1.13335270951512	12	0.257066164951567	0.866293426683192
TNIP3	-1.13285917999534	50	0.257273394432652	0.866293426683192
HIPK2	1.13212632320696	8	0.257581329531541	0.866293426683192
MAGED1	1.12875139455842	35	0.259002721932644	0.867648527722123
MSX1	-1.12798039849319	32	0.259328197411812	0.867648527722123
PERM1	1.12679802115508	35	0.259827887374724	0.867648527722123
APBB2	1.12610643461876	24	0.260120470737803	0.867648527722123
E2F8	-1.12366126904298	32	0.261156753159184	0.867648527722123
ZNF236	1.11957905206144	12	0.262893186408901	0.867648527722123
ZNF678	1.11860043003572	11	0.263310639933239	0.867648527722123
FGF7	1.11826330554414	9	0.263454553947845	0.867648527722123
ZNF813	-1.11776410401055	7	0.263667756191739	0.867648527722123
POU3F3	1.11763605084766	25	0.263722465147917	0.867648527722123
PTMA	-1.1166725168195	28	0.26413437297946	0.867648527722123
THAP11	-1.1150312364387	84	0.264837036332925	0.867648527722123
ERF	1.11416311167238	11	0.265209217472124	0.867648527722123
ZNF568	-1.11405579880823	6	0.265255249492081	0.867648527722123
DR1	1.1118002854926	86	0.266224029101623	0.867648527722123
TFEC	1.11127132959871	123	0.266451576321412	0.867648527722123
ZNF394	1.11088391633363	11	0.266618319353672	0.867648527722123
USF2	1.11009370701703	16	0.266958648702265	0.867648527722123
EED	-1.1099595408348	85	0.267016461391706	0.867648527722123
CREBBP	1.1094649769556	17	0.267229645110402	0.867648527722123
FOXD4L6	1.10841261823757	14	0.267683657892226	0.867648527722123
PHF2	1.10804044816225	22	0.26784434781553	0.867648527722123
HEYL	1.10793789647748	16	0.267888637666702	0.867648527722123
ARID5B	-1.10709633141059	2	0.268252281499887	0.867648527722123
PER1	1.10555915469368	30	0.268917377136006	0.867667221629005
LBH	1.10501286935304	35	0.269154012760121	0.867667221629005
CHD2	1.10297090118912	17	0.270039802006994	0.867667221629005
HIF1A	1.10185617102934	88	0.270524205635149	0.867667221629005
ZNF586	-1.09865774856425	4	0.27191737846439	0.867667221629005
NRIP1	1.0977761139274	14	0.272302264071687	0.867667221629005
BARHL1	1.09759160268525	31	0.27238286128833	0.867667221629005
MESP1	-1.09617604257417	36	0.273001741771857	0.867667221629005
TLX3	-1.09564897683208	36	0.273232419546966	0.867667221629005
SMARCD2	-1.09514609647173	34	0.273452636466277	0.867667221629005
ZNF320	1.09413556664718	3	0.273895525580306	0.867667221629005
PCGF1	-1.09409729246953	88	0.273912309792979	0.867667221629005
MAGEB2	-1.09380001628352	20	0.274042696987716	0.867667221629005
SSBP4	-1.09333241807851	54	0.274247874292008	0.867667221629005
CTBP1	1.09213163115779	39	0.274775247993547	0.867786732480513
LMX1B	1.09129873517027	31	0.275141454134601	0.867786732480513
ZNF267	1.08894159341793	16	0.276179642738758	0.869708564400933
NDN	1.08687515222123	41	0.277091988957846	0.870908886316674
ZNF124	1.08597706342203	1	0.277489140036267	0.870908886316674
HSFX4	-1.08516374884736	12	0.27784913680813	0.870908886316674
HOXA4	1.08252737438567	27	0.279018258481742	0.873223808952119
ZNF90	1.08070557170932	12	0.279828103865216	0.874408928564959
CEBPE	1.07873934472412	35	0.280703940978629	0.874669131257812
DAXX	-1.07858231918868	27	0.280773966690747	0.874669131257812
ZNF341	1.07648012201255	20	0.281712586269272	0.876247124162706
PKNOX2	1.07190906828396	17	0.28376087672401	0.878477497325424
ZNF287	-1.07145499465493	15	0.283964896478261	0.878477497325424
MXD1	1.07068822361621	56	0.284309639645309	0.878477497325424
ARNT	1.07020298497151	15	0.284527951064924	0.878477497325424
PITX3	1.06942262866075	20	0.284879275303695	0.878477497325424
CALCOCO1	1.06827909497507	20	0.285394635488483	0.878477497325424
ZNF467	1.06813001295612	27	0.285461869199928	0.878477497325424
HDAC2	-1.06509025204896	35	0.286835090064132	0.879007272724046
HOXD1	1.06384247502847	29	0.287400066034502	0.879007272724046
SPIN2A	1.06104321335209	31	0.288670263008677	0.879007272724046
BEND5	1.05915149866437	18	0.289530789501292	0.879007272724046
ZNF423	-1.05851536084055	28	0.289820551466818	0.879007272724046
ZNF415	1.05622797566479	2	0.290864072466069	0.879007272724046
HDGFL3	1.05548481514149	12	0.291203650698609	0.879007272724046
PPARGC1B	-1.05471901764394	32	0.291553851390099	0.879007272724046
ZIC5	1.05284770766651	48	0.292410795725008	0.879007272724046
NR4A2	1.05281733056506	10	0.292424720499251	0.879007272724046
DMRT1	-1.05017650299719	32	0.293636970497754	0.879007272724046
ACTL6A	-1.04992279408134	156	0.293753610714291	0.879007272724046
PROP1	-1.04906924410455	29	0.294146250179317	0.879007272724046
NR5A2	-1.04872233747505	81	0.294305930388469	0.879007272724046
RUNX1	1.04778270179351	10	0.294738734057896	0.879007272724046
NFKB2	1.04708764697277	43	0.295059156144811	0.879007272724046
KLF6	1.04681672030908	15	0.29518411723131	0.879007272724046
SMAD7	1.04575491116191	22	0.295674203347302	0.879007272724046
SMAD1	1.04549610327853	2	0.295793740631024	0.879007272724046
ZSCAN25	1.04543512547895	11	0.295821909553447	0.879007272724046
ZFHX3	1.04474125779193	6	0.29614257080496	0.879007272724046
FOXN3	1.04467971412233	19	0.296171023578536	0.879007272724046
ELF1	1.04400314642284	79	0.296483933905245	0.879007272724046
ZHX3	-1.04265710028279	10	0.297107133328995	0.879007272724046
KLF5	1.04193029798856	14	0.297443995906314	0.879007272724046
PBX4	1.03761284230177	32	0.299450336612502	0.879007272724046
ZNF280A	-1.03721494464169	18	0.299635694723936	0.879007272724046
TCF21	1.03702611327306	24	0.299723687395997	0.879007272724046
ZNF775	-1.03694514194288	26	0.299761424137483	0.879007272724046
ZNF225	1.03685172972138	6	0.299804962900802	0.879007272724046
HMGB2	-1.03632574924074	32	0.300050197339048	0.879007272724046
WTIP	1.03428486413215	25	0.301003010651908	0.879007272724046
CDK18	1.03426210304205	60	0.301013648309744	0.879007272724046
ZNF724	-1.03411552334642	57	0.301082160019413	0.879007272724046
BATF3	1.03366960419052	54	0.301290647585008	0.879007272724046
SUPT6H	1.03340941642226	25	0.301412341651529	0.879007272724046
ZNF860	1.03285633620397	6	0.30167113501772	0.879007272724046
AKIRIN2	-1.03030854120876	45	0.302865190854229	0.879018094610023
BARX2	1.02961328023531	67	0.303191578635063	0.879018094610023
SUB1	-1.02932873418485	73	0.303325225164571	0.879018094610023
SAP30	-1.0289774838941	43	0.303490255553971	0.879018094610023
FOXD4L4	1.02822914160025	16	0.303842053413031	0.879018094610023
LBX2	1.02730383472776	38	0.30427741725892	0.879023649859103
GLIS2	1.0260338963839	23	0.304875606883333	0.879498905774396
IRF2	1.02192954009345	35	0.306814250033591	0.880454170203866
PRMT5	-1.02145325303538	222	0.307039746103063	0.880454170203866
ZNF853	-1.02126755660714	45	0.307127693013618	0.880454170203866
MAML3	1.02121606539971	6	0.307152082503395	0.880454170203866
ZNF22	-1.01931032125735	13	0.308055665528815	0.880454170203866
CHCHD2	-1.01885636626471	133	0.308271161297589	0.880454170203866
OVOL1	-1.01738955325014	88	0.308968149705322	0.880454170203866
ZNF131	1.01729151772162	28	0.309014770548226	0.880454170203866
FOXP1	1.01512061367762	17	0.310048336550243	0.880454170203866
EGR2	1.01492585344887	12	0.310141173225655	0.880454170203866
TNIP1	1.0144627564743	37	0.310361992115339	0.880454170203866
BCL11B	-1.01434840505294	2	0.310416534366748	0.880454170203866
PASD1	1.01171500811674	34	0.311674337506261	0.880550477984026
RNF6	1.01074305353778	54	0.312139425046179	0.880550477984026
ZNF835	1.01060446731712	21	0.312205776826066	0.880550477984026
CBX1	-1.00837395435413	40	0.313274971800726	0.880550477984026
ZNF157	1.00743609883171	11	0.313725251204107	0.880550477984026
BNC1	1.00654284244631	5	0.314154513608084	0.880550477984026
EHF	-1.00654256963193	19	0.314154644770471	0.880550477984026
VENTX	-1.005701212871	20	0.31455931957715	0.880550477984026
ZNF626	-1.00481049981533	7	0.314988107012502	0.880550477984026
ZBTB37	1.00388987358227	38	0.315431698082928	0.880550477984026
MNAT1	-1.00363894600866	27	0.315552675210369	0.880550477984026
GBX2	-1.00151444489488	33	0.316578160176129	0.880550477984026
ZNF222	1.00150806114668	1	0.31658124486768	0.880550477984026
PTMS	1.00100186892987	34	0.316825904837227	0.880550477984026
ZNF524	-1.00071743400679	57	0.316963436355197	0.880550477984026
EGR4	-0.999399360521328	36	0.317601269497809	0.880609661064331
HES7	0.998101379732805	61	0.318230201151797	0.880609661064331
BCL11A	-0.99770492131687	22	0.318422466118612	0.880609661064331
ZNF689	-0.99696327473695	24	0.318782336465122	0.880609661064331
ZNF443	-0.993200438314768	13	0.320612284795309	0.880609661064331
IKZF4	0.993142785745707	5	0.320640375775374	0.880609661064331
CDK15	0.9921749735924	11	0.32111217844863	0.880609661064331
REST	0.991730690324858	33	0.321328915697626	0.880609661064331
FOXK1	0.989926396699749	19	0.322210096205146	0.880609661064331
FEV	-0.989887932932127	45	0.322228898280357	0.880609661064331
HOXD3	0.989802467500169	21	0.322270678536078	0.880609661064331
LHX4	0.989433594579957	52	0.322451044680156	0.880609661064331
EVX1	-0.988473942474758	108	0.32292058994124	0.880609661064331
ZNF223	0.987873315477504	1	0.323214695630939	0.880609661064331
NFAT5	0.986397703209172	27	0.32393799172086	0.880609661064331
POU4F1	-0.985429907407084	14	0.324412945146186	0.880609661064331
CDX4	-0.984781818919661	26	0.324731253031665	0.880609661064331
SPIN2B	-0.984539016238148	35	0.3248505576072	0.880609661064331
ELF4	0.982677800743203	37	0.325766039822047	0.880609661064331
IGF2	0.981037617684577	22	0.326574191287709	0.880609661064331
KMT2E	0.980946542198934	14	0.326619104166757	0.880609661064331
CDK5RAP2	0.980481826500428	36	0.326848336102048	0.880609661064331
HMX2	-0.980231355033928	32	0.326971930365602	0.880609661064331
MAFG	0.976371700075175	25	0.328880300360447	0.883205589582012
ZNF224	0.976060208554665	8	0.329034628632254	0.883205589582012
UTP15	-0.975641159237798	94	0.329242320376726	0.883205589582012
ZNF559	-0.974527520517863	7	0.329794681460066	0.883518644651272
ZNF80	-0.970301330132287	15	0.331896314475147	0.887975891498151
ASCL4	-0.967778287494987	28	0.333155109740061	0.887980387238712
TFCP2	0.967018882930973	19	0.333534594065307	0.887980387238712
ZNF382	0.963523226176816	6	0.335285014099631	0.887980387238712
MIER1	0.963330518039246	97	0.335381682810599	0.887980387238712
MYOG	-0.963326414808922	24	0.335383741320409	0.887980387238712
ZNF205	-0.962905703361657	51	0.335594847151198	0.887980387238712
ZNF275	0.961919023320522	10	0.336090281910928	0.887980387238712
ZKSCAN5	0.961560060938055	28	0.336270641896271	0.887980387238712
CTR9	0.96112152741958	11	0.3364910667491	0.887980387238712
PITX1	-0.959659810461771	28	0.337226456435435	0.887980387238712
ZXDB	0.959412775964841	5	0.337350841447185	0.887980387238712
CCNC	-0.958489267418091	98	0.337816100878972	0.887980387238712
SEMA4D	0.957912773893393	12	0.338106744589849	0.887980387238712
ZNF837	-0.956397134824142	16	0.338871631729358	0.887980387238712
ZNF624	0.955988551518053	12	0.339078018532909	0.887980387238712
ZNF114	0.955686283495696	13	0.339230754416354	0.887980387238712
ARID1B	0.955466937616538	12	0.339341617411244	0.887980387238712
PATZ1	-0.953903122408736	10	0.34013268281212	0.88838946514464
DLX6	-0.952529059031616	28	0.340828735793478	0.88838946514464
CREB1	0.950033273216036	71	0.342095346160428	0.88838946514464
GPBP1	-0.949934474780901	28	0.342145548203915	0.88838946514464
SIX3	-0.948994388564325	40	0.34262346606598	0.88838946514464
ZNF134	-0.948275190430281	1	0.342989377584663	0.88838946514464
SPDEF	0.947458012272949	84	0.343405442057681	0.88838946514464
ZNF322	0.9465939686092	14	0.343845718512111	0.88838946514464
NEUROG3	0.945049915574508	25	0.344633393176929	0.88838946514464
MLLT3	-0.943914719275563	30	0.345213229628176	0.88838946514464
MAGEC1	-0.943619622881415	32	0.345364061000489	0.88838946514464
SIM2	0.941572756737789	37	0.3464114231372	0.88838946514464
LEF1	0.941362300352835	12	0.346519226249355	0.88838946514464
ZNF652	0.938045901375727	3	0.348220821585427	0.88838946514464
RRP8	-0.937500905112857	23	0.348500958399485	0.88838946514464
ANKRD33	0.937133253200172	65	0.348690018242437	0.88838946514464
TBX3	0.937072644483593	49	0.348721191680861	0.88838946514464
DNMT3L	-0.93539141000397	31	0.349586622154261	0.88838946514464
MAGEB16	0.93450881561426	28	0.350041490727325	0.88838946514464
YEATS2	0.934154961686333	13	0.350223964199154	0.88838946514464
ZNF436	0.933907627962945	22	0.350351543730924	0.88838946514464
TFEB	0.932161182723557	40	0.351253232792368	0.88838946514464
ZNF628	0.932100602597892	36	0.351284536655941	0.88838946514464
CREBRF	0.931869215443341	54	0.351404118737802	0.88838946514464
KANK2	0.929823738907056	62	0.352462353106561	0.88838946514464
MED21	0.929316167253775	32	0.352725259062629	0.88838946514464
ZNF576	-0.929300100145494	37	0.352733583338604	0.88838946514464
MAFA	0.928288367985668	70	0.353258006242592	0.88838946514464
ZBTB43	0.928197649700715	19	0.353305053380839	0.88838946514464
DRAP1	-0.92566594446734	59	0.354619611282328	0.88838946514464
MSX2	0.925059569731548	50	0.354934922044754	0.88838946514464
TAF7	-0.924933889674348	46	0.355000296959699	0.88838946514464
FOXM1	-0.923121929611732	106	0.355943667633122	0.88838946514464
ZNF148	0.923029311970589	88	0.355991930090529	0.88838946514464
MAGEH1	0.922133501693588	29	0.356458944009545	0.88838946514464
GRHL2	-0.921993393685611	16	0.35653202159982	0.88838946514464
ATXN1L	0.921899897444095	27	0.356580792658469	0.88838946514464
KLF1	-0.92170481322483	56	0.356682569258443	0.88838946514464
MTDH	-0.921060182074165	51	0.357019007326591	0.88838946514464
ZNF623	-0.921057473929041	29	0.357020421150336	0.88838946514464
ZNF664	0.919368374340264	31	0.35790292539137	0.888514982407141
VSX2	-0.919283873170201	23	0.35794711076264	0.888514982407141
NUPR2	-0.912893860183296	84	0.361298366989885	0.894083865285264
NFIL3	0.912318551163353	3	0.361601051464234	0.894083865285264
ZBTB38	-0.912172737069424	13	0.361677793151448	0.894083865285264
ATF4	-0.911647954496248	77	0.361954069723472	0.894083865285264
HOXA11	-0.910326878152958	15	0.362650147702945	0.894713503091937
LHX1	0.906704794230412	8	0.364562927488312	0.898339753276181
JMJD1C	0.9050735838943	43	0.365426405619761	0.898807700999371
ATF1	0.903331438887779	13	0.366350015642125	0.898807700999371
PML	0.90263995434013	59	0.366717014180073	0.898807700999371
SNAI1	0.901711751316613	42	0.367210008912948	0.898807700999371
LIME1	-0.900790413596766	49	0.367699765516945	0.898807700999371
CCNQ	-0.900743055325014	170	0.367724950799305	0.898807700999371
MXD4	0.900498124794694	21	0.367855222795601	0.898807700999371
EP300	0.897993649645151	29	0.36918893502742	0.899033963672086
ZNF516	0.896528019821569	2	0.36997082221592	0.899033963672086
PROX2	-0.896291227676255	19	0.370097243047186	0.899033963672086
REPIN1	-0.896009078659048	24	0.370247914470205	0.899033963672086
PGBD1	-0.895439750975614	15	0.37055205920608	0.899033963672086
MAF	0.894802328370317	8	0.370892765457198	0.899033963672086
CDK13	0.893754653785313	25	0.371453176172205	0.899033963672086
ZNF180	0.893677792903666	3	0.371494310432548	0.899033963672086
ELL3	-0.890103141803848	35	0.373410506129289	0.90017974852059
ZNF541	-0.888562915497775	44	0.374238028917397	0.90017974852059
DLX2	0.885506387748867	22	0.375883575958774	0.90017974852059
RPS6KA5	-0.885085401844817	17	0.376110572228891	0.90017974852059
ZMIZ2	0.885024283562385	31	0.37614353433668	0.90017974852059
HMGB3	-0.885008456417096	29	0.376152070470423	0.90017974852059
HDAC7	0.884382191364531	16	0.376489933110942	0.90017974852059
ZNF611	-0.88371864623301	4	0.376848112140404	0.90017974852059
ZNF367	-0.881039733755513	85	0.378296314425516	0.90017974852059
KLF15	0.880321414866066	37	0.378685214764075	0.90017974852059
ASXL2	0.880150061963071	83	0.378778022162365	0.90017974852059
CSRNP2	0.879898111131445	4	0.37891450807514	0.90017974852059
ZNF518B	-0.878853115939866	4	0.379480922191617	0.90017974852059
MYCBP	-0.877513437963527	160	0.38020782315672	0.90017974852059
ZNF366	0.877226964708426	16	0.380363372747546	0.90017974852059
KMT2C	0.875524129481716	37	0.381288787012089	0.90017974852059
ARNTL	0.874122894497684	5	0.382051330696443	0.90017974852059
ZNF507	0.874013867094283	25	0.382110701948557	0.90017974852059
ZNF256	-0.871811351076652	3	0.383311301116706	0.90017974852059
ZSCAN18	-0.871689960099975	2	0.383377538870084	0.90017974852059
RIPPLY3	-0.871574445081073	30	0.383440576878598	0.90017974852059
BRPF1	0.870755560657088	44	0.383887634442642	0.90017974852059
THRAP3	0.868414765128547	43	0.385167314709209	0.90017974852059
KMT2A	0.868146676502563	27	0.385314041246149	0.90017974852059
ZNF575	-0.86792488262861	14	0.385435456199394	0.90017974852059
ZGLP1	-0.867470227098645	56	0.385684417926212	0.90017974852059
ZNF208	0.866157664640376	1	0.386403706046958	0.90017974852059
ZBTB39	0.864962250299105	7	0.387059508592378	0.90017974852059
DUX4L9	-0.864841688910097	26	0.38712568605851	0.90017974852059
MAGEA4	-0.864153240875552	49	0.387503714920793	0.90017974852059
ZNF219	-0.863705784556721	5	0.387749535143108	0.90017974852059
SAP130	0.863348155595206	7	0.387946075003101	0.90017974852059
CRX	-0.862001179644191	24	0.388686868688639	0.90017974852059
ZNF658B	0.861583257204711	16	0.388916887615316	0.90017974852059
ZNF543	0.861440555197344	5	0.3889954478661	0.90017974852059
MECOM	-0.861360173390508	30	0.389039703877848	0.90017974852059
POU6F2	-0.860283657539925	43	0.38963269918822	0.90017974852059
TBX10	-0.859722223887074	77	0.389942181123058	0.90017974852059
RREB1	0.859574297817357	14	0.390023748035989	0.90017974852059
ZNF175	-0.859030179655859	1	0.390323865788881	0.90017974852059
ZNF503	-0.858637319380586	30	0.390540641874221	0.90017974852059
SOX17	0.857584054261279	16	0.391122183129304	0.90017974852059
MLX	-0.857339365772673	120	0.391257358676197	0.90017974852059
ZNF142	0.856903364904257	30	0.391498292995641	0.90017974852059
ZSCAN26	-0.855535863843579	9	0.392254558811357	0.900897220010682
ERG	0.854384327829449	16	0.392892076640781	0.901340646411203
NHLH2	-0.851998792750842	54	0.394214762107449	0.902057967605402
CTCFL	-0.851832093234829	37	0.394307291057811	0.902057967605402
BRMS1	-0.85128436912493	80	0.394611405670099	0.902057967605402
ZNF554	0.850613725999915	2	0.394983962146744	0.902057967605402
SLC2A4RG	-0.849733237334754	26	0.395473415037883	0.902159826430627
EID2	-0.847679374264767	18	0.396616556162361	0.903750984154235
HOXB5	0.846260643409656	57	0.397407358077178	0.904536612997213
MED6	-0.84408410432228	74	0.398622409574914	0.906285029840725
ZNF93	-0.842001075894919	1	0.399787351225222	0.906958782460041
PHF12	0.841954913151391	13	0.399813191084456	0.906958782460041
ZNF620	-0.837605473723543	12	0.402252317620044	0.910449297601441
CUX1	0.836528636379859	15	0.402857573701796	0.910449297601441
HEATR1	0.836129198584644	34	0.403082223707911	0.910449297601441
ZNF431	-0.834109647808625	5	0.404219198983249	0.910449297601441
AEBP2	0.833972779077392	21	0.404296323296249	0.910449297601441
ZBTB21	0.832933238601371	2	0.404882382443961	0.910449297601441
MEN1	-0.831670881874631	57	0.405594740689097	0.910449297601441
ZNF703	-0.831558065251537	25	0.405658440463877	0.910449297601441
SCRT2	0.828971159326028	31	0.407120727152783	0.910449297601441
SP9	0.827593136449449	49	0.407900956582415	0.910449297601441
ZNF805	0.824670849869366	4	0.409558485491867	0.910449297601441
MAGEB6	-0.824514359799428	23	0.409647359943868	0.910449297601441
DMRTA1	-0.823544330577268	39	0.410198518567491	0.910449297601441
SUDS3	0.822414475440776	13	0.41084104360635	0.910449297601441
LDB2	0.82206986228437	22	0.411037136806223	0.910449297601441
CTCF	0.822028122334169	27	0.411060891617333	0.910449297601441
HOXC10	0.821858161432073	17	0.411157627248483	0.910449297601441
NFE2L3	-0.821248385425657	15	0.411504801020642	0.910449297601441
ZNF391	-0.821019132933374	6	0.411635370083484	0.910449297601441
SP140	-0.820650292537175	40	0.411845491986433	0.910449297601441
ZNF12	0.82061333310549	41	0.411866550632839	0.910449297601441
ZNF607	-0.820283238805551	1	0.412054659207692	0.910449297601441
FOXL1	-0.819406519944343	6	0.412554516276897	0.910449297601441
TRIM45	0.818201678140085	48	0.413242037092038	0.910449297601441
RAI1	0.817642617206571	42	0.413561285272323	0.910449297601441
NR2C2	0.817006559794143	35	0.413924679303416	0.910449297601441
PCGF3	0.814854927875948	27	0.415155355386537	0.910449297601441
RUVBL1	-0.813152662505614	118	0.41613053603184	0.910449297601441
RXRA	0.81266630888938	24	0.41640940267688	0.910449297601441
BTBD18	-0.811898153113305	52	0.416850074297486	0.910449297601441
SALL2	0.811494499715122	37	0.417081750279525	0.910449297601441
ZNF714	-0.811227048714288	1	0.41723529500081	0.910449297601441
RARB	0.810326840939166	11	0.417752352769519	0.910449297601441
FOXB1	0.810036486800297	29	0.417919205709975	0.910449297601441
MLIP	0.809552142873088	39	0.418197622845223	0.910449297601441
RNF111	0.809317129649676	9	0.418332755674297	0.910449297601441
MED25	0.808939091202589	17	0.418550182073344	0.910449297601441
ZNF384	0.808322721501993	12	0.418904825771158	0.910449297601441
ZFP30	0.806799977476315	1	0.419781732131075	0.910449297601441
HOXA2	0.806781408795083	14	0.419792431977546	0.910449297601441
DNMT3B	-0.806184498959553	20	0.420136475214207	0.910449297601441
BNC2	0.80553386920403	61	0.420511669833974	0.910449297601441
TFAP2E	-0.805201077582345	65	0.420703654747881	0.910449297601441
RORC	0.804505235163792	121	0.421105247115459	0.910449297601441
MED13L	0.803360218965565	25	0.421766561122829	0.910907972265279
NR1D2	0.801944676798105	6	0.422584960976235	0.911704575382772
NR0B2	-0.80055258200797	55	0.423390711257949	0.912169827689906
DMRTA2	-0.799137335330489	37	0.42421078294822	0.912169827689906
ZNF846	0.798823306124261	11	0.424392874549547	0.912169827689906
HSF2	-0.797585758773353	32	0.425110918043292	0.912169827689906
WIZ	0.796530839739016	14	0.425723557721515	0.912169827689906
PLAC8	-0.795966571970137	111	0.426051465218775	0.912169827689906
ZNF630	-0.793842687355169	19	0.427287018252625	0.912169827689906
IRX6	-0.792916585283008	14	0.427826423677632	0.912169827689906
ZNF487	0.792746049493297	13	0.427925794952136	0.912169827689906
ZNF707	0.790246767795202	22	0.429383668117383	0.912169827689906
IKBKB	0.789862063249002	10	0.429608328821534	0.912169827689906
CBX7	0.789598982962348	39	0.429762002403421	0.912169827689906
ZBED1	-0.789079565194491	29	0.430065504617427	0.912169827689906
ZNF202	-0.788807553423238	34	0.430224494094536	0.912169827689906
FOXD4L1	0.788113919038684	27	0.430630074228525	0.912169827689906
ZBTB42	0.78780327620051	38	0.430811784425191	0.912169827689906
ALX1	-0.78749683586026	46	0.430991079951328	0.912169827689906
KMT5A	0.78691596093964	23	0.431331063467952	0.912169827689906
JADE2	0.786040975522854	21	0.431843481963034	0.912169827689906
HOXA13	-0.784862942530932	11	0.432533931304931	0.912169827689906
SIX4	0.782980227945486	9	0.433638722914248	0.912169827689906
NFYC	0.781880803398213	34	0.434284627669328	0.912169827689906
NKX2-8	0.781866388910746	41	0.434293099776532	0.912169827689906
NR2F6	-0.781294820726746	46	0.434629115617419	0.912169827689906
EMX1	0.780613371851357	19	0.435029924703791	0.912169827689906
LCORL	0.780605326711354	32	0.43503465790306	0.912169827689906
BPTF	0.779263495029343	11	0.435824513912064	0.912169827689906
LMO2	0.779228785761329	7	0.435844956147287	0.912169827689906
POU2F2	0.778490292453437	13	0.436280027300257	0.912169827689906
THRB	0.777970079153285	28	0.436586652591352	0.912169827689906
ZNF480	-0.777703149833734	2	0.436744034855473	0.912169827689906
HR	0.775729824461478	38	0.437908526293906	0.912902114251079
IRX3	0.775583494100248	16	0.437994949293048	0.912902114251079
ZNF740	0.77358752467511	15	0.439174751832446	0.914421351864683
ZNF98	0.772156118362394	6	0.440021967986931	0.915245693412816
MECP2	0.771303474520823	17	0.440527073386636	0.915357484455018
BMP2	-0.77002671391008	85	0.441284046437048	0.915991858929717
HELT	-0.768961616188073	37	0.441916097271227	0.91636589495506
ZNF76	0.767745174542939	26	0.442638592158565	0.916926521856558
MYBL1	-0.765557568295901	8	0.443939600109154	0.918683172470779
ZNF677	-0.764747963434341	4	0.444421639368609	0.918710750166673
ATAD2B	0.763559134416844	62	0.445130009953978	0.918710750166673
TBX20	0.760725491142819	6	0.446821045878679	0.918710750166673
DUX4	-0.759478168014019	14	0.447566569084343	0.918710750166673
ZNF286A	0.758735305488773	10	0.448010912676661	0.918710750166673
DLX1	0.756852008839219	22	0.449138529894058	0.918710750166673
FOXB2	-0.756705533879389	46	0.449226298694001	0.918710750166673
EBF3	0.75652601063884	6	0.449333883519059	0.918710750166673
ZNF823	-0.75606657172613	3	0.449609282970261	0.918710750166673
IRF7	0.755994784796994	55	0.449652322537805	0.918710750166673
DPRX	0.755306466879271	35	0.450065119363993	0.918710750166673
ZNF827	-0.755168139919773	9	0.450148102475342	0.918710750166673
NEUROD2	-0.755061516156627	45	0.450212072579462	0.918710750166673
UBTFL1	0.754366284059025	31	0.450629311015053	0.918710750166673
MAZ	-0.753906075820952	49	0.450905622012339	0.918710750166673
CBX3	-0.753414058028326	82	0.451201137655821	0.918710750166673
ZFY	-0.751276896369711	29	0.452486030502623	0.920146823960964
KAT5	-0.750732148892116	45	0.452813870963039	0.920146823960964
FOXD4	0.749206823181185	20	0.453732557283553	0.921090716887934
KLF13	0.748075140848766	8	0.454414835528363	0.92155328645152
WDR75	-0.74478200619643	139	0.456403514395882	0.924216379670861
NSD1	0.744391840517271	15	0.456639453861047	0.924216379670861
ZBTB33	0.74089866199243	24	0.458754886837541	0.926844599852725
JUNB	-0.740215287249666	28	0.459169373046716	0.926844599852725
ZFP82	-0.739379313772217	2	0.459676699910851	0.926844599852725
ZBTB12	-0.739025995322573	15	0.459891212437648	0.926844599852725
NKX6-1	-0.738479479998342	62	0.460223132175392	0.926844599852725
EID1	0.736963276499936	59	0.461144682123516	0.92777918189136
E2F2	-0.735937534164933	77	0.461768713647471	0.92811392594358
ZNF648	-0.731471715113896	36	0.464491075035904	0.930326271979089
HOXA9	0.729817337255684	5	0.465501845528563	0.930326271979089
FHL2	0.728765870393648	86	0.466144891993133	0.930326271979089
LBHD1	-0.728385335114393	43	0.466377737769687	0.930326271979089
ZNF426	-0.728384071595459	2	0.466378511011962	0.930326271979089
STAT2	0.727974493885435	57	0.466629199920828	0.930326271979089
SMARCB1	-0.726982955797985	102	0.467236396955047	0.930326271979089
GABPB1	-0.726680044205559	48	0.46742198095688	0.930326271979089
HCFC1	0.726311613818579	53	0.467647761241522	0.930326271979089
SP3	0.725722196184794	48	0.468009091851155	0.930326271979089
YAP1	0.724980225870306	28	0.468464161591075	0.930326271979089
ATOH8	-0.723822477763303	32	0.46917472775898	0.930326271979089
TFAP2C	-0.723554513825466	26	0.469339275136439	0.930326271979089
ZNF717	-0.722847263087253	5	0.469773726555163	0.930326271979089
MNT	0.721594693430529	21	0.470543702667114	0.930326271979089
NACC1	0.721546629263889	52	0.470573262411857	0.930326271979089
GTF2H2	-0.721392556180805	10	0.470668025172853	0.930326271979089
ZNF212	0.71950604399987	10	0.47182917958871	0.931257141043034
MAGEB18	-0.718653860363711	24	0.472354218660842	0.931257141043034
CREB5	0.717940111506274	11	0.472794214168617	0.931257141043034
ZNF483	0.717645708137191	3	0.472975766900555	0.931257141043034
MKX	-0.714863050230284	2	0.474693670783543	0.931719693045327
LHX8	0.71479637182977	15	0.474734877405043	0.931719693045327
ZBTB32	-0.713783549767704	54	0.47536103330826	0.931719693045327
ARID3B	-0.713536627373099	10	0.47551375654612	0.931719693045327
ZNF8	-0.713249471270733	4	0.475691398459741	0.931719693045327
TBX22	-0.712803661839647	40	0.475967259366351	0.931719693045327
IL4	0.70956266116465	17	0.477975381089069	0.932500505463841
KLF14	-0.706486060006271	11	0.479885918693478	0.932500505463841
EMX2	-0.706146937345429	6	0.480096764906633	0.932500505463841
ZBTB11	0.705065494891516	63	0.48076947844567	0.932500505463841
RLF	0.704538341632426	9	0.481097581283762	0.932500505463841
BRCA1	-0.704484478728294	69	0.481131112689678	0.932500505463841
TFDP3	0.704111046371164	27	0.481363621439514	0.932500505463841
ZNF397	0.70377433268643	12	0.481573320605127	0.932500505463841
PHF14	0.702538147500069	10	0.482343620351515	0.932500505463841
MDM2	0.702409304306559	70	0.482423944482805	0.932500505463841
ZKSCAN2	-0.701521011769564	5	0.482977926491767	0.932500505463841
KLF2	0.700415149315924	14	0.483668078107926	0.932500505463841
MTA2	-0.696594204962353	61	0.486056783515921	0.932500505463841
SAFB2	0.696145014489039	17	0.486338018437769	0.932500505463841
ZNF726	-0.695860190900691	15	0.486516390005635	0.932500505463841
ZNF45	-0.695837712786714	1	0.486530468492657	0.932500505463841
MAGEB4	0.695666914106162	33	0.486637450275066	0.932500505463841
NELFCD	-0.695161063787822	74	0.486954370202083	0.932500505463841
PHOX2A	0.695009583445942	12	0.487049295733394	0.932500505463841
ZNF213	0.694902904401366	38	0.487116152418485	0.932500505463841
DNMT3A	-0.694422672035321	20	0.487417179589675	0.932500505463841
HESX1	0.69439791860156	21	0.487432698666583	0.932500505463841
THAP7	-0.693554558465807	153	0.487961599628214	0.932500505463841
ZNF749	0.693507134989652	8	0.487991349758557	0.932500505463841
ZNF133	-0.693358642042044	28	0.48808451004574	0.932500505463841
KDM3A	0.692786191603202	8	0.488443739062486	0.932500505463841
SP2	0.692248822048326	22	0.488781083485238	0.932500505463841
ZNF165	-0.690646035810865	20	0.489788009692415	0.932881367331646
KDM2A	0.690466741436487	34	0.489900718051382	0.932881367331646
PHC3	0.687758585595499	18	0.491604820002593	0.934461975362129
PRDM15	-0.686495039832459	14	0.492400991115974	0.934461975362129
NR2F1	-0.686363766601216	9	0.492483747145001	0.934461975362129
ZNF772	0.68580769096694	3	0.492834385773536	0.934461975362129
MAF1	-0.685490154346472	75	0.493034671418875	0.934461975362129
LCOR	0.684220861861325	27	0.493835710714543	0.935106275750788
ZNF57	-0.681849225774638	24	0.495334293925455	0.936056194228341
CXXC1	0.68073336511609	80	0.496040220325016	0.936056194228341
ACTR5	-0.679930537960144	16	0.496548444324206	0.936056194228341
FOXA1	-0.677249276290333	54	0.498247807894885	0.936056194228341
USF1	0.676071565104039	42	0.49899520908903	0.936056194228341
PRDM14	0.675372917869257	50	0.499438867226877	0.936056194228341
CEBPG	-0.674474208734285	5	0.500009877476699	0.936056194228341
EID2B	0.674192394779549	24	0.500189004120485	0.936056194228341
ZNF668	0.673305074233879	62	0.500753225250786	0.936056194228341
CBX8	-0.673107010868114	32	0.500879213981883	0.936056194228341
ZSCAN22	0.671617158613044	12	0.50182745190691	0.936056194228341
NKX2-2	-0.671616776303405	33	0.501827695355264	0.936056194228341
ZNF2	-0.671192432406589	21	0.502097948954809	0.936056194228341
MT-RNR1	0.670783018908848	56	0.502358766739817	0.936056194228341
ZNF783	0.66987133829455	21	0.502939812253284	0.936056194228341
ZNF496	0.668626068031283	19	0.503734039450265	0.936056194228341
MAGEA12	-0.667844004963236	24	0.504233173645648	0.936056194228341
LIN9	-0.667789471761172	150	0.504267987964995	0.936056194228341
PCGF5	-0.665029736713559	18	0.506031473500514	0.936056194228341
ID4	0.665006367027302	23	0.506046420698643	0.936056194228341
TBX19	0.66461396295164	12	0.50629743614592	0.936056194228341
NR0B1	0.66406328625233	15	0.506649806801559	0.936056194228341
IRF1	-0.664011966720016	83	0.506682652049961	0.936056194228341
OSR1	0.662746124457035	9	0.507493163713037	0.936056194228341
SUPT4H1	-0.662445110452411	45	0.507686001424083	0.936056194228341
PHF21A	0.662124330059663	39	0.50789154434517	0.936056194228341
ZNF345	-0.66194172812957	5	0.50800856767544	0.936056194228341
TRIM28	-0.661043367355247	49	0.508584502310724	0.936056194228341
DLX3	-0.660891301174789	61	0.508682025048831	0.936056194228341
JDP2	0.660534349830738	36	0.508910982780074	0.936056194228341
MYSM1	0.660497327080124	43	0.508934733210797	0.936056194228341
SFMBT2	0.659624063641374	48	0.50949510800855	0.936056194228341
NOBOX	0.659151140336589	24	0.509798718580315	0.936056194228341
ZNF688	-0.658167709041807	75	0.510430371637454	0.936056194228341
CCNL2	0.657676063092797	100	0.51074630675844	0.936056194228341
MED10	-0.657229300363013	35	0.511033488217101	0.936056194228341
ZNF718	0.655744797946855	4	0.511988339777292	0.936056194228341
ZFP90	0.655408644631216	5	0.512204687205272	0.936056194228341
HDGFL2	-0.654991328986538	27	0.512473336826964	0.936056194228341
ZBTB10	-0.653039506695829	23	0.513730809532455	0.936056194228341
EAF1	0.652943093835798	16	0.513792965661095	0.936056194228341
FOXN2	0.652795242873675	85	0.51388829087265	0.936056194228341
ZNF160	0.65109981129885	4	0.514982058324231	0.936056194228341
ZSCAN20	-0.650540283854078	3	0.515343289399602	0.936056194228341
GSX1	-0.650013999648875	47	0.515683178653611	0.936056194228341
RFXAP	0.64939620688346	21	0.516082315107347	0.936056194228341
TOX	0.648461408083437	80	0.516686563673521	0.936056194228341
ZNF658	-0.647621203961722	3	0.517229979448926	0.936056194228341
ZNF589	0.647052079437082	6	0.517598238095072	0.936056194228341
DOT1L	0.646993552385301	68	0.517636116397622	0.936056194228341
ZNF683	-0.645184110803848	23	0.518807881747702	0.936056194228341
NOC2L	0.644816077681187	94	0.519046381679562	0.936056194228341
ZFP28	-0.643843094655689	10	0.519677185526125	0.936056194228341
GPS2	0.643726462829441	52	0.519752826749356	0.936056194228341
ZNF184	-0.643355390665155	5	0.519993522270836	0.936056194228341
NRF1	0.642580893812478	5	0.520496083867523	0.936056194228341
VAX1	-0.642212665597748	34	0.520735110439944	0.936056194228341
KAT8	-0.6415484224963	40	0.521166430977037	0.936056194228341
SALL1	-0.640927523065095	36	0.521569772918158	0.936056194228341
NELFB	0.638878709454405	129	0.522901839349298	0.936868361380218
N4BP2L2	0.638810456429611	58	0.522946245109668	0.936868361380218
EPC1	0.637212032512491	7	0.523986741088464	0.937426357512585
ZNF736	-0.635266346796789	2	0.525254718280174	0.937426357512585
DDIT3	0.633816147532624	41	0.526200813810484	0.937426357512585
MED26	-0.63355976653358	15	0.526368164751031	0.937426357512585
POU4F2	0.633372647892832	18	0.526490322323237	0.937426357512585
IRX4	-0.632821328808183	26	0.526850326806173	0.937426357512585
BRD7	-0.632110241905825	39	0.527314843175214	0.937426357512585
ZNF646	0.631823740948248	28	0.527502058492658	0.937426357512585
HOXB8	0.631275985233593	23	0.527860086220845	0.937426357512585
ZNF304	0.630891580418363	5	0.528111417392085	0.937426357512585
ZNF710	0.630160794255644	27	0.528589387353068	0.937426357512585
NKRF	-0.629640073778193	21	0.528930098399987	0.937426357512585
ASCL5	0.628542234377827	77	0.529648788408857	0.937426357512585
CEBPD	-0.628419607819018	14	0.529729095517467	0.937426357512585
HSFX2	0.62629160521769	29	0.531123691560323	0.938064421636899
ING5	-0.625938397477292	50	0.531355347911888	0.938064421636899
ING3	0.625331330132438	29	0.531753621381358	0.938064421636899
NKX2-6	-0.625047498786897	41	0.531939884064316	0.938064421636899
SERTAD3	-0.621744969387904	21	0.534109576877088	0.940119571891516
ZNF599	-0.621675317286313	6	0.534155384923862	0.940119571891516
BICRAL	0.620999076013733	16	0.534600231123729	0.940119571891516
HMGB1P1	-0.620453044067478	5	0.534959559153259	0.940119571891516
BHLHA9	-0.619597000642869	30	0.535523141929286	0.940295179075838
OVOL2	0.618228093487393	48	0.536424993754065	0.940645054648926
NSMCE3	-0.617886644617981	28	0.536650063229195	0.940645054648926
ZNF875	0.617104800539043	1	0.537165602500221	0.94073561474132
PBX1	0.613868019186972	51	0.539302544942361	0.941488212112001
MED29	0.61196138723229	16	0.540563304858299	0.941488212112001
MEIS3P2	-0.611891560978611	9	0.54060950540857	0.941488212112001
HEY1	0.610112266533181	9	0.541787441464821	0.941488212112001
ABRA	0.609928661788894	10	0.541909065119755	0.941488212112001
RFX7	0.609761171274954	15	0.542020026248887	0.941488212112001
NFE2	0.609170270982366	39	0.542411583483977	0.941488212112001
ZNF888	0.608218883753536	6	0.543042311819467	0.941488212112001
ATAD2	-0.606424879981591	60	0.544232651241183	0.941488212112001
TCF24	-0.604606752192704	32	0.545440319138841	0.941488212112001
HMGA1	-0.604453630721047	39	0.545542088776961	0.941488212112001
ZNF74	-0.603503752592842	27	0.546173619874025	0.941488212112001
SOX6	0.602870255219603	13	0.546595005002168	0.941488212112001
ZNF574	0.602857412531885	32	0.546603549271858	0.941488212112001
ZNF280D	0.601929266983931	11	0.547221221732223	0.941488212112001
BCORP1	-0.601690422949347	26	0.547380226130672	0.941488212112001
ZNF548	0.600721723962414	2	0.548025347308428	0.941488212112001
NCOR1	0.600713314873667	30	0.548030949125335	0.941488212112001
GPBP1L1	0.599953781549031	33	0.548537038177171	0.941488212112001
ZNF729	0.599842413064251	19	0.548611264153149	0.941488212112001
ZNF826P	0.599319798293814	2	0.548959647869314	0.941488212112001
ZNF491	-0.599271687484705	4	0.548991724823271	0.941488212112001
ZNF395	-0.597089801958285	22	0.550447426216458	0.941488212112001
CRTC1	0.596563156989466	16	0.550799075510317	0.941488212112001
SFMBT1	0.596157914444285	8	0.551069737687206	0.941488212112001
PCGF2	0.594967031530916	20	0.551865508749757	0.941488212112001
MED13	0.594869408660528	30	0.551930767268721	0.941488212112001
NFIB	0.594271620049009	8	0.552330457085597	0.941488212112001
ZNF248	0.593824753688386	16	0.552629330941631	0.941488212112001
ZNF358	-0.593791652454327	67	0.552651472916463	0.941488212112001
ING1	0.593545052631297	20	0.552816441402575	0.941488212112001
CREB3L3	-0.593057681434377	62	0.553142550320282	0.941488212112001
BBX	0.592520644699918	31	0.553502000520564	0.941488212112001
MXI1	0.592333291848673	3	0.553627426720084	0.941488212112001
ZNF695	-0.592009982377053	71	0.55384390387062	0.941488212112001
ZNF790	-0.589655359388329	6	0.555421729159415	0.943115948426185
ZNF354B	-0.588648334733778	19	0.556097202740118	0.943115948426185
ZNF644	0.588399064757862	60	0.556264465355225	0.943115948426185
DBX2	0.586822833995741	14	0.557322699554219	0.943115948426185
EGR3	-0.585866970486137	7	0.557964914838121	0.943115948426185
HMGB1	-0.585733121549195	50	0.558054872544224	0.943115948426185
TFE3	0.58573029214571	30	0.558056774216678	0.943115948426185
PIAS1	0.58493785258986	21	0.558589505359612	0.943162106528771
ZNF721	0.584306340873995	15	0.55901422684792	0.943162106528771
ZNF439	-0.5826977555763	4	0.56009678440689	0.943640447475721
ZNF556	-0.582502359844914	17	0.560228352446138	0.943640447475721
FOXP2	-0.581727579810603	5	0.560750191322437	0.943650453536621
RBAK	0.581112084358687	14	0.561164914677103	0.943650453536621
PRDM5	-0.579743477973709	12	0.562087618829527	0.943813678326526
ZKSCAN4	0.579114979463945	6	0.562511593272668	0.943813678326526
HMX1	-0.578800284719717	29	0.562723939008937	0.943813678326526
GATAD2A	-0.577295978116838	15	0.563739530128218	0.943813678326526
HSFX3	0.576563760201569	29	0.564234186223249	0.943813678326526
PAX7	0.576379868848115	47	0.564358448427413	0.943813678326526
MCRS1	-0.574960740576051	85	0.565317848831793	0.943813678326526
NFIA	-0.571670148732663	15	0.567545461556807	0.943813678326526
SOX4	-0.571333106470143	15	0.567773864170122	0.943813678326526
NPAT	-0.571072889198236	40	0.56795023506877	0.943813678326526
BRWD3	0.570212919954708	19	0.568533294189846	0.943813678326526
RSF1	0.570167803011484	49	0.5685638913739	0.943813678326526
STAT4	-0.569592306234785	35	0.568954247953077	0.943813678326526
TCF7L2	0.569484783874988	16	0.569027194022561	0.943813678326526
MAGEB6B	-0.569471303434597	38	0.569036339832106	0.943813678326526
MDFIC	0.569256792452289	3	0.56918188433085	0.943813678326526
TADA1	0.569170720650271	50	0.569240288562788	0.943813678326526
TFAP2B	-0.568341142952683	34	0.569803347184308	0.943813678326526
TGIF2	-0.567897725986227	16	0.570104416148912	0.943813678326526
L3MBTL1	-0.566899313763	17	0.57078259043862	0.944017234566529
SIN3A	-0.566344907528321	27	0.571159338248444	0.944017234566529
SOX10	-0.565661593808854	11	0.571623848149752	0.944017234566529
LIN37	-0.564596432760298	12	0.572348292176032	0.944172067355872
GSC2	-0.56404478130735	45	0.572723656162569	0.944172067355872
ZNF705A	-0.563215459339462	40	0.573288177189866	0.944172067355872
ASCC1	-0.56278708571916	102	0.573579875237887	0.944172067355872
GATA4	0.56168579999018	53	0.574330110863523	0.944640279668471
FHL5	0.555061365452255	6	0.578852687462695	0.947000198328748
SIX5	0.554839495137685	31	0.579004449947458	0.947000198328748
DMTF1	0.554250857271316	36	0.579407177235312	0.947000198328748
GATA6	0.553483156366049	58	0.579932611194843	0.947000198328748
RUNX1T1	-0.552674842497177	40	0.580486083034129	0.947000198328748
ZNF143	0.551405336195717	21	0.581355843489785	0.947000198328748
ZNF787	-0.551402247897762	11	0.581357960078492	0.947000198328748
PURA	0.551321288384134	35	0.581413447588218	0.947000198328748
GLI1	0.551260149806739	14	0.581455351993818	0.947000198328748
FOXJ1	-0.550750283528707	48	0.58180486953746	0.947000198328748
ALX4	0.550646731761412	37	0.581875867123615	0.947000198328748
ARID5A	-0.550417808261355	26	0.582032836956951	0.947000198328748
ZNF518A	0.548249547214495	12	0.583520565146226	0.947000198328748
ETV3L	0.54822670901268	18	0.583536244750497	0.947000198328748
ZNF573	0.548093163210734	3	0.583627934766244	0.947000198328748
SP100	0.547862298934141	40	0.583786457630922	0.947000198328748
ZNF408	0.547303828710768	44	0.584170013899595	0.947000198328748
PAXBP1	-0.547303498554394	15	0.584170240685041	0.947000198328748
RHOXF2B	0.545044681494717	18	0.585722787487993	0.948758636601957
ZNF197	0.543965745973144	14	0.586465044718724	0.949202801827273
MAGEB3	0.542538998079821	35	0.587447249626758	0.950034308008824
HDAC10	0.541848621932989	71	0.587922793030922	0.950045756387817
KDM7A	0.540209529244247	14	0.589052541696378	0.951113498853706
ZNF75D	0.538824718311292	13	0.590007806063216	0.951898035557838
PHF20	-0.537054595925871	49	0.591229902415581	0.953050423038021
ZNF441	0.536429173184428	2	0.59166197367104	0.953050423038021
SCMH1	-0.535557728507573	15	0.592264250096064	0.95326341205938
SNAI3	0.53480428351051	22	0.59278520073518	0.953345271285443
ZNF99	0.532779378439742	4	0.594186310324642	0.954286209256118
SIN3B	0.532127996479831	43	0.594637348223162	0.954286209256118
HSF1	-0.531461082348954	71	0.595099303099618	0.954286209256118
DCAF6	0.529826379300483	12	0.596232313712376	0.954286209256118
MED31	-0.52970871625074	155	0.596313903724062	0.954286209256118
MTA3	0.529265026761963	22	0.59662161300251	0.954286209256118
HEXIM2	-0.529203688200016	69	0.596664158450078	0.954286209256118
TP73	0.527677126116007	37	0.597723451920551	0.955227076828114
KANSL3	0.526022053030701	16	0.598872884588056	0.955340046910197
DUXA	0.525454951669213	25	0.599266961542881	0.955340046910197
HDAC8	-0.524033320874485	10	0.600255364356433	0.955340046910197
NELFA	-0.523947639320771	42	0.60031495885092	0.955340046910197
ZNF117	0.523499909365361	10	0.600626414085272	0.955340046910197
ZNF324B	0.523455930759668	4	0.600657010944446	0.955340046910197
NPAS3	-0.521082104874105	10	0.602309576503149	0.955340046910197
TBXT	-0.520499914118482	58	0.602715187738357	0.955340046910197
MLF2	0.520457477229306	53	0.602744758249592	0.955340046910197
ZNF750	0.519828546184271	18	0.603183081162739	0.955340046910197
SOX2	0.519725346557948	25	0.603255018098442	0.955340046910197
ZNF444	0.519320058298986	32	0.603537568031074	0.955340046910197
SATB1	0.518671406791368	3	0.603989904341871	0.955340046910197
ZNF136	0.517837758248017	2	0.604571471596674	0.955340046910197
ZNF705D	-0.517423918603012	29	0.604860266386929	0.955340046910197
ZNF84	0.51654006902153	12	0.605477261019115	0.955570338791258
LIMD1	0.515049484908707	18	0.606518440845502	0.955667303121326
ATP1B4	0.514460403437937	34	0.60693013750097	0.955667303121326
HOXA10	-0.513352096205426	2	0.607705048286606	0.955667303121326
SOX5	0.51195621385276	3	0.608681654438932	0.955667303121326
ZFP91	0.510680206664468	63	0.60957500273902	0.955667303121326
ZNF764	-0.510557033189663	3	0.609661268837314	0.955667303121326
PHF19	-0.510142939101679	21	0.609951324632468	0.955667303121326
MLLT1	-0.509791139066287	22	0.6101977941651	0.955667303121326
SIX6	0.508563790813155	30	0.611058014865576	0.955667303121326
RFX1	0.508085637873147	20	0.611393286908993	0.955667303121326
MXD3	-0.507601569342352	57	0.611732789835323	0.955667303121326
HES2	-0.507389437623627	81	0.611881595352485	0.955667303121326
TOX4	-0.50684857920041	37	0.612261067554031	0.955667303121326
CCNL1	0.506467900516254	57	0.612528218283109	0.955667303121326
GABPB2	0.506355303956146	3	0.612607245590594	0.955667303121326
ZNF283	-0.505063173052384	6	0.613514466223789	0.956346915835391
ZNF140	0.504253082686891	6	0.614083542522482	0.956498789735479
HNF1A	-0.50259078299379	27	0.615252010816958	0.956886047027835
ZNF821	-0.502292770997802	8	0.615461593538916	0.956886047027835
PRDM1	0.501886050586483	24	0.615747678190989	0.956886047027835
RFX6	-0.499387241773839	30	0.617506605377409	0.95793035392887
ZFP3	-0.499061562332584	5	0.617736015133105	0.95793035392887
ZNF619	-0.498844959297701	2	0.617888611729359	0.95793035392887
TBX2	0.498248233873122	21	0.618309089394916	0.95793035392887
ELL2	0.497573884883116	30	0.618784414350814	0.957934955956832
FERD3L	-0.495258023242563	28	0.620417997570621	0.958000889408136
NFE2L2	-0.493529487517067	11	0.621638509773758	0.958000889408136
FOS	-0.49302117360187	15	0.621997626530523	0.958000889408136
TNIP2	0.492868674300942	61	0.622105382735008	0.958000889408136
TCF7	-0.492508168333061	48	0.622360148922833	0.958000889408136
NCOR1P1	0.492233855060282	31	0.622554033849777	0.958000889408136
ZNF577	-0.4919187571534	4	0.622776777710512	0.958000889408136
MDM4	0.491696082390692	35	0.622934208136418	0.958000889408136
TCF4	0.490616855009901	64	0.623697462957497	0.958000889408136
URI1	-0.48983001444212	13	0.624254189830194	0.958000889408136
KDM1B	-0.489201308815847	30	0.624699183024231	0.958000889408136
ZSCAN1	0.488648204170061	38	0.625090779591774	0.958000889408136
PAX4	-0.487812782770282	37	0.625682456300606	0.958000889408136
NPAS4	0.487690917339796	28	0.625768786124334	0.958000889408136
PRDM10	0.486529592374389	8	0.626591729378346	0.958000889408136
ZNF594	-0.485888350808977	3	0.627046328189055	0.958000889408136
MAGEB10	-0.485448216157161	21	0.627358437195789	0.958000889408136
ZSCAN10	-0.483892540763581	15	0.628462134434965	0.958000889408136
HOXD9	0.483517249518801	37	0.628728514953494	0.958000889408136
SOX15	0.482932192583136	18	0.629143882897433	0.958000889408136
IKZF1	-0.481542246758606	163	0.63013116149611	0.958000889408136
ZNF354A	-0.481087997785393	10	0.630453957954292	0.958000889408136
CCAR1	-0.480723919326115	57	0.630712728763782	0.958000889408136
MAGEA13P	0.480684587142768	36	0.630740687045381	0.958000889408136
ZNF468	0.480231594199354	6	0.631062723644273	0.958000889408136
CSRNP1	0.478808045002658	24	0.632075192886161	0.958000889408136
ZSCAN9	-0.477919350391222	2	0.632707608228566	0.958000889408136
PBX3	0.477527246328007	13	0.632986723858301	0.958000889408136
ZNF101	0.476974389136328	18	0.633380358900536	0.958000889408136
ZNF189	0.476464399750832	14	0.633743564063273	0.958000889408136
ZNF526	-0.476403281134466	6	0.633787097554351	0.958000889408136
ZNF551	-0.476183870759702	1	0.63394338934207	0.958000889408136
TET1	0.474648766883433	19	0.635037340747499	0.958360123518464
BEND3	-0.474524072862632	57	0.635126235704544	0.958360123518464
MAGEB5	-0.473417478968732	39	0.635915362074034	0.958837438130959
ETV4	-0.470110776191125	24	0.638275875503746	0.961681631145317
ZNF362	-0.469125643983749	26	0.63897983008377	0.961712862314732
MED14	-0.468289852652909	12	0.6395773240143	0.961712862314732
ZMYND11	-0.467767840526387	10	0.639950620867561	0.961712862314732
ADCYAP1	0.466884071891695	23	0.640582821721275	0.961712862314732
MTA1	-0.466765459126506	65	0.640667690822092	0.961712862314732
BHLHE23	-0.466022284445236	19	0.641199549668197	0.961750827259623
ZNF276	0.464936371755318	79	0.641977022894363	0.961750827259623
WWC2	0.464742749677384	8	0.642115690389315	0.961750827259623
MED27	-0.463573644855454	127	0.642953240262597	0.962294591330292
ZNF654	0.46217599127086	20	0.643955118879332	0.962421956554351
SOX12	-0.462130871406723	62	0.643987472901506	0.962421956554351
ZNF3	-0.461261946610785	19	0.644610682823925	0.962643935763563
SETBP1	0.455334267617283	8	0.648868776852142	0.964853092784936
TCF12	0.455216203038734	4	0.64895370474928	0.964853092784936
MAGEE2	-0.454854013984567	6	0.649214268222997	0.964853092784936
CREB3	0.454729860797297	196	0.649303595507437	0.964853092784936
BRD1	0.454605170557257	26	0.649393314273291	0.964853092784936
TRIP4	0.45429977991766	52	0.64961307445328	0.964853092784936
ZNF876P	0.454207271105366	5	0.649679650138386	0.964853092784936
HIC2	0.453906511453759	14	0.649896116737783	0.964853092784936
NR2E3	0.452173654440841	62	0.651143886027008	0.965471945562697
NFYB	-0.452005390131992	11	0.651265099373653	0.965471945562697
HIF3A	-0.45127320221839	29	0.651792656310269	0.965548215483729
TET2	0.450431725894195	37	0.652399173171983	0.96574125780495
MAGEC2	0.448566579157346	28	0.653744347365947	0.966106369740703
ZNF544	0.447444118572724	2	0.65455442712774	0.966106369740703
MZF1	0.447132552081446	47	0.654779356845356	0.966106369740703
ZNF606	-0.446648472881841	16	0.6551288911126	0.966106369740703
ZNF765	-0.446446998868884	3	0.655274389733891	0.966106369740703
ZNF584	-0.445290880401559	41	0.656109557457632	0.966106369740703
BATF	-0.444900817136815	41	0.656391432096263	0.966106369740703
RXRB	0.443777771071714	12	0.657203261216221	0.966106369740703
CHCHD2P9	0.442625009725678	21	0.658036991859294	0.966106369740703
ZBTB45	0.44136350455471	23	0.658949858679536	0.966106369740703
SUPT20HL2	-0.441119386613898	23	0.659126569234474	0.966106369740703
PPARGC1A	0.440405444131946	14	0.65964348259457	0.966106369740703
SP140L	0.440216172479999	13	0.659780547576934	0.966106369740703
NKAP	-0.440065051581297	40	0.659889993102004	0.966106369740703
NPAS1	0.439023680491145	34	0.66064437781387	0.966106369740703
ZNF655	-0.438948971987306	5	0.660698511035491	0.966106369740703
NONO	-0.438885716930305	21	0.660744346563291	0.966106369740703
CBX5	0.437248981674271	9	0.66193079058462	0.967117416365662
POU1F1	-0.436616366321397	7	0.66238959138654	0.967117416365662
ZSCAN5A	0.432741799644345	3	0.665202359293259	0.968932255348187
ZNF260	-0.430402294230274	3	0.66690302674291	0.968932255348187
PHF20L1	-0.429979042086693	43	0.66721088661582	0.968932255348187
ZNF850	0.429788673159969	1	0.667349373066202	0.968932255348187
ZNF462	0.42924037635889	1	0.667748302291834	0.968932255348187
ATXN7L3	0.428341416126622	40	0.668402569996136	0.968932255348187
LHX5	-0.427859777930732	33	0.668753212353852	0.968932255348187
ZNF829	-0.427416657790349	2	0.66907587661663	0.968932255348187
ZNF488	0.42731093939736	42	0.669152866007218	0.968932255348187
SMARCE1	-0.426150849623321	14	0.669997929400219	0.968932255348187
SALL4	0.425580928098382	29	0.670413239900712	0.968932255348187
BHLHA15	-0.4241132099595	43	0.671483252010574	0.968932255348187
TCF7L1	0.423776354553573	15	0.671728924137612	0.968932255348187
ZNF705B	-0.423713250091254	36	0.671774950775054	0.968932255348187
ZNF502	-0.423304527677155	2	0.672073091314334	0.968932255348187
EVX2	-0.422887542995601	29	0.672377311885114	0.968932255348187
ZNF587	-0.422757520614882	14	0.672472183617616	0.968932255348187
ZNF34	-0.421734115708704	11	0.673219100071267	0.968932255348187
ZFP62	-0.419008131857542	11	0.675210189341265	0.968932255348187
PHF10	-0.418257341608276	10	0.675758975174145	0.968932255348187
ZNF773	0.415802737121721	2	0.677554355815812	0.968932255348187
THRA	-0.415252767596676	10	0.677956873828598	0.968932255348187
SPIN3	-0.414542990501028	41	0.678476489516138	0.968932255348187
MAGEA10	0.413781282118444	28	0.679034293307502	0.968932255348187
DUXB	0.413594324258424	30	0.679171230598469	0.968932255348187
FOXO6	-0.412111766345026	55	0.680257504790712	0.968932255348187
CBFA2T2	0.411438269893154	30	0.680751196882326	0.968932255348187
TRIM27	-0.411104880843812	23	0.680995631195129	0.968932255348187
HOXA7	-0.410927767496213	27	0.681125500856988	0.968932255348187
ZNF10	0.408172356822186	6	0.683147141242389	0.968932255348187
MESP2	-0.406902953251626	70	0.684079266834315	0.968932255348187
SPIN4	-0.40681566519936	5	0.68414338033709	0.968932255348187
ZNF300	-0.405789156250567	2	0.684897526908126	0.968932255348187
SMAD5	-0.404768579359109	40	0.685647626852636	0.968932255348187
PBX2	-0.403955140763699	4	0.686245707023041	0.968932255348187
HNF1B	0.403671109555545	55	0.686454587089907	0.968932255348187
ETV6	0.403396496653936	4	0.686656563590132	0.968932255348187
ZNF789	-0.403182893729796	53	0.686813683010175	0.968932255348187
NFXL1	0.401851441143981	13	0.687793361401252	0.968932255348187
ZNF445	-0.401493584713688	4	0.688056760432736	0.968932255348187
NFATC2	-0.401403919173901	17	0.68812276438482	0.968932255348187
ZFP42	0.400398078695653	44	0.68886333913507	0.968932255348187
ZNF215	-0.399558640331496	15	0.689481624639941	0.968932255348187
RORB	0.398647743354956	4	0.690152777380272	0.968932255348187
RORA	-0.39465538719002	11	0.693097231465115	0.968932255348187
ZFP57	0.394407546919943	25	0.693280172808286	0.968932255348187
NHLH1	0.394270265672718	25	0.693381513576557	0.968932255348187
ILF2	-0.393484283676574	77	0.693961829620424	0.968932255348187
ZNF449	0.392786402928841	10	0.694477248109467	0.968932255348187
TCFL5	-0.392414124683647	43	0.694752251301375	0.968932255348187
E2F7	-0.392135985677783	58	0.694957739744595	0.968932255348187
MEF2B	0.392060889824932	7	0.695013224227273	0.968932255348187
ZNF43	-0.391874672360295	3	0.695150817829766	0.968932255348187
SPINDOC	-0.391117079899197	30	0.695710696280206	0.968932255348187
ICE2	-0.390902547231987	71	0.695869271068115	0.968932255348187
MEOX1	-0.390702839956435	11	0.696016899414949	0.968932255348187
DMAP1	0.390557076352596	12	0.696124658594907	0.968932255348187
RCOR1	0.389273246084908	43	0.697074025130825	0.968932255348187
SIRT6	-0.388920654119007	84	0.697334842886436	0.968932255348187
HOXC11	0.387485440849702	30	0.698396861266097	0.968932255348187
ZNF132	0.384814198264318	10	0.700375078999584	0.968932255348187
E2F4	-0.384582786430246	90	0.700546549481569	0.968932255348187
TFCP2L1	-0.384302879187775	39	0.700753974262025	0.968932255348187
TBX4	-0.384283991015575	28	0.700767972113361	0.968932255348187
ZNF517	0.383486567358494	26	0.701359028116721	0.968932255348187
MAGEF1	-0.383330951002714	15	0.701474393141351	0.968932255348187
ING2	-0.383297972246436	18	0.701498842580185	0.968932255348187
ZIC1	-0.381669562445831	48	0.702706479622937	0.968932255348187
FOXA3	-0.380289366910655	64	0.703730627660947	0.968932255348187
BRMS1L	-0.380234635746316	63	0.703771250982801	0.968932255348187
STAT5B	0.380134405072992	24	0.703845647771259	0.968932255348187
PPARA	0.379692557019383	20	0.704173645789598	0.968932255348187
INSM1	0.379220639809023	34	0.704524025885247	0.968932255348187
HOXC8	0.379130764289595	3	0.704590762058665	0.968932255348187
OTX2	-0.37806124354763	43	0.705385098468787	0.968932255348187
PHC1	-0.377813697521609	9	0.705568997489738	0.968932255348187
LHX2	-0.377243356415225	12	0.705992762616524	0.968932255348187
SOHLH1	-0.375974621246987	24	0.706935763460126	0.968932255348187
NR1I3	0.375822832426685	14	0.707048612267483	0.968932255348187
ZFP37	-0.375733372713554	2	0.70711512493691	0.968932255348187
ZNF596	-0.373867395259046	62	0.70850297506425	0.968932255348187
BCLAF3	-0.373643964034657	29	0.708669220568551	0.968932255348187
DEAF1	0.373026336062001	36	0.709128843002528	0.968932255348187
MYNN	-0.372870281270969	72	0.709244991624642	0.968932255348187
PKNOX1	-0.371951298074622	16	0.70992911040387	0.968932255348187
ZNF296	-0.370598165300809	20	0.710936848787245	0.968932255348187
PCBP1	-0.370363666621135	192	0.711111541857239	0.968932255348187
GATA2	-0.370100240431157	21	0.711307802975763	0.968932255348187
TBX6	-0.369918501226216	31	0.711443215776812	0.968932255348187
ZNF792	0.369870685282448	4	0.711478844665106	0.968932255348187
GBX1	0.369734864963846	18	0.711580051311032	0.968932255348187
NSD3	0.368214240778629	26	0.712713492553685	0.968932255348187
EPC2	0.367308491813361	9	0.713388920573874	0.968932255348187
SUPT16H	-0.366297490177726	48	0.71414310220588	0.968932255348187
GATA1	0.365930245041975	18	0.714417126983169	0.968932255348187
MLXIP	-0.364338578941471	11	0.715605194814061	0.968932255348187
CBFA2T3	0.364287381472801	55	0.715643421611154	0.968932255348187
ZNF227	0.363990540007288	1	0.715865073539906	0.968932255348187
CDK5	-0.363774265279746	104	0.716026581257823	0.968932255348187
FOXD4L3	-0.363575533692459	8	0.71617499946845	0.968932255348187
MSANTD1	0.363556222159174	12	0.716189422423969	0.968932255348187
ZNF621	0.363226638048799	26	0.716435590260532	0.968932255348187
BCORL1	0.36316991708835	14	0.716477958371018	0.968932255348187
WWC1	-0.362608865399745	16	0.716897086771757	0.968932255348187
SP8	0.361743572630987	47	0.717543662756708	0.968932255348187
HEXIM1	0.360959929864182	8	0.718129401783124	0.968932255348187
HDGF	0.360486421079992	28	0.718483409424475	0.968932255348187
SPIN1	0.360357331667981	32	0.718579930555903	0.968932255348187
ZNF350	0.359100595633789	1	0.719519836035221	0.968932255348187
ZNF770	0.358271338220292	44	0.720140265193118	0.968932255348187
MED20	-0.358047301954184	27	0.720307915036257	0.968932255348187
ZNF653	-0.357013845021978	27	0.721081441018175	0.968932255348187
ZEB1	0.356443793224094	73	0.72150823786887	0.968932255348187
MYT1	0.355960605953894	46	0.721870067307525	0.968932255348187
FOXF1	-0.355045037157691	23	0.722555851504187	0.968932255348187
ZNF587B	-0.353981858149016	6	0.723352479231779	0.968932255348187
MAGEA9B	-0.352791658982519	53	0.724244637398706	0.968932255348187
BRWD1	0.352280428242559	22	0.724627964563605	0.968932255348187
MED12	-0.351601092962638	8	0.725137445416398	0.968932255348187
CIR1	-0.351556663814428	32	0.725170770172213	0.968932255348187
RARA	0.351209493613931	31	0.725431188361699	0.968932255348187
POU3F1	-0.350967218814738	21	0.725612941565552	0.968932255348187
MED4	-0.350933206150561	56	0.72563845891401	0.968932255348187
NFX1	0.350260135278648	19	0.726143480033711	0.968932255348187
FOXH1	-0.349848105777244	50	0.726452694360183	0.968932255348187
POU5F2	-0.349561045643105	57	0.726668149715382	0.968932255348187
CHUK	-0.349006030436051	56	0.727084782263843	0.968932255348187
ZNF730	-0.348880543408792	7	0.727178992639718	0.968932255348187
HDAC9	-0.348574159369529	7	0.727409030201216	0.968932255348187
NR1H3	0.348439793703806	61	0.727509921634672	0.968932255348187
HDAC6	0.348235621233345	14	0.727663238093969	0.968932255348187
TBR1	-0.348087724260413	28	0.727774303167092	0.968932255348187
HMGA2	0.34631787391517	40	0.729103837337444	0.968932255348187
ZNF451	0.345611446769038	25	0.729634742250282	0.968932255348187
ATMIN	0.344522198346758	10	0.730453604817634	0.968932255348187
SUPT20H	0.344379782132629	21	0.730560691568318	0.968932255348187
ZNF735	0.344128740818488	33	0.730749469369918	0.968932255348187
PAX6	0.343448660898984	32	0.731260957109153	0.968932255348187
ZNF410	-0.342775234340719	41	0.731767558595433	0.968932255348187
ZNF347	-0.342231035645561	1	0.73217703073525	0.968932255348187
ZFP2	0.342206497354605	4	0.732195495911603	0.968932255348187
FLI1	0.341723328646844	58	0.732559114150126	0.968932255348187
SKIL	-0.3416118816753	21	0.732642994313767	0.968932255348187
ZNF510	-0.341125737536551	9	0.733008926293456	0.968932255348187
SLTM	0.340810386491842	26	0.733246330803582	0.968932255348187
ZSCAN31	0.340622122586126	2	0.733388072958317	0.968932255348187
ASCL3	-0.339504774971639	16	0.734229500565029	0.969163990836256
ZNF692	0.339083033211716	65	0.734547179631277	0.969163990836256
MEIS1	-0.338485769931955	14	0.734997148868916	0.969163990836256
KLF8	0.337574319207562	13	0.735683997540658	0.96943934178847
HMX3	0.336369229105553	14	0.736592450603466	0.969669960201873
FOXN1	0.335991068048452	109	0.736877602006458	0.969669960201873
SAP18	-0.33378340198387	47	0.738543009134815	0.969669960201873
VGLL3	0.333501266318587	24	0.738755933727624	0.969669960201873
JADE3	-0.333290098584157	38	0.738915312737044	0.969669960201873
ZNF841	0.332830571955355	2	0.739262179569404	0.969669960201873
ZNF286B	-0.332297424701514	3	0.739664684316157	0.969669960201873
ZNF676	0.332271661496122	4	0.739684136307839	0.969669960201873
ATOH1	-0.330784335272402	82	0.740807394077063	0.969926722843477
FOXK2	-0.330604305702898	37	0.740943393465885	0.969926722843477
GLI4	-0.330112705912946	29	0.741314802962223	0.969926722843477
HNF4A	-0.328115200920025	73	0.742824561003142	0.970172151813008
HNRNPK	-0.327709581776722	102	0.743131257920998	0.970172151813008
NR2C1	0.327395668470994	7	0.743368642170453	0.970172151813008
CPHXL	-0.324997403682615	47	0.745183036690238	0.970172151813008
TADA3	-0.324501028016712	85	0.745558744087835	0.970172151813008
ELK1	0.32395091790779	20	0.745975193856767	0.970172151813008
ZFP69	-0.32370119691913	2	0.746164264597866	0.970172151813008
SOHLH2	-0.32364228072513	33	0.746208873924005	0.970172151813008
FOXN4	0.322746776344646	35	0.746887023840279	0.970172151813008
CCAR2	-0.321981155444476	111	0.74746697071327	0.970172151813008
ZFPM2	0.321110423710613	8	0.748126711297253	0.970172151813008
ZNF660	0.320671938712818	3	0.748459014782564	0.970172151813008
ZNF35	-0.320300233830216	19	0.748740745916261	0.970172151813008
LBX1	-0.320063612771373	43	0.748920108679791	0.970172151813008
ZNF582	-0.319921838018584	6	0.749027582848183	0.970172151813008
POU2F1	0.319751650078287	14	0.749156602435488	0.970172151813008
ZFX	0.318118841896271	22	0.750394791704593	0.970779942562966
BACH2	-0.317082343411911	2	0.751181122063821	0.970779942562966
PURB	0.316363150489222	7	0.751726883320519	0.970779942562966
RING1	-0.315565560761797	11	0.75233228140086	0.970779942562966
ZNF595	0.31504368932387	3	0.752728482300092	0.970779942562966
CAMTA1	-0.31457706014929	93	0.753082798855079	0.970779942562966
ZNF578	0.314040616258499	2	0.753490190740841	0.970779942562966
ZXDA	0.314005353950034	4	0.753516972420912	0.970779942562966
SREBF2	0.313456154495569	26	0.753934126990469	0.970779942562966
NR5A1	-0.312028569805108	34	0.755018810954106	0.971166332431458
ZNF33A	0.311557097987197	19	0.75537714318758	0.971166332431458
PHF8	0.310534001625924	18	0.756154907001682	0.971166332431458
LDB1	0.310376664614092	24	0.756274537458698	0.971166332431458
HIF1AN	0.309911046537425	14	0.756628602190189	0.971166332431458
ZNF671	0.309154656645575	3	0.757203884161733	0.971289991827953
ZBTB25	0.30825097039845	35	0.757891370619405	0.971368024598831
RNF4	0.307815569060448	19	0.758222674033505	0.971368024598831
ZNF195	-0.306414581924714	32	0.759289007208275	0.971515559712531
ZNF440	-0.306405478046985	10	0.759295937941007	0.971515559712531
MIER3	-0.304324681007522	41	0.760880543599132	0.972929219684136
MAX	-0.302866719255853	38	0.76199143503923	0.973387946617788
ZNF280C	-0.300910381590388	8	0.76348283364503	0.973387946617788
BRD3	0.300861478308618	21	0.763520125949166	0.973387946617788
ZNF302	0.300464959633607	5	0.763822520491224	0.973387946617788
NOTO	-0.299258957265048	28	0.764742467745789	0.973387946617788
ZBTB2	-0.299017966725358	8	0.764926336905061	0.973387946617788
ZNF546	-0.298013410310636	2	0.76569292846686	0.973387946617788
HNRNPU	0.296930960830473	32	0.766519218251993	0.973387946617788
ZNF230	-0.295863009944285	1	0.767334700822678	0.973387946617788
ZNF266	0.295543321429759	3	0.767578863714504	0.973387946617788
ZNF514	-0.295386618777978	32	0.767698554178559	0.973387946617788
ZNF709	0.294607647451727	22	0.768293619513884	0.973387946617788
ARGFX	0.293902730346268	17	0.768832231689052	0.973387946617788
VEZF1	0.29328191275873	12	0.76930667764084	0.973387946617788
RUNX3	0.292301350168882	36	0.770056226586047	0.973387946617788
HDAC1	-0.2918181223805	32	0.770425688384429	0.973387946617788
MTF2	0.291464635087577	15	0.770695987406117	0.973387946617788
NLRC5	-0.289534182293505	24	0.772172625780559	0.973387946617788
KLF12	0.288925510912983	9	0.772638380991707	0.973387946617788
HOXD13	0.288920985204307	27	0.772641844370021	0.973387946617788
ZNF557	-0.288590681417323	4	0.772894627385692	0.973387946617788
KCNIP3	-0.288524775305671	22	0.772945068522285	0.973387946617788
IKZF5	-0.287398963210092	44	0.77380685496768	0.973387946617788
ELL	0.287349388529391	12	0.773844809803524	0.973387946617788
ZGPAT	0.287212202600297	38	0.77394984344263	0.973387946617788
APBB3	0.286972595740145	48	0.774133303526979	0.973387946617788
E2F6	0.286858849323429	32	0.774220400304601	0.973387946617788
BATF2	-0.283663085388994	39	0.776668586713202	0.973387946617788
TEAD4	-0.283653221837931	39	0.776676146355888	0.973387946617788
DYRK1A	0.283390554190187	7	0.776877468403034	0.973387946617788
SREBF1	0.283341770710723	69	0.776914860230972	0.973387946617788
KLF7	0.282884168668978	11	0.777265630696237	0.973387946617788
NANOG	-0.282382273135298	21	0.777650406126743	0.973387946617788
ZNF737	0.281709315532809	9	0.778166410914898	0.973387946617788
ZNF561	0.281580810204587	19	0.778264956284206	0.973387946617788
ZNF609	0.279011255431508	15	0.780236187055566	0.973387946617788
ZNF433	0.278783005169828	3	0.780411357506749	0.973387946617788
MRGBP	-0.278759282918759	33	0.780429563765881	0.973387946617788
AR	-0.278503006036437	3	0.780626257804717	0.973387946617788
ZNF77	0.277908047151094	3	0.781082946414276	0.973387946617788
ZSCAN21	0.277650423552505	6	0.781280720933992	0.973387946617788
ZNF354C	0.274404185079893	1	0.783774027177516	0.973387946617788
ZBED6	0.273787047925831	9	0.784248277704601	0.973387946617788
SLC30A9	0.273283224234137	50	0.78463550981861	0.973387946617788
MLF1	-0.271180607223032	38	0.786252127528798	0.973387946617788
ZNF416	-0.270805962562257	3	0.786540273722159	0.973387946617788
KDM1A	0.270483572017168	39	0.786788253705821	0.973387946617788
ZNF780B	-0.268490310805133	2	0.788321932032874	0.973387946617788
NSD2	-0.267790014907483	54	0.788860957064975	0.973387946617788
ZKSCAN8	-0.267744202928128	25	0.788896222547376	0.973387946617788
VDR	0.267379033638354	22	0.789177340709314	0.973387946617788
MED12L	0.26640125152283	6	0.789930201468322	0.973387946617788
RFX4	0.266151089189469	34	0.790122849949281	0.973387946617788
NCOA3	0.264172557241909	35	0.791646956284426	0.973387946617788
ZNF616	0.263206228252404	9	0.792391630559648	0.973387946617788
CTBP2	-0.263073797919787	31	0.792493699046634	0.973387946617788
MYPOP	0.262854112507754	13	0.792663025783446	0.973387946617788
ZNF263	-0.262688614900738	18	0.792790592690363	0.973387946617788
POU4F3	-0.261975406194337	13	0.793340403193535	0.973387946617788
KDM3B	0.261958284862314	25	0.793353603242064	0.973387946617788
ZNF786	0.261503600470953	5	0.793704173321937	0.973387946617788
HSF4	0.261023247734515	71	0.794074579451676	0.973387946617788
TCF3	0.260545111626503	24	0.794443322435681	0.973387946617788
AIRE	-0.260122538682743	22	0.794769252838409	0.973387946617788
ZNF473	-0.259544499964622	12	0.795215151967413	0.973387946617788
CEBPB	-0.259467885132995	41	0.79527425768107	0.973387946617788
ZNF791	-0.257770777373675	1	0.796583818777597	0.973387946617788
BHLHE40	0.255267142306555	14	0.798516776092423	0.973387946617788
RXRG	0.254145035872375	45	0.799383511670279	0.973387946617788
ZNF44	0.253371901167738	6	0.799980838991222	0.973387946617788
ZNF547	-0.253352673629592	2	0.799995695765668	0.973387946617788
ARNT2	0.253064065887544	9	0.800218706493473	0.973387946617788
ZNF891	0.252801487092852	10	0.800421618487322	0.973387946617788
ISL2	0.252638705691539	21	0.800547417202028	0.973387946617788
ZNF558	0.250291918785326	1	0.802361605500829	0.973387946617788
ZNF71	-0.250049201722996	9	0.802549299393031	0.973387946617788
ZNF14	0.249429506211846	1	0.803028563590697	0.973387946617788
CHD8	0.248977448861563	35	0.803378225427093	0.973387946617788
SETD3	-0.248975661482275	50	0.803379608025244	0.973387946617788
ZNF560	0.248957133870467	37	0.803393939793983	0.973387946617788
ZNF519	0.248955892512887	26	0.803394900030721	0.973387946617788
ZNF211	0.248945197182332	3	0.803403173283132	0.973387946617788
PHIP	0.248759447110833	51	0.803546861670101	0.973387946617788
HES4	-0.248605480204148	38	0.803665968979952	0.973387946617788
ZSCAN5B	0.248586066599653	22	0.80368098748035	0.973387946617788
ZNF18	-0.24834710595688	8	0.80386585504217	0.973387946617788
ZNF727	-0.248249324668878	4	0.803941504923732	0.973387946617788
ZNF782	-0.248239816093452	22	0.803948861466074	0.973387946617788
SMAD6	-0.247712103393146	21	0.804357166531982	0.973387946617788
ETV7	-0.246760052587951	47	0.805093927989505	0.973387946617788
ZNF404	0.245225231436602	1	0.806282040860462	0.973387946617788
ZNF777	-0.245089021491389	17	0.806387503319232	0.973387946617788
DPF2	-0.245063912232279	40	0.806406944899339	0.973387946617788
PTOV1	-0.243773802477975	42	0.807406010924609	0.973387946617788
NUP107	-0.243688910160281	90	0.807471762903167	0.973387946617788
HMGB4	-0.243643860965832	39	0.807506655584252	0.973387946617788
FOXO3	0.241049975424603	9	0.809516383463785	0.973387946617788
MAGED2	-0.240801829056334	62	0.809708711948189	0.973387946617788
NKX3-1	0.240695563526386	30	0.809791077693716	0.973387946617788
ZNF318	0.240146001351358	16	0.810217073488575	0.973387946617788
YY1	-0.23984462280692	21	0.810450712413138	0.973387946617788
CBX2	-0.238900805775435	29	0.81118250073106	0.973387946617788
OVOL3	-0.237873553956153	31	0.811979167720098	0.973387946617788
ZNF251	-0.237249148507722	9	0.812463509516645	0.973387946617788
FOXD4L5	0.236375294313008	18	0.813141465347568	0.973387946617788
LEO1	-0.235072334078811	80	0.814152591286831	0.973387946617788
ZNF337	0.234317565573139	34	0.814738450114664	0.973387946617788
PPRC1	-0.234280308122001	25	0.814767372405493	0.973387946617788
IRX5	-0.233436607409299	27	0.815422389645616	0.973387946617788
FOXI1	-0.231832697132163	48	0.816667960168397	0.973387946617788
ZNF501	-0.231821699704054	3	0.816676502193913	0.973387946617788
TBL1XR1	-0.230940073989753	19	0.817361357555529	0.973387946617788
UBP1	0.230129466425277	34	0.817991168399976	0.973387946617788
TFDP1	0.228183879822382	48	0.819503292928372	0.973387946617788
ZNF292	-0.227875729900757	21	0.819742851098937	0.973387946617788
BRCA2	0.227189881471576	58	0.820276095413021	0.973387946617788
ZBTB24	-0.227159477105202	10	0.820299736607253	0.973387946617788
RFPL2	-0.225658366745204	52	0.821467141368845	0.973387946617788
SMARCA5	0.225488482313346	79	0.821599284459365	0.973387946617788
ZNF83	0.224140388496397	4	0.822648066382426	0.973387946617788
MAGEB1	-0.223155904235255	35	0.823414169878978	0.973387946617788
APBB1	-0.222604772252779	66	0.823843121922421	0.973387946617788
JADE1	0.22213321025752	28	0.824210185560218	0.973387946617788
TP53	-0.221368340683568	78	0.824805641411423	0.973387946617788
CIPC	-0.220536173838163	18	0.825453603134949	0.973387946617788
ZIM2	0.220440802126536	17	0.825527871350211	0.973387946617788
ZNF879	-0.219664498106632	5	0.826132455738666	0.973387946617788
ZBTB22	0.218721950745792	15	0.826866648745095	0.973387946617788
IRX1	-0.217854765831196	23	0.827542272231996	0.973387946617788
ZNF121	-0.217470402221189	13	0.82784177065343	0.973387946617788
SMAD4	-0.216878432248537	13	0.828303086149151	0.973387946617788
ZNF763	0.215776233042607	5	0.829162175198312	0.973387946617788
ZNF704	-0.215448794936414	22	0.829417430266721	0.973387946617788
ZNF700	-0.214428244996272	3	0.830213117543488	0.973387946617788
GATA5	-0.214058359331169	46	0.830501547563132	0.973387946617788
ZNF625	0.213734682490905	25	0.830753963531258	0.973387946617788
TPRX1	0.213619852875129	26	0.830843516393206	0.973387946617788
ZNF232	-0.213444210272045	75	0.830980500094217	0.973387946617788
ZSCAN23	0.211809646329377	2	0.832255542583254	0.973387946617788
EHMT2	-0.211644546167085	31	0.832384353658582	0.973387946617788
CDK16	-0.211443278115059	34	0.832541388993649	0.973387946617788
ZNF566	-0.211435689495943	2	0.832547309991318	0.973387946617788
MED23	0.210741074367667	30	0.833089321587058	0.973387946617788
SCRT1	-0.207814234792786	25	0.835374017498575	0.973387946617788
CDC5L	-0.207380840511971	40	0.835712444414708	0.973387946617788
GFI1	0.207303496695203	101	0.835772843496044	0.973387946617788
INO80	0.20695380280194	11	0.836045937394062	0.973387946617788
SAP30L	-0.206843695584985	11	0.836131929860369	0.973387946617788
TCF20	0.206603028300419	14	0.836319895050823	0.973387946617788
CRY1	0.206131346806284	17	0.836688313317761	0.973387946617788
MAGEA5	0.205334371113093	39	0.837310891863224	0.973387946617788
ZNF66	-0.203479241237435	2	0.838760469379927	0.973387946617788
POU5F1	0.203360702625999	14	0.838853112764395	0.973387946617788
BRDT	0.203331963452109	26	0.838875574088865	0.973387946617788
ZNF181	-0.202754243872636	5	0.839327123126467	0.973387946617788
ZNF154	-0.202653966755072	20	0.839405505705684	0.973387946617788
ZNF564	-0.201983455958515	29	0.839929657855148	0.973387946617788
ZFP1	0.201281648218062	37	0.84047835150842	0.973387946617788
SMARCC1	0.201210914492123	25	0.840533657491858	0.973387946617788
KLF4	0.201109888207874	90	0.840612650284544	0.973387946617788
PEG3	0.200613408219229	7	0.841000872973064	0.973387946617788
NR3C2	-0.199808224302754	105	0.841630568967839	0.973387946617788
MAGEA6	0.199419256288807	40	0.841934798644818	0.973387946617788
ZNF91	-0.199029219346808	13	0.842239888075968	0.973387946617788
NR3C1	0.197650568090055	15	0.843318467563032	0.973387946617788
FOXP3	-0.197562058104929	28	0.843387722877925	0.973387946617788
ELF2	0.196565674913374	13	0.844167433955677	0.973387946617788
HAND1	-0.196484341665904	18	0.844231087339628	0.973387946617788
TP53BP1	0.196292505979568	7	0.844381226656872	0.973387946617788
ZNF682	0.196060554376246	1	0.844562770062256	0.973387946617788
ACTR8	-0.193461107725058	9	0.846597862174237	0.973387946617788
SFPQ	-0.189461726258464	25	0.849730949811954	0.973387946617788
SMARCA2	0.188453586819879	14	0.850521095923379	0.973387946617788
NKX2-5	-0.18834210380901	34	0.850608481826943	0.973387946617788
ZBTB3	-0.187402092067501	20	0.851345382429452	0.973387946617788
NCOA2	-0.187254569349866	15	0.851461041275609	0.973387946617788
MLLT10	0.187240234361814	11	0.851472280177223	0.973387946617788
INSM2	-0.187240118106386	5	0.851472371323799	0.973387946617788
MLXIPL	0.18690337484234	21	0.85173639308694	0.973387946617788
SCX	0.18685264289289	30	0.851776170642833	0.973387946617788
BCOR	0.186801610696432	3	0.851816183994746	0.973387946617788
ZNF597	-0.186786734817131	5	0.851827847953956	0.973387946617788
IRF2BP1	-0.186659501970237	14	0.851927610690583	0.973387946617788
CREBZF	-0.186117215956522	24	0.852352841408871	0.973387946617788
MED17	0.185777435129635	10	0.852619300631659	0.973387946617788
NR4A1	-0.185756218034262	5	0.852635939829584	0.973387946617788
MYOCD	-0.184662076409974	21	0.853494093181329	0.973387946617788
ZNF479	-0.184272496793446	31	0.853799688825174	0.973387946617788
MGA	0.183825874440422	12	0.854150057156966	0.973387946617788
ZNF177	-0.183740662741761	24	0.854216907687172	0.973387946617788
NKX2-3	-0.182417367252181	12	0.855255197368568	0.973387946617788
ZNF70	0.181160100152242	27	0.856241911819862	0.973387946617788
ZNF484	-0.18070643919835	27	0.856598004251462	0.973387946617788
ZNF497	0.180646835784333	9	0.856644790975026	0.973387946617788
HNF4G	-0.179886628247478	27	0.857241573070485	0.973387946617788
ZBTB14	0.179568885375597	17	0.857491033445927	0.973387946617788
ZBTB1	0.179554905842158	40	0.857502009124357	0.973387946617788
ATF7IP2	-0.179525470084292	4	0.857525119958012	0.973387946617788
EDRF1	0.178567043665214	30	0.85827767385808	0.973387946617788
LPIN1	0.178157233718746	23	0.858599494900237	0.973387946617788
PAXIP1	-0.177956063339986	21	0.858757481270509	0.973387946617788
HOXB13	-0.177910979087356	78	0.858792888339818	0.973387946617788
PLAG1	-0.17736149678144	15	0.859224448918525	0.973387946617788
IRF5	0.176955575448636	38	0.859543284466577	0.973387946617788
KAT7	0.176840049566479	27	0.859634029779318	0.973387946617788
PSIP1	-0.175533352605217	36	0.860660566008867	0.97353809027227
ZNF814	0.175449149437264	9	0.860726723795947	0.97353809027227
DHX9	0.172982945667974	57	0.862664832918837	0.974600429728223
ZBTB5	-0.172464568696486	32	0.863072314042828	0.974600429728223
ZSCAN5C	0.172352324394078	56	0.863160550840034	0.974600429728223
ZFAT	0.170856274218486	9	0.864336779133695	0.974600429728223
GATA3	-0.170757991084066	10	0.864414062098111	0.974600429728223
NKX1-1	0.170585888009334	25	0.864549395010391	0.974600429728223
ZNF569	-0.168359453173553	5	0.866300504413129	0.976031901638792
ZNF675	-0.16489388433633	2	0.869027506102088	0.977195844197601
TERF2IP	0.164814871556525	7	0.869089698313486	0.977195844197601
LHX6	-0.163154630161352	14	0.870396687350768	0.977195844197601
E2F3	0.162766098219038	15	0.870702601953544	0.977195844197601
DLX5	0.161309685943724	22	0.87184949488578	0.977195844197601
MEIS3P1	0.161300346556513	25	0.871856850321798	0.977195844197601
PRDM16	0.160336244723782	33	0.872616209030067	0.977195844197601
CDK12	-0.159545287654856	18	0.873239280847844	0.977195844197601
ZSCAN5DP	0.159155196111349	41	0.873546602163147	0.977195844197601
IRF9	-0.158802751735507	53	0.873824280753773	0.977195844197601
ZNF639	-0.157649922359304	24	0.874732663061136	0.977195844197601
BCLAF1	-0.156184931786916	136	0.875887253667633	0.977195844197601
SETD5	0.155862560586638	18	0.876141356901228	0.977195844197601
HEY2	-0.155034966050745	12	0.8767937516385	0.977195844197601
ZNF883	0.154934057809025	11	0.876873303579446	0.977195844197601
SMARCA4	-0.154466722713018	16	0.877241747708823	0.977195844197601
ZNF432	0.153097875147319	2	0.878321091511446	0.977195844197601
ZNF146	-0.152353524531744	12	0.878908111127321	0.977195844197601
PAX9	0.152195733305838	47	0.879032559091393	0.977195844197601
FOSB	-0.150769654869598	15	0.88015742449371	0.977195844197601
PGR	0.150552325972938	8	0.880328870971891	0.977195844197601
MED8	0.149999310415975	138	0.880765159312833	0.977195844197601
ZNF845	0.149959917548741	3	0.88079623875168	0.977195844197601
CREB3L4	-0.149586471450027	102	0.881090882300576	0.977195844197601
RIPPLY1	0.149269485059454	65	0.88134099287654	0.977195844197601
ZNF274	0.148535553623591	8	0.881920129409442	0.977195844197601
BRD2	-0.147925148924798	16	0.882401840574341	0.977195844197601
TOX2	-0.147013956990088	23	0.883121003936811	0.977195844197601
ZNF784	0.145965157127079	19	0.883948894362227	0.977195844197601
TFDP2	-0.144961863910013	13	0.884740981869855	0.977195844197601
ZNF880	0.144882830718946	6	0.884803382495896	0.977195844197601
CARF	-0.144225148469785	67	0.885322682943318	0.977195844197601
CRTC3	0.144193660908335	9	0.885347546498011	0.977195844197601
CBFB	-0.143925631670625	26	0.885559195261367	0.977195844197601
ZKSCAN3	-0.143819124391577	3	0.885643300793648	0.977195844197601
ZNF614	-0.143180346568931	2	0.886147751053609	0.977195844197601
MBTPS2	0.140661071569817	24	0.888137699646666	0.977195844197601
ZNF836	-0.14022425742581	3	0.888482806598199	0.977195844197601
PFDN5	0.13966698622702	61	0.888923111858367	0.977195844197601
VGLL2	-0.139325827187305	24	0.889192681772821	0.977195844197601
MYT1L	0.138813996179501	22	0.889597133716084	0.977195844197601
NKX2-4	0.138739360471505	36	0.889656113705035	0.977195844197601
DYRK1B	-0.138055422281432	29	0.890196616202333	0.977195844197601
ZNF217	-0.137074168267249	10	0.890972170449606	0.977195844197601
ING4	-0.136714728734005	78	0.891256287005844	0.977195844197601
ZNF107	-0.136559223247944	12	0.891379209598086	0.977195844197601
KLF16	-0.135894186326227	27	0.891904931480483	0.977195844197601
ZNF37A	0.135832747797505	13	0.891953501980366	0.977195844197601
ZNF135	0.135343894068747	5	0.892339981880841	0.977195844197601
HOXB7	-0.134822578297686	72	0.89275215392312	0.977195844197601
POU3F2	-0.134300942992806	22	0.893164607598174	0.977195844197601
ZFP41	-0.132445885537467	26	0.894631622917184	0.977195844197601
ZNF229	-0.131877238287394	3	0.895081392579243	0.977195844197601
HDAC5	0.129998216891807	66	0.896567837434251	0.977195844197601
MAGEA2B	-0.129421632978769	34	0.897024030991245	0.977195844197601
ZNF75A	0.12905731739938	8	0.89731229526867	0.977195844197601
ZNF100	-0.128824153881802	7	0.897496792745576	0.977195844197601
ZNF562	0.128763317908507	2	0.897544931907066	0.977195844197601
PROX1	0.127913783755119	29	0.89821720279771	0.977195844197601
MBTD1	0.127694832308449	41	0.898390479833278	0.977195844197601
SMARCD3	-0.127528190093995	11	0.898522362861915	0.977195844197601
GSC	0.127017555319789	15	0.898926503952731	0.977195844197601
PIAS4	-0.12601472002849	13	0.899720272564635	0.977195844197601
TGIF1	0.124790229248634	23	0.900689622853888	0.977195844197601
ZNF141	0.123345796425635	12	0.90183327738074	0.977195844197601
ZNF540	0.122879035319429	4	0.902202887190822	0.977195844197601
ZNF285	-0.121738860291397	5	0.903105836050134	0.977195844197601
FBXL19	-0.120882781390512	15	0.903783880608082	0.977195844197601
HIVEP1	0.120281123255973	11	0.904260457000471	0.977195844197601
BAHD1	-0.119944092999765	20	0.904527435420356	0.977195844197601
NFIX	-0.119910089199127	7	0.90455437212107	0.977195844197601
ZNF419	-0.119795243170735	6	0.904645350207014	0.977195844197601
DLX4	-0.118193146573264	14	0.905914620137882	0.977195844197601
ZNF529	-0.117930224860902	9	0.906122944371178	0.977195844197601
ZBTB8B	-0.117422859954948	14	0.906524969755931	0.977195844197601
CSRNP3	-0.117018732286825	27	0.906845209245688	0.977195844197601
PIAS2	0.116642096578199	33	0.907143677148514	0.977195844197601
ZNF485	-0.116525023501195	4	0.907236455294215	0.977195844197601
MYOD1	0.115870064124913	36	0.907755521224238	0.977195844197601
ZBTB9	-0.114841415736073	13	0.908570821193624	0.977195844197601
ZNF81	0.11480321905074	6	0.908601097495963	0.977195844197601
ZNF808	0.11458949226581	4	0.908770508800345	0.977195844197601
ZNF585A	0.112668634844841	4	0.910293268641306	0.977195844197601
NFYA	0.112024829322758	6	0.910803719530886	0.977195844197601
IRF2BP2	-0.111697447940013	28	0.911063302917102	0.977195844197601
MED16	-0.111504758476455	53	0.911216092414289	0.977195844197601
RFX2	0.110875114423923	23	0.911715379720389	0.977195844197601
ELF3	0.110722085652526	73	0.911836731844202	0.977195844197601
ALX3	-0.110376191889973	15	0.91211103386627	0.977195844197601
ZNF713	0.110324175091767	3	0.912152285337345	0.977195844197601
ZHX1	0.109957451741863	12	0.91244311882361	0.977195844197601
SPAG8	-0.109781268172114	26	0.91258284707424	0.977195844197601
ZBTB26	-0.109669224464524	39	0.912671708476106	0.977195844197601
CCDC62	0.109208905461031	13	0.913036797023277	0.977195844197601
PHF6	-0.108671067682111	51	0.913463390563575	0.977195844197601
TRPS1	0.108231390720648	3	0.913812145010333	0.977195844197601
ZNF492	0.103740604727424	14	0.91737520256971	0.977195844197601
NR6A1	0.103731042219663	15	0.917382791404781	0.977195844197601
ZNF319	0.103539172743944	26	0.917535061190708	0.977195844197601
ZNF723	0.10277935630542	30	0.918138089764992	0.977195844197601
DMRTB1	-0.102591368798056	38	0.918287293394583	0.977195844197601
ZNF608	-0.102541186218453	4	0.918327123246257	0.977195844197601
GMEB2	-0.100948849978294	48	0.919591064464008	0.977195844197601
ZNF699	0.0996416168715378	6	0.920628852729942	0.977195844197601
ZNF317	0.0986350211749466	5	0.921428062715376	0.977195844197601
ZNF234	0.0982400439071944	1	0.921741685794609	0.977195844197601
DPF1	-0.0978934926484769	63	0.92201686728289	0.977195844197601
ZIC2	0.097877803512852	38	0.922029325573599	0.977195844197601
ZNF605	-0.0975904081414934	3	0.922257541342099	0.977195844197601
THAP1	-0.0961723872332959	17	0.923383660935149	0.977195844197601
MYF6	-0.0952573277019402	20	0.924110436031079	0.977195844197601
ZNF257	0.0920853935073848	4	0.92663019343285	0.977195844197601
FOXC2	0.0906536438447109	4	0.927767805747214	0.977195844197601
AHRR	0.0903171648174478	29	0.928035180344041	0.977195844197601
ATF5	0.0897021533142728	23	0.928523904745473	0.977195844197601
SS18L1	-0.0891154777428269	25	0.928990136875327	0.977195844197601
ZNF324	-0.0887264590780389	2	0.929299304157206	0.977195844197601
ARID4A	0.0883144394253167	63	0.929626762796334	0.977195844197601
HSF5	0.0881019335339209	41	0.929795659619657	0.977195844197601
ZNF865	-0.0880805665518918	7	0.929812641984576	0.977195844197601
ZNF79	-0.0877267925514468	9	0.930093824338772	0.977195844197601
LPIN3	0.086058376062814	46	0.93142001190953	0.977195844197601
ZSCAN32	-0.0856599945473091	10	0.931736704915353	0.977195844197601
BCL3	-0.0855818295363032	21	0.931798843386149	0.977195844197601
ZNF33B	0.0855161711351867	8	0.931851039857412	0.977195844197601
BARX1	0.0851887346381269	37	0.932111346480694	0.977195844197601
ZNF684	0.084978484595556	6	0.932278495632189	0.977195844197601
ZNF41	0.0842901804992682	22	0.932825719445222	0.977195844197601
HDAC4	0.0839620305626982	6	0.933086620352521	0.977195844197601
ZNF732	-0.0834076525422731	10	0.93352740386772	0.977195844197601
UBTF	0.0831954622770599	19	0.933696120811248	0.977195844197601
ZSCAN12	0.0831150940894335	7	0.933760024025956	0.977195844197601
ST18	-0.0828914763471238	17	0.933937831606815	0.977195844197601
CHD1	-0.0827655336857522	26	0.934037975201312	0.977195844197601
ZNF446	0.0824207814407641	8	0.934312111070431	0.977195844197601
ZBTB8A	0.0814930106874734	24	0.93504988305621	0.977195844197601
ZNF527	0.0812744782979298	1	0.935223670198103	0.977195844197601
TOX3	0.0810174384801728	21	0.935428084191562	0.977195844197601
BAZ1A	0.0807727810381763	29	0.935622654906847	0.977195844197601
RPS6KA4	0.0805129851229733	84	0.935829269127995	0.977195844197601
LMO1	0.0799772522014705	53	0.936255348118179	0.977195844197601
PER2	-0.0794031106737817	2	0.936711994496003	0.977195844197601
ESR2	0.0793805015910936	24	0.936729977171685	0.977195844197601
ZNF513	0.077742154448327	16	0.938033161156259	0.977195844197601
ZSCAN29	-0.0774970407202813	13	0.938228145358833	0.977195844197601
GABPA	-0.0772965976153356	51	0.938387597520838	0.977195844197601
BARHL2	0.0764832422412106	23	0.939034645675052	0.977195844197601
ZNF138	-0.0755560820256361	15	0.939772278003259	0.977195844197601
ZNF26	-0.0750776159639616	11	0.940152957424125	0.977195844197601
POU3F4	0.0739757910610429	15	0.94102964840337	0.977195844197601
YY2	0.0738944206613412	8	0.941094395380484	0.977195844197601
ZNF674	0.0737808087452643	9	0.9411847978013	0.977195844197601
ZNF69	-0.0729811698412833	20	0.941821101836453	0.977195844197601
DHX33	0.0728355593328912	25	0.941936973836947	0.977195844197601
ESR1	0.0726234210263626	6	0.94210578864561	0.977195844197601
ASXL1	-0.0712146563473381	26	0.943226916954932	0.977195844197601
MAGEA8	0.0708614369442911	11	0.943508035048367	0.977195844197601
ZNF182	0.0705854697571077	10	0.943727675019812	0.977195844197601
MLLT6	0.0703085761776004	24	0.943948056599162	0.977195844197601
RFPL3	0.0685779534002895	49	0.945325568181535	0.977228559218758
GFI1B	-0.0680927713119543	34	0.945711784659908	0.977228559218758
ZNF549	-0.0680537953251068	2	0.945742811027051	0.977228559218758
SMAD9	0.0676029576527278	37	0.946101700921628	0.977228559218758
RCOR2	-0.0662736948363312	34	0.947159925649931	0.977228559218758
LIN54	0.0657175903149569	17	0.947602667640704	0.977228559218758
ZBTB49	-0.0656232867129963	7	0.947677748955949	0.977228559218758
PAX8	0.0654262761639451	54	0.947834603542059	0.977228559218758
RBBP4	0.0637279095673814	77	0.949186881289247	0.978125505718797
HOXD4	-0.0621436470801726	12	0.950448438801435	0.978928102533932
ATF2	0.0614225535325088	25	0.951022691146928	0.979022343982726
POU6F1	0.0595553250444405	14	0.952509800622095	0.979361773179679
ZFP64	0.0594751236323595	22	0.952573678859957	0.979361773179679
L3MBTL2	-0.0588413610360841	72	0.953078464171056	0.979361773179679
ZNF785	-0.0581022165975613	7	0.953667208788411	0.979361773179679
SALL3	-0.057976919915585	22	0.95376701283524	0.979361773179679
DNAJB1	-0.0561265314605883	58	0.955241008198645	0.980005698944268
RFX3	-0.0549454536656424	8	0.956181919760767	0.980005698944268
FOXI3	0.0549418665315685	14	0.95618477756283	0.980005698944268
CCNK	0.0547632731390602	34	0.956327060261689	0.980005698944268
VRTN	0.0536068976536989	32	0.957248360883351	0.98045438175325
ACTL6B	0.0526522656815466	24	0.958008972698987	0.980738110365243
SAFB	-0.0511935249790606	42	0.959171311399241	0.981432603187518
ATF6B	0.0496671889348255	19	0.960387603611942	0.982134225650987
PHOX2B	-0.0491175799573607	13	0.960825593536271	0.982134225650987
RFPL1	-0.0483104750570919	36	0.96146880641451	0.982182413434499
BRPF3	0.0478430115374258	7	0.961841357534968	0.982182413434499
ZNF214	-0.0467333674054019	8	0.962725736045966	0.98259073613549
FOXI2	-0.0453783998998838	20	0.963805697631644	0.983071176270685
SKOR2	0.0449264157899173	39	0.964165961342403	0.983071176270685
CCNT2	-0.0414157007605425	21	0.966964496139404	0.985098760748378
MED18	0.0412130481364196	87	0.967126051602574	0.985098760748378
ZNF613	0.0403293312224043	1	0.967830569861277	0.985127815966833
SOX3	-0.0399586365764425	25	0.968126103166617	0.985127815966833
YAF2	-0.0378228577426557	31	0.969828919566365	0.986157267457147
CTNNB1	-0.0374699124583852	19	0.970110329673081	0.986157267457147
SIX2	-0.036247178514967	39	0.971085267670668	0.986653768955969
ZNF534	-0.0354205335876263	27	0.971744411548952	0.986829076926027
ZNF691	0.0343798157087745	51	0.972574278686989	0.987177496084691
GZF1	-0.0323078709560626	36	0.974226532367646	0.988310621008302
ZNF615	-0.0311751564779916	1	0.975129852540352	0.988310621008302
IRF3	-0.0311465835563979	40	0.975152639367659	0.988310621008302
E4F1	0.0299858285443352	111	0.976078355272767	0.988718570126347
MED1	-0.0286271301263563	31	0.977161974236249	0.988718570126347
STOX2	0.0284053647362173	10	0.977338845488416	0.988718570126347
LMO3	0.0281230281928987	21	0.977564027493578	0.988718570126347
LHX3	0.0269907691513936	57	0.978467096500825	0.988718570126347
ZNF169	-0.0266989025286238	22	0.978699888476795	0.988718570126347
ZNF629	-0.0263628893137408	6	0.978967893892359	0.988718570126347
ZNF343	-0.0255109268353501	53	0.979647432970409	0.988912391271274
ZNF23	0.0238842272131073	28	0.980944955555565	0.989729537247107
ZNF500	0.0228102668411176	18	0.981801618401447	0.990059132418671
KLF18	0.0222506496432194	23	0.982248015003139	0.990059132418671
CHD6	0.0210391709288641	41	0.983214408700705	0.990540894607566
ZBTB18	-0.0203430126550827	12	0.983769743739921	0.990608262316067
ZNF335	-0.0193292808099406	29	0.984578425580562	0.99086856820914
NCOA6	0.0187939996222994	45	0.985005440586601	0.99086856820914
NFATC2IP	0.0174545945356601	34	0.986073955633288	0.991451651970406
ZBTB6	-0.01566950972436	43	0.987498051725602	0.992184822690776
ZNF425	-0.0153140473817102	4	0.987781635607829	0.992184822690776
ZIC4	0.014148107011636	19	0.98871182044256	0.99262751082055
ZNF728	0.0110402515165811	4	0.9911913327118	0.994232730606571
ESRRB	-0.0109150617789421	12	0.991291213652113	0.994232730606571
SP110	-0.00839891813292488	22	0.993298711681237	0.995753725798096
ZNF30	-0.00604522873721972	2	0.995176634702214	0.996976276501302
SOX18	-0.00563811424646875	15	0.995501459524229	0.996976276501302
ZNF334	0.00341248295405678	2	0.997277237821402	0.998261716832084
FOXD3	-0.00179539736922512	1	0.998567480928198	0.999060114120566
GCM2	0.000418021189297652	45	0.999666467356685	0.999666467356685
