system	sample_id	sample_slug	TF	TF_role	motif_test_status	motif_token	q_value	log2_odds_ratio	motif_enriched_q1e-5
patient	TCGA-44-3918	TCGA-44-3918	CEBPA	LUAD_LINEAGE_POSITIVE_CONTROL	TESTED	CIS-BP2.00|000926|M08076_2.00	0.2843	0.05904624683735956	FALSE
patient	TCGA-44-3918	TCGA-44-3918	CEBPB	LUAD_LINEAGE_POSITIVE_CONTROL	TESTED	JASPAR2024|000235|MA0466.4	0.0	0.46148155402311086	TRUE
patient	TCGA-44-3918	TCGA-44-3918	CREB3L2	LUAD_HC_TF	TESTED	CIS-BP2.00|000117|M01812_2.00	0.1312	0.08696801147533047	FALSE
patient	TCGA-44-3918	TCGA-44-3918	E2F5	LUAD_HC_TF	TESTED	CIS-BP2.00|000940|M08109_2.00	1.0	-0.05885279545824771	FALSE
patient	TCGA-44-3918	TCGA-44-3918	ELF3	LUAD_HC_TF_AND_LINEAGE_POSITIVE_CONTROL	TESTED	CIS-BP2.00|000227|M03002_2.00	0.0	0.284274813178693	TRUE
patient	TCGA-44-3918	TCGA-44-3918	ETV1	LUAD_HC_TF	TESTED	JASPAR2024|000311|MA0761.3	0.2662	0.3074309541132681	FALSE
patient	TCGA-44-3918	TCGA-44-3918	FOXA1	LUAD_LINEAGE_POSITIVE_CONTROL	TESTED	CIS-BP2.00|000890|M07960_2.00	0.0047	0.1575610709294582	FALSE
patient	TCGA-44-3918	TCGA-44-3918	FOXA2	LUAD_LINEAGE_POSITIVE_CONTROL	TESTED	CIS-BP2.00|000889|M07959_2.00	0.1009	0.10005005846912265	FALSE
patient	TCGA-44-3918	TCGA-44-3918	FOXA3	LUAD_HC_TF	TESTED	CIS-BP2.00|000469|M04831_2.00	0.0	0.9976627508717951	TRUE
patient	TCGA-44-3918	TCGA-44-3918	FOXD2	LUAD_HC_TF	TESTED	JASPAR2024|000361|MA0847.4	0.0221	0.13466977185471068	FALSE
patient	TCGA-44-3918	TCGA-44-3918	GATA6	LUAD_LINEAGE_POSITIVE_CONTROL	TESTED	JASPAR2024|000382|MA1104.3	1.0	-0.11114316669264569	FALSE
patient	TCGA-44-3918	TCGA-44-3918	HNF4A	LUAD_LINEAGE_POSITIVE_CONTROL	TESTED	JASPAR2024|000409|MA1494.2	0.7656	0.01797543447064477	FALSE
patient	TCGA-44-3918	TCGA-44-3918	NFATC4	LUAD_HC_TF	TESTED	JASPAR2024|000506|MA1525.3	0.195	0.07832220793998786	FALSE
patient	TCGA-44-3918	TCGA-44-3918	NKX2-1	LUAD_LINEAGE_POSITIVE_CONTROL	TESTED	JASPAR2024|000822|MA1994.2	0.6024	0.04207690569521016	FALSE
patient	TCGA-44-3918	TCGA-44-3918	NR3C2	LUAD_HC_TF	TESTED	JASPAR2024|000539|MA0727.2	0.3217	0.10638239517847975	FALSE
patient	TCGA-44-3918	TCGA-44-3918	XBP1	LUAD_HC_TF	TESTED	JASPAR2024|000675|MA0844.2	0.0221	0.1321091442778389	FALSE
patient	TCGA-44-3918	TCGA-44-3918	ZBTB18	LUAD_HC_TF	TESTED	CIS-BP2.00|000988|M08257_2.00	0.4539	0.05508801525643888	FALSE
patient	TCGA-44-3918	TCGA-44-3918	ZNF141	LUAD_HC_TF	TESTED	CIS-BP2.00|000653|M07586_2.00	0.7656	0.009637134390798741	FALSE
patient	TCGA-44-3918	TCGA-44-3918	ZNF19	LUAD_HC_TF	TESTED	CIS-BP2.00|000670|M07603_2.00	0.1009	0.8843683588621011	FALSE
patient	TCGA-44-3918	TCGA-44-3918	ZNF254	LUAD_HC_TF	TESTED	CIS-BP2.00|000827|M07760_2.00	1.0	-0.11919549933483492	FALSE
patient	TCGA-44-3918	TCGA-44-3918	ZNF281	LUAD_HC_TF	TESTED	JASPAR2024|000706|MA1630.3	1.0	-0.08963737591764405	FALSE
patient	TCGA-44-3918	TCGA-44-3918	ZNF33A	LUAD_HC_TF	TESTED	CIS-BP2.00|000762|M07695_2.00	0.1486	0.13811517391516331	FALSE
patient	TCGA-44-3918	TCGA-44-3918	ZNF33B	LUAD_HC_TF	TESTED	CIS-BP2.00|000777|M07710_2.00	0.8638	-0.0001342979133356905	FALSE
patient	TCGA-44-3918	TCGA-44-3918	ZNF341	LUAD_HC_TF	TESTED	JASPAR2024|000712|MA1655.2	1.0	-5.266689702262406	FALSE
patient	TCGA-44-3918	TCGA-44-3918	ZNF444	LUAD_HC_TF	TESTED	CIS-BP2.00|000420|M04529_2.00	0.0038	0.16927164659887287	FALSE
patient	TCGA-44-3918	TCGA-44-3918	ZNF540	LUAD_HC_TF	TESTED	CIS-BP2.00|000701|M07634_2.00	0.9848	-0.012883637966851838	FALSE
patient	TCGA-44-3918	TCGA-44-3918	ZNF75D	LUAD_HC_TF	TESTED	CIS-BP2.00|000750|M07683_2.00	0.0221	0.13676273476670922	FALSE
patient	TCGA-44-6146	TCGA-44-6146	CEBPA	LUAD_LINEAGE_POSITIVE_CONTROL	TESTED	CIS-BP2.00|000926|M08076_2.00	0.1542	0.07820072607915668	FALSE
patient	TCGA-44-6146	TCGA-44-6146	CEBPB	LUAD_LINEAGE_POSITIVE_CONTROL	TESTED	JASPAR2024|000235|MA0466.4	0.0	0.4491526273237316	TRUE
patient	TCGA-44-6146	TCGA-44-6146	CREB3L2	LUAD_HC_TF	TESTED	JASPAR2024|000025|MA0608.1	0.1526	0.07892367493899172	FALSE
patient	TCGA-44-6146	TCGA-44-6146	E2F5	LUAD_HC_TF	TESTED	CIS-BP2.00|000940|M08109_2.00	0.565	0.029624194786044823	FALSE
patient	TCGA-44-6146	TCGA-44-6146	ELF3	LUAD_HC_TF_AND_LINEAGE_POSITIVE_CONTROL	TESTED	CIS-BP2.00|000227|M03002_2.00	0.0	0.3396724866555462	TRUE
patient	TCGA-44-6146	TCGA-44-6146	ETV1	LUAD_HC_TF	TESTED	JASPAR2024|000311|MA0761.3	0.0524	0.8187793515751729	FALSE
patient	TCGA-44-6146	TCGA-44-6146	FOXA1	LUAD_LINEAGE_POSITIVE_CONTROL	TESTED	CIS-BP2.00|000890|M07960_2.00	0.0006	0.18621772987025711	FALSE
patient	TCGA-44-6146	TCGA-44-6146	FOXA2	LUAD_LINEAGE_POSITIVE_CONTROL	TESTED	CIS-BP2.00|000889|M07959_2.00	0.1031	0.09709678238209003	FALSE
patient	TCGA-44-6146	TCGA-44-6146	FOXA3	LUAD_HC_TF	TESTED	CIS-BP2.00|000469|M04831_2.00	0.0	0.7517971573431261	TRUE
patient	TCGA-44-6146	TCGA-44-6146	FOXD2	LUAD_HC_TF	TESTED	JASPAR2024|000361|MA0847.4	0.1309	0.08836150192113275	FALSE
patient	TCGA-44-6146	TCGA-44-6146	GATA6	LUAD_LINEAGE_POSITIVE_CONTROL	TESTED	CIS-BP2.00|000947|M08124_2.00	1.0	-0.08451266382458858	FALSE
patient	TCGA-44-6146	TCGA-44-6146	HNF4A	LUAD_LINEAGE_POSITIVE_CONTROL	TESTED	JASPAR2024|000409|MA1494.2	0.3357	0.07581276195033655	FALSE
patient	TCGA-44-6146	TCGA-44-6146	NFATC4	LUAD_HC_TF	TESTED	JASPAR2024|000506|MA1525.3	0.0524	0.12948640553521523	FALSE
patient	TCGA-44-6146	TCGA-44-6146	NKX2-1	LUAD_LINEAGE_POSITIVE_CONTROL	TESTED	JASPAR2024|000822|MA1994.2	1.0	-0.09518497654357483	FALSE
patient	TCGA-44-6146	TCGA-44-6146	NR3C2	LUAD_HC_TF	TESTED	JASPAR2024|000539|MA0727.2	0.3357	0.09136223446825287	FALSE
patient	TCGA-44-6146	TCGA-44-6146	XBP1	LUAD_HC_TF	TESTED	JASPAR2024|000675|MA0844.2	0.0524	0.11371729172408655	FALSE
patient	TCGA-44-6146	TCGA-44-6146	ZBTB18	LUAD_HC_TF	TESTED	CIS-BP2.00|000988|M08257_2.00	1.0	-0.05811714016803504	FALSE
patient	TCGA-44-6146	TCGA-44-6146	ZNF141	LUAD_HC_TF	TESTED	CIS-BP2.00|000653|M07586_2.00	0.1542	0.08589739663438226	FALSE
patient	TCGA-44-6146	TCGA-44-6146	ZNF19	LUAD_HC_TF	TESTED	CIS-BP2.00|000670|M07603_2.00	0.2603	0.42542806505416686	FALSE
patient	TCGA-44-6146	TCGA-44-6146	ZNF254	LUAD_HC_TF	TESTED	CIS-BP2.00|000827|M07760_2.00	1.0	-0.141723165387333	FALSE
patient	TCGA-44-6146	TCGA-44-6146	ZNF281	LUAD_HC_TF	TESTED	JASPAR2024|000706|MA1630.3	1.0	-0.07701237751858016	FALSE
patient	TCGA-44-6146	TCGA-44-6146	ZNF33A	LUAD_HC_TF	TESTED	CIS-BP2.00|000762|M07695_2.00	0.1391	0.1491768913374421	FALSE
patient	TCGA-44-6146	TCGA-44-6146	ZNF33B	LUAD_HC_TF	TESTED	CIS-BP2.00|000777|M07710_2.00	0.3357	0.04898823497838044	FALSE
patient	TCGA-44-6146	TCGA-44-6146	ZNF341	LUAD_HC_TF	TESTED	CIS-BP2.00|001017|M08310_2.00	0.1031	1.8504092340969083	FALSE
patient	TCGA-44-6146	TCGA-44-6146	ZNF444	LUAD_HC_TF	TESTED	CIS-BP2.00|000420|M04529_2.00	0.0005	0.19638653552815855	FALSE
patient	TCGA-44-6146	TCGA-44-6146	ZNF540	LUAD_HC_TF	TESTED	CIS-BP2.00|000701|M07634_2.00	0.7216	0.0070291137855549145	FALSE
patient	TCGA-44-6146	TCGA-44-6146	ZNF75D	LUAD_HC_TF	TESTED	CIS-BP2.00|000750|M07683_2.00	0.7301	0.0026089225818454157	FALSE
patient	TCGA-44-A47F	TCGA-44-A47F	CEBPA	LUAD_LINEAGE_POSITIVE_CONTROL	TESTED	CIS-BP2.00|000926|M08076_2.00	0.1559	0.09038916540784339	FALSE
patient	TCGA-44-A47F	TCGA-44-A47F	CEBPB	LUAD_LINEAGE_POSITIVE_CONTROL	TESTED	JASPAR2024|000235|MA0466.4	0.0	0.4518306410851551	TRUE
patient	TCGA-44-A47F	TCGA-44-A47F	CREB3L2	LUAD_HC_TF	TESTED	CIS-BP2.00|000117|M01812_2.00	0.2369	0.07121228210622636	FALSE
patient	TCGA-44-A47F	TCGA-44-A47F	E2F5	LUAD_HC_TF	TESTED	CIS-BP2.00|000940|M08109_2.00	0.9061	-0.037841472060734085	FALSE
patient	TCGA-44-A47F	TCGA-44-A47F	ELF3	LUAD_HC_TF_AND_LINEAGE_POSITIVE_CONTROL	TESTED	CIS-BP2.00|000227|M03002_2.00	0.0	0.30747423721236355	TRUE
patient	TCGA-44-A47F	TCGA-44-A47F	ETV1	LUAD_HC_TF	TESTED	JASPAR2024|000311|MA0761.3	0.4893	-0.08160561705466389	FALSE
patient	TCGA-44-A47F	TCGA-44-A47F	FOXA1	LUAD_LINEAGE_POSITIVE_CONTROL	TESTED	CIS-BP2.00|000890|M07960_2.00	0.4184	0.04930166186498437	FALSE
patient	TCGA-44-A47F	TCGA-44-A47F	FOXA2	LUAD_LINEAGE_POSITIVE_CONTROL	TESTED	CIS-BP2.00|000889|M07959_2.00	0.4893	0.03664285245545018	FALSE
patient	TCGA-44-A47F	TCGA-44-A47F	FOXA3	LUAD_HC_TF	TESTED	CIS-BP2.00|000469|M04831_2.00	0.0	0.8699888185121135	TRUE
patient	TCGA-44-A47F	TCGA-44-A47F	FOXD2	LUAD_HC_TF	TESTED	JASPAR2024|000361|MA0847.4	0.3967	0.05609587734066546	FALSE
patient	TCGA-44-A47F	TCGA-44-A47F	GATA6	LUAD_LINEAGE_POSITIVE_CONTROL	TESTED	CIS-BP2.00|000947|M08124_2.00	1.0	-0.11571346180440893	FALSE
patient	TCGA-44-A47F	TCGA-44-A47F	HNF4A	LUAD_LINEAGE_POSITIVE_CONTROL	TESTED	JASPAR2024|000410|MA0114.5	0.4573	0.06738163934640667	FALSE
patient	TCGA-44-A47F	TCGA-44-A47F	NFATC4	LUAD_HC_TF	TESTED	JASPAR2024|000506|MA1525.3	0.2369	0.07829971229068168	FALSE
patient	TCGA-44-A47F	TCGA-44-A47F	NKX2-1	LUAD_LINEAGE_POSITIVE_CONTROL	TESTED	JASPAR2024|000822|MA1994.2	0.6472	0.0038234415512153684	FALSE
patient	TCGA-44-A47F	TCGA-44-A47F	NR3C2	LUAD_HC_TF	TESTED	JASPAR2024|000539|MA0727.2	0.9061	-0.011232800825094095	FALSE
patient	TCGA-44-A47F	TCGA-44-A47F	XBP1	LUAD_HC_TF	TESTED	JASPAR2024|000675|MA0844.2	0.0013	0.17209979980802936	FALSE
patient	TCGA-44-A47F	TCGA-44-A47F	ZBTB18	LUAD_HC_TF	TESTED	JASPAR2024|000681|MA0698.2	0.9061	-0.02190761398675044	FALSE
patient	TCGA-44-A47F	TCGA-44-A47F	ZNF141	LUAD_HC_TF	TESTED	CIS-BP2.00|000653|M07586_2.00	0.2369	0.08051146269498706	FALSE
patient	TCGA-44-A47F	TCGA-44-A47F	ZNF19	LUAD_HC_TF	TESTED	CIS-BP2.00|000670|M07603_2.00	0.5095	-0.23939968820502283	FALSE
patient	TCGA-44-A47F	TCGA-44-A47F	ZNF254	LUAD_HC_TF	TESTED	CIS-BP2.00|000827|M07760_2.00	1.0	-0.34515409610133807	FALSE
patient	TCGA-44-A47F	TCGA-44-A47F	ZNF281	LUAD_HC_TF	TESTED	JASPAR2024|000706|MA1630.3	0.6472	0.011313848567742474	FALSE
patient	TCGA-44-A47F	TCGA-44-A47F	ZNF33A	LUAD_HC_TF	TESTED	CIS-BP2.00|000762|M07695_2.00	0.6472	0.014346820483711619	FALSE
patient	TCGA-44-A47F	TCGA-44-A47F	ZNF33B	LUAD_HC_TF	TESTED	CIS-BP2.00|000777|M07710_2.00	0.9267	-0.040290354897693406	FALSE
patient	TCGA-44-A47F	TCGA-44-A47F	ZNF341	LUAD_HC_TF	TESTED	CIS-BP2.00|001017|M08310_2.00	0.4858	-1.7184890076132529	FALSE
patient	TCGA-44-A47F	TCGA-44-A47F	ZNF444	LUAD_HC_TF	TESTED	CIS-BP2.00|000420|M04529_2.00	0.0	0.23203801073657768	TRUE
patient	TCGA-44-A47F	TCGA-44-A47F	ZNF540	LUAD_HC_TF	TESTED	CIS-BP2.00|000701|M07634_2.00	1.0	-0.09466883721653147	FALSE
patient	TCGA-44-A47F	TCGA-44-A47F	ZNF75D	LUAD_HC_TF	TESTED	JASPAR2024|000169|MA1601.2	0.5095	0.0317483128296403	FALSE
patient	TCGA-49-AARO	TCGA-49-AARO	CEBPA	LUAD_LINEAGE_POSITIVE_CONTROL	TESTED	JASPAR2024|000234|MA0102.5	0.4254	0.058417400087892826	FALSE
patient	TCGA-49-AARO	TCGA-49-AARO	CEBPB	LUAD_LINEAGE_POSITIVE_CONTROL	TESTED	JASPAR2024|000235|MA0466.4	0.0112	0.2757989670955067	FALSE
patient	TCGA-49-AARO	TCGA-49-AARO	CREB3L2	LUAD_HC_TF	TESTED	JASPAR2024|000025|MA0608.1	0.0001	0.21176377336530058	FALSE
patient	TCGA-49-AARO	TCGA-49-AARO	E2F5	LUAD_HC_TF	TESTED	CIS-BP2.00|000940|M08109_2.00	1.0	-0.04474841516452607	FALSE
patient	TCGA-49-AARO	TCGA-49-AARO	ELF3	LUAD_HC_TF_AND_LINEAGE_POSITIVE_CONTROL	TESTED	CIS-BP2.00|000227|M03002_2.00	0.0	0.41507735945217866	TRUE
patient	TCGA-49-AARO	TCGA-49-AARO	ETV1	LUAD_HC_TF	TESTED	JASPAR2024|000311|MA0761.3	0.1384	1.0427683243964436	FALSE
patient	TCGA-49-AARO	TCGA-49-AARO	FOXA1	LUAD_LINEAGE_POSITIVE_CONTROL	TESTED	CIS-BP2.00|000890|M07960_2.00	0.0001	0.21712294174384167	FALSE
patient	TCGA-49-AARO	TCGA-49-AARO	FOXA2	LUAD_LINEAGE_POSITIVE_CONTROL	TESTED	CIS-BP2.00|000889|M07959_2.00	0.0112	0.14896089736877788	FALSE
patient	TCGA-49-AARO	TCGA-49-AARO	FOXA3	LUAD_HC_TF	TESTED	CIS-BP2.00|000469|M04831_2.00	0.0	1.1100678499199683	TRUE
patient	TCGA-49-AARO	TCGA-49-AARO	FOXD2	LUAD_HC_TF	TESTED	JASPAR2024|000361|MA0847.4	0.0034	0.1662814541339065	FALSE
patient	TCGA-49-AARO	TCGA-49-AARO	GATA6	LUAD_LINEAGE_POSITIVE_CONTROL	TESTED	JASPAR2024|000382|MA1104.3	1.0	-0.052832799690751095	FALSE
patient	TCGA-49-AARO	TCGA-49-AARO	HNF4A	LUAD_LINEAGE_POSITIVE_CONTROL	TESTED	JASPAR2024|000409|MA1494.2	0.5922	0.03964552823399738	FALSE
patient	TCGA-49-AARO	TCGA-49-AARO	NFATC4	LUAD_HC_TF	TESTED	JASPAR2024|000506|MA1525.3	0.1294	0.10340069754392803	FALSE
patient	TCGA-49-AARO	TCGA-49-AARO	NKX2-1	LUAD_LINEAGE_POSITIVE_CONTROL	TESTED	JASPAR2024|000822|MA1994.2	0.4806	0.14112157128037128	FALSE
patient	TCGA-49-AARO	TCGA-49-AARO	NR3C2	LUAD_HC_TF	TESTED	JASPAR2024|000539|MA0727.2	0.4254	0.09316850000405326	FALSE
patient	TCGA-49-AARO	TCGA-49-AARO	XBP1	LUAD_HC_TF	TESTED	JASPAR2024|000675|MA0844.2	0.0015	0.17547409952009882	FALSE
patient	TCGA-49-AARO	TCGA-49-AARO	ZBTB18	LUAD_HC_TF	TESTED	JASPAR2024|000681|MA0698.2	0.4506	0.04655182930978176	FALSE
patient	TCGA-49-AARO	TCGA-49-AARO	ZNF141	LUAD_HC_TF	TESTED	CIS-BP2.00|000653|M07586_2.00	0.4189	0.06237002443362352	FALSE
patient	TCGA-49-AARO	TCGA-49-AARO	ZNF19	LUAD_HC_TF	TESTED	CIS-BP2.00|000670|M07603_2.00	0.4533	0.8780540076104515	FALSE
patient	TCGA-49-AARO	TCGA-49-AARO	ZNF254	LUAD_HC_TF	TESTED	CIS-BP2.00|000827|M07760_2.00	1.0	-0.18602231182843773	FALSE
patient	TCGA-49-AARO	TCGA-49-AARO	ZNF281	LUAD_HC_TF	TESTED	JASPAR2024|000706|MA1630.3	0.963	-0.019706925280391266	FALSE
patient	TCGA-49-AARO	TCGA-49-AARO	ZNF33A	LUAD_HC_TF	TESTED	CIS-BP2.00|000762|M07695_2.00	0.3364	0.13387695777193034	FALSE
patient	TCGA-49-AARO	TCGA-49-AARO	ZNF33B	LUAD_HC_TF	TESTED	CIS-BP2.00|000777|M07710_2.00	0.7233	0.008201961368456627	FALSE
patient	TCGA-49-AARO	TCGA-49-AARO	ZNF341	LUAD_HC_TF	TESTED	JASPAR2024|000712|MA1655.2	0.217	3.7270533595700623	FALSE
patient	TCGA-49-AARO	TCGA-49-AARO	ZNF444	LUAD_HC_TF	TESTED	CIS-BP2.00|000420|M04529_2.00	0.0	0.2335528052418312	TRUE
patient	TCGA-49-AARO	TCGA-49-AARO	ZNF540	LUAD_HC_TF	TESTED	CIS-BP2.00|000701|M07634_2.00	1.0	-0.04936283962825949	FALSE
patient	TCGA-49-AARO	TCGA-49-AARO	ZNF75D	LUAD_HC_TF	TESTED	CIS-BP2.00|000750|M07683_2.00	0.6969	0.017746711961351885	FALSE
patient	TCGA-4B-A93V	TCGA-4B-A93V	CEBPA	LUAD_LINEAGE_POSITIVE_CONTROL	TESTED	CIS-BP2.00|000926|M08076_2.00	0.0164	0.1318286185988034	FALSE
patient	TCGA-4B-A93V	TCGA-4B-A93V	CEBPB	LUAD_LINEAGE_POSITIVE_CONTROL	TESTED	JASPAR2024|000235|MA0466.4	0.0016	0.33301731759929054	FALSE
patient	TCGA-4B-A93V	TCGA-4B-A93V	CREB3L2	LUAD_HC_TF	TESTED	CIS-BP2.00|000117|M01812_2.00	0.0214	0.12244904354453878	FALSE
patient	TCGA-4B-A93V	TCGA-4B-A93V	E2F5	LUAD_HC_TF	TESTED	CIS-BP2.00|000940|M08109_2.00	1.0	-0.11994556760069074	FALSE
patient	TCGA-4B-A93V	TCGA-4B-A93V	ELF3	LUAD_HC_TF_AND_LINEAGE_POSITIVE_CONTROL	TESTED	CIS-BP2.00|000227|M03002_2.00	0.0	0.38144694671716145	TRUE
patient	TCGA-4B-A93V	TCGA-4B-A93V	ETV1	LUAD_HC_TF	TESTED	CIS-BP2.00|000457|M04708_2.00	0.0826	1.3787262065161663	FALSE
patient	TCGA-4B-A93V	TCGA-4B-A93V	FOXA1	LUAD_LINEAGE_POSITIVE_CONTROL	TESTED	CIS-BP2.00|000890|M07960_2.00	0.0058	0.1505245814062191	FALSE
patient	TCGA-4B-A93V	TCGA-4B-A93V	FOXA2	LUAD_LINEAGE_POSITIVE_CONTROL	TESTED	CIS-BP2.00|000889|M07959_2.00	0.0224	0.12345876566650063	FALSE
patient	TCGA-4B-A93V	TCGA-4B-A93V	FOXA3	LUAD_HC_TF	TESTED	CIS-BP2.00|000469|M04831_2.00	0.0	0.8572749418773574	TRUE
patient	TCGA-4B-A93V	TCGA-4B-A93V	FOXD2	LUAD_HC_TF	TESTED	JASPAR2024|000361|MA0847.4	0.0001	0.21481702429616512	FALSE
patient	TCGA-4B-A93V	TCGA-4B-A93V	GATA6	LUAD_LINEAGE_POSITIVE_CONTROL	TESTED	JASPAR2024|000382|MA1104.3	1.0	-0.07876364221802644	FALSE
patient	TCGA-4B-A93V	TCGA-4B-A93V	HNF4A	LUAD_LINEAGE_POSITIVE_CONTROL	TESTED	JASPAR2024|000410|MA0114.5	0.9176	-0.002930963023606609	FALSE
patient	TCGA-4B-A93V	TCGA-4B-A93V	NFATC4	LUAD_HC_TF	TESTED	JASPAR2024|000506|MA1525.3	0.0098	0.15290100809071078	FALSE
patient	TCGA-4B-A93V	TCGA-4B-A93V	NKX2-1	LUAD_LINEAGE_POSITIVE_CONTROL	TESTED	JASPAR2024|000822|MA1994.2	1.0	-0.045519800673059836	FALSE
patient	TCGA-4B-A93V	TCGA-4B-A93V	NR3C2	LUAD_HC_TF	TESTED	JASPAR2024|000539|MA0727.2	0.9176	-1.3207999752851002e-05	FALSE
patient	TCGA-4B-A93V	TCGA-4B-A93V	XBP1	LUAD_HC_TF	TESTED	JASPAR2024|000675|MA0844.2	0.0014	0.17593163082354266	FALSE
patient	TCGA-4B-A93V	TCGA-4B-A93V	ZBTB18	LUAD_HC_TF	TESTED	JASPAR2024|000681|MA0698.2	0.6145	0.03241895408646004	FALSE
patient	TCGA-4B-A93V	TCGA-4B-A93V	ZNF141	LUAD_HC_TF	TESTED	CIS-BP2.00|000653|M07586_2.00	1.0	-0.04644412764990806	FALSE
patient	TCGA-4B-A93V	TCGA-4B-A93V	ZNF19	LUAD_HC_TF	TESTED	CIS-BP2.00|000670|M07603_2.00	0.1567	0.6561159046353235	FALSE
patient	TCGA-4B-A93V	TCGA-4B-A93V	ZNF254	LUAD_HC_TF	TESTED	CIS-BP2.00|000827|M07760_2.00	1.0	-0.17730907323677486	FALSE
patient	TCGA-4B-A93V	TCGA-4B-A93V	ZNF281	LUAD_HC_TF	TESTED	JASPAR2024|000706|MA1630.3	1.0	-0.11332494437347093	FALSE
patient	TCGA-4B-A93V	TCGA-4B-A93V	ZNF33A	LUAD_HC_TF	TESTED	CIS-BP2.00|000762|M07695_2.00	0.8866	0.009628100822192266	FALSE
patient	TCGA-4B-A93V	TCGA-4B-A93V	ZNF33B	LUAD_HC_TF	TESTED	CIS-BP2.00|000777|M07710_2.00	1.0	-0.1027917624848634	FALSE
patient	TCGA-4B-A93V	TCGA-4B-A93V	ZNF341	LUAD_HC_TF	TESTED	CIS-BP2.00|001017|M08310_2.00	1.0	-0.0781357174702276	FALSE
patient	TCGA-4B-A93V	TCGA-4B-A93V	ZNF444	LUAD_HC_TF	TESTED	CIS-BP2.00|000420|M04529_2.00	0.0008	0.19027664912101386	FALSE
patient	TCGA-4B-A93V	TCGA-4B-A93V	ZNF540	LUAD_HC_TF	TESTED	CIS-BP2.00|000701|M07634_2.00	0.7829	0.02160182395339142	FALSE
patient	TCGA-4B-A93V	TCGA-4B-A93V	ZNF75D	LUAD_HC_TF	TESTED	JASPAR2024|000169|MA1601.2	0.9329	-0.008691085165194063	FALSE
patient	TCGA-73-A9RS	TCGA-73-A9RS	CEBPA	LUAD_LINEAGE_POSITIVE_CONTROL	TESTED	CIS-BP2.00|000926|M08076_2.00	0.1824	0.07846456943579509	FALSE
patient	TCGA-73-A9RS	TCGA-73-A9RS	CEBPB	LUAD_LINEAGE_POSITIVE_CONTROL	TESTED	JASPAR2024|000235|MA0466.4	0.0	0.43633077928328373	TRUE
patient	TCGA-73-A9RS	TCGA-73-A9RS	CREB3L2	LUAD_HC_TF	TESTED	CIS-BP2.00|000117|M01812_2.00	0.019	0.12736093608078572	FALSE
patient	TCGA-73-A9RS	TCGA-73-A9RS	E2F5	LUAD_HC_TF	TESTED	CIS-BP2.00|000940|M08109_2.00	1.0	-0.12107740544826186	FALSE
patient	TCGA-73-A9RS	TCGA-73-A9RS	ELF3	LUAD_HC_TF_AND_LINEAGE_POSITIVE_CONTROL	TESTED	CIS-BP2.00|000227|M03002_2.00	0.0	0.3287983462162799	TRUE
patient	TCGA-73-A9RS	TCGA-73-A9RS	ETV1	LUAD_HC_TF	TESTED	JASPAR2024|000652|MA1966.2	0.8758	-0.02887259605514133	FALSE
patient	TCGA-73-A9RS	TCGA-73-A9RS	FOXA1	LUAD_LINEAGE_POSITIVE_CONTROL	TESTED	CIS-BP2.00|000890|M07960_2.00	0.0145	0.13361323997517496	FALSE
patient	TCGA-73-A9RS	TCGA-73-A9RS	FOXA2	LUAD_LINEAGE_POSITIVE_CONTROL	TESTED	CIS-BP2.00|000889|M07959_2.00	0.2427	0.06299690791200895	FALSE
patient	TCGA-73-A9RS	TCGA-73-A9RS	FOXA3	LUAD_HC_TF	TESTED	CIS-BP2.00|000469|M04831_2.00	0.0	1.1027956595829993	TRUE
patient	TCGA-73-A9RS	TCGA-73-A9RS	FOXD2	LUAD_HC_TF	TESTED	JASPAR2024|000361|MA0847.4	0.0006	0.19166591224079274	FALSE
patient	TCGA-73-A9RS	TCGA-73-A9RS	GATA6	LUAD_LINEAGE_POSITIVE_CONTROL	TESTED	CIS-BP2.00|000947|M08124_2.00	1.0	-0.08697304886344752	FALSE
patient	TCGA-73-A9RS	TCGA-73-A9RS	HNF4A	LUAD_LINEAGE_POSITIVE_CONTROL	TESTED	JASPAR2024|000409|MA1494.2	1.0	-0.025106011480188106	FALSE
patient	TCGA-73-A9RS	TCGA-73-A9RS	NFATC4	LUAD_HC_TF	TESTED	JASPAR2024|000506|MA1525.3	0.2162	0.0745649077180336	FALSE
patient	TCGA-73-A9RS	TCGA-73-A9RS	NKX2-1	LUAD_LINEAGE_POSITIVE_CONTROL	TESTED	JASPAR2024|000822|MA1994.2	1.0	-0.14295687309723415	FALSE
patient	TCGA-73-A9RS	TCGA-73-A9RS	NR3C2	LUAD_HC_TF	TESTED	JASPAR2024|000539|MA0727.2	0.2464	0.11501093605242453	FALSE
patient	TCGA-73-A9RS	TCGA-73-A9RS	XBP1	LUAD_HC_TF	TESTED	CIS-BP2.00|000375|M04231_2.00	0.0034	0.2846202697794062	FALSE
patient	TCGA-73-A9RS	TCGA-73-A9RS	ZBTB18	LUAD_HC_TF	TESTED	JASPAR2024|000681|MA0698.2	0.2427	0.06362105637061262	FALSE
patient	TCGA-73-A9RS	TCGA-73-A9RS	ZNF141	LUAD_HC_TF	TESTED	CIS-BP2.00|000653|M07586_2.00	0.1235	0.09648381206756537	FALSE
patient	TCGA-73-A9RS	TCGA-73-A9RS	ZNF19	LUAD_HC_TF	TESTED	CIS-BP2.00|000670|M07603_2.00	0.1793	0.43580091948043215	FALSE
patient	TCGA-73-A9RS	TCGA-73-A9RS	ZNF254	LUAD_HC_TF	TESTED	CIS-BP2.00|000827|M07760_2.00	1.0	-0.12880120714509463	FALSE
patient	TCGA-73-A9RS	TCGA-73-A9RS	ZNF281	LUAD_HC_TF	TESTED	JASPAR2024|000706|MA1630.3	1.0	-0.0394112111939732	FALSE
patient	TCGA-73-A9RS	TCGA-73-A9RS	ZNF33A	LUAD_HC_TF	TESTED	CIS-BP2.00|000762|M07695_2.00	0.3696	0.06402344397601147	FALSE
patient	TCGA-73-A9RS	TCGA-73-A9RS	ZNF33B	LUAD_HC_TF	TESTED	CIS-BP2.00|000777|M07710_2.00	1.0	-0.034759485408240136	FALSE
patient	TCGA-73-A9RS	TCGA-73-A9RS	ZNF341	LUAD_HC_TF	TESTED	JASPAR2024|000712|MA1655.2	0.2177	-2.941632375771459	FALSE
patient	TCGA-73-A9RS	TCGA-73-A9RS	ZNF444	LUAD_HC_TF	TESTED	CIS-BP2.00|000420|M04529_2.00	0.0017	0.17633338386395417	FALSE
patient	TCGA-73-A9RS	TCGA-73-A9RS	ZNF540	LUAD_HC_TF	TESTED	CIS-BP2.00|000701|M07634_2.00	1.0	-0.04042785361626472	FALSE
patient	TCGA-73-A9RS	TCGA-73-A9RS	ZNF75D	LUAD_HC_TF	TESTED	JASPAR2024|000169|MA1601.2	0.2427	0.06451254998665533	FALSE
patient	TCGA-86-A4D0	TCGA-86-A4D0	CEBPA	LUAD_LINEAGE_POSITIVE_CONTROL	TESTED	JASPAR2024|000234|MA0102.5	0.0321	0.1456977028909319	FALSE
patient	TCGA-86-A4D0	TCGA-86-A4D0	CEBPB	LUAD_LINEAGE_POSITIVE_CONTROL	TESTED	CIS-BP2.00|000866|M07830_2.00	0.077	0.09658949189968374	FALSE
patient	TCGA-86-A4D0	TCGA-86-A4D0	CREB3L2	LUAD_HC_TF	TESTED	CIS-BP2.00|000117|M01812_2.00	0.0321	0.13179993175130578	FALSE
patient	TCGA-86-A4D0	TCGA-86-A4D0	E2F5	LUAD_HC_TF	TESTED	CIS-BP2.00|000940|M08109_2.00	1.0	-0.1804266879322005	FALSE
patient	TCGA-86-A4D0	TCGA-86-A4D0	ELF3	LUAD_HC_TF_AND_LINEAGE_POSITIVE_CONTROL	TESTED	CIS-BP2.00|000227|M03002_2.00	0.0	0.2997634238579034	TRUE
patient	TCGA-86-A4D0	TCGA-86-A4D0	ETV1	LUAD_HC_TF	TESTED	JASPAR2024|000311|MA0761.3	0.0695	0.8146838285016925	FALSE
patient	TCGA-86-A4D0	TCGA-86-A4D0	FOXA1	LUAD_LINEAGE_POSITIVE_CONTROL	TESTED	CIS-BP2.00|000890|M07960_2.00	0.0254	0.13904790462864977	FALSE
patient	TCGA-86-A4D0	TCGA-86-A4D0	FOXA2	LUAD_LINEAGE_POSITIVE_CONTROL	TESTED	CIS-BP2.00|000889|M07959_2.00	0.0499	0.11697960758922872	FALSE
patient	TCGA-86-A4D0	TCGA-86-A4D0	FOXA3	LUAD_HC_TF	TESTED	CIS-BP2.00|000469|M04831_2.00	0.0	0.9780009054423917	TRUE
patient	TCGA-86-A4D0	TCGA-86-A4D0	FOXD2	LUAD_HC_TF	TESTED	JASPAR2024|000361|MA0847.4	0.053	0.11463404226218041	FALSE
patient	TCGA-86-A4D0	TCGA-86-A4D0	GATA6	LUAD_LINEAGE_POSITIVE_CONTROL	TESTED	JASPAR2024|000382|MA1104.3	1.0	-0.06789892197509666	FALSE
patient	TCGA-86-A4D0	TCGA-86-A4D0	HNF4A	LUAD_LINEAGE_POSITIVE_CONTROL	TESTED	JASPAR2024|000410|MA0114.5	0.1305	0.22929136716899556	FALSE
patient	TCGA-86-A4D0	TCGA-86-A4D0	NFATC4	LUAD_HC_TF	TESTED	JASPAR2024|000506|MA1525.3	0.0	0.24722024159730074	TRUE
patient	TCGA-86-A4D0	TCGA-86-A4D0	NKX2-1	LUAD_LINEAGE_POSITIVE_CONTROL	TESTED	JASPAR2024|000822|MA1994.2	0.1535	0.18868476864639053	FALSE
patient	TCGA-86-A4D0	TCGA-86-A4D0	NR3C2	LUAD_HC_TF	TESTED	JASPAR2024|000539|MA0727.2	0.2352	0.11228005195963009	FALSE
patient	TCGA-86-A4D0	TCGA-86-A4D0	XBP1	LUAD_HC_TF	TESTED	JASPAR2024|000675|MA0844.2	0.0695	0.1015881048332178	FALSE
patient	TCGA-86-A4D0	TCGA-86-A4D0	ZBTB18	LUAD_HC_TF	TESTED	JASPAR2024|000681|MA0698.2	0.4567	0.03236797741210971	FALSE
patient	TCGA-86-A4D0	TCGA-86-A4D0	ZNF141	LUAD_HC_TF	TESTED	CIS-BP2.00|000653|M07586_2.00	0.2331	0.0666497233570582	FALSE
patient	TCGA-86-A4D0	TCGA-86-A4D0	ZNF19	LUAD_HC_TF	TESTED	CIS-BP2.00|000670|M07603_2.00	0.0618	1.1004451317653432	FALSE
patient	TCGA-86-A4D0	TCGA-86-A4D0	ZNF254	LUAD_HC_TF	TESTED	CIS-BP2.00|000827|M07760_2.00	1.0	-0.22237582360678473	FALSE
patient	TCGA-86-A4D0	TCGA-86-A4D0	ZNF281	LUAD_HC_TF	TESTED	JASPAR2024|000706|MA1630.3	1.0	-0.1316135738064881	FALSE
patient	TCGA-86-A4D0	TCGA-86-A4D0	ZNF33A	LUAD_HC_TF	TESTED	CIS-BP2.00|000762|M07695_2.00	0.1177	0.1561718546636139	FALSE
patient	TCGA-86-A4D0	TCGA-86-A4D0	ZNF33B	LUAD_HC_TF	TESTED	CIS-BP2.00|000777|M07710_2.00	0.6544	0.014470162163497755	FALSE
patient	TCGA-86-A4D0	TCGA-86-A4D0	ZNF341	LUAD_HC_TF	TESTED	JASPAR2024|000712|MA1655.2	1.0	-0.2915017994561835	FALSE
patient	TCGA-86-A4D0	TCGA-86-A4D0	ZNF444	LUAD_HC_TF	TESTED	CIS-BP2.00|000420|M04529_2.00	0.0321	0.12945020210436461	FALSE
patient	TCGA-86-A4D0	TCGA-86-A4D0	ZNF540	LUAD_HC_TF	TESTED	CIS-BP2.00|000701|M07634_2.00	0.6544	0.016548425864768193	FALSE
patient	TCGA-86-A4D0	TCGA-86-A4D0	ZNF75D	LUAD_HC_TF	TESTED	CIS-BP2.00|000750|M07683_2.00	0.1535	0.07948423342677398	FALSE
patient	TCGA-86-A4P7	TCGA-86-A4P7	CEBPA	LUAD_LINEAGE_POSITIVE_CONTROL	TESTED	CIS-BP2.00|000926|M08076_2.00	0.1263	0.08329126059661766	FALSE
patient	TCGA-86-A4P7	TCGA-86-A4P7	CEBPB	LUAD_LINEAGE_POSITIVE_CONTROL	TESTED	JASPAR2024|000235|MA0466.4	0.0175	0.25596448024701607	FALSE
patient	TCGA-86-A4P7	TCGA-86-A4P7	CREB3L2	LUAD_HC_TF	TESTED	CIS-BP2.00|000117|M01812_2.00	0.1417	0.07656209915655936	FALSE
patient	TCGA-86-A4P7	TCGA-86-A4P7	E2F5	LUAD_HC_TF	TESTED	CIS-BP2.00|000940|M08109_2.00	0.7565	0.009063324019617592	FALSE
patient	TCGA-86-A4P7	TCGA-86-A4P7	ELF3	LUAD_HC_TF_AND_LINEAGE_POSITIVE_CONTROL	TESTED	CIS-BP2.00|000227|M03002_2.00	0.0	0.3686987060283353	TRUE
patient	TCGA-86-A4P7	TCGA-86-A4P7	ETV1	LUAD_HC_TF	TESTED	JASPAR2024|000311|MA0761.3	0.4088	0.23689765004174318	FALSE
patient	TCGA-86-A4P7	TCGA-86-A4P7	FOXA1	LUAD_LINEAGE_POSITIVE_CONTROL	TESTED	CIS-BP2.00|000890|M07960_2.00	0.0	0.24592749710295278	TRUE
patient	TCGA-86-A4P7	TCGA-86-A4P7	FOXA2	LUAD_LINEAGE_POSITIVE_CONTROL	TESTED	CIS-BP2.00|000889|M07959_2.00	0.0	0.2364085996146904	TRUE
patient	TCGA-86-A4P7	TCGA-86-A4P7	FOXA3	LUAD_HC_TF	TESTED	CIS-BP2.00|000469|M04831_2.00	0.0	0.7376200260399315	TRUE
patient	TCGA-86-A4P7	TCGA-86-A4P7	FOXD2	LUAD_HC_TF	TESTED	JASPAR2024|000361|MA0847.4	0.0086	0.15036106284824047	FALSE
patient	TCGA-86-A4P7	TCGA-86-A4P7	GATA6	LUAD_LINEAGE_POSITIVE_CONTROL	TESTED	JASPAR2024|000382|MA1104.3	0.7178	0.01675503182646187	FALSE
patient	TCGA-86-A4P7	TCGA-86-A4P7	HNF4A	LUAD_LINEAGE_POSITIVE_CONTROL	TESTED	CIS-BP2.00|000974|M08219_2.00	0.88	-0.052139756556962215	FALSE
patient	TCGA-86-A4P7	TCGA-86-A4P7	NFATC4	LUAD_HC_TF	TESTED	JASPAR2024|000506|MA1525.3	0.0003	0.2157290583304121	FALSE
patient	TCGA-86-A4P7	TCGA-86-A4P7	NKX2-1	LUAD_LINEAGE_POSITIVE_CONTROL	TESTED	JASPAR2024|000822|MA1994.2	0.7178	0.02680160772721909	FALSE
patient	TCGA-86-A4P7	TCGA-86-A4P7	NR3C2	LUAD_HC_TF	TESTED	JASPAR2024|000539|MA0727.2	0.1435	0.14883358951005185	FALSE
patient	TCGA-86-A4P7	TCGA-86-A4P7	XBP1	LUAD_HC_TF	TESTED	JASPAR2024|000675|MA0844.2	0.0107	0.13929711414653195	FALSE
patient	TCGA-86-A4P7	TCGA-86-A4P7	ZBTB18	LUAD_HC_TF	TESTED	JASPAR2024|000681|MA0698.2	0.8435	-0.01858419796337862	FALSE
patient	TCGA-86-A4P7	TCGA-86-A4P7	ZNF141	LUAD_HC_TF	TESTED	CIS-BP2.00|000653|M07586_2.00	0.8971	-0.03793877313469003	FALSE
patient	TCGA-86-A4P7	TCGA-86-A4P7	ZNF19	LUAD_HC_TF	TESTED	CIS-BP2.00|000670|M07603_2.00	0.8435	-0.12062668580692652	FALSE
patient	TCGA-86-A4P7	TCGA-86-A4P7	ZNF254	LUAD_HC_TF	TESTED	CIS-BP2.00|000827|M07760_2.00	1.0	-0.15810402862717754	FALSE
patient	TCGA-86-A4P7	TCGA-86-A4P7	ZNF281	LUAD_HC_TF	TESTED	JASPAR2024|000706|MA1630.3	0.7739	0.0014424569413156586	FALSE
patient	TCGA-86-A4P7	TCGA-86-A4P7	ZNF33A	LUAD_HC_TF	TESTED	CIS-BP2.00|000762|M07695_2.00	0.3074	0.08812168985390294	FALSE
patient	TCGA-86-A4P7	TCGA-86-A4P7	ZNF33B	LUAD_HC_TF	TESTED	CIS-BP2.00|000777|M07710_2.00	0.8386	-0.015289405009186015	FALSE
patient	TCGA-86-A4P7	TCGA-86-A4P7	ZNF341	LUAD_HC_TF	TESTED	JASPAR2024|000712|MA1655.2	0.1653	2.3384703741346424	FALSE
patient	TCGA-86-A4P7	TCGA-86-A4P7	ZNF444	LUAD_HC_TF	TESTED	CIS-BP2.00|000420|M04529_2.00	0.0095	0.14752044549652665	FALSE
patient	TCGA-86-A4P7	TCGA-86-A4P7	ZNF540	LUAD_HC_TF	TESTED	CIS-BP2.00|000701|M07634_2.00	0.7739	-0.00022290106932108204	FALSE
patient	TCGA-86-A4P7	TCGA-86-A4P7	ZNF75D	LUAD_HC_TF	TESTED	JASPAR2024|000169|MA1601.2	0.0373	0.1229163385438202	FALSE
patient	TCGA-86-A4P8	TCGA-86-A4P8	CEBPA	LUAD_LINEAGE_POSITIVE_CONTROL	TESTED	CIS-BP2.00|000926|M08076_2.00	0.4788	0.04730836802046395	FALSE
patient	TCGA-86-A4P8	TCGA-86-A4P8	CEBPB	LUAD_LINEAGE_POSITIVE_CONTROL	TESTED	JASPAR2024|000235|MA0466.4	0.0	0.5166321538946804	TRUE
patient	TCGA-86-A4P8	TCGA-86-A4P8	CREB3L2	LUAD_HC_TF	TESTED	CIS-BP2.00|000117|M01812_2.00	0.2612	0.07234452179139185	FALSE
patient	TCGA-86-A4P8	TCGA-86-A4P8	E2F5	LUAD_HC_TF	TESTED	CIS-BP2.00|000940|M08109_2.00	1.0	-0.0638118843499648	FALSE
patient	TCGA-86-A4P8	TCGA-86-A4P8	ELF3	LUAD_HC_TF_AND_LINEAGE_POSITIVE_CONTROL	TESTED	CIS-BP2.00|000227|M03002_2.00	0.0	0.27193138092284225	TRUE
patient	TCGA-86-A4P8	TCGA-86-A4P8	ETV1	LUAD_HC_TF	TESTED	JASPAR2024|000311|MA0761.3	0.5849	0.1487509860371393	FALSE
patient	TCGA-86-A4P8	TCGA-86-A4P8	FOXA1	LUAD_LINEAGE_POSITIVE_CONTROL	TESTED	CIS-BP2.00|000890|M07960_2.00	0.0034	0.1632906927070682	FALSE
patient	TCGA-86-A4P8	TCGA-86-A4P8	FOXA2	LUAD_LINEAGE_POSITIVE_CONTROL	TESTED	CIS-BP2.00|000889|M07959_2.00	0.0565	0.12037726035278026	FALSE
patient	TCGA-86-A4P8	TCGA-86-A4P8	FOXA3	LUAD_HC_TF	TESTED	CIS-BP2.00|000469|M04831_2.00	0.0	0.5733284308432096	TRUE
patient	TCGA-86-A4P8	TCGA-86-A4P8	FOXD2	LUAD_HC_TF	TESTED	JASPAR2024|000361|MA0847.4	0.3923	0.05769248577959013	FALSE
patient	TCGA-86-A4P8	TCGA-86-A4P8	GATA6	LUAD_LINEAGE_POSITIVE_CONTROL	TESTED	JASPAR2024|000382|MA1104.3	1.0	-0.06457526874193081	FALSE
patient	TCGA-86-A4P8	TCGA-86-A4P8	HNF4A	LUAD_LINEAGE_POSITIVE_CONTROL	TESTED	JASPAR2024|000410|MA0114.5	0.6862	0.02755462151440828	FALSE
patient	TCGA-86-A4P8	TCGA-86-A4P8	NFATC4	LUAD_HC_TF	TESTED	JASPAR2024|000506|MA1525.3	0.1938	0.093773730514186	FALSE
patient	TCGA-86-A4P8	TCGA-86-A4P8	NKX2-1	LUAD_LINEAGE_POSITIVE_CONTROL	TESTED	JASPAR2024|000822|MA1994.2	0.6609	0.042991512511738564	FALSE
patient	TCGA-86-A4P8	TCGA-86-A4P8	NR3C2	LUAD_HC_TF	TESTED	JASPAR2024|000539|MA0727.2	0.903	-0.014836603317889373	FALSE
patient	TCGA-86-A4P8	TCGA-86-A4P8	XBP1	LUAD_HC_TF	TESTED	JASPAR2024|000675|MA0844.2	0.1343	0.09933895216590274	FALSE
patient	TCGA-86-A4P8	TCGA-86-A4P8	ZBTB18	LUAD_HC_TF	TESTED	JASPAR2024|000681|MA0698.2	0.9647	-0.020801509335378335	FALSE
patient	TCGA-86-A4P8	TCGA-86-A4P8	ZNF141	LUAD_HC_TF	TESTED	CIS-BP2.00|000653|M07586_2.00	0.2819	0.07611520094482997	FALSE
patient	TCGA-86-A4P8	TCGA-86-A4P8	ZNF19	LUAD_HC_TF	TESTED	CIS-BP2.00|000670|M07603_2.00	0.2511	0.5216762530799561	FALSE
patient	TCGA-86-A4P8	TCGA-86-A4P8	ZNF254	LUAD_HC_TF	TESTED	CIS-BP2.00|000827|M07760_2.00	1.0	-0.19011578834065992	FALSE
patient	TCGA-86-A4P8	TCGA-86-A4P8	ZNF281	LUAD_HC_TF	TESTED	JASPAR2024|000706|MA1630.3	1.0	-0.12658910303915547	FALSE
patient	TCGA-86-A4P8	TCGA-86-A4P8	ZNF33A	LUAD_HC_TF	TESTED	CIS-BP2.00|000762|M07695_2.00	0.4944	0.07259882457505726	FALSE
patient	TCGA-86-A4P8	TCGA-86-A4P8	ZNF33B	LUAD_HC_TF	TESTED	CIS-BP2.00|000777|M07710_2.00	0.8172	0.0020767478540761413	FALSE
patient	TCGA-86-A4P8	TCGA-86-A4P8	ZNF341	LUAD_HC_TF	TESTED	JASPAR2024|000712|MA1655.2	0.8172	-0.13777807004926124	FALSE
patient	TCGA-86-A4P8	TCGA-86-A4P8	ZNF444	LUAD_HC_TF	TESTED	CIS-BP2.00|000420|M04529_2.00	0.0006	0.19287505839797536	FALSE
patient	TCGA-86-A4P8	TCGA-86-A4P8	ZNF540	LUAD_HC_TF	TESTED	CIS-BP2.00|000701|M07634_2.00	1.0	-0.05597487186625397	FALSE
patient	TCGA-86-A4P8	TCGA-86-A4P8	ZNF75D	LUAD_HC_TF	TESTED	CIS-BP2.00|000750|M07683_2.00	0.3923	0.05726296626874639	FALSE
patient	TCGA-91-A4BC	TCGA-91-A4BC	CEBPA	LUAD_LINEAGE_POSITIVE_CONTROL	TESTED	CIS-BP2.00|000926|M08076_2.00	0.2659	0.0604596537509096	FALSE
patient	TCGA-91-A4BC	TCGA-91-A4BC	CEBPB	LUAD_LINEAGE_POSITIVE_CONTROL	TESTED	JASPAR2024|000235|MA0466.4	0.0	0.4422200071195808	TRUE
patient	TCGA-91-A4BC	TCGA-91-A4BC	CREB3L2	LUAD_HC_TF	TESTED	CIS-BP2.00|000117|M01812_2.00	0.0003	0.1901248981717066	FALSE
patient	TCGA-91-A4BC	TCGA-91-A4BC	E2F5	LUAD_HC_TF	TESTED	CIS-BP2.00|000940|M08109_2.00	1.0	-0.1091564357669698	FALSE
patient	TCGA-91-A4BC	TCGA-91-A4BC	ELF3	LUAD_HC_TF_AND_LINEAGE_POSITIVE_CONTROL	TESTED	CIS-BP2.00|000227|M03002_2.00	0.0	0.3609846141183481	TRUE
patient	TCGA-91-A4BC	TCGA-91-A4BC	ETV1	LUAD_HC_TF	TESTED	JASPAR2024|000311|MA0761.3	0.0445	0.3727785845675089	FALSE
patient	TCGA-91-A4BC	TCGA-91-A4BC	FOXA1	LUAD_LINEAGE_POSITIVE_CONTROL	TESTED	CIS-BP2.00|000890|M07960_2.00	0.0006	0.17591862462662014	FALSE
patient	TCGA-91-A4BC	TCGA-91-A4BC	FOXA2	LUAD_LINEAGE_POSITIVE_CONTROL	TESTED	CIS-BP2.00|000889|M07959_2.00	0.112	0.08444896825393347	FALSE
patient	TCGA-91-A4BC	TCGA-91-A4BC	FOXA3	LUAD_HC_TF	TESTED	CIS-BP2.00|000469|M04831_2.00	0.0	1.0210748362290487	TRUE
patient	TCGA-91-A4BC	TCGA-91-A4BC	FOXD2	LUAD_HC_TF	TESTED	JASPAR2024|000361|MA0847.4	0.0181	0.1297025576408815	FALSE
patient	TCGA-91-A4BC	TCGA-91-A4BC	GATA6	LUAD_LINEAGE_POSITIVE_CONTROL	TESTED	JASPAR2024|000382|MA1104.3	0.8343	-0.031399421563281855	FALSE
patient	TCGA-91-A4BC	TCGA-91-A4BC	HNF4A	LUAD_LINEAGE_POSITIVE_CONTROL	TESTED	JASPAR2024|000409|MA1494.2	0.454	0.0574617161454993	FALSE
patient	TCGA-91-A4BC	TCGA-91-A4BC	NFATC4	LUAD_HC_TF	TESTED	JASPAR2024|000506|MA1525.3	0.1958	0.0703464187402583	FALSE
patient	TCGA-91-A4BC	TCGA-91-A4BC	NKX2-1	LUAD_LINEAGE_POSITIVE_CONTROL	TESTED	JASPAR2024|000822|MA1994.2	0.713	-0.038161039560833276	FALSE
patient	TCGA-91-A4BC	TCGA-91-A4BC	NR3C2	LUAD_HC_TF	TESTED	JASPAR2024|000539|MA0727.2	0.112	0.1699346300380717	FALSE
patient	TCGA-91-A4BC	TCGA-91-A4BC	XBP1	LUAD_HC_TF	TESTED	JASPAR2024|000675|MA0844.2	0.0039	0.149795433536264	FALSE
patient	TCGA-91-A4BC	TCGA-91-A4BC	ZBTB18	LUAD_HC_TF	TESTED	CIS-BP2.00|000988|M08257_2.00	0.112	0.12014522967548982	FALSE
patient	TCGA-91-A4BC	TCGA-91-A4BC	ZNF141	LUAD_HC_TF	TESTED	CIS-BP2.00|000653|M07586_2.00	0.454	0.033482366887582056	FALSE
patient	TCGA-91-A4BC	TCGA-91-A4BC	ZNF19	LUAD_HC_TF	TESTED	CIS-BP2.00|000670|M07603_2.00	0.6059	-0.334918221652526	FALSE
patient	TCGA-91-A4BC	TCGA-91-A4BC	ZNF254	LUAD_HC_TF	TESTED	CIS-BP2.00|000827|M07760_2.00	1.0	-0.15553411243590293	FALSE
patient	TCGA-91-A4BC	TCGA-91-A4BC	ZNF281	LUAD_HC_TF	TESTED	CIS-BP2.00|001020|M08321_2.00	1.0	-0.16604568216791768	FALSE
patient	TCGA-91-A4BC	TCGA-91-A4BC	ZNF33A	LUAD_HC_TF	TESTED	CIS-BP2.00|000762|M07695_2.00	0.4441	0.04429834030290955	FALSE
patient	TCGA-91-A4BC	TCGA-91-A4BC	ZNF33B	LUAD_HC_TF	TESTED	CIS-BP2.00|000777|M07710_2.00	0.4175	0.04248001812482422	FALSE
patient	TCGA-91-A4BC	TCGA-91-A4BC	ZNF341	LUAD_HC_TF	TESTED	JASPAR2024|000712|MA1655.2	0.7807	-6.3974303913999755	FALSE
patient	TCGA-91-A4BC	TCGA-91-A4BC	ZNF444	LUAD_HC_TF	TESTED	CIS-BP2.00|000420|M04529_2.00	0.0005	0.19098226578870892	FALSE
patient	TCGA-91-A4BC	TCGA-91-A4BC	ZNF540	LUAD_HC_TF	TESTED	CIS-BP2.00|000701|M07634_2.00	0.7216	-0.00031631461711502796	FALSE
patient	TCGA-91-A4BC	TCGA-91-A4BC	ZNF75D	LUAD_HC_TF	TESTED	JASPAR2024|000169|MA1601.2	0.5885	0.015075393410638743	FALSE
patient	TCGA-91-A4BD	TCGA-91-A4BD	CEBPA	LUAD_LINEAGE_POSITIVE_CONTROL	TESTED	JASPAR2024|000234|MA0102.5	0.0387	0.12611482403520363	FALSE
patient	TCGA-91-A4BD	TCGA-91-A4BD	CEBPB	LUAD_LINEAGE_POSITIVE_CONTROL	TESTED	JASPAR2024|000235|MA0466.4	0.0006	0.37042138889848986	FALSE
patient	TCGA-91-A4BD	TCGA-91-A4BD	CREB3L2	LUAD_HC_TF	TESTED	CIS-BP2.00|000117|M01812_2.00	0.8813	-0.008361523381875046	FALSE
patient	TCGA-91-A4BD	TCGA-91-A4BD	E2F5	LUAD_HC_TF	TESTED	CIS-BP2.00|000940|M08109_2.00	1.0	-0.1281356323171678	FALSE
patient	TCGA-91-A4BD	TCGA-91-A4BD	ELF3	LUAD_HC_TF_AND_LINEAGE_POSITIVE_CONTROL	TESTED	CIS-BP2.00|000227|M03002_2.00	0.0	0.30773410383381944	TRUE
patient	TCGA-91-A4BD	TCGA-91-A4BD	ETV1	LUAD_HC_TF	TESTED	JASPAR2024|000652|MA1966.2	0.5286	0.08278300583074433	FALSE
patient	TCGA-91-A4BD	TCGA-91-A4BD	FOXA1	LUAD_LINEAGE_POSITIVE_CONTROL	TESTED	CIS-BP2.00|000890|M07960_2.00	0.0922	0.0962455440173654	FALSE
patient	TCGA-91-A4BD	TCGA-91-A4BD	FOXA2	LUAD_LINEAGE_POSITIVE_CONTROL	TESTED	CIS-BP2.00|000889|M07959_2.00	0.2031	0.07799897645628866	FALSE
patient	TCGA-91-A4BD	TCGA-91-A4BD	FOXA3	LUAD_HC_TF	TESTED	CIS-BP2.00|000469|M04831_2.00	0.0	0.7648309624603972	TRUE
patient	TCGA-91-A4BD	TCGA-91-A4BD	FOXD2	LUAD_HC_TF	TESTED	JASPAR2024|000361|MA0847.4	0.0022	0.1670161067288096	FALSE
patient	TCGA-91-A4BD	TCGA-91-A4BD	GATA6	LUAD_LINEAGE_POSITIVE_CONTROL	TESTED	JASPAR2024|000382|MA1104.3	1.0	-0.06596812336462878	FALSE
patient	TCGA-91-A4BD	TCGA-91-A4BD	HNF4A	LUAD_LINEAGE_POSITIVE_CONTROL	TESTED	JASPAR2024|000409|MA1494.2	1.0	-0.06445251391939918	FALSE
patient	TCGA-91-A4BD	TCGA-91-A4BD	NFATC4	LUAD_HC_TF	TESTED	JASPAR2024|000506|MA1525.3	0.001	0.19475923120563302	FALSE
patient	TCGA-91-A4BD	TCGA-91-A4BD	NKX2-1	LUAD_LINEAGE_POSITIVE_CONTROL	TESTED	JASPAR2024|000822|MA1994.2	1.0	-0.13981478498443808	FALSE
patient	TCGA-91-A4BD	TCGA-91-A4BD	NR3C2	LUAD_HC_TF	TESTED	JASPAR2024|000539|MA0727.2	1.0	-0.0912272222134637	FALSE
patient	TCGA-91-A4BD	TCGA-91-A4BD	XBP1	LUAD_HC_TF	TESTED	JASPAR2024|000675|MA0844.2	0.0012	0.17369982803506145	FALSE
patient	TCGA-91-A4BD	TCGA-91-A4BD	ZBTB18	LUAD_HC_TF	TESTED	JASPAR2024|000681|MA0698.2	0.772	0.017933327907726764	FALSE
patient	TCGA-91-A4BD	TCGA-91-A4BD	ZNF141	LUAD_HC_TF	TESTED	CIS-BP2.00|000653|M07586_2.00	0.772	0.015653212059095006	FALSE
patient	TCGA-91-A4BD	TCGA-91-A4BD	ZNF19	LUAD_HC_TF	TESTED	CIS-BP2.00|000670|M07603_2.00	0.695	-0.16134255454320995	FALSE
patient	TCGA-91-A4BD	TCGA-91-A4BD	ZNF254	LUAD_HC_TF	TESTED	CIS-BP2.00|000827|M07760_2.00	1.0	-0.13748107200792015	FALSE
patient	TCGA-91-A4BD	TCGA-91-A4BD	ZNF281	LUAD_HC_TF	TESTED	JASPAR2024|000706|MA1630.3	0.9875	-0.04141321941883723	FALSE
patient	TCGA-91-A4BD	TCGA-91-A4BD	ZNF33A	LUAD_HC_TF	TESTED	CIS-BP2.00|000762|M07695_2.00	0.871	-0.013568177860171985	FALSE
patient	TCGA-91-A4BD	TCGA-91-A4BD	ZNF33B	LUAD_HC_TF	TESTED	CIS-BP2.00|000777|M07710_2.00	0.772	0.020313656005322027	FALSE
patient	TCGA-91-A4BD	TCGA-91-A4BD	ZNF341	LUAD_HC_TF	TESTED	CIS-BP2.00|001017|M08310_2.00	0.772	-1.0431455391815039	FALSE
patient	TCGA-91-A4BD	TCGA-91-A4BD	ZNF444	LUAD_HC_TF	TESTED	CIS-BP2.00|000420|M04529_2.00	0.0012	0.17957421624599076	FALSE
patient	TCGA-91-A4BD	TCGA-91-A4BD	ZNF540	LUAD_HC_TF	TESTED	CIS-BP2.00|000701|M07634_2.00	0.5286	0.05583842488649242	FALSE
patient	TCGA-91-A4BD	TCGA-91-A4BD	ZNF75D	LUAD_HC_TF	TESTED	CIS-BP2.00|000750|M07683_2.00	0.3989	0.05655104345246459	FALSE
patient	TCGA-93-A4JN	TCGA-93-A4JN	CEBPA	LUAD_LINEAGE_POSITIVE_CONTROL	TESTED	CIS-BP2.00|000926|M08076_2.00	0.42	0.060510086178368463	FALSE
patient	TCGA-93-A4JN	TCGA-93-A4JN	CEBPB	LUAD_LINEAGE_POSITIVE_CONTROL	TESTED	JASPAR2024|000235|MA0466.4	0.0001	0.41152154294535814	FALSE
patient	TCGA-93-A4JN	TCGA-93-A4JN	CREB3L2	LUAD_HC_TF	TESTED	CIS-BP2.00|000117|M01812_2.00	0.42	0.05686252477910445	FALSE
patient	TCGA-93-A4JN	TCGA-93-A4JN	E2F5	LUAD_HC_TF	TESTED	CIS-BP2.00|000940|M08109_2.00	0.851	-0.01837972360256576	FALSE
patient	TCGA-93-A4JN	TCGA-93-A4JN	ELF3	LUAD_HC_TF_AND_LINEAGE_POSITIVE_CONTROL	TESTED	CIS-BP2.00|000227|M03002_2.00	0.0	0.35539303719330123	TRUE
patient	TCGA-93-A4JN	TCGA-93-A4JN	ETV1	LUAD_HC_TF	TESTED	JASPAR2024|000311|MA0761.3	0.0275	0.8978661747753028	FALSE
patient	TCGA-93-A4JN	TCGA-93-A4JN	FOXA1	LUAD_LINEAGE_POSITIVE_CONTROL	TESTED	CIS-BP2.00|000890|M07960_2.00	0.07	0.1038317547448397	FALSE
patient	TCGA-93-A4JN	TCGA-93-A4JN	FOXA2	LUAD_LINEAGE_POSITIVE_CONTROL	TESTED	CIS-BP2.00|000889|M07959_2.00	0.0109	0.14836110491661628	FALSE
patient	TCGA-93-A4JN	TCGA-93-A4JN	FOXA3	LUAD_HC_TF	TESTED	CIS-BP2.00|000469|M04831_2.00	0.0001	0.5464490076705961	FALSE
patient	TCGA-93-A4JN	TCGA-93-A4JN	FOXD2	LUAD_HC_TF	TESTED	JASPAR2024|000361|MA0847.4	0.4234	0.05610064569483006	FALSE
patient	TCGA-93-A4JN	TCGA-93-A4JN	GATA6	LUAD_LINEAGE_POSITIVE_CONTROL	TESTED	CIS-BP2.00|000947|M08124_2.00	1.0	-0.10579730419697057	FALSE
patient	TCGA-93-A4JN	TCGA-93-A4JN	HNF4A	LUAD_LINEAGE_POSITIVE_CONTROL	TESTED	JASPAR2024|000410|MA0114.5	0.7821	0.003669178276402962	FALSE
patient	TCGA-93-A4JN	TCGA-93-A4JN	NFATC4	LUAD_HC_TF	TESTED	JASPAR2024|000506|MA1525.3	0.0076	0.17253942094345515	FALSE
patient	TCGA-93-A4JN	TCGA-93-A4JN	NKX2-1	LUAD_LINEAGE_POSITIVE_CONTROL	TESTED	JASPAR2024|000822|MA1994.2	0.9261	-0.056883808781594304	FALSE
patient	TCGA-93-A4JN	TCGA-93-A4JN	NR3C2	LUAD_HC_TF	TESTED	JASPAR2024|000539|MA0727.2	0.5171	0.08064196758649118	FALSE
patient	TCGA-93-A4JN	TCGA-93-A4JN	XBP1	LUAD_HC_TF	TESTED	JASPAR2024|000675|MA0844.2	0.0239	0.12861466583649506	FALSE
patient	TCGA-93-A4JN	TCGA-93-A4JN	ZBTB18	LUAD_HC_TF	TESTED	CIS-BP2.00|000988|M08257_2.00	0.7695	0.012590282185147732	FALSE
patient	TCGA-93-A4JN	TCGA-93-A4JN	ZNF141	LUAD_HC_TF	TESTED	CIS-BP2.00|000653|M07586_2.00	0.7417	0.013679659720496968	FALSE
patient	TCGA-93-A4JN	TCGA-93-A4JN	ZNF19	LUAD_HC_TF	TESTED	CIS-BP2.00|000670|M07603_2.00	0.0118	1.349285571448574	FALSE
patient	TCGA-93-A4JN	TCGA-93-A4JN	ZNF254	LUAD_HC_TF	TESTED	CIS-BP2.00|000827|M07760_2.00	1.0	-0.25371835907712587	FALSE
patient	TCGA-93-A4JN	TCGA-93-A4JN	ZNF281	LUAD_HC_TF	TESTED	JASPAR2024|000706|MA1630.3	1.0	-0.0758911260532378	FALSE
patient	TCGA-93-A4JN	TCGA-93-A4JN	ZNF33A	LUAD_HC_TF	TESTED	CIS-BP2.00|000762|M07695_2.00	0.3864	0.11218997239256287	FALSE
patient	TCGA-93-A4JN	TCGA-93-A4JN	ZNF33B	LUAD_HC_TF	TESTED	CIS-BP2.00|000777|M07710_2.00	0.4534	0.05105321553042608	FALSE
patient	TCGA-93-A4JN	TCGA-93-A4JN	ZNF341	LUAD_HC_TF	TESTED	JASPAR2024|000712|MA1655.2	0.5508	0.9597606655307286	FALSE
patient	TCGA-93-A4JN	TCGA-93-A4JN	ZNF444	LUAD_HC_TF	TESTED	CIS-BP2.00|000420|M04529_2.00	0.0098	0.15427574533363805	FALSE
patient	TCGA-93-A4JN	TCGA-93-A4JN	ZNF540	LUAD_HC_TF	TESTED	CIS-BP2.00|000701|M07634_2.00	0.8094	-0.0060380171601262	FALSE
patient	TCGA-93-A4JN	TCGA-93-A4JN	ZNF75D	LUAD_HC_TF	TESTED	JASPAR2024|000169|MA1601.2	0.5508	0.03505002892477521	FALSE
patient	TCGA-93-A4JO	TCGA-93-A4JO	CEBPA	LUAD_LINEAGE_POSITIVE_CONTROL	TESTED	CIS-BP2.00|000926|M08076_2.00	0.368	0.04634719471240329	FALSE
patient	TCGA-93-A4JO	TCGA-93-A4JO	CEBPB	LUAD_LINEAGE_POSITIVE_CONTROL	TESTED	JASPAR2024|000235|MA0466.4	0.0003	0.383508372139032	FALSE
patient	TCGA-93-A4JO	TCGA-93-A4JO	CREB3L2	LUAD_HC_TF	TESTED	CIS-BP2.00|000117|M01812_2.00	0.0008	0.18161137958128445	FALSE
patient	TCGA-93-A4JO	TCGA-93-A4JO	E2F5	LUAD_HC_TF	TESTED	CIS-BP2.00|000940|M08109_2.00	1.0	-0.14213041138382262	FALSE
patient	TCGA-93-A4JO	TCGA-93-A4JO	ELF3	LUAD_HC_TF_AND_LINEAGE_POSITIVE_CONTROL	TESTED	CIS-BP2.00|000227|M03002_2.00	0.0	0.3435778677235293	TRUE
patient	TCGA-93-A4JO	TCGA-93-A4JO	ETV1	LUAD_HC_TF	TESTED	JASPAR2024|000311|MA0761.3	0.1549	0.22131296478226567	FALSE
patient	TCGA-93-A4JO	TCGA-93-A4JO	FOXA1	LUAD_LINEAGE_POSITIVE_CONTROL	TESTED	CIS-BP2.00|000890|M07960_2.00	0.0097	0.1351936125343161	FALSE
patient	TCGA-93-A4JO	TCGA-93-A4JO	FOXA2	LUAD_LINEAGE_POSITIVE_CONTROL	TESTED	CIS-BP2.00|000889|M07959_2.00	0.098	0.08921136345493036	FALSE
patient	TCGA-93-A4JO	TCGA-93-A4JO	FOXA3	LUAD_HC_TF	TESTED	CIS-BP2.00|000469|M04831_2.00	0.0	0.8501401780708765	TRUE
patient	TCGA-93-A4JO	TCGA-93-A4JO	FOXD2	LUAD_HC_TF	TESTED	JASPAR2024|000361|MA0847.4	0.0111	0.13649592693728907	FALSE
patient	TCGA-93-A4JO	TCGA-93-A4JO	GATA6	LUAD_LINEAGE_POSITIVE_CONTROL	TESTED	CIS-BP2.00|000947|M08124_2.00	1.0	-0.0424711033544031	FALSE
patient	TCGA-93-A4JO	TCGA-93-A4JO	HNF4A	LUAD_LINEAGE_POSITIVE_CONTROL	TESTED	JASPAR2024|000410|MA0114.5	0.81	-0.030992822628739945	FALSE
patient	TCGA-93-A4JO	TCGA-93-A4JO	NFATC4	LUAD_HC_TF	TESTED	JASPAR2024|000506|MA1525.3	0.0041	0.16821272239589463	FALSE
patient	TCGA-93-A4JO	TCGA-93-A4JO	NKX2-1	LUAD_LINEAGE_POSITIVE_CONTROL	TESTED	JASPAR2024|000822|MA1994.2	0.1947	0.1291181083485993	FALSE
patient	TCGA-93-A4JO	TCGA-93-A4JO	NR3C2	LUAD_HC_TF	TESTED	JASPAR2024|000539|MA0727.2	1.0	-0.05589962016898861	FALSE
patient	TCGA-93-A4JO	TCGA-93-A4JO	XBP1	LUAD_HC_TF	TESTED	CIS-BP2.00|000375|M04231_2.00	0.0053	0.2620232985959087	FALSE
patient	TCGA-93-A4JO	TCGA-93-A4JO	ZBTB18	LUAD_HC_TF	TESTED	JASPAR2024|000681|MA0698.2	0.81	0.0013162867834549622	FALSE
patient	TCGA-93-A4JO	TCGA-93-A4JO	ZNF141	LUAD_HC_TF	TESTED	CIS-BP2.00|000653|M07586_2.00	0.384	0.043050793361556296	FALSE
patient	TCGA-93-A4JO	TCGA-93-A4JO	ZNF19	LUAD_HC_TF	TESTED	CIS-BP2.00|000670|M07603_2.00	0.3556	-0.038150241008012606	FALSE
patient	TCGA-93-A4JO	TCGA-93-A4JO	ZNF254	LUAD_HC_TF	TESTED	CIS-BP2.00|000827|M07760_2.00	1.0	-0.2064038588126478	FALSE
patient	TCGA-93-A4JO	TCGA-93-A4JO	ZNF281	LUAD_HC_TF	TESTED	JASPAR2024|000706|MA1630.3	1.0	-0.0663357472410058	FALSE
patient	TCGA-93-A4JO	TCGA-93-A4JO	ZNF33A	LUAD_HC_TF	TESTED	CIS-BP2.00|000762|M07695_2.00	0.0053	0.2591093891950524	FALSE
patient	TCGA-93-A4JO	TCGA-93-A4JO	ZNF33B	LUAD_HC_TF	TESTED	CIS-BP2.00|000777|M07710_2.00	0.6823	0.015650059773834667	FALSE
patient	TCGA-93-A4JO	TCGA-93-A4JO	ZNF341	LUAD_HC_TF	TESTED	JASPAR2024|000712|MA1655.2	0.8414	-5.266742085427019	FALSE
patient	TCGA-93-A4JO	TCGA-93-A4JO	ZNF444	LUAD_HC_TF	TESTED	CIS-BP2.00|000420|M04529_2.00	0.0079	0.14549775526295972	FALSE
patient	TCGA-93-A4JO	TCGA-93-A4JO	ZNF540	LUAD_HC_TF	TESTED	CIS-BP2.00|000701|M07634_2.00	1.0	-0.041907552238635	FALSE
patient	TCGA-93-A4JO	TCGA-93-A4JO	ZNF75D	LUAD_HC_TF	TESTED	CIS-BP2.00|000750|M07683_2.00	0.2896	0.05485333445115569	FALSE
patient	TCGA-93-A4JQ	TCGA-93-A4JQ	CEBPA	LUAD_LINEAGE_POSITIVE_CONTROL	TESTED	JASPAR2024|000234|MA0102.5	0.6053	0.032273725089530136	FALSE
patient	TCGA-93-A4JQ	TCGA-93-A4JQ	CEBPB	LUAD_LINEAGE_POSITIVE_CONTROL	TESTED	JASPAR2024|000235|MA0466.4	0.2384	0.13311712988848615	FALSE
patient	TCGA-93-A4JQ	TCGA-93-A4JQ	CREB3L2	LUAD_HC_TF	TESTED	CIS-BP2.00|000117|M01812_2.00	0.0815	0.10405417879625112	FALSE
patient	TCGA-93-A4JQ	TCGA-93-A4JQ	E2F5	LUAD_HC_TF	TESTED	CIS-BP2.00|000940|M08109_2.00	1.0	-0.0945795901564772	FALSE
patient	TCGA-93-A4JQ	TCGA-93-A4JQ	ELF3	LUAD_HC_TF_AND_LINEAGE_POSITIVE_CONTROL	TESTED	CIS-BP2.00|000227|M03002_2.00	0.0	0.37257361890936247	TRUE
patient	TCGA-93-A4JQ	TCGA-93-A4JQ	ETV1	LUAD_HC_TF	TESTED	JASPAR2024|000311|MA0761.3	0.1723	0.6014818776352985	FALSE
patient	TCGA-93-A4JQ	TCGA-93-A4JQ	FOXA1	LUAD_LINEAGE_POSITIVE_CONTROL	TESTED	CIS-BP2.00|000890|M07960_2.00	0.0487	0.12610167129141678	FALSE
patient	TCGA-93-A4JQ	TCGA-93-A4JQ	FOXA2	LUAD_LINEAGE_POSITIVE_CONTROL	TESTED	CIS-BP2.00|000889|M07959_2.00	0.1226	0.09090654710131994	FALSE
patient	TCGA-93-A4JQ	TCGA-93-A4JQ	FOXA3	LUAD_HC_TF	TESTED	CIS-BP2.00|000469|M04831_2.00	0.0	0.9305366637865563	TRUE
patient	TCGA-93-A4JQ	TCGA-93-A4JQ	FOXD2	LUAD_HC_TF	TESTED	JASPAR2024|000361|MA0847.4	0.1149	0.09453606523780526	FALSE
patient	TCGA-93-A4JQ	TCGA-93-A4JQ	GATA6	LUAD_LINEAGE_POSITIVE_CONTROL	TESTED	JASPAR2024|000382|MA1104.3	1.0	-0.08866993363801001	FALSE
patient	TCGA-93-A4JQ	TCGA-93-A4JQ	HNF4A	LUAD_LINEAGE_POSITIVE_CONTROL	TESTED	JASPAR2024|000409|MA1494.2	0.8737	-0.0005059519867172287	FALSE
patient	TCGA-93-A4JQ	TCGA-93-A4JQ	NFATC4	LUAD_HC_TF	TESTED	JASPAR2024|000506|MA1525.3	0.0742	0.1215858695222256	FALSE
patient	TCGA-93-A4JQ	TCGA-93-A4JQ	NKX2-1	LUAD_LINEAGE_POSITIVE_CONTROL	TESTED	JASPAR2024|000822|MA1994.2	1.0	-0.055902125185389596	FALSE
patient	TCGA-93-A4JQ	TCGA-93-A4JQ	NR3C2	LUAD_HC_TF	TESTED	JASPAR2024|000539|MA0727.2	0.6669	0.03697302524344638	FALSE
patient	TCGA-93-A4JQ	TCGA-93-A4JQ	XBP1	LUAD_HC_TF	TESTED	JASPAR2024|000675|MA0844.2	0.0927	0.09799300095169011	FALSE
patient	TCGA-93-A4JQ	TCGA-93-A4JQ	ZBTB18	LUAD_HC_TF	TESTED	JASPAR2024|000681|MA0698.2	0.8316	0.0052363924857901	FALSE
patient	TCGA-93-A4JQ	TCGA-93-A4JQ	ZNF141	LUAD_HC_TF	TESTED	CIS-BP2.00|000653|M07586_2.00	1.0	-0.04573719011991762	FALSE
patient	TCGA-93-A4JQ	TCGA-93-A4JQ	ZNF19	LUAD_HC_TF	TESTED	CIS-BP2.00|000670|M07603_2.00	0.1579	0.8032808546302963	FALSE
patient	TCGA-93-A4JQ	TCGA-93-A4JQ	ZNF254	LUAD_HC_TF	TESTED	CIS-BP2.00|000827|M07760_2.00	1.0	-0.10362485129603552	FALSE
patient	TCGA-93-A4JQ	TCGA-93-A4JQ	ZNF281	LUAD_HC_TF	TESTED	JASPAR2024|000706|MA1630.3	1.0	-0.1196052193627656	FALSE
patient	TCGA-93-A4JQ	TCGA-93-A4JQ	ZNF33A	LUAD_HC_TF	TESTED	CIS-BP2.00|000762|M07695_2.00	0.0742	0.20515609501864812	FALSE
patient	TCGA-93-A4JQ	TCGA-93-A4JQ	ZNF33B	LUAD_HC_TF	TESTED	CIS-BP2.00|000777|M07710_2.00	0.4572	0.04390921673897183	FALSE
patient	TCGA-93-A4JQ	TCGA-93-A4JQ	ZNF341	LUAD_HC_TF	TESTED	JASPAR2024|000712|MA1655.2	1.0	0.02865868764613068	FALSE
patient	TCGA-93-A4JQ	TCGA-93-A4JQ	ZNF444	LUAD_HC_TF	TESTED	CIS-BP2.00|000420|M04529_2.00	0.0105	0.1615394279566663	FALSE
patient	TCGA-93-A4JQ	TCGA-93-A4JQ	ZNF540	LUAD_HC_TF	TESTED	CIS-BP2.00|000701|M07634_2.00	0.2451	0.07577353330705479	FALSE
patient	TCGA-93-A4JQ	TCGA-93-A4JQ	ZNF75D	LUAD_HC_TF	TESTED	JASPAR2024|000169|MA1601.2	0.0487	0.13775983798196145	FALSE
patient	TCGA-L4-A4E6	TCGA-L4-A4E6	CEBPA	LUAD_LINEAGE_POSITIVE_CONTROL	TESTED	CIS-BP2.00|000926|M08076_2.00	0.4828	0.04425180613224431	FALSE
patient	TCGA-L4-A4E6	TCGA-L4-A4E6	CEBPB	LUAD_LINEAGE_POSITIVE_CONTROL	TESTED	JASPAR2024|000235|MA0466.4	0.0	0.6038088397056594	TRUE
patient	TCGA-L4-A4E6	TCGA-L4-A4E6	CREB3L2	LUAD_HC_TF	TESTED	CIS-BP2.00|000117|M01812_2.00	0.1077	0.10439821513372136	FALSE
patient	TCGA-L4-A4E6	TCGA-L4-A4E6	E2F5	LUAD_HC_TF	TESTED	CIS-BP2.00|000940|M08109_2.00	1.0	-0.1703412531910697	FALSE
patient	TCGA-L4-A4E6	TCGA-L4-A4E6	ELF3	LUAD_HC_TF_AND_LINEAGE_POSITIVE_CONTROL	TESTED	CIS-BP2.00|000227|M03002_2.00	0.0	0.3328944211191171	TRUE
patient	TCGA-L4-A4E6	TCGA-L4-A4E6	ETV1	LUAD_HC_TF	TESTED	CIS-BP2.00|000457|M04708_2.00	0.2822	1.9921273951256824	FALSE
patient	TCGA-L4-A4E6	TCGA-L4-A4E6	FOXA1	LUAD_LINEAGE_POSITIVE_CONTROL	TESTED	CIS-BP2.00|000890|M07960_2.00	0.0002	0.20648380821270204	FALSE
patient	TCGA-L4-A4E6	TCGA-L4-A4E6	FOXA2	LUAD_LINEAGE_POSITIVE_CONTROL	TESTED	CIS-BP2.00|000889|M07959_2.00	0.0375	0.13213005406760042	FALSE
patient	TCGA-L4-A4E6	TCGA-L4-A4E6	FOXA3	LUAD_HC_TF	TESTED	CIS-BP2.00|000469|M04831_2.00	0.0	0.8315956229373116	TRUE
patient	TCGA-L4-A4E6	TCGA-L4-A4E6	FOXD2	LUAD_HC_TF	TESTED	JASPAR2024|000361|MA0847.4	0.2393	0.08042919994987476	FALSE
patient	TCGA-L4-A4E6	TCGA-L4-A4E6	GATA6	LUAD_LINEAGE_POSITIVE_CONTROL	TESTED	JASPAR2024|000382|MA1104.3	0.8561	-0.012931203550123166	FALSE
patient	TCGA-L4-A4E6	TCGA-L4-A4E6	HNF4A	LUAD_LINEAGE_POSITIVE_CONTROL	TESTED	JASPAR2024|000410|MA0114.5	1.0	-0.08256622835501783	FALSE
patient	TCGA-L4-A4E6	TCGA-L4-A4E6	NFATC4	LUAD_HC_TF	TESTED	JASPAR2024|000506|MA1525.3	0.4486	0.055077872915694666	FALSE
patient	TCGA-L4-A4E6	TCGA-L4-A4E6	NKX2-1	LUAD_LINEAGE_POSITIVE_CONTROL	TESTED	JASPAR2024|000822|MA1994.2	0.8561	-0.009364641820054	FALSE
patient	TCGA-L4-A4E6	TCGA-L4-A4E6	NR3C2	LUAD_HC_TF	TESTED	JASPAR2024|000539|MA0727.2	0.6346	0.03579396021090798	FALSE
patient	TCGA-L4-A4E6	TCGA-L4-A4E6	XBP1	LUAD_HC_TF	TESTED	JASPAR2024|000675|MA0844.2	0.048	0.1217297216715704	FALSE
patient	TCGA-L4-A4E6	TCGA-L4-A4E6	ZBTB18	LUAD_HC_TF	TESTED	CIS-BP2.00|000988|M08257_2.00	0.4572	0.08025123775082262	FALSE
patient	TCGA-L4-A4E6	TCGA-L4-A4E6	ZNF141	LUAD_HC_TF	TESTED	CIS-BP2.00|000653|M07586_2.00	0.6346	0.024505659676003145	FALSE
patient	TCGA-L4-A4E6	TCGA-L4-A4E6	ZNF19	LUAD_HC_TF	TESTED	CIS-BP2.00|000670|M07603_2.00	0.1865	1.091828195702745	FALSE
patient	TCGA-L4-A4E6	TCGA-L4-A4E6	ZNF254	LUAD_HC_TF	TESTED	CIS-BP2.00|000827|M07760_2.00	1.0	-0.14050979465182184	FALSE
patient	TCGA-L4-A4E6	TCGA-L4-A4E6	ZNF281	LUAD_HC_TF	TESTED	JASPAR2024|000706|MA1630.3	0.7663	0.005608665402806754	FALSE
patient	TCGA-L4-A4E6	TCGA-L4-A4E6	ZNF33A	LUAD_HC_TF	TESTED	CIS-BP2.00|000762|M07695_2.00	0.5808	0.05711123098698662	FALSE
patient	TCGA-L4-A4E6	TCGA-L4-A4E6	ZNF33B	LUAD_HC_TF	TESTED	CIS-BP2.00|000777|M07710_2.00	0.5659	0.03134763906667385	FALSE
patient	TCGA-L4-A4E6	TCGA-L4-A4E6	ZNF341	LUAD_HC_TF	TESTED	JASPAR2024|000712|MA1655.2	0.5427	3.1637903145911475	FALSE
patient	TCGA-L4-A4E6	TCGA-L4-A4E6	ZNF444	LUAD_HC_TF	TESTED	CIS-BP2.00|000420|M04529_2.00	0.0004	0.19860067277946705	FALSE
patient	TCGA-L4-A4E6	TCGA-L4-A4E6	ZNF540	LUAD_HC_TF	TESTED	CIS-BP2.00|000701|M07634_2.00	0.7076	0.012634451026002868	FALSE
patient	TCGA-L4-A4E6	TCGA-L4-A4E6	ZNF75D	LUAD_HC_TF	TESTED	JASPAR2024|000169|MA1601.2	0.4461	0.057758270256042736	FALSE
patient	TCGA-L9-A8F4	TCGA-L9-A8F4	CEBPA	LUAD_LINEAGE_POSITIVE_CONTROL	TESTED	CIS-BP2.00|000926|M08076_2.00	0.0459	0.11665173640856859	FALSE
patient	TCGA-L9-A8F4	TCGA-L9-A8F4	CEBPB	LUAD_LINEAGE_POSITIVE_CONTROL	TESTED	JASPAR2024|000235|MA0466.4	0.0001	0.4112812134219184	FALSE
patient	TCGA-L9-A8F4	TCGA-L9-A8F4	CREB3L2	LUAD_HC_TF	TESTED	CIS-BP2.00|000117|M01812_2.00	0.0827	0.09182027994399936	FALSE
patient	TCGA-L9-A8F4	TCGA-L9-A8F4	E2F5	LUAD_HC_TF	TESTED	CIS-BP2.00|000940|M08109_2.00	1.0	-0.14940345233949537	FALSE
patient	TCGA-L9-A8F4	TCGA-L9-A8F4	ELF3	LUAD_HC_TF_AND_LINEAGE_POSITIVE_CONTROL	TESTED	CIS-BP2.00|000227|M03002_2.00	0.0	0.31778973735635996	TRUE
patient	TCGA-L9-A8F4	TCGA-L9-A8F4	ETV1	LUAD_HC_TF	TESTED	JASPAR2024|000311|MA0761.3	0.1628	0.10583470526173827	FALSE
patient	TCGA-L9-A8F4	TCGA-L9-A8F4	FOXA1	LUAD_LINEAGE_POSITIVE_CONTROL	TESTED	CIS-BP2.00|000890|M07960_2.00	0.0234	0.12789423369586334	FALSE
patient	TCGA-L9-A8F4	TCGA-L9-A8F4	FOXA2	LUAD_LINEAGE_POSITIVE_CONTROL	TESTED	CIS-BP2.00|000889|M07959_2.00	0.0781	0.09771049340271826	FALSE
patient	TCGA-L9-A8F4	TCGA-L9-A8F4	FOXA3	LUAD_HC_TF	TESTED	CIS-BP2.00|000469|M04831_2.00	0.0	0.9834163667101925	TRUE
patient	TCGA-L9-A8F4	TCGA-L9-A8F4	FOXD2	LUAD_HC_TF	TESTED	CIS-BP2.00|000235|M03042_2.00	0.1894	0.07098922136850326	FALSE
patient	TCGA-L9-A8F4	TCGA-L9-A8F4	GATA6	LUAD_LINEAGE_POSITIVE_CONTROL	TESTED	CIS-BP2.00|000947|M08124_2.00	0.6902	-0.003409138486807755	FALSE
patient	TCGA-L9-A8F4	TCGA-L9-A8F4	HNF4A	LUAD_LINEAGE_POSITIVE_CONTROL	TESTED	CIS-BP2.00|000974|M08219_2.00	0.7002	-0.02481024875923854	FALSE
patient	TCGA-L9-A8F4	TCGA-L9-A8F4	NFATC4	LUAD_HC_TF	TESTED	JASPAR2024|000506|MA1525.3	0.0234	0.1370430989547818	FALSE
patient	TCGA-L9-A8F4	TCGA-L9-A8F4	NKX2-1	LUAD_LINEAGE_POSITIVE_CONTROL	TESTED	JASPAR2024|000822|MA1994.2	0.2516	0.08649583826083099	FALSE
patient	TCGA-L9-A8F4	TCGA-L9-A8F4	NR3C2	LUAD_HC_TF	TESTED	JASPAR2024|000539|MA0727.2	0.7002	0.006657969228200974	FALSE
patient	TCGA-L9-A8F4	TCGA-L9-A8F4	XBP1	LUAD_HC_TF	TESTED	CIS-BP2.00|000375|M04231_2.00	0.3075	0.055953484878581684	FALSE
patient	TCGA-L9-A8F4	TCGA-L9-A8F4	ZBTB18	LUAD_HC_TF	TESTED	JASPAR2024|000681|MA0698.2	0.2516	0.05249366862166125	FALSE
patient	TCGA-L9-A8F4	TCGA-L9-A8F4	ZNF141	LUAD_HC_TF	TESTED	CIS-BP2.00|000653|M07586_2.00	0.7138	-0.01273209936817579	FALSE
patient	TCGA-L9-A8F4	TCGA-L9-A8F4	ZNF19	LUAD_HC_TF	TESTED	CIS-BP2.00|000670|M07603_2.00	0.082	0.19887846363937248	FALSE
patient	TCGA-L9-A8F4	TCGA-L9-A8F4	ZNF254	LUAD_HC_TF	TESTED	CIS-BP2.00|000827|M07760_2.00	1.0	-0.18457153076502353	FALSE
patient	TCGA-L9-A8F4	TCGA-L9-A8F4	ZNF281	LUAD_HC_TF	TESTED	JASPAR2024|000706|MA1630.3	0.9811	-0.0740455673703115	FALSE
patient	TCGA-L9-A8F4	TCGA-L9-A8F4	ZNF33A	LUAD_HC_TF	TESTED	CIS-BP2.00|000762|M07695_2.00	0.6258	-0.0031824179646191995	FALSE
patient	TCGA-L9-A8F4	TCGA-L9-A8F4	ZNF33B	LUAD_HC_TF	TESTED	CIS-BP2.00|000777|M07710_2.00	0.4522	0.031048629478973497	FALSE
patient	TCGA-L9-A8F4	TCGA-L9-A8F4	ZNF341	LUAD_HC_TF	TESTED	JASPAR2024|000712|MA1655.2	0.7002	-6.113111509496128	FALSE
patient	TCGA-L9-A8F4	TCGA-L9-A8F4	ZNF444	LUAD_HC_TF	TESTED	CIS-BP2.00|000420|M04529_2.00	0.0003	0.1993660997990755	FALSE
patient	TCGA-L9-A8F4	TCGA-L9-A8F4	ZNF540	LUAD_HC_TF	TESTED	CIS-BP2.00|000701|M07634_2.00	0.9262	-0.04159125916141315	FALSE
patient	TCGA-L9-A8F4	TCGA-L9-A8F4	ZNF75D	LUAD_HC_TF	TESTED	CIS-BP2.00|000750|M07683_2.00	0.1429	0.07793788945617385	FALSE
patient	TCGA-MP-A4SV	TCGA-MP-A4SV	CEBPA	LUAD_LINEAGE_POSITIVE_CONTROL	TESTED	CIS-BP2.00|000926|M08076_2.00	0.0203	0.12456724581682913	FALSE
patient	TCGA-MP-A4SV	TCGA-MP-A4SV	CEBPB	LUAD_LINEAGE_POSITIVE_CONTROL	TESTED	JASPAR2024|000235|MA0466.4	0.0001	0.3972671676994329	FALSE
patient	TCGA-MP-A4SV	TCGA-MP-A4SV	CREB3L2	LUAD_HC_TF	TESTED	JASPAR2024|000025|MA0608.1	0.0295	0.11248244061622593	FALSE
patient	TCGA-MP-A4SV	TCGA-MP-A4SV	E2F5	LUAD_HC_TF	TESTED	CIS-BP2.00|000940|M08109_2.00	0.514	0.024068860438773307	FALSE
patient	TCGA-MP-A4SV	TCGA-MP-A4SV	ELF3	LUAD_HC_TF_AND_LINEAGE_POSITIVE_CONTROL	TESTED	CIS-BP2.00|000227|M03002_2.00	0.0	0.32182992882736705	TRUE
patient	TCGA-MP-A4SV	TCGA-MP-A4SV	ETV1	LUAD_HC_TF	TESTED	JASPAR2024|000311|MA0761.3	0.3185	0.006787947892496336	FALSE
patient	TCGA-MP-A4SV	TCGA-MP-A4SV	FOXA1	LUAD_LINEAGE_POSITIVE_CONTROL	TESTED	CIS-BP2.00|000890|M07960_2.00	0.0001	0.19398453106234134	FALSE
patient	TCGA-MP-A4SV	TCGA-MP-A4SV	FOXA2	LUAD_LINEAGE_POSITIVE_CONTROL	TESTED	CIS-BP2.00|000889|M07959_2.00	0.014	0.13320744978452254	FALSE
patient	TCGA-MP-A4SV	TCGA-MP-A4SV	FOXA3	LUAD_HC_TF	TESTED	CIS-BP2.00|000469|M04831_2.00	0.0	0.9019478374218597	TRUE
patient	TCGA-MP-A4SV	TCGA-MP-A4SV	FOXD2	LUAD_HC_TF	TESTED	JASPAR2024|000361|MA0847.4	0.0645	0.09652615983075616	FALSE
patient	TCGA-MP-A4SV	TCGA-MP-A4SV	GATA6	LUAD_LINEAGE_POSITIVE_CONTROL	TESTED	JASPAR2024|000382|MA1104.3	0.6796	-0.009435469356828551	FALSE
patient	TCGA-MP-A4SV	TCGA-MP-A4SV	HNF4A	LUAD_LINEAGE_POSITIVE_CONTROL	TESTED	JASPAR2024|000409|MA1494.2	0.601	0.02268223724378529	FALSE
patient	TCGA-MP-A4SV	TCGA-MP-A4SV	NFATC4	LUAD_HC_TF	TESTED	JASPAR2024|000506|MA1525.3	0.1129	0.0815361809891301	FALSE
patient	TCGA-MP-A4SV	TCGA-MP-A4SV	NKX2-1	LUAD_LINEAGE_POSITIVE_CONTROL	TESTED	JASPAR2024|000822|MA1994.2	0.0296	0.24246827021648087	FALSE
patient	TCGA-MP-A4SV	TCGA-MP-A4SV	NR3C2	LUAD_HC_TF	TESTED	JASPAR2024|000539|MA0727.2	0.0166	0.2447787362713455	FALSE
patient	TCGA-MP-A4SV	TCGA-MP-A4SV	XBP1	LUAD_HC_TF	TESTED	CIS-BP2.00|000375|M04231_2.00	0.0	0.39505709333547195	TRUE
patient	TCGA-MP-A4SV	TCGA-MP-A4SV	ZBTB18	LUAD_HC_TF	TESTED	CIS-BP2.00|000988|M08257_2.00	0.27	0.06993588050679965	FALSE
patient	TCGA-MP-A4SV	TCGA-MP-A4SV	ZNF141	LUAD_HC_TF	TESTED	CIS-BP2.00|000653|M07586_2.00	0.514	0.025817631355974088	FALSE
patient	TCGA-MP-A4SV	TCGA-MP-A4SV	ZNF19	LUAD_HC_TF	TESTED	CIS-BP2.00|000670|M07603_2.00	0.7854	-0.5438045413240137	FALSE
patient	TCGA-MP-A4SV	TCGA-MP-A4SV	ZNF254	LUAD_HC_TF	TESTED	CIS-BP2.00|000827|M07760_2.00	0.9993	-0.2158706556248406	FALSE
patient	TCGA-MP-A4SV	TCGA-MP-A4SV	ZNF281	LUAD_HC_TF	TESTED	JASPAR2024|000706|MA1630.3	0.5949	0.012683851980985589	FALSE
patient	TCGA-MP-A4SV	TCGA-MP-A4SV	ZNF33A	LUAD_HC_TF	TESTED	CIS-BP2.00|000762|M07695_2.00	0.0073	0.24947182997212378	FALSE
patient	TCGA-MP-A4SV	TCGA-MP-A4SV	ZNF33B	LUAD_HC_TF	TESTED	CIS-BP2.00|000777|M07710_2.00	0.0544	0.10283110967548327	FALSE
patient	TCGA-MP-A4SV	TCGA-MP-A4SV	ZNF341	LUAD_HC_TF	TESTED	JASPAR2024|000712|MA1655.2	0.8426	-5.748297578640422	FALSE
patient	TCGA-MP-A4SV	TCGA-MP-A4SV	ZNF444	LUAD_HC_TF	TESTED	CIS-BP2.00|000420|M04529_2.00	0.0001	0.20842469729213145	FALSE
patient	TCGA-MP-A4SV	TCGA-MP-A4SV	ZNF540	LUAD_HC_TF	TESTED	CIS-BP2.00|000701|M07634_2.00	0.9412	-0.06549884014641572	FALSE
patient	TCGA-MP-A4SV	TCGA-MP-A4SV	ZNF75D	LUAD_HC_TF	TESTED	CIS-BP2.00|000750|M07683_2.00	0.0674	0.09252932702257563	FALSE
patient	TCGA-MP-A4T4	TCGA-MP-A4T4	CEBPA	LUAD_LINEAGE_POSITIVE_CONTROL	TESTED	CIS-BP2.00|000926|M08076_2.00	0.4501	0.04270647497572768	FALSE
patient	TCGA-MP-A4T4	TCGA-MP-A4T4	CEBPB	LUAD_LINEAGE_POSITIVE_CONTROL	TESTED	JASPAR2024|000235|MA0466.4	0.0074	0.3054575798840378	FALSE
patient	TCGA-MP-A4T4	TCGA-MP-A4T4	CREB3L2	LUAD_HC_TF	TESTED	CIS-BP2.00|000117|M01812_2.00	0.0124	0.14330979164093244	FALSE
patient	TCGA-MP-A4T4	TCGA-MP-A4T4	E2F5	LUAD_HC_TF	TESTED	CIS-BP2.00|000940|M08109_2.00	1.0	-0.12352135405106829	FALSE
patient	TCGA-MP-A4T4	TCGA-MP-A4T4	ELF3	LUAD_HC_TF_AND_LINEAGE_POSITIVE_CONTROL	TESTED	CIS-BP2.00|000227|M03002_2.00	0.0	0.3124321657184597	TRUE
patient	TCGA-MP-A4T4	TCGA-MP-A4T4	ETV1	LUAD_HC_TF	TESTED	JASPAR2024|000311|MA0761.3	0.0639	0.7642998279916074	FALSE
patient	TCGA-MP-A4T4	TCGA-MP-A4T4	FOXA1	LUAD_LINEAGE_POSITIVE_CONTROL	TESTED	CIS-BP2.00|000890|M07960_2.00	0.0067	0.16201351706684053	FALSE
patient	TCGA-MP-A4T4	TCGA-MP-A4T4	FOXA2	LUAD_LINEAGE_POSITIVE_CONTROL	TESTED	CIS-BP2.00|000889|M07959_2.00	0.0638	0.11196378421064941	FALSE
patient	TCGA-MP-A4T4	TCGA-MP-A4T4	FOXA3	LUAD_HC_TF	TESTED	CIS-BP2.00|000469|M04831_2.00	0.0	0.9673697822513315	TRUE
patient	TCGA-MP-A4T4	TCGA-MP-A4T4	FOXD2	LUAD_HC_TF	TESTED	JASPAR2024|000361|MA0847.4	0.0736	0.10471290749674109	FALSE
patient	TCGA-MP-A4T4	TCGA-MP-A4T4	GATA6	LUAD_LINEAGE_POSITIVE_CONTROL	TESTED	JASPAR2024|000382|MA1104.3	1.0	-0.0958971212241541	FALSE
patient	TCGA-MP-A4T4	TCGA-MP-A4T4	HNF4A	LUAD_LINEAGE_POSITIVE_CONTROL	TESTED	JASPAR2024|000410|MA0114.5	0.8543	0.016992246994975983	FALSE
patient	TCGA-MP-A4T4	TCGA-MP-A4T4	NFATC4	LUAD_HC_TF	TESTED	JASPAR2024|000506|MA1525.3	0.0284	0.1383493082173519	FALSE
patient	TCGA-MP-A4T4	TCGA-MP-A4T4	NKX2-1	LUAD_LINEAGE_POSITIVE_CONTROL	TESTED	JASPAR2024|000822|MA1994.2	1.0	-0.15044501001259494	FALSE
patient	TCGA-MP-A4T4	TCGA-MP-A4T4	NR3C2	LUAD_HC_TF	TESTED	JASPAR2024|000539|MA0727.2	0.2239	0.14081182270852224	FALSE
patient	TCGA-MP-A4T4	TCGA-MP-A4T4	XBP1	LUAD_HC_TF	TESTED	JASPAR2024|000675|MA0844.2	0.2974	0.06270827114188528	FALSE
patient	TCGA-MP-A4T4	TCGA-MP-A4T4	ZBTB18	LUAD_HC_TF	TESTED	JASPAR2024|000681|MA0698.2	0.3197	0.05925703331869687	FALSE
patient	TCGA-MP-A4T4	TCGA-MP-A4T4	ZNF141	LUAD_HC_TF	TESTED	CIS-BP2.00|000653|M07586_2.00	0.8851	-0.005097623854260657	FALSE
patient	TCGA-MP-A4T4	TCGA-MP-A4T4	ZNF19	LUAD_HC_TF	TESTED	CIS-BP2.00|000670|M07603_2.00	1.0	-0.21337269829520372	FALSE
patient	TCGA-MP-A4T4	TCGA-MP-A4T4	ZNF254	LUAD_HC_TF	TESTED	CIS-BP2.00|000827|M07760_2.00	1.0	-0.28299619739510573	FALSE
patient	TCGA-MP-A4T4	TCGA-MP-A4T4	ZNF281	LUAD_HC_TF	TESTED	JASPAR2024|000706|MA1630.3	0.8851	-0.006808717228518182	FALSE
patient	TCGA-MP-A4T4	TCGA-MP-A4T4	ZNF33A	LUAD_HC_TF	TESTED	CIS-BP2.00|000762|M07695_2.00	0.223	0.13264028719970422	FALSE
patient	TCGA-MP-A4T4	TCGA-MP-A4T4	ZNF33B	LUAD_HC_TF	TESTED	CIS-BP2.00|000777|M07710_2.00	1.0	-0.03394123159610626	FALSE
patient	TCGA-MP-A4T4	TCGA-MP-A4T4	ZNF341	LUAD_HC_TF	TESTED	JASPAR2024|000712|MA1655.2	0.4731	1.1032186776639097	FALSE
patient	TCGA-MP-A4T4	TCGA-MP-A4T4	ZNF444	LUAD_HC_TF	TESTED	CIS-BP2.00|000420|M04529_2.00	0.009	0.15565975374093433	FALSE
patient	TCGA-MP-A4T4	TCGA-MP-A4T4	ZNF540	LUAD_HC_TF	TESTED	CIS-BP2.00|000701|M07634_2.00	0.935	-0.016618375902379218	FALSE
patient	TCGA-MP-A4T4	TCGA-MP-A4T4	ZNF75D	LUAD_HC_TF	TESTED	JASPAR2024|000169|MA1601.2	0.3197	0.06191933082957092	FALSE
patient	TCGA-MP-A4T7	TCGA-MP-A4T7	CEBPA	LUAD_LINEAGE_POSITIVE_CONTROL	TESTED	CIS-BP2.00|000926|M08076_2.00	0.2627	0.06696161788804779	FALSE
patient	TCGA-MP-A4T7	TCGA-MP-A4T7	CEBPB	LUAD_LINEAGE_POSITIVE_CONTROL	TESTED	JASPAR2024|000235|MA0466.4	0.0	0.5519042397391133	TRUE
patient	TCGA-MP-A4T7	TCGA-MP-A4T7	CREB3L2	LUAD_HC_TF	TESTED	CIS-BP2.00|000117|M01812_2.00	0.0513	0.11069824489333813	FALSE
patient	TCGA-MP-A4T7	TCGA-MP-A4T7	E2F5	LUAD_HC_TF	TESTED	CIS-BP2.00|000940|M08109_2.00	0.873	-0.021072492794114706	FALSE
patient	TCGA-MP-A4T7	TCGA-MP-A4T7	ELF3	LUAD_HC_TF_AND_LINEAGE_POSITIVE_CONTROL	TESTED	CIS-BP2.00|000227|M03002_2.00	0.0	0.2967897836422694	TRUE
patient	TCGA-MP-A4T7	TCGA-MP-A4T7	ETV1	LUAD_HC_TF	TESTED	JASPAR2024|000311|MA0761.3	0.0513	0.7793010460608871	FALSE
patient	TCGA-MP-A4T7	TCGA-MP-A4T7	FOXA1	LUAD_LINEAGE_POSITIVE_CONTROL	TESTED	CIS-BP2.00|000890|M07960_2.00	0.2891	0.05942479552409482	FALSE
patient	TCGA-MP-A4T7	TCGA-MP-A4T7	FOXA2	LUAD_LINEAGE_POSITIVE_CONTROL	TESTED	CIS-BP2.00|000889|M07959_2.00	0.6104	0.024461883166147263	FALSE
patient	TCGA-MP-A4T7	TCGA-MP-A4T7	FOXA3	LUAD_HC_TF	TESTED	CIS-BP2.00|000469|M04831_2.00	0.0	0.9422885247948638	TRUE
patient	TCGA-MP-A4T7	TCGA-MP-A4T7	FOXD2	LUAD_HC_TF	TESTED	JASPAR2024|000361|MA0847.4	0.0101	0.14927033235551984	FALSE
patient	TCGA-MP-A4T7	TCGA-MP-A4T7	GATA6	LUAD_LINEAGE_POSITIVE_CONTROL	TESTED	JASPAR2024|000382|MA1104.3	1.0	-0.1089596914529734	FALSE
patient	TCGA-MP-A4T7	TCGA-MP-A4T7	HNF4A	LUAD_LINEAGE_POSITIVE_CONTROL	TESTED	JASPAR2024|000409|MA1494.2	0.9257	-0.047801721195511744	FALSE
patient	TCGA-MP-A4T7	TCGA-MP-A4T7	NFATC4	LUAD_HC_TF	TESTED	JASPAR2024|000506|MA1525.3	0.0868	0.10536490756941778	FALSE
patient	TCGA-MP-A4T7	TCGA-MP-A4T7	NKX2-1	LUAD_LINEAGE_POSITIVE_CONTROL	TESTED	JASPAR2024|000822|MA1994.2	0.7434	0.009333275816457135	FALSE
patient	TCGA-MP-A4T7	TCGA-MP-A4T7	NR3C2	LUAD_HC_TF	TESTED	JASPAR2024|000539|MA0727.2	0.6327	0.04200346171660221	FALSE
patient	TCGA-MP-A4T7	TCGA-MP-A4T7	XBP1	LUAD_HC_TF	TESTED	JASPAR2024|000675|MA0844.2	0.002	0.1696907909916656	FALSE
patient	TCGA-MP-A4T7	TCGA-MP-A4T7	ZBTB18	LUAD_HC_TF	TESTED	JASPAR2024|000681|MA0698.2	0.647	0.01812662338441277	FALSE
patient	TCGA-MP-A4T7	TCGA-MP-A4T7	ZNF141	LUAD_HC_TF	TESTED	CIS-BP2.00|000653|M07586_2.00	0.3142	0.060949273897461805	FALSE
patient	TCGA-MP-A4T7	TCGA-MP-A4T7	ZNF19	LUAD_HC_TF	TESTED	CIS-BP2.00|000670|M07603_2.00	0.0914	0.7973787935161055	FALSE
patient	TCGA-MP-A4T7	TCGA-MP-A4T7	ZNF254	LUAD_HC_TF	TESTED	CIS-BP2.00|000827|M07760_2.00	1.0	-0.21158179840106756	FALSE
patient	TCGA-MP-A4T7	TCGA-MP-A4T7	ZNF281	LUAD_HC_TF	TESTED	JASPAR2024|000706|MA1630.3	0.6744	0.01576507772964004	FALSE
patient	TCGA-MP-A4T7	TCGA-MP-A4T7	ZNF33A	LUAD_HC_TF	TESTED	CIS-BP2.00|000762|M07695_2.00	0.393	0.08424484637140876	FALSE
patient	TCGA-MP-A4T7	TCGA-MP-A4T7	ZNF33B	LUAD_HC_TF	TESTED	CIS-BP2.00|000777|M07710_2.00	0.5467	0.03315282443232471	FALSE
patient	TCGA-MP-A4T7	TCGA-MP-A4T7	ZNF341	LUAD_HC_TF	TESTED	JASPAR2024|000712|MA1655.2	0.5467	0.8252027342757845	FALSE
patient	TCGA-MP-A4T7	TCGA-MP-A4T7	ZNF444	LUAD_HC_TF	TESTED	CIS-BP2.00|000420|M04529_2.00	0.0	0.25113284963290944	TRUE
patient	TCGA-MP-A4T7	TCGA-MP-A4T7	ZNF540	LUAD_HC_TF	TESTED	CIS-BP2.00|000701|M07634_2.00	0.9381	-0.04301512413150582	FALSE
patient	TCGA-MP-A4T7	TCGA-MP-A4T7	ZNF75D	LUAD_HC_TF	TESTED	CIS-BP2.00|000750|M07683_2.00	0.0303	0.12844262534548295	FALSE
patient	TCGA-MP-A4TE	TCGA-MP-A4TE	CEBPA	LUAD_LINEAGE_POSITIVE_CONTROL	TESTED	JASPAR2024|000234|MA0102.5	0.1348	0.10745443399461672	FALSE
patient	TCGA-MP-A4TE	TCGA-MP-A4TE	CEBPB	LUAD_LINEAGE_POSITIVE_CONTROL	TESTED	JASPAR2024|000235|MA0466.4	0.0	0.5897591397756625	TRUE
patient	TCGA-MP-A4TE	TCGA-MP-A4TE	CREB3L2	LUAD_HC_TF	TESTED	JASPAR2024|000025|MA0608.1	0.2184	0.07472347310400473	FALSE
patient	TCGA-MP-A4TE	TCGA-MP-A4TE	E2F5	LUAD_HC_TF	TESTED	CIS-BP2.00|000940|M08109_2.00	1.0	-0.04955210540049049	FALSE
patient	TCGA-MP-A4TE	TCGA-MP-A4TE	ELF3	LUAD_HC_TF_AND_LINEAGE_POSITIVE_CONTROL	TESTED	CIS-BP2.00|000227|M03002_2.00	0.0	0.3766837934002595	TRUE
patient	TCGA-MP-A4TE	TCGA-MP-A4TE	ETV1	LUAD_HC_TF	TESTED	JASPAR2024|000652|MA1966.2	0.3759	0.2105586057427492	FALSE
patient	TCGA-MP-A4TE	TCGA-MP-A4TE	FOXA1	LUAD_LINEAGE_POSITIVE_CONTROL	TESTED	CIS-BP2.00|000890|M07960_2.00	0.0379	0.12326641816855782	FALSE
patient	TCGA-MP-A4TE	TCGA-MP-A4TE	FOXA2	LUAD_LINEAGE_POSITIVE_CONTROL	TESTED	CIS-BP2.00|000889|M07959_2.00	0.2018	0.08097041116653139	FALSE
patient	TCGA-MP-A4TE	TCGA-MP-A4TE	FOXA3	LUAD_HC_TF	TESTED	CIS-BP2.00|000469|M04831_2.00	0.0	0.920963666757354	TRUE
patient	TCGA-MP-A4TE	TCGA-MP-A4TE	FOXD2	LUAD_HC_TF	TESTED	JASPAR2024|000361|MA0847.4	0.0191	0.1441091428878942	FALSE
patient	TCGA-MP-A4TE	TCGA-MP-A4TE	GATA6	LUAD_LINEAGE_POSITIVE_CONTROL	TESTED	JASPAR2024|000382|MA1104.3	1.0	-0.04497001009734047	FALSE
patient	TCGA-MP-A4TE	TCGA-MP-A4TE	HNF4A	LUAD_LINEAGE_POSITIVE_CONTROL	TESTED	CIS-BP2.00|000974|M08219_2.00	0.6993	0.039559984878693895	FALSE
patient	TCGA-MP-A4TE	TCGA-MP-A4TE	NFATC4	LUAD_HC_TF	TESTED	JASPAR2024|000506|MA1525.3	0.0305	0.14610835183964052	FALSE
patient	TCGA-MP-A4TE	TCGA-MP-A4TE	NKX2-1	LUAD_LINEAGE_POSITIVE_CONTROL	TESTED	JASPAR2024|000822|MA1994.2	0.9865	-0.021723246231258528	FALSE
patient	TCGA-MP-A4TE	TCGA-MP-A4TE	NR3C2	LUAD_HC_TF	TESTED	JASPAR2024|000539|MA0727.2	0.4014	0.0872051936051658	FALSE
patient	TCGA-MP-A4TE	TCGA-MP-A4TE	XBP1	LUAD_HC_TF	TESTED	JASPAR2024|000675|MA0844.2	0.0675	0.10863106976833103	FALSE
patient	TCGA-MP-A4TE	TCGA-MP-A4TE	ZBTB18	LUAD_HC_TF	TESTED	CIS-BP2.00|000988|M08257_2.00	0.8937	-0.004937736403472722	FALSE
patient	TCGA-MP-A4TE	TCGA-MP-A4TE	ZNF141	LUAD_HC_TF	TESTED	CIS-BP2.00|000653|M07586_2.00	0.8937	-0.008047365446987658	FALSE
patient	TCGA-MP-A4TE	TCGA-MP-A4TE	ZNF19	LUAD_HC_TF	TESTED	CIS-BP2.00|000670|M07603_2.00	0.2544	0.8621641679104171	FALSE
patient	TCGA-MP-A4TE	TCGA-MP-A4TE	ZNF254	LUAD_HC_TF	TESTED	CIS-BP2.00|000827|M07760_2.00	1.0	-0.31713636635511067	FALSE
patient	TCGA-MP-A4TE	TCGA-MP-A4TE	ZNF281	LUAD_HC_TF	TESTED	JASPAR2024|000706|MA1630.3	1.0	-0.1030574856098936	FALSE
patient	TCGA-MP-A4TE	TCGA-MP-A4TE	ZNF33A	LUAD_HC_TF	TESTED	CIS-BP2.00|000762|M07695_2.00	0.4014	0.09642550519280375	FALSE
patient	TCGA-MP-A4TE	TCGA-MP-A4TE	ZNF33B	LUAD_HC_TF	TESTED	CIS-BP2.00|000777|M07710_2.00	1.0	-0.05212599978439125	FALSE
patient	TCGA-MP-A4TE	TCGA-MP-A4TE	ZNF341	LUAD_HC_TF	TESTED	CIS-BP2.00|001017|M08310_2.00	0.7759	1.017947628780529	FALSE
patient	TCGA-MP-A4TE	TCGA-MP-A4TE	ZNF444	LUAD_HC_TF	TESTED	CIS-BP2.00|000420|M04529_2.00	0.01	0.15767540548583997	FALSE
patient	TCGA-MP-A4TE	TCGA-MP-A4TE	ZNF540	LUAD_HC_TF	TESTED	CIS-BP2.00|000701|M07634_2.00	0.5219	0.03571798804822761	FALSE
patient	TCGA-MP-A4TE	TCGA-MP-A4TE	ZNF75D	LUAD_HC_TF	TESTED	JASPAR2024|000169|MA1601.2	0.0348	0.1410656841314066	FALSE
patient	TCGA-MP-A4TF	TCGA-MP-A4TF	CEBPA	LUAD_LINEAGE_POSITIVE_CONTROL	TESTED	CIS-BP2.00|000926|M08076_2.00	0.0666	0.10605980980499345	FALSE
patient	TCGA-MP-A4TF	TCGA-MP-A4TF	CEBPB	LUAD_LINEAGE_POSITIVE_CONTROL	TESTED	CIS-BP2.00|000866|M07830_2.00	0.0054	0.14968856108109285	FALSE
patient	TCGA-MP-A4TF	TCGA-MP-A4TF	CREB3L2	LUAD_HC_TF	TESTED	CIS-BP2.00|000117|M01812_2.00	0.004	0.15756490749889718	FALSE
patient	TCGA-MP-A4TF	TCGA-MP-A4TF	E2F5	LUAD_HC_TF	TESTED	CIS-BP2.00|000940|M08109_2.00	0.9573	-0.04174486622354355	FALSE
patient	TCGA-MP-A4TF	TCGA-MP-A4TF	ELF3	LUAD_HC_TF_AND_LINEAGE_POSITIVE_CONTROL	TESTED	CIS-BP2.00|000227|M03002_2.00	0.0	0.378060441908728	TRUE
patient	TCGA-MP-A4TF	TCGA-MP-A4TF	ETV1	LUAD_HC_TF	TESTED	JASPAR2024|000311|MA0761.3	0.0763	0.6868905551105627	FALSE
patient	TCGA-MP-A4TF	TCGA-MP-A4TF	FOXA1	LUAD_LINEAGE_POSITIVE_CONTROL	TESTED	CIS-BP2.00|000890|M07960_2.00	0.2416	0.06916669655131871	FALSE
patient	TCGA-MP-A4TF	TCGA-MP-A4TF	FOXA2	LUAD_LINEAGE_POSITIVE_CONTROL	TESTED	CIS-BP2.00|000889|M07959_2.00	0.6772	0.019949490427746186	FALSE
patient	TCGA-MP-A4TF	TCGA-MP-A4TF	FOXA3	LUAD_HC_TF	TESTED	CIS-BP2.00|000469|M04831_2.00	0.0	0.8220652137241897	TRUE
patient	TCGA-MP-A4TF	TCGA-MP-A4TF	FOXD2	LUAD_HC_TF	TESTED	JASPAR2024|000361|MA0847.4	0.5138	0.037813460722489055	FALSE
patient	TCGA-MP-A4TF	TCGA-MP-A4TF	GATA6	LUAD_LINEAGE_POSITIVE_CONTROL	TESTED	JASPAR2024|000382|MA1104.3	0.7311	0.015313833376294673	FALSE
patient	TCGA-MP-A4TF	TCGA-MP-A4TF	HNF4A	LUAD_LINEAGE_POSITIVE_CONTROL	TESTED	JASPAR2024|000409|MA1494.2	0.8709	0.0020647585911450807	FALSE
patient	TCGA-MP-A4TF	TCGA-MP-A4TF	NFATC4	LUAD_HC_TF	TESTED	JASPAR2024|000506|MA1525.3	0.0033	0.1813011422291135	FALSE
patient	TCGA-MP-A4TF	TCGA-MP-A4TF	NKX2-1	LUAD_LINEAGE_POSITIVE_CONTROL	TESTED	JASPAR2024|000822|MA1994.2	0.9573	-0.07973923621045113	FALSE
patient	TCGA-MP-A4TF	TCGA-MP-A4TF	NR3C2	LUAD_HC_TF	TESTED	JASPAR2024|000539|MA0727.2	0.2693	0.11935698777491861	FALSE
patient	TCGA-MP-A4TF	TCGA-MP-A4TF	XBP1	LUAD_HC_TF	TESTED	JASPAR2024|000675|MA0844.2	0.0002	0.20034635242239457	FALSE
patient	TCGA-MP-A4TF	TCGA-MP-A4TF	ZBTB18	LUAD_HC_TF	TESTED	JASPAR2024|000681|MA0698.2	0.5842	0.029770657772505028	FALSE
patient	TCGA-MP-A4TF	TCGA-MP-A4TF	ZNF141	LUAD_HC_TF	TESTED	CIS-BP2.00|000653|M07586_2.00	0.299	0.061870616087439254	FALSE
patient	TCGA-MP-A4TF	TCGA-MP-A4TF	ZNF19	LUAD_HC_TF	TESTED	CIS-BP2.00|000670|M07603_2.00	0.8709	-0.0338438143418381	FALSE
patient	TCGA-MP-A4TF	TCGA-MP-A4TF	ZNF254	LUAD_HC_TF	TESTED	CIS-BP2.00|000827|M07760_2.00	1.0	-0.16424582578958397	FALSE
patient	TCGA-MP-A4TF	TCGA-MP-A4TF	ZNF281	LUAD_HC_TF	TESTED	JASPAR2024|000706|MA1630.3	0.2122	0.09790372987103133	FALSE
patient	TCGA-MP-A4TF	TCGA-MP-A4TF	ZNF33A	LUAD_HC_TF	TESTED	CIS-BP2.00|000762|M07695_2.00	0.8709	-0.012786026233065217	FALSE
patient	TCGA-MP-A4TF	TCGA-MP-A4TF	ZNF33B	LUAD_HC_TF	TESTED	CIS-BP2.00|000777|M07710_2.00	0.9573	-0.03870993975120314	FALSE
patient	TCGA-MP-A4TF	TCGA-MP-A4TF	ZNF341	LUAD_HC_TF	TESTED	CIS-BP2.00|001017|M08310_2.00	0.9573	-0.304246044985258	FALSE
patient	TCGA-MP-A4TF	TCGA-MP-A4TF	ZNF444	LUAD_HC_TF	TESTED	CIS-BP2.00|000420|M04529_2.00	0.0	0.24751821026293255	TRUE
patient	TCGA-MP-A4TF	TCGA-MP-A4TF	ZNF540	LUAD_HC_TF	TESTED	CIS-BP2.00|000701|M07634_2.00	0.9422	-0.02337732770962263	FALSE
patient	TCGA-MP-A4TF	TCGA-MP-A4TF	ZNF75D	LUAD_HC_TF	TESTED	CIS-BP2.00|000750|M07683_2.00	0.2416	0.07039438754992224	FALSE
patient	TCGA-NJ-A4YG	TCGA-NJ-A4YG	CEBPA	LUAD_LINEAGE_POSITIVE_CONTROL	TESTED	JASPAR2024|000234|MA0102.5	0.3244	0.058923272620276336	FALSE
patient	TCGA-NJ-A4YG	TCGA-NJ-A4YG	CEBPB	LUAD_LINEAGE_POSITIVE_CONTROL	TESTED	JASPAR2024|000235|MA0466.4	0.0069	0.2879765119254444	FALSE
patient	TCGA-NJ-A4YG	TCGA-NJ-A4YG	CREB3L2	LUAD_HC_TF	TESTED	CIS-BP2.00|000117|M01812_2.00	0.0039	0.15900700078556376	FALSE
patient	TCGA-NJ-A4YG	TCGA-NJ-A4YG	E2F5	LUAD_HC_TF	TESTED	CIS-BP2.00|000940|M08109_2.00	1.0	-0.07683387022497684	FALSE
patient	TCGA-NJ-A4YG	TCGA-NJ-A4YG	ELF3	LUAD_HC_TF_AND_LINEAGE_POSITIVE_CONTROL	TESTED	CIS-BP2.00|000227|M03002_2.00	0.0	0.40433197570852514	TRUE
patient	TCGA-NJ-A4YG	TCGA-NJ-A4YG	ETV1	LUAD_HC_TF	TESTED	JASPAR2024|000311|MA0761.3	0.2111	0.4682080358775724	FALSE
patient	TCGA-NJ-A4YG	TCGA-NJ-A4YG	FOXA1	LUAD_LINEAGE_POSITIVE_CONTROL	TESTED	CIS-BP2.00|000890|M07960_2.00	0.0055	0.15226576482999016	FALSE
patient	TCGA-NJ-A4YG	TCGA-NJ-A4YG	FOXA2	LUAD_LINEAGE_POSITIVE_CONTROL	TESTED	CIS-BP2.00|000889|M07959_2.00	0.0024	0.1718689384487491	FALSE
patient	TCGA-NJ-A4YG	TCGA-NJ-A4YG	FOXA3	LUAD_HC_TF	TESTED	CIS-BP2.00|000469|M04831_2.00	0.0	0.7703290636109497	TRUE
patient	TCGA-NJ-A4YG	TCGA-NJ-A4YG	FOXD2	LUAD_HC_TF	TESTED	JASPAR2024|000361|MA0847.4	0.0018	0.1798864798069298	FALSE
patient	TCGA-NJ-A4YG	TCGA-NJ-A4YG	GATA6	LUAD_LINEAGE_POSITIVE_CONTROL	TESTED	JASPAR2024|000382|MA1104.3	1.0	-0.06441036018164686	FALSE
patient	TCGA-NJ-A4YG	TCGA-NJ-A4YG	HNF4A	LUAD_LINEAGE_POSITIVE_CONTROL	TESTED	CIS-BP2.00|000974|M08219_2.00	0.7223	-0.002578852966524427	FALSE
patient	TCGA-NJ-A4YG	TCGA-NJ-A4YG	NFATC4	LUAD_HC_TF	TESTED	JASPAR2024|000506|MA1525.3	0.0194	0.13811248463036752	FALSE
patient	TCGA-NJ-A4YG	TCGA-NJ-A4YG	NKX2-1	LUAD_LINEAGE_POSITIVE_CONTROL	TESTED	JASPAR2024|000822|MA1994.2	0.255	0.15012017516656276	FALSE
patient	TCGA-NJ-A4YG	TCGA-NJ-A4YG	NR3C2	LUAD_HC_TF	TESTED	JASPAR2024|000539|MA0727.2	0.551	0.03701018808779259	FALSE
patient	TCGA-NJ-A4YG	TCGA-NJ-A4YG	XBP1	LUAD_HC_TF	TESTED	CIS-BP2.00|000375|M04231_2.00	0.0	0.4808472940804968	TRUE
patient	TCGA-NJ-A4YG	TCGA-NJ-A4YG	ZBTB18	LUAD_HC_TF	TESTED	CIS-BP2.00|000988|M08257_2.00	0.4151	0.04849553703796349	FALSE
patient	TCGA-NJ-A4YG	TCGA-NJ-A4YG	ZNF141	LUAD_HC_TF	TESTED	CIS-BP2.00|000653|M07586_2.00	0.4508	0.030151617255652727	FALSE
patient	TCGA-NJ-A4YG	TCGA-NJ-A4YG	ZNF19	LUAD_HC_TF	TESTED	CIS-BP2.00|000670|M07603_2.00	0.6279	0.048700618674006234	FALSE
patient	TCGA-NJ-A4YG	TCGA-NJ-A4YG	ZNF254	LUAD_HC_TF	TESTED	CIS-BP2.00|000827|M07760_2.00	1.0	-0.26469647346974023	FALSE
patient	TCGA-NJ-A4YG	TCGA-NJ-A4YG	ZNF281	LUAD_HC_TF	TESTED	JASPAR2024|000706|MA1630.3	1.0	-0.06705948710535627	FALSE
patient	TCGA-NJ-A4YG	TCGA-NJ-A4YG	ZNF33A	LUAD_HC_TF	TESTED	CIS-BP2.00|000762|M07695_2.00	0.2574	0.10767106267719923	FALSE
patient	TCGA-NJ-A4YG	TCGA-NJ-A4YG	ZNF33B	LUAD_HC_TF	TESTED	CIS-BP2.00|000777|M07710_2.00	1.0	-0.06429927406813707	FALSE
patient	TCGA-NJ-A4YG	TCGA-NJ-A4YG	ZNF341	LUAD_HC_TF	TESTED	JASPAR2024|000712|MA1655.2	0.2111	2.1690941047689773	FALSE
patient	TCGA-NJ-A4YG	TCGA-NJ-A4YG	ZNF444	LUAD_HC_TF	TESTED	CIS-BP2.00|000420|M04529_2.00	0.0184	0.13319502738885935	FALSE
patient	TCGA-NJ-A4YG	TCGA-NJ-A4YG	ZNF540	LUAD_HC_TF	TESTED	CIS-BP2.00|000701|M07634_2.00	0.2111	0.09043766445715903	FALSE
patient	TCGA-NJ-A4YG	TCGA-NJ-A4YG	ZNF75D	LUAD_HC_TF	TESTED	JASPAR2024|000169|MA1601.2	0.1772	0.08767718641821201	FALSE
PDX	MGH10022	MGH10022	CEBPA	LUAD_LINEAGE_POSITIVE_CONTROL	TESTED	JASPAR2024|000234|MA0102.5	0.1886	0.08137774876661698	FALSE
PDX	MGH10022	MGH10022	CEBPB	LUAD_LINEAGE_POSITIVE_CONTROL	TESTED	JASPAR2024|000235|MA0466.4	0.0002	0.38426706515053927	FALSE
PDX	MGH10022	MGH10022	CREB3L2	LUAD_HC_TF	TESTED	CIS-BP2.00|000117|M01812_2.00	0.1388	0.08716465980934897	FALSE
PDX	MGH10022	MGH10022	E2F5	LUAD_HC_TF	TESTED	CIS-BP2.00|000940|M08109_2.00	1.0	-0.06805669449509294	FALSE
PDX	MGH10022	MGH10022	ELF3	LUAD_HC_TF_AND_LINEAGE_POSITIVE_CONTROL	TESTED	CIS-BP2.00|000227|M03002_2.00	0.0	0.3492301419187714	TRUE
PDX	MGH10022	MGH10022	ETV1	LUAD_HC_TF	TESTED	JASPAR2024|000311|MA0761.3	0.5453	0.2235060768958049	FALSE
PDX	MGH10022	MGH10022	FOXA1	LUAD_LINEAGE_POSITIVE_CONTROL	TESTED	JASPAR2024|000356|MA0148.5	0.0788	0.13826530897497671	FALSE
PDX	MGH10022	MGH10022	FOXA2	LUAD_LINEAGE_POSITIVE_CONTROL	TESTED	JASPAR2024|000357|MA0047.4	0.1886	0.0906289110103078	FALSE
PDX	MGH10022	MGH10022	FOXA3	LUAD_HC_TF	TESTED	CIS-BP2.00|000469|M04831_2.00	0.058	0.32244581130770855	FALSE
PDX	MGH10022	MGH10022	FOXD2	LUAD_HC_TF	TESTED	CIS-BP2.00|000235|M03042_2.00	0.1026	0.10140223430546023	FALSE
PDX	MGH10022	MGH10022	GATA6	LUAD_LINEAGE_POSITIVE_CONTROL	TESTED	JASPAR2024|000382|MA1104.3	0.8839	0.00024000185314129504	FALSE
PDX	MGH10022	MGH10022	HNF4A	LUAD_LINEAGE_POSITIVE_CONTROL	TESTED	JASPAR2024|000410|MA0114.5	1.0	-0.0527735055984353	FALSE
PDX	MGH10022	MGH10022	NFATC4	LUAD_HC_TF	TESTED	JASPAR2024|000506|MA1525.3	0.0	0.26033067034389784	TRUE
PDX	MGH10022	MGH10022	NKX2-1	LUAD_LINEAGE_POSITIVE_CONTROL	TESTED	JASPAR2024|000822|MA1994.2	1.0	-0.17474416340242788	FALSE
PDX	MGH10022	MGH10022	NR3C2	LUAD_HC_TF	TESTED	JASPAR2024|000539|MA0727.2	1.0	-0.06307194121352803	FALSE
PDX	MGH10022	MGH10022	XBP1	LUAD_HC_TF	TESTED	JASPAR2024|000675|MA0844.2	0.0108	0.15129770939597872	FALSE
PDX	MGH10022	MGH10022	ZBTB18	LUAD_HC_TF	TESTED	CIS-BP2.00|000988|M08257_2.00	1.0	-0.07460468628844118	FALSE
PDX	MGH10022	MGH10022	ZNF141	LUAD_HC_TF	TESTED	CIS-BP2.00|000653|M07586_2.00	0.8794	0.003021932735848853	FALSE
PDX	MGH10022	MGH10022	ZNF19	LUAD_HC_TF	TESTED	CIS-BP2.00|000670|M07603_2.00	0.5453	0.2640300679438634	FALSE
PDX	MGH10022	MGH10022	ZNF254	LUAD_HC_TF	TESTED	CIS-BP2.00|000827|M07760_2.00	1.0	-0.11342208967022305	FALSE
PDX	MGH10022	MGH10022	ZNF281	LUAD_HC_TF	TESTED	JASPAR2024|000706|MA1630.3	0.9426	-0.007918861361952032	FALSE
PDX	MGH10022	MGH10022	ZNF33A	LUAD_HC_TF	TESTED	CIS-BP2.00|000762|M07695_2.00	0.036	0.22522971281608273	FALSE
PDX	MGH10022	MGH10022	ZNF33B	LUAD_HC_TF	TESTED	CIS-BP2.00|000777|M07710_2.00	1.0	-0.12028730966161806	FALSE
PDX	MGH10022	MGH10022	ZNF341	LUAD_HC_TF	TESTED	CIS-BP2.00|001017|M08310_2.00	0.5453	0.5268373372695632	FALSE
PDX	MGH10022	MGH10022	ZNF444	LUAD_HC_TF	TESTED	CIS-BP2.00|000420|M04529_2.00	0.0788	0.11544062940182441	FALSE
PDX	MGH10022	MGH10022	ZNF540	LUAD_HC_TF	TESTED	CIS-BP2.00|000701|M07634_2.00	1.0	-0.05785912743368756	FALSE
PDX	MGH10022	MGH10022	ZNF75D	LUAD_HC_TF	TESTED	JASPAR2024|000169|MA1601.2	0.0849	0.11327132176806033	FALSE
PDX	MGH1062	MGH1062	CEBPA	LUAD_LINEAGE_POSITIVE_CONTROL	TESTED	JASPAR2024|000234|MA0102.5	0.0937	0.09233748964233673	FALSE
PDX	MGH1062	MGH1062	CEBPB	LUAD_LINEAGE_POSITIVE_CONTROL	TESTED	JASPAR2024|000235|MA0466.4	0.0	0.5048459929747771	TRUE
PDX	MGH1062	MGH1062	CREB3L2	LUAD_HC_TF	TESTED	CIS-BP2.00|000117|M01812_2.00	0.0779	0.09041394567615753	FALSE
PDX	MGH1062	MGH1062	E2F5	LUAD_HC_TF	TESTED	CIS-BP2.00|000940|M08109_2.00	0.0016	0.27296740324661295	FALSE
PDX	MGH1062	MGH1062	ELF3	LUAD_HC_TF_AND_LINEAGE_POSITIVE_CONTROL	TESTED	CIS-BP2.00|000227|M03002_2.00	0.0	0.4912439132818282	TRUE
PDX	MGH1062	MGH1062	ETV1	LUAD_HC_TF	TESTED	CIS-BP2.00|000457|M04708_2.00	0.3501	0.5887860290384461	FALSE
PDX	MGH1062	MGH1062	FOXA1	LUAD_LINEAGE_POSITIVE_CONTROL	TESTED	JASPAR2024|000356|MA0148.5	0.0375	0.13400405191322612	FALSE
PDX	MGH1062	MGH1062	FOXA2	LUAD_LINEAGE_POSITIVE_CONTROL	TESTED	JASPAR2024|000357|MA0047.4	0.0266	0.13736059057565284	FALSE
PDX	MGH1062	MGH1062	FOXA3	LUAD_HC_TF	TESTED	JASPAR2024|000358|MA1683.2	0.014	0.21005546998396613	FALSE
PDX	MGH1062	MGH1062	FOXD2	LUAD_HC_TF	TESTED	CIS-BP2.00|000235|M03042_2.00	0.855	-0.01412970499747507	FALSE
PDX	MGH1062	MGH1062	GATA6	LUAD_LINEAGE_POSITIVE_CONTROL	TESTED	JASPAR2024|000382|MA1104.3	0.0212	0.16213622283636278	FALSE
PDX	MGH1062	MGH1062	HNF4A	LUAD_LINEAGE_POSITIVE_CONTROL	TESTED	JASPAR2024|000410|MA0114.5	0.014	0.3312231100378004	FALSE
PDX	MGH1062	MGH1062	NFATC4	LUAD_HC_TF	TESTED	JASPAR2024|000506|MA1525.3	0.0	0.2749160450755545	TRUE
PDX	MGH1062	MGH1062	NKX2-1	LUAD_LINEAGE_POSITIVE_CONTROL	TESTED	JASPAR2024|000822|MA1994.2	0.0025	0.3774840673256877	FALSE
PDX	MGH1062	MGH1062	NR3C2	LUAD_HC_TF	TESTED	JASPAR2024|000539|MA0727.2	1.0	-0.2864646632455369	FALSE
PDX	MGH1062	MGH1062	XBP1	LUAD_HC_TF	TESTED	JASPAR2024|000675|MA0844.2	0.0	0.3254846881255231	TRUE
PDX	MGH1062	MGH1062	ZBTB18	LUAD_HC_TF	TESTED	JASPAR2024|000681|MA0698.2	1.0	-0.12296234006314873	FALSE
PDX	MGH1062	MGH1062	ZNF141	LUAD_HC_TF	TESTED	CIS-BP2.00|000653|M07586_2.00	0.6468	0.010443755071650485	FALSE
PDX	MGH1062	MGH1062	ZNF19	LUAD_HC_TF	TESTED	CIS-BP2.00|000670|M07603_2.00	0.0289	0.9101526112020417	FALSE
PDX	MGH1062	MGH1062	ZNF254	LUAD_HC_TF	TESTED	CIS-BP2.00|000827|M07760_2.00	1.0	-0.09180647783163998	FALSE
PDX	MGH1062	MGH1062	ZNF281	LUAD_HC_TF	TESTED	JASPAR2024|000706|MA1630.3	0.014	0.16927173505290513	FALSE
PDX	MGH1062	MGH1062	ZNF33A	LUAD_HC_TF	TESTED	CIS-BP2.00|000762|M07695_2.00	0.256	0.08646652513996797	FALSE
PDX	MGH1062	MGH1062	ZNF33B	LUAD_HC_TF	TESTED	CIS-BP2.00|000777|M07710_2.00	1.0	-0.0448638112084053	FALSE
PDX	MGH1062	MGH1062	ZNF341	LUAD_HC_TF	TESTED	CIS-BP2.00|001017|M08310_2.00	0.5895	0.16373408699441497	FALSE
PDX	MGH1062	MGH1062	ZNF444	LUAD_HC_TF	TESTED	CIS-BP2.00|000420|M04529_2.00	0.8657	-0.01888353611351226	FALSE
PDX	MGH1062	MGH1062	ZNF540	LUAD_HC_TF	TESTED	CIS-BP2.00|000701|M07634_2.00	1.0	-0.04631233206537434	FALSE
PDX	MGH1062	MGH1062	ZNF75D	LUAD_HC_TF	TESTED	JASPAR2024|000169|MA1601.2	0.0009	0.19495436532293467	FALSE
PDX	MGH1065	MGH1065	CEBPA	LUAD_LINEAGE_POSITIVE_CONTROL	NOT_TESTABLE_PEAK_COUNT_MATCH	NA	1.0	0.0	FALSE
PDX	MGH1065	MGH1065	CEBPB	LUAD_LINEAGE_POSITIVE_CONTROL	NOT_TESTABLE_PEAK_COUNT_MATCH	NA	1.0	0.0	FALSE
PDX	MGH1065	MGH1065	CREB3L2	LUAD_HC_TF	NOT_TESTABLE_PEAK_COUNT_MATCH	NA	1.0	0.0	FALSE
PDX	MGH1065	MGH1065	E2F5	LUAD_HC_TF	NOT_TESTABLE_PEAK_COUNT_MATCH	NA	1.0	0.0	FALSE
PDX	MGH1065	MGH1065	ELF3	LUAD_HC_TF_AND_LINEAGE_POSITIVE_CONTROL	NOT_TESTABLE_PEAK_COUNT_MATCH	NA	1.0	0.0	FALSE
PDX	MGH1065	MGH1065	ETV1	LUAD_HC_TF	NOT_TESTABLE_PEAK_COUNT_MATCH	NA	1.0	0.0	FALSE
PDX	MGH1065	MGH1065	FOXA1	LUAD_LINEAGE_POSITIVE_CONTROL	NOT_TESTABLE_PEAK_COUNT_MATCH	NA	1.0	0.0	FALSE
PDX	MGH1065	MGH1065	FOXA2	LUAD_LINEAGE_POSITIVE_CONTROL	NOT_TESTABLE_PEAK_COUNT_MATCH	NA	1.0	0.0	FALSE
PDX	MGH1065	MGH1065	FOXA3	LUAD_HC_TF	NOT_TESTABLE_PEAK_COUNT_MATCH	NA	1.0	0.0	FALSE
PDX	MGH1065	MGH1065	FOXD2	LUAD_HC_TF	NOT_TESTABLE_PEAK_COUNT_MATCH	NA	1.0	0.0	FALSE
PDX	MGH1065	MGH1065	GATA6	LUAD_LINEAGE_POSITIVE_CONTROL	NOT_TESTABLE_PEAK_COUNT_MATCH	NA	1.0	0.0	FALSE
PDX	MGH1065	MGH1065	HNF4A	LUAD_LINEAGE_POSITIVE_CONTROL	NOT_TESTABLE_PEAK_COUNT_MATCH	NA	1.0	0.0	FALSE
PDX	MGH1065	MGH1065	NFATC4	LUAD_HC_TF	NOT_TESTABLE_PEAK_COUNT_MATCH	NA	1.0	0.0	FALSE
PDX	MGH1065	MGH1065	NKX2-1	LUAD_LINEAGE_POSITIVE_CONTROL	NOT_TESTABLE_PEAK_COUNT_MATCH	NA	1.0	0.0	FALSE
PDX	MGH1065	MGH1065	NR3C2	LUAD_HC_TF	NOT_TESTABLE_PEAK_COUNT_MATCH	NA	1.0	0.0	FALSE
PDX	MGH1065	MGH1065	XBP1	LUAD_HC_TF	NOT_TESTABLE_PEAK_COUNT_MATCH	NA	1.0	0.0	FALSE
PDX	MGH1065	MGH1065	ZBTB18	LUAD_HC_TF	NOT_TESTABLE_PEAK_COUNT_MATCH	NA	1.0	0.0	FALSE
PDX	MGH1065	MGH1065	ZNF141	LUAD_HC_TF	NOT_TESTABLE_PEAK_COUNT_MATCH	NA	1.0	0.0	FALSE
PDX	MGH1065	MGH1065	ZNF19	LUAD_HC_TF	NOT_TESTABLE_PEAK_COUNT_MATCH	NA	1.0	0.0	FALSE
PDX	MGH1065	MGH1065	ZNF254	LUAD_HC_TF	NOT_TESTABLE_PEAK_COUNT_MATCH	NA	1.0	0.0	FALSE
PDX	MGH1065	MGH1065	ZNF281	LUAD_HC_TF	NOT_TESTABLE_PEAK_COUNT_MATCH	NA	1.0	0.0	FALSE
PDX	MGH1065	MGH1065	ZNF33A	LUAD_HC_TF	NOT_TESTABLE_PEAK_COUNT_MATCH	NA	1.0	0.0	FALSE
PDX	MGH1065	MGH1065	ZNF33B	LUAD_HC_TF	NOT_TESTABLE_PEAK_COUNT_MATCH	NA	1.0	0.0	FALSE
PDX	MGH1065	MGH1065	ZNF341	LUAD_HC_TF	NOT_TESTABLE_PEAK_COUNT_MATCH	NA	1.0	0.0	FALSE
PDX	MGH1065	MGH1065	ZNF444	LUAD_HC_TF	NOT_TESTABLE_PEAK_COUNT_MATCH	NA	1.0	0.0	FALSE
PDX	MGH1065	MGH1065	ZNF540	LUAD_HC_TF	NOT_TESTABLE_PEAK_COUNT_MATCH	NA	1.0	0.0	FALSE
PDX	MGH1065	MGH1065	ZNF75D	LUAD_HC_TF	NOT_TESTABLE_PEAK_COUNT_MATCH	NA	1.0	0.0	FALSE
PDX	MGH1068	MGH1068	CEBPA	LUAD_LINEAGE_POSITIVE_CONTROL	TESTED	CIS-BP2.00|000926|M08076_2.00	0.1352	0.08534167218592202	FALSE
PDX	MGH1068	MGH1068	CEBPB	LUAD_LINEAGE_POSITIVE_CONTROL	TESTED	JASPAR2024|000235|MA0466.4	0.0	0.6093379755945844	TRUE
PDX	MGH1068	MGH1068	CREB3L2	LUAD_HC_TF	TESTED	CIS-BP2.00|000117|M01812_2.00	0.0071	0.14873749920216364	FALSE
PDX	MGH1068	MGH1068	E2F5	LUAD_HC_TF	TESTED	CIS-BP2.00|000940|M08109_2.00	1.0	-0.10529831312421468	FALSE
PDX	MGH1068	MGH1068	ELF3	LUAD_HC_TF_AND_LINEAGE_POSITIVE_CONTROL	TESTED	CIS-BP2.00|000227|M03002_2.00	0.0	0.5704554525881219	TRUE
PDX	MGH1068	MGH1068	ETV1	LUAD_HC_TF	TESTED	JASPAR2024|000311|MA0761.3	0.2151	0.40392576906471017	FALSE
PDX	MGH1068	MGH1068	FOXA1	LUAD_LINEAGE_POSITIVE_CONTROL	TESTED	CIS-BP2.00|000890|M07960_2.00	0.0071	0.14539917860998064	FALSE
PDX	MGH1068	MGH1068	FOXA2	LUAD_LINEAGE_POSITIVE_CONTROL	TESTED	CIS-BP2.00|000889|M07959_2.00	0.03	0.12117417458421889	FALSE
PDX	MGH1068	MGH1068	FOXA3	LUAD_HC_TF	TESTED	CIS-BP2.00|000469|M04831_2.00	0.0	0.6065609135899779	TRUE
PDX	MGH1068	MGH1068	FOXD2	LUAD_HC_TF	TESTED	CIS-BP2.00|000235|M03042_2.00	0.2852	0.054238656913183476	FALSE
PDX	MGH1068	MGH1068	GATA6	LUAD_LINEAGE_POSITIVE_CONTROL	TESTED	JASPAR2024|000382|MA1104.3	0.5377	0.029270176958545734	FALSE
PDX	MGH1068	MGH1068	HNF4A	LUAD_LINEAGE_POSITIVE_CONTROL	TESTED	JASPAR2024|000410|MA0114.5	0.1174	0.22734115002379526	FALSE
PDX	MGH1068	MGH1068	NFATC4	LUAD_HC_TF	TESTED	JASPAR2024|000506|MA1525.3	0.0001	0.22883771636217423	FALSE
PDX	MGH1068	MGH1068	NKX2-1	LUAD_LINEAGE_POSITIVE_CONTROL	TESTED	JASPAR2024|000822|MA1994.2	0.2227	0.1500633530262836	FALSE
PDX	MGH1068	MGH1068	NR3C2	LUAD_HC_TF	TESTED	JASPAR2024|000539|MA0727.2	0.9774	-0.06773423712929162	FALSE
PDX	MGH1068	MGH1068	XBP1	LUAD_HC_TF	TESTED	JASPAR2024|000675|MA0844.2	0.0019	0.17087783634573903	FALSE
PDX	MGH1068	MGH1068	ZBTB18	LUAD_HC_TF	TESTED	CIS-BP2.00|000988|M08257_2.00	0.7573	0.00011344829055323467	FALSE
PDX	MGH1068	MGH1068	ZNF141	LUAD_HC_TF	TESTED	CIS-BP2.00|000653|M07586_2.00	0.2021	0.07826781995666655	FALSE
PDX	MGH1068	MGH1068	ZNF19	LUAD_HC_TF	TESTED	CIS-BP2.00|000670|M07603_2.00	0.5195	0.16744876151964502	FALSE
PDX	MGH1068	MGH1068	ZNF254	LUAD_HC_TF	TESTED	CIS-BP2.00|000827|M07760_2.00	1.0	-0.08418078660765936	FALSE
PDX	MGH1068	MGH1068	ZNF281	LUAD_HC_TF	TESTED	CIS-BP2.00|001020|M08321_2.00	0.2227	0.08317178495266742	FALSE
PDX	MGH1068	MGH1068	ZNF33A	LUAD_HC_TF	TESTED	CIS-BP2.00|000762|M07695_2.00	0.5773	0.02986917977182824	FALSE
PDX	MGH1068	MGH1068	ZNF33B	LUAD_HC_TF	TESTED	CIS-BP2.00|000777|M07710_2.00	1.0	-0.07911653689308432	FALSE
PDX	MGH1068	MGH1068	ZNF341	LUAD_HC_TF	TESTED	JASPAR2024|000712|MA1655.2	0.7695	-0.13539693124527977	FALSE
PDX	MGH1068	MGH1068	ZNF444	LUAD_HC_TF	TESTED	CIS-BP2.00|000420|M04529_2.00	0.0071	0.15412998978947298	FALSE
PDX	MGH1068	MGH1068	ZNF540	LUAD_HC_TF	TESTED	CIS-BP2.00|000701|M07634_2.00	1.0	-0.05767490462272147	FALSE
PDX	MGH1068	MGH1068	ZNF75D	LUAD_HC_TF	TESTED	JASPAR2024|000169|MA1601.2	0.0655	0.10995658133854583	FALSE
PDX	MGH1089	MGH1089	CEBPA	LUAD_LINEAGE_POSITIVE_CONTROL	TESTED	JASPAR2024|000234|MA0102.5	0.013	0.1454768214793659	FALSE
PDX	MGH1089	MGH1089	CEBPB	LUAD_LINEAGE_POSITIVE_CONTROL	TESTED	JASPAR2024|000235|MA0466.4	0.0001	0.3694875968338066	FALSE
PDX	MGH1089	MGH1089	CREB3L2	LUAD_HC_TF	TESTED	CIS-BP2.00|000117|M01812_2.00	0.0001	0.20228023915568136	FALSE
PDX	MGH1089	MGH1089	E2F5	LUAD_HC_TF	TESTED	CIS-BP2.00|000940|M08109_2.00	0.0001	0.3247916631158008	FALSE
PDX	MGH1089	MGH1089	ELF3	LUAD_HC_TF_AND_LINEAGE_POSITIVE_CONTROL	TESTED	CIS-BP2.00|000227|M03002_2.00	0.0	0.632597000058143	TRUE
PDX	MGH1089	MGH1089	ETV1	LUAD_HC_TF	TESTED	JASPAR2024|000652|MA1966.2	0.3462	0.1225681907757468	FALSE
PDX	MGH1089	MGH1089	FOXA1	LUAD_LINEAGE_POSITIVE_CONTROL	TESTED	CIS-BP2.00|000890|M07960_2.00	0.0025	0.15816413781326105	FALSE
PDX	MGH1089	MGH1089	FOXA2	LUAD_LINEAGE_POSITIVE_CONTROL	TESTED	CIS-BP2.00|000889|M07959_2.00	0.0005	0.1833230959271256	FALSE
PDX	MGH1089	MGH1089	FOXA3	LUAD_HC_TF	TESTED	JASPAR2024|000358|MA1683.2	0.0058	0.22785837454513197	FALSE
PDX	MGH1089	MGH1089	FOXD2	LUAD_HC_TF	TESTED	CIS-BP2.00|000235|M03042_2.00	0.3032	0.05214106505853256	FALSE
PDX	MGH1089	MGH1089	GATA6	LUAD_LINEAGE_POSITIVE_CONTROL	TESTED	CIS-BP2.00|000947|M08124_2.00	0.0284	0.13178328343885048	FALSE
PDX	MGH1089	MGH1089	HNF4A	LUAD_LINEAGE_POSITIVE_CONTROL	TESTED	JASPAR2024|000409|MA1494.2	0.0336	0.17722064485103303	FALSE
PDX	MGH1089	MGH1089	NFATC4	LUAD_HC_TF	TESTED	JASPAR2024|000506|MA1525.3	0.0	0.26168085814543857	TRUE
PDX	MGH1089	MGH1089	NKX2-1	LUAD_LINEAGE_POSITIVE_CONTROL	TESTED	JASPAR2024|000822|MA1994.2	0.3847	0.08547077500641684	FALSE
PDX	MGH1089	MGH1089	NR3C2	LUAD_HC_TF	TESTED	JASPAR2024|000539|MA0727.2	0.9803	-0.09987835498269035	FALSE
PDX	MGH1089	MGH1089	XBP1	LUAD_HC_TF	TESTED	JASPAR2024|000675|MA0844.2	0.0	0.2951421997697914	TRUE
PDX	MGH1089	MGH1089	ZBTB18	LUAD_HC_TF	TESTED	CIS-BP2.00|000988|M08257_2.00	0.9943	-0.13066225136960083	FALSE
PDX	MGH1089	MGH1089	ZNF141	LUAD_HC_TF	TESTED	CIS-BP2.00|000653|M07586_2.00	0.3474	0.04843597925057991	FALSE
PDX	MGH1089	MGH1089	ZNF19	LUAD_HC_TF	TESTED	CIS-BP2.00|000670|M07603_2.00	0.3847	0.22888394617780836	FALSE
PDX	MGH1089	MGH1089	ZNF254	LUAD_HC_TF	TESTED	CIS-BP2.00|000827|M07760_2.00	0.8086	-0.022554149951535395	FALSE
PDX	MGH1089	MGH1089	ZNF281	LUAD_HC_TF	TESTED	JASPAR2024|000706|MA1630.3	0.0162	0.16182164461527304	FALSE
PDX	MGH1089	MGH1089	ZNF33A	LUAD_HC_TF	TESTED	CIS-BP2.00|000762|M07695_2.00	0.3901	0.047578302674415235	FALSE
PDX	MGH1089	MGH1089	ZNF33B	LUAD_HC_TF	TESTED	CIS-BP2.00|000777|M07710_2.00	0.991	-0.07366654561913479	FALSE
PDX	MGH1089	MGH1089	ZNF341	LUAD_HC_TF	TESTED	JASPAR2024|000712|MA1655.2	0.5652	0.206705357138467	FALSE
PDX	MGH1089	MGH1089	ZNF444	LUAD_HC_TF	TESTED	CIS-BP2.00|000420|M04529_2.00	0.1413	0.07841018414647409	FALSE
PDX	MGH1089	MGH1089	ZNF540	LUAD_HC_TF	TESTED	CIS-BP2.00|000701|M07634_2.00	0.7697	-0.011803768514032115	FALSE
PDX	MGH1089	MGH1089	ZNF75D	LUAD_HC_TF	TESTED	CIS-BP2.00|000750|M07683_2.00	0.3847	0.03817257768436897	FALSE
PDX	MGH1109	MGH1109	CEBPA	LUAD_LINEAGE_POSITIVE_CONTROL	TESTED	JASPAR2024|000234|MA0102.5	0.041	0.1307066789579667	FALSE
PDX	MGH1109	MGH1109	CEBPB	LUAD_LINEAGE_POSITIVE_CONTROL	TESTED	JASPAR2024|000235|MA0466.4	0.0	0.49211316098884034	TRUE
PDX	MGH1109	MGH1109	CREB3L2	LUAD_HC_TF	TESTED	CIS-BP2.00|000117|M01812_2.00	0.1062	0.09210604879727018	FALSE
PDX	MGH1109	MGH1109	E2F5	LUAD_HC_TF	TESTED	CIS-BP2.00|000940|M08109_2.00	0.1775	0.1105107972942517	FALSE
PDX	MGH1109	MGH1109	ELF3	LUAD_HC_TF_AND_LINEAGE_POSITIVE_CONTROL	TESTED	CIS-BP2.00|000227|M03002_2.00	0.0	0.5287756619857615	TRUE
PDX	MGH1109	MGH1109	ETV1	LUAD_HC_TF	TESTED	JASPAR2024|000652|MA1966.2	0.8517	-0.020677059895569453	FALSE
PDX	MGH1109	MGH1109	FOXA1	LUAD_LINEAGE_POSITIVE_CONTROL	TESTED	CIS-BP2.00|000890|M07960_2.00	0.1328	0.08395583432316059	FALSE
PDX	MGH1109	MGH1109	FOXA2	LUAD_LINEAGE_POSITIVE_CONTROL	TESTED	CIS-BP2.00|000889|M07959_2.00	0.1052	0.09521769140246839	FALSE
PDX	MGH1109	MGH1109	FOXA3	LUAD_HC_TF	TESTED	CIS-BP2.00|000469|M04831_2.00	0.2046	0.1828787092508497	FALSE
PDX	MGH1109	MGH1109	FOXD2	LUAD_HC_TF	TESTED	CIS-BP2.00|000235|M03042_2.00	0.6329	0.011214732565270958	FALSE
PDX	MGH1109	MGH1109	GATA6	LUAD_LINEAGE_POSITIVE_CONTROL	TESTED	CIS-BP2.00|000947|M08124_2.00	0.1708	0.08536815936524732	FALSE
PDX	MGH1109	MGH1109	HNF4A	LUAD_LINEAGE_POSITIVE_CONTROL	TESTED	JASPAR2024|000410|MA0114.5	0.1407	0.2007833683066522	FALSE
PDX	MGH1109	MGH1109	NFATC4	LUAD_HC_TF	TESTED	JASPAR2024|000506|MA1525.3	0.0	0.36610935468148686	TRUE
PDX	MGH1109	MGH1109	NKX2-1	LUAD_LINEAGE_POSITIVE_CONTROL	TESTED	JASPAR2024|000822|MA1994.2	0.2046	0.14938397786083502	FALSE
PDX	MGH1109	MGH1109	NR3C2	LUAD_HC_TF	TESTED	JASPAR2024|000539|MA0727.2	1.0	-0.18891323394933712	FALSE
PDX	MGH1109	MGH1109	XBP1	LUAD_HC_TF	TESTED	JASPAR2024|000675|MA0844.2	0.0	0.3165411310599295	TRUE
PDX	MGH1109	MGH1109	ZBTB18	LUAD_HC_TF	TESTED	JASPAR2024|000681|MA0698.2	1.0	-0.06632063152055653	FALSE
PDX	MGH1109	MGH1109	ZNF141	LUAD_HC_TF	TESTED	CIS-BP2.00|000653|M07586_2.00	0.1062	0.10078637892451786	FALSE
PDX	MGH1109	MGH1109	ZNF19	LUAD_HC_TF	TESTED	CIS-BP2.00|000670|M07603_2.00	0.2368	0.4146118265583639	FALSE
PDX	MGH1109	MGH1109	ZNF254	LUAD_HC_TF	TESTED	CIS-BP2.00|000827|M07760_2.00	1.0	-0.16869287233131514	FALSE
PDX	MGH1109	MGH1109	ZNF281	LUAD_HC_TF	TESTED	JASPAR2024|000706|MA1630.3	0.1027	0.12240278241947211	FALSE
PDX	MGH1109	MGH1109	ZNF33A	LUAD_HC_TF	TESTED	CIS-BP2.00|000762|M07695_2.00	0.4684	0.04451489546370123	FALSE
PDX	MGH1109	MGH1109	ZNF33B	LUAD_HC_TF	TESTED	CIS-BP2.00|000777|M07710_2.00	1.0	-0.09856673970018925	FALSE
PDX	MGH1109	MGH1109	ZNF341	LUAD_HC_TF	TESTED	JASPAR2024|000712|MA1655.2	0.4097	1.0061640913807248	FALSE
PDX	MGH1109	MGH1109	ZNF444	LUAD_HC_TF	TESTED	CIS-BP2.00|000420|M04529_2.00	0.2293	0.06278768648001071	FALSE
PDX	MGH1109	MGH1109	ZNF540	LUAD_HC_TF	TESTED	CIS-BP2.00|000701|M07634_2.00	1.0	-0.07969952903928518	FALSE
PDX	MGH1109	MGH1109	ZNF75D	LUAD_HC_TF	TESTED	JASPAR2024|000169|MA1601.2	0.0001	0.22551709691265437	FALSE
PDX	MGH1112	MGH1112	CEBPA	LUAD_LINEAGE_POSITIVE_CONTROL	TESTED	JASPAR2024|000234|MA0102.5	0.0	0.23210263393830574	TRUE
PDX	MGH1112	MGH1112	CEBPB	LUAD_LINEAGE_POSITIVE_CONTROL	TESTED	JASPAR2024|000235|MA0466.4	0.0	0.5162336289042151	TRUE
PDX	MGH1112	MGH1112	CREB3L2	LUAD_HC_TF	TESTED	CIS-BP2.00|000117|M01812_2.00	0.0	0.24355242076584122	TRUE
PDX	MGH1112	MGH1112	E2F5	LUAD_HC_TF	TESTED	CIS-BP2.00|000940|M08109_2.00	1.0	-0.06422848674056	FALSE
PDX	MGH1112	MGH1112	ELF3	LUAD_HC_TF_AND_LINEAGE_POSITIVE_CONTROL	TESTED	CIS-BP2.00|000227|M03002_2.00	0.0	0.5460761207171705	TRUE
PDX	MGH1112	MGH1112	ETV1	LUAD_HC_TF	TESTED	JASPAR2024|000652|MA1966.2	0.4288	0.09494840405526271	FALSE
PDX	MGH1112	MGH1112	FOXA1	LUAD_LINEAGE_POSITIVE_CONTROL	TESTED	CIS-BP2.00|000890|M07960_2.00	0.0164	0.12421591366467544	FALSE
PDX	MGH1112	MGH1112	FOXA2	LUAD_LINEAGE_POSITIVE_CONTROL	TESTED	JASPAR2024|000357|MA0047.4	0.0886	0.10802087016080729	FALSE
PDX	MGH1112	MGH1112	FOXA3	LUAD_HC_TF	TESTED	CIS-BP2.00|000469|M04831_2.00	0.0	0.7816163776062207	TRUE
PDX	MGH1112	MGH1112	FOXD2	LUAD_HC_TF	TESTED	JASPAR2024|000361|MA0847.4	0.4073	0.03873246912488458	FALSE
PDX	MGH1112	MGH1112	GATA6	LUAD_LINEAGE_POSITIVE_CONTROL	TESTED	JASPAR2024|000382|MA1104.3	0.3815	0.05824267317939085	FALSE
PDX	MGH1112	MGH1112	HNF4A	LUAD_LINEAGE_POSITIVE_CONTROL	TESTED	JASPAR2024|000409|MA1494.2	0.3815	0.07491774706855468	FALSE
PDX	MGH1112	MGH1112	NFATC4	LUAD_HC_TF	TESTED	JASPAR2024|000506|MA1525.3	0.0	0.3633714883847959	TRUE
PDX	MGH1112	MGH1112	NKX2-1	LUAD_LINEAGE_POSITIVE_CONTROL	TESTED	JASPAR2024|000822|MA1994.2	0.0083	0.33195302293882595	FALSE
PDX	MGH1112	MGH1112	NR3C2	LUAD_HC_TF	TESTED	JASPAR2024|000539|MA0727.2	1.0	-0.1413594035478029	FALSE
PDX	MGH1112	MGH1112	XBP1	LUAD_HC_TF	TESTED	CIS-BP2.00|000375|M04231_2.00	0.0	0.47261269813304024	TRUE
PDX	MGH1112	MGH1112	ZBTB18	LUAD_HC_TF	TESTED	JASPAR2024|000681|MA0698.2	1.0	-0.03966192332671498	FALSE
PDX	MGH1112	MGH1112	ZNF141	LUAD_HC_TF	TESTED	CIS-BP2.00|000653|M07586_2.00	0.1728	0.07980135573882531	FALSE
PDX	MGH1112	MGH1112	ZNF19	LUAD_HC_TF	TESTED	CIS-BP2.00|000670|M07603_2.00	0.9381	-0.1213616710664335	FALSE
PDX	MGH1112	MGH1112	ZNF254	LUAD_HC_TF	TESTED	CIS-BP2.00|000827|M07760_2.00	1.0	-0.1483437151708806	FALSE
PDX	MGH1112	MGH1112	ZNF281	LUAD_HC_TF	TESTED	JASPAR2024|000706|MA1630.3	0.5004	0.033249723699433034	FALSE
PDX	MGH1112	MGH1112	ZNF33A	LUAD_HC_TF	TESTED	CIS-BP2.00|000762|M07695_2.00	0.0146	0.22339730544195466	FALSE
PDX	MGH1112	MGH1112	ZNF33B	LUAD_HC_TF	TESTED	CIS-BP2.00|000777|M07710_2.00	1.0	-0.06665395757598916	FALSE
PDX	MGH1112	MGH1112	ZNF341	LUAD_HC_TF	TESTED	JASPAR2024|000712|MA1655.2	0.958	-0.32311446252968434	FALSE
PDX	MGH1112	MGH1112	ZNF444	LUAD_HC_TF	TESTED	CIS-BP2.00|000420|M04529_2.00	0.0079	0.14622614948802762	FALSE
PDX	MGH1112	MGH1112	ZNF540	LUAD_HC_TF	TESTED	CIS-BP2.00|000701|M07634_2.00	1.0	-0.17192308867054937	FALSE
PDX	MGH1112	MGH1112	ZNF75D	LUAD_HC_TF	TESTED	JASPAR2024|000169|MA1601.2	0.1297	0.08613475392853819	FALSE
PDX	MGH1139	MGH1139	CEBPA	LUAD_LINEAGE_POSITIVE_CONTROL	TESTED	JASPAR2024|000234|MA0102.5	0.1038	0.09247684265187629	FALSE
PDX	MGH1139	MGH1139	CEBPB	LUAD_LINEAGE_POSITIVE_CONTROL	TESTED	JASPAR2024|000235|MA0466.4	0.0	0.4670506397613107	TRUE
PDX	MGH1139	MGH1139	CREB3L2	LUAD_HC_TF	TESTED	CIS-BP2.00|000117|M01812_2.00	0.0578	0.10060953617988748	FALSE
PDX	MGH1139	MGH1139	E2F5	LUAD_HC_TF	TESTED	CIS-BP2.00|000940|M08109_2.00	0.0142	0.20578104858303434	FALSE
PDX	MGH1139	MGH1139	ELF3	LUAD_HC_TF_AND_LINEAGE_POSITIVE_CONTROL	TESTED	CIS-BP2.00|000227|M03002_2.00	0.0	0.5248964743822508	TRUE
PDX	MGH1139	MGH1139	ETV1	LUAD_HC_TF	TESTED	JASPAR2024|000652|MA1966.2	0.301	0.12458706740996991	FALSE
PDX	MGH1139	MGH1139	FOXA1	LUAD_LINEAGE_POSITIVE_CONTROL	TESTED	CIS-BP2.00|000890|M07960_2.00	0.0095	0.13786939055504158	FALSE
PDX	MGH1139	MGH1139	FOXA2	LUAD_LINEAGE_POSITIVE_CONTROL	TESTED	CIS-BP2.00|000889|M07959_2.00	0.1038	0.08359742418029047	FALSE
PDX	MGH1139	MGH1139	FOXA3	LUAD_HC_TF	TESTED	CIS-BP2.00|000469|M04831_2.00	0.1038	0.22432376458582795	FALSE
PDX	MGH1139	MGH1139	FOXD2	LUAD_HC_TF	TESTED	CIS-BP2.00|000235|M03042_2.00	0.7339	-0.0034647256532817227	FALSE
PDX	MGH1139	MGH1139	GATA6	LUAD_LINEAGE_POSITIVE_CONTROL	TESTED	JASPAR2024|000382|MA1104.3	0.0578	0.13212121222442325	FALSE
PDX	MGH1139	MGH1139	HNF4A	LUAD_LINEAGE_POSITIVE_CONTROL	TESTED	JASPAR2024|000409|MA1494.2	0.0	0.32628070439153556	TRUE
PDX	MGH1139	MGH1139	NFATC4	LUAD_HC_TF	TESTED	JASPAR2024|000506|MA1525.3	0.0	0.38458742970884924	TRUE
PDX	MGH1139	MGH1139	NKX2-1	LUAD_LINEAGE_POSITIVE_CONTROL	TESTED	JASPAR2024|000822|MA1994.2	0.3169	0.09490667040288198	FALSE
PDX	MGH1139	MGH1139	NR3C2	LUAD_HC_TF	TESTED	JASPAR2024|000539|MA0727.2	0.772	-0.026301007171288266	FALSE
PDX	MGH1139	MGH1139	XBP1	LUAD_HC_TF	TESTED	JASPAR2024|000675|MA0844.2	0.0	0.2797224368664913	TRUE
PDX	MGH1139	MGH1139	ZBTB18	LUAD_HC_TF	TESTED	JASPAR2024|000681|MA0698.2	1.0	-0.2527622045201237	FALSE
PDX	MGH1139	MGH1139	ZNF141	LUAD_HC_TF	TESTED	CIS-BP2.00|000653|M07586_2.00	0.1038	0.09202174346027928	FALSE
PDX	MGH1139	MGH1139	ZNF19	LUAD_HC_TF	TESTED	CIS-BP2.00|000670|M07603_2.00	0.3597	0.25736263671973525	FALSE
PDX	MGH1139	MGH1139	ZNF254	LUAD_HC_TF	TESTED	CIS-BP2.00|000827|M07760_2.00	0.9329	-0.06570243065492441	FALSE
PDX	MGH1139	MGH1139	ZNF281	LUAD_HC_TF	TESTED	JASPAR2024|000706|MA1630.3	0.0	0.2875939145192327	TRUE
PDX	MGH1139	MGH1139	ZNF33A	LUAD_HC_TF	TESTED	CIS-BP2.00|000762|M07695_2.00	0.0034	0.26068546798032705	FALSE
PDX	MGH1139	MGH1139	ZNF33B	LUAD_HC_TF	TESTED	CIS-BP2.00|000777|M07710_2.00	0.9962	-0.08465377927303623	FALSE
PDX	MGH1139	MGH1139	ZNF341	LUAD_HC_TF	TESTED	JASPAR2024|000712|MA1655.2	0.1038	2.696836872837712	FALSE
PDX	MGH1139	MGH1139	ZNF444	LUAD_HC_TF	TESTED	CIS-BP2.00|000420|M04529_2.00	0.0998	0.09028005485068738	FALSE
PDX	MGH1139	MGH1139	ZNF540	LUAD_HC_TF	TESTED	CIS-BP2.00|000701|M07634_2.00	0.7956	-0.022911538560759892	FALSE
PDX	MGH1139	MGH1139	ZNF75D	LUAD_HC_TF	TESTED	JASPAR2024|000169|MA1601.2	0.0045	0.1632919658459319	FALSE
PDX	MGH1157	MGH1157	CEBPA	LUAD_LINEAGE_POSITIVE_CONTROL	NOT_TESTABLE_PEAK_COUNT_MATCH	NA	1.0	0.0	FALSE
PDX	MGH1157	MGH1157	CEBPB	LUAD_LINEAGE_POSITIVE_CONTROL	NOT_TESTABLE_PEAK_COUNT_MATCH	NA	1.0	0.0	FALSE
PDX	MGH1157	MGH1157	CREB3L2	LUAD_HC_TF	NOT_TESTABLE_PEAK_COUNT_MATCH	NA	1.0	0.0	FALSE
PDX	MGH1157	MGH1157	E2F5	LUAD_HC_TF	NOT_TESTABLE_PEAK_COUNT_MATCH	NA	1.0	0.0	FALSE
PDX	MGH1157	MGH1157	ELF3	LUAD_HC_TF_AND_LINEAGE_POSITIVE_CONTROL	NOT_TESTABLE_PEAK_COUNT_MATCH	NA	1.0	0.0	FALSE
PDX	MGH1157	MGH1157	ETV1	LUAD_HC_TF	NOT_TESTABLE_PEAK_COUNT_MATCH	NA	1.0	0.0	FALSE
PDX	MGH1157	MGH1157	FOXA1	LUAD_LINEAGE_POSITIVE_CONTROL	NOT_TESTABLE_PEAK_COUNT_MATCH	NA	1.0	0.0	FALSE
PDX	MGH1157	MGH1157	FOXA2	LUAD_LINEAGE_POSITIVE_CONTROL	NOT_TESTABLE_PEAK_COUNT_MATCH	NA	1.0	0.0	FALSE
PDX	MGH1157	MGH1157	FOXA3	LUAD_HC_TF	NOT_TESTABLE_PEAK_COUNT_MATCH	NA	1.0	0.0	FALSE
PDX	MGH1157	MGH1157	FOXD2	LUAD_HC_TF	NOT_TESTABLE_PEAK_COUNT_MATCH	NA	1.0	0.0	FALSE
PDX	MGH1157	MGH1157	GATA6	LUAD_LINEAGE_POSITIVE_CONTROL	NOT_TESTABLE_PEAK_COUNT_MATCH	NA	1.0	0.0	FALSE
PDX	MGH1157	MGH1157	HNF4A	LUAD_LINEAGE_POSITIVE_CONTROL	NOT_TESTABLE_PEAK_COUNT_MATCH	NA	1.0	0.0	FALSE
PDX	MGH1157	MGH1157	NFATC4	LUAD_HC_TF	NOT_TESTABLE_PEAK_COUNT_MATCH	NA	1.0	0.0	FALSE
PDX	MGH1157	MGH1157	NKX2-1	LUAD_LINEAGE_POSITIVE_CONTROL	NOT_TESTABLE_PEAK_COUNT_MATCH	NA	1.0	0.0	FALSE
PDX	MGH1157	MGH1157	NR3C2	LUAD_HC_TF	NOT_TESTABLE_PEAK_COUNT_MATCH	NA	1.0	0.0	FALSE
PDX	MGH1157	MGH1157	XBP1	LUAD_HC_TF	NOT_TESTABLE_PEAK_COUNT_MATCH	NA	1.0	0.0	FALSE
PDX	MGH1157	MGH1157	ZBTB18	LUAD_HC_TF	NOT_TESTABLE_PEAK_COUNT_MATCH	NA	1.0	0.0	FALSE
PDX	MGH1157	MGH1157	ZNF141	LUAD_HC_TF	NOT_TESTABLE_PEAK_COUNT_MATCH	NA	1.0	0.0	FALSE
PDX	MGH1157	MGH1157	ZNF19	LUAD_HC_TF	NOT_TESTABLE_PEAK_COUNT_MATCH	NA	1.0	0.0	FALSE
PDX	MGH1157	MGH1157	ZNF254	LUAD_HC_TF	NOT_TESTABLE_PEAK_COUNT_MATCH	NA	1.0	0.0	FALSE
PDX	MGH1157	MGH1157	ZNF281	LUAD_HC_TF	NOT_TESTABLE_PEAK_COUNT_MATCH	NA	1.0	0.0	FALSE
PDX	MGH1157	MGH1157	ZNF33A	LUAD_HC_TF	NOT_TESTABLE_PEAK_COUNT_MATCH	NA	1.0	0.0	FALSE
PDX	MGH1157	MGH1157	ZNF33B	LUAD_HC_TF	NOT_TESTABLE_PEAK_COUNT_MATCH	NA	1.0	0.0	FALSE
PDX	MGH1157	MGH1157	ZNF341	LUAD_HC_TF	NOT_TESTABLE_PEAK_COUNT_MATCH	NA	1.0	0.0	FALSE
PDX	MGH1157	MGH1157	ZNF444	LUAD_HC_TF	NOT_TESTABLE_PEAK_COUNT_MATCH	NA	1.0	0.0	FALSE
PDX	MGH1157	MGH1157	ZNF540	LUAD_HC_TF	NOT_TESTABLE_PEAK_COUNT_MATCH	NA	1.0	0.0	FALSE
PDX	MGH1157	MGH1157	ZNF75D	LUAD_HC_TF	NOT_TESTABLE_PEAK_COUNT_MATCH	NA	1.0	0.0	FALSE
PDX	MGH1174	MGH1174	CEBPA	LUAD_LINEAGE_POSITIVE_CONTROL	TESTED	JASPAR2024|000234|MA0102.5	0.0022	0.18165950289297053	FALSE
PDX	MGH1174	MGH1174	CEBPB	LUAD_LINEAGE_POSITIVE_CONTROL	TESTED	JASPAR2024|000235|MA0466.4	0.0	0.7273213076680344	TRUE
PDX	MGH1174	MGH1174	CREB3L2	LUAD_HC_TF	TESTED	CIS-BP2.00|000117|M01812_2.00	0.0427	0.1100790389032625	FALSE
PDX	MGH1174	MGH1174	E2F5	LUAD_HC_TF	TESTED	CIS-BP2.00|000940|M08109_2.00	0.0013	0.27587519259783033	FALSE
PDX	MGH1174	MGH1174	ELF3	LUAD_HC_TF_AND_LINEAGE_POSITIVE_CONTROL	TESTED	CIS-BP2.00|000227|M03002_2.00	0.0	0.562384933472018	TRUE
PDX	MGH1174	MGH1174	ETV1	LUAD_HC_TF	TESTED	CIS-BP2.00|000457|M04708_2.00	0.1694	1.0195667164208848	FALSE
PDX	MGH1174	MGH1174	FOXA1	LUAD_LINEAGE_POSITIVE_CONTROL	TESTED	JASPAR2024|000356|MA0148.5	0.0427	0.13373155637491155	FALSE
PDX	MGH1174	MGH1174	FOXA2	LUAD_LINEAGE_POSITIVE_CONTROL	TESTED	JASPAR2024|000357|MA0047.4	0.0427	0.12910514860567002	FALSE
PDX	MGH1174	MGH1174	FOXA3	LUAD_HC_TF	TESTED	JASPAR2024|000358|MA1683.2	0.0159	0.2065249707459878	FALSE
PDX	MGH1174	MGH1174	FOXD2	LUAD_HC_TF	TESTED	JASPAR2024|000361|MA0847.4	0.3199	0.04144360531096527	FALSE
PDX	MGH1174	MGH1174	GATA6	LUAD_LINEAGE_POSITIVE_CONTROL	TESTED	JASPAR2024|000382|MA1104.3	0.0339	0.15213680659340786	FALSE
PDX	MGH1174	MGH1174	HNF4A	LUAD_LINEAGE_POSITIVE_CONTROL	TESTED	JASPAR2024|000410|MA0114.5	0.3199	0.0924679676922494	FALSE
PDX	MGH1174	MGH1174	NFATC4	LUAD_HC_TF	TESTED	JASPAR2024|000506|MA1525.3	0.0	0.3540346099918882	TRUE
PDX	MGH1174	MGH1174	NKX2-1	LUAD_LINEAGE_POSITIVE_CONTROL	TESTED	JASPAR2024|000822|MA1994.2	0.1694	0.14548726392599515	FALSE
PDX	MGH1174	MGH1174	NR3C2	LUAD_HC_TF	TESTED	JASPAR2024|000539|MA0727.2	0.9481	-0.0733580435471686	FALSE
PDX	MGH1174	MGH1174	XBP1	LUAD_HC_TF	TESTED	JASPAR2024|000675|MA0844.2	0.0	0.24867369594617597	TRUE
PDX	MGH1174	MGH1174	ZBTB18	LUAD_HC_TF	TESTED	CIS-BP2.00|000988|M08257_2.00	1.0	-0.17162884072662218	FALSE
PDX	MGH1174	MGH1174	ZNF141	LUAD_HC_TF	TESTED	CIS-BP2.00|000653|M07586_2.00	0.0339	0.13054485343422875	FALSE
PDX	MGH1174	MGH1174	ZNF19	LUAD_HC_TF	TESTED	CIS-BP2.00|000670|M07603_2.00	0.6646	0.00875313695955772	FALSE
PDX	MGH1174	MGH1174	ZNF254	LUAD_HC_TF	TESTED	CIS-BP2.00|000827|M07760_2.00	1.0	-0.19627931450334338	FALSE
PDX	MGH1174	MGH1174	ZNF281	LUAD_HC_TF	TESTED	JASPAR2024|000706|MA1630.3	0.0067	0.18857700088118975	FALSE
PDX	MGH1174	MGH1174	ZNF33A	LUAD_HC_TF	TESTED	CIS-BP2.00|000762|M07695_2.00	0.6646	-0.0003201938507555645	FALSE
PDX	MGH1174	MGH1174	ZNF33B	LUAD_HC_TF	TESTED	CIS-BP2.00|000777|M07710_2.00	1.0	-0.2012030903689851	FALSE
PDX	MGH1174	MGH1174	ZNF341	LUAD_HC_TF	TESTED	CIS-BP2.00|001017|M08310_2.00	0.0661	1.0816597774610592	FALSE
PDX	MGH1174	MGH1174	ZNF444	LUAD_HC_TF	TESTED	CIS-BP2.00|000420|M04529_2.00	0.3105	0.04514390858530849	FALSE
PDX	MGH1174	MGH1174	ZNF540	LUAD_HC_TF	TESTED	CIS-BP2.00|000701|M07634_2.00	1.0	-0.15113072801336783	FALSE
PDX	MGH1174	MGH1174	ZNF75D	LUAD_HC_TF	TESTED	JASPAR2024|000169|MA1601.2	0.3199	0.04339541159167182	FALSE
PDX	MGH1181	MGH1181	CEBPA	LUAD_LINEAGE_POSITIVE_CONTROL	TESTED	JASPAR2024|000234|MA0102.5	0.0147	0.1429689485368572	FALSE
PDX	MGH1181	MGH1181	CEBPB	LUAD_LINEAGE_POSITIVE_CONTROL	TESTED	CIS-BP2.00|000866|M07830_2.00	0.0014	0.16672546335333843	FALSE
PDX	MGH1181	MGH1181	CREB3L2	LUAD_HC_TF	TESTED	CIS-BP2.00|000117|M01812_2.00	0.0002	0.20432847051587338	FALSE
PDX	MGH1181	MGH1181	E2F5	LUAD_HC_TF	TESTED	CIS-BP2.00|000940|M08109_2.00	0.8601	-0.038878222933273324	FALSE
PDX	MGH1181	MGH1181	ELF3	LUAD_HC_TF_AND_LINEAGE_POSITIVE_CONTROL	TESTED	CIS-BP2.00|000227|M03002_2.00	0.0	0.6134980908625476	TRUE
PDX	MGH1181	MGH1181	ETV1	LUAD_HC_TF	TESTED	JASPAR2024|000311|MA0761.3	0.0263	0.7326194368775	FALSE
PDX	MGH1181	MGH1181	FOXA1	LUAD_LINEAGE_POSITIVE_CONTROL	TESTED	CIS-BP2.00|000890|M07960_2.00	0.0574	0.09904712707118206	FALSE
PDX	MGH1181	MGH1181	FOXA2	LUAD_LINEAGE_POSITIVE_CONTROL	TESTED	JASPAR2024|000357|MA0047.4	0.0891	0.10337077320610626	FALSE
PDX	MGH1181	MGH1181	FOXA3	LUAD_HC_TF	TESTED	JASPAR2024|000358|MA1683.2	0.092	0.13146455968043813	FALSE
PDX	MGH1181	MGH1181	FOXD2	LUAD_HC_TF	TESTED	CIS-BP2.00|000235|M03042_2.00	0.3029	0.042778822253816795	FALSE
PDX	MGH1181	MGH1181	GATA6	LUAD_LINEAGE_POSITIVE_CONTROL	TESTED	JASPAR2024|000382|MA1104.3	0.0015	0.21892885852053018	FALSE
PDX	MGH1181	MGH1181	HNF4A	LUAD_LINEAGE_POSITIVE_CONTROL	TESTED	JASPAR2024|000410|MA0114.5	0.2891	0.10769122469413302	FALSE
PDX	MGH1181	MGH1181	NFATC4	LUAD_HC_TF	TESTED	JASPAR2024|000506|MA1525.3	0.0	0.42959113127678267	TRUE
PDX	MGH1181	MGH1181	NKX2-1	LUAD_LINEAGE_POSITIVE_CONTROL	TESTED	JASPAR2024|000822|MA1994.2	0.091	0.19545486789823624	FALSE
PDX	MGH1181	MGH1181	NR3C2	LUAD_HC_TF	TESTED	CIS-BP2.00|000154|M02395_2.00	0.9543	-0.6792078119169471	FALSE
PDX	MGH1181	MGH1181	XBP1	LUAD_HC_TF	TESTED	JASPAR2024|000675|MA0844.2	0.0	0.27312529867947893	TRUE
PDX	MGH1181	MGH1181	ZBTB18	LUAD_HC_TF	TESTED	CIS-BP2.00|000988|M08257_2.00	0.4556	0.030761408956026418	FALSE
PDX	MGH1181	MGH1181	ZNF141	LUAD_HC_TF	TESTED	CIS-BP2.00|000653|M07586_2.00	0.0006	0.20015005006528253	FALSE
PDX	MGH1181	MGH1181	ZNF19	LUAD_HC_TF	TESTED	CIS-BP2.00|000670|M07603_2.00	0.385	0.21968975767797547	FALSE
PDX	MGH1181	MGH1181	ZNF254	LUAD_HC_TF	TESTED	CIS-BP2.00|000827|M07760_2.00	1.0	-0.21406092674902658	FALSE
PDX	MGH1181	MGH1181	ZNF281	LUAD_HC_TF	TESTED	JASPAR2024|000706|MA1630.3	0.0237	0.15249913857841055	FALSE
PDX	MGH1181	MGH1181	ZNF33A	LUAD_HC_TF	TESTED	CIS-BP2.00|000762|M07695_2.00	0.0158	0.21822949419504578	FALSE
PDX	MGH1181	MGH1181	ZNF33B	LUAD_HC_TF	TESTED	CIS-BP2.00|000777|M07710_2.00	1.0	-0.09684507674189995	FALSE
PDX	MGH1181	MGH1181	ZNF341	LUAD_HC_TF	TESTED	JASPAR2024|000712|MA1655.2	0.092	2.7232453596669677	FALSE
PDX	MGH1181	MGH1181	ZNF444	LUAD_HC_TF	TESTED	CIS-BP2.00|000420|M04529_2.00	0.092	0.08299374118294424	FALSE
PDX	MGH1181	MGH1181	ZNF540	LUAD_HC_TF	TESTED	CIS-BP2.00|000701|M07634_2.00	0.8991	-0.043007525661780455	FALSE
PDX	MGH1181	MGH1181	ZNF75D	LUAD_HC_TF	TESTED	JASPAR2024|000169|MA1601.2	0.0004	0.20327442239461044	FALSE
PDX	MGH9183	MGH9183	CEBPA	LUAD_LINEAGE_POSITIVE_CONTROL	TESTED	JASPAR2024|000234|MA0102.5	0.4751	0.03415055519176712	FALSE
PDX	MGH9183	MGH9183	CEBPB	LUAD_LINEAGE_POSITIVE_CONTROL	TESTED	JASPAR2024|000235|MA0466.4	0.0	0.4048830277351649	TRUE
PDX	MGH9183	MGH9183	CREB3L2	LUAD_HC_TF	TESTED	CIS-BP2.00|000117|M01812_2.00	0.0001	0.21331465033647504	FALSE
PDX	MGH9183	MGH9183	E2F5	LUAD_HC_TF	TESTED	CIS-BP2.00|000940|M08109_2.00	0.3781	0.06277733787155211	FALSE
PDX	MGH9183	MGH9183	ELF3	LUAD_HC_TF_AND_LINEAGE_POSITIVE_CONTROL	TESTED	CIS-BP2.00|000227|M03002_2.00	0.0	0.39251220627619626	TRUE
PDX	MGH9183	MGH9183	ETV1	LUAD_HC_TF	TESTED	JASPAR2024|000652|MA1966.2	0.6084	0.02551753019545395	FALSE
PDX	MGH9183	MGH9183	FOXA1	LUAD_LINEAGE_POSITIVE_CONTROL	TESTED	CIS-BP2.00|000890|M07960_2.00	0.0236	0.12474638222397029	FALSE
PDX	MGH9183	MGH9183	FOXA2	LUAD_LINEAGE_POSITIVE_CONTROL	TESTED	CIS-BP2.00|000889|M07959_2.00	0.0905	0.09791061517438598	FALSE
PDX	MGH9183	MGH9183	FOXA3	LUAD_HC_TF	TESTED	CIS-BP2.00|000469|M04831_2.00	0.0001	0.5114123582479468	FALSE
PDX	MGH9183	MGH9183	FOXD2	LUAD_HC_TF	TESTED	JASPAR2024|000361|MA0847.4	0.2733	0.06541962267323721	FALSE
PDX	MGH9183	MGH9183	GATA6	LUAD_LINEAGE_POSITIVE_CONTROL	TESTED	JASPAR2024|000382|MA1104.3	0.2994	0.07573579136641041	FALSE
PDX	MGH9183	MGH9183	HNF4A	LUAD_LINEAGE_POSITIVE_CONTROL	TESTED	JASPAR2024|000409|MA1494.2	0.3781	0.07389477513295914	FALSE
PDX	MGH9183	MGH9183	NFATC4	LUAD_HC_TF	TESTED	JASPAR2024|000506|MA1525.3	0.0	0.25862547750701376	TRUE
PDX	MGH9183	MGH9183	NKX2-1	LUAD_LINEAGE_POSITIVE_CONTROL	TESTED	JASPAR2024|000822|MA1994.2	0.1195	0.2073418089632278	FALSE
PDX	MGH9183	MGH9183	NR3C2	LUAD_HC_TF	TESTED	JASPAR2024|000539|MA0727.2	1.0	-0.11769854535492062	FALSE
PDX	MGH9183	MGH9183	XBP1	LUAD_HC_TF	TESTED	JASPAR2024|000675|MA0844.2	0.0	0.24303266551567554	TRUE
PDX	MGH9183	MGH9183	ZBTB18	LUAD_HC_TF	TESTED	JASPAR2024|000681|MA0698.2	1.0	-0.045525797981059345	FALSE
PDX	MGH9183	MGH9183	ZNF141	LUAD_HC_TF	TESTED	CIS-BP2.00|000653|M07586_2.00	0.3083	0.060295916369589184	FALSE
PDX	MGH9183	MGH9183	ZNF19	LUAD_HC_TF	TESTED	CIS-BP2.00|000670|M07603_2.00	0.166	0.6288261903435372	FALSE
PDX	MGH9183	MGH9183	ZNF254	LUAD_HC_TF	TESTED	CIS-BP2.00|000827|M07760_2.00	1.0	-0.09961622333990695	FALSE
PDX	MGH9183	MGH9183	ZNF281	LUAD_HC_TF	TESTED	JASPAR2024|000706|MA1630.3	0.2389	0.08831014970798284	FALSE
PDX	MGH9183	MGH9183	ZNF33A	LUAD_HC_TF	TESTED	CIS-BP2.00|000762|M07695_2.00	0.0114	0.24205495802933338	FALSE
PDX	MGH9183	MGH9183	ZNF33B	LUAD_HC_TF	TESTED	CIS-BP2.00|000777|M07710_2.00	1.0	-0.11486518165044379	FALSE
PDX	MGH9183	MGH9183	ZNF341	LUAD_HC_TF	TESTED	JASPAR2024|000712|MA1655.2	0.6686	0.04315389270420663	FALSE
PDX	MGH9183	MGH9183	ZNF444	LUAD_HC_TF	TESTED	CIS-BP2.00|000420|M04529_2.00	0.4751	0.03166009527048293	FALSE
PDX	MGH9183	MGH9183	ZNF540	LUAD_HC_TF	TESTED	CIS-BP2.00|000701|M07634_2.00	1.0	-0.046779852174569266	FALSE
PDX	MGH9183	MGH9183	ZNF75D	LUAD_HC_TF	TESTED	CIS-BP2.00|000750|M07683_2.00	0.2994	0.058770588352547365	FALSE
PDX	MGH9243	MGH9243	CEBPA	LUAD_LINEAGE_POSITIVE_CONTROL	NOT_TESTABLE_PEAK_COUNT_MATCH	NA	1.0	0.0	FALSE
PDX	MGH9243	MGH9243	CEBPB	LUAD_LINEAGE_POSITIVE_CONTROL	NOT_TESTABLE_PEAK_COUNT_MATCH	NA	1.0	0.0	FALSE
PDX	MGH9243	MGH9243	CREB3L2	LUAD_HC_TF	NOT_TESTABLE_PEAK_COUNT_MATCH	NA	1.0	0.0	FALSE
PDX	MGH9243	MGH9243	E2F5	LUAD_HC_TF	NOT_TESTABLE_PEAK_COUNT_MATCH	NA	1.0	0.0	FALSE
PDX	MGH9243	MGH9243	ELF3	LUAD_HC_TF_AND_LINEAGE_POSITIVE_CONTROL	NOT_TESTABLE_PEAK_COUNT_MATCH	NA	1.0	0.0	FALSE
PDX	MGH9243	MGH9243	ETV1	LUAD_HC_TF	NOT_TESTABLE_PEAK_COUNT_MATCH	NA	1.0	0.0	FALSE
PDX	MGH9243	MGH9243	FOXA1	LUAD_LINEAGE_POSITIVE_CONTROL	NOT_TESTABLE_PEAK_COUNT_MATCH	NA	1.0	0.0	FALSE
PDX	MGH9243	MGH9243	FOXA2	LUAD_LINEAGE_POSITIVE_CONTROL	NOT_TESTABLE_PEAK_COUNT_MATCH	NA	1.0	0.0	FALSE
PDX	MGH9243	MGH9243	FOXA3	LUAD_HC_TF	NOT_TESTABLE_PEAK_COUNT_MATCH	NA	1.0	0.0	FALSE
PDX	MGH9243	MGH9243	FOXD2	LUAD_HC_TF	NOT_TESTABLE_PEAK_COUNT_MATCH	NA	1.0	0.0	FALSE
PDX	MGH9243	MGH9243	GATA6	LUAD_LINEAGE_POSITIVE_CONTROL	NOT_TESTABLE_PEAK_COUNT_MATCH	NA	1.0	0.0	FALSE
PDX	MGH9243	MGH9243	HNF4A	LUAD_LINEAGE_POSITIVE_CONTROL	NOT_TESTABLE_PEAK_COUNT_MATCH	NA	1.0	0.0	FALSE
PDX	MGH9243	MGH9243	NFATC4	LUAD_HC_TF	NOT_TESTABLE_PEAK_COUNT_MATCH	NA	1.0	0.0	FALSE
PDX	MGH9243	MGH9243	NKX2-1	LUAD_LINEAGE_POSITIVE_CONTROL	NOT_TESTABLE_PEAK_COUNT_MATCH	NA	1.0	0.0	FALSE
PDX	MGH9243	MGH9243	NR3C2	LUAD_HC_TF	NOT_TESTABLE_PEAK_COUNT_MATCH	NA	1.0	0.0	FALSE
PDX	MGH9243	MGH9243	XBP1	LUAD_HC_TF	NOT_TESTABLE_PEAK_COUNT_MATCH	NA	1.0	0.0	FALSE
PDX	MGH9243	MGH9243	ZBTB18	LUAD_HC_TF	NOT_TESTABLE_PEAK_COUNT_MATCH	NA	1.0	0.0	FALSE
PDX	MGH9243	MGH9243	ZNF141	LUAD_HC_TF	NOT_TESTABLE_PEAK_COUNT_MATCH	NA	1.0	0.0	FALSE
PDX	MGH9243	MGH9243	ZNF19	LUAD_HC_TF	NOT_TESTABLE_PEAK_COUNT_MATCH	NA	1.0	0.0	FALSE
PDX	MGH9243	MGH9243	ZNF254	LUAD_HC_TF	NOT_TESTABLE_PEAK_COUNT_MATCH	NA	1.0	0.0	FALSE
PDX	MGH9243	MGH9243	ZNF281	LUAD_HC_TF	NOT_TESTABLE_PEAK_COUNT_MATCH	NA	1.0	0.0	FALSE
PDX	MGH9243	MGH9243	ZNF33A	LUAD_HC_TF	NOT_TESTABLE_PEAK_COUNT_MATCH	NA	1.0	0.0	FALSE
PDX	MGH9243	MGH9243	ZNF33B	LUAD_HC_TF	NOT_TESTABLE_PEAK_COUNT_MATCH	NA	1.0	0.0	FALSE
PDX	MGH9243	MGH9243	ZNF341	LUAD_HC_TF	NOT_TESTABLE_PEAK_COUNT_MATCH	NA	1.0	0.0	FALSE
PDX	MGH9243	MGH9243	ZNF444	LUAD_HC_TF	NOT_TESTABLE_PEAK_COUNT_MATCH	NA	1.0	0.0	FALSE
PDX	MGH9243	MGH9243	ZNF540	LUAD_HC_TF	NOT_TESTABLE_PEAK_COUNT_MATCH	NA	1.0	0.0	FALSE
PDX	MGH9243	MGH9243	ZNF75D	LUAD_HC_TF	NOT_TESTABLE_PEAK_COUNT_MATCH	NA	1.0	0.0	FALSE
cell_line	A427	A427	CEBPA	LUAD_LINEAGE_POSITIVE_CONTROL	TESTED	CIS-BP2.00|000926|M08076_2.00	0.0912	0.09188190338618189	FALSE
cell_line	A427	A427	CEBPB	LUAD_LINEAGE_POSITIVE_CONTROL	TESTED	JASPAR2024|000235|MA0466.4	0.0027	0.3093008937268907	FALSE
cell_line	A427	A427	CREB3L2	LUAD_HC_TF	TESTED	CIS-BP2.00|000117|M01812_2.00	0.056	0.10411075390140306	FALSE
cell_line	A427	A427	E2F5	LUAD_HC_TF	TESTED	CIS-BP2.00|000940|M08109_2.00	0.0003	0.323769981665583	FALSE
cell_line	A427	A427	ELF3	LUAD_HC_TF_AND_LINEAGE_POSITIVE_CONTROL	TESTED	CIS-BP2.00|000227|M03002_2.00	0.0	0.48752214641091024	TRUE
cell_line	A427	A427	ETV1	LUAD_HC_TF	TESTED	JASPAR2024|000652|MA1966.2	0.0052	0.44897948226369794	FALSE
cell_line	A427	A427	FOXA1	LUAD_LINEAGE_POSITIVE_CONTROL	TESTED	CIS-BP2.00|000890|M07960_2.00	0.0131	0.13944129902302962	FALSE
cell_line	A427	A427	FOXA2	LUAD_LINEAGE_POSITIVE_CONTROL	TESTED	JASPAR2024|000357|MA0047.4	0.0213	0.15239584400926862	FALSE
cell_line	A427	A427	FOXA3	LUAD_HC_TF	TESTED	JASPAR2024|000358|MA1683.2	0.0343	0.1831175959880596	FALSE
cell_line	A427	A427	FOXD2	LUAD_HC_TF	TESTED	CIS-BP2.00|000235|M03042_2.00	0.1929	0.0678780186316039	FALSE
cell_line	A427	A427	GATA6	LUAD_LINEAGE_POSITIVE_CONTROL	TESTED	JASPAR2024|000382|MA1104.3	0.2748	0.0639556123864074	FALSE
cell_line	A427	A427	HNF4A	LUAD_LINEAGE_POSITIVE_CONTROL	TESTED	JASPAR2024|000410|MA0114.5	0.5809	0.02923514041358773	FALSE
cell_line	A427	A427	NFATC4	LUAD_HC_TF	TESTED	JASPAR2024|000506|MA1525.3	0.0	0.31590072804387465	TRUE
cell_line	A427	A427	NKX2-1	LUAD_LINEAGE_POSITIVE_CONTROL	TESTED	JASPAR2024|000822|MA1994.2	0.3031	0.09437429758488837	FALSE
cell_line	A427	A427	NR3C2	LUAD_HC_TF	TESTED	JASPAR2024|000539|MA0727.2	0.8812	-0.030632573533040275	FALSE
cell_line	A427	A427	XBP1	LUAD_HC_TF	TESTED	JASPAR2024|000675|MA0844.2	0.0	0.24448730778882172	TRUE
cell_line	A427	A427	ZBTB18	LUAD_HC_TF	TESTED	JASPAR2024|000681|MA0698.2	1.0	-0.22071017648071042	FALSE
cell_line	A427	A427	ZNF141	LUAD_HC_TF	TESTED	CIS-BP2.00|000653|M07586_2.00	0.3031	0.048438325444109864	FALSE
cell_line	A427	A427	ZNF19	LUAD_HC_TF	TESTED	CIS-BP2.00|000670|M07603_2.00	0.5501	0.10334681390438462	FALSE
cell_line	A427	A427	ZNF254	LUAD_HC_TF	TESTED	CIS-BP2.00|000827|M07760_2.00	1.0	-0.14954689425824388	FALSE
cell_line	A427	A427	ZNF281	LUAD_HC_TF	TESTED	JASPAR2024|000706|MA1630.3	0.4482	0.03446023517512069	FALSE
cell_line	A427	A427	ZNF33A	LUAD_HC_TF	TESTED	CIS-BP2.00|000762|M07695_2.00	0.6609	0.006591226877360513	FALSE
cell_line	A427	A427	ZNF33B	LUAD_HC_TF	TESTED	CIS-BP2.00|000777|M07710_2.00	1.0	-0.1340338829731176	FALSE
cell_line	A427	A427	ZNF341	LUAD_HC_TF	TESTED	CIS-BP2.00|001017|M08310_2.00	0.0343	1.551854517731589	FALSE
cell_line	A427	A427	ZNF444	LUAD_HC_TF	TESTED	CIS-BP2.00|000420|M04529_2.00	1.0	-0.11661629905962233	FALSE
cell_line	A427	A427	ZNF540	LUAD_HC_TF	TESTED	CIS-BP2.00|000701|M07634_2.00	0.9769	-0.037235335359011135	FALSE
cell_line	A427	A427	ZNF75D	LUAD_HC_TF	TESTED	JASPAR2024|000169|MA1601.2	0.056	0.11013125577268833	FALSE
cell_line	A549	A549	CEBPA	LUAD_LINEAGE_POSITIVE_CONTROL	TESTED	JASPAR2024|000234|MA0102.5	0.1269	0.10180617965840857	FALSE
cell_line	A549	A549	CEBPB	LUAD_LINEAGE_POSITIVE_CONTROL	TESTED	JASPAR2024|000235|MA0466.4	0.0	0.4538669513376535	TRUE
cell_line	A549	A549	CREB3L2	LUAD_HC_TF	TESTED	CIS-BP2.00|000117|M01812_2.00	1.0	-0.10580444622935523	FALSE
cell_line	A549	A549	E2F5	LUAD_HC_TF	TESTED	CIS-BP2.00|000940|M08109_2.00	0.1507	0.13112625390302457	FALSE
cell_line	A549	A549	ELF3	LUAD_HC_TF_AND_LINEAGE_POSITIVE_CONTROL	TESTED	CIS-BP2.00|000227|M03002_2.00	0.0	0.46276308170916264	TRUE
cell_line	A549	A549	ETV1	LUAD_HC_TF	TESTED	CIS-BP2.00|000457|M04708_2.00	0.8018	0.1583187073178093	FALSE
cell_line	A549	A549	FOXA1	LUAD_LINEAGE_POSITIVE_CONTROL	TESTED	CIS-BP2.00|000890|M07960_2.00	0.0067	0.15196790939215613	FALSE
cell_line	A549	A549	FOXA2	LUAD_LINEAGE_POSITIVE_CONTROL	TESTED	CIS-BP2.00|000889|M07959_2.00	0.1242	0.10007347161991843	FALSE
cell_line	A549	A549	FOXA3	LUAD_HC_TF	TESTED	CIS-BP2.00|000469|M04831_2.00	0.0053	0.4104649421283749	FALSE
cell_line	A549	A549	FOXD2	LUAD_HC_TF	TESTED	JASPAR2024|000361|MA0847.4	0.5913	0.04297375583729234	FALSE
cell_line	A549	A549	GATA6	LUAD_LINEAGE_POSITIVE_CONTROL	TESTED	CIS-BP2.00|000947|M08124_2.00	0.7088	0.03176779051666985	FALSE
cell_line	A549	A549	HNF4A	LUAD_LINEAGE_POSITIVE_CONTROL	TESTED	JASPAR2024|000410|MA0114.5	0.5356	0.11426729883877046	FALSE
cell_line	A549	A549	NFATC4	LUAD_HC_TF	TESTED	JASPAR2024|000506|MA1525.3	0.0	0.31672068700238665	TRUE
cell_line	A549	A549	NKX2-1	LUAD_LINEAGE_POSITIVE_CONTROL	TESTED	JASPAR2024|000822|MA1994.2	1.0	-0.24995749782020638	FALSE
cell_line	A549	A549	NR3C2	LUAD_HC_TF	TESTED	JASPAR2024|000539|MA0727.2	1.0	-0.05347607995388354	FALSE
cell_line	A549	A549	XBP1	LUAD_HC_TF	TESTED	JASPAR2024|000675|MA0844.2	0.0278	0.12798831062812616	FALSE
cell_line	A549	A549	ZBTB18	LUAD_HC_TF	TESTED	JASPAR2024|000681|MA0698.2	1.0	-0.16572888599265545	FALSE
cell_line	A549	A549	ZNF141	LUAD_HC_TF	TESTED	CIS-BP2.00|000653|M07586_2.00	1.0	-0.021369407102159597	FALSE
cell_line	A549	A549	ZNF19	LUAD_HC_TF	TESTED	CIS-BP2.00|000670|M07603_2.00	0.1269	0.7519564805079216	FALSE
cell_line	A549	A549	ZNF254	LUAD_HC_TF	TESTED	CIS-BP2.00|000827|M07760_2.00	1.0	-0.09891258878169334	FALSE
cell_line	A549	A549	ZNF281	LUAD_HC_TF	TESTED	JASPAR2024|000706|MA1630.3	1.0	-0.03947794434624927	FALSE
cell_line	A549	A549	ZNF33A	LUAD_HC_TF	TESTED	CIS-BP2.00|000762|M07695_2.00	0.0017	0.2988310437682157	FALSE
cell_line	A549	A549	ZNF33B	LUAD_HC_TF	TESTED	CIS-BP2.00|000777|M07710_2.00	1.0	-0.04819715398846403	FALSE
cell_line	A549	A549	ZNF341	LUAD_HC_TF	TESTED	CIS-BP2.00|001017|M08310_2.00	0.7276	0.30173372764449025	FALSE
cell_line	A549	A549	ZNF444	LUAD_HC_TF	TESTED	CIS-BP2.00|000420|M04529_2.00	1.0	-0.1715788364561306	FALSE
cell_line	A549	A549	ZNF540	LUAD_HC_TF	TESTED	CIS-BP2.00|000701|M07634_2.00	0.8899	-0.008558620648215397	FALSE
cell_line	A549	A549	ZNF75D	LUAD_HC_TF	TESTED	JASPAR2024|000169|MA1601.2	0.7276	0.02030100045956775	FALSE
cell_line	ABC-1	ABC-1	CEBPA	LUAD_LINEAGE_POSITIVE_CONTROL	TESTED	CIS-BP2.00|000926|M08076_2.00	0.495	0.0276227468722258	FALSE
cell_line	ABC-1	ABC-1	CEBPB	LUAD_LINEAGE_POSITIVE_CONTROL	TESTED	JASPAR2024|000235|MA0466.4	0.0117	0.27355328110983207	FALSE
cell_line	ABC-1	ABC-1	CREB3L2	LUAD_HC_TF	TESTED	CIS-BP2.00|000117|M01812_2.00	0.0178	0.1309292697541261	FALSE
cell_line	ABC-1	ABC-1	E2F5	LUAD_HC_TF	TESTED	CIS-BP2.00|000940|M08109_2.00	0.0346	0.17791191311536653	FALSE
cell_line	ABC-1	ABC-1	ELF3	LUAD_HC_TF_AND_LINEAGE_POSITIVE_CONTROL	TESTED	CIS-BP2.00|000227|M03002_2.00	0.0	0.5087377663517788	TRUE
cell_line	ABC-1	ABC-1	ETV1	LUAD_HC_TF	TESTED	JASPAR2024|000652|MA1966.2	0.0117	0.41084448565006226	FALSE
cell_line	ABC-1	ABC-1	FOXA1	LUAD_LINEAGE_POSITIVE_CONTROL	TESTED	CIS-BP2.00|000890|M07960_2.00	0.2123	0.06367941552607001	FALSE
cell_line	ABC-1	ABC-1	FOXA2	LUAD_LINEAGE_POSITIVE_CONTROL	TESTED	CIS-BP2.00|000889|M07959_2.00	0.0465	0.10786227329514346	FALSE
cell_line	ABC-1	ABC-1	FOXA3	LUAD_HC_TF	TESTED	JASPAR2024|000358|MA1683.2	0.0187	0.20015730430572706	FALSE
cell_line	ABC-1	ABC-1	FOXD2	LUAD_HC_TF	TESTED	JASPAR2024|000361|MA0847.4	0.5268	0.023343675964944285	FALSE
cell_line	ABC-1	ABC-1	GATA6	LUAD_LINEAGE_POSITIVE_CONTROL	TESTED	JASPAR2024|000382|MA1104.3	0.0117	0.19359632690910433	FALSE
cell_line	ABC-1	ABC-1	HNF4A	LUAD_LINEAGE_POSITIVE_CONTROL	TESTED	JASPAR2024|000410|MA0114.5	1.0	-0.1270020209120599	FALSE
cell_line	ABC-1	ABC-1	NFATC4	LUAD_HC_TF	TESTED	JASPAR2024|000506|MA1525.3	0.0	0.2991430268343367	TRUE
cell_line	ABC-1	ABC-1	NKX2-1	LUAD_LINEAGE_POSITIVE_CONTROL	TESTED	JASPAR2024|000822|MA1994.2	0.0255	0.27707235487623255	FALSE
cell_line	ABC-1	ABC-1	NR3C2	LUAD_HC_TF	TESTED	JASPAR2024|000539|MA0727.2	0.9008	-0.044487556941722316	FALSE
cell_line	ABC-1	ABC-1	XBP1	LUAD_HC_TF	TESTED	JASPAR2024|000675|MA0844.2	0.0	0.29509309772734227	TRUE
cell_line	ABC-1	ABC-1	ZBTB18	LUAD_HC_TF	TESTED	CIS-BP2.00|000988|M08257_2.00	1.0	-0.07245186202286945	FALSE
cell_line	ABC-1	ABC-1	ZNF141	LUAD_HC_TF	TESTED	CIS-BP2.00|000653|M07586_2.00	0.5465	0.017326923129445514	FALSE
cell_line	ABC-1	ABC-1	ZNF19	LUAD_HC_TF	TESTED	CIS-BP2.00|000670|M07603_2.00	0.0117	1.1929794663331925	FALSE
cell_line	ABC-1	ABC-1	ZNF254	LUAD_HC_TF	TESTED	CIS-BP2.00|000827|M07760_2.00	1.0	-0.12273439574374997	FALSE
cell_line	ABC-1	ABC-1	ZNF281	LUAD_HC_TF	TESTED	JASPAR2024|000706|MA1630.3	0.4427	0.03985960497578369	FALSE
cell_line	ABC-1	ABC-1	ZNF33A	LUAD_HC_TF	TESTED	CIS-BP2.00|000762|M07695_2.00	0.2413	0.09323800418806437	FALSE
cell_line	ABC-1	ABC-1	ZNF33B	LUAD_HC_TF	TESTED	CIS-BP2.00|000777|M07710_2.00	1.0	-0.06617661953760295	FALSE
cell_line	ABC-1	ABC-1	ZNF341	LUAD_HC_TF	TESTED	JASPAR2024|000712|MA1655.2	0.4372	0.7483861424543767	FALSE
cell_line	ABC-1	ABC-1	ZNF444	LUAD_HC_TF	TESTED	CIS-BP2.00|000420|M04529_2.00	0.5465	0.015696019642757488	FALSE
cell_line	ABC-1	ABC-1	ZNF540	LUAD_HC_TF	TESTED	CIS-BP2.00|000701|M07634_2.00	1.0	-0.13507206160950325	FALSE
cell_line	ABC-1	ABC-1	ZNF75D	LUAD_HC_TF	TESTED	CIS-BP2.00|000750|M07683_2.00	0.0567	0.10352387750895489	FALSE
cell_line	H1648	H1648	CEBPA	LUAD_LINEAGE_POSITIVE_CONTROL	TESTED	JASPAR2024|000234|MA0102.5	0.0638	0.10863650976135869	FALSE
cell_line	H1648	H1648	CEBPB	LUAD_LINEAGE_POSITIVE_CONTROL	TESTED	JASPAR2024|000235|MA0466.4	0.0086	0.2820280626882348	FALSE
cell_line	H1648	H1648	CREB3L2	LUAD_HC_TF	TESTED	CIS-BP2.00|000117|M01812_2.00	0.1619	0.07372338132096531	FALSE
cell_line	H1648	H1648	E2F5	LUAD_HC_TF	TESTED	CIS-BP2.00|000940|M08109_2.00	0.0408	0.17366009511324448	FALSE
cell_line	H1648	H1648	ELF3	LUAD_HC_TF_AND_LINEAGE_POSITIVE_CONTROL	TESTED	CIS-BP2.00|000227|M03002_2.00	0.0	0.5007584047833566	TRUE
cell_line	H1648	H1648	ETV1	LUAD_HC_TF	TESTED	CIS-BP2.00|000457|M04708_2.00	0.2083	1.0174616296685508	FALSE
cell_line	H1648	H1648	FOXA1	LUAD_LINEAGE_POSITIVE_CONTROL	TESTED	CIS-BP2.00|000890|M07960_2.00	0.0101	0.14181155890179983	FALSE
cell_line	H1648	H1648	FOXA2	LUAD_LINEAGE_POSITIVE_CONTROL	TESTED	CIS-BP2.00|000889|M07959_2.00	0.0408	0.11366611083992267	FALSE
cell_line	H1648	H1648	FOXA3	LUAD_HC_TF	TESTED	CIS-BP2.00|000469|M04831_2.00	0.0086	0.38867047820000156	FALSE
cell_line	H1648	H1648	FOXD2	LUAD_HC_TF	TESTED	JASPAR2024|000361|MA0847.4	0.7447	-0.005792615823712868	FALSE
cell_line	H1648	H1648	GATA6	LUAD_LINEAGE_POSITIVE_CONTROL	TESTED	CIS-BP2.00|000947|M08124_2.00	0.0071	0.18224885588520578	FALSE
cell_line	H1648	H1648	HNF4A	LUAD_LINEAGE_POSITIVE_CONTROL	TESTED	JASPAR2024|000410|MA0114.5	0.7153	0.002932212956595909	FALSE
cell_line	H1648	H1648	NFATC4	LUAD_HC_TF	TESTED	JASPAR2024|000506|MA1525.3	0.0	0.30718848385837605	TRUE
cell_line	H1648	H1648	NKX2-1	LUAD_LINEAGE_POSITIVE_CONTROL	TESTED	JASPAR2024|000822|MA1994.2	0.0632	0.22917475977931173	FALSE
cell_line	H1648	H1648	NR3C2	LUAD_HC_TF	TESTED	JASPAR2024|000539|MA0727.2	1.0	-0.19545551899003488	FALSE
cell_line	H1648	H1648	XBP1	LUAD_HC_TF	TESTED	JASPAR2024|000675|MA0844.2	0.0	0.23929880522616304	TRUE
cell_line	H1648	H1648	ZBTB18	LUAD_HC_TF	TESTED	CIS-BP2.00|000988|M08257_2.00	0.8947	-0.03966407116637019	FALSE
cell_line	H1648	H1648	ZNF141	LUAD_HC_TF	TESTED	CIS-BP2.00|000653|M07586_2.00	0.7153	0.0006732245767564954	FALSE
cell_line	H1648	H1648	ZNF19	LUAD_HC_TF	TESTED	CIS-BP2.00|000670|M07603_2.00	0.6208	0.12734615177374634	FALSE
cell_line	H1648	H1648	ZNF254	LUAD_HC_TF	TESTED	CIS-BP2.00|000827|M07760_2.00	1.0	-0.11624554233851947	FALSE
cell_line	H1648	H1648	ZNF281	LUAD_HC_TF	TESTED	JASPAR2024|000706|MA1630.3	0.1454	0.09846103951701056	FALSE
cell_line	H1648	H1648	ZNF33A	LUAD_HC_TF	TESTED	CIS-BP2.00|000762|M07695_2.00	0.1088	0.1403283485689981	FALSE
cell_line	H1648	H1648	ZNF33B	LUAD_HC_TF	TESTED	CIS-BP2.00|000777|M07710_2.00	1.0	-0.10804021608421421	FALSE
cell_line	H1648	H1648	ZNF341	LUAD_HC_TF	TESTED	CIS-BP2.00|001017|M08310_2.00	0.6208	0.2713471225097175	FALSE
cell_line	H1648	H1648	ZNF444	LUAD_HC_TF	TESTED	CIS-BP2.00|000420|M04529_2.00	0.6289	0.011981726897741246	FALSE
cell_line	H1648	H1648	ZNF540	LUAD_HC_TF	TESTED	CIS-BP2.00|000701|M07634_2.00	0.8593	-0.025100206473076488	FALSE
cell_line	H1648	H1648	ZNF75D	LUAD_HC_TF	TESTED	JASPAR2024|000169|MA1601.2	0.0101	0.1529079800893775	FALSE
cell_line	H1650	H1650	CEBPA	LUAD_LINEAGE_POSITIVE_CONTROL	TESTED	JASPAR2024|000234|MA0102.5	0.1556	0.0970614078087986	FALSE
cell_line	H1650	H1650	CEBPB	LUAD_LINEAGE_POSITIVE_CONTROL	TESTED	JASPAR2024|000235|MA0466.4	0.0	0.5119047897161395	TRUE
cell_line	H1650	H1650	CREB3L2	LUAD_HC_TF	TESTED	CIS-BP2.00|000117|M01812_2.00	0.4253	0.05268153212717025	FALSE
cell_line	H1650	H1650	E2F5	LUAD_HC_TF	TESTED	CIS-BP2.00|000940|M08109_2.00	0.8578	0.0027676696661217935	FALSE
cell_line	H1650	H1650	ELF3	LUAD_HC_TF_AND_LINEAGE_POSITIVE_CONTROL	TESTED	CIS-BP2.00|000227|M03002_2.00	0.0	0.44261746343717706	TRUE
cell_line	H1650	H1650	ETV1	LUAD_HC_TF	TESTED	JASPAR2024|000652|MA1966.2	0.6026	0.10283735667516897	FALSE
cell_line	H1650	H1650	FOXA1	LUAD_LINEAGE_POSITIVE_CONTROL	TESTED	CIS-BP2.00|000890|M07960_2.00	0.1556	0.08870555826714839	FALSE
cell_line	H1650	H1650	FOXA2	LUAD_LINEAGE_POSITIVE_CONTROL	TESTED	JASPAR2024|000357|MA0047.4	0.2126	0.09049982111502734	FALSE
cell_line	H1650	H1650	FOXA3	LUAD_HC_TF	TESTED	JASPAR2024|000358|MA1683.2	0.9359	-0.0092709394967956	FALSE
cell_line	H1650	H1650	FOXD2	LUAD_HC_TF	TESTED	JASPAR2024|000361|MA0847.4	1.0	-0.021310313012110924	FALSE
cell_line	H1650	H1650	GATA6	LUAD_LINEAGE_POSITIVE_CONTROL	TESTED	JASPAR2024|000382|MA1104.3	0.1274	0.13298522776480792	FALSE
cell_line	H1650	H1650	HNF4A	LUAD_LINEAGE_POSITIVE_CONTROL	TESTED	JASPAR2024|000409|MA1494.2	1.0	-0.09474918622523162	FALSE
cell_line	H1650	H1650	NFATC4	LUAD_HC_TF	TESTED	JASPAR2024|000506|MA1525.3	0.0	0.3665097657627193	TRUE
cell_line	H1650	H1650	NKX2-1	LUAD_LINEAGE_POSITIVE_CONTROL	TESTED	JASPAR2024|000822|MA1994.2	0.6243	0.07284479647404016	FALSE
cell_line	H1650	H1650	NR3C2	LUAD_HC_TF	TESTED	JASPAR2024|000539|MA0727.2	1.0	-0.08358402438535258	FALSE
cell_line	H1650	H1650	XBP1	LUAD_HC_TF	TESTED	JASPAR2024|000675|MA0844.2	0.0002	0.20005605643081673	FALSE
cell_line	H1650	H1650	ZBTB18	LUAD_HC_TF	TESTED	JASPAR2024|000681|MA0698.2	1.0	-0.08711653009629984	FALSE
cell_line	H1650	H1650	ZNF141	LUAD_HC_TF	TESTED	CIS-BP2.00|000653|M07586_2.00	1.0	-0.03520047232932901	FALSE
cell_line	H1650	H1650	ZNF19	LUAD_HC_TF	TESTED	CIS-BP2.00|000670|M07603_2.00	0.8437	0.06298388688238794	FALSE
cell_line	H1650	H1650	ZNF254	LUAD_HC_TF	TESTED	CIS-BP2.00|000827|M07760_2.00	1.0	-0.14803203610332705	FALSE
cell_line	H1650	H1650	ZNF281	LUAD_HC_TF	TESTED	JASPAR2024|000706|MA1630.3	1.0	-0.04690151951947856	FALSE
cell_line	H1650	H1650	ZNF33A	LUAD_HC_TF	TESTED	CIS-BP2.00|000762|M07695_2.00	0.4253	0.09042284263475323	FALSE
cell_line	H1650	H1650	ZNF33B	LUAD_HC_TF	TESTED	CIS-BP2.00|000777|M07710_2.00	1.0	-0.0664343737517426	FALSE
cell_line	H1650	H1650	ZNF341	LUAD_HC_TF	TESTED	JASPAR2024|000712|MA1655.2	0.8437	0.2383584625081476	FALSE
cell_line	H1650	H1650	ZNF444	LUAD_HC_TF	TESTED	CIS-BP2.00|000420|M04529_2.00	0.7649	0.015261998929435958	FALSE
cell_line	H1650	H1650	ZNF540	LUAD_HC_TF	TESTED	CIS-BP2.00|000701|M07634_2.00	1.0	-0.08680287420110439	FALSE
cell_line	H1650	H1650	ZNF75D	LUAD_HC_TF	TESTED	JASPAR2024|000169|MA1601.2	0.1274	0.10777855545131389	FALSE
cell_line	H1819	H1819	CEBPA	LUAD_LINEAGE_POSITIVE_CONTROL	TESTED	JASPAR2024|000234|MA0102.5	0.3028	0.05937612310352826	FALSE
cell_line	H1819	H1819	CEBPB	LUAD_LINEAGE_POSITIVE_CONTROL	TESTED	JASPAR2024|000235|MA0466.4	0.1179	0.16668353662176447	FALSE
cell_line	H1819	H1819	CREB3L2	LUAD_HC_TF	TESTED	CIS-BP2.00|000117|M01812_2.00	0.5472	0.024431001478778955	FALSE
cell_line	H1819	H1819	E2F5	LUAD_HC_TF	TESTED	CIS-BP2.00|000940|M08109_2.00	0.0	0.41165992044620775	TRUE
cell_line	H1819	H1819	ELF3	LUAD_HC_TF_AND_LINEAGE_POSITIVE_CONTROL	TESTED	CIS-BP2.00|000227|M03002_2.00	0.0	0.5249034589921737	TRUE
cell_line	H1819	H1819	ETV1	LUAD_HC_TF	TESTED	CIS-BP2.00|000457|M04708_2.00	0.2788	0.9694928347563331	FALSE
cell_line	H1819	H1819	FOXA1	LUAD_LINEAGE_POSITIVE_CONTROL	TESTED	CIS-BP2.00|000890|M07960_2.00	0.0117	0.1439617304169403	FALSE
cell_line	H1819	H1819	FOXA2	LUAD_LINEAGE_POSITIVE_CONTROL	TESTED	CIS-BP2.00|000889|M07959_2.00	0.0913	0.0978876574237387	FALSE
cell_line	H1819	H1819	FOXA3	LUAD_HC_TF	TESTED	CIS-BP2.00|000469|M04831_2.00	0.0467	0.29920398776157997	FALSE
cell_line	H1819	H1819	FOXD2	LUAD_HC_TF	TESTED	CIS-BP2.00|000235|M03042_2.00	0.3028	0.054178022633807076	FALSE
cell_line	H1819	H1819	GATA6	LUAD_LINEAGE_POSITIVE_CONTROL	TESTED	JASPAR2024|000382|MA1104.3	0.0823	0.13238207479508698	FALSE
cell_line	H1819	H1819	HNF4A	LUAD_LINEAGE_POSITIVE_CONTROL	TESTED	JASPAR2024|000410|MA0114.5	0.8282	-0.02578422536356886	FALSE
cell_line	H1819	H1819	NFATC4	LUAD_HC_TF	TESTED	JASPAR2024|000506|MA1525.3	0.0	0.3620995110868128	TRUE
cell_line	H1819	H1819	NKX2-1	LUAD_LINEAGE_POSITIVE_CONTROL	TESTED	JASPAR2024|000822|MA1994.2	0.0496	0.25022226246143214	FALSE
cell_line	H1819	H1819	NR3C2	LUAD_HC_TF	TESTED	CIS-BP2.00|000154|M02395_2.00	1.0	-0.2128469539457175	FALSE
cell_line	H1819	H1819	XBP1	LUAD_HC_TF	TESTED	JASPAR2024|000675|MA0844.2	0.0	0.2574362187251819	TRUE
cell_line	H1819	H1819	ZBTB18	LUAD_HC_TF	TESTED	JASPAR2024|000681|MA0698.2	1.0	-0.21775336652894478	FALSE
cell_line	H1819	H1819	ZNF141	LUAD_HC_TF	TESTED	CIS-BP2.00|000653|M07586_2.00	1.0	-0.05605376730385631	FALSE
cell_line	H1819	H1819	ZNF19	LUAD_HC_TF	TESTED	CIS-BP2.00|000670|M07603_2.00	0.8282	-0.025673155990581623	FALSE
cell_line	H1819	H1819	ZNF254	LUAD_HC_TF	TESTED	CIS-BP2.00|000827|M07760_2.00	1.0	-0.06407732148841074	FALSE
cell_line	H1819	H1819	ZNF281	LUAD_HC_TF	TESTED	JASPAR2024|000706|MA1630.3	0.0249	0.16199987535607052	FALSE
cell_line	H1819	H1819	ZNF33A	LUAD_HC_TF	TESTED	CIS-BP2.00|000762|M07695_2.00	0.1386	0.12914352426436898	FALSE
cell_line	H1819	H1819	ZNF33B	LUAD_HC_TF	TESTED	CIS-BP2.00|000777|M07710_2.00	1.0	-0.09677486986136606	FALSE
cell_line	H1819	H1819	ZNF341	LUAD_HC_TF	TESTED	JASPAR2024|000712|MA1655.2	0.6905	0.4062011305795621	FALSE
cell_line	H1819	H1819	ZNF444	LUAD_HC_TF	TESTED	CIS-BP2.00|000420|M04529_2.00	1.0	-0.05244986729545226	FALSE
cell_line	H1819	H1819	ZNF540	LUAD_HC_TF	TESTED	CIS-BP2.00|000701|M07634_2.00	0.6697	0.014288122600758011	FALSE
cell_line	H1819	H1819	ZNF75D	LUAD_HC_TF	TESTED	JASPAR2024|000169|MA1601.2	0.1179	0.0940466809119213	FALSE
cell_line	H1975	H1975	CEBPA	LUAD_LINEAGE_POSITIVE_CONTROL	TESTED	JASPAR2024|000234|MA0102.5	0.9945	0.0021913431042764556	FALSE
cell_line	H1975	H1975	CEBPB	LUAD_LINEAGE_POSITIVE_CONTROL	TESTED	JASPAR2024|000235|MA0466.4	0.038	0.25743557524859134	FALSE
cell_line	H1975	H1975	CREB3L2	LUAD_HC_TF	TESTED	CIS-BP2.00|000117|M01812_2.00	0.1102	0.10361875987657089	FALSE
cell_line	H1975	H1975	E2F5	LUAD_HC_TF	TESTED	CIS-BP2.00|000940|M08109_2.00	1.0	-0.1976647870336472	FALSE
cell_line	H1975	H1975	ELF3	LUAD_HC_TF_AND_LINEAGE_POSITIVE_CONTROL	TESTED	CIS-BP2.00|000227|M03002_2.00	0.0	0.29029395816431103	TRUE
cell_line	H1975	H1975	ETV1	LUAD_HC_TF	TESTED	JASPAR2024|000311|MA0761.3	0.3977	0.3382687382689628	FALSE
cell_line	H1975	H1975	FOXA1	LUAD_LINEAGE_POSITIVE_CONTROL	TESTED	CIS-BP2.00|000890|M07960_2.00	0.0908	0.11339696352831581	FALSE
cell_line	H1975	H1975	FOXA2	LUAD_LINEAGE_POSITIVE_CONTROL	TESTED	CIS-BP2.00|000889|M07959_2.00	0.1102	0.10426445431658005	FALSE
cell_line	H1975	H1975	FOXA3	LUAD_HC_TF	TESTED	CIS-BP2.00|000469|M04831_2.00	0.1102	0.27660912597265935	FALSE
cell_line	H1975	H1975	FOXD2	LUAD_HC_TF	TESTED	CIS-BP2.00|000235|M03042_2.00	1.0	-0.043597517403894934	FALSE
cell_line	H1975	H1975	GATA6	LUAD_LINEAGE_POSITIVE_CONTROL	TESTED	CIS-BP2.00|000947|M08124_2.00	0.5171	0.05227456767989987	FALSE
cell_line	H1975	H1975	HNF4A	LUAD_LINEAGE_POSITIVE_CONTROL	TESTED	JASPAR2024|000410|MA0114.5	0.9945	-0.011342234618368655	FALSE
cell_line	H1975	H1975	NFATC4	LUAD_HC_TF	TESTED	JASPAR2024|000506|MA1525.3	0.0015	0.2017744193769915	FALSE
cell_line	H1975	H1975	NKX2-1	LUAD_LINEAGE_POSITIVE_CONTROL	TESTED	JASPAR2024|000822|MA1994.2	0.2095	0.1791101983658423	FALSE
cell_line	H1975	H1975	NR3C2	LUAD_HC_TF	TESTED	JASPAR2024|000539|MA0727.2	0.9945	0.004267192154795725	FALSE
cell_line	H1975	H1975	XBP1	LUAD_HC_TF	TESTED	JASPAR2024|000675|MA0844.2	0.0015	0.1855678775321918	FALSE
cell_line	H1975	H1975	ZBTB18	LUAD_HC_TF	TESTED	CIS-BP2.00|000988|M08257_2.00	0.9945	-0.024531861928608012	FALSE
cell_line	H1975	H1975	ZNF141	LUAD_HC_TF	TESTED	CIS-BP2.00|000653|M07586_2.00	1.0	-0.03979943807209521	FALSE
cell_line	H1975	H1975	ZNF19	LUAD_HC_TF	TESTED	CIS-BP2.00|000670|M07603_2.00	0.8058	0.11575758630289855	FALSE
cell_line	H1975	H1975	ZNF254	LUAD_HC_TF	TESTED	CIS-BP2.00|000827|M07760_2.00	1.0	-0.10025142818987415	FALSE
cell_line	H1975	H1975	ZNF281	LUAD_HC_TF	TESTED	JASPAR2024|000706|MA1630.3	1.0	-0.12670769800148132	FALSE
cell_line	H1975	H1975	ZNF33A	LUAD_HC_TF	TESTED	CIS-BP2.00|000762|M07695_2.00	0.1405	0.1495425795539708	FALSE
cell_line	H1975	H1975	ZNF33B	LUAD_HC_TF	TESTED	CIS-BP2.00|000777|M07710_2.00	0.6136	0.035290005463659166	FALSE
cell_line	H1975	H1975	ZNF341	LUAD_HC_TF	TESTED	CIS-BP2.00|001017|M08310_2.00	0.9945	-0.12110364679547854	FALSE
cell_line	H1975	H1975	ZNF444	LUAD_HC_TF	TESTED	CIS-BP2.00|000420|M04529_2.00	1.0	-0.1079184315570113	FALSE
cell_line	H1975	H1975	ZNF540	LUAD_HC_TF	TESTED	CIS-BP2.00|000701|M07634_2.00	1.0	-0.028293232044711725	FALSE
cell_line	H1975	H1975	ZNF75D	LUAD_HC_TF	TESTED	CIS-BP2.00|000750|M07683_2.00	0.0909	0.11302078977106288	FALSE
cell_line	H2228	H2228	CEBPA	LUAD_LINEAGE_POSITIVE_CONTROL	TESTED	JASPAR2024|000234|MA0102.5	0.164	0.09010829722774655	FALSE
cell_line	H2228	H2228	CEBPB	LUAD_LINEAGE_POSITIVE_CONTROL	TESTED	JASPAR2024|000235|MA0466.4	0.118	0.17601340545597874	FALSE
cell_line	H2228	H2228	CREB3L2	LUAD_HC_TF	TESTED	CIS-BP2.00|000117|M01812_2.00	0.9719	-0.024793706376653513	FALSE
cell_line	H2228	H2228	E2F5	LUAD_HC_TF	TESTED	CIS-BP2.00|000940|M08109_2.00	0.4833	0.04844492437675902	FALSE
cell_line	H2228	H2228	ELF3	LUAD_HC_TF_AND_LINEAGE_POSITIVE_CONTROL	TESTED	CIS-BP2.00|000227|M03002_2.00	0.0	0.46322505234389555	TRUE
cell_line	H2228	H2228	ETV1	LUAD_HC_TF	TESTED	JASPAR2024|000652|MA1966.2	0.1975	0.21214029003873447	FALSE
cell_line	H2228	H2228	FOXA1	LUAD_LINEAGE_POSITIVE_CONTROL	TESTED	CIS-BP2.00|000890|M07960_2.00	0.0013	0.17377937485906905	FALSE
cell_line	H2228	H2228	FOXA2	LUAD_LINEAGE_POSITIVE_CONTROL	TESTED	CIS-BP2.00|000889|M07959_2.00	0.0002	0.20157413355053075	FALSE
cell_line	H2228	H2228	FOXA3	LUAD_HC_TF	TESTED	CIS-BP2.00|000469|M04831_2.00	0.002	0.4368910457608865	FALSE
cell_line	H2228	H2228	FOXD2	LUAD_HC_TF	TESTED	JASPAR2024|000361|MA0847.4	0.3637	0.050378181291862265	FALSE
cell_line	H2228	H2228	GATA6	LUAD_LINEAGE_POSITIVE_CONTROL	TESTED	JASPAR2024|000382|MA1104.3	0.7615	0.0037318822372627665	FALSE
cell_line	H2228	H2228	HNF4A	LUAD_LINEAGE_POSITIVE_CONTROL	TESTED	JASPAR2024|000410|MA0114.5	0.4877	0.07864340440931751	FALSE
cell_line	H2228	H2228	NFATC4	LUAD_HC_TF	TESTED	JASPAR2024|000506|MA1525.3	0.0	0.31419556067991306	TRUE
cell_line	H2228	H2228	NKX2-1	LUAD_LINEAGE_POSITIVE_CONTROL	TESTED	JASPAR2024|000822|MA1994.2	1.0	-0.10944012467632303	FALSE
cell_line	H2228	H2228	NR3C2	LUAD_HC_TF	TESTED	JASPAR2024|000539|MA0727.2	1.0	-0.14635059424005442	FALSE
cell_line	H2228	H2228	XBP1	LUAD_HC_TF	TESTED	CIS-BP2.00|000375|M04231_2.00	0.0	0.45084058400541915	TRUE
cell_line	H2228	H2228	ZBTB18	LUAD_HC_TF	TESTED	JASPAR2024|000681|MA0698.2	1.0	-0.13646052906438108	FALSE
cell_line	H2228	H2228	ZNF141	LUAD_HC_TF	TESTED	CIS-BP2.00|000653|M07586_2.00	0.7636	0.0007419808223079208	FALSE
cell_line	H2228	H2228	ZNF19	LUAD_HC_TF	TESTED	CIS-BP2.00|000670|M07603_2.00	0.1158	0.7618533081720659	FALSE
cell_line	H2228	H2228	ZNF254	LUAD_HC_TF	TESTED	CIS-BP2.00|000827|M07760_2.00	1.0	-0.11849844700654617	FALSE
cell_line	H2228	H2228	ZNF281	LUAD_HC_TF	TESTED	JASPAR2024|000706|MA1630.3	0.4372	0.04933914631062422	FALSE
cell_line	H2228	H2228	ZNF33A	LUAD_HC_TF	TESTED	CIS-BP2.00|000762|M07695_2.00	0.0108	0.24627721641886238	FALSE
cell_line	H2228	H2228	ZNF33B	LUAD_HC_TF	TESTED	CIS-BP2.00|000777|M07710_2.00	1.0	-0.05153622507000927	FALSE
cell_line	H2228	H2228	ZNF341	LUAD_HC_TF	TESTED	JASPAR2024|000712|MA1655.2	0.2304	2.5163746153828086	FALSE
cell_line	H2228	H2228	ZNF444	LUAD_HC_TF	TESTED	CIS-BP2.00|000420|M04529_2.00	1.0	-0.09004644616136562	FALSE
cell_line	H2228	H2228	ZNF540	LUAD_HC_TF	TESTED	CIS-BP2.00|000701|M07634_2.00	0.6228	0.019425226242544502	FALSE
cell_line	H2228	H2228	ZNF75D	LUAD_HC_TF	TESTED	CIS-BP2.00|000750|M07683_2.00	0.1158	0.09601862440474536	FALSE
cell_line	H2347	H2347	CEBPA	LUAD_LINEAGE_POSITIVE_CONTROL	TESTED	JASPAR2024|000234|MA0102.5	0.0325	0.12749040775472956	FALSE
cell_line	H2347	H2347	CEBPB	LUAD_LINEAGE_POSITIVE_CONTROL	TESTED	CIS-BP2.00|000866|M07830_2.00	0.0503	0.10368583901936523	FALSE
cell_line	H2347	H2347	CREB3L2	LUAD_HC_TF	TESTED	JASPAR2024|000025|MA0608.1	0.0029	0.16307997437608088	FALSE
cell_line	H2347	H2347	E2F5	LUAD_HC_TF	TESTED	CIS-BP2.00|000940|M08109_2.00	0.2148	0.0957101558182384	FALSE
cell_line	H2347	H2347	ELF3	LUAD_HC_TF_AND_LINEAGE_POSITIVE_CONTROL	TESTED	CIS-BP2.00|000227|M03002_2.00	0.0	0.3764031515626558	TRUE
cell_line	H2347	H2347	ETV1	LUAD_HC_TF	TESTED	JASPAR2024|000652|MA1966.2	0.0327	0.3338367226782419	FALSE
cell_line	H2347	H2347	FOXA1	LUAD_LINEAGE_POSITIVE_CONTROL	TESTED	CIS-BP2.00|000890|M07960_2.00	0.0029	0.15921963677219247	FALSE
cell_line	H2347	H2347	FOXA2	LUAD_LINEAGE_POSITIVE_CONTROL	TESTED	CIS-BP2.00|000889|M07959_2.00	0.0005	0.19215656302341616	FALSE
cell_line	H2347	H2347	FOXA3	LUAD_HC_TF	TESTED	CIS-BP2.00|000469|M04831_2.00	0.1141	0.23731957104710066	FALSE
cell_line	H2347	H2347	FOXD2	LUAD_HC_TF	TESTED	JASPAR2024|000361|MA0847.4	0.5013	0.03235064664759144	FALSE
cell_line	H2347	H2347	GATA6	LUAD_LINEAGE_POSITIVE_CONTROL	TESTED	CIS-BP2.00|000947|M08124_2.00	0.5404	0.02544902778893285	FALSE
cell_line	H2347	H2347	HNF4A	LUAD_LINEAGE_POSITIVE_CONTROL	TESTED	CIS-BP2.00|000974|M08219_2.00	1.0	-0.10211381222638007	FALSE
cell_line	H2347	H2347	NFATC4	LUAD_HC_TF	TESTED	JASPAR2024|000506|MA1525.3	0.0	0.2575200422346172	TRUE
cell_line	H2347	H2347	NKX2-1	LUAD_LINEAGE_POSITIVE_CONTROL	TESTED	JASPAR2024|000822|MA1994.2	0.5013	0.07203939884583625	FALSE
cell_line	H2347	H2347	NR3C2	LUAD_HC_TF	TESTED	JASPAR2024|000539|MA0727.2	1.0	-0.18081574855050214	FALSE
cell_line	H2347	H2347	XBP1	LUAD_HC_TF	TESTED	JASPAR2024|000675|MA0844.2	0.0	0.2691021893390979	TRUE
cell_line	H2347	H2347	ZBTB18	LUAD_HC_TF	TESTED	CIS-BP2.00|000988|M08257_2.00	0.4417	0.05760663975776445	FALSE
cell_line	H2347	H2347	ZNF141	LUAD_HC_TF	TESTED	CIS-BP2.00|000653|M07586_2.00	0.6203	0.015755390112982173	FALSE
cell_line	H2347	H2347	ZNF19	LUAD_HC_TF	TESTED	CIS-BP2.00|000670|M07603_2.00	0.1188	0.6251698826496349	FALSE
cell_line	H2347	H2347	ZNF254	LUAD_HC_TF	TESTED	CIS-BP2.00|000827|M07760_2.00	1.0	-0.1187816591385355	FALSE
cell_line	H2347	H2347	ZNF281	LUAD_HC_TF	TESTED	JASPAR2024|000706|MA1630.3	1.0	-0.043484385765138224	FALSE
cell_line	H2347	H2347	ZNF33A	LUAD_HC_TF	TESTED	CIS-BP2.00|000762|M07695_2.00	0.0005	0.3392616725204016	FALSE
cell_line	H2347	H2347	ZNF33B	LUAD_HC_TF	TESTED	CIS-BP2.00|000777|M07710_2.00	0.333	0.05192535633708526	FALSE
cell_line	H2347	H2347	ZNF341	LUAD_HC_TF	TESTED	JASPAR2024|000712|MA1655.2	0.8658	-0.29086220149667086	FALSE
cell_line	H2347	H2347	ZNF444	LUAD_HC_TF	TESTED	CIS-BP2.00|000420|M04529_2.00	1.0	-0.09895390373070052	FALSE
cell_line	H2347	H2347	ZNF540	LUAD_HC_TF	TESTED	CIS-BP2.00|000701|M07634_2.00	1.0	-0.08118867490616345	FALSE
cell_line	H2347	H2347	ZNF75D	LUAD_HC_TF	TESTED	JASPAR2024|000169|MA1601.2	0.0029	0.1707192465462901	FALSE
cell_line	H322	H322	CEBPA	LUAD_LINEAGE_POSITIVE_CONTROL	TESTED	JASPAR2024|000234|MA0102.5	0.1495	0.09198300073619005	FALSE
cell_line	H322	H322	CEBPB	LUAD_LINEAGE_POSITIVE_CONTROL	TESTED	JASPAR2024|000235|MA0466.4	0.0046	0.29942703177230845	FALSE
cell_line	H322	H322	CREB3L2	LUAD_HC_TF	TESTED	CIS-BP2.00|000117|M01812_2.00	0.2723	0.06407152864997742	FALSE
cell_line	H322	H322	E2F5	LUAD_HC_TF	TESTED	CIS-BP2.00|000940|M08109_2.00	0.5969	0.020971510111818487	FALSE
cell_line	H322	H322	ELF3	LUAD_HC_TF_AND_LINEAGE_POSITIVE_CONTROL	TESTED	CIS-BP2.00|000227|M03002_2.00	0.0	0.4815458428129769	TRUE
cell_line	H322	H322	ETV1	LUAD_HC_TF	TESTED	JASPAR2024|000311|MA0761.3	0.1451	0.5479354750738853	FALSE
cell_line	H322	H322	FOXA1	LUAD_LINEAGE_POSITIVE_CONTROL	TESTED	CIS-BP2.00|000890|M07960_2.00	0.0046	0.15552268480077988	FALSE
cell_line	H322	H322	FOXA2	LUAD_LINEAGE_POSITIVE_CONTROL	TESTED	CIS-BP2.00|000889|M07959_2.00	0.0563	0.1098991975093864	FALSE
cell_line	H322	H322	FOXA3	LUAD_HC_TF	TESTED	CIS-BP2.00|000469|M04831_2.00	0.0001	0.523401046612135	FALSE
cell_line	H322	H322	FOXD2	LUAD_HC_TF	TESTED	CIS-BP2.00|000235|M03042_2.00	0.3967	0.048375259379349896	FALSE
cell_line	H322	H322	GATA6	LUAD_LINEAGE_POSITIVE_CONTROL	TESTED	CIS-BP2.00|000947|M08124_2.00	0.5612	0.02277132574457707	FALSE
cell_line	H322	H322	HNF4A	LUAD_LINEAGE_POSITIVE_CONTROL	TESTED	JASPAR2024|000410|MA0114.5	1.0	-0.1662892677096181	FALSE
cell_line	H322	H322	NFATC4	LUAD_HC_TF	TESTED	JASPAR2024|000506|MA1525.3	0.0	0.2812042549829903	TRUE
cell_line	H322	H322	NKX2-1	LUAD_LINEAGE_POSITIVE_CONTROL	TESTED	JASPAR2024|000822|MA1994.2	0.5694	0.04134186864745636	FALSE
cell_line	H322	H322	NR3C2	LUAD_HC_TF	TESTED	JASPAR2024|000539|MA0727.2	0.2723	0.13019189820807245	FALSE
cell_line	H322	H322	XBP1	LUAD_HC_TF	TESTED	JASPAR2024|000675|MA0844.2	0.0	0.2235187846446321	TRUE
cell_line	H322	H322	ZBTB18	LUAD_HC_TF	TESTED	CIS-BP2.00|000988|M08257_2.00	1.0	-0.06173514693411128	FALSE
cell_line	H322	H322	ZNF141	LUAD_HC_TF	TESTED	CIS-BP2.00|000653|M07586_2.00	0.7245	-0.002217658795839371	FALSE
cell_line	H322	H322	ZNF19	LUAD_HC_TF	TESTED	CIS-BP2.00|000670|M07603_2.00	0.9539	-0.1724648384118121	FALSE
cell_line	H322	H322	ZNF254	LUAD_HC_TF	TESTED	CIS-BP2.00|000827|M07760_2.00	1.0	-0.18257962125996807	FALSE
cell_line	H322	H322	ZNF281	LUAD_HC_TF	TESTED	JASPAR2024|000706|MA1630.3	0.2092	0.09194952235525919	FALSE
cell_line	H322	H322	ZNF33A	LUAD_HC_TF	TESTED	CIS-BP2.00|000762|M07695_2.00	0.2847	0.10003845836831017	FALSE
cell_line	H322	H322	ZNF33B	LUAD_HC_TF	TESTED	CIS-BP2.00|000777|M07710_2.00	1.0	-0.10048099905628406	FALSE
cell_line	H322	H322	ZNF341	LUAD_HC_TF	TESTED	JASPAR2024|000712|MA1655.2	0.5249	0.876557604305867	FALSE
cell_line	H322	H322	ZNF444	LUAD_HC_TF	TESTED	CIS-BP2.00|000420|M04529_2.00	1.0	-0.09369316742523344	FALSE
cell_line	H322	H322	ZNF540	LUAD_HC_TF	TESTED	CIS-BP2.00|000701|M07634_2.00	0.8723	-0.02092421215679692	FALSE
cell_line	H322	H322	ZNF75D	LUAD_HC_TF	TESTED	CIS-BP2.00|000750|M07683_2.00	0.0415	0.11998703521360493	FALSE
cell_line	II-18	II-18	CEBPA	LUAD_LINEAGE_POSITIVE_CONTROL	TESTED	CIS-BP2.00|000926|M08076_2.00	0.0698	0.09760209226423645	FALSE
cell_line	II-18	II-18	CEBPB	LUAD_LINEAGE_POSITIVE_CONTROL	TESTED	JASPAR2024|000235|MA0466.4	0.0002	0.3619113474190495	FALSE
cell_line	II-18	II-18	CREB3L2	LUAD_HC_TF	TESTED	CIS-BP2.00|000117|M01812_2.00	0.081	0.08817236158040584	FALSE
cell_line	II-18	II-18	E2F5	LUAD_HC_TF	TESTED	CIS-BP2.00|000940|M08109_2.00	0.3432	0.057364268263225875	FALSE
cell_line	II-18	II-18	ELF3	LUAD_HC_TF_AND_LINEAGE_POSITIVE_CONTROL	TESTED	CIS-BP2.00|000227|M03002_2.00	0.0	0.46427585760804163	TRUE
cell_line	II-18	II-18	ETV1	LUAD_HC_TF	TESTED	JASPAR2024|000311|MA0761.3	0.0277	0.7661716428968239	FALSE
cell_line	II-18	II-18	FOXA1	LUAD_LINEAGE_POSITIVE_CONTROL	TESTED	CIS-BP2.00|000890|M07960_2.00	0.0002	0.19537883119591246	FALSE
cell_line	II-18	II-18	FOXA2	LUAD_LINEAGE_POSITIVE_CONTROL	TESTED	CIS-BP2.00|000889|M07959_2.00	0.0075	0.1449247992832785	FALSE
cell_line	II-18	II-18	FOXA3	LUAD_HC_TF	TESTED	CIS-BP2.00|000469|M04831_2.00	0.0	0.5874384457561543	TRUE
cell_line	II-18	II-18	FOXD2	LUAD_HC_TF	TESTED	CIS-BP2.00|000235|M03042_2.00	0.3432	0.04012790062299618	FALSE
cell_line	II-18	II-18	GATA6	LUAD_LINEAGE_POSITIVE_CONTROL	TESTED	JASPAR2024|000382|MA1104.3	0.0698	0.12220565406901408	FALSE
cell_line	II-18	II-18	HNF4A	LUAD_LINEAGE_POSITIVE_CONTROL	TESTED	JASPAR2024|000410|MA0114.5	1.0	-0.16102929120071122	FALSE
cell_line	II-18	II-18	NFATC4	LUAD_HC_TF	TESTED	JASPAR2024|000506|MA1525.3	0.0	0.34673743750135977	TRUE
cell_line	II-18	II-18	NKX2-1	LUAD_LINEAGE_POSITIVE_CONTROL	TESTED	JASPAR2024|000822|MA1994.2	0.0345	0.25729951456503874	FALSE
cell_line	II-18	II-18	NR3C2	LUAD_HC_TF	TESTED	JASPAR2024|000539|MA0727.2	0.7104	0.0013139938508921417	FALSE
cell_line	II-18	II-18	XBP1	LUAD_HC_TF	TESTED	JASPAR2024|000675|MA0844.2	0.0	0.2446449910479481	TRUE
cell_line	II-18	II-18	ZBTB18	LUAD_HC_TF	TESTED	CIS-BP2.00|000988|M08257_2.00	0.96	-0.05297705699374124	FALSE
cell_line	II-18	II-18	ZNF141	LUAD_HC_TF	TESTED	CIS-BP2.00|000653|M07586_2.00	0.146	0.07676236380620947	FALSE
cell_line	II-18	II-18	ZNF19	LUAD_HC_TF	TESTED	CIS-BP2.00|000670|M07603_2.00	0.0698	0.6892113743956539	FALSE
cell_line	II-18	II-18	ZNF254	LUAD_HC_TF	TESTED	CIS-BP2.00|000827|M07760_2.00	1.0	-0.24168113655090026	FALSE
cell_line	II-18	II-18	ZNF281	LUAD_HC_TF	TESTED	JASPAR2024|000706|MA1630.3	0.0314	0.1478244945029494	FALSE
cell_line	II-18	II-18	ZNF33A	LUAD_HC_TF	TESTED	CIS-BP2.00|000762|M07695_2.00	0.0075	0.24134795184204633	FALSE
cell_line	II-18	II-18	ZNF33B	LUAD_HC_TF	TESTED	CIS-BP2.00|000777|M07710_2.00	1.0	-0.15128778009589575	FALSE
cell_line	II-18	II-18	ZNF341	LUAD_HC_TF	TESTED	JASPAR2024|000712|MA1655.2	0.1781	2.134598334300137	FALSE
cell_line	II-18	II-18	ZNF444	LUAD_HC_TF	TESTED	CIS-BP2.00|000420|M04529_2.00	0.3432	0.04056766080744269	FALSE
cell_line	II-18	II-18	ZNF540	LUAD_HC_TF	TESTED	CIS-BP2.00|000701|M07634_2.00	1.0	-0.08263991567564113	FALSE
cell_line	II-18	II-18	ZNF75D	LUAD_HC_TF	TESTED	JASPAR2024|000169|MA1601.2	0.0389	0.1167188171500083	FALSE
cell_line	LC2/ad	LC2_ad	CEBPA	LUAD_LINEAGE_POSITIVE_CONTROL	TESTED	JASPAR2024|000234|MA0102.5	0.1146	0.09575400386675756	FALSE
cell_line	LC2/ad	LC2_ad	CEBPB	LUAD_LINEAGE_POSITIVE_CONTROL	TESTED	JASPAR2024|000235|MA0466.4	0.249	0.11353556219178308	FALSE
cell_line	LC2/ad	LC2_ad	CREB3L2	LUAD_HC_TF	TESTED	CIS-BP2.00|000117|M01812_2.00	0.2327	0.06454794103478949	FALSE
cell_line	LC2/ad	LC2_ad	E2F5	LUAD_HC_TF	TESTED	CIS-BP2.00|000940|M08109_2.00	0.4465	0.045659807793437306	FALSE
cell_line	LC2/ad	LC2_ad	ELF3	LUAD_HC_TF_AND_LINEAGE_POSITIVE_CONTROL	TESTED	CIS-BP2.00|000227|M03002_2.00	0.0	0.570631242551	TRUE
cell_line	LC2/ad	LC2_ad	ETV1	LUAD_HC_TF	TESTED	CIS-BP2.00|000457|M04708_2.00	0.0286	2.4057398549562916	FALSE
cell_line	LC2/ad	LC2_ad	FOXA1	LUAD_LINEAGE_POSITIVE_CONTROL	TESTED	CIS-BP2.00|000890|M07960_2.00	0.0273	0.13107838027077978	FALSE
cell_line	LC2/ad	LC2_ad	FOXA2	LUAD_LINEAGE_POSITIVE_CONTROL	TESTED	CIS-BP2.00|000889|M07959_2.00	0.0151	0.14538204661750279	FALSE
cell_line	LC2/ad	LC2_ad	FOXA3	LUAD_HC_TF	TESTED	CIS-BP2.00|000469|M04831_2.00	0.0	0.6137263714813068	TRUE
cell_line	LC2/ad	LC2_ad	FOXD2	LUAD_HC_TF	TESTED	JASPAR2024|000361|MA0847.4	0.2159	0.07019797009460399	FALSE
cell_line	LC2/ad	LC2_ad	GATA6	LUAD_LINEAGE_POSITIVE_CONTROL	TESTED	JASPAR2024|000382|MA1104.3	0.0922	0.1263172212298966	FALSE
cell_line	LC2/ad	LC2_ad	HNF4A	LUAD_LINEAGE_POSITIVE_CONTROL	TESTED	JASPAR2024|000410|MA0114.5	0.6452	0.009030959266150364	FALSE
cell_line	LC2/ad	LC2_ad	NFATC4	LUAD_HC_TF	TESTED	JASPAR2024|000506|MA1525.3	0.0	0.3128348326890214	TRUE
cell_line	LC2/ad	LC2_ad	NKX2-1	LUAD_LINEAGE_POSITIVE_CONTROL	TESTED	JASPAR2024|000822|MA1994.2	0.2851	0.1152397001912647	FALSE
cell_line	LC2/ad	LC2_ad	NR3C2	LUAD_HC_TF	TESTED	CIS-BP2.00|000154|M02395_2.00	1.0	-0.00456149041807995	FALSE
cell_line	LC2/ad	LC2_ad	XBP1	LUAD_HC_TF	TESTED	JASPAR2024|000675|MA0844.2	0.0001	0.20505990774306906	FALSE
cell_line	LC2/ad	LC2_ad	ZBTB18	LUAD_HC_TF	TESTED	JASPAR2024|000681|MA0698.2	1.0	-0.05485680134132254	FALSE
cell_line	LC2/ad	LC2_ad	ZNF141	LUAD_HC_TF	TESTED	CIS-BP2.00|000653|M07586_2.00	0.4699	0.029037228562678354	FALSE
cell_line	LC2/ad	LC2_ad	ZNF19	LUAD_HC_TF	TESTED	CIS-BP2.00|000670|M07603_2.00	0.0387	1.0080367802527985	FALSE
cell_line	LC2/ad	LC2_ad	ZNF254	LUAD_HC_TF	TESTED	CIS-BP2.00|000827|M07760_2.00	1.0	-0.11169084286696428	FALSE
cell_line	LC2/ad	LC2_ad	ZNF281	LUAD_HC_TF	TESTED	JASPAR2024|000706|MA1630.3	0.113	0.11109730667045359	FALSE
cell_line	LC2/ad	LC2_ad	ZNF33A	LUAD_HC_TF	TESTED	CIS-BP2.00|000762|M07695_2.00	0.0675	0.17358447303625324	FALSE
cell_line	LC2/ad	LC2_ad	ZNF33B	LUAD_HC_TF	TESTED	CIS-BP2.00|000777|M07710_2.00	0.6636	-0.0016670238167136083	FALSE
cell_line	LC2/ad	LC2_ad	ZNF341	LUAD_HC_TF	TESTED	CIS-BP2.00|001017|M08310_2.00	0.0273	2.47054927137584	FALSE
cell_line	LC2/ad	LC2_ad	ZNF444	LUAD_HC_TF	TESTED	CIS-BP2.00|000420|M04529_2.00	0.875	-0.026725845621378974	FALSE
cell_line	LC2/ad	LC2_ad	ZNF540	LUAD_HC_TF	TESTED	CIS-BP2.00|000701|M07634_2.00	0.6452	0.004331523043437368	FALSE
cell_line	LC2/ad	LC2_ad	ZNF75D	LUAD_HC_TF	TESTED	CIS-BP2.00|000750|M07683_2.00	0.0417	0.11678263068130203	FALSE
cell_line	PC-14	PC-14	CEBPA	LUAD_LINEAGE_POSITIVE_CONTROL	TESTED	JASPAR2024|000234|MA0102.5	0.2365	0.07296513078984225	FALSE
cell_line	PC-14	PC-14	CEBPB	LUAD_LINEAGE_POSITIVE_CONTROL	TESTED	JASPAR2024|000235|MA0466.4	0.0141	0.2462635219629482	FALSE
cell_line	PC-14	PC-14	CREB3L2	LUAD_HC_TF	TESTED	CIS-BP2.00|000117|M01812_2.00	1.0	-0.05544545550867784	FALSE
cell_line	PC-14	PC-14	E2F5	LUAD_HC_TF	TESTED	CIS-BP2.00|000940|M08109_2.00	0.0047	0.23766054022784028	FALSE
cell_line	PC-14	PC-14	ELF3	LUAD_HC_TF_AND_LINEAGE_POSITIVE_CONTROL	TESTED	CIS-BP2.00|000227|M03002_2.00	0.0	0.41778118929582897	TRUE
cell_line	PC-14	PC-14	ETV1	LUAD_HC_TF	TESTED	JASPAR2024|000311|MA0761.3	0.0044	1.0350203268089102	FALSE
cell_line	PC-14	PC-14	FOXA1	LUAD_LINEAGE_POSITIVE_CONTROL	TESTED	CIS-BP2.00|000890|M07960_2.00	0.0013	0.1735782069892166	FALSE
cell_line	PC-14	PC-14	FOXA2	LUAD_LINEAGE_POSITIVE_CONTROL	TESTED	CIS-BP2.00|000889|M07959_2.00	0.0693	0.09866970784489566	FALSE
cell_line	PC-14	PC-14	FOXA3	LUAD_HC_TF	TESTED	CIS-BP2.00|000469|M04831_2.00	0.0077	0.36732143653371874	FALSE
cell_line	PC-14	PC-14	FOXD2	LUAD_HC_TF	TESTED	JASPAR2024|000361|MA0847.4	0.4505	0.03914548382993881	FALSE
cell_line	PC-14	PC-14	GATA6	LUAD_LINEAGE_POSITIVE_CONTROL	TESTED	JASPAR2024|000382|MA1104.3	0.2088	0.09320204555229003	FALSE
cell_line	PC-14	PC-14	HNF4A	LUAD_LINEAGE_POSITIVE_CONTROL	TESTED	JASPAR2024|000410|MA0114.5	0.5751	0.05397956732924717	FALSE
cell_line	PC-14	PC-14	NFATC4	LUAD_HC_TF	TESTED	JASPAR2024|000506|MA1525.3	0.0	0.28308843848040094	TRUE
cell_line	PC-14	PC-14	NKX2-1	LUAD_LINEAGE_POSITIVE_CONTROL	TESTED	JASPAR2024|000822|MA1994.2	0.468	0.07515147653349881	FALSE
cell_line	PC-14	PC-14	NR3C2	LUAD_HC_TF	TESTED	JASPAR2024|000539|MA0727.2	0.8959	-0.03849434629445269	FALSE
cell_line	PC-14	PC-14	XBP1	LUAD_HC_TF	TESTED	CIS-BP2.00|000375|M04231_2.00	0.0	0.5143758702442637	TRUE
cell_line	PC-14	PC-14	ZBTB18	LUAD_HC_TF	TESTED	JASPAR2024|000681|MA0698.2	1.0	-0.1935944351752616	FALSE
cell_line	PC-14	PC-14	ZNF141	LUAD_HC_TF	TESTED	CIS-BP2.00|000653|M07586_2.00	0.4496	0.04296568641864217	FALSE
cell_line	PC-14	PC-14	ZNF19	LUAD_HC_TF	TESTED	CIS-BP2.00|000670|M07603_2.00	0.3295	0.37232863036370745	FALSE
cell_line	PC-14	PC-14	ZNF254	LUAD_HC_TF	TESTED	CIS-BP2.00|000827|M07760_2.00	0.7369	0.0044939965024873504	FALSE
cell_line	PC-14	PC-14	ZNF281	LUAD_HC_TF	TESTED	JASPAR2024|000706|MA1630.3	0.0678	0.1252146073172036	FALSE
cell_line	PC-14	PC-14	ZNF33A	LUAD_HC_TF	TESTED	CIS-BP2.00|000762|M07695_2.00	0.6002	0.02839944904171456	FALSE
cell_line	PC-14	PC-14	ZNF33B	LUAD_HC_TF	TESTED	CIS-BP2.00|000777|M07710_2.00	1.0	-0.09900367626153311	FALSE
cell_line	PC-14	PC-14	ZNF341	LUAD_HC_TF	TESTED	JASPAR2024|000712|MA1655.2	0.8959	-0.35729358804065275	FALSE
cell_line	PC-14	PC-14	ZNF444	LUAD_HC_TF	TESTED	CIS-BP2.00|000420|M04529_2.00	0.6899	0.01033332866052828	FALSE
cell_line	PC-14	PC-14	ZNF540	LUAD_HC_TF	TESTED	CIS-BP2.00|000701|M07634_2.00	0.827	-0.013230057598451526	FALSE
cell_line	PC-14	PC-14	ZNF75D	LUAD_HC_TF	TESTED	CIS-BP2.00|000750|M07683_2.00	0.0028	0.16587190421886078	FALSE
cell_line	PC-9	PC-9	CEBPA	LUAD_LINEAGE_POSITIVE_CONTROL	TESTED	CIS-BP2.00|000926|M08076_2.00	0.6895	0.02827875186362625	FALSE
cell_line	PC-9	PC-9	CEBPB	LUAD_LINEAGE_POSITIVE_CONTROL	TESTED	JASPAR2024|000235|MA0466.4	0.0053	0.3119758003148691	FALSE
cell_line	PC-9	PC-9	CREB3L2	LUAD_HC_TF	TESTED	CIS-BP2.00|000117|M01812_2.00	0.4518	0.04813422183566574	FALSE
cell_line	PC-9	PC-9	E2F5	LUAD_HC_TF	TESTED	CIS-BP2.00|000940|M08109_2.00	1.0	-0.03662741859740395	FALSE
cell_line	PC-9	PC-9	ELF3	LUAD_HC_TF_AND_LINEAGE_POSITIVE_CONTROL	TESTED	CIS-BP2.00|000227|M03002_2.00	0.0	0.4408402301468878	TRUE
cell_line	PC-9	PC-9	ETV1	LUAD_HC_TF	TESTED	CIS-BP2.00|000457|M04708_2.00	0.4428	0.6640995687776853	FALSE
cell_line	PC-9	PC-9	FOXA1	LUAD_LINEAGE_POSITIVE_CONTROL	TESTED	CIS-BP2.00|000890|M07960_2.00	0.0361	0.12374600651176315	FALSE
cell_line	PC-9	PC-9	FOXA2	LUAD_LINEAGE_POSITIVE_CONTROL	TESTED	CIS-BP2.00|000889|M07959_2.00	0.0361	0.12621552400981698	FALSE
cell_line	PC-9	PC-9	FOXA3	LUAD_HC_TF	TESTED	CIS-BP2.00|000469|M04831_2.00	0.256	0.20033033796156707	FALSE
cell_line	PC-9	PC-9	FOXD2	LUAD_HC_TF	TESTED	JASPAR2024|000361|MA0847.4	0.8933	0.00908889954945717	FALSE
cell_line	PC-9	PC-9	GATA6	LUAD_LINEAGE_POSITIVE_CONTROL	TESTED	CIS-BP2.00|000947|M08124_2.00	1.0	-0.06457221784853891	FALSE
cell_line	PC-9	PC-9	HNF4A	LUAD_LINEAGE_POSITIVE_CONTROL	TESTED	JASPAR2024|000410|MA0114.5	0.5865	0.09649489267405947	FALSE
cell_line	PC-9	PC-9	NFATC4	LUAD_HC_TF	TESTED	JASPAR2024|000506|MA1525.3	0.0264	0.14549729367797481	FALSE
cell_line	PC-9	PC-9	NKX2-1	LUAD_LINEAGE_POSITIVE_CONTROL	TESTED	JASPAR2024|000822|MA1994.2	0.2151	0.1835196066843023	FALSE
cell_line	PC-9	PC-9	NR3C2	LUAD_HC_TF	TESTED	JASPAR2024|000539|MA0727.2	1.0	-0.027727496197701654	FALSE
cell_line	PC-9	PC-9	XBP1	LUAD_HC_TF	TESTED	JASPAR2024|000675|MA0844.2	0.0009	0.19112682116027382	FALSE
cell_line	PC-9	PC-9	ZBTB18	LUAD_HC_TF	TESTED	JASPAR2024|000681|MA0698.2	1.0	-0.07620609372135934	FALSE
cell_line	PC-9	PC-9	ZNF141	LUAD_HC_TF	TESTED	CIS-BP2.00|000653|M07586_2.00	0.2151	0.08645625784649612	FALSE
cell_line	PC-9	PC-9	ZNF19	LUAD_HC_TF	TESTED	CIS-BP2.00|000670|M07603_2.00	1.0	-0.07683846458181201	FALSE
cell_line	PC-9	PC-9	ZNF254	LUAD_HC_TF	TESTED	CIS-BP2.00|000827|M07760_2.00	1.0	-0.24144763803514335	FALSE
cell_line	PC-9	PC-9	ZNF281	LUAD_HC_TF	TESTED	JASPAR2024|000706|MA1630.3	1.0	-0.054937075151857556	FALSE
cell_line	PC-9	PC-9	ZNF33A	LUAD_HC_TF	TESTED	CIS-BP2.00|000762|M07695_2.00	0.0264	0.24135939775533585	FALSE
cell_line	PC-9	PC-9	ZNF33B	LUAD_HC_TF	TESTED	CIS-BP2.00|000777|M07710_2.00	1.0	-0.025824329115268135	FALSE
cell_line	PC-9	PC-9	ZNF341	LUAD_HC_TF	TESTED	JASPAR2024|000712|MA1655.2	1.0	-0.35867612980898766	FALSE
cell_line	PC-9	PC-9	ZNF444	LUAD_HC_TF	TESTED	CIS-BP2.00|000420|M04529_2.00	1.0	-0.12669480746297518	FALSE
cell_line	PC-9	PC-9	ZNF540	LUAD_HC_TF	TESTED	CIS-BP2.00|000701|M07634_2.00	1.0	-0.052941134641011245	FALSE
cell_line	PC-9	PC-9	ZNF75D	LUAD_HC_TF	TESTED	CIS-BP2.00|000750|M07683_2.00	0.0637	0.11252315748637588	FALSE
cell_line	RERF-LC-Ad1	RERF-LC-Ad1	CEBPA	LUAD_LINEAGE_POSITIVE_CONTROL	TESTED	JASPAR2024|000234|MA0102.5	0.3264	0.055359761378704894	FALSE
cell_line	RERF-LC-Ad1	RERF-LC-Ad1	CEBPB	LUAD_LINEAGE_POSITIVE_CONTROL	TESTED	JASPAR2024|000235|MA0466.4	0.0753	0.18720598645823755	FALSE
cell_line	RERF-LC-Ad1	RERF-LC-Ad1	CREB3L2	LUAD_HC_TF	TESTED	CIS-BP2.00|000117|M01812_2.00	0.0459	0.11384423765549095	FALSE
cell_line	RERF-LC-Ad1	RERF-LC-Ad1	E2F5	LUAD_HC_TF	TESTED	CIS-BP2.00|000940|M08109_2.00	0.7933	0.00026717448771866435	FALSE
cell_line	RERF-LC-Ad1	RERF-LC-Ad1	ELF3	LUAD_HC_TF_AND_LINEAGE_POSITIVE_CONTROL	TESTED	CIS-BP2.00|000227|M03002_2.00	0.0	0.4702504532091202	TRUE
cell_line	RERF-LC-Ad1	RERF-LC-Ad1	ETV1	LUAD_HC_TF	TESTED	JASPAR2024|000311|MA0761.3	0.3111	0.3444999403856602	FALSE
cell_line	RERF-LC-Ad1	RERF-LC-Ad1	FOXA1	LUAD_LINEAGE_POSITIVE_CONTROL	TESTED	CIS-BP2.00|000890|M07960_2.00	0.0634	0.10255985483291062	FALSE
cell_line	RERF-LC-Ad1	RERF-LC-Ad1	FOXA2	LUAD_LINEAGE_POSITIVE_CONTROL	TESTED	JASPAR2024|000357|MA0047.4	0.0504	0.132434838860532	FALSE
cell_line	RERF-LC-Ad1	RERF-LC-Ad1	FOXA3	LUAD_HC_TF	TESTED	CIS-BP2.00|000469|M04831_2.00	0.0195	0.3568392543538625	FALSE
cell_line	RERF-LC-Ad1	RERF-LC-Ad1	FOXD2	LUAD_HC_TF	TESTED	CIS-BP2.00|000235|M03042_2.00	0.7301	0.007085583934707683	FALSE
cell_line	RERF-LC-Ad1	RERF-LC-Ad1	GATA6	LUAD_LINEAGE_POSITIVE_CONTROL	TESTED	JASPAR2024|000382|MA1104.3	0.0028	0.2199272839417975	FALSE
cell_line	RERF-LC-Ad1	RERF-LC-Ad1	HNF4A	LUAD_LINEAGE_POSITIVE_CONTROL	TESTED	JASPAR2024|000410|MA0114.5	0.5047	0.07330447306598235	FALSE
cell_line	RERF-LC-Ad1	RERF-LC-Ad1	NFATC4	LUAD_HC_TF	TESTED	JASPAR2024|000506|MA1525.3	0.0	0.29590469473631653	TRUE
cell_line	RERF-LC-Ad1	RERF-LC-Ad1	NKX2-1	LUAD_LINEAGE_POSITIVE_CONTROL	TESTED	JASPAR2024|000822|MA1994.2	0.3264	0.12042658509150271	FALSE
cell_line	RERF-LC-Ad1	RERF-LC-Ad1	NR3C2	LUAD_HC_TF	TESTED	JASPAR2024|000539|MA0727.2	1.0	-0.1357285605377434	FALSE
cell_line	RERF-LC-Ad1	RERF-LC-Ad1	XBP1	LUAD_HC_TF	TESTED	CIS-BP2.00|000375|M04231_2.00	0.0	0.503866539641129	TRUE
cell_line	RERF-LC-Ad1	RERF-LC-Ad1	ZBTB18	LUAD_HC_TF	TESTED	JASPAR2024|000681|MA0698.2	1.0	-0.07847580321039131	FALSE
cell_line	RERF-LC-Ad1	RERF-LC-Ad1	ZNF141	LUAD_HC_TF	TESTED	CIS-BP2.00|000653|M07586_2.00	0.1096	0.09324537296100385	FALSE
cell_line	RERF-LC-Ad1	RERF-LC-Ad1	ZNF19	LUAD_HC_TF	TESTED	CIS-BP2.00|000670|M07603_2.00	0.5026	0.23240736364809608	FALSE
cell_line	RERF-LC-Ad1	RERF-LC-Ad1	ZNF254	LUAD_HC_TF	TESTED	CIS-BP2.00|000827|M07760_2.00	1.0	-0.05406862844086016	FALSE
cell_line	RERF-LC-Ad1	RERF-LC-Ad1	ZNF281	LUAD_HC_TF	TESTED	JASPAR2024|000706|MA1630.3	0.9262	-0.02813778196298456	FALSE
cell_line	RERF-LC-Ad1	RERF-LC-Ad1	ZNF33A	LUAD_HC_TF	TESTED	CIS-BP2.00|000762|M07695_2.00	0.0579	0.1834416799224291	FALSE
cell_line	RERF-LC-Ad1	RERF-LC-Ad1	ZNF33B	LUAD_HC_TF	TESTED	CIS-BP2.00|000777|M07710_2.00	0.7933	-0.0005030423147009925	FALSE
cell_line	RERF-LC-Ad1	RERF-LC-Ad1	ZNF341	LUAD_HC_TF	TESTED	JASPAR2024|000712|MA1655.2	0.8193	0.14911509926092562	FALSE
cell_line	RERF-LC-Ad1	RERF-LC-Ad1	ZNF444	LUAD_HC_TF	TESTED	CIS-BP2.00|000420|M04529_2.00	1.0	-0.10759757185342005	FALSE
cell_line	RERF-LC-Ad1	RERF-LC-Ad1	ZNF540	LUAD_HC_TF	TESTED	CIS-BP2.00|000701|M07634_2.00	0.8193	-0.007604224049985445	FALSE
cell_line	RERF-LC-Ad1	RERF-LC-Ad1	ZNF75D	LUAD_HC_TF	TESTED	CIS-BP2.00|000750|M07683_2.00	0.0028	0.1709932569604624	FALSE
cell_line	RERF-LC-Ad2	RERF-LC-Ad2	CEBPA	LUAD_LINEAGE_POSITIVE_CONTROL	TESTED	JASPAR2024|000234|MA0102.5	0.0132	0.15181559393183677	FALSE
cell_line	RERF-LC-Ad2	RERF-LC-Ad2	CEBPB	LUAD_LINEAGE_POSITIVE_CONTROL	TESTED	JASPAR2024|000235|MA0466.4	0.0008	0.3341245556880842	FALSE
cell_line	RERF-LC-Ad2	RERF-LC-Ad2	CREB3L2	LUAD_HC_TF	TESTED	CIS-BP2.00|000117|M01812_2.00	0.0063	0.14917440252298605	FALSE
cell_line	RERF-LC-Ad2	RERF-LC-Ad2	E2F5	LUAD_HC_TF	TESTED	CIS-BP2.00|000940|M08109_2.00	0.3601	0.06821388301193834	FALSE
cell_line	RERF-LC-Ad2	RERF-LC-Ad2	ELF3	LUAD_HC_TF_AND_LINEAGE_POSITIVE_CONTROL	TESTED	CIS-BP2.00|000227|M03002_2.00	0.0	0.40160167228314475	TRUE
cell_line	RERF-LC-Ad2	RERF-LC-Ad2	ETV1	LUAD_HC_TF	TESTED	JASPAR2024|000311|MA0761.3	0.0562	0.6910001578653135	FALSE
cell_line	RERF-LC-Ad2	RERF-LC-Ad2	FOXA1	LUAD_LINEAGE_POSITIVE_CONTROL	TESTED	JASPAR2024|000356|MA0148.5	0.08	0.11333063866928424	FALSE
cell_line	RERF-LC-Ad2	RERF-LC-Ad2	FOXA2	LUAD_LINEAGE_POSITIVE_CONTROL	TESTED	JASPAR2024|000357|MA0047.4	0.0183	0.15540979638815028	FALSE
cell_line	RERF-LC-Ad2	RERF-LC-Ad2	FOXA3	LUAD_HC_TF	TESTED	JASPAR2024|000358|MA1683.2	0.08	0.14293803927293852	FALSE
cell_line	RERF-LC-Ad2	RERF-LC-Ad2	FOXD2	LUAD_HC_TF	TESTED	JASPAR2024|000361|MA0847.4	0.5521	0.02481997178894831	FALSE
cell_line	RERF-LC-Ad2	RERF-LC-Ad2	GATA6	LUAD_LINEAGE_POSITIVE_CONTROL	TESTED	JASPAR2024|000382|MA1104.3	0.0562	0.13556285935963797	FALSE
cell_line	RERF-LC-Ad2	RERF-LC-Ad2	HNF4A	LUAD_LINEAGE_POSITIVE_CONTROL	TESTED	JASPAR2024|000410|MA0114.5	1.0	-0.09226333541228345	FALSE
cell_line	RERF-LC-Ad2	RERF-LC-Ad2	NFATC4	LUAD_HC_TF	TESTED	JASPAR2024|000506|MA1525.3	0.0	0.28694922795030214	TRUE
cell_line	RERF-LC-Ad2	RERF-LC-Ad2	NKX2-1	LUAD_LINEAGE_POSITIVE_CONTROL	TESTED	JASPAR2024|000822|MA1994.2	0.0562	0.23958625473576206	FALSE
cell_line	RERF-LC-Ad2	RERF-LC-Ad2	NR3C2	LUAD_HC_TF	TESTED	JASPAR2024|000539|MA0727.2	0.734	0.012047962237878908	FALSE
cell_line	RERF-LC-Ad2	RERF-LC-Ad2	XBP1	LUAD_HC_TF	TESTED	JASPAR2024|000675|MA0844.2	0.0	0.30777099934896995	TRUE
cell_line	RERF-LC-Ad2	RERF-LC-Ad2	ZBTB18	LUAD_HC_TF	TESTED	JASPAR2024|000681|MA0698.2	1.0	-0.051733372477925525	FALSE
cell_line	RERF-LC-Ad2	RERF-LC-Ad2	ZNF141	LUAD_HC_TF	TESTED	CIS-BP2.00|000653|M07586_2.00	1.0	-0.030351537220993218	FALSE
cell_line	RERF-LC-Ad2	RERF-LC-Ad2	ZNF19	LUAD_HC_TF	TESTED	CIS-BP2.00|000670|M07603_2.00	0.6992	0.1056068344818249	FALSE
cell_line	RERF-LC-Ad2	RERF-LC-Ad2	ZNF254	LUAD_HC_TF	TESTED	CIS-BP2.00|000827|M07760_2.00	1.0	-0.2065250808167233	FALSE
cell_line	RERF-LC-Ad2	RERF-LC-Ad2	ZNF281	LUAD_HC_TF	TESTED	JASPAR2024|000706|MA1630.3	1.0	-0.056745861342449896	FALSE
cell_line	RERF-LC-Ad2	RERF-LC-Ad2	ZNF33A	LUAD_HC_TF	TESTED	CIS-BP2.00|000762|M07695_2.00	0.0372	0.1912710572861495	FALSE
cell_line	RERF-LC-Ad2	RERF-LC-Ad2	ZNF33B	LUAD_HC_TF	TESTED	CIS-BP2.00|000777|M07710_2.00	1.0	-0.06529426531790679	FALSE
cell_line	RERF-LC-Ad2	RERF-LC-Ad2	ZNF341	LUAD_HC_TF	TESTED	CIS-BP2.00|001017|M08310_2.00	0.2243	0.7885224186720254	FALSE
cell_line	RERF-LC-Ad2	RERF-LC-Ad2	ZNF444	LUAD_HC_TF	TESTED	CIS-BP2.00|000420|M04529_2.00	1.0	-0.08351532172161284	FALSE
cell_line	RERF-LC-Ad2	RERF-LC-Ad2	ZNF540	LUAD_HC_TF	TESTED	CIS-BP2.00|000701|M07634_2.00	0.5408	0.03195969566701105	FALSE
cell_line	RERF-LC-Ad2	RERF-LC-Ad2	ZNF75D	LUAD_HC_TF	TESTED	CIS-BP2.00|000750|M07683_2.00	0.0	0.23015641221911007	TRUE
cell_line	RERF-LC-KJ	RERF-LC-KJ	CEBPA	LUAD_LINEAGE_POSITIVE_CONTROL	TESTED	JASPAR2024|000234|MA0102.5	0.1758	0.07272499534073078	FALSE
cell_line	RERF-LC-KJ	RERF-LC-KJ	CEBPB	LUAD_LINEAGE_POSITIVE_CONTROL	TESTED	JASPAR2024|000235|MA0466.4	0.0016	0.31753240750512846	FALSE
cell_line	RERF-LC-KJ	RERF-LC-KJ	CREB3L2	LUAD_HC_TF	TESTED	CIS-BP2.00|000117|M01812_2.00	0.0275	0.12070394629996119	FALSE
cell_line	RERF-LC-KJ	RERF-LC-KJ	E2F5	LUAD_HC_TF	TESTED	CIS-BP2.00|000940|M08109_2.00	0.0496	0.1621670856257331	FALSE
cell_line	RERF-LC-KJ	RERF-LC-KJ	ELF3	LUAD_HC_TF_AND_LINEAGE_POSITIVE_CONTROL	TESTED	CIS-BP2.00|000227|M03002_2.00	0.0	0.5973370496845252	TRUE
cell_line	RERF-LC-KJ	RERF-LC-KJ	ETV1	LUAD_HC_TF	TESTED	CIS-BP2.00|000457|M04708_2.00	0.0275	2.1656511844142687	FALSE
cell_line	RERF-LC-KJ	RERF-LC-KJ	FOXA1	LUAD_LINEAGE_POSITIVE_CONTROL	TESTED	CIS-BP2.00|000890|M07960_2.00	0.0052	0.1529654149076666	FALSE
cell_line	RERF-LC-KJ	RERF-LC-KJ	FOXA2	LUAD_LINEAGE_POSITIVE_CONTROL	TESTED	CIS-BP2.00|000889|M07959_2.00	0.0099	0.1439156780639567	FALSE
cell_line	RERF-LC-KJ	RERF-LC-KJ	FOXA3	LUAD_HC_TF	TESTED	CIS-BP2.00|000469|M04831_2.00	0.0	0.5766500970434658	TRUE
cell_line	RERF-LC-KJ	RERF-LC-KJ	FOXD2	LUAD_HC_TF	TESTED	CIS-BP2.00|000235|M03042_2.00	0.3878	0.041044177105538635	FALSE
cell_line	RERF-LC-KJ	RERF-LC-KJ	GATA6	LUAD_LINEAGE_POSITIVE_CONTROL	TESTED	JASPAR2024|000382|MA1104.3	0.1289	0.10483566286477802	FALSE
cell_line	RERF-LC-KJ	RERF-LC-KJ	HNF4A	LUAD_LINEAGE_POSITIVE_CONTROL	TESTED	JASPAR2024|000410|MA0114.5	0.7197	0.006351576213247762	FALSE
cell_line	RERF-LC-KJ	RERF-LC-KJ	NFATC4	LUAD_HC_TF	TESTED	JASPAR2024|000506|MA1525.3	0.0	0.3762754001954492	TRUE
cell_line	RERF-LC-KJ	RERF-LC-KJ	NKX2-1	LUAD_LINEAGE_POSITIVE_CONTROL	TESTED	JASPAR2024|000822|MA1994.2	0.7197	0.005237666845085334	FALSE
cell_line	RERF-LC-KJ	RERF-LC-KJ	NR3C2	LUAD_HC_TF	TESTED	JASPAR2024|000539|MA0727.2	0.6747	0.021265141963499084	FALSE
cell_line	RERF-LC-KJ	RERF-LC-KJ	XBP1	LUAD_HC_TF	TESTED	JASPAR2024|000675|MA0844.2	0.0	0.33030317045044955	TRUE
cell_line	RERF-LC-KJ	RERF-LC-KJ	ZBTB18	LUAD_HC_TF	TESTED	JASPAR2024|000681|MA0698.2	1.0	-0.1734262786572969	FALSE
cell_line	RERF-LC-KJ	RERF-LC-KJ	ZNF141	LUAD_HC_TF	TESTED	CIS-BP2.00|000653|M07586_2.00	0.7695	-0.013949877236146154	FALSE
cell_line	RERF-LC-KJ	RERF-LC-KJ	ZNF19	LUAD_HC_TF	TESTED	CIS-BP2.00|000670|M07603_2.00	0.4449	0.21049808671585965	FALSE
cell_line	RERF-LC-KJ	RERF-LC-KJ	ZNF254	LUAD_HC_TF	TESTED	CIS-BP2.00|000827|M07760_2.00	1.0	-0.1594776774963916	FALSE
cell_line	RERF-LC-KJ	RERF-LC-KJ	ZNF281	LUAD_HC_TF	TESTED	JASPAR2024|000706|MA1630.3	0.5187	0.030027176526385178	FALSE
cell_line	RERF-LC-KJ	RERF-LC-KJ	ZNF33A	LUAD_HC_TF	TESTED	CIS-BP2.00|000762|M07695_2.00	0.7596	-0.012732671436051985	FALSE
cell_line	RERF-LC-KJ	RERF-LC-KJ	ZNF33B	LUAD_HC_TF	TESTED	CIS-BP2.00|000777|M07710_2.00	1.0	-0.21283495198813043	FALSE
cell_line	RERF-LC-KJ	RERF-LC-KJ	ZNF341	LUAD_HC_TF	TESTED	JASPAR2024|000712|MA1655.2	0.1758	2.121964813442288	FALSE
cell_line	RERF-LC-KJ	RERF-LC-KJ	ZNF444	LUAD_HC_TF	TESTED	CIS-BP2.00|000420|M04529_2.00	0.8432	-0.023489822385859383	FALSE
cell_line	RERF-LC-KJ	RERF-LC-KJ	ZNF540	LUAD_HC_TF	TESTED	CIS-BP2.00|000701|M07634_2.00	0.7197	0.003365465071245547	FALSE
cell_line	RERF-LC-KJ	RERF-LC-KJ	ZNF75D	LUAD_HC_TF	TESTED	CIS-BP2.00|000750|M07683_2.00	0.0275	0.12247774509067542	FALSE
cell_line	RERF-LC-MS	RERF-LC-MS	CEBPA	LUAD_LINEAGE_POSITIVE_CONTROL	TESTED	JASPAR2024|000234|MA0102.5	0.0823	0.11802339083721035	FALSE
cell_line	RERF-LC-MS	RERF-LC-MS	CEBPB	LUAD_LINEAGE_POSITIVE_CONTROL	TESTED	CIS-BP2.00|000866|M07830_2.00	0.0271	0.12899815188532662	FALSE
cell_line	RERF-LC-MS	RERF-LC-MS	CREB3L2	LUAD_HC_TF	TESTED	CIS-BP2.00|000117|M01812_2.00	1.0	-0.03657310394911168	FALSE
cell_line	RERF-LC-MS	RERF-LC-MS	E2F5	LUAD_HC_TF	TESTED	CIS-BP2.00|000940|M08109_2.00	0.0008	0.3012779013897256	FALSE
cell_line	RERF-LC-MS	RERF-LC-MS	ELF3	LUAD_HC_TF_AND_LINEAGE_POSITIVE_CONTROL	TESTED	CIS-BP2.00|000227|M03002_2.00	0.0	0.38408051522332454	TRUE
cell_line	RERF-LC-MS	RERF-LC-MS	ETV1	LUAD_HC_TF	TESTED	JASPAR2024|000652|MA1966.2	0.0271	0.3914223990153081	FALSE
cell_line	RERF-LC-MS	RERF-LC-MS	FOXA1	LUAD_LINEAGE_POSITIVE_CONTROL	TESTED	CIS-BP2.00|000890|M07960_2.00	0.5306	0.03280738297603164	FALSE
cell_line	RERF-LC-MS	RERF-LC-MS	FOXA2	LUAD_LINEAGE_POSITIVE_CONTROL	TESTED	JASPAR2024|000357|MA0047.4	0.1553	0.10292570354965622	FALSE
cell_line	RERF-LC-MS	RERF-LC-MS	FOXA3	LUAD_HC_TF	TESTED	JASPAR2024|000358|MA1683.2	0.5628	0.0396054908165096	FALSE
cell_line	RERF-LC-MS	RERF-LC-MS	FOXD2	LUAD_HC_TF	TESTED	CIS-BP2.00|000235|M03042_2.00	0.8693	-0.0034983941695054263	FALSE
cell_line	RERF-LC-MS	RERF-LC-MS	GATA6	LUAD_LINEAGE_POSITIVE_CONTROL	TESTED	JASPAR2024|000382|MA1104.3	0.5306	0.044002014415223466	FALSE
cell_line	RERF-LC-MS	RERF-LC-MS	HNF4A	LUAD_LINEAGE_POSITIVE_CONTROL	TESTED	JASPAR2024|000410|MA0114.5	0.3043	0.14440075338875977	FALSE
cell_line	RERF-LC-MS	RERF-LC-MS	NFATC4	LUAD_HC_TF	TESTED	JASPAR2024|000506|MA1525.3	0.0	0.320310752126329	TRUE
cell_line	RERF-LC-MS	RERF-LC-MS	NKX2-1	LUAD_LINEAGE_POSITIVE_CONTROL	TESTED	JASPAR2024|000822|MA1994.2	0.5628	0.05762349921233675	FALSE
cell_line	RERF-LC-MS	RERF-LC-MS	NR3C2	LUAD_HC_TF	TESTED	JASPAR2024|000539|MA0727.2	1.0	-0.067257089605068	FALSE
cell_line	RERF-LC-MS	RERF-LC-MS	XBP1	LUAD_HC_TF	TESTED	JASPAR2024|000675|MA0844.2	0.0002	0.2034617461601514	FALSE
cell_line	RERF-LC-MS	RERF-LC-MS	ZBTB18	LUAD_HC_TF	TESTED	JASPAR2024|000681|MA0698.2	1.0	-0.19211355625550075	FALSE
cell_line	RERF-LC-MS	RERF-LC-MS	ZNF141	LUAD_HC_TF	TESTED	CIS-BP2.00|000653|M07586_2.00	0.1302	0.10493910725489627	FALSE
cell_line	RERF-LC-MS	RERF-LC-MS	ZNF19	LUAD_HC_TF	TESTED	CIS-BP2.00|000670|M07603_2.00	1.0	-0.24788586930178125	FALSE
cell_line	RERF-LC-MS	RERF-LC-MS	ZNF254	LUAD_HC_TF	TESTED	CIS-BP2.00|000827|M07760_2.00	1.0	-0.1539212879231593	FALSE
cell_line	RERF-LC-MS	RERF-LC-MS	ZNF281	LUAD_HC_TF	TESTED	JASPAR2024|000706|MA1630.3	1.0	-0.032731261019413344	FALSE
cell_line	RERF-LC-MS	RERF-LC-MS	ZNF33A	LUAD_HC_TF	TESTED	CIS-BP2.00|000762|M07695_2.00	0.3193	0.0902085621995626	FALSE
cell_line	RERF-LC-MS	RERF-LC-MS	ZNF33B	LUAD_HC_TF	TESTED	CIS-BP2.00|000777|M07710_2.00	1.0	-0.06964874036966194	FALSE
cell_line	RERF-LC-MS	RERF-LC-MS	ZNF341	LUAD_HC_TF	TESTED	CIS-BP2.00|001017|M08310_2.00	0.2765	0.8236732490572463	FALSE
cell_line	RERF-LC-MS	RERF-LC-MS	ZNF444	LUAD_HC_TF	TESTED	CIS-BP2.00|000420|M04529_2.00	0.8912	-0.0077229414138422735	FALSE
cell_line	RERF-LC-MS	RERF-LC-MS	ZNF540	LUAD_HC_TF	TESTED	CIS-BP2.00|000701|M07634_2.00	1.0	-0.028068530774049236	FALSE
cell_line	RERF-LC-MS	RERF-LC-MS	ZNF75D	LUAD_HC_TF	TESTED	CIS-BP2.00|000750|M07683_2.00	0.0271	0.13525288773105976	FALSE
cell_line	VMRC-LCD	VMRC-LCD	CEBPA	LUAD_LINEAGE_POSITIVE_CONTROL	TESTED	JASPAR2024|000234|MA0102.5	0.1302	0.08725963568049168	FALSE
cell_line	VMRC-LCD	VMRC-LCD	CEBPB	LUAD_LINEAGE_POSITIVE_CONTROL	TESTED	JASPAR2024|000235|MA0466.4	0.0081	0.2514280978419286	FALSE
cell_line	VMRC-LCD	VMRC-LCD	CREB3L2	LUAD_HC_TF	TESTED	CIS-BP2.00|000117|M01812_2.00	0.0002	0.19629970105509173	FALSE
cell_line	VMRC-LCD	VMRC-LCD	E2F5	LUAD_HC_TF	TESTED	CIS-BP2.00|000940|M08109_2.00	0.0022	0.2554465089658863	FALSE
cell_line	VMRC-LCD	VMRC-LCD	ELF3	LUAD_HC_TF_AND_LINEAGE_POSITIVE_CONTROL	TESTED	CIS-BP2.00|000227|M03002_2.00	0.0	0.5047841508363466	TRUE
cell_line	VMRC-LCD	VMRC-LCD	ETV1	LUAD_HC_TF	TESTED	JASPAR2024|000652|MA1966.2	0.0001	0.6593881452307776	FALSE
cell_line	VMRC-LCD	VMRC-LCD	FOXA1	LUAD_LINEAGE_POSITIVE_CONTROL	TESTED	CIS-BP2.00|000890|M07960_2.00	0.0053	0.14496651392507173	FALSE
cell_line	VMRC-LCD	VMRC-LCD	FOXA2	LUAD_LINEAGE_POSITIVE_CONTROL	TESTED	CIS-BP2.00|000889|M07959_2.00	0.0022	0.16183632204760212	FALSE
cell_line	VMRC-LCD	VMRC-LCD	FOXA3	LUAD_HC_TF	TESTED	JASPAR2024|000358|MA1683.2	0.0002	0.31536953150191555	FALSE
cell_line	VMRC-LCD	VMRC-LCD	FOXD2	LUAD_HC_TF	TESTED	CIS-BP2.00|000235|M03042_2.00	0.1654	0.0705625856382781	FALSE
cell_line	VMRC-LCD	VMRC-LCD	GATA6	LUAD_LINEAGE_POSITIVE_CONTROL	TESTED	CIS-BP2.00|000947|M08124_2.00	0.1302	0.09120363175885093	FALSE
cell_line	VMRC-LCD	VMRC-LCD	HNF4A	LUAD_LINEAGE_POSITIVE_CONTROL	TESTED	JASPAR2024|000409|MA1494.2	0.7236	-0.002120087335580411	FALSE
cell_line	VMRC-LCD	VMRC-LCD	NFATC4	LUAD_HC_TF	TESTED	JASPAR2024|000506|MA1525.3	0.0	0.2761064241901291	TRUE
cell_line	VMRC-LCD	VMRC-LCD	NKX2-1	LUAD_LINEAGE_POSITIVE_CONTROL	TESTED	JASPAR2024|000822|MA1994.2	0.3843	0.06906365225780303	FALSE
cell_line	VMRC-LCD	VMRC-LCD	NR3C2	LUAD_HC_TF	TESTED	CIS-BP2.00|000154|M02395_2.00	0.9753	-2.8627183271344863	FALSE
cell_line	VMRC-LCD	VMRC-LCD	XBP1	LUAD_HC_TF	TESTED	JASPAR2024|000675|MA0844.2	0.0	0.29542475466192203	TRUE
cell_line	VMRC-LCD	VMRC-LCD	ZBTB18	LUAD_HC_TF	TESTED	CIS-BP2.00|000988|M08257_2.00	0.7917	-0.02094999162966936	FALSE
cell_line	VMRC-LCD	VMRC-LCD	ZNF141	LUAD_HC_TF	TESTED	CIS-BP2.00|000653|M07586_2.00	0.7236	-0.0048124314449363445	FALSE
cell_line	VMRC-LCD	VMRC-LCD	ZNF19	LUAD_HC_TF	TESTED	CIS-BP2.00|000670|M07603_2.00	0.1588	0.4881937852489206	FALSE
cell_line	VMRC-LCD	VMRC-LCD	ZNF254	LUAD_HC_TF	TESTED	CIS-BP2.00|000827|M07760_2.00	1.0	-0.12070495192948277	FALSE
cell_line	VMRC-LCD	VMRC-LCD	ZNF281	LUAD_HC_TF	TESTED	JASPAR2024|000706|MA1630.3	0.3566	0.04539357383365761	FALSE
cell_line	VMRC-LCD	VMRC-LCD	ZNF33A	LUAD_HC_TF	TESTED	CIS-BP2.00|000762|M07695_2.00	0.2485	0.08751855059567575	FALSE
cell_line	VMRC-LCD	VMRC-LCD	ZNF33B	LUAD_HC_TF	TESTED	CIS-BP2.00|000777|M07710_2.00	1.0	-0.12037609121930834	FALSE
cell_line	VMRC-LCD	VMRC-LCD	ZNF341	LUAD_HC_TF	TESTED	CIS-BP2.00|001017|M08310_2.00	0.1302	0.8992494854011498	FALSE
cell_line	VMRC-LCD	VMRC-LCD	ZNF444	LUAD_HC_TF	TESTED	CIS-BP2.00|000420|M04529_2.00	0.0016	0.17366471899255792	FALSE
cell_line	VMRC-LCD	VMRC-LCD	ZNF540	LUAD_HC_TF	TESTED	CIS-BP2.00|000701|M07634_2.00	0.8754	-0.03683782412642084	FALSE
cell_line	VMRC-LCD	VMRC-LCD	ZNF75D	LUAD_HC_TF	TESTED	JASPAR2024|000169|MA1601.2	0.3495	0.043470503744304355	FALSE
