TF	motif_token	p_value	q_value	target_with_motif	target_total	background_with_motif	background_total	log2_odds_ratio	motif_enriched_q1e-5	system	sample_id	sample_slug
FOXA3	CIS-BP2.00|000469|M04831_2.00	1e-18	0.0	212.0	3581.0	842.6	27536.0	0.9976627508717951	TRUE	patient	TCGA-44-3918	TCGA-44-3918
ELF3	CIS-BP2.00|000227|M03002_2.00	1e-08	0.0	1525.0	3581.0	10423.5	27536.0	0.284274813178693	TRUE	patient	TCGA-44-3918	TCGA-44-3918
CEBPB	JASPAR2024|000235|MA0466.4	1e-06	0.0	297.0	3581.0	1699.1	27536.0	0.46148155402311086	TRUE	patient	TCGA-44-3918	TCGA-44-3918
ZNF444	CIS-BP2.00|000420|M04529_2.00	0.001	0.0038	1374.0	3581.0	9813.2	27536.0	0.16927164659887287	FALSE	patient	TCGA-44-3918	TCGA-44-3918
FOXA1	CIS-BP2.00|000890|M07960_2.00	0.001	0.0047	1927.0	3581.0	14067.5	27536.0	0.1575610709294582	FALSE	patient	TCGA-44-3918	TCGA-44-3918
ZNF75D	CIS-BP2.00|000750|M07683_2.00	0.01	0.0221	2313.0	3581.0	17179.8	27536.0	0.13676273476670922	FALSE	patient	TCGA-44-3918	TCGA-44-3918
XBP1	JASPAR2024|000675|MA0844.2	0.01	0.0221	1698.0	3581.0	12430.1	27536.0	0.1321091442778389	FALSE	patient	TCGA-44-3918	TCGA-44-3918
FOXD2	JASPAR2024|000361|MA0847.4	0.01	0.0221	1373.0	3581.0	9957.7	27536.0	0.13466977185471068	FALSE	patient	TCGA-44-3918	TCGA-44-3918
FOXA2	CIS-BP2.00|000889|M07959_2.00	0.1	0.1009	2183.0	3581.0	16327.6	27536.0	0.10005005846912265	FALSE	patient	TCGA-44-3918	TCGA-44-3918
ZNF19	CIS-BP2.00|000670|M07603_2.00	0.1	0.1009	3575.0	3581.0	27444.4	27536.0	0.8843683588621011	FALSE	patient	TCGA-44-3918	TCGA-44-3918
CEBPB	CIS-BP2.00|000866|M07830_2.00	0.1	0.1009	1628.0	3581.0	12060.7	27536.0	0.09712300185510998	FALSE	patient	TCGA-44-3918	TCGA-44-3918
CREB3L2	CIS-BP2.00|000117|M01812_2.00	0.1	0.1312	1847.0	3581.0	13787.5	27536.0	0.08696801147533047	FALSE	patient	TCGA-44-3918	TCGA-44-3918
CREB3L2	JASPAR2024|000025|MA0608.1	0.1	0.1402	1835.0	3581.0	13710.7	27536.0	0.08371459213837534	FALSE	patient	TCGA-44-3918	TCGA-44-3918
ZNF33A	CIS-BP2.00|000762|M07695_2.00	0.1	0.1486	3289.0	3581.0	25082.1	27536.0	0.13811517391516331	FALSE	patient	TCGA-44-3918	TCGA-44-3918
NFATC4	JASPAR2024|000506|MA1525.3	0.1	0.195	2526.0	3581.0	19108.1	27536.0	0.07832220793998786	FALSE	patient	TCGA-44-3918	TCGA-44-3918
ZNF75D	JASPAR2024|000169|MA1601.2	0.1	0.2557	2538.0	3581.0	19239.9	27536.0	0.06899900409731093	FALSE	patient	TCGA-44-3918	TCGA-44-3918
ETV1	JASPAR2024|000311|MA0761.3	0.1	0.2662	3565.0	3581.0	27379.7	27536.0	0.3074309541132681	FALSE	patient	TCGA-44-3918	TCGA-44-3918
ETV1	CIS-BP2.00|000457|M04708_2.00	1.0	0.2706	3580.0	3581.0	27519.0	27536.0	0.6020992304312313	FALSE	patient	TCGA-44-3918	TCGA-44-3918
CEBPA	CIS-BP2.00|000926|M08076_2.00	1.0	0.2843	1355.0	3581.0	10156.3	27536.0	0.05904624683735956	FALSE	patient	TCGA-44-3918	TCGA-44-3918
NR3C2	JASPAR2024|000539|MA0727.2	1.0	0.3217	258.0	3581.0	1855.0	27536.0	0.10638239517847975	FALSE	patient	TCGA-44-3918	TCGA-44-3918
ZBTB18	CIS-BP2.00|000988|M08257_2.00	1.0	0.4539	3173.0	3581.0	24288.3	27536.0	0.05508801525643888	FALSE	patient	TCGA-44-3918	TCGA-44-3918
CEBPA	JASPAR2024|000234|MA0102.5	1.0	0.5383	2599.0	3581.0	19857.5	27536.0	0.03297486660609968	FALSE	patient	TCGA-44-3918	TCGA-44-3918
NKX2-1	JASPAR2024|000822|MA1994.2	1.0	0.6024	3422.0	3581.0	26275.7	27536.0	0.04207690569521016	FALSE	patient	TCGA-44-3918	TCGA-44-3918
FOXD2	CIS-BP2.00|000235|M03042_2.00	1.0	0.6077	1305.0	3581.0	9929.5	27536.0	0.024068489376377004	FALSE	patient	TCGA-44-3918	TCGA-44-3918
ZNF141	CIS-BP2.00|000653|M07586_2.00	1.0	0.7656	2584.0	3581.0	19831.1	27536.0	0.009637134390798741	FALSE	patient	TCGA-44-3918	TCGA-44-3918
HNF4A	JASPAR2024|000409|MA1494.2	1.0	0.7656	416.0	3581.0	3166.3	27536.0	0.01797543447064477	FALSE	patient	TCGA-44-3918	TCGA-44-3918
ZNF33B	CIS-BP2.00|000777|M07710_2.00	1.0	0.8638	1228.0	3581.0	9444.3	27536.0	-0.0001342979133356905	FALSE	patient	TCGA-44-3918	TCGA-44-3918
ZNF540	CIS-BP2.00|000701|M07634_2.00	1.0	0.9848	758.0	3581.0	5871.7	27536.0	-0.012883637966851838	FALSE	patient	TCGA-44-3918	TCGA-44-3918
FOXA2	JASPAR2024|000357|MA0047.4	1.0	0.9848	2786.0	3581.0	21486.3	27536.0	-0.01987558328976495	FALSE	patient	TCGA-44-3918	TCGA-44-3918
XBP1	CIS-BP2.00|000375|M04231_2.00	1.0	0.9848	3265.0	3581.0	25158.7	27536.0	-0.036360267098234166	FALSE	patient	TCGA-44-3918	TCGA-44-3918
ELF3	JASPAR2024|000276|MA0640.3	1.0	0.9848	3569.0	3581.0	27469.8	27536.0	-0.5283200923976048	FALSE	patient	TCGA-44-3918	TCGA-44-3918
FOXA3	JASPAR2024|000358|MA1683.2	1.0	0.9869	3161.0	3581.0	24385.5	27536.0	-0.04173996099053343	FALSE	patient	TCGA-44-3918	TCGA-44-3918
FOXA1	JASPAR2024|000356|MA0148.5	1.0	0.9869	2864.0	3581.0	22117.5	27536.0	-0.03188978397990201	FALSE	patient	TCGA-44-3918	TCGA-44-3918
ZBTB18	JASPAR2024|000681|MA0698.2	1.0	1.0	2033.0	3581.0	15804.2	27536.0	-0.036774175899995896	FALSE	patient	TCGA-44-3918	TCGA-44-3918
E2F5	CIS-BP2.00|000940|M08109_2.00	1.0	1.0	3070.0	3581.0	23739.8	27536.0	-0.05885279545824771	FALSE	patient	TCGA-44-3918	TCGA-44-3918
NFATC4	CIS-BP2.00|000101|M01306_2.00	1.0	1.0	3584.0	3581.0	27579.9	27536.0	-2.9437995831766384	FALSE	patient	TCGA-44-3918	TCGA-44-3918
NR3C2	CIS-BP2.00|000154|M02395_2.00	1.0	1.0	3584.0	3581.0	27579.9	27536.0	-2.9437995831766384	FALSE	patient	TCGA-44-3918	TCGA-44-3918
ETV1	JASPAR2024|000652|MA1966.2	1.0	1.0	3454.0	3581.0	26676.2	27536.0	-0.1946888035481033	FALSE	patient	TCGA-44-3918	TCGA-44-3918
ZNF281	JASPAR2024|000706|MA1630.3	1.0	1.0	2914.0	3581.0	22659.4	27536.0	-0.08963737591764405	FALSE	patient	TCGA-44-3918	TCGA-44-3918
ZNF341	CIS-BP2.00|001017|M08310_2.00	1.0	1.0	3576.0	3581.0	27539.7	27536.0	-6.404350308522135	FALSE	patient	TCGA-44-3918	TCGA-44-3918
HNF4A	JASPAR2024|000410|MA0114.5	1.0	1.0	3427.0	3581.0	26514.6	27536.0	-0.22601033617543312	FALSE	patient	TCGA-44-3918	TCGA-44-3918
ZNF341	JASPAR2024|000712|MA1655.2	1.0	1.0	3579.0	3581.0	27559.8	27536.0	-5.266689702262406	FALSE	patient	TCGA-44-3918	TCGA-44-3918
GATA6	JASPAR2024|000382|MA1104.3	1.0	1.0	2912.0	3581.0	22704.3	27536.0	-0.11114316669264569	FALSE	patient	TCGA-44-3918	TCGA-44-3918
ZNF254	CIS-BP2.00|000827|M07760_2.00	1.0	1.0	557.0	3581.0	4592.9	27536.0	-0.11919549933483492	FALSE	patient	TCGA-44-3918	TCGA-44-3918
ZNF281	CIS-BP2.00|001020|M08321_2.00	1.0	1.0	2899.0	3581.0	22631.5	27536.0	-0.11913585316447463	FALSE	patient	TCGA-44-3918	TCGA-44-3918
GATA6	CIS-BP2.00|000947|M08124_2.00	1.0	1.0	2619.0	3581.0	20629.9	27536.0	-0.13429120090440108	FALSE	patient	TCGA-44-3918	TCGA-44-3918
HNF4A	CIS-BP2.00|000974|M08219_2.00	1.0	1.0	3246.0	3581.0	25333.8	27536.0	-0.24924650562759246	FALSE	patient	TCGA-44-3918	TCGA-44-3918
ELF3	CIS-BP2.00|000227|M03002_2.00	1e-11	0.0	1555.0	3584.0	10360.9	27468.0	0.3396724866555462	TRUE	patient	TCGA-44-6146	TCGA-44-6146
FOXA3	CIS-BP2.00|000469|M04831_2.00	1e-09	0.0	185.0	3584.0	861.7	27468.0	0.7517971573431261	TRUE	patient	TCGA-44-6146	TCGA-44-6146
CEBPB	JASPAR2024|000235|MA0466.4	1e-06	0.0	300.0	3584.0	1724.7	27468.0	0.4491526273237316	TRUE	patient	TCGA-44-6146	TCGA-44-6146
ZNF444	CIS-BP2.00|000420|M04529_2.00	0.0001	0.0005	1383.0	3584.0	9728.9	27468.0	0.19638653552815855	FALSE	patient	TCGA-44-6146	TCGA-44-6146
FOXA1	CIS-BP2.00|000890|M07960_2.00	0.0001	0.0006	1959.0	3584.0	14130.8	27468.0	0.18621772987025711	FALSE	patient	TCGA-44-6146	TCGA-44-6146
ETV1	JASPAR2024|000311|MA0761.3	0.01	0.0524	3569.0	3584.0	27259.7	27468.0	0.8187793515751729	FALSE	patient	TCGA-44-6146	TCGA-44-6146
NFATC4	JASPAR2024|000506|MA1525.3	0.01	0.0524	2557.0	3584.0	19082.0	27468.0	0.12948640553521523	FALSE	patient	TCGA-44-6146	TCGA-44-6146
CEBPB	CIS-BP2.00|000866|M07830_2.00	0.01	0.0524	1647.0	3584.0	12073.8	27468.0	0.11657635623698037	FALSE	patient	TCGA-44-6146	TCGA-44-6146
XBP1	JASPAR2024|000675|MA0844.2	0.01	0.0524	1696.0	3584.0	12460.1	27468.0	0.11371729172408655	FALSE	patient	TCGA-44-6146	TCGA-44-6146
XBP1	CIS-BP2.00|000375|M04231_2.00	0.1	0.0675	3313.0	3584.0	25112.4	27468.0	0.1953758556998819	FALSE	patient	TCGA-44-6146	TCGA-44-6146
ZNF341	CIS-BP2.00|001017|M08310_2.00	0.1	0.1031	3583.0	3584.0	27427.1	27468.0	1.8504092340969083	FALSE	patient	TCGA-44-6146	TCGA-44-6146
FOXA2	CIS-BP2.00|000889|M07959_2.00	0.1	0.1031	2194.0	3584.0	16372.1	27468.0	0.09709678238209003	FALSE	patient	TCGA-44-6146	TCGA-44-6146
ETV1	CIS-BP2.00|000457|M04708_2.00	0.1	0.1031	3581.0	3584.0	27404.7	27468.0	1.252315780635107	FALSE	patient	TCGA-44-6146	TCGA-44-6146
FOXD2	JASPAR2024|000361|MA0847.4	0.1	0.1309	1365.0	3584.0	10068.5	27468.0	0.08836150192113275	FALSE	patient	TCGA-44-6146	TCGA-44-6146
ZNF33A	CIS-BP2.00|000762|M07695_2.00	0.1	0.1391	3299.0	3584.0	25063.5	27468.0	0.1491768913374421	FALSE	patient	TCGA-44-6146	TCGA-44-6146
CREB3L2	JASPAR2024|000025|MA0608.1	0.1	0.1526	1843.0	3584.0	13749.2	27468.0	0.07892367493899172	FALSE	patient	TCGA-44-6146	TCGA-44-6146
CREB3L2	CIS-BP2.00|000117|M01812_2.00	0.1	0.1542	1852.0	3584.0	13826.2	27468.0	0.07724821223883077	FALSE	patient	TCGA-44-6146	TCGA-44-6146
ZNF141	CIS-BP2.00|000653|M07586_2.00	0.1	0.1542	2623.0	3584.0	19775.9	27468.0	0.08589739663438226	FALSE	patient	TCGA-44-6146	TCGA-44-6146
ELF3	JASPAR2024|000276|MA0640.3	0.1	0.1542	3575.0	3584.0	27352.0	27468.0	0.6808028392405109	FALSE	patient	TCGA-44-6146	TCGA-44-6146
CEBPA	CIS-BP2.00|000926|M08076_2.00	0.1	0.1542	1374.0	3584.0	10181.5	27468.0	0.07820072607915668	FALSE	patient	TCGA-44-6146	TCGA-44-6146
ZNF19	CIS-BP2.00|000670|M07603_2.00	1.0	0.2603	3570.0	3584.0	27319.5	27468.0	0.42542806505416686	FALSE	patient	TCGA-44-6146	TCGA-44-6146
CEBPA	JASPAR2024|000234|MA0102.5	1.0	0.3357	2616.0	3584.0	19840.6	27468.0	0.054680128861570074	FALSE	patient	TCGA-44-6146	TCGA-44-6146
HNF4A	JASPAR2024|000409|MA1494.2	1.0	0.3357	422.0	3584.0	3089.7	27468.0	0.07581276195033655	FALSE	patient	TCGA-44-6146	TCGA-44-6146
ZNF33B	CIS-BP2.00|000777|M07710_2.00	1.0	0.3357	1257.0	3584.0	9423.4	27468.0	0.04898823497838044	FALSE	patient	TCGA-44-6146	TCGA-44-6146
NR3C2	JASPAR2024|000539|MA0727.2	1.0	0.3357	258.0	3584.0	1866.9	27468.0	0.09136223446825287	FALSE	patient	TCGA-44-6146	TCGA-44-6146
ZNF341	JASPAR2024|000712|MA1655.2	1.0	0.4364	3583.0	3584.0	27450.0	27468.0	0.6870996969464925	FALSE	patient	TCGA-44-6146	TCGA-44-6146
FOXA2	JASPAR2024|000357|MA0047.4	1.0	0.5432	2807.0	3584.0	21417.1	27468.0	0.028915473406762295	FALSE	patient	TCGA-44-6146	TCGA-44-6146
E2F5	CIS-BP2.00|000940|M08109_2.00	1.0	0.565	3093.0	3584.0	23635.3	27468.0	0.029624194786044823	FALSE	patient	TCGA-44-6146	TCGA-44-6146
FOXA3	JASPAR2024|000358|MA1683.2	1.0	0.6243	3177.0	3584.0	24303.8	27468.0	0.021949227752417835	FALSE	patient	TCGA-44-6146	TCGA-44-6146
ZNF540	CIS-BP2.00|000701|M07634_2.00	1.0	0.7216	773.0	3584.0	5903.6	27468.0	0.0070291137855549145	FALSE	patient	TCGA-44-6146	TCGA-44-6146
ZNF75D	CIS-BP2.00|000750|M07683_2.00	1.0	0.7301	2229.0	3584.0	17070.7	27468.0	0.0026089225818454157	FALSE	patient	TCGA-44-6146	TCGA-44-6146
ZNF75D	JASPAR2024|000169|MA1601.2	1.0	0.8176	2489.0	3584.0	19103.8	27468.0	-0.0072451618080745335	FALSE	patient	TCGA-44-6146	TCGA-44-6146
FOXA1	JASPAR2024|000356|MA0148.5	1.0	0.9674	2867.0	3584.0	22055.4	27468.0	-0.027894936720377603	FALSE	patient	TCGA-44-6146	TCGA-44-6146
ETV1	JASPAR2024|000652|MA1966.2	1.0	1.0	3460.0	3584.0	26572.9	27468.0	-0.09422163310495478	FALSE	patient	TCGA-44-6146	TCGA-44-6146
FOXD2	CIS-BP2.00|000235|M03042_2.00	1.0	1.0	1286.0	3584.0	10013.7	27468.0	-0.03566455654564579	FALSE	patient	TCGA-44-6146	TCGA-44-6146
HNF4A	JASPAR2024|000410|MA0114.5	1.0	1.0	3433.0	3584.0	26379.6	27468.0	-0.096216394471214	FALSE	patient	TCGA-44-6146	TCGA-44-6146
ZBTB18	CIS-BP2.00|000988|M08257_2.00	1.0	1.0	3136.0	3584.0	24151.3	27468.0	-0.05811714016803504	FALSE	patient	TCGA-44-6146	TCGA-44-6146
NKX2-1	JASPAR2024|000822|MA1994.2	1.0	1.0	3404.0	3584.0	26169.6	27468.0	-0.09518497654357483	FALSE	patient	TCGA-44-6146	TCGA-44-6146
HNF4A	CIS-BP2.00|000974|M08219_2.00	1.0	1.0	3266.0	3584.0	25148.3	27468.0	-0.07978812453263538	FALSE	patient	TCGA-44-6146	TCGA-44-6146
NFATC4	CIS-BP2.00|000101|M01306_2.00	1.0	1.0	3584.0	3584.0	27470.3	27468.0	-2.938055127637498	FALSE	patient	TCGA-44-6146	TCGA-44-6146
ZNF281	JASPAR2024|000706|MA1630.3	1.0	1.0	2910.0	3584.0	22520.6	27468.0	-0.07701237751858016	FALSE	patient	TCGA-44-6146	TCGA-44-6146
ZBTB18	JASPAR2024|000681|MA0698.2	1.0	1.0	2009.0	3584.0	15720.0	27468.0	-0.06914370987392726	FALSE	patient	TCGA-44-6146	TCGA-44-6146
ZNF281	CIS-BP2.00|001020|M08321_2.00	1.0	1.0	2901.0	3584.0	22489.6	27468.0	-0.08960544535588098	FALSE	patient	TCGA-44-6146	TCGA-44-6146
GATA6	CIS-BP2.00|000947|M08124_2.00	1.0	1.0	2627.0	3584.0	20442.6	27468.0	-0.08451266382458858	FALSE	patient	TCGA-44-6146	TCGA-44-6146
GATA6	JASPAR2024|000382|MA1104.3	1.0	1.0	2906.0	3584.0	22547.3	27468.0	-0.0970424334540308	FALSE	patient	TCGA-44-6146	TCGA-44-6146
ZNF254	CIS-BP2.00|000827|M07760_2.00	1.0	1.0	538.0	3584.0	4482.0	27468.0	-0.141723165387333	FALSE	patient	TCGA-44-6146	TCGA-44-6146
NR3C2	CIS-BP2.00|000154|M02395_2.00	1.0	1.0	3583.0	3584.0	27470.3	27468.0	-4.5234201660400855	FALSE	patient	TCGA-44-6146	TCGA-44-6146
FOXA3	CIS-BP2.00|000469|M04831_2.00	1e-13	0.0	199.0	3586.0	856.2	27442.0	0.8699888185121135	TRUE	patient	TCGA-44-A47F	TCGA-44-A47F
ELF3	CIS-BP2.00|000227|M03002_2.00	1e-09	0.0	1539.0	3586.0	10371.4	27442.0	0.30747423721236355	TRUE	patient	TCGA-44-A47F	TCGA-44-A47F
CEBPB	JASPAR2024|000235|MA0466.4	1e-06	0.0	302.0	3586.0	1730.8	27442.0	0.4518306410851551	TRUE	patient	TCGA-44-A47F	TCGA-44-A47F
ZNF444	CIS-BP2.00|000420|M04529_2.00	1e-05	0.0	1390.0	3586.0	9610.8	27442.0	0.23203801073657768	TRUE	patient	TCGA-44-A47F	TCGA-44-A47F
XBP1	JASPAR2024|000675|MA0844.2	0.001	0.0013	1745.0	3586.0	12538.2	27442.0	0.17209979980802936	FALSE	patient	TCGA-44-A47F	TCGA-44-A47F
ELF3	JASPAR2024|000276|MA0640.3	0.01	0.0282	3579.0	3586.0	27361.7	27442.0	0.4950385453249168	FALSE	patient	TCGA-44-A47F	TCGA-44-A47F
CEBPB	CIS-BP2.00|000866|M07830_2.00	0.01	0.0495	1650.0	3586.0	12088.3	27442.0	0.11441394077289067	FALSE	patient	TCGA-44-A47F	TCGA-44-A47F
XBP1	CIS-BP2.00|000375|M04231_2.00	0.1	0.0987	3314.0	3586.0	25131.8	27442.0	0.16132228219972067	FALSE	patient	TCGA-44-A47F	TCGA-44-A47F
CEBPA	CIS-BP2.00|000926|M08076_2.00	0.1	0.1559	1384.0	3586.0	10187.4	27442.0	0.09038916540784339	FALSE	patient	TCGA-44-A47F	TCGA-44-A47F
ZNF141	CIS-BP2.00|000653|M07586_2.00	0.1	0.2369	2620.0	3586.0	19742.8	27442.0	0.08051146269498706	FALSE	patient	TCGA-44-A47F	TCGA-44-A47F
NFATC4	JASPAR2024|000506|MA1525.3	0.1	0.2369	2532.0	3586.0	19062.3	27442.0	0.07829971229068168	FALSE	patient	TCGA-44-A47F	TCGA-44-A47F
CREB3L2	CIS-BP2.00|000117|M01812_2.00	0.1	0.2369	1852.0	3586.0	13833.9	27442.0	0.07121228210622636	FALSE	patient	TCGA-44-A47F	TCGA-44-A47F
CREB3L2	JASPAR2024|000025|MA0608.1	0.1	0.3491	1834.0	3586.0	13756.8	27442.0	0.058444333009285254	FALSE	patient	TCGA-44-A47F	TCGA-44-A47F
FOXD2	JASPAR2024|000361|MA0847.4	1.0	0.3967	1338.0	3586.0	9991.6	27442.0	0.05609587734066546	FALSE	patient	TCGA-44-A47F	TCGA-44-A47F
FOXA1	CIS-BP2.00|000890|M07960_2.00	1.0	0.4184	1861.0	3586.0	14007.0	27442.0	0.04930166186498437	FALSE	patient	TCGA-44-A47F	TCGA-44-A47F
HNF4A	JASPAR2024|000410|MA0114.5	1.0	0.4573	3453.0	3586.0	26374.2	27442.0	0.06738163934640667	FALSE	patient	TCGA-44-A47F	TCGA-44-A47F
ZNF341	CIS-BP2.00|001017|M08310_2.00	1.0	0.4858	3581.0	3586.0	27429.7	27442.0	-1.7184890076132529	FALSE	patient	TCGA-44-A47F	TCGA-44-A47F
ETV1	JASPAR2024|000311|MA0761.3	1.0	0.4893	3562.0	3586.0	27265.3	27442.0	-0.08160561705466389	FALSE	patient	TCGA-44-A47F	TCGA-44-A47F
FOXD2	CIS-BP2.00|000235|M03042_2.00	1.0	0.4893	1328.0	3586.0	9982.8	27442.0	0.04087339895975492	FALSE	patient	TCGA-44-A47F	TCGA-44-A47F
FOXA2	CIS-BP2.00|000889|M07959_2.00	1.0	0.4893	2144.0	3586.0	16238.4	27442.0	0.03664285245545018	FALSE	patient	TCGA-44-A47F	TCGA-44-A47F
ZNF75D	JASPAR2024|000169|MA1601.2	1.0	0.5095	2508.0	3586.0	19063.7	27442.0	0.0317483128296403	FALSE	patient	TCGA-44-A47F	TCGA-44-A47F
ZNF19	CIS-BP2.00|000670|M07603_2.00	1.0	0.5095	3569.0	3586.0	27329.0	27442.0	-0.23939968820502283	FALSE	patient	TCGA-44-A47F	TCGA-44-A47F
ZNF33A	CIS-BP2.00|000762|M07695_2.00	1.0	0.6472	3269.0	3586.0	24991.3	27442.0	0.014346820483711619	FALSE	patient	TCGA-44-A47F	TCGA-44-A47F
ZNF75D	CIS-BP2.00|000750|M07683_2.00	1.0	0.6472	2236.0	3586.0	17030.5	27442.0	0.01783318790371033	FALSE	patient	TCGA-44-A47F	TCGA-44-A47F
NKX2-1	JASPAR2024|000822|MA1994.2	1.0	0.6472	3418.0	3586.0	26150.1	27442.0	0.0038234415512153684	FALSE	patient	TCGA-44-A47F	TCGA-44-A47F
ZNF281	JASPAR2024|000706|MA1630.3	1.0	0.6472	2936.0	3586.0	22433.7	27442.0	0.011313848567742474	FALSE	patient	TCGA-44-A47F	TCGA-44-A47F
FOXA1	JASPAR2024|000356|MA0148.5	1.0	0.7435	2878.0	3586.0	22024.0	27442.0	-0.0006663818823438907	FALSE	patient	TCGA-44-A47F	TCGA-44-A47F
ETV1	JASPAR2024|000652|MA1966.2	1.0	0.9061	3465.0	3586.0	26564.9	27442.0	-0.0858058004240054	FALSE	patient	TCGA-44-A47F	TCGA-44-A47F
ETV1	CIS-BP2.00|000457|M04708_2.00	1.0	0.9061	3576.0	3586.0	27410.0	27442.0	-1.308057907982916	FALSE	patient	TCGA-44-A47F	TCGA-44-A47F
ZNF281	CIS-BP2.00|001020|M08321_2.00	1.0	0.9061	2921.0	3586.0	22408.7	27442.0	-0.020172625630961456	FALSE	patient	TCGA-44-A47F	TCGA-44-A47F
NR3C2	JASPAR2024|000539|MA0727.2	1.0	0.9061	240.0	3586.0	1852.9	27442.0	-0.011232800825094095	FALSE	patient	TCGA-44-A47F	TCGA-44-A47F
ZBTB18	CIS-BP2.00|000988|M08257_2.00	1.0	0.9061	3150.0	3586.0	24179.9	27442.0	-0.03821683297202457	FALSE	patient	TCGA-44-A47F	TCGA-44-A47F
FOXA2	JASPAR2024|000357|MA0047.4	1.0	0.9061	2780.0	3586.0	21356.9	27442.0	-0.025666713466314772	FALSE	patient	TCGA-44-A47F	TCGA-44-A47F
CEBPA	JASPAR2024|000234|MA0102.5	1.0	0.9061	2575.0	3586.0	19792.6	27442.0	-0.023128571119162583	FALSE	patient	TCGA-44-A47F	TCGA-44-A47F
E2F5	CIS-BP2.00|000940|M08109_2.00	1.0	0.9061	3080.0	3586.0	23653.9	27442.0	-0.037841472060734085	FALSE	patient	TCGA-44-A47F	TCGA-44-A47F
ZBTB18	JASPAR2024|000681|MA0698.2	1.0	0.9061	2028.0	3586.0	15621.2	27442.0	-0.02190761398675044	FALSE	patient	TCGA-44-A47F	TCGA-44-A47F
HNF4A	CIS-BP2.00|000974|M08219_2.00	1.0	0.9061	3276.0	3586.0	25168.3	27442.0	-0.06871503517216569	FALSE	patient	TCGA-44-A47F	TCGA-44-A47F
HNF4A	JASPAR2024|000409|MA1494.2	1.0	0.9061	398.0	3586.0	3128.7	27442.0	-0.04231663749098707	FALSE	patient	TCGA-44-A47F	TCGA-44-A47F
ZNF33B	CIS-BP2.00|000777|M07710_2.00	1.0	0.9267	1206.0	3586.0	9401.9	27442.0	-0.040290354897693406	FALSE	patient	TCGA-44-A47F	TCGA-44-A47F
FOXA3	JASPAR2024|000358|MA1683.2	1.0	0.994	3146.0	3586.0	24262.0	27442.0	-0.09486870265349905	FALSE	patient	TCGA-44-A47F	TCGA-44-A47F
NFATC4	CIS-BP2.00|000101|M01306_2.00	1.0	0.994	3584.0	3586.0	27473.8	27442.0	-5.260167021722603	FALSE	patient	TCGA-44-A47F	TCGA-44-A47F
NR3C2	CIS-BP2.00|000154|M02395_2.00	1.0	0.994	3584.0	3586.0	27473.8	27442.0	-5.260167021722603	FALSE	patient	TCGA-44-A47F	TCGA-44-A47F
ZNF540	CIS-BP2.00|000701|M07634_2.00	1.0	1.0	733.0	3586.0	5909.9	27442.0	-0.09466883721653147	FALSE	patient	TCGA-44-A47F	TCGA-44-A47F
ZNF341	JASPAR2024|000712|MA1655.2	1.0	1.0	3579.0	3586.0	27454.8	27442.0	-6.8461452862827565	FALSE	patient	TCGA-44-A47F	TCGA-44-A47F
GATA6	CIS-BP2.00|000947|M08124_2.00	1.0	1.0	2620.0	3586.0	20473.3	27442.0	-0.11571346180440893	FALSE	patient	TCGA-44-A47F	TCGA-44-A47F
GATA6	JASPAR2024|000382|MA1104.3	1.0	1.0	2894.0	3586.0	22569.0	27442.0	-0.14791612792494693	FALSE	patient	TCGA-44-A47F	TCGA-44-A47F
ZNF254	CIS-BP2.00|000827|M07760_2.00	1.0	1.0	482.0	3586.0	4524.2	27442.0	-0.34515409610133807	FALSE	patient	TCGA-44-A47F	TCGA-44-A47F
FOXA3	CIS-BP2.00|000469|M04831_2.00	1e-23	0.0	231.0	3581.0	854.1	27552.0	1.1100678499199683	TRUE	patient	TCGA-49-AARO	TCGA-49-AARO
ELF3	CIS-BP2.00|000227|M03002_2.00	1e-16	0.0	1600.0	3581.0	10393.8	27552.0	0.41507735945217866	TRUE	patient	TCGA-49-AARO	TCGA-49-AARO
ZNF444	CIS-BP2.00|000420|M04529_2.00	1e-05	0.0	1412.0	3581.0	9819.4	27552.0	0.2335528052418312	TRUE	patient	TCGA-49-AARO	TCGA-49-AARO
FOXA1	CIS-BP2.00|000890|M07960_2.00	1e-05	0.0001	1971.0	3581.0	14132.4	27552.0	0.21712294174384167	FALSE	patient	TCGA-49-AARO	TCGA-49-AARO
CREB3L2	JASPAR2024|000025|MA0608.1	0.0001	0.0001	1914.0	3581.0	13716.4	27552.0	0.21176377336530058	FALSE	patient	TCGA-49-AARO	TCGA-49-AARO
CREB3L2	CIS-BP2.00|000117|M01812_2.00	0.0001	0.0001	1923.0	3581.0	13793.6	27552.0	0.21016862050159227	FALSE	patient	TCGA-49-AARO	TCGA-49-AARO
XBP1	JASPAR2024|000675|MA0844.2	0.001	0.0015	1723.0	3581.0	12423.1	27552.0	0.17547409952009882	FALSE	patient	TCGA-49-AARO	TCGA-49-AARO
FOXD2	JASPAR2024|000361|MA0847.4	0.001	0.0034	1403.0	3581.0	10048.7	27552.0	0.1662814541339065	FALSE	patient	TCGA-49-AARO	TCGA-49-AARO
FOXA2	CIS-BP2.00|000889|M07959_2.00	0.01	0.0112	2218.0	3581.0	16385.9	27552.0	0.14896089736877788	FALSE	patient	TCGA-49-AARO	TCGA-49-AARO
CEBPB	JASPAR2024|000235|MA0466.4	0.01	0.0112	264.0	3581.0	1701.9	27552.0	0.2757989670955067	FALSE	patient	TCGA-49-AARO	TCGA-49-AARO
XBP1	CIS-BP2.00|000375|M04231_2.00	0.01	0.0255	3315.0	3581.0	25132.5	27552.0	0.26051508074715357	FALSE	patient	TCGA-49-AARO	TCGA-49-AARO
FOXD2	CIS-BP2.00|000235|M03042_2.00	0.1	0.0837	1361.0	3581.0	9998.9	27552.0	0.10616591300180415	FALSE	patient	TCGA-49-AARO	TCGA-49-AARO
ELF3	JASPAR2024|000276|MA0640.3	0.1	0.1018	3577.0	3581.0	27412.2	27552.0	2.0246254366755148	FALSE	patient	TCGA-49-AARO	TCGA-49-AARO
NFATC4	JASPAR2024|000506|MA1525.3	0.1	0.1294	2537.0	3581.0	19104.2	27552.0	0.10340069754392803	FALSE	patient	TCGA-49-AARO	TCGA-49-AARO
ETV1	JASPAR2024|000311|MA0761.3	0.1	0.1384	3567.0	3581.0	27323.7	27552.0	1.0427683243964436	FALSE	patient	TCGA-49-AARO	TCGA-49-AARO
ZNF341	JASPAR2024|000712|MA1655.2	0.1	0.217	3584.0	3581.0	27501.7	27552.0	3.7270533595700623	FALSE	patient	TCGA-49-AARO	TCGA-49-AARO
ZNF33A	CIS-BP2.00|000762|M07695_2.00	1.0	0.3364	3283.0	3581.0	25053.4	27552.0	0.13387695777193034	FALSE	patient	TCGA-49-AARO	TCGA-49-AARO
FOXA1	JASPAR2024|000356|MA0148.5	1.0	0.4189	2905.0	3581.0	22122.8	27552.0	0.07600240958753746	FALSE	patient	TCGA-49-AARO	TCGA-49-AARO
ZNF141	CIS-BP2.00|000653|M07586_2.00	1.0	0.4189	2603.0	3581.0	19787.0	27552.0	0.06237002443362352	FALSE	patient	TCGA-49-AARO	TCGA-49-AARO
NR3C2	JASPAR2024|000539|MA0727.2	1.0	0.4254	258.0	3581.0	1872.0	27552.0	0.09316850000405326	FALSE	patient	TCGA-49-AARO	TCGA-49-AARO
CEBPA	JASPAR2024|000234|MA0102.5	1.0	0.4254	2607.0	3581.0	19833.6	27552.0	0.058417400087892826	FALSE	patient	TCGA-49-AARO	TCGA-49-AARO
ZBTB18	JASPAR2024|000681|MA0698.2	1.0	0.4506	2075.0	3581.0	15747.2	27552.0	0.04655182930978176	FALSE	patient	TCGA-49-AARO	TCGA-49-AARO
ZNF19	CIS-BP2.00|000670|M07603_2.00	1.0	0.4533	3569.0	3581.0	27376.3	27552.0	0.8780540076104515	FALSE	patient	TCGA-49-AARO	TCGA-49-AARO
NKX2-1	JASPAR2024|000822|MA1994.2	1.0	0.4806	3422.0	3581.0	26205.7	27552.0	0.14112157128037128	FALSE	patient	TCGA-49-AARO	TCGA-49-AARO
FOXA3	JASPAR2024|000358|MA1683.2	1.0	0.5882	3182.0	3581.0	24358.6	27552.0	0.06282332338501818	FALSE	patient	TCGA-49-AARO	TCGA-49-AARO
HNF4A	JASPAR2024|000409|MA1494.2	1.0	0.5922	414.0	3581.0	3111.2	27552.0	0.03964552823399738	FALSE	patient	TCGA-49-AARO	TCGA-49-AARO
FOXA2	JASPAR2024|000357|MA0047.4	1.0	0.633	2806.0	3581.0	21476.9	27552.0	0.033852813257614245	FALSE	patient	TCGA-49-AARO	TCGA-49-AARO
CEBPB	CIS-BP2.00|000866|M07830_2.00	1.0	0.6969	1577.0	3581.0	12057.5	27552.0	0.01620970815495174	FALSE	patient	TCGA-49-AARO	TCGA-49-AARO
ZNF75D	CIS-BP2.00|000750|M07683_2.00	1.0	0.6969	2242.0	3581.0	17169.5	27552.0	0.017746711961351885	FALSE	patient	TCGA-49-AARO	TCGA-49-AARO
CEBPA	CIS-BP2.00|000926|M08076_2.00	1.0	0.6972	1326.0	3581.0	10148.3	27552.0	0.012303737899486494	FALSE	patient	TCGA-49-AARO	TCGA-49-AARO
ZNF33B	CIS-BP2.00|000777|M07710_2.00	1.0	0.7233	1230.0	3581.0	9429.3	27552.0	0.008201961368456627	FALSE	patient	TCGA-49-AARO	TCGA-49-AARO
HNF4A	JASPAR2024|000410|MA0114.5	1.0	0.7348	3444.0	3581.0	26441.7	27552.0	0.07361982710833549	FALSE	patient	TCGA-49-AARO	TCGA-49-AARO
ZNF75D	JASPAR2024|000169|MA1601.2	1.0	0.8927	2494.0	3581.0	19215.6	27552.0	-0.006997359989790748	FALSE	patient	TCGA-49-AARO	TCGA-49-AARO
ETV1	CIS-BP2.00|000457|M04708_2.00	1.0	0.9091	3575.0	3581.0	27456.9	27552.0	0.9375208833072652	FALSE	patient	TCGA-49-AARO	TCGA-49-AARO
ZNF281	JASPAR2024|000706|MA1630.3	1.0	0.963	2927.0	3581.0	22574.0	27552.0	-0.019706925280391266	FALSE	patient	TCGA-49-AARO	TCGA-49-AARO
ZNF281	CIS-BP2.00|001020|M08321_2.00	1.0	0.9932	2921.0	3581.0	22551.2	27552.0	-0.027782316659117536	FALSE	patient	TCGA-49-AARO	TCGA-49-AARO
ZBTB18	CIS-BP2.00|000988|M08257_2.00	1.0	0.9932	3136.0	3581.0	24183.8	27552.0	-0.028148694754632362	FALSE	patient	TCGA-49-AARO	TCGA-49-AARO
ZNF540	CIS-BP2.00|000701|M07634_2.00	1.0	1.0	748.0	3581.0	5914.4	27552.0	-0.04936283962825949	FALSE	patient	TCGA-49-AARO	TCGA-49-AARO
E2F5	CIS-BP2.00|000940|M08109_2.00	1.0	1.0	3063.0	3581.0	23668.8	27552.0	-0.04474841516452607	FALSE	patient	TCGA-49-AARO	TCGA-49-AARO
GATA6	JASPAR2024|000382|MA1104.3	1.0	1.0	2922.0	3581.0	22629.4	27552.0	-0.052832799690751095	FALSE	patient	TCGA-49-AARO	TCGA-49-AARO
NFATC4	CIS-BP2.00|000101|M01306_2.00	1.0	1.0	3584.0	3581.0	27521.6	27552.0	3.0087881751121968	FALSE	patient	TCGA-49-AARO	TCGA-49-AARO
NR3C2	CIS-BP2.00|000154|M02395_2.00	1.0	1.0	3584.0	3581.0	27521.6	27552.0	3.0087881751121968	FALSE	patient	TCGA-49-AARO	TCGA-49-AARO
ETV1	JASPAR2024|000652|MA1966.2	1.0	1.0	3454.0	3581.0	26616.5	27552.0	-0.06978787467781421	FALSE	patient	TCGA-49-AARO	TCGA-49-AARO
HNF4A	CIS-BP2.00|000974|M08219_2.00	1.0	1.0	3255.0	3581.0	25236.2	27552.0	-0.12790500748040398	FALSE	patient	TCGA-49-AARO	TCGA-49-AARO
GATA6	CIS-BP2.00|000947|M08124_2.00	1.0	1.0	2627.0	3581.0	20560.2	27552.0	-0.0951767320904605	FALSE	patient	TCGA-49-AARO	TCGA-49-AARO
ZNF341	CIS-BP2.00|001017|M08310_2.00	1.0	1.0	3572.0	3581.0	27478.2	27552.0	0.02405495586515039	FALSE	patient	TCGA-49-AARO	TCGA-49-AARO
ZNF254	CIS-BP2.00|000827|M07760_2.00	1.0	1.0	529.0	3581.0	4540.6	27552.0	-0.18602231182843773	FALSE	patient	TCGA-49-AARO	TCGA-49-AARO
ELF3	CIS-BP2.00|000227|M03002_2.00	1e-14	0.0	1567.0	3584.0	10287.5	27536.0	0.38144694671716145	TRUE	patient	TCGA-4B-A93V	TCGA-4B-A93V
FOXA3	CIS-BP2.00|000469|M04831_2.00	1e-13	0.0	199.0	3584.0	867.0	27536.0	0.8572749418773574	TRUE	patient	TCGA-4B-A93V	TCGA-4B-A93V
FOXD2	JASPAR2024|000361|MA0847.4	1e-05	0.0001	1437.0	3584.0	10072.4	27536.0	0.21481702429616512	FALSE	patient	TCGA-4B-A93V	TCGA-4B-A93V
ZNF444	CIS-BP2.00|000420|M04529_2.00	0.0001	0.0008	1388.0	3584.0	9816.8	27536.0	0.19027664912101386	FALSE	patient	TCGA-4B-A93V	TCGA-4B-A93V
XBP1	JASPAR2024|000675|MA0844.2	0.001	0.0014	1727.0	3584.0	12433.2	27536.0	0.17593163082354266	FALSE	patient	TCGA-4B-A93V	TCGA-4B-A93V
CEBPB	JASPAR2024|000235|MA0466.4	0.001	0.0016	277.0	3584.0	1719.1	27536.0	0.33301731759929054	FALSE	patient	TCGA-4B-A93V	TCGA-4B-A93V
XBP1	CIS-BP2.00|000375|M04231_2.00	0.001	0.0051	3327.0	3584.0	25154.3	27536.0	0.2913270559089092	FALSE	patient	TCGA-4B-A93V	TCGA-4B-A93V
FOXA1	CIS-BP2.00|000890|M07960_2.00	0.001	0.0058	1936.0	3584.0	14158.1	27536.0	0.1505245814062191	FALSE	patient	TCGA-4B-A93V	TCGA-4B-A93V
CEBPB	CIS-BP2.00|000866|M07830_2.00	0.01	0.0059	1668.0	3584.0	12112.0	27536.0	0.14880474652703585	FALSE	patient	TCGA-4B-A93V	TCGA-4B-A93V
NFATC4	JASPAR2024|000506|MA1525.3	0.01	0.0098	2554.0	3584.0	19010.1	27536.0	0.15290100809071078	FALSE	patient	TCGA-4B-A93V	TCGA-4B-A93V
FOXD2	CIS-BP2.00|000235|M03042_2.00	0.01	0.014	1384.0	3584.0	10024.5	27536.0	0.13627530492368534	FALSE	patient	TCGA-4B-A93V	TCGA-4B-A93V
CEBPA	CIS-BP2.00|000926|M08076_2.00	0.01	0.0164	1404.0	3584.0	10194.4	27536.0	0.1318286185988034	FALSE	patient	TCGA-4B-A93V	TCGA-4B-A93V
CREB3L2	CIS-BP2.00|000117|M01812_2.00	0.01	0.0214	1872.0	3584.0	13798.6	27536.0	0.12244904354453878	FALSE	patient	TCGA-4B-A93V	TCGA-4B-A93V
FOXA2	CIS-BP2.00|000889|M07959_2.00	0.01	0.0224	2211.0	3584.0	16424.2	27536.0	0.12345876566650063	FALSE	patient	TCGA-4B-A93V	TCGA-4B-A93V
CREB3L2	JASPAR2024|000025|MA0608.1	0.1	0.0332	1856.0	3584.0	13724.7	27536.0	0.11213888833100444	FALSE	patient	TCGA-4B-A93V	TCGA-4B-A93V
ETV1	CIS-BP2.00|000457|M04708_2.00	0.1	0.0826	3581.0	3584.0	27466.7	27536.0	1.3787262065161663	FALSE	patient	TCGA-4B-A93V	TCGA-4B-A93V
ZNF19	CIS-BP2.00|000670|M07603_2.00	0.1	0.1567	3572.0	3584.0	27385.5	27536.0	0.6561159046353235	FALSE	patient	TCGA-4B-A93V	TCGA-4B-A93V
FOXA1	JASPAR2024|000356|MA0148.5	0.1	0.2284	2910.0	3584.0	22103.9	27536.0	0.08475782588806946	FALSE	patient	TCGA-4B-A93V	TCGA-4B-A93V
ELF3	JASPAR2024|000276|MA0640.3	1.0	0.6145	3572.0	3584.0	27415.8	27536.0	0.3313977089307338	FALSE	patient	TCGA-4B-A93V	TCGA-4B-A93V
ZBTB18	JASPAR2024|000681|MA0698.2	1.0	0.6145	2079.0	3584.0	15821.5	27536.0	0.03241895408646004	FALSE	patient	TCGA-4B-A93V	TCGA-4B-A93V
FOXA2	JASPAR2024|000357|MA0047.4	1.0	0.6992	2809.0	3584.0	21481.7	27536.0	0.030124177339143854	FALSE	patient	TCGA-4B-A93V	TCGA-4B-A93V
ZNF540	CIS-BP2.00|000701|M07634_2.00	1.0	0.7829	772.0	3584.0	5863.8	27536.0	0.02160182395339142	FALSE	patient	TCGA-4B-A93V	TCGA-4B-A93V
ETV1	JASPAR2024|000311|MA0761.3	1.0	0.8599	3559.0	3584.0	27327.5	27536.0	0.09430041640400084	FALSE	patient	TCGA-4B-A93V	TCGA-4B-A93V
FOXA3	JASPAR2024|000358|MA1683.2	1.0	0.8599	3173.0	3584.0	24343.3	27536.0	0.01663094182307223	FALSE	patient	TCGA-4B-A93V	TCGA-4B-A93V
ZNF33A	CIS-BP2.00|000762|M07695_2.00	1.0	0.8866	3269.0	3584.0	25098.3	27536.0	0.009628100822192266	FALSE	patient	TCGA-4B-A93V	TCGA-4B-A93V
CEBPA	JASPAR2024|000234|MA0102.5	1.0	0.9176	2589.0	3584.0	19888.8	27536.0	0.00028567196347553973	FALSE	patient	TCGA-4B-A93V	TCGA-4B-A93V
NR3C2	JASPAR2024|000539|MA0727.2	1.0	0.9176	242.0	3584.0	1862.2	27536.0	-1.3207999752851002e-05	FALSE	patient	TCGA-4B-A93V	TCGA-4B-A93V
HNF4A	JASPAR2024|000410|MA0114.5	1.0	0.9176	3444.0	3584.0	26459.4	27536.0	-0.002930963023606609	FALSE	patient	TCGA-4B-A93V	TCGA-4B-A93V
ZNF75D	JASPAR2024|000169|MA1601.2	1.0	0.9329	2490.0	3584.0	19164.6	27536.0	-0.008691085165194063	FALSE	patient	TCGA-4B-A93V	TCGA-4B-A93V
ZNF341	CIS-BP2.00|001017|M08310_2.00	1.0	1.0	3578.0	3584.0	27489.2	27536.0	-0.0781357174702276	FALSE	patient	TCGA-4B-A93V	TCGA-4B-A93V
NKX2-1	JASPAR2024|000822|MA1994.2	1.0	1.0	3410.0	3584.0	26235.8	27536.0	-0.045519800673059836	FALSE	patient	TCGA-4B-A93V	TCGA-4B-A93V
HNF4A	CIS-BP2.00|000974|M08219_2.00	1.0	1.0	3280.0	3584.0	25253.3	27536.0	-0.03796975708817433	FALSE	patient	TCGA-4B-A93V	TCGA-4B-A93V
ZBTB18	CIS-BP2.00|000988|M08257_2.00	1.0	1.0	3145.0	3584.0	24231.5	27536.0	-0.034837014725973586	FALSE	patient	TCGA-4B-A93V	TCGA-4B-A93V
ZNF75D	CIS-BP2.00|000750|M07683_2.00	1.0	1.0	2207.0	3584.0	17122.0	27536.0	-0.036938663934106046	FALSE	patient	TCGA-4B-A93V	TCGA-4B-A93V
HNF4A	JASPAR2024|000409|MA1494.2	1.0	1.0	390.0	3584.0	3108.1	27536.0	-0.057973206957275626	FALSE	patient	TCGA-4B-A93V	TCGA-4B-A93V
ZNF141	CIS-BP2.00|000653|M07586_2.00	1.0	1.0	2557.0	3584.0	19824.1	27536.0	-0.04644412764990806	FALSE	patient	TCGA-4B-A93V	TCGA-4B-A93V
ZNF341	JASPAR2024|000712|MA1655.2	1.0	1.0	3580.0	3584.0	27512.8	27536.0	-0.5450060649268127	FALSE	patient	TCGA-4B-A93V	TCGA-4B-A93V
NFATC4	CIS-BP2.00|000101|M01306_2.00	1.0	1.0	3584.0	3584.0	27533.0	27536.0	-0.13398929455088754	FALSE	patient	TCGA-4B-A93V	TCGA-4B-A93V
NR3C2	CIS-BP2.00|000154|M02395_2.00	1.0	1.0	3584.0	3584.0	27533.0	27536.0	-0.13398929455088754	FALSE	patient	TCGA-4B-A93V	TCGA-4B-A93V
GATA6	JASPAR2024|000382|MA1104.3	1.0	1.0	2921.0	3584.0	22662.9	27536.0	-0.07876364221802644	FALSE	patient	TCGA-4B-A93V	TCGA-4B-A93V
ETV1	JASPAR2024|000652|MA1966.2	1.0	1.0	3448.0	3584.0	26623.6	27536.0	-0.2071360020394856	FALSE	patient	TCGA-4B-A93V	TCGA-4B-A93V
GATA6	CIS-BP2.00|000947|M08124_2.00	1.0	1.0	2632.0	3584.0	20571.5	27536.0	-0.0958442673314471	FALSE	patient	TCGA-4B-A93V	TCGA-4B-A93V
E2F5	CIS-BP2.00|000940|M08109_2.00	1.0	1.0	3041.0	3584.0	23647.8	27536.0	-0.11994556760069074	FALSE	patient	TCGA-4B-A93V	TCGA-4B-A93V
ZNF281	JASPAR2024|000706|MA1630.3	1.0	1.0	2900.0	3584.0	22604.8	27536.0	-0.11332494437347093	FALSE	patient	TCGA-4B-A93V	TCGA-4B-A93V
ZNF33B	CIS-BP2.00|000777|M07710_2.00	1.0	1.0	1169.0	3584.0	9419.1	27536.0	-0.1027917624848634	FALSE	patient	TCGA-4B-A93V	TCGA-4B-A93V
ZNF281	CIS-BP2.00|001020|M08321_2.00	1.0	1.0	2888.0	3584.0	22564.2	27536.0	-0.12995711310573912	FALSE	patient	TCGA-4B-A93V	TCGA-4B-A93V
ZNF254	CIS-BP2.00|000827|M07760_2.00	1.0	1.0	534.0	3584.0	4553.2	27536.0	-0.17730907323677486	FALSE	patient	TCGA-4B-A93V	TCGA-4B-A93V
FOXA3	CIS-BP2.00|000469|M04831_2.00	1e-23	0.0	235.0	3582.0	872.3	27517.0	1.1027956595829993	TRUE	patient	TCGA-73-A9RS	TCGA-73-A9RS
ELF3	CIS-BP2.00|000227|M03002_2.00	1e-11	0.0	1556.0	3582.0	10441.9	27517.0	0.3287983462162799	TRUE	patient	TCGA-73-A9RS	TCGA-73-A9RS
CEBPB	JASPAR2024|000235|MA0466.4	1e-06	0.0	296.0	3582.0	1719.5	27517.0	0.43633077928328373	TRUE	patient	TCGA-73-A9RS	TCGA-73-A9RS
FOXD2	JASPAR2024|000361|MA0847.4	0.0001	0.0006	1422.0	3582.0	10062.4	27517.0	0.19166591224079274	FALSE	patient	TCGA-73-A9RS	TCGA-73-A9RS
ZNF444	CIS-BP2.00|000420|M04529_2.00	0.001	0.0017	1379.0	3582.0	9809.9	27517.0	0.17633338386395417	FALSE	patient	TCGA-73-A9RS	TCGA-73-A9RS
FOXD2	CIS-BP2.00|000235|M03042_2.00	0.001	0.0019	1411.0	3582.0	10069.3	27517.0	0.17158035834177834	FALSE	patient	TCGA-73-A9RS	TCGA-73-A9RS
XBP1	CIS-BP2.00|000375|M04231_2.00	0.001	0.0034	3326.0	3582.0	25154.8	27517.0	0.2846202697794062	FALSE	patient	TCGA-73-A9RS	TCGA-73-A9RS
FOXA1	CIS-BP2.00|000890|M07960_2.00	0.01	0.0145	1917.0	3582.0	14090.6	27517.0	0.13361323997517496	FALSE	patient	TCGA-73-A9RS	TCGA-73-A9RS
CREB3L2	CIS-BP2.00|000117|M01812_2.00	0.01	0.019	1871.0	3582.0	13766.0	27517.0	0.12736093608078572	FALSE	patient	TCGA-73-A9RS	TCGA-73-A9RS
CREB3L2	JASPAR2024|000025|MA0608.1	0.01	0.0208	1859.0	3582.0	13688.4	27517.0	0.12427419747226552	FALSE	patient	TCGA-73-A9RS	TCGA-73-A9RS
CEBPB	CIS-BP2.00|000866|M07830_2.00	0.01	0.0342	1645.0	3582.0	12094.0	27517.0	0.11510877619193022	FALSE	patient	TCGA-73-A9RS	TCGA-73-A9RS
ZNF141	CIS-BP2.00|000653|M07586_2.00	0.1	0.1235	2624.0	3582.0	19789.9	27517.0	0.09648381206756537	FALSE	patient	TCGA-73-A9RS	TCGA-73-A9RS
ZNF19	CIS-BP2.00|000670|M07603_2.00	0.1	0.1793	3573.0	3582.0	27418.9	27517.0	0.43580091948043215	FALSE	patient	TCGA-73-A9RS	TCGA-73-A9RS
CEBPA	CIS-BP2.00|000926|M08076_2.00	0.1	0.1824	1374.0	3582.0	10204.3	27517.0	0.07846456943579509	FALSE	patient	TCGA-73-A9RS	TCGA-73-A9RS
NFATC4	JASPAR2024|000506|MA1525.3	0.1	0.2162	2538.0	3582.0	19198.7	27517.0	0.0745649077180336	FALSE	patient	TCGA-73-A9RS	TCGA-73-A9RS
ZNF341	JASPAR2024|000712|MA1655.2	0.1	0.2177	3584.0	3582.0	27538.5	27517.0	-2.941632375771459	FALSE	patient	TCGA-73-A9RS	TCGA-73-A9RS
ZBTB18	JASPAR2024|000681|MA0698.2	0.1	0.2427	2087.0	3582.0	15735.7	27517.0	0.06362105637061262	FALSE	patient	TCGA-73-A9RS	TCGA-73-A9RS
ZNF75D	CIS-BP2.00|000750|M07683_2.00	0.1	0.2427	2267.0	3582.0	17127.5	27517.0	0.0643302556560602	FALSE	patient	TCGA-73-A9RS	TCGA-73-A9RS
FOXA2	CIS-BP2.00|000889|M07959_2.00	0.1	0.2427	2165.0	3582.0	16342.3	27517.0	0.06299690791200895	FALSE	patient	TCGA-73-A9RS	TCGA-73-A9RS
ZNF75D	JASPAR2024|000169|MA1601.2	0.1	0.2427	2529.0	3582.0	19168.7	27517.0	0.06451254998665533	FALSE	patient	TCGA-73-A9RS	TCGA-73-A9RS
XBP1	JASPAR2024|000675|MA0844.2	1.0	0.2449	1655.0	3582.0	12440.9	27517.0	0.05769842894503049	FALSE	patient	TCGA-73-A9RS	TCGA-73-A9RS
NR3C2	JASPAR2024|000539|MA0727.2	1.0	0.2464	261.0	3582.0	1864.4	27517.0	0.11501093605242453	FALSE	patient	TCGA-73-A9RS	TCGA-73-A9RS
ZNF33A	CIS-BP2.00|000762|M07695_2.00	1.0	0.3696	3271.0	3582.0	25026.4	27517.0	0.06402344397601147	FALSE	patient	TCGA-73-A9RS	TCGA-73-A9RS
FOXA3	JASPAR2024|000358|MA1683.2	1.0	0.7085	3176.0	3582.0	24364.1	27517.0	0.016304312688273856	FALSE	patient	TCGA-73-A9RS	TCGA-73-A9RS
ETV1	JASPAR2024|000652|MA1966.2	1.0	0.8758	3468.0	3582.0	26655.0	27517.0	-0.02887259605514133	FALSE	patient	TCGA-73-A9RS	TCGA-73-A9RS
ZBTB18	CIS-BP2.00|000988|M08257_2.00	1.0	0.8917	3155.0	3582.0	24252.4	27517.0	-0.00908588429809034	FALSE	patient	TCGA-73-A9RS	TCGA-73-A9RS
FOXA1	JASPAR2024|000356|MA0148.5	1.0	1.0	2872.0	3582.0	22123.5	27517.0	-0.020784482189626387	FALSE	patient	TCGA-73-A9RS	TCGA-73-A9RS
HNF4A	JASPAR2024|000409|MA1494.2	1.0	1.0	398.0	3582.0	3107.7	27517.0	-0.025106011480188106	FALSE	patient	TCGA-73-A9RS	TCGA-73-A9RS
CEBPA	JASPAR2024|000234|MA0102.5	1.0	1.0	2572.0	3582.0	19849.6	27517.0	-0.024141092426722077	FALSE	patient	TCGA-73-A9RS	TCGA-73-A9RS
ETV1	CIS-BP2.00|000457|M04708_2.00	1.0	1.0	3576.0	3582.0	27500.3	27517.0	-1.5389562990252563	FALSE	patient	TCGA-73-A9RS	TCGA-73-A9RS
FOXA2	JASPAR2024|000357|MA0047.4	1.0	1.0	2780.0	3582.0	21470.8	27517.0	-0.03541859513243161	FALSE	patient	TCGA-73-A9RS	TCGA-73-A9RS
ZNF281	JASPAR2024|000706|MA1630.3	1.0	1.0	2928.0	3582.0	22602.1	27517.0	-0.0394112111939732	FALSE	patient	TCGA-73-A9RS	TCGA-73-A9RS
HNF4A	JASPAR2024|000410|MA0114.5	1.0	1.0	3437.0	3582.0	26472.0	27517.0	-0.09996082364018143	FALSE	patient	TCGA-73-A9RS	TCGA-73-A9RS
ZNF33B	CIS-BP2.00|000777|M07710_2.00	1.0	1.0	1212.0	3582.0	9460.7	27517.0	-0.034759485408240136	FALSE	patient	TCGA-73-A9RS	TCGA-73-A9RS
ZNF540	CIS-BP2.00|000701|M07634_2.00	1.0	1.0	753.0	3582.0	5915.6	27517.0	-0.04042785361626472	FALSE	patient	TCGA-73-A9RS	TCGA-73-A9RS
ELF3	JASPAR2024|000276|MA0640.3	1.0	1.0	3568.0	3582.0	27454.4	27517.0	-0.8220868739456977	FALSE	patient	TCGA-73-A9RS	TCGA-73-A9RS
NKX2-1	JASPAR2024|000822|MA1994.2	1.0	1.0	3397.0	3582.0	26220.9	27517.0	-0.14295687309723415	FALSE	patient	TCGA-73-A9RS	TCGA-73-A9RS
ZNF341	CIS-BP2.00|001017|M08310_2.00	1.0	1.0	3576.0	3582.0	27514.2	27517.0	-3.9215559457022704	FALSE	patient	TCGA-73-A9RS	TCGA-73-A9RS
NFATC4	CIS-BP2.00|000101|M01306_2.00	1.0	1.0	3584.0	3582.0	27558.8	27517.0	-2.9426954470696733	FALSE	patient	TCGA-73-A9RS	TCGA-73-A9RS
NR3C2	CIS-BP2.00|000154|M02395_2.00	1.0	1.0	3584.0	3582.0	27558.8	27517.0	-2.9426954470696733	FALSE	patient	TCGA-73-A9RS	TCGA-73-A9RS
ETV1	JASPAR2024|000311|MA0761.3	1.0	1.0	3553.0	3582.0	27363.7	27517.0	-0.562708431446479	FALSE	patient	TCGA-73-A9RS	TCGA-73-A9RS
GATA6	JASPAR2024|000382|MA1104.3	1.0	1.0	2916.0	3582.0	22656.7	27517.0	-0.09114260865213292	FALSE	patient	TCGA-73-A9RS	TCGA-73-A9RS
GATA6	CIS-BP2.00|000947|M08124_2.00	1.0	1.0	2638.0	3582.0	20581.0	27517.0	-0.08697304886344752	FALSE	patient	TCGA-73-A9RS	TCGA-73-A9RS
E2F5	CIS-BP2.00|000940|M08109_2.00	1.0	1.0	3053.0	3582.0	23733.2	27517.0	-0.12107740544826186	FALSE	patient	TCGA-73-A9RS	TCGA-73-A9RS
ZNF281	CIS-BP2.00|001020|M08321_2.00	1.0	1.0	2892.0	3582.0	22565.6	27517.0	-0.12149937989811187	FALSE	patient	TCGA-73-A9RS	TCGA-73-A9RS
ZNF254	CIS-BP2.00|000827|M07760_2.00	1.0	1.0	549.0	3582.0	4548.7	27517.0	-0.12880120714509463	FALSE	patient	TCGA-73-A9RS	TCGA-73-A9RS
HNF4A	CIS-BP2.00|000974|M08219_2.00	1.0	1.0	3242.0	3582.0	25274.2	27517.0	-0.24261962463135608	FALSE	patient	TCGA-73-A9RS	TCGA-73-A9RS
FOXA3	CIS-BP2.00|000469|M04831_2.00	1e-17	0.0	216.0	3582.0	868.3	27478.0	0.9780009054423917	TRUE	patient	TCGA-86-A4D0	TCGA-86-A4D0
ELF3	CIS-BP2.00|000227|M03002_2.00	1e-09	0.0	1533.0	3582.0	10388.0	27478.0	0.2997634238579034	TRUE	patient	TCGA-86-A4D0	TCGA-86-A4D0
NFATC4	JASPAR2024|000506|MA1525.3	1e-05	0.0	2613.0	3582.0	19078.2	27478.0	0.24722024159730074	TRUE	patient	TCGA-86-A4D0	TCGA-86-A4D0
FOXA1	CIS-BP2.00|000890|M07960_2.00	0.01	0.0254	1924.0	3582.0	14098.7	27478.0	0.13904790462864977	FALSE	patient	TCGA-86-A4D0	TCGA-86-A4D0
CREB3L2	CIS-BP2.00|000117|M01812_2.00	0.01	0.0321	1868.0	3582.0	13702.3	27478.0	0.13179993175130578	FALSE	patient	TCGA-86-A4D0	TCGA-86-A4D0
CREB3L2	JASPAR2024|000025|MA0608.1	0.01	0.0321	1858.0	3582.0	13628.2	27478.0	0.131229830609447	FALSE	patient	TCGA-86-A4D0	TCGA-86-A4D0
CEBPA	JASPAR2024|000234|MA0102.5	0.01	0.0321	2657.0	3582.0	19836.1	27478.0	0.1456977028909319	FALSE	patient	TCGA-86-A4D0	TCGA-86-A4D0
ZNF444	CIS-BP2.00|000420|M04529_2.00	0.01	0.0321	1331.0	3582.0	9642.3	27478.0	0.12945020210436461	FALSE	patient	TCGA-86-A4D0	TCGA-86-A4D0
FOXA2	CIS-BP2.00|000889|M07959_2.00	0.01	0.0499	2197.0	3582.0	16319.7	27478.0	0.11697960758922872	FALSE	patient	TCGA-86-A4D0	TCGA-86-A4D0
FOXD2	JASPAR2024|000361|MA0847.4	0.1	0.053	1378.0	3582.0	10059.7	27478.0	0.11463404226218041	FALSE	patient	TCGA-86-A4D0	TCGA-86-A4D0
ZNF19	CIS-BP2.00|000670|M07603_2.00	0.1	0.0618	3574.0	3582.0	27339.1	27478.0	1.1004451317653432	FALSE	patient	TCGA-86-A4D0	TCGA-86-A4D0
ETV1	JASPAR2024|000311|MA0761.3	0.1	0.0695	3568.0	3582.0	27283.5	27478.0	0.8146838285016925	FALSE	patient	TCGA-86-A4D0	TCGA-86-A4D0
XBP1	JASPAR2024|000675|MA0844.2	0.1	0.0695	1673.0	3582.0	12353.7	27478.0	0.1015881048332178	FALSE	patient	TCGA-86-A4D0	TCGA-86-A4D0
ELF3	JASPAR2024|000276|MA0640.3	0.1	0.0752	3577.0	3582.0	27376.8	27478.0	1.272787750041348	FALSE	patient	TCGA-86-A4D0	TCGA-86-A4D0
CEBPB	CIS-BP2.00|000866|M07830_2.00	0.1	0.077	1644.0	3582.0	12156.2	27478.0	0.09658949189968374	FALSE	patient	TCGA-86-A4D0	TCGA-86-A4D0
ZNF33A	CIS-BP2.00|000762|M07695_2.00	0.1	0.1177	3289.0	3582.0	24993.5	27478.0	0.1561718546636139	FALSE	patient	TCGA-86-A4D0	TCGA-86-A4D0
HNF4A	JASPAR2024|000410|MA0114.5	0.1	0.1305	3462.0	3582.0	26401.4	27478.0	0.22929136716899556	FALSE	patient	TCGA-86-A4D0	TCGA-86-A4D0
ZNF75D	CIS-BP2.00|000750|M07683_2.00	0.1	0.1535	2263.0	3582.0	17004.2	27478.0	0.07948423342677398	FALSE	patient	TCGA-86-A4D0	TCGA-86-A4D0
CEBPA	CIS-BP2.00|000926|M08076_2.00	0.1	0.1535	1381.0	3582.0	10241.8	27478.0	0.0786925901627695	FALSE	patient	TCGA-86-A4D0	TCGA-86-A4D0
NKX2-1	JASPAR2024|000822|MA1994.2	0.1	0.1535	3430.0	3582.0	26153.4	27478.0	0.18868476864639053	FALSE	patient	TCGA-86-A4D0	TCGA-86-A4D0
FOXD2	CIS-BP2.00|000235|M03042_2.00	0.1	0.158	1349.0	3582.0	10017.6	27478.0	0.07463772727299457	FALSE	patient	TCGA-86-A4D0	TCGA-86-A4D0
ZNF75D	JASPAR2024|000169|MA1601.2	1.0	0.2178	2516.0	3582.0	19024.4	27478.0	0.06836884421768813	FALSE	patient	TCGA-86-A4D0	TCGA-86-A4D0
ZNF141	CIS-BP2.00|000653|M07586_2.00	1.0	0.2331	2608.0	3582.0	19750.8	27478.0	0.0666497233570582	FALSE	patient	TCGA-86-A4D0	TCGA-86-A4D0
CEBPB	JASPAR2024|000235|MA0466.4	1.0	0.2331	248.0	3582.0	1764.1	27478.0	0.1190107039911507	FALSE	patient	TCGA-86-A4D0	TCGA-86-A4D0
NR3C2	JASPAR2024|000539|MA0727.2	1.0	0.2352	259.0	3582.0	1850.7	27478.0	0.11228005195963009	FALSE	patient	TCGA-86-A4D0	TCGA-86-A4D0
XBP1	CIS-BP2.00|000375|M04231_2.00	1.0	0.3946	3289.0	3582.0	25121.9	27478.0	0.07224041664148538	FALSE	patient	TCGA-86-A4D0	TCGA-86-A4D0
ZBTB18	JASPAR2024|000681|MA0698.2	1.0	0.4567	2066.0	3582.0	15697.3	27478.0	0.03236797741210971	FALSE	patient	TCGA-86-A4D0	TCGA-86-A4D0
HNF4A	JASPAR2024|000409|MA1494.2	1.0	0.6544	410.0	3582.0	3101.7	27478.0	0.023979109881488433	FALSE	patient	TCGA-86-A4D0	TCGA-86-A4D0
ZNF33B	CIS-BP2.00|000777|M07710_2.00	1.0	0.6544	1228.0	3582.0	9359.2	27478.0	0.014470162163497755	FALSE	patient	TCGA-86-A4D0	TCGA-86-A4D0
ZNF540	CIS-BP2.00|000701|M07634_2.00	1.0	0.6544	773.0	3582.0	5878.5	27478.0	0.016548425864768193	FALSE	patient	TCGA-86-A4D0	TCGA-86-A4D0
HNF4A	CIS-BP2.00|000974|M08219_2.00	1.0	0.6544	3288.0	3582.0	25184.1	27478.0	0.024737148115232577	FALSE	patient	TCGA-86-A4D0	TCGA-86-A4D0
ETV1	JASPAR2024|000652|MA1966.2	1.0	0.7058	3469.0	3582.0	26597.6	27478.0	0.01776243521142492	FALSE	patient	TCGA-86-A4D0	TCGA-86-A4D0
ETV1	CIS-BP2.00|000457|M04708_2.00	1.0	0.8013	3576.0	3582.0	27425.0	27478.0	0.10212969195635646	FALSE	patient	TCGA-86-A4D0	TCGA-86-A4D0
FOXA2	JASPAR2024|000357|MA0047.4	1.0	0.967	2777.0	3582.0	21394.8	27478.0	-0.02844257306067301	FALSE	patient	TCGA-86-A4D0	TCGA-86-A4D0
ZNF341	JASPAR2024|000712|MA1655.2	1.0	1.0	3581.0	3582.0	27469.1	27478.0	-0.2915017994561835	FALSE	patient	TCGA-86-A4D0	TCGA-86-A4D0
FOXA3	JASPAR2024|000358|MA1683.2	1.0	1.0	3154.0	3582.0	24291.1	27478.0	-0.049961291523963	FALSE	patient	TCGA-86-A4D0	TCGA-86-A4D0
FOXA1	JASPAR2024|000356|MA0148.5	1.0	1.0	2855.0	3582.0	22055.9	27478.0	-0.051416446499348525	FALSE	patient	TCGA-86-A4D0	TCGA-86-A4D0
GATA6	JASPAR2024|000382|MA1104.3	1.0	1.0	2910.0	3582.0	22515.2	27478.0	-0.06789892197509666	FALSE	patient	TCGA-86-A4D0	TCGA-86-A4D0
NFATC4	CIS-BP2.00|000101|M01306_2.00	1.0	1.0	3584.0	3582.0	27488.4	27478.0	-2.9390053795924453	FALSE	patient	TCGA-86-A4D0	TCGA-86-A4D0
NR3C2	CIS-BP2.00|000154|M02395_2.00	1.0	1.0	3584.0	3582.0	27488.4	27478.0	-2.9390053795924453	FALSE	patient	TCGA-86-A4D0	TCGA-86-A4D0
GATA6	CIS-BP2.00|000947|M08124_2.00	1.0	1.0	2627.0	3582.0	20411.4	27478.0	-0.07085726456502874	FALSE	patient	TCGA-86-A4D0	TCGA-86-A4D0
ZBTB18	CIS-BP2.00|000988|M08257_2.00	1.0	1.0	3132.0	3582.0	24216.6	27478.0	-0.09452615494452041	FALSE	patient	TCGA-86-A4D0	TCGA-86-A4D0
ZNF281	JASPAR2024|000706|MA1630.3	1.0	1.0	2881.0	3582.0	22482.3	27478.0	-0.1316135738064881	FALSE	patient	TCGA-86-A4D0	TCGA-86-A4D0
ZNF341	CIS-BP2.00|001017|M08310_2.00	1.0	1.0	3573.0	3582.0	27445.9	27478.0	-1.162334691629421	FALSE	patient	TCGA-86-A4D0	TCGA-86-A4D0
E2F5	CIS-BP2.00|000940|M08109_2.00	1.0	1.0	3029.0	3582.0	23663.3	27478.0	-0.1804266879322005	FALSE	patient	TCGA-86-A4D0	TCGA-86-A4D0
ZNF281	CIS-BP2.00|001020|M08321_2.00	1.0	1.0	2858.0	3582.0	22445.1	27478.0	-0.1766268092554716	FALSE	patient	TCGA-86-A4D0	TCGA-86-A4D0
ZNF254	CIS-BP2.00|000827|M07760_2.00	1.0	1.0	519.0	3582.0	4538.0	27478.0	-0.22237582360678473	FALSE	patient	TCGA-86-A4D0	TCGA-86-A4D0
ELF3	CIS-BP2.00|000227|M03002_2.00	1e-13	0.0	1584.0	3584.0	10461.9	27517.0	0.3686987060283353	TRUE	patient	TCGA-86-A4P7	TCGA-86-A4P7
FOXA3	CIS-BP2.00|000469|M04831_2.00	1e-09	0.0	187.0	3584.0	881.1	27517.0	0.7376200260399315	TRUE	patient	TCGA-86-A4P7	TCGA-86-A4P7
FOXA1	CIS-BP2.00|000890|M07960_2.00	1e-06	0.0	1989.0	3584.0	14104.0	27517.0	0.24592749710295278	TRUE	patient	TCGA-86-A4P7	TCGA-86-A4P7
FOXA2	CIS-BP2.00|000889|M07959_2.00	1e-05	0.0	2269.0	3584.0	16351.5	27517.0	0.2364085996146904	TRUE	patient	TCGA-86-A4P7	TCGA-86-A4P7
NFATC4	JASPAR2024|000506|MA1525.3	0.0001	0.0003	2607.0	3584.0	19171.2	27517.0	0.2157290583304121	FALSE	patient	TCGA-86-A4P7	TCGA-86-A4P7
FOXA1	JASPAR2024|000356|MA0148.5	0.01	0.0086	2951.0	3584.0	22101.6	27517.0	0.19112137166501952	FALSE	patient	TCGA-86-A4P7	TCGA-86-A4P7
FOXD2	JASPAR2024|000361|MA0847.4	0.01	0.0086	1403.0	3584.0	10097.6	27517.0	0.15036106284824047	FALSE	patient	TCGA-86-A4P7	TCGA-86-A4P7
ZNF444	CIS-BP2.00|000420|M04529_2.00	0.01	0.0095	1362.0	3584.0	9803.5	27517.0	0.14752044549652665	FALSE	patient	TCGA-86-A4P7	TCGA-86-A4P7
XBP1	JASPAR2024|000675|MA0844.2	0.01	0.0107	1701.0	3584.0	12399.6	27517.0	0.13929711414653195	FALSE	patient	TCGA-86-A4P7	TCGA-86-A4P7
CEBPB	JASPAR2024|000235|MA0466.4	0.01	0.0175	267.0	3584.0	1740.1	27517.0	0.25596448024701607	FALSE	patient	TCGA-86-A4P7	TCGA-86-A4P7
FOXA3	JASPAR2024|000358|MA1683.2	0.01	0.0206	3218.0	3584.0	24329.3	27517.0	0.20259294398693198	FALSE	patient	TCGA-86-A4P7	TCGA-86-A4P7
CEBPB	CIS-BP2.00|000866|M07830_2.00	0.01	0.0206	1654.0	3584.0	12109.3	27517.0	0.12494403378650286	FALSE	patient	TCGA-86-A4P7	TCGA-86-A4P7
ZNF75D	JASPAR2024|000169|MA1601.2	0.1	0.0373	2555.0	3584.0	19126.7	27517.0	0.1229163385438202	FALSE	patient	TCGA-86-A4P7	TCGA-86-A4P7
ZNF75D	CIS-BP2.00|000750|M07683_2.00	0.1	0.0375	2292.0	3584.0	17086.4	27517.0	0.11475807792164679	FALSE	patient	TCGA-86-A4P7	TCGA-86-A4P7
FOXD2	CIS-BP2.00|000235|M03042_2.00	0.1	0.0501	1376.0	3584.0	10085.4	27517.0	0.1073443288280581	FALSE	patient	TCGA-86-A4P7	TCGA-86-A4P7
FOXA2	JASPAR2024|000357|MA0047.4	0.1	0.0517	2845.0	3584.0	21441.6	27517.0	0.12478395000774987	FALSE	patient	TCGA-86-A4P7	TCGA-86-A4P7
ELF3	JASPAR2024|000276|MA0640.3	0.1	0.1189	3576.0	3584.0	27405.3	27517.0	0.7846051222396357	FALSE	patient	TCGA-86-A4P7	TCGA-86-A4P7
CEBPA	CIS-BP2.00|000926|M08076_2.00	0.1	0.1263	1381.0	3584.0	10230.0	27517.0	0.08329126059661766	FALSE	patient	TCGA-86-A4P7	TCGA-86-A4P7
CREB3L2	CIS-BP2.00|000117|M01812_2.00	0.1	0.1417	1837.0	3584.0	13738.9	27517.0	0.07656209915655936	FALSE	patient	TCGA-86-A4P7	TCGA-86-A4P7
NR3C2	JASPAR2024|000539|MA0727.2	0.1	0.1435	264.0	3584.0	1844.1	27517.0	0.14883358951005185	FALSE	patient	TCGA-86-A4P7	TCGA-86-A4P7
ZNF341	JASPAR2024|000712|MA1655.2	0.1	0.1653	3584.0	3584.0	27498.1	27517.0	2.3384703741346424	FALSE	patient	TCGA-86-A4P7	TCGA-86-A4P7
CREB3L2	JASPAR2024|000025|MA0608.1	0.1	0.2041	1819.0	3584.0	13662.0	27517.0	0.06370250812256638	FALSE	patient	TCGA-86-A4P7	TCGA-86-A4P7
ZNF33A	CIS-BP2.00|000762|M07695_2.00	1.0	0.3074	3273.0	3584.0	24989.7	27517.0	0.08812168985390294	FALSE	patient	TCGA-86-A4P7	TCGA-86-A4P7
XBP1	CIS-BP2.00|000375|M04231_2.00	1.0	0.3171	3291.0	3584.0	25137.1	27517.0	0.08674180160204138	FALSE	patient	TCGA-86-A4P7	TCGA-86-A4P7
ETV1	JASPAR2024|000311|MA0761.3	1.0	0.4088	3562.0	3584.0	27314.2	27517.0	0.23689765004174318	FALSE	patient	TCGA-86-A4P7	TCGA-86-A4P7
GATA6	JASPAR2024|000382|MA1104.3	1.0	0.7178	2952.0	3584.0	22615.9	27517.0	0.01675503182646187	FALSE	patient	TCGA-86-A4P7	TCGA-86-A4P7
NKX2-1	JASPAR2024|000822|MA1994.2	1.0	0.7178	3412.0	3584.0	26169.8	27517.0	0.02680160772721909	FALSE	patient	TCGA-86-A4P7	TCGA-86-A4P7
E2F5	CIS-BP2.00|000940|M08109_2.00	1.0	0.7565	3092.0	3584.0	23716.6	27517.0	0.009063324019617592	FALSE	patient	TCGA-86-A4P7	TCGA-86-A4P7
CEBPA	JASPAR2024|000234|MA0102.5	1.0	0.7565	2589.0	3584.0	19852.5	27517.0	0.006181003960904411	FALSE	patient	TCGA-86-A4P7	TCGA-86-A4P7
ZNF281	JASPAR2024|000706|MA1630.3	1.0	0.7739	2937.0	3584.0	22543.3	27517.0	0.0014424569413156586	FALSE	patient	TCGA-86-A4P7	TCGA-86-A4P7
GATA6	CIS-BP2.00|000947|M08124_2.00	1.0	0.7739	2676.0	3584.0	20545.3	27517.0	-0.00036841392737978516	FALSE	patient	TCGA-86-A4P7	TCGA-86-A4P7
ZNF540	CIS-BP2.00|000701|M07634_2.00	1.0	0.7739	769.0	3584.0	5906.8	27517.0	-0.00022290106932108204	FALSE	patient	TCGA-86-A4P7	TCGA-86-A4P7
ETV1	CIS-BP2.00|000457|M04708_2.00	1.0	0.7773	3576.0	3584.0	27454.6	27517.0	-0.05292854865530771	FALSE	patient	TCGA-86-A4P7	TCGA-86-A4P7
ETV1	JASPAR2024|000652|MA1966.2	1.0	0.7773	3464.0	3584.0	26604.6	27517.0	-0.019560076687703497	FALSE	patient	TCGA-86-A4P7	TCGA-86-A4P7
ZNF33B	CIS-BP2.00|000777|M07710_2.00	1.0	0.8386	1223.0	3584.0	9456.6	27517.0	-0.015289405009186015	FALSE	patient	TCGA-86-A4P7	TCGA-86-A4P7
ZNF19	CIS-BP2.00|000670|M07603_2.00	1.0	0.8435	3564.0	3584.0	27372.7	27517.0	-0.12062668580692652	FALSE	patient	TCGA-86-A4P7	TCGA-86-A4P7
ZBTB18	JASPAR2024|000681|MA0698.2	1.0	0.8435	2023.0	3584.0	15618.7	27517.0	-0.01858419796337862	FALSE	patient	TCGA-86-A4P7	TCGA-86-A4P7
ZNF281	CIS-BP2.00|001020|M08321_2.00	1.0	0.8435	2922.0	3584.0	22512.0	27517.0	-0.027929518696430265	FALSE	patient	TCGA-86-A4P7	TCGA-86-A4P7
HNF4A	CIS-BP2.00|000974|M08219_2.00	1.0	0.88	3275.0	3584.0	25219.1	27517.0	-0.052139756556962215	FALSE	patient	TCGA-86-A4P7	TCGA-86-A4P7
ZNF141	CIS-BP2.00|000653|M07586_2.00	1.0	0.8971	2554.0	3584.0	19754.9	27517.0	-0.03793877313469003	FALSE	patient	TCGA-86-A4P7	TCGA-86-A4P7
HNF4A	JASPAR2024|000409|MA1494.2	1.0	0.9135	389.0	3584.0	3104.3	27517.0	-0.061257286210060075	FALSE	patient	TCGA-86-A4P7	TCGA-86-A4P7
ZNF341	CIS-BP2.00|001017|M08310_2.00	1.0	0.9135	3577.0	3584.0	27476.0	27517.0	-0.47302573528199954	FALSE	patient	TCGA-86-A4P7	TCGA-86-A4P7
NFATC4	CIS-BP2.00|000101|M01306_2.00	1.0	0.9377	3584.0	3584.0	27518.1	27517.0	-2.940563277947328	FALSE	patient	TCGA-86-A4P7	TCGA-86-A4P7
NR3C2	CIS-BP2.00|000154|M02395_2.00	1.0	0.9377	3584.0	3584.0	27518.1	27517.0	-2.940563277947328	FALSE	patient	TCGA-86-A4P7	TCGA-86-A4P7
ZBTB18	CIS-BP2.00|000988|M08257_2.00	1.0	0.9377	3125.0	3584.0	24180.6	27517.0	-0.09134928080201397	FALSE	patient	TCGA-86-A4P7	TCGA-86-A4P7
HNF4A	JASPAR2024|000410|MA0114.5	1.0	1.0	3413.0	3584.0	26418.6	27517.0	-0.2724780378333202	FALSE	patient	TCGA-86-A4P7	TCGA-86-A4P7
ZNF254	CIS-BP2.00|000827|M07760_2.00	1.0	1.0	535.0	3584.0	4508.0	27517.0	-0.15810402862717754	FALSE	patient	TCGA-86-A4P7	TCGA-86-A4P7
CEBPB	JASPAR2024|000235|MA0466.4	1e-08	0.0	308.0	3586.0	1704.2	27621.0	0.5166321538946804	TRUE	patient	TCGA-86-A4P8	TCGA-86-A4P8
ELF3	CIS-BP2.00|000227|M03002_2.00	1e-07	0.0	1524.0	3586.0	10488.1	27621.0	0.27193138092284225	TRUE	patient	TCGA-86-A4P8	TCGA-86-A4P8
FOXA3	CIS-BP2.00|000469|M04831_2.00	1e-05	0.0	163.0	3586.0	858.5	27621.0	0.5733284308432096	TRUE	patient	TCGA-86-A4P8	TCGA-86-A4P8
ZNF444	CIS-BP2.00|000420|M04529_2.00	0.0001	0.0006	1401.0	3586.0	9926.7	27621.0	0.19287505839797536	FALSE	patient	TCGA-86-A4P8	TCGA-86-A4P8
FOXA1	CIS-BP2.00|000890|M07960_2.00	0.001	0.0034	1925.0	3586.0	14047.2	27621.0	0.1632906927070682	FALSE	patient	TCGA-86-A4P8	TCGA-86-A4P8
FOXA2	CIS-BP2.00|000889|M07959_2.00	0.01	0.0565	2187.0	3586.0	16291.4	27621.0	0.12037726035278026	FALSE	patient	TCGA-86-A4P8	TCGA-86-A4P8
XBP1	JASPAR2024|000675|MA0844.2	0.1	0.1343	1674.0	3586.0	12422.0	27621.0	0.09933895216590274	FALSE	patient	TCGA-86-A4P8	TCGA-86-A4P8
CEBPB	CIS-BP2.00|000866|M07830_2.00	0.1	0.1785	1627.0	3586.0	12101.5	27621.0	0.0910550381911607	FALSE	patient	TCGA-86-A4P8	TCGA-86-A4P8
NFATC4	JASPAR2024|000506|MA1525.3	0.1	0.1938	2541.0	3586.0	19194.8	27621.0	0.093773730514186	FALSE	patient	TCGA-86-A4P8	TCGA-86-A4P8
ZNF19	CIS-BP2.00|000670|M07603_2.00	0.1	0.2511	3573.0	3586.0	27472.5	27621.0	0.5216762530799561	FALSE	patient	TCGA-86-A4P8	TCGA-86-A4P8
ELF3	JASPAR2024|000276|MA0640.3	0.1	0.2612	3576.0	3586.0	27503.7	27621.0	0.5448467121103905	FALSE	patient	TCGA-86-A4P8	TCGA-86-A4P8
CREB3L2	CIS-BP2.00|000117|M01812_2.00	0.1	0.2612	1834.0	3586.0	13780.0	27621.0	0.07234452179139185	FALSE	patient	TCGA-86-A4P8	TCGA-86-A4P8
ZNF141	CIS-BP2.00|000653|M07586_2.00	0.1	0.2819	2617.0	3586.0	19864.9	27621.0	0.07611520094482997	FALSE	patient	TCGA-86-A4P8	TCGA-86-A4P8
CREB3L2	JASPAR2024|000025|MA0608.1	1.0	0.3646	1816.0	3586.0	13702.3	27621.0	0.05961009688133434	FALSE	patient	TCGA-86-A4P8	TCGA-86-A4P8
ZNF75D	CIS-BP2.00|000750|M07683_2.00	1.0	0.3923	2268.0	3586.0	17212.1	27621.0	0.05726296626874639	FALSE	patient	TCGA-86-A4P8	TCGA-86-A4P8
FOXD2	JASPAR2024|000361|MA0847.4	1.0	0.3923	1333.0	3586.0	10011.6	27621.0	0.05769248577959013	FALSE	patient	TCGA-86-A4P8	TCGA-86-A4P8
CEBPA	CIS-BP2.00|000926|M08076_2.00	1.0	0.4788	1353.0	3586.0	10210.3	27621.0	0.04730836802046395	FALSE	patient	TCGA-86-A4P8	TCGA-86-A4P8
ZNF33A	CIS-BP2.00|000762|M07695_2.00	1.0	0.4944	3274.0	3586.0	25102.2	27621.0	0.07259882457505726	FALSE	patient	TCGA-86-A4P8	TCGA-86-A4P8
ZNF75D	JASPAR2024|000169|MA1601.2	1.0	0.5373	2521.0	3586.0	19252.4	27621.0	0.04082025271388371	FALSE	patient	TCGA-86-A4P8	TCGA-86-A4P8
XBP1	CIS-BP2.00|000375|M04231_2.00	1.0	0.5373	3286.0	3586.0	25213.2	27621.0	0.06299426986166545	FALSE	patient	TCGA-86-A4P8	TCGA-86-A4P8
ETV1	JASPAR2024|000311|MA0761.3	1.0	0.5849	3562.0	3586.0	27412.5	27621.0	0.1487509860371393	FALSE	patient	TCGA-86-A4P8	TCGA-86-A4P8
ETV1	CIS-BP2.00|000457|M04708_2.00	1.0	0.6565	3578.0	3586.0	27549.8	27621.0	0.13179722869275529	FALSE	patient	TCGA-86-A4P8	TCGA-86-A4P8
FOXD2	CIS-BP2.00|000235|M03042_2.00	1.0	0.6565	1318.0	3586.0	10044.2	27621.0	0.02443791418673521	FALSE	patient	TCGA-86-A4P8	TCGA-86-A4P8
NKX2-1	JASPAR2024|000822|MA1994.2	1.0	0.6609	3418.0	3586.0	26286.6	27621.0	0.042991512511738564	FALSE	patient	TCGA-86-A4P8	TCGA-86-A4P8
FOXA3	JASPAR2024|000358|MA1683.2	1.0	0.6823	3169.0	3586.0	24357.4	27621.0	0.024774569634363836	FALSE	patient	TCGA-86-A4P8	TCGA-86-A4P8
CEBPA	JASPAR2024|000234|MA0102.5	1.0	0.6823	2589.0	3586.0	19872.8	27621.0	0.017479551974446502	FALSE	patient	TCGA-86-A4P8	TCGA-86-A4P8
HNF4A	JASPAR2024|000410|MA0114.5	1.0	0.6862	3445.0	3586.0	26511.7	27621.0	0.02755462151440828	FALSE	patient	TCGA-86-A4P8	TCGA-86-A4P8
ZNF33B	CIS-BP2.00|000777|M07710_2.00	1.0	0.8172	1234.0	3586.0	9496.9	27621.0	0.0020767478540761413	FALSE	patient	TCGA-86-A4P8	TCGA-86-A4P8
ZNF341	JASPAR2024|000712|MA1655.2	1.0	0.8172	3582.0	3586.0	27590.0	27621.0	-0.13777807004926124	FALSE	patient	TCGA-86-A4P8	TCGA-86-A4P8
NR3C2	JASPAR2024|000539|MA0727.2	1.0	0.903	238.0	3586.0	1853.8	27621.0	-0.014836603317889373	FALSE	patient	TCGA-86-A4P8	TCGA-86-A4P8
FOXA2	JASPAR2024|000357|MA0047.4	1.0	0.9647	2778.0	3586.0	21464.8	27621.0	-0.020790598024571064	FALSE	patient	TCGA-86-A4P8	TCGA-86-A4P8
ETV1	JASPAR2024|000652|MA1966.2	1.0	0.9647	3463.0	3586.0	26704.9	27621.0	-0.05504767058227459	FALSE	patient	TCGA-86-A4P8	TCGA-86-A4P8
ZBTB18	JASPAR2024|000681|MA0698.2	1.0	0.9647	2021.0	3586.0	15664.1	27621.0	-0.020801509335378335	FALSE	patient	TCGA-86-A4P8	TCGA-86-A4P8
HNF4A	JASPAR2024|000409|MA1494.2	1.0	1.0	393.0	3586.0	3115.5	27621.0	-0.045335029134862564	FALSE	patient	TCGA-86-A4P8	TCGA-86-A4P8
ZBTB18	CIS-BP2.00|000988|M08257_2.00	1.0	1.0	3134.0	3586.0	24248.7	27621.0	-0.05367284278593071	FALSE	patient	TCGA-86-A4P8	TCGA-86-A4P8
FOXA1	JASPAR2024|000356|MA0148.5	1.0	1.0	2849.0	3586.0	22098.4	27621.0	-0.050430567405736204	FALSE	patient	TCGA-86-A4P8	TCGA-86-A4P8
E2F5	CIS-BP2.00|000940|M08109_2.00	1.0	1.0	3072.0	3586.0	23807.3	27621.0	-0.0638118843499648	FALSE	patient	TCGA-86-A4P8	TCGA-86-A4P8
ZNF540	CIS-BP2.00|000701|M07634_2.00	1.0	1.0	738.0	3586.0	5863.6	27621.0	-0.05597487186625397	FALSE	patient	TCGA-86-A4P8	TCGA-86-A4P8
GATA6	JASPAR2024|000382|MA1104.3	1.0	1.0	2925.0	3586.0	22710.9	27621.0	-0.06457526874193081	FALSE	patient	TCGA-86-A4P8	TCGA-86-A4P8
NFATC4	CIS-BP2.00|000101|M01306_2.00	1.0	1.0	3584.0	3586.0	27611.8	27621.0	-0.989410614241434	FALSE	patient	TCGA-86-A4P8	TCGA-86-A4P8
NR3C2	CIS-BP2.00|000154|M02395_2.00	1.0	1.0	3584.0	3586.0	27611.8	27621.0	-0.989410614241434	FALSE	patient	TCGA-86-A4P8	TCGA-86-A4P8
ZNF341	CIS-BP2.00|001017|M08310_2.00	1.0	1.0	3575.0	3586.0	27568.3	27621.0	-0.7370271788738298	FALSE	patient	TCGA-86-A4P8	TCGA-86-A4P8
GATA6	CIS-BP2.00|000947|M08124_2.00	1.0	1.0	2633.0	3586.0	20612.8	27621.0	-0.09068009208245899	FALSE	patient	TCGA-86-A4P8	TCGA-86-A4P8
ZNF281	JASPAR2024|000706|MA1630.3	1.0	1.0	2901.0	3586.0	22707.3	27621.0	-0.12658910303915547	FALSE	patient	TCGA-86-A4P8	TCGA-86-A4P8
HNF4A	CIS-BP2.00|000974|M08219_2.00	1.0	1.0	3252.0	3586.0	25328.8	27621.0	-0.1842167707420466	FALSE	patient	TCGA-86-A4P8	TCGA-86-A4P8
ZNF281	CIS-BP2.00|001020|M08321_2.00	1.0	1.0	2888.0	3586.0	22676.3	27621.0	-0.14912782256729598	FALSE	patient	TCGA-86-A4P8	TCGA-86-A4P8
ZNF254	CIS-BP2.00|000827|M07760_2.00	1.0	1.0	531.0	3586.0	4573.4	27621.0	-0.19011578834065992	FALSE	patient	TCGA-86-A4P8	TCGA-86-A4P8
FOXA3	CIS-BP2.00|000469|M04831_2.00	1e-19	0.0	217.0	3587.0	845.5	27451.0	1.0210748362290487	TRUE	patient	TCGA-91-A4BC	TCGA-91-A4BC
ELF3	CIS-BP2.00|000227|M03002_2.00	1e-13	0.0	1576.0	3587.0	10403.2	27451.0	0.3609846141183481	TRUE	patient	TCGA-91-A4BC	TCGA-91-A4BC
CEBPB	JASPAR2024|000235|MA0466.4	1e-06	0.0	295.0	3587.0	1700.5	27451.0	0.4422200071195808	TRUE	patient	TCGA-91-A4BC	TCGA-91-A4BC
CREB3L2	CIS-BP2.00|000117|M01812_2.00	0.0001	0.0003	1923.0	3587.0	13813.6	27451.0	0.1901248981717066	FALSE	patient	TCGA-91-A4BC	TCGA-91-A4BC
ZNF444	CIS-BP2.00|000420|M04529_2.00	0.0001	0.0005	1378.0	3587.0	9700.9	27451.0	0.19098226578870892	FALSE	patient	TCGA-91-A4BC	TCGA-91-A4BC
CREB3L2	JASPAR2024|000025|MA0608.1	0.0001	0.0005	1908.0	3587.0	13741.0	27451.0	0.18114908081947328	FALSE	patient	TCGA-91-A4BC	TCGA-91-A4BC
FOXA1	CIS-BP2.00|000890|M07960_2.00	0.0001	0.0006	1950.0	3587.0	14089.0	27451.0	0.17591862462662014	FALSE	patient	TCGA-91-A4BC	TCGA-91-A4BC
ELF3	JASPAR2024|000276|MA0640.3	0.001	0.0033	3580.0	3587.0	27353.5	27451.0	0.7743004057237013	FALSE	patient	TCGA-91-A4BC	TCGA-91-A4BC
XBP1	JASPAR2024|000675|MA0844.2	0.001	0.0039	1721.0	3587.0	12461.5	27451.0	0.149795433536264	FALSE	patient	TCGA-91-A4BC	TCGA-91-A4BC
FOXD2	JASPAR2024|000361|MA0847.4	0.01	0.0181	1377.0	3587.0	9961.5	27451.0	0.1297025576408815	FALSE	patient	TCGA-91-A4BC	TCGA-91-A4BC
ETV1	JASPAR2024|000311|MA0761.3	0.1	0.0445	3569.0	3587.0	27268.5	27451.0	0.3727785845675089	FALSE	patient	TCGA-91-A4BC	TCGA-91-A4BC
XBP1	CIS-BP2.00|000375|M04231_2.00	0.1	0.0564	3313.0	3587.0	25114.9	27451.0	0.1673882998033541	FALSE	patient	TCGA-91-A4BC	TCGA-91-A4BC
CEBPB	CIS-BP2.00|000866|M07830_2.00	0.1	0.0564	1634.0	3587.0	12028.4	27451.0	0.1013761744241824	FALSE	patient	TCGA-91-A4BC	TCGA-91-A4BC
ZBTB18	CIS-BP2.00|000988|M08257_2.00	0.1	0.112	3192.0	3587.0	24193.9	27451.0	0.12014522967548982	FALSE	patient	TCGA-91-A4BC	TCGA-91-A4BC
NR3C2	JASPAR2024|000539|MA0727.2	0.1	0.112	271.0	3587.0	1861.6	27451.0	0.1699346300380717	FALSE	patient	TCGA-91-A4BC	TCGA-91-A4BC
FOXA2	CIS-BP2.00|000889|M07959_2.00	0.1	0.112	2184.0	3587.0	16328.2	27451.0	0.08444896825393347	FALSE	patient	TCGA-91-A4BC	TCGA-91-A4BC
NFATC4	JASPAR2024|000506|MA1525.3	0.1	0.1958	2526.0	3587.0	19048.3	27451.0	0.0703464187402583	FALSE	patient	TCGA-91-A4BC	TCGA-91-A4BC
CEBPA	CIS-BP2.00|000926|M08076_2.00	1.0	0.2659	1355.0	3587.0	10101.5	27451.0	0.0604596537509096	FALSE	patient	TCGA-91-A4BC	TCGA-91-A4BC
ETV1	CIS-BP2.00|000457|M04708_2.00	1.0	0.373	3579.0	3587.0	27407.9	27451.0	-0.5779947380264587	FALSE	patient	TCGA-91-A4BC	TCGA-91-A4BC
FOXA2	JASPAR2024|000357|MA0047.4	1.0	0.3794	2820.0	3587.0	21424.5	27451.0	0.047929046914544964	FALSE	patient	TCGA-91-A4BC	TCGA-91-A4BC
ZNF33B	CIS-BP2.00|000777|M07710_2.00	1.0	0.4175	1247.0	3587.0	9361.7	27451.0	0.04248001812482422	FALSE	patient	TCGA-91-A4BC	TCGA-91-A4BC
ZNF33A	CIS-BP2.00|000762|M07695_2.00	1.0	0.4441	3282.0	3587.0	25047.6	27451.0	0.04429834030290955	FALSE	patient	TCGA-91-A4BC	TCGA-91-A4BC
ZNF141	CIS-BP2.00|000653|M07586_2.00	1.0	0.454	2599.0	3587.0	19760.6	27451.0	0.033482366887582056	FALSE	patient	TCGA-91-A4BC	TCGA-91-A4BC
HNF4A	JASPAR2024|000409|MA1494.2	1.0	0.454	417.0	3587.0	3083.1	27451.0	0.0574617161454993	FALSE	patient	TCGA-91-A4BC	TCGA-91-A4BC
FOXD2	CIS-BP2.00|000235|M03042_2.00	1.0	0.5236	1311.0	3587.0	9916.5	27451.0	0.026662118001137432	FALSE	patient	TCGA-91-A4BC	TCGA-91-A4BC
FOXA1	JASPAR2024|000356|MA0148.5	1.0	0.5885	2888.0	3587.0	22050.8	27451.0	0.01627913834154097	FALSE	patient	TCGA-91-A4BC	TCGA-91-A4BC
ZNF75D	JASPAR2024|000169|MA1601.2	1.0	0.5885	2509.0	3587.0	19139.4	27451.0	0.015075393410638743	FALSE	patient	TCGA-91-A4BC	TCGA-91-A4BC
FOXA3	JASPAR2024|000358|MA1683.2	1.0	0.5947	3176.0	3587.0	24285.9	27451.0	0.00887590537858419	FALSE	patient	TCGA-91-A4BC	TCGA-91-A4BC
ZNF19	CIS-BP2.00|000670|M07603_2.00	1.0	0.6059	3567.0	3587.0	27327.0	27451.0	-0.334918221652526	FALSE	patient	TCGA-91-A4BC	TCGA-91-A4BC
CEBPA	JASPAR2024|000234|MA0102.5	1.0	0.7013	2588.0	3587.0	19806.6	27451.0	-0.000610286014505286	FALSE	patient	TCGA-91-A4BC	TCGA-91-A4BC
NKX2-1	JASPAR2024|000822|MA1994.2	1.0	0.713	3416.0	3587.0	26172.0	27451.0	-0.038161039560833276	FALSE	patient	TCGA-91-A4BC	TCGA-91-A4BC
ZNF540	CIS-BP2.00|000701|M07634_2.00	1.0	0.7216	767.0	3587.0	5872.7	27451.0	-0.00031631461711502796	FALSE	patient	TCGA-91-A4BC	TCGA-91-A4BC
ETV1	JASPAR2024|000652|MA1966.2	1.0	0.7807	3467.0	3587.0	26580.3	27451.0	-0.08444593067218531	FALSE	patient	TCGA-91-A4BC	TCGA-91-A4BC
ZNF341	JASPAR2024|000712|MA1655.2	1.0	0.7807	3582.0	3587.0	27453.9	27451.0	-6.3974303913999755	FALSE	patient	TCGA-91-A4BC	TCGA-91-A4BC
GATA6	JASPAR2024|000382|MA1104.3	1.0	0.8343	2938.0	3587.0	22570.1	27451.0	-0.031399421563281855	FALSE	patient	TCGA-91-A4BC	TCGA-91-A4BC
HNF4A	JASPAR2024|000410|MA0114.5	1.0	0.9851	3435.0	3587.0	26387.9	27451.0	-0.13923735614522262	FALSE	patient	TCGA-91-A4BC	TCGA-91-A4BC
ZBTB18	JASPAR2024|000681|MA0698.2	1.0	0.9851	2041.0	3587.0	15805.3	27451.0	-0.03997202452333592	FALSE	patient	TCGA-91-A4BC	TCGA-91-A4BC
ZNF75D	CIS-BP2.00|000750|M07683_2.00	1.0	0.9851	2211.0	3587.0	17115.2	27451.0	-0.04357981634480094	FALSE	patient	TCGA-91-A4BC	TCGA-91-A4BC
ZNF341	CIS-BP2.00|001017|M08310_2.00	1.0	0.9851	3577.0	3587.0	27430.3	27451.0	-1.925098089024792	FALSE	patient	TCGA-91-A4BC	TCGA-91-A4BC
NFATC4	CIS-BP2.00|000101|M01306_2.00	1.0	1.0	3584.0	3587.0	27472.6	27451.0	-5.745530834662896	FALSE	patient	TCGA-91-A4BC	TCGA-91-A4BC
NR3C2	CIS-BP2.00|000154|M02395_2.00	1.0	1.0	3584.0	3587.0	27472.6	27451.0	-5.745530834662896	FALSE	patient	TCGA-91-A4BC	TCGA-91-A4BC
E2F5	CIS-BP2.00|000940|M08109_2.00	1.0	1.0	3055.0	3587.0	23632.9	27451.0	-0.1091564357669698	FALSE	patient	TCGA-91-A4BC	TCGA-91-A4BC
GATA6	CIS-BP2.00|000947|M08124_2.00	1.0	1.0	2634.0	3587.0	20498.1	27451.0	-0.09351055555314117	FALSE	patient	TCGA-91-A4BC	TCGA-91-A4BC
HNF4A	CIS-BP2.00|000974|M08219_2.00	1.0	1.0	3251.0	3587.0	25170.6	27451.0	-0.1916661491156782	FALSE	patient	TCGA-91-A4BC	TCGA-91-A4BC
ZNF254	CIS-BP2.00|000827|M07760_2.00	1.0	1.0	543.0	3587.0	4552.7	27451.0	-0.15553411243590293	FALSE	patient	TCGA-91-A4BC	TCGA-91-A4BC
ZNF281	CIS-BP2.00|001020|M08321_2.00	1.0	1.0	2872.0	3587.0	22464.2	27451.0	-0.16604568216791768	FALSE	patient	TCGA-91-A4BC	TCGA-91-A4BC
ZNF281	JASPAR2024|000706|MA1630.3	1.0	1.0	2871.0	3587.0	22493.9	27451.0	-0.17908615532612054	FALSE	patient	TCGA-91-A4BC	TCGA-91-A4BC
FOXA3	CIS-BP2.00|000469|M04831_2.00	1e-10	0.0	184.0	3587.0	852.0	27573.0	0.7648309624603972	TRUE	patient	TCGA-91-A4BD	TCGA-91-A4BD
ELF3	CIS-BP2.00|000227|M03002_2.00	1e-09	0.0	1547.0	3587.0	10475.6	27573.0	0.30773410383381944	TRUE	patient	TCGA-91-A4BD	TCGA-91-A4BD
CEBPB	JASPAR2024|000235|MA0466.4	0.0001	0.0006	282.0	3587.0	1709.4	27573.0	0.37042138889848986	FALSE	patient	TCGA-91-A4BD	TCGA-91-A4BD
NFATC4	JASPAR2024|000506|MA1525.3	0.0001	0.001	2599.0	3587.0	19211.8	27573.0	0.19475923120563302	FALSE	patient	TCGA-91-A4BD	TCGA-91-A4BD
XBP1	JASPAR2024|000675|MA0844.2	0.001	0.0012	1720.0	3587.0	12396.1	27573.0	0.17369982803506145	FALSE	patient	TCGA-91-A4BD	TCGA-91-A4BD
ZNF444	CIS-BP2.00|000420|M04529_2.00	0.001	0.0012	1383.0	3587.0	9831.1	27573.0	0.17957421624599076	FALSE	patient	TCGA-91-A4BD	TCGA-91-A4BD
FOXD2	JASPAR2024|000361|MA0847.4	0.001	0.0022	1392.0	3587.0	9953.4	27573.0	0.1670161067288096	FALSE	patient	TCGA-91-A4BD	TCGA-91-A4BD
CEBPB	CIS-BP2.00|000866|M07830_2.00	0.001	0.0047	1666.0	3587.0	12096.3	27573.0	0.15010737848004035	FALSE	patient	TCGA-91-A4BD	TCGA-91-A4BD
CEBPA	JASPAR2024|000234|MA0102.5	0.01	0.0387	2646.0	3587.0	19861.9	27573.0	0.12611482403520363	FALSE	patient	TCGA-91-A4BD	TCGA-91-A4BD
FOXA1	CIS-BP2.00|000890|M07960_2.00	0.1	0.0922	1889.0	3587.0	14061.2	27573.0	0.0962455440173654	FALSE	patient	TCGA-91-A4BD	TCGA-91-A4BD
FOXA2	CIS-BP2.00|000889|M07959_2.00	0.1	0.2031	2170.0	3587.0	16321.7	27573.0	0.07799897645628866	FALSE	patient	TCGA-91-A4BD	TCGA-91-A4BD
CEBPA	CIS-BP2.00|000926|M08076_2.00	0.1	0.268	1369.0	3587.0	10202.1	27573.0	0.07184189051086537	FALSE	patient	TCGA-91-A4BD	TCGA-91-A4BD
ZNF75D	CIS-BP2.00|000750|M07683_2.00	1.0	0.3989	2270.0	3587.0	17196.0	27573.0	0.05655104345246459	FALSE	patient	TCGA-91-A4BD	TCGA-91-A4BD
ETV1	JASPAR2024|000652|MA1966.2	1.0	0.5286	3479.0	3587.0	26692.0	27573.0	0.08278300583074433	FALSE	patient	TCGA-91-A4BD	TCGA-91-A4BD
ZNF540	CIS-BP2.00|000701|M07634_2.00	1.0	0.5286	790.0	3587.0	5893.2	27573.0	0.05583842488649242	FALSE	patient	TCGA-91-A4BD	TCGA-91-A4BD
ZNF75D	JASPAR2024|000169|MA1601.2	1.0	0.5988	2520.0	3587.0	19217.3	27573.0	0.037949622492707814	FALSE	patient	TCGA-91-A4BD	TCGA-91-A4BD
ELF3	JASPAR2024|000276|MA0640.3	1.0	0.5988	3573.0	3587.0	27473.1	27573.0	-0.15100180885657952	FALSE	patient	TCGA-91-A4BD	TCGA-91-A4BD
FOXD2	CIS-BP2.00|000235|M03042_2.00	1.0	0.695	1317.0	3587.0	9995.1	27573.0	0.02923161181500024	FALSE	patient	TCGA-91-A4BD	TCGA-91-A4BD
ZNF19	CIS-BP2.00|000670|M07603_2.00	1.0	0.695	3569.0	3587.0	27446.3	27573.0	-0.16134255454320995	FALSE	patient	TCGA-91-A4BD	TCGA-91-A4BD
ZBTB18	JASPAR2024|000681|MA0698.2	1.0	0.772	2055.0	3587.0	15712.2	27573.0	0.017933327907726764	FALSE	patient	TCGA-91-A4BD	TCGA-91-A4BD
ZNF33B	CIS-BP2.00|000777|M07710_2.00	1.0	0.772	1248.0	3587.0	9506.4	27573.0	0.020313656005322027	FALSE	patient	TCGA-91-A4BD	TCGA-91-A4BD
ZNF141	CIS-BP2.00|000653|M07586_2.00	1.0	0.772	2592.0	3587.0	19862.9	27573.0	0.015653212059095006	FALSE	patient	TCGA-91-A4BD	TCGA-91-A4BD
ZBTB18	CIS-BP2.00|000988|M08257_2.00	1.0	0.772	3158.0	3587.0	24255.2	27573.0	0.008701948688813771	FALSE	patient	TCGA-91-A4BD	TCGA-91-A4BD
ZNF341	CIS-BP2.00|001017|M08310_2.00	1.0	0.772	3580.0	3587.0	27545.5	27573.0	-1.0431455391815039	FALSE	patient	TCGA-91-A4BD	TCGA-91-A4BD
ETV1	CIS-BP2.00|000457|M04708_2.00	1.0	0.871	3577.0	3587.0	27525.7	27573.0	-0.7571604968259763	FALSE	patient	TCGA-91-A4BD	TCGA-91-A4BD
ZNF33A	CIS-BP2.00|000762|M07695_2.00	1.0	0.871	3265.0	3587.0	25116.2	27573.0	-0.013568177860171985	FALSE	patient	TCGA-91-A4BD	TCGA-91-A4BD
FOXA3	JASPAR2024|000358|MA1683.2	1.0	0.871	3164.0	3587.0	24347.1	27573.0	-0.014238660444959703	FALSE	patient	TCGA-91-A4BD	TCGA-91-A4BD
ZNF341	JASPAR2024|000712|MA1655.2	1.0	0.871	3582.0	3587.0	27566.8	27573.0	-2.6591898871129254	FALSE	patient	TCGA-91-A4BD	TCGA-91-A4BD
CREB3L2	CIS-BP2.00|000117|M01812_2.00	1.0	0.8813	1787.0	3587.0	13776.5	27573.0	-0.008361523381875046	FALSE	patient	TCGA-91-A4BD	TCGA-91-A4BD
ETV1	JASPAR2024|000311|MA0761.3	1.0	0.9538	3557.0	3587.0	27384.2	27573.0	-0.3106411505787856	FALSE	patient	TCGA-91-A4BD	TCGA-91-A4BD
CREB3L2	JASPAR2024|000025|MA0608.1	1.0	0.9538	1772.0	3587.0	13699.7	27573.0	-0.01641526450521521	FALSE	patient	TCGA-91-A4BD	TCGA-91-A4BD
XBP1	CIS-BP2.00|000375|M04231_2.00	1.0	0.9686	3266.0	3587.0	25187.4	27573.0	-0.055149435786853815	FALSE	patient	TCGA-91-A4BD	TCGA-91-A4BD
ZNF281	JASPAR2024|000706|MA1630.3	1.0	0.9875	2933.0	3587.0	22660.6	27573.0	-0.04141321941883723	FALSE	patient	TCGA-91-A4BD	TCGA-91-A4BD
HNF4A	JASPAR2024|000409|MA1494.2	1.0	1.0	390.0	3587.0	3122.1	27573.0	-0.06445251391939918	FALSE	patient	TCGA-91-A4BD	TCGA-91-A4BD
GATA6	JASPAR2024|000382|MA1104.3	1.0	1.0	2926.0	3587.0	22676.7	27573.0	-0.06596812336462878	FALSE	patient	TCGA-91-A4BD	TCGA-91-A4BD
NKX2-1	JASPAR2024|000822|MA1994.2	1.0	1.0	3400.0	3587.0	26259.3	27573.0	-0.13981478498443808	FALSE	patient	TCGA-91-A4BD	TCGA-91-A4BD
NR3C2	JASPAR2024|000539|MA0727.2	1.0	1.0	227.0	3587.0	1854.3	27573.0	-0.0912272222134637	FALSE	patient	TCGA-91-A4BD	TCGA-91-A4BD
NFATC4	CIS-BP2.00|000101|M01306_2.00	1.0	1.0	3584.0	3587.0	27587.0	27573.0	-5.7515258492530235	FALSE	patient	TCGA-91-A4BD	TCGA-91-A4BD
NR3C2	CIS-BP2.00|000154|M02395_2.00	1.0	1.0	3584.0	3587.0	27587.0	27573.0	-5.7515258492530235	FALSE	patient	TCGA-91-A4BD	TCGA-91-A4BD
FOXA2	JASPAR2024|000357|MA0047.4	1.0	1.0	2755.0	3587.0	21443.2	27573.0	-0.07973232472087383	FALSE	patient	TCGA-91-A4BD	TCGA-91-A4BD
HNF4A	CIS-BP2.00|000974|M08219_2.00	1.0	1.0	3263.0	3587.0	25301.9	27573.0	-0.14736385692240442	FALSE	patient	TCGA-91-A4BD	TCGA-91-A4BD
FOXA1	JASPAR2024|000356|MA0148.5	1.0	1.0	2835.0	3587.0	22095.9	27573.0	-0.0983558493540741	FALSE	patient	TCGA-91-A4BD	TCGA-91-A4BD
ZNF281	CIS-BP2.00|001020|M08321_2.00	1.0	1.0	2905.0	3587.0	22627.0	27573.0	-0.10371171159338799	FALSE	patient	TCGA-91-A4BD	TCGA-91-A4BD
E2F5	CIS-BP2.00|000940|M08109_2.00	1.0	1.0	3058.0	3587.0	23802.8	27573.0	-0.1281356323171678	FALSE	patient	TCGA-91-A4BD	TCGA-91-A4BD
HNF4A	JASPAR2024|000410|MA0114.5	1.0	1.0	3423.0	3587.0	26500.5	27573.0	-0.2470122954069987	FALSE	patient	TCGA-91-A4BD	TCGA-91-A4BD
GATA6	CIS-BP2.00|000947|M08124_2.00	1.0	1.0	2629.0	3587.0	20598.1	27573.0	-0.10626027214661218	FALSE	patient	TCGA-91-A4BD	TCGA-91-A4BD
ZNF254	CIS-BP2.00|000827|M07760_2.00	1.0	1.0	544.0	3587.0	4533.6	27573.0	-0.13748107200792015	FALSE	patient	TCGA-91-A4BD	TCGA-91-A4BD
ELF3	CIS-BP2.00|000227|M03002_2.00	1e-12	0.0	1583.0	3584.0	10521.3	27535.0	0.35539303719330123	TRUE	patient	TCGA-93-A4JN	TCGA-93-A4JN
CEBPB	JASPAR2024|000235|MA0466.4	1e-05	0.0001	291.0	3584.0	1717.5	27535.0	0.41152154294535814	FALSE	patient	TCGA-93-A4JN	TCGA-93-A4JN
FOXA3	CIS-BP2.00|000469|M04831_2.00	1e-05	0.0001	162.0	3584.0	866.5	27535.0	0.5464490076705961	FALSE	patient	TCGA-93-A4JN	TCGA-93-A4JN
NFATC4	JASPAR2024|000506|MA1525.3	0.001	0.0076	2586.0	3584.0	19187.2	27535.0	0.17253942094345515	FALSE	patient	TCGA-93-A4JN	TCGA-93-A4JN
ZNF444	CIS-BP2.00|000420|M04529_2.00	0.01	0.0098	1367.0	3584.0	9817.7	27535.0	0.15427574533363805	FALSE	patient	TCGA-93-A4JN	TCGA-93-A4JN
FOXA2	CIS-BP2.00|000889|M07959_2.00	0.01	0.0109	2202.0	3584.0	16238.4	27535.0	0.14836110491661628	FALSE	patient	TCGA-93-A4JN	TCGA-93-A4JN
ZNF19	CIS-BP2.00|000670|M07603_2.00	0.01	0.0118	3577.0	3584.0	27389.2	27535.0	1.349285571448574	FALSE	patient	TCGA-93-A4JN	TCGA-93-A4JN
XBP1	JASPAR2024|000675|MA0844.2	0.01	0.0239	1710.0	3584.0	12526.9	27535.0	0.12861466583649506	FALSE	patient	TCGA-93-A4JN	TCGA-93-A4JN
ETV1	JASPAR2024|000311|MA0761.3	0.01	0.0275	3570.0	3584.0	27328.7	27535.0	0.8978661747753028	FALSE	patient	TCGA-93-A4JN	TCGA-93-A4JN
CEBPB	CIS-BP2.00|000866|M07830_2.00	0.1	0.0676	1635.0	3584.0	12057.6	27535.0	0.10683474937919289	FALSE	patient	TCGA-93-A4JN	TCGA-93-A4JN
FOXA1	CIS-BP2.00|000890|M07960_2.00	0.1	0.07	1886.0	3584.0	13994.7	27535.0	0.1038317547448397	FALSE	patient	TCGA-93-A4JN	TCGA-93-A4JN
ZNF33A	CIS-BP2.00|000762|M07695_2.00	0.1	0.3864	3278.0	3584.0	25008.4	27535.0	0.11218997239256287	FALSE	patient	TCGA-93-A4JN	TCGA-93-A4JN
CEBPA	CIS-BP2.00|000926|M08076_2.00	1.0	0.42	1359.0	3584.0	10171.2	27535.0	0.060510086178368463	FALSE	patient	TCGA-93-A4JN	TCGA-93-A4JN
CREB3L2	CIS-BP2.00|000117|M01812_2.00	1.0	0.42	1836.0	3584.0	13834.2	27535.0	0.05686252477910445	FALSE	patient	TCGA-93-A4JN	TCGA-93-A4JN
FOXD2	JASPAR2024|000361|MA0847.4	1.0	0.4234	1332.0	3584.0	9985.5	27535.0	0.05610064569483006	FALSE	patient	TCGA-93-A4JN	TCGA-93-A4JN
XBP1	CIS-BP2.00|000375|M04231_2.00	1.0	0.4534	3296.0	3584.0	25186.4	27535.0	0.09179832564299133	FALSE	patient	TCGA-93-A4JN	TCGA-93-A4JN
ZNF33B	CIS-BP2.00|000777|M07710_2.00	1.0	0.4534	1260.0	3584.0	9460.3	27535.0	0.05105321553042608	FALSE	patient	TCGA-93-A4JN	TCGA-93-A4JN
CREB3L2	JASPAR2024|000025|MA0608.1	1.0	0.4594	1819.0	3584.0	13756.8	27535.0	0.04570765309853675	FALSE	patient	TCGA-93-A4JN	TCGA-93-A4JN
NR3C2	JASPAR2024|000539|MA0727.2	1.0	0.5171	255.0	3584.0	1862.5	27535.0	0.08064196758649118	FALSE	patient	TCGA-93-A4JN	TCGA-93-A4JN
ELF3	JASPAR2024|000276|MA0640.3	1.0	0.5171	3573.0	3584.0	27421.0	27535.0	0.3757440344191803	FALSE	patient	TCGA-93-A4JN	TCGA-93-A4JN
ETV1	JASPAR2024|000652|MA1966.2	1.0	0.5249	3475.0	3584.0	26632.6	27535.0	0.1057074291805383	FALSE	patient	TCGA-93-A4JN	TCGA-93-A4JN
ZNF75D	JASPAR2024|000169|MA1601.2	1.0	0.5508	2512.0	3584.0	19156.8	27535.0	0.03505002892477521	FALSE	patient	TCGA-93-A4JN	TCGA-93-A4JN
ZNF341	JASPAR2024|000712|MA1655.2	1.0	0.5508	3583.0	3584.0	27513.1	27535.0	0.9597606655307286	FALSE	patient	TCGA-93-A4JN	TCGA-93-A4JN
ZNF75D	CIS-BP2.00|000750|M07683_2.00	1.0	0.6453	2242.0	3584.0	17122.0	27535.0	0.022747579733649867	FALSE	patient	TCGA-93-A4JN	TCGA-93-A4JN
FOXD2	CIS-BP2.00|000235|M03042_2.00	1.0	0.7417	1313.0	3584.0	10024.0	27535.0	0.014543282486824337	FALSE	patient	TCGA-93-A4JN	TCGA-93-A4JN
ZNF141	CIS-BP2.00|000653|M07586_2.00	1.0	0.7417	2582.0	3584.0	19782.7	27535.0	0.013679659720496968	FALSE	patient	TCGA-93-A4JN	TCGA-93-A4JN
ZBTB18	CIS-BP2.00|000988|M08257_2.00	1.0	0.7695	3154.0	3584.0	24203.4	27535.0	0.012590282185147732	FALSE	patient	TCGA-93-A4JN	TCGA-93-A4JN
ETV1	CIS-BP2.00|000457|M04708_2.00	1.0	0.7741	3577.0	3584.0	27472.2	27535.0	0.1362679664372258	FALSE	patient	TCGA-93-A4JN	TCGA-93-A4JN
FOXA3	JASPAR2024|000358|MA1683.2	1.0	0.7741	3167.0	3584.0	24311.1	27535.0	0.00895430553155481	FALSE	patient	TCGA-93-A4JN	TCGA-93-A4JN
FOXA2	JASPAR2024|000357|MA0047.4	1.0	0.7821	2785.0	3584.0	21390.0	27535.0	0.0013984701326971972	FALSE	patient	TCGA-93-A4JN	TCGA-93-A4JN
HNF4A	JASPAR2024|000410|MA0114.5	1.0	0.7821	3439.0	3584.0	26415.2	27535.0	0.003669178276402962	FALSE	patient	TCGA-93-A4JN	TCGA-93-A4JN
ZNF540	CIS-BP2.00|000701|M07634_2.00	1.0	0.8094	765.0	3584.0	5898.6	27535.0	-0.0060380171601262	FALSE	patient	TCGA-93-A4JN	TCGA-93-A4JN
ZBTB18	JASPAR2024|000681|MA0698.2	1.0	0.851	2021.0	3584.0	15578.8	27535.0	-0.011164161600155304	FALSE	patient	TCGA-93-A4JN	TCGA-93-A4JN
E2F5	CIS-BP2.00|000940|M08109_2.00	1.0	0.851	3088.0	3584.0	23763.6	27535.0	-0.01837972360256576	FALSE	patient	TCGA-93-A4JN	TCGA-93-A4JN
CEBPA	JASPAR2024|000234|MA0102.5	1.0	0.851	2565.0	3584.0	19770.7	27535.0	-0.01700151665039586	FALSE	patient	TCGA-93-A4JN	TCGA-93-A4JN
NKX2-1	JASPAR2024|000822|MA1994.2	1.0	0.9261	3404.0	3584.0	26200.1	27535.0	-0.056883808781594304	FALSE	patient	TCGA-93-A4JN	TCGA-93-A4JN
HNF4A	JASPAR2024|000409|MA1494.2	1.0	1.0	386.0	3584.0	3099.2	27535.0	-0.0700298048641909	FALSE	patient	TCGA-93-A4JN	TCGA-93-A4JN
NFATC4	CIS-BP2.00|000101|M01306_2.00	1.0	1.0	3584.0	3584.0	27533.4	27535.0	-0.8709758476889677	FALSE	patient	TCGA-93-A4JN	TCGA-93-A4JN
NR3C2	CIS-BP2.00|000154|M02395_2.00	1.0	1.0	3584.0	3584.0	27533.4	27535.0	-0.8709758476889677	FALSE	patient	TCGA-93-A4JN	TCGA-93-A4JN
ZNF281	JASPAR2024|000706|MA1630.3	1.0	1.0	2911.0	3584.0	22579.8	27535.0	-0.0758911260532378	FALSE	patient	TCGA-93-A4JN	TCGA-93-A4JN
FOXA1	JASPAR2024|000356|MA0148.5	1.0	1.0	2841.0	3584.0	22050.3	27535.0	-0.0729667996232218	FALSE	patient	TCGA-93-A4JN	TCGA-93-A4JN
ZNF281	CIS-BP2.00|001020|M08321_2.00	1.0	1.0	2897.0	3584.0	22547.4	27535.0	-0.10105373834785851	FALSE	patient	TCGA-93-A4JN	TCGA-93-A4JN
ZNF341	CIS-BP2.00|001017|M08310_2.00	1.0	1.0	3574.0	3584.0	27489.4	27535.0	-0.8087108786439983	FALSE	patient	TCGA-93-A4JN	TCGA-93-A4JN
GATA6	CIS-BP2.00|000947|M08124_2.00	1.0	1.0	2626.0	3584.0	20562.1	27535.0	-0.10579730419697057	FALSE	patient	TCGA-93-A4JN	TCGA-93-A4JN
GATA6	JASPAR2024|000382|MA1104.3	1.0	1.0	2903.0	3584.0	22644.8	27535.0	-0.12009130385427674	FALSE	patient	TCGA-93-A4JN	TCGA-93-A4JN
HNF4A	CIS-BP2.00|000974|M08219_2.00	1.0	1.0	3241.0	3584.0	25212.7	27535.0	-0.20196282024746168	FALSE	patient	TCGA-93-A4JN	TCGA-93-A4JN
ZNF254	CIS-BP2.00|000827|M07760_2.00	1.0	1.0	502.0	3584.0	4480.5	27535.0	-0.25371835907712587	FALSE	patient	TCGA-93-A4JN	TCGA-93-A4JN
FOXA3	CIS-BP2.00|000469|M04831_2.00	1e-13	0.0	200.0	3584.0	876.6	27566.0	0.8501401780708765	TRUE	patient	TCGA-93-A4JO	TCGA-93-A4JO
ELF3	CIS-BP2.00|000227|M03002_2.00	1e-12	0.0	1560.0	3584.0	10417.1	27566.0	0.3435778677235293	TRUE	patient	TCGA-93-A4JO	TCGA-93-A4JO
CEBPB	JASPAR2024|000235|MA0466.4	0.0001	0.0003	286.0	3584.0	1720.4	27566.0	0.383508372139032	FALSE	patient	TCGA-93-A4JO	TCGA-93-A4JO
CREB3L2	CIS-BP2.00|000117|M01812_2.00	0.0001	0.0008	1909.0	3584.0	13816.4	27566.0	0.18161137958128445	FALSE	patient	TCGA-93-A4JO	TCGA-93-A4JO
CREB3L2	JASPAR2024|000025|MA0608.1	0.0001	0.0008	1898.0	3584.0	13741.9	27566.0	0.1794314375447093	FALSE	patient	TCGA-93-A4JO	TCGA-93-A4JO
NFATC4	JASPAR2024|000506|MA1525.3	0.001	0.0041	2574.0	3584.0	19129.4	27566.0	0.16821272239589463	FALSE	patient	TCGA-93-A4JO	TCGA-93-A4JO
ZNF33A	CIS-BP2.00|000762|M07695_2.00	0.001	0.0053	3312.0	3584.0	25095.8	27566.0	0.2591093891950524	FALSE	patient	TCGA-93-A4JO	TCGA-93-A4JO
XBP1	CIS-BP2.00|000375|M04231_2.00	0.001	0.0053	3324.0	3584.0	25198.7	27566.0	0.2620232985959087	FALSE	patient	TCGA-93-A4JO	TCGA-93-A4JO
ZNF444	CIS-BP2.00|000420|M04529_2.00	0.01	0.0079	1364.0	3584.0	9844.8	27566.0	0.14549775526295972	FALSE	patient	TCGA-93-A4JO	TCGA-93-A4JO
FOXA1	CIS-BP2.00|000890|M07960_2.00	0.01	0.0097	1922.0	3584.0	14138.5	27566.0	0.1351936125343161	FALSE	patient	TCGA-93-A4JO	TCGA-93-A4JO
FOXD2	JASPAR2024|000361|MA0847.4	0.01	0.0111	1389.0	3584.0	10072.0	27566.0	0.13649592693728907	FALSE	patient	TCGA-93-A4JO	TCGA-93-A4JO
XBP1	JASPAR2024|000675|MA0844.2	0.01	0.0223	1693.0	3584.0	12454.8	27566.0	0.11938340600390428	FALSE	patient	TCGA-93-A4JO	TCGA-93-A4JO
FOXD2	CIS-BP2.00|000235|M03042_2.00	0.01	0.024	1383.0	3584.0	10097.0	27566.0	0.12067597065357445	FALSE	patient	TCGA-93-A4JO	TCGA-93-A4JO
FOXA2	CIS-BP2.00|000889|M07959_2.00	0.1	0.098	2183.0	3584.0	16381.1	27566.0	0.08921136345493036	FALSE	patient	TCGA-93-A4JO	TCGA-93-A4JO
CEBPB	CIS-BP2.00|000866|M07830_2.00	0.1	0.098	1633.0	3584.0	12142.4	27566.0	0.08845629117332268	FALSE	patient	TCGA-93-A4JO	TCGA-93-A4JO
ELF3	JASPAR2024|000276|MA0640.3	0.1	0.1131	3576.0	3584.0	27488.5	27566.0	0.2557052990755233	FALSE	patient	TCGA-93-A4JO	TCGA-93-A4JO
ETV1	JASPAR2024|000311|MA0761.3	0.1	0.1549	3566.0	3584.0	27400.8	27566.0	0.22131296478226567	FALSE	patient	TCGA-93-A4JO	TCGA-93-A4JO
NKX2-1	JASPAR2024|000822|MA1994.2	0.1	0.1947	3431.0	3584.0	26280.8	27566.0	0.1291181083485993	FALSE	patient	TCGA-93-A4JO	TCGA-93-A4JO
ZNF75D	CIS-BP2.00|000750|M07683_2.00	1.0	0.2896	2264.0	3584.0	17167.4	27566.0	0.05485333445115569	FALSE	patient	TCGA-93-A4JO	TCGA-93-A4JO
ZNF19	CIS-BP2.00|000670|M07603_2.00	1.0	0.3556	3570.0	3584.0	27457.9	27566.0	-0.038150241008012606	FALSE	patient	TCGA-93-A4JO	TCGA-93-A4JO
CEBPA	CIS-BP2.00|000926|M08076_2.00	1.0	0.368	1360.0	3584.0	10253.4	27566.0	0.04634719471240329	FALSE	patient	TCGA-93-A4JO	TCGA-93-A4JO
ZNF141	CIS-BP2.00|000653|M07586_2.00	1.0	0.384	2598.0	3584.0	19815.6	27566.0	0.043050793361556296	FALSE	patient	TCGA-93-A4JO	TCGA-93-A4JO
ETV1	CIS-BP2.00|000457|M04708_2.00	1.0	0.384	3579.0	3584.0	27541.5	27566.0	-0.7593787706037344	FALSE	patient	TCGA-93-A4JO	TCGA-93-A4JO
CEBPA	JASPAR2024|000234|MA0102.5	1.0	0.4565	2606.0	3584.0	19916.8	27566.0	0.03292309136380218	FALSE	patient	TCGA-93-A4JO	TCGA-93-A4JO
ZNF33B	CIS-BP2.00|000777|M07710_2.00	1.0	0.6823	1246.0	3584.0	9516.8	27566.0	0.015650059773834667	FALSE	patient	TCGA-93-A4JO	TCGA-93-A4JO
HNF4A	JASPAR2024|000410|MA0114.5	1.0	0.81	3444.0	3584.0	26508.2	27566.0	-0.030992822628739945	FALSE	patient	TCGA-93-A4JO	TCGA-93-A4JO
ZBTB18	JASPAR2024|000681|MA0698.2	1.0	0.81	2044.0	3584.0	15714.6	27566.0	0.0013162867834549622	FALSE	patient	TCGA-93-A4JO	TCGA-93-A4JO
ZNF75D	JASPAR2024|000169|MA1601.2	1.0	0.81	2498.0	3584.0	19218.0	27566.0	-0.0015327822535398498	FALSE	patient	TCGA-93-A4JO	TCGA-93-A4JO
ZNF341	JASPAR2024|000712|MA1655.2	1.0	0.8414	3582.0	3584.0	27583.9	27566.0	-5.266742085427019	FALSE	patient	TCGA-93-A4JO	TCGA-93-A4JO
ETV1	JASPAR2024|000652|MA1966.2	1.0	0.868	3464.0	3584.0	26685.7	27566.0	-0.07559350274381466	FALSE	patient	TCGA-93-A4JO	TCGA-93-A4JO
FOXA2	JASPAR2024|000357|MA0047.4	1.0	0.868	2789.0	3584.0	21506.9	27566.0	-0.017465945893549818	FALSE	patient	TCGA-93-A4JO	TCGA-93-A4JO
NR3C2	JASPAR2024|000539|MA0727.2	1.0	1.0	232.0	3584.0	1853.2	27566.0	-0.05589962016898861	FALSE	patient	TCGA-93-A4JO	TCGA-93-A4JO
GATA6	CIS-BP2.00|000947|M08124_2.00	1.0	1.0	2661.0	3584.0	20619.3	27566.0	-0.0424711033544031	FALSE	patient	TCGA-93-A4JO	TCGA-93-A4JO
ZNF341	CIS-BP2.00|001017|M08310_2.00	1.0	1.0	3577.0	3584.0	27557.3	27566.0	-2.6506937814839584	FALSE	patient	TCGA-93-A4JO	TCGA-93-A4JO
FOXA1	JASPAR2024|000356|MA0148.5	1.0	1.0	2859.0	3584.0	22141.9	27566.0	-0.05050755229341128	FALSE	patient	TCGA-93-A4JO	TCGA-93-A4JO
HNF4A	JASPAR2024|000409|MA1494.2	1.0	1.0	394.0	3584.0	3132.6	27566.0	-0.05246389435968117	FALSE	patient	TCGA-93-A4JO	TCGA-93-A4JO
ZNF540	CIS-BP2.00|000701|M07634_2.00	1.0	1.0	752.0	3584.0	5919.8	27566.0	-0.041907552238635	FALSE	patient	TCGA-93-A4JO	TCGA-93-A4JO
ZBTB18	CIS-BP2.00|000988|M08257_2.00	1.0	1.0	3133.0	3584.0	24247.9	27566.0	-0.07426580272531602	FALSE	patient	TCGA-93-A4JO	TCGA-93-A4JO
ZNF281	JASPAR2024|000706|MA1630.3	1.0	1.0	2918.0	3584.0	22630.5	27566.0	-0.0663357472410058	FALSE	patient	TCGA-93-A4JO	TCGA-93-A4JO
GATA6	JASPAR2024|000382|MA1104.3	1.0	1.0	2927.0	3584.0	22704.1	27566.0	-0.06863776390323165	FALSE	patient	TCGA-93-A4JO	TCGA-93-A4JO
FOXA3	JASPAR2024|000358|MA1683.2	1.0	1.0	3151.0	3584.0	24409.4	27566.0	-0.08885975734163903	FALSE	patient	TCGA-93-A4JO	TCGA-93-A4JO
HNF4A	CIS-BP2.00|000974|M08219_2.00	1.0	1.0	3267.0	3584.0	25303.2	27566.0	-0.11948988613632644	FALSE	patient	TCGA-93-A4JO	TCGA-93-A4JO
NFATC4	CIS-BP2.00|000101|M01306_2.00	1.0	1.0	3584.0	3584.0	27603.6	27566.0	-2.9450387671711007	FALSE	patient	TCGA-93-A4JO	TCGA-93-A4JO
NR3C2	CIS-BP2.00|000154|M02395_2.00	1.0	1.0	3584.0	3584.0	27603.6	27566.0	-2.9450387671711007	FALSE	patient	TCGA-93-A4JO	TCGA-93-A4JO
ZNF281	CIS-BP2.00|001020|M08321_2.00	1.0	1.0	2907.0	3584.0	22595.2	27566.0	-0.08286683887490601	FALSE	patient	TCGA-93-A4JO	TCGA-93-A4JO
E2F5	CIS-BP2.00|000940|M08109_2.00	1.0	1.0	3044.0	3584.0	23746.2	27566.0	-0.14213041138382262	FALSE	patient	TCGA-93-A4JO	TCGA-93-A4JO
ZNF254	CIS-BP2.00|000827|M07760_2.00	1.0	1.0	523.0	3584.0	4542.1	27566.0	-0.2064038588126478	FALSE	patient	TCGA-93-A4JO	TCGA-93-A4JO
FOXA3	CIS-BP2.00|000469|M04831_2.00	1e-15	0.0	205.0	3584.0	854.3	27647.0	0.9305366637865563	TRUE	patient	TCGA-93-A4JQ	TCGA-93-A4JQ
ELF3	CIS-BP2.00|000227|M03002_2.00	1e-13	0.0	1575.0	3584.0	10427.6	27647.0	0.37257361890936247	TRUE	patient	TCGA-93-A4JQ	TCGA-93-A4JQ
ZNF444	CIS-BP2.00|000420|M04529_2.00	0.001	0.0105	1381.0	3584.0	9930.6	27647.0	0.1615394279566663	FALSE	patient	TCGA-93-A4JQ	TCGA-93-A4JQ
ELF3	JASPAR2024|000276|MA0640.3	0.01	0.041	3579.0	3584.0	27519.0	27647.0	1.6035686573197925	FALSE	patient	TCGA-93-A4JQ	TCGA-93-A4JQ
FOXA1	CIS-BP2.00|000890|M07960_2.00	0.01	0.0487	1916.0	3584.0	14177.1	27647.0	0.12610167129141678	FALSE	patient	TCGA-93-A4JQ	TCGA-93-A4JQ
ZNF75D	JASPAR2024|000169|MA1601.2	0.01	0.0487	2576.0	3584.0	19325.1	27647.0	0.13775983798196145	FALSE	patient	TCGA-93-A4JQ	TCGA-93-A4JQ
ZNF75D	CIS-BP2.00|000750|M07683_2.00	0.01	0.0647	2308.0	3584.0	17269.3	27647.0	0.12006706307086534	FALSE	patient	TCGA-93-A4JQ	TCGA-93-A4JQ
NFATC4	JASPAR2024|000506|MA1525.3	0.1	0.0742	2553.0	3584.0	19206.5	27647.0	0.1215858695222256	FALSE	patient	TCGA-93-A4JQ	TCGA-93-A4JQ
ZNF33A	CIS-BP2.00|000762|M07695_2.00	0.1	0.0742	3301.0	3584.0	25157.1	27647.0	0.20515609501864812	FALSE	patient	TCGA-93-A4JQ	TCGA-93-A4JQ
CREB3L2	CIS-BP2.00|000117|M01812_2.00	0.1	0.0815	1843.0	3584.0	13718.4	27647.0	0.10405417879625112	FALSE	patient	TCGA-93-A4JQ	TCGA-93-A4JQ
CREB3L2	JASPAR2024|000025|MA0608.1	0.1	0.0815	1833.0	3584.0	13644.7	27647.0	0.1033310746461723	FALSE	patient	TCGA-93-A4JQ	TCGA-93-A4JQ
XBP1	JASPAR2024|000675|MA0844.2	0.1	0.0927	1660.0	3584.0	12339.9	27647.0	0.09799300095169011	FALSE	patient	TCGA-93-A4JQ	TCGA-93-A4JQ
FOXD2	JASPAR2024|000361|MA0847.4	0.1	0.1149	1356.0	3584.0	10038.4	27647.0	0.09453606523780526	FALSE	patient	TCGA-93-A4JQ	TCGA-93-A4JQ
FOXA2	CIS-BP2.00|000889|M07959_2.00	0.1	0.1226	2183.0	3584.0	16421.4	27647.0	0.09090654710131994	FALSE	patient	TCGA-93-A4JQ	TCGA-93-A4JQ
XBP1	CIS-BP2.00|000375|M04231_2.00	0.1	0.138	3292.0	3584.0	25154.3	27647.0	0.1579117145129438	FALSE	patient	TCGA-93-A4JQ	TCGA-93-A4JQ
ZNF19	CIS-BP2.00|000670|M07603_2.00	0.1	0.1579	3573.0	3584.0	27493.1	27647.0	0.8032808546302963	FALSE	patient	TCGA-93-A4JQ	TCGA-93-A4JQ
ETV1	JASPAR2024|000311|MA0761.3	0.1	0.1723	3566.0	3584.0	27431.6	27647.0	0.6014818776352985	FALSE	patient	TCGA-93-A4JQ	TCGA-93-A4JQ
FOXD2	CIS-BP2.00|000235|M03042_2.00	0.1	0.1845	1336.0	3584.0	9970.6	27647.0	0.07553766995696758	FALSE	patient	TCGA-93-A4JQ	TCGA-93-A4JQ
CEBPB	JASPAR2024|000235|MA0466.4	0.1	0.2384	237.0	3584.0	1679.5	27647.0	0.13311712988848615	FALSE	patient	TCGA-93-A4JQ	TCGA-93-A4JQ
ZNF540	CIS-BP2.00|000701|M07634_2.00	1.0	0.2451	791.0	3584.0	5857.5	27647.0	0.07577353330705479	FALSE	patient	TCGA-93-A4JQ	TCGA-93-A4JQ
ZNF33B	CIS-BP2.00|000777|M07710_2.00	1.0	0.4572	1258.0	3584.0	9514.4	27647.0	0.04390921673897183	FALSE	patient	TCGA-93-A4JQ	TCGA-93-A4JQ
FOXA2	JASPAR2024|000357|MA0047.4	1.0	0.5859	2808.0	3584.0	21530.1	27647.0	0.039343967232193584	FALSE	patient	TCGA-93-A4JQ	TCGA-93-A4JQ
CEBPA	JASPAR2024|000234|MA0102.5	1.0	0.6053	2598.0	3584.0	19915.5	27647.0	0.032273725089530136	FALSE	patient	TCGA-93-A4JQ	TCGA-93-A4JQ
CEBPB	CIS-BP2.00|000866|M07830_2.00	1.0	0.6541	1582.0	3584.0	12095.9	27647.0	0.022888522192674877	FALSE	patient	TCGA-93-A4JQ	TCGA-93-A4JQ
CEBPA	CIS-BP2.00|000926|M08076_2.00	1.0	0.6541	1335.0	3584.0	10195.1	27647.0	0.023254375196819065	FALSE	patient	TCGA-93-A4JQ	TCGA-93-A4JQ
NR3C2	JASPAR2024|000539|MA0727.2	1.0	0.6669	249.0	3584.0	1878.3	27647.0	0.03697302524344638	FALSE	patient	TCGA-93-A4JQ	TCGA-93-A4JQ
ZBTB18	JASPAR2024|000681|MA0698.2	1.0	0.8316	2065.0	3584.0	15904.4	27647.0	0.0052363924857901	FALSE	patient	TCGA-93-A4JQ	TCGA-93-A4JQ
HNF4A	JASPAR2024|000409|MA1494.2	1.0	0.8737	409.0	3584.0	3158.6	27647.0	-0.0005059519867172287	FALSE	patient	TCGA-93-A4JQ	TCGA-93-A4JQ
HNF4A	JASPAR2024|000410|MA0114.5	1.0	1.0	3440.0	3584.0	26562.8	27647.0	-0.040589549396069353	FALSE	patient	TCGA-93-A4JQ	TCGA-93-A4JQ
FOXA3	JASPAR2024|000358|MA1683.2	1.0	1.0	3159.0	3584.0	24430.0	27647.0	-0.032206108078415036	FALSE	patient	TCGA-93-A4JQ	TCGA-93-A4JQ
ETV1	CIS-BP2.00|000457|M04708_2.00	1.0	1.0	3575.0	3584.0	27570.4	27647.0	0.07380198783526405	FALSE	patient	TCGA-93-A4JQ	TCGA-93-A4JQ
FOXA1	JASPAR2024|000356|MA0148.5	1.0	1.0	2862.0	3584.0	22175.3	27647.0	-0.03258708627181077	FALSE	patient	TCGA-93-A4JQ	TCGA-93-A4JQ
NKX2-1	JASPAR2024|000822|MA1994.2	1.0	1.0	3404.0	3584.0	26305.8	27647.0	-0.055902125185389596	FALSE	patient	TCGA-93-A4JQ	TCGA-93-A4JQ
ZBTB18	CIS-BP2.00|000988|M08257_2.00	1.0	1.0	3140.0	3584.0	24323.1	27647.0	-0.05045193835092922	FALSE	patient	TCGA-93-A4JQ	TCGA-93-A4JQ
ETV1	JASPAR2024|000652|MA1966.2	1.0	1.0	3459.0	3584.0	26731.8	27647.0	-0.08276086551458794	FALSE	patient	TCGA-93-A4JQ	TCGA-93-A4JQ
ZNF141	CIS-BP2.00|000653|M07586_2.00	1.0	1.0	2560.0	3584.0	19924.1	27647.0	-0.04573719011991762	FALSE	patient	TCGA-93-A4JQ	TCGA-93-A4JQ
ZNF341	JASPAR2024|000712|MA1655.2	1.0	1.0	3580.0	3584.0	27612.1	27647.0	0.02865868764613068	FALSE	patient	TCGA-93-A4JQ	TCGA-93-A4JQ
NFATC4	CIS-BP2.00|000101|M01306_2.00	1.0	1.0	3584.0	3584.0	27632.9	27647.0	1.9213271797392633	FALSE	patient	TCGA-93-A4JQ	TCGA-93-A4JQ
NR3C2	CIS-BP2.00|000154|M02395_2.00	1.0	1.0	3584.0	3584.0	27632.9	27647.0	1.9213271797392633	FALSE	patient	TCGA-93-A4JQ	TCGA-93-A4JQ
HNF4A	CIS-BP2.00|000974|M08219_2.00	1.0	1.0	3270.0	3584.0	25388.2	27647.0	-0.11185947698544098	FALSE	patient	TCGA-93-A4JQ	TCGA-93-A4JQ
E2F5	CIS-BP2.00|000940|M08109_2.00	1.0	1.0	3049.0	3584.0	23742.7	27647.0	-0.0945795901564772	FALSE	patient	TCGA-93-A4JQ	TCGA-93-A4JQ
GATA6	JASPAR2024|000382|MA1104.3	1.0	1.0	2918.0	3584.0	22759.6	27647.0	-0.08866993363801001	FALSE	patient	TCGA-93-A4JQ	TCGA-93-A4JQ
ZNF254	CIS-BP2.00|000827|M07760_2.00	1.0	1.0	561.0	3584.0	4598.7	27647.0	-0.10362485129603552	FALSE	patient	TCGA-93-A4JQ	TCGA-93-A4JQ
ZNF341	CIS-BP2.00|001017|M08310_2.00	1.0	1.0	3574.0	3584.0	27590.2	27647.0	-0.5002228911278125	FALSE	patient	TCGA-93-A4JQ	TCGA-93-A4JQ
GATA6	CIS-BP2.00|000947|M08124_2.00	1.0	1.0	2630.0	3584.0	20675.1	27647.0	-0.10568200626897863	FALSE	patient	TCGA-93-A4JQ	TCGA-93-A4JQ
ZNF281	JASPAR2024|000706|MA1630.3	1.0	1.0	2906.0	3584.0	22757.5	27647.0	-0.1196052193627656	FALSE	patient	TCGA-93-A4JQ	TCGA-93-A4JQ
ZNF281	CIS-BP2.00|001020|M08321_2.00	1.0	1.0	2889.0	3584.0	22714.9	27647.0	-0.14855305576505998	FALSE	patient	TCGA-93-A4JQ	TCGA-93-A4JQ
FOXA3	CIS-BP2.00|000469|M04831_2.00	1e-12	0.0	192.0	3582.0	851.1	27544.0	0.8315956229373116	TRUE	patient	TCGA-L4-A4E6	TCGA-L4-A4E6
ELF3	CIS-BP2.00|000227|M03002_2.00	1e-11	0.0	1543.0	3582.0	10338.1	27544.0	0.3328944211191171	TRUE	patient	TCGA-L4-A4E6	TCGA-L4-A4E6
CEBPB	JASPAR2024|000235|MA0466.4	1e-11	0.0	323.0	3582.0	1688.1	27544.0	0.6038088397056594	TRUE	patient	TCGA-L4-A4E6	TCGA-L4-A4E6
FOXA1	CIS-BP2.00|000890|M07960_2.00	0.0001	0.0002	1953.0	3582.0	14035.2	27544.0	0.20648380821270204	FALSE	patient	TCGA-L4-A4E6	TCGA-L4-A4E6
ZNF444	CIS-BP2.00|000420|M04529_2.00	0.0001	0.0004	1398.0	3582.0	9863.2	27544.0	0.19860067277946705	FALSE	patient	TCGA-L4-A4E6	TCGA-L4-A4E6
FOXA2	CIS-BP2.00|000889|M07959_2.00	0.01	0.0375	2195.0	3582.0	16273.4	27544.0	0.13213005406760042	FALSE	patient	TCGA-L4-A4E6	TCGA-L4-A4E6
XBP1	JASPAR2024|000675|MA0844.2	0.01	0.048	1696.0	3582.0	12463.9	27544.0	0.1217297216715704	FALSE	patient	TCGA-L4-A4E6	TCGA-L4-A4E6
CREB3L2	CIS-BP2.00|000117|M01812_2.00	0.1	0.1077	1862.0	3582.0	13819.8	27544.0	0.10439821513372136	FALSE	patient	TCGA-L4-A4E6	TCGA-L4-A4E6
CREB3L2	JASPAR2024|000025|MA0608.1	0.1	0.1566	1846.0	3582.0	13744.0	27544.0	0.09447696426494114	FALSE	patient	TCGA-L4-A4E6	TCGA-L4-A4E6
CEBPB	CIS-BP2.00|000866|M07830_2.00	0.1	0.1581	1622.0	3582.0	12038.1	27544.0	0.09219299525129947	FALSE	patient	TCGA-L4-A4E6	TCGA-L4-A4E6
ZNF19	CIS-BP2.00|000670|M07603_2.00	0.1	0.1865	3573.0	3582.0	27389.3	27544.0	1.091828195702745	FALSE	patient	TCGA-L4-A4E6	TCGA-L4-A4E6
FOXD2	JASPAR2024|000361|MA0847.4	0.1	0.2393	1339.0	3582.0	9940.3	27544.0	0.08042919994987476	FALSE	patient	TCGA-L4-A4E6	TCGA-L4-A4E6
XBP1	CIS-BP2.00|000375|M04231_2.00	0.1	0.2393	3303.0	3582.0	25172.2	27544.0	0.15557355873469103	FALSE	patient	TCGA-L4-A4E6	TCGA-L4-A4E6
FOXD2	CIS-BP2.00|000235|M03042_2.00	0.1	0.2822	1336.0	3582.0	9955.0	27544.0	0.07192956892701698	FALSE	patient	TCGA-L4-A4E6	TCGA-L4-A4E6
ETV1	CIS-BP2.00|000457|M04708_2.00	0.1	0.2822	3580.0	3582.0	27468.2	27544.0	1.9921273951256824	FALSE	patient	TCGA-L4-A4E6	TCGA-L4-A4E6
ELF3	JASPAR2024|000276|MA0640.3	1.0	0.3899	3574.0	3582.0	27418.4	27544.0	0.9516042877649434	FALSE	patient	TCGA-L4-A4E6	TCGA-L4-A4E6
ZNF75D	JASPAR2024|000169|MA1601.2	1.0	0.4461	2526.0	3582.0	19191.3	27544.0	0.057758270256042736	FALSE	patient	TCGA-L4-A4E6	TCGA-L4-A4E6
NFATC4	JASPAR2024|000506|MA1525.3	1.0	0.4486	2503.0	3582.0	19022.6	27544.0	0.055077872915694666	FALSE	patient	TCGA-L4-A4E6	TCGA-L4-A4E6
ZBTB18	CIS-BP2.00|000988|M08257_2.00	1.0	0.4572	3167.0	3582.0	24189.8	27544.0	0.08025123775082262	FALSE	patient	TCGA-L4-A4E6	TCGA-L4-A4E6
CEBPA	CIS-BP2.00|000926|M08076_2.00	1.0	0.4828	1344.0	3582.0	10138.3	27544.0	0.04425180613224431	FALSE	patient	TCGA-L4-A4E6	TCGA-L4-A4E6
ZNF341	JASPAR2024|000712|MA1655.2	1.0	0.5427	3583.0	3582.0	27510.1	27544.0	3.1637903145911475	FALSE	patient	TCGA-L4-A4E6	TCGA-L4-A4E6
ZNF75D	CIS-BP2.00|000750|M07683_2.00	1.0	0.5427	2253.0	3582.0	17151.3	27544.0	0.038563603759090355	FALSE	patient	TCGA-L4-A4E6	TCGA-L4-A4E6
ETV1	JASPAR2024|000652|MA1966.2	1.0	0.5427	3474.0	3582.0	26627.6	27544.0	0.14099714954021098	FALSE	patient	TCGA-L4-A4E6	TCGA-L4-A4E6
ZNF33B	CIS-BP2.00|000777|M07710_2.00	1.0	0.5659	1241.0	3582.0	9408.7	27544.0	0.03134763906667385	FALSE	patient	TCGA-L4-A4E6	TCGA-L4-A4E6
CEBPA	JASPAR2024|000234|MA0102.5	1.0	0.5802	2593.0	3582.0	19811.5	27544.0	0.03285434939134432	FALSE	patient	TCGA-L4-A4E6	TCGA-L4-A4E6
ZNF33A	CIS-BP2.00|000762|M07695_2.00	1.0	0.5808	3271.0	3582.0	25061.8	27544.0	0.05711123098698662	FALSE	patient	TCGA-L4-A4E6	TCGA-L4-A4E6
ZNF141	CIS-BP2.00|000653|M07586_2.00	1.0	0.6346	2592.0	3582.0	19835.9	27544.0	0.024505659676003145	FALSE	patient	TCGA-L4-A4E6	TCGA-L4-A4E6
NR3C2	JASPAR2024|000539|MA0727.2	1.0	0.6346	246.0	3582.0	1851.2	27544.0	0.03579396021090798	FALSE	patient	TCGA-L4-A4E6	TCGA-L4-A4E6
ZNF540	CIS-BP2.00|000701|M07634_2.00	1.0	0.7076	769.0	3582.0	5874.6	27544.0	0.012634451026002868	FALSE	patient	TCGA-L4-A4E6	TCGA-L4-A4E6
ETV1	JASPAR2024|000311|MA0761.3	1.0	0.7217	3559.0	3582.0	27330.5	27544.0	0.2460863942303295	FALSE	patient	TCGA-L4-A4E6	TCGA-L4-A4E6
ZBTB18	JASPAR2024|000681|MA0698.2	1.0	0.7556	2045.0	3582.0	15705.0	27544.0	0.0042054084998860986	FALSE	patient	TCGA-L4-A4E6	TCGA-L4-A4E6
ZNF281	JASPAR2024|000706|MA1630.3	1.0	0.7663	2943.0	3582.0	22612.5	27544.0	0.005608665402806754	FALSE	patient	TCGA-L4-A4E6	TCGA-L4-A4E6
ZNF281	CIS-BP2.00|001020|M08321_2.00	1.0	0.846	2935.0	3582.0	22583.8	27544.0	-0.006050421872013597	FALSE	patient	TCGA-L4-A4E6	TCGA-L4-A4E6
FOXA2	JASPAR2024|000357|MA0047.4	1.0	0.8555	2781.0	3582.0	21416.9	27544.0	-0.01030064370777064	FALSE	patient	TCGA-L4-A4E6	TCGA-L4-A4E6
GATA6	JASPAR2024|000382|MA1104.3	1.0	0.8561	2938.0	3582.0	22626.1	27544.0	-0.012931203550123166	FALSE	patient	TCGA-L4-A4E6	TCGA-L4-A4E6
NKX2-1	JASPAR2024|000822|MA1994.2	1.0	0.8561	3409.0	3582.0	26218.9	27544.0	-0.009364641820054	FALSE	patient	TCGA-L4-A4E6	TCGA-L4-A4E6
GATA6	CIS-BP2.00|000947|M08124_2.00	1.0	1.0	2655.0	3582.0	20554.3	27544.0	-0.038505352885793674	FALSE	patient	TCGA-L4-A4E6	TCGA-L4-A4E6
FOXA1	JASPAR2024|000356|MA0148.5	1.0	1.0	2847.0	3582.0	22037.0	27544.0	-0.04759247916601676	FALSE	patient	TCGA-L4-A4E6	TCGA-L4-A4E6
HNF4A	JASPAR2024|000410|MA0114.5	1.0	1.0	3432.0	3582.0	26449.3	27544.0	-0.08256622835501783	FALSE	patient	TCGA-L4-A4E6	TCGA-L4-A4E6
NFATC4	CIS-BP2.00|000101|M01306_2.00	1.0	1.0	3584.0	3582.0	27531.5	27544.0	1.7591741003853074	FALSE	patient	TCGA-L4-A4E6	TCGA-L4-A4E6
NR3C2	CIS-BP2.00|000154|M02395_2.00	1.0	1.0	3584.0	3582.0	27531.5	27544.0	1.7591741003853074	FALSE	patient	TCGA-L4-A4E6	TCGA-L4-A4E6
ZNF341	CIS-BP2.00|001017|M08310_2.00	1.0	1.0	3576.0	3582.0	27489.2	27544.0	0.14649704129596733	FALSE	patient	TCGA-L4-A4E6	TCGA-L4-A4E6
HNF4A	CIS-BP2.00|000974|M08219_2.00	1.0	1.0	3266.0	3582.0	25252.0	27544.0	-0.09396434798094434	FALSE	patient	TCGA-L4-A4E6	TCGA-L4-A4E6
FOXA3	JASPAR2024|000358|MA1683.2	1.0	1.0	3137.0	3582.0	24313.1	27544.0	-0.09541414873522115	FALSE	patient	TCGA-L4-A4E6	TCGA-L4-A4E6
HNF4A	JASPAR2024|000409|MA1494.2	1.0	1.0	368.0	3582.0	3124.0	27544.0	-0.15846233228157397	FALSE	patient	TCGA-L4-A4E6	TCGA-L4-A4E6
ZNF254	CIS-BP2.00|000827|M07760_2.00	1.0	1.0	543.0	3582.0	4534.8	27544.0	-0.14050979465182184	FALSE	patient	TCGA-L4-A4E6	TCGA-L4-A4E6
E2F5	CIS-BP2.00|000940|M08109_2.00	1.0	1.0	3031.0	3582.0	23711.2	27544.0	-0.1703412531910697	FALSE	patient	TCGA-L4-A4E6	TCGA-L4-A4E6
FOXA3	CIS-BP2.00|000469|M04831_2.00	1e-17	0.0	213.0	3586.0	853.7	27539.0	0.9834163667101925	TRUE	patient	TCGA-L9-A8F4	TCGA-L9-A8F4
ELF3	CIS-BP2.00|000227|M03002_2.00	1e-10	0.0	1555.0	3586.0	10479.6	27539.0	0.31778973735635996	TRUE	patient	TCGA-L9-A8F4	TCGA-L9-A8F4
CEBPB	JASPAR2024|000235|MA0466.4	1e-05	0.0001	295.0	3586.0	1741.1	27539.0	0.4112812134219184	FALSE	patient	TCGA-L9-A8F4	TCGA-L9-A8F4
ZNF444	CIS-BP2.00|000420|M04529_2.00	0.0001	0.0003	1392.0	3586.0	9802.0	27539.0	0.1993660997990755	FALSE	patient	TCGA-L9-A8F4	TCGA-L9-A8F4
CEBPB	CIS-BP2.00|000866|M07830_2.00	0.001	0.0036	1674.0	3586.0	12104.1	27539.0	0.15895809248392345	FALSE	patient	TCGA-L9-A8F4	TCGA-L9-A8F4
FOXA1	CIS-BP2.00|000890|M07960_2.00	0.01	0.0234	1913.0	3586.0	14081.8	27539.0	0.12789423369586334	FALSE	patient	TCGA-L9-A8F4	TCGA-L9-A8F4
NFATC4	JASPAR2024|000506|MA1525.3	0.01	0.0234	2569.0	3586.0	19185.1	27539.0	0.1370430989547818	FALSE	patient	TCGA-L9-A8F4	TCGA-L9-A8F4
CEBPA	CIS-BP2.00|000926|M08076_2.00	0.01	0.0459	1396.0	3586.0	10197.0	27539.0	0.11665173640856859	FALSE	patient	TCGA-L9-A8F4	TCGA-L9-A8F4
ELF3	JASPAR2024|000276|MA0640.3	0.1	0.0664	3578.0	3586.0	27464.0	27539.0	0.21080075547083993	FALSE	patient	TCGA-L9-A8F4	TCGA-L9-A8F4
CEBPA	JASPAR2024|000234|MA0102.5	0.1	0.0781	2638.0	3586.0	19853.9	27539.0	0.1067693393573959	FALSE	patient	TCGA-L9-A8F4	TCGA-L9-A8F4
FOXA2	CIS-BP2.00|000889|M07959_2.00	0.1	0.0781	2185.0	3586.0	16332.0	27539.0	0.09771049340271826	FALSE	patient	TCGA-L9-A8F4	TCGA-L9-A8F4
ZNF19	CIS-BP2.00|000670|M07603_2.00	0.1	0.082	3574.0	3586.0	27429.4	27539.0	0.19887846363937248	FALSE	patient	TCGA-L9-A8F4	TCGA-L9-A8F4
CREB3L2	CIS-BP2.00|000117|M01812_2.00	0.1	0.0827	1856.0	3586.0	13815.2	27539.0	0.09182027994399936	FALSE	patient	TCGA-L9-A8F4	TCGA-L9-A8F4
CREB3L2	JASPAR2024|000025|MA0608.1	0.1	0.1105	1841.0	3586.0	13736.8	27539.0	0.08409306888990072	FALSE	patient	TCGA-L9-A8F4	TCGA-L9-A8F4
ZNF75D	CIS-BP2.00|000750|M07683_2.00	0.1	0.1429	2278.0	3586.0	17146.0	27539.0	0.07793788945617385	FALSE	patient	TCGA-L9-A8F4	TCGA-L9-A8F4
ETV1	JASPAR2024|000311|MA0761.3	0.1	0.1628	3566.0	3586.0	27370.2	27539.0	0.10583470526173827	FALSE	patient	TCGA-L9-A8F4	TCGA-L9-A8F4
FOXD2	CIS-BP2.00|000235|M03042_2.00	0.1	0.1894	1342.0	3586.0	9991.5	27539.0	0.07098922136850326	FALSE	patient	TCGA-L9-A8F4	TCGA-L9-A8F4
FOXD2	JASPAR2024|000361|MA0847.4	0.1	0.2139	1339.0	3586.0	9989.1	27539.0	0.06637856112731211	FALSE	patient	TCGA-L9-A8F4	TCGA-L9-A8F4
FOXA2	JASPAR2024|000357|MA0047.4	1.0	0.2516	2827.0	3586.0	21503.3	27539.0	0.06352604233269689	FALSE	patient	TCGA-L9-A8F4	TCGA-L9-A8F4
ETV1	CIS-BP2.00|000457|M04708_2.00	1.0	0.2516	3580.0	3586.0	27512.0	27539.0	-0.8609342724797817	FALSE	patient	TCGA-L9-A8F4	TCGA-L9-A8F4
NKX2-1	JASPAR2024|000822|MA1994.2	1.0	0.2516	3427.0	3586.0	26242.8	27539.0	0.08649583826083099	FALSE	patient	TCGA-L9-A8F4	TCGA-L9-A8F4
ZBTB18	JASPAR2024|000681|MA0698.2	1.0	0.2516	2079.0	3586.0	15720.5	27539.0	0.05249366862166125	FALSE	patient	TCGA-L9-A8F4	TCGA-L9-A8F4
ZNF75D	JASPAR2024|000169|MA1601.2	1.0	0.2934	2523.0	3586.0	19181.2	27539.0	0.048156913410265165	FALSE	patient	TCGA-L9-A8F4	TCGA-L9-A8F4
FOXA3	JASPAR2024|000358|MA1683.2	1.0	0.3071	3188.0	3586.0	24374.8	27539.0	0.05494692680931908	FALSE	patient	TCGA-L9-A8F4	TCGA-L9-A8F4
XBP1	CIS-BP2.00|000375|M04231_2.00	1.0	0.3075	3292.0	3586.0	25196.6	27539.0	0.055953484878581684	FALSE	patient	TCGA-L9-A8F4	TCGA-L9-A8F4
ZNF33B	CIS-BP2.00|000777|M07710_2.00	1.0	0.4522	1252.0	3586.0	9481.6	27539.0	0.031048629478973497	FALSE	patient	TCGA-L9-A8F4	TCGA-L9-A8F4
FOXA1	JASPAR2024|000356|MA0148.5	1.0	0.552	2887.0	3586.0	22119.3	27539.0	0.01650463446030261	FALSE	patient	TCGA-L9-A8F4	TCGA-L9-A8F4
XBP1	JASPAR2024|000675|MA0844.2	1.0	0.5665	1631.0	3586.0	12448.2	27539.0	0.016383448141043977	FALSE	patient	TCGA-L9-A8F4	TCGA-L9-A8F4
ZNF33A	CIS-BP2.00|000762|M07695_2.00	1.0	0.6258	3264.0	3586.0	25068.4	27539.0	-0.0031824179646191995	FALSE	patient	TCGA-L9-A8F4	TCGA-L9-A8F4
ETV1	JASPAR2024|000652|MA1966.2	1.0	0.679	3471.0	3586.0	26685.4	27539.0	-0.05593444930011176	FALSE	patient	TCGA-L9-A8F4	TCGA-L9-A8F4
GATA6	CIS-BP2.00|000947|M08124_2.00	1.0	0.6902	2684.0	3586.0	20622.6	27539.0	-0.003409138486807755	FALSE	patient	TCGA-L9-A8F4	TCGA-L9-A8F4
NR3C2	JASPAR2024|000539|MA0727.2	1.0	0.7002	243.0	3586.0	1861.0	27539.0	0.006657969228200974	FALSE	patient	TCGA-L9-A8F4	TCGA-L9-A8F4
HNF4A	CIS-BP2.00|000974|M08219_2.00	1.0	0.7002	3284.0	3586.0	25253.3	27539.0	-0.02481024875923854	FALSE	patient	TCGA-L9-A8F4	TCGA-L9-A8F4
ZNF341	JASPAR2024|000712|MA1655.2	1.0	0.7002	3582.0	3586.0	27552.8	27539.0	-6.113111509496128	FALSE	patient	TCGA-L9-A8F4	TCGA-L9-A8F4
ZNF141	CIS-BP2.00|000653|M07586_2.00	1.0	0.7138	2573.0	3586.0	19807.3	27539.0	-0.01273209936817579	FALSE	patient	TCGA-L9-A8F4	TCGA-L9-A8F4
ZNF341	CIS-BP2.00|001017|M08310_2.00	1.0	0.8504	3578.0	3586.0	27530.0	27539.0	-2.7831392549696714	FALSE	patient	TCGA-L9-A8F4	TCGA-L9-A8F4
HNF4A	JASPAR2024|000410|MA0114.5	1.0	0.8822	3437.0	3586.0	26483.9	27539.0	-0.1258653400936318	FALSE	patient	TCGA-L9-A8F4	TCGA-L9-A8F4
ZNF540	CIS-BP2.00|000701|M07634_2.00	1.0	0.9262	751.0	3586.0	5901.9	27539.0	-0.04159125916141315	FALSE	patient	TCGA-L9-A8F4	TCGA-L9-A8F4
GATA6	JASPAR2024|000382|MA1104.3	1.0	0.955	2932.0	3586.0	22696.2	27539.0	-0.06475426716480624	FALSE	patient	TCGA-L9-A8F4	TCGA-L9-A8F4
ZNF281	JASPAR2024|000706|MA1630.3	1.0	0.9811	2917.0	3586.0	22610.4	27539.0	-0.0740455673703115	FALSE	patient	TCGA-L9-A8F4	TCGA-L9-A8F4
ZNF281	CIS-BP2.00|001020|M08321_2.00	1.0	0.9811	2912.0	3586.0	22576.3	27539.0	-0.0751308172030894	FALSE	patient	TCGA-L9-A8F4	TCGA-L9-A8F4
NFATC4	CIS-BP2.00|000101|M01306_2.00	1.0	0.9826	3584.0	3586.0	27573.0	27539.0	-5.265366702835265	FALSE	patient	TCGA-L9-A8F4	TCGA-L9-A8F4
ZBTB18	CIS-BP2.00|000988|M08257_2.00	1.0	0.9971	3129.0	3586.0	24272.9	27539.0	-0.11942596407976047	FALSE	patient	TCGA-L9-A8F4	TCGA-L9-A8F4
HNF4A	JASPAR2024|000409|MA1494.2	1.0	1.0	368.0	3586.0	3099.4	27539.0	-0.14769533757434927	FALSE	patient	TCGA-L9-A8F4	TCGA-L9-A8F4
E2F5	CIS-BP2.00|000940|M08109_2.00	1.0	1.0	3048.0	3586.0	23755.9	27539.0	-0.14940345233949537	FALSE	patient	TCGA-L9-A8F4	TCGA-L9-A8F4
NR3C2	CIS-BP2.00|000154|M02395_2.00	1.0	1.0	3583.0	3586.0	27573.0	27539.0	-5.751196067686938	FALSE	patient	TCGA-L9-A8F4	TCGA-L9-A8F4
ZNF254	CIS-BP2.00|000827|M07760_2.00	1.0	1.0	532.0	3586.0	4553.6	27539.0	-0.18457153076502353	FALSE	patient	TCGA-L9-A8F4	TCGA-L9-A8F4
FOXA3	CIS-BP2.00|000469|M04831_2.00	1e-14	0.0	205.0	3584.0	865.7	27483.0	0.9019478374218597	TRUE	patient	TCGA-MP-A4SV	TCGA-MP-A4SV
ELF3	CIS-BP2.00|000227|M03002_2.00	1e-10	0.0	1537.0	3584.0	10314.3	27483.0	0.32182992882736705	TRUE	patient	TCGA-MP-A4SV	TCGA-MP-A4SV
XBP1	CIS-BP2.00|000375|M04231_2.00	1e-05	0.0	3345.0	3584.0	25118.8	27483.0	0.39505709333547195	TRUE	patient	TCGA-MP-A4SV	TCGA-MP-A4SV
CEBPB	JASPAR2024|000235|MA0466.4	1e-05	0.0001	289.0	3584.0	1718.1	27483.0	0.3972671676994329	FALSE	patient	TCGA-MP-A4SV	TCGA-MP-A4SV
ZNF444	CIS-BP2.00|000420|M04529_2.00	0.0001	0.0001	1399.0	3584.0	9800.0	27483.0	0.20842469729213145	FALSE	patient	TCGA-MP-A4SV	TCGA-MP-A4SV
XBP1	JASPAR2024|000675|MA0844.2	0.0001	0.0001	1740.0	3584.0	12387.4	27483.0	0.20151626768105507	FALSE	patient	TCGA-MP-A4SV	TCGA-MP-A4SV
FOXA1	CIS-BP2.00|000890|M07960_2.00	0.0001	0.0001	1970.0	3584.0	14186.6	27483.0	0.19398453106234134	FALSE	patient	TCGA-MP-A4SV	TCGA-MP-A4SV
ZNF33A	CIS-BP2.00|000762|M07695_2.00	0.01	0.0073	3322.0	3584.0	25123.8	27483.0	0.24947182997212378	FALSE	patient	TCGA-MP-A4SV	TCGA-MP-A4SV
FOXA2	CIS-BP2.00|000889|M07959_2.00	0.01	0.014	2223.0	3584.0	16441.7	27483.0	0.13320744978452254	FALSE	patient	TCGA-MP-A4SV	TCGA-MP-A4SV
CEBPB	CIS-BP2.00|000866|M07830_2.00	0.01	0.014	1663.0	3584.0	12132.0	27483.0	0.13149165839700597	FALSE	patient	TCGA-MP-A4SV	TCGA-MP-A4SV
NR3C2	JASPAR2024|000539|MA0727.2	0.01	0.0166	284.0	3584.0	1863.3	27483.0	0.2447787362713455	FALSE	patient	TCGA-MP-A4SV	TCGA-MP-A4SV
CEBPA	CIS-BP2.00|000926|M08076_2.00	0.01	0.0203	1408.0	3584.0	10237.1	27483.0	0.12456724581682913	FALSE	patient	TCGA-MP-A4SV	TCGA-MP-A4SV
CREB3L2	JASPAR2024|000025|MA0608.1	0.01	0.0295	1858.0	3584.0	13712.0	27483.0	0.11248244061622593	FALSE	patient	TCGA-MP-A4SV	TCGA-MP-A4SV
CREB3L2	CIS-BP2.00|000117|M01812_2.00	0.01	0.0295	1867.0	3584.0	13786.5	27483.0	0.11134951802200298	FALSE	patient	TCGA-MP-A4SV	TCGA-MP-A4SV
NKX2-1	JASPAR2024|000822|MA1994.2	0.01	0.0296	3446.0	3584.0	26236.2	27483.0	0.24246827021648087	FALSE	patient	TCGA-MP-A4SV	TCGA-MP-A4SV
ZNF33B	CIS-BP2.00|000777|M07710_2.00	0.1	0.0544	1292.0	3584.0	9461.3	27483.0	0.10283110967548327	FALSE	patient	TCGA-MP-A4SV	TCGA-MP-A4SV
FOXD2	JASPAR2024|000361|MA0847.4	0.1	0.0645	1370.0	3584.0	10075.6	27483.0	0.09652615983075616	FALSE	patient	TCGA-MP-A4SV	TCGA-MP-A4SV
ZNF75D	CIS-BP2.00|000750|M07683_2.00	0.1	0.0674	2285.0	3584.0	17110.2	27483.0	0.09252932702257563	FALSE	patient	TCGA-MP-A4SV	TCGA-MP-A4SV
ZNF75D	JASPAR2024|000169|MA1601.2	0.1	0.0904	2544.0	3584.0	19154.6	27483.0	0.08857454498401915	FALSE	patient	TCGA-MP-A4SV	TCGA-MP-A4SV
NFATC4	JASPAR2024|000506|MA1525.3	0.1	0.1129	2523.0	3584.0	19018.2	27483.0	0.0815361809891301	FALSE	patient	TCGA-MP-A4SV	TCGA-MP-A4SV
CEBPA	JASPAR2024|000234|MA0102.5	0.1	0.1887	2633.0	3584.0	19933.2	27483.0	0.0681022505953682	FALSE	patient	TCGA-MP-A4SV	TCGA-MP-A4SV
ZBTB18	CIS-BP2.00|000988|M08257_2.00	1.0	0.27	3179.0	3584.0	24238.6	27483.0	0.06993588050679965	FALSE	patient	TCGA-MP-A4SV	TCGA-MP-A4SV
ETV1	JASPAR2024|000311|MA0761.3	1.0	0.3185	3563.0	3584.0	27317.9	27483.0	0.006787947892496336	FALSE	patient	TCGA-MP-A4SV	TCGA-MP-A4SV
FOXA2	JASPAR2024|000357|MA0047.4	1.0	0.4484	2816.0	3584.0	21479.7	27483.0	0.034726703847894155	FALSE	patient	TCGA-MP-A4SV	TCGA-MP-A4SV
ZNF141	CIS-BP2.00|000653|M07586_2.00	1.0	0.514	2601.0	3584.0	19845.3	27483.0	0.025817631355974088	FALSE	patient	TCGA-MP-A4SV	TCGA-MP-A4SV
FOXD2	CIS-BP2.00|000235|M03042_2.00	1.0	0.514	1326.0	3584.0	10046.5	27483.0	0.027646828661748685	FALSE	patient	TCGA-MP-A4SV	TCGA-MP-A4SV
E2F5	CIS-BP2.00|000940|M08109_2.00	1.0	0.514	3088.0	3584.0	23622.1	27483.0	0.024068860438773307	FALSE	patient	TCGA-MP-A4SV	TCGA-MP-A4SV
ETV1	JASPAR2024|000652|MA1966.2	1.0	0.5949	3470.0	3584.0	26611.5	27483.0	-0.00988096808230785	FALSE	patient	TCGA-MP-A4SV	TCGA-MP-A4SV
ZNF281	JASPAR2024|000706|MA1630.3	1.0	0.5949	2952.0	3584.0	22599.3	27483.0	0.012683851980985589	FALSE	patient	TCGA-MP-A4SV	TCGA-MP-A4SV
HNF4A	JASPAR2024|000409|MA1494.2	1.0	0.601	414.0	3584.0	3133.3	27483.0	0.02268223724378529	FALSE	patient	TCGA-MP-A4SV	TCGA-MP-A4SV
ZBTB18	JASPAR2024|000681|MA0698.2	1.0	0.624	2070.0	3584.0	15841.4	27483.0	0.006743563796596715	FALSE	patient	TCGA-MP-A4SV	TCGA-MP-A4SV
FOXA3	JASPAR2024|000358|MA1683.2	1.0	0.624	3175.0	3584.0	24348.1	27483.0	-0.0020689969564872284	FALSE	patient	TCGA-MP-A4SV	TCGA-MP-A4SV
ELF3	JASPAR2024|000276|MA0640.3	1.0	0.6475	3570.0	3584.0	27406.8	27483.0	-0.5371885088139193	FALSE	patient	TCGA-MP-A4SV	TCGA-MP-A4SV
GATA6	JASPAR2024|000382|MA1104.3	1.0	0.6796	2944.0	3584.0	22599.5	27483.0	-0.009435469356828551	FALSE	patient	TCGA-MP-A4SV	TCGA-MP-A4SV
FOXA1	JASPAR2024|000356|MA0148.5	1.0	0.6796	2879.0	3584.0	22106.4	27483.0	-0.010496192083208136	FALSE	patient	TCGA-MP-A4SV	TCGA-MP-A4SV
HNF4A	JASPAR2024|000410|MA0114.5	1.0	0.7351	3444.0	3584.0	26456.2	27483.0	-0.07105112483679238	FALSE	patient	TCGA-MP-A4SV	TCGA-MP-A4SV
GATA6	CIS-BP2.00|000947|M08124_2.00	1.0	0.7351	2663.0	3584.0	20484.9	27483.0	-0.018190594068318616	FALSE	patient	TCGA-MP-A4SV	TCGA-MP-A4SV
ZNF19	CIS-BP2.00|000670|M07603_2.00	1.0	0.7854	3564.0	3584.0	27375.5	27483.0	-0.5438045413240137	FALSE	patient	TCGA-MP-A4SV	TCGA-MP-A4SV
ZNF281	CIS-BP2.00|001020|M08321_2.00	1.0	0.7854	2931.0	3584.0	22566.6	27483.0	-0.03302020135446741	FALSE	patient	TCGA-MP-A4SV	TCGA-MP-A4SV
ETV1	CIS-BP2.00|000457|M04708_2.00	1.0	0.7854	3575.0	3584.0	27456.5	27483.0	-1.4339971055593193	FALSE	patient	TCGA-MP-A4SV	TCGA-MP-A4SV
ZNF341	JASPAR2024|000712|MA1655.2	1.0	0.8426	3581.0	3584.0	27502.3	27483.0	-5.748297578640422	FALSE	patient	TCGA-MP-A4SV	TCGA-MP-A4SV
ZNF341	CIS-BP2.00|001017|M08310_2.00	1.0	0.854	3577.0	3584.0	27477.9	27483.0	-3.3627380983733226	FALSE	patient	TCGA-MP-A4SV	TCGA-MP-A4SV
ZNF540	CIS-BP2.00|000701|M07634_2.00	1.0	0.9412	736.0	3584.0	5852.2	27483.0	-0.06549884014641572	FALSE	patient	TCGA-MP-A4SV	TCGA-MP-A4SV
NFATC4	CIS-BP2.00|000101|M01306_2.00	1.0	0.9412	3584.0	3584.0	27522.6	27483.0	-2.9407991764642145	FALSE	patient	TCGA-MP-A4SV	TCGA-MP-A4SV
NR3C2	CIS-BP2.00|000154|M02395_2.00	1.0	0.9412	3584.0	3584.0	27522.6	27483.0	-2.9407991764642145	FALSE	patient	TCGA-MP-A4SV	TCGA-MP-A4SV
HNF4A	CIS-BP2.00|000974|M08219_2.00	1.0	0.972	3260.0	3584.0	25242.5	27483.0	-0.1648659869952434	FALSE	patient	TCGA-MP-A4SV	TCGA-MP-A4SV
ZNF254	CIS-BP2.00|000827|M07760_2.00	1.0	0.9993	520.0	3584.0	4527.8	27483.0	-0.2158706556248406	FALSE	patient	TCGA-MP-A4SV	TCGA-MP-A4SV
FOXA3	CIS-BP2.00|000469|M04831_2.00	1e-17	0.0	210.0	3584.0	852.9	27602.0	0.9673697822513315	TRUE	patient	TCGA-MP-A4T4	TCGA-MP-A4T4
ELF3	CIS-BP2.00|000227|M03002_2.00	1e-09	0.0	1540.0	3584.0	10423.3	27602.0	0.3124321657184597	TRUE	patient	TCGA-MP-A4T4	TCGA-MP-A4T4
FOXA1	CIS-BP2.00|000890|M07960_2.00	0.001	0.0067	1931.0	3584.0	14098.4	27602.0	0.16201351706684053	FALSE	patient	TCGA-MP-A4T4	TCGA-MP-A4T4
CEBPB	JASPAR2024|000235|MA0466.4	0.001	0.0074	274.0	3584.0	1735.1	27602.0	0.3054575798840378	FALSE	patient	TCGA-MP-A4T4	TCGA-MP-A4T4
ZNF444	CIS-BP2.00|000420|M04529_2.00	0.001	0.009	1368.0	3584.0	9843.0	27602.0	0.15565975374093433	FALSE	patient	TCGA-MP-A4T4	TCGA-MP-A4T4
CREB3L2	CIS-BP2.00|000117|M01812_2.00	0.01	0.0124	1884.0	3584.0	13824.5	27602.0	0.14330979164093244	FALSE	patient	TCGA-MP-A4T4	TCGA-MP-A4T4
CREB3L2	JASPAR2024|000025|MA0608.1	0.01	0.0124	1873.0	3584.0	13748.2	27602.0	0.1415132926858811	FALSE	patient	TCGA-MP-A4T4	TCGA-MP-A4T4
NFATC4	JASPAR2024|000506|MA1525.3	0.01	0.0284	2560.0	3584.0	19163.1	27602.0	0.1383493082173519	FALSE	patient	TCGA-MP-A4T4	TCGA-MP-A4T4
FOXA2	CIS-BP2.00|000889|M07959_2.00	0.1	0.0638	2189.0	3584.0	16344.3	27602.0	0.11196378421064941	FALSE	patient	TCGA-MP-A4T4	TCGA-MP-A4T4
ELF3	JASPAR2024|000276|MA0640.3	0.1	0.0638	3578.0	3584.0	27490.9	27602.0	1.160200005577524	FALSE	patient	TCGA-MP-A4T4	TCGA-MP-A4T4
ETV1	JASPAR2024|000311|MA0761.3	0.1	0.0639	3569.0	3584.0	27400.4	27602.0	0.7642998279916074	FALSE	patient	TCGA-MP-A4T4	TCGA-MP-A4T4
FOXD2	JASPAR2024|000361|MA0847.4	0.1	0.0736	1360.0	3584.0	10007.3	27602.0	0.10471290749674109	FALSE	patient	TCGA-MP-A4T4	TCGA-MP-A4T4
CEBPB	CIS-BP2.00|000866|M07830_2.00	0.1	0.0736	1635.0	3584.0	12112.4	27602.0	0.10142975446777171	FALSE	patient	TCGA-MP-A4T4	TCGA-MP-A4T4
ZNF33A	CIS-BP2.00|000762|M07695_2.00	0.1	0.223	3287.0	3584.0	25111.2	27602.0	0.13264028719970422	FALSE	patient	TCGA-MP-A4T4	TCGA-MP-A4T4
NR3C2	JASPAR2024|000539|MA0727.2	0.1	0.2239	265.0	3584.0	1866.5	27602.0	0.14081182270852224	FALSE	patient	TCGA-MP-A4T4	TCGA-MP-A4T4
XBP1	JASPAR2024|000675|MA0844.2	1.0	0.2974	1662.0	3584.0	12502.2	27602.0	0.06270827114188528	FALSE	patient	TCGA-MP-A4T4	TCGA-MP-A4T4
ZBTB18	JASPAR2024|000681|MA0698.2	1.0	0.3197	2074.0	3584.0	15695.0	27602.0	0.05925703331869687	FALSE	patient	TCGA-MP-A4T4	TCGA-MP-A4T4
FOXA3	JASPAR2024|000358|MA1683.2	1.0	0.3197	3190.0	3584.0	24386.5	27602.0	0.09291234634269414	FALSE	patient	TCGA-MP-A4T4	TCGA-MP-A4T4
ZNF75D	JASPAR2024|000169|MA1601.2	1.0	0.3197	2525.0	3584.0	19196.0	27602.0	0.06191933082957092	FALSE	patient	TCGA-MP-A4T4	TCGA-MP-A4T4
ZNF75D	CIS-BP2.00|000750|M07683_2.00	1.0	0.4105	2254.0	3584.0	17144.9	27602.0	0.047569230766301054	FALSE	patient	TCGA-MP-A4T4	TCGA-MP-A4T4
CEBPA	CIS-BP2.00|000926|M08076_2.00	1.0	0.4501	1349.0	3584.0	10199.0	27602.0	0.04270647497572768	FALSE	patient	TCGA-MP-A4T4	TCGA-MP-A4T4
ZNF341	JASPAR2024|000712|MA1655.2	1.0	0.4731	3583.0	3584.0	27577.7	27602.0	1.1032186776639097	FALSE	patient	TCGA-MP-A4T4	TCGA-MP-A4T4
ETV1	CIS-BP2.00|000457|M04708_2.00	1.0	0.6596	3578.0	3584.0	27538.6	27602.0	0.3532497808801339	FALSE	patient	TCGA-MP-A4T4	TCGA-MP-A4T4
CEBPA	JASPAR2024|000234|MA0102.5	1.0	0.7282	2592.0	3584.0	19888.7	27602.0	0.018733379619751914	FALSE	patient	TCGA-MP-A4T4	TCGA-MP-A4T4
FOXA1	JASPAR2024|000356|MA0148.5	1.0	0.8543	2877.0	3584.0	22129.8	27602.0	0.008315545566710134	FALSE	patient	TCGA-MP-A4T4	TCGA-MP-A4T4
FOXA2	JASPAR2024|000357|MA0047.4	1.0	0.8543	2794.0	3584.0	21491.1	27602.0	0.007554730937841302	FALSE	patient	TCGA-MP-A4T4	TCGA-MP-A4T4
HNF4A	JASPAR2024|000410|MA0114.5	1.0	0.8543	3444.0	3584.0	26508.4	27602.0	0.016992246994975983	FALSE	patient	TCGA-MP-A4T4	TCGA-MP-A4T4
ZNF341	CIS-BP2.00|001017|M08310_2.00	1.0	0.8636	3579.0	3584.0	27556.0	27602.0	0.13516451686110728	FALSE	patient	TCGA-MP-A4T4	TCGA-MP-A4T4
ZNF141	CIS-BP2.00|000653|M07586_2.00	1.0	0.8851	2574.0	3584.0	19841.8	27602.0	-0.005097623854260657	FALSE	patient	TCGA-MP-A4T4	TCGA-MP-A4T4
ZNF281	JASPAR2024|000706|MA1630.3	1.0	0.8851	2940.0	3584.0	22659.3	27602.0	-0.006808717228518182	FALSE	patient	TCGA-MP-A4T4	TCGA-MP-A4T4
FOXD2	CIS-BP2.00|000235|M03042_2.00	1.0	0.935	1297.0	3584.0	10050.3	27602.0	-0.013695673187647719	FALSE	patient	TCGA-MP-A4T4	TCGA-MP-A4T4
ZNF540	CIS-BP2.00|000701|M07634_2.00	1.0	0.935	761.0	3584.0	5916.1	27602.0	-0.016618375902379218	FALSE	patient	TCGA-MP-A4T4	TCGA-MP-A4T4
ZNF281	CIS-BP2.00|001020|M08321_2.00	1.0	0.9824	2927.0	3584.0	22623.3	27602.0	-0.029249029776251805	FALSE	patient	TCGA-MP-A4T4	TCGA-MP-A4T4
XBP1	CIS-BP2.00|000375|M04231_2.00	1.0	1.0	3267.0	3584.0	25234.4	27602.0	-0.050259721146977125	FALSE	patient	TCGA-MP-A4T4	TCGA-MP-A4T4
ZNF33B	CIS-BP2.00|000777|M07710_2.00	1.0	1.0	1213.0	3584.0	9488.9	27602.0	-0.03394123159610626	FALSE	patient	TCGA-MP-A4T4	TCGA-MP-A4T4
ZNF19	CIS-BP2.00|000670|M07603_2.00	1.0	1.0	3563.0	3584.0	27459.6	27602.0	-0.21337269829520372	FALSE	patient	TCGA-MP-A4T4	TCGA-MP-A4T4
ZBTB18	CIS-BP2.00|000988|M08257_2.00	1.0	1.0	3125.0	3584.0	24217.8	27602.0	-0.07304749039674255	FALSE	patient	TCGA-MP-A4T4	TCGA-MP-A4T4
NFATC4	CIS-BP2.00|000101|M01306_2.00	1.0	1.0	3584.0	3584.0	27599.2	27602.0	-0.22234276367013964	FALSE	patient	TCGA-MP-A4T4	TCGA-MP-A4T4
NR3C2	CIS-BP2.00|000154|M02395_2.00	1.0	1.0	3584.0	3584.0	27599.2	27602.0	-0.22234276367013964	FALSE	patient	TCGA-MP-A4T4	TCGA-MP-A4T4
HNF4A	JASPAR2024|000409|MA1494.2	1.0	1.0	381.0	3584.0	3127.2	27602.0	-0.10174153014060122	FALSE	patient	TCGA-MP-A4T4	TCGA-MP-A4T4
NKX2-1	JASPAR2024|000822|MA1994.2	1.0	1.0	3395.0	3584.0	26281.0	27602.0	-0.15044501001259494	FALSE	patient	TCGA-MP-A4T4	TCGA-MP-A4T4
HNF4A	CIS-BP2.00|000974|M08219_2.00	1.0	1.0	3261.0	3584.0	25295.1	27602.0	-0.12084841878957438	FALSE	patient	TCGA-MP-A4T4	TCGA-MP-A4T4
GATA6	JASPAR2024|000382|MA1104.3	1.0	1.0	2910.0	3584.0	22683.6	27602.0	-0.0958971212241541	FALSE	patient	TCGA-MP-A4T4	TCGA-MP-A4T4
E2F5	CIS-BP2.00|000940|M08109_2.00	1.0	1.0	3046.0	3584.0	23749.0	27602.0	-0.12352135405106829	FALSE	patient	TCGA-MP-A4T4	TCGA-MP-A4T4
ETV1	JASPAR2024|000652|MA1966.2	1.0	1.0	3445.0	3584.0	26690.6	27602.0	-0.2449629974321955	FALSE	patient	TCGA-MP-A4T4	TCGA-MP-A4T4
GATA6	CIS-BP2.00|000947|M08124_2.00	1.0	1.0	2606.0	3584.0	20584.2	27602.0	-0.13890879636603945	FALSE	patient	TCGA-MP-A4T4	TCGA-MP-A4T4
ZNF254	CIS-BP2.00|000827|M07760_2.00	1.0	1.0	500.0	3584.0	4550.6	27602.0	-0.28299619739510573	FALSE	patient	TCGA-MP-A4T4	TCGA-MP-A4T4
FOXA3	CIS-BP2.00|000469|M04831_2.00	1e-16	0.0	208.0	3586.0	858.7	27611.0	0.9422885247948638	TRUE	patient	TCGA-MP-A4T7	TCGA-MP-A4T7
CEBPB	JASPAR2024|000235|MA0466.4	1e-09	0.0	317.0	3586.0	1714.9	27611.0	0.5519042397391133	TRUE	patient	TCGA-MP-A4T7	TCGA-MP-A4T7
ELF3	CIS-BP2.00|000227|M03002_2.00	1e-09	0.0	1534.0	3586.0	10446.4	27611.0	0.2967897836422694	TRUE	patient	TCGA-MP-A4T7	TCGA-MP-A4T7
ZNF444	CIS-BP2.00|000420|M04529_2.00	1e-06	0.0	1428.0	3586.0	9866.8	27611.0	0.25113284963290944	TRUE	patient	TCGA-MP-A4T7	TCGA-MP-A4T7
ELF3	JASPAR2024|000276|MA0640.3	0.0001	0.0005	3582.0	3586.0	27470.8	27611.0	2.027666943098031	FALSE	patient	TCGA-MP-A4T7	TCGA-MP-A4T7
XBP1	JASPAR2024|000675|MA0844.2	0.001	0.002	1716.0	3586.0	12405.3	27611.0	0.1696907909916656	FALSE	patient	TCGA-MP-A4T7	TCGA-MP-A4T7
FOXD2	JASPAR2024|000361|MA0847.4	0.01	0.0101	1386.0	3586.0	10003.5	27611.0	0.14927033235551984	FALSE	patient	TCGA-MP-A4T7	TCGA-MP-A4T7
CEBPB	CIS-BP2.00|000866|M07830_2.00	0.01	0.0198	1652.0	3586.0	12090.7	27611.0	0.1329350312654732	FALSE	patient	TCGA-MP-A4T7	TCGA-MP-A4T7
ZNF75D	CIS-BP2.00|000750|M07683_2.00	0.01	0.0303	2300.0	3586.0	17136.0	27611.0	0.12844262534548295	FALSE	patient	TCGA-MP-A4T7	TCGA-MP-A4T7
ZNF75D	JASPAR2024|000169|MA1601.2	0.1	0.0487	2557.0	3586.0	19187.1	27611.0	0.12526198449335027	FALSE	patient	TCGA-MP-A4T7	TCGA-MP-A4T7
CREB3L2	CIS-BP2.00|000117|M01812_2.00	0.1	0.0513	1857.0	3586.0	13768.7	27611.0	0.11069824489333813	FALSE	patient	TCGA-MP-A4T7	TCGA-MP-A4T7
ETV1	JASPAR2024|000311|MA0761.3	0.1	0.0513	3569.0	3586.0	27381.1	27611.0	0.7793010460608871	FALSE	patient	TCGA-MP-A4T7	TCGA-MP-A4T7
CREB3L2	JASPAR2024|000025|MA0608.1	0.1	0.0561	1844.0	3586.0	13691.4	27611.0	0.10591804762864573	FALSE	patient	TCGA-MP-A4T7	TCGA-MP-A4T7
NFATC4	JASPAR2024|000506|MA1525.3	0.1	0.0868	2543.0	3586.0	19156.6	27611.0	0.10536490756941778	FALSE	patient	TCGA-MP-A4T7	TCGA-MP-A4T7
ZNF19	CIS-BP2.00|000670|M07603_2.00	0.1	0.0914	3574.0	3586.0	27444.7	27611.0	0.7973787935161055	FALSE	patient	TCGA-MP-A4T7	TCGA-MP-A4T7
XBP1	CIS-BP2.00|000375|M04231_2.00	0.1	0.1672	3296.0	3586.0	25158.0	27611.0	0.14619228071350063	FALSE	patient	TCGA-MP-A4T7	TCGA-MP-A4T7
CEBPA	CIS-BP2.00|000926|M08076_2.00	0.1	0.2627	1364.0	3586.0	10202.8	27611.0	0.06696161788804779	FALSE	patient	TCGA-MP-A4T7	TCGA-MP-A4T7
ETV1	JASPAR2024|000652|MA1966.2	1.0	0.2827	3480.0	3586.0	26678.5	27611.0	0.19268553921108364	FALSE	patient	TCGA-MP-A4T7	TCGA-MP-A4T7
FOXA1	CIS-BP2.00|000890|M07960_2.00	1.0	0.2891	1869.0	3586.0	14106.5	27611.0	0.05942479552409482	FALSE	patient	TCGA-MP-A4T7	TCGA-MP-A4T7
FOXD2	CIS-BP2.00|000235|M03042_2.00	1.0	0.3118	1331.0	3586.0	9993.5	27611.0	0.05752117773734316	FALSE	patient	TCGA-MP-A4T7	TCGA-MP-A4T7
ZNF141	CIS-BP2.00|000653|M07586_2.00	1.0	0.3142	2606.0	3586.0	19829.9	27611.0	0.060949273897461805	FALSE	patient	TCGA-MP-A4T7	TCGA-MP-A4T7
ZNF33A	CIS-BP2.00|000762|M07695_2.00	1.0	0.393	3273.0	3586.0	25066.5	27611.0	0.08424484637140876	FALSE	patient	TCGA-MP-A4T7	TCGA-MP-A4T7
ZNF341	JASPAR2024|000712|MA1655.2	1.0	0.5467	3583.0	3586.0	27563.8	27611.0	0.8252027342757845	FALSE	patient	TCGA-MP-A4T7	TCGA-MP-A4T7
ZNF33B	CIS-BP2.00|000777|M07710_2.00	1.0	0.5467	1252.0	3586.0	9497.3	27611.0	0.03315282443232471	FALSE	patient	TCGA-MP-A4T7	TCGA-MP-A4T7
FOXA2	CIS-BP2.00|000889|M07959_2.00	1.0	0.6104	2136.0	3586.0	16332.9	27611.0	0.024461883166147263	FALSE	patient	TCGA-MP-A4T7	TCGA-MP-A4T7
NR3C2	JASPAR2024|000539|MA0727.2	1.0	0.6327	246.0	3586.0	1846.2	27611.0	0.04200346171660221	FALSE	patient	TCGA-MP-A4T7	TCGA-MP-A4T7
ZBTB18	JASPAR2024|000681|MA0698.2	1.0	0.647	2058.0	3586.0	15760.5	27611.0	0.01812662338441277	FALSE	patient	TCGA-MP-A4T7	TCGA-MP-A4T7
FOXA3	JASPAR2024|000358|MA1683.2	1.0	0.652	3174.0	3586.0	24381.1	27611.0	0.028055270935659255	FALSE	patient	TCGA-MP-A4T7	TCGA-MP-A4T7
FOXA1	JASPAR2024|000356|MA0148.5	1.0	0.6744	2878.0	3586.0	22106.4	27611.0	0.01682139614418282	FALSE	patient	TCGA-MP-A4T7	TCGA-MP-A4T7
FOXA2	JASPAR2024|000357|MA0047.4	1.0	0.6744	2797.0	3586.0	21486.4	27611.0	0.014474908781229522	FALSE	patient	TCGA-MP-A4T7	TCGA-MP-A4T7
ZNF281	JASPAR2024|000706|MA1630.3	1.0	0.6744	2947.0	3586.0	22644.4	27611.0	0.01576507772964004	FALSE	patient	TCGA-MP-A4T7	TCGA-MP-A4T7
CEBPA	JASPAR2024|000234|MA0102.5	1.0	0.6926	2583.0	3586.0	19860.4	27611.0	0.006828237335518734	FALSE	patient	TCGA-MP-A4T7	TCGA-MP-A4T7
NKX2-1	JASPAR2024|000822|MA1994.2	1.0	0.7434	3411.0	3586.0	26252.2	27611.0	0.009333275816457135	FALSE	patient	TCGA-MP-A4T7	TCGA-MP-A4T7
ZNF281	CIS-BP2.00|001020|M08321_2.00	1.0	0.873	2932.0	3586.0	22620.9	27611.0	-0.016737026471728075	FALSE	patient	TCGA-MP-A4T7	TCGA-MP-A4T7
E2F5	CIS-BP2.00|000940|M08109_2.00	1.0	0.873	3079.0	3586.0	23753.6	27611.0	-0.021072492794114706	FALSE	patient	TCGA-MP-A4T7	TCGA-MP-A4T7
ETV1	CIS-BP2.00|000457|M04708_2.00	1.0	0.9053	3575.0	3586.0	27520.6	27611.0	0.03832520692436381	FALSE	patient	TCGA-MP-A4T7	TCGA-MP-A4T7
ZBTB18	CIS-BP2.00|000988|M08257_2.00	1.0	0.9088	3145.0	3586.0	24286.0	27611.0	-0.0357073986572047	FALSE	patient	TCGA-MP-A4T7	TCGA-MP-A4T7
HNF4A	JASPAR2024|000409|MA1494.2	1.0	0.9257	393.0	3586.0	3119.1	27611.0	-0.047801721195511744	FALSE	patient	TCGA-MP-A4T7	TCGA-MP-A4T7
ZNF540	CIS-BP2.00|000701|M07634_2.00	1.0	0.9381	744.0	3586.0	5867.1	27611.0	-0.04301512413150582	FALSE	patient	TCGA-MP-A4T7	TCGA-MP-A4T7
NFATC4	CIS-BP2.00|000101|M01306_2.00	1.0	1.0	3584.0	3586.0	27583.5	27611.0	0.5414389449400631	FALSE	patient	TCGA-MP-A4T7	TCGA-MP-A4T7
NR3C2	CIS-BP2.00|000154|M02395_2.00	1.0	1.0	3584.0	3586.0	27583.5	27611.0	0.5414389449400631	FALSE	patient	TCGA-MP-A4T7	TCGA-MP-A4T7
ZNF341	CIS-BP2.00|001017|M08310_2.00	1.0	1.0	3576.0	3586.0	27541.8	27611.0	-0.2142593661154116	FALSE	patient	TCGA-MP-A4T7	TCGA-MP-A4T7
GATA6	JASPAR2024|000382|MA1104.3	1.0	1.0	2913.0	3586.0	22737.6	27611.0	-0.1089596914529734	FALSE	patient	TCGA-MP-A4T7	TCGA-MP-A4T7
HNF4A	CIS-BP2.00|000974|M08219_2.00	1.0	1.0	3256.0	3586.0	25294.2	27611.0	-0.14771834461340197	FALSE	patient	TCGA-MP-A4T7	TCGA-MP-A4T7
HNF4A	JASPAR2024|000410|MA0114.5	1.0	1.0	3416.0	3586.0	26484.1	27611.0	-0.22940685945365485	FALSE	patient	TCGA-MP-A4T7	TCGA-MP-A4T7
GATA6	CIS-BP2.00|000947|M08124_2.00	1.0	1.0	2625.0	3586.0	20662.3	27611.0	-0.12288352517355451	FALSE	patient	TCGA-MP-A4T7	TCGA-MP-A4T7
ZNF254	CIS-BP2.00|000827|M07760_2.00	1.0	1.0	524.0	3586.0	4569.2	27611.0	-0.21158179840106756	FALSE	patient	TCGA-MP-A4T7	TCGA-MP-A4T7
FOXA3	CIS-BP2.00|000469|M04831_2.00	1e-15	0.0	205.0	3584.0	857.2	27563.0	0.920963666757354	TRUE	patient	TCGA-MP-A4TE	TCGA-MP-A4TE
ELF3	CIS-BP2.00|000227|M03002_2.00	1e-13	0.0	1572.0	3584.0	10355.5	27563.0	0.3766837934002595	TRUE	patient	TCGA-MP-A4TE	TCGA-MP-A4TE
CEBPB	JASPAR2024|000235|MA0466.4	1e-10	0.0	326.0	3584.0	1720.1	27563.0	0.5897591397756625	TRUE	patient	TCGA-MP-A4TE	TCGA-MP-A4TE
CEBPB	CIS-BP2.00|000866|M07830_2.00	0.001	0.0013	1685.0	3584.0	12091.2	27563.0	0.18322749796733337	FALSE	patient	TCGA-MP-A4TE	TCGA-MP-A4TE
ZNF444	CIS-BP2.00|000420|M04529_2.00	0.01	0.01	1354.0	3584.0	9715.7	27563.0	0.15767540548583997	FALSE	patient	TCGA-MP-A4TE	TCGA-MP-A4TE
FOXD2	JASPAR2024|000361|MA0847.4	0.01	0.0191	1390.0	3584.0	10044.7	27563.0	0.1441091428878942	FALSE	patient	TCGA-MP-A4TE	TCGA-MP-A4TE
NFATC4	JASPAR2024|000506|MA1525.3	0.01	0.0305	2558.0	3584.0	19088.5	27563.0	0.14610835183964052	FALSE	patient	TCGA-MP-A4TE	TCGA-MP-A4TE
ZNF75D	JASPAR2024|000169|MA1601.2	0.01	0.0348	2556.0	3584.0	19093.0	27563.0	0.1410656841314066	FALSE	patient	TCGA-MP-A4TE	TCGA-MP-A4TE
FOXA1	CIS-BP2.00|000890|M07960_2.00	0.01	0.0379	1913.0	3584.0	14124.4	27563.0	0.12326641816855782	FALSE	patient	TCGA-MP-A4TE	TCGA-MP-A4TE
ZNF75D	CIS-BP2.00|000750|M07683_2.00	0.1	0.0522	2287.0	3584.0	17049.0	27563.0	0.12068802063415685	FALSE	patient	TCGA-MP-A4TE	TCGA-MP-A4TE
XBP1	JASPAR2024|000675|MA0844.2	0.1	0.0675	1683.0	3584.0	12427.9	27563.0	0.10863106976833103	FALSE	patient	TCGA-MP-A4TE	TCGA-MP-A4TE
CEBPA	JASPAR2024|000234|MA0102.5	0.1	0.1348	2633.0	3584.0	19840.5	27563.0	0.10745443399461672	FALSE	patient	TCGA-MP-A4TE	TCGA-MP-A4TE
XBP1	CIS-BP2.00|000375|M04231_2.00	0.1	0.1348	3306.0	3584.0	25152.9	27563.0	0.18626642979320596	FALSE	patient	TCGA-MP-A4TE	TCGA-MP-A4TE
CEBPA	CIS-BP2.00|000926|M08076_2.00	0.1	0.1527	1379.0	3584.0	10209.8	27563.0	0.08825773409512441	FALSE	patient	TCGA-MP-A4TE	TCGA-MP-A4TE
FOXA2	CIS-BP2.00|000889|M07959_2.00	0.1	0.2018	2177.0	3584.0	16370.6	27563.0	0.08097041116653139	FALSE	patient	TCGA-MP-A4TE	TCGA-MP-A4TE
CREB3L2	JASPAR2024|000025|MA0608.1	0.1	0.2184	1830.0	3584.0	13716.8	27563.0	0.07472347310400473	FALSE	patient	TCGA-MP-A4TE	TCGA-MP-A4TE
CREB3L2	CIS-BP2.00|000117|M01812_2.00	0.1	0.2276	1838.0	3584.0	13790.8	27563.0	0.07211549188175405	FALSE	patient	TCGA-MP-A4TE	TCGA-MP-A4TE
FOXA2	JASPAR2024|000357|MA0047.4	0.1	0.2544	2827.0	3584.0	21457.5	27563.0	0.08699310968295576	FALSE	patient	TCGA-MP-A4TE	TCGA-MP-A4TE
ZNF19	CIS-BP2.00|000670|M07603_2.00	1.0	0.2544	3571.0	3584.0	27375.4	27563.0	0.8621641679104171	FALSE	patient	TCGA-MP-A4TE	TCGA-MP-A4TE
ETV1	JASPAR2024|000652|MA1966.2	1.0	0.3759	3479.0	3584.0	26629.2	27563.0	0.2105586057427492	FALSE	patient	TCGA-MP-A4TE	TCGA-MP-A4TE
ELF3	JASPAR2024|000276|MA0640.3	1.0	0.3759	3573.0	3584.0	27402.7	27563.0	0.8666269603409805	FALSE	patient	TCGA-MP-A4TE	TCGA-MP-A4TE
FOXA3	JASPAR2024|000358|MA1683.2	1.0	0.3759	3189.0	3584.0	24342.1	27563.0	0.09385712597483473	FALSE	patient	TCGA-MP-A4TE	TCGA-MP-A4TE
NR3C2	JASPAR2024|000539|MA0727.2	1.0	0.4014	255.0	3584.0	1856.5	27563.0	0.0872051936051658	FALSE	patient	TCGA-MP-A4TE	TCGA-MP-A4TE
ZNF33A	CIS-BP2.00|000762|M07695_2.00	1.0	0.4014	3277.0	3584.0	25050.7	27563.0	0.09642550519280375	FALSE	patient	TCGA-MP-A4TE	TCGA-MP-A4TE
FOXD2	CIS-BP2.00|000235|M03042_2.00	1.0	0.402	1328.0	3584.0	10019.0	27563.0	0.04391976632962174	FALSE	patient	TCGA-MP-A4TE	TCGA-MP-A4TE
ETV1	CIS-BP2.00|000457|M04708_2.00	1.0	0.5219	3578.0	3584.0	27457.2	27563.0	1.091774170376499	FALSE	patient	TCGA-MP-A4TE	TCGA-MP-A4TE
ZNF540	CIS-BP2.00|000701|M07634_2.00	1.0	0.5219	781.0	3584.0	5892.7	27563.0	0.03571798804822761	FALSE	patient	TCGA-MP-A4TE	TCGA-MP-A4TE
FOXA1	JASPAR2024|000356|MA0148.5	1.0	0.5523	2889.0	3584.0	22098.2	27563.0	0.039108542597181634	FALSE	patient	TCGA-MP-A4TE	TCGA-MP-A4TE
ETV1	JASPAR2024|000311|MA0761.3	1.0	0.6647	3559.0	3584.0	27314.4	27563.0	0.34821423441657456	FALSE	patient	TCGA-MP-A4TE	TCGA-MP-A4TE
HNF4A	CIS-BP2.00|000974|M08219_2.00	1.0	0.6993	3285.0	3584.0	25202.2	27563.0	0.039559984878693895	FALSE	patient	TCGA-MP-A4TE	TCGA-MP-A4TE
ZNF341	CIS-BP2.00|001017|M08310_2.00	1.0	0.7759	3579.0	3584.0	27478.0	27563.0	1.017947628780529	FALSE	patient	TCGA-MP-A4TE	TCGA-MP-A4TE
ZBTB18	JASPAR2024|000681|MA0698.2	1.0	0.8937	2055.0	3584.0	15838.9	27563.0	-0.0075497176775118306	FALSE	patient	TCGA-MP-A4TE	TCGA-MP-A4TE
ZNF141	CIS-BP2.00|000653|M07586_2.00	1.0	0.8937	2569.0	3584.0	19786.8	27563.0	-0.008047365446987658	FALSE	patient	TCGA-MP-A4TE	TCGA-MP-A4TE
ZBTB18	CIS-BP2.00|000988|M08257_2.00	1.0	0.8937	3153.0	3584.0	24255.8	27563.0	-0.004937736403472722	FALSE	patient	TCGA-MP-A4TE	TCGA-MP-A4TE
NKX2-1	JASPAR2024|000822|MA1994.2	1.0	0.9865	3404.0	3584.0	26195.4	27563.0	-0.021723246231258528	FALSE	patient	TCGA-MP-A4TE	TCGA-MP-A4TE
GATA6	JASPAR2024|000382|MA1104.3	1.0	1.0	2922.0	3584.0	22597.9	27563.0	-0.04497001009734047	FALSE	patient	TCGA-MP-A4TE	TCGA-MP-A4TE
E2F5	CIS-BP2.00|000940|M08109_2.00	1.0	1.0	3063.0	3584.0	23670.1	27563.0	-0.04955210540049049	FALSE	patient	TCGA-MP-A4TE	TCGA-MP-A4TE
ZNF33B	CIS-BP2.00|000777|M07710_2.00	1.0	1.0	1196.0	3584.0	9421.8	27563.0	-0.05212599978439125	FALSE	patient	TCGA-MP-A4TE	TCGA-MP-A4TE
ZNF341	JASPAR2024|000712|MA1655.2	1.0	1.0	3580.0	3584.0	27500.8	27563.0	0.8592016915713138	FALSE	patient	TCGA-MP-A4TE	TCGA-MP-A4TE
NFATC4	CIS-BP2.00|000101|M01306_2.00	1.0	1.0	3584.0	3584.0	27520.7	27563.0	3.4788393119407326	FALSE	patient	TCGA-MP-A4TE	TCGA-MP-A4TE
NR3C2	CIS-BP2.00|000154|M02395_2.00	1.0	1.0	3584.0	3584.0	27520.7	27563.0	3.4788393119407326	FALSE	patient	TCGA-MP-A4TE	TCGA-MP-A4TE
GATA6	CIS-BP2.00|000947|M08124_2.00	1.0	1.0	2638.0	3584.0	20509.5	27563.0	-0.06077043845155057	FALSE	patient	TCGA-MP-A4TE	TCGA-MP-A4TE
HNF4A	JASPAR2024|000409|MA1494.2	1.0	1.0	380.0	3584.0	3102.3	27563.0	-0.09527834258640755	FALSE	patient	TCGA-MP-A4TE	TCGA-MP-A4TE
HNF4A	JASPAR2024|000410|MA0114.5	1.0	1.0	3427.0	3584.0	26440.9	27563.0	-0.11414976383033526	FALSE	patient	TCGA-MP-A4TE	TCGA-MP-A4TE
ZNF281	JASPAR2024|000706|MA1630.3	1.0	1.0	2895.0	3584.0	22561.3	27563.0	-0.1030574856098936	FALSE	patient	TCGA-MP-A4TE	TCGA-MP-A4TE
ZNF281	CIS-BP2.00|001020|M08321_2.00	1.0	1.0	2885.0	3584.0	22533.3	27563.0	-0.1189775876471561	FALSE	patient	TCGA-MP-A4TE	TCGA-MP-A4TE
ZNF254	CIS-BP2.00|000827|M07760_2.00	1.0	1.0	490.0	3584.0	4545.1	27563.0	-0.31713636635511067	FALSE	patient	TCGA-MP-A4TE	TCGA-MP-A4TE
ELF3	CIS-BP2.00|000227|M03002_2.00	1e-14	0.0	1589.0	3584.0	10477.0	27571.0	0.378060441908728	TRUE	patient	TCGA-MP-A4TF	TCGA-MP-A4TF
FOXA3	CIS-BP2.00|000469|M04831_2.00	1e-11	0.0	190.0	3584.0	847.8	27571.0	0.8220652137241897	TRUE	patient	TCGA-MP-A4TF	TCGA-MP-A4TF
ZNF444	CIS-BP2.00|000420|M04529_2.00	1e-06	0.0	1435.0	3584.0	9925.9	27571.0	0.24751821026293255	TRUE	patient	TCGA-MP-A4TF	TCGA-MP-A4TF
XBP1	JASPAR2024|000675|MA0844.2	0.0001	0.0002	1740.0	3584.0	12432.6	27571.0	0.20034635242239457	FALSE	patient	TCGA-MP-A4TF	TCGA-MP-A4TF
NFATC4	JASPAR2024|000506|MA1525.3	0.001	0.0033	2591.0	3584.0	19217.4	27571.0	0.1813011422291135	FALSE	patient	TCGA-MP-A4TF	TCGA-MP-A4TF
XBP1	CIS-BP2.00|000375|M04231_2.00	0.001	0.004	3325.0	3584.0	25160.3	27571.0	0.29641026024736467	FALSE	patient	TCGA-MP-A4TF	TCGA-MP-A4TF
CREB3L2	CIS-BP2.00|000117|M01812_2.00	0.001	0.004	1894.0	3584.0	13818.0	27571.0	0.15756490749889718	FALSE	patient	TCGA-MP-A4TF	TCGA-MP-A4TF
CREB3L2	JASPAR2024|000025|MA0608.1	0.001	0.0053	1880.0	3584.0	13741.1	27571.0	0.15106059552538928	FALSE	patient	TCGA-MP-A4TF	TCGA-MP-A4TF
CEBPB	CIS-BP2.00|000866|M07830_2.00	0.01	0.0054	1658.0	3584.0	12047.1	27571.0	0.14968856108109285	FALSE	patient	TCGA-MP-A4TF	TCGA-MP-A4TF
CEBPB	JASPAR2024|000235|MA0466.4	0.01	0.0093	263.0	3584.0	1693.9	27571.0	0.2768973747903028	FALSE	patient	TCGA-MP-A4TF	TCGA-MP-A4TF
ELF3	JASPAR2024|000276|MA0640.3	0.01	0.0175	3579.0	3584.0	27462.4	27571.0	1.3704216798030284	FALSE	patient	TCGA-MP-A4TF	TCGA-MP-A4TF
CEBPA	CIS-BP2.00|000926|M08076_2.00	0.1	0.0666	1380.0	3584.0	10141.1	27571.0	0.10605980980499345	FALSE	patient	TCGA-MP-A4TF	TCGA-MP-A4TF
ETV1	JASPAR2024|000311|MA0761.3	0.1	0.0763	3569.0	3584.0	27380.1	27571.0	0.6868905551105627	FALSE	patient	TCGA-MP-A4TF	TCGA-MP-A4TF
ZNF281	JASPAR2024|000706|MA1630.3	0.1	0.2122	2980.0	3584.0	22654.1	27571.0	0.09790372987103133	FALSE	patient	TCGA-MP-A4TF	TCGA-MP-A4TF
FOXA1	CIS-BP2.00|000890|M07960_2.00	0.1	0.2416	1879.0	3584.0	14124.6	27571.0	0.06916669655131871	FALSE	patient	TCGA-MP-A4TF	TCGA-MP-A4TF
ZNF75D	CIS-BP2.00|000750|M07683_2.00	0.1	0.2416	2285.0	3584.0	17264.2	27571.0	0.07039438754992224	FALSE	patient	TCGA-MP-A4TF	TCGA-MP-A4TF
ZNF75D	JASPAR2024|000169|MA1601.2	0.1	0.2672	2543.0	3584.0	19286.6	27571.0	0.06907220724611102	FALSE	patient	TCGA-MP-A4TF	TCGA-MP-A4TF
CEBPA	JASPAR2024|000234|MA0102.5	0.1	0.2672	2611.0	3584.0	19815.5	27571.0	0.07034475451239185	FALSE	patient	TCGA-MP-A4TF	TCGA-MP-A4TF
NR3C2	JASPAR2024|000539|MA0727.2	1.0	0.2693	263.0	3584.0	1876.1	27571.0	0.11935698777491861	FALSE	patient	TCGA-MP-A4TF	TCGA-MP-A4TF
ZNF141	CIS-BP2.00|000653|M07586_2.00	1.0	0.299	2611.0	3584.0	19848.2	27571.0	0.061870616087439254	FALSE	patient	TCGA-MP-A4TF	TCGA-MP-A4TF
FOXD2	JASPAR2024|000361|MA0847.4	1.0	0.5138	1322.0	3584.0	10003.1	27571.0	0.037813460722489055	FALSE	patient	TCGA-MP-A4TF	TCGA-MP-A4TF
ZBTB18	JASPAR2024|000681|MA0698.2	1.0	0.5842	2060.0	3584.0	15707.4	27571.0	0.029770657772505028	FALSE	patient	TCGA-MP-A4TF	TCGA-MP-A4TF
FOXD2	CIS-BP2.00|000235|M03042_2.00	1.0	0.6609	1308.0	3584.0	9958.8	27571.0	0.02359630448417601	FALSE	patient	TCGA-MP-A4TF	TCGA-MP-A4TF
FOXA2	CIS-BP2.00|000889|M07959_2.00	1.0	0.6772	2140.0	3584.0	16370.1	27571.0	0.019949490427746186	FALSE	patient	TCGA-MP-A4TF	TCGA-MP-A4TF
ZNF281	CIS-BP2.00|001020|M08321_2.00	1.0	0.7138	2949.0	3584.0	22629.4	27571.0	0.0194722773949188	FALSE	patient	TCGA-MP-A4TF	TCGA-MP-A4TF
GATA6	JASPAR2024|000382|MA1104.3	1.0	0.7311	2954.0	3584.0	22679.8	27571.0	0.015313833376294673	FALSE	patient	TCGA-MP-A4TF	TCGA-MP-A4TF
FOXA1	JASPAR2024|000356|MA0148.5	1.0	0.8709	2878.0	3584.0	22137.6	27571.0	8.425930978239389e-05	FALSE	patient	TCGA-MP-A4TF	TCGA-MP-A4TF
HNF4A	JASPAR2024|000409|MA1494.2	1.0	0.8709	406.0	3584.0	3121.9	27571.0	0.0020647585911450807	FALSE	patient	TCGA-MP-A4TF	TCGA-MP-A4TF
ZNF19	CIS-BP2.00|000670|M07603_2.00	1.0	0.8709	3566.0	3584.0	27432.5	27571.0	-0.0338438143418381	FALSE	patient	TCGA-MP-A4TF	TCGA-MP-A4TF
ZBTB18	CIS-BP2.00|000988|M08257_2.00	1.0	0.8709	3145.0	3584.0	24203.0	27571.0	-0.005683190541966244	FALSE	patient	TCGA-MP-A4TF	TCGA-MP-A4TF
ZNF33A	CIS-BP2.00|000762|M07695_2.00	1.0	0.8709	3259.0	3584.0	25088.2	27571.0	-0.012786026233065217	FALSE	patient	TCGA-MP-A4TF	TCGA-MP-A4TF
FOXA2	JASPAR2024|000357|MA0047.4	1.0	0.9256	2788.0	3584.0	21508.4	27571.0	-0.019063218345706765	FALSE	patient	TCGA-MP-A4TF	TCGA-MP-A4TF
ZNF540	CIS-BP2.00|000701|M07634_2.00	1.0	0.9422	762.0	3584.0	5939.0	27571.0	-0.02337732770962263	FALSE	patient	TCGA-MP-A4TF	TCGA-MP-A4TF
ZNF341	CIS-BP2.00|001017|M08310_2.00	1.0	0.9573	3578.0	3584.0	27531.0	27571.0	-0.304246044985258	FALSE	patient	TCGA-MP-A4TF	TCGA-MP-A4TF
FOXA3	JASPAR2024|000358|MA1683.2	1.0	0.9573	3163.0	3584.0	24412.2	27571.0	-0.04203796003681172	FALSE	patient	TCGA-MP-A4TF	TCGA-MP-A4TF
GATA6	CIS-BP2.00|000947|M08124_2.00	1.0	0.9573	2666.0	3584.0	20622.5	27571.0	-0.03178122730939677	FALSE	patient	TCGA-MP-A4TF	TCGA-MP-A4TF
E2F5	CIS-BP2.00|000940|M08109_2.00	1.0	0.9573	3077.0	3584.0	23764.3	27571.0	-0.04174486622354355	FALSE	patient	TCGA-MP-A4TF	TCGA-MP-A4TF
ZNF341	JASPAR2024|000712|MA1655.2	1.0	0.9573	3581.0	3584.0	27553.2	27571.0	-0.5571933930617715	FALSE	patient	TCGA-MP-A4TF	TCGA-MP-A4TF
NKX2-1	JASPAR2024|000822|MA1994.2	1.0	0.9573	3406.0	3584.0	26269.0	27571.0	-0.07973923621045113	FALSE	patient	TCGA-MP-A4TF	TCGA-MP-A4TF
ZNF33B	CIS-BP2.00|000777|M07710_2.00	1.0	0.9573	1211.0	3584.0	9483.3	27571.0	-0.03870993975120314	FALSE	patient	TCGA-MP-A4TF	TCGA-MP-A4TF
ETV1	CIS-BP2.00|000457|M04708_2.00	1.0	0.9573	3574.0	3584.0	27511.5	27571.0	-0.4296744907856055	FALSE	patient	TCGA-MP-A4TF	TCGA-MP-A4TF
NFATC4	CIS-BP2.00|000101|M01306_2.00	1.0	0.9598	3584.0	3584.0	27573.2	27571.0	-2.943449072269144	FALSE	patient	TCGA-MP-A4TF	TCGA-MP-A4TF
NR3C2	CIS-BP2.00|000154|M02395_2.00	1.0	0.9598	3584.0	3584.0	27573.2	27571.0	-2.943449072269144	FALSE	patient	TCGA-MP-A4TF	TCGA-MP-A4TF
HNF4A	JASPAR2024|000410|MA0114.5	1.0	0.9737	3429.0	3584.0	26498.5	27571.0	-0.163204165919092	FALSE	patient	TCGA-MP-A4TF	TCGA-MP-A4TF
ZNF254	CIS-BP2.00|000827|M07760_2.00	1.0	1.0	532.0	3584.0	4508.0	27571.0	-0.16424582578958397	FALSE	patient	TCGA-MP-A4TF	TCGA-MP-A4TF
ETV1	JASPAR2024|000652|MA1966.2	1.0	1.0	3440.0	3584.0	26671.2	27571.0	-0.31528330649177494	FALSE	patient	TCGA-MP-A4TF	TCGA-MP-A4TF
HNF4A	CIS-BP2.00|000974|M08219_2.00	1.0	1.0	3242.0	3584.0	25275.1	27571.0	-0.21736879254965327	FALSE	patient	TCGA-MP-A4TF	TCGA-MP-A4TF
ELF3	CIS-BP2.00|000227|M03002_2.00	1e-16	0.0	1601.0	3584.0	10455.1	27593.0	0.40433197570852514	TRUE	patient	TCGA-NJ-A4YG	TCGA-NJ-A4YG
FOXA3	CIS-BP2.00|000469|M04831_2.00	1e-10	0.0	184.0	3584.0	850.2	27593.0	0.7703290636109497	TRUE	patient	TCGA-NJ-A4YG	TCGA-NJ-A4YG
XBP1	CIS-BP2.00|000375|M04231_2.00	1e-06	0.0	3351.0	3584.0	25148.3	27593.0	0.4808472940804968	TRUE	patient	TCGA-NJ-A4YG	TCGA-NJ-A4YG
FOXD2	JASPAR2024|000361|MA0847.4	0.001	0.0018	1402.0	3584.0	9987.2	27593.0	0.1798864798069298	FALSE	patient	TCGA-NJ-A4YG	TCGA-NJ-A4YG
FOXA2	CIS-BP2.00|000889|M07959_2.00	0.001	0.0024	2227.0	3584.0	16360.9	27593.0	0.1718689384487491	FALSE	patient	TCGA-NJ-A4YG	TCGA-NJ-A4YG
CREB3L2	CIS-BP2.00|000117|M01812_2.00	0.001	0.0039	1882.0	3584.0	13729.5	27593.0	0.15900700078556376	FALSE	patient	TCGA-NJ-A4YG	TCGA-NJ-A4YG
FOXA1	CIS-BP2.00|000890|M07960_2.00	0.001	0.0055	1926.0	3584.0	14101.7	27593.0	0.15226576482999016	FALSE	patient	TCGA-NJ-A4YG	TCGA-NJ-A4YG
CREB3L2	JASPAR2024|000025|MA0608.1	0.01	0.006	1866.0	3584.0	13653.8	27593.0	0.1490298149096195	FALSE	patient	TCGA-NJ-A4YG	TCGA-NJ-A4YG
CEBPB	JASPAR2024|000235|MA0466.4	0.01	0.0069	266.0	3584.0	1702.5	27593.0	0.2879765119254444	FALSE	patient	TCGA-NJ-A4YG	TCGA-NJ-A4YG
ZNF444	CIS-BP2.00|000420|M04529_2.00	0.01	0.0184	1353.0	3584.0	9825.9	27593.0	0.13319502738885935	FALSE	patient	TCGA-NJ-A4YG	TCGA-NJ-A4YG
NFATC4	JASPAR2024|000506|MA1525.3	0.01	0.0194	2556.0	3584.0	19125.8	27593.0	0.13811248463036752	FALSE	patient	TCGA-NJ-A4YG	TCGA-NJ-A4YG
XBP1	JASPAR2024|000675|MA0844.2	0.1	0.1059	1663.0	3584.0	12359.4	27593.0	0.09362608993442963	FALSE	patient	TCGA-NJ-A4YG	TCGA-NJ-A4YG
ZNF75D	JASPAR2024|000169|MA1601.2	0.1	0.1772	2543.0	3584.0	19227.0	27593.0	0.08767718641821201	FALSE	patient	TCGA-NJ-A4YG	TCGA-NJ-A4YG
ZNF540	CIS-BP2.00|000701|M07634_2.00	0.1	0.2111	796.0	3584.0	5836.5	27593.0	0.09043766445715903	FALSE	patient	TCGA-NJ-A4YG	TCGA-NJ-A4YG
ETV1	JASPAR2024|000311|MA0761.3	0.1	0.2111	3566.0	3584.0	27396.9	27593.0	0.4682080358775724	FALSE	patient	TCGA-NJ-A4YG	TCGA-NJ-A4YG
ELF3	JASPAR2024|000276|MA0640.3	0.1	0.2111	3575.0	3584.0	27481.8	27593.0	0.6132720218893459	FALSE	patient	TCGA-NJ-A4YG	TCGA-NJ-A4YG
ZNF341	JASPAR2024|000712|MA1655.2	0.1	0.2111	3584.0	3584.0	27576.2	27593.0	2.1690941047689773	FALSE	patient	TCGA-NJ-A4YG	TCGA-NJ-A4YG
NKX2-1	JASPAR2024|000822|MA1994.2	0.1	0.255	3430.0	3584.0	26280.1	27593.0	0.15012017516656276	FALSE	patient	TCGA-NJ-A4YG	TCGA-NJ-A4YG
ZNF33A	CIS-BP2.00|000762|M07695_2.00	1.0	0.2574	3283.0	3584.0	25109.2	27593.0	0.10767106267719923	FALSE	patient	TCGA-NJ-A4YG	TCGA-NJ-A4YG
CEBPA	JASPAR2024|000234|MA0102.5	1.0	0.3244	2611.0	3584.0	19875.4	27593.0	0.058923272620276336	FALSE	patient	TCGA-NJ-A4YG	TCGA-NJ-A4YG
ZNF75D	CIS-BP2.00|000750|M07683_2.00	1.0	0.3244	2263.0	3584.0	17181.2	27593.0	0.053794878738779674	FALSE	patient	TCGA-NJ-A4YG	TCGA-NJ-A4YG
CEBPA	CIS-BP2.00|000926|M08076_2.00	1.0	0.3378	1353.0	3584.0	10191.7	27593.0	0.05045213086135478	FALSE	patient	TCGA-NJ-A4YG	TCGA-NJ-A4YG
FOXD2	CIS-BP2.00|000235|M03042_2.00	1.0	0.3473	1325.0	3584.0	9987.1	27593.0	0.04842311498805003	FALSE	patient	TCGA-NJ-A4YG	TCGA-NJ-A4YG
FOXA3	JASPAR2024|000358|MA1683.2	1.0	0.3583	3186.0	3584.0	24394.9	27593.0	0.06822438580001447	FALSE	patient	TCGA-NJ-A4YG	TCGA-NJ-A4YG
FOXA2	JASPAR2024|000357|MA0047.4	1.0	0.3679	2815.0	3584.0	21507.5	27593.0	0.05009078146294828	FALSE	patient	TCGA-NJ-A4YG	TCGA-NJ-A4YG
ETV1	CIS-BP2.00|000457|M04708_2.00	1.0	0.3809	3579.0	3584.0	27536.6	27593.0	0.4273784798959459	FALSE	patient	TCGA-NJ-A4YG	TCGA-NJ-A4YG
CEBPB	CIS-BP2.00|000866|M07830_2.00	1.0	0.3836	1595.0	3584.0	12101.5	27593.0	0.03788062627980359	FALSE	patient	TCGA-NJ-A4YG	TCGA-NJ-A4YG
FOXA1	JASPAR2024|000356|MA0148.5	1.0	0.3909	2890.0	3584.0	22114.5	27593.0	0.04423173955544856	FALSE	patient	TCGA-NJ-A4YG	TCGA-NJ-A4YG
ZBTB18	CIS-BP2.00|000988|M08257_2.00	1.0	0.4151	3165.0	3584.0	24267.5	27593.0	0.04849553703796349	FALSE	patient	TCGA-NJ-A4YG	TCGA-NJ-A4YG
ZNF141	CIS-BP2.00|000653|M07586_2.00	1.0	0.4508	2594.0	3584.0	19853.7	27593.0	0.030151617255652727	FALSE	patient	TCGA-NJ-A4YG	TCGA-NJ-A4YG
NR3C2	JASPAR2024|000539|MA0727.2	1.0	0.551	246.0	3584.0	1852.0	27593.0	0.03701018808779259	FALSE	patient	TCGA-NJ-A4YG	TCGA-NJ-A4YG
ZNF19	CIS-BP2.00|000670|M07603_2.00	1.0	0.6279	3567.0	3584.0	27454.2	27593.0	0.048700618674006234	FALSE	patient	TCGA-NJ-A4YG	TCGA-NJ-A4YG
HNF4A	CIS-BP2.00|000974|M08219_2.00	1.0	0.7223	3292.0	3584.0	25345.8	27593.0	-0.002578852966524427	FALSE	patient	TCGA-NJ-A4YG	TCGA-NJ-A4YG
ZBTB18	JASPAR2024|000681|MA0698.2	1.0	0.8182	2045.0	3584.0	15795.2	27593.0	-0.01096120420897581	FALSE	patient	TCGA-NJ-A4YG	TCGA-NJ-A4YG
ETV1	JASPAR2024|000652|MA1966.2	1.0	0.9058	3462.0	3584.0	26689.0	27593.0	-0.06204754845009297	FALSE	patient	TCGA-NJ-A4YG	TCGA-NJ-A4YG
GATA6	JASPAR2024|000382|MA1104.3	1.0	1.0	2931.0	3584.0	22744.5	27593.0	-0.06441036018164686	FALSE	patient	TCGA-NJ-A4YG	TCGA-NJ-A4YG
ZNF281	JASPAR2024|000706|MA1630.3	1.0	1.0	2918.0	3584.0	22654.7	27593.0	-0.06705948710535627	FALSE	patient	TCGA-NJ-A4YG	TCGA-NJ-A4YG
E2F5	CIS-BP2.00|000940|M08109_2.00	1.0	1.0	3060.0	3584.0	23736.5	27593.0	-0.07683387022497684	FALSE	patient	TCGA-NJ-A4YG	TCGA-NJ-A4YG
NFATC4	CIS-BP2.00|000101|M01306_2.00	1.0	1.0	3584.0	3584.0	27596.5	27593.0	-2.944667646492462	FALSE	patient	TCGA-NJ-A4YG	TCGA-NJ-A4YG
NR3C2	CIS-BP2.00|000154|M02395_2.00	1.0	1.0	3584.0	3584.0	27596.5	27593.0	-2.944667646492462	FALSE	patient	TCGA-NJ-A4YG	TCGA-NJ-A4YG
ZNF33B	CIS-BP2.00|000777|M07710_2.00	1.0	1.0	1195.0	3584.0	9476.7	27593.0	-0.06429927406813707	FALSE	patient	TCGA-NJ-A4YG	TCGA-NJ-A4YG
HNF4A	JASPAR2024|000409|MA1494.2	1.0	1.0	379.0	3584.0	3115.7	27593.0	-0.10476345443616883	FALSE	patient	TCGA-NJ-A4YG	TCGA-NJ-A4YG
HNF4A	JASPAR2024|000410|MA0114.5	1.0	1.0	3424.0	3584.0	26514.6	27593.0	-0.20393297463154159	FALSE	patient	TCGA-NJ-A4YG	TCGA-NJ-A4YG
ZNF281	CIS-BP2.00|001020|M08321_2.00	1.0	1.0	2897.0	3584.0	22627.0	27593.0	-0.11239873804261549	FALSE	patient	TCGA-NJ-A4YG	TCGA-NJ-A4YG
ZNF341	CIS-BP2.00|001017|M08310_2.00	1.0	1.0	3574.0	3584.0	27552.2	27593.0	-0.9706278901039258	FALSE	patient	TCGA-NJ-A4YG	TCGA-NJ-A4YG
GATA6	CIS-BP2.00|000947|M08124_2.00	1.0	1.0	2631.0	3584.0	20656.6	27593.0	-0.10969418835076915	FALSE	patient	TCGA-NJ-A4YG	TCGA-NJ-A4YG
ZNF254	CIS-BP2.00|000827|M07760_2.00	1.0	1.0	511.0	3584.0	4597.3	27593.0	-0.26469647346974023	FALSE	patient	TCGA-NJ-A4YG	TCGA-NJ-A4YG
ELF3	CIS-BP2.00|000227|M03002_2.00	1e-12	0.0	1596.0	3584.0	10522.7	27219.0	0.3492301419187714	TRUE	PDX	MGH10022	MGH10022
NFATC4	JASPAR2024|000506|MA1525.3	1e-06	0.0	2637.0	3584.0	19030.7	27219.0	0.26033067034389784	TRUE	PDX	MGH10022	MGH10022
CEBPB	JASPAR2024|000235|MA0466.4	0.0001	0.0002	297.0	3584.0	1764.4	27219.0	0.38426706515053927	FALSE	PDX	MGH10022	MGH10022
XBP1	JASPAR2024|000675|MA0844.2	0.001	0.0108	1756.0	3584.0	12624.2	27219.0	0.15129770939597872	FALSE	PDX	MGH10022	MGH10022
ZNF33A	CIS-BP2.00|000762|M07695_2.00	0.01	0.036	3271.0	3584.0	24477.5	27219.0	0.22522971281608273	FALSE	PDX	MGH10022	MGH10022
FOXA3	CIS-BP2.00|000469|M04831_2.00	0.01	0.058	139.0	3584.0	853.2	27219.0	0.32244581130770855	FALSE	PDX	MGH10022	MGH10022
ZNF444	CIS-BP2.00|000420|M04529_2.00	0.1	0.0788	1286.0	3584.0	9272.3	27219.0	0.11544062940182441	FALSE	PDX	MGH10022	MGH10022
FOXA1	JASPAR2024|000356|MA0148.5	0.1	0.0788	2900.0	3584.0	21607.3	27219.0	0.13826530897497671	FALSE	PDX	MGH10022	MGH10022
ZNF75D	JASPAR2024|000169|MA1601.2	0.1	0.0849	2521.0	3584.0	18691.7	27219.0	0.11327132176806033	FALSE	PDX	MGH10022	MGH10022
FOXD2	CIS-BP2.00|000235|M03042_2.00	0.1	0.1026	1374.0	3584.0	9987.3	27219.0	0.10140223430546023	FALSE	PDX	MGH10022	MGH10022
CEBPB	CIS-BP2.00|000866|M07830_2.00	0.1	0.1388	1626.0	3584.0	11927.5	27219.0	0.09044663664159183	FALSE	PDX	MGH10022	MGH10022
FOXA3	JASPAR2024|000358|MA1683.2	0.1	0.1388	3181.0	3584.0	23883.3	27219.0	0.13931183385857784	FALSE	PDX	MGH10022	MGH10022
CREB3L2	CIS-BP2.00|000117|M01812_2.00	0.1	0.1388	1857.0	3584.0	13692.1	27219.0	0.08716465980934897	FALSE	PDX	MGH10022	MGH10022
CREB3L2	JASPAR2024|000025|MA0608.1	0.1	0.1624	1843.0	3584.0	13614.4	27219.0	0.08107811823071119	FALSE	PDX	MGH10022	MGH10022
XBP1	CIS-BP2.00|000375|M04231_2.00	0.1	0.1886	3315.0	3584.0	24977.3	27219.0	0.1432097390259905	FALSE	PDX	MGH10022	MGH10022
FOXA2	JASPAR2024|000357|MA0047.4	0.1	0.1886	2791.0	3584.0	20894.8	27219.0	0.0906289110103078	FALSE	PDX	MGH10022	MGH10022
CEBPA	JASPAR2024|000234|MA0102.5	0.1	0.1886	2596.0	3584.0	19403.6	27219.0	0.08137774876661698	FALSE	PDX	MGH10022	MGH10022
ELF3	JASPAR2024|000276|MA0640.3	0.1	0.1917	3575.0	3584.0	27103.7	27219.0	0.685264412715241	FALSE	PDX	MGH10022	MGH10022
ZNF75D	CIS-BP2.00|000750|M07683_2.00	0.1	0.2257	2241.0	3584.0	16719.9	27219.0	0.06719318382957777	FALSE	PDX	MGH10022	MGH10022
FOXA1	CIS-BP2.00|000890|M07960_2.00	0.1	0.2257	1823.0	3584.0	13537.3	27219.0	0.06521264021077579	FALSE	PDX	MGH10022	MGH10022
CEBPA	CIS-BP2.00|000926|M08076_2.00	1.0	0.2505	1357.0	3584.0	10034.4	27219.0	0.061658773054682245	FALSE	PDX	MGH10022	MGH10022
ETV1	JASPAR2024|000311|MA0761.3	1.0	0.5453	3561.0	3584.0	27011.4	27219.0	0.2235060768958049	FALSE	PDX	MGH10022	MGH10022
FOXA2	CIS-BP2.00|000889|M07959_2.00	1.0	0.5453	2092.0	3584.0	15742.7	27219.0	0.03148831602911748	FALSE	PDX	MGH10022	MGH10022
ZNF19	CIS-BP2.00|000670|M07603_2.00	1.0	0.5453	3569.0	3584.0	27078.3	27219.0	0.2640300679438634	FALSE	PDX	MGH10022	MGH10022
ZNF341	CIS-BP2.00|001017|M08310_2.00	1.0	0.5453	3580.0	3584.0	27170.3	27219.0	0.5268373372695632	FALSE	PDX	MGH10022	MGH10022
ZNF141	CIS-BP2.00|000653|M07586_2.00	1.0	0.8794	2537.0	3584.0	19254.3	27219.0	0.003021932735848853	FALSE	PDX	MGH10022	MGH10022
GATA6	JASPAR2024|000382|MA1104.3	1.0	0.8839	2941.0	3584.0	22332.9	27219.0	0.00024000185314129504	FALSE	PDX	MGH10022	MGH10022
ZNF281	JASPAR2024|000706|MA1630.3	1.0	0.9426	2888.0	3584.0	21954.5	27219.0	-0.007918861361952032	FALSE	PDX	MGH10022	MGH10022
ZNF341	JASPAR2024|000712|MA1655.2	1.0	0.9426	3582.0	3584.0	27198.0	27219.0	0.17984818052130508	FALSE	PDX	MGH10022	MGH10022
HNF4A	JASPAR2024|000410|MA0114.5	1.0	1.0	3423.0	3584.0	26035.4	27219.0	-0.0527735055984353	FALSE	PDX	MGH10022	MGH10022
ZNF281	CIS-BP2.00|001020|M08321_2.00	1.0	1.0	2877.0	3584.0	21933.3	27219.0	-0.028838988681693472	FALSE	PDX	MGH10022	MGH10022
NR3C2	JASPAR2024|000539|MA0727.2	1.0	1.0	222.0	3584.0	1759.5	27219.0	-0.06307194121352803	FALSE	PDX	MGH10022	MGH10022
FOXD2	JASPAR2024|000361|MA0847.4	1.0	1.0	1263.0	3584.0	9742.5	27219.0	-0.0346120260798389	FALSE	PDX	MGH10022	MGH10022
HNF4A	JASPAR2024|000409|MA1494.2	1.0	1.0	372.0	3584.0	2944.5	27219.0	-0.06525236714298492	FALSE	PDX	MGH10022	MGH10022
ETV1	CIS-BP2.00|000457|M04708_2.00	1.0	1.0	3575.0	3584.0	27162.3	27219.0	-0.33539956649165903	FALSE	PDX	MGH10022	MGH10022
E2F5	CIS-BP2.00|000940|M08109_2.00	1.0	1.0	3085.0	3584.0	23578.3	27219.0	-0.06805669449509294	FALSE	PDX	MGH10022	MGH10022
ZNF540	CIS-BP2.00|000701|M07634_2.00	1.0	1.0	755.0	3584.0	5919.5	27219.0	-0.05785912743368756	FALSE	PDX	MGH10022	MGH10022
ZBTB18	CIS-BP2.00|000988|M08257_2.00	1.0	1.0	3120.0	3584.0	23848.4	27219.0	-0.07460468628844118	FALSE	PDX	MGH10022	MGH10022
GATA6	CIS-BP2.00|000947|M08124_2.00	1.0	1.0	2644.0	3584.0	20295.2	27219.0	-0.05993883610673555	FALSE	PDX	MGH10022	MGH10022
NFATC4	CIS-BP2.00|000101|M01306_2.00	1.0	1.0	3584.0	3584.0	27216.4	27219.0	-0.29239074068616344	FALSE	PDX	MGH10022	MGH10022
NR3C2	CIS-BP2.00|000154|M02395_2.00	1.0	1.0	3584.0	3584.0	27216.4	27219.0	-0.29239074068616344	FALSE	PDX	MGH10022	MGH10022
HNF4A	CIS-BP2.00|000974|M08219_2.00	1.0	1.0	3243.0	3584.0	24810.8	27219.0	-0.11707674836541775	FALSE	PDX	MGH10022	MGH10022
NKX2-1	JASPAR2024|000822|MA1994.2	1.0	1.0	3380.0	3584.0	25834.9	27219.0	-0.17474416340242788	FALSE	PDX	MGH10022	MGH10022
ETV1	JASPAR2024|000652|MA1966.2	1.0	1.0	3445.0	3584.0	26298.1	27219.0	-0.20863826158152435	FALSE	PDX	MGH10022	MGH10022
ZNF254	CIS-BP2.00|000827|M07760_2.00	1.0	1.0	536.0	3584.0	4352.9	27219.0	-0.11342208967022305	FALSE	PDX	MGH10022	MGH10022
ZNF33B	CIS-BP2.00|000777|M07710_2.00	1.0	1.0	1170.0	3584.0	9392.9	27219.0	-0.12028730966161806	FALSE	PDX	MGH10022	MGH10022
ZBTB18	JASPAR2024|000681|MA0698.2	1.0	1.0	1875.0	3584.0	14955.4	27219.0	-0.1525725240661903	FALSE	PDX	MGH10022	MGH10022
ELF3	CIS-BP2.00|000227|M03002_2.00	1e-23	0.0	1705.0	3584.0	10271.5	26183.0	0.4912439132818282	TRUE	PDX	MGH1062	MGH1062
XBP1	JASPAR2024|000675|MA0844.2	1e-11	0.0	1953.0	3584.0	12793.8	26183.0	0.3254846881255231	TRUE	PDX	MGH1062	MGH1062
CEBPB	JASPAR2024|000235|MA0466.4	1e-08	0.0	344.0	3584.0	1824.5	26183.0	0.5048459929747771	TRUE	PDX	MGH1062	MGH1062
NFATC4	JASPAR2024|000506|MA1525.3	1e-06	0.0	2683.0	3584.0	18616.4	26183.0	0.2749160450755545	TRUE	PDX	MGH1062	MGH1062
ZNF75D	JASPAR2024|000169|MA1601.2	0.0001	0.0009	2497.0	3584.0	17473.7	26183.0	0.19495436532293467	FALSE	PDX	MGH1062	MGH1062
E2F5	CIS-BP2.00|000940|M08109_2.00	0.001	0.0016	3212.0	3584.0	22965.8	26183.0	0.27296740324661295	FALSE	PDX	MGH1062	MGH1062
NKX2-1	JASPAR2024|000822|MA1994.2	0.001	0.0025	3422.0	3584.0	24662.3	26183.0	0.3774840673256877	FALSE	PDX	MGH1062	MGH1062
XBP1	CIS-BP2.00|000375|M04231_2.00	0.01	0.0084	3382.0	3584.0	24383.0	26183.0	0.3026604009137172	FALSE	PDX	MGH1062	MGH1062
HNF4A	JASPAR2024|000410|MA0114.5	0.01	0.014	3440.0	3584.0	24869.4	26183.0	0.3312231100378004	FALSE	PDX	MGH1062	MGH1062
FOXA3	JASPAR2024|000358|MA1683.2	0.01	0.014	3184.0	3584.0	22858.1	26183.0	0.21005546998396613	FALSE	PDX	MGH1062	MGH1062
ZNF281	JASPAR2024|000706|MA1630.3	0.01	0.014	2942.0	3584.0	21021.8	26183.0	0.16927173505290513	FALSE	PDX	MGH1062	MGH1062
ZNF75D	CIS-BP2.00|000750|M07683_2.00	0.01	0.0212	2205.0	3584.0	15559.7	26183.0	0.1263995922690966	FALSE	PDX	MGH1062	MGH1062
GATA6	JASPAR2024|000382|MA1104.3	0.01	0.0212	2977.0	3584.0	21316.8	26183.0	0.16213622283636278	FALSE	PDX	MGH1062	MGH1062
ZNF281	CIS-BP2.00|001020|M08321_2.00	0.01	0.0212	2932.0	3584.0	20977.7	26183.0	0.15738219778212534	FALSE	PDX	MGH1062	MGH1062
FOXA2	JASPAR2024|000357|MA0047.4	0.01	0.0266	2778.0	3584.0	19847.0	26183.0	0.13736059057565284	FALSE	PDX	MGH1062	MGH1062
ZNF19	CIS-BP2.00|000670|M07603_2.00	0.01	0.0289	3573.0	3584.0	26026.1	26183.0	0.9101526112020417	FALSE	PDX	MGH1062	MGH1062
FOXA1	JASPAR2024|000356|MA0148.5	0.1	0.0375	2889.0	3584.0	20712.6	26183.0	0.13400405191322612	FALSE	PDX	MGH1062	MGH1062
CEBPB	CIS-BP2.00|000866|M07830_2.00	0.1	0.063	1629.0	3584.0	11468.8	26183.0	0.09637260247905267	FALSE	PDX	MGH1062	MGH1062
CREB3L2	CIS-BP2.00|000117|M01812_2.00	0.1	0.0779	1911.0	3584.0	13551.5	26183.0	0.09041394567615753	FALSE	PDX	MGH1062	MGH1062
FOXA1	CIS-BP2.00|000890|M07960_2.00	0.1	0.0858	1789.0	3584.0	12674.1	26183.0	0.08719427400127308	FALSE	PDX	MGH1062	MGH1062
CEBPA	JASPAR2024|000234|MA0102.5	0.1	0.0937	2557.0	3584.0	18331.6	26183.0	0.09233748964233673	FALSE	PDX	MGH1062	MGH1062
GATA6	CIS-BP2.00|000947|M08124_2.00	0.1	0.0983	2675.0	3584.0	19214.7	26183.0	0.09339714945647258	FALSE	PDX	MGH1062	MGH1062
CREB3L2	JASPAR2024|000025|MA0608.1	0.1	0.1136	1891.0	3584.0	13463.7	26183.0	0.07747026408591055	FALSE	PDX	MGH1062	MGH1062
FOXA2	CIS-BP2.00|000889|M07959_2.00	0.1	0.1296	2068.0	3584.0	14778.4	26183.0	0.0739796628208421	FALSE	PDX	MGH1062	MGH1062
ZNF33A	CIS-BP2.00|000762|M07695_2.00	1.0	0.256	3208.0	3584.0	23282.6	26183.0	0.08646652513996797	FALSE	PDX	MGH1062	MGH1062
FOXA3	CIS-BP2.00|000469|M04831_2.00	1.0	0.3356	130.0	3584.0	876.9	26183.0	0.12377997453983053	FALSE	PDX	MGH1062	MGH1062
ETV1	CIS-BP2.00|000457|M04708_2.00	1.0	0.3501	3580.0	3584.0	26134.1	26183.0	0.5887860290384461	FALSE	PDX	MGH1062	MGH1062
CEBPA	CIS-BP2.00|000926|M08076_2.00	1.0	0.3564	1356.0	3584.0	9734.0	26183.0	0.04068103525347981	FALSE	PDX	MGH1062	MGH1062
ELF3	JASPAR2024|000276|MA0640.3	1.0	0.4242	3571.0	3584.0	26065.9	26183.0	0.2552674265201305	FALSE	PDX	MGH1062	MGH1062
ZNF341	CIS-BP2.00|001017|M08310_2.00	1.0	0.5895	3575.0	3584.0	26105.8	26183.0	0.16373408699441497	FALSE	PDX	MGH1062	MGH1062
ZNF141	CIS-BP2.00|000653|M07586_2.00	1.0	0.6468	2543.0	3584.0	18537.5	26183.0	0.010443755071650485	FALSE	PDX	MGH1062	MGH1062
ETV1	JASPAR2024|000311|MA0761.3	1.0	0.7056	3554.0	3584.0	25957.4	26183.0	0.021624710591210163	FALSE	PDX	MGH1062	MGH1062
HNF4A	CIS-BP2.00|000974|M08219_2.00	1.0	0.8371	3226.0	3584.0	23592.5	26183.0	-0.016852956018586485	FALSE	PDX	MGH1062	MGH1062
FOXD2	CIS-BP2.00|000235|M03042_2.00	1.0	0.855	1388.0	3584.0	10201.7	26183.0	-0.01412970499747507	FALSE	PDX	MGH1062	MGH1062
ZNF341	JASPAR2024|000712|MA1655.2	1.0	0.8657	3581.0	3584.0	26161.1	26183.0	-0.19074302409095728	FALSE	PDX	MGH1062	MGH1062
ZNF444	CIS-BP2.00|000420|M04529_2.00	1.0	0.8657	1198.0	3584.0	8829.5	26183.0	-0.01888353611351226	FALSE	PDX	MGH1062	MGH1062
ZNF540	CIS-BP2.00|000701|M07634_2.00	1.0	1.0	805.0	3584.0	6030.4	26183.0	-0.04631233206537434	FALSE	PDX	MGH1062	MGH1062
ETV1	JASPAR2024|000652|MA1966.2	1.0	1.0	3444.0	3584.0	25226.6	26183.0	-0.1048098520672226	FALSE	PDX	MGH1062	MGH1062
HNF4A	JASPAR2024|000409|MA1494.2	1.0	1.0	360.0	3584.0	2745.9	26183.0	-0.067793126505426	FALSE	PDX	MGH1062	MGH1062
ZNF33B	CIS-BP2.00|000777|M07710_2.00	1.0	1.0	1215.0	3584.0	9060.6	26183.0	-0.0448638112084053	FALSE	PDX	MGH1062	MGH1062
NFATC4	CIS-BP2.00|000101|M01306_2.00	1.0	1.0	3584.0	3584.0	26183.5	26183.0	-2.868841710185844	FALSE	PDX	MGH1062	MGH1062
NR3C2	CIS-BP2.00|000154|M02395_2.00	1.0	1.0	3584.0	3584.0	26183.5	26183.0	-2.868841710185844	FALSE	PDX	MGH1062	MGH1062
ZNF254	CIS-BP2.00|000827|M07760_2.00	1.0	1.0	476.0	3584.0	3676.3	26183.0	-0.09180647783163998	FALSE	PDX	MGH1062	MGH1062
FOXD2	JASPAR2024|000361|MA0847.4	1.0	1.0	1255.0	3584.0	9550.3	26183.0	-0.09138603896583213	FALSE	PDX	MGH1062	MGH1062
ZBTB18	JASPAR2024|000681|MA0698.2	1.0	1.0	1739.0	3584.0	13262.2	26183.0	-0.12296234006314873	FALSE	PDX	MGH1062	MGH1062
ZBTB18	CIS-BP2.00|000988|M08257_2.00	1.0	1.0	3024.0	3584.0	22491.0	26183.0	-0.1747996716953603	FALSE	PDX	MGH1062	MGH1062
NR3C2	JASPAR2024|000539|MA0727.2	1.0	1.0	197.0	3584.0	1737.8	26183.0	-0.2864646632455369	FALSE	PDX	MGH1062	MGH1062
ELF3	CIS-BP2.00|000227|M03002_2.00	1e-31	0.0	1727.0	3584.0	10431.8	27089.0	0.5704554525881219	TRUE	PDX	MGH1068	MGH1068
CEBPB	JASPAR2024|000235|MA0466.4	1e-12	0.0	358.0	3584.0	1838.6	27089.0	0.6093379755945844	TRUE	PDX	MGH1068	MGH1068
FOXA3	CIS-BP2.00|000469|M04831_2.00	1e-06	0.0	179.0	3584.0	905.9	27089.0	0.6065609135899779	TRUE	PDX	MGH1068	MGH1068
NFATC4	JASPAR2024|000506|MA1525.3	0.0001	0.0001	2646.0	3584.0	19136.6	27089.0	0.22883771636217423	FALSE	PDX	MGH1068	MGH1068
XBP1	JASPAR2024|000675|MA0844.2	0.001	0.0019	1762.0	3584.0	12517.6	27089.0	0.17087783634573903	FALSE	PDX	MGH1068	MGH1068
XBP1	CIS-BP2.00|000375|M04231_2.00	0.001	0.002	3354.0	3584.0	24936.2	27089.0	0.32960976567357697	FALSE	PDX	MGH1068	MGH1068
CREB3L2	CIS-BP2.00|000117|M01812_2.00	0.01	0.0071	1904.0	3584.0	13693.7	27089.0	0.14873749920216364	FALSE	PDX	MGH1068	MGH1068
ZNF444	CIS-BP2.00|000420|M04529_2.00	0.01	0.0071	1311.0	3584.0	9248.5	27089.0	0.15412998978947298	FALSE	PDX	MGH1068	MGH1068
FOXA1	CIS-BP2.00|000890|M07960_2.00	0.01	0.0071	1902.0	3584.0	13694.2	27089.0	0.14539917860998064	FALSE	PDX	MGH1068	MGH1068
CREB3L2	JASPAR2024|000025|MA0608.1	0.01	0.0149	1883.0	3584.0	13612.1	27089.0	0.13220843982703476	FALSE	PDX	MGH1068	MGH1068
FOXA2	CIS-BP2.00|000889|M07959_2.00	0.01	0.03	2174.0	3584.0	15883.5	27089.0	0.12117417458421889	FALSE	PDX	MGH1068	MGH1068
FOXA3	JASPAR2024|000358|MA1683.2	0.1	0.0567	3203.0	3584.0	23892.9	27089.0	0.16789199811752184	FALSE	PDX	MGH1068	MGH1068
ZNF75D	JASPAR2024|000169|MA1601.2	0.1	0.0655	2510.0	3584.0	18530.2	27089.0	0.10995658133854583	FALSE	PDX	MGH1068	MGH1068
HNF4A	JASPAR2024|000410|MA0114.5	0.1	0.1174	3454.0	3584.0	25942.2	27089.0	0.22734115002379526	FALSE	PDX	MGH1068	MGH1068
CEBPA	CIS-BP2.00|000926|M08076_2.00	0.1	0.1352	1410.0	3584.0	10278.0	27089.0	0.08534167218592202	FALSE	PDX	MGH1068	MGH1068
ZNF75D	CIS-BP2.00|000750|M07683_2.00	0.1	0.1724	2233.0	3584.0	16530.1	27089.0	0.07813351372094045	FALSE	PDX	MGH1068	MGH1068
ZNF141	CIS-BP2.00|000653|M07586_2.00	0.1	0.2021	2594.0	3584.0	19307.4	27089.0	0.07826781995666655	FALSE	PDX	MGH1068	MGH1068
ETV1	JASPAR2024|000311|MA0761.3	0.1	0.2151	3562.0	3584.0	26865.0	27089.0	0.40392576906471017	FALSE	PDX	MGH1068	MGH1068
ZNF281	CIS-BP2.00|001020|M08321_2.00	0.1	0.2227	2929.0	3584.0	21898.6	27089.0	0.08317178495266742	FALSE	PDX	MGH1068	MGH1068
NKX2-1	JASPAR2024|000822|MA1994.2	0.1	0.2227	3418.0	3584.0	25700.5	27089.0	0.1500633530262836	FALSE	PDX	MGH1068	MGH1068
CEBPB	CIS-BP2.00|000866|M07830_2.00	1.0	0.2654	1646.0	3584.0	12172.7	27089.0	0.057691391224108865	FALSE	PDX	MGH1068	MGH1068
CEBPA	JASPAR2024|000234|MA0102.5	1.0	0.2654	2618.0	3584.0	19546.7	27089.0	0.06410907888023305	FALSE	PDX	MGH1068	MGH1068
FOXD2	CIS-BP2.00|000235|M03042_2.00	1.0	0.2852	1393.0	3584.0	10288.5	27089.0	0.054238656913183476	FALSE	PDX	MGH1068	MGH1068
ZNF281	JASPAR2024|000706|MA1630.3	1.0	0.2963	2927.0	3584.0	21938.4	27089.0	0.06406763226176213	FALSE	PDX	MGH1068	MGH1068
ELF3	JASPAR2024|000276|MA0640.3	1.0	0.3777	3572.0	3584.0	26971.4	27089.0	0.3235577272620024	FALSE	PDX	MGH1068	MGH1068
FOXD2	JASPAR2024|000361|MA0847.4	1.0	0.5028	1344.0	3584.0	10027.7	27089.0	0.029956211716822893	FALSE	PDX	MGH1068	MGH1068
ZNF19	CIS-BP2.00|000670|M07603_2.00	1.0	0.5195	3566.0	3584.0	26932.6	27089.0	0.16744876151964502	FALSE	PDX	MGH1068	MGH1068
GATA6	JASPAR2024|000382|MA1104.3	1.0	0.5377	2935.0	3584.0	22099.5	27089.0	0.029270176958545734	FALSE	PDX	MGH1068	MGH1068
ZNF33A	CIS-BP2.00|000762|M07695_2.00	1.0	0.5773	3244.0	3584.0	24467.9	27089.0	0.02986917977182824	FALSE	PDX	MGH1068	MGH1068
FOXA2	JASPAR2024|000357|MA0047.4	1.0	0.6447	2775.0	3584.0	20929.2	27089.0	0.01316559031636726	FALSE	PDX	MGH1068	MGH1068
ZBTB18	CIS-BP2.00|000988|M08257_2.00	1.0	0.7573	3124.0	3584.0	23609.5	27089.0	0.00011344829055323467	FALSE	PDX	MGH1068	MGH1068
FOXA1	JASPAR2024|000356|MA0148.5	1.0	0.7573	2876.0	3584.0	21735.2	27089.0	0.00017803366407356667	FALSE	PDX	MGH1068	MGH1068
ZNF341	JASPAR2024|000712|MA1655.2	1.0	0.7695	3582.0	3584.0	27072.3	27089.0	-0.13539693124527977	FALSE	PDX	MGH1068	MGH1068
GATA6	CIS-BP2.00|000947|M08124_2.00	1.0	0.7695	2637.0	3584.0	19956.9	27089.0	-0.007450562965593111	FALSE	PDX	MGH1068	MGH1068
ZNF341	CIS-BP2.00|001017|M08310_2.00	1.0	0.8017	3577.0	3584.0	27038.7	27089.0	-0.15816279936259683	FALSE	PDX	MGH1068	MGH1068
ETV1	CIS-BP2.00|000457|M04708_2.00	1.0	0.8017	3576.0	3584.0	27031.1	27089.0	-0.13759293811730627	FALSE	PDX	MGH1068	MGH1068
NR3C2	JASPAR2024|000539|MA0727.2	1.0	0.9774	229.0	3584.0	1811.5	27089.0	-0.06773423712929162	FALSE	PDX	MGH1068	MGH1068
ZNF540	CIS-BP2.00|000701|M07634_2.00	1.0	1.0	767.0	3584.0	5983.4	27089.0	-0.05767490462272147	FALSE	PDX	MGH1068	MGH1068
NFATC4	CIS-BP2.00|000101|M01306_2.00	1.0	1.0	3584.0	3584.0	27091.9	27089.0	-2.9180444040832065	FALSE	PDX	MGH1068	MGH1068
NR3C2	CIS-BP2.00|000154|M02395_2.00	1.0	1.0	3584.0	3584.0	27091.9	27089.0	-2.9180444040832065	FALSE	PDX	MGH1068	MGH1068
ZBTB18	JASPAR2024|000681|MA0698.2	1.0	1.0	1916.0	3584.0	14752.4	27089.0	-0.05807295387624978	FALSE	PDX	MGH1068	MGH1068
ZNF254	CIS-BP2.00|000827|M07760_2.00	1.0	1.0	531.0	3584.0	4219.5	27089.0	-0.08418078660765936	FALSE	PDX	MGH1068	MGH1068
E2F5	CIS-BP2.00|000940|M08109_2.00	1.0	1.0	3078.0	3584.0	23495.8	27089.0	-0.10529831312421468	FALSE	PDX	MGH1068	MGH1068
HNF4A	JASPAR2024|000409|MA1494.2	1.0	1.0	368.0	3584.0	2995.5	27089.0	-0.11819076861251229	FALSE	PDX	MGH1068	MGH1068
ZNF33B	CIS-BP2.00|000777|M07710_2.00	1.0	1.0	1199.0	3584.0	9397.2	27089.0	-0.07911653689308432	FALSE	PDX	MGH1068	MGH1068
ETV1	JASPAR2024|000652|MA1966.2	1.0	1.0	3440.0	3584.0	26146.5	27089.0	-0.21976700000712948	FALSE	PDX	MGH1068	MGH1068
HNF4A	CIS-BP2.00|000974|M08219_2.00	1.0	1.0	3229.0	3584.0	24686.9	27089.0	-0.17771716446476007	FALSE	PDX	MGH1068	MGH1068
ELF3	CIS-BP2.00|000227|M03002_2.00	1e-38	0.0	1792.0	3584.0	10232.2	26096.0	0.632597000058143	TRUE	PDX	MGH1089	MGH1089
XBP1	JASPAR2024|000675|MA0844.2	1e-09	0.0	1942.0	3584.0	12807.8	26096.0	0.2951421997697914	TRUE	PDX	MGH1089	MGH1089
NFATC4	JASPAR2024|000506|MA1525.3	1e-06	0.0	2668.0	3584.0	18485.0	26096.0	0.26168085814543857	TRUE	PDX	MGH1089	MGH1089
XBP1	CIS-BP2.00|000375|M04231_2.00	1e-05	0.0001	3407.0	3584.0	24346.6	26096.0	0.4644171702666787	FALSE	PDX	MGH1089	MGH1089
E2F5	CIS-BP2.00|000940|M08109_2.00	0.0001	0.0001	3219.0	3584.0	22847.7	26096.0	0.3247916631158008	FALSE	PDX	MGH1089	MGH1089
CREB3L2	CIS-BP2.00|000117|M01812_2.00	0.0001	0.0001	1997.0	3584.0	13631.7	26096.0	0.20228023915568136	FALSE	PDX	MGH1089	MGH1089
CEBPB	JASPAR2024|000235|MA0466.4	0.0001	0.0001	313.0	3584.0	1801.6	26096.0	0.3694875968338066	FALSE	PDX	MGH1089	MGH1089
CREB3L2	JASPAR2024|000025|MA0608.1	0.0001	0.0003	1977.0	3584.0	13539.4	26096.0	0.19014519275948075	FALSE	PDX	MGH1089	MGH1089
FOXA2	CIS-BP2.00|000889|M07959_2.00	0.0001	0.0005	2133.0	3584.0	14722.6	26096.0	0.1833230959271256	FALSE	PDX	MGH1089	MGH1089
FOXA1	CIS-BP2.00|000890|M07960_2.00	0.001	0.0025	1837.0	3584.0	12660.5	26096.0	0.15816413781326105	FALSE	PDX	MGH1089	MGH1089
FOXA3	JASPAR2024|000358|MA1683.2	0.01	0.0058	3194.0	3584.0	22828.4	26096.0	0.22785837454513197	FALSE	PDX	MGH1089	MGH1089
CEBPA	JASPAR2024|000234|MA0102.5	0.01	0.013	2589.0	3584.0	18310.3	26096.0	0.1454768214793659	FALSE	PDX	MGH1089	MGH1089
ZNF281	JASPAR2024|000706|MA1630.3	0.01	0.0162	2934.0	3584.0	20910.8	26096.0	0.16182164461527304	FALSE	PDX	MGH1089	MGH1089
GATA6	CIS-BP2.00|000947|M08124_2.00	0.01	0.0284	2677.0	3584.0	19029.6	26096.0	0.13178328343885048	FALSE	PDX	MGH1089	MGH1089
HNF4A	JASPAR2024|000409|MA1494.2	0.1	0.0336	420.0	3584.0	2743.9	26096.0	0.17722064485103303	FALSE	PDX	MGH1089	MGH1089
FOXA3	CIS-BP2.00|000469|M04831_2.00	0.1	0.0378	145.0	3584.0	873.0	26096.0	0.2887091664237356	FALSE	PDX	MGH1089	MGH1089
HNF4A	JASPAR2024|000410|MA0114.5	0.1	0.0453	3435.0	3584.0	24811.1	26096.0	0.25157720428915176	FALSE	PDX	MGH1089	MGH1089
GATA6	JASPAR2024|000382|MA1104.3	0.1	0.051	2958.0	3584.0	21186.1	26096.0	0.130239852131666	FALSE	PDX	MGH1089	MGH1089
ZNF281	CIS-BP2.00|001020|M08321_2.00	0.1	0.0534	2918.0	3584.0	20894.8	26096.0	0.12442691737331261	FALSE	PDX	MGH1089	MGH1089
FOXA2	JASPAR2024|000357|MA0047.4	0.1	0.1038	2769.0	3584.0	19843.0	26096.0	0.09793802345941437	FALSE	PDX	MGH1089	MGH1089
ZNF444	CIS-BP2.00|000420|M04529_2.00	0.1	0.1413	1251.0	3584.0	8790.2	26096.0	0.07841018414647409	FALSE	PDX	MGH1089	MGH1089
FOXA1	JASPAR2024|000356|MA0148.5	1.0	0.2641	2867.0	3584.0	20668.6	26096.0	0.06973322572025528	FALSE	PDX	MGH1089	MGH1089
FOXD2	CIS-BP2.00|000235|M03042_2.00	1.0	0.3032	1422.0	3584.0	10129.7	26096.0	0.05214106505853256	FALSE	PDX	MGH1089	MGH1089
ETV1	JASPAR2024|000652|MA1966.2	1.0	0.3462	3463.0	3584.0	25136.5	26096.0	0.1225681907757468	FALSE	PDX	MGH1089	MGH1089
ZNF141	CIS-BP2.00|000653|M07586_2.00	1.0	0.3474	2569.0	3584.0	18525.0	26096.0	0.04843597925057991	FALSE	PDX	MGH1089	MGH1089
NKX2-1	JASPAR2024|000822|MA1994.2	1.0	0.3847	3393.0	3584.0	24622.2	26096.0	0.08547077500641684	FALSE	PDX	MGH1089	MGH1089
CEBPB	CIS-BP2.00|000866|M07830_2.00	1.0	0.3847	1598.0	3584.0	11463.1	26096.0	0.038694786802773544	FALSE	PDX	MGH1089	MGH1089
ZNF75D	CIS-BP2.00|000750|M07683_2.00	1.0	0.3847	2162.0	3584.0	15575.7	26096.0	0.03817257768436897	FALSE	PDX	MGH1089	MGH1089
ETV1	JASPAR2024|000311|MA0761.3	1.0	0.3847	3557.0	3584.0	25867.8	26096.0	0.19370325703724153	FALSE	PDX	MGH1089	MGH1089
ZNF19	CIS-BP2.00|000670|M07603_2.00	1.0	0.3847	3565.0	3584.0	25930.3	26096.0	0.22888394617780836	FALSE	PDX	MGH1089	MGH1089
ELF3	JASPAR2024|000276|MA0640.3	1.0	0.389	3570.0	3584.0	25971.2	26096.0	0.2485191827005639	FALSE	PDX	MGH1089	MGH1089
ZNF75D	JASPAR2024|000169|MA1601.2	1.0	0.389	2417.0	3584.0	17462.1	26096.0	0.033992796696902756	FALSE	PDX	MGH1089	MGH1089
ZNF33A	CIS-BP2.00|000762|M07695_2.00	1.0	0.3901	3212.0	3584.0	23303.7	26096.0	0.047578302674415235	FALSE	PDX	MGH1089	MGH1089
ETV1	CIS-BP2.00|000457|M04708_2.00	1.0	0.5652	3578.0	3584.0	26045.0	26096.0	0.12245356078697156	FALSE	PDX	MGH1089	MGH1089
ZNF341	JASPAR2024|000712|MA1655.2	1.0	0.5652	3582.0	3584.0	26075.5	26096.0	0.206705357138467	FALSE	PDX	MGH1089	MGH1089
ZNF540	CIS-BP2.00|000701|M07634_2.00	1.0	0.7697	812.0	3584.0	5951.6	26096.0	-0.011803768514032115	FALSE	PDX	MGH1089	MGH1089
ZNF254	CIS-BP2.00|000827|M07760_2.00	1.0	0.8086	494.0	3584.0	3648.0	26096.0	-0.022554149951535395	FALSE	PDX	MGH1089	MGH1089
CEBPA	CIS-BP2.00|000926|M08076_2.00	1.0	0.8086	1320.0	3584.0	9690.3	26096.0	-0.018554790794722296	FALSE	PDX	MGH1089	MGH1089
FOXD2	JASPAR2024|000361|MA0847.4	1.0	0.8641	1296.0	3584.0	9554.8	26096.0	-0.028045651173706904	FALSE	PDX	MGH1089	MGH1089
ZNF341	CIS-BP2.00|001017|M08310_2.00	1.0	0.8641	3572.0	3584.0	26020.5	26096.0	-0.26059916650802933	FALSE	PDX	MGH1089	MGH1089
NR3C2	JASPAR2024|000539|MA0727.2	1.0	0.9803	225.0	3584.0	1750.8	26096.0	-0.09987835498269035	FALSE	PDX	MGH1089	MGH1089
NFATC4	CIS-BP2.00|000101|M01306_2.00	1.0	0.9803	3584.0	3584.0	26097.2	26096.0	-2.86407886983792	FALSE	PDX	MGH1089	MGH1089
NR3C2	CIS-BP2.00|000154|M02395_2.00	1.0	0.9803	3584.0	3584.0	26097.2	26096.0	-2.86407886983792	FALSE	PDX	MGH1089	MGH1089
ZNF33B	CIS-BP2.00|000777|M07710_2.00	1.0	0.991	1193.0	3584.0	8986.0	26096.0	-0.07366654561913479	FALSE	PDX	MGH1089	MGH1089
HNF4A	CIS-BP2.00|000974|M08219_2.00	1.0	0.9915	3193.0	3584.0	23463.9	26096.0	-0.12785909374982102	FALSE	PDX	MGH1089	MGH1089
ZBTB18	CIS-BP2.00|000988|M08257_2.00	1.0	0.9943	3041.0	3584.0	22434.6	26096.0	-0.13066225136960083	FALSE	PDX	MGH1089	MGH1089
ZBTB18	JASPAR2024|000681|MA0698.2	1.0	0.9995	1719.0	3584.0	13229.3	26096.0	-0.15766634992933784	FALSE	PDX	MGH1089	MGH1089
ELF3	CIS-BP2.00|000227|M03002_2.00	1e-27	0.0	1697.0	3584.0	10101.7	26307.0	0.5287756619857615	TRUE	PDX	MGH1109	MGH1109
NFATC4	JASPAR2024|000506|MA1525.3	1e-10	0.0	2692.0	3584.0	18432.4	26307.0	0.36610935468148686	TRUE	PDX	MGH1109	MGH1109
XBP1	JASPAR2024|000675|MA0844.2	1e-10	0.0	1946.0	3584.0	12843.4	26307.0	0.3165411310599295	TRUE	PDX	MGH1109	MGH1109
CEBPB	JASPAR2024|000235|MA0466.4	1e-08	0.0	341.0	3584.0	1831.7	26307.0	0.49211316098884034	TRUE	PDX	MGH1109	MGH1109
ZNF75D	JASPAR2024|000169|MA1601.2	1e-05	0.0001	2509.0	3584.0	17525.5	26307.0	0.22551709691265437	FALSE	PDX	MGH1109	MGH1109
ZNF75D	CIS-BP2.00|000750|M07683_2.00	0.0001	0.0002	2245.0	3584.0	15609.7	26307.0	0.2001672567391598	FALSE	PDX	MGH1109	MGH1109
XBP1	CIS-BP2.00|000375|M04231_2.00	0.0001	0.0003	3395.0	3584.0	24491.6	26307.0	0.4097944621404624	FALSE	PDX	MGH1109	MGH1109
CEBPB	CIS-BP2.00|000866|M07830_2.00	0.001	0.0024	1688.0	3584.0	11654.1	26307.0	0.16273876666220824	FALSE	PDX	MGH1109	MGH1109
CEBPA	JASPAR2024|000234|MA0102.5	0.01	0.041	2605.0	3584.0	18636.7	26307.0	0.1307066789579667	FALSE	PDX	MGH1109	MGH1109
CEBPA	CIS-BP2.00|000926|M08076_2.00	0.1	0.0751	1408.0	3584.0	9873.5	26307.0	0.10712666527246781	FALSE	PDX	MGH1109	MGH1109
ZNF281	JASPAR2024|000706|MA1630.3	0.1	0.1027	2917.0	3584.0	21061.9	26307.0	0.12240278241947211	FALSE	PDX	MGH1109	MGH1109
FOXA2	CIS-BP2.00|000889|M07959_2.00	0.1	0.1052	2118.0	3584.0	15123.7	26307.0	0.09521769140246839	FALSE	PDX	MGH1109	MGH1109
CREB3L2	CIS-BP2.00|000117|M01812_2.00	0.1	0.1062	1930.0	3584.0	13747.9	26307.0	0.09210604879727018	FALSE	PDX	MGH1109	MGH1109
ZNF141	CIS-BP2.00|000653|M07586_2.00	0.1	0.1062	2591.0	3584.0	18643.0	26307.0	0.10078637892451786	FALSE	PDX	MGH1109	MGH1109
FOXA1	CIS-BP2.00|000890|M07960_2.00	0.1	0.1328	1821.0	3584.0	12983.6	26307.0	0.08395583432316059	FALSE	PDX	MGH1109	MGH1109
HNF4A	JASPAR2024|000410|MA0114.5	0.1	0.1407	3435.0	3584.0	25054.4	26307.0	0.2007833683066522	FALSE	PDX	MGH1109	MGH1109
GATA6	CIS-BP2.00|000947|M08124_2.00	0.1	0.1708	2655.0	3584.0	19183.3	26307.0	0.08536815936524732	FALSE	PDX	MGH1109	MGH1109
E2F5	CIS-BP2.00|000940|M08109_2.00	0.1	0.1775	3148.0	3584.0	22882.5	26307.0	0.1105107972942517	FALSE	PDX	MGH1109	MGH1109
ZNF281	CIS-BP2.00|001020|M08321_2.00	0.1	0.1805	2900.0	3584.0	21026.3	26307.0	0.089887547677074	FALSE	PDX	MGH1109	MGH1109
FOXA3	CIS-BP2.00|000469|M04831_2.00	0.1	0.2046	134.0	3584.0	872.9	26307.0	0.1828787092508497	FALSE	PDX	MGH1109	MGH1109
CREB3L2	JASPAR2024|000025|MA0608.1	0.1	0.2046	1902.0	3584.0	13662.9	26307.0	0.06549481983070532	FALSE	PDX	MGH1109	MGH1109
NKX2-1	JASPAR2024|000822|MA1994.2	0.1	0.2046	3407.0	3584.0	24870.6	26307.0	0.14938397786083502	FALSE	PDX	MGH1109	MGH1109
ZNF444	CIS-BP2.00|000420|M04529_2.00	1.0	0.2293	1240.0	3584.0	8845.4	26307.0	0.06278768648001071	FALSE	PDX	MGH1109	MGH1109
ZNF19	CIS-BP2.00|000670|M07603_2.00	1.0	0.2368	3567.0	3584.0	26136.6	26307.0	0.4146118265583639	FALSE	PDX	MGH1109	MGH1109
ELF3	JASPAR2024|000276|MA0640.3	1.0	0.2555	3571.0	3584.0	26172.4	26307.0	0.4495246025111673	FALSE	PDX	MGH1109	MGH1109
GATA6	JASPAR2024|000382|MA1104.3	1.0	0.2731	2933.0	3584.0	21346.9	26307.0	0.0653120748869351	FALSE	PDX	MGH1109	MGH1109
FOXA3	JASPAR2024|000358|MA1683.2	1.0	0.2847	3159.0	3584.0	23040.9	26307.0	0.07409856146996387	FALSE	PDX	MGH1109	MGH1109
ZNF341	JASPAR2024|000712|MA1655.2	1.0	0.4097	3583.0	3584.0	26285.4	26307.0	1.0061640913807248	FALSE	PDX	MGH1109	MGH1109
FOXA2	JASPAR2024|000357|MA0047.4	1.0	0.4568	2753.0	3584.0	20094.5	26307.0	0.03400382185916983	FALSE	PDX	MGH1109	MGH1109
ZNF33A	CIS-BP2.00|000762|M07695_2.00	1.0	0.4684	3229.0	3584.0	23625.3	26307.0	0.04451489546370123	FALSE	PDX	MGH1109	MGH1109
FOXD2	CIS-BP2.00|000235|M03042_2.00	1.0	0.6329	1399.0	3584.0	10220.9	26307.0	0.011214732565270958	FALSE	PDX	MGH1109	MGH1109
ETV1	JASPAR2024|000652|MA1966.2	1.0	0.8517	3452.0	3584.0	25348.5	26307.0	-0.020677059895569453	FALSE	PDX	MGH1109	MGH1109
ZNF341	CIS-BP2.00|001017|M08310_2.00	1.0	0.8885	3574.0	3584.0	26234.9	26307.0	-0.0861212086153161	FALSE	PDX	MGH1109	MGH1109
FOXA1	JASPAR2024|000356|MA0148.5	1.0	0.9692	2831.0	3584.0	20868.9	26307.0	-0.03019478340060841	FALSE	PDX	MGH1109	MGH1109
FOXD2	JASPAR2024|000361|MA0847.4	1.0	1.0	1283.0	3584.0	9653.0	26307.0	-0.05570311434918002	FALSE	PDX	MGH1109	MGH1109
NFATC4	CIS-BP2.00|000101|M01306_2.00	1.0	1.0	3584.0	3584.0	26305.1	26307.0	-0.6124917534920535	FALSE	PDX	MGH1109	MGH1109
NR3C2	CIS-BP2.00|000154|M02395_2.00	1.0	1.0	3584.0	3584.0	26305.1	26307.0	-0.6124917534920535	FALSE	PDX	MGH1109	MGH1109
ETV1	CIS-BP2.00|000457|M04708_2.00	1.0	1.0	3573.0	3584.0	26246.6	26307.0	-0.47193997017398914	FALSE	PDX	MGH1109	MGH1109
ZBTB18	CIS-BP2.00|000988|M08257_2.00	1.0	1.0	3079.0	3584.0	22797.3	26307.0	-0.09235634118428879	FALSE	PDX	MGH1109	MGH1109
ZBTB18	JASPAR2024|000681|MA0698.2	1.0	1.0	1835.0	3584.0	13771.0	26307.0	-0.06632063152055653	FALSE	PDX	MGH1109	MGH1109
ZNF540	CIS-BP2.00|000701|M07634_2.00	1.0	1.0	782.0	3584.0	5993.6	26307.0	-0.07969952903928518	FALSE	PDX	MGH1109	MGH1109
HNF4A	JASPAR2024|000409|MA1494.2	1.0	1.0	347.0	3584.0	2783.4	26307.0	-0.1408350758124829	FALSE	PDX	MGH1109	MGH1109
NR3C2	JASPAR2024|000539|MA0727.2	1.0	1.0	207.0	3584.0	1721.3	26307.0	-0.18891323394933712	FALSE	PDX	MGH1109	MGH1109
ZNF33B	CIS-BP2.00|000777|M07710_2.00	1.0	1.0	1175.0	3584.0	9026.4	26307.0	-0.09856673970018925	FALSE	PDX	MGH1109	MGH1109
HNF4A	CIS-BP2.00|000974|M08219_2.00	1.0	1.0	3195.0	3584.0	23741.5	26307.0	-0.1735019416240176	FALSE	PDX	MGH1109	MGH1109
ETV1	JASPAR2024|000311|MA0761.3	1.0	1.0	3539.0	3584.0	26069.6	26307.0	-0.4943618149088314	FALSE	PDX	MGH1109	MGH1109
ZNF254	CIS-BP2.00|000827|M07760_2.00	1.0	1.0	470.0	3584.0	3818.3	26307.0	-0.16869287233131514	FALSE	PDX	MGH1109	MGH1109
ELF3	CIS-BP2.00|000227|M03002_2.00	1e-28	0.0	1710.0	3584.0	10199.1	26519.0	0.5460761207171705	TRUE	PDX	MGH1112	MGH1112
XBP1	JASPAR2024|000675|MA0844.2	1e-10	0.0	1935.0	3584.0	12832.2	26519.0	0.32369066841928373	TRUE	PDX	MGH1112	MGH1112
FOXA3	CIS-BP2.00|000469|M04831_2.00	1e-10	0.0	190.0	3584.0	837.9	26519.0	0.7816163776062207	TRUE	PDX	MGH1112	MGH1112
NFATC4	JASPAR2024|000506|MA1525.3	1e-10	0.0	2691.0	3584.0	18583.2	26519.0	0.3633714883847959	TRUE	PDX	MGH1112	MGH1112
CEBPB	JASPAR2024|000235|MA0466.4	1e-08	0.0	338.0	3584.0	1801.5	26519.0	0.5162336289042151	TRUE	PDX	MGH1112	MGH1112
CEBPB	CIS-BP2.00|000866|M07830_2.00	1e-08	0.0	1744.0	3584.0	11636.8	26519.0	0.2775957561798067	TRUE	PDX	MGH1112	MGH1112
CREB3L2	CIS-BP2.00|000117|M01812_2.00	1e-06	0.0	2022.0	3584.0	13850.7	26519.0	0.24355242076584122	TRUE	PDX	MGH1112	MGH1112
CREB3L2	JASPAR2024|000025|MA0608.1	1e-05	0.0	1997.0	3584.0	13765.1	26519.0	0.22136644976877434	TRUE	PDX	MGH1112	MGH1112
XBP1	CIS-BP2.00|000375|M04231_2.00	1e-05	0.0	3399.0	3584.0	24652.8	26519.0	0.47261269813304024	TRUE	PDX	MGH1112	MGH1112
CEBPA	JASPAR2024|000234|MA0102.5	0.0001	0.0	2660.0	3584.0	18832.8	26519.0	0.23210263393830574	TRUE	PDX	MGH1112	MGH1112
CEBPA	CIS-BP2.00|000926|M08076_2.00	0.0001	0.0001	1449.0	3584.0	9852.6	26519.0	0.19931762277189868	FALSE	PDX	MGH1112	MGH1112
ZNF444	CIS-BP2.00|000420|M04529_2.00	0.01	0.0079	1278.0	3584.0	8849.8	26519.0	0.14622614948802762	FALSE	PDX	MGH1112	MGH1112
NKX2-1	JASPAR2024|000822|MA1994.2	0.01	0.0083	3434.0	3584.0	25133.2	26519.0	0.33195302293882595	FALSE	PDX	MGH1112	MGH1112
ZNF33A	CIS-BP2.00|000762|M07695_2.00	0.01	0.0146	3279.0	3584.0	23918.2	26519.0	0.22339730544195466	FALSE	PDX	MGH1112	MGH1112
FOXA1	CIS-BP2.00|000890|M07960_2.00	0.01	0.0164	1856.0	3584.0	13162.3	26519.0	0.12421591366467544	FALSE	PDX	MGH1112	MGH1112
ELF3	JASPAR2024|000276|MA0640.3	0.01	0.0183	3577.0	3584.0	26394.1	26519.0	1.1802838116843977	FALSE	PDX	MGH1112	MGH1112
FOXA2	JASPAR2024|000357|MA0047.4	0.1	0.0886	2800.0	3584.0	20369.6	26519.0	0.10802087016080729	FALSE	PDX	MGH1112	MGH1112
ZNF75D	JASPAR2024|000169|MA1601.2	0.1	0.1297	2468.0	3584.0	17916.9	26519.0	0.08613475392853819	FALSE	PDX	MGH1112	MGH1112
ZNF141	CIS-BP2.00|000653|M07586_2.00	0.1	0.1728	2584.0	3584.0	18819.6	26519.0	0.07980135573882531	FALSE	PDX	MGH1112	MGH1112
FOXA2	CIS-BP2.00|000889|M07959_2.00	1.0	0.3171	2103.0	3584.0	15315.6	26519.0	0.05468521886933982	FALSE	PDX	MGH1112	MGH1112
FOXA3	JASPAR2024|000358|MA1683.2	1.0	0.3815	3169.0	3584.0	23306.5	26519.0	0.07256445432759906	FALSE	PDX	MGH1112	MGH1112
HNF4A	JASPAR2024|000409|MA1494.2	1.0	0.3815	409.0	3584.0	2892.2	26519.0	0.07491774706855468	FALSE	PDX	MGH1112	MGH1112
ZNF75D	CIS-BP2.00|000750|M07683_2.00	1.0	0.3815	2183.0	3584.0	15949.7	26519.0	0.04604435119400797	FALSE	PDX	MGH1112	MGH1112
GATA6	JASPAR2024|000382|MA1104.3	1.0	0.3815	2940.0	3584.0	21591.9	26519.0	0.05824267317939085	FALSE	PDX	MGH1112	MGH1112
FOXA1	JASPAR2024|000356|MA0148.5	1.0	0.3815	2872.0	3584.0	21082.6	26519.0	0.056114159424064114	FALSE	PDX	MGH1112	MGH1112
FOXD2	JASPAR2024|000361|MA0847.4	1.0	0.4073	1324.0	3584.0	9632.2	26519.0	0.03873246912488458	FALSE	PDX	MGH1112	MGH1112
ETV1	JASPAR2024|000652|MA1966.2	1.0	0.4288	3465.0	3584.0	25577.5	26519.0	0.09494840405526271	FALSE	PDX	MGH1112	MGH1112
ZNF281	JASPAR2024|000706|MA1630.3	1.0	0.5004	2889.0	3584.0	21278.3	26519.0	0.033249723699433034	FALSE	PDX	MGH1112	MGH1112
ETV1	JASPAR2024|000311|MA0761.3	1.0	0.6605	3555.0	3584.0	26289.9	26519.0	0.07392405154561313	FALSE	PDX	MGH1112	MGH1112
ZNF281	CIS-BP2.00|001020|M08321_2.00	1.0	0.6605	2878.0	3584.0	21254.9	26519.0	0.013122163375715165	FALSE	PDX	MGH1112	MGH1112
ETV1	CIS-BP2.00|000457|M04708_2.00	1.0	0.6635	3577.0	3584.0	26458.7	26519.0	0.13236305295276918	FALSE	PDX	MGH1112	MGH1112
FOXD2	CIS-BP2.00|000235|M03042_2.00	1.0	0.6886	1364.0	3584.0	10072.8	26519.0	0.004749576408288482	FALSE	PDX	MGH1112	MGH1112
HNF4A	JASPAR2024|000410|MA0114.5	1.0	0.7063	3423.0	3584.0	25321.6	26519.0	0.004048270709095215	FALSE	PDX	MGH1112	MGH1112
ZNF19	CIS-BP2.00|000670|M07603_2.00	1.0	0.9381	3561.0	3584.0	26359.6	26519.0	-0.1213616710664335	FALSE	PDX	MGH1112	MGH1112
ZNF341	JASPAR2024|000712|MA1655.2	1.0	0.958	3581.0	3584.0	26498.8	26519.0	-0.32311446252968434	FALSE	PDX	MGH1112	MGH1112
ZBTB18	JASPAR2024|000681|MA0698.2	1.0	1.0	1892.0	3584.0	14180.8	26519.0	-0.03966192332671498	FALSE	PDX	MGH1112	MGH1112
GATA6	CIS-BP2.00|000947|M08124_2.00	1.0	1.0	2606.0	3584.0	19454.3	26519.0	-0.04785373944976259	FALSE	PDX	MGH1112	MGH1112
E2F5	CIS-BP2.00|000940|M08109_2.00	1.0	1.0	3087.0	3584.0	22978.1	26519.0	-0.06422848674056	FALSE	PDX	MGH1112	MGH1112
NFATC4	CIS-BP2.00|000101|M01306_2.00	1.0	1.0	3584.0	3584.0	26518.4	26519.0	-1.7496736128598955	FALSE	PDX	MGH1112	MGH1112
NR3C2	CIS-BP2.00|000154|M02395_2.00	1.0	1.0	3584.0	3584.0	26518.4	26519.0	-1.7496736128598955	FALSE	PDX	MGH1112	MGH1112
ZNF33B	CIS-BP2.00|000777|M07710_2.00	1.0	1.0	1185.0	3584.0	9042.5	26519.0	-0.06665395757598916	FALSE	PDX	MGH1112	MGH1112
NR3C2	JASPAR2024|000539|MA0727.2	1.0	1.0	221.0	3584.0	1795.3	26519.0	-0.1413594035478029	FALSE	PDX	MGH1112	MGH1112
ZNF341	CIS-BP2.00|001017|M08310_2.00	1.0	1.0	3571.0	3584.0	26456.5	26519.0	-0.6666550336983613	FALSE	PDX	MGH1112	MGH1112
ZBTB18	CIS-BP2.00|000988|M08257_2.00	1.0	1.0	3076.0	3584.0	23024.2	26519.0	-0.12272385363814173	FALSE	PDX	MGH1112	MGH1112
ZNF254	CIS-BP2.00|000827|M07760_2.00	1.0	1.0	482.0	3584.0	3898.5	26519.0	-0.1483437151708806	FALSE	PDX	MGH1112	MGH1112
HNF4A	CIS-BP2.00|000974|M08219_2.00	1.0	1.0	3194.0	3584.0	23987.9	26519.0	-0.21201987054324636	FALSE	PDX	MGH1112	MGH1112
ZNF540	CIS-BP2.00|000701|M07634_2.00	1.0	1.0	740.0	3584.0	6013.4	26519.0	-0.17192308867054937	FALSE	PDX	MGH1112	MGH1112
ELF3	CIS-BP2.00|000227|M03002_2.00	1e-26	0.0	1730.0	3584.0	10230.7	26006.0	0.5248964743822508	TRUE	PDX	MGH1139	MGH1139
NFATC4	JASPAR2024|000506|MA1525.3	1e-11	0.0	2736.0	3584.0	18512.6	26006.0	0.38458742970884924	TRUE	PDX	MGH1139	MGH1139
XBP1	JASPAR2024|000675|MA0844.2	1e-08	0.0	1920.0	3584.0	12672.6	26006.0	0.2797224368664913	TRUE	PDX	MGH1139	MGH1139
CEBPB	JASPAR2024|000235|MA0466.4	1e-07	0.0	334.0	3584.0	1801.5	26006.0	0.4670506397613107	TRUE	PDX	MGH1139	MGH1139
ZNF281	JASPAR2024|000706|MA1630.3	1e-05	0.0	2989.0	3584.0	20919.9	26006.0	0.2875939145192327	TRUE	PDX	MGH1139	MGH1139
HNF4A	JASPAR2024|000409|MA1494.2	1e-05	0.0	466.0	3584.0	2771.7	26006.0	0.32628070439153556	TRUE	PDX	MGH1139	MGH1139
ZNF281	CIS-BP2.00|001020|M08321_2.00	0.0001	0.0001	2976.0	3584.0	20896.5	26006.0	0.2583870805603398	FALSE	PDX	MGH1139	MGH1139
ZNF33A	CIS-BP2.00|000762|M07695_2.00	0.001	0.0034	3241.0	3584.0	23076.7	26006.0	0.26068546798032705	FALSE	PDX	MGH1139	MGH1139
ZNF75D	JASPAR2024|000169|MA1601.2	0.001	0.0045	2492.0	3584.0	17444.0	26006.0	0.1632919658459319	FALSE	PDX	MGH1139	MGH1139
ZNF75D	CIS-BP2.00|000750|M07683_2.00	0.001	0.0046	2234.0	3584.0	15549.9	26006.0	0.15392054438383834	FALSE	PDX	MGH1139	MGH1139
FOXA1	CIS-BP2.00|000890|M07960_2.00	0.01	0.0095	1825.0	3584.0	12621.2	26006.0	0.13786939055504158	FALSE	PDX	MGH1139	MGH1139
E2F5	CIS-BP2.00|000940|M08109_2.00	0.01	0.0142	3198.0	3584.0	22825.4	26006.0	0.20578104858303434	FALSE	PDX	MGH1139	MGH1139
XBP1	CIS-BP2.00|000375|M04231_2.00	0.01	0.0223	3377.0	3584.0	24232.0	26006.0	0.25331375616582213	FALSE	PDX	MGH1139	MGH1139
CEBPB	CIS-BP2.00|000866|M07830_2.00	0.01	0.0259	1645.0	3584.0	11410.6	26006.0	0.11796655207910893	FALSE	PDX	MGH1139	MGH1139
GATA6	JASPAR2024|000382|MA1104.3	0.1	0.0578	2964.0	3584.0	21154.0	26006.0	0.13212121222442325	FALSE	PDX	MGH1139	MGH1139
CREB3L2	CIS-BP2.00|000117|M01812_2.00	0.1	0.0578	1921.0	3584.0	13486.8	26006.0	0.10060953617988748	FALSE	PDX	MGH1139	MGH1139
CREB3L2	JASPAR2024|000025|MA0608.1	0.1	0.077	1905.0	3584.0	13405.0	26006.0	0.09290825534773033	FALSE	PDX	MGH1139	MGH1139
ZNF444	CIS-BP2.00|000420|M04529_2.00	0.1	0.0998	1274.0	3584.0	8875.8	26006.0	0.09028005485068738	FALSE	PDX	MGH1139	MGH1139
CEBPA	JASPAR2024|000234|MA0102.5	0.1	0.1038	2562.0	3584.0	18244.4	26006.0	0.09247684265187629	FALSE	PDX	MGH1139	MGH1139
ZNF341	JASPAR2024|000712|MA1655.2	0.1	0.1038	3584.0	3584.0	25983.0	26006.0	2.696836872837712	FALSE	PDX	MGH1139	MGH1139
ZNF141	CIS-BP2.00|000653|M07586_2.00	0.1	0.1038	2588.0	3584.0	18439.9	26006.0	0.09202174346027928	FALSE	PDX	MGH1139	MGH1139
FOXA3	CIS-BP2.00|000469|M04831_2.00	0.1	0.1038	141.0	3584.0	883.2	26006.0	0.22432376458582795	FALSE	PDX	MGH1139	MGH1139
FOXA2	CIS-BP2.00|000889|M07959_2.00	0.1	0.1038	2078.0	3584.0	14709.0	26006.0	0.08359742418029047	FALSE	PDX	MGH1139	MGH1139
FOXA2	JASPAR2024|000357|MA0047.4	0.1	0.1549	2757.0	3584.0	19740.2	26006.0	0.08104226620272009	FALSE	PDX	MGH1139	MGH1139
GATA6	CIS-BP2.00|000947|M08124_2.00	0.1	0.1672	2666.0	3584.0	19083.7	26006.0	0.07464456514157462	FALSE	PDX	MGH1139	MGH1139
FOXA3	JASPAR2024|000358|MA1683.2	1.0	0.258	3158.0	3584.0	22758.6	26006.0	0.07975753662043547	FALSE	PDX	MGH1139	MGH1139
ETV1	JASPAR2024|000652|MA1966.2	1.0	0.301	3461.0	3584.0	25032.8	26006.0	0.12458706740996991	FALSE	PDX	MGH1139	MGH1139
NKX2-1	JASPAR2024|000822|MA1994.2	1.0	0.3169	3392.0	3584.0	24520.5	26006.0	0.09490667040288198	FALSE	PDX	MGH1139	MGH1139
ETV1	CIS-BP2.00|000457|M04708_2.00	1.0	0.3417	3580.0	3584.0	25958.5	26006.0	0.5570356630345857	FALSE	PDX	MGH1139	MGH1139
ZNF19	CIS-BP2.00|000670|M07603_2.00	1.0	0.3597	3567.0	3584.0	25854.9	26006.0	0.25736263671973525	FALSE	PDX	MGH1139	MGH1139
CEBPA	CIS-BP2.00|000926|M08076_2.00	1.0	0.4232	1348.0	3584.0	9655.9	26006.0	0.029898997280535734	FALSE	PDX	MGH1139	MGH1139
HNF4A	JASPAR2024|000410|MA0114.5	1.0	0.4232	3418.0	3584.0	24744.6	26006.0	0.06629596322793209	FALSE	PDX	MGH1139	MGH1139
ZNF341	CIS-BP2.00|001017|M08310_2.00	1.0	0.6978	3574.0	3584.0	25928.3	26006.0	0.038037198035681175	FALSE	PDX	MGH1139	MGH1139
FOXA1	JASPAR2024|000356|MA0148.5	1.0	0.7339	2837.0	3584.0	20595.2	26006.0	-0.0038211219082170873	FALSE	PDX	MGH1139	MGH1139
FOXD2	CIS-BP2.00|000235|M03042_2.00	1.0	0.7339	1394.0	3584.0	10130.6	26006.0	-0.0034647256532817227	FALSE	PDX	MGH1139	MGH1139
ELF3	JASPAR2024|000276|MA0640.3	1.0	0.7407	3568.0	3584.0	25890.1	26006.0	-0.04048559300706123	FALSE	PDX	MGH1139	MGH1139
ETV1	JASPAR2024|000311|MA0761.3	1.0	0.772	3551.0	3584.0	25773.3	26006.0	-0.060070080561408945	FALSE	PDX	MGH1139	MGH1139
NR3C2	JASPAR2024|000539|MA0727.2	1.0	0.772	233.0	3584.0	1722.5	26006.0	-0.026301007171288266	FALSE	PDX	MGH1139	MGH1139
HNF4A	CIS-BP2.00|000974|M08219_2.00	1.0	0.7956	3225.0	3584.0	23450.8	26006.0	-0.032418357226537464	FALSE	PDX	MGH1139	MGH1139
ZNF540	CIS-BP2.00|000701|M07634_2.00	1.0	0.7956	812.0	3584.0	5966.4	26006.0	-0.022911538560759892	FALSE	PDX	MGH1139	MGH1139
FOXD2	JASPAR2024|000361|MA0847.4	1.0	0.7956	1300.0	3584.0	9521.0	26006.0	-0.020875175243958117	FALSE	PDX	MGH1139	MGH1139
ZNF254	CIS-BP2.00|000827|M07760_2.00	1.0	0.9329	485.0	3584.0	3662.5	26006.0	-0.06570243065492441	FALSE	PDX	MGH1139	MGH1139
NFATC4	CIS-BP2.00|000101|M01306_2.00	1.0	0.9329	3584.0	3584.0	26006.7	26006.0	-2.8590672861867175	FALSE	PDX	MGH1139	MGH1139
NR3C2	CIS-BP2.00|000154|M02395_2.00	1.0	0.9329	3584.0	3584.0	26006.7	26006.0	-2.8590672861867175	FALSE	PDX	MGH1139	MGH1139
ZNF33B	CIS-BP2.00|000777|M07710_2.00	1.0	0.9962	1202.0	3584.0	9066.3	26006.0	-0.08465377927303623	FALSE	PDX	MGH1139	MGH1139
ZBTB18	JASPAR2024|000681|MA0698.2	1.0	1.0	1641.0	3584.0	13044.1	26006.0	-0.2527622045201237	FALSE	PDX	MGH1139	MGH1139
ZBTB18	CIS-BP2.00|000988|M08257_2.00	1.0	1.0	2952.0	3584.0	22247.2	26006.0	-0.34232056597831034	FALSE	PDX	MGH1139	MGH1139
ELF3	CIS-BP2.00|000227|M03002_2.00	1e-30	0.0	1745.0	3584.0	10149.2	25944.0	0.562384933472018	TRUE	PDX	MGH1174	MGH1174
CEBPB	JASPAR2024|000235|MA0466.4	1e-18	0.0	393.0	3584.0	1797.8	25944.0	0.7273213076680344	TRUE	PDX	MGH1174	MGH1174
NFATC4	JASPAR2024|000506|MA1525.3	1e-10	0.0	2732.0	3584.0	18548.1	25944.0	0.3540346099918882	TRUE	PDX	MGH1174	MGH1174
XBP1	JASPAR2024|000675|MA0844.2	1e-06	0.0	1914.0	3584.0	12738.3	25944.0	0.24867369594617597	TRUE	PDX	MGH1174	MGH1174
CEBPB	CIS-BP2.00|000866|M07830_2.00	0.0001	0.0002	1697.0	3584.0	11395.6	25944.0	0.19930482293405288	FALSE	PDX	MGH1174	MGH1174
XBP1	CIS-BP2.00|000375|M04231_2.00	0.001	0.0008	3398.0	3584.0	24204.6	25944.0	0.3894158280126992	FALSE	PDX	MGH1174	MGH1174
E2F5	CIS-BP2.00|000940|M08109_2.00	0.001	0.0013	3216.0	3584.0	22784.1	25944.0	0.27587519259783033	FALSE	PDX	MGH1174	MGH1174
CEBPA	JASPAR2024|000234|MA0102.5	0.001	0.0022	2608.0	3584.0	18211.8	25944.0	0.18165950289297053	FALSE	PDX	MGH1174	MGH1174
ZNF281	JASPAR2024|000706|MA1630.3	0.01	0.0067	2947.0	3584.0	20814.0	25944.0	0.18857700088118975	FALSE	PDX	MGH1174	MGH1174
FOXA3	JASPAR2024|000358|MA1683.2	0.01	0.0159	3191.0	3584.0	22713.0	25944.0	0.2065249707459878	FALSE	PDX	MGH1174	MGH1174
ZNF141	CIS-BP2.00|000653|M07586_2.00	0.01	0.0339	2607.0	3584.0	18395.2	25944.0	0.13054485343422875	FALSE	PDX	MGH1174	MGH1174
GATA6	JASPAR2024|000382|MA1104.3	0.01	0.0339	2964.0	3584.0	21048.7	25944.0	0.15213680659340786	FALSE	PDX	MGH1174	MGH1174
CREB3L2	CIS-BP2.00|000117|M01812_2.00	0.1	0.0427	1938.0	3584.0	13535.7	25944.0	0.1100790389032625	FALSE	PDX	MGH1174	MGH1174
ZNF281	CIS-BP2.00|001020|M08321_2.00	0.1	0.0427	2926.0	3584.0	20790.1	25944.0	0.13986594424228832	FALSE	PDX	MGH1174	MGH1174
FOXA2	JASPAR2024|000357|MA0047.4	0.1	0.0427	2782.0	3584.0	19723.4	25944.0	0.12910514860567002	FALSE	PDX	MGH1174	MGH1174
FOXA1	JASPAR2024|000356|MA0148.5	0.1	0.0427	2896.0	3584.0	20577.9	25944.0	0.13373155637491155	FALSE	PDX	MGH1174	MGH1174
CEBPA	CIS-BP2.00|000926|M08076_2.00	0.1	0.0469	1401.0	3584.0	9692.1	25944.0	0.10602637095418506	FALSE	PDX	MGH1174	MGH1174
FOXA1	CIS-BP2.00|000890|M07960_2.00	0.1	0.0537	1807.0	3584.0	12634.8	25944.0	0.09916422206498776	FALSE	PDX	MGH1174	MGH1174
FOXA3	CIS-BP2.00|000469|M04831_2.00	0.1	0.0568	147.0	3584.0	899.3	25944.0	0.256213101292883	FALSE	PDX	MGH1174	MGH1174
ZNF341	CIS-BP2.00|001017|M08310_2.00	0.1	0.0661	3579.0	3584.0	25860.4	25944.0	1.0816597774610592	FALSE	PDX	MGH1174	MGH1174
CREB3L2	JASPAR2024|000025|MA0608.1	0.1	0.0847	1912.0	3584.0	13452.9	25944.0	0.08644099202502224	FALSE	PDX	MGH1174	MGH1174
ELF3	JASPAR2024|000276|MA0640.3	0.1	0.1115	3574.0	3584.0	25821.2	25944.0	0.7009409389131661	FALSE	PDX	MGH1174	MGH1174
FOXA2	CIS-BP2.00|000889|M07959_2.00	0.1	0.1255	2078.0	3584.0	14707.5	25944.0	0.07599791658464396	FALSE	PDX	MGH1174	MGH1174
ETV1	CIS-BP2.00|000457|M04708_2.00	0.1	0.1694	3581.0	3584.0	25893.2	25944.0	1.0195667164208848	FALSE	PDX	MGH1174	MGH1174
NKX2-1	JASPAR2024|000822|MA1994.2	0.1	0.1694	3394.0	3584.0	24428.1	25944.0	0.14548726392599515	FALSE	PDX	MGH1174	MGH1174
GATA6	CIS-BP2.00|000947|M08124_2.00	1.0	0.2304	2647.0	3584.0	18938.9	25944.0	0.06292998342973233	FALSE	PDX	MGH1174	MGH1174
ETV1	JASPAR2024|000652|MA1966.2	1.0	0.2417	3462.0	3584.0	24967.3	25944.0	0.14568938468077045	FALSE	PDX	MGH1174	MGH1174
ETV1	JASPAR2024|000311|MA0761.3	1.0	0.303	3558.0	3584.0	25714.8	25944.0	0.2624007484409127	FALSE	PDX	MGH1174	MGH1174
ZNF444	CIS-BP2.00|000420|M04529_2.00	1.0	0.3105	1243.0	3584.0	8815.8	25944.0	0.04514390858530849	FALSE	PDX	MGH1174	MGH1174
ZNF75D	JASPAR2024|000169|MA1601.2	1.0	0.3199	2424.0	3584.0	17374.1	25944.0	0.04339541159167182	FALSE	PDX	MGH1174	MGH1174
FOXD2	JASPAR2024|000361|MA0847.4	1.0	0.3199	1359.0	3584.0	9663.5	25944.0	0.04144360531096527	FALSE	PDX	MGH1174	MGH1174
HNF4A	JASPAR2024|000410|MA0114.5	1.0	0.3199	3418.0	3584.0	24663.7	25944.0	0.0924679676922494	FALSE	PDX	MGH1174	MGH1174
ZNF75D	CIS-BP2.00|000750|M07683_2.00	1.0	0.367	2159.0	3584.0	15487.0	25944.0	0.03266299288514063	FALSE	PDX	MGH1174	MGH1174
HNF4A	JASPAR2024|000409|MA1494.2	1.0	0.4566	387.0	3584.0	2740.7	25944.0	0.03680544866870839	FALSE	PDX	MGH1174	MGH1174
ZNF341	JASPAR2024|000712|MA1655.2	1.0	0.5564	3582.0	3584.0	25921.0	25944.0	0.37755016128713326	FALSE	PDX	MGH1174	MGH1174
ZNF33A	CIS-BP2.00|000762|M07695_2.00	1.0	0.6646	3192.0	3584.0	23104.5	25944.0	-0.0003201938507555645	FALSE	PDX	MGH1174	MGH1174
ZNF19	CIS-BP2.00|000670|M07603_2.00	1.0	0.6646	3561.0	3584.0	25773.4	25944.0	0.00875313695955772	FALSE	PDX	MGH1174	MGH1174
FOXD2	CIS-BP2.00|000235|M03042_2.00	1.0	0.8413	1401.0	3584.0	10237.9	25944.0	-0.022290148431837287	FALSE	PDX	MGH1174	MGH1174
NR3C2	JASPAR2024|000539|MA0727.2	1.0	0.9481	230.0	3584.0	1748.8	25944.0	-0.0733580435471686	FALSE	PDX	MGH1174	MGH1174
HNF4A	CIS-BP2.00|000974|M08219_2.00	1.0	0.9697	3204.0	3584.0	23311.9	25944.0	-0.07240638728176603	FALSE	PDX	MGH1174	MGH1174
NFATC4	CIS-BP2.00|000101|M01306_2.00	1.0	0.9747	3584.0	3584.0	25943.9	25944.0	-2.5925449688119113	FALSE	PDX	MGH1174	MGH1174
NR3C2	CIS-BP2.00|000154|M02395_2.00	1.0	0.9747	3584.0	3584.0	25943.9	25944.0	-2.5925449688119113	FALSE	PDX	MGH1174	MGH1174
ZBTB18	CIS-BP2.00|000988|M08257_2.00	1.0	1.0	3006.0	3584.0	22158.9	25944.0	-0.17162884072662218	FALSE	PDX	MGH1174	MGH1174
ZNF540	CIS-BP2.00|000701|M07634_2.00	1.0	1.0	758.0	3584.0	5955.9	25944.0	-0.15113072801336783	FALSE	PDX	MGH1174	MGH1174
ZNF254	CIS-BP2.00|000827|M07760_2.00	1.0	1.0	444.0	3584.0	3619.8	25944.0	-0.19627931450334338	FALSE	PDX	MGH1174	MGH1174
ZNF33B	CIS-BP2.00|000777|M07710_2.00	1.0	1.0	1135.0	3584.0	9019.5	25944.0	-0.2012030903689851	FALSE	PDX	MGH1174	MGH1174
ZBTB18	JASPAR2024|000681|MA0698.2	1.0	1.0	1672.0	3584.0	12971.3	25944.0	-0.1932978404221373	FALSE	PDX	MGH1174	MGH1174
ELF3	CIS-BP2.00|000227|M03002_2.00	1e-36	0.0	1773.0	3584.0	10302.9	26404.0	0.6134980908625476	TRUE	PDX	MGH1181	MGH1181
NFATC4	JASPAR2024|000506|MA1525.3	1e-14	0.0	2752.0	3584.0	18761.6	26404.0	0.42959113127678267	TRUE	PDX	MGH1181	MGH1181
XBP1	JASPAR2024|000675|MA0844.2	1e-08	0.0	1906.0	3584.0	12793.2	26404.0	0.27312529867947893	TRUE	PDX	MGH1181	MGH1181
CREB3L2	CIS-BP2.00|000117|M01812_2.00	0.0001	0.0002	1992.0	3584.0	13746.0	26404.0	0.20432847051587338	FALSE	PDX	MGH1181	MGH1181
XBP1	CIS-BP2.00|000375|M04231_2.00	0.0001	0.0002	3394.0	3584.0	24549.2	26404.0	0.4293551807837214	FALSE	PDX	MGH1181	MGH1181
ZNF75D	JASPAR2024|000169|MA1601.2	0.0001	0.0004	2534.0	3584.0	17874.6	26404.0	0.20327442239461044	FALSE	PDX	MGH1181	MGH1181
ZNF75D	CIS-BP2.00|000750|M07683_2.00	0.0001	0.0005	2276.0	3584.0	15947.2	26404.0	0.19006556964377092	FALSE	PDX	MGH1181	MGH1181
CREB3L2	JASPAR2024|000025|MA0608.1	0.0001	0.0005	1969.0	3584.0	13666.1	26404.0	0.18437837491847703	FALSE	PDX	MGH1181	MGH1181
ZNF141	CIS-BP2.00|000653|M07586_2.00	0.001	0.0006	2650.0	3584.0	18792.5	26404.0	0.20015005006528253	FALSE	PDX	MGH1181	MGH1181
CEBPB	CIS-BP2.00|000866|M07830_2.00	0.001	0.0014	1676.0	3584.0	11591.6	26404.0	0.16672546335333843	FALSE	PDX	MGH1181	MGH1181
GATA6	JASPAR2024|000382|MA1104.3	0.001	0.0015	2999.0	3584.0	21516.2	26404.0	0.21892885852053018	FALSE	PDX	MGH1181	MGH1181
CEBPB	JASPAR2024|000235|MA0466.4	0.01	0.0133	287.0	3584.0	1803.6	26404.0	0.2496210843193268	FALSE	PDX	MGH1181	MGH1181
CEBPA	JASPAR2024|000234|MA0102.5	0.01	0.0147	2603.0	3584.0	18643.6	26404.0	0.1429689485368572	FALSE	PDX	MGH1181	MGH1181
ZNF33A	CIS-BP2.00|000762|M07695_2.00	0.01	0.0158	3268.0	3584.0	23731.2	26404.0	0.21822949419504578	FALSE	PDX	MGH1181	MGH1181
ZNF281	JASPAR2024|000706|MA1630.3	0.01	0.0237	2947.0	3584.0	21287.0	26404.0	0.15249913857841055	FALSE	PDX	MGH1181	MGH1181
ETV1	JASPAR2024|000311|MA0761.3	0.01	0.0263	3565.0	3584.0	26166.7	26404.0	0.7326194368775	FALSE	PDX	MGH1181	MGH1181
FOXA1	CIS-BP2.00|000890|M07960_2.00	0.1	0.0574	1825.0	3584.0	12991.9	26404.0	0.09904712707118206	FALSE	PDX	MGH1181	MGH1181
ZNF281	CIS-BP2.00|001020|M08321_2.00	0.1	0.0574	2933.0	3584.0	21250.9	26404.0	0.12688049278588343	FALSE	PDX	MGH1181	MGH1181
GATA6	CIS-BP2.00|000947|M08124_2.00	0.1	0.0628	2687.0	3584.0	19412.8	26404.0	0.10895072108761444	FALSE	PDX	MGH1181	MGH1181
FOXA2	JASPAR2024|000357|MA0047.4	0.1	0.0891	2788.0	3584.0	20204.5	26404.0	0.10337077320610626	FALSE	PDX	MGH1181	MGH1181
NKX2-1	JASPAR2024|000822|MA1994.2	0.1	0.091	3411.0	3584.0	24951.4	26404.0	0.19545486789823624	FALSE	PDX	MGH1181	MGH1181
FOXA3	JASPAR2024|000358|MA1683.2	0.1	0.092	3183.0	3584.0	23199.4	26404.0	0.13146455968043813	FALSE	PDX	MGH1181	MGH1181
FOXA1	JASPAR2024|000356|MA0148.5	0.1	0.092	2898.0	3584.0	21042.5	26404.0	0.10547758712656292	FALSE	PDX	MGH1181	MGH1181
ETV1	JASPAR2024|000652|MA1966.2	0.1	0.092	3475.0	3584.0	25458.5	26404.0	0.23802601081097888	FALSE	PDX	MGH1181	MGH1181
CEBPA	CIS-BP2.00|000926|M08076_2.00	0.1	0.092	1381.0	3584.0	9807.9	26404.0	0.08523666466370099	FALSE	PDX	MGH1181	MGH1181
ZNF341	JASPAR2024|000712|MA1655.2	0.1	0.092	3584.0	3584.0	26380.2	26404.0	2.7232453596669677	FALSE	PDX	MGH1181	MGH1181
ZNF444	CIS-BP2.00|000420|M04529_2.00	0.1	0.092	1278.0	3584.0	9070.6	26404.0	0.08299374118294424	FALSE	PDX	MGH1181	MGH1181
ELF3	JASPAR2024|000276|MA0640.3	0.1	0.1496	3572.0	3584.0	26269.3	26404.0	0.5566958512178642	FALSE	PDX	MGH1181	MGH1181
ZNF341	CIS-BP2.00|001017|M08310_2.00	1.0	0.2199	3579.0	3584.0	26338.5	26404.0	0.7055919129970353	FALSE	PDX	MGH1181	MGH1181
HNF4A	JASPAR2024|000410|MA0114.5	1.0	0.2891	3426.0	3584.0	25150.9	26404.0	0.10769122469413302	FALSE	PDX	MGH1181	MGH1181
FOXD2	CIS-BP2.00|000235|M03042_2.00	1.0	0.3029	1394.0	3584.0	10085.1	26404.0	0.042778822253816795	FALSE	PDX	MGH1181	MGH1181
ETV1	CIS-BP2.00|000457|M04708_2.00	1.0	0.3822	3579.0	3584.0	26348.2	26404.0	0.47572959986360563	FALSE	PDX	MGH1181	MGH1181
FOXA2	CIS-BP2.00|000889|M07959_2.00	1.0	0.385	2071.0	3584.0	15119.1	26404.0	0.030824726988152997	FALSE	PDX	MGH1181	MGH1181
ZNF19	CIS-BP2.00|000670|M07603_2.00	1.0	0.385	3565.0	3584.0	26237.4	26404.0	0.21968975767797547	FALSE	PDX	MGH1181	MGH1181
ZBTB18	CIS-BP2.00|000988|M08257_2.00	1.0	0.4556	3102.0	3584.0	22784.6	26404.0	0.030761408956026418	FALSE	PDX	MGH1181	MGH1181
HNF4A	JASPAR2024|000409|MA1494.2	1.0	0.4642	391.0	3584.0	2827.8	26404.0	0.031300501248388575	FALSE	PDX	MGH1181	MGH1181
HNF4A	CIS-BP2.00|000974|M08219_2.00	1.0	0.6503	3237.0	3584.0	23845.4	26404.0	-0.00023749590633616647	FALSE	PDX	MGH1181	MGH1181
FOXA3	CIS-BP2.00|000469|M04831_2.00	1.0	0.8104	111.0	3584.0	846.1	26404.0	-0.04530125704493159	FALSE	PDX	MGH1181	MGH1181
E2F5	CIS-BP2.00|000940|M08109_2.00	1.0	0.8601	3119.0	3584.0	23055.5	26404.0	-0.038878222933273324	FALSE	PDX	MGH1181	MGH1181
FOXD2	JASPAR2024|000361|MA0847.4	1.0	0.8991	1290.0	3584.0	9653.3	26404.0	-0.03515405975242499	FALSE	PDX	MGH1181	MGH1181
ZNF540	CIS-BP2.00|000701|M07634_2.00	1.0	0.8991	804.0	3584.0	6063.1	26404.0	-0.043007525661780455	FALSE	PDX	MGH1181	MGH1181
NFATC4	CIS-BP2.00|000101|M01306_2.00	1.0	0.9543	3584.0	3584.0	26402.2	26404.0	-0.6792078119169471	FALSE	PDX	MGH1181	MGH1181
NR3C2	CIS-BP2.00|000154|M02395_2.00	1.0	0.9543	3584.0	3584.0	26402.2	26404.0	-0.6792078119169471	FALSE	PDX	MGH1181	MGH1181
ZBTB18	JASPAR2024|000681|MA0698.2	1.0	0.9543	1836.0	3584.0	13782.9	26404.0	-0.05619589882829707	FALSE	PDX	MGH1181	MGH1181
ZNF33B	CIS-BP2.00|000777|M07710_2.00	1.0	1.0	1179.0	3584.0	9082.7	26404.0	-0.09684507674189995	FALSE	PDX	MGH1181	MGH1181
NR3C2	JASPAR2024|000539|MA0727.2	1.0	1.0	199.0	3584.0	1782.7	26404.0	-0.29751245924894815	FALSE	PDX	MGH1181	MGH1181
ZNF254	CIS-BP2.00|000827|M07760_2.00	1.0	1.0	449.0	3584.0	3764.3	26404.0	-0.21406092674902658	FALSE	PDX	MGH1181	MGH1181
ELF3	CIS-BP2.00|000227|M03002_2.00	1e-15	0.0	1614.0	3584.0	10268.8	26721.0	0.39251220627619626	TRUE	PDX	MGH9183	MGH9183
XBP1	JASPAR2024|000675|MA0844.2	1e-06	0.0	1885.0	3584.0	12929.1	26721.0	0.24303266551567554	TRUE	PDX	MGH9183	MGH9183
NFATC4	JASPAR2024|000506|MA1525.3	1e-06	0.0	2636.0	3584.0	18681.1	26721.0	0.25862547750701376	TRUE	PDX	MGH9183	MGH9183
CEBPB	JASPAR2024|000235|MA0466.4	1e-05	0.0	311.0	3584.0	1791.3	26721.0	0.4048830277351649	TRUE	PDX	MGH9183	MGH9183
CREB3L2	CIS-BP2.00|000117|M01812_2.00	1e-05	0.0001	2000.0	3584.0	13929.8	26721.0	0.21331465033647504	FALSE	PDX	MGH9183	MGH9183
CREB3L2	JASPAR2024|000025|MA0608.1	0.0001	0.0001	1981.0	3584.0	13843.8	26721.0	0.2009514503265401	FALSE	PDX	MGH9183	MGH9183
FOXA3	CIS-BP2.00|000469|M04831_2.00	0.0001	0.0001	158.0	3584.0	839.4	26721.0	0.5114123582479468	FALSE	PDX	MGH9183	MGH9183
XBP1	CIS-BP2.00|000375|M04231_2.00	0.001	0.0031	3379.0	3584.0	24825.7	26721.0	0.32861473998258484	FALSE	PDX	MGH9183	MGH9183
ZNF33A	CIS-BP2.00|000762|M07695_2.00	0.01	0.0114	3282.0	3584.0	24095.3	26721.0	0.24205495802933338	FALSE	PDX	MGH9183	MGH9183
FOXA1	CIS-BP2.00|000890|M07960_2.00	0.01	0.0236	1841.0	3584.0	13148.2	26721.0	0.12474638222397029	FALSE	PDX	MGH9183	MGH9183
FOXA3	JASPAR2024|000358|MA1683.2	0.1	0.0796	3187.0	3584.0	23457.0	26721.0	0.15828325774354068	FALSE	PDX	MGH9183	MGH9183
FOXA2	CIS-BP2.00|000889|M07959_2.00	0.1	0.0905	2115.0	3584.0	15326.9	26721.0	0.09791061517438598	FALSE	PDX	MGH9183	MGH9183
NKX2-1	JASPAR2024|000822|MA1994.2	0.1	0.1195	3420.0	3584.0	25315.8	26721.0	0.2073418089632278	FALSE	PDX	MGH9183	MGH9183
ZNF19	CIS-BP2.00|000670|M07603_2.00	0.1	0.166	3572.0	3584.0	26577.7	26721.0	0.6288261903435372	FALSE	PDX	MGH9183	MGH9183
ZNF281	JASPAR2024|000706|MA1630.3	0.1	0.2389	2916.0	3584.0	21485.7	26721.0	0.08831014970798284	FALSE	PDX	MGH9183	MGH9183
FOXA2	JASPAR2024|000357|MA0047.4	0.1	0.2708	2781.0	3584.0	20481.6	26721.0	0.0767243501296241	FALSE	PDX	MGH9183	MGH9183
FOXD2	JASPAR2024|000361|MA0847.4	0.1	0.2733	1317.0	3584.0	9540.0	26721.0	0.06541962267323721	FALSE	PDX	MGH9183	MGH9183
GATA6	JASPAR2024|000382|MA1104.3	1.0	0.2994	2946.0	3584.0	21753.4	26721.0	0.07573579136641041	FALSE	PDX	MGH9183	MGH9183
ZNF75D	CIS-BP2.00|000750|M07683_2.00	1.0	0.2994	2192.0	3584.0	16082.3	26721.0	0.058770588352547365	FALSE	PDX	MGH9183	MGH9183
ZNF141	CIS-BP2.00|000653|M07586_2.00	1.0	0.3083	2582.0	3584.0	19022.0	26721.0	0.060295916369589184	FALSE	PDX	MGH9183	MGH9183
ELF3	JASPAR2024|000276|MA0640.3	1.0	0.3697	3571.0	3584.0	26591.7	26721.0	0.3688579596157779	FALSE	PDX	MGH9183	MGH9183
HNF4A	JASPAR2024|000409|MA1494.2	1.0	0.3781	403.0	3584.0	2873.1	26721.0	0.07389477513295914	FALSE	PDX	MGH9183	MGH9183
CEBPB	CIS-BP2.00|000866|M07830_2.00	1.0	0.3781	1601.0	3584.0	11734.0	26721.0	0.0443787834677521	FALSE	PDX	MGH9183	MGH9183
ZNF75D	JASPAR2024|000169|MA1601.2	1.0	0.3781	2449.0	3584.0	18071.1	26721.0	0.046274092787941444	FALSE	PDX	MGH9183	MGH9183
E2F5	CIS-BP2.00|000940|M08109_2.00	1.0	0.3781	3131.0	3584.0	23210.6	26721.0	0.06277733787155211	FALSE	PDX	MGH9183	MGH9183
CEBPA	JASPAR2024|000234|MA0102.5	1.0	0.4751	2557.0	3584.0	18932.7	26721.0	0.03415055519176712	FALSE	PDX	MGH9183	MGH9183
ZNF444	CIS-BP2.00|000420|M04529_2.00	1.0	0.4751	1224.0	3584.0	8995.3	26721.0	0.03166009527048293	FALSE	PDX	MGH9183	MGH9183
CEBPA	CIS-BP2.00|000926|M08076_2.00	1.0	0.4793	1346.0	3584.0	9910.6	26721.0	0.02896178403070572	FALSE	PDX	MGH9183	MGH9183
FOXD2	CIS-BP2.00|000235|M03042_2.00	1.0	0.4897	1361.0	3584.0	10032.0	26721.0	0.02662415528473295	FALSE	PDX	MGH9183	MGH9183
HNF4A	JASPAR2024|000410|MA0114.5	1.0	0.5033	3426.0	3584.0	25496.2	26721.0	0.05507733238663145	FALSE	PDX	MGH9183	MGH9183
ZNF281	CIS-BP2.00|001020|M08321_2.00	1.0	0.5436	2888.0	3584.0	21464.2	26721.0	0.022553195163472494	FALSE	PDX	MGH9183	MGH9183
FOXA1	JASPAR2024|000356|MA0148.5	1.0	0.5685	2854.0	3584.0	21223.8	26721.0	0.017464999979522576	FALSE	PDX	MGH9183	MGH9183
ETV1	JASPAR2024|000652|MA1966.2	1.0	0.6084	3461.0	3584.0	25785.1	26721.0	0.02551753019545395	FALSE	PDX	MGH9183	MGH9183
ETV1	JASPAR2024|000311|MA0761.3	1.0	0.6126	3555.0	3584.0	26495.7	26721.0	0.0385975200909968	FALSE	PDX	MGH9183	MGH9183
ZNF341	JASPAR2024|000712|MA1655.2	1.0	0.6686	3582.0	3584.0	26702.3	26721.0	0.04315389270420663	FALSE	PDX	MGH9183	MGH9183
ETV1	CIS-BP2.00|000457|M04708_2.00	1.0	0.8139	3576.0	3584.0	26664.1	26721.0	-0.14278934890416872	FALSE	PDX	MGH9183	MGH9183
ZNF540	CIS-BP2.00|000701|M07634_2.00	1.0	1.0	784.0	3584.0	5996.5	26721.0	-0.046779852174569266	FALSE	PDX	MGH9183	MGH9183
ZBTB18	JASPAR2024|000681|MA0698.2	1.0	1.0	1881.0	3584.0	14234.0	26721.0	-0.045525797981059345	FALSE	PDX	MGH9183	MGH9183
ZBTB18	CIS-BP2.00|000988|M08257_2.00	1.0	1.0	3098.0	3584.0	23241.8	26721.0	-0.06865974755344377	FALSE	PDX	MGH9183	MGH9183
NFATC4	CIS-BP2.00|000101|M01306_2.00	1.0	1.0	3584.0	3584.0	26722.9	26721.0	-2.898259775288629	FALSE	PDX	MGH9183	MGH9183
NR3C2	CIS-BP2.00|000154|M02395_2.00	1.0	1.0	3584.0	3584.0	26722.9	26721.0	-2.898259775288629	FALSE	PDX	MGH9183	MGH9183
GATA6	CIS-BP2.00|000947|M08124_2.00	1.0	1.0	2602.0	3584.0	19629.6	26721.0	-0.06345457254824448	FALSE	PDX	MGH9183	MGH9183
NR3C2	JASPAR2024|000539|MA0727.2	1.0	1.0	219.0	3584.0	1765.5	26721.0	-0.11769854535492062	FALSE	PDX	MGH9183	MGH9183
ZNF254	CIS-BP2.00|000827|M07760_2.00	1.0	1.0	502.0	3584.0	3973.0	26721.0	-0.09961622333990695	FALSE	PDX	MGH9183	MGH9183
ZNF341	CIS-BP2.00|001017|M08310_2.00	1.0	1.0	3571.0	3584.0	26662.9	26721.0	-0.7823174744973076	FALSE	PDX	MGH9183	MGH9183
ZNF33B	CIS-BP2.00|000777|M07710_2.00	1.0	1.0	1156.0	3584.0	9091.2	26721.0	-0.11486518165044379	FALSE	PDX	MGH9183	MGH9183
HNF4A	CIS-BP2.00|000974|M08219_2.00	1.0	1.0	3187.0	3584.0	24181.4	26721.0	-0.2475718267960435	FALSE	PDX	MGH9183	MGH9183
ELF3	CIS-BP2.00|000227|M03002_2.00	1e-23	0.0	1736.0	3584.0	10447.4	26040.0	0.48752214641091024	TRUE	cell_line	A427	A427
NFATC4	JASPAR2024|000506|MA1525.3	1e-08	0.0	2729.0	3584.0	18732.0	26040.0	0.31590072804387465	TRUE	cell_line	A427	A427
XBP1	JASPAR2024|000675|MA0844.2	1e-06	0.0	1864.0	3584.0	12440.4	26040.0	0.24448730778882172	TRUE	cell_line	A427	A427
E2F5	CIS-BP2.00|000940|M08109_2.00	0.0001	0.0003	3238.0	3584.0	22965.1	26040.0	0.323769981665583	FALSE	cell_line	A427	A427
CEBPB	JASPAR2024|000235|MA0466.4	0.001	0.0027	306.0	3584.0	1826.4	26040.0	0.3093008937268907	FALSE	cell_line	A427	A427
ETV1	JASPAR2024|000652|MA1966.2	0.001	0.0052	3486.0	3584.0	25073.5	26040.0	0.44897948226369794	FALSE	cell_line	A427	A427
FOXA1	CIS-BP2.00|000890|M07960_2.00	0.01	0.0131	1807.0	3584.0	12500.0	26040.0	0.13944129902302962	FALSE	cell_line	A427	A427
CEBPB	CIS-BP2.00|000866|M07830_2.00	0.01	0.0146	1657.0	3584.0	11429.3	26040.0	0.13655252066162668	FALSE	cell_line	A427	A427
FOXA2	JASPAR2024|000357|MA0047.4	0.01	0.0213	2792.0	3584.0	19796.3	26040.0	0.15239584400926862	FALSE	cell_line	A427	A427
ZNF341	CIS-BP2.00|001017|M08310_2.00	0.01	0.0343	3581.0	3584.0	25966.1	26040.0	1.551854517731589	FALSE	cell_line	A427	A427
FOXA3	JASPAR2024|000358|MA1683.2	0.01	0.0343	3185.0	3584.0	22794.8	26040.0	0.1831175959880596	FALSE	cell_line	A427	A427
FOXA1	JASPAR2024|000356|MA0148.5	0.1	0.041	2896.0	3584.0	20636.0	26040.0	0.13981685617343884	FALSE	cell_line	A427	A427
FOXA2	CIS-BP2.00|000889|M07959_2.00	0.1	0.056	2070.0	3584.0	14572.4	26040.0	0.10547601280831166	FALSE	cell_line	A427	A427
CREB3L2	CIS-BP2.00|000117|M01812_2.00	0.1	0.056	1881.0	3584.0	13197.2	26040.0	0.10411075390140306	FALSE	cell_line	A427	A427
ZNF75D	JASPAR2024|000169|MA1601.2	0.1	0.056	2456.0	3584.0	17408.5	26040.0	0.11013125577268833	FALSE	cell_line	A427	A427
XBP1	CIS-BP2.00|000375|M04231_2.00	0.1	0.056	3361.0	3584.0	24188.9	26040.0	0.20322780111461367	FALSE	cell_line	A427	A427
CEBPA	CIS-BP2.00|000926|M08076_2.00	0.1	0.0912	1381.0	3584.0	9644.7	26040.0	0.09188190338618189	FALSE	cell_line	A427	A427
CEBPA	JASPAR2024|000234|MA0102.5	0.1	0.1086	2558.0	3584.0	18239.0	26040.0	0.09232186827017429	FALSE	cell_line	A427	A427
ZNF341	JASPAR2024|000712|MA1655.2	0.1	0.1373	3584.0	3584.0	26021.4	26040.0	2.395618225569478	FALSE	cell_line	A427	A427
CREB3L2	JASPAR2024|000025|MA0608.1	0.1	0.1373	1853.0	3584.0	13117.9	26040.0	0.07653432326522523	FALSE	cell_line	A427	A427
FOXD2	CIS-BP2.00|000235|M03042_2.00	0.1	0.1929	1445.0	3584.0	10206.0	26040.0	0.0678780186316039	FALSE	cell_line	A427	A427
ETV1	JASPAR2024|000311|MA0761.3	1.0	0.2233	3561.0	3584.0	25822.6	26040.0	0.3548282268982936	FALSE	cell_line	A427	A427
ELF3	JASPAR2024|000276|MA0640.3	1.0	0.2482	3573.0	3584.0	25925.7	26040.0	0.4604158030688004	FALSE	cell_line	A427	A427
ZNF75D	CIS-BP2.00|000750|M07683_2.00	1.0	0.2482	2167.0	3584.0	15496.0	26040.0	0.05723153633107569	FALSE	cell_line	A427	A427
ETV1	CIS-BP2.00|000457|M04708_2.00	1.0	0.253	3581.0	3584.0	25997.7	26040.0	0.7524080757101784	FALSE	cell_line	A427	A427
GATA6	CIS-BP2.00|000947|M08124_2.00	1.0	0.2748	2666.0	3584.0	19171.7	26040.0	0.05670978957035262	FALSE	cell_line	A427	A427
GATA6	JASPAR2024|000382|MA1104.3	1.0	0.2748	2950.0	3584.0	21261.0	26040.0	0.0639556123864074	FALSE	cell_line	A427	A427
NKX2-1	JASPAR2024|000822|MA1994.2	1.0	0.3031	3382.0	3584.0	24476.1	26040.0	0.09437429758488837	FALSE	cell_line	A427	A427
ZNF141	CIS-BP2.00|000653|M07586_2.00	1.0	0.3031	2543.0	3584.0	18293.7	26040.0	0.048438325444109864	FALSE	cell_line	A427	A427
ZNF281	JASPAR2024|000706|MA1630.3	1.0	0.4482	2889.0	3584.0	20890.5	26040.0	0.03446023517512069	FALSE	cell_line	A427	A427
ZNF19	CIS-BP2.00|000670|M07603_2.00	1.0	0.5501	3564.0	3584.0	25880.6	26040.0	0.10334681390438462	FALSE	cell_line	A427	A427
HNF4A	JASPAR2024|000410|MA0114.5	1.0	0.5809	3407.0	3584.0	24726.1	26040.0	0.02923514041358773	FALSE	cell_line	A427	A427
ZNF33A	CIS-BP2.00|000762|M07695_2.00	1.0	0.6609	3164.0	3584.0	22973.7	26040.0	0.006591226877360513	FALSE	cell_line	A427	A427
NR3C2	JASPAR2024|000539|MA0727.2	1.0	0.8812	226.0	3584.0	1677.8	26040.0	-0.030632573533040275	FALSE	cell_line	A427	A427
FOXD2	JASPAR2024|000361|MA0847.4	1.0	0.9523	1310.0	3584.0	9631.9	26040.0	-0.02694713775704118	FALSE	cell_line	A427	A427
ZNF540	CIS-BP2.00|000701|M07634_2.00	1.0	0.9769	804.0	3584.0	5961.1	26040.0	-0.037235335359011135	FALSE	cell_line	A427	A427
ZNF281	CIS-BP2.00|001020|M08321_2.00	1.0	1.0	2852.0	3584.0	20871.3	26040.0	-0.052215875753780894	FALSE	cell_line	A427	A427
HNF4A	JASPAR2024|000409|MA1494.2	1.0	1.0	357.0	3584.0	2739.2	26040.0	-0.08608133251932196	FALSE	cell_line	A427	A427
NFATC4	CIS-BP2.00|000101|M01306_2.00	1.0	1.0	3584.0	3584.0	26042.3	26040.0	-2.861040771353455	FALSE	cell_line	A427	A427
NR3C2	CIS-BP2.00|000154|M02395_2.00	1.0	1.0	3584.0	3584.0	26042.3	26040.0	-2.861040771353455	FALSE	cell_line	A427	A427
HNF4A	CIS-BP2.00|000974|M08219_2.00	1.0	1.0	3197.0	3584.0	23440.6	26040.0	-0.12783608880132602	FALSE	cell_line	A427	A427
ZNF254	CIS-BP2.00|000827|M07760_2.00	1.0	1.0	465.0	3584.0	3697.7	26040.0	-0.14954689425824388	FALSE	cell_line	A427	A427
FOXA3	CIS-BP2.00|000469|M04831_2.00	1.0	1.0	102.0	3584.0	908.1	26040.0	-0.2966682067072555	FALSE	cell_line	A427	A427
ZNF444	CIS-BP2.00|000420|M04529_2.00	1.0	1.0	1144.0	3584.0	8777.0	26040.0	-0.11661629905962233	FALSE	cell_line	A427	A427
ZNF33B	CIS-BP2.00|000777|M07710_2.00	1.0	1.0	1177.0	3584.0	9094.6	26040.0	-0.1340338829731176	FALSE	cell_line	A427	A427
ZBTB18	CIS-BP2.00|000988|M08257_2.00	1.0	1.0	2999.0	3584.0	22333.8	26040.0	-0.23407282168001867	FALSE	cell_line	A427	A427
ZBTB18	JASPAR2024|000681|MA0698.2	1.0	1.0	1647.0	3584.0	12960.4	26040.0	-0.22071017648071042	FALSE	cell_line	A427	A427
ELF3	CIS-BP2.00|000227|M03002_2.00	1e-21	0.0	1696.0	3584.0	10474.4	26544.0	0.46276308170916264	TRUE	cell_line	A549	A549
NFATC4	JASPAR2024|000506|MA1525.3	1e-08	0.0	2681.0	3584.0	18697.7	26544.0	0.31672068700238665	TRUE	cell_line	A549	A549
CEBPB	JASPAR2024|000235|MA0466.4	1e-06	0.0	326.0	3584.0	1809.0	26544.0	0.4538669513376535	TRUE	cell_line	A549	A549
ZNF33A	CIS-BP2.00|000762|M07695_2.00	0.001	0.0017	3265.0	3584.0	23692.8	26544.0	0.2988310437682157	FALSE	cell_line	A549	A549
FOXA3	CIS-BP2.00|000469|M04831_2.00	0.001	0.0053	154.0	3584.0	869.5	26544.0	0.4104649421283749	FALSE	cell_line	A549	A549
FOXA1	CIS-BP2.00|000890|M07960_2.00	0.001	0.0067	1849.0	3584.0	12995.2	26544.0	0.15196790939215613	FALSE	cell_line	A549	A549
XBP1	JASPAR2024|000675|MA0844.2	0.01	0.0278	1780.0	3584.0	12595.0	26544.0	0.12798831062812616	FALSE	cell_line	A549	A549
FOXA2	CIS-BP2.00|000889|M07959_2.00	0.1	0.1242	2110.0	3584.0	15178.2	26544.0	0.10007347161991843	FALSE	cell_line	A549	A549
ELF3	JASPAR2024|000276|MA0640.3	0.1	0.1269	3576.0	3584.0	26426.9	26544.0	0.9048672596655927	FALSE	cell_line	A549	A549
ZNF19	CIS-BP2.00|000670|M07603_2.00	0.1	0.1269	3572.0	3584.0	26389.0	26544.0	0.7519564805079216	FALSE	cell_line	A549	A549
CEBPA	JASPAR2024|000234|MA0102.5	0.1	0.1269	2579.0	3584.0	18715.5	26544.0	0.10180617965840857	FALSE	cell_line	A549	A549
E2F5	CIS-BP2.00|000940|M08109_2.00	0.1	0.1507	3157.0	3584.0	23116.8	26544.0	0.13112625390302457	FALSE	cell_line	A549	A549
CEBPA	CIS-BP2.00|000926|M08076_2.00	0.1	0.2407	1357.0	3584.0	9725.6	26544.0	0.0756767889380045	FALSE	cell_line	A549	A549
CEBPB	CIS-BP2.00|000866|M07830_2.00	1.0	0.3581	1597.0	3584.0	11550.6	26544.0	0.06120651155931873	FALSE	cell_line	A549	A549
HNF4A	JASPAR2024|000410|MA0114.5	1.0	0.5356	3430.0	3584.0	25310.6	26544.0	0.11426729883877046	FALSE	cell_line	A549	A549
FOXD2	JASPAR2024|000361|MA0847.4	1.0	0.5913	1312.0	3584.0	9535.1	26544.0	0.04297375583729234	FALSE	cell_line	A549	A549
FOXA3	JASPAR2024|000358|MA1683.2	1.0	0.6603	3155.0	3584.0	23258.5	26544.0	0.05375390155959309	FALSE	cell_line	A549	A549
FOXA2	JASPAR2024|000357|MA0047.4	1.0	0.6603	2754.0	3584.0	20263.1	26544.0	0.040005934011156576	FALSE	cell_line	A549	A549
GATA6	CIS-BP2.00|000947|M08124_2.00	1.0	0.7088	2667.0	3584.0	19639.0	26544.0	0.03176779051666985	FALSE	cell_line	A549	A549
FOXA1	JASPAR2024|000356|MA0148.5	1.0	0.7276	2856.0	3584.0	21058.1	26544.0	0.030769839495757866	FALSE	cell_line	A549	A549
GATA6	JASPAR2024|000382|MA1104.3	1.0	0.7276	2944.0	3584.0	21715.9	26544.0	0.03164409632888531	FALSE	cell_line	A549	A549
ZNF341	CIS-BP2.00|001017|M08310_2.00	1.0	0.7276	3578.0	3584.0	26485.2	26544.0	0.30173372764449025	FALSE	cell_line	A549	A549
ZNF75D	JASPAR2024|000169|MA1601.2	1.0	0.7276	2418.0	3584.0	17825.0	26544.0	0.02030100045956775	FALSE	cell_line	A549	A549
XBP1	CIS-BP2.00|000375|M04231_2.00	1.0	0.7276	3321.0	3584.0	24552.6	26544.0	0.032271987348632465	FALSE	cell_line	A549	A549
ETV1	CIS-BP2.00|000457|M04708_2.00	1.0	0.8018	3578.0	3584.0	26490.8	26544.0	0.1583187073178093	FALSE	cell_line	A549	A549
ETV1	JASPAR2024|000652|MA1966.2	1.0	0.8018	3465.0	3584.0	25645.1	26544.0	0.02437636460728774	FALSE	cell_line	A549	A549
ETV1	JASPAR2024|000311|MA0761.3	1.0	0.8404	3556.0	3584.0	26329.1	26544.0	0.029828890057705858	FALSE	cell_line	A549	A549
FOXD2	CIS-BP2.00|000235|M03042_2.00	1.0	0.8404	1359.0	3584.0	10061.8	26544.0	0.0009391293471528573	FALSE	cell_line	A549	A549
ZNF341	JASPAR2024|000712|MA1655.2	1.0	0.8542	3582.0	3584.0	26524.6	26544.0	0.10444885023820408	FALSE	cell_line	A549	A549
ZNF540	CIS-BP2.00|000701|M07634_2.00	1.0	0.8899	799.0	3584.0	5946.7	26544.0	-0.008558620648215397	FALSE	cell_line	A549	A549
ZNF141	CIS-BP2.00|000653|M07586_2.00	1.0	1.0	2502.0	3584.0	18611.8	26544.0	-0.021369407102159597	FALSE	cell_line	A549	A549
ZNF75D	CIS-BP2.00|000750|M07683_2.00	1.0	1.0	2134.0	3584.0	15897.4	26544.0	-0.021027810829405556	FALSE	cell_line	A549	A549
NR3C2	JASPAR2024|000539|MA0727.2	1.0	1.0	226.0	3584.0	1735.8	26544.0	-0.05347607995388354	FALSE	cell_line	A549	A549
ZNF281	JASPAR2024|000706|MA1630.3	1.0	1.0	2843.0	3584.0	21172.3	26544.0	-0.03947794434624927	FALSE	cell_line	A549	A549
ZNF33B	CIS-BP2.00|000777|M07710_2.00	1.0	1.0	1197.0	3584.0	9064.7	26544.0	-0.04819715398846403	FALSE	cell_line	A549	A549
NFATC4	CIS-BP2.00|000101|M01306_2.00	1.0	1.0	3584.0	3584.0	26543.7	26544.0	-2.210480959160466	FALSE	cell_line	A549	A549
NR3C2	CIS-BP2.00|000154|M02395_2.00	1.0	1.0	3584.0	3584.0	26543.7	26544.0	-2.210480959160466	FALSE	cell_line	A549	A549
ZNF254	CIS-BP2.00|000827|M07760_2.00	1.0	1.0	511.0	3584.0	4015.0	26544.0	-0.09891258878169334	FALSE	cell_line	A549	A549
ZNF281	CIS-BP2.00|001020|M08321_2.00	1.0	1.0	2811.0	3584.0	21162.5	26544.0	-0.1134630076557967	FALSE	cell_line	A549	A549
CREB3L2	CIS-BP2.00|000117|M01812_2.00	1.0	1.0	1762.0	3584.0	13536.5	26544.0	-0.10580444622935523	FALSE	cell_line	A549	A549
HNF4A	JASPAR2024|000409|MA1494.2	1.0	1.0	333.0	3584.0	2768.1	26544.0	-0.18304500213208127	FALSE	cell_line	A549	A549
NKX2-1	JASPAR2024|000822|MA1994.2	1.0	1.0	3355.0	3584.0	25100.8	26544.0	-0.24995749782020638	FALSE	cell_line	A549	A549
CREB3L2	JASPAR2024|000025|MA0608.1	1.0	1.0	1737.0	3584.0	13455.7	26544.0	-0.12849960523952278	FALSE	cell_line	A549	A549
ZBTB18	CIS-BP2.00|000988|M08257_2.00	1.0	1.0	3063.0	3584.0	23154.5	26544.0	-0.21752488510978615	FALSE	cell_line	A549	A549
ZNF444	CIS-BP2.00|000420|M04529_2.00	1.0	1.0	1088.0	3584.0	8741.9	26544.0	-0.1715788364561306	FALSE	cell_line	A549	A549
ZBTB18	JASPAR2024|000681|MA0698.2	1.0	1.0	1805.0	3584.0	14129.4	26544.0	-0.16572888599265545	FALSE	cell_line	A549	A549
HNF4A	CIS-BP2.00|000974|M08219_2.00	1.0	1.0	3144.0	3584.0	23992.0	26544.0	-0.3969839156286389	FALSE	cell_line	A549	A549
ELF3	CIS-BP2.00|000227|M03002_2.00	1e-25	0.0	1729.0	3584.0	10363.8	26184.0	0.5087377663517788	TRUE	cell_line	ABC-1	ABC-1
XBP1	JASPAR2024|000675|MA0844.2	1e-09	0.0	1891.0	3584.0	12477.3	26184.0	0.29509309772734227	TRUE	cell_line	ABC-1	ABC-1
NFATC4	JASPAR2024|000506|MA1525.3	1e-07	0.0	2685.0	3584.0	18542.5	26184.0	0.2991430268343367	TRUE	cell_line	ABC-1	ABC-1
XBP1	CIS-BP2.00|000375|M04231_2.00	0.0001	0.0011	3376.0	3584.0	24250.1	26184.0	0.36934688113737973	FALSE	cell_line	ABC-1	ABC-1
GATA6	JASPAR2024|000382|MA1104.3	0.01	0.0117	2992.0	3584.0	21350.1	26184.0	0.19359632690910433	FALSE	cell_line	ABC-1	ABC-1
CEBPB	JASPAR2024|000235|MA0466.4	0.01	0.0117	298.0	3584.0	1829.5	26184.0	0.27355328110983207	FALSE	cell_line	ABC-1	ABC-1
ZNF19	CIS-BP2.00|000670|M07603_2.00	0.01	0.0117	3575.0	3584.0	26026.4	26184.0	1.1929794663331925	FALSE	cell_line	ABC-1	ABC-1
ETV1	JASPAR2024|000652|MA1966.2	0.01	0.0117	3486.0	3584.0	25236.6	26184.0	0.41084448565006226	FALSE	cell_line	ABC-1	ABC-1
CREB3L2	CIS-BP2.00|000117|M01812_2.00	0.01	0.0178	1897.0	3584.0	13265.7	26184.0	0.1309292697541261	FALSE	cell_line	ABC-1	ABC-1
FOXA3	JASPAR2024|000358|MA1683.2	0.01	0.0187	3187.0	3584.0	22903.2	26184.0	0.20015730430572706	FALSE	cell_line	ABC-1	ABC-1
NKX2-1	JASPAR2024|000822|MA1994.2	0.01	0.0255	3415.0	3584.0	24699.2	26184.0	0.27707235487623255	FALSE	cell_line	ABC-1	ABC-1
E2F5	CIS-BP2.00|000940|M08109_2.00	0.01	0.0346	3179.0	3584.0	22883.0	26184.0	0.17791191311536653	FALSE	cell_line	ABC-1	ABC-1
CREB3L2	JASPAR2024|000025|MA0608.1	0.1	0.0401	1873.0	3584.0	13181.1	26184.0	0.11083808227887171	FALSE	cell_line	ABC-1	ABC-1
FOXA2	CIS-BP2.00|000889|M07959_2.00	0.1	0.0465	2102.0	3584.0	14878.6	26184.0	0.10786227329514346	FALSE	cell_line	ABC-1	ABC-1
ZNF75D	CIS-BP2.00|000750|M07683_2.00	0.1	0.0567	2187.0	3584.0	15526.8	26184.0	0.10352387750895489	FALSE	cell_line	ABC-1	ABC-1
CEBPB	CIS-BP2.00|000866|M07830_2.00	0.1	0.0705	1633.0	3584.0	11498.1	26184.0	0.09640557294224662	FALSE	cell_line	ABC-1	ABC-1
FOXA2	JASPAR2024|000357|MA0047.4	0.1	0.0705	2782.0	3584.0	19961.6	26184.0	0.11220385885554947	FALSE	cell_line	ABC-1	ABC-1
ELF3	JASPAR2024|000276|MA0640.3	0.1	0.1041	3575.0	3584.0	26068.3	26184.0	0.7464314792900424	FALSE	cell_line	ABC-1	ABC-1
ETV1	JASPAR2024|000311|MA0761.3	0.1	0.1624	3563.0	3584.0	25971.3	26184.0	0.444219697832691	FALSE	cell_line	ABC-1	ABC-1
ETV1	CIS-BP2.00|000457|M04708_2.00	0.1	0.1778	3581.0	3584.0	26134.7	26184.0	0.9633605627009579	FALSE	cell_line	ABC-1	ABC-1
FOXA1	CIS-BP2.00|000890|M07960_2.00	0.1	0.2123	1790.0	3584.0	12788.5	26184.0	0.06367941552607001	FALSE	cell_line	ABC-1	ABC-1
ZNF33A	CIS-BP2.00|000762|M07695_2.00	1.0	0.2413	3200.0	3584.0	23209.9	26184.0	0.09323800418806437	FALSE	cell_line	ABC-1	ABC-1
ZNF75D	JASPAR2024|000169|MA1601.2	1.0	0.2646	2420.0	3584.0	17445.6	26184.0	0.05821348891340664	FALSE	cell_line	ABC-1	ABC-1
GATA6	CIS-BP2.00|000947|M08124_2.00	1.0	0.2906	2674.0	3584.0	19333.3	26184.0	0.057841664545835614	FALSE	cell_line	ABC-1	ABC-1
FOXA1	JASPAR2024|000356|MA0148.5	1.0	0.352	2866.0	3584.0	20779.4	26184.0	0.053434720411183155	FALSE	cell_line	ABC-1	ABC-1
ZNF341	JASPAR2024|000712|MA1655.2	1.0	0.4372	3583.0	3584.0	26166.1	26184.0	0.7483861424543767	FALSE	cell_line	ABC-1	ABC-1
ZNF281	JASPAR2024|000706|MA1630.3	1.0	0.4427	2868.0	3584.0	20834.5	26184.0	0.03985960497578369	FALSE	cell_line	ABC-1	ABC-1
CEBPA	CIS-BP2.00|000926|M08076_2.00	1.0	0.495	1346.0	3584.0	9717.1	26184.0	0.0276227468722258	FALSE	cell_line	ABC-1	ABC-1
FOXD2	JASPAR2024|000361|MA0847.4	1.0	0.5268	1332.0	3584.0	9633.4	26184.0	0.023343675964944285	FALSE	cell_line	ABC-1	ABC-1
CEBPA	JASPAR2024|000234|MA0102.5	1.0	0.5293	2538.0	3584.0	18456.0	26184.0	0.02253529349099447	FALSE	cell_line	ABC-1	ABC-1
FOXD2	CIS-BP2.00|000235|M03042_2.00	1.0	0.5429	1400.0	3584.0	10148.5	26184.0	0.018615617265915173	FALSE	cell_line	ABC-1	ABC-1
ZNF141	CIS-BP2.00|000653|M07586_2.00	1.0	0.5465	2509.0	3584.0	18262.8	26184.0	0.017326923129445514	FALSE	cell_line	ABC-1	ABC-1
ZNF341	CIS-BP2.00|001017|M08310_2.00	1.0	0.5465	3576.0	3584.0	26116.6	26184.0	0.12950246346164893	FALSE	cell_line	ABC-1	ABC-1
ZNF444	CIS-BP2.00|000420|M04529_2.00	1.0	0.5465	1181.0	3584.0	8566.4	26184.0	0.015696019642757488	FALSE	cell_line	ABC-1	ABC-1
ZNF281	CIS-BP2.00|001020|M08321_2.00	1.0	0.5465	2857.0	3584.0	20825.3	26184.0	0.01545199122845047	FALSE	cell_line	ABC-1	ABC-1
NR3C2	JASPAR2024|000539|MA0727.2	1.0	0.9008	224.0	3584.0	1687.3	26184.0	-0.044487556941722316	FALSE	cell_line	ABC-1	ABC-1
ZBTB18	CIS-BP2.00|000988|M08257_2.00	1.0	1.0	3083.0	3584.0	22676.9	26184.0	-0.07245186202286945	FALSE	cell_line	ABC-1	ABC-1
NFATC4	CIS-BP2.00|000101|M01306_2.00	1.0	1.0	3584.0	3584.0	26186.1	26184.0	-2.8689849587684226	FALSE	cell_line	ABC-1	ABC-1
NR3C2	CIS-BP2.00|000154|M02395_2.00	1.0	1.0	3584.0	3584.0	26186.1	26184.0	-2.8689849587684226	FALSE	cell_line	ABC-1	ABC-1
HNF4A	JASPAR2024|000410|MA0114.5	1.0	1.0	3394.0	3584.0	24904.6	26184.0	-0.1270020209120599	FALSE	cell_line	ABC-1	ABC-1
FOXA3	CIS-BP2.00|000469|M04831_2.00	1.0	1.0	111.0	3584.0	906.8	26184.0	-0.16113275135737776	FALSE	cell_line	ABC-1	ABC-1
ZNF33B	CIS-BP2.00|000777|M07710_2.00	1.0	1.0	1198.0	3584.0	9022.7	26184.0	-0.06617661953760295	FALSE	cell_line	ABC-1	ABC-1
ZNF254	CIS-BP2.00|000827|M07760_2.00	1.0	1.0	491.0	3584.0	3861.2	26184.0	-0.12273439574374997	FALSE	cell_line	ABC-1	ABC-1
ZNF540	CIS-BP2.00|000701|M07634_2.00	1.0	1.0	747.0	3584.0	5874.9	26184.0	-0.13507206160950325	FALSE	cell_line	ABC-1	ABC-1
HNF4A	JASPAR2024|000409|MA1494.2	1.0	1.0	321.0	3584.0	2743.2	26184.0	-0.24867146509527185	FALSE	cell_line	ABC-1	ABC-1
ZBTB18	JASPAR2024|000681|MA0698.2	1.0	1.0	1751.0	3584.0	13474.9	26184.0	-0.15041874991330278	FALSE	cell_line	ABC-1	ABC-1
HNF4A	CIS-BP2.00|000974|M08219_2.00	1.0	1.0	3136.0	3584.0	23617.9	26184.0	-0.3960051849058046	FALSE	cell_line	ABC-1	ABC-1
ELF3	CIS-BP2.00|000227|M03002_2.00	1e-24	0.0	1724.0	3584.0	10443.8	26387.0	0.5007584047833566	TRUE	cell_line	H1648	H1648
NFATC4	JASPAR2024|000506|MA1525.3	1e-07	0.0	2691.0	3584.0	18704.5	26387.0	0.30718848385837605	TRUE	cell_line	H1648	H1648
XBP1	JASPAR2024|000675|MA0844.2	1e-06	0.0	1854.0	3584.0	12556.3	26387.0	0.23929880522616304	TRUE	cell_line	H1648	H1648
GATA6	CIS-BP2.00|000947|M08124_2.00	0.001	0.0071	2732.0	3584.0	19488.5	26387.0	0.18224885588520578	FALSE	cell_line	H1648	H1648
FOXA3	CIS-BP2.00|000469|M04831_2.00	0.001	0.0086	157.0	3584.0	894.3	26387.0	0.38867047820000156	FALSE	cell_line	H1648	H1648
CEBPB	JASPAR2024|000235|MA0466.4	0.001	0.0086	297.0	3584.0	1827.4	26387.0	0.2820280626882348	FALSE	cell_line	H1648	H1648
XBP1	CIS-BP2.00|000375|M04231_2.00	0.01	0.0089	3365.0	3584.0	24431.7	26387.0	0.2955749877503778	FALSE	cell_line	H1648	H1648
ZNF75D	JASPAR2024|000169|MA1601.2	0.01	0.0101	2491.0	3584.0	17733.8	26387.0	0.1529079800893775	FALSE	cell_line	H1648	H1648
FOXA1	CIS-BP2.00|000890|M07960_2.00	0.01	0.0101	1832.0	3584.0	12839.6	26387.0	0.14181155890179983	FALSE	cell_line	H1648	H1648
GATA6	JASPAR2024|000382|MA1104.3	0.01	0.0111	2991.0	3584.0	21539.7	26387.0	0.18191956826964215	FALSE	cell_line	H1648	H1648
ELF3	JASPAR2024|000276|MA0640.3	0.01	0.0307	3578.0	3584.0	26274.9	26387.0	1.2383374567914824	FALSE	cell_line	H1648	H1648
FOXA2	CIS-BP2.00|000889|M07959_2.00	0.1	0.0408	2104.0	3584.0	14982.8	26387.0	0.11366611083992267	FALSE	cell_line	H1648	H1648
E2F5	CIS-BP2.00|000940|M08109_2.00	0.1	0.0408	3181.0	3584.0	23085.1	26387.0	0.17366009511324448	FALSE	cell_line	H1648	H1648
ZNF75D	CIS-BP2.00|000750|M07683_2.00	0.1	0.0468	2215.0	3584.0	15829.3	26387.0	0.10970393258224903	FALSE	cell_line	H1648	H1648
NKX2-1	JASPAR2024|000822|MA1994.2	0.1	0.0632	3413.0	3584.0	24919.9	26387.0	0.22917475977931173	FALSE	cell_line	H1648	H1648
CEBPA	JASPAR2024|000234|MA0102.5	0.1	0.0638	2579.0	3584.0	18578.8	26387.0	0.10863650976135869	FALSE	cell_line	H1648	H1648
ZNF33A	CIS-BP2.00|000762|M07695_2.00	0.1	0.1088	3221.0	3584.0	23468.8	26387.0	0.1403283485689981	FALSE	cell_line	H1648	H1648
ZNF281	JASPAR2024|000706|MA1630.3	0.1	0.1454	2905.0	3584.0	21103.4	26387.0	0.09846103951701056	FALSE	cell_line	H1648	H1648
CREB3L2	CIS-BP2.00|000117|M01812_2.00	0.1	0.1619	1872.0	3584.0	13445.6	26387.0	0.07372338132096531	FALSE	cell_line	H1648	H1648
CREB3L2	JASPAR2024|000025|MA0608.1	0.1	0.206	1855.0	3584.0	13354.9	26387.0	0.06615473123539109	FALSE	cell_line	H1648	H1648
ETV1	CIS-BP2.00|000457|M04708_2.00	0.1	0.2083	3581.0	3584.0	26335.4	26387.0	1.0174616296685508	FALSE	cell_line	H1648	H1648
ETV1	JASPAR2024|000652|MA1966.2	0.1	0.2083	3471.0	3584.0	25444.0	26387.0	0.18160745510772786	FALSE	cell_line	H1648	H1648
ETV1	JASPAR2024|000311|MA0761.3	1.0	0.2127	3561.0	3584.0	26162.6	26387.0	0.3815744023375751	FALSE	cell_line	H1648	H1648
CEBPB	CIS-BP2.00|000866|M07830_2.00	1.0	0.2316	1613.0	3584.0	11612.7	26387.0	0.05827290932526497	FALSE	cell_line	H1648	H1648
ZNF281	CIS-BP2.00|001020|M08321_2.00	1.0	0.3911	2886.0	3584.0	21099.4	26387.0	0.0505744072322933	FALSE	cell_line	H1648	H1648
FOXA1	JASPAR2024|000356|MA0148.5	1.0	0.6208	2855.0	3584.0	20942.5	26387.0	0.025299338095064683	FALSE	cell_line	H1648	H1648
ZNF341	CIS-BP2.00|001017|M08310_2.00	1.0	0.6208	3577.0	3584.0	26320.9	26387.0	0.2713471225097175	FALSE	cell_line	H1648	H1648
FOXA3	JASPAR2024|000358|MA1683.2	1.0	0.6208	3149.0	3584.0	23120.5	26387.0	0.031212750381406695	FALSE	cell_line	H1648	H1648
ZNF19	CIS-BP2.00|000670|M07603_2.00	1.0	0.6208	3565.0	3584.0	26230.8	26387.0	0.12734615177374634	FALSE	cell_line	H1648	H1648
FOXA2	JASPAR2024|000357|MA0047.4	1.0	0.6286	2739.0	3584.0	20113.6	26387.0	0.015263196780610807	FALSE	cell_line	H1648	H1648
CEBPA	CIS-BP2.00|000926|M08076_2.00	1.0	0.6289	1338.0	3584.0	9801.6	26387.0	0.011732606108726474	FALSE	cell_line	H1648	H1648
ZNF444	CIS-BP2.00|000420|M04529_2.00	1.0	0.6289	1204.0	3584.0	8816.6	26387.0	0.011981726897741246	FALSE	cell_line	H1648	H1648
ZNF141	CIS-BP2.00|000653|M07586_2.00	1.0	0.7153	2512.0	3584.0	18490.6	26387.0	0.0006732245767564954	FALSE	cell_line	H1648	H1648
HNF4A	JASPAR2024|000410|MA0114.5	1.0	0.7153	3413.0	3584.0	25122.7	26387.0	0.002932212956595909	FALSE	cell_line	H1648	H1648
FOXD2	JASPAR2024|000361|MA0847.4	1.0	0.7447	1305.0	3584.0	9633.4	26387.0	-0.005792615823712868	FALSE	cell_line	H1648	H1648
FOXD2	CIS-BP2.00|000235|M03042_2.00	1.0	0.7465	1375.0	3584.0	10158.3	26387.0	-0.007901900811698854	FALSE	cell_line	H1648	H1648
ZNF540	CIS-BP2.00|000701|M07634_2.00	1.0	0.8593	793.0	3584.0	5919.7	26387.0	-0.025100206473076488	FALSE	cell_line	H1648	H1648
ZBTB18	CIS-BP2.00|000988|M08257_2.00	1.0	0.8947	3086.0	3584.0	22804.2	26387.0	-0.03966407116637019	FALSE	cell_line	H1648	H1648
ZNF341	JASPAR2024|000712|MA1655.2	1.0	1.0	3580.0	3584.0	26365.0	26387.0	-0.558490289359965	FALSE	cell_line	H1648	H1648
NFATC4	CIS-BP2.00|000101|M01306_2.00	1.0	1.0	3584.0	3584.0	26385.1	26387.0	-0.6168725871779671	FALSE	cell_line	H1648	H1648
NR3C2	CIS-BP2.00|000154|M02395_2.00	1.0	1.0	3584.0	3584.0	26385.1	26387.0	-0.6168725871779671	FALSE	cell_line	H1648	H1648
ZBTB18	JASPAR2024|000681|MA0698.2	1.0	1.0	1804.0	3584.0	13574.5	26387.0	-0.06402718668161847	FALSE	cell_line	H1648	H1648
HNF4A	CIS-BP2.00|000974|M08219_2.00	1.0	1.0	3211.0	3584.0	23828.1	26387.0	-0.11474949908732797	FALSE	cell_line	H1648	H1648
HNF4A	JASPAR2024|000409|MA1494.2	1.0	1.0	357.0	3584.0	2826.7	26387.0	-0.1154592723598687	FALSE	cell_line	H1648	H1648
ZNF254	CIS-BP2.00|000827|M07760_2.00	1.0	1.0	501.0	3584.0	3954.2	26387.0	-0.11624554233851947	FALSE	cell_line	H1648	H1648
NR3C2	JASPAR2024|000539|MA0727.2	1.0	1.0	204.0	3584.0	1709.0	26387.0	-0.19545551899003488	FALSE	cell_line	H1648	H1648
ZNF33B	CIS-BP2.00|000777|M07710_2.00	1.0	1.0	1181.0	3584.0	9138.2	26387.0	-0.10804021608421421	FALSE	cell_line	H1648	H1648
ELF3	CIS-BP2.00|000227|M03002_2.00	1e-19	0.0	1685.0	3584.0	10324.5	26138.0	0.44261746343717706	TRUE	cell_line	H1650	H1650
NFATC4	JASPAR2024|000506|MA1525.3	1e-10	0.0	2709.0	3584.0	18451.7	26138.0	0.3665097657627193	TRUE	cell_line	H1650	H1650
CEBPB	JASPAR2024|000235|MA0466.4	1e-08	0.0	339.0	3584.0	1786.0	26138.0	0.5119047897161395	TRUE	cell_line	H1650	H1650
XBP1	JASPAR2024|000675|MA0844.2	0.0001	0.0002	1827.0	3584.0	12418.6	26138.0	0.20005605643081673	FALSE	cell_line	H1650	H1650
XBP1	CIS-BP2.00|000375|M04231_2.00	0.001	0.0094	3366.0	3584.0	24199.0	26138.0	0.30432372152909815	FALSE	cell_line	H1650	H1650
CEBPB	CIS-BP2.00|000866|M07830_2.00	0.1	0.0861	1634.0	3584.0	11416.7	26138.0	0.11175057411476728	FALSE	cell_line	H1650	H1650
ZNF75D	JASPAR2024|000169|MA1601.2	0.1	0.1274	2453.0	3584.0	17461.0	26138.0	0.10777855545131389	FALSE	cell_line	H1650	H1650
GATA6	JASPAR2024|000382|MA1104.3	0.1	0.1274	2980.0	3584.0	21382.8	26138.0	0.13298522776480792	FALSE	cell_line	H1650	H1650
ZNF75D	CIS-BP2.00|000750|M07683_2.00	0.1	0.1274	2192.0	3584.0	15553.8	26138.0	0.0995664252015705	FALSE	cell_line	H1650	H1650
ELF3	JASPAR2024|000276|MA0640.3	0.1	0.1556	3576.0	3584.0	26026.9	26138.0	0.8513195210160743	FALSE	cell_line	H1650	H1650
FOXA1	CIS-BP2.00|000890|M07960_2.00	0.1	0.1556	1794.0	3584.0	12681.9	26138.0	0.08870555826714839	FALSE	cell_line	H1650	H1650
CEBPA	JASPAR2024|000234|MA0102.5	0.1	0.1556	2576.0	3584.0	18424.6	26138.0	0.0970614078087986	FALSE	cell_line	H1650	H1650
FOXA2	JASPAR2024|000357|MA0047.4	0.1	0.2126	2775.0	3584.0	19944.7	26138.0	0.09049982111502734	FALSE	cell_line	H1650	H1650
ZNF33A	CIS-BP2.00|000762|M07695_2.00	1.0	0.4253	3206.0	3584.0	23220.2	26138.0	0.09042284263475323	FALSE	cell_line	H1650	H1650
CEBPA	CIS-BP2.00|000926|M08076_2.00	1.0	0.4253	1360.0	3584.0	9679.1	26138.0	0.05654826786508477	FALSE	cell_line	H1650	H1650
CREB3L2	CIS-BP2.00|000117|M01812_2.00	1.0	0.4253	1851.0	3584.0	13260.7	26138.0	0.05268153212717025	FALSE	cell_line	H1650	H1650
CREB3L2	JASPAR2024|000025|MA0608.1	1.0	0.4999	1834.0	3584.0	13172.8	26138.0	0.0447031445476833	FALSE	cell_line	H1650	H1650
ETV1	JASPAR2024|000652|MA1966.2	1.0	0.6026	3468.0	3584.0	25228.5	26138.0	0.10283735667516897	FALSE	cell_line	H1650	H1650
ETV1	JASPAR2024|000311|MA0761.3	1.0	0.6243	3560.0	3584.0	25932.4	26138.0	0.20785906076154695	FALSE	cell_line	H1650	H1650
NKX2-1	JASPAR2024|000822|MA1994.2	1.0	0.6243	3394.0	3584.0	24681.6	26138.0	0.07284479647404016	FALSE	cell_line	H1650	H1650
FOXA2	CIS-BP2.00|000889|M07959_2.00	1.0	0.6577	2050.0	3584.0	14829.0	26138.0	0.027272290284959123	FALSE	cell_line	H1650	H1650
ETV1	CIS-BP2.00|000457|M04708_2.00	1.0	0.6577	3579.0	3584.0	26086.9	26138.0	0.36434436154909405	FALSE	cell_line	H1650	H1650
GATA6	CIS-BP2.00|000947|M08124_2.00	1.0	0.6681	2671.0	3584.0	19389.4	26138.0	0.025635055289629106	FALSE	cell_line	H1650	H1650
ZNF444	CIS-BP2.00|000420|M04529_2.00	1.0	0.7649	1172.0	3584.0	8487.7	26138.0	0.015261998929435958	FALSE	cell_line	H1650	H1650
ZNF19	CIS-BP2.00|000670|M07603_2.00	1.0	0.8437	3564.0	3584.0	25982.4	26138.0	0.06298388688238794	FALSE	cell_line	H1650	H1650
ZNF341	JASPAR2024|000712|MA1655.2	1.0	0.8437	3582.0	3584.0	26117.0	26138.0	0.2383584625081476	FALSE	cell_line	H1650	H1650
E2F5	CIS-BP2.00|000940|M08109_2.00	1.0	0.8578	3137.0	3584.0	22870.2	26138.0	0.0027676696661217935	FALSE	cell_line	H1650	H1650
FOXA3	JASPAR2024|000358|MA1683.2	1.0	0.9359	3139.0	3584.0	22908.5	26138.0	-0.0092709394967956	FALSE	cell_line	H1650	H1650
FOXD2	JASPAR2024|000361|MA0847.4	1.0	1.0	1283.0	3584.0	9446.7	26138.0	-0.021310313012110924	FALSE	cell_line	H1650	H1650
FOXA1	JASPAR2024|000356|MA0148.5	1.0	1.0	2833.0	3584.0	20745.2	26138.0	-0.02883195366957437	FALSE	cell_line	H1650	H1650
ZNF141	CIS-BP2.00|000653|M07586_2.00	1.0	1.0	2486.0	3584.0	18264.0	26138.0	-0.03520047232932901	FALSE	cell_line	H1650	H1650
ZNF341	CIS-BP2.00|001017|M08310_2.00	1.0	1.0	3574.0	3584.0	26075.8	26138.0	-0.28884970572371615	FALSE	cell_line	H1650	H1650
ZNF281	JASPAR2024|000706|MA1630.3	1.0	1.0	2829.0	3584.0	20770.0	26138.0	-0.04690151951947856	FALSE	cell_line	H1650	H1650
NR3C2	JASPAR2024|000539|MA0727.2	1.0	1.0	216.0	3584.0	1666.2	26138.0	-0.08358402438535258	FALSE	cell_line	H1650	H1650
NFATC4	CIS-BP2.00|000101|M01306_2.00	1.0	1.0	3584.0	3584.0	26137.0	26138.0	-1.2813148587842285	FALSE	cell_line	H1650	H1650
NR3C2	CIS-BP2.00|000154|M02395_2.00	1.0	1.0	3584.0	3584.0	26137.0	26138.0	-1.2813148587842285	FALSE	cell_line	H1650	H1650
HNF4A	JASPAR2024|000409|MA1494.2	1.0	1.0	353.0	3584.0	2733.6	26138.0	-0.09474918622523162	FALSE	cell_line	H1650	H1650
FOXA3	CIS-BP2.00|000469|M04831_2.00	1.0	1.0	109.0	3584.0	888.5	26138.0	-0.16026161140069278	FALSE	cell_line	H1650	H1650
ZNF33B	CIS-BP2.00|000777|M07710_2.00	1.0	1.0	1191.0	3584.0	8956.1	26138.0	-0.0664343737517426	FALSE	cell_line	H1650	H1650
ZNF540	CIS-BP2.00|000701|M07634_2.00	1.0	1.0	763.0	3584.0	5834.5	26138.0	-0.08680287420110439	FALSE	cell_line	H1650	H1650
FOXD2	CIS-BP2.00|000235|M03042_2.00	1.0	1.0	1325.0	3584.0	9987.9	26138.0	-0.07620462665884778	FALSE	cell_line	H1650	H1650
HNF4A	JASPAR2024|000410|MA0114.5	1.0	1.0	3388.0	3584.0	24864.5	26138.0	-0.1786336945781896	FALSE	cell_line	H1650	H1650
ZBTB18	CIS-BP2.00|000988|M08257_2.00	1.0	1.0	3075.0	3584.0	22689.4	26138.0	-0.12409146359563963	FALSE	cell_line	H1650	H1650
ZBTB18	JASPAR2024|000681|MA0698.2	1.0	1.0	1808.0	3584.0	13580.0	26138.0	-0.08711653009629984	FALSE	cell_line	H1650	H1650
ZNF281	CIS-BP2.00|001020|M08321_2.00	1.0	1.0	2798.0	3584.0	20776.4	26138.0	-0.12297530711633063	FALSE	cell_line	H1650	H1650
ZNF254	CIS-BP2.00|000827|M07760_2.00	1.0	1.0	491.0	3584.0	3912.4	26138.0	-0.14803203610332705	FALSE	cell_line	H1650	H1650
HNF4A	CIS-BP2.00|000974|M08219_2.00	1.0	1.0	3181.0	3584.0	23591.3	26138.0	-0.2322348080046274	FALSE	cell_line	H1650	H1650
ELF3	CIS-BP2.00|000227|M03002_2.00	1e-26	0.0	1730.0	3584.0	10133.5	25759.0	0.5249034589921737	TRUE	cell_line	H1819	H1819
NFATC4	JASPAR2024|000506|MA1525.3	1e-10	0.0	2724.0	3584.0	18321.7	25759.0	0.3620995110868128	TRUE	cell_line	H1819	H1819
XBP1	JASPAR2024|000675|MA0844.2	1e-07	0.0	1896.0	3584.0	12478.6	25759.0	0.2574362187251819	TRUE	cell_line	H1819	H1819
E2F5	CIS-BP2.00|000940|M08109_2.00	1e-06	0.0	3243.0	3584.0	22594.9	25759.0	0.41165992044620775	TRUE	cell_line	H1819	H1819
XBP1	CIS-BP2.00|000375|M04231_2.00	0.001	0.0015	3388.0	3584.0	23962.7	25759.0	0.37072671608548186	FALSE	cell_line	H1819	H1819
FOXA1	CIS-BP2.00|000890|M07960_2.00	0.01	0.0117	1818.0	3584.0	12423.9	25759.0	0.1439617304169403	FALSE	cell_line	H1819	H1819
ELF3	JASPAR2024|000276|MA0640.3	0.01	0.022	3578.0	3584.0	25639.1	25759.0	1.3703049936603757	FALSE	cell_line	H1819	H1819
ZNF281	JASPAR2024|000706|MA1630.3	0.01	0.0249	2912.0	3584.0	20470.9	25759.0	0.16199987535607052	FALSE	cell_line	H1819	H1819
FOXA3	CIS-BP2.00|000469|M04831_2.00	0.01	0.0467	152.0	3584.0	897.2	25759.0	0.29920398776157997	FALSE	cell_line	H1819	H1819
NKX2-1	JASPAR2024|000822|MA1994.2	0.1	0.0496	3401.0	3584.0	24206.3	25759.0	0.25022226246143214	FALSE	cell_line	H1819	H1819
GATA6	JASPAR2024|000382|MA1104.3	0.1	0.0823	2965.0	3584.0	20960.0	25759.0	0.13238207479508698	FALSE	cell_line	H1819	H1819
FOXA2	CIS-BP2.00|000889|M07959_2.00	0.1	0.0913	2075.0	3584.0	14484.8	25759.0	0.0978876574237387	FALSE	cell_line	H1819	H1819
ZNF281	CIS-BP2.00|001020|M08321_2.00	0.1	0.0983	2896.0	3584.0	20476.2	25759.0	0.11831011187726868	FALSE	cell_line	H1819	H1819
ZNF75D	JASPAR2024|000169|MA1601.2	0.1	0.1179	2429.0	3584.0	17085.7	25759.0	0.0940466809119213	FALSE	cell_line	H1819	H1819
CEBPB	JASPAR2024|000235|MA0466.4	0.1	0.1179	282.0	3584.0	1823.6	25759.0	0.16668353662176447	FALSE	cell_line	H1819	H1819
FOXA3	JASPAR2024|000358|MA1683.2	0.1	0.128	3164.0	3584.0	22491.2	25759.0	0.1290194739231845	FALSE	cell_line	H1819	H1819
ZNF33A	CIS-BP2.00|000762|M07695_2.00	0.1	0.1386	3200.0	3584.0	22768.0	25759.0	0.12914352426436898	FALSE	cell_line	H1819	H1819
GATA6	CIS-BP2.00|000947|M08124_2.00	0.1	0.2004	2672.0	3584.0	18928.1	25759.0	0.07997894791928853	FALSE	cell_line	H1819	H1819
FOXA2	JASPAR2024|000357|MA0047.4	0.1	0.2299	2748.0	3584.0	19501.5	25759.0	0.0763585125814737	FALSE	cell_line	H1819	H1819
ETV1	CIS-BP2.00|000457|M04708_2.00	1.0	0.2788	3581.0	3584.0	25710.3	25759.0	0.9694928347563331	FALSE	cell_line	H1819	H1819
CEBPA	JASPAR2024|000234|MA0102.5	1.0	0.3028	2541.0	3584.0	18040.8	25759.0	0.05937612310352826	FALSE	cell_line	H1819	H1819
ZNF75D	CIS-BP2.00|000750|M07683_2.00	1.0	0.3028	2146.0	3584.0	15186.8	25759.0	0.054899393141483475	FALSE	cell_line	H1819	H1819
FOXD2	CIS-BP2.00|000235|M03042_2.00	1.0	0.3028	1441.0	3584.0	10125.7	25759.0	0.054178022633807076	FALSE	cell_line	H1819	H1819
FOXA1	JASPAR2024|000356|MA0148.5	1.0	0.3028	2864.0	3584.0	20392.1	25759.0	0.06546258815915305	FALSE	cell_line	H1819	H1819
ETV1	JASPAR2024|000311|MA0761.3	1.0	0.431	3557.0	3584.0	25529.0	25759.0	0.22403360619773013	FALSE	cell_line	H1819	H1819
ETV1	JASPAR2024|000652|MA1966.2	1.0	0.4589	3460.0	3584.0	24807.6	25759.0	0.09290544304382624	FALSE	cell_line	H1819	H1819
CREB3L2	CIS-BP2.00|000117|M01812_2.00	1.0	0.5472	1849.0	3584.0	13180.1	25759.0	0.024431001478778955	FALSE	cell_line	H1819	H1819
FOXD2	JASPAR2024|000361|MA0847.4	1.0	0.6431	1325.0	3584.0	9457.4	25759.0	0.015999141240037755	FALSE	cell_line	H1819	H1819
ZNF540	CIS-BP2.00|000701|M07634_2.00	1.0	0.6697	818.0	3584.0	5836.0	25759.0	0.014288122600758011	FALSE	cell_line	H1819	H1819
ZNF341	JASPAR2024|000712|MA1655.2	1.0	0.6905	3582.0	3584.0	25735.7	25759.0	0.4062011305795621	FALSE	cell_line	H1819	H1819
CREB3L2	JASPAR2024|000025|MA0608.1	1.0	0.729	1824.0	3584.0	13094.6	25759.0	0.003324532739556502	FALSE	cell_line	H1819	H1819
CEBPB	CIS-BP2.00|000866|M07830_2.00	1.0	0.729	1580.0	3584.0	11343.1	25759.0	0.0029709978234689623	FALSE	cell_line	H1819	H1819
CEBPA	CIS-BP2.00|000926|M08076_2.00	1.0	0.8282	1328.0	3584.0	9583.8	25759.0	-0.009205376848588728	FALSE	cell_line	H1819	H1819
ZNF19	CIS-BP2.00|000670|M07603_2.00	1.0	0.8282	3561.0	3584.0	25593.6	25759.0	-0.025673155990581623	FALSE	cell_line	H1819	H1819
HNF4A	JASPAR2024|000410|MA0114.5	1.0	0.8282	3399.0	3584.0	24449.0	25759.0	-0.02578422536356886	FALSE	cell_line	H1819	H1819
ZNF341	CIS-BP2.00|001017|M08310_2.00	1.0	1.0	3570.0	3584.0	25674.4	25759.0	-0.29305440244854564	FALSE	cell_line	H1819	H1819
ZNF254	CIS-BP2.00|000827|M07760_2.00	1.0	1.0	490.0	3584.0	3661.3	25759.0	-0.06407732148841074	FALSE	cell_line	H1819	H1819
ZNF444	CIS-BP2.00|000420|M04529_2.00	1.0	1.0	1151.0	3584.0	8479.1	25759.0	-0.05244986729545226	FALSE	cell_line	H1819	H1819
ZNF141	CIS-BP2.00|000653|M07586_2.00	1.0	1.0	2483.0	3584.0	18056.1	25759.0	-0.05605376730385631	FALSE	cell_line	H1819	H1819
NFATC4	CIS-BP2.00|000101|M01306_2.00	1.0	1.0	3584.0	3584.0	25756.4	25759.0	-0.2128469539457175	FALSE	cell_line	H1819	H1819
NR3C2	CIS-BP2.00|000154|M02395_2.00	1.0	1.0	3584.0	3584.0	25756.4	25759.0	-0.2128469539457175	FALSE	cell_line	H1819	H1819
ZNF33B	CIS-BP2.00|000777|M07710_2.00	1.0	1.0	1192.0	3584.0	8956.0	25759.0	-0.09677486986136606	FALSE	cell_line	H1819	H1819
HNF4A	JASPAR2024|000409|MA1494.2	1.0	1.0	344.0	3584.0	2721.6	25759.0	-0.15242330313703353	FALSE	cell_line	H1819	H1819
NR3C2	JASPAR2024|000539|MA0727.2	1.0	1.0	200.0	3584.0	1655.2	25759.0	-0.2134912377430896	FALSE	cell_line	H1819	H1819
ZBTB18	CIS-BP2.00|000988|M08257_2.00	1.0	1.0	3002.0	3584.0	22121.5	25759.0	-0.23843008311213384	FALSE	cell_line	H1819	H1819
HNF4A	CIS-BP2.00|000974|M08219_2.00	1.0	1.0	3144.0	3584.0	23171.2	25759.0	-0.32667043116443994	FALSE	cell_line	H1819	H1819
ZBTB18	JASPAR2024|000681|MA0698.2	1.0	1.0	1652.0	3584.0	12843.5	25759.0	-0.21775336652894478	FALSE	cell_line	H1819	H1819
ELF3	CIS-BP2.00|000227|M03002_2.00	1e-08	0.0	1554.0	3584.0	10405.5	27027.0	0.29029395816431103	TRUE	cell_line	H1975	H1975
XBP1	JASPAR2024|000675|MA0844.2	0.0001	0.0015	1815.0	3584.0	12818.4	27027.0	0.1855678775321918	FALSE	cell_line	H1975	H1975
NFATC4	JASPAR2024|000506|MA1525.3	0.0001	0.0015	2591.0	3584.0	18757.0	27027.0	0.2017744193769915	FALSE	cell_line	H1975	H1975
CEBPB	JASPAR2024|000235|MA0466.4	0.01	0.038	272.0	3584.0	1739.8	27027.0	0.25743557524859134	FALSE	cell_line	H1975	H1975
FOXA1	CIS-BP2.00|000890|M07960_2.00	0.01	0.0908	1836.0	3584.0	13314.2	27027.0	0.11339696352831581	FALSE	cell_line	H1975	H1975
ZNF75D	CIS-BP2.00|000750|M07683_2.00	0.1	0.0909	2233.0	3584.0	16336.4	27027.0	0.11302078977106288	FALSE	cell_line	H1975	H1975
CREB3L2	CIS-BP2.00|000117|M01812_2.00	0.1	0.1102	1896.0	3584.0	13813.1	27027.0	0.10361875987657089	FALSE	cell_line	H1975	H1975
FOXA2	CIS-BP2.00|000889|M07959_2.00	0.1	0.1102	2122.0	3584.0	15526.7	27027.0	0.10426445431658005	FALSE	cell_line	H1975	H1975
CREB3L2	JASPAR2024|000025|MA0608.1	0.1	0.1102	1885.0	3584.0	13733.2	27027.0	0.1029242491914618	FALSE	cell_line	H1975	H1975
FOXA3	CIS-BP2.00|000469|M04831_2.00	0.1	0.1102	130.0	3584.0	816.9	27027.0	0.27660912597265935	FALSE	cell_line	H1975	H1975
XBP1	CIS-BP2.00|000375|M04231_2.00	0.1	0.1102	3336.0	3584.0	24915.9	27027.0	0.18633058489206814	FALSE	cell_line	H1975	H1975
ZNF33A	CIS-BP2.00|000762|M07695_2.00	0.1	0.1405	3259.0	3584.0	24332.2	27027.0	0.1495425795539708	FALSE	cell_line	H1975	H1975
NKX2-1	JASPAR2024|000822|MA1994.2	0.1	0.2095	3422.0	3584.0	25648.7	27027.0	0.1791101983658423	FALSE	cell_line	H1975	H1975
ZNF75D	JASPAR2024|000169|MA1601.2	0.1	0.2095	2474.0	3584.0	18326.4	27027.0	0.08123457931577005	FALSE	cell_line	H1975	H1975
ETV1	JASPAR2024|000311|MA0761.3	1.0	0.3977	3562.0	3584.0	26813.4	27027.0	0.3382687382689628	FALSE	cell_line	H1975	H1975
GATA6	CIS-BP2.00|000947|M08124_2.00	1.0	0.5171	2692.0	3584.0	20114.0	27027.0	0.05227456767989987	FALSE	cell_line	H1975	H1975
ELF3	JASPAR2024|000276|MA0640.3	1.0	0.5893	3573.0	3584.0	26918.4	27027.0	0.3327355711560542	FALSE	cell_line	H1975	H1975
CEBPB	CIS-BP2.00|000866|M07830_2.00	1.0	0.5909	1581.0	3584.0	11751.6	27027.0	0.037109849814266786	FALSE	cell_line	H1975	H1975
ZNF33B	CIS-BP2.00|000777|M07710_2.00	1.0	0.6136	1236.0	3584.0	9172.9	27027.0	0.035290005463659166	FALSE	cell_line	H1975	H1975
GATA6	JASPAR2024|000382|MA1104.3	1.0	0.8058	2953.0	3584.0	22196.0	27027.0	0.025781832666811947	FALSE	cell_line	H1975	H1975
FOXA2	JASPAR2024|000357|MA0047.4	1.0	0.8058	2762.0	3584.0	20756.9	27027.0	0.02093653098973851	FALSE	cell_line	H1975	H1975
ZNF19	CIS-BP2.00|000670|M07603_2.00	1.0	0.8058	3567.0	3584.0	26884.6	27027.0	0.11575758630289855	FALSE	cell_line	H1975	H1975
CEBPA	JASPAR2024|000234|MA0102.5	1.0	0.9945	2546.0	3584.0	19189.6	27027.0	0.0021913431042764556	FALSE	cell_line	H1975	H1975
ETV1	CIS-BP2.00|000457|M04708_2.00	1.0	0.9945	3577.0	3584.0	26970.6	27027.0	0.009075461657277083	FALSE	cell_line	H1975	H1975
NR3C2	JASPAR2024|000539|MA0727.2	1.0	0.9945	231.0	3584.0	1740.0	27027.0	0.004267192154795725	FALSE	cell_line	H1975	H1975
FOXA3	JASPAR2024|000358|MA1683.2	1.0	0.9945	3141.0	3584.0	23696.6	27027.0	-0.006278998266809626	FALSE	cell_line	H1975	H1975
HNF4A	JASPAR2024|000410|MA0114.5	1.0	0.9945	3425.0	3584.0	25834.0	27027.0	-0.011342234618368655	FALSE	cell_line	H1975	H1975
FOXA1	JASPAR2024|000356|MA0148.5	1.0	0.9945	2833.0	3584.0	21384.1	27027.0	-0.007195513119544428	FALSE	cell_line	H1975	H1975
ZNF341	CIS-BP2.00|001017|M08310_2.00	1.0	0.9945	3577.0	3584.0	26975.5	27027.0	-0.12110364679547854	FALSE	cell_line	H1975	H1975
ZBTB18	CIS-BP2.00|000988|M08257_2.00	1.0	0.9945	3137.0	3584.0	23703.6	27027.0	-0.024531861928608012	FALSE	cell_line	H1975	H1975
ZNF540	CIS-BP2.00|000701|M07634_2.00	1.0	1.0	775.0	3584.0	5936.5	27027.0	-0.028293232044711725	FALSE	cell_line	H1975	H1975
ZNF141	CIS-BP2.00|000653|M07586_2.00	1.0	1.0	2507.0	3584.0	19059.9	27027.0	-0.03979943807209521	FALSE	cell_line	H1975	H1975
FOXD2	CIS-BP2.00|000235|M03042_2.00	1.0	1.0	1304.0	3584.0	10024.2	27027.0	-0.043597517403894934	FALSE	cell_line	H1975	H1975
ETV1	JASPAR2024|000652|MA1966.2	1.0	1.0	3453.0	3584.0	26125.0	27027.0	-0.14046338707322323	FALSE	cell_line	H1975	H1975
NFATC4	CIS-BP2.00|000101|M01306_2.00	1.0	1.0	3584.0	3584.0	27028.2	27027.0	-2.9146483268955277	FALSE	cell_line	H1975	H1975
NR3C2	CIS-BP2.00|000154|M02395_2.00	1.0	1.0	3584.0	3584.0	27028.2	27027.0	-2.9146483268955277	FALSE	cell_line	H1975	H1975
FOXD2	JASPAR2024|000361|MA0847.4	1.0	1.0	1226.0	3584.0	9513.9	27027.0	-0.06303128500633133	FALSE	cell_line	H1975	H1975
CEBPA	CIS-BP2.00|000926|M08076_2.00	1.0	1.0	1276.0	3584.0	9918.8	27027.0	-0.06834227250295492	FALSE	cell_line	H1975	H1975
ZBTB18	JASPAR2024|000681|MA0698.2	1.0	1.0	1927.0	3584.0	14850.2	27027.0	-0.068614656901006	FALSE	cell_line	H1975	H1975
ZNF254	CIS-BP2.00|000827|M07760_2.00	1.0	1.0	532.0	3584.0	4257.5	27027.0	-0.10025142818987415	FALSE	cell_line	H1975	H1975
ZNF341	JASPAR2024|000712|MA1655.2	1.0	1.0	3579.0	3584.0	27008.9	27027.0	-1.1578325090782242	FALSE	cell_line	H1975	H1975
HNF4A	CIS-BP2.00|000974|M08219_2.00	1.0	1.0	3223.0	3584.0	24548.3	27027.0	-0.1511455077706784	FALSE	cell_line	H1975	H1975
HNF4A	JASPAR2024|000409|MA1494.2	1.0	1.0	348.0	3584.0	2890.8	27027.0	-0.1537657152621311	FALSE	cell_line	H1975	H1975
ZNF444	CIS-BP2.00|000420|M04529_2.00	1.0	1.0	1126.0	3584.0	8934.0	27027.0	-0.1079184315570113	FALSE	cell_line	H1975	H1975
ZNF281	JASPAR2024|000706|MA1630.3	1.0	1.0	2823.0	3584.0	21673.5	27027.0	-0.12670769800148132	FALSE	cell_line	H1975	H1975
ZNF281	CIS-BP2.00|001020|M08321_2.00	1.0	1.0	2814.0	3584.0	21662.8	27027.0	-0.14467183979821271	FALSE	cell_line	H1975	H1975
E2F5	CIS-BP2.00|000940|M08109_2.00	1.0	1.0	3034.0	3584.0	23336.0	27027.0	-0.1976647870336472	FALSE	cell_line	H1975	H1975
ELF3	CIS-BP2.00|000227|M03002_2.00	1e-21	0.0	1667.0	3584.0	10282.6	26584.0	0.46322505234389555	TRUE	cell_line	H2228	H2228
NFATC4	JASPAR2024|000506|MA1525.3	1e-08	0.0	2660.0	3584.0	18563.9	26584.0	0.31419556067991306	TRUE	cell_line	H2228	H2228
XBP1	JASPAR2024|000675|MA0844.2	1e-08	0.0	1887.0	3584.0	12735.9	26584.0	0.27384765582484066	TRUE	cell_line	H2228	H2228
XBP1	CIS-BP2.00|000375|M04231_2.00	1e-05	0.0	3384.0	3584.0	24593.1	26584.0	0.45084058400541915	TRUE	cell_line	H2228	H2228
FOXA2	CIS-BP2.00|000889|M07959_2.00	0.0001	0.0002	2186.0	3584.0	15317.7	26584.0	0.20157413355053075	FALSE	cell_line	H2228	H2228
FOXA1	CIS-BP2.00|000890|M07960_2.00	0.001	0.0013	1882.0	3584.0	13159.4	26584.0	0.17377937485906905	FALSE	cell_line	H2228	H2228
FOXA3	CIS-BP2.00|000469|M04831_2.00	0.001	0.002	152.0	3584.0	844.3	26584.0	0.4368910457608865	FALSE	cell_line	H2228	H2228
ZNF33A	CIS-BP2.00|000762|M07695_2.00	0.01	0.0108	3275.0	3584.0	23905.2	26584.0	0.24627721641886238	FALSE	cell_line	H2228	H2228
FOXA2	JASPAR2024|000357|MA0047.4	0.01	0.0347	2816.0	3584.0	20421.4	26584.0	0.14539731452978316	FALSE	cell_line	H2228	H2228
FOXA3	JASPAR2024|000358|MA1683.2	0.1	0.0584	3193.0	3584.0	23356.7	26584.0	0.1728099944537378	FALSE	cell_line	H2228	H2228
ZNF19	CIS-BP2.00|000670|M07603_2.00	0.1	0.1158	3572.0	3584.0	26427.7	26584.0	0.7618533081720659	FALSE	cell_line	H2228	H2228
ZNF75D	CIS-BP2.00|000750|M07683_2.00	0.1	0.1158	2213.0	3584.0	15992.9	26584.0	0.09601862440474536	FALSE	cell_line	H2228	H2228
CEBPB	JASPAR2024|000235|MA0466.4	0.1	0.118	268.0	3584.0	1777.2	26584.0	0.17601340545597874	FALSE	cell_line	H2228	H2228
CEBPA	JASPAR2024|000234|MA0102.5	0.1	0.164	2593.0	3584.0	18895.1	26584.0	0.09010829722774655	FALSE	cell_line	H2228	H2228
ELF3	JASPAR2024|000276|MA0640.3	0.1	0.1741	3574.0	3584.0	26457.3	26584.0	0.7107576903192011	FALSE	cell_line	H2228	H2228
ETV1	JASPAR2024|000652|MA1966.2	0.1	0.1975	3476.0	3584.0	25656.9	26584.0	0.21214029003873447	FALSE	cell_line	H2228	H2228
ZNF75D	JASPAR2024|000169|MA1601.2	0.1	0.1975	2461.0	3584.0	17940.0	26584.0	0.07817194202460534	FALSE	cell_line	H2228	H2228
ZNF341	JASPAR2024|000712|MA1655.2	0.1	0.2304	3584.0	3584.0	26563.3	26584.0	2.5163746153828086	FALSE	cell_line	H2228	H2228
FOXA1	JASPAR2024|000356|MA0148.5	1.0	0.2875	2881.0	3584.0	21150.8	26584.0	0.0734581744773945	FALSE	cell_line	H2228	H2228
ETV1	JASPAR2024|000311|MA0761.3	1.0	0.3036	3562.0	3584.0	26370.5	26584.0	0.3616235294741475	FALSE	cell_line	H2228	H2228
FOXD2	JASPAR2024|000361|MA0847.4	1.0	0.3637	1319.0	3584.0	9569.5	26584.0	0.050378181291862265	FALSE	cell_line	H2228	H2228
CEBPB	CIS-BP2.00|000866|M07830_2.00	1.0	0.3837	1598.0	3584.0	11646.4	26584.0	0.0455406011852993	FALSE	cell_line	H2228	H2228
ZNF281	JASPAR2024|000706|MA1630.3	1.0	0.4372	2875.0	3584.0	21177.3	26584.0	0.04933914631062422	FALSE	cell_line	H2228	H2228
FOXD2	CIS-BP2.00|000235|M03042_2.00	1.0	0.4809	1375.0	3584.0	10046.1	26584.0	0.03534853405139059	FALSE	cell_line	H2228	H2228
E2F5	CIS-BP2.00|000940|M08109_2.00	1.0	0.4833	3114.0	3584.0	22992.4	26584.0	0.04844492437675902	FALSE	cell_line	H2228	H2228
HNF4A	JASPAR2024|000410|MA0114.5	1.0	0.4877	3432.0	3584.0	25393.1	26584.0	0.07864340440931751	FALSE	cell_line	H2228	H2228
ZNF281	CIS-BP2.00|001020|M08321_2.00	1.0	0.5919	2864.0	3584.0	21163.7	26584.0	0.02616473087759526	FALSE	cell_line	H2228	H2228
ZNF341	CIS-BP2.00|001017|M08310_2.00	1.0	0.6228	3578.0	3584.0	26525.4	26584.0	0.2946716905968598	FALSE	cell_line	H2228	H2228
ZNF540	CIS-BP2.00|000701|M07634_2.00	1.0	0.6228	809.0	3584.0	5940.1	26584.0	0.019425226242544502	FALSE	cell_line	H2228	H2228
GATA6	JASPAR2024|000382|MA1104.3	1.0	0.7615	2937.0	3584.0	21772.7	26584.0	0.0037318822372627665	FALSE	cell_line	H2228	H2228
ZNF141	CIS-BP2.00|000653|M07586_2.00	1.0	0.7636	2519.0	3584.0	18680.3	26584.0	0.0007419808223079208	FALSE	cell_line	H2228	H2228
GATA6	CIS-BP2.00|000947|M08124_2.00	1.0	0.7636	2651.0	3584.0	19666.7	26584.0	-0.0013195464639653579	FALSE	cell_line	H2228	H2228
ETV1	CIS-BP2.00|000457|M04708_2.00	1.0	0.826	3576.0	3584.0	26521.5	26584.0	-0.000752142991366926	FALSE	cell_line	H2228	H2228
CREB3L2	CIS-BP2.00|000117|M01812_2.00	1.0	0.9719	1835.0	3584.0	13725.0	26584.0	-0.024793706376653513	FALSE	cell_line	H2228	H2228
CREB3L2	JASPAR2024|000025|MA0608.1	1.0	1.0	1818.0	3584.0	13647.1	26584.0	-0.03524438030833114	FALSE	cell_line	H2228	H2228
ZNF33B	CIS-BP2.00|000777|M07710_2.00	1.0	1.0	1196.0	3584.0	9084.7	26584.0	-0.05153622507000927	FALSE	cell_line	H2228	H2228
NKX2-1	JASPAR2024|000822|MA1994.2	1.0	1.0	3383.0	3584.0	25193.7	26584.0	-0.10944012467632303	FALSE	cell_line	H2228	H2228
NFATC4	CIS-BP2.00|000101|M01306_2.00	1.0	1.0	3584.0	3584.0	26581.6	26584.0	-0.3545583852393932	FALSE	cell_line	H2228	H2228
NR3C2	CIS-BP2.00|000154|M02395_2.00	1.0	1.0	3584.0	3584.0	26581.6	26584.0	-0.3545583852393932	FALSE	cell_line	H2228	H2228
CEBPA	CIS-BP2.00|000926|M08076_2.00	1.0	1.0	1297.0	3584.0	9862.3	26584.0	-0.05634172541858782	FALSE	cell_line	H2228	H2228
NR3C2	JASPAR2024|000539|MA0727.2	1.0	1.0	213.0	3584.0	1740.7	26584.0	-0.14635059424005442	FALSE	cell_line	H2228	H2228
ZNF444	CIS-BP2.00|000420|M04529_2.00	1.0	1.0	1122.0	3584.0	8684.5	26584.0	-0.09004644616136562	FALSE	cell_line	H2228	H2228
ZNF254	CIS-BP2.00|000827|M07760_2.00	1.0	1.0	518.0	3584.0	4122.6	26584.0	-0.11849844700654617	FALSE	cell_line	H2228	H2228
HNF4A	JASPAR2024|000409|MA1494.2	1.0	1.0	348.0	3584.0	2827.8	26584.0	-0.14487655592721754	FALSE	cell_line	H2228	H2228
ZBTB18	CIS-BP2.00|000988|M08257_2.00	1.0	1.0	3084.0	3584.0	23239.7	26584.0	-0.1730359586071358	FALSE	cell_line	H2228	H2228
ZBTB18	JASPAR2024|000681|MA0698.2	1.0	1.0	1853.0	3584.0	14370.8	26584.0	-0.13646052906438108	FALSE	cell_line	H2228	H2228
HNF4A	CIS-BP2.00|000974|M08219_2.00	1.0	1.0	3195.0	3584.0	24080.7	26584.0	-0.2293695998800776	FALSE	cell_line	H2228	H2228
ELF3	CIS-BP2.00|000227|M03002_2.00	1e-14	0.0	1609.0	3584.0	10416.0	27012.0	0.3764031515626558	TRUE	cell_line	H2347	H2347
XBP1	JASPAR2024|000675|MA0844.2	1e-07	0.0	1867.0	3584.0	12812.4	27012.0	0.2691021893390979	TRUE	cell_line	H2347	H2347
NFATC4	JASPAR2024|000506|MA1525.3	1e-06	0.0	2626.0	3584.0	18807.5	27012.0	0.2575200422346172	TRUE	cell_line	H2347	H2347
ZNF33A	CIS-BP2.00|000762|M07695_2.00	0.0001	0.0005	3301.0	3584.0	24365.5	27012.0	0.3392616725204016	FALSE	cell_line	H2347	H2347
FOXA2	CIS-BP2.00|000889|M07959_2.00	0.0001	0.0005	2184.0	3584.0	15591.9	27012.0	0.19215656302341616	FALSE	cell_line	H2347	H2347
CREB3L2	JASPAR2024|000025|MA0608.1	0.001	0.0029	1929.0	3584.0	13776.9	27012.0	0.16307997437608088	FALSE	cell_line	H2347	H2347
CREB3L2	CIS-BP2.00|000117|M01812_2.00	0.001	0.0029	1939.0	3584.0	13858.2	27012.0	0.16190129419112909	FALSE	cell_line	H2347	H2347
FOXA1	CIS-BP2.00|000890|M07960_2.00	0.001	0.0029	1872.0	3584.0	13363.9	27012.0	0.15921963677219247	FALSE	cell_line	H2347	H2347
ZNF75D	JASPAR2024|000169|MA1601.2	0.001	0.0029	2523.0	3584.0	18332.2	27012.0	0.1707192465462901	FALSE	cell_line	H2347	H2347
ZNF75D	CIS-BP2.00|000750|M07683_2.00	0.001	0.003	2263.0	3584.0	16345.3	27012.0	0.16064043139231693	FALSE	cell_line	H2347	H2347
ELF3	JASPAR2024|000276|MA0640.3	0.01	0.0082	3579.0	3584.0	26898.7	27012.0	1.4611918468760245	FALSE	cell_line	H2347	H2347
XBP1	CIS-BP2.00|000375|M04231_2.00	0.01	0.0124	3354.0	3584.0	24958.8	27012.0	0.25997897091409805	FALSE	cell_line	H2347	H2347
CEBPA	JASPAR2024|000234|MA0102.5	0.01	0.0325	2615.0	3584.0	19226.9	27012.0	0.12749040775472956	FALSE	cell_line	H2347	H2347
ETV1	JASPAR2024|000652|MA1966.2	0.01	0.0327	3489.0	3584.0	26111.8	27012.0	0.3338367226782419	FALSE	cell_line	H2347	H2347
ETV1	JASPAR2024|000311|MA0761.3	0.1	0.0503	3566.0	3584.0	26793.1	27012.0	0.6586587932104473	FALSE	cell_line	H2347	H2347
CEBPB	CIS-BP2.00|000866|M07830_2.00	0.1	0.0503	1626.0	3584.0	11775.8	27012.0	0.10368583901936523	FALSE	cell_line	H2347	H2347
FOXA3	CIS-BP2.00|000469|M04831_2.00	0.1	0.1141	130.0	3584.0	838.3	27012.0	0.23731957104710066	FALSE	cell_line	H2347	H2347
ZNF19	CIS-BP2.00|000670|M07603_2.00	0.1	0.1188	3572.0	3584.0	26867.5	27012.0	0.6251698826496349	FALSE	cell_line	H2347	H2347
FOXA2	JASPAR2024|000357|MA0047.4	0.1	0.2148	2793.0	3584.0	20791.8	27012.0	0.07851204744787944	FALSE	cell_line	H2347	H2347
E2F5	CIS-BP2.00|000940|M08109_2.00	0.1	0.2148	3131.0	3584.0	23392.4	27012.0	0.0957101558182384	FALSE	cell_line	H2347	H2347
FOXA1	JASPAR2024|000356|MA0148.5	1.0	0.2468	2880.0	3584.0	21482.5	27012.0	0.0738035587675736	FALSE	cell_line	H2347	H2347
ZNF33B	CIS-BP2.00|000777|M07710_2.00	1.0	0.333	1242.0	3584.0	9142.8	27012.0	0.05192535633708526	FALSE	cell_line	H2347	H2347
ZBTB18	CIS-BP2.00|000988|M08257_2.00	1.0	0.4417	3156.0	3584.0	23668.5	27012.0	0.05760663975776445	FALSE	cell_line	H2347	H2347
NKX2-1	JASPAR2024|000822|MA1994.2	1.0	0.5013	3413.0	3584.0	25657.4	27012.0	0.07203939884583625	FALSE	cell_line	H2347	H2347
FOXA3	JASPAR2024|000358|MA1683.2	1.0	0.5013	3165.0	3584.0	23759.0	27012.0	0.0472506625524859	FALSE	cell_line	H2347	H2347
FOXD2	JASPAR2024|000361|MA0847.4	1.0	0.5013	1291.0	3584.0	9591.8	27012.0	0.03235064664759144	FALSE	cell_line	H2347	H2347
FOXD2	CIS-BP2.00|000235|M03042_2.00	1.0	0.5013	1344.0	3584.0	9995.6	27012.0	0.030780032080326526	FALSE	cell_line	H2347	H2347
GATA6	CIS-BP2.00|000947|M08124_2.00	1.0	0.5404	2670.0	3584.0	20030.8	27012.0	0.02544902778893285	FALSE	cell_line	H2347	H2347
ZNF141	CIS-BP2.00|000653|M07586_2.00	1.0	0.6203	2538.0	3584.0	19066.0	27012.0	0.015755390112982173	FALSE	cell_line	H2347	H2347
ETV1	CIS-BP2.00|000457|M04708_2.00	1.0	0.7774	3577.0	3584.0	26957.1	27012.0	-0.028744913359446542	FALSE	cell_line	H2347	H2347
CEBPB	JASPAR2024|000235|MA0466.4	1.0	0.8658	232.0	3584.0	1766.1	27012.0	-0.01290435048848371	FALSE	cell_line	H2347	H2347
ZNF341	JASPAR2024|000712|MA1655.2	1.0	0.8658	3582.0	3584.0	26997.1	27012.0	-0.29086220149667086	FALSE	cell_line	H2347	H2347
GATA6	JASPAR2024|000382|MA1104.3	1.0	0.8658	2935.0	3584.0	22156.8	27012.0	-0.013826069800467158	FALSE	cell_line	H2347	H2347
ZNF341	CIS-BP2.00|001017|M08310_2.00	1.0	0.8758	3577.0	3584.0	26964.3	27012.0	-0.22998301550915445	FALSE	cell_line	H2347	H2347
ZNF281	JASPAR2024|000706|MA1630.3	1.0	1.0	2858.0	3584.0	21668.7	27012.0	-0.043484385765138224	FALSE	cell_line	H2347	H2347
CEBPA	CIS-BP2.00|000926|M08076_2.00	1.0	1.0	1299.0	3584.0	9945.5	27012.0	-0.03553203451867881	FALSE	cell_line	H2347	H2347
NFATC4	CIS-BP2.00|000101|M01306_2.00	1.0	1.0	3584.0	3584.0	27015.6	27012.0	-2.9139756272891066	FALSE	cell_line	H2347	H2347
NR3C2	CIS-BP2.00|000154|M02395_2.00	1.0	1.0	3584.0	3584.0	27015.6	27012.0	-2.9139756272891066	FALSE	cell_line	H2347	H2347
HNF4A	JASPAR2024|000410|MA0114.5	1.0	1.0	3414.0	3584.0	25841.0	27012.0	-0.13943026651834117	FALSE	cell_line	H2347	H2347
HNF4A	CIS-BP2.00|000974|M08219_2.00	1.0	1.0	3234.0	3584.0	24535.4	27012.0	-0.10211381222638007	FALSE	cell_line	H2347	H2347
ZNF540	CIS-BP2.00|000701|M07634_2.00	1.0	1.0	753.0	3584.0	5933.6	27012.0	-0.08118867490616345	FALSE	cell_line	H2347	H2347
HNF4A	JASPAR2024|000409|MA1494.2	1.0	1.0	358.0	3584.0	2902.8	27012.0	-0.1160768614818807	FALSE	cell_line	H2347	H2347
ZNF254	CIS-BP2.00|000827|M07760_2.00	1.0	1.0	522.0	3584.0	4221.6	27012.0	-0.1187816591385355	FALSE	cell_line	H2347	H2347
NR3C2	JASPAR2024|000539|MA0727.2	1.0	1.0	208.0	3584.0	1766.6	27012.0	-0.18081574855050214	FALSE	cell_line	H2347	H2347
ZNF444	CIS-BP2.00|000420|M04529_2.00	1.0	1.0	1129.0	3584.0	8915.1	27012.0	-0.09895390373070052	FALSE	cell_line	H2347	H2347
ZBTB18	JASPAR2024|000681|MA0698.2	1.0	1.0	1900.0	3584.0	14762.7	27012.0	-0.09518867533921685	FALSE	cell_line	H2347	H2347
ZNF281	CIS-BP2.00|001020|M08321_2.00	1.0	1.0	2821.0	3584.0	21648.7	27012.0	-0.1272240771813045	FALSE	cell_line	H2347	H2347
ELF3	CIS-BP2.00|000227|M03002_2.00	1e-22	0.0	1684.0	3584.0	10314.9	26564.0	0.4815458428129769	TRUE	cell_line	H322	H322
NFATC4	JASPAR2024|000506|MA1525.3	1e-06	0.0	2662.0	3584.0	18693.5	26564.0	0.2812042549829903	TRUE	cell_line	H322	H322
XBP1	JASPAR2024|000675|MA0844.2	1e-05	0.0	1850.0	3584.0	12683.4	26564.0	0.2235187846446321	TRUE	cell_line	H322	H322
FOXA3	CIS-BP2.00|000469|M04831_2.00	1e-05	0.0001	170.0	3584.0	891.4	26564.0	0.523401046612135	FALSE	cell_line	H322	H322
ELF3	JASPAR2024|000276|MA0640.3	0.001	0.0046	3579.0	3584.0	26433.7	26564.0	1.687211430873258	FALSE	cell_line	H322	H322
CEBPB	JASPAR2024|000235|MA0466.4	0.001	0.0046	296.0	3584.0	1812.9	26564.0	0.29942703177230845	FALSE	cell_line	H322	H322
FOXA1	CIS-BP2.00|000890|M07960_2.00	0.001	0.0046	1877.0	3584.0	13196.4	26564.0	0.15552268480077988	FALSE	cell_line	H322	H322
XBP1	CIS-BP2.00|000375|M04231_2.00	0.01	0.0333	3357.0	3584.0	24587.0	26564.0	0.24727349653564523	FALSE	cell_line	H322	H322
ZNF75D	CIS-BP2.00|000750|M07683_2.00	0.01	0.0415	2215.0	3584.0	15890.0	26564.0	0.11998703521360493	FALSE	cell_line	H322	H322
CEBPB	CIS-BP2.00|000866|M07830_2.00	0.1	0.0556	1645.0	3584.0	11689.0	26564.0	0.1105661899742937	FALSE	cell_line	H322	H322
FOXA2	CIS-BP2.00|000889|M07959_2.00	0.1	0.0563	2143.0	3584.0	15393.0	26564.0	0.1098991975093864	FALSE	cell_line	H322	H322
ZNF75D	JASPAR2024|000169|MA1601.2	0.1	0.1451	2458.0	3584.0	17842.4	26564.0	0.09332836288488582	FALSE	cell_line	H322	H322
ETV1	JASPAR2024|000311|MA0761.3	0.1	0.1451	3564.0	3584.0	26343.0	26564.0	0.5479354750738853	FALSE	cell_line	H322	H322
CEBPA	JASPAR2024|000234|MA0102.5	0.1	0.1495	2588.0	3584.0	18835.7	26564.0	0.09198300073619005	FALSE	cell_line	H322	H322
ZNF281	JASPAR2024|000706|MA1630.3	0.1	0.2092	2887.0	3584.0	21125.5	26564.0	0.09194952235525919	FALSE	cell_line	H322	H322
NR3C2	JASPAR2024|000539|MA0727.2	0.1	0.2723	255.0	3584.0	1740.1	26564.0	0.13019189820807245	FALSE	cell_line	H322	H322
CREB3L2	CIS-BP2.00|000117|M01812_2.00	0.1	0.2723	1881.0	3584.0	13647.0	26564.0	0.06407152864997742	FALSE	cell_line	H322	H322
FOXA3	JASPAR2024|000358|MA1683.2	1.0	0.2847	3176.0	3584.0	23357.6	26564.0	0.09435838107723248	FALSE	cell_line	H322	H322
ZNF33A	CIS-BP2.00|000762|M07695_2.00	1.0	0.2847	3234.0	3584.0	23800.2	26564.0	0.10003845836831017	FALSE	cell_line	H322	H322
FOXD2	CIS-BP2.00|000235|M03042_2.00	1.0	0.3967	1407.0	3584.0	10217.5	26564.0	0.048375259379349896	FALSE	cell_line	H322	H322
FOXA2	JASPAR2024|000357|MA0047.4	1.0	0.405	2784.0	3584.0	20459.3	26564.0	0.05376340464523247	FALSE	cell_line	H322	H322
ZNF281	CIS-BP2.00|001020|M08321_2.00	1.0	0.4168	2869.0	3584.0	21105.8	26564.0	0.05273132695491786	FALSE	cell_line	H322	H322
FOXA1	JASPAR2024|000356|MA0148.5	1.0	0.4168	2878.0	3584.0	21174.1	26564.0	0.05268526876636131	FALSE	cell_line	H322	H322
CEBPA	CIS-BP2.00|000926|M08076_2.00	1.0	0.4315	1354.0	3584.0	9866.9	26564.0	0.03929210132649291	FALSE	cell_line	H322	H322
CREB3L2	JASPAR2024|000025|MA0608.1	1.0	0.4315	1853.0	3584.0	13563.2	26564.0	0.03713483266294842	FALSE	cell_line	H322	H322
FOXD2	JASPAR2024|000361|MA0847.4	1.0	0.4869	1340.0	3584.0	9796.3	26564.0	0.03172245935290017	FALSE	cell_line	H322	H322
ETV1	CIS-BP2.00|000457|M04708_2.00	1.0	0.5249	3578.0	3584.0	26502.7	26564.0	0.3603555382536273	FALSE	cell_line	H322	H322
ZNF341	JASPAR2024|000712|MA1655.2	1.0	0.5249	3583.0	3584.0	26544.1	26564.0	0.876557604305867	FALSE	cell_line	H322	H322
GATA6	CIS-BP2.00|000947|M08124_2.00	1.0	0.5612	2656.0	3584.0	19603.5	26564.0	0.02277132574457707	FALSE	cell_line	H322	H322
NKX2-1	JASPAR2024|000822|MA1994.2	1.0	0.5694	3398.0	3584.0	25144.5	26564.0	0.04134186864745636	FALSE	cell_line	H322	H322
E2F5	CIS-BP2.00|000940|M08109_2.00	1.0	0.5969	3115.0	3584.0	23041.3	26564.0	0.020971510111818487	FALSE	cell_line	H322	H322
GATA6	JASPAR2024|000382|MA1104.3	1.0	0.6049	2934.0	3584.0	21702.7	26564.0	0.015148422933353396	FALSE	cell_line	H322	H322
ZNF341	CIS-BP2.00|001017|M08310_2.00	1.0	0.6924	3576.0	3584.0	26497.7	26564.0	0.08503934100706151	FALSE	cell_line	H322	H322
ZNF141	CIS-BP2.00|000653|M07586_2.00	1.0	0.7245	2514.0	3584.0	18640.6	26564.0	-0.002217658795839371	FALSE	cell_line	H322	H322
ETV1	JASPAR2024|000652|MA1966.2	1.0	0.8723	3453.0	3584.0	25618.1	26564.0	-0.043673234808599415	FALSE	cell_line	H322	H322
ZNF540	CIS-BP2.00|000701|M07634_2.00	1.0	0.8723	791.0	3584.0	5931.1	26564.0	-0.02092421215679692	FALSE	cell_line	H322	H322
ZNF19	CIS-BP2.00|000670|M07603_2.00	1.0	0.9539	3559.0	3584.0	26396.7	26564.0	-0.1724648384118121	FALSE	cell_line	H322	H322
ZBTB18	CIS-BP2.00|000988|M08257_2.00	1.0	1.0	3102.0	3584.0	23119.5	26564.0	-0.06173514693411128	FALSE	cell_line	H322	H322
NFATC4	CIS-BP2.00|000101|M01306_2.00	1.0	1.0	3584.0	3584.0	26562.2	26564.0	-0.6879241402631571	FALSE	cell_line	H322	H322
NR3C2	CIS-BP2.00|000154|M02395_2.00	1.0	1.0	3584.0	3584.0	26562.2	26564.0	-0.6879241402631571	FALSE	cell_line	H322	H322
HNF4A	JASPAR2024|000410|MA0114.5	1.0	1.0	3401.0	3584.0	25346.0	26564.0	-0.1662892677096181	FALSE	cell_line	H322	H322
ZNF444	CIS-BP2.00|000420|M04529_2.00	1.0	1.0	1118.0	3584.0	8662.4	26564.0	-0.09369316742523344	FALSE	cell_line	H322	H322
ZNF33B	CIS-BP2.00|000777|M07710_2.00	1.0	1.0	1171.0	3584.0	9092.2	26564.0	-0.10048099905628406	FALSE	cell_line	H322	H322
HNF4A	JASPAR2024|000409|MA1494.2	1.0	1.0	345.0	3584.0	2848.2	26564.0	-0.17151019354819816	FALSE	cell_line	H322	H322
HNF4A	CIS-BP2.00|000974|M08219_2.00	1.0	1.0	3200.0	3584.0	24041.1	26564.0	-0.19485028697041668	FALSE	cell_line	H322	H322
ZBTB18	JASPAR2024|000681|MA0698.2	1.0	1.0	1839.0	3584.0	14197.4	26564.0	-0.12349700032730128	FALSE	cell_line	H322	H322
ZNF254	CIS-BP2.00|000827|M07760_2.00	1.0	1.0	488.0	3584.0	4033.5	26564.0	-0.18257962125996807	FALSE	cell_line	H322	H322
ELF3	CIS-BP2.00|000227|M03002_2.00	1e-21	0.0	1704.0	3584.0	10427.8	26300.0	0.46427585760804163	TRUE	cell_line	II-18	II-18
NFATC4	JASPAR2024|000506|MA1525.3	1e-09	0.0	2720.0	3584.0	18731.0	26300.0	0.34673743750135977	TRUE	cell_line	II-18	II-18
XBP1	JASPAR2024|000675|MA0844.2	1e-06	0.0	1867.0	3584.0	12585.9	26300.0	0.2446449910479481	TRUE	cell_line	II-18	II-18
FOXA3	CIS-BP2.00|000469|M04831_2.00	1e-06	0.0	182.0	3584.0	906.0	26300.0	0.5874384457561543	TRUE	cell_line	II-18	II-18
CEBPB	JASPAR2024|000235|MA0466.4	0.0001	0.0002	316.0	3584.0	1842.4	26300.0	0.3619113474190495	FALSE	cell_line	II-18	II-18
FOXA1	CIS-BP2.00|000890|M07960_2.00	0.0001	0.0002	1884.0	3584.0	12935.1	26300.0	0.19537883119591246	FALSE	cell_line	II-18	II-18
CEBPB	CIS-BP2.00|000866|M07830_2.00	0.001	0.0007	1698.0	3584.0	11650.0	26300.0	0.17910714882200476	FALSE	cell_line	II-18	II-18
FOXA3	JASPAR2024|000358|MA1683.2	0.01	0.0074	3206.0	3584.0	23097.2	26300.0	0.23251582520014968	FALSE	cell_line	II-18	II-18
ZNF33A	CIS-BP2.00|000762|M07695_2.00	0.01	0.0075	3248.0	3584.0	23431.3	26300.0	0.24134795184204633	FALSE	cell_line	II-18	II-18
FOXA2	CIS-BP2.00|000889|M07959_2.00	0.01	0.0075	2141.0	3584.0	15069.2	26300.0	0.1449247992832785	FALSE	cell_line	II-18	II-18
ETV1	JASPAR2024|000311|MA0761.3	0.01	0.0277	3566.0	3584.0	26070.5	26300.0	0.7661716428968239	FALSE	cell_line	II-18	II-18
ZNF281	JASPAR2024|000706|MA1630.3	0.01	0.0314	2915.0	3584.0	20966.3	26300.0	0.1478244945029494	FALSE	cell_line	II-18	II-18
XBP1	CIS-BP2.00|000375|M04231_2.00	0.01	0.0327	3359.0	3584.0	24381.4	26300.0	0.22973843114043885	FALSE	cell_line	II-18	II-18
NKX2-1	JASPAR2024|000822|MA1994.2	0.1	0.0345	3416.0	3584.0	24836.4	26300.0	0.25729951456503874	FALSE	cell_line	II-18	II-18
ZNF75D	JASPAR2024|000169|MA1601.2	0.1	0.0389	2470.0	3584.0	17661.4	26300.0	0.1167188171500083	FALSE	cell_line	II-18	II-18
ZNF281	CIS-BP2.00|001020|M08321_2.00	0.1	0.0503	2904.0	3584.0	20935.8	26300.0	0.1291856619700858	FALSE	cell_line	II-18	II-18
ZNF19	CIS-BP2.00|000670|M07603_2.00	0.1	0.0698	3570.0	3584.0	26129.4	26300.0	0.6892113743956539	FALSE	cell_line	II-18	II-18
CEBPA	CIS-BP2.00|000926|M08076_2.00	0.1	0.0698	1398.0	3584.0	9839.4	26300.0	0.09760209226423645	FALSE	cell_line	II-18	II-18
GATA6	JASPAR2024|000382|MA1104.3	0.1	0.0698	2976.0	3584.0	21513.5	26300.0	0.12220565406901408	FALSE	cell_line	II-18	II-18
CREB3L2	CIS-BP2.00|000117|M01812_2.00	0.1	0.081	1885.0	3584.0	13431.0	26300.0	0.08817236158040584	FALSE	cell_line	II-18	II-18
ELF3	JASPAR2024|000276|MA0640.3	0.1	0.0898	3576.0	3584.0	26192.6	26300.0	0.7935217446695698	FALSE	cell_line	II-18	II-18
CREB3L2	JASPAR2024|000025|MA0608.1	0.1	0.0908	1870.0	3584.0	13342.0	26300.0	0.08350578025494633	FALSE	cell_line	II-18	II-18
CEBPA	JASPAR2024|000234|MA0102.5	0.1	0.1343	2580.0	3584.0	18630.0	26300.0	0.08089920080926596	FALSE	cell_line	II-18	II-18
ZNF141	CIS-BP2.00|000653|M07586_2.00	0.1	0.146	2551.0	3584.0	18428.0	26300.0	0.07676236380620947	FALSE	cell_line	II-18	II-18
ZNF75D	CIS-BP2.00|000750|M07683_2.00	0.1	0.1608	2187.0	3584.0	15751.9	26300.0	0.06791462131307201	FALSE	cell_line	II-18	II-18
ZNF341	JASPAR2024|000712|MA1655.2	0.1	0.1781	3584.0	3584.0	26284.4	26300.0	2.134598334300137	FALSE	cell_line	II-18	II-18
GATA6	CIS-BP2.00|000947|M08124_2.00	1.0	0.2751	2672.0	3584.0	19411.2	26300.0	0.0557963226417374	FALSE	cell_line	II-18	II-18
FOXA2	JASPAR2024|000357|MA0047.4	1.0	0.2751	2771.0	3584.0	20149.6	26300.0	0.0565351843234081	FALSE	cell_line	II-18	II-18
FOXD2	CIS-BP2.00|000235|M03042_2.00	1.0	0.3432	1415.0	3584.0	10209.9	26300.0	0.04012790062299618	FALSE	cell_line	II-18	II-18
ZNF444	CIS-BP2.00|000420|M04529_2.00	1.0	0.3432	1203.0	3584.0	8664.7	26300.0	0.04056766080744269	FALSE	cell_line	II-18	II-18
E2F5	CIS-BP2.00|000940|M08109_2.00	1.0	0.3432	3149.0	3584.0	22992.2	26300.0	0.057364268263225875	FALSE	cell_line	II-18	II-18
FOXD2	JASPAR2024|000361|MA0847.4	1.0	0.5625	1334.0	3584.0	9723.4	26300.0	0.015638422441233358	FALSE	cell_line	II-18	II-18
ETV1	JASPAR2024|000652|MA1966.2	1.0	0.5661	3462.0	3584.0	25380.6	26300.0	0.03482666903686332	FALSE	cell_line	II-18	II-18
NR3C2	JASPAR2024|000539|MA0727.2	1.0	0.7104	230.0	3584.0	1689.1	26300.0	0.0013139938508921417	FALSE	cell_line	II-18	II-18
FOXA1	JASPAR2024|000356|MA0148.5	1.0	0.7303	2857.0	3584.0	20981.3	26300.0	-0.006122916854710558	FALSE	cell_line	II-18	II-18
ETV1	CIS-BP2.00|000457|M04708_2.00	1.0	0.7384	3577.0	3584.0	26248.8	26300.0	-0.09005349851438127	FALSE	cell_line	II-18	II-18
ZNF341	CIS-BP2.00|001017|M08310_2.00	1.0	0.8824	3575.0	3584.0	26241.5	26300.0	-0.24094523293461267	FALSE	cell_line	II-18	II-18
ZBTB18	CIS-BP2.00|000988|M08257_2.00	1.0	0.96	3093.0	3584.0	22807.4	26300.0	-0.05297705699374124	FALSE	cell_line	II-18	II-18
ZBTB18	JASPAR2024|000681|MA0698.2	1.0	1.0	1830.0	3584.0	13638.1	26300.0	-0.045966858120417176	FALSE	cell_line	II-18	II-18
NFATC4	CIS-BP2.00|000101|M01306_2.00	1.0	1.0	3584.0	3584.0	26301.0	26300.0	-2.875301282848847	FALSE	cell_line	II-18	II-18
NR3C2	CIS-BP2.00|000154|M02395_2.00	1.0	1.0	3584.0	3584.0	26301.0	26300.0	-2.875301282848847	FALSE	cell_line	II-18	II-18
ZNF540	CIS-BP2.00|000701|M07634_2.00	1.0	1.0	776.0	3584.0	5956.0	26300.0	-0.08263991567564113	FALSE	cell_line	II-18	II-18
HNF4A	JASPAR2024|000410|MA0114.5	1.0	1.0	3395.0	3584.0	25050.1	26300.0	-0.16102929120071122	FALSE	cell_line	II-18	II-18
HNF4A	JASPAR2024|000409|MA1494.2	1.0	1.0	337.0	3584.0	2778.6	26300.0	-0.18505517158395093	FALSE	cell_line	II-18	II-18
HNF4A	CIS-BP2.00|000974|M08219_2.00	1.0	1.0	3181.0	3584.0	23708.3	26300.0	-0.21410716285440412	FALSE	cell_line	II-18	II-18
ZNF33B	CIS-BP2.00|000777|M07710_2.00	1.0	1.0	1158.0	3584.0	9112.8	26300.0	-0.15128778009589575	FALSE	cell_line	II-18	II-18
ZNF254	CIS-BP2.00|000827|M07760_2.00	1.0	1.0	460.0	3584.0	3902.6	26300.0	-0.24168113655090026	FALSE	cell_line	II-18	II-18
ELF3	CIS-BP2.00|000227|M03002_2.00	1e-31	0.0	1749.0	3584.0	10402.6	26612.0	0.570631242551	TRUE	cell_line	LC2/ad	LC2_ad
NFATC4	JASPAR2024|000506|MA1525.3	1e-08	0.0	2683.0	3584.0	18776.9	26612.0	0.3128348326890214	TRUE	cell_line	LC2/ad	LC2_ad
FOXA3	CIS-BP2.00|000469|M04831_2.00	1e-06	0.0	180.0	3584.0	890.7	26612.0	0.6137263714813068	TRUE	cell_line	LC2/ad	LC2_ad
XBP1	JASPAR2024|000675|MA0844.2	0.0001	0.0001	1803.0	3584.0	12443.2	26612.0	0.20505990774306906	FALSE	cell_line	LC2/ad	LC2_ad
FOXA2	CIS-BP2.00|000889|M07959_2.00	0.01	0.0151	2139.0	3584.0	15230.8	26612.0	0.14538204661750279	FALSE	cell_line	LC2/ad	LC2_ad
FOXA1	CIS-BP2.00|000890|M07960_2.00	0.01	0.0273	1842.0	3584.0	13072.8	26612.0	0.13107838027077978	FALSE	cell_line	LC2/ad	LC2_ad
ZNF341	CIS-BP2.00|001017|M08310_2.00	0.01	0.0273	3583.0	3584.0	26550.9	26612.0	2.47054927137584	FALSE	cell_line	LC2/ad	LC2_ad
FOXA3	JASPAR2024|000358|MA1683.2	0.01	0.0286	3194.0	3584.0	23337.9	26612.0	0.19888062187348898	FALSE	cell_line	LC2/ad	LC2_ad
ETV1	CIS-BP2.00|000457|M04708_2.00	0.01	0.0286	3583.0	3584.0	26553.6	26612.0	2.4057398549562916	FALSE	cell_line	LC2/ad	LC2_ad
ZNF19	CIS-BP2.00|000670|M07603_2.00	0.01	0.0387	3574.0	3584.0	26456.2	26612.0	1.0080367802527985	FALSE	cell_line	LC2/ad	LC2_ad
ZNF75D	CIS-BP2.00|000750|M07683_2.00	0.01	0.0417	2227.0	3584.0	16023.6	26612.0	0.11678263068130203	FALSE	cell_line	LC2/ad	LC2_ad
ZNF33A	CIS-BP2.00|000762|M07695_2.00	0.1	0.0675	3242.0	3584.0	23779.5	26612.0	0.17358447303625324	FALSE	cell_line	LC2/ad	LC2_ad
GATA6	JASPAR2024|000382|MA1104.3	0.1	0.0922	2981.0	3584.0	21796.7	26612.0	0.1263172212298966	FALSE	cell_line	LC2/ad	LC2_ad
FOXA2	JASPAR2024|000357|MA0047.4	0.1	0.097	2794.0	3584.0	20385.0	26612.0	0.11093448629884885	FALSE	cell_line	LC2/ad	LC2_ad
ZNF281	JASPAR2024|000706|MA1630.3	0.1	0.113	2901.0	3584.0	21214.8	26612.0	0.11109730667045359	FALSE	cell_line	LC2/ad	LC2_ad
CEBPA	JASPAR2024|000234|MA0102.5	0.1	0.1146	2586.0	3584.0	18840.1	26612.0	0.09575400386675756	FALSE	cell_line	LC2/ad	LC2_ad
FOXA1	JASPAR2024|000356|MA0148.5	0.1	0.1146	2892.0	3584.0	21157.3	26612.0	0.10694535515551676	FALSE	cell_line	LC2/ad	LC2_ad
FOXD2	JASPAR2024|000361|MA0847.4	0.1	0.2159	1351.0	3584.0	9730.0	26612.0	0.07019797009460399	FALSE	cell_line	LC2/ad	LC2_ad
CREB3L2	CIS-BP2.00|000117|M01812_2.00	0.1	0.2327	1849.0	3584.0	13431.6	26612.0	0.06454794103478949	FALSE	cell_line	LC2/ad	LC2_ad
GATA6	CIS-BP2.00|000947|M08124_2.00	0.1	0.2327	2699.0	3584.0	19783.1	26612.0	0.07365376965252937	FALSE	cell_line	LC2/ad	LC2_ad
ELF3	JASPAR2024|000276|MA0640.3	1.0	0.2327	3574.0	3584.0	26494.1	26612.0	0.6053228587464624	FALSE	cell_line	LC2/ad	LC2_ad
ZNF75D	JASPAR2024|000169|MA1601.2	1.0	0.242	2455.0	3584.0	17971.7	26612.0	0.06380232418987802	FALSE	cell_line	LC2/ad	LC2_ad
CEBPB	JASPAR2024|000235|MA0466.4	1.0	0.249	259.0	3584.0	1789.9	26612.0	0.11353556219178308	FALSE	cell_line	LC2/ad	LC2_ad
CREB3L2	JASPAR2024|000025|MA0608.1	1.0	0.249	1833.0	3584.0	13348.3	26612.0	0.056836887604912345	FALSE	cell_line	LC2/ad	LC2_ad
FOXD2	CIS-BP2.00|000235|M03042_2.00	1.0	0.2723	1394.0	3584.0	10117.8	26612.0	0.05352333888252716	FALSE	cell_line	LC2/ad	LC2_ad
NKX2-1	JASPAR2024|000822|MA1994.2	1.0	0.2851	3404.0	3584.0	25167.2	26612.0	0.1152397001912647	FALSE	cell_line	LC2/ad	LC2_ad
XBP1	CIS-BP2.00|000375|M04231_2.00	1.0	0.3818	3320.0	3584.0	24552.4	26612.0	0.07495371100833695	FALSE	cell_line	LC2/ad	LC2_ad
ETV1	JASPAR2024|000311|MA0761.3	1.0	0.3818	3560.0	3584.0	26396.5	26612.0	0.24995543818274105	FALSE	cell_line	LC2/ad	LC2_ad
E2F5	CIS-BP2.00|000940|M08109_2.00	1.0	0.4465	3132.0	3584.0	23159.4	26612.0	0.045659807793437306	FALSE	cell_line	LC2/ad	LC2_ad
ZNF141	CIS-BP2.00|000653|M07586_2.00	1.0	0.4699	2525.0	3584.0	18635.4	26612.0	0.029037228562678354	FALSE	cell_line	LC2/ad	LC2_ad
ZNF341	JASPAR2024|000712|MA1655.2	1.0	0.4699	3583.0	3584.0	26590.4	26612.0	0.9895206156939077	FALSE	cell_line	LC2/ad	LC2_ad
ZNF281	CIS-BP2.00|001020|M08321_2.00	1.0	0.4699	2868.0	3584.0	21198.6	26612.0	0.03199503631967834	FALSE	cell_line	LC2/ad	LC2_ad
CEBPB	CIS-BP2.00|000866|M07830_2.00	1.0	0.4797	1588.0	3584.0	11693.8	26612.0	0.02150833708992161	FALSE	cell_line	LC2/ad	LC2_ad
ETV1	JASPAR2024|000652|MA1966.2	1.0	0.4797	3464.0	3584.0	25680.9	26612.0	0.06067270252919198	FALSE	cell_line	LC2/ad	LC2_ad
ZNF540	CIS-BP2.00|000701|M07634_2.00	1.0	0.6452	790.0	3584.0	5854.0	26612.0	0.004331523043437368	FALSE	cell_line	LC2/ad	LC2_ad
HNF4A	JASPAR2024|000410|MA0114.5	1.0	0.6452	3418.0	3584.0	25369.1	26612.0	0.009030959266150364	FALSE	cell_line	LC2/ad	LC2_ad
ZNF33B	CIS-BP2.00|000777|M07710_2.00	1.0	0.6636	1239.0	3584.0	9207.8	26612.0	-0.0016670238167136083	FALSE	cell_line	LC2/ad	LC2_ad
ZNF444	CIS-BP2.00|000420|M04529_2.00	1.0	0.875	1159.0	3584.0	8715.2	26612.0	-0.026725845621378974	FALSE	cell_line	LC2/ad	LC2_ad
NR3C2	JASPAR2024|000539|MA0727.2	1.0	1.0	218.0	3584.0	1719.7	26612.0	-0.09046397837752165	FALSE	cell_line	LC2/ad	LC2_ad
NFATC4	CIS-BP2.00|000101|M01306_2.00	1.0	1.0	3584.0	3584.0	26608.8	26612.0	-0.00456149041807995	FALSE	cell_line	LC2/ad	LC2_ad
NR3C2	CIS-BP2.00|000154|M02395_2.00	1.0	1.0	3584.0	3584.0	26608.8	26612.0	-0.00456149041807995	FALSE	cell_line	LC2/ad	LC2_ad
ZBTB18	JASPAR2024|000681|MA0698.2	1.0	1.0	1871.0	3584.0	14144.7	26612.0	-0.05485680134132254	FALSE	cell_line	LC2/ad	LC2_ad
ZBTB18	CIS-BP2.00|000988|M08257_2.00	1.0	1.0	3099.0	3584.0	23223.3	26612.0	-0.10209507033469649	FALSE	cell_line	LC2/ad	LC2_ad
ZNF254	CIS-BP2.00|000827|M07760_2.00	1.0	1.0	515.0	3584.0	4087.0	26612.0	-0.11169084286696428	FALSE	cell_line	LC2/ad	LC2_ad
CEBPA	CIS-BP2.00|000926|M08076_2.00	1.0	1.0	1281.0	3584.0	9893.9	26612.0	-0.08922420626356259	FALSE	cell_line	LC2/ad	LC2_ad
HNF4A	JASPAR2024|000409|MA1494.2	1.0	1.0	346.0	3584.0	2820.6	26612.0	-0.14825770929145524	FALSE	cell_line	LC2/ad	LC2_ad
HNF4A	CIS-BP2.00|000974|M08219_2.00	1.0	1.0	3207.0	3584.0	24095.6	26612.0	-0.17217914419175562	FALSE	cell_line	LC2/ad	LC2_ad
ELF3	CIS-BP2.00|000227|M03002_2.00	1e-17	0.0	1667.0	3584.0	10344.7	26236.0	0.41778118929582897	TRUE	cell_line	PC-14	PC-14
NFATC4	JASPAR2024|000506|MA1525.3	1e-06	0.0	2682.0	3584.0	18615.5	26236.0	0.28308843848040094	TRUE	cell_line	PC-14	PC-14
XBP1	CIS-BP2.00|000375|M04231_2.00	1e-06	0.0	3399.0	3584.0	24339.4	26236.0	0.5143758702442637	TRUE	cell_line	PC-14	PC-14
XBP1	JASPAR2024|000675|MA0844.2	1e-05	0.0	1870.0	3584.0	12655.5	26236.0	0.2274042691113956	TRUE	cell_line	PC-14	PC-14
ELF3	JASPAR2024|000276|MA0640.3	0.0001	0.0004	3581.0	3584.0	26114.1	26236.0	2.2618840669386406	FALSE	cell_line	PC-14	PC-14
FOXA1	CIS-BP2.00|000890|M07960_2.00	0.001	0.0013	1848.0	3584.0	12738.9	26236.0	0.1735782069892166	FALSE	cell_line	PC-14	PC-14
ZNF75D	CIS-BP2.00|000750|M07683_2.00	0.001	0.0028	2225.0	3584.0	15567.6	26236.0	0.16587190421886078	FALSE	cell_line	PC-14	PC-14
ETV1	JASPAR2024|000311|MA0761.3	0.001	0.0044	3569.0	3584.0	26005.1	26236.0	1.0350203268089102	FALSE	cell_line	PC-14	PC-14
E2F5	CIS-BP2.00|000940|M08109_2.00	0.001	0.0047	3197.0	3584.0	22956.2	26236.0	0.23766054022784028	FALSE	cell_line	PC-14	PC-14
FOXA3	CIS-BP2.00|000469|M04831_2.00	0.01	0.0077	156.0	3584.0	896.2	26236.0	0.36732143653371874	FALSE	cell_line	PC-14	PC-14
ZNF75D	JASPAR2024|000169|MA1601.2	0.01	0.0139	2465.0	3584.0	17482.9	26236.0	0.14098831730302538	FALSE	cell_line	PC-14	PC-14
CEBPB	JASPAR2024|000235|MA0466.4	0.01	0.0141	290.0	3584.0	1815.0	26236.0	0.2462635219629482	FALSE	cell_line	PC-14	PC-14
FOXA3	JASPAR2024|000358|MA1683.2	0.01	0.0269	3183.0	3584.0	22949.2	26236.0	0.18364160493751036	FALSE	cell_line	PC-14	PC-14
ZNF281	JASPAR2024|000706|MA1630.3	0.1	0.0678	2906.0	3584.0	20912.0	26236.0	0.1252146073172036	FALSE	cell_line	PC-14	PC-14
FOXA2	CIS-BP2.00|000889|M07959_2.00	0.1	0.0693	2090.0	3584.0	14860.4	26236.0	0.09866970784489566	FALSE	cell_line	PC-14	PC-14
GATA6	JASPAR2024|000382|MA1104.3	0.1	0.2088	2964.0	3584.0	21447.6	26236.0	0.09320204555229003	FALSE	cell_line	PC-14	PC-14
CEBPA	JASPAR2024|000234|MA0102.5	0.1	0.2365	2556.0	3584.0	18435.0	26236.0	0.07296513078984225	FALSE	cell_line	PC-14	PC-14
ETV1	JASPAR2024|000652|MA1966.2	1.0	0.2689	3468.0	3584.0	25281.0	26236.0	0.17022764409292745	FALSE	cell_line	PC-14	PC-14
FOXA2	JASPAR2024|000357|MA0047.4	1.0	0.3104	2755.0	3584.0	19950.6	26236.0	0.06572317567039035	FALSE	cell_line	PC-14	PC-14
ZNF19	CIS-BP2.00|000670|M07603_2.00	1.0	0.3295	3568.0	3584.0	26080.4	26236.0	0.37232863036370745	FALSE	cell_line	PC-14	PC-14
ZNF281	CIS-BP2.00|001020|M08321_2.00	1.0	0.3295	2881.0	3584.0	20900.4	26236.0	0.0644902329531198	FALSE	cell_line	PC-14	PC-14
ZNF141	CIS-BP2.00|000653|M07586_2.00	1.0	0.4496	2534.0	3584.0	18385.5	26236.0	0.04296568641864217	FALSE	cell_line	PC-14	PC-14
FOXD2	JASPAR2024|000361|MA0847.4	1.0	0.4505	1329.0	3584.0	9564.0	26236.0	0.03914548382993881	FALSE	cell_line	PC-14	PC-14
NKX2-1	JASPAR2024|000822|MA1994.2	1.0	0.468	3389.0	3584.0	24733.6	26236.0	0.07515147653349881	FALSE	cell_line	PC-14	PC-14
CEBPB	CIS-BP2.00|000866|M07830_2.00	1.0	0.533	1591.0	3584.0	11519.1	26236.0	0.028515754340994324	FALSE	cell_line	PC-14	PC-14
HNF4A	JASPAR2024|000410|MA0114.5	1.0	0.5751	3416.0	3584.0	24958.6	26236.0	0.05397956732924717	FALSE	cell_line	PC-14	PC-14
CEBPA	CIS-BP2.00|000926|M08076_2.00	1.0	0.5864	1343.0	3584.0	9739.5	26236.0	0.02174183697497119	FALSE	cell_line	PC-14	PC-14
ZNF33A	CIS-BP2.00|000762|M07695_2.00	1.0	0.6002	3188.0	3584.0	23283.5	26236.0	0.02839944904171456	FALSE	cell_line	PC-14	PC-14
ZNF444	CIS-BP2.00|000420|M04529_2.00	1.0	0.6899	1188.0	3584.0	8656.0	26236.0	0.01033332866052828	FALSE	cell_line	PC-14	PC-14
GATA6	CIS-BP2.00|000947|M08124_2.00	1.0	0.7368	2647.0	3584.0	19359.3	26236.0	0.004569247148108829	FALSE	cell_line	PC-14	PC-14
ZNF254	CIS-BP2.00|000827|M07760_2.00	1.0	0.7369	531.0	3584.0	3879.0	26236.0	0.0044939965024873504	FALSE	cell_line	PC-14	PC-14
ETV1	CIS-BP2.00|000457|M04708_2.00	1.0	0.7369	3578.0	3584.0	26188.8	26236.0	0.003927028576087675	FALSE	cell_line	PC-14	PC-14
FOXA1	JASPAR2024|000356|MA0148.5	1.0	0.7369	2841.0	3584.0	20799.8	26236.0	-0.00155314155426916	FALSE	cell_line	PC-14	PC-14
ZNF540	CIS-BP2.00|000701|M07634_2.00	1.0	0.827	803.0	3584.0	5921.9	26236.0	-0.013230057598451526	FALSE	cell_line	PC-14	PC-14
NR3C2	JASPAR2024|000539|MA0727.2	1.0	0.8959	223.0	3584.0	1676.6	26236.0	-0.03849434629445269	FALSE	cell_line	PC-14	PC-14
ZNF341	JASPAR2024|000712|MA1655.2	1.0	0.8959	3581.0	3584.0	26216.5	26236.0	-0.35729358804065275	FALSE	cell_line	PC-14	PC-14
FOXD2	CIS-BP2.00|000235|M03042_2.00	1.0	0.9069	1375.0	3584.0	10183.9	26236.0	-0.02731779381464402	FALSE	cell_line	PC-14	PC-14
ZNF341	CIS-BP2.00|001017|M08310_2.00	1.0	0.9984	3572.0	3584.0	26165.8	26236.0	-0.3729219004515564	FALSE	cell_line	PC-14	PC-14
NFATC4	CIS-BP2.00|000101|M01306_2.00	1.0	1.0	3584.0	3584.0	26237.2	26236.0	-2.8717974613650235	FALSE	cell_line	PC-14	PC-14
NR3C2	CIS-BP2.00|000154|M02395_2.00	1.0	1.0	3584.0	3584.0	26237.2	26236.0	-2.8717974613650235	FALSE	cell_line	PC-14	PC-14
CREB3L2	CIS-BP2.00|000117|M01812_2.00	1.0	1.0	1795.0	3584.0	13392.0	26236.0	-0.05544545550867784	FALSE	cell_line	PC-14	PC-14
CREB3L2	JASPAR2024|000025|MA0608.1	1.0	1.0	1772.0	3584.0	13302.3	26236.0	-0.07273448280126668	FALSE	cell_line	PC-14	PC-14
HNF4A	JASPAR2024|000409|MA1494.2	1.0	1.0	346.0	3584.0	2734.9	26236.0	-0.12146322726365888	FALSE	cell_line	PC-14	PC-14
ZNF33B	CIS-BP2.00|000777|M07710_2.00	1.0	1.0	1177.0	3584.0	9018.8	26236.0	-0.09900367626153311	FALSE	cell_line	PC-14	PC-14
HNF4A	CIS-BP2.00|000974|M08219_2.00	1.0	1.0	3162.0	3584.0	23614.1	26236.0	-0.2666772003930033	FALSE	cell_line	PC-14	PC-14
ZBTB18	CIS-BP2.00|000988|M08257_2.00	1.0	1.0	3014.0	3584.0	22678.0	26236.0	-0.2703641419565765	FALSE	cell_line	PC-14	PC-14
ZBTB18	JASPAR2024|000681|MA0698.2	1.0	1.0	1717.0	3584.0	13448.9	26236.0	-0.1935944351752616	FALSE	cell_line	PC-14	PC-14
ELF3	CIS-BP2.00|000227|M03002_2.00	1e-19	0.0	1631.0	3584.0	10303.1	27049.0	0.4408402301468878	TRUE	cell_line	PC-9	PC-9
XBP1	JASPAR2024|000675|MA0844.2	0.0001	0.0009	1817.0	3584.0	12817.9	27049.0	0.19112682116027382	FALSE	cell_line	PC-9	PC-9
XBP1	CIS-BP2.00|000375|M04231_2.00	0.001	0.0017	3366.0	3584.0	24967.4	27049.0	0.36158106160417486	FALSE	cell_line	PC-9	PC-9
CEBPB	JASPAR2024|000235|MA0466.4	0.001	0.0053	278.0	3584.0	1718.2	27049.0	0.3119758003148691	FALSE	cell_line	PC-9	PC-9
ZNF33A	CIS-BP2.00|000762|M07695_2.00	0.01	0.0264	3294.0	3584.0	24496.1	27049.0	0.24135939775533585	FALSE	cell_line	PC-9	PC-9
NFATC4	JASPAR2024|000506|MA1525.3	0.01	0.0264	2560.0	3584.0	18750.7	27049.0	0.14549729367797481	FALSE	cell_line	PC-9	PC-9
FOXA2	CIS-BP2.00|000889|M07959_2.00	0.01	0.0361	2164.0	3584.0	15760.4	27049.0	0.12621552400981698	FALSE	cell_line	PC-9	PC-9
FOXA1	CIS-BP2.00|000890|M07960_2.00	0.01	0.0361	1869.0	3584.0	13525.8	27049.0	0.12374600651176315	FALSE	cell_line	PC-9	PC-9
ZNF75D	CIS-BP2.00|000750|M07683_2.00	0.1	0.0637	2240.0	3584.0	16405.7	27049.0	0.11252315748637588	FALSE	cell_line	PC-9	PC-9
ZNF75D	JASPAR2024|000169|MA1601.2	0.1	0.0769	2502.0	3584.0	18430.4	27049.0	0.11248566027284715	FALSE	cell_line	PC-9	PC-9
ELF3	JASPAR2024|000276|MA0640.3	0.1	0.1582	3575.0	3584.0	26924.0	27049.0	0.8109133954057197	FALSE	cell_line	PC-9	PC-9
ZNF141	CIS-BP2.00|000653|M07586_2.00	0.1	0.2151	2582.0	3584.0	19154.5	27049.0	0.08645625784649612	FALSE	cell_line	PC-9	PC-9
NKX2-1	JASPAR2024|000822|MA1994.2	0.1	0.2151	3427.0	3584.0	25707.9	27049.0	0.1835196066843023	FALSE	cell_line	PC-9	PC-9
FOXA3	CIS-BP2.00|000469|M04831_2.00	0.1	0.256	124.0	3584.0	820.8	27049.0	0.20033033796156707	FALSE	cell_line	PC-9	PC-9
FOXA3	JASPAR2024|000358|MA1683.2	1.0	0.4386	3179.0	3584.0	23829.8	27049.0	0.08322715013389687	FALSE	cell_line	PC-9	PC-9
ETV1	CIS-BP2.00|000457|M04708_2.00	1.0	0.4428	3579.0	3584.0	26983.8	27049.0	0.6640995687776853	FALSE	cell_line	PC-9	PC-9
CREB3L2	CIS-BP2.00|000117|M01812_2.00	1.0	0.4518	1881.0	3584.0	13970.8	27049.0	0.04813422183566574	FALSE	cell_line	PC-9	PC-9
HNF4A	JASPAR2024|000410|MA0114.5	1.0	0.5865	3439.0	3584.0	25879.0	27049.0	0.09649489267405947	FALSE	cell_line	PC-9	PC-9
FOXA2	JASPAR2024|000357|MA0047.4	1.0	0.6861	2788.0	3584.0	20924.0	27049.0	0.03544937019623436	FALSE	cell_line	PC-9	PC-9
CEBPA	CIS-BP2.00|000926|M08076_2.00	1.0	0.6895	1326.0	3584.0	9885.1	27049.0	0.02827875186362625	FALSE	cell_line	PC-9	PC-9
ETV1	JASPAR2024|000311|MA0761.3	1.0	0.6895	3559.0	3584.0	26833.8	27049.0	0.16612527623246476	FALSE	cell_line	PC-9	PC-9
CREB3L2	JASPAR2024|000025|MA0608.1	1.0	0.6895	1856.0	3584.0	13892.6	27049.0	0.0245157688868606	FALSE	cell_line	PC-9	PC-9
FOXD2	JASPAR2024|000361|MA0847.4	1.0	0.8933	1280.0	3584.0	9622.2	27049.0	0.00908889954945717	FALSE	cell_line	PC-9	PC-9
FOXA1	JASPAR2024|000356|MA0148.5	1.0	0.8933	2861.0	3584.0	21562.4	27049.0	0.009271239095637533	FALSE	cell_line	PC-9	PC-9
CEBPB	CIS-BP2.00|000866|M07830_2.00	1.0	0.8933	1561.0	3584.0	11748.2	27049.0	0.007232819357164531	FALSE	cell_line	PC-9	PC-9
CEBPA	JASPAR2024|000234|MA0102.5	1.0	0.9405	2552.0	3584.0	19265.4	27049.0	-0.0016782539024683132	FALSE	cell_line	PC-9	PC-9
ZNF19	CIS-BP2.00|000670|M07603_2.00	1.0	1.0	3564.0	3584.0	26902.8	27049.0	-0.07683846458181201	FALSE	cell_line	PC-9	PC-9
NR3C2	JASPAR2024|000539|MA0727.2	1.0	1.0	235.0	3584.0	1808.6	27049.0	-0.027727496197701654	FALSE	cell_line	PC-9	PC-9
FOXD2	CIS-BP2.00|000235|M03042_2.00	1.0	1.0	1311.0	3584.0	9995.4	27049.0	-0.02298694894305023	FALSE	cell_line	PC-9	PC-9
ZNF33B	CIS-BP2.00|000777|M07710_2.00	1.0	1.0	1193.0	3584.0	9112.7	27049.0	-0.025824329115268135	FALSE	cell_line	PC-9	PC-9
E2F5	CIS-BP2.00|000940|M08109_2.00	1.0	1.0	3072.0	3584.0	23265.9	27049.0	-0.03662741859740395	FALSE	cell_line	PC-9	PC-9
ETV1	JASPAR2024|000652|MA1966.2	1.0	1.0	3459.0	3584.0	26144.3	27049.0	-0.06733936764000353	FALSE	cell_line	PC-9	PC-9
ZNF341	JASPAR2024|000712|MA1655.2	1.0	1.0	3581.0	3584.0	27028.9	27049.0	-0.35867612980898766	FALSE	cell_line	PC-9	PC-9
ZNF540	CIS-BP2.00|000701|M07634_2.00	1.0	1.0	766.0	3584.0	5951.6	27049.0	-0.052941134641011245	FALSE	cell_line	PC-9	PC-9
ZNF281	JASPAR2024|000706|MA1630.3	1.0	1.0	2857.0	3584.0	21725.0	27049.0	-0.054937075151857556	FALSE	cell_line	PC-9	PC-9
ZNF341	CIS-BP2.00|001017|M08310_2.00	1.0	1.0	3575.0	3584.0	26994.1	27049.0	-0.3725673732669039	FALSE	cell_line	PC-9	PC-9
NFATC4	CIS-BP2.00|000101|M01306_2.00	1.0	1.0	3584.0	3584.0	27047.1	27049.0	-0.65262238271164	FALSE	cell_line	PC-9	PC-9
NR3C2	CIS-BP2.00|000154|M02395_2.00	1.0	1.0	3584.0	3584.0	27047.1	27049.0	-0.65262238271164	FALSE	cell_line	PC-9	PC-9
GATA6	CIS-BP2.00|000947|M08124_2.00	1.0	1.0	2624.0	3584.0	20037.2	27049.0	-0.06457221784853891	FALSE	cell_line	PC-9	PC-9
ZNF281	CIS-BP2.00|001020|M08321_2.00	1.0	1.0	2848.0	3584.0	21728.1	27049.0	-0.07827248960825701	FALSE	cell_line	PC-9	PC-9
ZBTB18	JASPAR2024|000681|MA0698.2	1.0	1.0	1952.0	3584.0	15085.2	27049.0	-0.07620609372135934	FALSE	cell_line	PC-9	PC-9
GATA6	JASPAR2024|000382|MA1104.3	1.0	1.0	2890.0	3584.0	22162.8	27049.0	-0.12396779037964434	FALSE	cell_line	PC-9	PC-9
HNF4A	JASPAR2024|000409|MA1494.2	1.0	1.0	345.0	3584.0	2933.6	27049.0	-0.19001883681451684	FALSE	cell_line	PC-9	PC-9
ZNF444	CIS-BP2.00|000420|M04529_2.00	1.0	1.0	1123.0	3584.0	8996.0	27049.0	-0.12669480746297518	FALSE	cell_line	PC-9	PC-9
ZBTB18	CIS-BP2.00|000988|M08257_2.00	1.0	1.0	3095.0	3584.0	23749.0	27049.0	-0.18634894307397473	FALSE	cell_line	PC-9	PC-9
HNF4A	CIS-BP2.00|000974|M08219_2.00	1.0	1.0	3206.0	3584.0	24578.7	27049.0	-0.23175361709101333	FALSE	cell_line	PC-9	PC-9
ZNF254	CIS-BP2.00|000827|M07760_2.00	1.0	1.0	492.0	3584.0	4285.3	27049.0	-0.24144763803514335	FALSE	cell_line	PC-9	PC-9
ELF3	CIS-BP2.00|000227|M03002_2.00	1e-21	0.0	1674.0	3584.0	10223.1	26382.0	0.4702504532091202	TRUE	cell_line	RERF-LC-Ad1	RERF-LC-Ad1
XBP1	JASPAR2024|000675|MA0844.2	1e-08	0.0	1926.0	3584.0	12865.8	26382.0	0.2872489122908763	TRUE	cell_line	RERF-LC-Ad1	RERF-LC-Ad1
NFATC4	JASPAR2024|000506|MA1525.3	1e-07	0.0	2656.0	3584.0	18460.9	26382.0	0.29590469473631653	TRUE	cell_line	RERF-LC-Ad1	RERF-LC-Ad1
XBP1	CIS-BP2.00|000375|M04231_2.00	1e-06	0.0	3402.0	3584.0	24517.7	26382.0	0.503866539641129	TRUE	cell_line	RERF-LC-Ad1	RERF-LC-Ad1
ZNF75D	CIS-BP2.00|000750|M07683_2.00	0.001	0.0028	2240.0	3584.0	15744.9	26382.0	0.1709932569604624	FALSE	cell_line	RERF-LC-Ad1	RERF-LC-Ad1
GATA6	JASPAR2024|000382|MA1104.3	0.001	0.0028	3008.0	3584.0	21568.7	26382.0	0.2199272839417975	FALSE	cell_line	RERF-LC-Ad1	RERF-LC-Ad1
ZNF75D	JASPAR2024|000169|MA1601.2	0.001	0.0061	2492.0	3584.0	17697.6	26382.0	0.1629468810820833	FALSE	cell_line	RERF-LC-Ad1	RERF-LC-Ad1
FOXA3	CIS-BP2.00|000469|M04831_2.00	0.01	0.0195	140.0	3584.0	813.9	26382.0	0.3568392543538625	FALSE	cell_line	RERF-LC-Ad1	RERF-LC-Ad1
FOXA3	JASPAR2024|000358|MA1683.2	0.01	0.0383	3195.0	3584.0	23166.8	26382.0	0.1874612624111936	FALSE	cell_line	RERF-LC-Ad1	RERF-LC-Ad1
CREB3L2	CIS-BP2.00|000117|M01812_2.00	0.01	0.0459	1951.0	3584.0	13843.2	26382.0	0.11384423765549095	FALSE	cell_line	RERF-LC-Ad1	RERF-LC-Ad1
FOXA2	JASPAR2024|000357|MA0047.4	0.1	0.0504	2808.0	3584.0	20246.4	26382.0	0.132434838860532	FALSE	cell_line	RERF-LC-Ad1	RERF-LC-Ad1
ZNF33A	CIS-BP2.00|000762|M07695_2.00	0.1	0.0579	3267.0	3584.0	23760.6	26382.0	0.1834416799224291	FALSE	cell_line	RERF-LC-Ad1	RERF-LC-Ad1
FOXA1	CIS-BP2.00|000890|M07960_2.00	0.1	0.0634	1828.0	3584.0	12987.1	26382.0	0.10255985483291062	FALSE	cell_line	RERF-LC-Ad1	RERF-LC-Ad1
CREB3L2	JASPAR2024|000025|MA0608.1	0.1	0.0653	1931.0	3584.0	13755.9	26382.0	0.1005618735479732	FALSE	cell_line	RERF-LC-Ad1	RERF-LC-Ad1
CEBPB	JASPAR2024|000235|MA0466.4	0.1	0.0753	272.0	3584.0	1777.3	26382.0	0.18720598645823755	FALSE	cell_line	RERF-LC-Ad1	RERF-LC-Ad1
FOXA2	CIS-BP2.00|000889|M07959_2.00	0.1	0.1084	2118.0	3584.0	15197.5	26382.0	0.08834983111975853	FALSE	cell_line	RERF-LC-Ad1	RERF-LC-Ad1
GATA6	CIS-BP2.00|000947|M08124_2.00	0.1	0.1096	2692.0	3584.0	19472.9	26382.0	0.09819157388041758	FALSE	cell_line	RERF-LC-Ad1	RERF-LC-Ad1
ZNF141	CIS-BP2.00|000653|M07586_2.00	0.1	0.1096	2568.0	3584.0	18550.6	26382.0	0.09324537296100385	FALSE	cell_line	RERF-LC-Ad1	RERF-LC-Ad1
FOXA1	JASPAR2024|000356|MA0148.5	0.1	0.2438	2879.0	3584.0	20958.4	26382.0	0.07899301486922398	FALSE	cell_line	RERF-LC-Ad1	RERF-LC-Ad1
ETV1	JASPAR2024|000311|MA0761.3	1.0	0.3111	3561.0	3584.0	26163.3	26382.0	0.3444999403856602	FALSE	cell_line	RERF-LC-Ad1	RERF-LC-Ad1
NKX2-1	JASPAR2024|000822|MA1994.2	1.0	0.3264	3410.0	3584.0	24992.4	26382.0	0.12042658509150271	FALSE	cell_line	RERF-LC-Ad1	RERF-LC-Ad1
ELF3	JASPAR2024|000276|MA0640.3	1.0	0.3264	3572.0	3584.0	26258.0	26382.0	0.43836715317297764	FALSE	cell_line	RERF-LC-Ad1	RERF-LC-Ad1
CEBPA	JASPAR2024|000234|MA0102.5	1.0	0.3264	2570.0	3584.0	18709.4	26382.0	0.055359761378704894	FALSE	cell_line	RERF-LC-Ad1	RERF-LC-Ad1
CEBPB	CIS-BP2.00|000866|M07830_2.00	1.0	0.3727	1593.0	3584.0	11530.7	26382.0	0.04343867639720378	FALSE	cell_line	RERF-LC-Ad1	RERF-LC-Ad1
ZNF19	CIS-BP2.00|000670|M07603_2.00	1.0	0.5026	3566.0	3584.0	26222.7	26382.0	0.23240736364809608	FALSE	cell_line	RERF-LC-Ad1	RERF-LC-Ad1
HNF4A	JASPAR2024|000410|MA0114.5	1.0	0.5047	3429.0	3584.0	25181.2	26382.0	0.07330447306598235	FALSE	cell_line	RERF-LC-Ad1	RERF-LC-Ad1
ETV1	JASPAR2024|000652|MA1966.2	1.0	0.559	3463.0	3584.0	25447.5	26382.0	0.0667603531249761	FALSE	cell_line	RERF-LC-Ad1	RERF-LC-Ad1
CEBPA	CIS-BP2.00|000926|M08076_2.00	1.0	0.559	1336.0	3584.0	9735.5	26382.0	0.023358089232621764	FALSE	cell_line	RERF-LC-Ad1	RERF-LC-Ad1
FOXD2	CIS-BP2.00|000235|M03042_2.00	1.0	0.7301	1362.0	3584.0	9996.0	26382.0	0.007085583934707683	FALSE	cell_line	RERF-LC-Ad1	RERF-LC-Ad1
E2F5	CIS-BP2.00|000940|M08109_2.00	1.0	0.7933	3099.0	3584.0	22809.0	26382.0	0.00026717448771866435	FALSE	cell_line	RERF-LC-Ad1	RERF-LC-Ad1
ZNF33B	CIS-BP2.00|000777|M07710_2.00	1.0	0.7933	1214.0	3584.0	8939.4	26382.0	-0.0005030423147009925	FALSE	cell_line	RERF-LC-Ad1	RERF-LC-Ad1
ZNF341	JASPAR2024|000712|MA1655.2	1.0	0.8193	3582.0	3584.0	26362.1	26382.0	0.14911509926092562	FALSE	cell_line	RERF-LC-Ad1	RERF-LC-Ad1
ZNF540	CIS-BP2.00|000701|M07634_2.00	1.0	0.8193	813.0	3584.0	6010.7	26382.0	-0.007604224049985445	FALSE	cell_line	RERF-LC-Ad1	RERF-LC-Ad1
FOXD2	JASPAR2024|000361|MA0847.4	1.0	0.8984	1268.0	3584.0	9411.3	26382.0	-0.018277153213900575	FALSE	cell_line	RERF-LC-Ad1	RERF-LC-Ad1
ZNF281	JASPAR2024|000706|MA1630.3	1.0	0.9262	2832.0	3584.0	20929.5	26382.0	-0.02813778196298456	FALSE	cell_line	RERF-LC-Ad1	RERF-LC-Ad1
ZNF254	CIS-BP2.00|000827|M07760_2.00	1.0	1.0	519.0	3584.0	3946.8	26382.0	-0.05406862844086016	FALSE	cell_line	RERF-LC-Ad1	RERF-LC-Ad1
ETV1	CIS-BP2.00|000457|M04708_2.00	1.0	1.0	3574.0	3584.0	26320.7	26382.0	-0.3231943963431717	FALSE	cell_line	RERF-LC-Ad1	RERF-LC-Ad1
HNF4A	JASPAR2024|000409|MA1494.2	1.0	1.0	357.0	3584.0	2758.7	26382.0	-0.07648283982837735	FALSE	cell_line	RERF-LC-Ad1	RERF-LC-Ad1
NFATC4	CIS-BP2.00|000101|M01306_2.00	1.0	1.0	3584.0	3584.0	26380.5	26382.0	-0.8796554552139185	FALSE	cell_line	RERF-LC-Ad1	RERF-LC-Ad1
NR3C2	CIS-BP2.00|000154|M02395_2.00	1.0	1.0	3584.0	3584.0	26380.5	26382.0	-0.8796554552139185	FALSE	cell_line	RERF-LC-Ad1	RERF-LC-Ad1
ZNF341	CIS-BP2.00|001017|M08310_2.00	1.0	1.0	3573.0	3584.0	26320.0	26382.0	-0.4385548736424899	FALSE	cell_line	RERF-LC-Ad1	RERF-LC-Ad1
ZNF281	CIS-BP2.00|001020|M08321_2.00	1.0	1.0	2809.0	3584.0	20922.7	26382.0	-0.08106879139255832	FALSE	cell_line	RERF-LC-Ad1	RERF-LC-Ad1
NR3C2	JASPAR2024|000539|MA0727.2	1.0	1.0	215.0	3584.0	1731.6	26382.0	-0.1357285605377434	FALSE	cell_line	RERF-LC-Ad1	RERF-LC-Ad1
ZBTB18	JASPAR2024|000681|MA0698.2	1.0	1.0	1867.0	3584.0	14100.6	26382.0	-0.07847580321039131	FALSE	cell_line	RERF-LC-Ad1	RERF-LC-Ad1
HNF4A	CIS-BP2.00|000974|M08219_2.00	1.0	1.0	3202.0	3584.0	23814.6	26382.0	-0.14754876220051627	FALSE	cell_line	RERF-LC-Ad1	RERF-LC-Ad1
ZNF444	CIS-BP2.00|000420|M04529_2.00	1.0	1.0	1100.0	3584.0	8522.9	26382.0	-0.10759757185342005	FALSE	cell_line	RERF-LC-Ad1	RERF-LC-Ad1
ZBTB18	CIS-BP2.00|000988|M08257_2.00	1.0	1.0	3063.0	3584.0	22989.1	26382.0	-0.20573626699003353	FALSE	cell_line	RERF-LC-Ad1	RERF-LC-Ad1
ELF3	CIS-BP2.00|000227|M03002_2.00	1e-16	0.0	1663.0	3584.0	10454.2	26406.0	0.40160167228314475	TRUE	cell_line	RERF-LC-Ad2	RERF-LC-Ad2
XBP1	JASPAR2024|000675|MA0844.2	1e-10	0.0	1909.0	3584.0	12658.0	26406.0	0.30777099934896995	TRUE	cell_line	RERF-LC-Ad2	RERF-LC-Ad2
NFATC4	JASPAR2024|000506|MA1525.3	1e-07	0.0	2691.0	3584.0	18794.2	26406.0	0.28694922795030214	TRUE	cell_line	RERF-LC-Ad2	RERF-LC-Ad2
ZNF75D	CIS-BP2.00|000750|M07683_2.00	1e-05	0.0	2274.0	3584.0	15757.1	26406.0	0.23015641221911007	TRUE	cell_line	RERF-LC-Ad2	RERF-LC-Ad2
ZNF75D	JASPAR2024|000169|MA1601.2	0.0001	0.0002	2521.0	3584.0	17716.4	26406.0	0.21778068424019517	FALSE	cell_line	RERF-LC-Ad2	RERF-LC-Ad2
CEBPB	JASPAR2024|000235|MA0466.4	0.001	0.0008	305.0	3584.0	1816.6	26406.0	0.3341245556880842	FALSE	cell_line	RERF-LC-Ad2	RERF-LC-Ad2
XBP1	CIS-BP2.00|000375|M04231_2.00	0.001	0.006	3370.0	3584.0	24474.4	26406.0	0.3108517781608421	FALSE	cell_line	RERF-LC-Ad2	RERF-LC-Ad2
CREB3L2	CIS-BP2.00|000117|M01812_2.00	0.01	0.0063	1922.0	3584.0	13479.6	26406.0	0.14917440252298605	FALSE	cell_line	RERF-LC-Ad2	RERF-LC-Ad2
CEBPA	JASPAR2024|000234|MA0102.5	0.01	0.0132	2607.0	3584.0	18642.2	26406.0	0.15181559393183677	FALSE	cell_line	RERF-LC-Ad2	RERF-LC-Ad2
FOXA2	JASPAR2024|000357|MA0047.4	0.01	0.0183	2805.0	3584.0	20166.0	26406.0	0.15540979638815028	FALSE	cell_line	RERF-LC-Ad2	RERF-LC-Ad2
ELF3	JASPAR2024|000276|MA0640.3	0.01	0.0259	3578.0	3584.0	26290.0	26406.0	1.2866317314903197	FALSE	cell_line	RERF-LC-Ad2	RERF-LC-Ad2
ZNF33A	CIS-BP2.00|000762|M07695_2.00	0.01	0.0372	3241.0	3584.0	23556.3	26406.0	0.1912710572861495	FALSE	cell_line	RERF-LC-Ad2	RERF-LC-Ad2
CREB3L2	JASPAR2024|000025|MA0608.1	0.1	0.0406	1888.0	3584.0	13402.6	26406.0	0.11105700069624268	FALSE	cell_line	RERF-LC-Ad2	RERF-LC-Ad2
NKX2-1	JASPAR2024|000822|MA1994.2	0.1	0.0562	3415.0	3584.0	24944.9	26406.0	0.23958625473576206	FALSE	cell_line	RERF-LC-Ad2	RERF-LC-Ad2
ETV1	JASPAR2024|000311|MA0761.3	0.1	0.0562	3566.0	3584.0	26187.2	26406.0	0.6910001578653135	FALSE	cell_line	RERF-LC-Ad2	RERF-LC-Ad2
GATA6	CIS-BP2.00|000947|M08124_2.00	0.1	0.0562	2699.0	3584.0	19472.9	26406.0	0.11829972306383313	FALSE	cell_line	RERF-LC-Ad2	RERF-LC-Ad2
GATA6	JASPAR2024|000382|MA1104.3	0.1	0.0562	2976.0	3584.0	21563.7	26406.0	0.13556285935963797	FALSE	cell_line	RERF-LC-Ad2	RERF-LC-Ad2
FOXA3	JASPAR2024|000358|MA1683.2	0.1	0.08	3181.0	3584.0	23162.8	26406.0	0.14293803927293852	FALSE	cell_line	RERF-LC-Ad2	RERF-LC-Ad2
FOXA1	JASPAR2024|000356|MA0148.5	0.1	0.08	2894.0	3584.0	20989.9	26406.0	0.11333063866928424	FALSE	cell_line	RERF-LC-Ad2	RERF-LC-Ad2
FOXA2	CIS-BP2.00|000889|M07959_2.00	0.1	0.1818	2083.0	3584.0	15031.5	26406.0	0.07043419858612675	FALSE	cell_line	RERF-LC-Ad2	RERF-LC-Ad2
CEBPB	CIS-BP2.00|000866|M07830_2.00	0.1	0.2065	1617.0	3584.0	11618.6	26406.0	0.06532094540505905	FALSE	cell_line	RERF-LC-Ad2	RERF-LC-Ad2
ETV1	CIS-BP2.00|000457|M04708_2.00	0.1	0.2065	3581.0	3584.0	26353.8	26406.0	1.0329736088898946	FALSE	cell_line	RERF-LC-Ad2	RERF-LC-Ad2
ZNF341	CIS-BP2.00|001017|M08310_2.00	1.0	0.2243	3579.0	3584.0	26336.6	26406.0	0.7885224186720254	FALSE	cell_line	RERF-LC-Ad2	RERF-LC-Ad2
E2F5	CIS-BP2.00|000940|M08109_2.00	1.0	0.3601	3150.0	3584.0	23070.6	26406.0	0.06821388301193834	FALSE	cell_line	RERF-LC-Ad2	RERF-LC-Ad2
FOXA1	CIS-BP2.00|000890|M07960_2.00	1.0	0.3601	1778.0	3584.0	12902.1	26406.0	0.04323144991793515	FALSE	cell_line	RERF-LC-Ad2	RERF-LC-Ad2
ZNF540	CIS-BP2.00|000701|M07634_2.00	1.0	0.5408	818.0	3584.0	5926.1	26406.0	0.03195969566701105	FALSE	cell_line	RERF-LC-Ad2	RERF-LC-Ad2
FOXD2	JASPAR2024|000361|MA0847.4	1.0	0.5521	1323.0	3584.0	9642.8	26406.0	0.02481997178894831	FALSE	cell_line	RERF-LC-Ad2	RERF-LC-Ad2
CEBPA	CIS-BP2.00|000926|M08076_2.00	1.0	0.6992	1339.0	3584.0	9816.2	26406.0	0.01168780151765297	FALSE	cell_line	RERF-LC-Ad2	RERF-LC-Ad2
ZNF19	CIS-BP2.00|000670|M07603_2.00	1.0	0.6992	3564.0	3584.0	26244.1	26406.0	0.1056068344818249	FALSE	cell_line	RERF-LC-Ad2	RERF-LC-Ad2
NR3C2	JASPAR2024|000539|MA0727.2	1.0	0.734	235.0	3584.0	1720.7	26406.0	0.012047962237878908	FALSE	cell_line	RERF-LC-Ad2	RERF-LC-Ad2
ETV1	JASPAR2024|000652|MA1966.2	1.0	0.7464	3457.0	3584.0	25461.5	26406.0	0.009272493624503341	FALSE	cell_line	RERF-LC-Ad2	RERF-LC-Ad2
FOXD2	CIS-BP2.00|000235|M03042_2.00	1.0	1.0	1368.0	3584.0	10184.3	26406.0	-0.02413609177201451	FALSE	cell_line	RERF-LC-Ad2	RERF-LC-Ad2
ZNF141	CIS-BP2.00|000653|M07586_2.00	1.0	1.0	2492.0	3584.0	18476.4	26406.0	-0.030351537220993218	FALSE	cell_line	RERF-LC-Ad2	RERF-LC-Ad2
FOXA3	CIS-BP2.00|000469|M04831_2.00	1.0	1.0	111.0	3584.0	880.3	26406.0	-0.1042539766553449	FALSE	cell_line	RERF-LC-Ad2	RERF-LC-Ad2
HNF4A	JASPAR2024|000410|MA0114.5	1.0	1.0	3402.0	3584.0	25141.5	26406.0	-0.09226333541228345	FALSE	cell_line	RERF-LC-Ad2	RERF-LC-Ad2
ZNF281	JASPAR2024|000706|MA1630.3	1.0	1.0	2832.0	3584.0	21033.9	26406.0	-0.056745861342449896	FALSE	cell_line	RERF-LC-Ad2	RERF-LC-Ad2
ZNF281	CIS-BP2.00|001020|M08321_2.00	1.0	1.0	2826.0	3584.0	21006.5	26406.0	-0.062043222309315804	FALSE	cell_line	RERF-LC-Ad2	RERF-LC-Ad2
ZBTB18	JASPAR2024|000681|MA0698.2	1.0	1.0	1828.0	3584.0	13704.7	26406.0	-0.051733372477925525	FALSE	cell_line	RERF-LC-Ad2	RERF-LC-Ad2
NFATC4	CIS-BP2.00|000101|M01306_2.00	1.0	1.0	3584.0	3584.0	26403.0	26406.0	-0.07353046392712863	FALSE	cell_line	RERF-LC-Ad2	RERF-LC-Ad2
NR3C2	CIS-BP2.00|000154|M02395_2.00	1.0	1.0	3584.0	3584.0	26403.0	26406.0	-0.07353046392712863	FALSE	cell_line	RERF-LC-Ad2	RERF-LC-Ad2
ZNF33B	CIS-BP2.00|000777|M07710_2.00	1.0	1.0	1200.0	3584.0	9110.5	26406.0	-0.06529426531790679	FALSE	cell_line	RERF-LC-Ad2	RERF-LC-Ad2
HNF4A	JASPAR2024|000409|MA1494.2	1.0	1.0	350.0	3584.0	2780.0	26406.0	-0.11906667954768761	FALSE	cell_line	RERF-LC-Ad2	RERF-LC-Ad2
ZNF341	JASPAR2024|000712|MA1655.2	1.0	1.0	3579.0	3584.0	26383.2	26406.0	-0.798990483652135	FALSE	cell_line	RERF-LC-Ad2	RERF-LC-Ad2
ZNF444	CIS-BP2.00|000420|M04529_2.00	1.0	1.0	1128.0	3584.0	8645.2	26406.0	-0.08351532172161284	FALSE	cell_line	RERF-LC-Ad2	RERF-LC-Ad2
ZBTB18	CIS-BP2.00|000988|M08257_2.00	1.0	1.0	3071.0	3584.0	22888.5	26406.0	-0.12131984464229265	FALSE	cell_line	RERF-LC-Ad2	RERF-LC-Ad2
HNF4A	CIS-BP2.00|000974|M08219_2.00	1.0	1.0	3202.0	3584.0	23829.7	26406.0	-0.14347167110764564	FALSE	cell_line	RERF-LC-Ad2	RERF-LC-Ad2
ZNF254	CIS-BP2.00|000827|M07760_2.00	1.0	1.0	470.0	3584.0	3919.4	26406.0	-0.2065250808167233	FALSE	cell_line	RERF-LC-Ad2	RERF-LC-Ad2
ELF3	CIS-BP2.00|000227|M03002_2.00	1e-34	0.0	1781.0	3584.0	10219.5	25872.0	0.5973370496845252	TRUE	cell_line	RERF-LC-KJ	RERF-LC-KJ
XBP1	JASPAR2024|000675|MA0844.2	1e-11	0.0	1931.0	3584.0	12460.5	25872.0	0.33030317045044955	TRUE	cell_line	RERF-LC-KJ	RERF-LC-KJ
NFATC4	JASPAR2024|000506|MA1525.3	1e-11	0.0	2728.0	3584.0	18382.4	25872.0	0.3762754001954492	TRUE	cell_line	RERF-LC-KJ	RERF-LC-KJ
FOXA3	CIS-BP2.00|000469|M04831_2.00	1e-06	0.0	180.0	3584.0	887.7	25872.0	0.5766500970434658	TRUE	cell_line	RERF-LC-KJ	RERF-LC-KJ
XBP1	CIS-BP2.00|000375|M04231_2.00	1e-05	0.0001	3394.0	3584.0	24041.9	25872.0	0.44014375504264214	FALSE	cell_line	RERF-LC-KJ	RERF-LC-KJ
CEBPB	JASPAR2024|000235|MA0466.4	0.001	0.0016	307.0	3584.0	1811.0	25872.0	0.31753240750512846	FALSE	cell_line	RERF-LC-KJ	RERF-LC-KJ
FOXA1	CIS-BP2.00|000890|M07960_2.00	0.001	0.0052	1842.0	3584.0	12611.2	25872.0	0.1529654149076666	FALSE	cell_line	RERF-LC-KJ	RERF-LC-KJ
FOXA2	CIS-BP2.00|000889|M07959_2.00	0.01	0.0099	2128.0	3584.0	14733.0	25872.0	0.1439156780639567	FALSE	cell_line	RERF-LC-KJ	RERF-LC-KJ
ELF3	JASPAR2024|000276|MA0640.3	0.01	0.0124	3578.0	3584.0	25753.1	25872.0	1.3518720776349389	FALSE	cell_line	RERF-LC-KJ	RERF-LC-KJ
CEBPB	CIS-BP2.00|000866|M07830_2.00	0.01	0.0275	1656.0	3584.0	11410.5	25872.0	0.12250091145619581	FALSE	cell_line	RERF-LC-KJ	RERF-LC-KJ
CREB3L2	CIS-BP2.00|000117|M01812_2.00	0.01	0.0275	1912.0	3584.0	13262.1	25872.0	0.12070394629996119	FALSE	cell_line	RERF-LC-KJ	RERF-LC-KJ
ZNF75D	CIS-BP2.00|000750|M07683_2.00	0.01	0.0275	2193.0	3584.0	15303.7	25872.0	0.12247774509067542	FALSE	cell_line	RERF-LC-KJ	RERF-LC-KJ
ETV1	CIS-BP2.00|000457|M04708_2.00	0.01	0.0275	3583.0	3584.0	25824.0	25872.0	2.1656511844142687	FALSE	cell_line	RERF-LC-KJ	RERF-LC-KJ
CREB3L2	JASPAR2024|000025|MA0608.1	0.1	0.0496	1891.0	3584.0	13178.4	25872.0	0.10545094411713767	FALSE	cell_line	RERF-LC-KJ	RERF-LC-KJ
E2F5	CIS-BP2.00|000940|M08109_2.00	0.1	0.0496	3177.0	3584.0	22625.6	25872.0	0.1621670856257331	FALSE	cell_line	RERF-LC-KJ	RERF-LC-KJ
FOXA3	JASPAR2024|000358|MA1683.2	0.1	0.128	3179.0	3584.0	22706.8	25872.0	0.1284663649147246	FALSE	cell_line	RERF-LC-KJ	RERF-LC-KJ
ZNF75D	JASPAR2024|000169|MA1601.2	0.1	0.1289	2428.0	3584.0	17183.5	25872.0	0.08649637670961476	FALSE	cell_line	RERF-LC-KJ	RERF-LC-KJ
GATA6	JASPAR2024|000382|MA1104.3	0.1	0.1289	2957.0	3584.0	21065.9	25872.0	0.10483566286477802	FALSE	cell_line	RERF-LC-KJ	RERF-LC-KJ
FOXA1	JASPAR2024|000356|MA0148.5	0.1	0.1289	2891.0	3584.0	20580.0	25872.0	0.10059355109936394	FALSE	cell_line	RERF-LC-KJ	RERF-LC-KJ
ETV1	JASPAR2024|000311|MA0761.3	0.1	0.139	3562.0	3584.0	25651.4	25872.0	0.4485983497027197	FALSE	cell_line	RERF-LC-KJ	RERF-LC-KJ
ETV1	JASPAR2024|000652|MA1966.2	0.1	0.1467	3471.0	3584.0	24934.0	25872.0	0.203152250494702	FALSE	cell_line	RERF-LC-KJ	RERF-LC-KJ
FOXA2	JASPAR2024|000357|MA0047.4	0.1	0.1758	2773.0	3584.0	19761.0	25872.0	0.07995068862755644	FALSE	cell_line	RERF-LC-KJ	RERF-LC-KJ
ZNF341	JASPAR2024|000712|MA1655.2	0.1	0.1758	3584.0	3584.0	25856.8	25872.0	2.121964813442288	FALSE	cell_line	RERF-LC-KJ	RERF-LC-KJ
CEBPA	JASPAR2024|000234|MA0102.5	0.1	0.1758	2564.0	3584.0	18239.1	25872.0	0.07272499534073078	FALSE	cell_line	RERF-LC-KJ	RERF-LC-KJ
FOXD2	CIS-BP2.00|000235|M03042_2.00	1.0	0.3878	1424.0	3584.0	10104.4	25872.0	0.041044177105538635	FALSE	cell_line	RERF-LC-KJ	RERF-LC-KJ
ZNF19	CIS-BP2.00|000670|M07603_2.00	1.0	0.4449	3565.0	3584.0	25709.8	25872.0	0.21049808671585965	FALSE	cell_line	RERF-LC-KJ	RERF-LC-KJ
CEBPA	CIS-BP2.00|000926|M08076_2.00	1.0	0.4449	1357.0	3584.0	9651.1	25872.0	0.03458507309221022	FALSE	cell_line	RERF-LC-KJ	RERF-LC-KJ
ZNF281	JASPAR2024|000706|MA1630.3	1.0	0.5187	2860.0	3584.0	20556.4	25872.0	0.030027176526385178	FALSE	cell_line	RERF-LC-KJ	RERF-LC-KJ
FOXD2	JASPAR2024|000361|MA0847.4	1.0	0.6605	1332.0	3584.0	9564.3	25872.0	0.01239927463087498	FALSE	cell_line	RERF-LC-KJ	RERF-LC-KJ
NR3C2	JASPAR2024|000539|MA0727.2	1.0	0.6747	233.0	3584.0	1661.6	25872.0	0.021265141963499084	FALSE	cell_line	RERF-LC-KJ	RERF-LC-KJ
HNF4A	JASPAR2024|000410|MA0114.5	1.0	0.7197	3409.0	3584.0	24600.6	25872.0	0.006351576213247762	FALSE	cell_line	RERF-LC-KJ	RERF-LC-KJ
NKX2-1	JASPAR2024|000822|MA1994.2	1.0	0.7197	3381.0	3584.0	24398.8	25872.0	0.005237666845085334	FALSE	cell_line	RERF-LC-KJ	RERF-LC-KJ
ZNF540	CIS-BP2.00|000701|M07634_2.00	1.0	0.7197	818.0	3584.0	5896.0	25872.0	0.003365465071245547	FALSE	cell_line	RERF-LC-KJ	RERF-LC-KJ
ZNF281	CIS-BP2.00|001020|M08321_2.00	1.0	0.7473	2843.0	3584.0	20538.8	25872.0	-0.006029221232252924	FALSE	cell_line	RERF-LC-KJ	RERF-LC-KJ
ZNF33A	CIS-BP2.00|000762|M07695_2.00	1.0	0.7596	3183.0	3584.0	22997.5	25872.0	-0.012732671436051985	FALSE	cell_line	RERF-LC-KJ	RERF-LC-KJ
GATA6	CIS-BP2.00|000947|M08124_2.00	1.0	0.7596	2628.0	3584.0	19003.9	25872.0	-0.009842641244061522	FALSE	cell_line	RERF-LC-KJ	RERF-LC-KJ
ZNF141	CIS-BP2.00|000653|M07586_2.00	1.0	0.7695	2503.0	3584.0	18119.9	25872.0	-0.013949877236146154	FALSE	cell_line	RERF-LC-KJ	RERF-LC-KJ
ZNF444	CIS-BP2.00|000420|M04529_2.00	1.0	0.8432	1156.0	3584.0	8438.3	25872.0	-0.023489822385859383	FALSE	cell_line	RERF-LC-KJ	RERF-LC-KJ
HNF4A	JASPAR2024|000409|MA1494.2	1.0	0.9565	363.0	3584.0	2726.1	25872.0	-0.06209247285685165	FALSE	cell_line	RERF-LC-KJ	RERF-LC-KJ
HNF4A	CIS-BP2.00|000974|M08219_2.00	1.0	0.9594	3208.0	3584.0	23273.3	25872.0	-0.07139001706038484	FALSE	cell_line	RERF-LC-KJ	RERF-LC-KJ
NFATC4	CIS-BP2.00|000101|M01306_2.00	1.0	0.9743	3584.0	3584.0	25874.8	25872.0	-2.851731792104551	FALSE	cell_line	RERF-LC-KJ	RERF-LC-KJ
NR3C2	CIS-BP2.00|000154|M02395_2.00	1.0	0.9743	3584.0	3584.0	25874.8	25872.0	-2.851731792104551	FALSE	cell_line	RERF-LC-KJ	RERF-LC-KJ
ZNF341	CIS-BP2.00|001017|M08310_2.00	1.0	0.9956	3570.0	3584.0	25801.4	25872.0	-0.5594826237681995	FALSE	cell_line	RERF-LC-KJ	RERF-LC-KJ
ZNF254	CIS-BP2.00|000827|M07760_2.00	1.0	1.0	476.0	3584.0	3781.6	25872.0	-0.1594776774963916	FALSE	cell_line	RERF-LC-KJ	RERF-LC-KJ
ZBTB18	CIS-BP2.00|000988|M08257_2.00	1.0	1.0	3034.0	3584.0	22341.0	25872.0	-0.19872869775186058	FALSE	cell_line	RERF-LC-KJ	RERF-LC-KJ
ZBTB18	JASPAR2024|000681|MA0698.2	1.0	1.0	1728.0	3584.0	13251.4	25872.0	-0.1734262786572969	FALSE	cell_line	RERF-LC-KJ	RERF-LC-KJ
ZNF33B	CIS-BP2.00|000777|M07710_2.00	1.0	1.0	1124.0	3584.0	8958.4	25872.0	-0.21283495198813043	FALSE	cell_line	RERF-LC-KJ	RERF-LC-KJ
ELF3	CIS-BP2.00|000227|M03002_2.00	1e-14	0.0	1670.0	3584.0	10563.1	26362.0	0.38408051522332454	TRUE	cell_line	RERF-LC-MS	RERF-LC-MS
NFATC4	JASPAR2024|000506|MA1525.3	1e-08	0.0	2722.0	3584.0	18890.1	26362.0	0.320310752126329	TRUE	cell_line	RERF-LC-MS	RERF-LC-MS
XBP1	JASPAR2024|000675|MA0844.2	0.0001	0.0002	1815.0	3584.0	12421.5	26362.0	0.2034617461601514	FALSE	cell_line	RERF-LC-MS	RERF-LC-MS
E2F5	CIS-BP2.00|000940|M08109_2.00	0.0001	0.0008	3228.0	3584.0	23205.0	26362.0	0.3012779013897256	FALSE	cell_line	RERF-LC-MS	RERF-LC-MS
ETV1	JASPAR2024|000652|MA1966.2	0.01	0.0271	3484.0	3584.0	25401.5	26362.0	0.3914223990153081	FALSE	cell_line	RERF-LC-MS	RERF-LC-MS
ZNF75D	CIS-BP2.00|000750|M07683_2.00	0.01	0.0271	2226.0	3584.0	15784.6	26362.0	0.13525288773105976	FALSE	cell_line	RERF-LC-MS	RERF-LC-MS
CEBPB	CIS-BP2.00|000866|M07830_2.00	0.01	0.0271	1661.0	3584.0	11633.8	26362.0	0.12899815188532662	FALSE	cell_line	RERF-LC-MS	RERF-LC-MS
CEBPA	JASPAR2024|000234|MA0102.5	0.1	0.0823	2578.0	3584.0	18517.8	26362.0	0.11802339083721035	FALSE	cell_line	RERF-LC-MS	RERF-LC-MS
CEBPB	JASPAR2024|000235|MA0466.4	0.1	0.1302	284.0	3584.0	1861.6	26362.0	0.18164824792351328	FALSE	cell_line	RERF-LC-MS	RERF-LC-MS
ZNF141	CIS-BP2.00|000653|M07586_2.00	0.1	0.1302	2577.0	3584.0	18560.1	26362.0	0.10493910725489627	FALSE	cell_line	RERF-LC-MS	RERF-LC-MS
ZNF75D	JASPAR2024|000169|MA1601.2	0.1	0.1553	2459.0	3584.0	17712.8	26362.0	0.09368798738731028	FALSE	cell_line	RERF-LC-MS	RERF-LC-MS
FOXA2	JASPAR2024|000357|MA0047.4	0.1	0.1553	2768.0	3584.0	20021.0	26362.0	0.10292570354965622	FALSE	cell_line	RERF-LC-MS	RERF-LC-MS
FOXA2	CIS-BP2.00|000889|M07959_2.00	0.1	0.2429	2061.0	3584.0	14828.8	26362.0	0.07370986499603278	FALSE	cell_line	RERF-LC-MS	RERF-LC-MS
ELF3	JASPAR2024|000276|MA0640.3	0.1	0.2429	3575.0	3584.0	26250.1	26362.0	0.6884372220264469	FALSE	cell_line	RERF-LC-MS	RERF-LC-MS
ETV1	JASPAR2024|000311|MA0761.3	0.1	0.2521	3563.0	3584.0	26148.4	26362.0	0.4404928020605023	FALSE	cell_line	RERF-LC-MS	RERF-LC-MS
ZNF341	CIS-BP2.00|001017|M08310_2.00	0.1	0.2765	3579.0	3584.0	26291.0	26362.0	0.8236732490572463	FALSE	cell_line	RERF-LC-MS	RERF-LC-MS
HNF4A	JASPAR2024|000410|MA0114.5	1.0	0.3043	3422.0	3584.0	25048.0	26362.0	0.14440075338875977	FALSE	cell_line	RERF-LC-MS	RERF-LC-MS
ZNF33A	CIS-BP2.00|000762|M07695_2.00	1.0	0.3193	3187.0	3584.0	23272.9	26362.0	0.0902085621995626	FALSE	cell_line	RERF-LC-MS	RERF-LC-MS
CEBPA	CIS-BP2.00|000926|M08076_2.00	1.0	0.379	1368.0	3584.0	9840.9	26362.0	0.05173001295807986	FALSE	cell_line	RERF-LC-MS	RERF-LC-MS
XBP1	CIS-BP2.00|000375|M04231_2.00	1.0	0.4475	3333.0	3584.0	24409.0	26362.0	0.08509783910109434	FALSE	cell_line	RERF-LC-MS	RERF-LC-MS
ZNF341	JASPAR2024|000712|MA1655.2	1.0	0.4962	3583.0	3584.0	26339.8	26362.0	1.0418273742032396	FALSE	cell_line	RERF-LC-MS	RERF-LC-MS
GATA6	JASPAR2024|000382|MA1104.3	1.0	0.5306	2951.0	3584.0	21585.8	26362.0	0.044002014415223466	FALSE	cell_line	RERF-LC-MS	RERF-LC-MS
ETV1	CIS-BP2.00|000457|M04708_2.00	1.0	0.5306	3580.0	3584.0	26314.9	26362.0	0.5252903149451794	FALSE	cell_line	RERF-LC-MS	RERF-LC-MS
FOXA1	CIS-BP2.00|000890|M07960_2.00	1.0	0.5306	1748.0	3584.0	12707.7	26362.0	0.03280738297603164	FALSE	cell_line	RERF-LC-MS	RERF-LC-MS
NKX2-1	JASPAR2024|000822|MA1994.2	1.0	0.5628	3379.0	3584.0	24793.4	26362.0	0.05762349921233675	FALSE	cell_line	RERF-LC-MS	RERF-LC-MS
FOXA3	JASPAR2024|000358|MA1683.2	1.0	0.5628	3146.0	3584.0	23059.4	26362.0	0.0396054908165096	FALSE	cell_line	RERF-LC-MS	RERF-LC-MS
FOXA1	JASPAR2024|000356|MA0148.5	1.0	0.5628	2854.0	3584.0	20896.7	26362.0	0.03147681059658124	FALSE	cell_line	RERF-LC-MS	RERF-LC-MS
GATA6	CIS-BP2.00|000947|M08124_2.00	1.0	0.6027	2665.0	3584.0	19527.0	26362.0	0.02109621811376582	FALSE	cell_line	RERF-LC-MS	RERF-LC-MS
FOXD2	CIS-BP2.00|000235|M03042_2.00	1.0	0.8693	1397.0	3584.0	10291.5	26362.0	-0.0034983941695054263	FALSE	cell_line	RERF-LC-MS	RERF-LC-MS
ZNF444	CIS-BP2.00|000420|M04529_2.00	1.0	0.8912	1223.0	3584.0	9028.5	26362.0	-0.0077229414138422735	FALSE	cell_line	RERF-LC-MS	RERF-LC-MS
ZNF540	CIS-BP2.00|000701|M07634_2.00	1.0	1.0	801.0	3584.0	5983.0	26362.0	-0.028068530774049236	FALSE	cell_line	RERF-LC-MS	RERF-LC-MS
ZNF281	JASPAR2024|000706|MA1630.3	1.0	1.0	2876.0	3584.0	21246.6	26362.0	-0.032731261019413344	FALSE	cell_line	RERF-LC-MS	RERF-LC-MS
ZNF281	CIS-BP2.00|001020|M08321_2.00	1.0	1.0	2871.0	3584.0	21222.2	26362.0	-0.036864517886784194	FALSE	cell_line	RERF-LC-MS	RERF-LC-MS
NR3C2	JASPAR2024|000539|MA0727.2	1.0	1.0	220.0	3584.0	1693.4	26362.0	-0.067257089605068	FALSE	cell_line	RERF-LC-MS	RERF-LC-MS
CREB3L2	CIS-BP2.00|000117|M01812_2.00	1.0	1.0	1785.0	3584.0	13296.6	26362.0	-0.03657310394911168	FALSE	cell_line	RERF-LC-MS	RERF-LC-MS
ZNF19	CIS-BP2.00|000670|M07603_2.00	1.0	1.0	3558.0	3584.0	26198.2	26362.0	-0.24788586930178125	FALSE	cell_line	RERF-LC-MS	RERF-LC-MS
CREB3L2	JASPAR2024|000025|MA0608.1	1.0	1.0	1766.0	3584.0	13208.9	26362.0	-0.04796241045329419	FALSE	cell_line	RERF-LC-MS	RERF-LC-MS
NFATC4	CIS-BP2.00|000101|M01306_2.00	1.0	1.0	3584.0	3584.0	26361.0	26362.0	-1.2936261656761845	FALSE	cell_line	RERF-LC-MS	RERF-LC-MS
NR3C2	CIS-BP2.00|000154|M02395_2.00	1.0	1.0	3584.0	3584.0	26361.0	26362.0	-1.2936261656761845	FALSE	cell_line	RERF-LC-MS	RERF-LC-MS
ZNF33B	CIS-BP2.00|000777|M07710_2.00	1.0	1.0	1218.0	3584.0	9247.7	26362.0	-0.06964874036966194	FALSE	cell_line	RERF-LC-MS	RERF-LC-MS
FOXA3	CIS-BP2.00|000469|M04831_2.00	1.0	1.0	108.0	3584.0	916.5	26362.0	-0.20749529702507258	FALSE	cell_line	RERF-LC-MS	RERF-LC-MS
FOXD2	JASPAR2024|000361|MA0847.4	1.0	1.0	1263.0	3584.0	9731.9	26362.0	-0.10465891853141038	FALSE	cell_line	RERF-LC-MS	RERF-LC-MS
ZNF254	CIS-BP2.00|000827|M07760_2.00	1.0	1.0	472.0	3584.0	3808.8	26362.0	-0.1539212879231593	FALSE	cell_line	RERF-LC-MS	RERF-LC-MS
HNF4A	JASPAR2024|000409|MA1494.2	1.0	1.0	336.0	3584.0	2786.0	26362.0	-0.19027179182646967	FALSE	cell_line	RERF-LC-MS	RERF-LC-MS
HNF4A	CIS-BP2.00|000974|M08219_2.00	1.0	1.0	3175.0	3584.0	23750.8	26362.0	-0.22989697432776876	FALSE	cell_line	RERF-LC-MS	RERF-LC-MS
ZBTB18	CIS-BP2.00|000988|M08257_2.00	1.0	1.0	3008.0	3584.0	22630.8	26362.0	-0.21676270094506017	FALSE	cell_line	RERF-LC-MS	RERF-LC-MS
ZBTB18	JASPAR2024|000681|MA0698.2	1.0	1.0	1683.0	3584.0	13256.1	26362.0	-0.19211355625550075	FALSE	cell_line	RERF-LC-MS	RERF-LC-MS
ELF3	CIS-BP2.00|000227|M03002_2.00	1e-24	0.0	1728.0	3584.0	10328.8	26070.0	0.5047841508363466	TRUE	cell_line	VMRC-LCD	VMRC-LCD
XBP1	JASPAR2024|000675|MA0844.2	1e-09	0.0	1917.0	3584.0	12611.0	26070.0	0.29542475466192203	TRUE	cell_line	VMRC-LCD	VMRC-LCD
NFATC4	JASPAR2024|000506|MA1525.3	1e-06	0.0	2689.0	3584.0	18579.3	26070.0	0.2761064241901291	TRUE	cell_line	VMRC-LCD	VMRC-LCD
ETV1	JASPAR2024|000652|MA1966.2	1e-05	0.0001	3501.0	3584.0	25124.2	26070.0	0.6593881452307776	FALSE	cell_line	VMRC-LCD	VMRC-LCD
FOXA3	JASPAR2024|000358|MA1683.2	0.0001	0.0002	3215.0	3584.0	22809.0	26070.0	0.31536953150191555	FALSE	cell_line	VMRC-LCD	VMRC-LCD
CREB3L2	CIS-BP2.00|000117|M01812_2.00	0.0001	0.0002	1956.0	3584.0	13344.1	26070.0	0.19629970105509173	FALSE	cell_line	VMRC-LCD	VMRC-LCD
XBP1	CIS-BP2.00|000375|M04231_2.00	0.0001	0.0003	3391.0	3584.0	24247.9	26070.0	0.3976983430101859	FALSE	cell_line	VMRC-LCD	VMRC-LCD
CREB3L2	JASPAR2024|000025|MA0608.1	0.0001	0.0005	1935.0	3584.0	13254.9	26070.0	0.18199834777163673	FALSE	cell_line	VMRC-LCD	VMRC-LCD
ZNF444	CIS-BP2.00|000420|M04529_2.00	0.001	0.0016	1298.0	3584.0	8730.2	26070.0	0.17366471899255792	FALSE	cell_line	VMRC-LCD	VMRC-LCD
E2F5	CIS-BP2.00|000940|M08109_2.00	0.001	0.0022	3213.0	3584.0	22909.0	26070.0	0.2554465089658863	FALSE	cell_line	VMRC-LCD	VMRC-LCD
FOXA2	CIS-BP2.00|000889|M07959_2.00	0.001	0.0022	2131.0	3584.0	14788.5	26070.0	0.16183632204760212	FALSE	cell_line	VMRC-LCD	VMRC-LCD
FOXA1	CIS-BP2.00|000890|M07960_2.00	0.01	0.0053	1829.0	3584.0	12649.3	26070.0	0.14496651392507173	FALSE	cell_line	VMRC-LCD	VMRC-LCD
FOXA2	JASPAR2024|000357|MA0047.4	0.01	0.0057	2803.0	3584.0	19844.0	26070.0	0.17066541644354147	FALSE	cell_line	VMRC-LCD	VMRC-LCD
FOXA3	CIS-BP2.00|000469|M04831_2.00	0.01	0.0081	159.0	3584.0	919.1	26070.0	0.3488021745687196	FALSE	cell_line	VMRC-LCD	VMRC-LCD
CEBPB	JASPAR2024|000235|MA0466.4	0.01	0.0081	302.0	3584.0	1872.8	26070.0	0.2514280978419286	FALSE	cell_line	VMRC-LCD	VMRC-LCD
FOXA1	JASPAR2024|000356|MA0148.5	0.1	0.1089	2890.0	3584.0	20707.0	26070.0	0.1083657410717853	FALSE	cell_line	VMRC-LCD	VMRC-LCD
ETV1	JASPAR2024|000311|MA0761.3	0.1	0.1089	3563.0	3584.0	25847.9	26070.0	0.5133368758603281	FALSE	cell_line	VMRC-LCD	VMRC-LCD
GATA6	CIS-BP2.00|000947|M08124_2.00	0.1	0.1302	2680.0	3584.0	19177.0	26070.0	0.09120363175885093	FALSE	cell_line	VMRC-LCD	VMRC-LCD
CEBPA	JASPAR2024|000234|MA0102.5	0.1	0.1302	2565.0	3584.0	18331.4	26070.0	0.08725963568049168	FALSE	cell_line	VMRC-LCD	VMRC-LCD
ZNF341	CIS-BP2.00|001017|M08310_2.00	0.1	0.1302	3579.0	3584.0	25996.0	26070.0	0.8992494854011498	FALSE	cell_line	VMRC-LCD	VMRC-LCD
ZNF19	CIS-BP2.00|000670|M07603_2.00	0.1	0.1588	3568.0	3584.0	25902.5	26070.0	0.4881937852489206	FALSE	cell_line	VMRC-LCD	VMRC-LCD
FOXD2	CIS-BP2.00|000235|M03042_2.00	0.1	0.1654	1443.0	3584.0	10191.8	26070.0	0.0705625856382781	FALSE	cell_line	VMRC-LCD	VMRC-LCD
CEBPB	CIS-BP2.00|000866|M07830_2.00	1.0	0.2256	1619.0	3584.0	11509.7	26070.0	0.0598288248862073	FALSE	cell_line	VMRC-LCD	VMRC-LCD
ZNF33A	CIS-BP2.00|000762|M07695_2.00	1.0	0.2485	3194.0	3584.0	23073.5	26070.0	0.08751855059567575	FALSE	cell_line	VMRC-LCD	VMRC-LCD
GATA6	JASPAR2024|000382|MA1104.3	1.0	0.3495	2945.0	3584.0	21269.9	26070.0	0.05593576121653388	FALSE	cell_line	VMRC-LCD	VMRC-LCD
ELF3	JASPAR2024|000276|MA0640.3	1.0	0.3495	3572.0	3584.0	25955.3	26070.0	0.34308967858974954	FALSE	cell_line	VMRC-LCD	VMRC-LCD
ETV1	CIS-BP2.00|000457|M04708_2.00	1.0	0.3495	3580.0	3584.0	26023.9	26070.0	0.5107011184175388	FALSE	cell_line	VMRC-LCD	VMRC-LCD
ZNF75D	JASPAR2024|000169|MA1601.2	1.0	0.3495	2414.0	3584.0	17384.7	26070.0	0.043470503744304355	FALSE	cell_line	VMRC-LCD	VMRC-LCD
ZNF341	JASPAR2024|000712|MA1655.2	1.0	0.351	3583.0	3584.0	26051.2	26070.0	0.823630182851082	FALSE	cell_line	VMRC-LCD	VMRC-LCD
ZNF281	JASPAR2024|000706|MA1630.3	1.0	0.3566	2885.0	3584.0	20853.5	26070.0	0.04539357383365761	FALSE	cell_line	VMRC-LCD	VMRC-LCD
NKX2-1	JASPAR2024|000822|MA1994.2	1.0	0.3843	3384.0	3584.0	24545.1	26070.0	0.06906365225780303	FALSE	cell_line	VMRC-LCD	VMRC-LCD
FOXD2	JASPAR2024|000361|MA0847.4	1.0	0.3843	1340.0	3584.0	9609.9	26070.0	0.03272566239121093	FALSE	cell_line	VMRC-LCD	VMRC-LCD
ZNF75D	CIS-BP2.00|000750|M07683_2.00	1.0	0.532	2141.0	3584.0	15502.9	26070.0	0.016113691214033207	FALSE	cell_line	VMRC-LCD	VMRC-LCD
HNF4A	JASPAR2024|000409|MA1494.2	1.0	0.7236	371.0	3584.0	2704.7	26070.0	-0.002120087335580411	FALSE	cell_line	VMRC-LCD	VMRC-LCD
ZNF141	CIS-BP2.00|000653|M07586_2.00	1.0	0.7236	2521.0	3584.0	18354.6	26070.0	-0.0048124314449363445	FALSE	cell_line	VMRC-LCD	VMRC-LCD
HNF4A	JASPAR2024|000410|MA0114.5	1.0	0.7917	3402.0	3584.0	24769.7	26070.0	-0.030507657003686642	FALSE	cell_line	VMRC-LCD	VMRC-LCD
CEBPA	CIS-BP2.00|000926|M08076_2.00	1.0	0.7917	1331.0	3584.0	9739.6	26070.0	-0.013519210536524953	FALSE	cell_line	VMRC-LCD	VMRC-LCD
ZBTB18	CIS-BP2.00|000988|M08257_2.00	1.0	0.7917	3078.0	3584.0	22432.8	26070.0	-0.02094999162966936	FALSE	cell_line	VMRC-LCD	VMRC-LCD
ZNF281	CIS-BP2.00|001020|M08321_2.00	1.0	0.7917	2854.0	3584.0	20827.7	26070.0	-0.023846864272913403	FALSE	cell_line	VMRC-LCD	VMRC-LCD
ZNF540	CIS-BP2.00|000701|M07634_2.00	1.0	0.8754	804.0	3584.0	5966.7	26070.0	-0.03683782412642084	FALSE	cell_line	VMRC-LCD	VMRC-LCD
NFATC4	CIS-BP2.00|000101|M01306_2.00	1.0	0.9753	3584.0	3584.0	26072.6	26070.0	-2.8627183271344863	FALSE	cell_line	VMRC-LCD	VMRC-LCD
NR3C2	CIS-BP2.00|000154|M02395_2.00	1.0	0.9753	3584.0	3584.0	26072.6	26070.0	-2.8627183271344863	FALSE	cell_line	VMRC-LCD	VMRC-LCD
ZNF254	CIS-BP2.00|000827|M07760_2.00	1.0	1.0	479.0	3584.0	3747.1	26070.0	-0.12070495192948277	FALSE	cell_line	VMRC-LCD	VMRC-LCD
NR3C2	JASPAR2024|000539|MA0727.2	1.0	1.0	201.0	3584.0	1702.2	26070.0	-0.23055520949539485	FALSE	cell_line	VMRC-LCD	VMRC-LCD
ZNF33B	CIS-BP2.00|000777|M07710_2.00	1.0	1.0	1172.0	3584.0	9011.7	26070.0	-0.12037609121930834	FALSE	cell_line	VMRC-LCD	VMRC-LCD
HNF4A	CIS-BP2.00|000974|M08219_2.00	1.0	1.0	3179.0	3584.0	23443.7	26070.0	-0.18682669523941234	FALSE	cell_line	VMRC-LCD	VMRC-LCD
ZBTB18	JASPAR2024|000681|MA0698.2	1.0	1.0	1732.0	3584.0	13126.0	26070.0	-0.11676124282413243	FALSE	cell_line	VMRC-LCD	VMRC-LCD
