TF	NES	p_value	FDR	regulon_size	logFC	AveExpr	t	P.Value	adj.P.Val	B	category
AATF	-1.36136203718283	0.17339930688618	0.323110183869876	85	-0.0971331618422436	6.09828745730482	-2.87715616064946	0.00409629405142258	0.00546789008521765	-4.31124321967439	Non-Significant
ABHD14B	3.02490462345075	0.00248711544531367	0.0199554439259285	148	0.670146175631063	5.44138209934139	16.7549026256082	7.44856642252805e-56	1.79937380809583e-54	115.696641473365	LUAD
ABRA	2.96503798370398	0.00302645559597806	0.0219579012389047	519	0.568351538029272	-4.82477249203947	6.36348997095779	2.97265466181701e-10	7.87377199981277e-10	12.1625322726545	LUAD
ACTL6A	-3.37766527923208	0.000731040061569984	0.0131202453155455	330	-1.36228268857536	6.06955542208345	-28.8591392560728	2.06454964415417e-134	5.50179334991705e-132	296.202249479727	LUSC
ACTL6B	-0.176853153737528	0.859623736390084	0.922765039167949	365	-0.0454979017991151	-5.02329744624872	-0.392483212961541	0.694783103701883	0.718404737941152	-7.62673520258909	Non-Significant
ACTR5	-0.928909133523591	0.352936179195582	0.51615970166845	52	0.0357022717904602	3.63562708681624	1.0076295096908	0.313871010593151	0.34292566087879	-7.65587188462135	Non-Significant
ACTR8	1.8386194488832	0.0659711786161266	0.169996261270271	64	0.238104904573495	4.21947273387973	9.85127743478671	6.19493505565114e-22	4.26342102550296e-21	38.14157859359	Non-Significant
ACTRT1	0.552482005530339	0.580618159664789	0.72742561177172	312	0.200616673559311	-6.29885966795512	3.79626784935347	0.000155540364944092	0.000234702721162242	-1.07616093952336	Non-Significant
ADCYAP1	0.955573822655883	0.339287592086837	0.503395513712595	108	-0.0389952622193508	-1.22516632627125	-0.291535655062997	0.770700877182369	0.790494158137293	-7.68017636459113	Non-Significant
AEBP1	0.0237584321753577	0.981045297000241	0.989264996383683	198	0.267143904036795	8.04504953739306	3.28676693922442	0.00104796130524785	0.00147506386752638	-3.30385107578235	Non-Significant
AEBP2	-2.92464171309237	0.00344853020023061	0.0232286443584664	66	-0.601611248473574	5.49792822757997	-15.6932092733638	6.94014339903302e-50	1.38492915303672e-48	101.993641788072	LUSC
AFAP1L2	-1.96338538895692	0.0496014102700263	0.14017194117745	103	-0.425537972368703	4.14470755789611	-5.09425897564737	4.16843236373099e-07	7.85755979443765e-07	4.60034673314575	Non-Significant
AHR	0.85209727817171	0.394160102541168	0.560424996385844	122	0.292442954945026	6.82122930669247	5.05611032415692	5.06942247067627e-07	9.4858329659271e-07	4.10871384166338	Non-Significant
AHRR	-0.664179970844222	0.506575131128512	0.665672908342283	122	-0.338242759224135	-3.04827446207763	-3.25477479845562	0.001172081944362	0.00164222458875845	-2.37313598180488	Non-Significant
AIRE	0.135969013742933	0.891845776883871	0.94207781304672	228	-0.216014045713546	-3.70123488327787	-1.90233941486371	0.0574078628644099	0.0685344636582351	-5.81757099241266	Non-Significant
AJUBA	-2.88959063185662	0.00385743793878029	0.0243474128892202	30	-0.875465925171287	5.26781922063895	-14.3534567870053	1.07163986011929e-42	1.6588784049833e-41	85.5312381269626	LUSC
AKIRIN1	-0.52524865916485	0.599410342693318	0.744622684365834	48	0.0312733079847587	6.12400160192869	0.924820052183564	0.355277966810166	0.385163159180307	-8.01106751705369	Non-Significant
AKIRIN2	-3.01139131085849	0.00260053483567636	0.020233281970773	29	-0.412246747787553	5.42182764921411	-14.2230782406118	5.10006556691107e-42	7.69633307376395e-41	83.9626655396519	LogFC Non-Significant
ALX1	-1.69892931650571	0.0893325024638836	0.208646461234139	40	-1.48312025383858	-3.4004067150671	-8.14363244082611	1.11090503573136e-15	5.60422356183424e-15	24.4553130127209	VIPER Significant
ALX3	-1.31105502100763	0.189839175407203	0.34096825781049	85	-0.527928014901707	-4.57436973270654	-3.51050231261002	0.000466786283064847	0.000676875419542596	-1.5255753730661	VIPER Significant
ALX4	-2.3113259361433	0.0208148584710122	0.0790115035838421	120	-0.987411628906555	-3.28010708520875	-6.69275165691506	3.60537210105484e-11	1.07764031711793e-10	14.2598351110862	VIPER Significant
ANHX	-0.492860771883348	0.62211096681431	0.764009026471836	281	0.151743344792788	-6.38827044021132	2.60149432625007	0.00941611243573077	0.0121696203588041	-4.89926388320749	Non-Significant
ANKRD1	2.29989935165703	0.0214539228422103	0.0803030333556426	112	0.81910314158822	-0.440530062907839	5.73825481814092	1.2599706939845e-08	2.75858521281425e-08	8.41343946772699	VIPER Significant
ANKRD2	-3.51938051609895	0.000432555824869686	0.0111506849976282	51	-2.07205234521848	-1.64210354778995	-21.2631552122958	2.34465738482934e-83	1.29856434676844e-81	179.189328478907	LUSC
ANKRD33	-0.473111106348385	0.636133913462344	0.771098743284954	392	-0.0640065355541039	-4.43487802451866	-0.547624836685135	0.58406917987664	0.612019804145947	-7.48389458940386	Non-Significant
ANKRD49	-1.01472052494327	0.310239067372207	0.472295405371852	85	-0.10503550363498	3.88283911610064	-2.95100003535487	0.00323980719924069	0.00436550852389353	-3.85231524949061	Non-Significant
APBB1	2.675779706021	0.00745556325453057	0.0381992495731855	96	0.670138538343546	3.87032032142176	10.6168486539785	4.75686568244e-25	3.73577714960172e-24	45.2821299469333	LUAD
APBB2	0.932262161250719	0.351201057594858	0.513989530643118	68	0.185647108794851	4.86144083519248	3.81143795352929	0.000146422308943271	0.000221399383073934	-1.07903288372662	Non-Significant
APBB3	0.805168190507409	0.420722629840823	0.583939715955145	103	0.107864136131148	3.20644378249783	1.98431988161054	0.0474874845789201	0.0572143124254214	-6.15440566595361	Non-Significant
AR	2.28849058385183	0.022108967843803	0.0823768709132699	40	0.970488087113964	1.93809551319478	9.25517982277227	1.22036530093856e-19	7.54823834182492e-19	33.125638974524	VIPER Significant
ARGFX	0.0273932621149456	0.978146072287052	0.988778094811911	901	-0.0197549999068015	-5.6968686890355	-0.255355821396508	0.798499701804866	0.816220305097162	-7.90314399504169	Non-Significant
ARID1A	0.219131554258849	0.82654757130581	0.900967677619439	37	0.0597448387477278	7.06132384028222	1.4622762150456	0.143973152961505	0.164365707938744	-7.48478205561234	Non-Significant
ARID1B	-1.74549477102581	0.0808987818672299	0.194957488457423	52	-0.182493858118793	6.33795186943606	-5.04776851587905	5.29013328079984e-07	9.88295348878001e-07	4.12604174225302	Non-Significant
ARID3A	-0.0243253338971905	0.980593105579903	0.989264996383683	34	-0.0859891320556906	4.09574717849021	-1.49703890101981	0.134692090177453	0.154321486137416	-7.09173941752861	Non-Significant
ARID3B	-2.56586928971774	0.0102917602836712	0.0487770737248618	47	-0.514716593387611	3.30948789397156	-10.4972826744935	1.49944500137859e-24	1.15439199503725e-23	44.1964666998923	LUSC
ARID3C	-2.98040945346863	0.00287863326208621	0.0211099772552989	187	-0.581957232040357	-3.50404010538868	-6.24773897673727	6.10330858785294e-10	1.55512292351043e-09	11.5024383998755	LUSC
ARID4A	2.80906032382382	0.0049686335596721	0.0276997936323954	92	0.484329220982474	4.36646679014858	13.7744920542198	1.0167880403742e-39	1.41443499239976e-38	78.7955678045625	LogFC Non-Significant
ARID4B	1.71301982526173	0.0867088923765653	0.204150050405584	52	0.251470333094251	5.71556866481264	7.8928386817115	7.57997822947877e-15	3.64475577508888e-14	21.8585908357256	Non-Significant
ARID5A	-0.793133829958584	0.427699854576602	0.589275355194429	137	-0.29430702611377	4.75882060083431	-6.90409240637171	8.8632827681327e-12	2.84928218685396e-11	15.0189676392837	Non-Significant
ARID5B	-0.570633026911131	0.568248425939159	0.716454771992455	20	-0.241539976323483	5.98740876170973	-5.34959470605295	1.08797023034495e-07	2.16759234979626e-07	5.69674973908071	Non-Significant
ARNT	1.11896942211931	0.263153184259277	0.424949814518137	27	0.209401865796161	6.08052954294462	6.97739195975461	5.39996724714679e-12	1.77845185987692e-11	15.3580576885849	Non-Significant
ARNT2	-0.187256854438557	0.851459249725667	0.916404852676862	45	-0.208191411542741	3.89924533765811	-2.1886575770008	0.0288475914509906	0.0355713536365111	-5.80067662523728	Non-Significant
ARNTL	-1.57472784485771	0.115319277698797	0.246030492358435	42	-0.0904581189580956	3.93243474147317	-2.27205236400636	0.0232905829111175	0.0289898096233868	-5.6189943858529	Non-Significant
ARNTL2	-3.285177599974	0.00101918107094945	0.0140894896700173	92	-1.75742113801889	5.20710523402866	-20.5745946359271	5.74193041896137e-79	2.75849392892173e-77	168.798046458791	LUSC
ARX	3.06877056471358	0.00214941595574857	0.0187936113053913	49	2.51687393655344	-1.40808764220957	15.6364352819813	1.42575759635748e-49	2.81116445516708e-48	101.755152940865	LUAD
ASCC1	-1.86967501964488	0.0615289604981231	0.161664616062207	153	-0.28073230317961	4.77020274342075	-8.87734363309785	3.01772914541258e-18	1.7482412743657e-17	29.6859193939858	Non-Significant
ASCC2	-2.53996893914177	0.0110862314038118	0.051317713692758	60	-0.335674388865786	6.44968064327338	-10.117967984937	5.34691040091621e-23	3.85479612271318e-22	40.3289606170807	Non-Significant
ASCL1	1.447011666457	0.147893656107228	0.290952327303258	234	1.05395671130255	-1.94266985485756	4.71009227534486	2.81787420351763e-06	4.93190228816759e-06	3.27927051875492	VIPER Significant
ASCL2	-2.5491547624584	0.0107984368070618	0.0503271109504522	49	-0.864287324209745	1.24237189817356	-8.96784809981964	1.41367850726838e-18	8.30883915057244e-18	30.7652759772665	VIPER Significant
ASCL3	1.14860453294184	0.250719087071847	0.410353920341722	644	0.133877560485048	-5.40798023785628	1.41054395118444	0.158683612233524	0.180245632940893	-6.82102392213638	Non-Significant
ASCL4	-2.14452118148174	0.031991150108818	0.106147548229937	93	-1.46977011042024	-4.66948964662712	-11.2416072735033	1.00174794612391e-27	8.76356178335137e-27	51.8401386456107	VIPER Significant
ASCL5	3.35635039140849	0.000789784383262618	0.0133545359351679	89	0.848495742651705	-1.14533942471123	8.09049175330549	1.67589394154146e-15	8.3804568549297e-15	23.9631180631192	LUAD
ASH1L	1.15670717997629	0.247392015240458	0.405580178831713	68	0.193893345454692	6.33489536130856	4.48165001029299	8.24356706560717e-06	1.38673099897483e-05	1.48645990494216	Non-Significant
ASXL1	-0.174461044060725	0.861503143565021	0.923813119357459	41	0.0915543743003884	6.28275347997656	2.65914317982962	0.00795653769505085	0.0103548423363289	-4.93251732403061	Non-Significant
ASXL2	-1.25581817836641	0.20918189925626	0.363104514634395	120	-0.183882005571101	5.74926225063939	-5.32697168529998	1.2283495251335e-07	2.43404892397828e-07	5.60673704419777	Non-Significant
ASXL3	1.28169095821295	0.199951078008415	0.351460400004483	98	0.649669276090727	-0.994726687825413	5.54765091169107	3.68784360794307e-08	7.6918953421744e-08	7.40941962106136	VIPER Significant
ATAD2	-2.61870693308697	0.00882637399068499	0.0439385916908552	102	-0.723453544290575	5.73207277244168	-13.2469171191794	4.44181096268952e-37	5.59481772106295e-36	72.6109172347595	LUSC
ATAD2B	-1.16563520954914	0.243761965864325	0.401741718485314	115	-0.247191817875144	4.31923516242649	-6.46307010581977	1.58612389703321e-10	4.35535462660532e-10	12.2403745313882	Non-Significant
ATF1	-0.576137132516225	0.564522494532387	0.71385230149151	70	-0.118717129102318	4.71462815808265	-3.56410027512611	0.000381989934891302	0.000557738528802374	-1.96347596202887	Non-Significant
ATF2	1.22098767481894	0.222090686434778	0.378177225198052	54	0.14657135567397	5.69449006224403	5.60068335870643	2.74410774159921e-08	5.79736537950216e-08	7.06669183766645	Non-Significant
ATF3	-1.11185289302958	0.266201405608994	0.428519335858381	81	-0.345965070260524	5.3842820420112	-4.42906883583135	1.04839584470762e-05	1.74831686674823e-05	1.36686983574357	Non-Significant
ATF4	-3.13836196171765	0.00169894935789672	0.0165526208869366	98	-0.388200987337248	8.18034583196558	-11.8786550961252	1.41873071695524e-30	1.39195823537229e-29	57.4315126277623	LogFC Non-Significant
ATF5	-0.383360293180238	0.701452640010351	0.819691569707477	35	-0.610920655799797	5.37754753556174	-10.2961643106608	1.01056092127517e-23	7.51058077396444e-23	42.0998942381899	VIPER Significant
ATF6	1.83747402656035	0.0661399473874851	0.170002930093963	63	0.2485777931327	6.40192073148254	8.49367245560235	6.99393904814428e-17	3.76987588039973e-16	26.4008068131086	Non-Significant
ATF6B	0.734601663675125	0.46258212449733	0.623316971253915	26	0.131243427953225	6.53058970774347	4.03015431954415	5.98789754958864e-05	9.36034268937826e-05	-0.426055999699759	Non-Significant
ATF7	1.06753561877006	0.285730038339777	0.448659753218099	29	0.154345105927279	4.97283234042279	5.53637721515463	3.92574826795459e-08	8.16174931149375e-08	6.79955076944419	Non-Significant
ATF7IP	-0.123465530866121	0.901738467800419	0.948094562653436	25	-0.100639791434465	6.53387401978153	-2.89947770418667	0.00381787983128665	0.00510979561132093	-4.2995098735432	Non-Significant
ATF7IP2	0.59133642697809	0.554295026989132	0.704402251689295	83	0.228599816338594	2.96522276665682	3.47315835948219	0.000535934790360437	0.000773033902591012	-2.09891780928	Non-Significant
ATMIN	-0.897937386806134	0.369218931262475	0.533490065934339	47	-0.13388009491961	6.08921751090309	-4.83238492671575	1.5558401838948e-06	2.78683770709577e-06	3.1157721505504	Non-Significant
ATOH1	-0.338189472793849	0.73522040847939	0.842251374999346	170	0.240710949333572	-5.82425874759987	2.40277699739593	0.0164486766509478	0.0207633184786074	-5.11857877590173	Non-Significant
ATOH7	-1.6868232686965	0.0916373398291654	0.212530052763994	98	-0.818176056602584	-3.13311074802329	-7.25122857290974	8.14612739245769e-13	3.41299994748719e-12	17.9673964420469	VIPER Significant
ATOH8	3.31237775202959	0.000925065452293363	0.013906466143899	81	2.50314620920494	2.77760287520437	21.1297495659749	1.67822025485441e-82	9.074758424498e-81	177.089902501042	LUAD
ATP1B4	-0.999960599480426	0.317329575783085	0.479155949854016	533	0.0179821698029607	-5.78572940877136	0.256683416153563	0.797474869904941	0.815268176394993	-7.94500827887985	Non-Significant
ATXN1	0.496904959374994	0.619256074082278	0.761417023781455	45	0.025087885759063	5.61598841215864	0.607299561940576	0.54378711590215	0.572880868952066	-8.19473011004091	Non-Significant
ATXN1L	-0.383718748195621	0.701186915384102	0.819691569707477	67	-0.136742142506449	5.59641631867732	-3.70943019514042	0.000218916785715252	0.000326029817925977	-1.53980808233548	Non-Significant
ATXN7L3	-1.48826075997551	0.136682139077452	0.274168290737713	40	-0.204962072231327	6.44630891003079	-7.01377728469648	4.21531679684429e-12	1.40495586812151e-11	15.5581328800404	Non-Significant
BACH1	-1.30119908394396	0.193190318761173	0.344609757790201	58	-0.173212272776751	5.73085389642973	-4.36254175030682	1.41603225432641e-05	2.33511526425217e-05	1.04025233619325	Non-Significant
BACH2	-3.272696514056	0.00106526791260448	0.0142453473803187	61	-0.94426137962674	2.19962044822012	-12.0647267907168	1.98469867713041e-31	2.00859482775594e-30	60.0077431606298	LUSC
BAHD1	-0.0445373080608631	0.964476113936392	0.980648743341967	33	0.0478825761518239	5.01485630094804	1.28517526925128	0.199022395514679	0.223169309550556	-7.48551881192493	Non-Significant
BARHL1	0.191348164068378	0.848252828678417	0.914878907472874	278	0.133098595946806	-6.02579488766725	2.11392626958038	0.0347634706844049	0.0424975062199072	-5.86847473553754	Non-Significant
BARHL2	-1.91468790728105	0.0555323166823764	0.152568436312684	133	0.0148805263781434	-5.75838581950649	0.151362096911	0.879719977499923	0.890934049709231	-7.95338144859849	Non-Significant
BARX1	-0.324340052284495	0.745680599832581	0.849478010722417	82	-1.33661335819915	0.67184752862186	-5.90045629185934	4.92599753153226e-09	1.12851678992432e-08	9.2353029621009	VIPER Significant
BARX2	-0.361639324998465	0.717621573779778	0.831285547638234	113	0.0167153384309356	2.29619596036289	0.10925906176719	0.913018478100149	0.921563100381438	-8.02333018917473	Non-Significant
BASP1	-0.0380205845580876	0.969671269788772	0.984100901779676	122	-0.127279466511903	5.91754698381046	-1.41595093302794	0.157094746598841	0.178533007709344	-7.41235734353891	Non-Significant
BATF	2.44399284529693	0.0145257146003558	0.0612775506645938	61	1.30294710359685	2.85465152985834	17.7115320835423	2.02957030730817e-61	5.84640206749406e-60	128.683697901481	VIPER Significant
BATF2	2.33768601576561	0.0194035421364873	0.0747639307179908	99	1.16797651561012	3.09014828419348	14.7584048407058	7.94527319924552e-45	1.32184700563148e-43	90.6099077911651	VIPER Significant
BATF3	2.56458148657284	0.0103300320113984	0.0487770737248618	133	0.736227799436501	1.52357084271272	10.618268644128	4.69215832254212e-25	3.68544663803477e-24	45.5033859488874	LUAD
BAZ1A	1.29188597449839	0.1963966355766	0.346892008666318	41	-0.0158725971306788	6.24790497367507	-0.388320737666716	0.697859618533748	0.72123447506313	-8.37812907387641	Non-Significant
BBX	-2.82018668220581	0.00479957184536734	0.0274299552950323	43	-0.310112519996878	5.97263323953192	-8.00126156532448	3.32543083497172e-15	1.63349626574528e-14	22.6412618991517	LogFC Non-Significant
BCL11A	-3.67927522472254	0.000233897739337317	0.0111506849976282	161	-2.16210126155667	3.96500101954949	-24.2151608668735	9.85500638569981e-103	9.50736143641205e-101	223.501693206133	LUSC
BCL11B	-3.68067836074791	0.000232614278629792	0.0111506849976282	82	-1.5191147821629	3.21099042193672	-16.8730634989497	1.56287400037268e-56	3.85221539693685e-55	117.445237625617	LUSC
BCL3	0.297087683929087	0.766399566922868	0.86156786479351	85	-0.0394689542289199	6.23804206298306	-0.786833124537335	0.431562091001226	0.462031425775202	-8.1427537811311	Non-Significant
BCL6	-2.84229310442994	0.00447902921604567	0.0263336028046823	53	-0.331575964133226	6.26863833583258	-7.47500293041816	1.65715676684937e-13	7.32682502667642e-13	18.7586000237431	LogFC Non-Significant
BCL6B	1.74836087511375	0.0804015582464907	0.194216751088926	87	0.611388204462174	3.22464743258345	11.0364476209616	7.81149681541824e-27	6.59582013711083e-26	49.4174219774797	VIPER Significant
BCL9	2.53695336491697	0.0111821849083923	0.0514341055078498	30	0.482422017842431	5.35801635734887	10.2649526950984	1.35524809148937e-23	1.00072475562797e-22	41.8110962193164	Non-Significant
BCL9L	0.910741210619604	0.362431744865835	0.526309456816497	87	0.309125642579638	6.06520628982864	5.4392965342826	6.6941099367697e-08	1.36068843621704e-07	6.15838727101098	Non-Significant
BCLAF1	-0.322794265554035	0.746851056160289	0.849990937457664	43	-0.0487561005633391	6.77688366670467	-1.88496059737727	0.0597188642941247	0.07114473765425	-6.74348600631686	Non-Significant
BCLAF3	3.05268054622128	0.00226807246438382	0.0190966101322193	102	0.549447894674938	3.59642974354116	13.6505539675542	4.3036027880082e-39	5.8577691910894e-38	77.429723038528	LUAD
BCOR	0.640717991766152	0.521705922598266	0.677290810682775	15	0.296460464991951	5.45972728509133	6.80345280341391	1.73713080107492e-11	5.39890550261384e-11	14.2829141356487	Non-Significant
BCORL1	-1.79248615497289e-05	0.999985698029716	0.999985698029716	21	0.0980446791124612	4.50511274592731	2.11059209607527	0.0350499897528936	0.0428327899205249	-6.03192917166931	Non-Significant
BCORP1	-1.01387988100318	0.31064007257061	0.472295405371852	161	-1.01439156699634	-3.14831534149034	-5.63389568098431	2.27749044673805e-08	4.85418638470346e-08	7.97495982081816	VIPER Significant
BEND3	-1.39468592125289	0.16311057223531	0.311309916784929	14	-0.195115189842984	3.27442958014373	-4.57456371017987	5.35755995684755e-06	9.16094448839281e-06	2.23226546786133	Non-Significant
BEND5	-0.996040102299074	0.319230660776489	0.48060774977829	147	-0.0269968602478572	1.1949618353775	-0.300089422258914	0.764170012227628	0.784337057922438	-7.87833409052483	Non-Significant
BHLHA15	2.48471278677367	0.012965599483913	0.0566829413335169	77	1.16523921496499	2.4775125067091	12.5818952261857	7.45747220636265e-34	8.2697369062794e-33	65.5316833338086	VIPER Significant
BHLHA9	-0.84682858646634	0.397090672024706	0.562772102347587	271	0.0114960404399077	-6.09233564916681	0.176169805128953	0.860195465121027	0.873214258481188	-8.11613389696717	Non-Significant
BHLHE22	1.23593571377509	0.216482460494904	0.372204297624012	52	0.571496535825693	0.530416886647935	7.18991990442999	1.25097305234168e-12	5.13515062385225e-12	17.3403209704224	VIPER Significant
BHLHE23	-0.661648560164511	0.508196478580884	0.666312368929929	229	0.0697433063509422	-6.43164427162935	1.58481159691102	0.113318700326649	0.130928770935797	-7.03630603313872	Non-Significant
BHLHE40	-0.609535661103533	0.54216944283943	0.694529102219633	72	0.0141768941372655	7.93689649848502	0.263949288495384	0.791872241555693	0.810125872795245	-8.63144350984154	Non-Significant
BHLHE41	0.203501771531693	0.838742861169949	0.907492276019945	60	0.0236542543375205	3.97056082342952	0.283923156912077	0.776526815627419	0.795975145705746	-8.15787275544331	Non-Significant
BICRA	-1.09455235023669	0.273712800740041	0.434893862993745	58	0.0740129231442592	4.13486456244416	1.68524554196852	0.0922466802851765	0.10771084525606	-6.7970694248456	Non-Significant
BICRAL	2.65472677142854	0.00793726695134124	0.040197148966446	51	0.423944596107736	4.67945412613012	11.4403404592066	1.33281628053165e-28	1.21016460050656e-27	53.3192094076222	LogFC Non-Significant
BMI1	-0.0472111393860035	0.962344949476811	0.9800685747285	57	0.129312671833685	5.17993248800118	3.4215466977018	0.000647326308766213	0.000927156746066611	-2.50693271597095	Non-Significant
BMP2	2.49830549076514	0.0124788603602342	0.0557461753210461	59	0.519641170089185	3.73671778631115	5.45522451921183	6.13642398439993e-08	1.251610612716e-07	6.49602157116771	VIPER Significant
BMP4	1.38906850614799	0.16481191942728	0.31338772039797	53	1.0493493596248	2.79686798882671	11.0121207136088	9.94630829588987e-27	8.36156829961589e-26	49.2159019645806	VIPER Significant
BNC1	-3.86723353703655	0.000110077002006699	0.0111506849976282	268	-7.30955540615685	0.614081747565514	-46.8837983439046	7.14712505492631e-257	7.07887001065176e-253	577.428168794299	LUSC
BNC2	0.0332702582772809	0.97345907108059	0.986276028501488	155	0.207356170816413	2.47611645799183	2.51611704658662	0.0120179605563203	0.0153791283615161	-4.89135605247459	Non-Significant
BPTF	0.411855678191445	0.680445208571575	0.808332710699179	93	0.101065281298252	6.2165429440082	2.36525166738369	0.0182038953246302	0.0228923922349923	-5.65875303967417	Non-Significant
BRCA1	-2.47620876677097	0.0132785908523465	0.0575593154319936	152	-0.757174097664305	4.19001016338549	-12.2844228856166	1.89043719604163e-32	1.98135822308935e-31	62.1680010523445	VIPER Significant
BRCA2	-2.35360380864202	0.0185924156867967	0.0730370062309206	73	-0.613778359755496	3.19790059771153	-11.1614963489749	2.24160194805741e-27	1.93228429021189e-26	50.6583695572889	VIPER Significant
BRD1	-1.57118636302276	0.116139366729437	0.24623952780148	40	-0.225695163211388	5.59220235053575	-5.80053046795418	8.80953569197927e-09	1.96238202851508e-08	8.18293128726948	Non-Significant
BRD2	-1.11966969221781	0.26285454491688	0.424802842732967	27	-0.154978896962721	7.88741719061355	-5.17725363353472	2.71099925379112e-07	5.19229575399783e-07	4.57836313085327	Non-Significant
BRD3	-0.840382602599675	0.400693900452748	0.56594386320953	38	-0.0934010301231512	5.04288610240211	-2.26117886257397	0.0239578732854034	0.0297904363854132	-5.76305426867146	Non-Significant
BRD4	-3.03520865668817	0.00240369329271968	0.0195683419606718	51	-0.526255658295596	6.90592102243924	-14.5342203505264	1.21342435139996e-43	1.94734455659318e-42	87.5244199280144	LUSC
BRD7	-1.13590555096147	0.255996094889077	0.416019070804648	51	-0.145795924468161	5.93582634882767	-4.95171396113913	8.60269709930339e-07	1.5771478652485e-06	3.70438622712407	Non-Significant
BRD9	-1.38113574124804	0.167237227962556	0.315652553885046	57	-0.259156073199374	5.79228478273574	-6.05318518130722	1.99195525986706e-09	4.77476303759761e-09	9.60842745766246	Non-Significant
BRDT	2.39413539606698	0.0166595976791422	0.0677644867823556	167	1.60456063825198	-2.06230329207941	6.65766193792727	4.53438141514314e-11	1.33775844887907e-10	13.9931628566839	VIPER Significant
BRMS1	-1.45662747309459	0.145219239802191	0.286241391748826	109	-0.230219322819816	5.74805466747224	-7.14840223120168	1.66965286177993e-12	6.75350262843697e-12	16.5483247175425	Non-Significant
BRMS1L	-1.06573971527029	0.286541319134006	0.449495682685528	78	-0.193823931772995	3.61989127085117	-4.21989556004586	2.66153650930622e-05	4.2859074934571e-05	0.666809795393284	Non-Significant
BRPF1	0.406028412105366	0.684721724413317	0.812139506173708	38	0.0380924488704331	4.61274879229653	1.22343048562681	0.221449325888806	0.246900979148498	-7.51866309066384	Non-Significant
BRPF3	2.26125313200256	0.0237435866701272	0.0861336495160998	61	0.630683697669831	5.79739406688338	14.3009571643701	2.0107479156482e-42	3.08503765109298e-41	84.8504531377238	VIPER Significant
BRWD1	1.2939679364978	0.195676496244871	0.346626936205199	66	0.155938537468247	5.76772041485447	4.34215898392486	1.5513974489801e-05	2.54928511545804e-05	0.948863033530824	Non-Significant
BRWD3	-0.180243126549753	0.85696170272619	0.921842084005145	42	-0.102502828476027	4.62658696121789	-2.2538864928429	0.0244146422528377	0.0303298481334404	-5.73371225820737	Non-Significant
BSX	1.823302941669	0.0682575210305721	0.173102022179598	335	0.248178327255593	-6.2649463837591	4.18517997526764	3.09470908842684e-05	4.95725698800351e-05	0.468073992363529	Non-Significant
BTBD18	0.812446906150663	0.416535240449309	0.58053889779243	386	0.163953462511279	-4.02850140699664	1.82575948350536	0.0681783717519093	0.0806889868779143	-5.96002324219864	Non-Significant
CALCOCO1	3.19491507368122	0.00139871993122238	0.01538751142513	137	0.45607514709693	5.94844438921924	10.759934663541	1.18800291105785e-25	9.5650249282529e-25	46.4437545631726	LogFC Non-Significant
CAMTA1	-0.385514814804108	0.699856032486409	0.819636773020717	122	-0.00435583758714869	4.91343607838296	-0.130268150070035	0.896379929322937	0.906246513437805	-8.2912579632913	Non-Significant
CAMTA2	1.33192853652286	0.182883672784245	0.333791252913974	51	0.286965568044606	4.78176846063002	8.32194072903292	2.7495421592258e-16	1.43330738505537e-15	25.2298393834836	Non-Significant
CARF	1.93174846189479	0.0533905600800418	0.148621885610565	165	0.305716744150724	2.87251655938206	6.78932476576253	1.90790766917537e-11	5.90219828506426e-11	14.4570628662256	Non-Significant
CASZ1	-0.881243712261393	0.378185924607231	0.543376686619659	37	-0.274099035311948	3.93722976671462	-4.42401554608719	1.07275970505651e-05	1.78704072973015e-05	1.50085154020481	Non-Significant
CBFA2T2	-2.37737318262851	0.0174364375488984	0.0698139945695621	110	-0.404521028036642	5.39359655185744	-9.19110909976598	2.11892351698373e-19	1.2938889009843e-18	32.2452549981156	Non-Significant
CBFA2T3	0.319777652650774	0.749136889414011	0.850629351343665	116	-0.256120785404376	2.23159515408032	-3.28647472679673	0.00104903768888927	0.00147654396479531	-2.65132817117744	Non-Significant
CBFB	-1.40986719269495	0.158578901522254	0.305798711135279	28	-0.142553383348987	6.02513877997613	-4.86672883411251	1.31362699432755e-06	2.36955262989539e-06	3.2861721158488	Non-Significant
CBX1	-2.34419917288614	0.0190679857419172	0.0742531632443595	73	-0.482287271401959	6.47404424943313	-11.6853856623345	1.06825103177954e-29	1.01378080590167e-28	55.6332015655119	Non-Significant
CBX2	-3.22043591169735	0.00127995807763505	0.0149645384390932	67	-1.25900752603662	4.15745982471769	-13.4754912670073	3.25325866807325e-38	4.26027771854537e-37	75.3671719997676	LUSC
CBX3	-0.98816612153491	0.323071297106982	0.484251922257059	165	-0.0199617636525701	7.69519286406999	-0.587721210974945	0.556849349570882	0.585532266062372	-8.46178793707551	Non-Significant
CBX4	1.16032748688635	0.245915497507423	0.403806667656652	43	0.247825626483556	5.31254679574067	6.28969767201291	4.70867738953816e-10	1.21582694428887e-09	11.070259319127	Non-Significant
CBX5	0.00761887840918519	0.993921073357622	0.997333259484892	30	0.0804701897494525	6.72475278068478	1.73815611850282	0.0824846843501032	0.0968145471524082	-7.00230371938821	Non-Significant
CBX7	0.539053593631926	0.58984987504521	0.735425255540829	131	0.12605524101699	4.32565230503467	2.34592970346711	0.019170150814152	0.0240591445256195	-5.49069401137646	Non-Significant
CBX8	-0.0775510076045013	0.938185215213683	0.968777840362266	87	0.160512074866421	3.57060272717368	3.82602368928618	0.000138132708517826	0.000209259010632427	-0.888198814237716	Non-Significant
CC2D1A	-2.03211544024189	0.0421419706381163	0.12624080809017	57	-0.178051187932412	5.60519695332604	-4.62677978074065	4.19091044039941e-06	7.23382133496808e-06	2.21979768387198	Non-Significant
CC2D1B	2.2810873948123	0.0225432758871376	0.0835571421468904	60	0.3923253805757	5.52624607588727	12.5179586355699	1.50106851707072e-33	1.64522314208709e-32	64.5521774148671	Non-Significant
CCAR1	-0.390693393688973	0.696023882604891	0.818428082649199	56	0.00200269468731149	6.19446496680214	0.0713011298672661	0.943172054740825	0.948743791209639	-8.44461894168213	Non-Significant
CCAR2	-0.764397928384869	0.44463014291314	0.605667957656647	85	-0.0948052254585698	6.01435866292967	-2.84445982502851	0.00453749680722065	0.00603472960102728	-4.39417196696034	Non-Significant
CCDC62	2.10045659783161	0.0356886947482887	0.113383648222048	52	0.601026969730119	-2.10695572216054	9.3142587357254	7.31678325411446e-20	4.57362447083475e-19	33.9084018441188	VIPER Significant
CCDC85B	-0.328237191811476	0.742732329180352	0.847062622911371	145	-0.111535129989553	3.66405458867982	-1.90085019127994	0.0576029348975255	0.0687576750925008	-6.36253945596969	Non-Significant
CCNC	-1.73895609907897	0.082042485295713	0.196594947123824	141	-0.205522065864396	5.67686841441006	-5.43686683542257	6.78339213764285e-08	1.37812944707429e-07	6.19042183445952	Non-Significant
CCNK	-1.35728170033387	0.17469171962294	0.324631478972329	64	-0.338563699121399	3.1156496394871	-8.72307601130672	1.08294801332042e-17	6.08455626241773e-17	28.5872727119103	Non-Significant
CCNL1	-2.4512366555251	0.0142366317873101	0.0605574815734645	398	-0.52952757562376	6.415278120995	-10.3052323319307	9.27843153585354e-24	6.90790968280091e-23	42.0689358939646	VIPER Significant
CCNL2	1.34298185973584	0.179277847813499	0.330308093083334	465	0.310614800130718	6.64070186930289	4.86910573745628	1.29828093723212e-06	2.34273458896085e-06	3.22406993840219	Non-Significant
CCNQ	-2.84837341722725	0.00439433305165246	0.0259101020855358	180	-0.511919310085804	4.5928939688119	-13.1109201946492	2.07296766165881e-36	2.54735833807688e-35	71.1939373506436	LUSC
CCNT1	-2.17562973413713	0.0295829581313494	0.101215271466122	94	-0.372303786094036	5.43210440751915	-11.4443474948988	1.2793456562117e-28	1.1619696517147e-27	53.2822792455561	Non-Significant
CCNT2	-0.427717110793285	0.668857090794633	0.800281641968315	64	0.130823954322406	5.45767352324581	4.22888068811632	2.55920873585498e-05	4.12862332832896e-05	0.507226394855541	Non-Significant
CD40	0.371503018469024	0.710262908149454	0.825211760405328	117	-0.194999173262448	4.96284406685013	-2.75912039345653	0.00589931016524259	0.00776457454297515	-4.51153597895525	Non-Significant
CDC5L	-0.950961740543344	0.341623798075343	0.505761426094176	42	-0.0664063787928202	5.96154292949995	-2.16384922726632	0.0307071893043565	0.0377562720100553	-6.08256892223674	Non-Significant
CDC73	0.123956313337567	0.901349865118154	0.948094562653436	61	0.0437463944221163	5.82123152196863	1.53878677604251	0.124166091987304	0.142861923495247	-7.21990123988095	Non-Significant
CDK12	-0.876984943555669	0.380494816148744	0.545927344909067	60	-0.0234910406329243	6.16830276781034	-0.633946206297461	0.526257876176589	0.555694429672634	-8.2430275062639	Non-Significant
CDK13	0.384555992502965	0.700566404109152	0.819691569707477	79	-0.0364479517195277	5.99710072446576	-1.27033085622737	0.204256103245799	0.228658329991298	-7.61706622830971	Non-Significant
CDK14	-1.19465307584682	0.232222603029011	0.389448726063407	48	-0.203694534668453	4.27865620352855	-3.02791556844916	0.00252429002235676	0.00343109679921766	-3.665809487984	Non-Significant
CDK15	1.26250769345113	0.206766159693552	0.360650948621489	76	0.0857499177283794	-1.0462896787338	0.998219763641908	0.31840923697081	0.347564485607883	-7.23665835903849	Non-Significant
CDK16	-2.0542981751724	0.039946841260887	0.121303024745885	50	-0.370860709260102	6.95607681712944	-10.8173495159537	6.78090330240991e-26	5.51407690958283e-25	46.8838469924201	Non-Significant
CDK17	-0.51200897243157	0.608644730062161	0.752327623781513	57	-0.013361699592564	5.04889697431008	-0.442259139428443	0.658395328394407	0.683562941010402	-8.21697786441841	Non-Significant
CDK18	1.09621121114022	0.272986354493503	0.434654452356509	58	0.135417244603886	4.93933223067024	2.12787783155988	0.0335861846535485	0.0411420896544519	-6.04283934660262	Non-Significant
CDK5	-1.23125448811388	0.218227698006666	0.373947964925995	149	-0.123627501877482	4.17674343928614	-3.23449315584178	0.00125767354697874	0.00175783823030965	-3.01419209999616	Non-Significant
CDK5RAP2	-0.882957115150203	0.377259442516215	0.542426436674754	37	-0.218580238786923	6.00335120653936	-3.89857708250832	0.000103073932282403	0.000157947824288862	-0.877188110878352	Non-Significant
CDK7	1.42305842064525	0.154719220428412	0.300908293722937	177	0.154065015580788	4.52239948936063	4.91716361556335	1.02261573496255e-06	1.86265509966345e-06	3.69513427109639	Non-Significant
CDX1	-1.59617093043442	0.110450635894261	0.238661709622247	81	-0.982800872175588	-1.32774226445081	-10.3775613044743	4.68516437611664e-24	3.53286719172038e-23	43.4220200475408	VIPER Significant
CDX2	0.298066814856283	0.765652168900897	0.861200845283801	130	-0.193876787627341	-3.07901456379565	-0.983406611116241	0.32564025040263	0.354942557192221	-7.15202121591172	Non-Significant
CDX4	-1.99479064472787	0.0460657181346862	0.133840746600549	259	-0.0321097137799351	-6.41633723590778	-0.705551429247879	0.480628021427278	0.510825221399987	-8.03587993334248	Non-Significant
CEBPA	-2.34263537573922	0.0191480859983506	0.0742531632443595	86	-0.497110122361545	3.15131603155153	-6.25592710748125	5.80271084543325e-10	1.48215291589255e-09	11.0902767172878	Non-Significant
CEBPB	2.16309801483073	0.03053364176661	0.103088830122911	110	0.483404086693319	6.08779930533441	9.76017661717075	1.41326258236124e-21	9.58087559684935e-21	37.1264892655334	Non-Significant
CEBPD	2.09694434380519	0.0359985024683876	0.114013832895234	91	0.485747412148222	6.20740242736974	7.72636433771934	2.63590166564681e-14	1.22579018925106e-13	20.5748812756528	Non-Significant
CEBPE	1.8194059992401	0.0688495121253602	0.173721381353611	89	0.400753544146802	-3.0379766422635	4.35336932999936	1.47548956656827e-05	2.42905198272626e-05	1.74059017085131	Non-Significant
CEBPG	-3.03528243226025	0.00240310534746122	0.0195683419606718	66	-0.908841373922528	5.91914505746166	-20.8201022009387	1.58761101250981e-80	8.07765065414559e-79	172.315144017652	LUSC
CHCHD2	-1.72458477470092	0.0846023292095327	0.201041074985719	195	-0.185354446657431	7.76382433021221	-3.95521373620257	8.17435983217597e-05	0.000126333527969084	-0.875767987940678	Non-Significant
CHCHD2P9	-1.00095645933527	0.316847858904541	0.478781919733155	56	-0.526825381834621	1.35258096035332	-6.03805661119194	2.18084688047495e-09	5.20027235237881e-09	9.96770416031702	VIPER Significant
CHD1	1.86338655305267	0.062407900542875	0.163093814959427	95	0.348007842563411	5.23251539039594	9.83499788054409	7.18193093336522e-22	4.93029305657324e-21	37.8910302843607	Non-Significant
CHD2	2.16471254992919	0.0304097053901018	0.102840094591981	232	0.346658194974034	6.52885224312065	8.41255724548337	1.33912635386089e-16	7.10347780334651e-16	25.7446782467665	Non-Significant
CHD3	-0.354230739783297	0.723165968192585	0.8335760962941	31	-0.110407255186922	7.35245925620916	-2.33486495841244	0.0197434566371967	0.024747303317346	-5.87006198823245	Non-Significant
CHD4	-0.00164930067501869	0.998684049051888	0.999661235009864	119	0.0938845941079736	4.89683730886178	2.51856116777555	0.0119353940291654	0.0152770884158528	-5.13497617803618	Non-Significant
CHD5	-1.22608266473239	0.220167568648396	0.37601239186529	123	-0.408425505790669	-2.41352168140071	-3.83640476828961	0.000132504649843109	0.000201061020994445	-0.362312235069374	Non-Significant
CHD6	-1.50173631420293	0.133165221475296	0.269758458552927	53	-0.19879925137498	6.04868444295465	-4.14209324406523	3.72597017280873e-05	5.92801535284601e-05	0.0817224327960116	Non-Significant
CHD8	0.387182329403491	0.698621231029859	0.819259030811137	54	0.0968398640017908	6.45600371446089	2.62802955253893	0.00871691937302559	0.0113008653674991	-5.03511443988386	Non-Significant
CHUK	0.519377072392503	0.603497816606728	0.747982772827901	124	0.16240100313141	4.93496666112478	5.34637568335522	1.10695113966191e-07	2.20385223547483e-07	5.79858103574253	Non-Significant
CIART	-3.23516484920692	0.0012157251795618	0.0146191870401154	26	-0.728260988909593	2.76198010423096	-8.58393057279616	3.37402361838204e-17	1.84629927780469e-16	27.4983331619993	LUSC
CIC	-1.76677819970134	0.0772653810417168	0.188844996386446	53	-0.246179867446076	6.59084456568059	-5.59159876194383	2.88714252006504e-08	6.08462368039949e-08	6.91204724953076	Non-Significant
CIITA	2.89148237722048	0.0038342909602045	0.0243474128892202	344	1.18560490088398	4.86647463928463	13.9097199637463	2.08539087449813e-40	2.97476052565532e-39	80.3244000238277	LUAD
CIPC	0.272397832965823	0.785316138769519	0.872763074373947	66	0.0160368380999389	4.46426806545102	0.443974422904788	0.657155120260863	0.682406467668664	-8.15209869577559	Non-Significant
CIR1	1.90772003034541	0.0564274114206418	0.153043517419899	50	0.310671076449597	5.41879821754155	12.2153042176567	3.97444933241496e-32	4.11767085909037e-31	61.3069706985521	Non-Significant
CLOCK	1.32687089638795	0.184551393177795	0.335936076905488	65	0.229392642244895	5.26121873236643	5.51726453367284	4.36354003445499e-08	9.0292870095601e-08	6.66519961678282	Non-Significant
COMMD7	0.0835679742205362	0.933399930708712	0.96682108231667	129	0.00753407443496923	5.04395023293543	0.193147657361692	0.846881731352267	0.860860741149314	-8.29559133022511	Non-Significant
CPHXL	1.33603766315727	0.181536963231821	0.332222385306177	161	0.787841270600387	-5.87671998933011	9.75563935078931	1.47228507684811e-21	9.96963141087656e-21	37.4693950189515	VIPER Significant
CREB1	0.0694269940403417	0.944649742618376	0.97172115304032	52	0.0149095599592079	5.65801719820756	0.582545589777248	0.560327821394152	0.58892841375268	-8.21431747083931	Non-Significant
CREB3	1.22465974172177	0.220703448452514	0.37661322396484	227	0.25151349734462	5.5835186418483	6.18932166805772	8.73613292978945e-10	2.18557788843394e-09	10.4363755745478	Non-Significant
CREB3L1	2.35327220672679	0.0186090058283914	0.0730370062309206	58	1.7793936594043	5.10043528450907	18.3096356337856	5.57285103991843e-65	1.77575237935245e-63	136.679529919423	VIPER Significant
CREB3L2	3.42599795812155	0.000612544986983047	0.0118232739940313	84	0.817894997034829	6.85520764659223	18.4502175644009	7.94967195873578e-66	2.5815582267311e-64	138.448024669716	LUAD
CREB3L3	2.29985946121439	0.0214561834252627	0.0803030333556426	268	0.748040901286299	-4.40416371206251	7.20734694439431	1.10772666065976e-12	4.57812589630903e-12	17.6668927241748	VIPER Significant
CREB3L4	1.82307346345168	0.0682922651090106	0.173102022179598	109	0.562306393914994	4.11320348904125	10.6708843433859	2.82182530634397e-25	2.23858780510083e-24	45.7765676465496	VIPER Significant
CREB5	-2.55779927359776	0.0105336875329522	0.0494310199367438	63	-0.418418328504404	3.02448752380788	-4.88446476488744	1.2032022211342e-06	2.17810096245103e-06	3.6913025103714	Non-Significant
CREBBP	-0.639150617126504	0.522724954076977	0.677753647681556	36	0.00416646507714334	6.81628960945229	0.10482458646303	0.916535581703423	0.924830373448727	-8.5173629036282	Non-Significant
CREBL2	3.10271714270387	0.00191752817882816	0.0176723542967676	89	0.460508194643984	5.87968606070406	13.5936789673944	8.31932593507025e-39	1.11954842016173e-37	76.5527452684074	LogFC Non-Significant
CREBRF	3.26134148809101	0.00110886410342415	0.0145272474904149	134	0.640373567552595	4.43494684699608	16.1079295905663	3.44214186873788e-52	7.3554895661088e-51	107.38072793857	LUAD
CREBZF	0.830937718615819	0.406008814243056	0.571316391981632	88	0.220629197324114	5.96663498101077	5.14025208002861	3.28670007577658e-07	6.2466011706273e-07	4.62946657726275	Non-Significant
CREM	-0.072560231392048	0.942156074013314	0.971108981073673	118	-0.0231377704088148	4.39691875945708	-0.599164311268337	0.549196193538469	0.57808743279683	-8.0639080445352	Non-Significant
CRTC1	2.48814377534506	0.0128411808321743	0.0565011956615667	49	0.459963260889386	4.13633377369265	9.76207156896641	1.389311991672e-21	9.42173270901427e-21	37.3501056443941	Non-Significant
CRTC2	-0.0666709149995003	0.946843689244829	0.972999592262642	56	0.0944762685250405	6.00025488038618	3.169630152458	0.00157172553588752	0.0021780368767183	-3.42282788089771	Non-Significant
CRTC3	-1.59610384465172	0.110465610465429	0.238661709622247	26	-0.148936672624381	5.50905025407558	-4.87604315687836	1.25447190347898e-06	2.26670016747379e-06	3.38996796746283	Non-Significant
CRX	0.422489057832659	0.672668085848594	0.803431934411105	1305	0.117905105636897	-5.63804391585498	1.6972530446379	0.0899534872414859	0.105136510695246	-6.47103360559093	Non-Significant
CRY1	-0.222678299035199	0.823785892179353	0.899875032247173	61	0.0498533398176737	4.45449052846368	1.3722818388933	0.170277009193892	0.192663109275454	-7.30862075711873	Non-Significant
CRY2	3.15562262801326	0.00160155926543736	0.0160701606361502	138	0.610402188612217	5.1449331922973	14.2567014105106	3.41380192931796e-42	5.18059262649587e-41	84.3900658829617	LUAD
CSRNP1	3.43441408643999	0.000593836281940478	0.0118046470220866	78	0.83968737169613	4.98076867683815	15.2982735238032	1.00482192249548e-47	1.86838399211949e-46	97.0879140704201	LUAD
CSRNP2	0.404374089103466	0.685937650974728	0.812639510071971	19	0.120056858761182	5.29312690425529	3.83425238359284	0.000133653470483907	0.000202726582874681	-1.04086562077913	Non-Significant
CSRNP3	-1.95927843367277	0.0500801879907414	0.140940941718097	57	-0.593534317329007	1.08029493637357	-6.7579831891184	2.34766868997432e-11	7.18371387874485e-11	14.4186921342664	VIPER Significant
CTBP1	2.00925567461924	0.0445100260594563	0.130844128329954	59	0.371536257432812	6.29049885383888	12.4701622068462	2.52805214818178e-33	2.74401013716892e-32	63.9509122539251	Non-Significant
CTBP2	2.83589168266613	0.00456979417424463	0.0265619286377969	92	0.468305197500334	5.94821373105556	14.1598850316667	1.08267789896277e-41	1.62188806407009e-40	83.1585100656642	LogFC Non-Significant
CTCF	-1.7733157756378	0.0761763964209214	0.187000223745794	45	-0.176947795318534	6.00342720568617	-7.1816861861547	1.32483835870561e-12	5.42151006354486e-12	16.7462927263624	Non-Significant
CTCFL	-1.62869973684581	0.103376598506547	0.228657860047995	122	-1.93149204514407	-3.79422250132878	-9.79158075970046	1.06427359427912e-21	7.25221727866358e-21	38.1302852826424	VIPER Significant
CTNNB1	2.61563216475739	0.00890624456992372	0.044228583471029	69	0.32458843739483	8.89149129817251	8.5605840867596	4.07665499814835e-17	2.22259978509139e-16	26.6173672475033	LogFC Non-Significant
CTR9	0.231332340314282	0.817056624039557	0.893956071007986	35	0.124081346869875	5.8240693433064	3.8271294882472	0.000137522642704727	0.000208366684208194	-1.12841342320538	Non-Significant
CUX1	-1.62897675594908	0.103317939677313	0.228657860047995	29	-0.155914309726491	7.2614196938263	-4.15249338878794	3.56325193212623e-05	5.68053686107963e-05	-0.0237314654436442	Non-Significant
CUX2	0.702143396260446	0.482589741320165	0.641988693589765	48	0.36809311697012	-2.91380286979342	3.51128300142881	0.00046543392048898	0.000674947330231787	-1.52051733450339	Non-Significant
CXXC1	-1.63052842003126	0.102989863673695	0.228296057504203	41	-0.165522668736738	5.4399692036916	-4.35580313755328	1.45948487916259e-05	2.4035029627555e-05	1.04460074062053	Non-Significant
CYTL1	1.20778711395201	0.227129159338916	0.384054760336713	57	0.348130953461943	-0.537038952737344	3.52503328759337	0.00044220670751097	0.000642361721027974	-1.59995130139887	Non-Significant
DACH1	-0.774179975760533	0.438824368102418	0.599355578863516	82	-0.45368923323054	1.48334980588628	-4.41864604477642	1.09924110099662e-05	1.82992327046126e-05	1.71686303143095	Non-Significant
DACH2	-2.86497612978775	0.00417040677521506	0.0249929829230044	140	-0.680145191660261	-3.70139779180334	-4.78821326684063	1.93113118417522e-06	3.42990922866735e-06	3.69950502484431	LUSC
DAXX	-2.02431267598878	0.0429379901950625	0.128062868715886	39	-0.214594335472131	5.94499598061344	-8.03686844074194	2.53179636433904e-15	1.25370437916487e-14	22.9131675243934	Non-Significant
DBP	-1.87981655116026	0.0601330839503733	0.158982244635226	61	-0.282571113947786	3.6415682847328	-5.53566705410385	3.94122347372975e-08	8.19134359365362e-08	6.93506325318921	Non-Significant
DBX1	-1.80626285668581	0.0708772907406609	0.177279873906347	109	-0.568679672901878	-5.72308654229416	-5.86217220737505	6.16123557062624e-09	1.39674886036319e-08	8.94721861018209	VIPER Significant
DBX2	-3.33623499447435	0.000849213482348442	0.0133653137298839	76	-1.08277958445341	-5.44768711455386	-10.1659928118825	3.42055266689942e-23	2.48469848839789e-22	41.3618067046137	LUSC
DCAF6	-1.0520616326052	0.292771273577567	0.456910774782381	30	-0.205570708004902	6.3006885665099	-6.20095139918923	8.1360667167462e-10	2.04423320131945e-09	10.4229441885539	Non-Significant
DDIT3	-3.03798757024215	0.00238163778037541	0.0195683419606718	103	-0.479014245735994	3.70087870874325	-8.26520001026629	4.29971893020085e-16	2.21862808774026e-15	24.898412020177	LogFC Non-Significant
DEAF1	0.706818384566506	0.479679348134114	0.63978092977992	66	0.179622352279568	4.81478402456949	4.75537449081027	2.2650986090552e-06	3.99786204455964e-06	2.89852758619471	Non-Significant
DHX33	-2.12202003773231	0.0338360554057696	0.10995291161944	88	-0.47959304265201	4.76007013089659	-12.4914811560038	2.00395120460692e-33	2.18391359318129e-32	64.3432143593486	Non-Significant
DHX9	-2.45047959347552	0.014266604914249	0.0605590739721028	188	-0.322853771183516	7.72633384982687	-12.2935112372294	1.71407523291073e-32	1.80000616480272e-31	61.8783363507802	Non-Significant
DLX1	-2.90914454223346	0.003624192566759	0.0238566568639102	35	-3.57051680047261	-2.23280979994979	-25.1864182211182	2.88973690083375e-109	3.46926050112823e-107	238.602029136811	LUSC
DLX2	-2.81061774624599	0.00494464926846437	0.0276414000089565	47	-3.4950676034623	-3.0594678560674	-26.2530580892109	1.65799097563904e-116	2.46323574273253e-114	255.191003906423	LUSC
DLX3	1.33644904011848	0.181402546423767	0.332222385306177	100	0.102295911644004	0.837853072672264	0.714371573727983	0.475160675312526	0.505384952513692	-7.63473888507739	Non-Significant
DLX4	-0.850572988504113	0.395006599538888	0.560460126668908	72	-0.0935344166566843	1.43906703899816	-1.03516575774418	0.300836535841295	0.329544936690149	-7.41119407223312	Non-Significant
DLX5	-3.71608104420937	0.000202336705195847	0.0111506849976282	152	-4.22659869314643	1.16431699343539	-33.8554309138868	4.46996809071727e-169	3.90642343716258e-166	375.981211738786	LUSC
DLX6	-3.35901902509404	0.000782196821562589	0.0133364558076421	118	-4.79913080966499	-0.42790612532881	-27.3017829755911	1.10833214986988e-123	2.07775566783336e-121	271.710041791852	LUSC
DMAP1	0.769181748207963	0.441785423950059	0.602595318267881	55	0.218569320477806	5.01972029008043	5.43565989502447	6.82817099893998e-08	1.38675273556613e-07	6.25751079925828	Non-Significant
DMBX1	1.98845543864888	0.0467613426746051	0.134941758973543	167	0.687475256064042	-0.951059771715584	4.29914816696787	1.87869021691352e-05	3.06607320244198e-05	1.40994339152885	VIPER Significant
DMRT1	-1.939481608359	0.0524427218790742	0.146381731193159	40	-2.81720829850475	-3.2489966702286	-19.2852527891777	6.49706515807808e-71	2.46237940783869e-69	150.674580420021	VIPER Significant
DMRT2	-3.6815772889806	0.000231795497736461	0.0111506849976282	111	-4.05620621345039	0.241437263636011	-24.9762542687568	7.58189453458612e-108	8.71507246628336e-106	235.37080776846	LUSC
DMRT3	-1.10069210632387	0.271030682937905	0.433225607258557	38	-3.28202368328434	-1.5285594203781	-19.7260300531657	1.21672457724274e-73	5.03175305858066e-72	156.912604701108	VIPER Significant
DMRTA1	1.16358841586533	0.244590848161575	0.401954116737817	107	1.04410566790765	1.20635923112363	7.7774935920788	1.80195600499456e-14	8.46922172641663e-14	21.4484521047372	VIPER Significant
DMRTA2	-2.03716546115177	0.0416334637482825	0.124900391244848	41	-2.08803551570346	-0.338355252339725	-10.0293873505399	1.21343097919784e-22	8.60405235661498e-22	40.1447971451199	VIPER Significant
DMRTB1	-1.27687019879057	0.201648076906031	0.352878023525759	230	0.15671156671022	-6.18390622089142	2.1804130777654	0.0294545163450013	0.0362873632861577	-5.8061326166604	Non-Significant
DMRTC2	3.23373254057442	0.00122183821303018	0.0146191870401154	272	1.30073815245757	-5.18002268786968	9.51293078826305	1.28442054310423e-20	8.31201781716816e-20	35.5719410734409	LUAD
DMTF1	-0.788632055294472	0.430327089952636	0.591699748684875	222	-0.152396477487414	5.44572686240655	-3.6681280618746	0.00025694268074539	0.000380373482018192	-1.67304715916167	Non-Significant
DNAJB1	-2.87743806155045	0.00400918607349363	0.0244617331085836	54	-0.948538948299284	7.41579174021553	-21.0021010204752	1.09844278520595e-81	5.79726104764068e-80	174.829553557736	LUSC
DNMT3A	-1.77424849592961	0.0760220557120366	0.186948468734167	54	-0.157698710631202	5.75021717424518	-3.4801976146735	0.000522210066853493	0.000753804504430579	-2.37163182829787	Non-Significant
DNMT3B	-2.70661172573158	0.00679737057026787	0.0354781127213471	65	-0.758195174206685	2.72278551610048	-10.3342921070575	7.05417892389678e-24	5.27505588159575e-23	42.714869869275	LUSC
DNMT3L	-1.04271692985909	0.29707941453498	0.461872706792225	266	-0.00193459630957354	-6.02588992787639	-0.0261921050803988	0.979109229426722	0.981206141267147	-8.09780360841429	Non-Significant
DOT1L	-2.73118317931347	0.00631073847155285	0.0335961339462268	43	-0.465107099503387	5.01630149608941	-9.95141793839575	2.48435801438489e-22	1.73548775973728e-21	38.9653059990108	LogFC Non-Significant
DPF1	-3.65213986985438	0.00026006416276882	0.0111506849976282	43	-1.870072288438	-0.158403016780292	-20.5557722301136	7.55473568574889e-79	3.61186868541432e-77	168.828622133832	LUSC
DPF2	-1.64785220741325	0.0993830027292497	0.223693755317981	27	-0.221117624769077	5.89238246490334	-8.50557708851181	6.35518833724088e-17	3.43242549593032e-16	26.5540886980766	Non-Significant
DPF3	1.76469408923995	0.0776151925181726	0.189061430592664	62	0.549800598176719	-0.851040613544549	7.46274183872603	1.81020429327898e-13	7.98330319381745e-13	19.3416551126224	VIPER Significant
DPRX	0.465675078011523	0.641448093858874	0.776569704162874	263	0.217935400473201	-6.31178475362905	3.97933607823743	7.39916486543508e-05	0.000114746912958823	-0.380465308241516	Non-Significant
DR1	-2.61063635116971	0.00903739368274316	0.0447712045396913	171	-0.3162628374352	6.23051301161215	-10.7215371012143	1.72631453930378e-25	1.38149332247785e-24	46.0413009117113	LogFC Non-Significant
DRAP1	-0.456746204684939	0.647853476175774	0.781089105630898	114	-0.217889682508263	6.13544486286503	-5.6262964365576	2.37692072972376e-08	5.05577394342295e-08	7.1551786428018	Non-Significant
DRGX	3.27479417863881	0.00105738981830829	0.0142376383366781	56	2.20981119648288	-2.60237228164352	13.2218170388182	5.90746855747832e-37	7.40327148809077e-36	72.9183944399398	LUAD
DUX4	-0.100246399584124	0.920148709972679	0.960032769303468	291	0.197410640851299	-6.46844100763049	5.05445864447978	5.11240494286124e-07	9.56324997763275e-07	4.31588082224687	Non-Significant
DUX4L4	0.260655064461129	0.794358521723455	0.877095270073497	241	0.206320362202759	-6.58363508318317	7.21809621547131	1.02754284429806e-12	4.26363556822379e-12	17.0728628480276	Non-Significant
DUX4L9	-2.05670025953407	0.0397150671980884	0.121117978122228	49	-1.60775917746927	-4.55140725372339	-11.7082539012278	8.42348784479262e-30	8.03761419641123e-29	56.5829452934364	VIPER Significant
DUXA	-1.36743576131057	0.171488759595583	0.321011895821191	357	0.006695273602573	-6.00951995284632	0.0982786226095614	0.921730336236008	0.929472420611845	-8.08507962011276	Non-Significant
DUXB	0.878401518737864	0.37972586048144	0.545206393364931	262	0.325328387487327	-4.39383764448412	3.47208647323154	0.000538053983048626	0.000775921134961554	-1.64722189420712	Non-Significant
DYRK1A	0.25533960954602	0.79846080959057	0.880967307492019	37	0.0452028049394468	6.0776733813558	1.52282503851137	0.12811202502353	0.147168354424211	-7.27447004807459	Non-Significant
DYRK1B	-1.25566447184863	0.209237645529791	0.363104514634395	30	-0.0602877436429455	4.5552179759967	-1.18699018109678	0.235507497597936	0.261749874876144	-7.55629321668678	Non-Significant
E2F1	-2.05009173584133	0.0403554796993648	0.121601342363624	76	-0.415350472202067	4.4283885965072	-6.55151496760543	9.01400695413239e-11	2.56046743111336e-10	12.7817781305621	Non-Significant
E2F2	-2.72086702220902	0.0065110947824656	0.034113863314215	75	-1.05435606361567	3.05502796509653	-16.4289251013622	5.35705100653551e-54	1.21601783867603e-52	111.641660492719	LUSC
E2F3	-1.36027313354356	0.173743506951182	0.323456974724403	41	-0.130817032018998	4.92309295425556	-2.94894552137509	0.00326123695026997	0.00439229281669145	-3.9694732105049	Non-Significant
E2F4	-2.4052738379984	0.016160351278567	0.066260678789475	88	-0.360916722616398	6.28014864769285	-12.3549605976686	8.82781392972598e-33	9.37306589962169e-32	62.7089762209592	Non-Significant
E2F5	2.70238380081786	0.00688442433054624	0.0356595751399939	74	0.671181049215711	3.0937883205875	12.2968401009387	1.65365711405506e-32	1.73901754232791e-31	62.4004604811657	LUAD
E2F6	-2.83812203221393	0.00453798293210243	0.0265277516545188	97	-0.336418507122613	3.95197390010917	-9.6918705956208	2.61226723374699e-21	1.75431353712151e-20	36.7431121081505	LogFC Non-Significant
E2F7	-3.6016717097343	0.000316177480212428	0.0111506849976282	159	-2.43586988491506	2.71441442913928	-29.2801229648715	2.52917881599497e-137	7.36772105383004e-135	303.050257953868	LUSC
E2F8	-1.74656712281139	0.0807124543151307	0.194737831991459	36	-0.284396644413077	2.74877156227528	-4.24619349071682	2.37251326319696e-05	3.83827473095052e-05	0.86277894492709	Non-Significant
E4F1	-0.808312092563727	0.418910942946464	0.583055638958139	122	-0.0605075778636548	4.80871550472628	-1.56210952566777	0.118571966499466	0.136719304859694	-7.06911479817047	Non-Significant
EAF1	1.5395803625935	0.123662675226466	0.256229237972068	99	0.286761190336354	4.41252572867222	10.9161703544384	2.5690503026222e-26	2.12219839218696e-25	48.1241451915511	Non-Significant
EAF2	-2.18400110323484	0.0289621669929617	0.0999268021376046	82	-0.420089263197207	2.10263235906402	-8.46225231392835	9.00045560807695e-17	4.82299436809007e-16	26.5901395739871	Non-Significant
EBF1	1.3500751497442	0.176991878565516	0.327418972463875	71	0.219511013299828	1.92730016711139	3.43264304662817	0.000621698160052498	0.000892234750710969	-2.13652512057281	Non-Significant
EBF2	2.17604965176913	0.0295515480762473	0.101215271466122	59	0.839094451955316	-0.685194389975442	9.80679373944756	9.27409906801956e-22	6.33339330401285e-21	38.1550601324916	VIPER Significant
EBF3	-1.62255688892968	0.104684162669623	0.230203435748074	68	-0.686039963849531	-1.66570047687596	-5.22520515876008	2.10843371561447e-07	4.0845576482534e-07	5.76095520003873	VIPER Significant
EBF4	-1.17503079045273	0.239982397537911	0.397896260423474	98	0.0155120721446386	3.38776982864863	0.206892688321737	0.836134905338511	0.851072023491911	-8.11657766224945	Non-Significant
EDRF1	0.402507997063092	0.687310204118985	0.813794373626992	49	0.0825764238920997	3.63986192165418	2.14311676035588	0.0323394536763072	0.0396745812060675	-5.87206442183184	Non-Significant
EED	-2.47150124613549	0.0134547082355085	0.058076652003904	103	-0.212021296273071	4.46025030703208	-6.39362037458724	2.46032735535035e-10	6.58840454877458e-10	11.7964589910517	Non-Significant
EGR1	-1.0248718884406	0.305423640487341	0.469633072793658	55	-0.115922700213855	7.36012944603112	-1.43568749124403	0.151397464971692	0.172417637324609	-7.56110839660641	Non-Significant
EGR2	-1.58610045648332	0.112716523346832	0.24224580542817	56	-0.468077791667199	3.72317146528686	-6.06527956378481	1.85251892826489e-09	4.45815349275118e-09	9.90118986330734	Non-Significant
EGR3	-1.88208970817705	0.0598238365031982	0.158754305428721	49	-0.455748688233954	2.71485430915039	-5.32803945556134	1.22134629925058e-07	2.42105962592363e-07	5.92996699135706	Non-Significant
EGR4	1.57652546802033	0.114904754155253	0.245658439918127	96	-0.0187340993322577	-2.48877299137097	-0.139568000388689	0.889028841065793	0.899441885936378	-7.64694906321504	Non-Significant
EHF	-0.0465499558887636	0.962871918171095	0.980117385362219	76	0.0711310963068485	7.06933434277157	0.82226988186829	0.411115231800949	0.44154662655715	-8.21629319263426	Non-Significant
EHMT1	-1.18973247246713	0.234151558072725	0.391634998627017	52	-0.240094321762186	5.83726918263062	-6.46567804400688	1.56006413971291e-10	4.2889494647816e-10	12.0909188127254	Non-Significant
EHMT2	-0.64267207585428	0.520436903952251	0.676501845925226	41	-0.0690381181765093	5.66640478749691	-1.69178812754426	0.0909914145960346	0.10629109341298	-6.95527970186415	Non-Significant
EID1	-1.38376677705344	0.166429878948438	0.315000492440799	78	-0.123096645609694	7.0086532506515	-3.91867344303935	9.49650615240756e-05	0.000145947261590753	-0.921359507446413	Non-Significant
EID2	-2.01740754511991	0.0436530005316023	0.129066530473495	45	-0.401995192462693	3.74867012478041	-9.89444757575245	4.18181384078999e-22	2.89979756262108e-21	38.57657137786	Non-Significant
EID2B	-0.820543380100046	0.411906410018148	0.577233229381596	137	-0.0214620740231882	0.426290695414383	-0.375436722508242	0.707413652866568	0.730447954909414	-7.78141987277163	Non-Significant
ELF1	1.16638184921405	0.243460093768812	0.40170915471854	79	0.0845482818910571	6.15411484865195	2.59498776240475	0.00959502994291158	0.0123930416087243	-5.08466381329413	Non-Significant
ELF2	1.57362624744629	0.115573881504388	0.24623952780148	58	0.174707343213264	4.97599722949166	6.90088490713132	9.0566243981711e-12	2.90876083937802e-11	14.9745300457808	Non-Significant
ELF3	3.53345123458823	0.00041017175067637	0.0111506849976282	151	0.863287230832242	7.20133728261868	11.7906355412537	3.56890807858186e-30	3.45366390467162e-29	56.6369046532829	LUAD
ELF4	-3.03439617055387	0.00241017701568391	0.0195683419606718	61	-0.65392052001188	5.72753309506888	-14.6386622984543	3.41911140529529e-44	5.58360905420399e-43	88.9144126295443	LUSC
ELF5	2.57384710645539	0.0100574706756908	0.048078469631924	183	0.524257813988532	1.83753430284401	3.43002098364804	0.000627667323669899	0.000900410033402478	-2.13686703378089	LUAD
ELK1	-3.21774852090942	0.00129201043352967	0.0150196212897824	72	-0.472160557652443	5.42077004993995	-15.759861601588	2.97450945038505e-50	6.01245486762015e-49	102.845427674155	LogFC Non-Significant
ELK3	0.990708896536206	0.321827745662137	0.483450490179686	158	0.271859842572651	5.93094500866133	5.82015320976015	7.86461937106681e-09	1.75955614626857e-08	8.25455195041685	Non-Significant
ELK4	-0.983615036982532	0.32530482884959	0.486175076571411	37	-0.125936906276202	5.99873085158785	-3.32015932518687	0.000931484148312985	0.00131698012185468	-2.93894175517823	Non-Significant
ELL	-1.09693900670249	0.27266805576018	0.434654452356509	26	-0.197609806686805	4.34822789394889	-6.37293209798526	2.80179850505089e-10	7.44810913709055e-10	11.6811350150366	Non-Significant
ELL2	1.09441085158402	0.273774826752661	0.434893862993745	192	0.0469612874947133	6.3646253017619	0.98383233905766	0.325430950888199	0.354746957194824	-7.98360671371181	Non-Significant
ELL3	0.840179500088617	0.400807750630796	0.56594386320953	79	0.352071466314047	-3.13700271374086	4.66171583979433	3.55100009700414e-06	6.16384165103006e-06	3.1044215362729	Non-Significant
EMX1	-2.27114362800553	0.0231382846560245	0.0849674498193794	26	-2.70961045780309	-2.425426935623	-18.2301524254208	1.67036222065986e-64	5.26882248870241e-63	135.98019306283	VIPER Significant
EMX2	-0.986638355248036	0.323819960189424	0.485018769068493	57	-1.33502879540582	-4.60435635293608	-9.65903566107911	3.50530396688778e-21	2.33766915991741e-20	36.9332970416448	VIPER Significant
EN1	-3.65375813724693	0.000258429718045105	0.0111506849976282	66	-4.88861295121657	-2.47237943864243	-29.8496678599967	2.87090747249273e-141	9.58479878470931e-139	311.981342461098	LUSC
EN2	-1.51686794585411	0.12930002798189	0.264213579272957	48	-1.8362281251846	-1.5078414781753	-10.2135071916017	2.19498119817643e-23	1.60483695452794e-22	41.9020921012209	VIPER Significant
ENY2	-0.791341254940525	0.428744880382093	0.590317648224605	101	-0.122959827779387	5.79729164638851	-3.97646568806426	7.48761778228259e-05	0.000116073212977099	-0.550915253862613	Non-Significant
EOMES	0.958404422579695	0.337858865990874	0.502368633588175	79	0.0892182414605585	0.80629788831584	0.991629144356176	0.321613330351016	0.350829975086637	-7.39556645241466	Non-Significant
EP300	-1.76629082036533	0.0773470708562278	0.188844996386446	66	-0.28668904266159	6.79736596087845	-7.34443760631458	4.21787786785872e-13	1.80835313507857e-12	17.7770131942552	Non-Significant
EPAS1	3.29005857371124	0.00100166529326735	0.0140463679559763	67	0.828007378093695	7.99979283392899	14.2163929693599	5.52340379995537e-42	8.32460861323733e-41	83.5912527487361	LUAD
EPC1	2.93317670325278	0.00335512877940689	0.023035548599552	32	0.385815353066706	4.45042881748584	13.1964145371617	7.88076270298764e-37	9.83680078030764e-36	72.1694425994677	LogFC Non-Significant
EPC2	1.71229364825318	0.0868425666358127	0.204229760157325	48	0.202706125969935	4.91419181024259	6.6153203966995	5.97107405934615e-11	1.73474953862021e-10	13.1333134154375	Non-Significant
ERF	-3.53019360641357	0.00041525567552631	0.0111506849976282	38	-0.726074975447647	5.54187759533489	-18.0177013422135	3.10400121397846e-63	9.45471451271644e-62	132.629696694068	LUSC
ERG	0.166884448953015	0.867460969487767	0.926317924620027	40	0.324265552374278	3.65529161861368	5.7271786247335	1.34228700344946e-08	2.92974215866571e-08	7.97984687264671	Non-Significant
ESR1	3.10117573872436	0.0019275385592369	0.0176849501892318	35	1.61285337535943	2.02203733734294	15.4642245409982	1.25390163699727e-48	2.39292269048929e-47	99.4055711719684	LUAD
ESR2	-0.451131923372832	0.651894470790491	0.784574168963144	120	-0.230556148114461	0.140278867657196	-3.61048067954146	0.000320477005896635	0.000470525423199411	-1.3536841422107	Non-Significant
ESRRA	-0.178668441191466	0.858198050683143	0.922202317068125	89	-0.0678720053889956	5.30419877012465	-1.63026327779183	0.103354188646449	0.12000838938438	-7.01580252735975	Non-Significant
ESRRB	-1.10615812689596	0.268658083234257	0.431455603059097	115	-0.421558099343005	-2.33981966629759	-3.37968707033388	0.000753127201051208	0.00107300448747022	-1.99052134206693	Non-Significant
ESRRG	0.550052634754669	0.58228327256791	0.727765165347552	161	0.122975854498365	-0.0354171549445222	0.869208179749021	0.384937485253174	0.415241966530049	-7.43383738279959	Non-Significant
ESX1	-1.44795866481112	0.147628611168661	0.290710431617979	133	-0.0392408317927018	-5.97683267035044	-0.409268308950282	0.682428579406727	0.706601442457462	-7.98969823734579	Non-Significant
ETS1	1.7723687389554	0.0763333675222788	0.187039604731236	86	0.492800720058176	6.31631097820318	7.85707595584321	9.92607011365688e-15	4.74177305984154e-14	21.5239744695701	Non-Significant
ETS2	-1.02908119567231	0.303441521714487	0.467853318332962	111	-0.204316796905665	7.3165694381602	-3.66991481467938	0.000255176736032835	0.000377900415974464	-1.89139598899678	Non-Significant
ETV1	2.91541094745781	0.00355220465618652	0.0237510154462667	54	0.775311693026581	4.50030968579386	9.46100153681905	2.02988000372867e-20	1.30269631729572e-19	34.6594020992855	LUAD
ETV2	-2.9356878777799	0.00332809005501865	0.0229268426012396	120	-0.661259194191138	-0.0960302476694788	-11.9652009324378	5.69920353864996e-31	5.68361417505205e-30	59.1335508196562	LUSC
ETV3	-2.38233653642387	0.0172031677269074	0.069150650627215	23	-0.330219112757162	5.5661004472754	-9.05551430149102	6.74071038243193e-19	4.0239095519516e-18	31.082062512762	Non-Significant
ETV3L	-2.05027916478057	0.0403371965790953	0.121601342363624	428	-0.512079061894921	-5.02868492297592	-5.30881111410827	1.35359138703475e-07	2.672066016387e-07	6.18155623174742	VIPER Significant
ETV4	2.52854022370078	0.0114537961126068	0.0520765929919855	107	0.586479292008696	4.8731151093595	6.27738722613771	5.0818688275661e-10	1.30685109185067e-09	11.0438021174108	VIPER Significant
ETV5	-0.677984617838131	0.49778144626925	0.657920438673698	45	-0.0277189807081313	5.38732282270684	-0.383126653915886	0.701705582802634	0.724957105565135	-8.27954212272866	Non-Significant
ETV6	0.783664995445626	0.433236707332835	0.594052097987657	52	0.0411724067948945	6.02120806662878	1.0114748400996	0.312028772812341	0.341038289596097	-7.91501299972519	Non-Significant
ETV7	1.2287292526309	0.21917333463456	0.3746271033102	78	0.502184793391841	3.10073070095822	7.0651946657419	2.96484245212557e-12	1.00525870030505e-11	16.2605097199112	VIPER Significant
EVX1	-0.375071356822443	0.707607398568804	0.823858139088089	103	-0.515291531076066	-4.75061558302939	-3.98315235790716	7.28309554905606e-05	0.000113017683098432	0.202383266326005	VIPER Significant
EVX2	-1.88090671448715	0.059984609685455	0.158974755720778	47	-1.05219656592971	-5.19943287908603	-9.98696422978256	1.79299977048353e-22	1.2620229463523e-21	39.7912727959027	VIPER Significant
FAM220A	-2.25776283845521	0.0239604492078693	0.0867104836467419	117	-0.404170315845033	4.66799224390087	-11.2263537205945	1.16818029103857e-27	1.01925488409263e-26	51.1655497834511	Non-Significant
FAM220BP	-0.431221001691265	0.666307684691815	0.799100540960992	686	0.0538136232628005	-6.14978136128577	0.971388312353706	0.331584931564451	0.360971949075467	-7.68925299321091	Non-Significant
FBXL19	-1.70818899843723	0.08760127921199	0.205541533563912	48	-0.296063806406946	4.66651066288846	-6.04064463393049	2.14733865084629e-09	5.12510116887596e-09	9.65960902360917	Non-Significant
FERD3L	0.345963494185367	0.729370149982902	0.837222792158678	328	0.226054786440949	-6.54728401092557	6.91991113733797	7.96745197892761e-12	2.57761320023807e-11	15.0739756625744	Non-Significant
FEV	0.152010175579785	0.879178909970043	0.933931574613159	330	0.289494576082572	-5.44616631631164	2.8131900899558	0.00499933610154745	0.00662361320075491	-3.8894207175182	Non-Significant
FEZF1	-0.121131035494338	0.90358724739266	0.949532361666863	79	-0.396100842044019	-0.135953188916429	-2.232038515926	0.0258286521128909	0.0320141685079314	-5.31944482124669	Non-Significant
FGF1	0.262951996271154	0.792587578790768	0.875612411558268	48	0.159439553123495	1.67560049591904	1.9030132129915	0.0573197835993959	0.0684334373987724	-6.1620428173249	Non-Significant
FGF2	-2.52863791197706	0.0114506090207187	0.0520765929919855	39	-0.693618506293192	1.62688247567743	-8.1901832096422	7.73455600643422e-16	3.93663463338786e-15	24.5116518040117	VIPER Significant
FGF7	0.954452415971271	0.339854684773177	0.503871510902841	66	0.653983289819049	2.73148090229065	7.04239774771871	3.4664197470484e-12	1.16673610278571e-11	16.1423268809909	VIPER Significant
FHL2	0.166165828608761	0.868026450377126	0.92643824594241	200	0.216513832072132	5.47111082906944	2.54732481164323	0.0110008873932036	0.014125050993149	-5.12692897590415	Non-Significant
FHL5	2.16176692315864	0.0306361462479372	0.103091756344119	110	1.10918739709421	0.038090840704323	12.2198345383646	3.78587008376589e-32	3.92434853423959e-31	61.8159906470302	VIPER Significant
FIGLA	0.49822880600158	0.61832278118718	0.760726644803951	365	0.148387964503161	-5.9958877194403	2.17898286364728	0.0295609146530645	0.03641089549791	-5.71445989868855	Non-Significant
FLCN	-0.353004509001554	0.724085060185796	0.833622262102365	51	-0.0272147855126715	4.64749568676366	-0.760559862070217	0.44709554055058	0.47745735135673	-7.98129549664052	Non-Significant
FLI1	2.06648571034165	0.0387826403074105	0.119601296021062	175	0.625198055941292	3.94080898432379	10.1771088691257	3.08379926507544e-23	2.24364518763024e-22	41.1405195825284	VIPER Significant
FOS	1.52555162562362	0.127121567240719	0.260873346614354	65	0.68034257161244	7.42919932502762	7.75767382941028	2.08875507998521e-14	9.77466321271603e-14	20.6560291405956	VIPER Significant
FOSB	-0.0996466626456001	0.920624846721904	0.960039977774218	72	0.0932322514394716	4.76568724916818	0.697234570548819	0.485814678655135	0.515858001437278	-8.04036523056068	Non-Significant
FOSL1	-2.89394403332608	0.00380435964451639	0.0243474128892202	148	-1.67622298345756	3.37075871261175	-15.6159035230132	1.84907031544432e-49	3.62775508867315e-48	101.208973318321	LUSC
FOSL2	-3.30195789164122	0.000960124826080761	0.0139320240720655	63	-0.691602418776758	7.77862435557828	-14.2687088241998	2.95742485949925e-42	4.49951067909528e-41	84.2406892335473	LUSC
FOXA1	3.06550833046627	0.00217300324017734	0.0188756242644912	78	1.23724971984941	5.38495584531315	12.3783667814986	6.85190288136263e-33	7.31694577773113e-32	63.0576967451721	LUAD
FOXA2	3.24809446995658	0.00116180689823546	0.0145272474904149	40	3.47722491853052	2.08081738081602	22.1335460120473	5.55276096489082e-89	3.63418420551285e-87	192.008202895368	LUAD
FOXA3	3.32534455446827	0.00088309327968892	0.0136879458351783	69	2.47310640732925	0.532043019807934	18.3550106921057	2.97479414510289e-65	9.51982184496658e-64	137.617287437769	LUAD
FOXB1	2.37748598402979	0.0174311054140112	0.0698139945695621	120	1.61888205038654	-2.82334445710932	10.4050829573187	3.60892677106493e-24	2.73730301498501e-23	43.7366834791221	VIPER Significant
FOXB2	-2.42831140674565	0.0151693121788696	0.0633152243797017	79	-0.589140182380659	-5.98025695324131	-6.5023027154914	1.23547748240114e-10	3.44471804197487e-10	12.6391577778753	VIPER Significant
FOXC1	-1.17587043916846	0.239646653125401	0.397661842899084	43	-0.579231909708118	3.48159513681162	-6.33194439821656	3.62066763443872e-10	9.48826632763549e-10	11.5185109377291	VIPER Significant
FOXC2	-2.3076094991082	0.0210208657028126	0.0794985050424301	55	-0.873478358362259	-0.808905835363695	-7.7369833229525	2.43612195555605e-14	1.13519500864761e-13	21.3097324332709	VIPER Significant
FOXD1	-3.62761668941393	0.000286049506818492	0.0111506849976282	46	-3.73088630393514	-1.06418413062532	-26.6956042892796	1.57696789746421e-119	2.58879754813827e-117	262.165903317196	LUSC
FOXD2	3.6675736299707	0.000244863051292386	0.0111506849976282	120	0.834513078285733	0.166907363623846	12.0176074389997	3.27292042813803e-31	3.2843607275069e-30	59.666508151923	LUAD
FOXD3	-1.03932748036772	0.298652458522758	0.462911310710275	42	-1.76525374874084	-2.79618101858779	-12.7120463201509	1.78121986409955e-34	2.02666193497691e-33	67.2567634870496	VIPER Significant
FOXD4	2.00689891226039	0.0447604277060877	0.131203202129879	72	0.543750068598861	-2.01190999096671	5.84606818658131	6.76669145448255e-09	1.52498833124326e-08	9.11054750531668	VIPER Significant
FOXD4L1	0.668585422028755	0.503759974422015	0.663442560619914	31	0.493441616454298	-3.031424584356	5.65818397696589	1.98606494023522e-08	4.26224698289547e-08	8.10439288883183	Non-Significant
FOXD4L3	2.41397112609074	0.0157797127864356	0.0649466982030883	349	0.203309556211862	-5.77190386570111	3.09397911226764	0.00202861202458268	0.00278120995674053	-3.20818044865335	Non-Significant
FOXD4L4	0.831963813106976	0.405429370509113	0.571142442936545	473	0.146037323906432	-5.48483524009896	1.91696953011188	0.0555205674384157	0.0664041049200541	-6.01132349670549	Non-Significant
FOXD4L5	1.26476950364329	0.205953966477761	0.359540798134385	287	0.205716052932889	-5.8146780950515	2.9359515386712	0.0033997939505159	0.00457113407763317	-3.70084435869496	Non-Significant
FOXD4L6	-1.02181608819045	0.306867953395676	0.469945592556076	309	0.0266922866951586	-6.06372922551451	0.458600901046856	0.646618356890546	0.672475396292298	-8.01203131113919	Non-Significant
FOXE1	-3.34851969638861	0.000812445057149547	0.0133653137298839	270	-5.92702824188512	1.68274192271705	-29.6954566932399	3.36294150262045e-140	1.06302938657567e-137	309.666708605059	LUSC
FOXE3	-2.13590865224179	0.0326868602283306	0.107866638753491	248	-0.507544055333929	-3.99343001810196	-4.08464192234931	4.7599275145821e-05	7.504927234859e-05	0.641904906226277	VIPER Significant
FOXF1	0.719308832692702	0.471950654881977	0.632358244851687	37	0.321252711824438	2.58937789099504	4.75834693635066	2.23271814288487e-06	3.94223314844517e-06	3.1390483728462	Non-Significant
FOXF2	-1.3720720972674	0.170040994710561	0.31896482253734	48	-0.664112039302773	2.64116000809732	-8.58946982463538	3.22572995798586e-17	1.76742996692998e-16	27.5538014516512	VIPER Significant
FOXG1	-0.717058592659951	0.47333794392549	0.633801985125361	124	-0.516059829599536	-4.69896543051072	-3.18408574277137	0.00149604527051256	0.00207664865670255	-2.6160163846384	VIPER Significant
FOXH1	-1.58143770003278	0.113777993148853	0.243851660143931	93	-0.489180463386959	-2.95087943366152	-4.1192443623657	4.1086162491383e-05	6.51361178704926e-05	0.764434464947662	Non-Significant
FOXI1	-2.0920678064587	0.0364324505246072	0.115032089156399	193	-0.952477334168943	-3.9191500659038	-5.6373012282422	2.23425467789342e-08	4.76647949250331e-08	8.00450299877764	VIPER Significant
FOXI2	0.762074472610798	0.446015557505838	0.606747227830415	135	-0.170552918922367	-3.73353752571109	-1.27676483900269	0.201975485168791	0.226250158472522	-6.80777502154374	Non-Significant
FOXI3	-0.590466850795461	0.554877703521847	0.704476158841248	56	-1.23409107622963	-1.07696578083847	-6.04696165876646	2.06764469827491e-09	4.94462460701742e-09	10.2141441661481	VIPER Significant
FOXJ1	1.74937149077654	0.0802268255664729	0.194023741263597	228	3.18955627770787	2.88083965630548	20.4643934296092	2.85814819428167e-78	1.34163643555748e-76	167.366800228917	VIPER Significant
FOXJ2	-1.53533482511815	0.124701604014296	0.257197058279485	28	-0.370904729783601	5.23822637826533	-10.4322630628817	2.78743698055468e-24	2.12207298800183e-23	43.3915327928812	Non-Significant
FOXJ3	-0.0939767949187687	0.925127590114806	0.961821610014563	41	0.0836330952477191	6.04518835793678	2.5347303605581	0.0114017471281945	0.0146204821894358	-5.22539684039648	Non-Significant
FOXK1	-2.29072726142033	0.0219791928884376	0.0820610011856631	38	-0.570988580903039	6.11810483466159	-11.2342455295197	1.07890450793709e-27	9.42605971672705e-27	51.0905371893107	VIPER Significant
FOXK2	-1.31869986129162	0.187269473179955	0.33924750374421	62	-0.327522743578543	6.33610939874814	-9.17699260154107	2.39180979306202e-19	1.4572286300215e-18	32.0195070235143	Non-Significant
FOXL1	0.320327645415538	0.748719968349504	0.850629351343665	74	-0.212984094219926	1.00991152930073	-2.19283417413397	0.0285442644405894	0.0352177885419364	-5.50810357972249	Non-Significant
FOXL2	-3.04267727905951	0.00234483654740737	0.019502177138193	64	-4.25420716921759	-2.60070673618402	-24.2722135096737	4.09003835552617e-103	3.99767614068838e-101	224.492202655867	LUSC
FOXM1	-3.02274068592031	0.0025049679404972	0.0200201734619425	265	-1.73088227077943	5.24812535845695	-22.6674242825098	1.79869065371492e-92	1.29879452586047e-90	199.827720603781	LUSC
FOXN1	-3.48886454804084	0.000485076884666462	0.0111506849976282	44	-3.66193324981806	0.215492854412792	-25.1195387972855	8.17891530826413e-109	9.72096800048425e-107	237.590813986462	LUSC
FOXN2	-2.51660595782535	0.0118491265648428	0.0535172471339259	116	-0.265658766522526	4.72809256005009	-6.36945295756034	2.86360600338585e-10	7.60193391315116e-10	11.6197759394202	Non-Significant
FOXN3	-1.45873048433358	0.144639302283065	0.285451413281934	40	-0.357521594220999	5.74996889680492	-7.92734700550274	5.83761153037653e-15	2.82754699173271e-14	22.1120377016833	Non-Significant
FOXN4	0.204607857667198	0.837878515755568	0.907366722667289	187	0.31828858960634	-3.77894433621581	2.04448237953046	0.0411618944185548	0.0499260720402379	-5.53799011435543	Non-Significant
FOXO1	-2.99271636468611	0.00276506593040432	0.020699272458472	49	-0.466944374851204	4.58294067079596	-9.71415358099401	2.13870051619186e-21	1.44165784455233e-20	36.8782608249071	LogFC Non-Significant
FOXO3	-1.9788489291039	0.0478330177179303	0.136441494248056	31	-0.333456831612875	5.79690648142081	-7.86114306063021	9.62680219771446e-15	4.60139929384362e-14	21.6139393753333	Non-Significant
FOXO4	2.40064075578337	0.0163663950569867	0.0667699489554629	20	0.332064296945539	3.94886779222528	7.62087732702098	5.73812721626246e-14	2.61683436482871e-13	20.0533531247608	Non-Significant
FOXO6	0.958439948946366	0.337840958891484	0.502368633588175	113	0.132774882712288	1.47281537081638	1.24332945400716	0.214031774225046	0.239016560121616	-7.17762370375768	Non-Significant
FOXP1	3.52905565288224	0.000417045416734024	0.0111506849976282	112	0.969264319661456	5.05893328735251	20.8327364766481	1.31931738488981e-80	6.74145092277272e-79	172.575697547141	LUAD
FOXP2	-1.60678330910603	0.108101910897491	0.234794596280538	68	-0.102218867974901	2.49527262330852	-0.965508998721868	0.334518482649165	0.364005454166443	-7.58291745707238	Non-Significant
FOXP3	1.02965911716477	0.303170053455705	0.467787277051563	147	0.0990657258243414	2.11793733373722	1.40881527192054	0.159194153833775	0.180804811938685	-7.02061869548003	Non-Significant
FOXP4	3.51971098564968	0.000432017276478219	0.0111506849976282	56	0.694535519361975	6.37827549825809	14.756857470938	8.09692758200034e-45	1.34670057491054e-43	90.2795614708651	LUAD
FOXQ1	-1.75536300757784	0.0791972353663794	0.191987610852621	106	-0.320754118582275	4.21493541484475	-2.33325556160081	0.0198280824587076	0.0248497080491294	-5.50843656130882	Non-Significant
FOXS1	0.916197455780145	0.359563339699143	0.523233707698752	95	0.235219594057642	0.555251738542717	3.32633313742538	0.000911311404338652	0.00128971691137704	-2.36373907833654	Non-Significant
GABPA	1.97984379286353	0.0477210838130489	0.136441494248056	69	0.199860139329329	4.76743186703238	6.56145522679657	8.45575555284089e-11	2.41134500330474e-10	12.8085263251953	Non-Significant
GABPB1	-2.94305593270054	0.00324989695864546	0.0226653230218936	51	-0.407588086292134	4.58693938378896	-14.8336202769569	3.16446982112731e-45	5.33943634469429e-44	91.396439667032	LogFC Non-Significant
GABPB2	-0.510562445536142	0.609657478118157	0.752327623781513	48	-0.195961906619737	4.1544001406059	-4.03858358468596	5.78004391682902e-05	9.04708483275997e-05	-0.124819527999888	Non-Significant
GATA1	2.17582838253784	0.0295680955517564	0.101215271466122	109	0.358464083061863	-2.9065269967433	4.28418691751182	2.00725333928775e-05	3.26709879745428e-05	1.44331502026254	Non-Significant
GATA2	2.52739749749079	0.0114911362104847	0.0521305203695159	50	0.593216243619057	3.07200557483616	7.55040863040949	9.59910436465582e-14	4.31469612796613e-13	19.6328842282942	VIPER Significant
GATA3	-0.480416381605404	0.630931348216228	0.770677933403226	43	-0.177517657940367	2.06932540610658	-1.80946531012949	0.0706726279982838	0.0835161920150735	-6.37293488292482	Non-Significant
GATA4	-2.34141500292593	0.0192107996784754	0.0743011269227989	46	-2.06565063546158	-2.97512883541465	-10.6773691198445	2.65004093221122e-25	2.10624558617783e-24	46.3252858497721	VIPER Significant
GATA5	2.60508015263366	0.0091852769481009	0.0451756649899386	44	1.37825768633801	-1.51294592029765	11.6383952357987	1.73867584936106e-29	1.63306922237995e-28	55.8187029351413	LUAD
GATA6	2.99223487643205	0.0027694310054897	0.020699272458472	54	0.851563349634096	2.51869977350963	10.8586881265669	4.52191226451462e-26	3.70091833278213e-25	47.7383744160072	LUAD
GATAD2A	-2.06053275542792	0.0393476377927594	0.120878779165144	14	-0.360362282560489	6.55767341268628	-10.7711152407361	1.06530341856917e-25	8.59109597710817e-25	46.4825986262863	Non-Significant
GATAD2B	0.0870126372547416	0.930661467130908	0.965598727680669	23	0.000847719410537136	5.66231220005451	0.0238540703096013	0.980973669906352	0.982825967824745	-8.38426085458042	Non-Significant
GBX1	0.48504825263235	0.627642117828515	0.768035749448051	267	0.287905595664267	-5.08960602330679	2.52618275568919	0.0116811488785	0.0149629391158713	-4.54051119945532	Non-Significant
GBX2	-2.87579505176018	0.00403011292583645	0.0244617331085836	34	-1.85971649723525	-3.26637741681374	-14.0306661958699	5.01177357094095e-41	7.33041269998296e-40	82.2408324205802	LUSC
GCM1	3.74024869787463	0.000183838267504899	0.0111506849976282	200	0.98338312049864	-3.09015660034932	8.70849442395178	1.22078566690338e-17	6.84217955550951e-17	28.8916583817997	LUAD
GCM2	-0.319713173158361	0.749185772786551	0.850629351343665	304	0.0427281316547573	-5.92079288557516	0.569915626287763	0.56886025894886	0.597220362309935	-7.88274853240394	Non-Significant
GFI1	1.05387773094762	0.291938899628433	0.455959533312805	136	-0.0710250891389182	1.81480057774856	-0.975122809474305	0.329730237406233	0.359176589099812	-7.50747352651112	Non-Significant
GFI1B	1.84116388191508	0.0655975464697786	0.169324187376126	87	-0.116176688749797	-2.86911882454156	-1.15314057184845	0.249122484382339	0.275983853986341	-6.97818251400806	Non-Significant
GLI1	-1.79603965042846	0.0724882112495316	0.179911457532318	54	-1.04679153741381	1.06833654291737	-9.99847214215252	1.61302142838764e-22	1.13736383987651e-21	39.756673677483	VIPER Significant
GLI2	-2.94200668901067	0.00326092883165394	0.0226653230218936	101	-1.2087204027118	2.77488261378802	-12.1404814368217	8.85360557036034e-32	9.07143479706558e-31	60.7612246067152	LUSC
GLI3	-3.04633226480835	0.00231651689287641	0.0194245637820702	81	-1.12830403837657	3.87344162444683	-13.507478264282	2.25104380053866e-38	2.96811138084337e-37	75.7593493188112	LUSC
GLI4	-2.19797939438201	0.0279505743671444	0.0979227314300982	106	-0.297447384585977	2.99352548403004	-5.37283048476279	9.60016454116686e-08	1.92330168286392e-07	6.13609275754135	Non-Significant
GLIS1	-2.15400881909798	0.0312394803116961	0.104408899240621	67	-1.30511129794406	-1.53255681364584	-12.3494798735537	9.36695418151307e-33	9.94017832401388e-32	63.2849221172422	VIPER Significant
GLIS2	1.64248939727264	0.100488621692198	0.224944989039647	51	0.63814714792057	4.50686067792858	11.2175377357974	1.27660952962802e-27	1.11157618340226e-26	51.0935174403367	VIPER Significant
GLIS3	3.1559575797435	0.00159972124428545	0.0160701606361502	39	1.11304280713472	3.69499229568759	15.2680542881203	1.46563253049961e-47	2.70491131645963e-46	96.8275848211148	LUAD
GMEB1	0.0594757492841806	0.952573180544161	0.974492331099957	16	-0.0191427229779489	4.2051752776984	-0.697551494285146	0.485616480689096	0.515656760437968	-7.97965193337622	Non-Significant
GMEB2	-1.70575376208781	0.0880539352630673	0.206366954808976	39	-0.325409956896849	4.80982701914433	-9.74607778170197	1.60477983861803e-21	1.08495166632029e-20	37.139313155704	Non-Significant
GON4L	0.667850046767251	0.504229316600179	0.663442560619914	51	0.144966792316411	5.6811041307259	3.61400264520561	0.000316207170277207	0.000464462986506095	-1.89459207635375	Non-Significant
GPATCH3	0.123443856732655	0.901755629972428	0.948094562653436	86	0.0699558106290965	3.70603592307222	2.50031696388708	0.0125640541741835	0.0160458189505975	-5.05377683837572	Non-Significant
GPBP1	2.18728874156835	0.0287214520945171	0.0992636672050371	41	0.255710682208506	6.35875416395756	10.1211558355549	5.19095945481373e-23	3.74509102247439e-22	40.3688153585158	Non-Significant
GPBP1L1	1.4444066978034	0.148624607787618	0.291549326494215	66	0.149807352752379	7.03005285779325	5.48031442083039	5.34822434502381e-08	1.09731867864237e-07	6.25981310155888	Non-Significant
GPS2	0.0939436442721943	0.925153924002278	0.961821610014563	202	0.0620192192085509	-1.42876007436364	0.861563701742014	0.389129875932852	0.419444626298004	-7.3395741298173	Non-Significant
GRHL1	-2.16714193452623	0.0302240332561174	0.10238141066559	32	-1.16292792030472	4.51009828345816	-14.324562990399	1.51547538826837e-42	2.33256037033475e-41	85.2595474917613	VIPER Significant
GRHL2	-2.73480234871983	0.00624177428828864	0.0334310738058601	45	-0.671597859035956	6.0462806107866	-12.3546822387918	8.85443670037253e-33	9.39965362259804e-32	62.7319498343543	LUSC
GRHL3	-3.32829818456991	0.000873782877124392	0.0136470211190573	100	-2.96800827932376	2.70685450063418	-27.459440552595	9.16396299659768e-125	1.79140404275924e-122	274.189040652776	LUSC
GSC	-1.22076634741342	0.222174498870019	0.378177225198052	64	-1.07264164854262	-2.74906027883509	-7.60979085419558	6.22364105558329e-14	2.83129692268352e-13	20.4799031440178	VIPER Significant
GSC2	-3.19035681982434	0.00142097232002549	0.0154644115253838	58	-1.75564932945844	-5.05588222968589	-16.4545278557661	3.83565265337447e-54	8.73338430007988e-53	112.222933170864	LUSC
GSX1	-2.7872101902585	0.00531639834763066	0.0291226970049295	365	0.0195406062772417	-6.37886202070134	0.350940221783357	0.725705568524935	0.747944932721667	-8.20753178123563	LogFC Non-Significant
GTF2H2	1.53972828985979	0.123626598006673	0.256229237972068	179	0.379240423644064	0.949625191182821	4.48507832568479	8.11465268994141e-06	1.36589566748378e-05	2.05619234072844	Non-Significant
GZF1	-1.51583950892623	0.129559939114301	0.264213579272957	44	-0.0397812581200588	4.41596792076326	-1.2809574652108	0.200499386232802	0.224715256127657	-7.42546033678388	Non-Significant
HAND1	0.254119370350441	0.799403339085581	0.880967307492019	154	0.42862055987952	-4.73966970844249	3.03544221610338	0.00246268617074841	0.00335065825058532	-3.0777829872092	Non-Significant
HAND2	-2.37102049184888	0.0177390475587328	0.0706110725781466	86	-1.30167600994598	-4.56105626230523	-9.70702586360877	2.28010134349931e-21	1.53505814591745e-20	37.3610028641856	VIPER Significant
HBP1	0.482320373311594	0.629578376622061	0.769944625564099	103	0.0557065323014283	5.43862540034347	1.45088660695828	0.147118484564614	0.167788933754679	-7.30689915632719	Non-Significant
HCFC1	-1.8614135905451	0.06268579281746	0.163590729725157	100	-0.206682150115724	6.93370854360512	-5.23181287760935	2.03632250067117e-07	3.95052681011314e-07	4.97635922851509	Non-Significant
HCFC2	0.735246019646817	0.462189676735555	0.623316971253915	61	0.111766367385068	3.74804920434066	3.19941304401645	0.00141948458459122	0.00197480359604135	-3.08134094652357	Non-Significant
HDAC1	-2.59212472284649	0.00953851840300534	0.046577108955964	41	-0.526357527829497	7.30925836778237	-16.1089650477026	3.39649027754129e-52	7.2605477598362e-51	107.099551756039	LUSC
HDAC10	-1.19549754283197	0.231892695696617	0.389214483507201	139	-0.219070934835914	-0.122799794368465	-3.27940921042521	0.00107537790456469	0.00151218576783715	-2.45824257789695	Non-Significant
HDAC2	-3.18400356227529	0.00145253224834545	0.0155971263390581	126	-0.636113569715949	6.86374847278942	-17.6161917447362	7.40326641803884e-61	2.09901676252287e-59	127.03479345247	LUSC
HDAC3	-1.23247927396619	0.217770104172057	0.373476641354592	121	-0.162365723393365	5.58013294945445	-6.57571537182922	7.71358043813144e-11	2.20987776453183e-10	12.80928979304	Non-Significant
HDAC4	-1.86042981260267	0.0628247400390607	0.163744481681424	35	-0.378231198534708	4.30664876409043	-8.259369835025	4.50120194784379e-16	2.31977216333807e-15	24.7928027935267	Non-Significant
HDAC5	1.25840200833003	0.208246405964837	0.362370113708652	43	0.217180600523261	5.86606461006652	5.79454056839099	9.1193763445248e-09	2.02737337932017e-08	8.11799210949489	Non-Significant
HDAC6	1.47568333184883	0.140028922621687	0.27896706493084	43	0.23351725233481	5.67506821008124	6.09049088112783	1.59178975112029e-09	3.85977189243616e-09	9.84052992072576	Non-Significant
HDAC7	2.1198272325143	0.034020617828313	0.110239590416776	97	0.359101087629737	6.33184730047544	9.17675655724939	2.39665651288498e-19	1.46003184614265e-18	32.017999648241	Non-Significant
HDAC8	1.62026404809942	0.105175568298806	0.230203435748074	167	0.371564957705745	3.23674832150831	9.55010682271121	9.24416799587207e-21	6.028236272256e-20	35.5605289375132	Non-Significant
HDAC9	-1.32974871613864	0.183601077999828	0.334801965764393	76	-0.123851570754319	3.16379562597659	-1.32338890031072	0.186002240959299	0.209387292545715	-7.2402748062924	Non-Significant
HDGF	-1.24953935054177	0.211467870188715	0.366043369209908	70	-0.217861245119466	8.73926309024045	-6.19026402477046	8.68594205714224e-10	2.17366184625339e-09	10.0481249350482	Non-Significant
HDGFL1	-2.09130057713826	0.0365011281246474	0.115036419632014	101	-0.685105573192233	-5.71180589895624	-7.60760759129142	6.32391348357269e-14	2.87537265943592e-13	20.196669550711	VIPER Significant
HDGFL2	-2.01654709827897	0.0437427984523405	0.129145404954529	69	-0.279853107002662	5.58695449095335	-7.53956025178108	1.03865824412874e-13	4.65703511949892e-13	19.296155914046	Non-Significant
HDGFL3	-3.43338885324745	0.000596086539854954	0.0118046470220866	83	-1.51162390184829	5.13540432348158	-26.2879430655776	9.58791505948896e-117	1.45724048143287e-114	255.638341731081	LUSC
HDX	2.35724837716837	0.0184109278950703	0.0727382600450042	72	0.881969494071652	1.138359877326	11.4994858106148	7.27472737476579e-29	6.66433210575314e-28	54.2325755717412	VIPER Significant
HEATR1	-2.07214047684624	0.038252342484816	0.118402863425013	51	-0.394560883253209	5.6414343751885	-9.81500224899374	8.60962190325839e-22	5.88841064385932e-21	37.6671790014689	Non-Significant
HELT	-0.141024903351177	0.887850268917239	0.939752535025696	208	0.0456442252876071	-5.44356436158646	0.453060356493064	0.650601509935841	0.676239128466737	-7.72532028545263	Non-Significant
HES1	-3.09777432391149	0.00194979845820205	0.0178093198458991	32	-0.458887117071565	5.73845133708202	-8.11730629726447	1.36227701030649e-15	6.83923594588863e-15	23.5475446508403	LogFC Non-Significant
HES2	-3.34318462174983	0.000828227775351091	0.0133653137298839	98	-3.03089008538859	2.54789742741028	-26.6973013809375	1.53538533549652e-119	2.52751646350559e-117	262.189169603103	LUSC
HES3	0.374150289404015	0.708292505696945	0.823858139088089	248	0.2402073638123	-6.40154818800954	4.88914034217297	1.17561574396852e-06	2.12971944936036e-06	3.53945998232523	Non-Significant
HES4	0.0874701214885516	0.93029783398007	0.965598727680669	105	-0.0840100351470126	2.47338979361247	-1.183054277433	0.237062941636326	0.263343050752507	-7.34733812420829	Non-Significant
HES5	-0.906009297933159	0.364930931111505	0.528318607289766	143	-0.488944257218896	-3.318077967492	-4.31624059548723	1.74142838990559e-05	2.84964932610749e-05	1.59044192778604	Non-Significant
HES6	1.72194138954268	0.0850801362774265	0.2019419475912	140	0.681898192369328	3.25335048752041	6.99488296096368	4.79452671686028e-12	1.58944739039862e-11	15.7742728786116	VIPER Significant
HES7	0.0241556800649859	0.980728429988838	0.989264996383683	250	0.0876548834358275	-3.20168883927273	0.796406524665133	0.425980860283954	0.456385025313596	-7.3144436691228	Non-Significant
HESX1	1.86333130618279	0.0624156681882852	0.163093814959427	123	0.303815979743053	-0.527172981638122	5.46956340621989	5.67313616967536e-08	1.16126158430455e-07	6.96018699979373	Non-Significant
HEXIM1	0.935908926030247	0.349320081036211	0.511602638367995	21	0.0792807260170724	5.54915017709214	1.92408444567858	0.0546216188671833	0.0653828897478166	-6.52294427011179	Non-Significant
HEXIM2	-0.657310128969064	0.5109815249095	0.668494218889193	220	0.0885176642456185	0.520736528697862	1.91441976010641	0.0558457138036414	0.066771487318854	-6.0321042756118	Non-Significant
HEY1	-2.29963177122485	0.0214690905403404	0.0803030333556426	32	-1.7699609778789	4.40816601328622	-20.1655970560347	2.178298427381e-76	9.76979174671477e-75	162.938378552498	VIPER Significant
HEY2	-1.95618377551395	0.0504435090733126	0.14176843346703	45	-0.595534515313655	1.120573953932	-7.76786976638081	1.93601008297301e-14	9.08490770695174e-14	21.3853398979882	VIPER Significant
HEYL	1.30189055399159	0.192953802009177	0.344488201492823	61	0.453643856623818	4.10803318822701	7.68257129938187	3.64475912923584e-14	1.68113241829477e-13	20.4838899349331	Non-Significant
HHEX	0.724040535436965	0.469040849640941	0.629696573730555	56	0.193006463060304	2.87909715942383	2.88694320622203	0.00397202497004864	0.00530797229357051	-3.93626064181506	Non-Significant
HIC1	0.844595713856375	0.398336602960552	0.563231990087968	94	0.28326074285459	2.84907897839524	4.87719171337939	1.2473576883006e-06	2.25439388530275e-06	3.6737438222161	Non-Significant
HIC2	-2.42013869710652	0.0155145883036798	0.0641335028441122	32	-0.615012036698685	3.14471714145708	-10.0775716220415	7.77542259702903e-23	5.56509741868775e-22	40.2992823773926	VIPER Significant
HIF1A	-2.81627537755728	0.00485840033592125	0.0274593565947372	107	-0.501466399148382	7.85663633608863	-10.8858758301238	3.46185211161523e-26	2.84625740781625e-25	47.4400827976559	LUSC
HIF1AN	-0.710971108201341	0.477102139661767	0.63746159446971	51	-0.128116754164819	5.86020579763397	-4.3472243347962	1.51664817114503e-05	2.49418449376345e-05	0.95977391156894	Non-Significant
HIF3A	2.27311241583519	0.0230194064175608	0.0847889889968282	61	1.12285420576396	2.04141800108139	7.96524809642342	4.37686236642135e-15	2.13462289576792e-14	22.7672108859883	VIPER Significant
HINFP	0.490265073853325	0.623946338201206	0.765417867907866	46	0.113323339729226	4.33903094042746	3.78257786121812	0.000164225792777694	0.000247274911001317	-1.13087977074208	Non-Significant
HIPK2	0.785192187471563	0.432340895347231	0.594052097987657	26	0.484661539790581	6.22870308670183	8.40730883420384	1.39635433924686e-16	7.39978146231702e-16	25.7385379623493	Non-Significant
HIVEP1	-1.16727055215719	0.243101126934597	0.401440601862943	33	-0.236350925865985	4.98769439224061	-5.38136816225357	9.16770007595616e-08	1.84038412462874e-07	5.97544686486642	Non-Significant
HIVEP2	-1.38390853355004	0.166386463466986	0.315000492440799	62	-0.193512800464579	5.36626516252921	-4.76189460376387	2.19465400599242e-06	3.87802038637303e-06	2.86799954377997	Non-Significant
HIVEP3	0.0542330205786521	0.95674951276986	0.977288818336063	118	0.00925008947526083	3.80459280599033	0.139512468455262	0.889072708706229	0.899470954380066	-8.1711248910837	Non-Significant
HLF	1.6804508655723	0.0928696264928177	0.214208264396051	141	0.404342463009426	3.12781206093918	3.34789262751854	0.000844003218446659	0.00119805515974274	-2.53749495048038	Non-Significant
HMGA1	-3.01503560941236	0.00256949086447254	0.0202199165719646	67	-0.887571466932547	8.17929178215641	-15.0232894619758	3.06473094658644e-46	5.36300842057693e-45	93.3292318862636	LUSC
HMGA2	-1.81965039533642	0.0688122619192713	0.173721381353611	61	-3.1962221412537	2.106964848304	-16.1129844810983	3.2249288257389e-52	6.89877053013627e-51	107.629453669188	VIPER Significant
HMGB1	-2.42010162713737	0.0155161700429304	0.0641335028441122	66	-0.382851904197556	7.62255132180399	-12.7370309490598	1.35149582716111e-34	1.54601236805973e-33	66.7067057931138	Non-Significant
HMGB1P1	0.528569801489152	0.597103913685871	0.743111075061613	423	0.17823638518733	-1.67284908827186	2.04062109002935	0.0415452351266855	0.0503673228643025	-5.62065781229764	Non-Significant
HMGB2	-2.5348870875022	0.011248357597963	0.0514341055078498	98	-0.52856836405265	6.54562060275268	-10.3512596847463	6.00931322377321e-24	4.50789518996681e-23	42.4844519299877	VIPER Significant
HMGB3	2.48219375051784	0.0130576255270036	0.0569517710959087	116	0.869676982109695	7.21609529913068	11.3487392828789	3.3883420199662e-28	3.0234084267347e-27	52.1124665286954	VIPER Significant
HMGB4	1.60499060766939	0.10849587166948	0.235400374799317	329	0.486871818853446	-6.3546254942968	7.62234343069307	5.67678035523788e-14	2.58945368568254e-13	20.0037556257778	Non-Significant
HMX1	-1.73283690539908	0.0831246612551813	0.198220346070048	48	-2.06716668456163	-4.91567830690591	-13.9050652980841	2.20265093006522e-40	3.13826269050553e-39	80.7392593731719	VIPER Significant
HMX2	-2.85563210971834	0.00429512497574818	0.0255460049429674	94	-1.29290234637584	-4.6381038276591	-9.59725688347898	6.08208914898192e-21	3.99867586963767e-20	36.3864303989126	LUSC
HMX3	-1.41479316496519	0.157129148726194	0.304149705102926	156	-0.704785896803455	-5.21846912179053	-5.81212764256061	8.23851155195764e-09	1.83966492315104e-08	8.85103639723424	VIPER Significant
HNF1A	2.6820743640569	0.00731671933280322	0.0376130848113452	149	2.78174702193171	-2.76639431791447	17.1455988221907	4.16611461302116e-58	1.07690166641152e-56	121.329612178229	LUAD
HNF1B	3.98861924634609	6.64589930858613e-05	0.0111506849976282	457	5.14053440314493	1.83358662817802	37.2739248331772	1.12494852603146e-192	1.96624458989623e-189	430.217313348838	LUAD
HNF4A	1.63231516900747	0.102613109330436	0.227707615715912	128	1.50447937266975	-1.51906773527147	8.51946685379639	5.6824706505347e-17	3.07720232685735e-16	27.3162830892046	VIPER Significant
HNF4G	3.51017892838964	0.000447805249582746	0.0111506849976282	113	1.47581763510664	1.62317655915234	12.8359740082554	4.5116281704505e-35	5.23657279854222e-34	68.3872404216544	LUAD
HNRNPK	-2.23980550210676	0.0251035525293917	0.0899507328811478	97	-0.198176563277937	9.02492331855912	-10.8530015706821	4.78144260164721e-26	3.90955956918118e-25	46.965406017117	Non-Significant
HNRNPU	-0.510717156737031	0.609549125347149	0.752327623781513	55	0.00358312238585885	9.00520932237162	0.131583451200428	0.895339690487037	0.905287232221274	-8.80324641037117	Non-Significant
HOMEZ	-3.24142114860286	0.00118935332084656	0.0145694550174756	41	-0.385820950068013	4.52415409207714	-9.04810218179158	7.17795820570224e-19	4.28019789574821e-18	31.1306106690784	LogFC Non-Significant
HOPX	3.57038118679231	0.000356462114031796	0.0111506849976282	121	2.44776969090274	6.26493875982013	22.4844082095048	2.84667789114821e-91	2.00675595536494e-89	196.98259128724	LUAD
HOXA1	-3.76692621901311	0.000165269816944807	0.0111506849976282	27	-2.42083327550371	0.776640280696277	-24.4354841835915	3.29178704047847e-104	3.32688823902235e-102	227.014510381804	LUSC
HOXA10	-1.36188006257946	0.173235739184127	0.323099655761827	19	-2.75916252107766	0.361441371321058	-17.9656886427675	6.33099156442628e-63	1.91174713261769e-61	132.286060264087	VIPER Significant
HOXA11	-1.31903336750992	0.187157957457643	0.33924750374421	26	-3.33679729463661	-2.15841544216809	-20.8180912069862	1.63507894110479e-80	8.3120475819533e-79	172.6718840308	VIPER Significant
HOXA13	-2.03934033959982	0.04141607224684	0.124430666397995	30	-4.39586456834767	-1.96063252726507	-25.4464249786706	5.03101184415714e-111	6.32088669900056e-109	242.641174551969	VIPER Significant
HOXA2	0.499699385688405	0.617286765109156	0.76068048561415	82	-0.179674477815337	-0.595639506492364	-2.1909299676803	0.028682215266233	0.035377708730312	-5.37355454735788	Non-Significant
HOXA3	-0.571708964492255	0.567519160200408	0.716313511270842	31	-0.760069306303427	1.95865589677809	-8.66943156645215	1.68139238826703e-17	9.35844389412239e-17	28.258349878149	VIPER Significant
HOXA4	-0.332224013765512	0.739720112210263	0.844924093173253	46	-0.850440525317081	-3.10367524959074	-8.89944500285854	2.50907600636941e-18	1.45968536300063e-17	30.4522056244915	VIPER Significant
HOXA5	0.732534344259041	0.463842488231089	0.624356401921584	57	0.09262563347687	2.05163735814932	1.48911087691832	0.136766878525187	0.156592977094123	-6.89810450367219	Non-Significant
HOXA6	-1.33896100289112	0.180583368586087	0.331366432401016	30	-0.602606133066842	-1.77969888596358	-6.39206662312741	2.48449195996382e-10	6.65161525002342e-10	12.3184081741318	VIPER Significant
HOXA7	-3.50371621395041	0.000458814021224103	0.0111506849976282	26	-1.36002394580689	-1.42786700404072	-13.54651106968	1.43505328868969e-38	1.90870438198214e-37	76.5736699814435	LUSC
HOXA9	-2.0010093886313	0.0453913781243157	0.132672513774786	29	-1.42474519075607	-1.68446157558258	-12.4980713731893	1.86496887526357e-33	2.03431544328723e-32	64.8923475841273	VIPER Significant
HOXB1	-2.16750454981761	0.0301964031461617	0.10238141066559	171	-1.1185517887263	-4.52392689754457	-8.90948850476499	2.30690143657451e-18	1.34417326866667e-17	30.5309711007831	VIPER Significant
HOXB13	-1.21864679033964	0.222978281683292	0.378562675909049	70	-1.96209673647113	-1.32871347360214	-8.06999141752734	1.96276451994656e-15	9.77549506594571e-15	23.8176361264776	VIPER Significant
HOXB2	-0.401334827549814	0.688173625234662	0.813874703601225	76	0.125055915979769	2.3014598007562	1.32315855216459	0.186078789282524	0.209465529070551	-7.15524191284539	Non-Significant
HOXB3	-0.0443347460703115	0.96463757553442	0.980648743341967	52	-0.206028222324475	3.27561668222915	-2.29837539843522	0.0217417050085665	0.0271397967430017	-5.49181881920891	Non-Significant
HOXB4	1.28403529781849	0.199129605135337	0.350317430874376	44	0.000125388073171156	1.45209005375799	0.00148552312802736	0.998815014556237	0.998949492082221	-7.94780549328265	Non-Significant
HOXB5	1.02154832638215	0.306994725268151	0.469945592556076	58	0.519235478229365	1.38630196839096	6.17410663199778	9.58681408272267e-10	2.38674319436096e-09	10.7658629950513	VIPER Significant
HOXB6	3.1216438760431	0.00179844345730393	0.0169567525974371	87	0.423782208969567	0.454888238551859	4.29732906509751	1.89389173986693e-05	3.08977940001845e-05	1.29190951949494	LogFC Non-Significant
HOXB7	-0.681616759755124	0.495481314534003	0.655303664858805	24	-0.883893155687726	3.07986410992267	-8.43210468796766	1.14564195801093e-16	6.10054342640822e-16	26.2624911306961	VIPER Significant
HOXB8	-0.146160052137547	0.883795040607085	0.937400027517935	52	-0.570612773203661	-1.00423187540104	-3.40069024755131	0.000698179005350337	0.000997252343491275	-1.99231438371083	VIPER Significant
HOXB9	-0.757433464770726	0.448790213493289	0.609711007176142	65	-0.95592009701858	-0.376358062943235	-4.2808225047495	2.03729802801772e-05	3.31436693889811e-05	1.29164957550019	VIPER Significant
HOXC10	-0.00359260676245477	0.997133520697393	0.999086769513647	65	-1.70921480762593	-0.443076739300534	-7.28652386786742	6.35445613955211e-13	2.6860108471809e-12	18.0815164757415	VIPER Significant
HOXC11	-0.336722684754711	0.736325961043675	0.843045840120514	70	-1.85590922601445	-1.1604204740059	-8.07171855622572	1.93683484872059e-15	9.65039696108982e-15	23.8215250979254	VIPER Significant
HOXC13	-3.01943600908915	0.0025324578472304	0.0201611235619976	50	-3.52170089526335	-0.391215393261707	-17.9376441971246	9.29363332848224e-63	2.79359002433846e-61	131.934789438745	LUSC
HOXC4	-0.242099204645358	0.808703294474882	0.889095615526926	79	-0.509711261718206	0.746010466917827	-5.11873741469079	3.67403383638971e-07	6.9560599208338e-07	5.04864892031732	VIPER Significant
HOXC5	-0.636585178605301	0.524395081933987	0.679488497553475	111	-0.468146232844157	-4.44592818940307	-4.62194498421357	4.28774522798687e-06	7.39602448808707e-06	2.92264619078252	Non-Significant
HOXC6	-2.12841854226996	0.033302397126918	0.109544541031631	44	-1.48638998141917	0.935226262303525	-11.775211443808	4.19287354459416e-30	4.05022587995119e-29	57.0798172916699	VIPER Significant
HOXC8	-1.56240878946283	0.118191717810557	0.249299231588041	34	-2.53162653152865	-0.0692904558754934	-16.9412269581089	6.33158742684374e-57	1.58295013047978e-55	118.549476348819	VIPER Significant
HOXC9	-1.39752656989543	0.162255282449454	0.310546592976224	26	-1.41781992666845	-0.2821031503871	-9.21435864432648	1.73508293091398e-19	1.06497390348507e-18	32.9577631777241	VIPER Significant
HOXD1	3.28109634447041	0.00103404416433991	0.0141043624015964	112	1.46052726363864	-1.347035277975	11.0510752070684	6.75392287143398e-27	5.71664114058834e-26	49.9017677736744	LUAD
HOXD10	-3.30827245422157	0.000938734350703344	0.013906466143899	48	-4.06037575712398	-0.458073576562874	-25.6756626927064	1.40388108100361e-112	1.85396535557336e-110	246.230043452382	LUSC
HOXD11	-3.60012391161328	0.000318065570622469	0.0111506849976282	57	-5.00694538289266	-2.77902886710387	-33.9132934809264	1.7745686761325e-169	1.59783776843222e-166	376.6322786649	LUSC
HOXD13	-3.41998536251786	0.000626245053005014	0.0119747418546566	50	-5.49973917366156	-2.07766325336117	-26.4359633795285	9.37147991901658e-118	1.45409644163812e-115	258.073235001782	LUSC
HOXD3	-0.795097714379207	0.42655666409966	0.588889969465522	73	-0.280846677709929	-0.975226923096436	-2.1501053481058	0.031781114604058	0.0390161814939028	-5.43473741624385	Non-Significant
HOXD4	-0.632084862296187	0.527331426224911	0.681997533537401	116	-0.211196241426819	-1.43320795686907	-1.3731062317298	0.170020692692332	0.192395073970356	-6.7690498177803	Non-Significant
HOXD8	-1.1232144959071	0.261346407518014	0.42342708767192	31	-1.50726978673035	0.228464347526421	-12.6222294792491	4.79029026936612e-34	5.34998270696524e-33	66.1419224573126	VIPER Significant
HOXD9	-1.68077445583691	0.0928067320822389	0.214208264396051	36	-1.84535730493228	0.615605140675061	-15.0046270915209	3.8593673565264e-46	6.71991280094623e-45	93.7982628685575	VIPER Significant
HR	-3.95345725516588	7.70300301252946e-05	0.0111506849976282	180	-4.0222074335092	2.69309816661552	-34.322995167285	2.56762214074922e-172	2.50141116325088e-169	383.470757044124	LUSC
HSF1	-1.79223263118466	0.0730957096563469	0.180838962462981	68	-0.282616789180571	6.64226566876914	-7.90921883741734	6.6969534521476e-15	3.23219242102473e-14	21.8730728757679	Non-Significant
HSF2	-2.82867577457185	0.00467410254831605	0.0269386304615624	59	-0.453381072677531	3.9670344000477	-12.3821611645801	6.5759425186606e-33	7.02730688826549e-32	63.2382556584651	LogFC Non-Significant
HSF4	1.67508783027122	0.0939170003389608	0.215903576060128	239	0.413898433307833	3.33930995317503	4.64089967855812	3.91997389507156e-06	6.78231835858787e-06	2.5252691647468	Non-Significant
HSF5	1.35102349004488	0.176687908158811	0.327152452572784	59	0.567268205059185	-3.8180373785955	6.30384019437978	4.31294803942088e-10	1.11870089973665e-09	11.8439965562689	VIPER Significant
HSFX2	0.242608564854189	0.808308645625683	0.889095615526926	266	0.0636836105206174	-5.7198840965766	0.898447283139241	0.369158888314713	0.399315700247155	-7.54320415269193	Non-Significant
HSFX3	0.473166828316469	0.636094161751698	0.771098743284954	343	0.18892262472911	-6.3831926305114	4.28790303599318	1.97455907582491e-05	3.21555744270106e-05	0.84333557144887	Non-Significant
HSFX4	0.287725332557806	0.773556997067414	0.864389741125029	514	0.0848591711946408	-5.63476245227901	1.2128554617594	0.225465531219101	0.251138478852855	-7.17266794560883	Non-Significant
HSFY2	0.233232125833228	0.815581160828006	0.893375938897028	274	0.204374320720469	-6.56348416755191	6.75928365745836	2.32758932110818e-11	7.1263622136994e-11	14.017934921874	Non-Significant
ICE2	-2.833316055402	0.00460678128248075	0.0267010609177213	127	-0.379939600261018	5.2655754055638	-12.1640347889546	6.88322901143207e-32	7.08433755563515e-31	60.7771777703435	LogFC Non-Significant
ID1	0.168214170135833	0.866414793632206	0.926132744514778	98	-0.606053611320108	5.56930599568456	-6.96061356704589	6.05099049369655e-12	1.98220722159145e-11	15.304738454395	VIPER Significant
ID2	1.3172544243916	0.18775335647166	0.339349264435526	59	0.311645233999836	5.08432178058731	5.22377773081008	2.12433297814593e-07	4.11374921442513e-07	5.15130440443338	Non-Significant
ID3	-0.95630884188174	0.338916224123301	0.50320943001181	114	-0.315163692001078	5.37403264840011	-5.24834504471287	1.86620592152874e-07	3.63485363635045e-07	5.24444654380165	Non-Significant
ID4	0.606034246838359	0.5444920120998	0.694966099036925	59	0.251966491790736	3.74341262719412	2.78555582499115	0.00544247337942318	0.00718493536641078	-4.30874850602995	Non-Significant
IGF2	-0.204217756341639	0.838183336188258	0.907366722667289	54	-0.232045083712509	-1.45790923423494	-1.42709869923982	0.153857083458866	0.175067779093382	-6.69222749759381	Non-Significant
IKBKB	1.57145257041536	0.116077563112151	0.24623952780148	42	0.275988948291913	5.99830861547521	5.60080824696935	2.74219021350628e-08	5.79352025803605e-08	7.03234323565046	Non-Significant
IKZF1	1.53553907616823	0.124651466214532	0.257197058279485	300	0.640645303566204	3.96277710364416	8.20176767906832	7.06620983382148e-16	3.60573288506362e-15	24.382719122015	VIPER Significant
IKZF2	1.84095873968217	0.0656276053710987	0.169324187376126	72	0.29292806743217	3.99771927180335	4.96994375033939	7.84935517246557e-07	1.44442815951604e-06	4.00498756190206	Non-Significant
IKZF3	1.66125963759524	0.0966613126077671	0.220041960745627	64	0.7414962604267	4.27585403505066	9.56407448766786	8.16738928217805e-21	5.33567848168478e-20	35.5829145941286	VIPER Significant
IKZF4	3.66469871325782	0.000247629915712178	0.0111506849976282	114	0.737119275270042	3.59351398630009	18.0360334228311	2.41385209926045e-63	7.38280950606026e-62	133.047011588442	LUAD
IKZF5	1.87210252933358	0.0611924201492584	0.161339808795596	79	0.277987243098076	4.25745705050888	8.5601461260652	4.0911305447238e-17	2.23028726613431e-16	27.1639511419541	Non-Significant
IL4	3.18280928478078	0.00145853649885047	0.0155971263390581	262	1.0983801489049	-4.6072893764011	12.0736400167475	1.80522019920408e-31	1.82851237051476e-30	60.3902416232847	LUAD
ILF2	-1.65970561473018	0.0969736892957285	0.22045352033229	166	-0.267761520682537	7.97245755526475	-7.47535363284434	1.65297191321267e-13	7.30941006670804e-13	18.5504598913991	Non-Significant
ING1	0.614421967577206	0.538936523057276	0.692193425094279	59	0.205188961515636	4.30900004172168	6.02223651076082	2.39704564176316e-09	5.68478056321571e-09	9.59003343840962	Non-Significant
ING2	-0.202731284818689	0.839345069152497	0.907663853850955	58	0.0276868660968626	3.43606411395391	0.764183779674273	0.444934235766337	0.475337195356238	-7.85095709865001	Non-Significant
ING3	-0.151592153801956	0.879508622243222	0.933931574613159	55	0.0888826383695684	3.52793742246884	2.60278828559421	0.00938088849842478	0.0121259420715163	-4.77568548524781	Non-Significant
ING4	-2.05416175686443	0.0399600384549005	0.121303024745885	123	-0.152184403779621	4.80593543747828	-3.6672569016861	0.000257807851539998	0.000381606734917492	-1.60501716544636	Non-Significant
ING5	-0.399151668217871	0.689781453257956	0.814684521734941	72	-0.0223739617821985	4.88179463792551	-0.580863613937382	0.561460522644059	0.590025012894226	-8.12751080390906	Non-Significant
INO80	-0.916989237865102	0.359148279665081	0.523001694088794	30	-0.0351218745520363	5.19719667900626	-1.13321362854318	0.257390488348535	0.284671044276938	-7.68948261677763	Non-Significant
INSM1	-0.421661900915975	0.67327181712231	0.803683861045651	177	-0.066364182603093	-2.77818856866027	-0.388748280871552	0.697543388038302	0.720932727890089	-7.56963901812909	Non-Significant
INSM2	3.25182427048872	0.00114666892651845	0.0145272474904149	235	0.813888374201524	-4.56562760943853	7.99603775319894	3.46085358512974e-15	1.69931542595642e-14	23.3237974657587	LUAD
IRF1	0.751283185827304	0.452482246158339	0.613098460688716	134	0.261773197175819	5.57877869258042	4.40292715539805	1.18040484365789e-05	1.95987702961716e-05	1.23149297026818	Non-Significant
IRF2	0.399280820793486	0.689686297386044	0.814684521734941	57	0.0147599319096083	5.45133795235244	0.486100896656286	0.626999905447589	0.653261393825763	-8.24208194433071	Non-Significant
IRF2BP1	-1.08204154135253	0.279234069657021	0.441509201327871	37	-0.0867490096401505	4.74754058246833	-2.12788718610866	0.0335854068829051	0.0411419849692942	-6.02173427385456	Non-Significant
IRF2BP2	0.647275738711841	0.517453500576894	0.673479556094354	20	0.182184378728362	7.0891809696685	5.87954734070577	5.56717780047383e-09	1.26812325174885e-08	8.45189456266483	Non-Significant
IRF2BPL	-0.331811939310696	0.740031268312057	0.844924093173253	35	0.09032080289068	5.93833217907356	2.20081655818322	0.0279721886060161	0.0345514176028292	-5.99949997532339	Non-Significant
IRF3	-1.53281087535491	0.125322460262956	0.25821727462035	62	-0.010689985538859	5.90486158012821	-0.298651162274619	0.765266974338256	0.785354456007038	-8.36822302747226	Non-Significant
IRF4	0.599508807242451	0.5488336387532	0.699634657251743	420	0.568383528215401	2.90808178468244	5.62642353629131	2.37522354654347e-08	5.05270653280494e-08	7.49897705956623	VIPER Significant
IRF5	-2.92843923971328	0.00340668408957095	0.0232286443584664	95	-0.312772257828039	4.38586259287477	-5.05618421851012	5.06750766057565e-07	9.48254857815445e-07	4.38656892908176	LogFC Non-Significant
IRF6	-3.86731205675646	0.000110041577130551	0.0111506849976282	120	-2.01849090525456	7.06621080092934	-33.5611312262144	4.91526807507832e-167	3.94729237699566e-164	371.183033058671	LUSC
IRF7	3.42899964003807	0.000605810331045501	0.0118046470220866	90	1.14896089468844	5.01581341207584	17.7437269386251	1.30996683524063e-61	3.80114253505101e-60	128.946780406948	LUAD
IRF8	1.82262031974482	0.0683609158949731	0.173102022179598	278	0.738553593610368	4.05744660930669	9.0362936995197	7.93318540741736e-19	4.72248231199631e-18	31.0787239539629	VIPER Significant
IRF9	1.82519326636242	0.0679718695951676	0.172758317008339	245	0.218545641057071	1.71825203584864	2.99996229910629	0.00276564050985647	0.00374655144021247	-3.49398914818516	Non-Significant
IRX1	2.17823598769392	0.0293884720857716	0.101215271466122	172	0.0516443034014563	-1.57202500239499	0.284581918181919	0.776022154405368	0.795471566044223	-7.66147881221895	Non-Significant
IRX2	1.46672658759988	0.142450447165903	0.281870033753809	63	0.028837787605021	3.54285308524068	0.203898721622421	0.838473262850393	0.853145288783671	-8.13304168314257	Non-Significant
IRX3	2.57517395663906	0.0100189682997891	0.0480065787854063	52	0.870044316316158	4.69205820325401	10.0335813356862	1.16740195102421e-22	8.28162775976075e-22	39.7470100444122	LUAD
IRX4	-2.15370279395648	0.0312634869047749	0.104408899240621	40	-5.37179779425617	-2.28400671779511	-28.184508588042	9.37590777316227e-130	2.16802362348527e-127	285.586463887067	VIPER Significant
IRX5	2.31955807868249	0.020364795859463	0.077847117303351	55	0.91221015398525	2.88778790939523	9.00389410204995	1.04330924668656e-18	6.1772181531177e-18	30.9196808389092	VIPER Significant
IRX6	-2.39135373340513	0.0167863710489235	0.0678753264152123	59	-1.73988617883145	0.908747229055052	-10.6656566258817	2.96831875011434e-25	2.35197704484059e-24	46.0069590742748	VIPER Significant
ISL1	-1.25158324466659	0.210721763116812	0.365260124502804	159	-0.686754416165059	-3.03352020242186	-3.75375496101492	0.000184027930206223	0.000275951346379481	-0.648221938898915	VIPER Significant
ISL2	-3.39920172307087	0.000675828507600207	0.0124571633022525	51	-1.8473702506268	-2.02966260804784	-16.6494949189738	2.9837766484247e-55	7.0419735856209e-54	114.777960936545	LUSC
ISX	0.621435769418003	0.534312943336549	0.688415794752254	299	0.592485037503004	-5.03445351894033	4.1339588383691	3.85813754591661e-05	6.12992380133109e-05	0.759413243407819	VIPER Significant
JADE1	3.43303553240622	0.000596863871855906	0.0118046470220866	72	1.09864685691723	4.49196741015107	23.3434714570898	6.27665403347484e-97	5.1662426488547e-95	210.128561759159	LUAD
JADE2	1.68736617924224	0.091532962872263	0.212530052763994	34	-0.0352846735881712	5.84156224739475	-0.602074181287112	0.547258389101192	0.57622119576748	-8.22411282844896	Non-Significant
JADE3	0.389907090039707	0.69660525094157	0.818641208171426	23	0.152364434785358	4.06083183125311	3.85674543165498	0.00012209860636656	0.000185883281171911	-0.822261011368269	Non-Significant
JDP2	2.91057764554339	0.00360761316590809	0.0238566568639102	48	0.358112965274782	4.59865894247974	7.4987070165872	1.39650094089565e-13	6.20392176232384e-13	19.1119538702544	LogFC Non-Significant
JMJD1C	2.8817636025436	0.00395456300174821	0.0244442172253076	126	0.497637513716872	5.70979591296754	13.0785195105599	2.98726605544534e-36	3.65201110629398e-35	70.7174563314777	LogFC Non-Significant
JUN	-0.208820521247037	0.834588350844764	0.906352317318676	44	0.124834050993802	7.48813086925917	2.18651549024407	0.0290042367245669	0.0357585738316012	-6.22135498384836	Non-Significant
JUNB	-0.654098380692788	0.513048424683057	0.668712606107572	109	-0.176664486211458	7.17040783847639	-3.22250312900424	0.00131095489505001	0.00182878207859476	-3.3979414968113	Non-Significant
JUND	1.99272266411232	0.0462918242082054	0.133964741626575	44	0.387125938374551	6.72843503742993	8.30520834168123	3.13790182263853e-16	1.63060590778192e-15	24.8805852074932	Non-Significant
JUP	-3.61183816267469	0.000304034291305084	0.0111506849976282	74	-1.25066584146342	9.20262525453181	-23.0794829495422	3.49216203879601e-95	2.72347393017756e-93	205.653281843718	LUSC
KANK2	3.3705267477948	0.000750246222231127	0.0131492154122738	146	1.04181452812111	5.79396938039948	21.9132009433055	1.50094539146448e-87	9.39901810100737e-86	188.470000042822	LUAD
KANSL3	-1.38604861705374	0.165732058665025	0.314844746544699	40	-0.13173908964685	6.03875921939615	-4.25106666898196	2.3223495637659e-05	3.75988305797188e-05	0.532677362140097	Non-Significant
KAT2A	-1.71823512953604	0.0857537363164033	0.202600628756768	131	-0.163878647521315	6.00874329705913	-3.42458940008037	0.000640202659179358	0.000917440098074507	-2.59164609901038	Non-Significant
KAT2B	2.81085670714845	0.00494097855247503	0.0276414000089565	61	0.537866743093704	4.08915751373772	11.3661350801098	2.83938153234358e-28	2.54082105590396e-27	52.6261879672893	LUAD
KAT5	-0.41916520375844	0.675095400360036	0.804452643643933	49	0.044942691715681	3.37143665039593	1.675775406701	0.0940882607392103	0.109746860935641	-6.73394262153222	Non-Significant
KAT6A	-0.650080950991027	0.515639933122281	0.671546341927554	28	-0.213489324247044	6.07383678781371	-4.41676843579151	1.10864775126707e-05	1.84491080940182e-05	1.23407540912682	Non-Significant
KAT6B	-0.611900282636083	0.540603734614827	0.693464100954192	43	-0.15358389730416	5.00645903786335	-3.63317317850161	0.000293885991474125	0.000432863975396754	-1.74988288306283	Non-Significant
KAT7	-0.0337430703692864	0.973082033324639	0.986276028501488	32	0.00672842448313392	5.68357511576982	0.20775844953023	0.835458994995832	0.850442303796117	-8.36541798276531	Non-Significant
KAT8	2.42105246258699	0.015475643658309	0.0641335028441122	80	0.30827225536702	5.21074924140461	9.68637883103866	2.74411147618198e-21	1.84139919484041e-20	36.5660240996708	Non-Significant
KCNIP3	2.11836028314232	0.0341445668108	0.110278104575419	123	0.346588575069835	1.32060573032427	3.83777882675494	0.000131776135397662	0.000200001542543146	-0.625690991663992	Non-Significant
KCTD1	-3.50784009614113	0.000451760501883255	0.0111506849976282	85	-1.84153572022037	4.66234123689495	-26.4641529926974	6.01666764643399e-118	9.45906106414373e-116	258.433015457105	LUSC
KDM1A	-2.25665344292982	0.0240297381367071	0.0867104836467419	61	-0.343510465798456	6.64029364233545	-10.3857556393538	4.33512517167414e-24	3.2759852947238e-23	42.7971578760956	Non-Significant
KDM1B	-1.41502794095976	0.15706030393567	0.304149705102926	30	-0.269401509477901	5.05214485061705	-6.62086299451055	5.76027445292913e-11	1.67695012939901e-10	13.1535637798954	Non-Significant
KDM2A	-0.624334439934016	0.53240797060296	0.686944974746283	49	0.0508233007312222	7.23637500907467	1.45272354634194	0.146607670182324	0.167238444716004	-7.52078266120357	Non-Significant
KDM2B	-2.87400357477191	0.00405304375552778	0.0244617331085836	59	-0.476265609589179	4.85722771906452	-13.356132048067	1.27881141224087e-37	1.64351050595239e-36	73.9388857123812	LogFC Non-Significant
KDM3A	-3.09178837365484	0.00198954631941382	0.0180115565023039	43	-0.601480865708013	6.33243206023081	-16.1198669071324	2.95099498264789e-52	6.32187378636684e-51	107.348601903862	LUSC
KDM3B	2.10353242613314	0.0354192538564589	0.112702633577473	58	0.301705576501444	6.49429399093038	9.41618674231296	3.00806308558815e-20	1.91412533448171e-19	34.0522943901998	Non-Significant
KDM7A	-0.992605822879929	0.320902086004494	0.482768873503819	30	-0.0147917725850837	5.25966853572664	-0.348965125507693	0.727187418306607	0.749407209012516	-8.27756675129221	Non-Significant
KLF1	-1.16487673135481	0.24406889348839	0.401741718485314	136	-0.279627241720689	-3.27164471943414	-3.95232502504613	8.27218435883037e-05	0.000127788894926359	0.1116337945259	Non-Significant
KLF10	-1.1844865298129	0.236220525349764	0.393572634255388	43	-0.124870125851688	6.18946800515232	-2.80564527438199	0.0051169613275088	0.0067722074920909	-4.52377171480293	Non-Significant
KLF11	-1.0726400508017	0.283432647627648	0.446079382343206	48	-0.13517173311088	4.53720265325321	-2.91399560610215	0.0036461596999367	0.00488954829037884	-4.02907801540677	Non-Significant
KLF12	-1.04010388464291	0.298291639086416	0.462702572836093	52	-0.33978851983563	3.43417329300553	-5.31987802244812	1.27587275218683e-07	2.52384295467035e-07	5.81725738216255	Non-Significant
KLF13	-1.30567930266071	0.191661639350305	0.343079364926268	34	-0.227680440980283	6.56306603746199	-4.46399612670343	8.93904877868325e-06	1.49964952649637e-05	1.38152230629542	Non-Significant
KLF14	-1.6483956493655	0.099271508222365	0.223688883064933	57	-1.29275207402627	-3.06834082337719	-10.4390505828113	2.61310410179396e-24	1.99267210903772e-23	44.0624937067282	VIPER Significant
KLF15	2.27274772203058	0.0230413870392163	0.0847889889968282	97	0.875987213054084	1.78087209505759	8.6605174113922	1.80851574436005e-17	1.00509366071341e-16	28.2021167064278	VIPER Significant
KLF16	-2.11382967054389	0.0345298178174281	0.11108177241267	47	-0.355949706314961	4.23583860220202	-8.55979135302867	4.1028937754674e-17	2.23649484860302e-16	27.1633006959562	Non-Significant
KLF17	0.519241544063468	0.603592311732764	0.747982772827901	69	0.371272461862761	-3.52934689221006	4.04534303119168	5.61832898772059e-05	8.80277457231331e-05	0.482735469303194	Non-Significant
KLF18	-0.473053084138164	0.636175307265397	0.771098743284954	233	0.188254982922655	-6.46221242401566	4.5531938409368	5.91984168831914e-06	1.00874102368958e-05	1.96274674362739	Non-Significant
KLF2	3.22612044599281	0.00125480539226308	0.0148400683963599	53	1.21694797310368	3.6739254410686	17.7879337193833	7.17595952676421e-62	2.09968363760225e-60	129.659429060106	LUAD
KLF3	-2.40028166516777	0.0163824605941556	0.0667699489554629	27	-0.203264003916698	6.38686193686991	-5.7091984860638	1.48717488255056e-08	3.2290223509438e-08	7.58121456541654	Non-Significant
KLF4	-3.49311318786999	0.000477424099973679	0.0111506849976282	76	-1.23788427610101	5.17155876916077	-15.2805807664601	1.25341448139969e-47	2.31829014584935e-46	96.8493135251367	LUSC
KLF5	-2.80750272035478	0.00499272581591332	0.0277584701613007	70	-1.05088657683136	7.20026254184195	-15.3220606596795	7.46286310555048e-48	1.39201370299293e-46	97.1491625152441	LUSC
KLF6	2.15346890705061	0.0312818451781529	0.104408899240621	55	0.36619332472107	7.08770851743511	7.04950464526029	3.30172059514587e-12	1.11376142253354e-11	15.7201556282394	Non-Significant
KLF7	0.41266064967097	0.679855258991522	0.80824163852217	57	0.115360657926174	5.20120093165604	2.14673593522094	0.0320492651094921	0.0393348136650514	-6.03188401792243	Non-Significant
KLF8	-2.87678931024048	0.00401743733953308	0.0244617331085836	54	-0.252746960763848	3.31051913652925	-3.00084220144255	0.00275773229633025	0.00373609386011667	-3.6467794334231	LogFC Non-Significant
KLF9	2.58250069440251	0.00980871648025972	0.0474435790038094	32	0.570307205331558	5.30015653531126	9.87547138695817	4.9711937300988e-22	3.43835113825165e-21	38.2481693312715	LUAD
KMT2A	1.30423612282111	0.192153087073567	0.343658405727725	71	0.239977276392427	5.9996575508647	5.41510806876547	7.63616277115482e-08	1.54420064995208e-07	6.03838133552251	Non-Significant
KMT2B	-1.7602811946094	0.0783601410598496	0.19018368755451	54	-0.245491720482255	6.21914272451597	-5.29123153783171	1.48656107592445e-07	2.92348484542201e-07	5.36726337356898	Non-Significant
KMT2C	1.71426081809166	0.0864808356946111	0.203847684137298	98	0.313078923058373	6.34906296489959	7.16973400979721	1.43974518444654e-12	5.86789226226629e-12	16.6242947472099	Non-Significant
KMT2D	0.229175546106858	0.818732478197988	0.895310876746704	50	0.148783246486403	6.70679994788366	2.82536112508549	0.00481473985974934	0.00639086787530598	-4.53121483709355	Non-Significant
KMT2E	0.991894858987805	0.32124881723271	0.482935400483559	28	0.184565759282298	6.25857195658819	5.42927816784003	7.06974855259544e-08	1.43385531973342e-07	6.082687797187	Non-Significant
KMT5A	-3.46175934346066	0.000536656792101589	0.0114635615561237	79	-0.876414235059127	5.24623037585784	-24.7201801919247	4.02534681886775e-106	4.31016730459196e-104	231.206203798922	LUSC
L3MBTL1	0.0284520824945106	0.977301585170156	0.988778094811911	287	0.0734464064758515	1.60693605897808	0.991680950556625	0.321588062339641	0.350815290782324	-7.47124886451204	Non-Significant
L3MBTL2	-1.7961743584351	0.0724667914011743	0.179911457532318	55	-0.173975331365717	4.90236590446575	-6.0480759723763	2.05388943309615e-09	4.91331162308207e-09	9.67766927215456	Non-Significant
L3MBTL3	-0.106151832192921	0.915461887276442	0.957967980937979	29	-0.00354656976955318	3.11036715964697	-0.0733119739925742	0.941572217929002	0.947246740276393	-8.10722593466397	Non-Significant
L3MBTL4	-1.62014797061949	0.105200494831109	0.230203435748074	72	0.131234133709608	2.62236268019427	1.38251762900043	0.167115039222879	0.189251189799109	-7.10652659523787	Non-Significant
LBH	1.07025792186515	0.284503228974977	0.447076502674963	41	0.108591676462151	6.9401630067045	1.92951819351302	0.053943297389364	0.064624298638398	-6.67901396000057	Non-Significant
LBHD1	2.05663356067198	0.0397214874486878	0.121117978122228	92	0.329402436714818	0.477916120046901	5.95214595062972	3.63419252946391e-09	8.44878831223083e-09	9.54817353809938	Non-Significant
LBX1	0.129812453910326	0.896714809496481	0.94522333860371	91	-0.0529399247961816	-3.48278456515899	-0.469894948831804	0.638530382233197	0.664482629232869	-7.5141665584413	Non-Significant
LBX2	1.72086748194091	0.0852748735569179	0.202169630703886	125	0.491097437188436	0.0230909798551149	6.82145613061354	1.54109614795618e-11	4.81760761623315e-11	14.9206591800968	Non-Significant
LCOR	0.905645690531554	0.365123416768196	0.528318607289766	43	0.133766489682902	5.52929818966109	3.56122499065089	0.000386145824441797	0.000563584937718954	-2.06426319674476	Non-Significant
LCORL	1.35444701029529	0.175593808212107	0.325716166456909	49	0.341655003234632	3.29856145882751	9.36775866067498	4.59334369843589e-20	2.89744863567509e-19	33.9687954669577	Non-Significant
LDB1	-1.50384721100361	0.132620711914916	0.268921681444915	47	-0.216919133357009	6.62532157965879	-6.41388072111408	2.16551178791986e-10	5.84183889512521e-10	11.6775522391858	Non-Significant
LDB2	2.10722554517447	0.0350980336433299	0.112028981020676	175	0.708892169348564	3.23674619133352	12.4474362813395	3.23747618540305e-33	3.49742769078253e-32	64.0082842225231	VIPER Significant
LEF1	-3.25814676050199	0.00112142393767633	0.0145272474904149	56	-0.969133300137508	3.58727228301519	-14.2221062792554	5.15954470809216e-42	7.78411432769212e-41	84.1229766298702	LUSC
LEO1	-2.05886801909729	0.0395068834794612	0.121117978122228	51	-0.307005276187493	4.50460679664564	-9.96287538009534	2.23669315045481e-22	1.56634414155171e-21	39.1219736556966	Non-Significant
LEUTX	-1.3414028805056	0.179789682866913	0.330333887614084	289	0.0386787383180997	-6.38723997651699	0.742033282886769	0.458237771893498	0.488522255176702	-7.99736409521923	Non-Significant
LHX1	0.656314937294524	0.51162150855901	0.668494218889193	207	-0.255980426485445	-4.04876197696313	-1.45429303649824	0.146172305185089	0.166764222393102	-6.56706668548745	Non-Significant
LHX2	-3.25556232520289	0.00113168055279165	0.0145272474904149	40	-2.44353936073343	-1.46770177025052	-16.649554195745	2.98145312382094e-55	7.03928545050882e-54	114.765613838085	LUSC
LHX3	-1.84555131182434	0.0649573815385129	0.168231395731389	234	-0.41123780347354	-5.32650396052499	-3.89099365798208	0.000106300574847803	0.000162644805908352	-0.276273600613265	Non-Significant
LHX4	1.07421288437202	0.282727278983349	0.445654863482228	517	0.20369650243026	0.158823971017399	2.66241425073667	0.00788015730521958	0.0102588088892675	-4.29808756114707	Non-Significant
LHX5	-3.20342100215108	0.00135805292584016	0.01538751142513	47	-3.14033461527302	-1.92040684661884	-18.2198202175527	1.92621960104301e-64	6.06943012890684e-63	135.831388300429	LUSC
LHX6	0.607998515442361	0.543188458508843	0.694529102219633	73	-0.347615251583401	1.49234592202496	-4.69861144642496	2.97740921578022e-06	5.19963846913431e-06	2.96648180523963	Non-Significant
LHX8	-2.60422420034971	0.00920824988749604	0.0451800462105921	88	-0.969797057171789	-4.45589080343151	-5.94894576551293	3.70352379855688e-09	8.60059823277998e-09	9.73702621789035	LUSC
LHX9	3.1287282321997	0.00175564605882691	0.0167271866960141	81	0.906776092669562	-1.13485552587652	5.8606980424865	6.21438846937989e-09	1.40799292222288e-08	9.14693950950959	LUAD
LIMD1	3.59073516248338	0.000329746564029561	0.0111506849976282	141	0.733380595185244	4.61064995437389	17.7818347202898	7.79761057947095e-62	2.27709387668904e-60	129.499881552905	LUAD
LIME1	-0.269303296101814	0.787696295927679	0.873984068041231	197	0.0409266574035465	0.222079731973318	0.493457567718994	0.621795400931961	0.64825942160986	-7.71191175047367	Non-Significant
LIN37	-0.00562919631635274	0.995508574890068	0.997947351408662	75	0.172212652411857	-0.294372252975082	3.32982191963395	0.000900091972433904	0.00127456729444158	-2.27964271750033	Non-Significant
LIN54	-1.31357470969083	0.18898936411136	0.340245723907394	55	-0.125422940455219	4.12489302058691	-3.99611138377803	6.90169581163015e-05	0.000107343054515362	-0.289745938430686	Non-Significant
LIN9	-2.83110094404611	0.00463880784203614	0.0268107368497343	134	-0.595178439074219	3.4651405084257	-13.5756532521112	1.02480808489256e-38	1.37226836550046e-37	76.5780999720323	LUSC
LMO1	-3.78511611811073	0.000153636824780507	0.0111506849976282	51	-2.00387966059058	-2.67596198501471	-15.1548837057258	6.00029265699085e-47	1.07957155838918e-45	95.7790972744092	LUSC
LMO2	-0.294775755280671	0.768165188402896	0.86307851481182	36	0.289635541486132	3.23141426298095	4.83808385706268	1.51287002817546e-06	2.71354965484676e-06	3.45052267602107	Non-Significant
LMO3	3.68912131537629	0.000225029903709869	0.0111506849976282	245	3.72184698002373	4.15861223612748	25.9910001377414	1.0102288416198e-114	1.40268386380701e-112	251.047855774784	LUAD
LMO4	-3.31394788428955	0.000919886509822614	0.013906466143899	45	-0.978455968932573	6.0265334511323	-16.0929934476559	4.17296127089723e-52	8.89159445842989e-51	107.035534583042	LUSC
LMX1A	-1.99343187708741	0.0462141761862226	0.13392946809775	109	-0.706070062881787	-4.80345858857364	-4.97592459127972	7.6163689224994e-07	1.40311846970479e-06	4.55101670521745	VIPER Significant
LMX1B	-1.48396954839759	0.137816999379023	0.275787917220409	67	-0.857363757491181	-0.982310965053139	-4.9576086027228	8.35178220321251e-07	1.53275489018347e-06	4.39393498817524	VIPER Significant
LPIN1	1.90702929136145	0.0565167945242901	0.153043517419899	45	0.404961439366311	5.10799074386647	7.34697983763804	4.14241010006016e-13	1.77702306371382e-12	17.9887200336392	Non-Significant
LPIN2	4.06967249689773	4.70792714060019e-05	0.0111506849976282	120	1.84422817137805	5.82621779650347	30.7592192393425	1.40701794817871e-147	5.6117352755984e-145	326.504334684228	LUAD
LPIN3	-1.83791774650972	0.0660745266562279	0.170002930093963	96	-0.322118993353337	4.34964990031881	-5.51823355143383	4.34024623299103e-08	8.98327573446495e-08	6.76878944719752	Non-Significant
LRP5	2.05505537775254	0.0398736562066332	0.121303024745885	46	0.5181486650057	6.85769250339334	10.8950698718787	3.1624622647424e-26	2.60515171897487e-25	47.6524348404186	VIPER Significant
LRP5L	-0.320181522521648	0.74883072939681	0.850629351343665	180	0.00518893841328718	2.51439253418173	0.0772616157747363	0.938430558012452	0.944485871540934	-8.04769274386341	Non-Significant
LRRFIP1	2.22469854896143	0.0261014817558084	0.0932000552746668	67	0.392866727447694	6.99983895198757	11.1464509988737	2.60638912212248e-27	2.24023555626804e-26	50.1128377471726	Non-Significant
LYAR	-2.5636687272796	0.010357234603346	0.0487770737248618	96	-0.406467953226976	4.29738296718467	-10.6348278998823	3.99908974492063e-25	3.1531631454345e-24	45.4128101825628	Non-Significant
LYL1	2.88739941284374	0.00388440784511609	0.0243704960151021	96	0.698628277391383	2.05435859457818	12.4188370777405	4.41760785024135e-33	4.74729080861289e-32	63.7988038407683	LUAD
MAEL	2.17443687066586	0.0296723416141798	0.101351604244761	104	0.514122605061819	-2.62776828452971	3.26483764007019	0.00113164618617631	0.00158777801690236	-2.35561416388449	VIPER Significant
MAF	-2.98931434239162	0.00279604312832965	0.0207271892774002	57	-0.73039950896474	5.59193323647192	-11.824691715345	2.49911639833799e-30	2.42830265212609e-29	57.1739120501836	LUSC
MAF1	-0.101133896530569	0.919444170441166	0.959787128940115	99	-0.00762168555798558	6.86336305108966	-0.24177817804812	0.809000582635726	0.825956974664444	-8.49945771659441	Non-Significant
MAFA	-1.02386088497495	0.305900987658985	0.469874940503216	36	-1.78378731160225	-2.62570033235573	-15.1230954463663	8.90443291305201e-47	1.59434689582387e-45	95.3857577244451	VIPER Significant
MAFB	-0.10551983206135	0.915963334127352	0.957967980937979	91	-0.568797270012382	5.56366659621541	-9.2510179100681	1.26501915622581e-19	7.81864725918159e-19	32.7368320112732	VIPER Significant
MAFF	-1.85779973904541	0.0631974582150776	0.164506360697263	59	-0.134002883850726	4.75608134123379	-2.83484843997461	0.0046751554414301	0.00621197232907472	-4.27855334139111	Non-Significant
MAFG	-2.11574575766494	0.0343664366259704	0.110730282420056	141	-0.400751468278168	5.4076216001137	-8.14061673502813	1.13720109620405e-15	5.73493292125917e-15	23.762387307258	Non-Significant
MAFK	2.41331523377127	0.015808140618347	0.0649466982030883	70	0.584734932574426	5.11578424363125	8.99131429755821	1.160134303788e-18	6.84912589620601e-18	30.5941839726993	VIPER Significant
MAGEA1	-1.36318363119701	0.172824644705085	0.322627028345442	58	-3.3472226696794	-2.49948446895275	-13.0153283253939	6.08075121351262e-36	7.35369968183586e-35	70.6012511355616	VIPER Significant
MAGEA10	-1.63920399746233	0.101170781598945	0.225731100492303	124	-2.79380610437552	-3.02428936380546	-11.3648486961048	2.87675793954532e-28	2.57387976623547e-27	53.086702129705	VIPER Significant
MAGEA11	-3.51628377239968	0.000437632964884451	0.0111506849976282	187	-4.9724175078343	-2.63133657160745	-21.5526662246354	3.22173877858798e-85	1.89001254091952e-83	183.459925851634	LUSC
MAGEA12	-0.62886829706991	0.529435282788115	0.683853906934648	164	-1.29906614072322	-2.85801141436885	-4.88086556021086	1.22486175729213e-06	2.21542061269172e-06	4.11709659134344	VIPER Significant
MAGEA13P	-0.398783248865651	0.690052920902567	0.814684521734941	263	0.186361063771902	-6.56504263608753	5.97100273111289	3.25063796766952e-09	7.59397997109428e-09	9.19011861255702	Non-Significant
MAGEA2B	-1.34470789549917	0.178719583901228	0.330018293016166	108	-0.26386859574989	-5.76993225006554	-2.97617023998426	0.00298749761147816	0.00403623927061594	-3.56153774374703	Non-Significant
MAGEA3	-1.68005468915102	0.0929466756468087	0.214208264396051	87	-3.21000124824665	-1.16938073070951	-10.7368470752785	1.48751233598029e-25	1.19344397988796e-24	46.8300709405556	VIPER Significant
MAGEA4	-3.2012335943438	0.00136840547621108	0.01538751142513	66	-6.90106182474977	-0.93595029607315	-24.8160965088678	9.1028449303815e-107	1.00549212951261e-104	232.889465807447	LUSC
MAGEA5	-3.2351137144955	0.00121594293321481	0.0146191870401154	112	-0.785462102233462	-5.19784511202533	-8.29242987725989	3.47051261604094e-16	1.80045528793946e-15	25.4977901454669	LUSC
MAGEA6	-1.67053596594888	0.0948133696860876	0.21747550939208	119	-3.49221389264898	-1.48651704622134	-11.772579461023	4.30968740904743e-30	4.15968480846941e-29	57.2007225517998	VIPER Significant
MAGEA8	-2.94133852143574	0.00326797179445679	0.0226653230218936	104	-0.503203560635505	-3.78714371516816	-3.58927661184302	0.000347347439240522	0.00050861956120014	-1.22850754679829	LUSC
MAGEA9B	-2.94245589745537	0.00325620163079673	0.0226653230218936	80	-3.82900464999749	-3.61656012123896	-18.9075693415866	1.34009543152301e-68	4.75733878190668e-67	145.372633330781	LUSC
MAGEB1	-0.15805055302384	0.874416963735684	0.931800576980838	226	-0.239434926114561	-5.47563071414425	-1.66069034452222	0.0970825805166214	0.113048683473004	-6.46435112997941	Non-Significant
MAGEB10	-1.12312970834794	0.261382410425042	0.42342708767192	209	-0.0220002290446881	-6.27411178946088	-0.360007666992623	0.718915828732652	0.74143575290853	-8.1572698808001	Non-Significant
MAGEB16	-1.1180646329014	0.263539390100089	0.425237848694624	301	0.0940729964955823	-5.91075120416624	0.89580447737323	0.370568271511806	0.400752682774329	-7.63898247814323	Non-Significant
MAGEB17	-1.80267384502857	0.0714394521325179	0.178250145198941	188	-1.008040672204	-4.41635533880372	-7.28002183177214	6.65249629035509e-13	2.80700012103758e-12	18.1663551669276	VIPER Significant
MAGEB18	-0.691841818944645	0.489036671311201	0.649720149027738	221	0.0389796914776972	-6.33592276945056	0.78477997847005	0.432764566342044	0.463160262286971	-7.94240108067302	Non-Significant
MAGEB2	-1.51156281802921	0.130645116628239	0.265178480775175	61	-2.54696302967203	-3.39322867170168	-10.7821331926975	9.5670993332741e-26	7.73213670717367e-25	47.3426081683131	VIPER Significant
MAGEB3	-1.81157272288786	0.0700522428382946	0.175861213309387	154	-0.250394532674056	-6.22781439108482	-3.83211073602224	0.000134805883747344	0.000204380673353915	-0.908060836431678	Non-Significant
MAGEB4	-0.895094507811609	0.370736569641393	0.53530488460571	292	0.0993170229471743	-6.44424555173545	2.25358230291067	0.0244338587775515	0.0303518170061362	-5.76207097169051	Non-Significant
MAGEB5	-0.236907681292625	0.812728410796339	0.89177043134373	248	0.16835863685621	-6.50455128288295	4.58029966876663	5.21558149321404e-06	8.92728366016391e-06	2.06842705526099	Non-Significant
MAGEB6	-3.68168429460959	0.000231698212939365	0.0111506849976282	75	-1.72653650390288	-4.93812284017033	-13.7950679649303	7.99525340934471e-40	1.11612385331719e-38	79.4562445775331	LUSC
MAGEB6B	-1.07290545265451	0.283313539339657	0.446079382343206	189	0.00846163909862285	-6.29003343275224	0.150707522568278	0.880236197084122	0.891411275759486	-8.2181927044375	Non-Significant
MAGEC1	-0.656250858227643	0.511662730586743	0.668494218889193	176	-0.465720755663162	-3.78634034725426	-2.12967798849569	0.033436797075759	0.0409658497025282	-5.36114807956356	Non-Significant
MAGEC2	-0.710623972315197	0.47731728383558	0.63746159446971	205	-0.560512039282252	-3.62900915343313	-2.33908999265924	0.0195227958745249	0.024482077917563	-4.89749509399547	VIPER Significant
MAGEC3	3.09540304884708	0.001965456161269	0.0178725480264728	229	1.14571561128755	-4.78980648000045	9.16069133177294	2.75041021818e-19	1.67125386539656e-18	32.6085042160094	LUAD
MAGED1	1.14815265685663	0.250905549534455	0.410353920341722	70	0.193981414821042	7.9089973582152	4.31075732800846	1.78438421279882e-05	2.91672902998117e-05	0.551474111976264	Non-Significant
MAGED2	3.67088915543391	0.000241708153026477	0.0111506849976282	190	0.554026548189555	7.31041699455876	14.1079385754962	2.00685848374327e-41	2.97930499908596e-40	82.3906497129378	LUAD
MAGED4B	-1.87974497208693	0.0601428432784287	0.158982244635226	170	-1.35888127301332	-3.99741843374135	-13.1948437092338	8.02237109890661e-37	1.00093522421735e-35	72.6330424468551	VIPER Significant
MAGEE1	-1.04704836769535	0.295077270958313	0.459808146519961	37	-0.0474539574649474	1.91564786146689	-0.695173221295386	0.487104875573586	0.517089395343268	-7.75079692262353	Non-Significant
MAGEE2	2.75966897831426	0.00578599556507099	0.0314009202284754	104	0.532468645089922	-3.41628153236499	3.92841349117602	9.12556459638348e-05	0.000140428019905039	0.0222576972105442	LUAD
MAGEF1	-3.00001434463811	0.00269966891947273	0.0205115147777729	130	-0.743506714904264	5.91200866541694	-14.3632000121876	9.53354090693656e-43	1.47885600489825e-41	85.581367237596	LUSC
MAGEH1	-0.437728091775936	0.661583403054574	0.794365987470457	114	-0.00882702347671357	4.19980810999169	-0.177580666357685	0.859087520493566	0.872178937052553	-8.20660765489029	Non-Significant
MAGEL2	-0.607836716301137	0.543295775010722	0.694529102219633	59	0.118581623510217	-1.05163583462998	1.25576283502762	0.209489163346266	0.234176902866305	-6.94668254180411	Non-Significant
MAML1	0.488067177082672	0.625502259172542	0.766333905549114	40	0.0287654422845559	5.75819282283098	0.828794330523895	0.407414434615604	0.437795736323554	-8.0521822440156	Non-Significant
MAML2	1.634961952457	0.102057023835659	0.226719512234266	69	0.181987686994196	4.40123563008512	2.98106259921049	0.00294059114267665	0.00397485465007381	-3.81842559612198	Non-Significant
MAML3	2.73965887462813	0.00615029816920566	0.0330275854440808	32	0.372192120129637	3.71669969374339	6.94371208839498	6.78452639414947e-12	2.21068127001382e-11	15.3882835181519	LogFC Non-Significant
MAMLD1	0.751982285306836	0.452061711960404	0.612934567707745	51	0.292248253520809	2.38815617351102	4.01291050373831	6.43539156793107e-05	0.000100355834656093	-0.0497934482857518	Non-Significant
MAMSTR	-2.70529818354554	0.00682431012706819	0.0355280878371031	73	-0.615665676501134	1.07046720664882	-8.4917333751385	7.10382282296366e-17	3.82702274408722e-16	26.9139355479454	LUSC
MAX	-1.49160410480117	0.135802961483091	0.272939940269552	39	-0.0545996934802913	5.83459767212174	-2.25931453900154	0.0240739362511375	0.0299247366465099	-5.85746811903731	Non-Significant
MAZ	-1.76217581681029	0.0780395966700695	0.189697980085288	29	-0.228917980679211	3.5787811454918	-5.87465827786341	5.72844547582731e-09	1.30320928448048e-08	8.81586503446973	Non-Significant
MBTD1	-0.0869958327563041	0.930674824528974	0.965598727680669	63	0.0214663322305317	4.57413746502057	0.515006741903657	0.606659745036679	0.633747054130025	-8.12991766979166	Non-Significant
MBTPS2	-0.63934563784161	0.522598105337814	0.677753647681556	46	-0.014716503758896	4.77624825236339	-0.397956271818816	0.690745583569215	0.714515888507707	-8.20541390422642	Non-Significant
MCRS1	-1.66460570827336	0.0959914457733443	0.219439662628226	106	-0.127446759691237	5.87861989520402	-4.63326576580793	4.06429590902858e-06	7.02139344125821e-06	2.21775093572132	Non-Significant
MDFIC	3.13148653922557	0.00173923758845952	0.0167271866960141	94	0.640613868063486	5.48002568786747	11.8272111431179	2.434025700895e-30	2.36660414474947e-29	57.2120424112348	LUAD
MDM2	-0.187808380536784	0.851026865954249	0.916404852676862	43	0.136593966948474	6.09644466839873	3.11339303373908	0.00190096267995431	0.00261289485790783	-3.60924179936401	Non-Significant
MDM4	1.2560618847181	0.209093533900362	0.363104514634395	302	0.15709701269854	5.36040324053682	3.46650127452076	0.000549223390140276	0.000791529002203618	-2.37409902871509	Non-Significant
MECOM	2.16151670310262	0.0306554481134042	0.103091756344119	97	0.39168377840899	5.49008187865364	4.99536147142135	6.9043718078966e-07	1.27666107666035e-06	3.96756362595788	Non-Significant
MECP2	-0.194610373675063	0.845697981317399	0.912784536415759	29	0.0864448855609299	5.85212866244986	2.69802299487218	0.00709025006791089	0.00926761884495195	-4.7781286844133	Non-Significant
MED1	0.721443469450789	0.470636709764088	0.631010949002178	49	0.136599725987416	5.64895884111877	3.18632737696337	0.00148461525351271	0.00206136052968457	-3.32938283831135	Non-Significant
MED10	-3.20019226417429	0.00137335940829348	0.01538751142513	68	-0.697577559226419	5.1695008545072	-17.3300582231707	3.51932937847219e-59	9.40815056115459e-58	123.355970981224	LUSC
MED12	-0.552004908874578	0.580944990046428	0.72742561177172	25	-0.0846632259536354	5.85802678130734	-2.07176088048527	0.0385383121333245	0.0468816661920345	-6.26469659089096	Non-Significant
MED12L	-3.76467660421052	0.000166764771147418	0.0111506849976282	238	-2.20447129825241	0.154040075206785	-23.594937490035	1.34779609668506e-98	1.15912414815779e-96	214.139831309638	LUSC
MED13	0.818189980700173	0.413248715345173	0.578322073595228	65	0.106938509460906	6.53168941782218	2.82268178354382	0.00485483849226089	0.00644207853253518	-4.51733840156267	Non-Significant
MED13L	-0.563798053862116	0.572891576423564	0.720522464402175	26	0.0131520297089832	6.41515807256065	0.287066625133907	0.774119533712869	0.793712931848769	-8.43248999832493	Non-Significant
MED14	-0.783295515941711	0.433453595802924	0.594052097987657	42	-0.0673030035984795	6.1065813229137	-2.05047672523523	0.0405727353464786	0.0492506729192578	-6.33768697507493	Non-Significant
MED16	-0.0594635162467124	0.952582923851375	0.974492331099957	44	0.100890480640212	5.72629336660451	2.81284740979295	0.00500462501868152	0.00663002922522597	-4.4492942729805	Non-Significant
MED17	1.88945321540076	0.0588311260413433	0.157147792601197	96	0.309648768311396	2.10543580017631	8.0986145979447	1.57403936620312e-15	7.87974369601151e-15	23.7688035581226	Non-Significant
MED18	0.734300472216093	0.462765630173361	0.623316971253915	113	0.18859418369214	3.90849165927465	5.75439173756621	1.14877123203833e-08	2.52537128931148e-08	8.10559479492203	Non-Significant
MED19	-1.92364042272903	0.0543996705445431	0.151168321757593	121	-0.199490096153388	3.79847666721022	-6.46106085021924	1.60649140707826e-10	4.40802312533198e-10	12.2811088427401	Non-Significant
MED20	-1.3204275137689	0.186692322490142	0.338928564165776	67	-0.132495342992573	4.67388619574899	-3.73068382791196	0.000201476205236668	0.000301044112657133	-1.35908175854528	Non-Significant
MED21	-2.72804382198292	0.00637111435539395	0.0335961339462268	80	-0.484757893686711	5.07322750437404	-12.3295722001839	1.16156367129511e-32	1.22869783364284e-31	62.5652234193851	LogFC Non-Significant
MED23	-0.0512756935503777	0.95910583635675	0.978230578856386	66	0.00069824405630616	5.01643963834012	0.0218364387626714	0.982582692351977	0.984305272127184	-8.31094580564796	Non-Significant
MED25	-0.263548417158036	0.792127910601387	0.875612411558268	44	0.135320129570988	5.52890454044339	3.70401763385707	0.000223579850037779	0.000332715975063733	-1.55189776368304	Non-Significant
MED26	-1.65511886093562	0.0979003897087335	0.221689842052059	28	-0.132231329790168	2.63848304034603	-4.18767686002037	3.06143842761328e-05	4.9055491530125e-05	0.630965690051808	Non-Significant
MED27	-2.8488246015454	0.00438810647621115	0.0259101020855358	99	-0.483768033811179	4.26832469842463	-13.2411031147611	4.7452636827424e-37	5.97071320928081e-36	72.6911440454467	LogFC Non-Significant
MED29	-1.04163836007459	0.297579376836478	0.462298712989699	35	0.0784932159167443	6.11432427046852	2.19079636318911	0.0286919158346354	0.0353882047715926	-6.04219194641812	Non-Significant
MED30	-2.3680432065183	0.017882447420046	0.0710436648959496	47	-0.63981937842255	3.6175522151523	-16.1415143473739	2.23176345239227e-52	4.80358589950437e-51	107.881999948673	VIPER Significant
MED31	-0.375772780455076	0.707085825281876	0.823858139088089	183	0.0127517540736179	1.7551292645602	0.323390622399211	0.746465631220314	0.767570693103483	-7.92458073934684	Non-Significant
MED4	-0.372709030481855	0.70936501462956	0.824636829506863	115	-0.0668704199402967	4.61614327027798	-2.42619243590101	0.0154304707484961	0.0195394541907283	-5.3313982359934	Non-Significant
MED6	-0.871466884330132	0.383499279848826	0.549467455581722	126	-0.102673861847184	4.07818412075063	-3.52887339266404	0.000435916185155584	0.000633471686194574	-2.01914699595365	Non-Significant
MED7	2.30502433266774	0.0211652106878325	0.0797495783928275	148	0.340414660550362	3.10756124401242	11.9460101458797	6.97953947215357e-31	6.94645942407754e-30	58.681737605723	Non-Significant
MED8	0.815617495418117	0.414718939924902	0.579586715222917	185	0.210501843278659	5.11296471168986	7.86743523212343	9.18124241224105e-15	4.39302490203099e-14	21.7362475885228	Non-Significant
MEF2A	-0.822772881377952	0.410637160929996	0.575848959056046	39	-0.178208076909468	5.53112817425419	-5.33638687634906	1.16791538399947e-07	2.32009719287771e-07	5.68045769008727	Non-Significant
MEF2B	0.411478062828493	0.680722023721743	0.808332710699179	116	0.0325609646727684	-3.51365833983984	0.403124526783894	0.686940988745214	0.710877340197155	-7.54270705469432	Non-Significant
MEF2C	3.84177357237106	0.000122148492680937	0.0111506849976282	218	1.22983889017631	4.20691310957583	19.8154248750738	3.37800824724193e-74	1.42777308754514e-72	157.922447118905	LUAD
MEF2D	3.05911782167468	0.00221989825529416	0.019003815189673	44	0.525444360383828	6.26929176152572	15.1079682324616	1.07425688236964e-46	1.91481294986745e-45	94.5966718977439	LUAD
MEIS1	-3.0836392818271	0.00204485366257303	0.0182419620511558	137	-0.648811671035848	3.83343024722575	-11.1459091547084	2.62057273258441e-27	2.25210087894857e-26	50.4448699401328	LUSC
MEIS2	-2.53445594210306	0.0112622088306533	0.0514341055078498	37	-0.365989816091691	3.53398482155058	-5.81041537791962	8.32049353377818e-09	1.85748297983409e-08	8.4570821951259	Non-Significant
MEIS3	-0.937666662830839	0.348415741125191	0.510643700818153	144	-0.300143140915753	2.41816191789184	-4.28451924126996	2.0043086780997e-05	3.26248464251092e-05	1.05538798017315	Non-Significant
MEIS3P1	3.34362655328627	0.000826909685977189	0.0133653137298839	53	0.993678472848823	1.37280350799982	14.5302940688079	1.27245627367594e-43	2.04042792703022e-42	87.9795975214841	LUAD
MEIS3P2	3.26158016641267	0.00110793099883327	0.0145272474904149	77	1.18225300714752	-1.16940925568166	11.2430523854846	9.87258495818242e-28	8.64062012238449e-27	51.7989574688511	LUAD
MEN1	-1.64514925555453	0.0999390351340737	0.224451444439424	65	-0.184227904128114	5.62799023022598	-5.38838451763201	8.82649117495596e-08	1.77398502115161e-07	5.94077948306251	Non-Significant
MEOX1	-0.301967892192392	0.76267653938338	0.859744462577629	77	-0.846109138875537	-0.0849172009786608	-8.13720046683417	1.16773229125426e-15	5.88640485811915e-15	24.2487105945492	VIPER Significant
MEOX2	2.09378104833566	0.0362794891523631	0.114726174351986	99	1.00658373124072	1.27392986432893	10.5052501395951	1.38945055436124e-24	1.07151412008857e-23	44.4481873932821	VIPER Significant
MESP1	3.25305943912157	0.00114169612666959	0.0145272474904149	151	1.17540192539622	1.02717679769415	13.1904605086452	8.43104691377028e-37	1.05082178050467e-35	72.3868007794914	LUAD
MESP2	1.29779184963588	0.19435887108807	0.345189453338708	178	0.490391266058461	-0.813272961621163	4.05473533549487	5.40073729505659e-05	8.47235138676226e-05	0.397809385287175	Non-Significant
MGA	-0.610344632032987	0.541633537188324	0.694349760079769	36	-0.0635978705525439	5.46753049724366	-1.67066568280054	0.0950941018122205	0.110874397935899	-6.96784374680427	Non-Significant
MIER1	2.37459987620656	0.0175679826390218	0.0700664570749292	171	0.317148352396663	5.45621995773695	9.56537473278315	8.07371117662138e-21	5.27770799794389e-20	35.471287891697	Non-Significant
MIER2	-1.17248532657326	0.241002259884304	0.398940634080328	45	-0.129912026883914	4.21517674646984	-3.78509693432034	0.000162594044100071	0.000244911065286161	-1.1083980672037	Non-Significant
MIER3	2.47060144104092	0.0134886056799582	0.058100394149883	64	0.40650200505435	4.32485695580021	12.4054617973787	5.10784417896193e-33	5.47517777819572e-32	63.4556011227691	Non-Significant
MITF	3.26692106313902	0.00108723991387301	0.0144447588557414	42	0.802988970391555	3.24773440771828	13.700916633235	2.39703386647682e-39	3.29360766666169e-38	78.0418983701636	LUAD
MIXL1	-1.48367953277326	0.137893958610204	0.275787917220409	91	-0.953855739072855	-0.250672921848879	-9.50552483275275	1.37122405082144e-20	8.86025135024094e-20	35.4634310655536	VIPER Significant
MKX	1.37193590210073	0.170083392662873	0.31896482253734	194	0.674952336343064	-0.19121884073239	5.82399695073846	7.69145200431348e-09	1.72333415624302e-08	8.87409773626546	VIPER Significant
MLF1	-2.74050612470543	0.00613446386575233	0.0330275854440808	63	-0.838276674231092	4.82740520424029	-13.2285023704479	5.47561144353464e-37	6.87656722854888e-36	72.495151496412	LUSC
MLF2	-2.80329960752269	0.00505826554694778	0.0279708413758248	80	-0.631487210882926	7.84970258234178	-18.0511751468432	1.9609333401561e-63	6.0099218981669e-62	132.840694642568	LUSC
MLIP	-3.3222230762781	0.00089303266569086	0.0137379310827331	56	-2.27920266654603	-2.45709456472949	-19.2180648763119	1.68267719680339e-70	6.26937039338152e-69	149.722777924198	LUSC
MLLT1	-1.48739767735668	0.136909809988576	0.2743559953346	37	-0.132164127323677	6.25150837875085	-3.52773301511935	0.000437775463438968	0.000636080255887226	-2.2658617983442	Non-Significant
MLLT10	-1.19589819959682	0.231736287839623	0.389214483507201	63	-0.108075528025337	4.90302563347796	-3.26429044711506	0.00113381134871901	0.00159066566775242	-2.99644578143013	Non-Significant
MLLT11	-3.15263997670901	0.0016180122634638	0.0160701606361502	74	-1.91831756744256	2.86863651156925	-19.0463705621766	1.90137539079629e-69	6.89402290108914e-68	147.109685115571	LUSC
MLLT3	3.58242288183588	0.000340422129790786	0.0111506849976282	61	0.765606594371574	4.27579494610359	12.7293486479505	1.47129738775411e-34	1.68046876536735e-33	66.9861122102181	LUAD
MLLT6	2.99848841553441	0.00271322470936593	0.0205115147777729	113	0.534490100300017	6.94179397126272	11.8349540280175	2.24434703801434e-30	2.18575567728742e-29	57.128747001421	LUAD
MLX	-0.0714228357115742	0.943061235748302	0.971483512991207	258	0.136442958964839	5.79447649480282	4.58482606160683	5.10609671138789e-06	8.74794618351682e-06	2.00867864967835	Non-Significant
MLXIP	2.26437270876819	0.0235512010528171	0.0858926156043917	41	0.364838265023551	6.73846868208953	8.89400985974417	2.62569116178301e-18	1.52648159529719e-17	29.6032472352027	Non-Significant
MLXIPL	-2.19388979303315	0.0282433333585258	0.098275272196503	147	-0.3510748993546	0.9708306289001	-3.22057766639484	0.00131970318044758	0.00184064027657853	-2.74419780200883	Non-Significant
MNAT1	-2.32598599144954	0.0200192980141669	0.0768470614202355	94	-0.36147082630554	3.80238474850146	-10.2240562911234	1.98864980256799e-23	1.45702739264219e-22	41.5884967005705	Non-Significant
MNT	-0.658449247776866	0.510249498902969	0.668354977436283	36	-0.0266240816515178	4.48254598854232	-0.757694343348653	0.448808761785981	0.479131934873271	-7.96558856955611	Non-Significant
MPND	1.24012930122784	0.214927572748092	0.370819764616352	45	0.111076813587338	3.26076487881565	2.9306528612329	0.00345781930086061	0.00464610264068562	-3.84818523748646	Non-Significant
MRGBP	-2.85358667178807	0.00432287341787564	0.0256365188781842	40	-0.556293598792665	4.87410705873307	-14.9520553653682	7.38145125298112e-46	1.27368613127442e-44	92.8188356248797	LUSC
MRTFA	-1.4291207461114	0.152969531622063	0.298640898567501	54	-0.0951100336806733	5.76380007594524	-2.80388581121497	0.00514474943188476	0.00680731691244441	-4.47862856024948	Non-Significant
MRTFB	2.47724265260503	0.0132401852481123	0.057514690058679	60	0.390678013052242	5.71635136464942	9.57102210388328	7.67903365172652e-21	5.02800719282891e-20	35.4923400338125	Non-Significant
MSANTD1	3.55014943878918	0.000385012531164217	0.0111506849976282	224	1.60558366609396	-1.20246127649127	20.6029273979559	3.79842945789876e-79	1.83968433084393e-77	169.532584839681	LUAD
MSC	-2.01006012409804	0.044424825801689	0.130781573511159	94	-1.14756040461909	2.8393031659809	-12.7830259008202	8.12162326693991e-35	9.35718700822873e-34	67.7049524125939	VIPER Significant
MSGN1	-3.63042670714481	0.000282953046952403	0.0111506849976282	59	-2.90322449724545	-4.68233846443052	-24.2439521122371	6.32336932596659e-103	6.16030932679043e-101	224.058398317744	LUSC
MSX1	-2.45513800385907	0.0140830512209626	0.0601543273446546	51	-0.906229593077547	0.579037305583574	-11.4658675798485	1.02661008956597e-28	9.3476706797401e-28	53.9336513541948	VIPER Significant
MSX2	-1.8868540189023	0.0591799631115441	0.157454102114719	95	-0.616927499783005	0.641589782283837	-5.45493238461363	6.14623433721742e-08	1.25356854843608e-07	6.78712390607719	VIPER Significant
MT-RNR1	1.73750537480162	0.0822980061402218	0.196937684868882	297	0.258354199998299	8.95430130523849	4.3427310362549	1.54743531328832e-05	2.543055733049e-05	0.545957679136055	Non-Significant
MTA1	-1.73929982187762	0.0819820386467587	0.196594947123824	76	-0.392472373563142	5.58386773051161	-9.00866623808344	1.00210422932063e-18	5.93916904715638e-18	30.688101751229	Non-Significant
MTA2	-3.06240000428434	0.00219569822822527	0.0188756242644912	63	-0.551496776791799	6.91443542791748	-19.1972254753075	2.259704071495e-70	8.37725725868579e-69	148.88549760676	LUSC
MTA3	-0.0499548974993963	0.960158329997521	0.978816115184319	81	-0.0165250172723191	5.49015706040785	-0.493173025384518	0.621996351972362	0.648400673753426	-8.24306187973714	Non-Significant
MTDH	-1.21983194990851	0.222528586916417	0.378292818887561	94	-0.0940190368262194	7.47279107779383	-2.95982960004361	0.0031491648293124	0.00424741649784498	-4.241333040668	Non-Significant
MTF1	0.363647126230753	0.716121530957391	0.830603544409763	25	0.00434915171496824	4.58916602825554	0.11483067119793	0.908601907905619	0.917479194948468	-8.25759587098988	Non-Significant
MTF2	-1.03447071781717	0.300916159160505	0.465362404869534	50	0.0404318698043652	4.68480126497885	1.20430718971978	0.228749876146567	0.254624988569754	-7.54969549995588	Non-Significant
MXD1	-3.29306023587578	0.000991032401956463	0.0140463679559763	73	-0.851635771189132	5.21433176321014	-16.1073122169548	3.46965147853985e-52	7.41160957639064e-51	107.300725001715	LUSC
MXD3	-0.515422034461206	0.606258138257354	0.75039573555629	108	0.0427765959590308	2.67762975982141	0.722850250907516	0.469937379604075	0.500196458262849	-7.80557893826917	Non-Significant
MXD4	3.48674918928022	0.000488929653457531	0.0111506849976282	55	0.661047840365408	5.98967980759151	17.6669148423068	3.72062252571495e-61	1.05994935204057e-59	127.812768461314	LUAD
MXI1	-1.97842103928764	0.0478812281867568	0.136441494248056	41	-0.31717627651121	5.45162837740872	-8.49280851932837	7.0426876570426e-17	3.79546385594514e-16	26.5018802075411	Non-Significant
MYB	-1.63499681032287	0.102049716281154	0.226719512234266	46	-0.555153302612863	2.467523729921	-5.65418523163668	2.03141578018041e-08	4.35391299342811e-08	7.69307481389453	VIPER Significant
MYBL1	2.7988520586313	0.00512846284289127	0.0282825740607966	120	0.371869079548134	2.41137630003264	5.76297978858195	1.0935469513303e-08	2.41019970614197e-08	8.30021840200863	LogFC Non-Significant
MYBL2	-3.05524842854323	0.00224874169240982	0.0190966101322193	204	-1.51396110219147	5.77343059526837	-17.5996199983211	9.26720338577044e-61	2.62248616955324e-59	126.924304591736	LUSC
MYC	-3.01081859127025	0.00260544461239813	0.020233281970773	70	-1.29545432148071	6.17436016757982	-19.6640904288996	2.95220214182058e-73	1.20494860358497e-71	155.58737810887	LUSC
MYCBP	0.574473410540819	0.565647488573465	0.714391828161302	137	0.186694362272611	4.45603678373681	5.72370401896383	1.36917115733118e-08	2.98502217208598e-08	7.87819555166076	Non-Significant
MYCL	-1.9232145942701	0.0544531051492404	0.151168321757593	43	-1.11933057025814	3.88049853696896	-12.9213700370103	1.74175158046948e-35	2.05902270086652e-34	69.1442396614106	VIPER Significant
MYCLP1	-1.52930858448698	0.126187962494631	0.25973900529579	292	0.0890124822853696	-6.28372539975753	1.71620341217948	0.0864280510958425	0.101225064889094	-6.75563064410657	Non-Significant
MYCN	-0.253880824298921	0.799587629527214	0.880967307492019	107	-0.237089506445353	-0.100241596829014	-1.63780926712573	0.101769507248336	0.118228418251688	-6.46715533606509	Non-Significant
MYF5	-0.391188315747655	0.695658044259809	0.818428082649199	319	0.174936089560441	-6.51170858172663	4.20279846025755	2.86710488982643e-05	4.60470899647898e-05	0.438243441859294	Non-Significant
MYF6	-0.219321743697594	0.826399425182614	0.900967677619439	383	-0.264962450466173	-5.31356586441173	-3.06232359455393	0.00225374582640183	0.00307687640941859	-3.11679409573947	Non-Significant
MYNN	-2.98591151752026	0.00282734438268043	0.0208084410322452	91	-0.85258163774558	4.40300066109543	-21.1093159235395	2.26772267395215e-82	1.21848060890556e-80	176.682253417038	LUSC
MYOCD	2.08514329720485	0.037056295095234	0.116105941446935	181	1.6131527345294	-0.880537094028495	13.1353945426316	1.57234487006973e-36	1.94140325355566e-35	71.885634142082	VIPER Significant
MYOD1	-3.16860251939433	0.00153173717263942	0.0159082957117779	51	-1.99545066225274	-5.20944280276787	-14.5978632749996	5.61184827862776e-44	9.11687555095713e-43	88.92342573516	LUSC
MYOG	-0.304710709360716	0.760586492385258	0.859282144351319	251	-0.0369584854720724	-6.08615740911385	-0.568346603238827	0.569924571381104	0.598221483387467	-7.96702138077045	Non-Significant
MYPOP	-2.20864315891924	0.0271994709100814	0.0961141925423601	35	-0.358899974727489	3.05593321757433	-10.3849594998103	4.36796369586874e-24	3.2999615885379e-23	43.1599285766488	Non-Significant
MYRF	3.53458447936825	0.000408416856706555	0.0111506849976282	76	1.47147362645099	3.56975092592432	14.958319798585	6.83307322903635e-46	1.18111996155306e-44	93.0126266008504	LUAD
MYRFL	3.88337169710201	0.000103017902398576	0.0111506849976282	125	0.924319262438023	-2.18500052892633	9.04445470799507	7.40331129331688e-19	4.41236165106752e-18	31.6266296764372	LUAD
MYSM1	1.17758537685217	0.238961942412136	0.396847511505868	299	0.193643833178877	4.77106473201333	4.20216842754873	2.87496167972283e-05	4.61657878677282e-05	0.472651062531625	Non-Significant
MYT1	0.151461097786438	0.879611996226568	0.933931574613159	180	0.00939276057187358	-1.71902119949452	0.0669382343585823	0.946643975347601	0.951817330857165	-7.6915512551602	Non-Significant
MYT1L	-0.293232748976841	0.769344253655098	0.863593417100834	424	-0.0165419069164307	-4.71531944117771	-0.131607806023549	0.895320430559006	0.905283161091488	-7.64709608604686	Non-Significant
MZF1	1.1814569814263	0.237421233218984	0.394609133359903	216	0.174985894501514	3.7882879133151	3.13947658366992	0.00174107888148018	0.00240230078220855	-3.27363533063258	Non-Significant
N4BP2L2	2.49186832604256	0.0127073136551337	0.0563326601626383	163	0.428641962589807	5.88346825557119	11.0003348117959	1.11797734792503e-26	9.38125386262931e-26	48.7958859515573	Non-Significant
NAB1	-3.60717823418045	0.000309545038360818	0.0111506849976282	54	-0.781061836937055	5.24389489639989	-19.5285443603403	2.04490651797786e-72	8.16684540617409e-71	153.743500190854	LUSC
NAB2	-1.68124143641362	0.0927160279902582	0.214208264396051	59	-0.42021771329227	5.48976580102245	-8.42282999842795	1.23373417533404e-16	6.55849477657573e-16	25.944331502067	Non-Significant
NACC1	-2.22938540238728	0.0257882726566842	0.0922426675796781	51	-0.297648820401524	6.24624736960535	-7.50416374570155	1.34246607598946e-13	5.97235600373004e-13	18.9683569410673	Non-Significant
NACC2	1.40352140672494	0.160461413096578	0.308266714737652	31	0.465610842529561	4.79060842701914	10.2351757672658	1.79196539678567e-23	1.31600503750349e-22	41.5937873689999	Non-Significant
NANOG	0.306015386576401	0.759592930617066	0.859108422356284	463	0.127721388149556	-5.12755120339785	1.55085002550567	0.121247419533551	0.139666028312082	-6.52736645862953	Non-Significant
NANOGP1	3.92852945856122	8.54668826611919e-05	0.0111506849976282	192	0.944002840022964	-4.64380778821293	8.92363177377625	2.0492412515102e-18	1.19675978915551e-17	30.6399447917362	LUAD
NANOGP8	1.10320316939126	0.269938945287398	0.432833136409103	435	0.246372982642221	-5.24744315707132	3.10394787273962	0.00196211359836841	0.00269352101663755	-2.96933124211643	Non-Significant
NCOA1	-1.82741272392343	0.0676377376652357	0.172299114297103	28	-0.237719185717603	5.83018186677275	-5.78707354773454	9.5205068839043e-09	2.1118893713691e-08	8.08023968668964	Non-Significant
NCOA2	1.62348519701238	0.104485725263417	0.230203435748074	47	0.398510528644676	5.7676640458683	9.24267116554261	1.35950287991944e-19	8.39476076942777e-19	32.6429866462727	Non-Significant
NCOA3	-1.05789009441622	0.290105551694958	0.453788959302664	25	-0.300651372819372	6.30892098309106	-7.15819071390665	1.55999429166655e-12	6.33409270093386e-12	16.5502426665515	Non-Significant
NCOA6	-1.81279769306369	0.0698630299162586	0.175601669789515	38	-0.268474564692581	6.24623972134645	-6.95026974642244	6.49010129737133e-12	2.11951008297459e-11	15.1583181848556	Non-Significant
NCOA7	3.38991434832476	0.00069914464096712	0.0126588489860064	81	0.6895214573403	6.59799497544419	10.6273715133909	4.2976061618349e-25	3.38314798489021e-24	45.0942382489939	LUAD
NCOR1	0.333044698052835	0.739100543068373	0.844924093173253	51	0.262928273332079	6.54314166221143	6.91688520154619	8.13164649486145e-12	2.62787185953631e-11	14.9019652431721	Non-Significant
NCOR1P1	-1.49253353365299	0.135559333044865	0.272718186243652	204	-0.0332891129430324	-6.19609854177021	-0.421354405357452	0.673584965033494	0.69819880201363	-8.09550999331782	Non-Significant
NCOR2	2.28788326479809	0.0221443201379758	0.0823768709132699	54	0.469788183516759	7.81193478211061	10.3378028388984	6.82415070316146e-24	5.10947214107063e-23	42.2041857839434	Non-Significant
NDN	1.16374152655914	0.2445287751242	0.401954116737817	50	0.120025470182414	3.71926349069659	1.55501534857308	0.120252207147283	0.138549175326035	-6.9641647972505	Non-Significant
NELFA	-1.33500171105212	0.181875786438213	0.332434550079271	32	-0.0537321636898875	5.20873155033499	-1.54537408937542	0.122565577470507	0.141094174541189	-7.13954140611391	Non-Significant
NELFB	-1.09828842796589	0.272078563369152	0.434561077793353	100	-0.139173771890445	6.29522904243665	-4.5805758132867	5.20883810536172e-06	8.91728234630631e-06	1.93083587894487	Non-Significant
NELFCD	-2.57684186541366	0.00997075539055048	0.0478877125095453	42	-0.450736090120235	6.68609483455307	-12.7492015587767	1.18126218051003e-34	1.35440608916013e-33	66.9520915100225	LogFC Non-Significant
NELFE	-1.01363462893394	0.310757127498888	0.472295405371852	160	-0.072201220330881	6.28810908902057	-2.14806917032942	0.0319429299563204	0.0392059254515729	-6.15524665242167	Non-Significant
NEUROD1	2.00534013240085	0.0449266971847428	0.131502178025728	76	1.43932745087912	-5.38808840693353	9.48729169881593	1.61047460093044e-20	1.03768322352831e-19	35.2928666062766	VIPER Significant
NEUROD2	-3.04486458461006	0.00232785095846587	0.0194399308613109	103	-1.77518869714055	-3.57557312543603	-14.0469078498398	4.13588126920759e-41	6.06871644901727e-40	82.4351121493324	LUSC
NEUROD4	-1.13832609720762	0.254984340587436	0.415034177280744	295	0.138076859410112	-6.26053439749402	2.0655835617249	0.0391196230874803	0.0475528113487909	-6.08628744855367	Non-Significant
NEUROD6	2.44835944020726	0.0143508411566052	0.0607905196820172	375	0.290725914018251	-6.45401310769025	5.94577531592408	3.77348166302035e-09	8.75689998392339e-09	9.08354597246327	Non-Significant
NEUROG1	-2.92011866982242	0.00349898119271134	0.0234718541648767	44	-0.674882813691295	-6.00239474504828	-9.69528841287977	2.53340221649518e-21	1.70231222885187e-20	36.8747567721755	LUSC
NEUROG2	-2.20427094472922	0.0275052950428596	0.0966938722640733	79	-1.20263320162639	-5.0628591594848	-10.7001069688157	2.12571862950785e-25	1.69586630414503e-24	46.4873606982154	VIPER Significant
NEUROG3	3.20787816113784	0.00133718134324717	0.0153700731926051	246	0.655516949484841	-4.98641631681205	5.8157066692855	8.06968261264489e-09	1.80318491679507e-08	8.92294750217012	LUAD
NFAT5	0.94851306401682	0.34286832532863	0.506870371114434	107	0.109848964004971	5.06375009899334	2.1954690227116	0.0283543260940339	0.0350008835692358	-5.91114755251755	Non-Significant
NFATC1	-2.15092245175868	0.0314823210895609	0.104906887539481	41	-0.380025406429106	4.02617086777831	-6.84112672097818	1.35167962046208e-11	4.24939241417763e-11	14.6814025550984	Non-Significant
NFATC2	3.31018866149549	0.000932331073895967	0.013906466143899	70	1.11614298514482	3.81053408536476	16.0868105203669	4.51902041430722e-52	9.61861841550986e-51	107.163274623446	LUAD
NFATC2IP	-0.489249329611454	0.624665189430075	0.765766912866347	104	-0.0227507735560858	5.41483909384082	-0.695435986593319	0.486940307972761	0.516951635169753	-8.11423449560721	Non-Significant
NFATC3	-0.947104363705246	0.3435856013642	0.507564000282421	36	-0.162547834510863	4.36465385488685	-3.55892321343455	0.000389503233420449	0.000568275769725941	-1.94411087578091	Non-Significant
NFATC4	2.70024667133192	0.00692880822602826	0.035798842501146	84	0.783424140542002	4.69963514660783	12.2110466993848	4.16017636086911e-32	4.30783761277868e-31	61.3348763026167	LUAD
NFE2	3.1781442123041	0.00148221007246137	0.0157129627370775	37	2.28687572836776	0.611560833116665	22.7778687784185	3.3855432637065e-93	2.49928794450045e-91	201.736938636236	LUAD
NFE2L1	-2.99808450277967	0.00271682331611753	0.0205115147777729	64	-0.651996757047807	8.18354621934649	-17.3642585878434	2.22220505139446e-59	5.98635446913956e-58	123.488724879142	LUSC
NFE2L2	-3.36504930839248	0.000765299811962508	0.0131580118930697	107	-1.13682450108956	7.47202463280869	-23.4095200660744	2.29143272966948e-97	1.91523168531741e-95	210.874365609793	LUSC
NFE2L3	-0.0178080701355033	0.985791966744507	0.992583840531132	187	-0.0179588540096068	4.51011237134041	-0.255766809946906	0.798182403453576	0.815935350914021	-8.22290794399034	Non-Significant
NFE4	1.97934631063868	0.0477770288776523	0.136441494248056	140	1.33738275112408	-3.28971297601655	7.98835964408183	3.66982728461909e-15	1.79776461992465e-14	23.2774267749956	VIPER Significant
NFIA	1.2069337618227	0.227457654242253	0.38429261815	68	0.0626398640541208	4.94034886534087	1.03998933803716	0.298590978930088	0.327205718327094	-7.76202168440052	Non-Significant
NFIB	2.42840355255204	0.0151654581433004	0.0633152243797017	38	0.717373075967592	5.79966901107241	11.558418732162	3.96998086272645e-29	3.68343563980085e-28	54.4047291212174	VIPER Significant
NFIC	2.93675092394353	0.00331670375788829	0.0229255942183765	34	0.47123445874084	6.77193541208727	10.4599933769662	2.14053918523145e-24	1.63629820119307e-23	43.4814035507916	LogFC Non-Significant
NFIL3	-3.15421438716634	0.0016093081629016	0.0160701606361502	68	-0.528396078903163	5.23313747872805	-13.0560705910837	3.84640673868268e-36	4.67923056826399e-35	70.5156286433926	LUSC
NFIX	0.23821485696915	0.811714454565361	0.891448080537159	65	-0.0440889868385445	5.94489959217998	-0.643009338436307	0.520362367455844	0.549801305196879	-8.21075749458524	Non-Significant
NFKB1	1.55545803889674	0.11983702067679	0.251102594004292	73	0.0857804059045581	6.07807679672126	2.30684837464608	0.0212626232117647	0.0265730249543761	-5.77806696415275	Non-Significant
NFKB2	1.00308183595057	0.315821377872117	0.477583547026129	76	0.0652047445447882	5.98951402001321	1.35006199690384	0.177295201420323	0.200188518835012	-7.51183015614315	Non-Significant
NFX1	-0.574985837440495	0.565300875312828	0.714391828161302	62	0.0324902174582215	5.72764357565734	0.892672367140026	0.372242922385941	0.402446561548371	-7.99366037302196	Non-Significant
NFXL1	-0.136792835174298	0.891194547108013	0.94207781304672	43	0.0692486067057366	3.41390488875514	1.81264941832538	0.0701794093901964	0.0829580840974519	-6.50019639577402	Non-Significant
NFYA	-0.541483062399804	0.58817466901723	0.734168561717031	26	0.114651490350447	5.30256809178949	3.28458532168235	0.00105602220046531	0.00148598767065381	-2.9751157352136	Non-Significant
NFYB	-2.11803387875932	0.0341721985829989	0.110278104575419	30	-0.210057310852866	5.00586756844477	-7.22568189740478	9.74419358761927e-13	4.05509938607458e-12	17.1593213430059	Non-Significant
NFYC	-1.36681057041741	0.171684688687599	0.321084893103133	39	-0.0123727141122322	5.63532153009984	-0.424369356022448	0.671385836324	0.696113582511452	-8.2913438022231	Non-Significant
NHLH1	-0.793196156723941	0.427663546353476	0.589275355194429	109	-0.031644606117766	-2.26548589331667	-0.388876762907126	0.697448367128557	0.72084705752111	-7.59100016972802	Non-Significant
NHLH2	0.288631666440478	0.77286326004791	0.864389741125029	191	-0.861809972381575	-2.21482197226754	-5.1828418304239	2.63301200467128e-07	5.05123170099106e-07	5.5727119602571	VIPER Significant
NKAP	0.264597340131222	0.791319669393173	0.875612411558268	85	0.160271470913494	4.06916092483612	5.72037803328733	1.39539572863113e-08	3.04007705999055e-08	7.90004223754105	Non-Significant
NKRF	-3.03188712491034	0.00243030063888818	0.0196537356014436	88	-0.458254823077771	3.79217849092591	-14.3495668725698	1.12285054240415e-42	1.73634241955377e-41	85.6228829406401	LogFC Non-Significant
NKX1-1	0.224383915824097	0.822458584947018	0.898905055983761	329	0.218599212911319	-6.48802487338614	6.00389499083873	2.67393699885692e-09	6.30947206794004e-09	9.40643652247052	Non-Significant
NKX1-2	-1.09572479017155	0.273199230562302	0.434654452356509	71	-1.88517365187097	-1.26755728233262	-9.82975447841876	7.53186063617637e-22	5.16317778320513e-21	38.3932421458858	VIPER Significant
NKX2-1	4.10792485155587	3.99229948756158e-05	0.0111506849976282	578	4.90191660250963	4.06052477184455	31.4667029868778	1.71941639211784e-152	8.17438063475094e-150	337.884389877513	LUAD
NKX2-2	-0.94394805572997	0.345196193147954	0.50884107433769	125	-0.405761181787723	-5.4724788191604	-3.29207816576337	0.00102857453786512	0.00144890840926613	-2.4520377330336	Non-Significant
NKX2-3	-1.78485762273993	0.0742844138992099	0.183336442506373	46	-1.8188086260474	-3.00253479366084	-12.898512828539	2.24808926801773e-35	2.64601309032461e-34	69.3153666530437	VIPER Significant
NKX2-4	-1.39252143421958	0.163764555591717	0.312175508047614	112	-0.314883897230932	-5.23034345425712	-2.26685069202098	0.0236077583488872	0.0293692196905801	-5.19433937391955	Non-Significant
NKX2-5	-2.94192786244517	0.00326175899980196	0.0226653230218936	34	-4.26738589766714	-3.20658397785083	-23.0911803170104	2.9233865366985e-95	2.2884632679661e-93	206.479224037124	LUSC
NKX2-6	-1.57678959498861	0.114843946597047	0.245658439918127	175	-0.123359307964176	-6.21617113979264	-1.67375556679583	0.0944848372235911	0.110189972362705	-6.79514112123445	Non-Significant
NKX2-8	-0.709619824747005	0.477939922489565	0.637876765436171	140	-0.271833654275867	-0.476065934100342	-2.09861016555484	0.0360963688864739	0.0440399711303376	-5.57959701033198	Non-Significant
NKX3-1	-3.12986341496563	0.00174887598570386	0.0167271866960141	55	-0.650743096587804	1.88721157362399	-7.92629402750641	5.88440702439544e-15	2.84974864508799e-14	22.4896419231806	LUSC
NKX3-2	-1.8920234102265	0.05848786175829	0.156631106227044	56	-1.63234968265226	-1.88251159063087	-12.9300213424508	1.58125739455537e-35	1.87339280674326e-34	69.634031246607	VIPER Significant
NKX6-1	-3.01020129052729	0.0026107460607449	0.020233281970773	40	-1.89592797603272	-2.1288768789384	-14.4615012883053	2.9209139570614e-43	4.61897694854412e-42	87.3283710689287	LUSC
NKX6-2	0.463828807674197	0.642770402159658	0.777527348373019	278	0.318853552862381	-6.00938193603266	4.03262080375382	5.92635524600137e-05	9.26633286510704e-05	-0.0224789146000628	Non-Significant
NKX6-3	-0.293071312410199	0.769467643878212	0.863593417100834	214	-0.381926358997308	-4.4497714554513	-2.91228626532326	0.00366600618095343	0.00491527534949168	-3.41682111223675	Non-Significant
NLRC5	1.31841299009849	0.187365434619237	0.33924750374421	106	0.163362728247781	5.46492183266066	2.50061043165109	0.0125537138568819	0.0160329576706479	-5.24344930756534	Non-Significant
NOBOX	-2.07052693981079	0.0384030259385253	0.118689714607587	54	-0.874419493980111	-5.84539284212335	-7.45806033536754	1.87223905462215e-13	8.25015203166475e-13	19.0695397820904	VIPER Significant
NOC2L	-1.15875481668264	0.246556139676124	0.404533970952164	92	-0.221881979892714	6.53644679588174	-5.76474867750891	1.08249762277794e-08	2.38699763372262e-08	7.87221256720451	Non-Significant
NONO	-1.18213654519484	0.23715152574673	0.394609133359903	29	-0.207869810327089	8.64234460505611	-7.00992582213897	4.32751748644338e-12	1.44105895812435e-11	15.2529340574325	Non-Significant
NOTO	3.70572006070396	0.000210791018473297	0.0111506849976282	203	1.23361828855581	-4.61000674135352	9.11609008650162	4.02662330634726e-19	2.42884838841148e-18	32.2479523015789	LUAD
NPAS1	-2.72876189662082	0.00635725873131843	0.0335961339462268	77	-0.692433824455561	0.316713998129668	-9.53455531481356	1.06090333980492e-20	6.89859971272428e-20	35.6753716281999	LUSC
NPAS2	-1.31655871104277	0.187986586433724	0.339470923074492	69	-0.289440931309555	4.05194599348109	-3.81705426580087	0.000143176305029747	0.000216645574145817	-0.971497792751838	Non-Significant
NPAS3	1.58924774432878	0.112004471227569	0.241222261191165	82	1.00511022118819	-0.643790505104234	7.76420691859218	1.98957257009571e-14	9.32815219905937e-14	21.4981040504414	VIPER Significant
NPAS4	-0.349810825794723	0.726480673936889	0.835514029721684	163	-0.32114746604617	-4.29882154558404	-3.29527923686898	0.0010170512461014	0.00143315164683726	-2.23429007035247	Non-Significant
NPAT	-0.357245010815717	0.720908392309801	0.832193647540384	73	-0.0962831350584026	4.49915922093344	-2.71592446046676	0.00672068082392407	0.00880586262426052	-4.57842299747772	Non-Significant
NPM1	-1.10243134017688	0.270274192767163	0.432976227985013	450	-0.157000149348811	8.87937652482118	-4.2987682475795	1.8818554068326e-05	3.07090153669553e-05	0.36971132797558	Non-Significant
NR0B1	-1.18511580125394	0.235971664361504	0.393478423214048	198	-1.74307453382148	-2.63634134241107	-6.49549053834308	1.29037535618642e-10	3.58775098228954e-10	12.9944112861902	VIPER Significant
NR0B2	3.19796446019182	0.0013840133612325	0.01538751142513	126	3.32421543197872	-1.66679176193217	20.2502394951773	6.39972574677253e-77	2.90317940422482e-75	164.431996571735	LUAD
NR1D1	-3.12871206526109	0.00175574265000111	0.0167271866960141	34	-0.693281995619903	4.19489213342099	-10.9707123327044	1.49918314274518e-26	1.24901102795342e-25	48.6798118624735	LUSC
NR1D2	0.562979743587808	0.573448677492533	0.720522464402175	28	-0.106810461165207	5.49304304253979	-2.35046044994482	0.0189396341758685	0.0237783758011015	-5.60892655965558	Non-Significant
NR1H2	-0.0552568758690278	0.955933817715888	0.977024516580615	82	-0.0191287823039061	6.42322008424593	-0.613855887834406	0.53944725594185	0.568611221888581	-8.28621243012249	Non-Significant
NR1H3	1.32800252063683	0.184177274207769	0.335553609108722	72	0.435249754001752	4.65848420912864	8.66839839042954	1.69566155368356e-17	9.43609693330396e-17	27.9924525993139	Non-Significant
NR1H4	3.24237176128513	0.00118539282433719	0.0145694550174756	95	1.57692161665877	-4.50832421256143	11.0949727985802	4.36084510518486e-27	3.71917253251752e-26	50.3923689511259	LUAD
NR1I2	1.49643531375595	0.13454025283127	0.271468794174337	120	0.683355217504904	-2.16508318774877	5.78466564878536	9.65348448837372e-09	2.13985162572866e-08	8.77221739164433	VIPER Significant
NR1I3	-0.654523118729852	0.512774837603726	0.668712606107572	35	-0.146611981806612	-1.20664993121763	-2.29689489270976	0.0218263749065283	0.0272380508519583	-5.09520843364895	Non-Significant
NR2C1	0.968672805624357	0.33270846502347	0.496152710960655	61	0.18575077527742	4.2387154873092	5.46009953275974	5.97493812502813e-08	1.22051645798174e-07	6.47034110529618	Non-Significant
NR2C2	2.17619046127875	0.0295410218763072	0.101215271466122	173	0.289484055128086	5.24417698797801	7.54469903089726	1.00059391197108e-13	4.49212770315824e-13	19.3707903318714	Non-Significant
NR2E1	-1.30573851481762	0.191641495528234	0.343079364926268	109	-0.385132970354807	-3.1818176312156	-2.45114964993276	0.0144067777491364	0.0182989202406209	-4.64034759446719	Non-Significant
NR2E3	1.9978659742461	0.0457311924041304	0.133475063707348	58	0.386019815207929	-2.78350373676885	4.75628770220534	2.25510274621202e-06	3.98081066089832e-06	3.52833672545061	Non-Significant
NR2F1	2.81409957451089	0.00489140744097336	0.0274940099566799	33	1.14812495418063	3.95556705206473	16.6696562427716	2.28904964749092e-55	5.41741749906185e-54	114.711375297289	LUAD
NR2F2	1.42778844594552	0.153352759438496	0.298818805534441	43	0.344146608895262	5.38553352622182	6.63122292985182	5.38562852569259e-11	1.57397337659257e-10	13.182747948944	Non-Significant
NR2F6	3.46683682540404	0.000526621474879386	0.0114635615561237	139	0.605794238371411	5.32679564521273	13.7167952360717	1.99255388734416e-39	2.74354726281746e-38	78.0325301910915	LUAD
NR3C1	2.65246113328964	0.00799073270042229	0.0403679977902815	66	0.42933927146473	6.18455670321308	10.8949909165192	3.16492055005126e-26	2.60681543351208e-25	47.7296207741201	LogFC Non-Significant
NR3C2	3.50040894492657	0.000464544910329749	0.0111506849976282	124	1.86272884488742	2.70688630958245	19.1211003425683	6.626192661958e-70	2.43371292535339e-68	148.171165997295	LUAD
NR4A1	2.13464280153078	0.0327901984530871	0.108033407463794	56	0.69683048816835	5.65119702236379	7.53712693913802	1.0571762134937e-13	4.73756208727022e-13	19.2715695074218	VIPER Significant
NR4A2	2.35037550829764	0.0187544801224461	0.07322837085978	67	0.792535074195207	4.01530779862399	9.48004222385128	1.71669807824021e-20	1.10457142372868e-19	34.873647395897	VIPER Significant
NR4A3	0.855040874526657	0.392528519802385	0.558493290344701	76	0.450694822915511	2.6538725525484	4.65106676544268	3.73538310373611e-06	6.47141891743122e-06	2.63881657690401	Non-Significant
NR5A1	-3.00496475968545	0.00265611621612116	0.0203536096561194	120	-0.953856214028429	-3.6305702898564	-6.54805891480963	9.21643148371041e-11	2.6146444638571e-10	13.3488247374251	LUSC
NR5A2	1.91505585640241	0.05548538062604	0.152568436312684	33	0.818703728943823	1.23400419948732	12.9225038056379	1.71982918831483e-35	2.03513120617254e-34	69.3750904965286	VIPER Significant
NR6A1	-0.395845787065937	0.692218796703232	0.816299514728998	40	0.0467516593204752	2.3949317451242	0.750903977913506	0.452883412166867	0.483178085399551	-7.75711612326157	Non-Significant
NRF1	-1.79287642143002	0.0729926862933443	0.180802707210875	23	-0.112779603882259	4.14762939259003	-5.32579609824641	1.2361048948783e-07	2.44884507077151e-07	5.77540063276726	Non-Significant
NRIP1	-0.565610387992558	0.571658664591363	0.72020543580907	59	-0.0983340019132665	5.42806070212728	-1.64829199762257	0.0996003167561152	0.115842020234185	-7.00038328076814	Non-Significant
NRL	0.91035895131898	0.362633238360658	0.526309456816497	204	0.268140749953734	0.589149829513374	6.49298425608617	1.31116792897904e-10	3.64208546860976e-10	12.7791199331481	Non-Significant
NSD1	-0.702659369027607	0.482268054399067	0.641988693589765	30	-0.0869287751890609	6.25169391650269	-2.16664363835639	0.0304926979315127	0.0375049581914067	-6.11097215488411	Non-Significant
NSD2	-1.91112160078469	0.055988955845646	0.153043517419899	49	-0.230775258052511	6.50816704931822	-4.94415471443172	8.93512424690141e-07	1.63531761201297e-06	3.60006575172051	Non-Significant
NSD3	-1.8519179685576	0.0640376032860182	0.166481494692749	67	-0.641912095843619	6.47501033640792	-12.2423693807683	2.97213426174776e-32	3.09109245314813e-31	61.4802861436465	VIPER Significant
NSMCE3	-2.12685866814579	0.0334318279294681	0.10961845660037	67	-0.172544450202221	4.22922629538104	-5.53282490776435	4.00375214867146e-08	8.31577586114563e-08	6.8596762960627	Non-Significant
NUP107	-2.69805115347292	0.00697467223578907	0.0359450362579961	99	-0.402903861132613	5.60823593400118	-9.91859046196147	3.35470459631977e-22	2.33360681312765e-21	38.6043449534508	LogFC Non-Significant
NUP35	-1.91563073814793	0.0554121141559274	0.152568436312684	66	-0.302011583189169	3.80246184632325	-8.90641552149645	2.36698673941939e-18	1.37837257191059e-17	30.023546415751	Non-Significant
NUP85	-2.00715117554161	0.0447335685384735	0.131203202129879	128	-0.224634241490302	5.63319007493009	-6.78119329970769	2.01355353029241e-11	6.2118800625389e-11	14.118727463879	Non-Significant
NUPR2	-1.07156596624855	0.283915026681318	0.446495114980766	195	-0.374947207789004	-1.92094933196091	-2.13125939127302	0.0333060330801959	0.0408148972626882	-5.41958728944065	Non-Significant
OLIG1	3.28795030326324	0.00100919652469624	0.0140463679559763	78	1.18389994738673	-3.29700838329635	8.78461165275989	6.51969179615658e-18	3.7065505057897e-17	29.5149096639826	LUAD
OLIG2	-1.60995630602677	0.107407395442596	0.23393968264415	280	-0.291505257459827	-4.78844160583446	-2.87074057243729	0.00417966121034798	0.00557491418834111	-3.56539968547167	Non-Significant
OLIG3	-0.454460387563062	0.649497496823688	0.782149428193799	210	0.240486495885936	-5.9813962146046	2.30459036156596	0.0213893879368269	0.0267218961680502	-5.42698362996274	Non-Significant
ONECUT1	3.41602536488857	0.000635423279556721	0.012037741018269	76	2.17621015226615	-1.80544787000861	14.7416019997757	9.75544096995152e-45	1.62028113616911e-43	90.6976698536236	LUAD
ONECUT2	0.290170916813785	0.771685484500067	0.864389741125029	57	0.0157217946013497	0.273100883291509	0.108665568156728	0.913489096764736	0.92199114375988	-7.83220410320971	Non-Significant
ONECUT3	-3.83541144896836	0.000125354265045601	0.0111506849976282	133	-1.68570941072387	-3.37025037483396	-10.2807470982848	1.16831222000117e-23	8.65270317771806e-23	42.5870112329425	LUSC
OSR1	2.01876862866052	0.0435112731302431	0.128833668342225	26	0.521354425341986	1.88762387104115	6.27767461472478	5.07283582465727e-10	1.30481048542204e-09	11.3410380934543	VIPER Significant
OSR2	0.201315283573108	0.840452052641421	0.908380823932565	54	-0.654573002377649	2.06393962602908	-7.05035142265452	3.28261673404593e-12	1.10763152767515e-11	16.2578587245367	VIPER Significant
OTX1	-3.33634425250758	0.000848879775780577	0.0133653137298839	39	-1.29939517219391	2.87034849532993	-15.0189043753019	3.23538093161356e-46	5.6566337929685e-45	93.8138465747689	LUSC
OTX2	-3.01311003523237	0.00258585139705865	0.020233281970773	64	-2.38099467192246	-4.25768474127016	-14.1835995001569	8.16446502923648e-42	1.22615532800717e-40	84.0447678819744	LUSC
OVOL1	-2.14549760286591	0.031913082878432	0.106147548229937	41	-1.52017950082931	2.15375788095436	-15.667052590558	9.6718365069081e-50	1.91781190555898e-48	101.947004482777	VIPER Significant
OVOL2	2.08147728641377	0.0373902409952234	0.116847379248284	120	0.473694101365788	2.94950306516521	7.91225767242808	6.54466748998199e-15	3.1615180858979e-14	22.2873764343266	Non-Significant
OVOL3	-3.3025612519942	0.000958061613493748	0.0139320240720655	85	-1.26877199926859	-2.48390024991897	-14.8537846702694	2.47113795282869e-45	4.17787525242533e-44	92.0797342615662	LUSC
PASD1	-2.34237734094398	0.0191613311964806	0.0742531632443595	100	-0.563170819669164	-5.22430631814763	-3.73018788504995	0.00020186783384883	0.000301598948163074	-0.848978586703158	VIPER Significant
PATZ1	-0.194397242383043	0.845864848995249	0.912784536415759	44	0.085474692157363	5.68403776195954	2.02707157497437	0.0429144385723361	0.0519457448016747	-6.33571361455953	Non-Significant
PAX1	-0.387309259607669	0.698527271293295	0.819259030811137	40	-2.11036871189717	-3.87405317329775	-12.8415066787951	4.24240501054722e-35	4.9308312646546e-34	68.6953480865813	VIPER Significant
PAX2	-3.33902853227641	0.000840719285968865	0.0133653137298839	98	-1.23476293700383	-4.78098811737631	-9.56417074830472	8.16041729613322e-21	5.33204088683133e-20	36.0835423097936	LUSC
PAX3	-3.67807171993747	0.000235003886971373	0.0111506849976282	113	-2.58875850748902	-3.85973970124988	-16.9165741507683	8.78088389414518e-57	2.18884893950237e-55	118.306117648233	LUSC
PAX4	-0.21279778035981	0.831484695111692	0.904903024573682	232	0.202766752250873	-6.2483358237226	2.94881750664765	0.00326257648740205	0.00439399734655732	-3.87951937698483	Non-Significant
PAX5	0.332887874848258	0.739218922437239	0.844924093173253	89	0.390011217101447	1.19744467996337	3.09501073527257	0.0020216355530585	0.00277190106620847	-3.15784880537111	Non-Significant
PAX6	-3.86574686393696	0.00011074976160662	0.0111506849976282	115	-5.08357958445158	-2.24758365991286	-31.162720104004	2.22144301991123e-150	9.92584168001989e-148	332.882568029411	LUSC
PAX7	1.04099428875545	0.297878198893452	0.462411832273143	238	0.271091070818365	-2.39162613993186	1.0703924246291	0.284695590600468	0.312959764384276	-7.08900205426527	Non-Significant
PAX8	-2.02226777267962	0.0431486960916703	0.128117802726104	118	-0.0339157782171603	1.43859901880509	-0.335265360106149	0.737493769366551	0.759154003003507	-7.89033435973269	Non-Significant
PAX9	-0.423785912657478	0.671721952830133	0.803154483554041	37	-1.26657147968692	3.25267363596878	-10.5187884598417	1.22060616866819e-24	9.43754394814525e-24	44.4056214390399	VIPER Significant
PAXBP1	0.155671070065068	0.876292301867282	0.933238183507898	162	0.103290019616444	4.59154209948111	2.54988944662906	0.0109208133786132	0.0140270857555244	-5.02272715739458	Non-Significant
PAXIP1	-1.52161322760195	0.128106021190829	0.262594206268605	54	-0.162629347795909	3.93242781354036	-3.98032158456548	7.3690247513426e-05	0.000114297393615398	-0.331756446904056	Non-Significant
PBX1	-2.26224513323244	0.023682262221829	0.0860637806498441	40	-0.51926616489628	5.71016864359145	-7.26030890931967	7.64262249432529e-13	3.21019315076526e-12	17.3201843877799	VIPER Significant
PBX2	0.65502159624452	0.512453849615113	0.668712606107572	21	0.219168542596174	5.82924941993482	5.9429068049896	3.83788593982563e-09	8.90079799196134e-09	8.96494016615209	Non-Significant
PBX3	1.90769959934271	0.0564300535462982	0.153043517419899	62	0.470167459301366	4.41165166713508	9.41932407491286	2.92651166594988e-20	1.86362846948568e-19	34.3064273135604	Non-Significant
PBX4	1.55990877721571	0.118781439998389	0.249514195314891	166	0.277781397425755	1.0075594868257	3.95146719927609	8.30144684613743e-05	0.000128224276582993	-0.160496588111651	Non-Significant
PCBP1	-0.474662351465288	0.635027656552646	0.771098743284954	50	-0.0475915839139705	1.96345534456752	-1.1046799401166	0.269558467208932	0.297337374122046	-7.38724671929966	Non-Significant
PCGF1	-1.80446539012193	0.0711583801019365	0.177765623551358	241	-0.1103226310401	4.21107285895287	-3.73209481331846	0.000200365905957635	0.000299475470154537	-1.3045136195609	Non-Significant
PCGF2	1.37373317451348	0.169524533833434	0.318793378881624	41	0.299814312620842	4.29923160717624	7.29125205654068	6.1460086581395e-13	2.60107540297458e-12	17.6864835802355	Non-Significant
PCGF3	0.66786360861237	0.504220658869689	0.663442560619914	44	0.0933439164014299	5.26959739465899	2.53710486908586	0.0113251917725603	0.0145267034635861	-5.12990874220798	Non-Significant
PCGF5	2.66465169697403	0.00770680984184414	0.0392242112846097	65	0.323593572342084	5.67649177063267	7.91643831016366	6.34072669986246e-15	3.06574213320907e-14	22.0388510356862	LogFC Non-Significant
PCGF6	-1.91192329517901	0.0558860332543739	0.153043517419899	78	-0.343736742618526	3.10252523395937	-9.89717497093195	4.0790761135623e-22	2.83020731115782e-21	38.6617622725592	Non-Significant
PDX1	1.10864909979698	0.267581587923384	0.430064358909068	127	0.263909403421787	-3.55835772667014	1.32823753009294	0.184396370295648	0.207709367431042	-6.74296304418453	Non-Significant
PEG3	1.71001316923615	0.0872634378431597	0.204983919434104	67	0.788947847269186	-1.44735080688068	6.81101483647802	1.6519775688459e-11	5.14582613396611e-11	14.9509020525801	VIPER Significant
PER1	1.96833478797657	0.0490295297631296	0.13874746596869	40	0.704176237769033	6.02332952388513	10.6272729300989	4.30169752227148e-25	3.3859202470997e-24	45.1590294307861	VIPER Significant
PER2	1.43215279721439	0.152100097241216	0.297227124121803	27	0.188230853789314	4.9823262861064	3.90931902537898	9.86614923667931e-05	0.000151408855151364	-0.719742578072961	Non-Significant
PER3	1.96102517674743	0.0498760860269106	0.140559878803112	52	0.246597300356547	4.01099248675293	3.19489158201732	0.001441684697952	0.0020041403669137	-3.12288614382343	Non-Significant
PERM1	0.653960523301727	0.513137239290757	0.668712606107572	146	-0.0252754071561809	-2.39404201817473	-0.243210467415369	0.807891194953491	0.824966064273092	-7.63121995491059	Non-Significant
PFDN5	0.212951778078985	0.831364575428901	0.904903024573682	453	0.0260177288078563	1.17540381677884	0.395563438636358	0.692509720508618	0.716203601758857	-7.8432875594578	Non-Significant
PGBD1	-1.73466527692768	0.0828001099989119	0.197907739553474	42	-0.387518943648166	2.24432460570435	-6.56556564000273	8.23493699377431e-11	2.35243763269252e-10	13.0846610674138	Non-Significant
PGR	2.25306930700812	0.0242547793647866	0.0872149008442064	155	0.920155225454727	0.368586250571289	10.3720615404098	4.93567888493458e-24	3.71799453790097e-23	43.2641283604756	VIPER Significant
PHC1	-0.29888215314838	0.765029964770529	0.861157921538686	62	-0.0323956657231423	2.89052038040711	-0.589682738529154	0.555533790064092	0.584282366283893	-7.9140619737	Non-Significant
PHC2	3.3458425948955	0.000820329494329444	0.0133653137298839	125	0.725543458262113	6.93423692789238	20.0385052610625	1.36480459935885e-75	5.99454862720609e-74	160.87510332338	LUAD
PHC3	-2.49150610501093	0.0127202781012409	0.0563326601626383	93	-0.399261868346727	6.07348804980011	-9.65730705204785	3.55991131111932e-21	2.37195705220191e-20	36.2133345306981	Non-Significant
PHF1	1.7439286413307	0.081171533627884	0.195384656238412	34	0.28807308409618	5.70864943582185	9.19304516885026	2.08398439885834e-19	1.27320798674776e-18	32.2270633684873	Non-Significant
PHF10	-1.78359358791226	0.0744897282894392	0.183621667566497	47	-0.136152005289389	5.86090467966473	-3.85522045849315	0.00012285119425735	0.000186985911308563	-1.02627732404127	Non-Significant
PHF12	1.91872409424651	0.0550192605698041	0.152326667287983	46	0.300411341023132	5.90857937735896	9.06365921324176	6.29057785780316e-19	3.76011034354927e-18	31.112196672651	Non-Significant
PHF14	-0.542371782894486	0.587562414091985	0.733914956796216	28	0.0129863721370245	5.57656476597667	0.359581340090754	0.719234571684665	0.741687250841684	-8.3099660558026	Non-Significant
PHF19	-1.18521773800808	0.235931368407175	0.393478423214048	63	-0.106524852269449	4.91900918627875	-2.55465321453874	0.0107734527912223	0.0138470883948432	-5.04640867227964	Non-Significant
PHF2	-1.03128641073721	0.302406529023519	0.466961327080845	37	-0.186463659675124	5.71623638832534	-5.08884011919535	4.28626558150915e-07	8.06969443093124e-07	4.40189683342747	Non-Significant
PHF20	-0.608571894828561	0.542808238218563	0.694529102219633	35	-0.00388767245143479	5.64662480120434	-0.132170470393488	0.894875489709095	0.904894854888502	-8.3739911436152	Non-Significant
PHF20L1	-1.66114113829602	0.0966851039639878	0.220041960745627	54	-0.225465645229509	5.57257720088968	-7.04322449315753	3.44685323063398e-12	1.16047899233406e-11	15.8565494725135	Non-Significant
PHF21A	-1.23823955970995	0.215627247114785	0.371455688046756	27	-0.201140451293767	5.37264709630543	-5.93209590466446	4.09038373669218e-09	9.45833596577456e-09	8.95458502270288	Non-Significant
PHF6	-1.82695202276011	0.0677069833308263	0.172299114297103	64	-0.356609899671688	5.15830381794165	-9.27612169044268	1.01828602839649e-19	6.32525178316277e-19	32.9953726772879	Non-Significant
PHF8	-1.36453118949773	0.172400444823814	0.322129050328332	27	-0.256681632912906	5.701393315729	-5.55572881153767	3.52605253885311e-08	7.36762857235765e-08	6.82244061831738	Non-Significant
PHIP	-0.713065117506057	0.475805463467482	0.636273188401613	44	-0.0713209299633834	5.89620604954776	-1.82664479054124	0.0680449549741338	0.0805391080952806	-6.74540374669393	Non-Significant
PHOX2A	-1.69920701082348	0.0892801858872664	0.208646461234139	210	-0.137336671759103	-5.51477156746702	-1.24868540941387	0.212066294573532	0.236910681222319	-7.07790161634853	Non-Significant
PHOX2B	2.3563768192728	0.0184541870235749	0.072750032081376	170	0.976638181639194	-5.67838727567998	7.94182716714417	5.23011584667687e-15	2.53992068661001e-14	22.6634137092518	VIPER Significant
PIAS1	-0.298794001140829	0.765097228370745	0.861157921538686	32	-0.102521763402704	5.03258553267659	-3.5450333670292	0.000410350016988896	0.000597414695597617	-2.06529222383759	Non-Significant
PIAS2	-2.89218486219341	0.0038257276915721	0.0243474128892202	60	-0.486246346203261	4.64214931336309	-11.2467463044364	9.51160541137372e-28	8.33204856694732e-27	51.3721237227037	LogFC Non-Significant
PIAS3	-1.22389471058479	0.220991949244525	0.376791273461915	15	-0.0631915973419712	5.73360029257949	-1.52737541943045	0.126977294203453	0.145926893495041	-7.227157356103	Non-Significant
PIAS4	-2.02235946980232	0.0431392289838273	0.128117802726104	53	-0.292464373996161	4.46992107813856	-8.90454831279614	2.40424892663755e-18	1.39979720743891e-17	29.941483617993	Non-Significant
PITX1	-3.52495907961206	0.000423548213013572	0.0111506849976282	90	-3.16908011393931	4.16401326565838	-22.9609557757472	2.1122243790253e-94	1.61548466116263e-92	204.34322640529	LUSC
PITX2	1.24164714308009	0.214366779845315	0.370434486117833	124	-0.261065551849205	0.550188373848907	-1.28459079141242	0.199226591331543	0.223368776753823	-7.03910416842261	Non-Significant
PITX3	-2.87459263033401	0.00404549083379172	0.0244617331085836	37	-1.56440971117378	-3.78045894193092	-15.3243161106884	7.2552117183001e-48	1.35455691732146e-46	97.8921667681289	LUSC
PKNOX1	-1.34326562178116	0.179185979702086	0.330308093083334	27	-0.14610288875341	4.38966346814345	-6.76081523239346	2.30415748574636e-11	7.05820447966232e-11	14.1213843504609	Non-Significant
PKNOX2	0.4407226496341	0.659413797287963	0.792225853934922	74	0.347149842657701	1.05332142646301	3.90940239203713	9.86279570484868e-05	0.000151365208499572	-0.327528224051048	Non-Significant
PLAC8	0.997029581082213	0.318750151696817	0.480237710141154	194	0.107444641965087	3.2357424305109	0.930801248477472	0.352176336103266	0.381946950006547	-7.68949501416596	Non-Significant
PLAG1	-1.93217143328746	0.0533383498425956	0.148621885610565	56	-0.544725966098654	2.56984277936299	-5.71864674278159	1.40923926083142e-08	3.06854981508972e-08	8.03862588618019	VIPER Significant
PLAGL1	-1.46220513991043	0.143685003568256	0.284038180966814	53	-0.284496069554968	3.81969489547004	-3.94904126031417	8.38473265378963e-05	0.000129463600970889	-0.442296154545454	Non-Significant
PLAGL2	-2.56469876015862	0.010326541568216	0.0487770737248618	23	-0.683774609350395	5.71888437968138	-15.1548830074399	6.00034472101817e-47	1.07957155838918e-45	95.2347640286186	LUSC
PML	-1.47324369582232	0.140685336662349	0.279459271320034	112	-0.249063406671429	6.65256256244288	-5.64485204918782	2.14121844263287e-08	4.57802440692008e-08	7.19496239271968	Non-Significant
POGZ	0.401829390100005	0.687809590903854	0.813874703601225	59	0.148289732639202	6.49365538610497	3.64686212459272	0.000278861289883141	0.000411550149598565	-1.87268762106505	Non-Significant
POU1F1	3.24919461133432	0.00115732271024452	0.0145272474904149	338	0.913616733188297	-4.80210121136566	10.653692904877	3.33258590199156e-25	2.63568781471457e-24	46.0772294889471	LUAD
POU2AF1	-0.0749993336173721	0.940215242097339	0.969596968412881	389	-0.510996652807325	4.19402094247699	-4.68402330812058	3.19267176879074e-06	5.5644457050159e-06	2.63496171517232	VIPER Significant
POU2F1	0.511055253556324	0.609312367331476	0.752327623781513	47	0.0204088335908041	5.01909440945357	0.521734614536252	0.60196823946105	0.629188943408819	-8.17534203895217	Non-Significant
POU2F2	0.254036912219554	0.799467041435753	0.880967307492019	86	0.238453370829024	3.28487556627643	3.24711412980324	0.0012037569309158	0.00168477774690376	-2.88205578118527	Non-Significant
POU2F3	1.71939309495198	0.0855428187086429	0.202474974685255	102	0.164888644542227	2.2384157275068	1.60714238203335	0.108332216643364	0.125491874202554	-6.73393504626916	Non-Significant
POU3F1	-3.28246264930183	0.00102904617227036	0.0141043624015964	71	-2.01994933038617	-0.881374872419529	-17.1861226724699	2.42370395836527e-58	6.32835918865435e-57	121.828529972344	LUSC
POU3F2	1.88748937896947	0.0590945335621225	0.157454102114719	126	0.699983584436333	-2.56489952975495	3.83043109934033	0.000135716243544157	0.000205713646000577	-0.378654751526164	VIPER Significant
POU3F3	-1.06538488976829	0.286701791742235	0.449495682685528	111	-0.801380894439988	-4.67042406442824	-5.19675661570176	2.4481341153116e-07	4.7102426933863e-07	5.65972936083262	VIPER Significant
POU3F4	-2.36283048753813	0.0181359629256448	0.0719112018330799	272	-0.1830551283212	-5.91789663927691	-2.04933749494488	0.0406841512441173	0.0493788586480436	-5.94813859978637	Non-Significant
POU4F1	-1.69716416693256	0.0896656276098518	0.209185717320133	66	-0.784830978049004	-2.06939190942746	-4.38539497550239	1.27768424641933e-05	2.11577846328647e-05	1.83967554409715	VIPER Significant
POU4F2	-1.02282906194541	0.306388674573055	0.469945592556076	276	-0.0374050352370287	-6.08013846866999	-0.500090656850288	0.617118971069391	0.643779255937589	-8.00043304891195	Non-Significant
POU4F3	1.01169820642362	0.311682373359471	0.472898186192543	112	0.230470111468267	-3.33596912304589	2.96856167333676	0.00306180594174723	0.00413296857922119	-3.24622109371065	Non-Significant
POU5F1	-1.02029601959113	0.307588090533314	0.469945592556076	105	-0.265210076952212	0.629534991854959	-2.54861499468225	0.0109605397345422	0.0140750695767798	-4.63445965959369	Non-Significant
POU5F1B	-2.62018461708395	0.00878821763387806	0.0439276619780295	47	-0.887996038727035	-1.55549825881425	-8.93171381022913	1.91500556155476e-18	1.12010861719011e-17	30.6615880167634	LUSC
POU5F2	1.01891381744692	0.308243883289469	0.469945592556076	618	0.801118468738101	-3.94204319816071	8.05831632270466	2.14724939065303e-15	1.06764214807846e-14	23.8112767200868	VIPER Significant
POU6F1	2.53735592494469	0.0111693332088737	0.0514341055078498	97	0.481732181220075	2.88099000253456	10.3167320699802	8.32537346523729e-24	6.21235520992788e-23	42.5365662118409	Non-Significant
POU6F2	-3.30647740589076	0.000944769694038107	0.013906466143899	186	-2.45188236592332	0.404447914757525	-13.2220368917883	5.89274157627603e-37	7.38637320509082e-36	72.7862133119664	LUSC
PPARA	-2.1062907606488	0.0351791033907984	0.11211284351647	28	-0.232092654429738	4.88501693469415	-5.59494279483617	2.8336684933431e-08	5.97637851985308e-08	7.12557315215778	Non-Significant
PPARD	-0.78461600039869	0.432678745955689	0.594052097987657	74	0.0146378347861662	6.0829283638017	0.375557892177502	0.707323582393908	0.73036764197461	-8.36332011855482	Non-Significant
PPARG	1.00536202437274	0.314722558959085	0.476273931679207	183	0.343299944477492	3.38535127659533	3.6403945925707	0.000285867768743266	0.000421429979239068	-1.55322878104548	Non-Significant
PPARGC1A	2.88877133210495	0.0038675020474079	0.0243474128892202	158	0.713389429410532	1.43068130898859	5.28646210698726	1.52476514401342e-07	2.99534621048181e-07	5.83612583372429	LUAD
PPARGC1B	-3.58368072874315	0.000338786159558475	0.0111506849976282	92	-1.31282340540605	2.81377074707652	-20.7316659050566	5.79345010988238e-80	2.88589572238039e-78	171.259006649505	LUSC
PPP1R13L	-1.51245772986405	0.13041745820524	0.265178480775175	95	-0.457532093631185	5.5270024008457	-7.44725057283237	2.02358181949874e-13	8.88936995766941e-13	18.6469066596017	Non-Significant
PPRC1	-0.624194485454667	0.532499868009582	0.686944974746283	35	-0.139376963175454	5.94875414813746	-3.93614496043569	8.8409200236329e-05	0.00013621003687764	-0.725732268391698	Non-Significant
PRDM1	-2.12675415599249	0.0334405152039874	0.10961845660037	108	-0.445127950988422	4.96234923850406	-7.64264472187667	4.89083777553436e-14	2.23988761164211e-13	20.1055657329328	Non-Significant
PRDM10	-1.31461555002713	0.188639141369789	0.340049060125629	36	-0.135756299357576	3.57015568022368	-4.41034836127694	1.1413966619488e-05	1.89733648754214e-05	1.47908445863079	Non-Significant
PRDM14	0.356252839262992	0.721651224186165	0.83229898798472	346	0.171171245796728	-6.07628567297835	2.43948836563302	0.0148773870069984	0.0188678610320425	-5.15626686181229	Non-Significant
PRDM15	-0.846215147421379	0.397432733307444	0.562772102347587	64	-0.0143614229657142	3.6189910526066	-0.343902982447789	0.730990034704048	0.752932886783107	-8.10251532300681	Non-Significant
PRDM16	3.40402213503944	0.000664013722780033	0.0124502249906297	76	1.8783472238857	2.01001492688135	15.8672873169067	7.557971483624e-51	1.5525322203848e-49	104.495337015443	LUAD
PRDM2	0.463509570925558	0.642999156132526	0.777527348373019	42	0.00238115471041159	5.69322489120371	0.0675905880767618	0.946124776823271	0.951343583226621	-8.38584340096439	Non-Significant
PRDM5	1.76466235664758	0.0776205286890703	0.189061430592664	60	0.434882673725027	1.95200759630118	6.60470561721728	6.39608492984241e-11	1.85224959371251e-10	13.3589206075254	Non-Significant
PRDM8	2.58140646327839	0.00983986522709036	0.0474508152036473	87	0.696554652686439	1.21790482570907	8.62264441232876	2.46320639023474e-17	1.36041790104535e-16	27.9461684322287	LUAD
PRMT5	-1.89290753712243	0.0583701667566194	0.15652078792142	84	-0.257007448050529	4.51379843159965	-6.10774475117224	1.43437457098345e-09	3.49733629958697e-09	10.0692848648986	Non-Significant
PROP1	-0.988538100449719	0.3228891843805	0.484251922257059	137	-0.0334772697359638	-6.11569696525852	-0.535329178794157	0.592538789820315	0.620009202779376	-8.00024444572062	Non-Significant
PROX1	0.423345443253376	0.672043243325766	0.803154483554041	66	0.45539873584604	1.72416263146981	3.84800041773621	0.000126474184676646	0.000192372187683109	-0.624895835829763	Non-Significant
PROX2	1.19263829174721	0.233011062521355	0.390450969630378	119	0.224623933033255	-1.98882215975779	2.95375559732737	0.00321126685174681	0.00432793475753521	-3.34083102058541	Non-Significant
PRRX1	-1.29213916523702	0.196308954726281	0.346892008666318	153	-0.402252497882042	5.31287062718801	-4.9864685519028	7.22177584339151e-07	1.33282134486095e-06	3.94414758332922	Non-Significant
PRRX2	-3.16335659491563	0.00155961167787597	0.0159665451990299	85	-1.03297314471307	2.02403523625138	-9.38542103575479	3.93703517972301e-20	2.49298017714864e-19	34.2366048239613	LUSC
PSIP1	-1.32117797622087	0.186442027961657	0.33877476839214	72	-0.156556185318299	5.55386536614734	-3.14205211880549	0.00172598275188634	0.00238191391473571	-3.457265958568	Non-Significant
PSPC1	-1.71459774014063	0.0864190033641132	0.203847684137298	21	-0.143647951430609	5.05601480396078	-4.63408595736709	4.04854869225302e-06	6.99479890494593e-06	2.31455314252859	Non-Significant
PTF1A	-0.108437895581806	0.913648342024303	0.957967980937979	300	0.205503851305543	-6.12454310508603	2.40161751454795	0.0165005975233318	0.0208257621114801	-5.27178935980242	Non-Significant
PTMA	-1.21763398659692	0.22336309310934	0.378625425436379	67	-0.15935228908389	9.50429275888132	-5.16783657088083	2.8475028052481e-07	5.44251090979926e-07	4.30890389941795	Non-Significant
PTMS	-3.48305775914352	0.000495721399757566	0.0111506849976282	32	-0.797114303684119	7.68645054560296	-16.5227731511025	1.57207233864842e-54	3.61826269825172e-53	112.413790486806	LUSC
PTOV1	-1.19980585586172	0.230214749395345	0.387670269352161	74	-0.0465303808890717	4.71032622986764	-1.16750276135721	0.24327987598154	0.269853349322538	-7.59608418940209	Non-Significant
PURA	2.31901973629348	0.0203939662143676	0.077847117303351	48	0.272797892368625	4.85738815325436	7.77506475030491	1.8348994464649e-14	8.61860333584172e-14	21.0817636765882	Non-Significant
PURB	-2.25379314310961	0.0242091843866921	0.0872042099562888	58	-0.289126970484726	6.35965621707665	-8.49922252279011	6.68862195889888e-17	3.6095599087494e-16	26.4498210230828	Non-Significant
PURG	-1.88942866403208	0.0588344130657464	0.157147792601197	53	-0.379992336515602	-2.95815432044038	-3.9334394982913	8.93955612620745e-05	0.000137661890573484	0.0292340736467249	Non-Significant
RAI1	-0.316104561618378	0.751923144466179	0.853263867763618	32	0.0758761917545891	5.73891809531875	1.50531496160192	0.132552300202674	0.151989996413922	-7.26116719928851	Non-Significant
RARA	3.58452655062009	0.000337690213094533	0.0111506849976282	103	0.847640112391517	5.17298724115428	20.2260789303975	9.08030782695513e-77	4.1066625055743e-75	163.748655933165	LUAD
RARB	-3.40182823532501	0.000669366934980091	0.0124502249906297	44	-0.905681760138671	3.06748385006516	-11.9292664217	8.32781587782726e-31	8.25791947558219e-30	58.5098532021051	LUSC
RARG	-3.47204940468232	0.000516501274605262	0.0114635615561237	73	-1.33046737984988	5.61740049861748	-24.4609783314062	2.22018370411179e-104	2.27480787903882e-102	227.17359538016	LUSC
RAX	-1.44490726958105	0.148483934124942	0.291549326494215	118	-0.599134213335196	-4.87078051646752	-4.624672770454	4.23285031737246e-06	7.30366701926463e-06	2.89487228092389	VIPER Significant
RAX2	0.236258427536478	0.813232143861852	0.89177043134373	347	0.132445832005459	-6.14935053284849	2.30386365110591	0.0214303253744941	0.0267685376246439	-5.51320948898509	Non-Significant
RBAK	-1.55651717367728	0.119585162130079	0.250944863300658	43	-0.277309964268011	4.51669742354296	-7.21132306820381	1.07737476498264e-12	4.45981820553242e-12	17.1125880649079	Non-Significant
RBBP4	0.0329145792488892	0.973742706536171	0.986276028501488	70	0.105622598903417	6.77455227963129	2.88038537178206	0.00405490652632637	0.00541434705747533	-4.38372247190909	Non-Significant
RBBP7	-2.88558233173056	0.00390690258697629	0.0243704960151021	64	-0.328032614714806	6.92015824357874	-9.68824443337426	2.69859967683276e-21	1.81147275494342e-20	36.3886413509654	LogFC Non-Significant
RCOR1	-1.02468045497265	0.305513988215229	0.469633072793658	53	-0.259916901631726	5.74013502431254	-6.46921408598421	1.52539851573099e-10	4.19986367653564e-10	12.1239972248008	Non-Significant
RCOR2	-2.51917958545405	0.0117628645086928	0.0532451787274014	56	-1.11121713657538	2.03394505031598	-10.4344545655155	2.72992425127534e-24	2.07935412048885e-23	43.7155143508802	VIPER Significant
RCOR3	0.61811966292036	0.536496461711977	0.689492311974061	53	0.120303582968778	5.29300418893583	3.47048165346302	0.000541241443023938	0.000780423041553443	-2.35284978199223	Non-Significant
REL	-1.55516917257082	0.119905784135969	0.251102594004292	50	-0.332850562139191	3.92290171062484	-5.9558656042638	3.55519636276139e-09	8.27271648244114e-09	9.24569279383088	Non-Significant
RELA	-0.862469198613238	0.388429375643241	0.554888620554205	51	-0.0236979849149403	6.76674147682415	-1.00501815710523	0.315126146318141	0.344214713670585	-8.01165068702959	Non-Significant
RELB	-2.60809254298212	0.00910483354885274	0.0448879263637415	70	-0.392509962901862	4.93884871870341	-7.65506323147462	4.46396815330172e-14	2.04897069163714e-13	20.1979534006293	LogFC Non-Significant
REPIN1	1.82845862635613	0.067480749613078	0.172299114297103	45	0.29727729087576	6.49758182804938	6.52009787274307	1.1026311199289e-10	3.09567059876291e-10	12.3531288053486	Non-Significant
REST	-1.09313154616055	0.274336047049662	0.435356090242991	39	-0.114532366839984	5.48345052800713	-3.5684913306466	0.000375723885810427	0.000548805293401898	-2.0334422778738	Non-Significant
RFPL1	-3.51901666367041	0.000433149500445185	0.0111506849976282	99	-0.24414561561235	-6.12973173640941	-3.89408534255565	0.000104973747038603	0.000160730569547126	-0.6232596153468	LogFC Non-Significant
RFPL2	0.417812832089024	0.676083968109267	0.805161698924075	221	0.194860176671698	-3.33451495033414	1.94236746787008	0.0523672325045234	0.0628260896767132	-5.74720746886263	Non-Significant
RFPL3	0.0142231190891206	0.988651975485727	0.994484730503342	626	0.0328226001264072	-5.50687504236252	0.433152183500665	0.664995671727033	0.689957535899618	-7.75959607552683	Non-Significant
RFPL4A	0.570510614816568	0.568331424703692	0.716454771992455	307	0.235385776641734	-6.1968870493871	4.11806141417732	4.12941051456444e-05	6.54605416797431e-05	0.22666940394458	Non-Significant
RFPL4AL1	-0.284935571961313	0.77569350260962	0.864895395209327	292	0.215497792837161	-6.40265442808311	4.84274529398882	1.47857439224457e-06	2.65451921113919e-06	3.31829620117545	Non-Significant
RFX1	1.20962292236362	0.226423618245804	0.383495631565327	61	0.275469932165973	4.35432611685779	8.09030824696803	1.67826851492307e-15	8.39162499253963e-15	23.4904494996134	Non-Significant
RFX2	1.07884577535093	0.280656484866201	0.44304709677367	72	-0.0189388746389086	3.57497650841924	-0.341737563977478	0.732618699137135	0.754520318769237	-8.09873095470029	Non-Significant
RFX3	1.65380252553432	0.098167642668214	0.221689842052059	114	0.279349636707283	3.23857987673568	4.8713402924565	1.28401151776265e-06	2.31803124327362e-06	3.60763673611406	Non-Significant
RFX4	-2.12472040316194	0.0336099499397973	0.109674482992359	206	-0.526294647024882	-4.85452993420898	-4.29486616414133	1.91466029909355e-05	3.12246206350803e-05	1.45618183429607	VIPER Significant
RFX5	1.357844149673	0.17451314239145	0.324594444848097	31	0.297290919549156	5.66706121733584	7.71133147987614	2.94658124319261e-14	1.36613920969452e-13	20.5269840841445	Non-Significant
RFX6	0.322648138029708	0.746961732917341	0.849990937457664	305	0.675312878644258	-4.92110351263045	4.76193805015594	2.19419174581997e-06	3.87731884861265e-06	3.51702586546981	VIPER Significant
RFX7	-2.53489190020842	0.0112482030675223	0.0514341055078498	35	-0.573632920516632	4.7066489255334	-14.2880808850602	2.34579515890084e-42	3.58456078446902e-41	84.8061298745539	VIPER Significant
RFX8	-1.29494033294537	0.195340813497487	0.346332152873362	125	-0.530047708465822	-0.651301780002924	-6.18109183101442	9.18667231290426e-10	2.29202055308351e-09	10.9767678189007	VIPER Significant
RFXANK	-2.20044330573487	0.0277754581793653	0.0974761362521123	121	-0.268579131371203	4.97310217256508	-7.88582436857604	7.99232332895812e-15	3.83867937016079e-14	21.8878799448704	Non-Significant
RFXAP	-1.39907458471912	0.161790618190701	0.309947195522635	40	-0.0387301304706511	2.1949896316313	-0.908674470931733	0.363736343954141	0.393736856994895	-7.60678704901096	Non-Significant
RHOXF1	1.10202356520911	0.270451426864539	0.432976227985013	181	0.260400657728393	-3.67245276385961	2.30411591999268	0.0214161066944726	0.0267530264132772	-4.97766144769814	Non-Significant
RHOXF2	0.90312965743679	0.366457085459593	0.529873637350055	335	0.317774076262252	-6.05802888117469	4.48487313440746	8.12231385317011e-06	1.36714650584133e-05	1.84589508568386	Non-Significant
RHOXF2B	-0.177306183028844	0.859267894387728	0.922765039167949	253	0.215724224623512	-6.43446963035308	4.35084849356175	1.49224318618924e-05	2.45554454853154e-05	1.08949649438457	Non-Significant
RING1	-0.386458434606078	0.699157180400692	0.819287280125897	39	-0.00489227233935965	5.61251962112827	-0.155639302546824	0.876348097658805	0.887897473310768	-8.36667055849585	Non-Significant
RIPPLY1	0.68191784181606	0.495290902909338	0.655303664858805	426	0.386157891313268	-4.80250393186152	4.49279481835852	7.83151406797848e-06	1.32040567003648e-05	2.31579909752104	Non-Significant
RIPPLY2	-3.06304186027936	0.00219099408805438	0.0188756242644912	56	-1.67556635172279	-4.91074247318012	-12.6140814105483	5.23878410535224e-34	5.84209463367926e-33	66.1612212199931	LUSC
RIPPLY3	-1.54628460219231	0.122035849006228	0.253853236535178	58	-0.569137819051729	0.037527841845657	-4.15642460292125	3.50352344958793e-05	5.5878660235819e-05	0.742874466961167	VIPER Significant
RLF	-1.4805091957255	0.13873740849064	0.276933402704243	55	-0.309184148242571	4.91562085924224	-8.74839880294631	8.79173720283518e-18	4.96452457955992e-17	28.614256641103	Non-Significant
RNF10	-0.435203210618367	0.66341493234428	0.796097918813136	48	0.15110003543569	7.3125631742938	6.42349297369966	2.03801555656157e-10	5.51592432845034e-10	11.6522818898447	Non-Significant
RNF111	-0.593126935679065	0.553096205300308	0.703315622153157	45	-0.0866573389409306	5.01466657337806	-3.02443735850704	0.00255323253918844	0.00346924616120248	-3.75598817807995	Non-Significant
RNF4	0.0832897466786467	0.933621152932031	0.96682108231667	46	0.0180751896254814	6.10779866978745	0.677056815766491	0.498523222876569	0.528540276277133	-8.2075586976007	Non-Significant
RNF6	-2.42916791191808	0.0151335217328271	0.0633152243797017	81	-0.304600040066331	5.26334169071901	-9.9832860737995	1.85461871148989e-22	1.30415839744066e-21	39.2287531175144	Non-Significant
RORA	-3.16297945324962	0.00156163352925351	0.0159665451990299	81	-0.555554838413915	4.2133984231083	-8.80436140846832	5.5363308147035e-18	3.15958447445871e-17	29.1434134734148	LUSC
RORB	3.07193973803988	0.00212672655589351	0.0186750323320091	87	0.861195937698377	-0.373882896271102	6.8533481494139	1.2457032580068e-11	3.93893835870862e-11	15.1593869601667	LUAD
RORC	4.07983374295963	4.50679224123946e-05	0.0111506849976282	245	4.08200367225334	3.48491962223896	36.5059368037797	2.13863900222786e-187	2.95564883686966e-184	418.139091672404	LUAD
RPS6KA1	2.90876160688674	0.00362863441635494	0.0238566568639102	99	0.424562268242556	6.29436166895099	11.9094681425798	1.02594863151079e-30	1.01277490572744e-29	57.9812910106105	LogFC Non-Significant
RPS6KA4	-1.20252077916504	0.22916182036908	0.386533457934985	111	-0.211882647157596	5.73535747769529	-5.47705886360719	5.44465630354013e-08	1.11630012127127e-07	6.39694340068815	Non-Significant
RPS6KA5	-3.1480388341103	0.00164369855067152	0.0161042440120006	54	-0.616172022605008	3.52704231319443	-11.0314350644104	8.21049237321468e-27	6.92878344593906e-26	49.3403731836136	LUSC
RREB1	0.778098244678781	0.436511097455572	0.597392445079666	42	0.0929437722707287	6.1822860282366	2.46720522149135	0.0137803602565698	0.0175351263108041	-5.40959662684787	Non-Significant
RRP8	1.66559662778512	0.0957937832632718	0.219439662628226	88	0.260704632479425	4.19956849546985	10.7300802717845	1.58872243064099e-25	1.27327050419018e-24	46.3378431482281	Non-Significant
RSF1	0.135914443908641	0.891888916848239	0.94207781304672	44	0.100710323327233	5.77914034562503	2.67405635007303	0.00761361910754725	0.0099239897943545	-4.83358311133159	Non-Significant
RUNX1	2.39140105087971	0.0167842075097206	0.0678753264152123	52	0.317674578759223	6.96681955325737	7.59792338852227	6.78820314063556e-14	3.08176125315928e-13	19.5530902441311	Non-Significant
RUNX1T1	2.24367225046804	0.0248534968085187	0.089210972754788	81	0.757015252365686	1.57235983745902	9.45854954100201	2.07411855653993e-20	1.33022494560218e-19	34.9094367251306	VIPER Significant
RUNX2	-0.661786405758844	0.508108119603042	0.666312368929929	68	0.0140033565611242	4.02993426365057	0.209349531414349	0.834217135592382	0.849323654563106	-8.18250480835672	Non-Significant
RUNX3	-3.11051295291577	0.00186762704410391	0.0174482416997105	54	-0.916993919945353	4.53842588093401	-13.5138428923637	2.09184655805969e-38	2.76310658825991e-37	75.7707678762191	LUSC
RUVBL1	-3.34087031175818	0.000835162240898671	0.0133653137298839	115	-0.795695919492942	6.17134826319701	-20.223823043589	9.38173826911269e-77	4.23976091344912e-75	163.62453916932	LUSC
RUVBL2	-2.88572333874828	0.00390515275079849	0.0243704960151021	115	-0.535077879935842	6.46737577892382	-14.9072897501923	1.28072968305116e-45	2.19210607357952e-44	92.1064255059881	LUSC
RXRA	-2.58081997993998	0.00985659651102156	0.0474508152036473	45	-0.327218145668786	6.51379006051724	-7.01542301881226	4.16824887873853e-12	1.39051603298975e-11	15.5611198846548	LogFC Non-Significant
RXRB	0.998698961881574	0.317940543718974	0.479471426535417	35	0.130367666749712	5.69969157557041	4.33859090095193	1.57633009921606e-05	2.58860862181146e-05	0.941486619177065	Non-Significant
RXRG	2.26315979059259	0.0236258409018578	0.0860115133188629	136	0.64651662005732	-1.44962363728374	4.85871444284466	1.36666888083684e-06	2.46149512294259e-06	3.94832461469746	VIPER Significant
RYBP	2.51565022659261	0.0118813030302798	0.0535443744492345	49	0.328212764264351	5.57400148154878	11.0257409248546	8.68833905085069e-27	7.32060009605705e-26	49.0798716861669	Non-Significant
SAFB	-2.72934676302608	0.00634599347388909	0.0335961339462268	100	-0.28724555174058	6.56372881820544	-8.45366166471197	9.64173575520544e-17	5.15454687589595e-16	26.0647941506615	LogFC Non-Significant
SAFB2	-0.0178795552763376	0.985734938933918	0.992583840531132	71	0.0502564943434186	5.57828350513853	1.37672729391246	0.168898277512756	0.19119048226124	-7.42759552055798	Non-Significant
SALL1	-1.56522095400965	0.117531109948486	0.248418027845663	57	-1.36839574637061	-2.18704045051492	-6.68507341702949	3.79119803363442e-11	1.12994395679218e-10	14.1735898638725	VIPER Significant
SALL2	2.12621214972612	0.0334855989126251	0.10961845660037	62	0.527787691693236	3.34562548826233	6.54991500889369	9.10717111498959e-11	2.58581871882698e-10	12.8811640004888	VIPER Significant
SALL3	-0.828085742237985	0.407621943460656	0.572798417802542	142	-0.887147088793724	-3.53440339446883	-4.48216984569252	8.22389446436197e-06	1.38365668110653e-05	2.310111138115	VIPER Significant
SALL4	-1.3915053586161	0.16407223583669	0.312271436764529	94	-0.402052613373932	1.74414813896626	-4.09874833577834	4.48337538645555e-05	7.08581019363564e-05	0.354155553698979	Non-Significant
SAMD1	-2.98977660852702	0.00279181542702322	0.0207271892774002	48	-0.476721848193427	5.44948907926782	-13.2516166984251	4.21070330295689e-37	5.30596830332525e-36	72.6936803208445	LogFC Non-Significant
SAMD11	3.0745633378451	0.00210810953643832	0.0185913453084172	45	1.34085869755673	0.699080871286636	13.5388356959411	1.56799484466909e-38	2.08040253704287e-37	76.3702588282649	LUAD
SAMD13	1.94766094786979	0.0514555458066154	0.144216502356624	139	0.549905384949854	-0.473023943452817	5.97221314033331	3.2274140206458e-09	7.54565791977802e-09	9.74013422203644	VIPER Significant
SAMD7	1.26068182747209	0.207423503857044	0.36148934317846	362	0.234813580352727	-5.90593278890065	3.16232348489749	0.00161130739608888	0.00222969880810299	-3.06204159628971	Non-Significant
SAP130	-1.82755652626612	0.0676161353961724	0.172299114297103	38	-0.269759274729124	5.26572829160791	-8.82498460812439	4.66589259107475e-18	2.67360909275672e-17	29.2027069246477	Non-Significant
SAP18	0.361626239633003	0.717631353530334	0.831285547638234	152	0.0588125127298781	6.56838998951651	1.93912132582208	0.0527617117991137	0.0632674236180296	-6.61464786799721	Non-Significant
SAP30	-1.31024218768736	0.190113918061089	0.34096825781049	43	-0.259954520798195	2.79350881777788	-5.90104098214532	4.90914411322769e-09	1.12482922276674e-08	9.04298242459355	Non-Significant
SAP30L	1.79923951809124	0.0719808007729715	0.179382117395249	37	0.177056697930346	4.81225745727794	5.34015744352251	1.14452975486936e-07	2.27554264779597e-07	5.77956331494983	Non-Significant
SATB1	-0.270539772779688	0.78674502301453	0.873402233905441	33	0.0518234208548086	4.41431692243601	0.84113069515865	0.400471601811676	0.430888359662197	-7.89156371497895	Non-Significant
SATB2	-1.18937558141743	0.234291905336984	0.391634998627017	44	0.101157244784524	2.32079480923474	1.33748648673628	0.181361649236127	0.204527454249949	-7.13810072463906	Non-Significant
SBNO1	-2.21612993172252	0.0266826048618775	0.094778836019794	65	-0.40568740596917	5.84076326535296	-11.8310467185968	2.33815313461156e-30	2.27487600410218e-29	57.213183037411	Non-Significant
SBNO2	0.0967031100645003	0.922962169934737	0.961115235997693	59	0.103239805197743	6.77599872247684	2.20242551827706	0.0278580851552996	0.0344154836712953	-6.09685566046748	Non-Significant
SCAND2P	0.0128114026703607	0.989778259227047	0.994499763906165	393	0.0224993448785443	0.719157863910375	0.431195206547562	0.666417430554356	0.691299899552327	-7.78578104529502	Non-Significant
SCMH1	3.03877887912901	0.00237539134509834	0.0195683419606718	45	0.39680537277013	4.90665600619007	11.1478228047027	2.57081990905847e-27	2.2103025858741e-26	50.3585208571362	LogFC Non-Significant
SCML1	-2.78677737353505	0.00532350375358926	0.0291226970049295	58	-0.333140243398873	3.14362842888672	-5.29107659115071	1.48778752749465e-07	2.92570315673145e-07	5.69727854812308	LogFC Non-Significant
SCML2	-3.10660000941187	0.00189252280788843	0.0176004621133624	85	-1.13796455560323	0.856452963773472	-11.3107741947413	4.97974526317657e-28	4.41425002617533e-27	52.3463627063891	LUSC
SCML4	1.62186096556981	0.104833121106157	0.230203435748074	320	0.919846877441427	0.405848141431552	9.42309624930577	2.83135204143235e-20	1.80360979489978e-19	34.6980040218356	VIPER Significant
SCRT1	0.289123574903229	0.772486813469893	0.864389741125029	91	0.179866505540969	-4.0319158664799	1.89582415359316	0.0582653696370576	0.0695009257611686	-5.83031352966457	Non-Significant
SCRT2	-0.905844310904757	0.365018263711209	0.528318607289766	250	0.108646383181467	-6.08765883796439	1.54928717858676	0.121622487809571	0.140073636757677	-6.93039709451446	Non-Significant
SCX	2.27912086280951	0.0226598816585889	0.0838374645089925	81	0.704024714723483	0.141107647425796	8.18329236887994	8.16130519179988e-16	4.14886128000934e-15	24.5841865823969	VIPER Significant
SEMA4D	0.607243312977174	0.543689451907057	0.694529102219633	51	0.0910924845251113	5.61978548300812	1.86908821934573	0.0618965657429946	0.0736077645963528	-6.63505730476589	Non-Significant
SERTAD3	1.38206599628248	0.166951438047268	0.315538901528807	146	0.16628580156008	5.06645375868743	3.96106186398483	7.97965889673403e-05	0.000123440022192892	-0.528379638396684	Non-Significant
SETBP1	-1.037977467028	0.299280545669438	0.463533683905883	55	-0.58165658559718	3.655951910724	-7.69596967505226	3.30128371850181e-14	1.52649694630725e-13	20.6263731683023	VIPER Significant
SETD3	0.789336352559221	0.429915445037765	0.591531271383501	63	0.119175172667708	5.99641095499751	4.2623407098449	2.21014209561858e-05	3.58515393247783e-05	0.584821305791119	Non-Significant
SETD5	0.0253187150838617	0.979800746237568	0.989264996383683	47	-0.0159978708529965	6.72275943347601	-0.466972024612664	0.640619491035658	0.66652825767768	-8.40221558266955	Non-Significant
SFMBT1	0.799877758889327	0.423781625064118	0.586642222517716	28	0.0938663221562612	3.72994176198888	2.23236542194011	0.0258069827833912	0.0319886441371752	-5.68695743169335	Non-Significant
SFMBT2	1.86431482747864	0.0622775057854241	0.163093814959427	57	0.62322955872819	3.30301148889561	8.76319135063023	7.78193378293512e-18	4.40771043574614e-17	28.8959310430681	VIPER Significant
SFPQ	-1.90786635497678	0.0564084918121112	0.153043517419899	117	-0.213381387780463	8.19059248158285	-7.78803940198858	1.66554829704492e-14	7.85107786535168e-14	20.7809488637656	Non-Significant
SFR1	0.208011614492815	0.835219898651556	0.906556982833466	115	0.0150302140364608	3.01298376020391	0.370320797567419	0.711220260974246	0.73412339897029	-8.03157057249971	Non-Significant
SHOX	-0.673860403762069	0.500400067985222	0.660528089740494	643	0.00474518473603985	-6.23501211971097	0.0780589666268036	0.937796436788342	0.943927590132633	-8.20050226878864	Non-Significant
SHOX2	-3.59417974953486	0.000325415130510247	0.0111506849976282	31	-2.63421088654581	1.02210283104385	-21.9611641242901	7.33025426158874e-88	4.64408336890655e-86	189.477308513038	LUSC
SIM1	2.26995053654108	0.0232105843541727	0.0849674498193794	182	0.806568891398801	-4.73703994351377	5.32106697116252	1.26778511490593e-07	2.50918091066126e-07	6.28871721163996	VIPER Significant
SIM2	-1.79568302840251	0.0725449425533542	0.179911457532318	25	-3.12326966861736	-0.0258741582704453	-17.937279188818	9.34016372547039e-63	2.8061572786326e-61	131.915762997927	VIPER Significant
SIN3A	-2.12407913926795	0.0336635265489742	0.109674482992359	52	-0.315821833079402	6.32586980038145	-10.1059749147215	5.97636277450723e-23	4.30076665779415e-22	40.2329769090526	Non-Significant
SIN3B	-1.49986755788346	0.133648713114627	0.270470095976781	70	-0.174641681745844	5.70747529796549	-4.681262704817	3.23505555190393e-06	5.63501029642098e-06	2.45650080464607	Non-Significant
SIRT1	2.30679943470519	0.0210660037854195	0.0795222209316758	53	0.555952956789574	4.56292074577434	15.74981603869	3.380117363025e-50	6.8230378577611e-49	102.799392395006	VIPER Significant
SIRT6	-1.31330309859626	0.189080834840032	0.340245723907394	102	-0.0868176040183442	4.17780668334272	-2.55092044406165	0.0108887696440782	0.0139871368834411	-4.97590500236574	Non-Significant
SIRT7	-0.0962711803679968	0.923305199483168	0.961115235997693	72	0.056713103743491	4.97903488695412	1.38816250322322	0.165390273472545	0.187451562597085	-7.34406580811706	Non-Significant
SIX1	0.94251576412312	0.345928644102818	0.50904880469175	47	0.113788529764643	4.07660705772464	1.16639121804911	0.243728584390085	0.270300617421845	-7.52938685767458	Non-Significant
SIX2	-1.71907020122267	0.0856015899817915	0.202474974685255	31	-1.87215177855343	1.83552801811052	-11.8929223273538	1.22110081536954e-30	1.20142977077758e-29	58.2334642865807	VIPER Significant
SIX3	-0.856838292540493	0.391534259741236	0.557466315539714	80	-1.16992872080008	-2.51245290593765	-6.47496497042183	1.47062323625543e-10	4.05751089005763e-10	12.8621246872713	VIPER Significant
SIX4	-0.88914151705188	0.373927028706049	0.539530818570223	21	-0.27509856934768	4.09371295268734	-4.25269144787033	2.3058502260626e-05	3.73439149136704e-05	0.754650793140138	Non-Significant
SIX5	-1.47116128480289	0.141247504482341	0.279760304134433	36	-0.154178650812094	2.45259482958036	-3.13728170854394	0.00175403968588242	0.00241928506737536	-3.1470748471077	Non-Significant
SIX6	-0.288147175203817	0.773234082637533	0.864389741125029	252	-0.0159260878786957	-5.62297036616924	-0.168375759781974	0.866321012817001	0.878727023087934	-7.88804314965216	Non-Significant
SKI	0.590222003695132	0.555041822117347	0.704476158841248	72	0.173845204064488	6.55492503119837	4.0896607964323	4.65972787058319e-05	7.35221028475858e-05	-0.191118365493134	Non-Significant
SKIL	-2.14363476839432	0.0320621626618284	0.106147548229937	34	-0.286268900467475	6.50186307194852	-6.5937255033674	6.86688077170345e-11	1.98230896541349e-10	12.8161366714327	Non-Significant
SKOR1	-0.777277571841126	0.436995024389552	0.597654959826887	109	-0.193186412855109	-1.74834989124436	-2.67672841578664	0.00755359771797285	0.00984899514197891	-4.12610216928524	Non-Significant
SKOR2	2.05714812455865	0.0396719797377641	0.121117978122228	175	0.30699731365154	-5.79820507166753	2.59364797112986	0.00963224622527805	0.0124381368599031	-4.63207153424542	Non-Significant
SLC2A4RG	-0.219761075221551	0.826057236005909	0.900967677619439	78	-0.101617888536145	6.06651083707162	-2.20258772547177	0.0278466041558558	0.0344020153664022	-6.01073084230146	Non-Significant
SLC30A9	2.92574739168481	0.00343629836517474	0.0232286443584664	116	0.411560403259482	6.05816722297714	13.3424698382566	1.49492805500124e-37	1.91670096061616e-36	73.6592835913028	LogFC Non-Significant
SLTM	-1.11989349745692	0.262759149604265	0.424802842732967	55	-0.0739913947746526	6.33135146990299	-2.2743725304906	0.0231503082339837	0.0288242654868309	-5.88233721698731	Non-Significant
SMAD1	-3.14997618999806	0.00163283769324374	0.0161042440120006	35	-0.394801779505675	4.96211764194843	-9.35895343673768	4.95988598251941e-20	3.12203309271455e-19	33.7277344728923	LogFC Non-Significant
SMAD2	-1.96165213833872	0.0498029976530319	0.140547494066349	43	-0.22387584870887	6.55658031120697	-6.28541292388466	4.83542518369951e-10	1.24709145209492e-09	10.9006449703692	Non-Significant
SMAD3	-3.18811669651868	0.00143202730224158	0.0155022638115676	37	-0.648766338950829	6.50664419027432	-13.3564274072881	1.2745002560552e-37	1.63832417730029e-36	73.7683590308264	LUSC
SMAD4	-0.563167829715618	0.57332060677574	0.720522464402175	46	-0.0208792935409899	5.86073110286131	-0.617749234457772	0.536878361136403	0.566164540792025	-8.21679594667896	Non-Significant
SMAD5	0.360141896116443	0.718741023348991	0.831285547638234	57	0.0224933229568137	5.97416241600731	0.690767875139922	0.489868380018085	0.51988370989597	-8.18235464448561	Non-Significant
SMAD6	2.89515928197489	0.00378966183550188	0.0243474128892202	57	0.663045836879836	3.09819831476321	10.3096836171304	8.89732518837593e-24	6.62915426240742e-23	42.4510951773603	LUAD
SMAD7	2.97445272524181	0.00293511678600473	0.0213709926838636	33	0.665447501001443	4.64123356539631	13.2646042495689	3.63241421274933e-37	4.58893451150201e-36	72.9214960849172	LUAD
SMAD9	2.11243360179281	0.0346492754540918	0.111171308949745	84	0.566229034914456	2.27841103475912	7.20615840301365	1.11696147471151e-12	4.61436701826075e-12	17.2959649407438	VIPER Significant
SMARCA2	-1.19797822913714	0.230925492590133	0.388465561143682	52	-0.298636869477295	6.41125227995359	-5.25850001768221	1.76862110492116e-07	3.45270675740447e-07	5.17625367376099	Non-Significant
SMARCA4	-1.53859697882669	0.123902716572101	0.256324527913568	15	-0.178157099543316	7.34873586664719	-3.4509351682208	0.000581504847331636	0.000836510579806278	-2.66606668880256	Non-Significant
SMARCA5	0.165423828538909	0.868610399581225	0.92657814261897	84	0.0400308131836367	6.81236722901497	1.37980441904316	0.167948849245926	0.190155586414496	-7.57076867036462	Non-Significant
SMARCB1	-3.12705408159248	0.00176567444153902	0.0167271866960141	99	-0.661247300929973	6.54134541051324	-21.3081705524669	1.20555817349144e-83	6.76512800529516e-82	179.424813628888	LUSC
SMARCC1	0.277509373050979	0.781389009691488	0.870289555704292	46	-0.096640039957941	7.0144916797313	-2.60551159223441	0.00930713946321219	0.0120345389777913	-5.16239365112091	Non-Significant
SMARCC2	-0.0709103810570617	0.943469081287159	0.971483512991207	32	0.0272611639774123	6.42110274767833	0.720658541656432	0.471284530937943	0.501504598718782	-8.21468309950639	Non-Significant
SMARCD1	-2.96233216682031	0.00305318209497585	0.0220735355700374	46	-0.479527539190963	6.18851172737776	-15.2275052484054	2.4304303170369e-47	4.44683443505394e-46	96.0857688218201	LogFC Non-Significant
SMARCD2	-2.04424871503002	0.0409289828469129	0.123148086624682	36	-0.327273476564598	6.99853082274617	-10.0862921318626	7.17236596794934e-23	5.14400425268314e-22	39.9729526798699	Non-Significant
SMARCD3	2.087559946966	0.0368375481891487	0.115607293408076	139	0.369017718339084	3.93479206658767	5.95079366695463	3.66333368513026e-09	8.51292108498165e-09	9.21529347787907	Non-Significant
SMARCE1	-0.170613583138251	0.864527616732222	0.926132744514778	39	0.0741044025447849	3.03815290411336	1.63133419760021	0.103128103225149	0.11975289271276	-6.77366229096424	Non-Significant
SNAI1	-0.167680166403656	0.866834900169013	0.926132744514778	162	-0.0256705502127614	2.19804238140946	-0.36174568977429	0.717616904626507	0.740198906363722	-7.95430737240282	Non-Significant
SNAI2	-3.68518150911919	0.000228539710016234	0.0111506849976282	188	-2.51256773353594	4.1803066928651	-32.6715914974576	7.34897625331905e-161	4.79920452534056e-158	357.124191254429	LUSC
SNAI3	1.90619735398163	0.0566246054187992	0.153043517419899	96	0.73914603521611	0.5915057329793	12.4812105653677	2.24136000691281e-33	2.43861774314917e-32	64.5844852069791	VIPER Significant
SOHLH1	-3.1106588928742	0.00186670436008393	0.0174482416997105	83	-3.63609962078506	-3.03000666608411	-17.2932290696579	5.77093583493526e-59	1.53034093646898e-57	123.298989756901	LUSC
SOHLH2	0.635543700646846	0.525073874602046	0.679937435085941	225	0.319925093317161	-2.8024289361367	2.20453750661561	0.0277089183518224	0.0342411705322052	-5.22305816868723	Non-Significant
SOX1	-1.9943103778018	0.0461181458227698	0.133840746600549	73	-0.896591247759068	-4.78750784423665	-5.34629643089365	1.10742247486844e-07	2.20464290690452e-07	6.4136163982673	VIPER Significant
SOX10	-0.28686932105625	0.774212381874456	0.864434920377498	121	-0.625868035954735	-3.54122191633881	-4.70653671710636	2.86638200296883e-06	5.01325808730439e-06	3.3187262905594	VIPER Significant
SOX11	-0.265488987628192	0.79063279217886	0.875612411558268	96	0.138756847033343	-0.928650940909269	0.770859582792911	0.44096844818618	0.471464871819803	-7.44536645458173	Non-Significant
SOX12	-1.9803898698758	0.0476597373593778	0.136441494248056	60	-0.355252146300524	5.16550472863749	-6.07667672684307	1.72986346780163e-09	4.1760001747186e-09	9.81639068322925	Non-Significant
SOX13	-3.07675055904554	0.00209270341910085	0.0185353731406075	36	-0.638175318705621	5.16569363938348	-10.1681058964662	3.35384650266376e-23	2.43683868582711e-22	40.9335454950819	LUSC
SOX14	1.23725157628601	0.215993699114612	0.371676289645498	164	0.671894793291059	-4.80858764951229	3.68200782260881	0.000243520898934773	0.000361296129347067	-0.94124591118389	VIPER Significant
SOX15	-3.71115564179853	0.000206315194740704	0.0111506849976282	68	-3.45971570025219	2.12842989371926	-30.0237468024843	1.78318851103377e-142	6.23350256736493e-140	314.894592975378	LUSC
SOX17	1.81319657703519	0.0698015076025817	0.175601669789515	63	0.764413126775949	0.458547300645631	11.2996703585894	5.5722940364602e-28	4.93362213505245e-27	52.2648830709867	VIPER Significant
SOX18	1.58342465019647	0.113324708249886	0.243297327470374	47	0.336991965183224	2.3315390620411	5.22586306172391	2.10114455984826e-07	4.07070215029349e-07	5.44177919214676	Non-Significant
SOX2	-3.36977887215191	0.000752285265309945	0.0131492154122738	425	-3.85232457212617	4.59054101083415	-22.9158503065396	4.18660773445327e-94	3.18155419226796e-92	203.631045841575	LUSC
SOX21	-2.35715316384561	0.0184156494151086	0.0727382600450042	46	-3.43076247947876	1.54952301082636	-19.1943683383978	2.35289549723656e-70	8.7173017901669e-69	149.271319192908	VIPER Significant
SOX3	0.761060002691881	0.446621229035161	0.607167464854445	146	0.682560320485396	-5.75384488911537	6.3714936362171	2.82719318048227e-10	7.51024134533637e-10	11.937626618938	VIPER Significant
SOX30	0.80473406426045	0.420973157885551	0.583939715955145	136	0.136829108591969	-1.47185679584394	1.21219679415774	0.225717393502585	0.251409595225815	-6.97423956527496	Non-Significant
SOX4	0.473680825628501	0.635727528653787	0.771098743284954	33	0.343018834333039	7.62471516686579	6.02954714068139	2.2946580273672e-09	5.45829734588924e-09	9.24800349501858	Non-Significant
SOX5	-2.53661067389908	0.0111931356412937	0.0514341055078498	96	-0.625062779981243	1.12646800893195	-6.57952071788091	7.52656369052265e-11	2.15983920245637e-10	13.2745709710075	VIPER Significant
SOX6	-2.42771170521742	0.0151944160168297	0.0633152243797017	70	-0.990311247999198	1.99588222177784	-9.01202653779801	9.74059621733579e-19	5.77583727207757e-18	31.0678791334452	VIPER Significant
SOX7	-2.35277161923838	0.01863407490349	0.0730370062309206	71	-1.42248844641198	2.25615279303859	-16.8844690966246	1.34376767814618e-56	3.31903914418924e-55	117.664614063897	VIPER Significant
SOX8	0.512639580357422	0.608203460973019	0.752327623781513	59	0.469173823160508	-0.905618767923914	4.24107395750982	2.4263242576047e-05	3.92255424948107e-05	1.1635126722104	Non-Significant
SOX9	-1.42058282487532	0.155438074464665	0.30173273278435	84	-0.814442527668738	4.584292461932	-6.90568918985203	8.76854763974069e-12	2.82035332640653e-11	15.0479701812201	VIPER Significant
SP1	-1.04353997358821	0.29669827730288	0.461872706792225	26	-0.167554210087178	6.88916285800459	-5.97720834615972	3.13327145045782e-09	7.33767821903991e-09	9.03664909666805	Non-Significant
SP100	2.81422127129281	0.0048895559490379	0.0274940099566799	139	0.46952761239672	6.24400346365002	12.6330814199498	4.25174217911802e-34	4.75834806927394e-33	65.7285506688387	LogFC Non-Significant
SP110	2.55007249082988	0.0107700522431548	0.0503094221221339	58	0.618609923203623	4.90881051782166	13.4171416789636	6.35907312679411e-38	8.27459248316167e-37	74.6287964989193	LUAD
SP140	1.28061262594664	0.200329762980044	0.351823772581262	204	0.662280235547271	2.31539529549463	8.37310262218663	1.83319853241031e-16	9.65450985338068e-16	25.8693312012198	VIPER Significant
SP140L	2.30788262853945	0.0210056655040658	0.0794985050424301	53	0.289096863510195	4.46040888924543	5.96329736251886	3.40234630427425e-09	7.93280107596145e-09	9.23287680667392	Non-Significant
SP2	-1.19761545005611	0.231066758510196	0.388465561143682	26	-0.12619023545634	4.90115004466579	-4.44736890993239	9.64517217098339e-06	1.61328392751001e-05	1.50019771378173	Non-Significant
SP3	-1.47421069654442	0.140424870746639	0.279459271320034	90	-0.105556381505725	6.79609290301653	-3.84461018482172	0.000128209973495698	0.000194887686275198	-1.17850980828595	Non-Significant
SP4	2.16112520043468	0.0306856694103461	0.103091756344119	48	0.229624673604511	3.65069388345821	5.0167952619771	6.19370977378673e-07	1.15062549853645e-06	4.26882685390753	Non-Significant
SP5	3.51921296875588	0.00043282910711195	0.0111506849976282	48	2.91876369096203	-0.137453899488126	20.5309736198829	1.08429290252526e-78	5.16316300627952e-77	168.468077047723	LUAD
SP6	-1.73886397365779	0.0820586924944993	0.196594947123824	101	-0.862922250022635	2.21496485373183	-9.44606660258932	2.31456964202771e-20	1.48066383995912e-19	34.7451417151705	VIPER Significant
SP7	-1.38183362823837	0.16702279098519	0.315538901528807	183	-0.585915777633149	-4.35218437508756	-5.3609443311246	1.02353158929163e-07	2.04448293357648e-07	6.52225491382086	VIPER Significant
SP8	-2.38849044375782	0.0169177482957292	0.0682716232999247	82	-0.951607477511917	-1.69134317658772	-4.67506920403021	3.3321202027006e-06	5.79694684522055e-06	3.10595145968444	VIPER Significant
SP9	-2.097862085451	0.0359173301271728	0.113933112310381	36	-2.83895355405438	-3.7173857521165	-18.7275766337067	1.66905069692718e-67	5.71351818930252e-66	142.863262946988	VIPER Significant
SPAG8	1.27767297194158	0.201364759035396	0.352733130981524	716	0.413875594250764	0.0397972513638573	4.85955883070909	1.36098467515906e-06	2.45148024644391e-06	3.84821376870108	Non-Significant
SPDEF	3.62059223657497	0.00029392944153033	0.0111506849976282	139	4.1648351799485	2.51927640815936	31.0950269553476	6.55732956205085e-150	2.90807779017907e-147	331.976427417495	LUAD
SPEN	-1.45858653401654	0.144678942117969	0.285451413281934	71	-0.247563465274203	6.47816891196465	-5.74406423694243	1.21878170422795e-08	2.67244263660078e-08	7.76385742008859	Non-Significant
SPI1	1.91451800719806	0.0555540005146382	0.152568436312684	405	0.596502413711839	4.78286048717129	8.4819246355902	7.68633441811242e-17	4.13296955723097e-16	26.4873855800021	VIPER Significant
SPIB	0.30995802269519	0.756592878318832	0.856497651595869	110	0.329935179374087	0.929009862424426	2.50477576859048	0.012407760008072	0.0158550714746419	-4.77209336407628	Non-Significant
SPIC	0.133688120626593	0.893649199201329	0.943450083367348	159	-0.148394681253025	-4.77895320172834	-1.21415467982216	0.22496932360976	0.250618652060309	-6.92764380486463	Non-Significant
SPIN1	-1.62595716650927	0.103958767666172	0.229697233957871	50	-0.200166552138224	6.45764174797466	-6.88124955511812	1.0333669020584e-11	3.29222617748483e-11	14.6771302393328	Non-Significant
SPIN2A	1.008530203906	0.313199995260319	0.474671992816751	136	0.0677534404666266	-2.92371192927897	0.821979785537876	0.411280242991472	0.441702226483793	-7.3025604907815	Non-Significant
SPIN2B	-2.89652656314577	0.00377318697510367	0.0243474128892202	74	-0.300463712246381	0.808644255667978	-6.66975364832859	4.1904367712691e-11	1.24115373806922e-10	13.8755506214705	LogFC Non-Significant
SPIN3	0.105099517729028	0.916296841982222	0.957967980937979	37	0.322316952839432	3.3976718049923	6.06123015521361	1.89810943446759e-09	4.56214153132883e-09	9.90991504940066	Non-Significant
SPIN4	2.50375621524563	0.0122882671628501	0.0550148678669392	52	0.64987741448454	2.86283728207346	8.99763294528004	1.09992232688648e-18	6.50269440110253e-18	30.8697667491066	VIPER Significant
SPINDOC	-2.89863914970031	0.0037478596172717	0.0243474128892202	74	-0.600580193956851	4.91873859242112	-13.9555929020789	1.21551104704539e-40	1.74858811408295e-39	80.8564990911097	LUSC
SPTY2D1	0.302090137766335	0.762583350372421	0.859744462577629	69	0.157776799004871	5.15157926031208	5.16572296155747	2.87904138862182e-07	5.49960760532398e-07	4.84995471577729	Non-Significant
SREBF1	-2.02170454929494	0.0432068836173078	0.128117802726104	47	-0.341788321579223	7.08379498935913	-6.80315406568863	1.74058170500018e-11	5.40849929323116e-11	14.0899307582138	Non-Significant
SREBF2	-2.95454267492335	0.00313132843097853	0.0221937735782754	56	-0.71618534249501	7.71843700152895	-16.5781165281781	7.61493852581458e-55	1.76908894360275e-53	113.132652398504	LUSC
SRF	-3.01662493512337	0.00255605861479396	0.0202199165719646	36	-0.48520490030879	6.11423411426732	-15.4777837379427	1.05718488898538e-48	2.02335994839723e-47	99.2169107088098	LogFC Non-Significant
SRY	-3.02801033087199	0.00246169671547812	0.0198292577947568	84	-1.07927216568498	-5.621295329108	-10.5618926955967	8.07323164315524e-25	6.28297455287829e-24	45.0112214227434	LUSC
SS18	-1.63748337385913	0.101529510123362	0.226284725176905	28	-0.0689138082575136	6.36026663503394	-1.92379833495411	0.0546575320486722	0.065421925055015	-6.6189171536302	Non-Significant
SS18L1	0.0216926297440292	0.982693143003154	0.99043850767707	79	0.0376080719180042	4.49323029875676	0.800002156116673	0.423895574879534	0.454273751255406	-7.93379947732866	Non-Significant
SS18L2	0.204918033184759	0.837636165738058	0.907366722667289	238	0.0846562718072141	3.75511829290001	2.64304763528123	0.00834212962213758	0.0108336480999731	-4.69406811558889	Non-Significant
SSBP2	-2.95678489108173	0.00310864905235376	0.0221937735782754	59	-0.452251083520559	4.18118714619012	-7.98104431475246	3.88048083871288e-15	1.89845504900132e-14	22.6820815592369	LogFC Non-Significant
SSBP3	-0.664834737305004	0.506156201795583	0.665549864314757	44	-0.0410247478108428	5.70363303580493	-0.823533150374178	0.410397124579906	0.440849389436572	-8.05018572423981	Non-Significant
SSBP4	-0.105674765275994	0.91584040261349	0.957967980937979	76	0.121560067815675	4.83910103586367	2.77599104381013	0.0056039359284169	0.00738808014060766	-4.45155086371147	Non-Significant
ST18	1.54606954256273	0.122087773582901	0.253853236535178	175	0.300347828300729	-1.50984462676825	2.74379877229938	0.00617966330547688	0.00811882588496395	-3.95888915626689	Non-Significant
STAT2	0.949416873171302	0.342408631989104	0.506556804808176	61	0.00334590771141882	7.1388391029579	0.0876007066411387	0.930211212176046	0.937071005957332	-8.55937191849332	Non-Significant
STAT3	2.16727102137516	0.0302141947673739	0.10238141066559	41	0.246778538561219	8.28515987650266	7.62728233752953	5.47483329936943e-14	2.50079107211089e-13	19.5966803170986	Non-Significant
STAT4	2.31169409118248	0.0207945472487961	0.0790115035838421	63	0.833089322247152	1.91792496922872	12.6799406366361	2.53832697434965e-34	2.86886947707639e-33	66.6477741277699	VIPER Significant
STAT5A	1.5116717898037	0.130617378606159	0.265178480775175	43	0.386621631772677	4.83422136014401	7.44711598673313	2.02553999046428e-13	8.89665668982413e-13	18.7214285092625	Non-Significant
STAT5B	0.763411255812063	0.4452181692645	0.606065451972832	33	0.185939832742717	5.85069935132145	5.52524602634285	4.17523796109877e-08	8.65440761472678e-08	6.64126000297002	Non-Significant
STAT6	1.00623688532141	0.314301632837981	0.47598900132236	60	0.156638508336671	7.67606255866552	4.31614522418674	1.74216702229192e-05	2.85077951465545e-05	0.604669057264895	Non-Significant
STOX1	1.0977450145411	0.272315847595924	0.434600798893339	118	0.427697276545633	1.82393634208433	4.35072547657813	1.49306539511504e-05	2.45670212118889e-05	1.39266747779821	Non-Significant
STOX2	-3.06381552607987	0.00218533619723832	0.0188756242644912	31	-0.834599055205178	3.30957992894398	-10.6751771657866	2.70691277037017e-25	2.15029682134458e-24	45.8935319147281	LUSC
SUB1	-1.97652032831367	0.0480958757032976	0.136862533642485	133	-0.303382190331131	7.35984083943562	-7.9688362685137	4.25888241347445e-15	2.07930171857991e-14	22.2313348223087	Non-Significant
SUDS3	-2.07606368113395	0.0378880616599452	0.117809991118918	51	-0.21881939764729	5.99319883804848	-6.61712743734465	5.90153052857497e-11	1.71571965521073e-10	13.0242674512138	Non-Significant
SUPT16H	-1.70162045855937	0.0888265398357373	0.207939474260776	42	-0.241692069917971	7.10046259590819	-6.54172362277991	9.5991171280827e-11	2.71680113145007e-10	12.4153701190703	Non-Significant
SUPT20H	0.518738543574585	0.603943079526732	0.747982772827901	57	0.174296697032957	5.15663343021145	5.62575554063625	2.38415659164546e-08	5.07062034828269e-08	7.26363673002884	Non-Significant
SUPT20HL1	0.335815279611045	0.737010167178228	0.843357271838174	373	0.0885527958011841	-5.69312016404657	1.317244565945	0.188052093061263	0.21156142729416	-7.06739541421573	Non-Significant
SUPT20HL2	-0.357023297389908	0.721074364777406	0.832193647540384	281	0.0560635703910391	-6.13449279602537	0.917406926696181	0.359146020923683	0.389136517684317	-7.73237480426632	Non-Significant
SUPT4H1	1.6615489204151	0.0966032523505151	0.220041960745627	432	0.376605282969847	-4.89584228604322	4.52175707119193	6.85087364380341e-06	1.1611295896823e-05	2.43044107325463	Non-Significant
SUPT5H	-1.42091696463999	0.155340900494113	0.30173273278435	40	-0.0730509020084352	7.51026677802577	-1.91808534756647	0.0553787762628769	0.0662425180043475	-6.77318842403926	Non-Significant
SUPT6H	0.106194703621173	0.915427873084015	0.957967980937979	32	0.0490754975073939	7.18539391513085	1.38474972898503	0.166431420206627	0.188530908839314	-7.61063134588463	Non-Significant
TADA1	-0.723080253707377	0.469630580060501	0.630074863477892	106	-0.125194932989127	4.14103911566369	-3.43190466699156	0.000623373719248257	0.000894488229234967	-2.359346363825	Non-Significant
TADA2A	-1.89586138871724	0.0579783757446448	0.15587878682463	62	-0.208249859210415	4.22967773486223	-5.91497996246055	4.52359419780527e-09	1.04070160811805e-08	8.97952678102421	Non-Significant
TADA2B	3.2276403635079	0.00124815788241177	0.0148400683963599	54	0.483901026252491	4.92795668674226	17.3491456171418	2.7229896742328e-59	7.30230628928848e-58	123.633914505623	LogFC Non-Significant
TADA3	1.90289032151336	0.0570548581403574	0.154002954822126	145	0.144218404662022	6.26588026716047	5.4128619464155	7.72989569512168e-08	1.56257062206271e-07	5.99527254565485	Non-Significant
TAF5L	-0.552970888069639	0.580283344834823	0.72742561177172	52	-0.0303634456639101	5.21372284805765	-1.10226268898629	0.270607152570355	0.298416583269285	-7.72591017063347	Non-Significant
TAF7	0.478469464270695	0.632316102948378	0.771098743284954	132	0.112776991820506	6.77972006136917	3.56731764479494	0.000377389249703257	0.000551210729277544	-2.19106826954908	Non-Significant
TAL1	1.42797434313709	0.15329924348542	0.298818805534441	88	0.497698464033342	0.774065151112919	6.78372237008668	1.98009517294304e-11	6.11596236187557e-11	14.6123336072233	Non-Significant
TAL2	-0.910221077262456	0.362705930650665	0.526309456816497	263	-0.180328616218278	-4.43934734495652	-1.96142970097301	0.0501002633170894	0.0602230743182303	-5.71640675504858	Non-Significant
TBL1X	-2.86442181908789	0.00417771268800953	0.0249929829230044	29	-0.519048664799258	5.63645893668069	-8.97393288041564	1.34310396016871e-18	7.90107295990355e-18	30.3927712855244	LUSC
TBL1XR1	-2.8779782408602	0.00400232744307998	0.0244617331085836	51	-0.897057607288136	7.66192773205022	-21.2544104736991	2.66791955924169e-83	1.47348007106929e-81	178.513762165716	LUSC
TBL1Y	-1.54715423709775	0.121826058029877	0.253824964082615	85	-1.41847742970055	-3.89458886558438	-7.51348569317548	1.25487671384788e-13	5.59441548941021e-13	19.813462113078	VIPER Significant
TBR1	-0.176074016863667	0.860235793539399	0.922937825685166	211	0.140967595773263	-4.83240067605824	1.18413707588847	0.236634303413544	0.262894070945705	-6.97085870905982	Non-Significant
TBX1	-3.24929904989315	0.00115689784995165	0.0145272474904149	27	-1.57104867508961	2.54487027002175	-14.9324123937946	9.40174457995893e-46	1.61479039061624e-44	92.7772687039663	LUSC
TBX10	0.275814953259909	0.782690198008177	0.871264496803444	291	0.308934223581368	-4.02475958264778	2.45711028409484	0.0141713437183006	0.0180106598333466	-4.61601412976591	Non-Significant
TBX15	3.88500407071751	0.000102328173808844	0.0111506849976282	140	1.48796890948093	1.5570083440819	12.1829217381251	5.62356934525797e-32	5.80093482868678e-31	61.3117819699224	LUAD
TBX18	-2.17190245387816	0.0298630213564498	0.101832902825494	49	-2.5190869575868	0.232213143784523	-14.0430070876059	4.33121504445031e-41	6.35219932000367e-40	82.2574874334123	VIPER Significant
TBX19	-0.286568902102453	0.774442428666644	0.864434920377498	119	-0.0707619867911764	2.02619660897241	-1.30432935113128	0.192415159309607	0.216196930843108	-7.15320724846353	Non-Significant
TBX2	0.989908412672221	0.322218887169514	0.483682937013079	53	0.256738726687862	4.23271411252928	3.84253219722763	0.000129284985549086	0.00019641627048332	-0.894215130955621	Non-Significant
TBX20	-1.76924355562814	0.0768532384350192	0.188088188801494	94	-1.05281069977533	-4.42554659166996	-6.91878989687748	8.02791020107945e-12	2.59590063945777e-11	15.7255900151101	VIPER Significant
TBX21	1.02163482260572	0.30695376982474	0.469945592556076	129	0.764694809982394	0.318210247957887	8.51720459651169	5.78703237800779e-17	3.13211268786766e-16	27.1784653425991	VIPER Significant
TBX22	0.57939796164567	0.562320679180172	0.71150779814634	221	0.221122292909876	-6.00951655146388	2.79704834736607	0.00525403836846007	0.00694589202087731	-4.19286608749121	Non-Significant
TBX3	-3.5536600243531	0.000379909987714347	0.0111506849976282	75	-1.05093865496827	3.56059849296349	-15.1088262450844	1.06288613016169e-46	1.89511353306686e-45	94.8660567048484	LUSC
TBX4	2.74265099136388	0.00609454232418837	0.0329008801986528	51	0.96488111124551	2.25911490122011	10.1291779271767	4.81818616406191e-23	3.48037375922824e-22	40.8523466532018	LUAD
TBX5	1.74130748134911	0.0816296955284757	0.196256588779391	91	0.495427209953581	2.530361826606	6.70412483281783	3.34641714876856e-11	1.00580382308249e-10	13.9391628688626	Non-Significant
TBX6	-2.43803796249135	0.0147672231015958	0.0621681861437553	61	-0.46717166369546	1.71075417390524	-6.09016763203331	1.59489419286508e-09	3.86698397386344e-09	10.2398940714848	Non-Significant
TBXT	4.03395541674565	5.48457283786638e-05	0.0111506849976282	131	2.0171167830143	-4.33916696287419	12.7841821896855	8.01817211532195e-35	9.23978891404377e-34	68.0583630735584	LUAD
TCEA1	-0.794569086184891	0.426864206791981	0.58891717268806	76	-0.030077072377894	6.39610556731869	-0.822996549522349	0.410702065054399	0.441161008242134	-8.13267355992322	Non-Significant
TCF12	-1.41327793603728	0.157574018807753	0.304722535425957	39	-0.176632743125003	6.07125696699642	-5.15655380218351	3.01981593315562e-07	5.75815316240901e-07	4.69908961937236	Non-Significant
TCF15	-2.87780592836758	0.00400451412847044	0.0244617331085836	63	-1.78593328952196	-1.4370451920372	-15.9108285947939	4.33063210640026e-51	8.97963971343504e-50	105.231223087898	LUSC
TCF20	-2.98735196622447	0.00281405540832658	0.0207854056513941	55	-0.644023730137166	6.1462861695069	-15.3339814405705	6.42864174089584e-48	1.20250202309165e-46	97.4151080801342	LUSC
TCF21	2.70410173019412	0.0068489317494319	0.0355657724856286	268	1.45162624253997	0.219796981647018	13.8601756610852	3.73074576511144e-40	5.27246203527414e-39	80.1176147372144	LUAD
TCF23	0.824293294172331	0.409772927941338	0.575031145794223	235	-0.0534998302018123	-4.35922626460543	-0.52841102220127	0.597328883678411	0.624625436747439	-7.49064396807853	Non-Significant
TCF24	-2.88977223165778	0.00385521042817788	0.0243474128892202	213	-1.46787483350902	-2.02446437677382	-10.8915604357479	3.27358084249843e-26	2.69407407183429e-25	48.3662812663055	LUSC
TCF3	-2.63870317284569	0.00832238143232668	0.0419398827845822	33	-0.492551663379562	6.53698956921147	-11.9170406866189	9.47300511740365e-31	9.36536807705784e-30	58.0329401646138	LogFC Non-Significant
TCF4	-3.22045589689709	0.00127986883847102	0.0149645384390932	130	-0.724998159505811	5.91655151835358	-12.5282086297788	1.34205556083266e-33	1.47502008162757e-32	64.6217259753321	LUSC
TCF7	-0.727472746021209	0.466936405001543	0.627695062176844	68	0.300149348337416	3.64534874150215	4.5662532875165	5.56985335968811e-06	9.51203159969496e-06	2.15779215364661	Non-Significant
TCF7L1	-3.19333734101569	0.00140638545283447	0.01538751142513	67	-0.644686441982505	4.67952674061038	-8.49542890519147	6.89585459129263e-17	3.71768076564227e-16	26.6052986996867	LUSC
TCF7L2	2.85766088820336	0.00426776217580169	0.0254572635909337	38	0.444699352436517	4.83050780114327	12.0476635421684	2.37922815479968e-31	2.40092361275735e-30	59.5891775515085	LogFC Non-Significant
TCFL5	-0.598779432837992	0.549319979246159	0.699818603697161	21	-0.451808008457344	3.78250533538896	-11.1499973573697	2.51542172688901e-27	2.16392540480361e-26	50.4902948801408	Non-Significant
TEAD1	1.79118808316825	0.0732631178823215	0.181034226071533	29	0.28698756561826	6.13741929179089	6.55822388754753	8.63340983270436e-11	2.45811444101247e-10	12.6350996015065	Non-Significant
TEAD2	-0.885342854821134	0.37597174312512	0.541717032699996	45	-0.153589443683337	5.29658852285182	-2.80669545985887	0.00510044002456726	0.00675139434992669	-4.41734667974096	Non-Significant
TEAD3	-1.92136080473667	0.0546862363183845	0.151609809630643	44	-0.307537656720308	5.66650430669772	-7.60420686820328	6.48327783402918e-14	2.94580435692983e-13	19.7509152433083	Non-Significant
TEAD4	-3.2397563210448	0.00119631888706544	0.0145694550174756	19	-0.834556675608539	3.92078858221095	-16.5611506956236	9.51121030442421e-55	2.20273848309048e-53	113.294983089686	LUSC
TEF	-1.99639586274362	0.0458908507977002	0.13372169506523	75	-0.333572921633722	4.82178060722313	-5.87816976951766	5.6121644463638e-09	1.27783178756345e-08	8.70695396131447	Non-Significant
TERF2IP	0.805834786631546	0.420338117198507	0.583939715955145	42	0.199610772471985	5.76581031338738	7.01453339511139	4.19362763055756e-12	1.39835433285346e-11	15.6422808531296	Non-Significant
TESMIN	-2.95622001237597	0.00311434848369268	0.0221937735782754	76	-1.29894680823722	2.22848064662234	-13.3367526616312	1.59581973149026e-37	2.04385299963948e-36	73.9501968713035	LUSC
TET1	-1.98770190919611	0.046844667657225	0.134991816938989	37	-0.639238226900298	1.58483485022237	-8.83822750475486	4.17980251934692e-18	2.40132564111784e-17	29.6652817321025	VIPER Significant
TET2	-1.13736416168358	0.255386082677213	0.415357651158647	44	-0.287285531035758	4.93703101672652	-6.98494439440205	5.12985399494561e-12	1.69437435169871e-11	15.5362388063727	Non-Significant
TET3	-3.4512825088608	0.000557929227649686	0.0116481959160332	236	-0.957902655745387	5.59844036924535	-18.8989224723419	1.51310902820349e-68	5.35873243260126e-67	144.823701506927	LUSC
TFAP2A	-3.34681537581672	0.000817456343983947	0.0133653137298839	43	-2.18963536717668	3.98319121772265	-21.8348687094534	4.83238102874641e-87	2.98207588157127e-85	187.444946819751	LUSC
TFAP2B	-3.20864833513505	0.00133360497152132	0.0153700731926051	53	-2.33594113427771	-3.22663652300309	-12.9262630883491	1.6490860659351e-35	1.95258493007223e-34	69.6270800929553	LUSC
TFAP2C	-3.58454920381554	0.000337660906605751	0.0111506849976282	49	-0.985251087514703	4.58389234635374	-13.4248360608086	5.82184207815913e-38	7.58051290926298e-37	74.7481832357851	LUSC
TFAP2D	2.26591615703618	0.0234565171756747	0.0857000609668399	106	2.01163555542809	-4.08349085421366	10.6963647184394	2.20432166277786e-25	1.75715926832863e-24	46.5189851718016	VIPER Significant
TFAP2E	1.6863811849471	0.091722403025712	0.212530052763994	101	0.276847996987535	0.734229431506786	3.39437288243744	0.000714300933306139	0.00101952064472053	-2.15393781987716	Non-Significant
TFAP4	-3.08279546746749	0.00205066044563335	0.0182419620511558	58	-0.489246078631344	4.18305684645171	-12.3663335056338	7.80554842511143e-33	8.3099306029935e-32	63.0476612616265	LogFC Non-Significant
TFCP2	-2.58427049408784	0.00975852273258661	0.0474435790038094	33	-0.357881431843315	5.56655686242474	-12.6702397956778	2.82470469606826e-34	3.18708422200965e-33	66.208585291295	LogFC Non-Significant
TFCP2L1	3.43120851402981	0.000600898523522596	0.0118046470220866	60	1.17345743701447	4.91571599520472	11.9595112779231	6.05227875046356e-31	6.03066346921191e-30	58.6530145097055	LUAD
TFDP1	-1.87249178963083	0.0611385967339685	0.161339808795596	43	-0.665049053838278	6.58811281530441	-15.0125817748724	3.49823325249647e-46	6.10541872235265e-45	93.3857345516515	VIPER Significant
TFDP2	-3.05367665206387	0.00226055587322475	0.0190966101322193	56	-0.52049234663568	5.64498785167317	-11.0603808338827	6.15645206743201e-27	5.22134261468934e-26	49.4140593158636	LUSC
TFDP3	-0.164073006284915	0.86967367167769	0.927228938120143	211	0.234222487653789	-5.86427587064115	2.82633261481019	0.00480027498796393	0.00637209483804798	-4.03843831162967	Non-Significant
TFE3	-0.302175053187368	0.762518620531894	0.859744462577629	30	0.00878533967877499	6.19665981367846	0.30615666950462	0.75954775678263	0.780011760937203	-8.40053604016261	Non-Significant
TFEB	2.81667901831345	0.00485229927879127	0.0274593565947372	58	0.43818338762882	4.26919495179855	9.4467080504965	2.30156714862941e-20	1.47291870494938e-19	34.5584128561121	LogFC Non-Significant
TFEC	1.6165265731741	0.105980512860644	0.231168581357012	288	0.709774550041824	2.68476150227378	8.29758628073349	3.33230417881479e-16	1.73011393005789e-15	25.2462423195297	VIPER Significant
TGIF1	-1.98707737885125	0.0469138226194428	0.135000957917553	57	-0.224913974409989	6.48722635425847	-5.79450519246361	9.12123738514362e-09	2.0277112602384e-08	8.04474888347452	Non-Significant
TGIF2	-2.35159145186941	0.0186932938461347	0.0731290233445347	16	-0.686816516507854	5.18821427097923	-14.573283395227	7.56073904786229e-44	1.22195278595951e-42	88.178862433107	VIPER Significant
TGIF2LX	-1.34267538554824	0.179377108325747	0.330308093083334	156	-0.442531883788091	-5.65073124783537	-3.90448198744728	0.000100625818379688	0.000154307808656097	-0.350908341608529	Non-Significant
TGIF2LY	-2.14369967204978	0.0320569585033206	0.106147548229937	234	-0.141958066593592	-6.27054447619377	-1.97081879190366	0.0490143078507562	0.0589809309030452	-6.28151398311364	Non-Significant
THAP1	-0.365454346564447	0.714772279655723	0.82950883957777	110	0.0351653478308952	3.08002687365666	1.06502834463873	0.287114813296225	0.315473273731252	-7.53998687441721	Non-Significant
THAP11	-2.58327559561576	0.00978671106087059	0.0474435790038094	52	-0.317437822905666	4.5734608490455	-12.6119772806793	5.36123553423698e-34	5.97304357129923e-33	65.6721476038926	LogFC Non-Significant
THAP7	-2.19057688720894	0.0284824252245623	0.0988981274528953	132	-0.364039434086234	4.79840726352466	-9.00992751565271	9.91485368741663e-19	5.87799291781832e-18	30.7829691461799	Non-Significant
THRA	1.91203886977702	0.0558712086388429	0.153043517419899	50	0.257402751228662	5.03245688410207	5.8303589948345	7.41295694648498e-09	1.66401614434788e-08	8.41318952536426	Non-Significant
THRAP3	0.427890164345463	0.66873108829225	0.800281641968315	45	0.0559751624805362	7.26085796096171	2.20420086923472	0.0277326482709354	0.0342683569084248	-6.15365012415756	Non-Significant
THRB	0.393627141444241	0.693856339732339	0.817288469252946	61	-0.243698079009215	2.98550003277803	-2.80322347932268	0.00515524531336832	0.00682090088472758	-4.18313318080669	Non-Significant
TLX1	-1.81774226660141	0.0691035343875509	0.174120481966661	74	-2.3388673995497	-3.46744750289097	-12.8973767047898	2.27676722565753e-35	2.67923655285446e-34	69.3104659119802	VIPER Significant
TLX2	-3.24160931498765	0.00118856840223073	0.0145694550174756	84	-1.92929788589313	-2.42370113375603	-14.9746311343823	5.58830711241931e-46	9.69341292381034e-45	93.5559211976269	LUSC
TLX3	-2.30383660042674	0.0212318177160853	0.0798534908954238	34	-2.98009100179037	-4.33606917980133	-19.1734553190575	3.16251062122731e-70	1.16877188238604e-68	149.099742005229	VIPER Significant
TNF	0.740717787515383	0.458864571936931	0.620103642128772	101	0.0695576421173959	0.338932838257962	0.697198309021588	0.485837358705973	0.515872866435933	-7.60112939906743	Non-Significant
TNIP1	2.19564961870905	0.0281170318283932	0.0981202227720506	96	0.334219476399377	7.19091460072385	10.4721361056603	1.90646976454592e-24	1.46093847450252e-23	43.5459577935637	Non-Significant
TNIP2	0.0440910484782418	0.964831828126774	0.980648743341967	77	0.0323910574932956	5.34529878398022	1.0001193405909	0.317489639754293	0.346605250696764	-7.84809211753146	Non-Significant
TNIP3	0.309598943297694	0.756865959963505	0.856497651595869	125	-0.264031868762545	1.08852590040303	-2.36564740087178	0.0181845600157279	0.0228685609576692	-5.12371362166098	Non-Significant
TOX	2.49328354605488	0.0126567728027354	0.0562951242486883	49	0.960438600940259	2.79325487936233	11.0310851850163	8.23908627671908e-27	6.95192645416137e-26	49.403006690285	VIPER Significant
TOX2	-1.56579713613783	0.117396116913043	0.248389302175891	56	-0.27920173001588	2.63287506735908	-3.6956814801175	0.000230944695199567	0.000343280400240738	-1.27859051011361	Non-Significant
TOX3	3.73762500070322	0.00018576673901393	0.0111506849976282	194	4.42243920949239	1.62267458609316	25.6975460233637	9.97231365535418e-113	1.32282295445699e-110	246.561426305043	LUAD
TOX4	0.420004843914499	0.674481915097787	0.804189975693515	53	0.00593497980348398	6.29144119024883	0.213461304265861	0.831009769809846	0.846275684868301	-8.43599279140125	Non-Significant
TP53	-2.48525898281176	0.0129457215703672	0.0566829413335169	35	-0.051325183369754	5.87769539718052	-0.783614118893648	0.433448244202555	0.463866897320822	-8.1025655950206	Non-Significant
TP53BP1	-0.199000733353985	0.842262170933303	0.909856600701973	34	-0.0827506905248983	5.30305428850648	-1.95683946746514	0.0506384846449435	0.0608478895785154	-6.43154971114525	Non-Significant
TP53INP1	2.73042143853741	0.00632534070491709	0.0335961339462268	107	0.525694515031667	5.9025635095538	9.67919099426289	2.92668038879301e-21	1.96036784789001e-20	36.4265519071495	LUAD
TP53INP2	0.619894581348734	0.535327193464329	0.689288507129022	45	0.0858482767510518	5.47616049339418	1.56584895729052	0.117693740260917	0.135751444091563	-7.13809154248841	Non-Significant
TP63	-3.96577406446483	7.31581370302798e-05	0.0111506849976282	831	-6.09998371666046	5.14685037978778	-42.2170724127072	3.47167564269272e-226	1.58700975706385e-222	507.341623595994	LUSC
TP73	-3.24744738919334	0.00116445190050247	0.0145272474904149	62	-1.77506550326938	3.03167848889386	-19.7755796260086	5.98213643439926e-74	2.50352409779609e-72	157.435660157952	LUSC
TPRX1	0.0816826616970884	0.934899066241905	0.967528320450652	335	0.146121489511565	-6.33981747315167	3.14609372517038	0.00170253629502276	0.00235097649419828	-3.32543269073305	Non-Significant
TRERF1	-1.88730090988479	0.0591198641436539	0.157454102114719	30	-0.476060523177527	4.14683832120061	-8.57838299690665	3.52928687257694e-17	1.92948418561757e-16	27.3209168388013	Non-Significant
TRIM27	2.08129238008748	0.0374071522031409	0.116847379248284	52	0.415695588881985	6.28529062764199	14.2939086243598	2.1877701812453e-42	3.35084068455836e-41	84.7141839385446	Non-Significant
TRIM28	-2.56891660370896	0.0102017005315594	0.0486542640735912	61	-0.566113073682607	8.34297338181201	-15.2377303156847	2.13957341514468e-47	3.92312339838948e-46	95.9607546973405	LUSC
TRIM45	-2.87735269226346	0.00401027097908544	0.0244617331085836	142	-0.627288959521269	2.77879636005879	-9.953331091295	2.44118994167826e-22	1.70573303543931e-21	39.1994944851005	LUSC
TRIM56	2.12177700672014	0.0338564683872176	0.10995291161944	47	0.298230971909859	6.26282865187607	6.2489906733319	6.05639116136216e-10	1.54349926042658e-09	10.715676967547	Non-Significant
TRIP4	-0.942889722479584	0.345737312347441	0.50904880469175	64	-0.00651679273194567	4.73654365633531	-0.244591178055603	0.806822123937655	0.8239735067751	-8.25034380208221	Non-Significant
TRO	-3.10285678860853	0.00191662363530474	0.0176723542967676	145	-1.04171057273071	2.67765822369312	-12.8402701084064	4.30115514755922e-35	4.99618348229089e-34	68.3502527634815	LUSC
TRPS1	-2.92439497777589	0.00345126517184999	0.0232286443584664	42	-0.882680343299217	4.20757417934961	-13.2356624458338	5.04788847990966e-37	6.34477302655651e-36	72.6353278735537	LUSC
TRRAP	-0.703547594649848	0.481714556936683	0.641988693589765	38	0.0627555429885023	6.48663320020663	1.34924875919569	0.177556097665548	0.20046786769204	-7.57245459658593	Non-Significant
TSHZ1	0.813181320385222	0.416114107545424	0.580347282916112	27	0.0890470049840507	4.62115584257351	1.80558214484903	0.0712779802457298	0.084196396908366	-6.63966118942718	Non-Significant
TSHZ2	-3.63341992464616	0.000279689273955296	0.0111506849976282	54	-1.03764414775004	3.07290969629836	-12.9392881344962	1.42564046391562e-35	1.69307625597749e-34	69.4145879356825	LUSC
TSHZ3	-2.19517821132467	0.0281508166017565	0.0981202227720506	106	-0.692934733765677	3.06718102148367	-9.60722586910832	5.56567802009838e-21	3.66727517130931e-20	36.0782718232069	VIPER Significant
TWIST1	-2.546775560241	0.0108723334366141	0.0505563504802554	70	-2.07634341493429	1.32752722406845	-17.7618460569331	1.02369099117186e-61	2.97918141686435e-60	129.463370553357	VIPER Significant
TWIST2	-1.52824765258398	0.12645106149717	0.260018966656493	73	-0.736097274072241	1.09810477452442	-8.82383040725284	4.710815994176e-18	2.69804994300209e-17	29.589005039683	VIPER Significant
UBP1	-0.0764250388886981	0.939080949704471	0.968915594097503	49	-0.137517039806672	6.21923172853664	-4.87480440057231	1.2621886321874e-06	2.28029682753695e-06	3.30178253857937	Non-Significant
UBTF	-1.91594540894242	0.0553720447266071	0.152568436312684	22	-0.170348180485692	6.95230266670971	-6.42753120456003	1.98667071272653e-10	5.38677193252723e-10	11.7220336881798	Non-Significant
UBTFL1	-3.05476538841759	0.00225236640445372	0.0190966101322193	213	-0.024880933839402	-6.35109676103717	-0.497650349250985	0.618837631612395	0.645458858709453	-8.13323446273302	LogFC Non-Significant
UBTFL6	-0.206091684744277	0.836719293966728	0.907366722667289	341	0.190277719268825	-5.21938129324833	2.3366069612734	0.0196522142136384	0.0246370933078896	-5.03164181619335	Non-Significant
URI1	-2.40111928825116	0.0163450072645024	0.0667699489554629	25	-0.529932663995055	6.33450139654245	-13.4763344248966	3.22185624020362e-38	4.22008487517259e-37	75.1559375268316	VIPER Significant
USF1	1.17412806165599	0.240343735035755	0.398172697881096	112	0.196090475175022	5.94256217634941	6.46269729928077	1.58988378774949e-10	4.36487220985812e-10	12.0602889826365	Non-Significant
USF2	-1.86835125992849	0.0617131260346117	0.161878276752328	68	-0.327876072837756	6.7893821751724	-10.469152219042	1.9615210521345e-24	1.50273389460567e-23	43.5659476154301	Non-Significant
UTP15	-0.826171598548685	0.408706756917933	0.573928637374118	63	-0.139063464038183	3.99523525831631	-4.73131337880749	2.54435696437594e-06	4.47003787979568e-06	2.87356353321293	Non-Significant
UXT	-0.388731274568029	0.697474944649608	0.819192730627495	278	-0.0755306071997044	4.94794122608686	-2.07617770199217	0.0381271931911762	0.046404340012125	-6.15203901943307	Non-Significant
VAX1	-2.72044984880815	0.0065193160097058	0.034113863314215	40	-3.47364872232509	-3.58793297177238	-20.0539316524624	1.09257594771476e-75	4.80240464828735e-74	161.61579539128	LUSC
VAX2	-2.67410920337244	0.00749280481268777	0.0382301213136139	46	-0.857690946342016	-0.080629470473407	-8.18917684323771	7.79547877378718e-16	3.96696281118214e-15	24.646394477834	LUSC
VDR	2.93051661374664	0.00338398898053758	0.0231559914855515	123	0.620298376493319	5.31634436219189	9.86672614903252	5.38306714475644e-22	3.71630496295819e-21	38.1675973375085	LUAD
VENTX	2.58404875067553	0.0097647990856853	0.0474435790038094	103	0.869579360818862	-0.287039778864876	10.6870883588633	2.41182244457717e-25	1.91973442825994e-24	46.3004331495591	LUAD
VEZF1	1.27013801567145	0.204035472216244	0.356495795178851	52	0.19422115571317	5.94516234966593	5.74198043325632	1.23340296170995e-08	2.70280754473017e-08	7.81509110532066	Non-Significant
VGLL1	-1.43877715522168	0.150213670926999	0.294102555709704	183	-0.801088982390468	-0.119644790342973	-4.72780112904215	2.5877921064687e-06	4.54312323518804e-06	3.24397754398886	VIPER Significant
VGLL2	-1.01145551544584	0.31179846196175	0.472898186192543	282	0.155191111310579	-5.66487068420545	1.50727063178443	0.13205053011727	0.151443866940946	-6.78661456978805	Non-Significant
VGLL3	1.62155122595402	0.104899473200067	0.230203435748074	65	0.674859206500129	3.60652648232821	7.64558823461402	4.78616086016643e-14	2.19330028868839e-13	20.2657640422618	VIPER Significant
VGLL4	-1.29157513486217	0.196504319669727	0.346892008666318	40	-0.280750497642239	5.24629346066134	-6.43408065962146	1.90607522492212e-10	5.18242816449864e-10	11.9614716985729	Non-Significant
VRTN	-0.0614239463166789	0.951021581960295	0.974174590542194	478	-0.160102432219919	-5.29495510479008	-1.60119348513129	0.109643301116456	0.1269067342276	-6.49544348006805	Non-Significant
VSX1	4.01849009127733	5.8572271852713e-05	0.0111506849976282	141	1.8944014782808	-3.56141239215605	14.2762080362586	2.70378073739217e-42	4.12099455965644e-41	85.1442949229948	LUAD
VSX2	-2.42271773725082	0.0154048909480722	0.0640618026011294	302	-0.226112332632935	-5.22632217784935	-2.34067067546574	0.0194407978928232	0.0243843959639672	-5.02415187528556	Non-Significant
WBP2	0.9087827523877	0.363464812576559	0.527036857924621	101	0.232184995957135	7.11729013819416	8.07168573547603	1.93732442569867e-15	9.65202704946302e-15	23.0379196819674	Non-Significant
WBP2NL	1.65385127793263	0.0981577341845168	0.221689842052059	124	0.612360041609819	-0.30512840569202	8.17054852437723	9.01262417197226e-16	4.5734200039945e-15	24.5200013758661	VIPER Significant
WDR75	-3.12701319699387	0.00176592000309826	0.0167271866960141	192	-0.520211807468874	5.63297942356613	-17.0813475028368	9.81983863857655e-58	2.5131935864543e-56	119.993100680086	LUSC
WIZ	-2.95753909817928	0.00310105418785419	0.0221937735782754	69	-0.617408562005709	5.83783592856172	-16.1539131391804	1.90159377645139e-52	4.10483157839364e-51	107.838214395937	LUSC
WT1	-1.57190475431782	0.115972641794669	0.24623952780148	68	-1.56489978091083	-0.697273873886339	-11.2687422562852	7.61800473673853e-28	6.70490473178556e-27	52.0311079060708	VIPER Significant
WTIP	3.14779731110424	0.00164505718402156	0.0161042440120006	52	0.685510010696814	3.32024271118865	9.21326401016108	1.75150254855948e-19	1.07471907024517e-18	32.6432021474932	LUAD
WWC1	3.76157420777135	0.00016884730979165	0.0111506849976282	65	1.02062816114669	5.2862198084137	20.8202783418655	1.58351948321125e-80	8.06373713185903e-79	172.374333697397	LUAD
WWC2	3.30741110560972	0.000941625920822739	0.013906466143899	63	1.02353607430287	4.23466327226122	17.558884628565	1.60868679078076e-60	4.50515692345563e-59	126.514321431087	LUAD
WWC3	2.78503962675135	0.00535211818008664	0.0292011567905527	30	0.426122671940732	5.98694569686998	8.75120004261982	8.59105207729948e-18	4.85627748309404e-17	28.5195873513618	LogFC Non-Significant
WWP2	2.06500495194854	0.0389225317515139	0.119752631524207	81	0.376543268577336	6.00836254552963	11.3676891373147	2.79487068973848e-28	2.50174394455624e-27	52.4438169246241	Non-Significant
WWTR1	-1.24006265820886	0.214952219371942	0.370819764616352	36	-0.214679388854378	6.42781705023823	-4.35428334906885	1.46945943513191e-05	2.41959396668377e-05	0.922878973797086	Non-Significant
XBP1	3.43472243678745	0.000593161040021233	0.0118046470220866	57	0.858075073711235	8.35548005153508	16.6430453855048	3.24768041360768e-55	7.65568837522664e-54	113.904259572532	LUAD
YAF2	-1.18166552507721	0.237338442701913	0.394609133359903	63	-0.0833538443432571	3.89049199804244	-2.53296827362654	0.0114588547227445	0.0146911753453689	-4.99116973019916	Non-Significant
YAP1	1.57132995611336	0.116106026455744	0.24623952780148	45	0.161476666535655	6.77945546007399	3.57364656041933	0.000368490182774209	0.00053855699790273	-2.16870400004188	Non-Significant
YEATS2	-3.49519754126137	0.000473711012318027	0.0111506849976282	280	-1.41719693359146	6.10894853752066	-28.1328502094042	2.12863626550048e-129	4.86532566730374e-127	284.66825998036	LUSC
YEATS4	-2.37496563536208	0.0175505840836809	0.0700664570749292	204	-0.61030629587917	4.28000736445263	-12.3156496111962	1.3499852443744e-32	1.42471271741142e-31	62.4940354251834	VIPER Significant
YY1	-1.58694880743016	0.112524239453409	0.242086849549606	47	-0.182503001553778	7.00051559290441	-7.69111307375038	3.42193464961846e-14	1.58056358171053e-13	20.223193956816	Non-Significant
YY1AP1	-0.475688921679983	0.634296014564766	0.771098743284954	44	-0.0312506704068547	5.49579568549108	-1.00809619718908	0.313647046589515	0.342712468745751	-7.85725446117174	Non-Significant
YY2	-1.31060196993618	0.189992273346212	0.34096825781049	26	-0.0859732154090461	-0.498364085644189	-1.64868147415218	0.0995204396670896	0.115753104213332	-6.41731932155424	Non-Significant
ZBED1	-0.79664460321073	0.425657465297148	0.588442685133759	33	-0.0119359297104796	5.31765924027492	-0.293638359382672	0.769093917012106	0.789050207276404	-8.30191497537004	Non-Significant
ZBED2	0.168041837304173	0.866550365624559	0.926132744514778	113	-0.642453085364086	1.79070929161088	-6.15189848627432	1.09753939040065e-09	2.7117692230725e-09	10.596939002224	VIPER Significant
ZBED3	2.41398363546562	0.0157791710395549	0.0649466982030883	42	0.538084293541591	3.12790030709482	9.54633088105418	9.55865202078656e-21	6.22716524489458e-20	35.5375354842728	VIPER Significant
ZBED6	0.851283965347877	0.394611629912846	0.560460126668908	57	0.411392057021161	-2.91256210894361	4.61554205413596	4.41929669360747e-06	7.61387947151629e-06	2.88799675155573	Non-Significant
ZBTB1	0.287800820305872	0.773499209409679	0.864389741125029	37	0.119744980011385	5.04084190689548	4.20669378109857	2.81898051318229e-05	4.52949993123926e-05	0.461827923279241	Non-Significant
ZBTB10	3.17420797746775	0.00150245991751159	0.0158455308826223	72	0.904317952834963	4.80131568558426	14.7313073500878	1.10618380479275e-44	1.8336732208485e-43	90.1301365483607	LUAD
ZBTB11	-2.56390246341717	0.0103502625956431	0.0487770737248618	34	-0.302169395378578	5.0360469275407	-10.3900268813511	4.16308525650005e-24	3.14837958180235e-23	43.0151264599485	Non-Significant
ZBTB12	-0.0123766282480867	0.990125131513616	0.994499763906165	29	-0.075291320063762	2.36130758671394	-1.25819300799574	0.208609514738539	0.233263794685718	-7.24479039272823	Non-Significant
ZBTB14	-2.05033888108931	0.0403313729113241	0.121601342363624	58	-0.0531777794942104	3.59157889494172	-1.96265946948046	0.0499568869483766	0.0600628777349109	-6.2361087390309	Non-Significant
ZBTB16	2.81817492402414	0.00482974896335317	0.0274593565947372	59	1.93202251991763	2.06375112854913	13.9930777033915	7.81291939748886e-41	1.13298770384229e-39	81.5426482184403	LUAD
ZBTB17	-0.920813411172287	0.357147851889447	0.521216768800455	95	-0.0629693021726947	4.72300093092201	-1.71560947033249	0.0865368233669246	0.101346467536926	-6.80873283288542	Non-Significant
ZBTB18	3.71780215971625	0.000200963550619936	0.0111506849976282	78	1.03671022896294	4.9061209147461	16.4720107270697	3.05275754293754e-54	6.96950528252591e-53	112.046490885439	LUAD
ZBTB2	-2.09079692236119	0.0365462721216076	0.115036419632014	42	-0.148643015508419	4.39121725406729	-5.76578852044035	1.07605305879663e-08	2.37349139355309e-08	8.11927583402878	Non-Significant
ZBTB20	1.49310962107164	0.13540849451122	0.272682854104287	145	0.92693676013331	0.956025368812909	13.5314257013319	1.70795614069949e-38	2.26256597354767e-37	76.2673626250781	VIPER Significant
ZBTB21	0.445709436453231	0.655807147291596	0.788355712901648	26	0.0689309061753109	4.39630675365348	1.85893342064428	0.0633240347264541	0.075219520911651	-6.51794689439984	Non-Significant
ZBTB22	1.21961146936549	0.222612196451918	0.378292818887561	37	0.113543403877269	4.70057293961518	3.61699490014221	0.000312621490384158	0.000459423248159141	-1.77433514726309	Non-Significant
ZBTB24	-2.2743077682621	0.022947488427488	0.0847483056365351	44	-0.242367858497235	3.88389249420054	-7.42498610864221	2.37421785339075e-13	1.03683601097481e-12	18.6633047524157	Non-Significant
ZBTB25	0.966496888199327	0.333795603286558	0.497411365130589	66	0.245153125893878	3.86894099843339	6.76118344408693	2.29855872521947e-11	7.0414170505499e-11	14.1770500019832	Non-Significant
ZBTB26	-2.26988651636309	0.0232144694276799	0.0849674498193794	70	-0.146360987159987	3.22134814864011	-3.55031104832163	0.000402308928018862	0.000586153100553518	-1.85664793487129	Non-Significant
ZBTB3	0.0276039654867431	0.977978018870901	0.988778094811911	22	0.093608000801707	2.2945032653767	2.6443891790777	0.00830936301162057	0.0107936898225442	-4.54488107740747	Non-Significant
ZBTB32	0.170277188491585	0.864792150217682	0.926132744514778	166	-0.285089163465352	-0.00318328963681134	-4.00117092326566	6.75798839428978e-05	0.000105196054249275	0.123581595065005	Non-Significant
ZBTB33	-2.31446981624162	0.0206419650809848	0.0786470401409587	63	-0.337525537159309	5.38965227313954	-9.56750477771659	7.92254319241301e-21	5.18231121954351e-20	35.4972192788136	Non-Significant
ZBTB34	-0.477318748751765	0.633135162205714	0.771098743284954	40	-0.0111554712216936	3.8675915609951	-0.289043974792494	0.772606382678064	0.79228450766008	-8.14563755622687	Non-Significant
ZBTB37	2.16761475800758	0.0301880099412808	0.10238141066559	278	0.439291220761896	3.95458043380275	9.07608053244589	5.66074043235169e-19	3.38874606299349e-18	31.422473808476	Non-Significant
ZBTB38	-1.59670122306979	0.11033232290216	0.238661709622247	20	-0.256613749995914	6.54818436087439	-5.97125618867394	3.24576146574969e-09	7.58437663672171e-09	9.04369991521281	Non-Significant
ZBTB39	-1.9065953728707	0.0565730047526838	0.153043517419899	53	-0.45410726223527	3.76545018791363	-10.2166507361324	2.13136996632785e-23	1.55871182610098e-22	41.5233488946494	Non-Significant
ZBTB4	1.98253741316378	0.0474191243339446	0.136263382566363	51	0.334699474427707	6.54134203760357	9.11174209907339	4.17872139453181e-19	2.51803768315597e-18	31.4436997424292	Non-Significant
ZBTB40	1.53782000429327	0.124092630996778	0.256458104060009	133	0.131567725002672	4.98382125001332	3.22204577626767	0.00131302799747322	0.00183145909648728	-3.14100989964608	Non-Significant
ZBTB41	0.944874821905992	0.344722787107345	0.508718875234444	86	0.229912139886539	5.21031029918486	5.84922921080402	6.64344868043272e-09	1.49926033772102e-08	8.50032444192848	Non-Significant
ZBTB42	2.88955853109236	0.00385783180965816	0.0243474128892202	92	0.70149511134369	4.20051915800382	13.8592392756677	3.77193413688166e-40	5.32813715123523e-39	79.7976179120333	LUAD
ZBTB43	-0.0135742680343208	0.989169633714144	0.994499763906165	41	-0.00110602382095407	4.30955809842564	-0.0275509083018817	0.978025718384908	0.980318687870394	-8.2336910548627	Non-Significant
ZBTB45	-0.190148095434641	0.84919308281233	0.915410457025304	18	-0.0715150066774905	3.91895776709018	-1.93367498524615	0.0534291510387165	0.0640406244206899	-6.3262236810575	Non-Significant
ZBTB46	3.08650100864432	0.00202527259504117	0.0181741567081326	77	0.721329052043871	2.3233562558689	11.8872732396506	1.29584751038799e-30	1.274128557244e-29	58.1344012449642	LUAD
ZBTB47	1.07839762535091	0.280856346292986	0.44304709677367	75	0.263564586505607	3.48654328222636	5.88735042694983	5.31891126862532e-09	1.21413128970038e-08	8.89726407609581	Non-Significant
ZBTB48	0.127704230713557	0.898383041884807	0.946007052854511	58	0.0765296167236453	4.41424061538615	2.09241142890406	0.0366480932360427	0.0446800885593777	-6.06021737656929	Non-Significant
ZBTB49	0.45931210033343	0.646010059614409	0.77932581484144	37	0.16279159745426	2.19156269036552	4.93317166581561	9.44027870026398e-07	1.72474388145414e-06	4.00513336318916	Non-Significant
ZBTB5	-1.94495399709003	0.0517805152692417	0.144730784482061	48	-0.543288374693705	4.57422580272289	-13.7910929779889	8.37546171365944e-40	1.16837690905549e-38	78.9689633005954	VIPER Significant
ZBTB6	-0.622771601626635	0.533434622575968	0.687717226080927	70	-0.0570976327186072	3.85252271662544	-1.5756916013194	0.115406568931532	0.133232305771508	-6.94568280133582	Non-Significant
ZBTB7A	-1.62336363154837	0.10451169438368	0.230203435748074	73	-0.0441728634099858	5.66962633643538	-1.22557675152462	0.220640518737706	0.246059758959323	-7.63457404412172	Non-Significant
ZBTB7B	1.33468990992623	0.181977857325896	0.332434550079271	57	0.358488165611413	6.19110276941521	9.04499717089354	7.36935837766112e-19	4.39256630199867e-18	30.9235039702378	Non-Significant
ZBTB7C	-3.08945095728793	0.00200526810107077	0.0180739142501797	82	-1.58985693951919	3.86262727639023	-13.6079662701246	7.05108274186134e-39	9.52761923830363e-38	76.9150115449736	LUSC
ZBTB8A	1.99588530655879	0.0459464084217285	0.13372169506523	42	0.472157048171805	2.73579744828338	12.5443583871509	1.12484176665342e-33	1.23834701124329e-32	65.1017488185838	Non-Significant
ZBTB8B	0.45468189926626	0.649338104818774	0.782149428193799	133	0.245729844009794	-2.71144034889216	1.80275440883933	0.0717214730956835	0.0847000652144668	-6.02730388574646	Non-Significant
ZBTB9	-0.550496476707116	0.581978892807277	0.727765165347552	28	-0.0624837474725307	3.89005040574188	-1.83553371759231	0.0667172644111624	0.0790416234158439	-6.50756821537519	Non-Significant
ZEB1	0.490180249227471	0.624006355655093	0.765417867907866	79	0.266692253980433	4.18239084859737	4.86577084812365	1.31986133628461e-06	2.38042722227119e-06	3.48526136542521	Non-Significant
ZEB2	1.65599081122306	0.0977236796669392	0.221665907537203	226	0.530199867672329	4.99355388403117	8.47865000048187	7.89111818878966e-17	4.24039678637493e-16	26.4391648113527	VIPER Significant
ZFAT	-1.52764836991828	0.126599865420362	0.260063578965925	26	-0.105830907067094	3.71232700906985	-2.4214940862399	0.0156302025101787	0.0197788860051188	-5.24729313705904	Non-Significant
ZFHX2	2.95870564165385	0.00308934041321228	0.0221937735782754	87	1.1162430912456	1.47598096814206	14.3426245673694	1.22037771628327e-42	1.88568347752382e-41	85.7232932625918	LUAD
ZFHX3	1.9016045968024	0.0572228665348779	0.15425294457228	45	0.339124222388509	5.26604791074433	6.6938497891837	3.57953587483189e-11	1.07045631256861e-10	13.5960102463932	Non-Significant
ZFHX4	-1.59110059969685	0.111586937599323	0.240830036211196	39	-0.865661787420055	1.02618072982823	-6.81962985348805	1.55994910145516e-11	4.8729549648957e-11	14.8237594470194	VIPER Significant
ZFP1	-0.630565586580354	0.528324606126628	0.682850375322224	51	-0.091263522239871	3.27889835355709	-2.55400824404465	0.010793299889565	0.0138710977819938	-4.87542667714217	Non-Significant
ZFP14	-0.391872544119786	0.695152390416353	0.818343953274948	34	0.102215610377789	3.10427261985463	2.17613422578098	0.0297738207871211	0.0366602197894133	-5.74678072757016	Non-Significant
ZFP2	3.48293469335632	0.000495949332739086	0.0111506849976282	59	1.0495689532191	-0.543424823565246	15.4049771438659	2.64017952650453e-48	4.98722023908407e-47	98.8197426633941	LUAD
ZFP28	1.12739920253493	0.259573736090534	0.421164047613983	22	0.505246244097393	2.31149749515009	6.46880546251232	1.52936561042884e-10	4.20981102093449e-10	12.4730365813302	VIPER Significant
ZFP3	1.042947343765	0.296972680883008	0.461872706792225	36	0.358695628473309	2.70726858642943	5.18097902391019	2.6587645066794e-07	5.09734485074157e-07	5.17831539303876	Non-Significant
ZFP30	-0.613560653176435	0.539505691008084	0.692489738897452	18	-0.000773316668333958	3.22396640561765	-0.0134628841163633	0.989261126332426	0.990194218634638	-8.12127543660496	Non-Significant
ZFP37	-0.144453595224625	0.885142297686221	0.937856624063184	28	-0.337031161211356	1.15827583588948	-4.42507267258802	1.06761852692531e-05	1.77887529298465e-05	1.77490074869479	Non-Significant
ZFP41	-1.97338973834394	0.0484511758423682	0.137491131447275	14	-0.0252488931069396	3.29551481161132	-0.52132439639864	0.602253824940532	0.629465300480864	-7.99272023820282	Non-Significant
ZFP42	1.16514999711426	0.243958281842766	0.401741718485314	229	0.292702370287423	-3.54717694134866	1.4564661073589	0.145571147880886	0.166116646602481	-6.56518369077008	Non-Significant
ZFP57	2.94729936019286	0.00320562704425365	0.0226162514915275	96	1.06387201093408	-1.96674622571647	6.26700662745725	5.41889568587684e-10	1.38943225579067e-09	11.5664792961265	LUAD
ZFP62	0.831756591751568	0.405546350221379	0.571142442936545	50	0.215975715632994	4.36030892135252	5.12116625388124	3.62819042674622e-07	6.87320600861485e-07	4.71184719035966	Non-Significant
ZFP64	-3.53623661829634	0.000405870987496076	0.0111506849976282	83	-0.948585479236151	4.76911469011107	-27.379804166347	3.2287885973929e-124	6.20961876949086e-122	272.843340238552	LUSC
ZFP69	0.31248261424928	0.754673773853193	0.854962647454946	31	0.047136084118258	2.38675951376559	1.14075567425828	0.254239023924188	0.28136883763977	-7.38793575636313	Non-Significant
ZFP69B	-1.21821824154597	0.223141049436125	0.378562675909049	39	-0.299054135992784	1.3059023608564	-5.47698810111009	5.44677096590517e-08	1.11669515694075e-07	6.84435791419702	Non-Significant
ZFP82	1.02848514469086	0.303721675152322	0.46793264108558	28	0.533107495027723	2.12804810611357	6.55884742825673	8.59884626725487e-11	2.44932961282728e-10	13.05316330923	VIPER Significant
ZFP90	1.12232905490431	0.261722556861697	0.423642683021386	50	0.0708422974409918	4.53571866557437	2.04726235222716	0.040887766156019	0.0496118030780518	-6.16637461773335	Non-Significant
ZFP91	-1.82752035926961	0.067621567938758	0.172299114297103	66	-0.24289891722892	6.28744130934941	-8.88943959540683	2.72788558239085e-18	1.58449864631747e-17	29.6186235673599	Non-Significant
ZFP92	-0.68711309721226	0.49201146145049	0.651978918476491	54	0.0238356181550031	1.27889790135575	0.317187933589582	0.751165831209718	0.771987998583456	-7.88102286286293	Non-Significant
ZFPM1	0.0483164888158886	0.961464013726008	0.979659049842337	86	-0.0140850367767302	2.23618535035429	-0.248434405616478	0.803848258213465	0.821289270882001	-7.99258706751394	Non-Significant
ZFPM2	0.74426465378877	0.456716380535405	0.617608535740541	33	0.333379955645681	2.10012738279314	4.78788285044111	1.93424243619242e-06	3.43522982742915e-06	3.3236676574682	Non-Significant
ZFX	-0.816486035101434	0.414222207415134	0.579288199843721	43	-0.199987734235576	5.09785933012489	-5.21146409048205	2.26639089373509e-07	4.37558271797522e-07	5.08720998866006	Non-Significant
ZFY	-1.08324057771363	0.278701653035226	0.441008184153188	107	-2.06259227324083	-0.688013664770883	-7.47592515801269	1.64617430241869e-13	7.2809765011786e-13	19.424395764067	VIPER Significant
ZGLP1	0.475146218431945	0.634682757557483	0.771098743284954	110	0.232106004735195	-0.828631915561035	3.61304778469147	0.000317359490077024	0.000466097976344001	-1.26896166335417	Non-Significant
ZGPAT	0.725600371376657	0.468083793376497	0.628824321239863	72	0.159774134196833	2.15600769628592	3.0204927286572	0.0025864237785073	0.00351257840589957	-3.47463729047895	Non-Significant
ZHX1	0.106166879946429	0.915449948370735	0.957967980937979	42	0.012415746278576	5.23588441185622	0.341546026306759	0.73276281751291	0.754642589011849	-8.27744272183728	Non-Significant
ZHX2	-1.10925683206118	0.26731940177523	0.429980735874309	24	-0.293909553767036	5.12748242564229	-6.50395391472615	1.22251897796346e-10	3.41114824412783e-10	12.4089101855779	Non-Significant
ZHX3	0.580977913956979	0.561255338941962	0.710599271952508	19	0.128891026278831	4.67198330100479	3.17556277898096	0.001540248809705	0.00213551318217393	-3.25414677966459	Non-Significant
ZIC1	-1.78246531253323	0.074673382974981	0.183852877938401	74	-2.20094418261686	-2.95131308763445	-9.79766268123666	1.00730854270012e-21	6.87192340340259e-21	38.1705303933096	VIPER Significant
ZIC2	-2.45154865466899	0.0142242954872951	0.0605574815734645	30	-3.83674913747851	0.2985129228048	-21.5061837759006	6.42210867058617e-85	3.73796916715891e-83	182.745394291444	VIPER Significant
ZIC3	-1.64422578772042	0.100129572087051	0.224632790011082	88	-0.738447261044968	-5.02437056738509	-4.84782617913518	1.44204562057721e-06	2.59152186688163e-06	3.90158062046389	VIPER Significant
ZIC4	-1.76201181264583	0.0780673016773276	0.189697980085288	78	-1.4612179700513	-4.04259103551453	-7.97909142063499	3.93870456155684e-15	1.92646416444147e-14	23.2136567525045	VIPER Significant
ZIC5	-3.63054474242188	0.000282823669493164	0.0111506849976282	26	-4.93104877629235	-1.28359344019755	-28.4572799386504	1.23159651666636e-131	3.0495869248305e-129	289.935911914659	LUSC
ZIK1	-0.884237656207839	0.37656793471594	0.542194225495294	25	0.452892383269468	1.76672254675051	4.65697733290272	3.63193917211428e-06	6.29973582736159e-06	2.75021477348324	Non-Significant
ZIM2	0.941488999369883	0.346454324028073	0.509228122817124	297	0.485333762948356	-5.70314564839525	5.86142662582553	6.1880628767195e-09	1.40224218331672e-08	8.95198885647956	Non-Significant
ZIM3	-0.209858143911696	0.833778391056358	0.906352317318676	279	0.139623557817308	-6.30291621848192	2.76252870821029	0.00583852796829001	0.00768695751980792	-4.43282823987259	Non-Significant
ZKSCAN1	-1.40696092369129	0.159438976287736	0.306878782205746	23	-0.232488948287051	6.28735704814249	-5.16796708985099	2.84556623700128e-07	5.43915936848745e-07	4.7310424098897	Non-Significant
ZKSCAN2	0.675592968666574	0.499299106976189	0.659500305276489	29	0.284522527298025	2.79545248967904	6.40332097685718	2.31457506145813e-10	6.22024384648272e-10	12.0223236384475	Non-Significant
ZKSCAN3	1.13991352640232	0.254322329149402	0.414616323059503	25	0.17147383228701	2.68008527131119	3.78932621049065	0.000159888806525018	0.00024097672090698	-0.937469130403909	Non-Significant
ZKSCAN4	1.0927777874939	0.274491376546167	0.435356090242991	18	0.123490838106524	2.90249162259303	3.57914693100968	0.000360916092318436	0.000527837786538557	-1.72347197953093	Non-Significant
ZKSCAN5	-1.67993400971637	0.0929701558082567	0.214208264396051	58	-0.224907882083563	4.1342203607124	-7.30012024226104	5.77301584682584e-13	2.44789877081213e-12	17.764875667405	Non-Significant
ZKSCAN7	1.63542901069708	0.101959144985402	0.226719512234266	37	0.385359029033853	1.17020428937227	6.11158206706371	1.40148828286704e-09	3.42094159968534e-09	10.4151423260623	Non-Significant
ZKSCAN8	0.128874866639968	0.897456664315265	0.945518195256968	43	-0.066428455925985	4.93450333039532	-1.35054009646301	0.177141954973285	0.200026886034001	-7.39057194718755	Non-Significant
ZMIZ1	-1.86950450940617	0.0615526568487092	0.161664616062207	32	-0.220428006653029	6.69425981310819	-4.66653879610213	3.47039846786468e-06	6.02868747258892e-06	2.27224611439829	Non-Significant
ZMIZ2	1.10406466678203	0.269565087017245	0.432572680813556	48	0.398804976927067	7.03945933273625	8.80158872026119	5.66498199317258e-18	3.2297556619047e-17	28.8069618487191	Non-Significant
ZMYND11	1.29916868693099	0.193886045052774	0.345189453338708	31	0.286307052888459	6.20392851012666	8.76091884267669	7.92925817989241e-18	4.48858854883279e-17	28.573909906585	Non-Significant
ZMYND15	3.49900714075191	0.00046699407436905	0.0111506849976282	165	0.871106947360706	2.03112188190411	14.4978661129571	1.88318633125148e-43	2.99952061397163e-42	87.5418854932767	LUAD
ZNF10	1.16783083681351	0.242875006826592	0.401391166370926	51	0.309060187195823	2.69200461634264	5.85743085647452	6.33378798068261e-09	1.43346034857196e-08	8.80471168625734	Non-Significant
ZNF100	2.22393412651867	0.0261528765933357	0.0932208806793811	28	0.682164368722852	2.87941926399422	11.2135204819984	1.32927849919983e-27	1.15658906840334e-26	51.2051787928855	VIPER Significant
ZNF101	0.0170586523455026	0.986389824756721	0.992697285515126	53	0.00254593567851126	3.59391621940368	0.0650498661513143	0.948147026381428	0.95319957600435	-8.15696073521936	Non-Significant
ZNF107	0.862088172072877	0.388638999635472	0.554888620554205	37	0.113727390268746	3.75880398944825	2.31145767318242	0.0210058902303559	0.026267639642265	-5.51111435854712	Non-Significant
ZNF112	-0.0342529667491669	0.972675429937208	0.986276028501488	16	-0.180399150008473	1.84375235534496	-3.63640843900639	0.00029026801273492	0.000427715278770098	-1.41718359451863	Non-Significant
ZNF114	-0.168308684735338	0.866340441897244	0.926132744514778	148	-0.0677430982696054	0.132165131420937	-0.504571991410634	0.613968324060156	0.640773706010132	-7.6984695434251	Non-Significant
ZNF117	2.97838518802312	0.00289771569111578	0.0211740225143674	95	1.08758583965046	4.47176483276284	13.2177574906093	6.18607906089032e-37	7.74752624555383e-36	72.4082191925768	LUAD
ZNF12	-0.0610491641757608	0.951320054693697	0.974174590542194	51	-0.0379995955338939	5.1098659458831	-1.20955652931414	0.2267290008911	0.252479562567092	-7.59033909056619	Non-Significant
ZNF121	-2.46831110448546	0.0135752279266961	0.0583506645756727	70	-0.402373637045496	5.16884862388098	-8.99471112834174	1.12737082950632e-18	6.66165519390199e-18	30.616822102812	Non-Significant
ZNF124	0.633102002921011	0.526667034410985	0.681569103355392	35	0.261678119247519	2.46023959279543	5.55723568319459	3.49664434271417e-08	7.30952171642307e-08	7.16655042112958	Non-Significant
ZNF131	-2.4750415491646	0.0133220676347818	0.0576256879085911	92	-0.608574403056435	5.28239130200137	-16.2282728864501	7.26885189247617e-53	1.59103521699514e-51	108.851732090086	VIPER Significant
ZNF132	1.51210631010065	0.130506819854955	0.265178480775175	26	0.260666168566735	1.80930832513829	4.7753618634949	2.05576151083522e-06	3.6430799404742e-06	3.29253161392268	Non-Significant
ZNF133	-2.56322465267934	0.0103704922142302	0.0487770737248618	76	-0.391180318918241	3.94372843153603	-10.0162734622516	1.36928183185038e-22	9.68487400873275e-22	39.663482113527	Non-Significant
ZNF134	-1.43676209203937	0.150785605105646	0.2949401032946	20	-0.245793765984215	4.21459329224552	-5.21166725920526	2.26397410917513e-07	4.37134282233903e-07	5.18288896476472	Non-Significant
ZNF135	0.236150930232901	0.813315554685924	0.89177043134373	23	0.322789872545023	1.38133234228774	3.13275694811304	0.00178103931968333	0.00245441698515458	-3.05871390786272	Non-Significant
ZNF136	-0.977523240102456	0.328310178034443	0.48995085649779	30	-0.0209396726267069	3.24896505028177	-0.535742327895794	0.592253286718345	0.619732287466739	-7.98038738371107	Non-Significant
ZNF138	0.98541667014339	0.324419444579417	0.485561216978411	54	0.187771691785565	3.17788261470133	4.58876938873454	5.01251466975548e-06	8.59306820365091e-06	2.30562775598847	Non-Significant
ZNF14	1.03480530435615	0.300759845239681	0.465362404869534	27	0.152674504279175	2.88339252242325	3.1812032487334	0.00151086234362672	0.00209659773089085	-3.05183387946236	Non-Significant
ZNF140	0.420391599637099	0.674199403767946	0.804189975693515	49	0.122417929413456	3.82349872263394	3.61933356278708	0.000309845603041602	0.00045554662671829	-1.67332886450479	Non-Significant
ZNF141	3.01514472393745	0.00256856661909796	0.0202199165719646	95	0.618262381306762	3.66002093632211	14.308384338529	1.8396375626724e-42	2.82637387375731e-41	85.1430178084355	LUAD
ZNF142	-0.377304028772941	0.70594767853926	0.823471465388441	36	-0.102120559432666	4.77531239655612	-2.91028573145199	0.00368935849470712	0.00494507361615772	-4.06561633175756	Non-Significant
ZNF143	-1.56389249749095	0.11784281672119	0.248819817349386	85	-0.0946089772919833	4.13198594557736	-4.22712605391262	2.57889236141785e-05	4.15913581095253e-05	0.644112006079359	Non-Significant
ZNF146	-2.21533606708238	0.0267370060152856	0.0948074771356574	40	-0.328927005079663	6.74397018490271	-8.04454098411121	2.38700434727288e-15	1.18348496033193e-14	22.8775766600838	Non-Significant
ZNF148	-3.17009228505439	0.00152390529629013	0.0159082957117779	86	-0.375215383579799	5.8032617969478	-11.0979332994917	4.23386469465342e-27	3.61398846896249e-26	49.7683672983944	LogFC Non-Significant
ZNF154	2.32359987958544	0.0201469488996983	0.0771922424134508	66	0.74560789432975	1.69866618269109	10.1490314174311	4.00589222325146e-23	2.9024403456616e-22	41.0832636441625	VIPER Significant
ZNF155	0.0649851985081044	0.948185785221739	0.973889616748835	24	0.0544244527743208	0.995879598252915	1.06149045784326	0.288717999034693	0.317140986832678	-7.34167748214001	Non-Significant
ZNF157	-1.0547654902426	0.291532591315133	0.455672789786679	108	-0.679898413694244	-2.77074527365624	-6.20500847022997	7.93635805329259e-10	1.99658771498188e-09	11.2270047555644	VIPER Significant
ZNF16	-1.54929416949206	0.12131102072322	0.253009529459438	29	-0.269433684344625	3.49677933129972	-8.10986954189756	1.4429331251537e-15	7.23805071566717e-15	23.724693418885	Non-Significant
ZNF160	-0.208841777193518	0.834571756862531	0.906352317318676	24	0.121730649237767	4.60426063013824	2.44093715089246	0.0148181903663631	0.0187985782363133	-5.29442410728647	Non-Significant
ZNF165	1.39602787060738	0.162706102520549	0.311116440854799	60	0.340858959219954	2.03479363313067	6.4779250404744	1.44318475244239e-10	3.98624867689492e-10	12.5554576914253	Non-Significant
ZNF169	0.23257717807839	0.816089750634675	0.893375938897028	109	0.0782988031991263	1.56259903484887	1.64885003839206	0.099485884981953	0.115715722360106	-6.60112976639136	Non-Significant
ZNF17	-0.77514200246387	0.438255754559843	0.598978806833293	25	-0.20264399222903	2.03341259504173	-5.59646040663632	2.80971921763199e-08	5.92860332148191e-08	7.41907563941294	Non-Significant
ZNF174	-1.54127225019765	0.123250539668864	0.256010765647204	28	-0.0608199843634029	3.08252183350478	-2.12096695804482	0.0341650115325742	0.0418054635001088	-5.86261023650804	Non-Significant
ZNF175	-0.0984701421828236	0.921558979797816	0.960524540329257	19	0.104217305429742	2.6825776504263	1.91742119417811	0.0554631363112119	0.0663407564270755	-6.23228705291563	Non-Significant
ZNF177	1.29808723942064	0.194257358693227	0.345189453338708	677	0.375772734614122	-5.44158960646114	4.79236367379747	1.89245809790818e-06	3.36363413741258e-06	3.52225524566542	Non-Significant
ZNF18	-2.55093827214874	0.0107433351827767	0.0502994594598653	43	-0.443896368744502	3.07182645384605	-13.3844588756522	9.24805681164655e-38	1.19448874624151e-36	74.4237741553697	Non-Significant
ZNF180	-1.62082680002381	0.105054789129335	0.230203435748074	18	-0.15078272623013	3.12614827862951	-4.08212090547418	4.81102717396573e-05	7.58086948791593e-05	0.153848166262668	Non-Significant
ZNF181	-0.447500072373961	0.654514035627146	0.78726379593953	38	-0.0102470026938798	3.06010120350474	-0.253846961544978	0.799664882813804	0.817253989663891	-8.07264288533894	Non-Significant
ZNF182	1.47273561030276	0.140822340533214	0.279459271320034	46	0.265933092941746	3.09559268808274	7.33859446518601	4.3964979493493e-13	1.88181131976362e-12	18.1348949670053	Non-Significant
ZNF184	-1.5209323242068	0.128276821259283	0.262594206268605	29	-0.0916529633378134	3.2931989778709	-2.60322241255846	0.00936909716970942	0.0121117541332243	-4.75076936194068	Non-Significant
ZNF189	0.481617043297753	0.630078016668366	0.770095353705781	36	0.100047320412769	4.34470397314725	2.62040764622492	0.0089128370287715	0.0115426875755957	-4.81505688786407	Non-Significant
ZNF19	3.9939942617821	6.4969436410056e-05	0.0111506849976282	172	1.02060611095664	1.43103987160722	23.9775670382795	3.81573455070677e-101	3.53756095389783e-99	219.964241615605	LUAD
ZNF195	0.476753008354414	0.633538011419827	0.771098743284954	47	0.214126067575395	4.53599735644449	5.16968950222434	2.82012904948392e-07	5.39348659684231e-07	4.93669430336528	Non-Significant
ZNF197	1.95083005484648	0.0510772653296754	0.143352654135138	31	0.205859547207479	3.86840021382274	6.52506399653019	1.06812399570176e-10	3.00418404527279e-10	12.67323872722	Non-Significant
ZNF2	-1.64287021153289	0.100409789461041	0.224944989039647	23	-0.105138180675144	2.5637392358293	-3.52950932427292	0.000434882567456664	0.000632016001962465	-1.86458714734787	Non-Significant
ZNF20	1.11460819479703	0.265018357120181	0.427287280274146	43	0.393575867966613	-2.04269248400161	6.70224159902699	3.38800005850852e-11	1.01768438878379e-10	14.2772689906134	Non-Significant
ZNF202	-1.44553509036314	0.148307643963402	0.291486493322882	59	-0.272426641211394	3.7710147387688	-7.95804359468824	4.62356233205414e-15	2.25179838310917e-14	22.550478706392	Non-Significant
ZNF205	1.48297348615212	0.13808145529729	0.275893220252203	94	0.253195383462331	3.13898825749983	5.53659025047432	3.921117506678e-08	8.15326277359529e-08	6.98990157901721	Non-Significant
ZNF208	1.49913543697118	0.133838500037799	0.270521478795607	56	0.961464988030209	-1.38862593343734	8.38343827837717	1.68862508338482e-16	8.91444637383937e-16	26.2364395648108	VIPER Significant
ZNF211	1.99102016918513	0.0464786699178016	0.134315478321783	25	0.183801659542641	3.42289902239885	3.57077973934248	0.000372496587048671	0.000544238449096262	-1.80489395414252	Non-Significant
ZNF212	-0.396835260526398	0.69148894698239	0.815909103532854	18	-0.0560907493377406	4.30625587745219	-1.6421617035642	0.10086432829738	0.117231848967894	-6.88676158819767	Non-Significant
ZNF213	0.738139860699919	0.460429463518904	0.6218077111285	64	0.142895046679075	4.46643236077413	3.96954252565632	7.70509800029404e-05	0.000119316984277536	-0.430044204380606	Non-Significant
ZNF214	2.89169129232844	0.00383174247425724	0.0243474128892202	112	1.21635430602801	-0.189985296733603	13.4931082440171	2.65623266232192e-38	3.49229952265055e-37	75.9030537461815	LUAD
ZNF215	0.271113057689934	0.786304078971973	0.873386615405351	150	-0.0961414357633719	0.596091265037393	-1.01827515312732	0.308788354349097	0.337751293624335	-7.34940286663993	Non-Significant
ZNF217	-0.330507193672423	0.741016757980059	0.845577404811601	18	0.0173346648370328	6.29371387784248	0.37960303346706	0.704319021441034	0.727482111446589	-8.38697771505378	Non-Significant
ZNF219	-2.22311946300678	0.0262077455761088	0.0932539955629889	43	-0.429948092330174	4.46846747562949	-6.93588396842184	7.15319005606572e-12	2.32481610862356e-11	15.2597749399609	Non-Significant
ZNF22	1.2844388572444	0.198988444292568	0.350317430874376	49	0.174765010068615	4.21922313474638	4.30965169183436	1.79316737359194e-05	2.93076340787812e-05	0.981145611877301	Non-Significant
ZNF221	0.965542563611823	0.334273127774119	0.497760421707312	42	0.153876446520668	-0.672993074242808	2.37036096215139	0.0179556392186814	0.0225902354577872	-4.96101978416278	Non-Significant
ZNF222	-0.409864653139744	0.681905235791999	0.809268046653382	22	0.108008571178724	1.26454629359854	2.65010931299107	0.00817094162280633	0.0106224743572478	-4.43145859544212	Non-Significant
ZNF223	-0.474745207288293	0.634968591534882	0.771098743284954	20	0.00225518824984228	-0.395558453099084	0.0402986580918453	0.967862899382527	0.97104923895201	-7.78078857152459	Non-Significant
ZNF224	2.15414536325063	0.031228774008864	0.104408899240621	177	0.453443685647625	3.02159035407287	10.0101074130146	1.4492671598071e-22	1.02372042679016e-21	39.6938502730417	Non-Significant
ZNF225	1.69218745631511	0.0906102374352855	0.210908470753804	19	0.118018343897772	2.30155288234048	3.04213852388412	0.00240903978693566	0.0032803722885804	-3.42365956068471	Non-Significant
ZNF226	1.56917246906302	0.116607757354187	0.246976678619738	26	0.277302986003434	3.78122728994945	7.62001985693137	5.77430877269193e-14	2.63252663931541e-13	20.0638803422486	Non-Significant
ZNF227	-0.84616404704809	0.397461235528965	0.562772102347587	21	-0.24091541075507	2.91751236436215	-6.52165442428529	1.09169963077407e-10	3.06686366446113e-10	12.7453379803184	Non-Significant
ZNF229	0.220099469059467	0.82579368830002	0.900967677619439	35	0.261405408446942	1.46221864051262	1.9692655099326	0.049192584715597	0.0591786824003276	-6.01391917058621	Non-Significant
ZNF23	-0.0610869355528043	0.951289973638184	0.974174590542194	106	0.0394215016667534	-0.61569723850066	0.705842575535826	0.480447002329326	0.510641961751737	-7.51577566420464	Non-Significant
ZNF230	0.528908436884992	0.596868968997942	0.743111075061613	17	0.0368356374221503	2.1092391929501	1.04354528278376	0.296942748543275	0.325507576139622	-7.46694379337513	Non-Significant
ZNF232	0.130202770386191	0.896406002789276	0.94522333860371	43	0.0848783276146727	2.93191903465665	1.9978362306589	0.045999250166214	0.0555045165406619	-6.10013120569643	Non-Significant
ZNF233	0.618547231884691	0.536214673402902	0.689492311974061	43	0.262060375896679	-0.0630574945752837	3.69089291978803	0.000235277795079467	0.000349494325511927	-1.04694919720953	Non-Significant
ZNF234	0.661386592086467	0.508364422238328	0.666312368929929	20	0.0971792300150716	2.95202409357892	2.30623688989711	0.0212968870621384	0.0266119287489319	-5.44141362117599	Non-Significant
ZNF235	0.607061382835106	0.543810176811267	0.694529102219633	23	0.0675688948109371	1.61430884488117	1.56970786344416	0.11679282263131	0.134754146517122	-6.73308224204192	Non-Significant
ZNF236	-0.68794891693426	0.491484950497134	0.651978918476491	52	-0.0786310244812329	3.77818969229721	-1.84673377816002	0.0650748646390324	0.0771946475263338	-6.47539543467229	Non-Significant
ZNF239	3.87023377737467	0.00010873103662998	0.0111506849976282	30	1.10283720021605	1.92402576336501	14.3974818153085	6.31470091605705e-43	9.86238452926471e-42	86.3460707668038	LUAD
ZNF24	-0.342919538614153	0.731658992348046	0.839111153780326	42	0.165539866772515	6.27639480850566	4.58033571984564	5.21470065900094e-06	8.92629017664109e-06	1.93200021447878	Non-Significant
ZNF248	1.25126761733062	0.210836855834708	0.365260124502804	47	0.227567055878441	3.55875595140935	5.64489445710056	2.1407067102156e-08	4.57709497258338e-08	7.53594064728532	Non-Significant
ZNF25	1.47217364943151	0.140973991190381	0.27948913369721	46	0.16083757198562	3.34098946210139	4.26136347078172	2.21965994359968e-05	3.60000358801065e-05	0.867745549953765	Non-Significant
ZNF250	1.23457913847762	0.216987176988332	0.372446110837354	34	0.222343469107972	3.39113602632363	5.85636561056731	6.37319832988581e-09	1.44177569435503e-08	8.73070536635319	Non-Significant
ZNF251	0.619024018664945	0.535900536085815	0.689492311974061	50	0.0789257774404676	4.08535213849757	1.69771753628864	0.0898657102697815	0.105042181786399	-6.77080556831106	Non-Significant
ZNF253	1.64120115821274	0.100755665388492	0.225296274737547	22	0.684222762610722	2.68840872990651	11.7861483024979	3.74024650671855e-30	3.61770229744081e-29	57.0511142866647	VIPER Significant
ZNF254	3.28843954626744	0.00100744417929357	0.0140463679559763	61	1.35755397003526	3.72732827399556	21.1885868792989	7.048812360242e-83	3.8430254324046e-81	177.896126150173	LUAD
ZNF256	-1.27804086588982	0.201235017509252	0.352733130981524	20	-0.576742728847346	2.0269293602222	-8.7428238672946	9.20502129900454e-18	5.18951523324109e-17	28.8469887843826	VIPER Significant
ZNF257	1.83422810135488	0.0666201416949331	0.170808032465956	46	1.00697156453549	-0.592878147905553	8.02898132557164	2.68966321250073e-15	1.32844594189894e-14	23.4634233798762	VIPER Significant
ZNF26	-0.503841195115527	0.614372976527776	0.757689638321778	72	0.0803522757465433	4.08128133675411	2.01616676983067	0.0440439570762616	0.0532413953575191	-6.18089146707332	Non-Significant
ZNF260	-0.356918063817612	0.721153146182356	0.832193647540384	16	0.0646388437617176	4.70588031670145	1.45801077955869	0.145144984493283	0.16564942085772	-7.21475149300243	Non-Significant
ZNF263	-0.731923964289818	0.464214978359508	0.624446972862297	40	0.018134932418138	4.9971380892284	0.651346783665653	0.514969176402253	0.544577429818078	-8.09687183675144	Non-Significant
ZNF264	0.671364671628654	0.501988244987035	0.661770585852753	21	0.0292294127201351	4.90665107634146	0.696588662063582	0.486218752969132	0.516259390603667	-8.05634450928301	Non-Significant
ZNF266	-1.37270497616925	0.169844081591829	0.31896482253734	25	-0.21814983787685	4.82800377738585	-4.92167104001798	9.99871572232392e-07	1.8226799976397e-06	3.68395980479526	Non-Significant
ZNF267	-0.383289199720937	0.701505346313681	0.819691569707477	112	-0.113443199748091	4.29278383370866	-3.2131595593063	0.00135391386386034	0.00188676107277995	-3.09455110050557	Non-Significant
ZNF268	1.41514859989657	0.157024931279294	0.304149705102926	25	0.354785386233319	4.17973385105134	8.31289437057916	2.95321070826401e-16	1.53691612890801e-15	25.2213339283499	Non-Significant
ZNF273	-2.19689551695127	0.0280279091056622	0.0980258154362134	49	-0.417504170103484	2.99822917960166	-8.24053090829201	5.2180983087648e-16	2.67878307010164e-15	24.7748690004672	Non-Significant
ZNF274	0.430081550864111	0.667136319914294	0.799625606645955	20	0.289368198722147	4.68534240492261	7.18710783849091	1.27573348179656e-12	5.2324531453326e-12	16.9289163069483	Non-Significant
ZNF275	1.14713920787198	0.251324091724211	0.410710137114805	29	0.0242095944893367	4.85693712414581	0.564181417483589	0.572754538246917	0.600958436816264	-8.13431808494658	Non-Significant
ZNF276	0.055157187190195	0.95601323665415	0.977024516580615	296	-0.0266967836943024	3.6420931574061	-0.533229893409996	0.59399045840454	0.621407815713522	-8.02186396397143	Non-Significant
ZNF28	0.864254471054929	0.387448115019692	0.553961455856247	22	0.181606917342336	4.03830230202897	3.16779273591291	0.00158159395856529	0.00219094580702719	-3.21112221774747	Non-Significant
ZNF280A	-2.79135901873402	0.00524872174707036	0.028867969608887	74	-2.47893269063631	-3.37572263448991	-14.6122056407127	4.71521920692822e-44	7.68123168339154e-43	89.1649965231343	LUSC
ZNF280B	-1.94628983281429	0.0516199341995531	0.1444793233547	46	-0.141698213459438	1.39639251544403	-1.21600311948469	0.224264700189718	0.249885220275516	-7.20388773097644	Non-Significant
ZNF280C	-2.9079585730765	0.00363796526956988	0.0238566568639102	58	-0.526366499528118	3.06497357667039	-11.4042612542181	1.92605866159063e-28	1.73739963695122e-27	53.1057071607301	LUSC
ZNF280D	1.09591087524655	0.273117779347629	0.434654452356509	47	0.197573639450874	3.77497822835514	5.98753846016021	2.94700089787114e-09	6.92273785903188e-09	9.44348114552742	Non-Significant
ZNF281	3.56818965337619	0.00035945628850768	0.0111506849976282	53	0.809309063887463	5.22760286957612	20.0277514084278	1.59369514805377e-75	6.99472094264338e-74	160.885282210068	LUAD
ZNF282	-2.14033276200512	0.0323278841203357	0.106854363344437	69	-0.301733931573318	5.34017153652366	-8.71240277335751	1.18222547957899e-17	6.62981160469385e-17	28.2762024908642	Non-Significant
ZNF283	0.245556521724009	0.806025549419839	0.887105042556745	31	0.210482583660865	2.33499841433933	4.9529617164099	8.54898516264448e-07	1.56773604042607e-06	4.08702763861629	Non-Significant
ZNF284	0.0804711975203349	0.935862502975736	0.967609964844381	24	0.187123310825886	1.38794193852258	3.94181422179598	8.63755888274719e-05	0.000133197761041341	-0.233328279517584	Non-Significant
ZNF285	0.690108266075311	0.490126105328849	0.650744978262703	21	0.977669287206105	0.052002565726036	9.47392425707346	1.81171873186604e-20	1.1649535715062e-19	35.1663409816566	VIPER Significant
ZNF286A	-1.37897167270389	0.167903487986711	0.316486198926024	29	-0.404517453266668	2.06096301722954	-8.94707827667567	1.68334790498252e-18	9.87038144542637e-18	30.5217076498383	Non-Significant
ZNF286B	-0.886577264831411	0.375306538679559	0.54113966042169	24	-0.538972820503521	-0.152297426348077	-8.71512111870547	1.15611827200592e-17	6.48891580567585e-17	28.8030290222345	VIPER Significant
ZNF287	-2.01100897298559	0.0443245089464983	0.130674272773106	37	-0.265596273197636	2.17223310223112	-4.95758432049623	8.35280118865537e-07	1.53289455944112e-06	4.12485900687625	Non-Significant
ZNF292	-1.908912289099	0.056273407444634	0.153043517419899	69	-0.241964920653457	5.30795517014733	-5.9077071956888	4.72092193809017e-09	1.08383321620585e-08	8.82214492637896	Non-Significant
ZNF296	-2.62108294788718	0.00876509327608422	0.0439276619780295	70	-0.430281297301929	1.59227152713666	-7.71370624105135	2.89520747981013e-14	1.34343323887465e-13	20.947887765156	LogFC Non-Significant
ZNF3	-1.28615802703029	0.198387916180042	0.349613847118317	37	-0.117880685779807	5.18135580911626	-3.45298886522352	0.000577146774535762	0.00083048261145153	-2.40020964337213	Non-Significant
ZNF30	-0.239819199132644	0.810470422485109	0.890559873471822	23	0.218084718186535	1.93427188981912	4.14816379769155	3.63015325623823e-05	5.78269226286575e-05	0.536564999951011	Non-Significant
ZNF300	-1.32329008406624	0.185738927997742	0.337797197051893	42	-0.0515298710216671	2.00282681502774	-0.544211407134884	0.586414785462832	0.614261037768137	-7.85272853160709	Non-Significant
ZNF302	0.267695299296479	0.788933868421953	0.874882761404507	38	0.225793377506409	4.40061844383519	5.04926791304512	5.24978922123563e-07	9.81005043866328e-07	4.35090839844886	Non-Significant
ZNF304	-1.40542946472558	0.159893610157483	0.307464592464484	18	-0.287648947429017	3.57452817332598	-6.80696338569762	1.69707719753837e-11	5.27994380493758e-11	14.5036586525691	Non-Significant
ZNF311	-1.08505960609649	0.277895256385591	0.440072519013096	49	-0.0598788880323874	0.847163555209593	-0.615681463270998	0.538241943598248	0.56745146150676	-7.7011844634188	Non-Significant
ZNF316	0.265784435807944	0.790405230647461	0.875612411558268	76	0.136415545224262	5.25969774106346	2.84373293835637	0.00454777762372735	0.00604786136561518	-4.30932021868135	Non-Significant
ZNF317	-2.54544326077321	0.0109139098965098	0.0506346023770045	27	-0.337015165625084	4.96398342878859	-11.3632782057415	2.92305235629946e-28	2.61411937363142e-27	52.5107427853641	Non-Significant
ZNF318	-1.66375280083823	0.0961618397780445	0.219583843957454	33	-0.426864332470147	5.20045809282683	-9.88875874965071	4.40443024580386e-22	3.05202980663929e-21	38.3787054009124	Non-Significant
ZNF319	1.1873534323431	0.235088240168509	0.39264533827328	52	0.294640743491828	4.10701139615002	7.29571405914533	5.95546896010398e-13	2.52238367822749e-12	17.7370732501127	Non-Significant
ZNF32	-0.858343701322405	0.390702704926181	0.557057654549802	80	-0.129041612993328	4.00340025078967	-3.07199181807135	0.00218266526654667	0.00298401695028686	-3.50361485128957	Non-Significant
ZNF320	1.69132159619898	0.090775397548049	0.211052799299214	23	0.904210492770138	4.27621709381066	12.8016388231981	6.60661655026195e-35	7.63389853650431e-34	67.7820506451127	VIPER Significant
ZNF322	-0.857137703128344	0.391368786372635	0.557466315539714	32	-0.00643537615108353	3.03939570229062	-0.0914579830489225	0.927146624790547	0.934284205847215	-8.09860412535528	Non-Significant
ZNF324	-1.4730975566566	0.140724732184504	0.279459271320034	23	-0.319952641540435	3.12379121021844	-9.14381223663633	3.17778869228536e-19	1.92543279584464e-18	32.0726913965192	Non-Significant
ZNF324B	-2.0806360832441	0.0374672285278399	0.116856630438964	18	-0.297983303001203	2.25539265688262	-7.61711419915184	5.8985932975403e-14	2.68795110722281e-13	20.188014236443	Non-Significant
ZNF329	0.132705299034414	0.89442645191207	0.943783661996954	19	0.223545856660639	3.20635078095966	3.74995862433253	0.000186797700658845	0.000279928055201059	-1.13572874712083	Non-Significant
ZNF331	2.07898349942492	0.037618867109128	0.117150992549887	21	0.379333640978299	4.27014462378095	6.40478668027537	2.29330033831887e-10	6.16669498666405e-10	11.8849879547528	Non-Significant
ZNF333	-0.769819305867281	0.441407086005732	0.60248091925799	112	-0.0936742804293612	3.35583982218638	-2.40829847640554	0.0162033953784856	0.020470220602833	-5.24259987334309	Non-Significant
ZNF334	-1.8079102601679	0.0706204686299731	0.177005964809502	83	-0.113181509292885	1.48436698294915	-0.987813318808078	0.323478034206551	0.352721635574178	-7.46335214924382	Non-Significant
ZNF335	-1.37819541977032	0.168142961012995	0.316486198926024	88	-0.116217127966918	4.97410463856206	-3.2657798665849	0.00112792690204155	0.00158282119598619	-2.99946130569482	Non-Significant
ZNF337	-0.0256360238954489	0.97954765259127	0.989264996383683	446	-0.0459445331280665	1.10975206683037	-0.759200377218119	0.447907877365933	0.478256098681639	-7.62726555726668	Non-Significant
ZNF33A	3.16169067308851	0.00156856089198681	0.0159665451990299	73	0.597961817604308	5.09752940103819	14.8238021579488	3.56913300318316e-45	6.0119860255149e-44	91.2279463395157	LUAD
ZNF33B	2.9131647392693	0.00357785795647682	0.0238446168695491	36	0.604319813974832	4.57878633632681	14.3646199708492	9.37237466073354e-43	1.45461506650147e-41	85.7314541175343	LUAD
ZNF34	2.59651472755668	0.00941748683433287	0.0460961197680504	53	0.21987207734579	2.58320664660159	5.76183273776513	1.10077056759434e-08	2.42522124051567e-08	8.277493008709	LogFC Non-Significant
ZNF341	3.19373000297745	0.00140447406586048	0.01538751142513	83	0.608586974885899	3.143537687002	15.7966850483317	1.86093083645473e-50	3.78213190212022e-49	103.513900227368	LUAD
ZNF343	-2.72825184220108	0.00636709770371547	0.0335961339462268	70	-0.606732102557165	3.25035000079692	-15.2050896878142	3.21332473822426e-47	5.85761500670101e-46	96.0826969287021	LUSC
ZNF345	0.155181422455378	0.876678293598329	0.933238183507898	47	0.230564421957732	1.99456566298307	3.86348630363525	0.000118823769840832	0.000181060004367464	-0.591704596542615	Non-Significant
ZNF347	1.01893311981342	0.308234718821449	0.469945592556076	29	0.753344852995989	2.94396544063263	10.2075784170426	2.32011978925657e-23	1.69445445147045e-22	41.5154862234848	VIPER Significant
ZNF35	-0.459713906898179	0.645721586084094	0.77932581484144	44	-0.113137723266886	2.70608387447608	-3.18858207594966	0.00147319995447134	0.00204622773622458	-3.01112466136285	Non-Significant
ZNF350	1.08056828224767	0.279889197770975	0.442203319412676	21	0.67537796796772	2.95525094712067	12.8759905888124	2.88988644216131e-35	3.38398584430187e-34	68.7222127492493	VIPER Significant
ZNF354A	-0.117618058523631	0.90637029563501	0.951479540723053	81	0.00711227764164628	3.2592891031373	0.178026529582741	0.858737443255904	0.87186820953271	-8.10909042282511	Non-Significant
ZNF354B	0.795389527557848	0.426386949833433	0.588889969465522	84	0.0268610097880578	2.62371679069198	0.562627614475677	0.573811952187045	0.601993518979954	-7.90319529304998	Non-Significant
ZNF354C	0.940770959016137	0.346822246262553	0.509402954668473	19	0.169373015445637	1.8155568125459	2.31905779579543	0.0205884771716634	0.0257630168427794	-5.30116714856432	Non-Significant
ZNF355P	0.802718717972823	0.422137331588006	0.584761665828748	264	0.236799274615078	-6.5306319878338	6.07546595375777	1.74250781200213e-09	4.20498707641722e-09	9.80912097563207	Non-Significant
ZNF358	-0.104341635118347	0.916898238169382	0.958107147750029	65	0.0192916747421069	4.4854006826485	0.412231791971169	0.680256042817887	0.704511525706045	-8.16796909495747	Non-Significant
ZNF362	0.0803941084372945	0.93592381252543	0.967609964844381	46	0.0868699967228018	5.21503951651192	2.05119019093352	0.0405030909162591	0.0491681411913332	-6.23320636495133	Non-Significant
ZNF366	2.20966162142767	0.0271286551838476	0.0960298071040694	119	0.814856770922897	0.250772323337768	9.91835888533878	3.36181044600587e-22	2.33827609286974e-21	39.0945431130779	VIPER Significant
ZNF367	-2.88324401384073	0.00393602411626286	0.0244033495208297	81	-1.01948407197964	2.94594746848383	-16.5750324257194	7.92912514897978e-55	1.84064109464227e-53	113.553096459065	LUSC
ZNF37A	0.551309878946422	0.581421267514231	0.72757670540313	37	0.151149758452631	4.18522998664369	3.15667454525025	0.00164253655549452	0.00227144997750618	-3.26136409465233	Non-Significant
ZNF382	2.90478370314051	0.003675069727575	0.0240229797527746	53	0.984161708605759	0.834400980205639	12.2938547414535	1.70774047591997e-32	1.79367078936897e-31	62.550433152602	LUAD
ZNF383	-1.89514949808378	0.0580725985788981	0.15592721350712	31	-0.151058621481373	2.95653686513838	-3.41286755215144	0.000668053856092029	0.000955761868794381	-2.30327062814286	Non-Significant
ZNF384	-2.39236882509378	0.0167400107771124	0.0678753264152123	54	-0.506126638606192	4.49342803529833	-12.9553479409253	1.19119198836035e-35	1.42032436381e-34	69.464678242149	VIPER Significant
ZNF391	1.29339796909491	0.195873452182441	0.346675677478611	31	0.133124731078738	2.41821064735429	1.94044698468249	0.0526003149710715	0.0630866196650964	-6.16210423323113	Non-Significant
ZNF394	-0.844965718249878	0.398129979873813	0.563231990087968	48	-0.0897808858248117	4.53699507511714	-3.30366651156656	0.000987423641436956	0.00139298812438395	-2.82865677087367	Non-Significant
ZNF395	-2.1110032918854	0.034772028915008	0.111335792112843	30	-0.38401506124174	5.49037981787174	-8.92362979792749	2.04927518038038e-18	1.19675978915551e-17	29.9912876694703	Non-Significant
ZNF396	3.15316618402485	0.00161509832641334	0.0160701606361502	95	0.902715491999422	1.51963180221291	16.2539846952651	5.20944801239214e-53	1.14787492410985e-51	109.484427634386	LUAD
ZNF397	1.20284647864289	0.229035734925242	0.386533457934985	62	0.167474790454622	4.64540945089855	3.47066925644604	0.000540867922510461	0.000779922304936164	-2.2807854122747	Non-Significant
ZNF398	-0.917924075871601	0.358658616105502	0.523001694088794	26	-0.241212132751996	4.48185649788878	-7.41299056344842	2.58724180985905e-13	1.12671859178143e-12	18.5178675225417	Non-Significant
ZNF404	0.748835740755339	0.453956214906694	0.614688561018595	40	0.407404117894292	0.686289587421807	5.59870288984546	2.77469049463879e-08	5.8588520475021e-08	7.55431858112851	Non-Significant
ZNF407	-0.169586859523948	0.865335057432565	0.926132744514778	42	0.00996474112602042	3.64865502394813	0.238484081841958	0.811553499034645	0.828278801709377	-8.1362721286376	Non-Significant
ZNF408	-1.31467565967422	0.188618930259647	0.340049060125629	53	-0.225041754354414	3.89800351020711	-6.94404373118999	6.76932657806823e-12	2.20621240843951e-11	15.3723317999006	Non-Significant
ZNF41	1.55067000657547	0.120980785851379	0.252578252910123	26	0.215760512050766	3.51622841898445	6.67812510942542	3.96742757530622e-11	1.17939231913222e-10	13.6776342665915	Non-Significant
ZNF410	1.06001937959194	0.289135782881063	0.452618065627126	407	0.256808811155884	-1.25394379201874	4.06389696707006	5.19621109921408e-05	8.16107508191362e-05	0.462835096348518	Non-Significant
ZNF415	2.05812063250212	0.0395785548848967	0.121117978122228	29	0.906884160213385	1.82117410322917	10.247790166919	1.59210951634395e-23	1.17227471475371e-22	41.9867157981267	VIPER Significant
ZNF416	-1.65277943728609	0.0983757604576412	0.221914890734657	24	-0.285530757133909	2.33866557864222	-6.8986618080266	9.19305023625469e-12	2.95018574570638e-11	15.2227610270764	Non-Significant
ZNF417	0.682708060169479	0.494791335543315	0.655238234641827	34	0.156898262223933	2.91286175461669	3.81703515010635	0.000143187237125814	0.000216656599380668	-0.856358424878798	Non-Significant
ZNF418	1.84766635044849	0.0646506247044543	0.167649148473148	33	1.00371132285576	0.674836192182664	10.5244032923132	1.15670506098932e-24	8.95045724731932e-24	44.6777141824377	VIPER Significant
ZNF419	0.314242972102828	0.753336507460181	0.853920495436859	31	0.00346898946593737	2.87280077973206	0.0776239879789216	0.93814236393896	0.944243822715637	-8.08312610370841	Non-Significant
ZNF420	1.02040353234261	0.307537119307507	0.469945592556076	41	0.344404756168676	2.68489159891055	6.05594029233004	1.95931777696117e-09	4.70184047534612e-09	9.94811858970586	Non-Significant
ZNF423	0.284926548943541	0.775700415546977	0.864895395209327	117	0.0389058246606939	1.47995949473905	0.503267819738506	0.614884502412067	0.641628469268514	-7.82387563702559	Non-Significant
ZNF425	0.8061304920331	0.420167611565844	0.583939715955145	31	0.106367467866856	1.29065618941173	1.8703528978931	0.0617206709731042	0.0734147497832042	-6.18680701118156	Non-Significant
ZNF426	-0.138933729157642	0.889502517417268	0.941014555654463	19	-0.0860227987892989	3.99782440399399	-1.91962529089898	0.0551835862761996	0.0660223265413564	-6.36144322000588	Non-Significant
ZNF429	2.9541911515348	0.00313489763642306	0.0221937735782754	39	1.24698193916149	3.08429440572847	18.1906566401737	2.87948589045344e-64	9.03003736210957e-63	135.203882247917	LUAD
ZNF43	1.87128722086874	0.0613052808577395	0.161429349594511	31	1.09583253515734	3.02365314569055	13.1791694072124	9.58175864180993e-37	1.19074690674789e-35	72.1029886591913	VIPER Significant
ZNF430	-1.30047678014148	0.193437609525831	0.344750304085235	22	-0.0756024636963503	3.32089314860665	-1.52605486816654	0.127305790973086	0.146293097423475	-6.96793730751807	Non-Significant
ZNF431	1.31755825254747	0.187651568576936	0.339349264435526	37	0.342803561017704	4.27866539465051	5.74403397857995	1.21899280387972e-08	2.67260967925328e-08	8.00975039398201	Non-Significant
ZNF432	1.42354022310749	0.154579610490241	0.300908293722937	24	0.237653374601552	3.40966626229852	5.34565537752933	1.11124214390668e-07	2.21202474998133e-07	5.95345499259005	Non-Significant
ZNF433	1.6565687706887	0.0976066905355672	0.221646269518058	34	0.499750934768007	1.25871491070884	7.53430677903275	1.07904496962435e-13	4.83301216535018e-13	19.6837660042681	Non-Significant
ZNF436	-3.50909604685143	0.000449632500143179	0.0111506849976282	73	-0.783905284922987	4.59342342086412	-19.8635466089523	1.69284987332061e-74	7.22189443085597e-73	158.581166975826	LUSC
ZNF438	2.81738163247697	0.00484169575094681	0.0274593565947372	30	0.404040724642049	3.28795948319639	11.5205485242112	5.86039160470552e-29	5.39444690044664e-28	54.2667956014121	LogFC Non-Significant
ZNF439	0.805242696439798	0.420679642335664	0.583939715955145	45	0.215789861041809	1.85662702383061	2.97118363954338	0.00303601023854815	0.00409973142260954	-3.59234200664343	Non-Significant
ZNF44	2.48150840025905	0.0130827626662156	0.0569517710959087	90	0.441284873058818	3.30894790816804	10.401537966726	3.73242668516835e-24	2.82700638056971e-23	43.2926369337339	Non-Significant
ZNF440	-1.5206600683114	0.128345164354157	0.262594206268605	71	-0.512677282798486	3.89029544706297	-9.34794201029894	5.45924351906208e-20	3.42981778842692e-19	33.7413913718087	VIPER Significant
ZNF441	3.36984926790711	0.000752093115858713	0.0131492154122738	44	0.616190911470043	2.07416069382572	13.0787411734098	2.97981466017044e-36	3.64365114835285e-35	71.0526087937376	LUAD
ZNF442	2.20741310078003	0.0272852119419084	0.0962509372985251	32	0.754329682302864	0.264164281517541	12.6237444953732	4.71121336675398e-34	5.262655577934e-33	66.1560597112698	VIPER Significant
ZNF443	0.91699109335705	0.359147307351559	0.523001694088794	27	0.214475221158771	1.58405730834934	4.45070830613178	9.49920463935837e-06	1.58967428149911e-05	1.84691833578054	Non-Significant
ZNF444	3.59854867148956	0.000319997969190611	0.0111506849976282	85	0.640940653435141	4.93207307978756	14.6254521504431	4.01450487220003e-44	6.55052117079164e-43	88.8341935156862	LUAD
ZNF445	1.56154397610228	0.11839545630826	0.249374766328537	122	0.228178870389427	4.58942709403316	5.60241186424427	2.71768375964695e-08	5.74439952994983e-08	7.19790165041932	Non-Significant
ZNF446	-1.31013856297331	0.19014896488845	0.34096825781049	36	-0.119337024475291	2.0674378002683	-3.2167490005036	0.0013372591210414	0.00186429487850722	-2.85992178953733	Non-Significant
ZNF449	1.56070580631555	0.118593180663571	0.249374766328537	50	0.296287876157515	2.69157815943154	7.73334480090642	2.50283549701491e-14	1.16555132890138e-13	20.9910915897793	Non-Significant
ZNF45	-1.60962558365763	0.107479619592131	0.23393968264415	20	-0.123885426706228	3.57003651450226	-3.31957699622722	0.000933408120690151	0.00131960614697879	-2.67541926135422	Non-Significant
ZNF451	-0.752563942778306	0.451711991916567	0.612866535451788	23	-0.0382977490718504	5.1081772934272	-1.20403417624435	0.228855330303702	0.254737599766957	-7.59680760814443	Non-Significant
ZNF454	1.49874983684326	0.133938542531745	0.270521478795607	26	0.928433229111227	-1.16805038906953	8.62511764610044	2.41409052303398e-17	1.33366326589514e-16	28.1419736135334	VIPER Significant
ZNF460	-0.952761610297087	0.340710869275843	0.504775118420257	69	-0.676611384119164	1.01391987453762	-11.1760049504507	1.93798147067541e-27	1.67517708884113e-26	50.9864745888759	VIPER Significant
ZNF461	-0.347852296173373	0.727951112614661	0.836734818207639	32	0.111585270309271	2.49789687184416	2.07547377322597	0.038192463811103	0.0464790208654657	-5.89984070345461	Non-Significant
ZNF462	-2.46110779293571	0.0138508744748497	0.0594106691311162	51	-0.552902141230302	4.32697284763893	-7.17946162743169	1.34551974640536e-12	5.50235356245743e-12	16.914026306856	VIPER Significant
ZNF467	3.58361436044316	0.000338872294796755	0.0111506849976282	71	1.05246020641605	2.84293750810425	15.4155817580163	2.3110528397658e-48	4.37663916853927e-47	98.7357594389631	LUAD
ZNF468	1.02118986271175	0.307164494244646	0.469945592556076	33	0.327336313011764	4.21967147831208	5.52649575515402	4.14647763093745e-08	8.59929248555994e-08	6.82668116862395	Non-Significant
ZNF470	1.25830045907784	0.208283115210838	0.362370113708652	14	0.579291318455025	2.35724409847669	8.39489920986085	1.54144957993607e-16	8.15124792550818e-16	26.0364910342589	VIPER Significant
ZNF471	1.59048694144235	0.111725086824882	0.240874107106121	17	0.660463662490034	1.42589428170471	6.85379240299769	1.24200860503924e-11	3.92788278280384e-11	15.0113771293944	VIPER Significant
ZNF473	-2.89336820591584	0.00381134205264033	0.0243474128892202	26	-0.436709770862676	3.49700748680471	-11.5756403563342	3.32455604644988e-29	3.09183712319839e-28	54.8106283424337	LogFC Non-Significant
ZNF479	0.429114134635689	0.667840166417984	0.800000574058077	234	0.275757571831604	-6.35667234763766	4.74001668254085	2.43972427790707e-06	4.29319518708903e-06	2.85605735092752	Non-Significant
ZNF48	0.342297367983996	0.732127116122891	0.839177635623212	40	0.189547723268243	3.79921088181297	4.58134585438313	5.19007800673519e-06	8.88644594059733e-06	2.2097834990508	Non-Significant
ZNF480	-1.10142225708408	0.270712922986781	0.433056012846719	22	-0.0973124756213591	4.14013745160787	-2.71834110331045	0.00667214165147931	0.00874419146372171	-4.5337081546938	Non-Significant
ZNF483	3.78882566699313	0.000151361079534708	0.0111506849976282	69	1.05922279499315	2.52591962605193	16.665276971453	2.42474104092222e-55	5.73398670270135e-54	114.76404764585	LUAD
ZNF484	1.34949854911673	0.177176886046631	0.327465138980495	41	0.147610655861313	2.70608759803608	3.23061746528968	0.00127467329263815	0.00178059352549497	-2.87755433380896	Non-Significant
ZNF485	0.153371014655765	0.878105701383723	0.933786000535914	48	0.164385760198564	1.57739910118619	3.54668156307781	0.000407822818045658	0.000593851819558435	-1.71013806376875	Non-Significant
ZNF486	2.9986241639268	0.00271201625536384	0.0205115147777729	28	1.86929850665905	2.49564112757182	16.2805754589199	3.69004679140901e-53	8.16412549043422e-52	109.760839940076	LUAD
ZNF487	2.06614396633446	0.0388148878582529	0.119601296021062	176	0.362926392786303	1.95310327052796	8.54846315631906	4.49658814525391e-17	2.44638600849587e-16	27.2880995155739	Non-Significant
ZNF488	-3.79560919787426	0.000147281349575029	0.0111506849976282	59	-3.8336771718952	-0.164279972830409	-30.8982905465806	1.52334473201324e-148	6.20053475269527e-146	328.778487541275	LUSC
ZNF490	1.56117332531023	0.118482860967929	0.249374766328537	32	0.196247840379918	1.8626632857863	5.33350424017764	1.1861055865702e-07	2.35426508661014e-07	6.03907231508927	Non-Significant
ZNF491	2.48888386662671	0.0128144816808469	0.0565011956615667	32	0.876008485869617	-0.0251592254570361	13.1317329293645	1.63876884021155e-36	2.0221577214961e-35	71.7976626748566	VIPER Significant
ZNF492	0.277765053616961	0.781192719072705	0.870289555704292	85	0.33669651915228	-3.07547334020889	2.2969390860945	0.0218238433387648	0.0272360354927292	-5.00710756312037	Non-Significant
ZNF493	3.19933363978116	0.00137745658866337	0.01538751142513	69	1.23851563063722	2.40222537449265	16.1695387291775	1.55398729841102e-52	3.36916465460312e-51	108.335605346956	LUAD
ZNF496	-1.47747158187661	0.139549270500277	0.278282463395288	20	-0.293422515178588	5.33368579593055	-7.81477123381264	1.36370755263706e-14	6.45591083649827e-14	21.3225743434283	Non-Significant
ZNF497	0.305421397265656	0.760045227185834	0.859145046863104	29	0.0681790390674084	-0.446201024137386	1.06644638889611	0.286473922196604	0.314821469309446	-7.20969955608892	Non-Significant
ZNF500	0.799061217885635	0.424254915881708	0.586900309597007	66	0.148867932724441	3.72641564192384	4.50863295480252	7.27971459737794e-06	1.23121381842041e-05	1.89322490475583	Non-Significant
ZNF501	0.883504852925233	0.376963561672361	0.542382171013818	23	0.289369978244899	1.49249457457357	4.65222390311088	3.71491128920385e-06	6.43670281601018e-06	2.75418732492669	Non-Significant
ZNF502	-0.360749054582867	0.718287050230654	0.831285547638234	33	0.247245243625314	1.92972008412823	2.87619261610404	0.00410871758269877	0.00548398076963075	-3.87470824124713	Non-Significant
ZNF503	-1.84886683114763	0.0644770442102597	0.167411208698212	71	0.0557550940781433	4.39228994941721	1.00139261554459	0.316874216357318	0.34599059375053	-7.74163457477867	Non-Significant
ZNF506	1.6074877172199	0.107947421681167	0.234708209096353	24	0.47668354234588	3.7330623024445	8.45718990427108	9.37307280184602e-17	5.01497791838753e-16	26.3978931936904	Non-Significant
ZNF507	-1.39217551629074	0.163869254957545	0.312175508047614	39	-0.296328175259919	4.90280093408976	-7.58761307107224	7.31940796515672e-14	3.31557631790052e-13	19.7152421389523	Non-Significant
ZNF510	0.0786303838553514	0.937326619530109	0.968570840181113	47	0.102060194086595	3.33905664143318	2.94906716583708	0.00325996453612998	0.00439087764304064	-3.80237888229123	Non-Significant
ZNF513	-1.23051430407656	0.218504573885578	0.374109086334638	39	-0.17242425274374	4.10332279800106	-4.28979697144347	1.95809230708113e-05	3.18980643785164e-05	0.90939267667035	Non-Significant
ZNF514	0.783234140954893	0.43348962966548	0.594052097987657	107	0.173446563313022	4.10940849535433	3.517428409478	0.000454915551417937	0.000660161326319595	-2.06226200861081	Non-Significant
ZNF516	-0.865293364496237	0.386877791887646	0.553532840700786	28	-0.327500419316024	4.57782254651293	-6.0193074909682	2.43930610916035e-09	5.77785269937255e-09	9.54475452230864	Non-Significant
ZNF517	-0.0696228689380877	0.944493834325789	0.97172115304032	24	0.0249033173834789	3.68839047795519	0.553240616126338	0.580219733178014	0.608265000503993	-8.01577172908174	Non-Significant
ZNF518A	1.61859932876398	0.105533499631137	0.230685406244985	47	0.270488083447172	4.7182938680023	6.71651900029163	3.08495870839233e-11	9.31364769171057e-11	13.8009528519857	Non-Significant
ZNF518B	-2.34236223899031	0.0191621066437057	0.0742531632443595	38	-0.492405654074275	4.54589672487334	-8.01767507967849	2.93303043106436e-15	1.44600298180572e-14	22.9205120084118	Non-Significant
ZNF519	-2.88443513707803	0.00392116526445223	0.0243851189394202	122	-0.474381495094565	1.78800469879488	-8.32292698296129	2.72819404140089e-16	1.42242838478971e-15	25.5245493427437	LogFC Non-Significant
ZNF521	0.859916058149074	0.389835315985414	0.556208547075423	167	0.381654228961895	2.60999567724758	4.81901454115541	1.66131496963377e-06	2.96860705115993e-06	3.42119237094667	Non-Significant
ZNF524	2.60837947980293	0.00909720404225835	0.0448879263637415	117	0.380816671193216	3.5358721942197	8.62531851877887	2.41014415280922e-17	1.33173069799157e-16	27.757488464357	LogFC Non-Significant
ZNF525	-2.02331277790737	0.0430409103151932	0.128117802726104	17	-0.256116710454268	3.12189499892705	-4.51198112313685	7.16793033482283e-06	1.2130327941893e-05	1.96866513126474	Non-Significant
ZNF526	-1.57223387263877	0.115896322558786	0.24623952780148	24	-0.108806742733141	3.73242888665545	-3.45772066744687	0.000567221255215195	0.0008166947117719	-2.22901992795255	Non-Significant
ZNF527	0.352883712818798	0.724175621629783	0.833622262102365	22	0.0501740585398217	2.35343736680845	1.12843529203419	0.259401120029627	0.286788033189475	-7.3986391467717	Non-Significant
ZNF528	1.23459743242697	0.216980365062335	0.372446110837354	23	0.575133724364084	3.57353893573861	7.82714327535394	1.24292654785176e-14	5.89821895385982e-14	21.5959775822972	VIPER Significant
ZNF529	-0.327128188829382	0.743570932090675	0.847546588889984	40	-0.000396576912487011	3.46827450644808	-0.00801261482070935	0.993608491480827	0.994194029890072	-8.14616333837441	Non-Significant
ZNF530	-3.27470259064177	0.00105773266235341	0.0142376383366781	31	-0.515901472620919	2.16194956201211	-10.1606844456538	3.59398794766698e-23	2.60749507710909e-22	41.1510969773699	LUSC
ZNF534	1.73335771389929	0.0830321085803699	0.198220346070048	126	0.532239601785808	-4.2083262669625	5.28771608610101	1.5146293799779e-07	2.97592673953404e-07	6.14783646895252	VIPER Significant
ZNF536	-0.476818678743969	0.633491243644278	0.771098743284954	207	-0.16887778217528	-4.07283165102463	-1.21983629877528	0.222808534216272	0.248351172519373	-6.87995578950136	Non-Significant
ZNF540	3.2957345008054	0.000981647385701284	0.0140463679559763	241	1.10906271148921	0.0313396451303771	15.4104423009008	2.46511254352113e-48	4.66393642546418e-47	98.8597086543875	LUAD
ZNF541	3.46136586947453	0.000537441860711125	0.0114635615561237	113	1.06211296620016	-1.23900393836684	10.048315051697	1.01900230265784e-22	7.25224548982603e-22	40.3702395491443	LUAD
ZNF542P	1.97925730782178	0.0477870436260081	0.136441494248056	31	0.789828446460214	3.04204511726689	9.41159721388637	3.13143179219909e-20	1.99134935382574e-19	34.3715950242074	VIPER Significant
ZNF543	-2.20660674289974	0.0273415454776245	0.0962836524048533	26	-0.529138264103985	2.50145992395056	-12.1429293496819	8.62511516345881e-32	8.84189613280778e-31	60.8103180121852	VIPER Significant
ZNF544	-0.944597012241155	0.344864652957074	0.508718875234444	28	-0.169570338828708	4.51112791523756	-3.59915628854498	0.000334575204141766	0.000490509452486314	-1.81748839271145	Non-Significant
ZNF546	1.89788431785113	0.0577113226257063	0.155364955384467	115	0.315902919154438	1.88073711610939	5.78884868404689	9.42361755797884e-09	2.09164607685818e-08	8.49464342896735	Non-Significant
ZNF547	0.522801621548565	0.60111231106893	0.746283852213004	19	0.131475828925005	0.61773594503355	2.64951543627619	0.00818521605513076	0.0106396350345215	-4.37298163181603	Non-Significant
ZNF548	-0.095981868871052	0.923534972615574	0.961115235997693	25	-0.0856773934294079	3.50332617558485	-2.14388253559038	0.0322778658113236	0.0396022944002297	-5.85645590519491	Non-Significant
ZNF549	0.103122818894831	0.917865494711075	0.958628280846789	28	0.236853076182768	2.62348441932805	3.42480590985246	0.000639698554421414	0.000916761906904319	-2.23021177880469	Non-Significant
ZNF550	-0.596345703363647	0.550944305019876	0.701014955267828	22	-0.103082297548895	3.18302050019422	-2.13368250288599	0.0331065195926184	0.0405812821482752	-5.84575336134087	Non-Significant
ZNF551	-1.17162557927453	0.241347413704695	0.399189012481655	21	-0.396606284187134	2.97320606965161	-8.33039973881222	2.57167113662583e-16	1.34341333189402e-15	25.4749311516762	Non-Significant
ZNF552	2.50569029713969	0.0122212614291216	0.0548348703596114	49	0.388855488820608	3.24877006270611	7.77104068669234	1.89079019602714e-14	8.87691491383355e-14	21.2144113967769	Non-Significant
ZNF554	-1.36903102590447	0.170989576815623	0.320370580736965	52	-0.0282834945030919	2.41341271765848	-0.643684399060129	0.519924613019069	0.549377855619285	-7.83365058035533	Non-Significant
ZNF555	1.29834917797301	0.194167374562104	0.345189453338708	25	0.0955379679918697	2.18361460753621	2.54172942355049	0.0111774045523802	0.0143442594064461	-4.79858733742262	Non-Significant
ZNF556	-3.72283044576394	0.000197001824030502	0.0111506849976282	51	-2.7876959711928	-2.06916444401319	-18.5595711779599	1.73891627689513e-66	5.77956250486839e-65	140.518754669143	LUSC
ZNF557	-1.67576613105361	0.0937840106339028	0.215840366430782	33	-0.22435696143726	3.04124738925122	-5.84924320155075	6.64290809597468e-09	1.49919527350557e-08	8.7246710941444	Non-Significant
ZNF558	-2.99194705621896	0.00277204333021571	0.020699272458472	34	-0.394477123236811	4.14222357793022	-8.81832600550482	4.93100784179547e-18	2.82225756538938e-17	29.2649248097591	LogFC Non-Significant
ZNF559	-0.0518643900185984	0.958636748717491	0.978230578856386	30	-0.0497688324488852	3.19033385394756	-1.17128573120861	0.241757122282306	0.268279438786051	-7.43240163346904	Non-Significant
ZNF560	-0.346555275518896	0.728925450803902	0.837222792158678	302	0.185409529830167	-4.35701433550059	1.08266534925718	0.279212522977975	0.307267691394828	-7.04499122758241	Non-Significant
ZNF561	-1.01329511914829	0.310919218172502	0.472295405371852	33	-0.201626375177808	4.879678070687	-5.55616829370428	3.51745085292826e-08	7.35068930748558e-08	6.91627490752772	Non-Significant
ZNF562	-0.86895187309929	0.384873455013753	0.551050447136556	20	-0.226586355030488	4.78981037856015	-6.21767522087232	7.3431631834825e-10	1.85442018742484e-09	10.6933161859822	Non-Significant
ZNF563	0.957819104685969	0.338153983814315	0.502442302748068	35	0.259875793441073	1.00871458279183	5.02403167864132	5.97013258541078e-07	1.11027090957035e-06	4.55665286442182	Non-Significant
ZNF564	0.110785291763764	0.91178660902133	0.956674565157765	80	-0.00792701997807975	-2.34694047107692	-0.132193507502475	0.894857273246814	0.904891831902369	-7.6541131462773	Non-Significant
ZNF565	-1.53929857832469	0.123731420878007	0.256229237972068	34	-0.106452763305342	1.74443806253411	-2.7947958542549	0.0052904991619466	0.00699129405597066	-4.08596275378715	Non-Significant
ZNF566	0.0831363318685762	0.933743137173871	0.96682108231667	20	0.0681770462902417	2.92441835347871	1.5545903900227	0.120353447323328	0.13866313133159	-6.88426676538459	Non-Significant
ZNF567	-0.380037381345548	0.703917666885931	0.821571903279301	30	-0.140739064743466	2.87324776758805	-3.05563883642063	0.00230412731832369	0.00314262638328296	-3.43871689589314	Non-Significant
ZNF568	0.404963971227306	0.685503994429621	0.81259627613152	21	0.279009583324919	2.37509616037105	3.92817163757776	9.13460709043738e-05	0.000140552611351929	-0.379859416372549	Non-Significant
ZNF569	-0.661752518558293	0.508129840539627	0.666312368929929	21	0.104473340831073	2.0944556311191	1.65058013306853	0.0991317795126447	0.115324163833329	-6.64940585686665	Non-Significant
ZNF57	-0.0909385728888283	0.92754140042397	0.963813969155634	33	-0.288954103821039	-1.91774022116633	-5.27298236219569	1.63795335201133e-07	3.20752146340585e-07	6.01748098738587	Non-Significant
ZNF570	0.00651496226710775	0.994801848965243	0.997727736756318	23	0.147049953770942	2.60626620646783	2.45705303923034	0.0141735885183315	0.0180131275637059	-5.05006648312542	Non-Significant
ZNF571	0.756741994515739	0.449204450321315	0.609868815764705	26	0.303263341669085	1.74491040276537	5.98365881771494	3.01565570894729e-09	7.07562270276417e-09	9.61605783731786	Non-Significant
ZNF572	-1.01325295888147	0.310939350457422	0.472295405371852	59	-0.121601763408334	1.33644515835574	-1.77382326438843	0.0763902891558308	0.0899812830997117	-6.36640916849295	Non-Significant
ZNF573	1.83017993490393	0.0672230371482675	0.172138090119343	34	0.410689389261395	0.877249903531778	7.22801655533452	9.58619581623036e-13	3.99102465161217e-12	17.57179055493	Non-Significant
ZNF574	-2.07286722654177	0.0381846378436317	0.118372377315258	33	-0.2755704823785	4.60230511699733	-7.47029253777755	1.71438546932031e-13	7.57365338130376e-13	18.9099022574696	Non-Significant
ZNF575	-2.72195514527009	0.00648969503013421	0.034113863314215	50	-0.374603563925814	0.899533908282203	-9.18837826988024	2.16919266928815e-19	1.32376887202492e-18	32.6457786447503	LogFC Non-Significant
ZNF576	-2.48509396706822	0.012951724205023	0.0566829413335169	51	-0.240765460021616	3.34849048727976	-7.96698737410781	4.31927751551647e-15	2.10774926026111e-14	22.6586991202994	Non-Significant
ZNF577	1.55149278196394	0.120783635787053	0.252578252910123	38	0.481952428499204	2.1377994772719	7.60470601017089	6.45964188952736e-14	2.93573828822991e-13	20.1094034136073	Non-Significant
ZNF578	1.51598023575466	0.129524350068009	0.264213579272957	34	1.43298177823301	-0.864475556180647	12.8283127452022	4.9127135285294e-35	5.69654296312033e-34	68.4670106015865	VIPER Significant
ZNF580	-0.563527281498177	0.573075888304212	0.720522464402175	48	-0.157624718299115	3.87111860862809	-4.06601455475632	5.14999478457522e-05	8.09053452635486e-05	0.0140220829610023	Non-Significant
ZNF581	-0.814305787069586	0.415469795283189	0.579843929842704	222	-0.15389466944759	4.19897752529013	-3.98908664493773	7.10602862663225e-05	0.000110396832373438	-0.325130821135902	Non-Significant
ZNF582	1.83515452139249	0.0664827974701678	0.170669766153028	33	0.721867644079222	-0.0967108262426075	9.54152167952687	9.97457500134664e-21	6.49172126388158e-20	35.7671659486242	VIPER Significant
ZNF583	1.3548725996722	0.175458150887028	0.325716166456909	20	0.622821659575875	1.45165631718129	10.0258411051424	1.25375159535707e-22	8.8857121117811e-22	39.9743451356937	VIPER Significant
ZNF584	-1.6952944866827	0.0900195701776316	0.209772255789788	33	-0.357579258267166	3.15161563868355	-10.1104599299656	5.7328023268297e-23	4.12899338112361e-22	40.6005149592799	Non-Significant
ZNF585A	0.00809640052886837	0.993540077596501	0.997333259484892	16	0.447591394742821	2.27434762263359	7.10313687896558	2.28350875300233e-12	7.81378906343465e-12	16.5945209613112	Non-Significant
ZNF585B	0.498463543977886	0.618157358475273	0.760726644803951	20	0.616215854837838	3.1710084402632	9.77680734033992	1.21628597212768e-21	8.26815676797433e-21	37.5738605170044	VIPER Significant
ZNF586	0.394700631985186	0.693063836307054	0.8168252356476	42	0.0284259248705075	3.27537339056528	0.672862409123126	0.501187034225666	0.531099177655647	-7.90021820769183	Non-Significant
ZNF587	0.210559733033193	0.833230836192568	0.906321260419986	52	-0.0523521337391867	4.05918676674954	-1.0909216460023	0.275564651578309	0.303500575446081	-7.61264631829118	Non-Significant
ZNF587B	1.6740524330501	0.0941202950257811	0.216128084874016	25	0.292762644574794	3.54380127640233	6.55878113848936	8.60251433748274e-11	2.45025699546389e-10	12.9174224582908	Non-Significant
ZNF589	-2.18932631530835	0.0285731310092117	0.0989181489760526	93	-0.351993616079464	3.71703122574498	-6.33616130269218	3.52664479518302e-10	9.2520713510216e-10	11.5207749271014	Non-Significant
ZNF594	-1.13896465722828	0.25471789563135	0.414930584762534	50	-0.179025521943609	2.15507055010427	-2.78077453440687	0.00552265279377476	0.00728479729147769	-4.16412202975555	Non-Significant
ZNF595	0.375071807983984	0.707607063044377	0.823858139088089	25	0.541091980623796	2.43550256575608	8.69715112899366	1.33987896786485e-17	7.49341120113915e-17	28.4397456690369	VIPER Significant
ZNF596	0.495517018956592	0.620235211627107	0.762162908702138	66	0.206908542210501	1.19317778484186	3.73868646478196	0.00019525480291171	0.00029215951184999	-0.983880298795233	Non-Significant
ZNF597	2.82413484493297	0.00474084346447714	0.0272465329447197	27	0.903105596538298	2.31254547745721	11.8626368038704	1.67870733188109e-30	1.6429601550016e-29	57.8782902479325	LUAD
ZNF599	-2.07497989079007	0.037988398529564	0.117942736557645	75	-0.168880697382871	2.40905304743065	-3.64066644267923	0.000285569969527687	0.000421022292823307	-1.45604817182057	Non-Significant
ZNF600	0.052606880945394	0.95804513436297	0.978123924604111	27	0.0778747288765195	3.50033499529299	1.44307567803368	0.149305769400325	0.170157761450958	-7.10913540419515	Non-Significant
ZNF605	1.66486765345414	0.0959391628506249	0.219439662628226	29	0.368014234070612	3.65360925815532	6.77886811964763	2.04480326252435e-11	6.30174368521674e-11	14.3131929228057	Non-Significant
ZNF606	0.370574320508248	0.71095461160563	0.825546614838319	36	0.242843205690834	3.39271774956853	4.95099935515079	8.63360505332189e-07	1.5824237347061e-06	3.97454914976977	Non-Significant
ZNF607	0.374344924976172	0.708147712432937	0.823858139088089	21	0.364510846387989	2.62603383408155	5.19679611187602	2.44762767243426e-07	4.70942076312085e-07	5.26609911657946	Non-Significant
ZNF608	3.45424986552594	0.000551825850150422	0.0116395431897708	63	1.11120602434525	3.54302410229395	14.0779127584205	2.86507820724328e-41	4.23329195976744e-40	82.4208523099547	LUAD
ZNF609	0.605197067258717	0.545048064239255	0.695242106878751	20	0.0112895109391554	5.90976211481082	0.269069708392489	0.787930383839936	0.806412450192989	-8.37719940311339	Non-Significant
ZNF610	1.28654980934756	0.198251247196643	0.349613847118317	20	1.04241038074444	1.12315606444805	12.5519888935673	1.0347537702345e-33	1.14085922641421e-32	65.3131421107248	VIPER Significant
ZNF611	1.41244043660434	0.157820317186556	0.304910641136632	27	0.252641659617094	3.09295334001893	5.16902919788639	2.82985455246351e-07	5.41104174810159e-07	5.08054629643738	Non-Significant
ZNF613	2.5104689782047	0.0120570915391148	0.054217163272591	24	0.614131353001448	2.31792024971243	12.0086817428199	3.59762658570508e-31	3.60776502039649e-30	59.4072946750745	VIPER Significant
ZNF614	-0.0615447512423368	0.950925375592944	0.974174590542194	32	0.0958712269213367	3.44501430443727	1.70247505844379	0.0889706310455625	0.104053248010246	-6.69644416115981	Non-Significant
ZNF615	0.187989259114433	0.850885071057096	0.916404852676862	20	0.513886128569523	2.83120390793387	10.0686406941027	8.44513132374131e-23	6.03570437974714e-22	40.245931935947	VIPER Significant
ZNF616	-0.415161710762809	0.678023526423618	0.806532636664373	14	0.0623692337455452	3.39128702289503	1.75135098939594	0.0801856248311661	0.0942240153212526	-6.60680837216399	Non-Significant
ZNF619	1.35231056155622	0.176275987151749	0.326685389232317	25	0.2271346056159	2.34096800535867	6.46757301775292	1.5413919704828e-10	4.24055833664557e-10	12.4626235919193	Non-Significant
ZNF620	3.46114664775677	0.000537879721108444	0.0114635615561237	105	0.9090232786569	1.37074362319075	16.3461359129967	1.57466292129738e-53	3.52192297417913e-52	110.685320990139	LUAD
ZNF621	2.19007207120945	0.0285190103603168	0.0988981274528953	49	0.251846794288839	4.54320851923324	6.98964368643523	4.96852502818034e-12	1.64361294307105e-11	15.609412379725	Non-Significant
ZNF623	-0.779495309710991	0.43568799941883	0.596665091573579	40	-0.141917395399849	5.3281331524191	-3.96565009358052	7.82998566938754e-05	0.000121181773777743	-0.53966758450016	Non-Significant
ZNF624	-1.37836087894456	0.168091895580374	0.316486198926024	32	-0.120988047228216	1.93999292589518	-3.25264389245612	0.00118081438782354	0.00165399181221868	-2.73280487221738	Non-Significant
ZNF625	1.22976536431906	0.218784981750364	0.37427598048599	44	0.492582120068438	-3.70979116884322	5.71843364373113	1.41095242479909e-08	3.07195680059742e-08	8.44995934867477	Non-Significant
ZNF626	0.98057610250742	0.326801823799583	0.488055862404341	30	1.75443212537227	1.70719603726211	16.8978683058875	1.12519179583387e-56	2.78960253863242e-55	117.877805600377	VIPER Significant
ZNF627	1.72533420771018	0.0844672605817234	0.200953505988612	125	0.263604926502472	3.95439239676071	6.38760754587072	2.55513782119633e-10	6.82844697127463e-10	11.8117019118645	Non-Significant
ZNF628	-1.84305968830871	0.0653202961843061	0.168957428562693	44	-0.187289040296239	2.88784851781943	-4.14981772465848	3.60445681667103e-05	5.74314436132421e-05	0.451452923249855	Non-Significant
ZNF629	0.067161267500059	0.946453319529882	0.972999592262642	18	0.104230647924803	5.17646773758575	2.32938005822199	0.0200331680540558	0.0250982644927346	-5.6221730034643	Non-Significant
ZNF630	1.40797284078873	0.159139112268143	0.306590041149359	53	0.259513476610172	1.42015420970188	4.32755924420625	1.65585835197061e-05	2.71463197005593e-05	1.3318514352544	Non-Significant
ZNF639	-3.50091530186261	0.000463663178269499	0.0111506849976282	179	-1.17534500593362	5.42654289637808	-27.3301889904344	7.074311553322e-124	1.34314732485389e-121	272.018480906579	LUSC
ZNF641	-0.288551845869249	0.772924349993885	0.864389741125029	27	0.0467330712310879	4.67314713614068	1.30987479076294	0.190532734424061	0.214207397200452	-7.41587671976541	Non-Significant
ZNF644	0.641344341222144	0.521298986318966	0.67719220698959	60	0.0993261530161364	5.44984905942362	3.01839985203751	0.00260419382400525	0.00353582275992506	-3.82293316384342	Non-Significant
ZNF646	0.218231793134882	0.827248514668193	0.901251576683239	38	0.134216182017383	4.81870787309258	3.43260528905306	0.000621783739070509	0.000892336020230943	-2.42953449756293	Non-Significant
ZNF648	-0.142196536375855	0.886924767562739	0.939258837698429	262	-0.167311136505942	-4.08010434591436	-1.28585021440667	0.19878678426359	0.222938765185838	-6.79761959337756	Non-Significant
ZNF649	0.20522824758435	0.837393800747088	0.907366722667289	31	0.263145200180914	2.31463906332854	4.14048516925126	3.75175185337776e-05	5.96743636290027e-05	0.468994019943523	Non-Significant
ZNF652	2.77204666313655	0.00557050505439516	0.0303118439927992	40	0.283691653580129	5.23790216678917	7.83791859581873	1.14636565355219e-14	5.45044177083334e-14	21.5040235821665	LogFC Non-Significant
ZNF653	-0.525613798354169	0.599156567635184	0.744622684365834	46	0.0537145529502746	2.12726006774061	1.48744617074262	0.137205658214152	0.157065102203541	-6.90789948151806	Non-Significant
ZNF654	1.38425646762717	0.166279938488646	0.315000492440799	27	0.171854906360703	3.86803545472801	4.63247341388459	4.0795644364191e-06	7.0467467667445e-06	2.43352545416118	Non-Significant
ZNF655	-0.0642835133151586	0.94874448076938	0.973974514628275	32	-0.031319518083721	5.89665942673139	-0.704561530847749	0.481243765256507	0.511438674549669	-8.16361002710727	Non-Significant
ZNF658	-2.44414996411028	0.0145193898635064	0.0612775506645938	43	-0.72210997007733	0.915534152922142	-12.560888545054	9.38712319565444e-34	1.03631538203262e-32	65.4253397848397	VIPER Significant
ZNF658B	-1.63985524688536	0.101035267905572	0.225674845125328	50	-0.420336929177879	-1.20896557525429	-5.85871225732368	6.28669511717998e-09	1.42345283368382e-08	9.14011853953405	Non-Significant
ZNF66	1.02670676147894	0.304558564496065	0.468868941278366	39	0.890258610007282	0.234080286407995	9.45131272288231	2.21032724498263e-20	1.41574819128673e-19	34.956063753925	VIPER Significant
ZNF660	1.38446486933566	0.166216157897711	0.315000492440799	80	0.425791625843875	0.65090162054315	5.72296752479175	1.37493657395236e-08	2.99704199025297e-08	8.23914630617411	Non-Significant
ZNF662	3.00693525372124	0.00263895963573677	0.0203536096561194	68	0.798375130476599	1.35378575519578	8.47282279816595	8.26894145854611e-17	4.43820794849187e-16	26.7397648721649	LUAD
ZNF664	0.562136130660582	0.574023273204079	0.720522464402175	36	0.155810567076634	7.1667144890289	4.08874586683038	4.67784347231509e-05	7.37981374682813e-05	-0.270338449554522	Non-Significant
ZNF665	2.02437621678087	0.0429314569385201	0.128062868715886	25	0.996624876839501	0.580823923791573	12.7770487731869	8.67794020369636e-35	9.99232614774392e-34	67.8145083683336	VIPER Significant
ZNF667	0.360327457247584	0.718602268526231	0.831285547638234	37	0.372161611459431	0.822652511595363	3.19263828015033	0.00145286753746253	0.00201916649085092	-2.81918207270964	Non-Significant
ZNF668	-0.562305711052014	0.573907747902792	0.720522464402175	29	-0.155303595416603	1.92673967483874	-4.7211870649885	2.67152913959731e-06	4.68487258554207e-06	3.02985140067027	Non-Significant
ZNF669	-0.0844234581381692	0.932719756964811	0.96682108231667	28	0.0114548864239925	2.3939846513633	0.288980674615542	0.772654809254109	0.792320495402124	-7.99711055364161	Non-Significant
ZNF670	-1.30257697954877	0.192719221218782	0.344369892238977	33	-0.246233239370079	2.26664633340739	-5.19362977326073	2.48855164590934e-07	4.78382476099678e-07	5.28437198498935	Non-Significant
ZNF671	2.80429316511392	0.0050427030516832	0.0279603535060808	24	0.920664348629248	2.04112430774728	14.4243282594558	4.57149983887423e-43	7.17566088021074e-42	86.6587356172497	LUAD
ZNF672	2.83630424192984	0.00456389470294608	0.0265619286377969	50	0.416008049017996	5.492046064085	13.2188792342487	6.10781067909541e-37	7.65111435975132e-36	72.3192795147259	LogFC Non-Significant
ZNF674	-1.20202494688339	0.229353862803661	0.386538717706994	48	-0.0183401204755655	1.8983575323118	-0.501451220185541	0.616161663431188	0.642870872796187	-7.86497508572439	Non-Significant
ZNF675	-0.850693045799479	0.394939887230299	0.560460126668908	20	0.292443513911003	3.04924776502334	4.42976037517427	1.04510311863404e-05	1.7430215264668e-05	1.61526627326474	Non-Significant
ZNF676	1.48974323734117	0.136291761215885	0.273653526445242	91	1.24612865771149	-3.32637910912539	8.75001104834985	8.67567431154249e-18	4.9008488337646e-17	29.2338154834193	VIPER Significant
ZNF677	1.04896456919883	0.294194425642239	0.458781855841479	25	0.707517594625606	1.64624526375483	7.16353302778477	1.50316308991652e-12	6.11545648966037e-12	17.0621560484567	VIPER Significant
ZNF678	2.91036359820149	0.00361008506385624	0.0238566568639102	48	0.619474999527173	3.38554759442244	15.4690670758304	1.17977576294075e-48	2.25218548873369e-47	99.362219000421	LUAD
ZNF679	-1.13271294583031	0.257334819359186	0.417862730483249	211	0.0036175413705471	-5.99275597615324	0.0382773108613272	0.96947406098454	0.972521703950131	-8.0807257986067	Non-Significant
ZNF680	0.263282507218357	0.792332841423805	0.875612411558268	30	0.333008878407216	3.71242138799055	6.46858704821676	1.53149021051204e-10	4.21526880367277e-10	12.3364926806988	Non-Significant
ZNF681	2.61962275782021	0.00880270841201959	0.0439276619780295	34	1.2851700162722	1.88928624614592	14.4932593013754	1.9909462846988e-43	3.16861180666297e-42	87.4970386686289	LUAD
ZNF682	1.5812482880905	0.113821278317426	0.243851660143931	31	0.999956531842319	1.45871713254116	10.038889135982	1.11162280868054e-22	7.89346500794099e-22	40.0928704233011	VIPER Significant
ZNF683	0.527873469015079	0.597587160160882	0.743260382789766	79	0.647513521214861	0.776205490185001	5.89291485009124	5.14849472219671e-09	1.17712987017538e-08	9.1831178500286	VIPER Significant
ZNF684	2.11223471708739	0.0346663221456193	0.111171308949745	65	0.328005732544208	1.46065930414587	8.15368507307993	1.02750776539532e-15	5.19676171839411e-15	24.2464139405675	Non-Significant
ZNF688	1.40229703082042	0.160826566700322	0.308389086662473	223	0.230545960037928	3.33324187761726	5.7988425337969	8.89579514823212e-09	1.98070595082049e-08	8.41195592644434	Non-Significant
ZNF689	-1.1895593636748	0.234219625595667	0.391634998627017	37	-0.0841103990045893	3.5565914492912	-2.4915732414737	0.0128756233330905	0.0164289017008539	-5.06015075825589	Non-Significant
ZNF69	4.02029728162788	5.81247471172091e-05	0.0111506849976282	86	1.75945366413352	1.28531133718646	25.557522696988	8.88678981515062e-112	1.15057790489097e-109	244.385965766228	LUAD
ZNF691	0.314720951338257	0.752973535176564	0.853920495436859	79	0.170062971556505	3.4586362963232	5.24303359731923	1.91930246215509e-07	3.73337656438383e-07	5.41970586496104	Non-Significant
ZNF692	-0.486376356039919	0.626700351142925	0.767342261183977	179	0.0280988622243918	4.74430956065833	0.483817556834908	0.628619067239447	0.654787655276565	-8.16404947309815	Non-Significant
ZNF695	-2.3830320606195	0.0171706988398983	0.069150650627215	56	-1.11777609720519	-0.996767357629409	-8.29717565191717	3.3431083379674e-16	1.73542015374204e-15	25.5419940538018	VIPER Significant
ZNF696	-0.00271121259479969	0.997836767979758	0.999302020208803	33	0.0220184025346375	3.58324180812963	0.507626942496496	0.611824589324412	0.638704631798859	-8.02913064018811	Non-Significant
ZNF697	-2.32817984896935	0.0199025557339601	0.0765425357738389	89	-0.437401944529348	3.10640822454552	-8.52682377212704	5.35516821504289e-17	2.90419402733486e-16	27.0103574775484	Non-Significant
ZNF699	-0.922413148915213	0.356313113728109	0.520726164776936	41	-0.284521230610249	2.39137626742556	-6.03883104704541	2.17076680796402e-09	5.17789833414456e-09	9.87606845196727	Non-Significant
ZNF7	-0.920793376514879	0.357158313713704	0.521216768800455	41	-0.0898261351105526	4.44362936630258	-2.67631092827042	0.00756294745513009	0.00986073982567656	-4.67854322714517	Non-Significant
ZNF70	-1.43917895619205	0.150099826072096	0.294102555709704	44	-0.166469226337822	3.00447353170275	-3.71788337964379	0.000211816673608852	0.000315851490792494	-1.23384400282045	Non-Significant
ZNF700	0.814418647624352	0.415405159461998	0.579843929842704	60	-0.0929004360702025	3.06634125063775	-2.05303898714614	0.0403230941686295	0.0489596378955366	-6.00216717438801	Non-Significant
ZNF701	1.65417352766521	0.0980922599334056	0.221689842052059	28	0.623665432358101	2.6439258286747	10.8081109889635	7.42235408921671e-26	6.0274424222449e-25	47.2360680783948	VIPER Significant
ZNF703	-3.5444681759418	0.000393405993901223	0.0111506849976282	47	-1.466574571673	5.00948635828327	-17.7310949131726	1.55556069916663e-61	4.49403527804449e-60	128.776024489979	LUSC
ZNF704	1.79860193942972	0.072081670358601	0.179414960527613	46	0.431682963330556	4.6306957496047	5.02514029599242	5.93657632201168e-07	1.10441059694524e-06	4.20782066007676	Non-Significant
ZNF705A	0.38123099096172	0.703031854928319	0.821006378529304	556	0.141019961261133	-5.80505963153179	2.00319580081719	0.0454201188897755	0.0548324341864601	-5.9851819216282	Non-Significant
ZNF705B	-0.358733224328767	0.71979467106755	0.832033840115372	255	0.178208345622251	-6.56653272612437	5.75880857217611	1.12003876181075e-08	2.46575325991433e-08	7.98522239491906	Non-Significant
ZNF705D	-0.559571625398811	0.575771663446084	0.722273956720226	190	0.126385707241626	-6.49011270431136	3.29765073503518	0.00100859156407616	0.0014216354184757	-2.90305853512259	Non-Significant
ZNF705E	-0.178958758025062	0.857970085172477	0.922202317068125	150	-0.220594812077438	-4.04348379669873	-2.52264622015457	0.0117985180813895	0.015107421387661	-4.45430339981736	Non-Significant
ZNF705G	0.153433510432485	0.878056420241258	0.933786000535914	255	0.131882957794275	-6.42445652292168	2.97958024127087	0.00295473197873415	0.00399306083822792	-3.8667993391786	Non-Significant
ZNF707	-0.38703181707255	0.69873265335554	0.819259030811137	53	-0.133903279101376	3.79278975463247	-3.00212638629157	0.00274622767522429	0.00372118640252534	-3.69209827644571	Non-Significant
ZNF708	1.27951718912891	0.20071499048377	0.352198002169635	31	0.54848304497215	2.57523187155047	9.8486589355173	6.34409335679205e-22	4.36354671196853e-21	38.2721940713278	VIPER Significant
ZNF709	1.61673132265472	0.105936289584564	0.231168581357012	57	0.547596902094932	-2.62472927019086	7.55408976869011	9.345485732755e-14	4.20355873933115e-13	20.07639352457	VIPER Significant
ZNF71	0.273133163082029	0.784750855111857	0.872608831281989	25	0.183116743323342	3.03522723438754	2.92956820225038	0.00346980804237233	0.00466147355112604	-3.82878937695939	Non-Significant
ZNF710	3.18179378040506	0.00146365994970634	0.0155971263390581	39	0.698453432339084	4.93436977465704	13.0748061642419	3.11488712372062e-36	3.80490024874296e-35	70.7555115670391	LUAD
ZNF713	0.820048215911067	0.412188621139575	0.57723334623653	32	0.204157518414884	1.30887782949715	3.18730655706035	0.00147964778012309	0.0020548473693535	-2.88124203802902	Non-Significant
ZNF714	-0.459981020150684	0.645529843927456	0.77932581484144	23	0.219410103411837	3.07708170053953	2.6987158591786	0.00707561291420185	0.00925011436417435	-4.47765279412128	Non-Significant
ZNF716	-0.298668349008609	0.765193109167806	0.861157921538686	208	0.169216406050768	-5.31943431740196	1.23836074083744	0.21586688261439	0.2409934292635	-7.01715270113133	Non-Significant
ZNF717	3.29032171670955	0.00100072894642763	0.0140463679559763	30	1.11849680011145	1.74206576319415	15.6488100962784	1.21885214796857e-49	2.40960500989116e-48	101.745692650307	LUAD
ZNF718	1.06378248220648	0.287427248852272	0.450288017727219	27	0.894412269885936	2.39278088798981	12.9224531937563	1.72080193173809e-35	2.03547166396098e-34	69.2841816069831	VIPER Significant
ZNF721	0.914960640143796	0.360212293455743	0.523805509886602	36	0.382589830518117	3.80444239370717	9.25471495078554	1.22527455905101e-19	7.57615141199923e-19	32.9502058396886	Non-Significant
ZNF723	0.0616654700825302	0.950829238496669	0.974174590542194	174	0.42075019528501	-5.86375973148458	4.27973737113573	2.04707954760739e-05	3.32955076431191e-05	1.05967997163425	Non-Significant
ZNF724	-2.65879962481304	0.00784195868001893	0.0398130209908653	56	-0.316803123739909	-0.708446234147913	-3.4669109619843	0.00054839679278909	0.000790395231981889	-1.78802647980675	LogFC Non-Significant
ZNF726	1.41117283074812	0.15819365921885	0.305343610152611	39	1.13586028144536	0.642867837770278	10.9457919974172	1.91798057141232e-26	1.59100825540648e-25	48.7425712026337	VIPER Significant
ZNF727	1.72801831701429	0.0839849404794446	0.200038635880028	37	1.37944131719628	0.31028544654553	10.1719005305806	3.23727908249699e-23	2.35329399431864e-22	41.4062818187713	VIPER Significant
ZNF728	2.49478827602293	0.0126032305927279	0.0561791063022252	52	1.0997841195053	-4.61636020627739	9.43068378416142	2.64912519401516e-20	1.68915840026544e-19	34.9343424175741	VIPER Significant
ZNF729	0.0394750893598049	0.968511613843599	0.983411792518116	220	0.377825586486407	-5.98795923001663	3.96460706795757	7.86377505495804e-05	0.000121679050198144	-0.279622551621895	Non-Significant
ZNF730	0.499337438509684	0.617541684557724	0.76068048561415	54	0.636334463867022	-1.98137144291093	4.3213165631784	1.70254434811455e-05	2.78801606435392e-05	1.5619473640777	VIPER Significant
ZNF732	1.34222736215683	0.179522287149886	0.330308093083334	47	0.826676391253222	-2.848498529921	6.33124002456566	3.63660988158654e-10	9.52626357370376e-10	11.9905116252816	VIPER Significant
ZNF735	-0.144802505463151	0.884866804003296	0.937856624063184	245	0.0634326746556393	-6.36626150849291	1.1348645965508	0.25669831672951	0.28392664659553	-7.61995632212699	Non-Significant
ZNF736	0.597339368048322	0.550280825540773	0.700606452430878	35	0.314816660712488	3.65498777736926	4.85112385969013	1.41880385537881e-06	2.55160563834877e-06	3.46987805863748	Non-Significant
ZNF737	2.67521724441961	0.00746808398302746	0.0381992495731855	35	1.60327596096576	2.58479537924421	17.6631443735785	3.91600147723745e-61	1.11454128250857e-59	128.04742320396	LUAD
ZNF74	-2.2834612979977	0.0224032100842782	0.0831886893510584	48	-0.5767340448916	4.11772049740181	-12.516868175154	1.51905116088586e-33	1.66431882997722e-32	64.68046124818	VIPER Significant
ZNF740	-1.60313574846673	0.108904687026331	0.236037065313425	33	-0.269364037335493	5.17409427615719	-8.51364375736438	5.95547683063269e-17	3.22063992732741e-16	26.6976079909122	Non-Significant
ZNF746	-2.11944943219168	0.0340525030026403	0.110239590416776	41	-0.236826172412158	4.84201584070885	-6.21219331519826	7.59437005156264e-10	1.91501094349817e-09	10.6548684673341	Non-Significant
ZNF749	-0.765143175767544	0.444186292384019	0.605466458506131	12	-0.360759352516618	2.22099891720155	-8.30636984265076	3.10927740390381e-16	1.61601389086751e-15	25.35689210785	Non-Significant
ZNF750	-1.88297013749973	0.0597044150416792	0.15864315996789	50	-1.90015403834447	3.81451167802281	-15.0665433642548	1.79487395424214e-46	3.17263457700023e-45	94.322837175689	VIPER Significant
ZNF75A	0.938605228106815	0.347933467555995	0.510302419082126	37	0.167179379967807	4.10726706195457	3.79475860944128	0.000156476204170149	0.000236048925857223	-1.0609613681953	Non-Significant
ZNF75D	3.43630112506312	0.000589715127519072	0.0118046470220866	62	0.712224975828222	3.86190223969569	17.1934164097568	2.19839314141526e-58	5.75270406054093e-57	121.643381821825	LUAD
ZNF76	2.45859644794177	0.0139481305539139	0.0597026676010626	86	0.424106966193671	5.13852018608654	11.6418458866512	1.67766786208393e-29	1.57701309775485e-28	55.330388831917	Non-Significant
ZNF761	-0.875849932401834	0.381111620964057	0.546429135593875	14	0.045086465571035	4.05852786770994	1.09961112516419	0.271760707928716	0.299610848933822	-7.60306845091727	Non-Significant
ZNF763	3.03941643310928	0.00237036953496267	0.0195683419606718	48	0.923144404917429	-0.399502501071254	14.9068923525804	1.28700405834996e-45	2.20157714955565e-44	92.65733846011	LUAD
ZNF764	-0.232706430300721	0.815989375626927	0.893375938897028	29	0.0961796746505798	3.30002483455345	2.82415024732226	0.00483282436200435	0.00641401284947255	-4.15615589519031	Non-Significant
ZNF765	-1.77301695352931	0.0762258976559101	0.187000223745794	16	-0.119940648173883	3.4786346039862	-3.3667694767612	0.000788892012304769	0.00112234530212912	-2.51004775266788	Non-Significant
ZNF768	-1.14509291829717	0.252170668720381	0.411764715244932	50	-0.0479570546898821	5.26159406106288	-1.18729892747865	0.235385789661345	0.261619498058741	-7.63404679202654	Non-Significant
ZNF77	-3.16902445541696	0.00152951524982673	0.0159082957117779	32	-0.500376711415	2.15396263868135	-11.6642141593273	1.33065085529851e-29	1.25618091148251e-28	55.8363317123947	LUSC
ZNF770	-2.84124867644475	0.00449372561807655	0.0263443054859158	80	-0.825576383628568	4.61795880847262	-15.7310458692552	4.29148259122412e-50	8.6217016885962e-49	102.556566229592	LUSC
ZNF771	-2.92438530982234	0.00345137237779755	0.0232286443584664	75	-0.459264372875497	1.82076393595997	-10.0209646759915	1.31137339970428e-22	9.28081303134763e-22	39.898652114242	LogFC Non-Significant
ZNF772	-0.475057773893593	0.634745794652569	0.771098743284954	20	-0.111635275147436	2.84936493942662	-1.84783682649765	0.0649149337788548	0.0770153677316032	-6.37932805859404	Non-Significant
ZNF773	-0.264787559227628	0.791173121228096	0.875612411558268	18	0.0817249518109858	2.09698896469651	1.46372971230189	0.14357550143986	0.163940077318985	-6.93988384001639	Non-Significant
ZNF774	-2.05214709143764	0.0401553695545778	0.12156066898747	53	-0.0779597127110943	2.09351129296904	-1.58510957848782	0.113250988600074	0.130855624893774	-6.75495350440141	Non-Significant
ZNF775	-0.416378838097539	0.677132811118728	0.805941670476391	36	-0.174241168908535	1.78448925833983	-3.32374046462253	0.000919732989927613	0.0013010269111698	-2.48669170234185	Non-Significant
ZNF776	0.71541093199855	0.474355159408671	0.634748630575631	29	0.07702116060994	3.82966087583591	2.01049862058717	0.044640924410537	0.0539344992568155	-6.16597370821708	Non-Significant
ZNF777	-2.0520609426994	0.0401637400955667	0.12156066898747	38	-0.302059196362365	4.50245775805541	-7.99195746530431	3.57040112284994e-15	1.75035660392347e-14	22.7312473121328	Non-Significant
ZNF778	1.80751981836485	0.0706812674728068	0.177005964809502	35	0.361050382760019	2.89460677379119	7.28829936066508	6.27537905807261e-13	2.65315133241378e-12	17.8045006817702	Non-Significant
ZNF780A	0.521270741256154	0.602178180265639	0.747153763992419	14	0.320185387206564	3.29577220649743	7.31002863466522	5.38256301180323e-13	2.28657925586125e-12	17.9168360159828	Non-Significant
ZNF780B	-1.11272996656122	0.265824421371607	0.428249422146699	42	-0.0982829362078997	3.46038496935944	-1.95860756758287	0.050430596893757	0.0606054414884792	-6.23061932523279	Non-Significant
ZNF782	0.829170150768738	0.407008132818904	0.572328962025757	64	0.169883535394232	1.62899388168172	3.79408001118198	0.000156898712105551	0.000236644241625761	-0.818996812721792	Non-Significant
ZNF783	0.0771880610688034	0.938473939197463	0.968777840362266	48	-0.0763026653115964	4.03998766552635	-1.52834134874498	0.126737430878401	0.145665318727603	-7.03861386041169	Non-Significant
ZNF784	-1.14249166822566	0.253249707315977	0.413196890883962	27	0.0108296639802593	2.83580241119371	0.255056854399558	0.798730536321865	0.816425455924585	-8.04992929431855	Non-Significant
ZNF785	1.08587631207832	0.277533718274132	0.439840424158694	100	0.278705181339413	2.9106535875021	5.63487578655662	2.2649646688571e-08	4.82852831741178e-08	7.54488815637969	Non-Significant
ZNF786	-0.9393494911418	0.347551336389415	0.510107628588769	20	-0.339752253129312	3.2841843534794	-8.37153913644496	1.85610717564825e-16	9.77082833973322e-16	25.7671637488747	Non-Significant
ZNF787	-1.34118864073821	0.179859213490758	0.330333887614084	59	-0.0230681538974038	4.88249633059092	-0.552548735665059	0.580693352573588	0.608686348879787	-8.14363540510795	Non-Significant
ZNF789	-0.831650859087489	0.405606045741349	0.571142442936545	439	-0.107360487569705	2.95350075568819	-2.11588361240087	0.0345962032481221	0.0423078211837875	-5.86045957597314	Non-Significant
ZNF79	-0.998561419482148	0.318007197364888	0.479471426535417	21	-0.095781743416336	2.37397046265939	-2.96780598710617	0.00306927768634363	0.00414277198751574	-3.6520696546692	Non-Significant
ZNF790	1.15546907536281	0.247898389349005	0.406084951647769	27	0.500696521862664	1.87881832844456	8.53675273030475	4.94278855623857e-17	2.68471890623882e-16	27.2013445999339	VIPER Significant
ZNF791	-0.303318923478983	0.761646826222452	0.859744462577629	21	-0.0661171341235917	4.70823307333581	-2.2990893559607	0.0217009763014156	0.0270900938696403	-5.64017171957942	Non-Significant
ZNF792	3.19489658177735	0.0013988095518319	0.01538751142513	49	0.604217762786228	2.3675614384925	11.8687485598696	1.57435249275897e-30	1.54260586293796e-29	57.9374143677921	LUAD
ZNF793	0.534322196538921	0.593118637837357	0.739050385514758	30	0.110243775366098	2.37870696115746	1.20726208925753	0.227610733323907	0.253399708672696	-7.30917822047577	Non-Significant
ZNF799	2.74275773099925	0.00609256174841144	0.0329008801986528	41	0.418970532000841	1.49506900207836	9.96305241932632	2.23306492530465e-22	1.56417196270721e-21	39.399277330024	LogFC Non-Significant
ZNF8	-0.687560732714495	0.49172944316365	0.651978918476491	29	-0.0108294179019612	3.27664670174763	-0.238305534427487	0.811691930448066	0.828397914870905	-8.09829906542812	Non-Significant
ZNF80	1.20887961818537	0.226709097594767	0.38366154977576	145	0.108967849625304	-2.93641778448763	1.00781296971274	0.313782955298072	0.342835757469039	-7.13246350014455	Non-Significant
ZNF805	-1.40297534491211	0.160624191182464	0.308289957935574	31	-0.192432263939217	3.26259033360801	-4.99059800648507	7.07267556066831e-07	1.30652169912983e-06	4.17969430534678	Non-Significant
ZNF808	0.657183731480286	0.511062784877567	0.668494218889193	27	0.369842722811349	2.3894519878736	6.64211765328018	5.01740043198527e-11	1.472657951655e-10	13.5559066466082	Non-Significant
ZNF81	-0.809339036948457	0.418320157870044	0.582629709327509	62	-0.133884689418364	3.29645036359569	-3.56031725691417	0.000387466611783002	0.000565373789830542	-1.8290233109326	Non-Significant
ZNF813	-0.70249141322491	0.482372754849736	0.641988693589765	27	0.186582737003081	2.53431755986626	2.76993746676322	0.0057083498714689	0.0075213983373638	-4.2307680105478	Non-Significant
ZNF814	0.832335492669922	0.405219602077367	0.571142442936545	61	0.25714828174853	3.08788506758494	4.66754472043117	3.45381024002397e-06	6.00127426490174e-06	2.67163934895842	Non-Significant
ZNF816	0.292436395686868	0.769952984068534	0.863664366997927	21	0.443178092711324	2.70400271546087	8.00612462344992	3.20406339810214e-15	1.57570237966746e-14	23.0137947608996	Non-Significant
ZNF821	0.587882535170998	0.556611139893609	0.70559256023688	34	0.207415656973021	1.32132245032537	5.26824341221912	1.6796464026542e-07	3.2855940345797e-07	5.75261814799708	Non-Significant
ZNF823	-0.0396873902826076	0.968342354854187	0.983411792518116	29	0.157768256832961	2.2148711036742	3.9713628808969	7.64734188205147e-05	0.000118465821913527	-0.196452275451868	Non-Significant
ZNF826P	1.49507313138307	0.134895357211255	0.271917143698747	21	1.52724388341108	0.932435599790585	13.0929486774603	2.53887603223994e-36	3.11216555214363e-35	71.2981668426203	VIPER Significant
ZNF827	0.942213150163709	0.346083522642338	0.50904880469175	28	0.13523165833235	4.40752382366371	2.93431939485713	0.00341757209224077	0.00459462155793933	-3.95621556876405	Non-Significant
ZNF829	-0.274091028599946	0.784014668074968	0.872264279979002	29	-0.0341692659187162	1.60320084006218	-0.40727912404019	0.683888336708434	0.708001884667563	-7.87935201769187	Non-Significant
ZNF83	1.57474992496334	0.115314179005071	0.246030492358435	51	0.532902271158421	4.58179221329167	8.36800948279355	1.90886910322125e-16	1.00423481052699e-15	25.6107159915791	VIPER Significant
ZNF835	2.82258165381522	0.00476386891906332	0.0273021731327831	29	1.31678338697365	-0.91654450727954	14.714282450926	1.36155959916354e-44	2.25260028673418e-43	90.3351886472694	LUAD
ZNF836	1.55118040927962	0.12085845562123	0.252578252910123	22	0.0945260575998757	2.10234707471397	2.10252373504298	0.0357517025326648	0.0436427514565685	-5.80511966370152	Non-Significant
ZNF837	2.02539728739035	0.0428265857757411	0.128062868715886	64	0.429165825414252	0.952840842183375	7.55837591259454	9.05848681012504e-14	4.07662775967665e-13	19.8824756993743	Non-Significant
ZNF84	1.29628987264556	0.19487563634691	0.345807070221837	53	0.245029988582399	4.71094746418845	5.81775964882583	7.9743654770521e-09	1.78295879154511e-08	8.37691277250188	Non-Significant
ZNF840P	-1.97120005935193	0.0487009971452412	0.138008642879728	176	-0.169743756977465	-5.20314930382461	-1.63514333774856	0.102327133069234	0.118857639203028	-6.4134396960581	Non-Significant
ZNF841	1.24858007746765	0.211818702852145	0.366340715161022	52	0.303413407000175	3.32985218527377	5.615196103341	2.52978147411766e-08	5.36516625610757e-08	7.39650775381572	Non-Significant
ZNF844	1.75122937353208	0.0799064077061035	0.193477526824483	23	1.125200019964	1.77123672666399	15.7673870799609	2.70278900614147e-50	5.46693813029167e-49	103.243192291507	VIPER Significant
ZNF845	-2.08752567279443	0.0368406428651348	0.115607293408076	26	-0.287706506814581	3.52422394416965	-7.84959119850369	1.05009714419169e-14	5.0074606819783e-14	21.7667767719955	Non-Significant
ZNF846	0.252741769732485	0.80046776792013	0.88146235369461	69	0.00774890641268403	2.43641510750852	0.167365477060093	0.867115618068624	0.879442943560162	-8.0290154515828	Non-Significant
ZNF85	1.9086834578712	0.0563029383905473	0.153043517419899	30	0.74656469991382	1.78559531150296	10.226122153062	1.95055560905674e-23	1.42982198321715e-22	41.7886162300968	VIPER Significant
ZNF850	0.148534361563257	0.881921070101459	0.935897567130491	28	-0.11971897679596	1.61159720620276	-1.5902958391655	0.112077596370697	0.129562808946669	-6.7003801304221	Non-Significant
ZNF852	3.16179080639316	0.00156802165021736	0.0159665451990299	97	0.651021072054803	0.977265785213032	14.8469516735368	2.68721724821291e-45	4.54061016234145e-44	91.8443669879336	LUAD
ZNF853	-1.64605270330148	0.0997529087945253	0.224279616916043	115	-0.179091754919424	2.98695223603006	-2.00915708863591	0.0447832101705873	0.0540976081066672	-6.08301721051641	Non-Significant
ZNF860	3.39359850207192	0.00068980745522791	0.0126013040481813	55	0.77391420050381	0.976168096943863	12.888266159233	2.52029446798366e-35	2.95936651548834e-34	69.0144418611378	LUAD
ZNF865	-0.460577456755211	0.645101788323124	0.77932581484144	30	0.0447323968860724	4.18831454629429	1.00522708648358	0.31502560389533	0.344117540626212	-7.71603191473485	Non-Significant
ZNF875	0.118265402394744	0.905857369861828	0.951429249865144	22	0.141950576433034	4.88491269384813	2.83464806712326	0.00467806514156704	0.00621556056001754	-4.29323020891479	Non-Significant
ZNF876P	2.43289506378999	0.0149786411960028	0.0629287472012767	53	1.12481862458857	-0.958559847605636	13.9260330861561	1.72139437536329e-40	2.46262165490405e-39	80.9491489374791	VIPER Significant
ZNF878	0.541035507252492	0.588483109098696	0.734168561717031	36	0.340069197598539	-2.51075878502231	3.60526231347453	0.000326902931464729	0.000479592675541374	-1.20575762157781	Non-Significant
ZNF879	0.587983393284002	0.556543439582909	0.70559256023688	45	0.417068442206979	1.13338466430711	6.01322857123351	2.52934616045057e-09	5.98111711738873e-09	9.84312357435241	Non-Significant
ZNF880	1.39552646499083	0.162857139860943	0.311116440854799	32	0.906955851363288	2.54569097196103	11.0934822562215	4.42620090214016e-27	3.7738284219725e-26	50.0409161820344	VIPER Significant
ZNF883	-1.33836234482307	0.180778347558274	0.331426970523503	75	0.0673916640009962	-3.01125411606897	0.641623536957991	0.521261609540902	0.550663306968166	-7.43134700971971	Non-Significant
ZNF888	1.97591525570817	0.0481643760475517	0.136867101935126	33	0.529609990993489	3.50145845588812	7.91029090003632	6.64283426330979e-15	3.20711440219117e-14	22.2199385820943	VIPER Significant
ZNF891	0.352546650469151	0.724428339207236	0.833622262102365	29	0.233861499741766	2.28799650890337	4.3489661399658	1.50487171543533e-05	2.475434202485e-05	1.3410732082559	Non-Significant
ZNF90	1.81933566902666	0.0688602347398723	0.173721381353611	38	1.66554002353412	0.0304221402400197	13.0174729618942	5.93605773330498e-36	7.18163890303572e-35	70.5156279956063	VIPER Significant
ZNF91	2.3400044537926	0.0192835099285697	0.0744416251204784	36	0.890950387811058	3.75502371475672	12.80765456213	6.17987544476223e-35	7.14497000108726e-34	67.8966212944223	VIPER Significant
ZNF92	0.802933720755728	0.422013044433661	0.584761665828748	51	0.304648274681822	3.44506784564541	7.22215278989472	9.98789595082485e-13	4.14983355009207e-12	17.295133919426	Non-Significant
ZNF93	-0.73443072941566	0.462686263925872	0.623316971253915	27	0.216378482612974	2.07881702775837	2.82271823525179	0.00485429093717912	0.00644149579143765	-4.04017036219448	Non-Significant
ZNF98	1.01898779341299	0.308208761611945	0.469945592556076	208	0.619888855121372	-4.47914330582596	4.36165084836994	1.42170534932804e-05	2.34395016769365e-05	1.77587356594792	VIPER Significant
ZNF99	1.51547090372466	0.12965319334802	0.264213579272957	592	0.722670802172437	-4.47461410030004	6.25131700966229	5.97012729991364e-10	1.52275529014966e-09	11.5131895133176	VIPER Significant
ZSCAN1	1.23808661089983	0.215683947898117	0.371455688046756	106	0.59765281749988	-3.18593517419426	4.7240416009247	2.63507482628502e-06	4.62312800252833e-06	3.3916925385196	VIPER Significant
ZSCAN10	-0.587003737843222	0.557201196341496	0.705903187439443	327	-0.00906733560092458	-4.88688841099301	-0.0842962250306092	0.932837432991409	0.939343585605847	-7.67525593184181	Non-Significant
ZSCAN12	-1.62149612609498	0.104911280125843	0.230203435748074	17	-0.0848680177643335	2.91804490003531	-1.75145991574501	0.0801668648789457	0.0942056965288625	-6.55905521447139	Non-Significant
ZSCAN16	3.70793291015148	0.000208957995948892	0.0111506849976282	77	1.01954338318442	1.85262368736258	19.962559886338	4.07628679687418e-75	1.77466297053364e-73	160.183422992763	LUAD
ZSCAN18	1.03355495809145	0.301344265404043	0.465672482640992	20	0.534908758367657	3.61037531848562	6.89219036373425	9.60176724375312e-12	3.07404494124834e-11	15.0583184193915	VIPER Significant
ZSCAN2	2.86628973854734	0.00415313944108127	0.0249921273425067	40	0.493728939292248	2.15483613116819	11.7157487863688	7.79187870537076e-30	7.44569827663721e-29	56.3674799149253	LogFC Non-Significant
ZSCAN20	0.746817755841893	0.455173576143672	0.615929323273779	33	0.187368833857682	1.55711955519651	4.27314178714628	2.10750307357034e-05	3.42351871506068e-05	1.08926186470358	Non-Significant
ZSCAN21	-2.62699827354185	0.00861417710933079	0.0433037011442034	19	-0.375537912977223	1.98414038539271	-9.63474251890339	4.35496566753966e-21	2.88423653989613e-20	36.4177635566285	LogFC Non-Significant
ZSCAN22	0.000255822641632597	0.999795883066164	0.999985698029716	25	0.0367822442918187	2.33791921161973	0.992862134447828	0.321012302664709	0.35022577768415	-7.54075225437692	Non-Significant
ZSCAN23	-0.672987214908641	0.500955424721817	0.660834815590482	43	-0.194557512136404	-1.12489382530864	-1.64298306055302	0.10069423291576	0.117043308287072	-6.3823584666833	Non-Significant
ZSCAN25	-1.90794476137915	0.0563983561264998	0.153043517419899	32	-0.273209976517013	4.27613940563975	-8.14716470609097	1.08086678905724e-15	5.45732121268518e-15	23.9321510894194	Non-Significant
ZSCAN26	-0.984448823439995	0.324894882396084	0.485917346039757	37	0.0189308248841843	3.3436993463872	0.507130711152786	0.612172581388514	0.639034235524517	-8.00490790702901	Non-Significant
ZSCAN29	-2.25684499201709	0.0240177622612881	0.0867104836467419	40	-0.204478367559975	4.45908282598306	-5.73316331962208	1.29718088305884e-08	2.83629156104116e-08	7.93038980654922	Non-Significant
ZSCAN30	2.11035099455716	0.0348281342098366	0.111341191552071	35	0.416392149589002	3.82131404009195	8.67414164958863	1.61783063421497e-17	9.01141823033959e-17	28.1232823377712	Non-Significant
ZSCAN31	0.345653353048626	0.729603244584029	0.837222792158678	116	0.313350024575191	3.90711354112749	4.24333818577521	2.40238326004956e-05	3.88522369768043e-05	0.734938403015226	Non-Significant
ZSCAN32	-0.697793978727492	0.485306045229205	0.645182695606857	33	0.0433091325222275	3.81747622882075	1.64696550499955	0.0998727492422015	0.11615205818655	-6.82746241610947	Non-Significant
ZSCAN4	2.12453554640869	0.0336253869495214	0.109674482992359	95	0.822675259376655	-3.42063946325785	5.81370397883206	8.16373341992541e-09	1.82344653817149e-08	8.97716158547261	VIPER Significant
ZSCAN5A	-3.36756139202698	0.00075836139718881	0.0131492154122738	34	-0.667381657001193	2.12324270298011	-15.9235955590003	3.67757248717489e-51	7.65488967409255e-50	105.204639494465	LUSC
ZSCAN5B	-1.27646152820199	0.201792418145229	0.352878023525759	308	-0.383999084915829	-4.85805312549153	-4.48811471432077	8.00208942746828e-06	1.34775016553157e-05	2.28761327882359	Non-Significant
ZSCAN5C	-1.91675429141402	0.0552691543644294	0.152568436312684	370	-0.379039006882482	-4.68672219363648	-5.04237108538613	5.4378544932776e-07	1.01476439813333e-06	4.88857089649812	Non-Significant
ZSCAN5DP	-0.645618325507876	0.518526566365069	0.674447142265055	268	-0.508675971606963	-4.37295620158734	-5.23898054151353	1.96080010620749e-07	3.81010587292261e-07	5.89320903935071	VIPER Significant
ZSCAN9	2.49023607824673	0.0127658268363018	0.0564122715055581	36	0.554026494290673	3.52162993830128	13.1044981561651	2.22877454066547e-36	2.73655753363899e-35	71.2206543075569	VIPER Significant
ZXDA	-0.0276603243540675	0.977933068164809	0.988778094811911	30	0.0140200202443578	1.86008102770526	0.341694345029378	0.732651217474794	0.754540732732693	-7.92860762286	Non-Significant
ZXDB	0.467900685664487	0.639855613136058	0.775100405255402	25	0.12552152967462	3.8457171701115	3.38622275451327	0.000735611941058772	0.00104895526865746	-2.4826188621952	Non-Significant
ZXDC	-3.00503769471686	0.00265547937716686	0.0203536096561194	90	-0.468958220987392	5.22199673866836	-12.5589010473334	9.59360785229859e-34	1.05871742588403e-32	65.0288608320778	LogFC Non-Significant
