TF	NES	p_value	FDR	regulon_size	logFC	AveExpr	t	P.Value	adj.P.Val	B	category
AATF	-2.2583065473869	0.023926554380687	0.100367234609895	112	-0.14204631147541	8.99548669201521	-2.1463356387135	0.0327559721013671	0.0992993543569115	-4.7063779689632	VIPER Significant
ABHD14B	2.38133838542552	0.0172498581262511	0.0805535192002101	123	0.433373702185792	6.92083650190114	3.68494258890715	0.000277443233538433	0.00174197065800712	-0.390922369116637	LUAD
ABRA	-0.621885464986331	0.534017183275899	0.808086991224132	14	0.0266140027322404	2.83598098859316	0.503949820548055	0.614716110723059	0.786005985897055	-6.85258984657085	Non-Significant
ACTL6A	-3.18147646240318	0.00146526428912434	0.0169028701923986	372	-1.25558142076503	8.35114448669201	-9.69154538316075	3.33411472121465e-19	4.7606662783366e-17	32.9614396345346	LUSC
ACTL6B	0.359978685186151	0.718863073295071	0.902031743641982	27	0.0580948770491802	2.84888593155894	0.632804463122129	0.527408008049973	0.721375628705097	-6.77979069910919	Non-Significant
ACTR5	0.618939912808902	0.535955943615903	0.808086991224132	78	0.177647950819672	7.1765855513308	2.15215096263981	0.032290442528575	0.0982574703608671	-4.69415413725198	Non-Significant
ACTR8	1.25783300986309	0.208452154878918	0.464986505703664	84	0.389649726775956	4.69282509505703	3.81492136041595	0.000169631649821991	0.00112274948225931	0.0694713202591855	LogFC Significant
ACTRT1	-0.405940373390198	0.684786412279634	0.894077155707122	133	-0.0376350409836067	4.97330038022814	-0.227865399614717	0.819926920135832	0.909217391019734	-6.95307253701124	Non-Significant
ADCYAP1	-0.962081059455088	0.336008887551941	0.637939197274762	65	0.0113607240437157	4.0508174904943	0.0898214193520742	0.928497100899926	0.966802292368395	-6.97489320677586	Non-Significant
AEBP1	1.18770482438266	0.234949722421299	0.505251400413313	185	0.367160109289617	9.89937642585551	2.16692874195263	0.0311330224584253	0.095495643109261	-4.66294757057285	Non-Significant
AEBP2	-2.89677744149335	0.00377017112904852	0.0256024711770918	89	-0.390114549180328	6.70128897338403	-3.89650450223405	0.000123711644852363	0.000855579636889158	0.365735239445172	LUSC
AFAP1L2	-2.80947231391504	0.00496227870288106	0.0300104232936463	69	-0.397735860655738	5.10488593155894	-2.35578018007271	0.0192140414667599	0.0644423433516985	-4.24606032952204	VIPER Significant
AHR	-1.88939452350647	0.0588389841739685	0.190430780442804	69	-0.401028756830601	6.50179467680608	-2.69330875931317	0.00752678295579174	0.029494405736109	-3.41821152683892	LogFC Significant
AHRR	-0.569408435650225	0.569078993429834	0.822059547754188	30	-0.0974532786885246	2.86684030418251	-1.43759978018163	0.151729568754495	0.320721783055908	-5.95450325776687	Non-Significant
AIRE	0.0545076922963136	0.956530680136369	0.983947164598877	246	0.00658142076502712	12.8767794676806	0.0658622880737367	0.947537216010301	0.976150374209307	-6.97674932242544	Non-Significant
ALX3	-0.294508132966441	0.768369649642126	0.928135365872875	30	-0.0524125683060111	3.39103041825095	-0.681823030620967	0.495947418838957	0.696218193747952	-6.74777606311823	Non-Significant
ALX4	-1.14488000088526	0.252258869517855	0.532546502315471	41	0.00271489071038246	2.56711406844106	0.0554604573728245	0.955813499251592	0.979594173030302	-6.9773773040607	Non-Significant
ANKRD1	2.00820116139629	0.0446219196571003	0.154644635721496	74	0.362668169398907	4.06742585551331	1.83616285787268	0.0674558527537496	0.175925141560875	-5.3118648908832	VIPER Significant
ANKRD2	-1.15536395313478	0.247941416818464	0.525492635382966	42	-0.119583538251366	2.56130418250951	-2.08688975758893	0.0378556010675911	0.111229821587734	-4.82950013965674	Non-Significant
ANKRD33	3.45824028178302	0.000543716224285971	0.0133014479900131	147	0.777617008196721	9.82569201520912	6.55856226346866	2.84073941898952e-10	7.43520280867557e-09	12.8407656792817	LUAD
ANKRD49	-1.88536484616704	0.059380596744132	0.191799327483546	64	-0.0658515027322407	7.76295437262357	-0.945231696960454	0.345403221859369	0.561111876423016	-6.53505513125742	Non-Significant
APBB1	0.156459178882473	0.875671093454456	0.969719277426941	57	-0.0641463797814209	2.8608783269962	-0.936691539862041	0.349771664770597	0.565497145324194	-6.54302599075566	Non-Significant
APBB2	0.840566581614019	0.40059078682362	0.700925374561372	119	0.0813429644808742	3.60326235741445	0.722594351442853	0.470567523062873	0.67391571351288	-6.71933566735625	Non-Significant
APBB3	0.930750723852273	0.351982524581217	0.654683749335331	215	0.111064959016393	7.52806844106464	0.962980306543126	0.336436912833463	0.551420685920893	-6.51825985535646	Non-Significant
AR	2.19074057270161	0.0284705712564293	0.112972905599836	81	0.446588592896175	3.7577566539924	3.17570005325874	0.00167181895857428	0.00816662514916854	-2.05443758237267	LUAD
ARGFX	-0.513791186318205	0.607397990676089	0.844189117850159	34	-0.0501684426229509	2.61686692015209	-1.04382537876041	0.297519200135947	0.508250301831914	-6.43783444353496	Non-Significant
ARID1A	0.711715678785503	0.476640856734741	0.761378069614688	107	0.148735450819672	9.42138022813688	1.39486362114429	0.164227155916923	0.33943217002395	-6.01428264283046	Non-Significant
ARID1B	-2.67982253549974	0.00736612007837758	0.0421854039949638	49	-0.111302049180328	2.97047908745247	-1.78081737433366	0.0760898734187749	0.192600360801871	-5.41025365359173	VIPER Significant
ARID3A	-0.175672330089255	0.860551374598311	0.964462505188253	60	-0.029300204918033	8.12217490494297	-0.248515977242598	0.803928045150459	0.900433421273755	-6.94817819920572	Non-Significant
ARID3B	-0.927011486133405	0.353920570652928	0.656990484602849	177	-0.265014344262295	7.06897338403042	-2.95275758640456	0.00343250144373812	0.0150752473983149	-2.71080360333593	LogFC Significant
ARID3C	-0.294743535390289	0.768189803279463	0.928135365872875	27	-0.100004644808743	2.88536501901141	-1.64166827485336	0.101847140683958	0.239525023375911	-5.64461872456985	Non-Significant
ARID4A	0.550854830395505	0.581733193794626	0.828482458534675	89	0.279562841530055	4.1965247148289	2.22775179371936	0.0267384016444844	0.0845989314323685	-4.5323389637306	Non-Significant
ARID4B	0.648730836682616	0.516512368980733	0.790680071946809	202	0.306300204918033	8.28356653992396	2.12355596233844	0.0346356137262691	0.103882317496679	-4.75395329684444	Non-Significant
ARID5A	0.360375696389212	0.71856619884071	0.902031743641982	94	-0.207899795081967	4.42197718631179	-1.80935050493743	0.0715317028688259	0.183789907007084	-5.35989648597067	Non-Significant
ARID5B	1.23154107655823	0.218120563448781	0.479924672983353	126	-0.0731795765027323	9.81611787072243	-0.730445600570497	0.465764307787793	0.670548637517534	-6.7136700892887	Non-Significant
ARNT	0.990028152470581	0.322160358829091	0.620869903948665	170	0.30438019125683	4.5707680608365	2.49153585482182	0.013332385723195	0.0476121842828051	-3.92577857738874	LogFC Significant
ARNT2	1.05772641732	0.290180187851046	0.57935293656428	50	-0.0238641393442624	5.88135741444867	-0.13193826971784	0.895133420462848	0.949330732922335	-6.97024571671606	Non-Significant
ARNTL	0.746283909899473	0.455495929031073	0.746828350644856	98	0.107007103825136	6.66935741444867	0.841453327514833	0.400854088192243	0.614898023406184	-6.62704330780785	Non-Significant
ARNTL2	-2.88418561900746	0.00392427369150553	0.0265175816392529	48	-0.297842008196721	2.96536882129278	-3.94907159872985	0.000100661144532732	0.000715637384459836	0.559585473644167	LUSC
ARX	-1.01279862998851	0.311156355238753	0.606173116659332	29	0.132221516393443	3.37523954372624	1.10224447989267	0.271357285370996	0.478396368371167	-6.37571951630423	Non-Significant
ASCC1	-1.39411601992109	0.163282572303024	0.392306948011526	96	-0.188793784153006	9.07747148288973	-2.24226269696925	0.0257732733211366	0.0819944316848175	-4.50066447633343	Non-Significant
ASCC2	0.154690591920527	0.877065247272061	0.969719277426941	107	-0.0811597677595631	10.4871901140684	-0.966408497712645	0.334722553928333	0.549532228579711	-6.51498005379996	Non-Significant
ASCL1	-0.849926609871057	0.395365890211318	0.695301363701815	83	0.588295081967213	4.11534600760456	1.85848399186274	0.0642110689570706	0.169363691221763	-5.271353679222	Non-Significant
ASCL2	-2.93763417693621	0.00330727022631495	0.0239947213287037	165	-0.52550587431694	7.75336882129278	-2.89336962782484	0.00412872150875191	0.0176897481231353	-2.8781207164583	LUSC
ASCL3	-0.271757487931515	0.785808495074777	0.933330730498678	24	0.0927411202185792	2.63615589353612	1.3814827449888	0.168296362141948	0.34503672987011	-6.03263449303135	Non-Significant
ASCL4	-1.29026097778172	0.196960060693046	0.448014785942633	29	-0.212381693989071	2.6101711026616	-2.47769349107558	0.0138483669216992	0.0489574124124984	-3.95922077964589	LogFC Significant
ASH1L	-0.0344652152390953	0.972506180077568	0.989041234776619	42	0.0108847677595627	3.55918631178707	0.119565811123278	0.90491786366248	0.953794207443029	-6.97179409071201	Non-Significant
ASXL1	0.583754729600431	0.559385339770417	0.816825642088342	88	0.0745101775956282	7.81230798479087	0.90098821020504	0.368414186724537	0.583425598756314	-6.57557092130103	Non-Significant
ASXL2	-0.862423657509118	0.388454426725539	0.689399889188731	90	-0.175076161202186	8.72674144486692	-2.13931318456319	0.03332582868521	0.100688988109826	-4.72109662666451	Non-Significant
ATAD2	-2.90605944342783	0.00366011909219398	0.0254788462667813	260	-0.886678825136612	6.85060836501901	-5.62848907493656	4.62992003760057e-08	7.73662377880711e-07	7.90347816095221	LUSC
ATF1	-0.580518005481959	0.561565348164603	0.817201508972658	140	-0.279949931693989	3.91106844106464	-2.4429532549897	0.0152222081227758	0.0530419031599219	-4.04236739317044	Non-Significant
ATF2	-1.84619229869864	0.0648642887885457	0.205403581163728	87	-0.139263183060109	6.14823574144487	-1.40637513219965	0.160786459568812	0.333922916849235	-5.99835516237974	Non-Significant
ATF3	0.105875455676291	0.915681168125629	0.975138086781005	51	0.0716665983606556	8.74595437262357	0.412098293176948	0.680601144633531	0.827980025464572	-6.89442631531281	Non-Significant
ATF4	-0.309030515260567	0.757298314334719	0.923743789766293	112	-0.30427643442623	4.31039163498099	-2.01783171717325	0.04461841385586	0.126678016818648	-4.96832811069254	Non-Significant
ATF5	-2.77558304070437	0.0055102825616955	0.0330821796919637	145	-0.493554508196722	9.13690114068441	-4.11330258958791	5.21210697652036e-05	0.000399369644001331	1.18001018827786	LUSC
ATF6	-0.423997968912157	0.671567294548452	0.887545974382774	126	0.0824053961748632	8.77702661596958	0.769092699113645	0.442524466081615	0.65118120831	-6.68489311918513	Non-Significant
ATF7	-1.77922323682935	0.0752031702118164	0.224524085023989	33	-0.0653120901639345	3.12734220532319	-0.89138509845434	0.373532716638155	0.588463033695149	-6.58411005095074	Non-Significant
ATF7IP	-0.488801185983474	0.624982458295024	0.860483094754018	46	-0.0417428278688525	3.25551711026616	-0.495253103018135	0.620832630413097	0.789838222931803	-6.85690997837886	Non-Significant
ATF7IP2	1.13214110887172	0.257575114297474	0.53883913159381	85	0.41647056010929	6.363	2.75776195461213	0.00622550393255125	0.0250662146026419	-3.24819406797821	LogFC Significant
ATOH1	-0.59907473684553	0.549123047504772	0.810634114917921	25	-0.0398545081967214	2.60589353612167	-0.764019799711724	0.445536416107133	0.654022961290221	-6.68875464933247	Non-Significant
ATOH7	-0.394450257359504	0.693248645158102	0.895093575177549	53	0.0160810792349726	2.73132699619772	0.238231146163363	0.811886266116352	0.904406439476707	-6.95066879654104	Non-Significant
ATOH8	3.6324297330908	0.00028076504338516	0.0117818426196165	164	1.76646571038251	5.63056273764259	7.48021780091911	1.09695044968201e-12	4.63895052065192e-11	18.2569358040075	LUAD
ATP1B4	0.838969958950361	0.40148616760712	0.700973146687026	23	-0.0253799863387978	2.57410266159696	-0.475010483730074	0.635171470192305	0.799268079597591	-6.86667487862487	Non-Significant
ATXN1	0.843354038534243	0.399030468813261	0.699320633131562	69	0.182563114754098	5.37468060836502	1.51054505726524	0.132098055006756	0.290483142935778	-5.84836754012095	Non-Significant
BACH1	-1.30551423427097	0.191717803410751	0.441674752064594	70	-0.0938937841530056	3.91060456273764	-1.01454949076162	0.311247729718631	0.524093831888746	-6.46770097916856	Non-Significant
BACH2	-3.39470145637222	0.000687034732626466	0.0134125166064609	65	-0.682143715846994	3.82745247148289	-5.43660533668049	1.23437248100415e-07	1.87973702679457e-06	6.95745691065585	LUSC
BAHD1	-1.62017456519908	0.105194783484663	0.289420060183529	35	-0.176020901639344	3.16329657794677	-2.22212020164456	0.0271213313110287	0.0855655109981512	-4.54457830402716	Non-Significant
BARHL1	0.187002789522023	0.851658445806594	0.962452922039955	31	0.00391318306010929	2.55993536121673	0.0808364983277468	0.935633109976041	0.97058852558225	-6.97565621582338	Non-Significant
BARHL2	-1.70315519263534	0.0885390294212536	0.254007925214648	37	-0.0131926229508197	2.94057034220532	-0.202484102635593	0.839693938895516	0.918750749105361	-6.95850703286409	Non-Significant
BARX1	-0.570677422455805	0.568218325972208	0.822059547754188	46	0.12269631147541	3.80439923954373	0.565697104247231	0.572079254183098	0.756383827931	-6.81975882248585	Non-Significant
BARX2	-1.98292566448284	0.0473757334510393	0.162445455463755	71	-0.0303558060109291	4.59466539923954	-0.171478845536255	0.863978372365156	0.932080067576417	-6.9642761146737	VIPER Significant
BASP1	2.2960779539323	0.0216714245840688	0.0949814180649139	64	-0.135196584699454	10.841752851711	-0.880507112599328	0.379383952989284	0.593891509557504	-6.59367293883195	VIPER Significant
BATF	3.40746005964047	0.000655705041457312	0.0134125166064609	106	0.994316256830601	7.45373764258555	6.14438248181816	2.93726356217872e-09	6.36975176589884e-08	10.572281707787	LUAD
BATF2	1.99292888464019	0.0462692348823163	0.160010309068396	100	0.599592964480874	5.07061977186312	3.91928331662949	0.000113167823189297	0.000791489651672857	0.449452463862866	LUAD
BAZ1A	-0.0846585671586053	0.932532836280842	0.97922011091909	72	0.0407088114754097	7.40133840304183	0.364312393838182	0.715915804995212	0.849909668819576	-6.91287825081296	Non-Significant
BBX	-1.23981676690685	0.215043175108784	0.47770939174785	75	-0.182067349726776	8.87258935361217	-2.04728354033573	0.0416181461709738	0.119969014753484	-4.90967412614075	Non-Significant
BCL11A	-3.59774233315885	0.000320991377871905	0.0117818426196165	82	-1.8993099726776	5.67350190114069	-9.3165069435152	4.88949084172857e-18	5.45049558041112e-16	30.3248540327256	LUSC
BCL11B	-3.15745421777989	0.00159153225910231	0.0176049630030838	161	-0.720811885245902	6.28147148288973	-3.86005240466109	0.000142544307230796	0.000967915071487551	0.232670356843395	LUSC
BCL3	-1.09319941107545	0.274306255569583	0.562188582163549	65	-0.264312909836065	8.70392395437262	-2.28377229850959	0.0231778816241525	0.0752829443270875	-4.40896489461303	Non-Significant
BCL6	-2.0386864059868	0.0414813353456145	0.146913062682385	85	-0.363958606557377	10.3627262357414	-4.0529832157102	6.65375762927862e-05	0.000496949467839393	0.949546071135067	LUSC
BCL6B	2.1716091065466	0.0298851595518446	0.117718372381046	123	0.439259836065574	4.90979467680608	3.25161549958292	0.00129639849549381	0.00656752325323313	-1.82083336527536	LUAD
BCL9	2.32580784372955	0.0200288040173335	0.0903534035977474	101	0.538124658469945	7.75874904942966	5.06219982991947	7.77226614840901e-07	9.6785848323353e-06	5.18769854782003	LUAD
BCL9L	-0.922411808826502	0.356313812467156	0.659916063227588	114	-0.0725364754098363	5.50675285171103	-0.454349627715477	0.649949812298457	0.807781145690835	-6.87622207467937	Non-Significant
BCLAF1	-0.516804145662544	0.605292885788137	0.843440906426092	179	-0.100906147540984	6.95656273764259	-0.836014474347058	0.40390131828366	0.617402772929422	-6.63157123349578	Non-Significant
BCOR	0.667705013465997	0.504321909143423	0.78165055975684	128	0.371040710382514	4.25102661596958	2.37700027608171	0.0181657668879625	0.0615109420762662	-4.1971288556489	Non-Significant
BCORL1	-0.599615911284002	0.54876224061105	0.810634114917921	66	-0.080362568306011	4.73453231939164	-0.654854201911019	0.513130668168962	0.709908500472611	-6.76568420013257	Non-Significant
BMP2	3.05646623798788	0.00223962701397683	0.0197802751065753	70	0.769972882513661	7.32249809885932	3.97239183258833	9.17978245608904e-05	0.000659449832967663	0.646321310892461	LUAD
BMP4	3.41784778163608	0.000631183966953254	0.0134125166064609	156	0.964760655737705	7.31589733840304	4.87721500871913	1.85946606075442e-06	2.0847017820968e-05	4.35156790863544	LUAD
BNC1	-1.86162258210364	0.0626563079336036	0.19960054528806	194	-0.453092554644809	4.0952927756654	-4.30588277442109	2.34535089102913e-05	0.000195321513993121	1.93572943829884	LogFC Significant
BNC2	1.7832135490753	0.0745515477348991	0.223525308555085	220	0.398827185792349	5.11788593155894	2.47094097469963	0.0141064464667427	0.0497548081832576	-3.97546987915555	LogFC Significant
BRCA1	-2.90464470500038	0.0036767020224156	0.025484436764812	172	-0.658515573770492	4.1872433460076	-4.20689047039812	3.54839928956301e-05	0.000283070045020507	1.54349444735673	LUSC
BRCA2	-1.80180735597329	0.0715757200057688	0.21892952236613	51	-0.123281557377049	2.94289353612167	-1.72052213689426	0.0865070323897161	0.211919299779954	-5.51409514935105	Non-Significant
BRD1	-0.861494756462521	0.388965607870221	0.689549348749075	43	-0.0546890027322405	5.55555893536122	-0.494098564909851	0.621646631123394	0.790102672284521	-6.85747785636316	Non-Significant
BRD2	0.369268305292312	0.711927747422087	0.90036281291047	109	-0.0829237704918032	10.8336501901141	-1.23039733074612	0.219641419538892	0.414771202047143	-6.22773237443232	Non-Significant
BRD3	0.0553541861350929	0.955856294008674	0.983947164598877	81	0.103321448087432	8.81811787072243	1.12136993048593	0.263147407370124	0.469015042476792	-6.35465604147833	Non-Significant
BRD4	-2.14345412660823	0.0320766508432248	0.121605143454948	63	-0.350143920765027	4.27172623574145	-3.25857169793282	0.00126623683436855	0.00643875452650194	-1.79917321701897	LUSC
BRD7	-2.16066166345344	0.0307214843328699	0.119052866368163	108	-0.191870218579235	8.28324334600761	-2.66287554386853	0.00822259034618317	0.0316980670769894	-3.49716751017155	LUSC
BRD9	-0.226166640252518	0.82107181561811	0.947853140225156	111	-0.0869188524590167	10.4805703422053	-0.870388881981926	0.384877115943366	0.599536453715163	-6.60246313838026	Non-Significant
BRDT	0.755906127914938	0.449705479642174	0.741319845215143	24	0.507423428961748	3.11166159695817	2.70752090687148	0.0072204100801073	0.0284517740458926	-3.38104871142482	LogFC Significant
BRMS1	-2.13669352213707	0.0326229272362066	0.123098195061854	148	-0.314877663934426	7.50619011406844	-3.47284371683876	0.00060141916818471	0.00339832582894233	-1.11117734324304	LUSC
BRMS1L	-1.39345755657602	0.16348147121471	0.392306948011526	94	-0.0992911202185793	6.74283650190114	-0.662062174037481	0.508507755548872	0.706049337068022	-6.76096840403319	Non-Significant
BRPF1	0.4023274460979	0.68744305824487	0.894077155707122	95	-0.148317008196721	6.53788593155894	-1.52082674563023	0.129497779467757	0.286325842797087	-5.83299247259963	Non-Significant
BRPF3	2.15389272404245	0.0312485856965981	0.119732111241303	97	0.46093381147541	7.53551330798479	4.05838573945237	6.51056349504135e-05	0.000486826954368847	0.970065367929553	LUAD
BRWD1	1.46884501266577	0.141874831907236	0.357453749657076	60	0.332646584699453	6.08118631178707	1.99770814063164	0.0467723084492652	0.13148600724992	-5.00793083848802	Non-Significant
BRWD3	-1.71756791087364	0.0858754575778966	0.248310727771036	64	-0.231723019125683	3.32895057034221	-2.50032263507662	0.0130137889451014	0.0466697765933477	-3.90445812302182	LogFC Significant
CALCOCO1	3.46726911975396	0.000525775201393606	0.0133014479900131	123	0.351878210382514	6.07485551330799	3.29366958722095	0.00112374655138477	0.00580747099430569	-1.68923523327337	LUAD
CAMTA1	3.45576042843061	0.000548742807295328	0.0133014479900131	150	0.757695150273224	6.04973003802281	4.49187150623365	1.05569692018151e-05	9.70050358761149e-05	2.69398473287477	LUAD
CAMTA2	0.610801149926593	0.541331232046407	0.810240908021267	50	0.0445422814207649	3.14433079847909	0.488943133400854	0.625287112030378	0.792434913034285	-6.85999749446907	Non-Significant
CARF	0.468926033688804	0.639122507031485	0.868110049500293	77	0.133396926229508	7.25135741444867	1.37321108702706	0.170849621918793	0.348724220260846	-6.04389186018616	Non-Significant
CASZ1	0.814948431443929	0.41510182893948	0.712336623262607	128	0.259617076502732	5.6731711026616	1.27903408604241	0.202005975183789	0.39225180420744	-6.16735963077548	Non-Significant
CBFA2T2	-1.51303092727981	0.130271803155863	0.33933703563987	132	-0.220132991803279	6.50519011406844	-2.10290529350371	0.03641891791463	0.108083047374852	-4.79665828938039	Non-Significant
CBFA2T3	-0.0445244142427165	0.964486391519556	0.988291844401872	47	-0.0221691939890711	3.32031178707224	-0.282123127959244	0.778069711859375	0.88555907915534	-6.93930633258967	Non-Significant
CBFB	-0.675155797882252	0.499576786399235	0.778780415091472	87	-0.0907746584699455	8.45417490494297	-1.07833292074541	0.281867578162229	0.49054081225454	-6.40154903342301	Non-Significant
CBX1	-0.582694153037059	0.560099210010249	0.817039627335299	71	-0.10976468579235	5.75418631178707	-0.667275339266304	0.505177970750401	0.703279350894035	-6.75752564284281	Non-Significant
CBX2	-3.22237178983507	0.00127134049121968	0.0160640938593085	181	-1.04935635245902	7.54632699619772	-5.21006570968966	3.80247417279715e-07	5.14883769716635e-06	5.87440948218347	LUSC
CBX3	-0.930190313772249	0.352272556143902	0.654683749335331	144	-0.222029439890711	9.44722053231939	-1.86752904623934	0.0629336238098709	0.166790509150331	-5.25480182545014	Non-Significant
CBX4	-1.14283386032837	0.253107577358068	0.533640649390704	55	0.0132571721311474	7.44678707224335	0.130141904967742	0.896553070647192	0.95002169198001	-6.97047997843803	Non-Significant
CBX5	0.561678804698359	0.574334877793413	0.824652432556732	49	0.121124453551912	7.67285551330799	1.04596133507332	0.296533752285788	0.507078103215744	-6.43562241228357	Non-Significant
CBX7	2.83877306969417	0.00452873515012907	0.0286819892841508	197	0.147728278688524	7.43586692015209	1.27831930129341	0.202257407307678	0.392562578188498	-6.16826363001387	VIPER Significant
CBX8	-1.89781770806604	0.0577200996804808	0.188319113098942	120	-0.130560587431694	5.02726615969582	-1.15557490004237	0.248897817601396	0.451812775251546	-6.31609032869659	Non-Significant
CC2D1A	-2.07153161665912	0.0383091429808937	0.137804947714797	73	-0.358542076502732	5.10092015209126	-3.33114384896826	0.000988160611526155	0.00519765937552747	-1.57065749259395	LUSC
CC2D1B	3.06864533061898	0.00215031709918381	0.0196201249445303	96	0.644810724043716	6.32113307984791	5.73331967814573	2.68133620294542e-08	4.76232291642633e-07	8.43117809564496	LUAD
CCAR1	-0.356473014815404	0.721486357601116	0.902556520159413	68	-0.0877980874316941	3.43625855513308	-1.04938338837073	0.294959531114693	0.505491935246867	-6.43206913100027	Non-Significant
CCDC62	2.60925026112401	0.00907408533343634	0.0500158628447088	109	0.49742868852459	4.04696958174905	4.84919379861036	2.11755317736749e-06	2.34100615728457e-05	4.22716861961008	LUAD
CCNC	-0.389372104147741	0.697000904709666	0.896937419208056	294	-0.264897267759563	6.30407984790875	-1.57607709952008	0.116203243376784	0.264129576588018	-5.74861817198267	Non-Significant
CCNK	-3.2594373582694	0.00111633429693179	0.0155814650632932	77	-0.268130396174863	9.40746768060836	-4.2011330505286	3.63404330652848e-05	0.000288953756940471	1.52092677702527	LUSC
CCNL1	-1.43617552530015	0.150952401487379	0.372764722327395	116	-0.362391530054645	3.81239163498099	-3.43156733979932	0.000696190733498957	0.00385651200935106	-1.24682835852336	LogFC Significant
CCNL2	-0.123193433930891	0.901953924928047	0.975138086781005	90	0.0488967896174863	4.29023574144487	0.373640424683229	0.708971146852526	0.845416658928582	-6.90945456240741	Non-Significant
CCNT1	-0.213586263133456	0.830869712642063	0.953699066039042	130	-0.25900143442623	6.37561977186312	-2.3433552884065	0.0198522057665716	0.0661983287540258	-4.27451568189418	Non-Significant
CCNT2	0.122841110074316	0.902232919637012	0.975138086781005	95	-0.0607753415300547	3.54192395437262	-0.578321771545193	0.563538944421718	0.750026637761637	-6.81258066978696	Non-Significant
CD40	1.3942577362872	0.163239788578549	0.392306948011526	73	0.116862909836065	4.01392775665399	0.902814394688605	0.367445807814606	0.58274071205641	-6.57393677893814	Non-Significant
CDC5L	-1.27984488062004	0.200599696013728	0.455011950930016	55	-0.182297677595629	6.86047908745247	-1.69961378080606	0.0903791711595903	0.219124011656219	-5.54928750381284	Non-Significant
CDC73	0.38074756081017	0.703390573825334	0.898884771744188	42	0.167884289617486	3.26304182509506	2.02640016608396	0.0437271776504964	0.12467690679437	-4.95134879864548	Non-Significant
CDK5	-1.8930680336018	0.0583488225728555	0.189604322847408	159	-0.0737838114754099	6.74272243346008	-0.606064135676354	0.544991893126693	0.735686953245594	-6.79625176152305	Non-Significant
CDK5RAP2	-1.12376051706502	0.261114635481409	0.543428010699067	174	-0.0984022540983608	4.0018174904943	-0.734785754236303	0.463120901305388	0.668370951540386	-6.7105119989891	Non-Significant
CDK7	-0.198765911976218	0.84244586220692	0.960840443124418	91	-0.0415707650273227	8.16922433460076	-0.492988653726714	0.622429607027159	0.790548742801572	-6.85802253667341	Non-Significant
CDX1	-0.991150297193547	0.321612196094081	0.620553998437205	38	-0.212396926229508	3.06167300380228	-1.91225302473662	0.0569238677204525	0.153863343824633	-5.17181051503222	Non-Significant
CDX2	-0.852423241449264	0.393979225114632	0.694624943842938	46	0.0158917349726776	3.43474524714829	0.137370394633298	0.890842536195143	0.947151386736488	-6.96951778421424	Non-Significant
CDX4	-0.189398379211894	0.849780594681841	0.962452922039955	23	0.0558523224043714	2.58703802281369	1.09141979608498	0.276081342984213	0.483956370321178	-6.38748199534109	Non-Significant
CEBPA	1.36713584403943	0.171582730019283	0.406690849089532	55	-0.186037773224044	8.6739391634981	-1.13080614638668	0.259160937389524	0.464155759614696	-6.34413141929378	Non-Significant
CEBPB	2.06658278653607	0.0387734841835637	0.139153726569901	66	0.221836202185792	12.6791825095057	2.85632184422279	0.00462598222928956	0.0194884741156346	-2.98088213092306	LUAD
CEBPD	2.84092077988118	0.00449834853403763	0.028633147184799	81	0.163521174863388	11.7241558935361	1.70203200589947	0.0899242758489278	0.218270976504283	-5.54523873753304	VIPER Significant
CEBPE	0.655358100028984	0.512237221707196	0.786371780472549	32	0.109351161202186	3.27725095057034	1.19095743961894	0.234737907816455	0.434573718433133	-6.27499025149289	Non-Significant
CEBPG	-3.51341431656648	0.000442387069267263	0.0127581270869041	81	-0.804379986338798	8.7420608365019	-8.40432721376671	2.68110535517592e-15	1.81714596552403e-13	24.1402219364509	LUSC
CHCHD2	-0.95489131746406	0.339632661001007	0.640778910650264	124	-0.0728314890710385	12.3144600760456	-1.0204984623889	0.308424556068664	0.521123049067435	-6.46170021504174	Non-Significant
CHD1	2.16153741770261	0.0306538498018453	0.119052866368163	108	0.193844945355191	8.03450570342205	2.03086769508073	0.0432685206890339	0.123730054211576	-4.94246824881321	VIPER Significant
CHD2	-1.96087285325319	0.0498938567910214	0.169282728398108	119	-0.200118442622951	5.91947908745247	-1.64004190454792	0.102185094258457	0.240075462717041	-5.64724769035934	VIPER Significant
CHD3	-1.11535177807697	0.264699705234903	0.548064133274831	148	-0.137134904371585	5.05639163498099	-1.30865994412825	0.1917854390856	0.378948823742488	-6.1294524641417	Non-Significant
CHD4	-0.358720185023502	0.719804426599473	0.902031743641982	183	-0.0529083333333337	10.5297604562738	-0.763342964973253	0.445939161993598	0.654294202792895	-6.68926793752459	Non-Significant
CHD5	0.0727376977798682	0.942014849497235	0.982929393557581	41	0.0286602459016392	2.78716730038023	0.288777277759459	0.772978001111584	0.882649334003595	-6.93741651851594	Non-Significant
CHD6	0.328030063043595	0.742888932107295	0.912721188032795	105	-0.0717085382513662	5.36174144486692	-0.507229796763979	0.612416206256755	0.784483890758797	-6.85094101229322	Non-Significant
CHD8	0.442113324383046	0.658407202917113	0.876852631559713	109	0.0923529371584699	9.60414828897338	0.863485959688994	0.388652612193171	0.603083742217587	-6.60840207987994	Non-Significant
CHUK	2.95274534594694	0.00314961670620734	0.0239231836694126	103	0.0874702185792346	8.11151330798479	1.4276140864629	0.154582468979669	0.325018102499669	-5.9686302912876	VIPER Significant
CIC	-1.14082405538161	0.253943148061804	0.534030327876009	99	-0.254112568306011	6.80138403041825	-2.73223866514602	0.00671427105292227	0.0267392530681718	-3.31597478248902	LogFC Significant
CIITA	2.8679490511057	0.00413142057390973	0.0272423391409533	140	0.616595696721311	4.71195057034221	4.86575323150246	1.96113281541911e-06	2.1861470016093e-05	4.30061143301521	LUAD
CLOCK	0.463436531109971	0.643051498688196	0.86912667221664	79	0.224392486338798	6.38736121673004	1.51575348439356	0.130775785628838	0.288348865059647	-5.84059175241955	Non-Significant
COMMD7	-1.04897041873079	0.294191733320564	0.584693650944321	84	0.0715362704918031	10.7678136882129	1.15996123851243	0.247110510196646	0.449800238283889	-6.31106180134136	Non-Significant
CREB1	0.702873262926073	0.482134734900879	0.765631855324404	117	0.0586610655737703	10.9899923954373	0.588110684264966	0.556959782267032	0.745494102564317	-6.8069061093161	Non-Significant
CREB3	0.601418658719441	0.547561174113303	0.81059042563472	173	0.148650683060109	4.71190874524715	1.16462561418129	0.245219848754563	0.447512578153656	-6.30569384329562	Non-Significant
CREB3L1	1.42959871637463	0.152832224174214	0.376065129259818	55	0.02405	3.21068441064639	0.341902254557937	0.732695933119322	0.859599269631389	-6.92075008128899	Non-Significant
CREB3L2	3.60111825716522	0.000316851404129229	0.0117818426196165	123	0.582195081967213	10.2062015209125	6.25560745305907	1.5849456277084e-09	3.57752913621995e-08	11.1707713682283	LUAD
CREB3L3	-0.0757797942569585	0.939594291740608	0.982929393557581	18	0.0936181010928961	2.5573536121673	1.62215265333196	0.105961934773086	0.246759074051013	-5.67599647622541	Non-Significant
CREB3L4	1.07741848029644	0.281293351699178	0.572873597722791	214	0.293264549180328	3.9831711026616	2.10378942228653	0.0363409862296321	0.107918174861652	-4.79483820214521	Non-Significant
CREB5	0.713989673612307	0.475233564872045	0.761378069614688	82	-0.422416120218579	5.77712547528517	-2.39648843115136	0.0172477583898271	0.0589364112981775	-4.15182090954029	Non-Significant
CREBBP	0.486397690237526	0.626685227885497	0.861358845136236	113	0.121334016393443	4.60655133079848	0.707160119872818	0.480089507533088	0.682321474219145	-6.73029545276326	Non-Significant
CREBL2	1.72030107563808	0.0853777280410127	0.24754942690527	79	0.262204166666667	3.34090874524715	2.66134874988124	0.00825897640784329	0.0318093869346484	-3.50110624244116	LogFC Significant
CREM	-0.300690522777195	0.763650496269336	0.926080485635493	41	-0.0187905737704918	2.70865019011407	-0.310560738309023	0.756379147844303	0.873228817697516	-6.93092194101602	Non-Significant
CRTC1	-0.178071956078964	0.858666465822327	0.964077448423947	93	-0.067050204918033	4.23565779467681	-0.473683164083447	0.636116579484025	0.799660648143535	-6.86730095912067	Non-Significant
CRTC2	-1.01806488628759	0.308647121091396	0.602010991017639	169	0.137035245901639	4.98320152091255	1.05983103906529	0.290188268738125	0.500518033039319	-6.42114963400749	Non-Significant
CRX	0.0351172255814279	0.971986265856008	0.989041234776619	31	-0.047064412568306	3.15076425855513	-0.670881392109061	0.50288146719856	0.701383839001642	-6.75512846915845	Non-Significant
CRY1	0.960862935246281	0.336621089288186	0.637939197274762	101	0.0674342896174863	7.04859695817491	0.585611122419843	0.558636163355545	0.74675097270662	-6.80836411837275	Non-Significant
CRY2	3.07365927530412	0.00211450780433771	0.0195558731672294	220	0.535061407103825	7.28064258555133	4.65638259788185	5.09846106016981e-06	5.09164975659237e-05	3.38752550846757	LUAD
CTBP1	0.011338440362994	0.990953427329442	0.995022480393481	76	0.00926639344262269	4.46019771863118	0.0658089497848642	0.947579641214126	0.97615451366319	-6.97675281723803	Non-Significant
CTBP2	0.736225374160489	0.461593552665693	0.751363882024892	99	0.204218032786885	4.29479847908745	1.83214240013254	0.0680544839558653	0.17698483211115	-5.3191110270243	Non-Significant
CTCF	-0.847865621295045	0.396512812460194	0.696052382742623	83	-0.0580604508196723	7.83203802281369	-0.826786274786903	0.409103400705366	0.622241514816603	-6.63918702695053	Non-Significant
CTCFL	-1.83583744301566	0.0663817019269383	0.209387594945323	24	-0.891698907103825	2.93584030418251	-4.48044016078161	1.10962332202164e-05	0.000101337356638527	2.64658508096508	LogFC Significant
CTNNB1	0.827665357205298	0.407860043452191	0.706044252585318	137	0.311907991803278	8.04689353612167	2.42579909225413	0.0159440826115944	0.0551414891354311	-4.08301012188086	Non-Significant
CTR9	-0.0558800675215003	0.955437349828439	0.983947164598877	145	0.072326912568306	5.70555133079848	0.646090669457102	0.518780769162157	0.714381103593508	-6.77134840672091	Non-Significant
CXXC1	0.109161719197167	0.913074222466061	0.975138086781005	185	0.00955300546448073	9.97624714828897	0.0966383354141893	0.923086790284804	0.964074554646728	-6.97426070796287	Non-Significant
CYTL1	1.31225310137526	0.189434750383595	0.43830533219127	136	0.207892076502732	3.54490494296578	1.13030873992172	0.259370017992844	0.464432040108929	-6.34468837899705	Non-Significant
DACH1	0.792010101008988	0.428354786515975	0.724390555207643	110	0.0647150273224045	5.52807984790875	0.300888088837622	0.76373620591712	0.877537043833161	-6.93386400328028	Non-Significant
DACH2	0.0457601358904467	0.963501432456545	0.987971310106235	60	-0.0417476775956284	2.96772623574145	-0.476822095357336	0.633882488388336	0.798194477054991	-6.86581754105414	Non-Significant
DAXX	-2.26199727242762	0.0236975718176169	0.0996655689725293	102	-0.315249931693989	7.01380608365019	-3.57445064537273	0.000417043647151621	0.0024724938968989	-0.770966501530658	LUSC
DBP	-1.48732832852093	0.136928116076078	0.350457856518013	74	-0.20297349726776	5.0538174904943	-1.55077962313334	0.122150116673902	0.273771372608808	-5.78761749643057	Non-Significant
DBX1	-0.774731203069661	0.438498508971043	0.732782384886432	56	-0.054901024590164	2.84501140684411	-0.910207550000564	0.363541725901137	0.578969641299786	-6.5672874879535	Non-Significant
DBX2	-2.59928993648144	0.00934168340447008	0.0513157098578884	32	-0.290955464480874	3.06649809885932	-3.41601915823103	0.000735378379335345	0.00403592677373939	-1.29754170611869	LUSC
DDIT3	-3.65686091929583	0.000255322822050489	0.0117818426196165	95	-0.545287226775956	8.14151711026616	-4.45960077621704	1.21480958919113e-05	0.000109682417473825	2.56044201878422	LUSC
DEAF1	0.493027666956085	0.621993038497792	0.858422717417665	102	0.208060040983606	7.26585931558935	1.98452058244157	0.0482310297775646	0.134811377194169	-5.03367479701341	Non-Significant
DHX33	-3.08669388078793	0.00202395909643533	0.019456511552042	143	-0.530968852459016	7.79664258555133	-5.76510342919235	2.26881654713513e-08	4.1218185390984e-07	8.5926682978405	LUSC
DHX9	-0.773757809366433	0.439074026670363	0.732782384886432	147	-0.163806215846995	6.43578326996198	-1.22633392978157	0.22116359827162	0.416811303344899	-6.23267157878985	Non-Significant
DLX1	-3.58187138586744	0.000341141739907288	0.0118118327484208	103	-1.05327308743169	3.7639391634981	-7.54347149969998	7.36576164968104e-13	3.25579474936162e-11	18.6459789352177	LUSC
DLX2	0.350366818486256	0.72606342513387	0.904697535073478	29	-0.0108411885245902	2.93801901140684	-0.17393443213568	0.862050032198228	0.931114518977138	-6.96385408210779	Non-Significant
DLX3	1.28860625115803	0.197535009089802	0.448690632461365	99	0.249650887978142	4.49592395437262	1.45817416833363	0.14597884151877	0.312227403521085	-5.92509056225058	Non-Significant
DLX4	1.58813665879108	0.11225544038389	0.304693338184845	38	-0.0336767759562842	3.00351711026616	-0.492742208008067	0.622603518062945	0.790690601863179	-6.85814331212201	Non-Significant
DLX5	-3.87534398660773	0.0001064741807415	0.0117818426196165	164	-3.3307762295082	4.96073764258555	-12.9381913429076	5.37147485616038e-30	4.26629390450538e-27	57.4028120012669	LUSC
DLX6	-3.51707143535053	0.000436336334966796	0.0127581270869041	93	-0.506002663934426	2.70432699619772	-7.84019811859144	1.10674657057179e-13	5.73697101571053e-12	20.4986772734491	LUSC
DMAP1	0.825302908275188	0.409199641126847	0.706044252585318	161	0.185511475409836	8.20888212927757	1.64029865537479	0.102131682829704	0.239994346412699	-5.64683283209759	Non-Significant
DMBX1	-1.32135705936558	0.186382336743194	0.435611394848421	29	0.116459972677596	2.99380988593156	1.10468618407813	0.270299431120375	0.477410030670984	-6.37305037721866	Non-Significant
DMRT1	-3.05568816618183	0.00224544656864193	0.0197802751065753	44	-0.439612841530055	2.70715969581749	-4.44018624781509	1.32136559318166e-05	0.000118503274228317	2.48049927648607	LUSC
DMRT2	-3.86831549362338	0.00010958981351635	0.0117818426196165	113	-2.78926359289617	4.51284410646388	-11.0794868891592	1.09483978048862e-23	2.96026041073392e-21	43.1086967377037	LUSC
DMRT3	-3.50783472219699	0.000451769627307548	0.0128001394403805	65	-1.03406885245902	3.16667680608365	-7.8082867139746	1.35984473497022e-13	6.8711359411537e-12	20.2972805877895	LUSC
DMRTA1	0.257349990662786	0.796908604628581	0.9380520382472	59	0.17250956284153	3.51228517110266	1.2806692111195	0.201431666644795	0.391465609377894	-6.16528978636583	Non-Significant
DMRTA2	-3.40439856547177	0.000663099226692151	0.0134125166064609	76	-1.19386980874317	4.01850950570342	-7.40211543750178	1.78860920415025e-12	7.30856777052778e-11	17.7794977015206	LUSC
DMRTB1	-0.316284578114561	0.751786515683146	0.921146650766296	51	-0.0346635245901639	3.08185551330798	-0.480328781246945	0.631390616729615	0.796310579016679	-6.86414876040386	Non-Significant
DMRTC2	-1.06351216920517	0.28754974950798	0.579043448198737	41	-0.088455806010929	2.65033840304183	-1.51830632565982	0.130131474488795	0.28732703984078	-5.83677094906141	Non-Significant
DMTF1	0.126556916522809	0.899291098297847	0.975138086781005	177	-0.180749316939891	7.59310646387833	-2.04346298338344	0.0419973843019771	0.120832659422048	-4.91732933164338	Non-Significant
DNAJB1	-2.75353448194151	0.00589555593358816	0.0350048633556797	104	-0.566369672131148	8.86946007604563	-4.31770267878094	2.23109264178609e-05	0.000186918782051178	1.98309291850049	LUSC
DNMT3A	1.48026721007874	0.138801950250119	0.353015983706995	110	0.159122199453552	3.8321825095057	1.48283308050007	0.139309204228348	0.302389848378827	-5.88929701425814	Non-Significant
DNMT3B	-2.73505167741599	0.00623704834172613	0.0367621644959405	90	-0.480343169398907	4.45236882129278	-2.81981659745529	0.00516872317763201	0.0213950767036901	-3.08092108672114	LUSC
DNMT3L	0.897305715622677	0.369555807427146	0.670840098486591	33	-0.0286646174863388	3.10342965779468	-0.436698172077809	0.662686514263273	0.815870976870536	-6.88404292411933	Non-Significant
DOT1L	-3.056637471797	0.00223834813491147	0.0197802751065753	90	-0.30928162568306	3.71355893536122	-3.68154677192168	0.000280981488331291	0.00175767302668671	-0.402758097065212	LUSC
DPF1	-3.60626797645191	0.000310632353040871	0.0117818426196165	113	-0.40910150273224	3.24036501901141	-3.81556948935994	0.000169210295577852	0.0011208362972131	0.0718028830695312	LUSC
DPF2	-0.946458867306871	0.343914592419385	0.642849614302438	56	-0.116615642076503	8.81949429657795	-1.80414215740621	0.0723465285716758	0.185527128461075	-5.36914678652486	Non-Significant
DPF3	0.109664242076466	0.912675660012868	0.975138086781005	42	-0.0172991803278689	3.10921292775665	-0.23959458260489	0.810830119234542	0.903977192607135	-6.95034467268636	Non-Significant
DPRX	-0.233896017744275	0.815065704854786	0.945024443415842	36	-0.0201483606557378	2.55603041825095	-0.3267664296307	0.744102968437017	0.86697171751147	-6.9257843107625	Non-Significant
DR1	-0.908146567005027	0.363800790222734	0.666786850654781	213	-0.301958743169399	6.67404182509506	-1.85567679341378	0.0646118841229589	0.170191278564527	-5.27647475226395	Non-Significant
DRAP1	-2.43873545997372	0.0147387533329494	0.0712667264452494	105	-0.346359221311475	10.5411596958175	-4.21290295176686	3.46102014968938e-05	0.000276620402907249	1.56709070871017	LUSC
DUX1	0.30467183140164	0.760616105512398	0.925693300981555	27	-0.00392629781420775	2.84085551330799	-0.066251119041063	0.947227944905518	0.975990004772313	-6.9767237600279	Non-Significant
DUX3	-0.0276797880129005	0.97791754435583	0.992659926537704	45	0.0388653688524589	3.45450570342205	0.470831392729831	0.638149179351265	0.80094812555021	-6.8686401894823	Non-Significant
DUX4	1.94100561819823	0.0522575959172944	0.175640636985761	25	0.121286885245902	2.94289353612167	1.58878515773312	0.113303437140486	0.259410878151752	-5.72879340777806	Non-Significant
DUX5	1.42743967622472	0.15345320135122	0.376065129259818	29	0.0580478142076501	2.62414068441065	1.00926701887105	0.313768930126882	0.526589365910146	-6.47300026252224	Non-Significant
DUXA	-0.0674123530261554	0.946253435267723	0.982929393557581	26	0.0662879781420765	2.54022433460076	1.31861987237492	0.188436771733986	0.374324498344915	-6.11651600552159	Non-Significant
DYRK1A	0.793117237229204	0.427709520911323	0.72405752229747	91	0.113753142076503	7.92237642585551	1.04252423175759	0.298120576838763	0.50895247998675	-6.43917973472605	Non-Significant
DYRK1B	-0.230812110518412	0.817460772416056	0.945024443415842	114	-0.0545758196721313	4.99865019011407	-0.342342846004164	0.732364757319391	0.859599269631389	-6.92060012832291	Non-Significant
E2F1	-0.0181253879099115	0.985538824653355	0.993935063931376	45	0.0146272540983606	3.44566539923954	0.17176394658513	0.863754444183332	0.931996729075082	-6.96422742324206	Non-Significant
E2F2	-2.80832087485922	0.00498005785925524	0.0300104232936463	181	-0.821076707650273	7.56294296577947	-5.39498292079429	1.5218839349465e-07	2.2686335537009e-06	6.75569406166138	LUSC
E2F3	-2.1153551497843	0.0343996893271496	0.128008060514623	118	-0.209860792349727	9.21965019011407	-2.59326160131528	0.0100364023404999	0.0375014998362459	-3.67457473229942	LUSC
E2F4	-3.69018841102896	0.000224088018024915	0.0117818426196165	129	-0.407623565573771	8.70015589353612	-6.29332244525788	1.28351871228553e-09	2.94915592277235e-08	11.3755168833707	LUSC
E2F5	1.17389621927573	0.240436597000505	0.512952581447576	100	0.49561475409836	6.76635741444867	2.98151793724664	0.00313553544475799	0.0139822665066076	-2.6286322759455	LogFC Significant
E2F6	-3.36164462005547	0.000774797713758058	0.0134575871901758	122	-0.378534631147541	8.48647148288973	-5.15429886590546	4.98832065409271e-07	6.55888037994932e-06	5.61352438101788	LUSC
E2F7	-3.3785207881745	0.000728769222860437	0.0134125166064609	177	-2.09097383879781	5.15355133079848	-11.3389204757722	1.5013416770639e-24	4.48918824285367e-22	45.0629289459205	LUSC
E2F8	-1.1568131868854	0.247348693012163	0.524925281490989	67	-0.0372978825136613	2.91463498098859	-0.542097890858442	0.588207448097482	0.76914547002344	-6.8327530374963	Non-Significant
E4F1	0.334530341900019	0.737979398884241	0.91015700421522	179	0.037429576502732	9.5407566539924	0.404848454996835	0.685916110545675	0.831381747609752	-6.89737173321515	Non-Significant
EAF1	-0.269385933633108	0.787632709545059	0.933330730498678	165	-0.148475	4.97516349809886	-0.925346175510536	0.355629304721412	0.571272557754987	-6.55350390900992	Non-Significant
EAF2	0.240599500587645	0.809865537287891	0.943108869578974	190	-0.328852322404372	6.10300380228137	-2.04355703851362	0.0419880129604339	0.120829635122553	-4.91714104076292	Non-Significant
EBF2	0.86754255611252	0.385644805204396	0.688239842748999	54	0.0842462431693989	2.8951825095057	1.24597457802913	0.213876152993974	0.407395361200244	-6.20864807270857	Non-Significant
EBF3	0.664677978598115	0.506256481754477	0.783145802714061	71	-0.236248155737705	3.73250190114068	-1.74587028878733	0.0819945093799637	0.203731787115178	-5.47086580984481	Non-Significant
EED	-1.0032686399558	0.315731262718671	0.612132039964771	155	-0.284224180327869	4.84240684410646	-1.87213755777869	0.0622909261100465	0.16531128516372	-5.24633846132374	Non-Significant
EGR1	1.86683505294857	0.0619246257967509	0.198036179528223	90	0.258867622950819	10.7196996197719	1.99903443741614	0.0466276903639606	0.131137476849665	-5.0053325673662	Non-Significant
EGR2	1.23255377785948	0.217742290949558	0.479924672983353	141	0.112430259562841	7.68906844106464	0.702184911049947	0.483181277298175	0.685260712886397	-6.73377809006281	Non-Significant
EGR3	-0.0778832546472054	0.937920919801448	0.982323142334201	62	0.130502459016394	4.42215589353612	0.926378757141445	0.355093620152159	0.570700610205342	-6.55255552371906	Non-Significant
EGR4	1.06818379343786	0.285437613790281	0.577671361242235	30	0.0333579234972676	2.79171102661597	0.484757504778142	0.62824955268452	0.794091437787436	-6.86202375328019	Non-Significant
EHF	0.515833100005041	0.605970982314246	0.843657876239231	108	0.0138180327868851	6.00571482889734	0.0647926620514149	0.948388023540609	0.976486413519535	-6.97681886517092	Non-Significant
EHMT1	0.462496331271219	0.643725432636997	0.86912667221664	190	0.0252194672131147	3.73541064638783	0.254133535199307	0.799589835915139	0.897472852394416	-6.94677341599236	Non-Significant
EHMT2	-2.19848158143411	0.0279148056849085	0.111314595508956	99	-0.431343169398907	5.645463878327	-4.32956842465148	2.12176105829622e-05	0.00017880198626544	2.03075331031648	LUSC
EID2B	-1.46642716993815	0.142531948895466	0.357992375530602	63	0.0211528688524588	4.35789353612167	0.184234469719114	0.853970681580734	0.927328677878212	-6.96201849664093	Non-Significant
ELF1	1.18647905012072	0.235433170060225	0.505617778786255	159	0.15202650273224	9.56483269961977	1.53468884668828	0.126055489359042	0.280446981578204	-5.8121011176929	Non-Significant
ELF2	1.04487771273681	0.296079491691793	0.586709667585577	71	0.164945765027322	5.82324714828897	1.16489674217133	0.245110264254426	0.447362639466603	-6.30538116221815	Non-Significant
ELF3	2.8253310794364	0.00472317847123861	0.0293382047348091	216	0.537624590163934	10.0699885931559	3.43006450307728	0.00069989150188386	0.00387216702426449	-1.25173933781587	LUAD
ELF4	-3.24788040663691	0.00116268128657591	0.0157792460321016	199	-0.583860655737705	8.24823954372624	-6.12537058420913	3.26138866184934e-09	7.0009674180374e-08	10.4707826292467	LUSC
ELF5	2.84057036179127	0.0045032937368043	0.028633147184799	94	0.663041803278688	6.27780608365019	2.17082595629995	0.0308338189350293	0.094783785928	-4.65468340157601	VIPER Significant
ELK1	-2.37826269091848	0.0173944291926228	0.080724146971511	177	-0.32487793715847	8.30758174904943	-4.54957687798372	8.1972019872681e-06	7.78109412234965e-05	2.93483517744342	LUSC
ELK3	-0.662375191004032	0.507730799217554	0.783924704336855	113	-0.00826707650273236	3.71337262357414	-0.0813363135530223	0.935236004433047	0.970360805383341	-6.97561588122729	Non-Significant
ELK4	-3.10344529837139	0.0019128159210023	0.0187443060120688	93	-0.564574658469946	4.42529657794677	-4.93083902045468	1.44768874380946e-06	1.66868286225221e-05	4.59129320953118	LUSC
ELL	0.918935384008022	0.358129370814411	0.661004495846028	84	-0.113238661202186	7.14393155893536	-1.65890290057097	0.0983205743407495	0.233543524994812	-5.61660278198611	Non-Significant
ELL2	0.688802552736015	0.490947529000582	0.769275481747555	105	-0.145140710382514	7.49825855513308	-1.16257393794954	0.246050215690104	0.448351898622002	-6.30805762446067	Non-Significant
ELL3	0.518209969291559	0.604311779860846	0.842800971049452	38	0.14352424863388	5.54130418250951	1.0451519401742	0.296906917158131	0.507545480662567	-6.43646116254035	Non-Significant
EMX1	-3.20791743663373	0.00133699875007176	0.0163113345274704	52	-0.446652595628415	2.93218631178707	-5.30336215535606	2.40279755306549e-07	3.40979914063163e-06	6.3159485724305	LUSC
EMX2	0.147204023228117	0.882970985117093	0.970699299316569	40	-0.0781213114754099	2.99404182509506	-0.955197948236413	0.340349734928651	0.555612361933753	-6.5256623949804	Non-Significant
EN1	-3.21972457019273	0.00128313814727604	0.0160640938593085	62	-0.36945806010929	3.08569961977186	-4.48903263752584	1.06884920280866e-05	9.80363455019305e-05	2.68220380527183	LUSC
EN2	-0.371229893481565	0.710466309605536	0.899845433777605	21	-0.0150661885245902	2.86130418250951	-0.215310587735079	0.829691095517703	0.914191457579268	-6.95584079231526	Non-Significant
ENY2	-1.62142585799546	0.104926338867939	0.289420060183529	112	-0.256713046448088	10.5637870722433	-3.06225297737059	0.00242326416414731	0.0111818594763922	-2.39399282398222	LogFC Significant
EOMES	1.47482595492163	0.140259341346309	0.35560256871945	125	0.250075409836065	6.46840684410646	1.28851631773233	0.198692169891542	0.388040586288876	-6.15532008656888	Non-Significant
EP300	-0.854159235728542	0.393016766329932	0.693685330735344	88	-0.237319672131148	7.43936882129278	-2.51550081347884	0.0124793739811643	0.0450623234965975	-3.86746088913573	LogFC Significant
EPAS1	3.23078774467446	0.00123449576506633	0.0160640938593085	168	0.726573770491803	10.7875627376426	5.41320915307666	1.38875382938726e-07	2.09475177019031e-06	6.84389253299371	LUAD
EPC1	2.51127313393895	0.0120296580359444	0.0614806890128169	64	0.273697199453552	5.25733079847909	2.54269169484647	0.0115706820735124	0.0423381018687577	-3.80064908237362	LUAD
EPC2	1.37008157507317	0.170661438641661	0.405320916773946	44	0.209456079234973	4.18250570342205	2.21444335276646	0.0276509936823776	0.0868625776095858	-4.56121461605694	Non-Significant
ERF	-3.06114681774587	0.00220490948042999	0.0197802751065753	161	-0.617223565573771	6.74491254752852	-4.94637244237341	1.34590553038071e-06	1.56253614661542e-05	4.66114176468421	LUSC
ERG	1.30864232479221	0.190655536857527	0.440498844098578	141	-0.00433155737704925	4.09671102661597	-0.0374430676539091	0.970159976134669	0.985694787835054	-6.9782102588482	Non-Significant
ESR1	2.95776810610965	0.00309875142905385	0.0239231836694126	158	0.946357308743169	4.65077946768061	5.16423843276456	4.75349034116718e-07	6.29243283912006e-06	5.65985560439651	LUAD
ESR2	0.548208561975268	0.583548703768258	0.829208998245836	63	0.145565778688525	3.2545247148289	1.51181053754924	0.131775831955164	0.289975285278999	-5.84648069272779	Non-Significant
ESRRA	-0.997752365776541	0.318399453627021	0.616564889217793	162	-0.250008469945355	7.36688973384031	-2.42188162557939	0.0161131215224074	0.0556238623938901	-4.09225322922018	Non-Significant
ESRRB	-0.260146955341891	0.794750419299681	0.937064922841655	35	-0.128332923497268	3.07517870722433	-1.70522242712549	0.0893269593933453	0.217256842099642	-5.53988849035938	Non-Significant
ESRRG	0.147085966229079	0.883064166725971	0.970699299316569	57	-0.0753831967213117	3.79242205323194	-0.384694872790691	0.700772608978106	0.840000784368094	-6.9052852794884	Non-Significant
ESX1	-0.19660742696831	0.84413475817402	0.96119792172376	28	0.041750887978142	2.54716349809886	0.829098071258318	0.407796454192875	0.621102949912348	-6.6372870554998	Non-Significant
ETS1	1.7940225812085	0.0728095646733749	0.220614346993434	209	0.458130806010929	8.90221292775665	2.70702476656753	0.00723091292473251	0.0284755009133873	-3.38234916621319	LogFC Significant
ETS2	1.06916770713733	0.284994107088447	0.577497469194281	90	-0.133066734972678	9.46689733840304	-1.10773761554757	0.268981418268928	0.475908926329486	-6.36970649165824	Non-Significant
ETV1	2.71124443296809	0.00670311920250288	0.0390067226756846	129	0.219603483606557	2.84174144486692	2.5923490242022	0.0100623913008933	0.0375820334024253	-3.67687075931792	LUAD
ETV2	0.618281747744466	0.536389631326483	0.808086991224132	51	0.0871234972677594	3.28742205323194	1.04827049172787	0.295470869465974	0.505920124830588	-6.43322596757537	Non-Significant
ETV3	-0.0950253533161594	0.924294689004194	0.976207837720345	87	-0.13717575136612	4.96668821292776	-1.16399920269548	0.245473163897894	0.44771768450871	-6.306415983157	Non-Significant
ETV4	0.673505631267948	0.500625667408415	0.779662924652449	115	0.473744193989071	5.54032699619772	2.06622439508045	0.0397808122200118	0.115668476474128	-4.87151808755587	Non-Significant
ETV5	-0.378355209473753	0.705166737005958	0.898884771744188	125	-0.157605259562842	4.41767300380228	-1.15509400578963	0.249094319791249	0.452019222605625	-6.31664048197084	Non-Significant
ETV6	0.420155108861951	0.674372146432808	0.889232424528765	76	0.0196178278688524	8.40521292775665	0.2185602591551	0.82716114526447	0.913061356955793	-6.95513929975554	Non-Significant
ETV7	0.865033275008342	0.387020525582131	0.688368005303019	94	0.138181079234973	4.57218631178707	0.967698788771532	0.334078778309132	0.548900784116937	-6.51374261561136	Non-Significant
EVX1	-0.783737129944709	0.433194370926377	0.727244188197609	33	-0.055860655737705	2.88963117870722	-0.796662686835536	0.426361416639093	0.637622934115868	-6.66346186634989	Non-Significant
EVX2	-0.586838470677717	0.557312196741463	0.816507860093057	26	-0.00703265027322405	2.93593155893536	-0.103744133223181	0.917451016539137	0.960803591301431	-6.97355217999655	Non-Significant
FBXL19	-1.78633189827402	0.074045535052483	0.222688154766778	45	-0.0667370901639345	3.24077566539924	-0.952069180999634	0.341931051623218	0.557306751837202	-6.52862165123797	Non-Significant
FERD3L	-0.270878271439133	0.78648465733889	0.933330730498678	24	0.0441649590163934	2.87941825095057	0.715166366111654	0.475137000133927	0.678077743551234	-6.72463967103411	Non-Significant
FEV	-0.545624617679331	0.585323998761766	0.829208998245836	39	-0.127608265027322	2.91739543726236	-1.27675391323539	0.202808848052057	0.393077778145019	-6.17024165695677	Non-Significant
FGF1	-0.444638632346298	0.656580924351362	0.876345613906984	43	0.0124148907103825	3.05216349809886	0.162783259559656	0.870813379588794	0.936076503790763	-6.96572235606742	Non-Significant
FGF2	2.05822682695037	0.0395683645375972	0.141378116655353	85	-0.04985293715847	4.45892395437262	-0.338387968888032	0.73533927501947	0.861738427420456	-6.92193924273947	VIPER Significant
FGF7	1.84149004782614	0.0655497776871185	0.207168084079641	69	0.178232172131147	2.79260456273764	1.93848860152791	0.0536274393339183	0.146511340224752	-5.12223812804752	Non-Significant
FHL2	-1.08615462030137	0.277410590446215	0.566394568357316	95	-0.0694006147540986	9.32689733840304	-0.374557933915313	0.708289368190834	0.844841495304028	-6.90911313640547	Non-Significant
FHL5	3.04332707602907	0.00233977871696012	0.0199933472375164	157	0.605329234972678	3.92044866920152	4.08762103068301	5.78518817927836e-05	0.000438391004068392	1.0815215105513	LUAD
FIGLA	-0.263876862481525	0.791874804987937	0.936442283357887	28	0.0294668032786884	2.91052851711027	0.46026967389955	0.645700799348383	0.805382251751654	-6.8735297938208	Non-Significant
FLCN	0.565932127027806	0.571439920863123	0.823995957316022	102	0.0647497950819671	3.98056653992395	0.553047835229498	0.58069775321774	0.763616057417415	-6.82679245572226	Non-Significant
FLI1	0.522064821207878	0.601625198989479	0.842692711507379	100	0.168365505464481	3.0549391634981	1.59520665304057	0.111860102452998	0.257009253656246	-5.71871638182153	Non-Significant
FOS	2.99240764875403	0.00276786396303224	0.0222393049766023	83	0.741371994535519	10.7253346007605	4.91131965770991	1.58617936253975e-06	1.80700738136756e-05	4.50377989274355	LUAD
FOSB	2.12687039134185	0.0334308535926914	0.125560066400457	76	0.582101297814208	10.5872737642586	2.3710744164462	0.0184533135760824	0.0623521542025616	-4.21083561770089	VIPER Significant
FOSL1	-3.24905843151905	0.00115787691185655	0.0157792460321016	142	-1.27740054644809	5.41526235741445	-6.80224654135653	6.84866019126655e-11	2.04062775405898e-09	14.2250094386395	LUSC
FOSL2	-1.53046194712063	0.125902425601861	0.331923052829575	101	-0.248967418032787	4.01402661596958	-2.49019726306246	0.0133815250771553	0.0477407132735794	-3.92902028552679	LogFC Significant
FOXA1	2.94808433893316	0.00319749817476363	0.0239231836694126	104	0.531983196721311	9.72368821292776	2.86081398559386	0.00456291038364615	0.0192738790611186	-2.96848829723391	LUAD
FOXA2	3.42032827387166	0.000625456105631603	0.0134125166064609	180	2.14960443989071	8.87744486692015	7.00588552092751	2.03184009703135e-11	6.75932564216609e-10	15.4087695169081	LUAD
FOXA3	3.71846175104432	0.00020043963429657	0.0117818426196165	100	1.41228790983607	4.95688212927757	5.70398690276384	3.12643810286855e-08	5.44630231819788e-07	8.28275675316757	LUAD
FOXB1	0.544222340339548	0.586288480266401	0.829847410718876	26	0.0385456967213115	2.91878326996198	0.547712200612055	0.584351400158935	0.766706684551107	-6.82971175419706	Non-Significant
FOXC1	-1.4863475406123	0.137187217973608	0.350565438334457	78	-0.507686816939891	9.64055513307985	-2.64624735759603	0.0086267480511415	0.033030646048179	-3.53994861417354	LogFC Significant
FOXC2	-0.492419366183411	0.622422911514604	0.858422717417665	88	-0.288775204918033	4.20110266159696	-2.54432991871297	0.0115178694329267	0.0421812924362054	-3.79660189347527	LogFC Significant
FOXD1	-3.84641697007683	0.000119857721688862	0.0117818426196165	99	-2.57652527322404	4.23408365019011	-11.448700804068	6.44686858537557e-25	1.97413990320368e-22	45.8945005147507	LUSC
FOXD2	3.07716767355942	0.0020897771425745	0.0195558731672294	61	0.635292213114754	5.54972243346008	3.6298843599964	0.000340338023204558	0.00207484557394268	-0.581606343997337	LUAD
FOXD3	-1.30472959972996	0.191984938668325	0.441674752064594	37	-0.0713860655737705	2.7218783269962	-1.41605502326202	0.157935848171628	0.329835457447008	-5.98486213693291	Non-Significant
FOXD4	-2.381166584069	0.0172579056614692	0.0805535192002101	75	-0.469185724043716	5.65944486692015	-4.2264264941805	3.27193120685226e-05	0.00026282997330391	1.62027195883678	LUSC
FOXD4L1	0.550053008129393	0.582283016482216	0.82853486486236	50	-0.0113857923497269	4.10827756653992	-0.0782899776155488	0.937656580595568	0.971325846848052	-6.97585785747408	Non-Significant
FOXD4L3	0.0147176503948645	0.988257437904736	0.993935063931376	51	-0.0577164617486338	2.93862737642586	-0.869483730500648	0.385370892459115	0.599827705477424	-6.60324456545601	Non-Significant
FOXE1	-3.86476610510007	0.000111195702864641	0.0117818426196165	169	-2.48829637978142	4.80726235741445	-10.1459214864037	1.20870343765013e-20	2.25885342436145e-18	36.2202478474079	LUSC
FOXE3	1.82400586446691	0.068151185649459	0.211828852082927	83	0.0737179644808742	3.09158174904943	0.998544009877906	0.318928217008271	0.532370915767911	-6.48367297705059	Non-Significant
FOXF1	1.55095916289216	0.120911470725832	0.322231064723132	44	0.177905327868852	4.93306463878327	1.10385993728262	0.270657078991478	0.477842478441748	-6.37395424060094	Non-Significant
FOXF2	1.1970234473349	0.231297415785952	0.500756924837841	64	-0.107709084699454	5.46439163498099	-0.714417208246276	0.475599215588743	0.678497686166646	-6.72517158178498	Non-Significant
FOXH1	0.26819436185974	0.78854971466285	0.933656736935852	64	0.123467827868853	4.57962357414449	1.33430352936282	0.183251934680334	0.367110520362211	-6.09594909002609	Non-Significant
FOXI1	-0.394255112270417	0.6933927001269	0.895093575177549	69	-0.180553073770492	3.39185551330798	-2.06680888474936	0.0397252333862545	0.115547783445302	-4.87033523219517	Non-Significant
FOXJ1	2.91667897825299	0.00353779684564187	0.0249499646537626	221	1.12837069672131	4.66627756653992	6.16106982488107	2.67892110624097e-09	5.85446765573693e-08	10.661564428502	LUAD
FOXJ2	-0.912977469371118	0.361254391329864	0.664750549595613	158	-0.121888797814208	9.79673764258555	-1.70052204188577	0.0902080991820347	0.218792732971714	-5.54776748811361	Non-Significant
FOXJ3	0.984957250672969	0.324645069876378	0.622686208848397	103	0.121488661202186	9.42755893536122	1.73969226984716	0.0830762433827002	0.20565557629441	-5.48145889303534	Non-Significant
FOXK1	-3.03625465487784	0.00239536962830081	0.0203606418405569	71	-0.641018784153005	8.11703041825095	-5.59360115165184	5.5438540956254e-08	9.15546430762931e-07	7.72954983526369	LUSC
FOXK2	-0.797415813935118	0.425209577964603	0.721419906032836	87	-0.366017964480874	3.59233079847909	-2.97532437365013	0.00319742219863162	0.014222205565352	-2.64639084231932	LogFC Significant
FOXL1	-2.26568272689181	0.0234708158662639	0.0992287110576338	22	0.0303660519125683	2.72721673003802	0.482057958680263	0.630163399902553	0.795481919733947	-6.86332137658178	VIPER Significant
FOXL2	-3.00565231205764	0.00265011832989182	0.0217284692800624	41	-0.419191461748634	3.14158174904943	-5.48355387234773	9.73316128206458e-08	1.5186334667884e-06	7.18651975811405	LUSC
FOXM1	-3.04797930113684	0.00230385795916347	0.0198655617716705	308	-1.73921004098361	5.9768897338403	-8.35339536775504	3.77391783643338e-15	2.47849859769485e-13	23.8053385217112	LUSC
FOXN1	0.104267915827542	0.916956738559136	0.975138086781005	40	0.0364738387978142	2.75139163498099	0.597100577375072	0.550950984724008	0.740545255050261	-6.80161105738984	Non-Significant
FOXN4	0.619164231303393	0.535808172759784	0.808086991224132	28	0.0420877049180328	2.89593536121673	0.385655103217201	0.700062088822228	0.839559196409463	-6.90491738861171	Non-Significant
FOXP1	1.78827437774467	0.0737317515541129	0.222573418242789	93	0.363025478142076	4.72296197718631	2.61792851515627	0.0093563153605761	0.0354238211238496	-3.61222255191542	LogFC Significant
FOXP2	-0.456621181470689	0.647943351918783	0.86912667221664	29	-0.11551987704918	2.86458174904943	-1.66619666562017	0.0968579611883522	0.230759462088785	-5.60466003553442	Non-Significant
FOXP3	0.440324188920917	0.659702323837311	0.876888274071817	40	0.12523456284153	2.91566539923954	1.96629355205434	0.0503103099830535	0.139381604374241	-5.06898407644889	Non-Significant
FOXP4	2.13695340646166	0.0326017815055436	0.123098195061854	73	0.436082923497268	5.11420912547529	3.37995725579874	0.000834338222307782	0.00450246489614746	-1.41435292507214	LUAD
FOXQ1	0.325390978156707	0.744885182723662	0.91412581314492	68	0.176553415300547	8.97392395437262	0.617779411510729	0.537252258134231	0.729462225158374	-6.7891271719636	Non-Significant
GABPA	0.815128109860977	0.414998982845586	0.712336623262607	76	0.289444467213115	6.25003802281369	2.27188153703974	0.0238969523457532	0.0771061242630017	-4.43539827183326	Non-Significant
GABPB2	-2.94376645748412	0.00324244573768944	0.0239495745084623	162	-0.591236270491803	6.29526996197719	-5.45836777470787	1.10584504130945e-07	1.69723173731407e-06	7.06344145716031	LUSC
GATA1	0.387028394918691	0.698735186807116	0.89773852561137	32	0.0593417349726775	2.58352851711027	1.20291353685654	0.230085372255506	0.428254178458732	-6.26082496648051	Non-Significant
GATA2	3.1702220633845	0.00152322478560752	0.0172384752436565	85	0.417528415300546	4.59162357414449	2.74495442926773	0.00646658882237834	0.0258744996079295	-3.28228064373287	LUAD
GATA3	1.76921142598019	0.0768585981184211	0.22777111751232	159	0.03135368852459	3.81574144486692	0.214696955889946	0.830169023465631	0.914430783583361	-6.95597207531709	Non-Significant
GATA4	-0.184297435810133	0.853780125401471	0.963315979511089	35	0.0111810109289617	2.72190494296578	0.219980993967287	0.826055632626561	0.912430680523106	-6.95482931171337	Non-Significant
GATA5	3.40700525899681	0.000656798614896425	0.0134125166064609	63	0.471777390710383	3.14343346007605	4.1665763776155	4.19105543422853e-05	0.000328866517185404	1.38604115595529	LUAD
GATA6	0.249357407820037	0.803084328334489	0.940522980609281	41	-0.0741489754098361	3.0162433460076	-0.914022669726181	0.361537333174391	0.577006772995939	-6.56383514876232	Non-Significant
GATAD2A	-3.26604923765133	0.00109059284729091	0.0155814650632932	110	-0.381865983606558	9.66161596958175	-4.73935850757603	3.50491138572416e-06	3.64134156120036e-05	3.74535032646954	LUSC
GATAD2B	-0.365602489194331	0.714661717411384	0.900998183933947	94	0.0139587431693989	7.04856273764259	0.130253575553905	0.896464808673785	0.95002169198001	-6.97046550921401	Non-Significant
GBX2	0.223605901372222	0.823063971305666	0.948108640270079	56	0.0550203551912568	3.61820912547529	0.696332639589119	0.486831957536523	0.688477689336094	-6.73784331467533	Non-Significant
GCM1	0.174298861982075	0.861630593562195	0.965002363802319	54	0.0700931010928962	3.73050950570342	0.589902446499448	0.555759619742222	0.744449588667035	-6.8058571527629	Non-Significant
GCM2	-0.419986682230189	0.674495182692097	0.889232424528765	34	-0.0614492486338798	2.70973003802281	-0.890341658190019	0.374091532147247	0.588949973714338	-6.58503240485892	Non-Significant
GFI1	1.29321461120507	0.195936843568995	0.44790409386022	79	0.198944193989071	5.07691634980989	1.17422983263634	0.241359066074139	0.442308892013867	-6.29457376638012	Non-Significant
GFI1B	0.237882486344903	0.811972239523643	0.943886169196407	44	-0.101825341530055	2.84441064638783	-1.21398807749914	0.225835055809655	0.422832672693535	-6.24757928754532	Non-Significant
GLI1	-3.48053953787017	0.000500404960950982	0.0130438270276163	116	-0.480818647540984	5.01712547528517	-4.60994865621701	6.27410331210675e-06	6.12846309686799e-05	3.18962052483884	LUSC
GLI2	-3.62051574091502	0.000294016361894321	0.0117818426196165	110	-0.823093920765027	4.34458935361217	-4.58047246500303	7.15141392751209e-06	6.89655501929952e-05	3.06486559748099	LUSC
GLI3	-2.37715233034185	0.0174468814025915	0.0807355686681524	175	-0.661870081967213	5.40503422053232	-4.35496299178552	1.90475234740552e-05	0.000163411987895221	2.13313463850631	LUSC
GLI4	-2.15587731800477	0.0310932460267587	0.119732111241303	147	-0.633074590163935	5.02204562737643	-4.57020831766837	7.48373450383628e-06	7.16678960623598e-05	3.02158361243118	LUSC
GLIS1	0.105491183858536	0.915986065218771	0.975138086781005	29	0.025406693989071	2.71770342205323	0.518787033000867	0.604343001300584	0.779022250903061	-6.84504614638772	Non-Significant
GLIS2	0.529462244530458	0.596484828835692	0.838401217205955	35	0.0432459016393442	2.76909125475285	0.688640596383468	0.491653005251385	0.692713164891025	-6.7431349612	Non-Significant
GLIS3	3.84020812550823	0.000122930048503568	0.0117818426196165	77	0.715502049180328	7.13873384030418	4.69849634875735	4.21801057311131e-06	4.28648367557765e-05	3.56846955066995	LUAD
GMEB1	-0.131070298050414	0.895719697150963	0.975138086781005	49	-0.046770218579235	6.06910646387833	-0.500359390572528	0.617238077573405	0.78763470116413	-6.85438250537689	Non-Significant
GMEB2	-0.784742891064721	0.432604329763947	0.727009357511732	189	-0.247789480874317	8.59290874524715	-2.52235892963998	0.0122443804056179	0.0443673841849001	-3.85067405680326	LogFC Significant
GPBP1	1.09727621504162	0.27252066503577	0.561295544572145	114	0.185855464480874	5.24347148288973	1.34762371607971	0.178932549153098	0.360689561399966	-6.07829315089718	Non-Significant
GPBP1L1	0.0517844454994627	0.958700449614563	0.984924444101475	76	0.0268584699453552	5.24298859315589	0.225874249794001	0.821473654571896	0.910152794242196	-6.95352203372654	Non-Significant
GPS2	-0.290300239463115	0.771586555666321	0.928508158629907	142	-0.0495739071038256	7.86068060836502	-0.717806878275016	0.473509835433004	0.676325299379867	-6.72276044890658	Non-Significant
GRHL1	-2.96134048333829	0.0030630311522599	0.0238975618884045	83	-0.37699487704918	4.00911787072243	-3.3108485072261	0.00105957535139818	0.00551734626739112	-1.63503007587321	LUSC
GRHL2	-2.44617766895787	0.0144379832700095	0.0700220509941901	109	-0.660802459016393	6.53815209125475	-4.1562896945291	4.37201640502258e-05	0.000341339138514016	1.34607736743474	LUSC
GRHL3	-3.89085282028635	9.98925129078769e-05	0.0117818426196165	73	-0.608518306010929	3.39153231939164	-5.64863750376578	4.17087686401431e-08	7.02964233261192e-07	8.00431124573507	LUSC
GSC	-0.41103145115885	0.681049472903199	0.892047768644498	34	-0.201006352459016	3.19127376425856	-2.48375314861495	0.0136203467239392	0.0483686925158082	-3.94460293614248	LogFC Significant
GTF2H2	0.224026614514419	0.822736594109676	0.948108640270079	46	-0.0577116803278689	2.74450570342205	-0.989660596626399	0.323244462184332	0.536966094828561	-6.4924290355654	Non-Significant
HAND1	1.62959408961408	0.10318731438729	0.285355330026497	36	0.386362021857924	2.94108745247148	2.61715106361318	0.00937710297726921	0.0354919507476209	-3.61419631960521	LogFC Significant
HAND2	0.507514093433251	0.611794150230781	0.848814654162258	22	-0.0780512978142076	2.9984030418251	-1.16284508839804	0.245940360484515	0.448194384520681	-6.30774546264495	Non-Significant
HBP1	1.7171717263432	0.0859477998910274	0.248310727771036	72	0.262801571038251	7.8540494296578	3.55816486588019	0.00044249653305727	0.00260516374430938	-0.826096149864076	LogFC Significant
HCFC1	-1.48164934986149	0.138433620656083	0.352634538422041	74	-0.160132923497268	9.75485171102662	-2.0766121348616	0.0388028785878709	0.11339702911226	-4.85044774177335	Non-Significant
HCFC2	0.0551817698932257	0.955993652321765	0.983947164598877	67	-0.0536412568306011	4.73612547528517	-0.437315664547668	0.662239264834754	0.815664638166992	-6.88377455351938	Non-Significant
HDAC1	-2.81497033900062	0.00487817360469461	0.0299553246067749	124	-0.287068715846995	11.5172775665399	-4.20470649472314	3.58065743048227e-05	0.000285464207193028	1.53493062131167	LUSC
HDAC10	-1.54809181335906	0.121600192847236	0.323532638300307	77	-0.318362773224044	4.23619011406844	-2.42312917664822	0.0160591184976469	0.0554638613583631	-4.08931123207329	Non-Significant
HDAC2	-3.04685093476759	0.00231252359942666	0.0198655617716705	114	-0.533644193989071	9.65289353612167	-6.16020279729617	2.69177778728297e-09	5.8775106736756e-08	10.6569210939728	LUSC
HDAC3	0.0203948105000507	0.983728423611739	0.993935063931376	97	0.0476650273224043	8.60326615969582	0.870021344433443	0.385077567399397	0.599591463151571	-6.60278053500595	Non-Significant
HDAC4	-1.77699841201697	0.0755685011039552	0.22517182524518	65	-0.272865642076503	4.95302281368821	-1.80915333742743	0.0715624106394257	0.183850220237708	-5.36024713956242	Non-Significant
HDAC5	1.17051781475271	0.241792649280474	0.514486335425515	122	0.244137978142077	3.91112547528517	2.01268021758352	0.045161622910693	0.127692491700765	-4.97850279397734	Non-Significant
HDAC6	0.686061203872549	0.492674514277255	0.770251055719039	138	0.267318101092896	7.77851711026616	2.71100554440198	0.00714703056529032	0.0282032776080519	-3.3719086280492	LogFC Significant
HDAC8	0.341331595819014	0.732853964572143	0.907782695141947	91	0.252267281420765	5.54314448669202	1.96170354390015	0.0508456737067832	0.140497243197608	-5.07782595262263	Non-Significant
HDAC9	-0.426867034243591	0.669476177767973	0.885506983698015	52	-0.039182718579235	3.46779847908745	-0.452098707375157	0.651568390602708	0.808666191118423	-6.87723660318694	Non-Significant
HDGF	-1.82022987855824	0.0687240048022952	0.212216573146667	160	-0.239367486338798	9.94919391634981	-2.90116109958413	0.00403056218369901	0.0172954192910508	-2.85635094914859	LogFC Significant
HDGFL1	-1.79505919789443	0.0726442686831367	0.220527244216665	59	0.000562021857923426	2.81444106463878	0.00730956908010447	0.994173369347638	0.997220754360963	-6.97888132919894	Non-Significant
HEATR1	-3.26940871607642	0.00107772504975089	0.0155814650632932	162	-0.475098907103825	8.59011787072243	-5.50219356469278	8.85324241317401e-08	1.39760254144864e-06	7.27789696682482	LUSC
HELT	-0.953172371964965	0.340502742214215	0.641670861932272	32	0.0368584699453551	2.73794676806084	0.514764810448456	0.607147239109882	0.78076520475663	-6.8471127512582	Non-Significant
HES1	-3.62133768993577	0.0002930836582597	0.0117818426196165	119	-0.80333674863388	7.18439923954373	-5.86535381257388	1.33371771171047e-08	2.56025448344663e-07	9.10654543096508	LUSC
HES2	-3.656322839206	0.000255859092929558	0.0117818426196165	88	-2.3266031420765	4.76473384030418	-10.2287204673811	6.55767281903399e-21	1.25315648397419e-18	36.8211730875804	LUSC
HES3	0.0625078807739529	0.95015838626435	0.982929393557581	29	0.0537849726775956	2.95087452471483	0.693408548241339	0.488661622281721	0.689645387967806	-6.73986180721748	Non-Significant
HES4	0.0618625790968065	0.95067226794857	0.982929393557581	79	-0.0156403688524594	10.1924296577947	-0.136373703455684	0.891629594545153	0.94759179489691	-6.96965354533982	Non-Significant
HES5	-0.920716410447478	0.357198506136974	0.6600407178618	48	-0.214001092896175	3.99249429657795	-1.7222140447368	0.0861996819275728	0.211322329074736	-5.51122897775628	Non-Significant
HES6	-0.731090918200925	0.464723621176309	0.752032713626993	98	0.241998907103825	7.93078707224335	1.13684860108313	0.256630417362847	0.461053134070412	-6.33734613826666	Non-Significant
HES7	-0.621136057234607	0.534510106805736	0.808086991224132	31	-0.0878325819672131	2.37642205323194	-1.24120019420495	0.215631402587546	0.40960296922011	-6.21452257862803	Non-Significant
HESX1	0.737833326646963	0.460615738763808	0.751363882024892	94	0.19953900273224	3.50738022813688	1.79564214024935	0.0736927274396267	0.188257549563328	-5.38418739525818	Non-Significant
HEXIM1	0.0796286042294262	0.936532644561297	0.982143000627594	34	0.0681390027322405	3.77734980988593	0.674765554434149	0.50041407132229	0.699574693489843	-6.75253201520372	Non-Significant
HEXIM2	1.5119653810046	0.130542669703716	0.339426847009398	43	0.19293237704918	5.56487072243346	1.74502483242755	0.0821418616684961	0.204050695123395	-5.47231763076774	Non-Significant
HEY1	-3.20484993286494	0.00135132915536604	0.0163113345274704	43	-1.31153449453552	8.29309885931559	-7.91492363381656	6.81968662208832e-14	3.64165788740647e-12	20.9722614570793	LUSC
HEY2	-2.23950682896505	0.0251229574873114	0.104302252807218	126	-0.705785040983606	5.65853992395437	-4.34365761913545	1.99859873383126e-05	0.000170058203612505	2.08749162351007	LUSC
HEYL	1.67929733525728	0.0930941100830831	0.264230207002072	193	0.583520286885246	8.573536121673	4.62783245698056	5.79332631812529e-06	5.7093129779555e-05	3.26564333865578	LogFC Significant
HHEX	2.2244086828434	0.0261209601998539	0.107069418078081	199	0.193641666666667	5.62576425855513	1.15938601705909	0.247344380122976	0.449968131501365	-6.31172231331783	VIPER Significant
HIC1	1.4348135820174	0.151340226510187	0.373151856204507	76	0.0906838114754098	4.14113688212928	0.883073018736414	0.377998674830166	0.592598958764095	-6.59142775754714	Non-Significant
HIC2	-2.58221233301619	0.00981691653305085	0.0532024167814669	81	-0.455357172131147	6.74469201520913	-4.01430190935257	7.77009259852486e-05	0.000569776899838742	0.803335817142144	LUSC
HIF1A	-1.20653369214906	0.227611776200017	0.494741613140011	158	-0.37141031420765	5.61017870722434	-2.37076636601163	0.0184683703705839	0.0623942710805212	-4.21154725509622	Non-Significant
HIF1AN	-1.66543957915961	0.0958250886081755	0.268676246705214	100	-0.356779439890711	6.98220912547529	-3.9466894653251	0.000101610912129328	0.000721582269538696	0.550751024023768	LogFC Significant
HIF3A	-1.03751952981633	0.299493798776718	0.588421514628223	54	-0.168433333333333	3.08790114068441	-2.20059256873684	0.028629344191882	0.0893581495739745	-4.59108999096479	Non-Significant
HIPK2	0.303261277064282	0.761690753885471	0.926080485635493	67	0.156841051912568	7.86674524714829	1.14916241012443	0.251527050719523	0.454842513062071	-6.32340771161984	Non-Significant
HIVEP1	-2.0167394002996	0.0437227159116576	0.153171770493117	82	-0.206395833333334	6.67044866920152	-2.07998259732603	0.038490018879121	0.112625180731262	-4.8435891729126	VIPER Significant
HIVEP2	-1.59130607548616	0.111540710193	0.303263042023056	164	-0.276855806010929	5.8276463878327	-3.28569159128708	0.00115476067187118	0.00595081046964272	-1.71432017911708	LogFC Significant
HIVEP3	0.0467738988717918	0.962693431940817	0.987769944462783	70	-0.0806842896174865	3.51343346007605	-0.824442855454749	0.4104307798359	0.62352114168017	-6.64110760156749	Non-Significant
HLF	2.54946214079527	0.0107889224565907	0.0569875084907879	131	0.225778415300546	4.35695057034221	1.25038350758869	0.212264485733254	0.405145251531719	-6.20320343583282	VIPER Significant
HMGA1	-3.29104400852452	0.000998162964449224	0.015107811532025	175	-1.09230211748634	9.09896958174905	-7.30755852963781	3.21893625166539e-12	1.25287111443074e-10	17.2058663658169	LUSC
HMGA2	-0.61899993409623	0.535916402301787	0.808086991224132	44	-0.126281557377049	3.04680608365019	-1.5884829166179	0.113371732612778	0.259473746608407	-5.72926672163958	Non-Significant
HMGB1	-0.246724995115852	0.805121061146504	0.940606778083775	114	-0.179418032786885	5.56365779467681	-1.10525407574132	0.270053803489654	0.477042498574719	-6.37242875000344	Non-Significant
HMGB2	-2.31725869930924	0.0204896436612657	0.0916641953267151	87	-0.551834153005465	7.95957414448669	-3.68474133175942	0.000277651756412497	0.00174284935563843	-0.391624101901547	LUSC
HMGB3	1.72963748676696	0.0836950640560483	0.243233239757123	116	0.801095491803279	8.24709125475285	3.56228642963005	0.000435920606460574	0.00257221201162539	-0.812165672373029	LogFC Significant
HMGB4	0.0855438106766205	0.931829067210321	0.97922011091909	30	-0.0171469945355191	2.59836882129278	-0.297823153897488	0.7660719274029	0.879053096707054	-6.93477683638319	Non-Significant
HMX1	-2.02391376170356	0.0429790257168362	0.151222497892572	53	-0.0363114754098361	2.83873384030418	-0.473337629682716	0.636362712847239	0.799772274624211	-6.86746365658244	VIPER Significant
HMX2	-0.278733768559988	0.780449145559103	0.932957342766803	64	-0.252789071038251	3.18390494296578	-2.29263487715592	0.022654293659524	0.0738999553694064	-4.38917697647362	Non-Significant
HMX3	0.371347695376466	0.71037857772782	0.899845433777605	47	0.0332983606557377	2.77496958174905	0.590787911067451	0.555166984811863	0.74406722940031	-6.80533759769569	Non-Significant
HNF4A	-1.29222327213646	0.19627983455519	0.44790409386022	22	0.115046926229508	2.9089391634981	1.65252160505484	0.0996147124669483	0.235780176202269	-5.62700937795927	Non-Significant
HNF4G	2.93021285711294	0.00338729887653756	0.0243132786027029	49	0.515848019125683	3.94462357414449	3.44046478665215	0.000674652592532781	0.00375289347599325	-1.21771295447701	LUAD
HOXA1	-0.614299815041692	0.53901722474991	0.809026782501026	40	-0.0494058060109291	3.42446007604563	-0.512007111174585	0.609073238695185	0.782223870406075	-6.84852037231465	Non-Significant
HOXA10	-3.20289166380992	0.00136055152770768	0.0163113345274704	93	-1.53703954918033	4.24116349809886	-8.20555292332426	1.01140676989402e-14	6.24536910229138e-13	22.8399701966255	LUSC
HOXA11	-1.92575491400334	0.0541349835105691	0.180636360267705	20	-0.244833948087432	2.73392775665399	-3.14289919721093	0.00186326368475912	0.00896398065717163	-2.15379064379457	LogFC Significant
HOXA13	-3.43387509632061	0.000595018309790051	0.0134125166064609	45	-0.413525068306011	2.92487452471483	-3.75111785256198	0.000216333387575299	0.00139233461094298	-0.158315988064836	LUSC
HOXA2	0.339019066389554	0.734595366925706	0.90899279949406	73	-0.0621314890710385	4.59520532319392	-0.488005847730284	0.625949963467061	0.792801329121385	-6.86045274453522	Non-Significant
HOXA3	-0.94055400408302	0.346933462383685	0.647742822831966	77	-0.202989480874317	3.47928136882129	-1.46879245516684	0.14307732097851	0.308083025984745	-5.90975000987269	Non-Significant
HOXA4	-3.36601082944248	0.000762637142490582	0.0134575871901758	70	-1.13511229508197	4.55901901140685	-7.02645051593806	1.794865634443e-11	6.09056141054784e-10	15.5296484653668	LUSC
HOXA5	2.1243743646587	0.0336388518566955	0.125756355899452	53	0.249955259562842	8.62523574144487	1.8002447678874	0.0729612466411416	0.186632754089297	-5.37605174090335	VIPER Significant
HOXA6	-2.74824467522731	0.00599152794045654	0.035444386900503	76	-0.391620491803279	4.6343536121673	-2.80180775423409	0.0054572445495894	0.0223892376872259	-3.12982644650627	LUSC
HOXA7	-0.699311746929292	0.484357227424387	0.76663421006108	30	-0.106667896174863	2.7563536121673	-1.72752890341274	0.0852399557008374	0.209553861130503	-5.50220744324035	Non-Significant
HOXA9	-3.18758113352466	0.00143468201622993	0.0169028701923986	56	-0.612641666666667	3.52968821292776	-4.10950510022561	5.29329917607611e-05	0.000404980408967942	1.16541266606527	LUSC
HOXB1	-1.83420579120839	0.0666234521124484	0.209740497391041	51	-0.230662021857924	3.82155133079848	-2.26855871414721	0.0241013405084793	0.0776867051824362	-4.44276125277034	Non-Significant
HOXB13	-0.808242902224903	0.418950764711834	0.715984640221811	34	-0.106955259562842	2.60426615969582	-1.57073201300354	0.117440307246994	0.266070288512174	-5.75690991714553	Non-Significant
HOXB2	-0.113897376756079	0.909319145081149	0.975138086781005	128	0.150597950819672	6.21781368821293	0.744369468714461	0.457313756378068	0.663541829831166	-6.70347246540825	Non-Significant
HOXB3	-1.43999985694205	0.149867439542603	0.372271415224822	53	-0.0642300546448089	3.60200760456274	-0.401319810837902	0.688508697726415	0.833054225526734	-6.89878643752995	Non-Significant
HOXB4	2.53665156435861	0.0111918284814793	0.0583058161212548	115	0.0125478142076502	4.30498098859316	0.0884741407820033	0.929566782997295	0.967224660355891	-6.97501273923146	VIPER Significant
HOXB5	2.09207586516941	0.0364317297436946	0.13341778579607	87	0.637146584699454	7.67556273764259	3.91354500831299	0.000115740594984452	0.000806966105065447	0.428321991302221	LUAD
HOXB6	1.53533969187028	0.12470040918276	0.330691561297468	67	0.350575614754098	6.04557414448669	2.60050364927219	0.00983228110655723	0.036858220095258	-3.65632665819344	LogFC Significant
HOXB7	-3.11611014081253	0.00183253813187103	0.0187443060120688	131	-0.833298428961749	7.685463878327	-3.58096900080633	0.000407246826671625	0.00242288982834411	-0.748836962611975	LUSC
HOXB8	-2.46235831413763	0.0138026696137548	0.0679613153238231	55	-0.162713797814208	4.19515589353612	-0.587145462346216	0.557606835429052	0.745980383685903	-6.80746986298393	VIPER Significant
HOXB9	-0.541876857242714	0.587903340555255	0.830677073487958	41	0.0331310109289616	2.99622813688213	0.557788312248779	0.577460700998111	0.760728822711242	-6.82417510089564	Non-Significant
HOXC10	-1.68068938833285	0.0928232628582716	0.263925298443853	53	-0.00455225409836066	3.37326996197719	-0.0339912371452133	0.97290977405105	0.986691465515402	-6.97833296186453	Non-Significant
HOXC11	0.0506643134779095	0.959593013829357	0.985214696334655	75	0.144712636612022	4.91880608365019	1.29784333141772	0.195471772482768	0.383635278510231	-6.14339196229745	Non-Significant
HOXC13	-3.49788066415991	0.000468970923743885	0.0128904693837697	88	-0.669813456284153	4.06796958174905	-3.9962430861306	8.3502432614815e-05	0.000608108259982275	0.735500274717936	LUSC
HOXC4	-1.45342010672564	0.14610714719053	0.365267867976325	61	-0.378756420765027	5.53142965779468	-1.97565143542869	0.0492335441363018	0.136860960053401	-5.05089555018955	Non-Significant
HOXC5	-0.692385514531436	0.488695260156162	0.768493520109251	36	-0.127967964480874	2.93592015209125	-1.59040914535521	0.112937033092183	0.258805124251278	-5.72624870780148	Non-Significant
HOXC6	-2.47091370999513	0.0134768333481193	0.0665598955878064	71	-1.02495901639344	7.17631558935361	-4.56498883052435	7.65837156644047e-06	7.32299366939996e-05	2.99960575432185	LUSC
HOXC8	-3.36470079584942	0.000766267051465902	0.0134575871901758	87	-1.6684206284153	5.06090874524715	-6.87667825852321	4.40461559063255e-11	1.35694193759414e-09	14.6548795156197	LUSC
HOXC9	-2.58564809576226	0.00971961079168449	0.0530309845559812	47	-0.525350614754098	3.76958935361217	-2.67168439468407	0.0080154638490558	0.031040839431297	-3.47440117732591	LUSC
HOXD1	3.20344348151714	0.0013579469116784	0.0163113345274704	137	1.6757006147541	6.62949429657795	5.96906086657891	7.64488048913396e-09	1.52873550363359e-07	9.64528194073015	LUAD
HOXD10	-3.41876739376567	0.000629054764180296	0.0134125166064609	50	-1.34839139344262	3.19714068441065	-8.07077208812264	2.46290472100651e-14	1.4066783458225e-12	21.968776928423	LUSC
HOXD11	-3.66145508739263	0.000250786829748362	0.0117818426196165	80	-1.44315095628415	3.93420532319392	-9.06922583873032	2.79280866231901e-17	2.69893631032319e-15	28.6149313221819	LUSC
HOXD13	-2.80866968627538	0.00497466585462086	0.0300104232936463	122	-0.477132103825137	5.92622813688213	-4.85677392700666	2.04451097251139e-06	2.26814888159535e-05	4.26076134328538	LUSC
HOXD3	-0.914229233807111	0.360596406103765	0.664750549595613	100	-0.0434659153005465	4.95959315589354	-0.349575936874766	0.726935124889457	0.85670885348189	-6.9181108013028	Non-Significant
HOXD4	-3.35545406225631	0.000792348148094767	0.0135217255428355	36	-0.239989480874317	3.550536121673	-2.15470670428264	0.0320876599297169	0.0977748429173582	-4.6887718602843	VIPER Significant
HOXD8	-2.61760723194778	0.00885486616369225	0.0491429857538247	71	-0.193216734972678	3.11019391634981	-2.41147009765961	0.0165701035009313	0.0569885995371676	-4.11674937167373	VIPER Significant
HOXD9	-3.3972974483866	0.000680549488470685	0.0134125166064609	56	-0.332897472677596	2.89602661596958	-3.54402988113309	0.000465762947093714	0.00272447205140019	-0.873759760507037	LUSC
HR	-3.92958408298075	8.50929181049469e-05	0.0117818426196165	111	-0.665036338797814	3.02680608365019	-6.97054206847319	2.51310314665278e-11	8.18884994555475e-10	15.2015910041422	LUSC
HSF1	-1.86158948803319	0.0626609761368708	0.19960054528806	79	-0.65710443989071	4.16856273764259	-4.38484164704125	1.67661172531439e-05	0.000145934121954077	2.25425691450648	LogFC Significant
HSF2	-1.6840141536283	0.0921789334412285	0.262555515886392	130	-0.306892691256831	6.30299619771863	-2.84863790659022	0.00473571153874485	0.0198618555228942	-3.00203971149379	LogFC Significant
HSF4	0.0101219781798286	0.991923967789996	0.995022480393481	170	0.119588592896175	4.71922433460076	0.678742073272677	0.497894710796636	0.697892967020685	-6.74985834948842	Non-Significant
HSF5	0.116376610106875	0.907354071853403	0.975138086781005	31	-0.00459610655737705	2.5764144486692	-0.0927184345576449	0.926197436140019	0.965579267443577	-6.97463006139714	Non-Significant
HSFY2	1.46280006400534	0.143522095578792	0.359919540931287	33	0.155693032786885	2.67455893536122	1.89082268635852	0.059740816551361	0.15969973194089	-5.21181584930376	Non-Significant
ID1	-0.452035543595688	0.651243376903955	0.872086896303065	101	-0.226743237704918	5.65331558935361	-1.02399349603177	0.30677390287411	0.519382195273673	-6.45815852213617	Non-Significant
ID2	1.56044229600679	0.118655396243936	0.317791815810872	211	0.423208469945355	8.31042585551331	2.66821724014947	0.00809642132863026	0.031278103737417	-3.48337048079962	LogFC Significant
ID3	1.39500879735982	0.16301318669398	0.392306948011526	105	0.265794603825136	9.48005703422053	1.93827131816535	0.0536540675890836	0.146568334248081	-5.12265138332755	Non-Significant
ID4	0.611025633314322	0.541182610552029	0.810240908021267	62	0.0671266393442623	2.68848288973384	0.810506993857844	0.418377454017575	0.629870949609685	-6.65241685943065	Non-Significant
IGF2	-1.09640275519871	0.272902558767852	0.561295544572145	34	-0.139434426229508	3.56347908745247	-0.869680608108971	0.385263459043322	0.599733942245671	-6.60307466767735	Non-Significant
IKBKB	0.630447376442896	0.528401922310798	0.803879068718322	106	-0.000753278688524772	7.99842585551331	-0.00692095391372106	0.994483138597647	0.997242288576249	-6.97888408115559	Non-Significant
IKZF3	1.92457918153101	0.0542820259627432	0.180753550370784	145	0.364197609289617	3.22627756653992	2.83484856964474	0.00493858619079028	0.0205904046301059	-3.03987403720698	LogFC Significant
IL4	0.607220119353821	0.543704841951786	0.81059042563472	28	0.0585428278688524	2.53237262357414	1.08485786129188	0.278972377026113	0.487176166998467	-6.39455641853933	Non-Significant
ILF2	-1.60716699419794	0.108017740252088	0.294676774505273	328	-0.183961953551912	11.0782585551331	-2.02409705530127	0.0439652342363505	0.12520116452113	-4.95591951580107	Non-Significant
ING1	-0.84297820389628	0.399240633899257	0.699320633131562	71	-0.05079337431694	6.42596958174905	-0.471127943880409	0.637937684710185	0.80080131350788	-6.86850130117194	Non-Significant
ING2	-0.166159647279478	0.868031314745917	0.968142661128906	97	-0.0324241803278691	7.13181368821293	-0.245408551801077	0.806330403136322	0.901534995869821	-6.94894179126013	Non-Significant
ING3	0.0849586656190222	0.932294251907328	0.97922011091909	117	0.0646962431693987	5.38112927756654	0.468008897038323	0.640163610046768	0.802129674272759	-6.86995772203872	Non-Significant
ING4	0.245501721008317	0.806067975769626	0.940606778083775	41	0.0968343579234972	3.46156653992395	1.15142282989407	0.250598024316103	0.453775960816334	-6.32083291475287	Non-Significant
ING5	0.415166440948754	0.678020063917785	0.890698739912507	86	0.2445125	4.26962357414449	1.96204461457983	0.0508057279511038	0.140447942310774	-5.07716962762307	Non-Significant
INSM1	-0.51938066699035	0.603495310417001	0.842800971049452	60	-0.231403893442623	4.41237262357414	-1.3246612226024	0.186426830604297	0.371625437383437	-6.10862203377412	Non-Significant
INSM2	1.19266473664218	0.23300070137417	0.502398041013731	44	0.168334426229508	2.85773003802281	1.91186888707493	0.0569733656141452	0.15398075929914	-5.17253146835736	Non-Significant
IRF1	1.04145334791532	0.29766519419615	0.587688616903157	127	0.253713319672131	9.82277566539924	2.07363576944227	0.0390809607217075	0.114026139100324	-4.85649541188124	Non-Significant
IRF2	-0.177128472159323	0.859407477967024	0.964077448423947	72	0.0366124316939888	4.91995057034221	0.366553021595309	0.714245488105027	0.849037151006846	-6.91206375824262	Non-Significant
IRF2BP1	-1.87093722821036	0.0613537821460129	0.197235948680685	76	-0.359678142076503	6.39342965779468	-2.82916064991465	0.00502454822556697	0.0209076486085478	-3.05542989870283	LogFC Significant
IRF2BP2	1.87298729933133	0.0610701388377157	0.196862822800221	86	0.305345833333333	8.21945247148289	2.83049964602089	0.00500419030434443	0.020836582695809	-3.05177053025643	LogFC Significant
IRF3	-0.0398013429093796	0.968251505594427	0.988291844401872	190	-0.0366001366120222	8.14430798479087	-0.386050426543153	0.699769646954674	0.839411838965748	-6.90476566307948	Non-Significant
IRF4	1.03966848633421	0.298493946476318	0.588286000563285	112	0.146110450819672	3.75117870722433	1.1432355808238	0.253974425628367	0.457717040013002	-6.33013505292572	Non-Significant
IRF5	0.567540689214817	0.570346890242	0.823154805845245	66	0.212713387978142	5.69315969581749	1.01976115993529	0.308773526399698	0.521482354108229	-6.46244582617051	Non-Significant
IRF6	-3.84034519346069	0.000122861428895027	0.0117818426196165	227	-1.53323019125683	5.10702661596958	-9.09155198844918	2.38852541278204e-17	2.33487545735648e-15	28.7683433657619	LUSC
IRF7	3.33494603257524	0.000853159550803453	0.014062188837958	168	0.936588592896175	6.7297072243346	6.11550894091178	3.44305363534726e-09	7.35985291808125e-08	10.4182269503362	LUAD
IRF8	2.01376759346815	0.0440339395826691	0.153928165424265	527	0.731197267759563	8.83407984790875	4.27165831782732	2.70862570956967e-05	0.000222000745031999	1.79922480567479	LUAD
IRX1	-0.251323486266473	0.801564018353163	0.939907464743346	54	-0.0596402322404372	4.44563878326996	-0.594449741370056	0.552719451325828	0.741941352851867	-6.80318072962281	Non-Significant
IRX2	2.01174899187471	0.0442464033491641	0.154004184070905	95	0.0334859289617487	7.78882509505703	0.120508994005329	0.904171440895623	0.953386215640688	-6.97168141775109	VIPER Significant
IRX3	2.89781566917595	0.00375771371811217	0.0256024711770918	101	0.62899043715847	10.9459125475285	3.28593443053704	0.00115380502034915	0.00594709154272846	-1.71355745435377	LUAD
IRX4	-3.75847869810198	0.000170949589383616	0.0117818426196165	95	-1.71335976775956	3.92667680608365	-7.577848990503	5.92701954076339e-13	2.69483235506337e-11	18.8583009911556	LUSC
IRX5	3.26114212754405	0.00110964405345681	0.0155814650632932	103	0.82225225409836	4.787	3.95566622076685	9.80756016734328e-05	0.000699407826075187	0.584067159254349	LUAD
IRX6	-3.35439211688893	0.000795395620166794	0.0135217255428355	71	-0.971504234972677	5.02093536121673	-4.35492522542383	1.90505870370451e-05	0.000163411987895221	2.13298199405946	LUSC
ISL1	-0.603036763818753	0.546484232437326	0.81059042563472	34	-0.0788782786885246	3.91419011406844	-0.332105167532114	0.740072857979542	0.864853177544165	-6.92403462209457	Non-Significant
ISL2	-0.43444653509202	0.663964211516977	0.880379475862002	45	-0.124479986338798	3.37524714828897	-1.50520515513846	0.133464493028453	0.292930358791984	-5.85631230147951	Non-Significant
JDP2	2.15868559199299	0.030874567323421	0.119288101022308	87	0.130554508196721	4.76151711026616	1.15092492940317	0.250802452893644	0.454016748058751	-6.32140049292244	VIPER Significant
JMJD1C	2.29554978567297	0.0217016366971847	0.0949814180649139	210	0.467727800546448	7.07914068441065	3.71965911687862	0.000243600981996084	0.00155210893918588	-0.269358092822918	LUAD
JUN	2.16663631583413	0.0302625960243947	0.118556695848613	103	0.275404781420765	11.1151064638783	2.59341536161709	0.0100320293783713	0.0374906717660175	-3.67418779867158	LUAD
JUNB	0.573831225590618	0.566082016206626	0.822059547754188	94	-0.061044398907104	8.87039923954373	-0.535335647472205	0.592867563656655	0.772104845995879	-6.83637465062186	Non-Significant
JUND	1.491546582991	0.13581805060872	0.348722021833201	129	0.212836612021857	13.1583954372624	2.65387245671803	0.00843924923951389	0.0324201872236223	-3.52036223682108	LogFC Significant
JUP	-3.00292561381125	0.00267397781340527	0.0218104755992399	139	-1.0327968579235	5.58313688212928	-6.18982962010028	2.28492864984806e-09	5.03238705065324e-08	10.8158625946057	LUSC
KCNIP3	-1.37366440713221	0.169545891568808	0.403264528547312	114	-0.330874521857924	5.33303422053232	-2.88996027781089	0.00417235571327668	0.0178526250519596	-2.88762933969161	LogFC Significant
KCTD1	-3.62349089064538	0.000290653444889827	0.0117818426196165	125	-1.07344480874317	4.9338783269962	-7.50578268034547	9.3408639138549e-13	4.02385419041587e-11	18.4139186983213	LUSC
KLF1	-0.506040223289677	0.612828412850274	0.848814654162258	85	-0.138875478142076	3.30985551330799	-1.7874042041031	0.0750170082285897	0.190756936131447	-5.39869812172308	Non-Significant
KLF10	-0.196083514469772	0.844544799334994	0.96119792172376	95	-0.0765120901639346	3.89874904942966	-0.5313674715901	0.595610082049781	0.774085038575328	-6.83847874284864	Non-Significant
KLF11	0.115684850474554	0.907902313201176	0.975138086781005	117	0.0468488387978142	6.12723574144487	0.428058250324385	0.668957031274025	0.820134673043298	-6.88775823531629	Non-Significant
KLF12	0.614929549808126	0.538601247006161	0.809026782501026	106	-0.0749694672131149	5.27072243346008	-0.484818176987298	0.628206567832889	0.794091437787436	-6.861994506126	Non-Significant
KLF13	1.26273568767844	0.206684184048491	0.463546536081212	151	-0.0692087431693991	8.5932433460076	-0.650502729008478	0.515932153084301	0.712117497707754	-6.76850623143236	Non-Significant
KLF14	-0.186308430134225	0.852202896914635	0.962452922039955	23	-0.0445003415300546	2.57597338403042	-0.825534808515258	0.409811946759499	0.622953375528673	-6.64021335439134	Non-Significant
KLF15	3.16363478656015	0.00155812184130694	0.0174194110930602	86	0.254279234972678	5.0112319391635	1.77114270799063	0.0776884788899955	0.195614263866468	-5.42715078977217	VIPER Significant
KLF16	0.0555041897332092	0.955736792173276	0.983947164598877	39	-0.106064890710383	2.78332319391635	-1.74688412135744	0.0818180956254474	0.203392871519598	-5.46912394670636	Non-Significant
KLF17	-1.9883011833673	0.0467783900012955	0.161081236358406	55	0.00578271857923496	2.85536121673004	0.0841251336956254	0.933020573952727	0.968823538708588	-6.97538626262985	VIPER Significant
KLF2	2.90816879747503	0.00363552046060501	0.0254788462667813	223	0.959621379781421	10.5487338403042	6.93130591158114	3.17937736902461e-11	1.01261973948784e-09	14.97243737756	LUAD
KLF3	-1.36662813396146	0.171741894166601	0.406690849089532	138	-0.261404234972678	3.11293536121673	-2.8230169547578	0.00511892499773094	0.0212303245685745	-3.07219923689211	LogFC Significant
KLF4	-0.245762340099129	0.805866211301719	0.940606778083775	194	-0.474204576502732	7.08410266159696	-2.36473780913831	0.0187652165495939	0.0631652640108204	-4.22545619041613	Non-Significant
KLF5	-3.00561200277692	0.00265046962735126	0.0217284692800624	153	-1.07251830601093	4.49567300380228	-5.68584973856468	3.43689768342125e-08	5.92218247605657e-07	8.19128093905087	LUSC
KLF6	1.27633261567498	0.201837965292548	0.455759271092797	133	0.393992349726776	9.15194676806084	2.90979223546979	0.00392431525339038	0.0169194904970602	-2.83217102863386	LogFC Significant
KLF7	-0.0661728567315346	0.947240206586792	0.982929393557581	28	0.0247650956284153	3.24114448669202	0.343180541737382	0.731735231630556	0.859241036077811	-6.92031449086615	Non-Significant
KLF8	-2.5275869344997	0.0114849386436629	0.0594492817612677	149	-0.148157923497268	5.26620912547529	-1.44634317327728	0.149264858351098	0.317067750927831	-5.94205415251751	VIPER Significant
KLF9	2.22251842045045	0.0262482905743109	0.107318960196233	128	0.560652663934426	10.0840494296578	3.91318338012709	0.000115904575441098	0.000807298078764306	0.426991271362435	LUAD
L3MBTL2	-0.104054726508051	0.917125918764357	0.975138086781005	116	-0.104764344262295	8.59322813688213	-1.57163404062718	0.11723081639475	0.265698094300782	-5.75551255526356	Non-Significant
L3MBTL3	0.785165660244189	0.432356446384312	0.727009357511732	60	0.144769945355191	5.49943346007605	1.16008347596166	0.247060831733936	0.449774235323381	-6.31092139744943	Non-Significant
L3MBTL4	-0.669770957077501	0.503003810364505	0.780573681405281	26	0.0142881147540983	2.81086692015209	0.213747131889198	0.830908919657394	0.914968203371272	-6.95617454610974	Non-Significant
LBH	2.1626713334038	0.0305664674513568	0.119052866368163	140	0.430301639344262	4.11601140684411	3.00446580415682	0.00291568899825442	0.0131252482429391	-2.56253410306228	LUAD
LBX1	0.362438056210133	0.717024705112873	0.901865185948046	51	0.0529904371584699	2.7381216730038	0.979250114707291	0.328351182413019	0.542612071014908	-6.50259142998877	Non-Significant
LBX2	-0.58742317418906	0.55691953354529	0.816507860093057	56	0.210543715846995	3.509	1.75579666589548	0.0802805422968061	0.200295500443273	-5.45376881440878	Non-Significant
LCOR	0.743540810209368	0.457154323340012	0.748787253746571	109	0.100209972677595	7.90575285171103	0.769384954323636	0.442351301943513	0.651077176870299	-6.68466987723195	Non-Significant
LCORL	0.894459239801312	0.371076228851035	0.670840098486591	37	0.0555180327868851	3.19103041825095	0.918528088183401	0.359179261547217	0.574831566745423	-6.55973967423279	Non-Significant
LDB1	-2.37327697726666	0.017631037044487	0.0813546423624185	47	-0.150219330601093	3.41643726235741	-1.93987066695998	0.0534583257356651	0.146122077918992	-5.11960849827153	VIPER Significant
LDB2	2.31775146573513	0.0204628322103718	0.0916641953267151	277	0.839156420765027	8.9845247148289	5.53322583209045	7.55723474135694e-08	1.21566252016663e-06	7.43057095610574	LUAD
LEF1	-2.21196171361834	0.0269693104689441	0.10916149475525	101	-0.500687021857924	6.81268821292776	-2.96352046034708	0.00331847796957878	0.0146529597072297	-2.68014015478582	LUSC
LEO1	-0.482513698605367	0.629441069555712	0.863676573774406	69	-0.00133565573770503	3.82904562737643	-0.0140772766533218	0.988778941048433	0.994941513735034	-6.97880930321761	Non-Significant
LHX1	0.590901838221147	0.554586194262724	0.814233367031181	49	0.0825402322404372	3.36339543726236	0.94474239777573	0.345652558567967	0.561363142926564	-6.5355137536273	Non-Significant
LHX2	-3.1063710358463	0.00189398902996662	0.0187443060120688	40	-1.11536898907104	3.67158174904943	-5.31560906559267	2.26127019544633e-07	3.22878894873393e-06	6.37437853584178	LUSC
LHX3	-0.608163016931267	0.543079360443608	0.81059042563472	26	-0.00833135245901653	3.21066539923954	-0.0962979768911419	0.923356836332614	0.96417573345233	-6.97429338451798	Non-Significant
LHX4	-0.180478195889087	0.856777170485835	0.964077448423947	34	-0.0211908469945355	3.35273003802281	-0.249202292964134	0.803397702985157	0.900124897222925	-6.94800825511554	Non-Significant
LHX5	-1.07882691809943	0.280664892686415	0.572315406172424	57	-0.136357718579235	3.13735741444867	-2.06318525676505	0.0400708731034678	0.116286973144295	-4.8776632947528	Non-Significant
LHX6	1.57514930317828	0.115221985988197	0.310139178951563	80	0.0997074453551912	5.87514068441065	0.572133853370265	0.56771720889335	0.753084581483997	-6.81611875214973	Non-Significant
LHX8	-2.07149741999842	0.0383123353089434	0.137804947714797	27	-0.113689480874317	2.66311787072243	-1.46952741803621	0.14287814594342	0.307771078675987	-5.90868413568039	VIPER Significant
LHX9	-0.760098481067046	0.447195720531328	0.739980623625097	29	-0.0063976092896175	2.63388593155894	-0.103244342240565	0.917847279413802	0.960935817244723	-6.97360365755224	Non-Significant
LIMD1	2.32773298512927	0.0199262864936583	0.0901427246141686	19	0.0970562158469945	2.77052091254753	1.60479003754751	0.109733253646667	0.253454527720648	-5.70360337801048	VIPER Significant
LIME1	0.866043580162484	0.386466263332853	0.688239842748999	152	0.238027390710382	8.732536121673	1.80982544761527	0.0714577777037007	0.183637095866254	-5.35905166865517	Non-Significant
LIN9	-3.21392708126436	0.00130932919602415	0.0162658973198385	191	-0.713250478142077	5.47457034220532	-5.47356642994795	1.02390846753448e-07	1.58874588588867e-06	7.13765969476859	LUSC
LMO1	-3.33207296278957	0.000862016529385663	0.014062188837958	48	-0.388774112021858	2.7861216730038	-4.10168263975086	5.46436167590524e-05	0.000416938506018636	1.13538053604078	LUSC
LMO2	2.28711878767103	0.0221888905568046	0.0965631699622269	199	0.555378825136612	6.90416730038023	3.5954141401144	0.00038630147270331	0.00231835613464636	-0.699666097846551	LUAD
LMO3	3.64535240534589	0.000267025633962897	0.0117818426196165	280	2.63770744535519	8.97912547528517	8.44332775606913	2.06196470164229e-15	1.45574707935946e-13	24.3974449639516	LUAD
LMO4	-2.70422053454648	0.00684648332928527	0.0396310773361854	138	-0.517644125683061	9.8789391634981	-4.52747583090145	9.03390994408737e-06	8.4538238269118e-05	2.84227931800812	LUSC
LMX1A	0.406344635424263	0.684489393299895	0.894077155707122	33	0.0423418715846994	2.7545247148289	0.694864882755411	0.487749897897546	0.689085681209784	-6.73885756118133	Non-Significant
LMX1B	-1.52368619222184	0.127587120322871	0.334501946950385	27	-0.118813524590164	2.83545247148289	-1.96156256790327	0.0508621923583012	0.140512334888976	-5.07809720148178	Non-Significant
LPIN1	2.94787798720983	0.00319963323380379	0.0239231836694126	81	0.158350068306011	9.36374524714829	1.50478910463249	0.133571417216648	0.293089108173904	-5.85693014452459	VIPER Significant
LPIN2	3.99755338311756	6.40005604621225e-05	0.0117818426196165	128	1.44713797814208	7.23919391634981	11.3888522082963	1.02244445417277e-24	3.09362479133991e-22	45.4408240429452	LUAD
LPIN3	-0.834983299383025	0.403727111570311	0.704124498041093	105	-0.0856609289617487	4.03104562737643	-0.8895619380568	0.374509451412839	0.589270153357924	-6.58572094110607	Non-Significant
LRP5	-0.276208773173603	0.782387719236107	0.933202486385755	169	0.0267781420765027	4.94983269961977	0.186138263110206	0.852479004442079	0.926438037238631	-6.96166766148249	Non-Significant
LRP5L	-0.254521599476357	0.79909261942966	0.938570603911928	172	-0.208649590163934	7.73194296577947	-1.45440097356131	0.147020730068837	0.313822026995009	-5.93051543668662	Non-Significant
LRRFIP1	0.473331729560731	0.635976528354896	0.867630344887034	97	0.129027049180327	10.5861292775665	1.19089735828766	0.234761455543237	0.434573718433133	-6.27506108090817	Non-Significant
LYAR	-3.11018992094889	0.00186967085661451	0.0187443060120688	143	-0.614097199453552	8.02821292775665	-6.434496759132	5.78233596413487e-10	1.43059328298652e-08	12.149924412926	LUSC
LYL1	2.40457141150071	0.0161914424249456	0.0769093515184918	341	0.682275683060109	8.51458935361217	5.57708035329502	6.03581944488536e-08	9.8908050942106e-07	7.64748465620177	LUAD
MAEL	-1.23700677245052	0.216084568356427	0.478682227762084	36	0.113439549180328	3.25887072243346	0.612136461193156	0.540973300368088	0.732236312590994	-6.79257588410913	Non-Significant
MAF	-2.57560463526386	0.0100064991716584	0.0538683205407611	117	-0.617932650273224	7.5647566539924	-4.13119912568988	4.84518716611096e-05	0.000374529431307409	1.24896374579036	LUSC
MAF1	-2.10416797118242	0.035363797360772	0.130393910359924	96	-0.150378415300547	7.63311406844106	-1.51452906641409	0.131085697978378	0.288831738172384	-5.84242208059069	VIPER Significant
MAFA	2.10960751187063	0.034892176777471	0.129542219530151	107	0.63122131147541	7.70371482889734	3.79235428360343	0.000184937165194211	0.0012117460661449	-0.0114897768244893	LUAD
MAFB	0.660587426373089	0.508876934709351	0.78438994054191	230	-0.191110040983607	9.12798479087452	-1.24705205132357	0.213481469452029	0.407040137103733	-6.20731924352186	Non-Significant
MAFF	-0.45784250850084	0.647065593510491	0.86912667221664	53	-0.171345696721312	5.34461216730038	-1.2621733821135	0.207998127315403	0.399311156722433	-6.18855063911088	Non-Significant
MAFG	-2.97517796099728	0.00292818621338768	0.0231814741893191	119	-0.564250068306011	5.81272243346008	-4.49569840500891	1.03821292388512e-05	9.56058683821171e-05	2.70987595421138	LUSC
MAFK	-1.35805620864501	0.17444584922383	0.411284739410927	49	0.0665420765027321	3.14690114068441	0.893359746324771	0.37247661499092	0.587420305696776	-6.58236161288645	Non-Significant
MAGEA1	-3.39096366060457	0.000696473352135811	0.0134125166064609	60	-1.23167069672131	4.00114448669202	-4.46306136417931	1.1967033884007e-05	0.000108239905051929	2.57472306318156	LUSC
MAGEA10	-3.13785072119073	0.0017019152955307	0.0185710513594641	58	-1.50874139344262	3.89391634980989	-4.58552831441061	6.99298461043647e-06	6.7579352417815e-05	3.08621556581037	LUSC
MAGEA11	-1.21386178720474	0.224800507148472	0.489949823272311	35	-0.150696926229508	3.80990494296578	-1.94625383969539	0.0526830626640779	0.144490419841395	-5.10743972923618	Non-Significant
MAGEA12	-2.93707842874382	0.00331320300699748	0.0239947213287037	79	-0.219220423497268	3.79082509505703	-1.52267166924846	0.129035450262693	0.285477455072824	-5.83022276025248	VIPER Significant
MAGEA2B	0.529983869435491	0.596123114729643	0.838401217205955	32	-0.0418848360655738	2.82533079847909	-0.581942412257894	0.561101113377733	0.748370376658714	-6.81049288147852	Non-Significant
MAGEA3	-2.8226322771465	0.00476311685504664	0.0294729261337177	64	-0.736458743169399	3.85120912547529	-4.35428343221759	1.91027207656487e-05	0.000163693442676914	2.13038816312165	LUSC
MAGEA4	-3.91378308063014	9.08612666802502e-05	0.0117818426196165	107	-1.61534918032787	3.56531178707224	-7.58087272396154	5.81463315655381e-13	2.64847161840451e-11	18.877005727158	LUSC
MAGEA5	0.347339014377944	0.728336643871537	0.904818215271179	47	-0.00789836065573773	3.09330418250951	-0.11024911842369	0.912295409080427	0.957772704558442	-6.97285950663177	Non-Significant
MAGEA6	-2.9402369379603	0.00327961353247332	0.0239947213287037	108	-1.10393531420765	4.793	-4.96701718452352	1.22128917358102e-06	1.42955675389995e-05	4.75425598737053	LUSC
MAGEA8	-0.454933857354943	0.6491568241836	0.870031760212875	42	0.145266598360656	3.25956653992395	1.18462665618759	0.237228394288752	0.437642220312326	-6.28243412459043	Non-Significant
MAGEB1	0.506111531221023	0.612778355977689	0.848814654162258	33	0.0309372950819672	2.81085171102662	0.532097548666901	0.59510506852182	0.773746184855257	-6.83809279815481	Non-Significant
MAGEB10	0.87386930601033	0.382189431914399	0.685817702824172	22	0.0655053278688524	2.67825475285171	0.943041521017252	0.346520187291852	0.562214189250834	-6.53710615825888	Non-Significant
MAGEB18	-0.37532398219266	0.707419532437686	0.898884771744188	24	-0.128028893442623	2.83792775665399	-2.13897485491634	0.033353497470939	0.100738264019178	-4.72180456994077	Non-Significant
MAGEB2	-0.903858968491013	0.366070188662346	0.668782075440824	47	-0.101743784153006	3.01199239543726	-1.32994699934904	0.184681372155126	0.369188434379005	-6.10168613445701	Non-Significant
MAGEB3	-0.114503253400469	0.908838867522237	0.975138086781005	88	0.053529781420765	3.29359695817491	0.651751102292564	0.515127633028517	0.711393388451031	-6.76769855069637	Non-Significant
MAGEB4	0.456663925924013	0.647912623532053	0.86912667221664	32	0.0461717896174863	2.38406463878327	1.05851954317125	0.290784322625273	0.501188713655715	-6.42252624790504	Non-Significant
MAGEB5	-2.66349785327907	0.00773329053145534	0.0438219796782469	34	-0.0371923497267761	2.70752091254753	-0.535331306205443	0.59287056084575	0.772104845995879	-6.83637696107771	VIPER Significant
MAGEB6	0.769899583823824	0.441359460810427	0.733970529332324	34	0.105149795081967	3.07027756653992	1.56851489114375	0.117956477193057	0.266914336212494	-5.76034119078154	Non-Significant
MAGEB6B	-2.63942747169812	0.00830461910136229	0.0465693050302087	36	-0.226253278688525	3.30701901140684	-1.69360399860196	0.091517745571111	0.221230266448103	-5.55932512502361	VIPER Significant
MAGEC1	-2.89862044760461	0.00374808315320092	0.0256024711770918	39	-0.344724180327869	3.24480988593156	-2.3941993817212	0.0173534221852594	0.0592417163546748	-4.15716106958832	VIPER Significant
MAGEC2	-0.256268080255815	0.797743842712175	0.938151362688331	37	-0.214090778688525	3.64731939163498	-1.34573719837714	0.179539626015895	0.361548289198458	-6.08080424944438	Non-Significant
MAGEC3	-0.485138380833932	0.627578188131024	0.861852698836398	21	0.0169988387978141	2.51731558935361	0.326500321208938	0.74430403414979	0.867086736579321	-6.9258707823877	Non-Significant
MAGED1	0.486807913450238	0.626394461853092	0.861358845136236	79	0.240119808743169	9.81260456273764	2.2248862982377	0.0269326550771781	0.0850970116163052	-4.53857037519876	Non-Significant
MAGED2	0.0952827998228104	0.924090204243508	0.976207837720345	60	0.204036407103825	3.80333460076046	1.81414205066578	0.070788777982778	0.182266985887462	-5.35136347843293	Non-Significant
MAGEE1	0.826075008041152	0.408761543716441	0.706044252585318	83	0.0714738387978143	6.16774524714829	0.488895133216061	0.625321050519489	0.792434913034285	-6.86002082987583	Non-Significant
MAGEE2	0.732614077851359	0.463793842349974	0.752032713626993	27	0.108909221311475	2.86306844106464	1.61418240818279	0.107680109330717	0.24988853447482	-5.68870548358273	Non-Significant
MAGEF1	-2.00879661673925	0.0445587072122705	0.154644635721496	138	-0.753504303278689	5.70371102661597	-5.07210344545166	7.41248365895146e-07	9.31268831813694e-06	5.23318651438	LUSC
MAGEH1	-0.0938533853851632	0.925225623392651	0.976207837720345	119	-0.00113087431694006	5.56786311787072	-0.0104325928046967	0.991684010249934	0.996112745702578	-6.97885375627915	Non-Significant
MAGEL2	0.086382108333888	0.931162669243337	0.97922011091909	261	0.0038293715846993	6.16623954372624	0.0398997135004215	0.96820317778201	0.984912798454165	-6.97811570897971	Non-Significant
MAML1	0.362547433114865	0.71694298436585	0.901865185948046	77	0.0978435792349726	5.96845627376426	0.995902060692685	0.320207896543153	0.533595849628951	-6.4862851639633	Non-Significant
MAML2	0.29031850474723	0.771572583445983	0.928508158629907	89	0.155097199453552	3.39240684410646	1.68552308860997	0.0930669480324277	0.224016436328458	-5.57276713462802	Non-Significant
MAML3	3.04839516674961	0.00230067169805732	0.0198655617716705	71	0.168335519125683	3.17233079847909	1.90688621214548	0.0576186754273971	0.155422170859308	-5.18187023738705	VIPER Significant
MAX	0.114110600063277	0.909150119478582	0.975138086781005	70	-0.107280191256831	4.85927756653992	-0.722029479476984	0.470914156222278	0.674156580434591	-6.7197409358213	Non-Significant
MAZ	-1.74220197989922	0.0814731076734579	0.238800488008411	176	-0.498156830601093	5.12127376425856	-3.54832880535004	0.000458568107456729	0.00268795364832108	-0.859281887714039	LogFC Significant
MBTD1	-0.112406242311699	0.910501306048879	0.975138086781005	92	-0.083550068306011	6.22050190114068	-0.494621933504688	0.62127757522124	0.78999353871438	-6.85722059309451	Non-Significant
MBTPS2	0.103601953663526	0.917485237209652	0.975138086781005	136	0.190345423497268	3.89795817490494	1.79553118893435	0.0737104347439764	0.188283860246523	-5.38438326317703	Non-Significant
MCRS1	-0.277952424797734	0.781048879661122	0.932983683914727	154	-0.0295197404371586	4.52324714828897	-0.216095333819318	0.829079987386333	0.913949561243469	-6.95567235461826	Non-Significant
MDFIC	1.45111292764872	0.146748417298414	0.366304009176103	163	0.422060587431694	5.33006463878327	2.93622789309692	0.00361461773222261	0.0157552948520271	-2.75769342090074	LogFC Significant
MDM2	0.828830639027309	0.407200248241231	0.706044252585318	119	0.353189617486339	4.43785551330798	2.19622183138849	0.0289442313005484	0.090141720712503	-4.60047993395431	Non-Significant
MDM4	1.06527990736483	0.286749282486651	0.578152423490564	109	0.162291530054645	4.2294752851711	1.27049614133226	0.205024281987956	0.395653380831066	-6.17812507496235	Non-Significant
MECP2	2.285546816411	0.0222807845745666	0.0965631699622269	105	0.0810473360655735	4.2737566539924	0.776734919257149	0.438009211116522	0.647488820817226	-6.679027773974	VIPER Significant
MED12	-1.16425245651535	0.244321717597409	0.519183649894494	148	-0.218194672131148	7.13255133079848	-2.26865857346698	0.0240951759757352	0.077676686022233	-4.44254012739418	Non-Significant
MED12L	-2.35277202322882	0.0186340546600207	0.085252119761851	22	-0.0436303278688525	2.60309125475285	-0.860989950098678	0.390023347977954	0.60440420780487	-6.6105379514463	VIPER Significant
MED18	0.701764373839575	0.482826119830425	0.76597660464257	60	0.0944934426229508	2.98365019011407	1.27713937617964	0.20267295854651	0.39294075177021	-6.16975480748875	Non-Significant
MED19	-1.90482642715612	0.0568026374306353	0.186590836527742	96	-0.283299863387978	8.413	-2.87172808588953	0.00441292153398719	0.0187368549461775	-2.93830003967842	LogFC Significant
MED25	-0.542952125220276	0.5871627654422	0.830357150778593	85	-0.0308888661202189	7.53014448669202	-0.286490038396992	0.77472708547823	0.883733387393505	-6.93807107241648	Non-Significant
MED31	0.122424209645857	0.902563066194081	0.975138086781005	23	0.154376366120218	2.8882927756654	2.11489352448259	0.0353743205692831	0.105574651431294	-4.77191607909191	Non-Significant
MED4	-0.562401242311968	0.573842672837514	0.824652432556732	84	-0.145788866120219	8.27209505703422	-1.78723598450178	0.0750442524917225	0.190764867517901	-5.39899375402209	Non-Significant
MED6	-2.16042264326172	0.0307399661148755	0.119052866368163	88	-0.165127459016393	10.1113764258555	-2.55301460208209	0.0112414721472589	0.0412999791984289	-3.77510517818523	LUSC
MED8	1.13265078658796	0.257360932118557	0.53883913159381	72	0.394289890710382	6.18000380228137	3.41508719337525	0.000737791558801016	0.00404742289196776	-1.30057479557974	LogFC Significant
MEF2A	0.218456743773288	0.827073257832797	0.950016579943078	168	-0.00833271857923519	5.5334144486692	-0.0556300056609594	0.955678556202883	0.97957437427216	-6.97736793132979	Non-Significant
MEF2B	0.288522250422726	0.772947000956466	0.928508158629907	49	0.021346106557377	3.60349049429658	0.260085115778833	0.795000453117259	0.89493538124312	-6.94525086532541	Non-Significant
MEF2C	3.29923083466526	0.000969501531006141	0.0150552401209127	304	1.13289556010929	6.68107604562738	7.17652725610811	7.20971065602914e-12	2.62524363945038e-10	16.4190499834507	LUAD
MEF2D	2.86784811724916	0.00413273875512914	0.0272423391409533	112	0.585107923497268	8.0138783269962	5.75872358160357	2.34631224246553e-08	4.24138491852802e-07	8.56019737007176	LUAD
MEIS1	-0.205706131014401	0.837020469126513	0.958616477842716	107	-0.464127663934427	6.85358935361217	-4.13205051604523	4.82836027225731e-05	0.000373455887643614	1.25225061611077	LogFC Significant
MEIS2	-0.583753039717961	0.559386476872883	0.816825642088342	146	-0.287362636612022	6.8845855513308	-2.47740418943214	0.0138593374042469	0.048984691901869	-3.95991781613478	LogFC Significant
MEIS3	-1.53114570522146	0.125733386054139	0.331923052829575	40	-0.109490027322404	4.19453992395437	-1.13968571495304	0.255448233868979	0.459517063050588	-6.33414789230625	Non-Significant
MEIS3P1	3.49228727368279	0.000478902887322713	0.0128904693837697	190	1.0453981557377	7.04536882129278	6.91999271089537	3.40188987718557e-11	1.07406749215588e-09	14.9065296737243	LUAD
MEN1	-2.04672997859699	0.0406846040806592	0.145045553179392	106	-0.320894740437159	6.3448783269962	-2.61918517187841	0.00932280210020257	0.035312718059426	-3.6090310178771	LUSC
MEOX1	1.240154746916	0.214918162692775	0.47770939174785	69	0.0332790983606557	4.03163117870722	0.223457125640211	0.823352225649088	0.911226656525026	-6.95406239373833	Non-Significant
MEOX2	1.27034893417565	0.203960364655564	0.459408631685825	94	0.145263319672131	3.08676425855513	1.55494774321478	0.12115414663164	0.272163142194606	-5.78123442463858	Non-Significant
MESP1	3.12834863008397	0.00175791532380954	0.0187443060120688	99	1.14390368852459	6.26332319391635	5.40283105000944	1.46310292582029e-07	2.19393092330088e-06	6.7936427573264	LUAD
MESP2	0.231520519319407	0.816910446308921	0.945024443415842	19	-0.0357841530054645	2.98160076045627	-0.587927943889594	0.557082257192971	0.745523888831927	-6.8070129127	Non-Significant
MGA	0.432998153078105	0.665016111589222	0.880716960709692	59	0.0105948770491804	4.11733460076046	0.0829651952235946	0.933941963268974	0.969374318554508	-6.97548270675546	Non-Significant
MIER1	3.42028639155093	0.000625552416059683	0.0134125166064609	149	0.425851297814208	7.97280228136882	4.80935883380582	2.5447715724889e-06	2.74874263860509e-05	4.05135391857645	LUAD
MITF	2.49039072451215	0.0127602728352166	0.0644267545058778	276	0.647794603825136	4.75785931558935	5.1581428549351	4.89619875396666e-07	6.46786837478257e-06	5.63143370469027	LUAD
MIXL1	1.01005917553261	0.312466939762154	0.607992900862504	29	-0.0659113387978143	2.59856273764259	-1.08501051596998	0.278904886559465	0.487096528842834	-6.39439232184648	Non-Significant
MLF1	-1.31740439645043	0.187703108043677	0.436801901283196	91	-0.484400409836066	4.14687072243346	-3.07658311486101	0.00231362001174285	0.0107579521072917	-2.35173506378065	LogFC Significant
MLF2	-3.74896064075243	0.000177568947659451	0.0117818426196165	145	-0.623657513661202	9.20132319391635	-7.1116422611558	1.071117016796e-11	3.80216621492837e-10	16.032961759125	LUSC
MLLT1	0.955114799823481	0.339519645418406	0.640778910650264	63	0.0191130464480875	3.04948669201521	0.205260859994961	0.837526192469561	0.917761736130308	-6.95794370817421	Non-Significant
MLLT10	0.15546281750401	0.876456464842804	0.969719277426941	100	0.0800562158469944	6.89369201520913	0.693776269843052	0.488431326526673	0.689550108037656	-6.73960843517551	Non-Significant
MLLT11	-3.43826847291566	0.000585446942666718	0.0134125166064609	164	-2.00397008196721	7.36427756653992	-9.43537238409328	2.09880905586861e-18	2.61486916489984e-16	31.1550072253881	LUSC
MLLT3	-0.475780834549987	0.63423052519256	0.867300845204051	41	-0.0386618169398908	3.23688593155894	-0.49606653616236	0.620259404022157	0.789370237475697	-6.85650908393987	Non-Significant
MLLT6	0.888371541452893	0.374340928285521	0.673980601093774	94	0.246887568306011	9.10381368821293	2.25823712247804	0.0247459776039884	0.0793219531823648	-4.46556657992317	Non-Significant
MLX	1.02462087578696	0.305542110447119	0.598121828329815	159	0.279329713114754	6.572	2.57539628874329	0.0105562670176387	0.0391333259218646	-3.71938387994292	LogFC Significant
MLXIP	-0.772668249194538	0.439718741964498	0.732864569940831	19	-0.0722118852459017	2.74417870722433	-1.48840052013271	0.13783650711889	0.299807673507379	-5.88113393685641	Non-Significant
MLXIPL	-1.02636832521923	0.304718002436143	0.597232492638801	111	-0.293349863387978	3.88705703422053	-1.73388237742591	0.0841041028911239	0.207653961441695	-5.49138729019508	Non-Significant
MNAT1	-1.7905263922495	0.0733693283236423	0.221894129667944	158	-0.705339139344262	5.41165019011407	-5.21565234712689	3.70001832881815e-07	5.02617134394667e-06	5.900670316037	LogFC Significant
MNT	-1.82744424466413	0.0676330020721286	0.210937651016003	79	-0.316312295081967	7.97395437262357	-3.45398031007792	0.000643124194444551	0.0036001107102633	-1.17335391947914	LogFC Significant
MPND	-0.974472846876102	0.329821814849923	0.631116387420173	47	0.0664674180327868	5.52848669201521	0.658588030315498	0.510733191016004	0.707940378646529	-6.76324777625992	Non-Significant
MSC	-2.99630788944657	0.00273270364851474	0.022177469308298	151	-1.06630341530055	5.19372243346008	-5.06267778358077	7.75452094432651e-07	9.66122080004915e-06	5.18989214348571	LUSC
MSX1	-1.75570877239283	0.0791381481647944	0.232801656258912	61	-0.566015710382514	5.79528136882129	-3.02307307605298	0.00274791319715354	0.0124649226876413	-2.50859117775126	LogFC Significant
MSX2	-3.29025929744835	0.00100095098075955	0.015107811532025	52	0.0353314890710381	3.25294676806084	0.378442013524203	0.705405812882744	0.842800213465301	-6.90765851665832	VIPER Significant
MTA1	-1.61575589961012	0.106147099799787	0.291543479892271	150	-0.360355054644809	8.42808365019011	-3.22838730391436	0.00140201331721754	0.00702277699456071	-1.89285162385627	LogFC Significant
MTA2	-1.61015225138431	0.10736462244133	0.293887907191098	211	-0.459381215846995	8.59769201520913	-5.34343393169643	1.96917106091544e-07	2.85827822297126e-06	6.50753387855465	LogFC Significant
MTA3	-1.70310247523681	0.088548892814766	0.254007925214648	159	-0.0941661202185793	8.51627756653992	-0.920924084125157	0.357929199914962	0.573625609750846	-6.55755353806283	Non-Significant
MTDH	-0.16741452918151	0.867043893875504	0.967709667317856	322	-0.166142144808743	8.06848288973384	-1.18905300684084	0.235485132388961	0.435342604364113	-6.27723365271781	Non-Significant
MTF1	0.703843439471455	0.481530278101216	0.765631855324404	53	-0.0563188524590165	7.42226235741445	-0.644435191640763	0.519851721468615	0.715241112003249	-6.77240986336433	Non-Significant
MTF2	-0.460065720329631	0.645469048437315	0.86912667221664	96	-0.0030136612021859	6.8504030418251	-0.0225352792618723	0.982037960611611	0.991360241764496	-6.97865520473971	Non-Significant
MXD1	-2.86554081350898	0.00416297606473407	0.0273301070916485	100	-0.412641598360656	7.52176425855513	-3.56466337911369	0.000432170027265859	0.00255264545967675	-0.804125163600125	LUSC
MXD3	0.0729273329992092	0.941863943261762	0.982929393557581	93	0.105990710382514	5.82565019011407	0.866034639631148	0.38725599950733	0.601730053400886	-6.60621479374515	Non-Significant
MXD4	3.10562355674031	0.00189878274455658	0.0187443060120688	290	0.601873565573771	10.2007566539924	5.85015537589803	1.44620170080568e-08	2.75950919126705e-07	9.02820054579553	LUAD
MXI1	-1.82267791010575	0.0683521878713218	0.211828852082927	160	-0.503339480874317	4.35464258555133	-4.17963213087143	3.97165760670551e-05	0.000313489595441078	1.43688733215511	LogFC Significant
MYB	-2.14856402443376	0.031668976049766	0.120625934717859	58	-0.62276987704918	7.2428783269962	-3.29521855792162	0.00111781550188554	0.00577939558487682	-1.68435836432906	LUSC
MYBL2	-0.387630747193003	0.698289311655537	0.89773852561137	42	-0.0133602459016394	3.21517870722433	-0.176728742278598	0.859856702799484	0.930200905074595	-6.96336653685092	Non-Significant
MYC	-2.35653623645204	0.0184462678290179	0.0846327344996135	166	-1.1684362704918	6.35184410646388	-5.62809776469447	4.63930581854441e-08	7.7472139739898e-07	7.90152263887395	LUSC
MYCBP	-0.100599453713994	0.919868430380711	0.976075896888862	50	-0.0286661885245903	4.32244106463878	-0.236729140319955	0.813050150333027	0.905194962516737	-6.95102372156209	Non-Significant
MYCN	-0.713778804215371	0.475363968212105	0.761378069614688	92	0.219606489071038	4.30089353612167	0.974834104904685	0.330533205281661	0.544942393969816	-6.50686997913166	Non-Significant
MYF5	-0.730305494018223	0.465203470733924	0.752055660896183	36	-0.0635163251366121	2.74021673003802	-0.969389999782498	0.333236185192269	0.547950971825463	-6.51211819747691	Non-Significant
MYF6	-0.401566534881365	0.688003062633066	0.894077155707122	41	-0.0158949453551913	3.39536501901141	-0.206302380793137	0.836713421531296	0.91730889320774	-6.95773043536792	Non-Significant
MYNN	-3.23527767751981	0.00121524483536279	0.0160640938593085	113	-0.855441803278688	7.42071863117871	-8.46072447159341	1.83367291004948e-15	1.31280649807937e-13	24.5124020823147	LUSC
MYOCD	-2.50845196207202	0.0121261454941477	0.0617783122178187	44	-0.038743306010929	3.35321673003802	-0.515254628619609	0.606805432339562	0.780628218945548	-6.8468619426603	VIPER Significant
MYOD1	-0.192435092473256	0.847401406228301	0.962452922039955	26	0.00572841530054639	2.59588593155894	0.0957615503629975	0.923782463982234	0.964422062212876	-6.97434465080962	Non-Significant
MYOG	0.395911322691104	0.692170447844246	0.895093575177549	27	0.0272573770491803	3.09026615969582	0.378619035207142	0.705274492279392	0.842708687686194	-6.90759186342114	Non-Significant
MYSM1	-0.40494144296069	0.685520554362812	0.894077155707122	41	-0.163954781420765	3.33799239543726	-1.9826432111804	0.0484417852745891	0.135209023658382	-5.03732623520497	Non-Significant
MYT1	0.739228091868721	0.459768505390045	0.751363882024892	22	0.433703415300546	3.17570342205323	2.66580723378731	0.00815312747163951	0.0314663763098252	-3.48959851159372	LogFC Significant
MYT1L	0.172242482232516	0.863246900933736	0.965473507623257	31	0.0946210382513661	2.75928897338403	1.31165655532841	0.190773339366368	0.377506632928653	-6.12557049498521	Non-Significant
NAB1	-2.87831055641968	0.00399811334289664	0.0267923363019837	141	-0.669006010928962	7.64519391634981	-5.99898822200042	6.50222115528112e-09	1.31997166839157e-07	9.80208463464622	LUSC
NAB2	-1.25029137314804	0.211193128638118	0.470450900345602	63	-0.329876707650273	6.01052851711027	-2.6151619834997	0.00943047604508337	0.0356621007531378	-3.61924359612969	LogFC Significant
NANOG	-0.109477459397799	0.912823799091817	0.975138086781005	22	0.0222661885245901	2.52750570342205	0.430210755414117	0.66739263258718	0.819006863494557	-6.88683955616559	Non-Significant
NCOA1	0.597590235575545	0.550113381104785	0.811237957410126	63	0.0479469945355189	4.68026235741445	0.384779115856747	0.700710262980373	0.840000784368094	-6.90525304029645	Non-Significant
NCOA2	-0.276905575267597	0.781852611488477	0.933202486385755	57	0.146485177595628	3.0814144486692	1.55701029600812	0.120663669390294	0.271277118197585	-5.77806960404088	Non-Significant
NCOA3	-0.315580097984222	0.752321245783697	0.921146650766296	74	-0.131492008196721	3.8507680608365	-1.26394427109644	0.207362742388393	0.398693657655147	-6.18633799133502	Non-Significant
NCOA6	-1.38711418353862	0.165406947702051	0.395166006714219	62	-0.079685587431694	8.97579087452472	-1.1399132426161	0.255353591602414	0.459434208917143	-6.33389106109554	Non-Significant
NCOA7	3.10458840559934	0.00190543975286707	0.0187443060120688	145	0.523936338797814	10.5921140684411	3.63385155398088	0.000335391460293037	0.00204862036885552	-0.567953403224946	LUAD
NCOR1	1.2620090126168	0.206945543352665	0.463546536081212	122	0.15271618852459	6.27082509505704	1.7281939973114	0.0851204709515321	0.209390426800633	-5.50107658819654	Non-Significant
NCOR2	1.49866629093267	0.133960225824082	0.34552534278024	79	0.209655259562842	3.88049429657795	2.08612228005664	0.0379256487225566	0.111359402323051	-4.83106785040171	Non-Significant
NDN	2.02053380351482	0.0433280474603688	0.152119123148904	103	0.316833401639344	9.15087072243346	1.95363787683581	0.0517980520665204	0.142617191130179	-5.09331448373228	VIPER Significant
NEUROD1	-2.08129124535179	0.0374072560041692	0.135760842690753	35	0.0285678278688524	2.86249049429658	0.318474041596036	0.750376695178266	0.87057644080069	-6.92844583207185	VIPER Significant
NEUROD2	-0.38152671897164	0.702812448932611	0.898884771744188	47	-0.1516293715847	2.88171863117871	-2.02429784481293	0.0439444363235742	0.125155960735092	-4.95552123257505	Non-Significant
NEUROD4	-0.467010985731012	0.64049201828992	0.86912667221664	33	-0.0677868169398907	2.61174524714829	-1.34128559783776	0.180978241920045	0.363501106103989	-6.0867159151919	Non-Significant
NEUROD6	0.699925146268212	0.483974052415188	0.76663421006108	10	-0.025691393442623	3.08179847908745	-0.380762526791335	0.703685080355407	0.84182654523425	-6.90678231234862	Non-Significant
NEUROG1	-0.447771100109391	0.65431840252126	0.874048155559831	31	-0.0845463114754098	2.86499619771863	-1.30501635610682	0.193021397627654	0.380651136103698	-6.13416075506061	Non-Significant
NEUROG2	-1.57174405295034	0.116009921178191	0.311740470387318	32	-0.200688729508197	3.18861977186312	-2.0017047490753	0.046337670101337	0.130437282456039	-5.00009624076492	Non-Significant
NEUROG3	-0.128178973271666	0.898007339693358	0.975138086781005	20	-0.0399963797814209	2.76153231939164	-0.676663675401666	0.499210651658072	0.699201084169972	-6.75125774103886	Non-Significant
NFAT5	0.596956057471828	0.550536719084519	0.811237957410126	122	0.0506486338797813	5.86434220532319	0.320218554983886	0.749055462536548	0.870188940297509	-6.92789159135671	Non-Significant
NFATC1	0.602683849430974	0.546719027690053	0.81059042563472	113	-0.100321857923497	5.13749429657795	-0.663727734704777	0.507442661879599	0.705263995971558	-6.7598713974941	Non-Significant
NFATC2	1.00514642479252	0.314826348324347	0.611846633626738	39	0.0273783469945355	2.67238783269962	0.532764666348929	0.594643777626091	0.773478461745365	-6.83773967370247	Non-Significant
NFATC2IP	0.0797303722640313	0.936451702768461	0.982143000627594	133	0.0178708333333331	5.76889733840304	0.119668794795417	0.904836359591719	0.953794207443029	-6.9717818312968	Non-Significant
NFATC3	0.856228075625054	0.391871635927855	0.692420888428321	131	0.407245628415301	4.22571863117871	3.4657289984068	0.000616842518480828	0.00347312127818093	-1.13466479855821	LogFC Significant
NFATC4	1.41409935401514	0.157332732803136	0.383246400417896	33	0.0760635245901639	3.13055133079848	0.867488887180509	0.386460489238102	0.600907860392655	-6.60496388128037	Non-Significant
NFE2	3.37774174787698	0.000730836818184868	0.0134125166064609	103	1.51413797814208	5.49181368821293	7.01789867029794	1.8899085397521e-11	6.36210800613765e-10	15.4793521958341	LUAD
NFE2L1	-2.68121915117216	0.00733544592573667	0.0421854039949638	210	-0.234678073770492	9.56631939163498	-2.94074104146099	0.00356403635263461	0.015569533849873	-2.74491541583981	LUSC
NFE2L2	-2.31431228168736	0.0206505985855565	0.0921290517007563	137	-0.744537431693989	9.56338783269962	-7.13990433791142	9.01730689308318e-12	3.23706033890681e-10	16.2008406557341	LUSC
NFE2L3	-0.283850422515696	0.776525011431526	0.931022935012557	71	-0.257989412568306	8.17692395437262	-1.7044515864628	0.0894709823445471	0.217565488640357	-5.5411820664515	Non-Significant
NFIA	1.84755828894089	0.0646662684874658	0.205403581163728	98	-0.00712172131147552	6.68496958174905	-0.049050013804899	0.960916454391748	0.981754547086945	-6.97771068780465	Non-Significant
NFIB	2.61453159110196	0.00893498972274976	0.0494178369939756	67	0.272200273224043	10.1568517110266	2.33387846173311	0.0203513893552427	0.0675791627714721	-4.29612239591159	VIPER Significant
NFIC	1.91359598229131	0.0556717988204433	0.184241711260279	58	0.246465573770492	3.96409505703422	1.88009001551663	0.0611947294935818	0.162947963120251	-5.23168630529921	Non-Significant
NFIL3	-0.703287644667791	0.481876508890183	0.765631855324404	128	-0.231426571038251	6.81840684410646	-1.54357795051865	0.123886106033397	0.276637609466247	-5.79860651626365	Non-Significant
NFIX	1.602843209576	0.108969274380494	0.296771295319558	113	0.0430400956284151	9.4575855513308	0.265366580859001	0.79093377053662	0.893002208340755	-6.94387024585926	Non-Significant
NFKB1	2.726264290821	0.00640556852726681	0.0374818593171591	162	0.0904590846994531	10.982855513308	1.37741036625104	0.169549783501886	0.346851038110426	-6.03818515099958	VIPER Significant
NFKB2	-0.159700718010635	0.873116835271889	0.969719277426941	122	-0.209680464480874	6.33177566539924	-1.4079237560349	0.160327799632999	0.333188172974022	-5.99620262503636	Non-Significant
NFX1	0.354390437289568	0.7230463000911	0.903108874437066	92	-0.0483639344262297	5.55354752851711	-0.289380025968829	0.772517263607053	0.882400735779824	-6.93724316020518	Non-Significant
NFXL1	-0.899585468439397	0.368340893310927	0.670840098486591	155	0.0236126366120217	6.55864258555133	0.20535697844517	0.837451177256433	0.917719101502587	-6.95792407114195	Non-Significant
NFYA	-1.50343021885292	0.132728138895062	0.343519141531289	105	-0.134339959016394	5.47701140684411	-1.10993487452985	0.268035102574588	0.475094509173285	-6.36729298477544	Non-Significant
NFYB	-1.31489935117106	0.188543730847556	0.437497306492532	64	-0.167407103825137	5.70001520912548	-1.73864661995266	0.083260475927125	0.206031375344544	-5.48324817613998	Non-Significant
NFYC	1.77916879376936	0.0752120928780051	0.224524085023989	89	0.186427049180328	7.86066920152091	2.16945312792835	0.0309389315676566	0.0950494239965623	-4.65759616293205	Non-Significant
NHLH1	-1.3826807466182	0.166762777978096	0.3978166712476	38	-0.0436785519125683	2.85883269961977	-0.685546521320861	0.493599484726017	0.694300985322732	-6.74524697507409	Non-Significant
NHLH2	-0.0688416772360455	0.945115643122759	0.982929393557581	54	0.0177693306010928	2.86385171102662	0.256736568514428	0.797581718151073	0.896510700000186	-6.9461118346354	Non-Significant
NKAP	-0.0070677370308185	0.994360808692334	0.995022480393481	77	0.155946789617486	4.31367300380228	1.54432731683759	0.123704570859094	0.276354619265807	-5.7974654007512	Non-Significant
NKRF	-2.83613730896672	0.00456628096184514	0.0286947227757973	120	-0.398696448087432	7.46873003802281	-4.49103489414027	1.05955664740266e-05	9.73245093978535e-05	2.69051224058323	LUSC
NKX1-1	0.293226239622873	0.769349228812923	0.928508158629907	46	0.0960275956284152	3.40446768060837	1.23173183756587	0.219143157263897	0.414230439165492	-6.22610671199351	Non-Significant
NKX2-2	-0.434840440646389	0.663678248545472	0.880379475862002	42	-0.199693510928962	2.98443726235741	-1.36784937553405	0.1725201706185	0.351153553206569	-6.05115331764134	Non-Significant
NKX2-3	-0.0886571373404041	0.929354397784976	0.979065461462972	24	-0.125008265027323	3.22160456273764	-1.38029049378699	0.168662594075022	0.345648160862019	-6.03426120509584	Non-Significant
NKX2-5	-4.03559860610731	5.44632595163103e-05	0.0117818426196165	76	-0.599321243169399	2.74349429657795	-4.92729431550236	1.47193780645095e-06	1.69202945675067e-05	4.57537941933599	LUSC
NKX2-6	0.0624266656213874	0.950223060273317	0.982929393557581	75	-0.0416866803278689	2.78463117870722	-0.743654672724027	0.457745454967698	0.663860203991306	-6.70400064001607	Non-Significant
NKX2-8	-1.23687592125252	0.216133150569821	0.478682227762084	46	-0.0887872267759564	3.06665779467681	-1.14002765769802	0.255306008839198	0.459388143055367	-6.33376189118277	Non-Significant
NKX3-1	-0.299908062932172	0.764247283944018	0.926080485635493	52	-0.0716270491803279	4.11141064638783	-0.399322144762236	0.68997807090101	0.833900343429347	-6.89958185849011	Non-Significant
NKX6-1	0.150648606023826	0.880252916846994	0.969719277426941	60	-0.00282240437158473	2.665536121673	-0.0414168007444122	0.96699486382867	0.984202659677943	-6.97805432039189	Non-Significant
NKX6-2	-1.22537417887051	0.220434271115007	0.48238665020425	32	-0.037913524590164	2.63184410646388	-0.732393257405372	0.464577029911389	0.669560689195093	-6.71225519152064	Non-Significant
NKX6-3	-0.596100223749537	0.551108274717496	0.81133989395511	57	-0.0464246584699454	3.61168441064639	-0.563138812810955	0.573817389997837	0.757854021211028	-6.82119416228745	Non-Significant
NOBOX	-0.160631643850429	0.872383530335359	0.969719277426941	71	-0.0594369535519126	3.25638022813688	-0.663159896832094	0.507805650754319	0.705613091322119	-6.76024570742485	Non-Significant
NOC2L	-1.91415353221719	0.0556005411519678	0.184241711260279	128	-0.237683674863388	5.6754030418251	-2.13112314414085	0.0340011894835044	0.102366054479122	-4.73820363129517	Non-Significant
NONO	-2.58679910414358	0.0096872053488517	0.0530309845559812	130	-0.223261816939891	7.08103802281369	-2.44067421837641	0.0153164159966693	0.0533116993935015	-4.04778279702247	VIPER Significant
NPAS1	-3.12439201687189	0.00178172905510925	0.0187443060120688	56	-0.495727663934426	4.12720152091255	-3.25066649444577	0.00130056463588611	0.00658337996129882	-1.82378505926065	LUSC
NPAS2	-0.47306279392656	0.636168380096299	0.867630344887034	64	0.284573770491803	5.28301140684411	1.75292952915159	0.0807725716556501	0.201246513204588	-5.45871683908896	Non-Significant
NPAS3	1.33378892515774	0.182273041539526	0.426624582733817	61	0.362026775956284	3.31560456273764	2.81701314467624	0.00521270675116925	0.0215230033595896	-3.0885536125542	LogFC Significant
NPAS4	0.188845213873441	0.850214133808393	0.962452922039955	39	-0.053542418032787	2.83158174904943	-0.600684893184863	0.548564220712416	0.738313293456194	-6.79947755626994	Non-Significant
NPAT	0.715861365256754	0.47407695642337	0.761067877359585	75	-0.0195211748633879	6.55704182509506	-0.197416690773701	0.843653085725407	0.920783562794561	-6.95951529471319	Non-Significant
NPM1	-0.669551440117378	0.503143778540494	0.780573681405281	56	-0.0345133196721316	12.8955475285171	-0.517971217583994	0.604911303702136	0.779320037251292	-6.84546660742317	Non-Significant
NR0B1	-2.44721979162349	0.0143963018081054	0.0700220509941901	102	-1.06985887978142	3.79379847908745	-4.17385297532646	4.06738719294009e-05	0.000320051742711348	1.41436299339005	LUSC
NR0B2	3.65132717222683	0.000260888635880653	0.0117818426196165	81	0.675296106557377	3.23557034220532	4.53180581240183	8.86377310397818e-06	8.31297628083799e-05	2.86038229726814	LUAD
NR1D1	-0.462588770403791	0.643659159393864	0.86912667221664	34	-0.000218032786885286	3.11514828897338	-0.0028484185184143	0.997729440916122	0.9988867429729	-6.97890387966796	Non-Significant
NR1D2	0.348323638809774	0.727597142914033	0.904818215271179	99	-0.0791297131147541	5.77810266159696	-0.524266562641083	0.600532187456758	0.777144912240374	-6.84220495280204	Non-Significant
NR1H2	-0.441861235159158	0.658589623580143	0.876852631559713	45	0.0284676912568303	8.35169581749049	0.380211422778256	0.704093603316577	0.842129083383252	-6.90699088856503	Non-Significant
NR1H3	1.42005410047384	0.155591931481252	0.380265519907409	131	0.497697404371584	9.15993155893536	4.3518427137043	1.93022344233635e-05	0.000165099388480117	2.12052692939256	LogFC Significant
NR1H4	0.333178476967998	0.738999563769682	0.910361781455406	50	0.297394262295082	3.24288212927757	2.37058461524396	0.0184772589997674	0.062407709599746	-4.21196708194634	Non-Significant
NR1I2	1.94056102223877	0.0523115457524154	0.175640636985761	29	0.0890706967213114	3.2744144486692	0.908295207203865	0.364549060544546	0.579593326835993	-6.56901258671579	Non-Significant
NR1I3	-1.67464153606336	0.0940045845902787	0.265879867098599	22	0.014598019125683	2.47009505703422	0.290146186825957	0.771931730758989	0.882170024030787	-6.93702228085805	Non-Significant
NR2C1	0.666284601581939	0.505229206036482	0.782306009346997	69	0.158327390710382	5.22077946768061	1.28649024236785	0.199396854121265	0.388849109517845	-6.15789996178725	Non-Significant
NR2C2	0.531615527562867	0.594992308154359	0.83786728095853	97	-0.118301912568306	6.45343346007605	-0.615954492718764	0.538454219204494	0.730274943185775	-6.79024593080407	Non-Significant
NR2E1	-0.769248623353861	0.44174573034738	0.733970529332324	64	-0.016716461748634	4.16915589353612	-0.146363555706113	0.883745879169465	0.943088852193913	-6.96824811266028	Non-Significant
NR2E3	-0.798461718033333	0.424602600023357	0.721419906032836	61	0.0476138661202186	3.4517680608365	0.384657866513719	0.700799996956163	0.840000784368094	-6.90529943928504	Non-Significant
NR2F1	2.36018971675727	0.0182655912240425	0.0840425351191699	203	0.794997336065574	7.5865855513308	3.92043302243978	0.000112658918068864	0.000789015999349202	0.453689396435657	LUAD
NR2F2	1.40913404220705	0.158795536467957	0.386227095475528	109	0.296452527322404	6.80158935361217	1.76583146955744	0.0785777200155523	0.1971501808406	-5.43638883767485	Non-Significant
NR2F6	0.155999720903276	0.876033241215024	0.969719277426941	124	0.328877868852459	8.83728897338403	3.59510800703564	0.000386734664835172	0.00232007678598507	-0.700710027053873	LogFC Significant
NR3C1	1.94146947439012	0.0522013585384661	0.175640636985761	122	0.74091325136612	5.35866539923954	5.15198115182864	5.04467508122136e-07	6.61245290687582e-06	5.60273130665827	LogFC Significant
NR3C2	3.60860709572655	0.000307845429380088	0.0117818426196165	142	1.25900983606557	6.16244106463878	7.73497248133957	2.1784577409274e-13	1.07094162366365e-11	19.8365254243335	LUAD
NR4A1	2.01193361543695	0.0442269352947018	0.154004184070905	57	0.286111680327869	3.26801901140684	2.57012761579202	0.0107141137086579	0.0396260061145589	-3.73254235624595	LUAD
NR4A2	2.53474671937757	0.0112528654858137	0.0584352982623446	128	0.945600409836065	5.63584030418251	4.41628657023014	1.46488265674896e-05	0.000129590872272647	2.38250023366366	LUAD
NR4A3	3.17394980315858	0.00150379695354048	0.01722434099268	88	0.834275409836066	4.39570342205323	4.35968912131934	1.86678474670382e-05	0.000160508122876266	2.15224579049972	LUAD
NR5A1	-1.60916400986773	0.107580483764946	0.29398050978069	43	-0.288904644808743	2.65682509505703	-3.70011995019335	0.000262136338412141	0.00165444677851576	-0.337903240677057	LogFC Significant
NR5A2	3.37982152506301	0.000725329135903812	0.0134125166064609	122	0.996688797814208	5.05116349809886	6.60415343033569	2.18270935470946e-10	5.80419674754145e-09	13.0970148542583	LUAD
NR6A1	-0.247507772550425	0.804515276969937	0.940606778083775	34	0.0574399590163934	2.94538022813688	0.929240613538939	0.353611619646409	0.569038427563196	-6.54992153011915	Non-Significant
NRF1	-0.314834039771371	0.752887665022607	0.921146650766296	58	-0.0531321038251367	3.92625475285171	-0.584993909242849	0.559050488955258	0.746944256933613	-6.80872318890102	Non-Significant
NRIP1	0.152852076444605	0.878514929149731	0.969719277426941	85	0.0817743169398907	8.822	0.864812598418491	0.387925262957058	0.602401691410557	-6.60726435371596	Non-Significant
NRL	-1.22961219825813	0.218842359930659	0.480857702432672	32	-0.0277696038251366	2.60653992395437	-0.478696433127451	0.632550051127083	0.796950979003913	-6.86492708958898	Non-Significant
NSD1	1.27773077744239	0.201344369301208	0.455759271092797	170	0.0896596994535518	5.51631178707224	0.721358843889277	0.471325875054801	0.674495560070232	-6.72022167472929	Non-Significant
NUP107	-2.9432699170897	0.00324765128009488	0.0239495745084623	82	-0.404519945355191	8.69157794676806	-3.95164603863801	9.96441812500909e-05	0.000709598349860552	0.569138436729415	LUSC
NUP35	-1.03403006800138	0.30112210684995	0.590901825714058	262	-0.352811338797814	5.40883269961977	-2.21174656132921	0.0278391758918423	0.0873531474650697	-4.56704560415482	Non-Significant
NUP85	-1.79547488212577	0.072578071182756	0.220527244216665	96	-0.21859706284153	8.96873384030418	-2.96634197657897	0.0032891658886189	0.0145488061651824	-2.67208438801254	LogFC Significant
OLIG1	1.82342848064879	0.0682385199909074	0.211828852082927	31	0.351827390710382	2.93592015209125	3.12875684369057	0.00195189541072791	0.00932331775212563	-2.19633240030724	LogFC Significant
OLIG2	-2.82828804810559	0.00467976781425133	0.0291807915830729	24	-0.096632718579235	2.69727376425856	-1.72575826470638	0.0855587175622919	0.210148294867056	-5.50521597500558	VIPER Significant
OLIG3	0.557062017468094	0.577485057393818	0.824933611859023	65	0.0558967896174863	3.02110646387833	0.833421656145147	0.405358893739848	0.6184405812649	-6.63371951280952	Non-Significant
ONECUT1	0.669573903529387	0.503129454498064	0.780573681405281	45	0.368588114754098	3.17309505703422	2.91868705721593	0.00381750444899182	0.0165150115873321	-2.8071819533195	LogFC Significant
ONECUT2	0.761247007199034	0.44650954608703	0.739602991723645	41	0.287354781420765	3.48047148288973	2.04635638133919	0.0417099093509679	0.120206265570269	-4.91153313652617	Non-Significant
ONECUT3	0.262881574462503	0.792641858421196	0.936442283357887	37	0.061413456284153	2.43209505703422	1.31071799857053	0.191089908946191	0.377985923089453	-6.12678729374707	Non-Significant
OSR1	2.77132613234504	0.00558284787046448	0.0333937011511116	57	0.679117418032787	6.29812927756654	3.24890629784487	0.00130832483044002	0.00661344150566101	-1.82925770054019	LUAD
OSR2	-1.83327394336421	0.0667618423255962	0.209767267229257	45	-0.568138456284153	4.53004182509506	-3.51109927228049	0.000524494289201496	0.00301869267534991	-0.984133784718483	LogFC Significant
OTX1	-3.23544593848384	0.00121452882327105	0.0160640938593085	73	-1.31293681693989	3.89249809885932	-7.13475200399183	9.30508216514542e-12	3.33095730013149e-10	16.1702019327717	LUSC
OTX2	1.10831707945216	0.26772490184998	0.552910123385828	20	-0.195453483606557	3.28891254752852	-2.57832415105752	0.0104694518967777	0.0388681842548208	-3.71206048969068	LogFC Significant
OVOL1	-3.5164299154073	0.000437392116685244	0.0127581270869041	69	-0.678701707650273	3.34463498098859	-5.60663627633081	5.18347991864276e-08	8.59943378669873e-07	7.79443503858415	LUSC
OVOL2	0.390131081377177	0.696439620577828	0.896937419208056	161	0.311382718579235	8.5614030418251	2.13543191510359	0.0336444303153802	0.101496360937175	-4.72921155577447	Non-Significant
PASD1	-0.106436691626578	0.915235882699208	0.975138086781005	33	-0.119134426229508	2.67430418250951	-0.832760066583184	0.405731317725429	0.618770736323934	-6.63426660985154	Non-Significant
PATZ1	-1.66562652263759	0.0957878250896471	0.268676246705214	96	-0.100934084699454	3.07033079847909	-1.26331383814483	0.207588775614952	0.398827700730616	-6.18712604085495	Non-Significant
PAX1	0.0574044791070441	0.954222995076536	0.983947164598877	55	0.0625062841530054	3.11094296577947	0.743704025141686	0.457715641353649	0.663860203991306	-6.70396418893598	Non-Significant
PAX2	-1.11614220503951	0.264361268817793	0.548064133274831	34	-0.0223831967213116	2.86430038022814	-0.305776548234122	0.760015294398622	0.875279349784628	-6.93238874036024	Non-Significant
PAX3	-0.331990158931873	0.739896690022315	0.910772221330823	44	-0.0820948770491805	2.7584144486692	-1.34102182109001	0.181063755523625	0.363615392729808	-6.08706560084287	Non-Significant
PAX4	-0.252786467844341	0.800433225260964	0.939461961334634	24	-0.0594167349726776	2.99149429657795	-0.953854639927332	0.341028080954519	0.55631980247694	-6.52693410642799	Non-Significant
PAX5	-0.397330423616762	0.691123815165408	0.895080161581503	28	0.00583483606557369	2.51863498098859	0.128354685409138	0.897965824101902	0.950624813261622	-6.97070986105747	Non-Significant
PAX6	-1.06540621603663	0.286692145056844	0.578152423490564	109	-0.010494262295082	3.18384790874525	-0.119350484563261	0.905088282195153	0.953798979196949	-6.97181968958334	Non-Significant
PAX7	-0.698674270024952	0.484755617284409	0.76663421006108	186	-0.0984344945355193	7.42009505703422	-1.43791775500872	0.151639390702822	0.320621001525929	-5.95405181760536	Non-Significant
PAX8	-1.26018631578047	0.207602158143541	0.464373248478973	31	-0.127245423497268	3.96184790874525	-0.966649305205225	0.334602344864945	0.549441348823326	-6.51474923468215	Non-Significant
PAX9	-3.45095482890865	0.000558607054124391	0.0133014479900131	106	-1.48729159836066	4.35265399239544	-8.23024876482391	8.58438494898863e-15	5.36070584431192e-13	23.0005243972253	LUSC
PAXIP1	-1.77053175555536	0.0766385991756132	0.22777111751232	135	-0.243962568306011	7.78629657794677	-2.36071322393396	0.0189657159640858	0.0637356388923979	-4.23472272319471	Non-Significant
PBX1	-2.29579171211417	0.0216877935505541	0.0949814180649139	179	-0.718799112021858	6.14050950570342	-5.1661288977491	4.71005676232829e-07	6.24469497503056e-06	5.66867584966263	LUSC
PBX2	2.10455961149264	0.035329660456743	0.130393910359924	142	0.280950956284153	7.30931558935361	2.80081220599591	0.00547361285131808	0.0224346628332689	-3.13252138083161	LUAD
PBX3	3.194742826218	0.00139955492987441	0.0166197147922587	123	0.575553756830601	9.20011787072243	6.31407813176321	1.14241033459832e-09	2.65164393279916e-08	11.4885813883491	LUAD
PBX4	2.27405468718018	0.0229626986608603	0.0984351034681338	123	0.466815983606557	5.92054372623574	3.22523765653027	0.00141693335081481	0.00708773431299136	-1.90258029909891	LUAD
PCBP1	-2.6635165909316	0.00773285985222427	0.0438219796782469	214	-0.251003961748634	11.7804220532319	-4.03736098681627	7.0848824957036e-05	0.000525596536809114	0.890347068009476	LUSC
PCGF1	-3.27436923499257	0.00105898139094364	0.0155814650632932	87	-0.247725068306011	7.88344106463878	-3.36082501033587	0.000891754314989434	0.00476101463567226	-1.47586455150613	LUSC
PCGF2	1.65752390373511	0.0974136002117913	0.272656783955014	66	0.445130806010929	7.91816730038023	4.5981291192047	6.61268333232141e-06	6.42707302387308e-05	3.13951379883228	LogFC Significant
PCGF3	0.512555360025914	0.608262386059876	0.844663588552623	42	0.114162841530055	3.09183650190114	1.51376554532514	0.131279242491263	0.289052659681637	-5.84356269865497	Non-Significant
PCGF5	0.129202782078435	0.897197194883385	0.975138086781005	118	0.056926775956284	4.20441064638783	0.414774121233439	0.678643460890589	0.826758819639777	-6.89332600587968	Non-Significant
PCGF6	-1.19495048950721	0.232106374658778	0.501138763467816	88	-0.47349706284153	4.38626996197719	-3.31043989272117	0.00106106129411709	0.00552395203836131	-1.6363224010674	LogFC Significant
PEG3	2.39629159032956	0.0165619089923277	0.0782090146859918	96	0.731630327868852	5.04263117870722	4.00854020732304	7.95089399590495e-05	0.000581357657652245	0.78166336989664	LUAD
PER1	3.02949162908103	0.00244965692189103	0.020605187129448	106	0.489521038251366	4.01416730038023	3.61609616845945	0.000358069129250132	0.00216837860114876	-0.628952940264852	LUAD
PER2	1.29394218206277	0.195685392724453	0.44790409386022	108	0.143876161202186	9.14774904942966	1.2657956874547	0.206699980229982	0.397750355657572	-6.18402145126474	Non-Significant
PER3	3.12011625827417	0.00180779674669148	0.0187443060120688	124	0.615698087431694	6.90616349809886	4.5169852552154	9.45922368352371e-06	8.80228675291997e-05	2.79848120632435	LUAD
PFDN5	0.440985420405333	0.659223551936085	0.876888274071817	179	0.0982756147540985	11.481319391635	1.16404192840542	0.245455880143676	0.44771768450871	-6.3063667403115	Non-Significant
PGBD1	-1.74073283020623	0.081730420750217	0.239120705636957	109	-0.280518169398907	4.9865855513308	-2.03814897260692	0.0425297538429142	0.121974297412718	-4.92795392141997	Non-Significant
PGR	2.1449149106105	0.0319596508472109	0.121446673219401	34	0.151817827868852	2.641	2.39816623795045	0.0171706707370302	0.058708608027862	-4.14790362510525	VIPER Significant
PHC1	1.2096876743764	0.226398761219469	0.492768193220273	54	0.148283265027322	5.60231558935361	1.58749372581572	0.113595481732352	0.259868835617413	-5.73081519078106	Non-Significant
PHC2	2.23302757342103	0.0255471260991773	0.105791304231209	108	0.403520833333333	6.98158935361217	3.35023121086434	0.00092511010881142	0.00490765988844731	-1.50978663237701	LUAD
PHC3	-3.62964987268663	0.000283805913013812	0.0117818426196165	85	-1.03048217213115	5.47663498098859	-8.43272330243717	2.21470595528032e-15	1.54748797158704e-13	24.3274372254762	LUSC
PHF1	0.36642602263	0.71404720473608	0.9009267466006	86	0.249148770491803	6.28578707224335	2.03397956289301	0.0429514631390406	0.122961746693158	-4.93627128336218	Non-Significant
PHF10	-2.85890746650822	0.00425102767318465	0.0276831035975532	71	-0.385594877049181	6.55073384030418	-4.14310221575851	4.61492808846881e-05	0.000358146602432132	1.29497063501563	LUSC
PHF12	0.629414837633807	0.529077506601554	0.803879068718322	74	0.214529644808743	6.46979847908745	2.1403506926528	0.033241103816794	0.10053021116226	-4.718925002098	Non-Significant
PHF14	-2.47273865274467	0.0134082156208465	0.0664241356676905	149	-0.408046584699454	4.04274904942966	-3.47364490169799	0.000599705147421695	0.00339165688181349	-1.10852968056947	LUSC
PHF19	-2.07181756434054	0.0382824580314267	0.137804947714797	160	-0.33855956284153	5.00522433460076	-2.17302767142097	0.0306658851525265	0.0943588543627863	-4.65000826091606	VIPER Significant
PHF2	-0.87286802643684	0.382735015629498	0.686034461977402	44	-0.0806590163934427	3.85407604562738	-0.896680543608501	0.37070475269743	0.585825529724422	-6.57941256509375	Non-Significant
PHF20	1.69246699939906	0.0905569671137136	0.25884867590911	45	0.24114193989071	6.93396577946768	2.69699920691181	0.00744612067771716	0.0291972028489613	-3.40857929632152	LogFC Significant
PHF20L1	0.0418528074806517	0.966616037580662	0.988291844401872	56	-0.125066803278688	3.87555133079848	-0.959468198286062	0.338199117103898	0.553235914431542	-6.52160793992276	Non-Significant
PHF21A	-0.179606041342426	0.85746186150875	0.964077448423947	168	-0.0668997950819674	9.68608745247148	-0.908827847682605	0.364268313825462	0.579384609430354	-6.56853246114823	Non-Significant
PHF6	-0.602964006185985	0.546532634272672	0.81059042563472	130	-0.105285928961749	4.00301520912548	-0.775752851539494	0.438587950012386	0.647796754756389	-6.67978473600447	Non-Significant
PHF8	2.38659437731418	0.0170052419874989	0.0798356564238684	33	0.0443690573770492	3.2011102661597	0.531659291092173	0.595408199237034	0.774021522776761	-6.83832454012365	VIPER Significant
PHIP	0.471940358391584	0.63696936005383	0.867630344887034	105	-0.00956161202185795	9.20577186311787	-0.0996085185249957	0.920730579944973	0.962912360959572	-6.97397065917667	Non-Significant
PHOX2A	-0.146474611729948	0.88354673064728	0.970699299316569	113	-0.0486410519125684	2.81434220532319	-0.686000110181613	0.493313873139799	0.694091308664811	-6.74493794837242	Non-Significant
PHOX2B	2.07615386618531	0.0378797225331168	0.137165362984268	34	0.144383674863388	3.20497718631179	1.23813850815486	0.216762475235898	0.411075591001014	-6.21827801363379	VIPER Significant
PIAS1	2.41394754350886	0.0157807341281774	0.0754020284526818	114	0.0741555327868851	8.46336121673004	0.822159011760835	0.411726886576027	0.624636864176902	-6.64297413217897	VIPER Significant
PIAS2	-3.26466918516121	0.00109591991446583	0.0155814650632932	170	-0.836773087431694	6.66908365019011	-6.80559612704605	6.7144198661622e-11	2.00297764458191e-09	14.2442843740982	LUSC
PIAS3	-0.690099821176391	0.490131415634702	0.769253873906747	104	0.0383415983606556	6.66609125475285	0.348055764207528	0.728075132747521	0.857431148526558	-6.91863829682157	Non-Significant
PIAS4	-0.770202257362265	0.441179925082514	0.733970529332324	162	-0.208345765027323	9.30395437262357	-2.3118151551165	0.0215564233785907	0.0709778542026508	-4.34610018186128	Non-Significant
PITX1	-3.72770914008022	0.000193228196274023	0.0117818426196165	97	-3.13314890710383	8.57065019011407	-9.91262313416391	6.69331586371912e-20	1.06992022636657e-17	34.5385957001399	LUSC
PITX2	-2.33926059153508	0.0193219509232478	0.0879012696930853	40	-0.119199590163935	3.95073384030418	-0.618679657098311	0.536659821926879	0.728820466191888	-6.78857406465001	VIPER Significant
PITX3	-1.06064908592209	0.288849406238943	0.57935293656428	29	-0.0463161885245903	2.89080988593156	-0.782941974281993	0.434361586298281	0.644717346778058	-6.67422142334511	Non-Significant
PKNOX1	-0.753248995313049	0.451300302141865	0.742209763705817	53	-0.119035450819672	5.8945855513308	-1.27060581238051	0.204985303501518	0.395637539626178	-6.17798724291145	Non-Significant
PKNOX2	2.6801679251501	0.00735852352484522	0.0421854039949638	150	0.220908401639344	4.08504942965779	1.6777859862188	0.0945700068033857	0.226753895558005	-5.58557828756236	VIPER Significant
PLAC8	2.3245768917621	0.0200945956231054	0.0903976934019924	153	0.599302322404371	7.68873003802281	2.62273292766782	0.00922876898758136	0.035034860730152	-3.60001293034424	LUAD
PLAG1	-1.78637805911673	0.0740380656988203	0.222688154766778	54	-0.536946994535519	4.87748288973384	-2.99327572745259	0.00302106202712529	0.0135277153772756	-2.59482470447276	LogFC Significant
PLAGL1	0.236596997465907	0.812969449753686	0.943886169196407	108	-0.055011543715847	4.98650950570342	-0.349851279979969	0.726728704525384	0.856690328084412	-6.9180150123678	Non-Significant
PLAGL2	-2.13003723140544	0.0331685396992208	0.124865248518046	106	-0.629976092896175	7.81502661596958	-5.08147938561277	7.08677266141669e-07	8.93882947705045e-06	5.27631808933319	LUSC
PML	0.103234293719452	0.917777022852711	0.975138086781005	186	-0.201408743169399	6.61045627376426	-1.21085183739318	0.227032957063365	0.424500566035916	-6.25134256405701	Non-Significant
POGZ	0.608487878572418	0.542863942925098	0.81059042563472	121	0.142274590163934	6.38524714828897	0.949408755372608	0.343279375259933	0.558887233463997	-6.53113035456768	Non-Significant
POU1F1	1.69378734300474	0.0903057000774591	0.258588130540951	18	-0.0307724043715848	2.40403802281369	-0.710693321105287	0.477900456006391	0.680465993829605	-6.72780734386	Non-Significant
POU2AF1	0.711745052975871	0.476622663587452	0.761378069614688	103	-0.197433469945356	6.18289733840304	-0.863764241453531	0.388499970940532	0.603004578215141	-6.60816356921528	Non-Significant
POU2F1	-0.376111070003637	0.706834324862006	0.898884771744188	241	-0.106868306010929	6.2339391634981	-0.777672650812593	0.437457012285455	0.647096230022531	-6.67830409585365	Non-Significant
POU2F2	2.2930902410105	0.021842810118853	0.095340914437696	60	-0.0352311475409837	3.2645855513308	-0.336533897414412	0.736735126351114	0.862585974198102	-6.92256167560417	VIPER Significant
POU2F3	0.0951478138148464	0.924197420383575	0.976207837720345	38	-0.16826174863388	3.25322053231939	-1.8235660598209	0.0693461573627536	0.179566375453883	-5.33451656159863	Non-Significant
POU3F1	-0.328484272648428	0.742545533795702	0.912721188032795	43	-0.348932923497268	3.00728136882129	-3.95062125214845	0.000100047821501332	0.000711874420850465	0.565335103911108	LogFC Significant
POU3F2	0.421250833491998	0.673571928347472	0.889232424528765	21	0.273236133879781	3.33763498098859	1.56275279678421	0.119306327479758	0.269209903503044	-5.7692365069416	Non-Significant
POU3F3	-0.656533090645515	0.511481183628789	0.785958241256416	20	-0.0990639344262296	2.54896958174905	-1.87650655068067	0.0616866827081858	0.164033137446249	-5.23829621179084	Non-Significant
POU3F4	-2.95433464460994	0.0031334402265572	0.0239231836694126	40	-0.0846780737704918	3.17969201520913	-1.1738386184319	0.241515483978951	0.442508840045558	-6.29502849260663	VIPER Significant
POU4F1	-2.47335855112024	0.0133849778364946	0.0664241356676905	41	-0.472830464480874	3.58182129277567	-2.33551765861259	0.0202642663728505	0.0673602660387612	-4.29239111197283	VIPER Significant
POU4F2	0.202989053950888	0.839143587792997	0.958616477842716	26	0.0104119535519125	2.47853231939164	0.154535498643803	0.87730536967155	0.939326753586873	-6.96702459649031	Non-Significant
POU4F3	-1.43906005763388	0.150133507508857	0.372271415224822	30	-0.0938939890710383	2.46886692015209	-1.80183136032238	0.0727104836318071	0.186231921006412	-5.37324255372801	Non-Significant
POU5F1	0.458418434489859	0.646651850086398	0.86912667221664	113	-0.000350478142076807	5.39571863117871	-0.0021427374270302	0.99829195928735	0.999078139756154	-6.97890563238045	Non-Significant
POU6F1	0.631179430128588	0.527923210048734	0.803879068718322	62	0.060729781420765	3.59740684410646	0.585464154141634	0.558734807261819	0.746821133913562	-6.80844965303569	Non-Significant
POU6F2	-3.56311561567704	0.000366479172987806	0.0120788543750063	52	-0.185332923497268	2.72151711026616	-1.81480704988581	0.0706861751085148	0.182040716035871	-5.3501774776975	VIPER Significant
PPARA	-0.495429087208216	0.620297266733363	0.857004059531999	58	-0.0234103825136613	3.70941064638783	-0.225094079992021	0.822079884827734	0.9104914129629	-6.95369707967817	Non-Significant
PPARD	-0.409940695466118	0.681849451704571	0.892371851298932	129	-0.0146143442622952	6.51980608365019	-0.127299181619248	0.898800327181126	0.951092963878753	-6.97084413328037	Non-Significant
PPARG	1.27571020371394	0.20205798024919	0.455759271092797	165	0.466439549180328	4.20149429657795	2.57860550840152	0.0104611430025162	0.0388486865213255	-3.71135632089965	LogFC Significant
PPARGC1A	2.92430333742642	0.00345228147463686	0.0244776384169931	145	0.838449453551912	5.09865779467681	3.18538259730293	0.00161888691807097	0.00795084635936072	-2.02492676343576	LUAD
PPARGC1B	-0.897868951830717	0.369255419050394	0.670840098486591	95	-0.708650956284153	4.88778326996198	-5.0614526787815	7.80008480566915e-07	9.70846990307968e-06	5.18426979588659	LogFC Significant
PPP1R13L	-1.31999343437245	0.186837210089323	0.436043488864532	107	-0.482750956284153	7.20606844106464	-2.72169227253376	0.00692616881582184	0.0274412325211111	-3.34380841113718	LogFC Significant
PPRC1	-0.748051152261417	0.454429304227007	0.746595448958918	132	-0.312835109289617	8.72809885931559	-3.63286401020792	0.000336616432686018	0.00205560866245743	-0.571353256436554	LogFC Significant
PRDM1	0.733515814795898	0.463243885750162	0.751898367323127	264	-0.0123505464480877	8.01045627376426	-0.0795012034956177	0.936694086704707	0.971039448792492	-6.97576275350715	Non-Significant
PRDM10	-0.724614224634858	0.468688729880349	0.755421455845073	126	-0.0403218579234974	4.9712433460076	-0.361549207815699	0.717977556151626	0.851365480292471	-6.91387582904671	Non-Significant
PRDM14	0.245776479715025	0.805855265151222	0.940606778083775	41	-0.000548702185792394	2.94950570342205	-0.00737515165390959	0.994121092871817	0.997220754360963	-6.97888084995666	Non-Significant
PRDM15	0.514858062757723	0.606652208069539	0.843878825178558	38	0.0170620218579235	2.78042205323194	0.349888919414135	0.726700488387484	0.856690328084412	-6.91800191215531	Non-Significant
PRDM16	3.41972859415511	0.000626836414469684	0.0134125166064609	140	1.59519433060109	4.26402661596958	7.26791456828338	4.11236588738182e-12	1.5777885739889e-10	16.9668138798509	LUAD
PRDM2	0.96022398363979	0.336942498622522	0.637939197274762	67	0.111717827868852	4.35919771863118	1.00308245632353	0.316737802542395	0.529688642546224	-6.47916962497017	Non-Significant
PRDM5	0.402262317092196	0.687490984240691	0.894077155707122	33	0.00663005464480872	2.76951330798479	0.116892743212273	0.907033752010421	0.955098050490784	-6.9721086068582	Non-Significant
PRDM8	2.80923049849672	0.00496600776106169	0.0300104232936463	113	0.263674453551912	5.62649429657795	1.60302094491393	0.110123432249042	0.254075631267398	-5.70639991906275	VIPER Significant
PRMT5	-1.39577997727926	0.162780761685778	0.392306948011526	228	-0.386288046448087	7.49820152091255	-3.00554138439988	0.00290574042279896	0.0130874177894486	-2.55942443378725	LogFC Significant
PROP1	-0.758926863360893	0.447896308264209	0.740381307929067	68	-0.0634248633879783	3.19711787072243	-0.878031220375112	0.380723607436076	0.595202716968607	-6.59583320048166	Non-Significant
PROX1	2.83751097444248	0.00454667837436746	0.0286831467757947	102	0.325254508196721	4.2602927756654	1.49752472217779	0.135449111039216	0.296313875552824	-5.86769083553553	VIPER Significant
PRRX1	0.309906245046648	0.756632253600251	0.923628941469694	187	-0.026337978142077	8.84062357414449	-0.163677147165354	0.870110298810751	0.935665787062027	-6.96557715480653	Non-Significant
PRRX2	-1.62063994790826	0.10509487956497	0.289420060183529	46	-0.443220286885246	6.80778707224335	-2.00529763852016	0.0459498606879098	0.129474685060301	-4.99304009517351	Non-Significant
PSIP1	0.97358071910686	0.330264763531346	0.631216086512572	131	0.056937158469945	6.96611787072243	0.398497832684678	0.690584732606354	0.834197261569082	-6.89990892360883	Non-Significant
PSPC1	0.0534403306328484	0.957381071907501	0.984195054825343	80	0.052598907103825	5.75439923954373	0.43446153817105	0.664307518656123	0.816875096472496	-6.88501182579675	Non-Significant
PTF1A	0.105141800518131	0.916263291085296	0.975138086781005	30	-0.0238877732240439	2.63061596958175	-0.44271934210456	0.658330567538105	0.813159043160739	-6.88140988670326	Non-Significant
PTMA	-1.41957437390634	0.155731630286447	0.380265519907409	139	-0.407397609289618	7.89986311787072	-2.52842064600758	0.0120399667338338	0.0437403937260035	-3.83580035141748	LogFC Significant
PTMS	-3.32377926498163	0.000888064571803744	0.0143422428346305	111	-0.771814890710382	9.16483269961977	-6.69681901086964	1.27278881033132e-10	3.59435560037564e-09	13.6217436803028	LUSC
PTOV1	-0.397662269618846	0.690879153087931	0.895080161581503	93	-0.126244330601093	10.641144486692	-1.75632167608394	0.0801907110931085	0.20016962415463	-5.45286191086006	Non-Significant
PURA	1.47107313176011	0.141271340318137	0.356489397834049	64	0.162951366120218	3.30768441064639	1.81876630655898	0.0700778368154187	0.180858885103644	-5.34310752030197	Non-Significant
PURB	-2.88272044383835	0.00394257163530861	0.0265302216292642	62	-0.265409972677596	10.4394980988593	-4.34985950250011	1.94658178916119e-05	0.000166356162586822	2.11251768485748	LUSC
PURG	0.285379612451814	0.775353325304711	0.930308781847778	135	-0.054521038251366	5.49251330798479	-0.45143273672839	0.652047589943772	0.80888527655266	-6.87753580320697	Non-Significant
RAI1	-1.4364469592432	0.150875198939172	0.372764722327395	100	-0.211544603825137	6.93944106463878	-1.80057078701485	0.072909660877832	0.186608127650588	-5.37547469537236	Non-Significant
RARA	2.93949820772125	0.00328744171970463	0.0239947213287037	199	0.747481147540984	8.97876045627377	5.96087862890812	7.99005464350632e-09	1.59025237916489e-07	9.60251531782802	LUAD
RARB	-2.21969945675605	0.0264391757558037	0.107826436478846	124	-0.849303756830601	4.62715209125475	-4.96941638677457	1.20755261800461e-06	1.41695093902148e-05	4.76509796633047	LUSC
RARG	-0.151205355017508	0.879813726172665	0.969719277426941	43	-0.159644535519126	3.26956653992395	-1.8388041356371	0.0670649530150337	0.175128207729384	-5.30709604767576	Non-Significant
RAX	0.300115395690034	0.764089136125588	0.926080485635493	31	0.11292575136612	2.54768821292776	1.59686552689876	0.111489624466259	0.256441900799683	-5.71610669001833	Non-Significant
RBAK	0.64953646997905	0.515991681480835	0.790632415172248	81	0.153416461748634	4.76526235741445	0.895654425393624	0.371251691128453	0.586179597547416	-6.58032497465162	Non-Significant
RBBP4	-0.0673771494976136	0.946281459902625	0.982929393557581	113	0.0388079234972677	3.91705323193916	0.284080010465735	0.776571312621171	0.884606332089444	-6.93875513741878	Non-Significant
RBBP7	-0.717211495192833	0.47324360744319	0.760485996040549	205	-0.325304439890711	7.50563498098859	-2.30120310883879	0.0221579530020616	0.0726104349536357	-4.36997626451279	Non-Significant
RCOR1	-0.958276296589958	0.337923453084357	0.639047279544773	31	-0.0511398907103826	2.57161596958175	-0.967397893921745	0.334228834432869	0.548955181256749	-6.51403133178274	Non-Significant
RCOR2	-3.13676039941662	0.00170825666109071	0.0185710513594641	160	-0.99105218579235	5.43725855513308	-4.41891520888869	1.44839457665041e-05	0.000128310897734914	2.39325650378837	LUSC
RCOR3	2.27876629158876	0.0226809616851963	0.0976793416575787	142	0.31909487704918	8.71849429657795	3.68272311630713	0.000279751015870968	0.00175180858780634	-0.398659198270314	LUAD
REL	-0.628795215520771	0.52948313272924	0.803879068718322	119	-0.206996174863388	3.75606844106464	-1.53217197062511	0.126675107298738	0.281480549668186	-5.81590809696227	Non-Significant
RELA	-0.710239083377208	0.477555888244154	0.761378069614688	114	0.0396079234972676	5.76280988593156	0.319323737436005	0.74973307339248	0.870419139107586	-6.92817625732515	Non-Significant
RELB	-0.721101615511953	0.470846997165067	0.758143470011549	86	-0.446123907103825	6.43530418250951	-3.77735594917802	0.000195821856294876	0.00127419567321827	-0.065059357219555	LogFC Significant
REPIN1	0.767897871368236	0.442547862153143	0.734133966385752	86	0.158428210382513	10.0226996197719	1.68300817378061	0.0935533818625079	0.224958517113104	-5.57693767738726	Non-Significant
REST	-0.270642655394129	0.786665885461413	0.933330730498678	66	-0.0493699453551914	3.89654752851711	-0.432217876829999	0.665935204423452	0.817929210632893	-6.88597878027455	Non-Significant
RFPL1	-2.57708068342972	0.00996386900896098	0.0538182222390367	36	-0.316001775956284	2.95639543726236	-4.13230965387118	4.82324973754932e-05	0.000373286266963667	1.25325115938348	LUSC
RFPL2	0.338383703451947	0.735074053336992	0.90899279949406	21	0.0483780737704917	2.62234980988593	0.712267257083311	0.476927068709374	0.679653192581169	-6.72669498834717	Non-Significant
RFPL3	-0.829330800103393	0.406917246960543	0.706044252585318	38	-0.146565368852459	2.94825475285171	-1.91867154854366	0.0561021208846441	0.152078872056753	-5.15974332899154	Non-Significant
RFX1	0.879370867542379	0.37920022252569	0.68196921979843	190	0.144286543715847	7.21233460076046	1.31443538973265	0.189838331856877	0.376095645995354	-6.12196281453347	Non-Significant
RFX2	2.42452881116586	0.0153282669975898	0.0738959737346494	100	0.124106762295082	5.19959315589354	0.731359949348627	0.465206716222531	0.670087497847087	-6.71300631736436	VIPER Significant
RFX3	0.519711268805926	0.60326483151777	0.842800971049452	28	-0.156641120218579	3.72028136882129	-1.56155557779118	0.119588314132899	0.269622690676994	-5.7710806991699	Non-Significant
RFX4	-0.50051378207312	0.616713354224689	0.853463639308374	70	-0.150242759562842	4.30943346007605	-0.977822407344638	0.329055605995046	0.543323889362749	-6.50397679598294	Non-Significant
RFX5	3.10442020638182	0.00190652345627863	0.0187443060120688	131	0.382882240437158	9.65126615969582	4.58092968392197	7.13694579135987e-06	6.88658368387253e-05	3.06679552815519	LUAD
RFXANK	-0.461410604110476	0.644504045021597	0.86912667221664	151	0.0851060792349724	5.00133079847909	0.773376982925103	0.439989891450005	0.648916792264453	-6.6816120745315	Non-Significant
RFXAP	-0.394163347783832	0.693460443968379	0.895093575177549	81	-0.102533128415301	3.39059315589354	-1.28858438076669	0.198668528885637	0.388024231934016	-6.15523334984319	Non-Significant
RING1	0.61251889746099	0.540194498956628	0.810040961759474	87	0.045095833333333	10.7556159695817	0.735160516018311	0.462893044656684	0.668155930429025	-6.71023843162859	Non-Significant
RLF	-1.4281855931586	0.153238446219495	0.376065129259818	98	-0.312796448087432	5.29260076045627	-2.44099446843934	0.0153031468179471	0.0532801067842388	-4.04702211650903	Non-Significant
RNF10	3.25628294228056	0.0011288120200652	0.0155814650632932	113	0.296111885245901	6.95171482889734	3.19735618967998	0.00155557602871824	0.00766806057911224	-1.98831824054196	LUAD
RNF111	1.3546357060443	0.175533651475828	0.412644610092376	57	0.292959699453552	3.70047148288973	3.10555267903809	0.00210579132322063	0.00994049724130636	-2.26574721574944	LogFC Significant
RNF4	-0.162477874510001	0.870929550343557	0.969719277426941	101	0.0890252049180326	7.51065779467681	1.03971428362708	0.299422090059558	0.510540174490388	-6.44207933871926	Non-Significant
RNF6	0.797332327976436	0.425258049871987	0.721419906032836	46	0.0260918032786885	3.12955513307985	0.365846131962762	0.714772303686449	0.849379729174807	-6.9123212590073	Non-Significant
RORA	0.260658397700989	0.794355951012638	0.937064922841655	115	-0.215216734972678	6.45088593155894	-1.23168703247349	0.219159872802787	0.414231228315285	-6.22616132068466	Non-Significant
RORB	3.41951728200672	0.000627323475699358	0.0134125166064609	81	0.567161543715847	3.34170342205323	3.71311813821308	0.000249663698055617	0.0015847783590863	-0.292340615149478	LUAD
RORC	3.85871613930799	0.000113984235485614	0.0117818426196165	199	2.12583463114754	5.15503041825095	10.7356596018982	1.48579509663289e-22	3.7022517819629e-20	40.5441103147286	LUAD
RPS6KA1	1.23208622265477	0.217916877356405	0.479924672983353	116	0.361478278688524	8.51384790874525	3.20726886979132	0.00150490556804011	0.00745588302481629	-1.95791471789586	LogFC Significant
RPS6KA4	-1.22674432938186	0.219918700687209	0.481911399741985	121	-0.316855327868853	7.16020152091255	-2.84127677767715	0.00484304779865249	0.0202485446373666	-3.022258197865	LogFC Significant
RPS6KA5	-0.570290018269649	0.568481009860137	0.822059547754188	76	-0.404905327868852	7.14798479087453	-3.29340265959718	0.00112477157504873	0.00581158657276655	-1.69007543043959	LogFC Significant
RREB1	-0.110637101339843	0.911904125463457	0.975138086781005	192	-0.00338442622950821	5.10909505703422	-0.0242555478868548	0.980667058303983	0.990645228690542	-6.97861514970114	Non-Significant
RUNX1	1.02292528721076	0.306343172324342	0.598963950731008	62	0.180387363387978	3.41330418250951	1.6665197422564	0.0967935818010556	0.230670949372305	-5.60412984625062	Non-Significant
RUNX1T1	3.10411746069278	0.00190847546572617	0.0187443060120688	101	0.862869262295082	4.57887452471483	5.27534017562954	2.75975711808355e-07	3.86244421328257e-06	6.18266477363553	LUAD
RUNX2	-0.0625684551072523	0.950110149359136	0.982929393557581	84	-0.191854849726776	5.20456653992395	-0.998099031806754	0.319143514694169	0.532590385388509	-6.4841134233001	Non-Significant
RUNX3	-0.377886317536849	0.705515047154319	0.898884771744188	117	-0.395515505464481	8.90415589353612	-2.92492996027854	0.00374413225410777	0.0162362848268901	-2.78960048462977	LogFC Significant
RUVBL1	-2.29666221318118	0.0216380466264212	0.0949814180649139	232	-0.62306693989071	7.97020912547529	-4.97122621050354	1.19728956302771e-06	1.40685675145226e-05	4.77327941489709	LUSC
RUVBL2	-2.24799980823583	0.0245762021462772	0.10229527439752	173	-0.476105464480875	7.8358174904943	-4.27062723328792	2.72036459342455e-05	0.000222819163733414	1.79512700717323	LUSC
RXRA	-0.894042916535266	0.371298929433746	0.670840098486591	143	-0.251740505464481	9.69842205323194	-2.44738893476058	0.0150403218130799	0.052508903736434	-4.03181356851431	Non-Significant
RXRB	2.06543463143899	0.0388818946354326	0.139233392098057	48	0.0721292349726776	6.97363878326996	0.716522616399626	0.474300851822475	0.677123543780263	-6.72367530498608	VIPER Significant
RXRG	1.76073313212052	0.0782835822003943	0.230708002287658	50	0.00317862021857915	3.60739923954373	0.0365968047707368	0.970834094497469	0.986042116731147	-6.97824143839198	Non-Significant
RYBP	2.89907697247946	0.00374263002198522	0.0256024711770918	71	0.368586270491803	9.46145627376426	4.62344394219374	5.90791063733797e-06	5.81321938670468e-05	3.246964918402	LUAD
SAFB	-1.96725399603532	0.0491539358032155	0.167123381730933	118	-0.298347745901639	8.86986692015209	-3.86057070932173	0.000142258448744155	0.000966577071583535	0.234554560712182	LUSC
SAFB2	-0.960632068737407	0.336737198406691	0.637939197274762	67	-0.256780942622951	8.24471482889734	-2.35541176470413	0.0192327013817998	0.0644879074300558	-4.24690614568375	Non-Significant
SALL1	0.647005790720085	0.517628195713504	0.790888870461031	41	-0.0281071721311476	2.61473003802281	-0.486011347022818	0.627361492387557	0.793600422582229	-6.86141859376669	Non-Significant
SALL2	3.22742451778575	0.00124909991985278	0.0160640938593085	90	0.596666871584699	6.37290874524715	3.55305028846457	0.000450786295337261	0.00264600103517132	-0.843362557161118	LUAD
SALL3	-0.570398609874234	0.56840737221135	0.822059547754188	106	-0.0141234289617487	6.47628517110266	-0.124294071919317	0.901176842223956	0.951966360015132	-6.97122034661643	Non-Significant
SALL4	-0.299740909880309	0.7643747909301	0.926080485635493	104	-0.177617486338798	5.18941064638783	-0.789687979721236	0.430417327314929	0.641085723806624	-6.66895456440393	Non-Significant
SAMD1	-3.02475639398256	0.00248833461541853	0.020822074631611	155	-0.725232240437159	5.32287072243346	-5.48805042308305	9.51340855844421e-08	1.48795564259334e-06	7.20854064425677	LUSC
SAMD11	-0.128919031791569	0.897421717145414	0.975138086781005	128	0.0644506147540984	4.55560836501901	0.534473047308398	0.593463235669241	0.772555246503699	-6.83683336591126	Non-Significant
SAMD13	0.616202629438621	0.537760793234717	0.809026782501026	43	0.310924795081967	3.11468441064639	3.07031275144325	0.00236102171666504	0.0109463203120683	-2.37024816265634	LogFC Significant
SAMD7	-0.558553081770354	0.57646676804118	0.824933611859023	64	-0.132143647540984	3.47106463878327	-1.62033540658805	0.106351748204518	0.24737220027144	-5.67889957920265	Non-Significant
SAP130	-1.53240598364905	0.125422281803374	0.331923052829575	85	-0.169297131147541	7.83182509505704	-2.11061105530983	0.0357444842146814	0.10647934960154	-4.78077016869435	Non-Significant
SAP18	3.25795317215622	0.00112218922635882	0.0155814650632932	82	0.365912909836065	6.7201711026616	3.71458093161934	0.000248295631746975	0.00157806496036037	-0.287204073053249	LUAD
SAP30	-0.412208235014464	0.68018680172031	0.891687937990407	55	-0.344835382513661	6.4061825095057	-2.09422759550464	0.0371914463235379	0.109787995260117	-4.81448312867645	Non-Significant
SATB1	-0.20904016689046	0.83441688257438	0.956411118067867	55	-0.0285239071038252	3.31727756653992	-0.331072593052815	0.740851773014292	0.865203670835587	-6.92437524228634	Non-Significant
SATB2	-0.697301522084451	0.485614115722901	0.76663421006108	63	0.119504576502732	4.93579087452472	0.690841328359908	0.490271052798946	0.691250699910014	-6.74162697560299	Non-Significant
SBNO1	-1.89663308642631	0.0578763806394801	0.188448295832178	122	-0.3726918715847	3.68396197718631	-4.33703581912989	2.05560615679338e-05	0.000174150953603535	2.06080522208286	LogFC Significant
SCMH1	0.637316921740877	0.523918430794938	0.79898797519719	84	0.192389480874317	4.13194296577947	1.41447860146091	0.158397442898499	0.33042808418252	-5.98706576163483	Non-Significant
SCML1	0.417564775666282	0.676265355116134	0.890112916473151	117	-0.0676286202185793	5.43120532319392	-0.504335026298846	0.614445808103445	0.785788198588968	-6.85239675806113	Non-Significant
SCML2	-3.03240136257448	0.00242616374631262	0.0205144212057324	117	-0.274201024590164	3.96971863117871	-2.53817268160458	0.0117174868272695	0.0428013287154186	-3.81180032220399	LUSC
SCML4	2.22494069550371	0.0260852196017576	0.107069418078081	36	0.165748360655738	2.85968060836502	2.36296581278437	0.0188532641230084	0.0634080403533653	-4.22953804295065	VIPER Significant
SCRT1	-0.859662940060993	0.389974869170878	0.689824111403032	48	-0.083453005464481	2.8402319391635	-1.37503017415725	0.170285625903856	0.347852392539174	-6.0414218775228	Non-Significant
SCRT2	0.899926927560493	0.368159138968871	0.670840098486591	21	0.109259084699454	2.64113688212928	1.98510414071398	0.048165676994566	0.134673140428371	-5.03253910813778	Non-Significant
SEMA4D	1.19625058236358	0.231598787049206	0.500756924837841	72	0.259148702185793	9.41283269961977	2.64683476953218	0.00861217175181501	0.0329847735449262	-3.53844164478969	LogFC Significant
SERTAD3	-0.104227289010793	0.916988978407866	0.975138086781005	117	0.0165262295081967	4.46739923954373	0.112152490905724	0.910787559327213	0.956948185525442	-6.97264886592361	Non-Significant
SETBP1	0.735690444557244	0.461919106154159	0.751363882024892	109	-0.219418920765028	7.75896197718631	-1.43640031773461	0.152070107492719	0.321284342673876	-5.95620529262343	Non-Significant
SETD3	-0.00701063624059106	0.994406367402526	0.995022480393481	92	0.0915620901639343	4.44967300380228	0.752911215667089	0.452172822643721	0.659082666761072	-6.69712173156601	Non-Significant
SFMBT1	-0.547373268612602	0.584122316324479	0.829208998245836	96	-0.106842964480874	5.76649429657795	-0.960502315707991	0.337679629408647	0.552958279817677	-6.5206233799951	Non-Significant
SFMBT2	0.87525487996346	0.381435238433791	0.68522570641888	225	0.44297056010929	6.2099391634981	1.99424593196585	0.047151614036801	0.13242048865849	-5.01470556777432	Non-Significant
SFPQ	-0.814506542298687	0.415354825844034	0.712336623262607	120	-0.218798975409836	4.90324334600761	-1.7145959586866	0.0875906014925033	0.213893421169626	-5.52411265413495	Non-Significant
SHOX	-2.0338446533043	0.0419672607512046	0.148308809875701	42	-0.0236736338797815	2.59745247148289	-0.425213646219762	0.671026652031226	0.821562377187034	-6.8889652402761	VIPER Significant
SHOX2	-1.97618856318779	0.0481334247308119	0.164345625666514	111	-0.480508469945355	4.43200380228137	-4.31327411449667	2.27326325719742e-05	0.000189869401725039	1.96533404702271	LUSC
SIM1	1.17754981732742	0.238976125978135	0.511099381456999	48	0.104406489071038	2.92993536121673	1.37413359492006	0.170563428806644	0.348307898646125	-6.04263966850439	Non-Significant
SIM2	-3.3348594736906	0.000853425153261612	0.014062188837958	80	-0.397690368852459	3.37764258555133	-3.22966972953726	0.0013959802442744	0.00699807374526197	-1.88888793720123	LUSC
SIN3A	-2.95112507817253	0.00316618673303464	0.0239231836694126	80	-0.245713456284153	9.14696577946768	-4.49387620195986	1.04650307723489e-05	9.62995011260028e-05	2.70230779838913	LUSC
SIN3B	-0.695752968758655	0.486583547332235	0.766665784333228	142	-0.225243510928962	6.62620912547529	-1.5141973006521	0.131169769730792	0.288902426485075	-5.84291777225394	Non-Significant
SIRT1	2.25177471810824	0.0243365121281946	0.101822453593353	136	0.287827390710382	7.14138783269962	2.68298307306185	0.00775667522316024	0.0302460352058669	-3.44509570632265	LUAD
SIRT6	-1.04359805318487	0.296671394012171	0.587162133982422	74	-0.138622609289618	3.41110646387833	-1.49627284574744	0.135774756885693	0.296821883795524	-5.86954006264064	Non-Significant
SIRT7	-1.15213949402465	0.249263756282822	0.527602839314231	62	0.126475068306011	5.67544106463878	1.20738376617394	0.228362900195925	0.426018164370202	-6.25549280718302	Non-Significant
SIX1	-3.0789183279258	0.00207753627330897	0.0195558731672294	51	-0.320753278688525	4.77076425855513	-1.52038885185529	0.129607703329938	0.286495833944106	-5.83364938109578	VIPER Significant
SIX2	-3.36158784032336	0.000774957033242319	0.0134575871901758	46	-0.776740642076503	3.1082927756654	-6.22475937774662	1.88217864579405e-09	4.20733970637657e-08	11.0039818337274	LUSC
SIX3	0.101772712578936	0.918937085370007	0.97572872641194	27	-0.149941256830601	3.24641825095057	-1.82717145187788	0.0688007070870825	0.178614787673676	-5.32804884185563	Non-Significant
SIX4	-2.64550575413751	0.00815688997075628	0.0460607597999	109	-0.525598087431694	8.22342965779468	-3.79531235483348	0.000182859063999375	0.00119998604973098	-0.000901970440985167	LUSC
SIX5	-0.377179683682768	0.706040077305233	0.898884771744188	111	-0.0564696721311477	8.20235741444867	-0.480059141880837	0.63158207508565	0.796367619846838	-6.86427751104888	Non-Significant
SIX6	0.55673437691381	0.577708925704368	0.824933611859023	34	-0.00783203551912576	2.52238783269962	-0.0752718048742525	0.940055350269843	0.972542304003677	-6.97608848893104	Non-Significant
SKI	-0.33536038431604	0.737353248090377	0.91015700421522	92	-0.0954152322404372	5.62452091254753	-0.967783191278558	0.334036694665194	0.548887345644243	-6.51366161327398	Non-Significant
SKIL	-3.16254383178746	0.00156397189380417	0.0174194110930602	154	-0.207553551912568	3.83868060836502	-1.73556380573984	0.0838055733778054	0.207097953618892	-5.48851727185729	VIPER Significant
SLC2A4RG	-2.17336162624898	0.0297531106066145	0.117484776600691	151	-0.383962704918033	7.06205703422053	-3.41447225698343	0.000739387890260462	0.00405442990698164	-1.30257569797584	LUSC
SLC30A9	1.91854404736266	0.0550420625546081	0.182907265484963	140	0.293928893442623	9.06460836501901	3.889708556145	0.000127033516515486	0.000875694021089661	0.340842767167187	LogFC Significant
SLTM	-0.354682617292921	0.72282737477882	0.903108874437066	95	0.036090232240437	4.9825247148289	0.28650457791801	0.774715963258021	0.883733387393505	-6.93806692797682	Non-Significant
SMAD1	-0.639129622800534	0.522738610511581	0.797942207917017	39	-0.0819954918032788	3.4281711026616	-1.13732281755606	0.256432552896061	0.460807366037184	-6.33681210887769	Non-Significant
SMAD2	0.155193620623425	0.876668677363056	0.969719277426941	121	-0.0906254098360656	5.70109125475285	-0.858795813313735	0.39123074198122	0.605610605895285	-6.61241042835127	Non-Significant
SMAD3	-1.12074669731056	0.262395698814154	0.544690300237608	86	-0.347156830601093	8.44434220532319	-3.18076409269595	0.00164393858979448	0.00804981979582979	-2.03901358739551	LogFC Significant
SMAD4	-0.373078732081141	0.709089847154934	0.899845433777605	134	-0.0255616120218579	9.05563878326996	-0.287930051934121	0.773625752027899	0.883190590376008	-6.93765958107755	Non-Significant
SMAD5	0.894581826620691	0.371010670233695	0.670840098486591	61	0.12674487704918	3.48600380228137	1.19339635559223	0.233783441185528	0.433394598189013	-6.27211204826893	Non-Significant
SMAD6	3.45025321425225	0.000560060968000552	0.0133014479900131	140	0.78820293715847	6.96548288973384	4.77788471947576	2.94004291427812e-06	3.12784138590593e-05	3.91329993208259	LUAD
SMAD7	1.06193487665657	0.288265250579808	0.57935293656428	135	0.242461475409836	3.93555893536122	1.69964592274909	0.0903731127117108	0.219124011656219	-5.54923372638627	Non-Significant
SMAD9	1.98693426257533	0.0469296821402579	0.161258375864929	123	0.247389890710383	3.31168821292776	2.33436556841614	0.0203254654817973	0.0675107201627495	-4.29501386332152	VIPER Significant
SMARCA2	0.839037556927431	0.401448234546186	0.700973146687026	134	-0.0345045765027325	9.5193536121673	-0.305615023255847	0.760138152493795	0.875279349784628	-6.93243786569243	Non-Significant
SMARCA4	-1.22756347489681	0.219610880115533	0.481890721992643	90	-0.102902732240438	9.87279847908745	-1.21453524881288	0.225626526937285	0.422754244988679	-6.2469217326767	Non-Significant
SMARCA5	0.02625129637745	0.979056901368548	0.992659926537704	125	-0.138264890710382	6.32811787072243	-1.08945731273859	0.276943804980026	0.484732714508115	-6.38960218031972	Non-Significant
SMARCB1	-3.13588455487776	0.00171336634833446	0.0185710513594641	80	-0.731592213114755	7.87357034220532	-6.92726811331529	3.25709976220185e-11	1.0309146644598e-09	14.9489057130916	LUSC
SMARCC1	-1.70743552618601	0.0877411318834668	0.252588106937253	97	-0.124496584699454	9.14249809885932	-1.75875731039326	0.0797750387308758	0.19940621404248	-5.4486511276368	Non-Significant
SMARCC2	-1.23462232946225	0.216971094661678	0.479354744019986	110	-0.305299795081967	5.50860456273764	-2.21972969624803	0.0272853115016976	0.0859654737978365	-4.54976465508501	Non-Significant
SMARCD1	-0.313606450472723	0.753819959767854	0.921589125681365	71	0.0749765027322405	3.04126996197719	0.988138515103391	0.323987831487179	0.53770894117005	-6.49392150297769	Non-Significant
SMARCD2	-2.20174140006327	0.0276835805375994	0.111314595508956	64	-0.316209494535519	7.46533840304183	-2.74850712983674	0.00639888118891235	0.0256399123912023	-3.27284032314295	LUSC
SMARCD3	3.37928854377146	0.000726736894763507	0.0134125166064609	120	0.588882991803279	4.68864258555133	3.89847663261589	0.000122763186917057	0.000849482482625625	0.372966083916006	LUAD
SMARCE1	3.08759437630911	0.00201783687695318	0.019456511552042	90	0.316678278688524	8.3504752851711	3.88476837058109	0.000129501169270036	0.000890561392157504	0.322771949102425	LUAD
SNAI1	0.168877530621746	0.86589297329896	0.9673587474139	26	-0.00327479508196726	2.66373384030418	-0.0550070675517495	0.956174357296425	0.979647981015276	-6.97740222718071	Non-Significant
SNAI2	-3.56666468938526	0.000361553623627507	0.0120788543750063	199	-1.7890924863388	5.57959315589354	-9.54446391898556	9.61481574689613e-19	1.27276123449538e-16	31.9214330425661	LUSC
SNAI3	1.83008889605867	0.0672366470683568	0.210848902942517	115	0.221790573770492	3.66260076045627	2.20669850636334	0.0281944156006548	0.0882499097175176	-4.57794208158896	Non-Significant
SOHLH2	0.273284208272973	0.784634753447595	0.933330730498678	33	0.289049316939891	3.72995057034221	1.53632843582714	0.125653125311345	0.279747707858544	-5.80961780481373	Non-Significant
SOX1	0.580365878506712	0.561667910191734	0.817201508972658	25	0.0576966530054644	2.61673384030418	1.11366888139044	0.266432222038969	0.473210437130849	-6.3631806208918	Non-Significant
SOX10	-2.30044674551675	0.0214229230886874	0.0947890980499458	29	-0.245127663934426	2.79897338403042	-2.63685663301055	0.00886280416616052	0.0338071485347645	-3.56399688352934	LUSC
SOX11	1.51982776996471	0.128554267753781	0.335723554521458	27	0.0199997950819672	3.57017870722433	0.092092530155259	0.926694230257597	0.965867979565606	-6.97468762164726	Non-Significant
SOX12	-0.81057621775792	0.417609078911963	0.714447735638581	104	-0.0920301912568306	3.88763878326996	-0.816966235519545	0.414682918538825	0.62702435557052	-6.64719889195203	Non-Significant
SOX13	-1.8464425591011	0.0648279724907672	0.205403581163728	239	-0.505942896174864	7.12780608365019	-3.97866572833533	8.95429551628785e-05	0.000646357213410883	0.669733337813969	LogFC Significant
SOX14	-0.4589633810501	0.646260462750552	0.86912667221664	112	-0.0855478825136613	3.39131178707224	-0.946662149426029	0.344674954468474	0.560349036047441	-6.53371300896596	Non-Significant
SOX15	-3.97752880463254	6.9635189517087e-05	0.0117818426196165	275	-3.58978101092896	5.98164258555133	-13.9958273728457	1.10048493410336e-33	1.39849625425855e-30	65.7612201761891	LUSC
SOX17	1.80937739265534	0.0703923929071349	0.215718623425091	163	0.555903005464481	3.96605703422053	3.55446381537444	0.000448480777052785	0.00263368471108447	-0.838592857589629	LogFC Significant
SOX18	2.27192543575078	0.0230910143154904	0.0984351034681338	109	0.46460443989071	8.63699239543726	2.79870820089936	0.00550835255220855	0.0225588605328606	-3.13821392349764	LUAD
SOX2	-3.77339888350449	0.000161038505378094	0.0117818426196165	162	-3.36701571038251	6.90229657794677	-10.6856620479444	2.16548209024405e-22	5.14372829959278e-20	40.1737364455525	LUSC
SOX21	-3.76966861512013	0.000163464443651876	0.0117818426196165	90	-2.71877855191257	5.62655133079848	-8.96032635585745	5.97143251003268e-17	5.43978238978461e-15	27.8694708271014	LUSC
SOX3	-0.0245522477951801	0.980412108543172	0.992705677302334	25	0.167436816939891	2.85394296577947	1.63493252637687	0.103252645580358	0.242001958693321	-5.65549019739096	Non-Significant
SOX30	-0.867060529308139	0.385908845673964	0.688239842748999	31	-0.14040218579235	3.35850570342205	-1.56835736493217	0.117993218997976	0.266926181936142	-5.76058480133112	Non-Significant
SOX4	-0.41215935634923	0.680222625141908	0.891687937990407	94	-0.0431715163934428	8.47167300380228	-0.327156169481396	0.743808521179606	0.866893699886197	-6.92565753820449	Non-Significant
SOX5	-0.225040395135405	0.821947849350056	0.948108640270079	30	-0.0392572404371585	2.75920912547529	-0.56524739928406	0.572384607127124	0.756708825734355	-6.82001160143205	Non-Significant
SOX6	-0.38201220877505	0.702452308890217	0.898884771744188	25	-0.0719876366120219	2.77007224334601	-1.11629039854977	0.265310865989656	0.471746255071576	-6.36028529800375	Non-Significant
SOX7	-1.39012328014042	0.164491445117911	0.393561013133966	129	-0.795996653005465	5.82684410646388	-3.87724615961815	0.000133345982530993	0.000912071695912229	0.295295590024502	LogFC Significant
SOX8	1.74554132514791	0.0808906855639573	0.237524467610529	152	0.464298702185792	5.08942965779468	2.61003705414652	0.00956925124078833	0.0360474417572071	-3.63223128401552	LogFC Significant
SOX9	-2.84884424020638	0.00438783563430732	0.0282324882446467	49	-0.79061912568306	6.54797338403042	-3.12859209776464	0.00195295045499516	0.00932660442768829	-2.19682692525	LUSC
SP1	-0.0282015992016065	0.977501361754345	0.992659926537704	120	-0.108389002732241	8.12789353612167	-1.10142458071607	0.271713140747561	0.478808929157596	-6.37661447341488	Non-Significant
SP100	2.0428061156278	0.0410716349299304	0.146102842316823	90	0.27921031420765	4.66986692015209	2.26154487552505	0.0245377747229247	0.0787936932858946	-4.45826906316647	VIPER Significant
SP110	3.09604168892605	0.0019612278556937	0.0190806204032851	124	0.899111680327869	5.02555513307985	6.80589274374432	6.70265794286412e-11	2.00181849912849e-09	14.2459915519912	LUAD
SP140	1.44550807597187	0.148315226229084	0.369074099167906	244	0.389618715846994	6.32752851711027	2.28758297449955	0.0229514712932713	0.0747002938135206	-4.40046563429221	Non-Significant
SP2	-1.17692728050908	0.239224532380856	0.511099381456999	103	-0.161962431693989	7.09317870722433	-1.77352869875787	0.0772916930936611	0.194830237188682	-5.42299192336456	Non-Significant
SP3	-0.379503509609518	0.704313998574068	0.898884771744188	133	-0.18301693989071	4.9493536121673	-1.06992798698302	0.285627067258119	0.494961677400321	-6.41049476922007	Non-Significant
SP4	0.55767402593088	0.577066997298335	0.824933611859023	171	0.427059016393443	4.62855513307985	2.60737597908306	0.00964202895200839	0.0362946990290648	-3.63896548838712	LogFC Significant
SP5	-0.182701907767664	0.855031918775875	0.963626342514332	61	0.196062021857923	5.30997338403042	1.46772087162105	0.143368104108577	0.308512719839437	-5.91130312570163	Non-Significant
SP6	-2.1989426196766	0.0278820026110624	0.111314595508956	118	-0.38311980874317	4.32989353612167	-3.39450472459006	0.000793009629537098	0.00430481263227571	-1.36736756366347	LUSC
SP7	-0.451304354731211	0.651770206710711	0.872086896303065	20	-0.0401380464480875	2.53990874524715	-0.772860069636854	0.440295251359938	0.64929179626134	-6.6820089061293	Non-Significant
SP8	-1.81768481419219	0.0691123200781483	0.212602660811828	78	0.00738900273224049	4.5858288973384	0.0437422989701327	0.965142823957895	0.983563352594782	-6.97795577299873	Non-Significant
SPAG8	1.67561580338976	0.0938134712957771	0.265804835338035	282	0.468121857923497	3.50662737642586	2.61130646095691	0.00953470809491905	0.0359492865955292	-3.62901658379862	LogFC Significant
SPDEF	3.51740363020719	0.000435790560534888	0.0127581270869041	135	2.21554822404372	5.75434220532319	8.71956617397844	3.1508251260867e-16	2.51038781832663e-14	26.2384868372717	LUAD
SPEN	0.0410298590507685	0.967272091818206	0.988291844401872	117	-0.104605601092896	9.40598859315589	-1.08559556065523	0.278646334712598	0.486774021792247	-6.39376321407051	Non-Significant
SPI1	1.48902730024697	0.13648017993956	0.34986585809903	157	0.42655075136612	6.00128897338403	2.5262716017938	0.0121120862561654	0.0439584155771384	-3.84107737754849	LogFC Significant
SPIB	0.869714278498243	0.384456567232058	0.687787284709981	79	0.0852027322404371	3.8925855513308	0.474699503410946	0.63539284815668	0.799309014890395	-6.86682172112551	Non-Significant
SPIC	-0.240472360276102	0.809964087991354	0.943108869578974	80	-0.195183606557377	2.90838783269962	-1.82185605823894	0.0696061049648484	0.180032747447951	-5.3375797822681	Non-Significant
SPIN1	0.0727671390424995	0.941991420853351	0.982929393557581	97	0.095705601092896	9.02871863117871	1.05785910208105	0.291084795861262	0.501267780446496	-6.42321884119097	Non-Significant
SPIN2B	-0.0152504257751851	0.987832392378015	0.993935063931376	71	-0.0282612021857924	3.46593536121673	-0.25376813329792	0.799871833324896	0.897699721711791	-6.94686574639734	Non-Significant
SPIN3	1.128157626041	0.25925335585618	0.541648343735746	89	0.255800273224043	5.71784030418251	2.49205614422672	0.013313329367435	0.0475586194940557	-3.9245181283972	LogFC Significant
SPTY2D1	0.985221134075638	0.324515461730255	0.622686208848397	126	0.279147950819672	6.72671102661597	2.27415665613255	0.0237578823243899	0.0767650462714353	-4.43035090257691	Non-Significant
SREBF1	-1.05886367629606	0.28966186895101	0.57935293656428	71	-0.386753073770492	6.68257794676806	-3.23535460508503	0.00136952497928449	0.00688582529643808	-1.87129977359999	LogFC Significant
SREBF2	0.731616838830023	0.464402467516275	0.752032713626993	52	-0.0790072404371585	4.58830038022814	-0.82145551198538	0.412126621982845	0.625014035701175	-6.64354804791088	Non-Significant
SRF	-2.41496718542197	0.015736627350776	0.0754020284526818	85	-0.415377390710382	9.94441064638783	-5.71841369578775	2.89918834665325e-08	5.08879634105932e-07	8.35568109378109	LUSC
SRY	0.352210323726735	0.724680535186121	0.904152281427974	30	0.0327210382513661	2.85111787072243	0.582911342645244	0.560449589801344	0.748093493627294	-6.80993195787171	Non-Significant
SS18	0.238877902933948	0.81120026049722	0.943867738258652	92	0.124187021857923	4.63083650190114	0.863092417014251	0.388868538268794	0.603276736167958	-6.60873924829982	Non-Significant
SS18L1	0.0116783887614861	0.990682205713501	0.995022480393481	118	-0.0376511612021859	6.8569391634981	-0.314330183310926	0.753518053522757	0.871877816178786	-6.92975022848121	Non-Significant
SS18L2	0.69754483876295	0.485461888712162	0.76663421006108	63	-0.00893046448087439	11.307711026616	-0.175155414563041	0.861091517530881	0.930763407997627	-6.96364200330753	Non-Significant
SSBP2	0.718693654460842	0.47232969394913	0.759773362278731	70	-0.240198838797814	8.13557794676806	-2.36785812759207	0.0186110521105552	0.0627595197614265	-4.21826130599397	Non-Significant
SSBP3	-3.05955707111958	0.00221664549690205	0.0197802751065753	73	-0.388487431693989	5.55308365019011	-2.77412355480121	0.00592936612241756	0.024035210425417	-3.20443073435316	LUSC
SSBP4	0.127262405266147	0.898732714569344	0.975138086781005	59	0.033828825136612	4.49981368821293	0.296163320913063	0.767337745403668	0.87977457938955	-6.93526728779479	Non-Significant
ST18	0.263408204615156	0.792235967472319	0.936442283357887	26	0.0205568989071038	2.58491634980989	0.176727633945411	0.85985757254574	0.930200905074595	-6.96336673177051	Non-Significant
STAT2	1.30693818244472	0.191233707064316	0.441203481298385	107	0.0714206967213111	11.583783269962	0.844688518097121	0.399048111008272	0.613062717352312	-6.62433611179438	Non-Significant
STAT3	0.947439352433115	0.34341494643779	0.642659488409075	207	0.222876229508197	8.37663117870723	1.67818007298064	0.09449297895889	0.226611960107487	-5.58492715002406	Non-Significant
STAT4	2.28354827154347	0.0223980928423993	0.0967190372739969	145	0.766332513661202	7.21927756653992	5.06447079320328	7.6883001805429e-07	9.60225245153211e-06	5.19812278022837	LUAD
STAT5A	2.57427981834016	0.0100448998406656	0.0538953928328071	199	0.657872267759562	7.97738403041825	5.63480909491151	4.48087039356864e-08	7.50730401601453e-07	7.93507639970243	LUAD
STAT5B	2.08128544745539	0.0374077863760899	0.135760842690753	221	0.337577459016393	7.35916730038023	3.80282501058435	0.00017768007187444	0.00116852208061347	0.0260212672085878	LUAD
STAT6	1.39544417799695	0.162881937093797	0.392306948011526	136	0.0445032103825135	8.3753536121673	0.427368195642636	0.669458856034363	0.820433303677582	-6.88805177339003	Non-Significant
STOX1	1.18285271641339	0.236867523783662	0.508022643971599	58	-0.0105976775956286	4.32425095057034	-0.0618091808499215	0.950761469500176	0.977293274642743	-6.97700682185113	Non-Significant
STOX2	-0.586332466463642	0.557652117450552	0.816507860093057	178	-0.236339754098361	7.85377566539924	-1.36162234375427	0.174475713230383	0.353993352555553	-6.05955154210233	Non-Significant
SUB1	-0.196960178832916	0.843858700008967	0.96119792172376	160	-0.129161612021858	7.99015209125475	-0.975205310001499	0.330349424272593	0.544773380845212	-6.506511067891	Non-Significant
SUDS3	-0.183813135370607	0.854160051182588	0.963315979511089	45	0.000859494535519094	3.2215855513308	0.0119110366378905	0.990505571045236	0.995615900157425	-6.97883731788409	Non-Significant
SUPT16H	-2.2172738321178	0.0266043849419871	0.10822690599826	67	-0.146223360655738	10.1733802281369	-1.91276234276608	0.0568582952484685	0.153738856926765	-5.17085440477929	VIPER Significant
SUPT4H1	-0.0783690941259291	0.937534457213362	0.982323142334201	74	0.0420693989071036	8.77237262357414	0.611902677150755	0.541127739844018	0.73231951933032	-6.7927180814439	Non-Significant
SUPT5H	-0.105566647003511	0.91592618867359	0.975138086781005	89	-0.0919579918032789	9.58620152091255	-0.972413498882288	0.331733261483706	0.546247656227396	-6.50920709106626	Non-Significant
SUPT6H	-0.582032434272727	0.560544834109914	0.817039627335299	52	-0.0499711065573772	6.06421673003802	-0.590766339628512	0.555181418726293	0.74406722940031	-6.8053502641867	Non-Significant
TAF5L	-1.03800450952989	0.299267955632602	0.588421514628223	78	-0.0704734972677596	3.51851330798479	-0.777065656851672	0.437814404772815	0.647461977504873	-6.67877263216511	Non-Significant
TAF7	0.816681484765503	0.414110474984393	0.712336623262607	76	0.170050614754098	7.89148669201521	1.59348086842239	0.112246559542669	0.257640978717282	-5.72142851222095	Non-Significant
TAL1	0.469081638852252	0.639011282813843	0.868110049500293	85	0.103255737704918	3.21424714828897	1.34528800675699	0.179684401505146	0.361702736310375	-6.08140164625831	Non-Significant
TAL2	0.826517428702505	0.408510635531161	0.706044252585318	101	-0.0154876366120218	3.60588593155894	-0.166625757356481	0.867791825882728	0.934321081212525	-6.96509255229362	Non-Significant
TBL1X	-1.51934091478132	0.128676706036398	0.335723554521458	186	-0.353658538251366	8.84650570342205	-2.48418523539471	0.0136042157577908	0.048338424115757	-3.94355930263235	LogFC Significant
TBL1XR1	-1.25936353097723	0.207899055632193	0.464394156080211	225	-0.68728456284153	6.14130038022814	-4.47672077772903	1.12773243369611e-05	0.000102695978268794	2.63118512939977	LogFC Significant
TBL1Y	-0.134609322137535	0.892920770696157	0.975138086781005	23	-0.0331591530054645	2.95780228136882	-0.466582909359679	0.641182361533646	0.802772950775327	-6.87062036163805	Non-Significant
TBR1	-3.54386446789451	0.000394307888228008	0.0127361447897647	21	-0.0858111338797814	2.6033536121673	-1.37220978010563	0.171160670376494	0.349134799220623	-6.04525007375976	VIPER Significant
TBX1	-3.93666032918431	8.26234259090284e-05	0.0117818426196165	67	-0.931521516393443	3.69989353612167	-5.8868777586445	1.18891645519153e-08	2.29790879278692e-07	9.21776384968445	LUSC
TBX10	0.154336953737928	0.877344061496182	0.969719277426941	63	0.0637642759562841	3.30633079847909	0.684041097060148	0.494548043904597	0.695092441053332	-6.74627114966734	Non-Significant
TBX15	3.93731469214241	8.23985179978433e-05	0.0117818426196165	78	0.536388524590164	4.19152851711027	3.11973081875933	0.00201048064439049	0.00956540173302672	-2.22339059457693	LUAD
TBX18	-3.1277614841943	0.00176143059922527	0.0187443060120688	69	-0.321661885245902	3.51705703422053	-3.00967785274551	0.002867769821108	0.0129371979075162	-2.54745558280773	LUSC
TBX19	-0.187579863720285	0.851206012454153	0.962452922039955	142	0.0379269125683058	5.40501520912548	0.322964663417504	0.746977158699223	0.868916856689513	-6.92701300948044	Non-Significant
TBX2	1.61146232643855	0.107078992115342	0.293603688058197	125	0.275769330601093	7.48637262357415	1.58725224507054	0.113650156332845	0.259947117832576	-5.73119305857592	Non-Significant
TBX20	-2.48802533546887	0.0128454581739273	0.0644267545058778	50	-0.104892144808743	2.91885171102662	-1.68106814459839	0.0939300212621007	0.225581160389072	-5.5801507097741	VIPER Significant
TBX21	0.135817695256363	0.891965401894989	0.975138086781005	59	0.0928172131147541	3.12673384030418	1.08914299518716	0.277082110991757	0.484908003371651	-6.38994140454918	Non-Significant
TBX22	0.404256650514085	0.686023999242266	0.894077155707122	88	0.0632133196721311	3.93872243346008	0.572420359514818	0.56752342267948	0.752906112893917	-6.81595577398281	Non-Significant
TBX3	1.04253458564318	0.297163899248182	0.587417010141756	39	-0.226657786885246	5.73791254752852	-1.61148323907758	0.108266982620714	0.251000057492298	-5.69299555185182	Non-Significant
TBX4	2.54806584116554	0.0108322024744745	0.0569875084907879	92	0.295647336065574	2.98547908745247	3.57477328699721	0.000416553568330464	0.00247074107180562	-0.769872007140355	LUAD
TBX5	1.53012054989066	0.125986892498161	0.331923052829575	26	0.10081618852459	2.71561216730038	1.4195958649576	0.156902784757041	0.328433633452887	-5.97990370636418	Non-Significant
TBX6	0.951195859230827	0.341504960053658	0.642061129786563	54	-0.185044603825137	3.44138022813688	-1.9597096043346	0.0510797310911556	0.14092948821242	-5.08166068889031	Non-Significant
TCEA1	0.773518311884822	0.439215695709019	0.732782384886432	124	0.152612909836065	4.07905323193916	1.15598608331433	0.248729887062249	0.45168039508246	-6.31561974650261	Non-Significant
TCF12	0.479909255544516	0.631291919649062	0.864746777127427	161	-0.106703278688525	7.97265399239544	-1.131723294334	0.258775729913728	0.463629208479297	-6.34310382727922	Non-Significant
TCF15	-3.33369166743101	0.000857016023962082	0.014062188837958	60	-0.504107035519126	3.36734600760456	-5.70852863173184	3.05308477968271e-08	5.33314108319009e-07	8.30569875196996	LUSC
TCF20	0.0686764056737726	0.945247199396371	0.982929393557581	89	0.00463394808743167	6.68613688212928	0.0474019201486683	0.962228667884249	0.982326631705739	-6.97778979027497	Non-Significant
TCF21	2.83140774746757	0.00463436001659788	0.0290096566930448	185	1.1764806010929	5.42096577946768	5.16733489736717	4.68255020747696e-07	6.21470997771459e-06	5.67430399459965	LUAD
TCF23	-1.17246970787561	0.241008527059001	0.513494421108558	36	-0.104319672131148	3.30591254752852	-1.52076907012218	0.129512253505315	0.286332936246616	-5.83307900542418	Non-Significant
TCF3	-1.97821758094727	0.0479041662177311	0.163909382291601	73	-0.578808879781421	6.96842965779468	-4.67347733570248	4.7215902017839e-06	4.74511413873229e-05	3.46080781991899	LUSC
TCF4	0.967746000554038	0.333171238269314	0.636018380384092	247	-0.240273087431694	9.02863878326996	-1.7734415163616	0.0773061620773573	0.194844646505168	-5.42314398158547	Non-Significant
TCF7	0.522220103262856	0.601517090479584	0.842692711507379	39	-0.0314383196721313	3.47961216730038	-0.404718119398781	0.686011805650758	0.831383790608532	-6.89742420737165	Non-Significant
TCF7L1	-2.40886380031446	0.0160022686193046	0.0762349965196957	56	-0.437083606557377	4.31296958174905	-2.81754387885999	0.00520435401733392	0.0215079449926112	-3.08710921328486	LUSC
TCF7L2	0.270813136927195	0.786534755509642	0.933330730498678	76	0.0324665983606556	5.5268783269962	0.214566205217786	0.830270866967191	0.914503330653873	-6.95600000026351	Non-Significant
TCFL5	-2.47294340086466	0.0134005364020324	0.0664241356676905	58	-0.381596926229508	7.29114068441065	-3.06522932482973	0.00240010520685352	0.0110944781009642	-2.38523106025363	LUSC
TEAD1	0.17686955666496	0.859610851845501	0.964077448423947	26	0.113872267759563	3.36085931558935	1.35727835115921	0.175849728512598	0.356013756561748	-6.06538779233243	Non-Significant
TEAD2	-0.614796364285102	0.538689210640693	0.809026782501026	78	-0.148906010928962	10.3249885931559	-1.39657854576295	0.16371107184852	0.338613330249184	-6.01191802555915	Non-Significant
TEAD3	-1.82191896509833	0.068467282221231	0.211828852082927	52	-0.182666530054645	3.67172243346008	-1.88717330630539	0.060231916625176	0.160753375296175	-5.21858465939648	Non-Significant
TEAD4	-3.27906165977534	0.00104152876261322	0.0155747125150033	88	-0.764301024590164	3.95179847908745	-6.09386029788499	3.87729193525744e-09	8.20526659671134e-08	10.3030776474472	LUSC
TEF	1.65071985802521	0.0987957910309336	0.275570297953295	113	-0.0749340846994537	6.73242205323194	-0.68335661791531	0.494979654195747	0.695510995745196	-6.74673607457547	Non-Significant
TERF2IP	1.93361551214348	0.0531604185953844	0.178120489692004	81	0.137909904371585	9.10037262357415	1.89269595144375	0.0594900298729189	0.159174502500274	-5.20833640567448	Non-Significant
TFAP2A	-3.57988159527797	0.00034374993137819	0.0118118327484208	99	-2.00570867486339	4.74020532319392	-10.3710342554045	2.28146308850968e-21	4.79220378988115e-19	37.8588669716092	LUSC
TFAP2B	-0.827653116781897	0.407866977492144	0.706044252585318	20	-0.316976639344262	2.81551711026616	-2.72255044374377	0.00690870333772043	0.0273838219228662	-3.34154736072302	LogFC Significant
TFAP2C	-2.81025210964974	0.00495027064392249	0.0300104232936463	76	-0.6942543715847	7.32177566539924	-3.66365985988186	0.000300331252778301	0.00185536179563004	-0.464938390262921	LUSC
TFAP2D	2.12247161652549	0.0337981537471718	0.126060088456541	39	0.569600478142077	3.46612547528517	2.65157217761707	0.00849542259659388	0.0325941598132857	-3.52627652524925	LUAD
TFAP2E	1.65324720301717	0.0982805633327299	0.274607456370863	59	0.0942933060109289	3.14888593155894	0.884523942151781	0.377216740867709	0.591811153450228	-6.59015531748675	Non-Significant
TFAP4	-2.54289242121036	0.0109939072020888	0.0576466238031606	190	-0.586184699453552	4.60372243346008	-4.92856746245603	1.4631834448923e-06	1.6834889287181e-05	4.58109406073027	LUSC
TFCP2	-3.30155474372294	0.000961505697635513	0.0150552401209127	81	-0.301179234972678	8.05403422053232	-2.85231802204918	0.00468286592497583	0.0196751310583039	-2.99191326486427	LUSC
TFCP2L1	3.64209923343681	0.000270423783089571	0.0117818426196165	119	1.31478346994536	6.63922433460076	6.41782598434773	6.35729077695776e-10	1.55661755671636e-08	12.057824376765	LUAD
TFDP1	-2.02438106713694	0.0429309582600186	0.151222497892572	145	-0.431543784153006	9.21531178707224	-4.04642418438408	6.83163483169516e-05	0.000509037909359027	0.924666654526045	LUSC
TFDP2	-2.24846667793866	0.0245464475821486	0.10229527439752	222	-0.645815573770492	5.37238022813688	-4.02992624573477	7.29927027564493e-05	0.000539767975926074	0.862244683847001	LUSC
TFDP3	1.04791067436332	0.29467976379789	0.584693650944321	40	0.0148659153005464	2.55410646387833	0.280134794040521	0.77959304411652	0.886568077082073	-6.93986248666946	Non-Significant
TFE3	-0.449413830633964	0.653133156022374	0.873187124980244	43	0.00407499999999996	5.96476045627377	0.0482030420804055	0.961590800884937	0.982011875726739	-6.97775167699349	Non-Significant
TFEB	3.07355680305872	0.00211523414760725	0.0195558731672294	90	0.339158401639344	4.19507984790875	3.04859797411248	0.00253217339260182	0.0116043488904377	-2.434088789401	LUAD
TFEC	0.711556252860227	0.476739605131562	0.761378069614688	29	-0.0176096311475411	3.57068441064639	-0.226652262997731	0.820869206858169	0.909706626035896	-6.95334686873794	Non-Significant
TGIF1	-1.27686039737222	0.201651537856514	0.455759271092797	131	-0.24639699453552	8.76710266159696	-2.1020108058374	0.0364979083934428	0.10819116299053	-4.79849894890404	Non-Significant
TGIF2	-3.23134439867422	0.00123209386852455	0.0160640938593085	113	-0.619184357923497	6.77032319391635	-5.1137970695067	6.06698697257311e-07	7.7760232423055e-06	5.42548755100766	LUSC
TGIF2LX	0.363675145061056	0.716100605620179	0.901865185948046	37	0.114115915300546	2.56291634980989	2.10260580221619	0.0364453490813734	0.108136235378495	-4.79727466110737	Non-Significant
TGIF2LY	0.367687362855883	0.713106364458637	0.9009267466006	29	0.00376584699453548	2.73457034220532	0.0517653670575585	0.95875472185439	0.981144709721823	-6.97757446494515	Non-Significant
THAP1	0.140794389775565	0.888032375227344	0.973640384244508	173	-0.00631755464480878	4.39339163498099	-0.0422009367417304	0.966370352999387	0.983946354131577	-6.97802169257771	Non-Significant
THAP11	-1.31798624927697	0.187508251090448	0.436801901283196	124	-0.213381147540984	9.24077566539924	-2.37746561772911	0.0181433546214407	0.061466205406683	-4.19605111311163	Non-Significant
THAP7	-1.39350935233815	0.163465818898414	0.392306948011526	177	-0.25405293715847	3.51203802281369	-2.24685851371593	0.0254739878385915	0.08123549245993	-4.49059143130853	Non-Significant
THRA	0.804034124025374	0.421377267719665	0.717852623805125	67	0.117409016393443	6.77574524714829	0.759096640637494	0.448470661741173	0.656240876165186	-6.69247786976535	Non-Significant
THRAP3	-2.7106834256138	0.00671446990949865	0.0390067226756846	55	-0.126758879781421	5.11192395437262	-1.27265629781741	0.204257532311682	0.394753968613316	-6.17540807615062	VIPER Significant
THRB	0.187187263205745	0.851513810826592	0.962452922039955	34	0.0379080601092895	2.72915209125475	0.669177882153326	0.503965650268543	0.702351865286247	-6.75626250561174	Non-Significant
TLX1	-0.258790723354772	0.795796715807142	0.937426474127305	29	-0.101332650273224	2.93161596958175	-1.1449586834334	0.253261189826502	0.456905621850537	-6.32818276889756	Non-Significant
TLX2	2.95397075675532	0.00313713731398867	0.0239231836694126	39	0.0576314890710382	3.05816349809886	0.749275815874105	0.454356797965905	0.661090701688885	-6.69983344704729	VIPER Significant
TLX3	-0.11201135305166	0.910814404789195	0.975138086781005	53	-0.0471630464480875	2.89304562737643	-0.764341596220983	0.445345006432376	0.653819440842969	-6.6885104510742	Non-Significant
TNF	1.26263207522006	0.206721435128301	0.463546536081212	83	0.0995617486338798	4.43767680608365	0.573368280499678	0.566882497708399	0.752448587933813	-6.81541597184471	Non-Significant
TNIP1	2.61866249970122	0.00882752362619478	0.0491429857538247	76	0.284297472677596	8.7127566539924	3.90529634003264	0.000119536244019544	0.000830091032240635	0.397995745164013	LUAD
TNIP2	-0.401993305200856	0.687688953317532	0.894077155707122	104	-0.0488943306010931	5.65861596958175	-0.443342042306078	0.657880743667316	0.812868107975134	-6.88113552783173	Non-Significant
TNIP3	0.949834955390553	0.342196121346903	0.642114435271675	63	-0.154838524590164	5.30041064638783	-0.763225792767862	0.446008905684069	0.654294202792895	-6.68935675090699	Non-Significant
TOX	3.40107603345111	0.000671211558721559	0.0134125166064609	142	0.786672131147541	4.32538022813688	4.97946561261692	1.15162300367771e-06	1.36011385973386e-05	4.81055742217311	LUAD
TP53	-0.495378498449092	0.620332969407373	0.857004059531999	100	-0.13141468579235	5.00977186311787	-0.750261321152506	0.453764163204825	0.660530926232178	-6.69909963066112	Non-Significant
TP53BP1	-2.48972675573401	0.0127841338895914	0.0644267545058778	122	-0.195864480874317	7.51411406844107	-2.04364809282485	0.041978942306058	0.12081721182774	-4.91695874928594	VIPER Significant
TP53INP1	2.26423586121736	0.0235596120433013	0.0993440560050433	202	0.456459084699454	7.5105247148289	3.0139894959608	0.00282867653731286	0.0127876889344219	-2.53496351392049	LUAD
TP53INP2	2.31120607752294	0.0208214748368844	0.0926354872219511	82	0.14060150273224	8.02130798479088	2.11280666265829	0.0355542896002531	0.106037059901435	-4.77623287399509	VIPER Significant
TP73	-0.524034312355379	0.600254674762719	0.842233970236135	35	-0.166505396174863	2.63955513307985	-3.07639752722011	0.00231501030717628	0.010760479511191	-2.35228351151465	LogFC Significant
TPRX1	-0.601476166025294	0.547522881724511	0.81059042563472	46	-0.0859263661202186	2.75588593155894	-1.65733340963369	0.0986376109635662	0.234077826353875	-5.61916594489125	Non-Significant
TRERF1	-3.22209588310446	0.00127256541191663	0.0160640938593085	151	-0.818079986338798	5.90422813688213	-6.2935369237016	1.28197668766074e-09	2.94866239760954e-08	11.3766838308564	LUSC
TRIM28	-3.26771103599124	0.00108421001150976	0.0155814650632932	126	-0.637065846994535	8.49206844106464	-6.22942051890776	1.83399560351813e-09	4.10685746775478e-08	11.0291445201556	LUSC
TRIM45	-2.45977313254955	0.0139024866466967	0.0682447292839367	160	-0.263671857923498	5.5841825095057	-2.15198011295068	0.0323040377059886	0.0982574703608671	-4.69451371914213	VIPER Significant
TRIM56	0.123678241010373	0.901570040525488	0.975138086781005	57	0.0400234289617486	6.98983650190114	0.441731457856711	0.659044446882891	0.813633538736852	-6.88184435401887	Non-Significant
TRIP4	0.526408623319121	0.59860432547178	0.840648683162543	91	0.0328129098360655	7.97249429657795	0.449608689684075	0.653360822937061	0.809842412863611	-6.87835303623591	Non-Significant
TRO	-2.40059288211339	0.0163685361014097	0.0775225390140076	92	-0.544102254098361	4.14139163498099	-3.08714971927112	0.00223571902974393	0.0104492524567804	-2.32045793206686	LUSC
TRPS1	-0.0156158556521851	0.987540856244095	0.993935063931376	83	0.104709767759563	3.7246463878327	1.01819884000347	0.309513850431091	0.522177499008072	-6.46402398519502	Non-Significant
TRRAP	-0.30049202692636	0.763801877185798	0.926080485635493	91	0.0685341530054644	9.94043726235742	0.889969419229818	0.374291010905083	0.589111984961828	-6.58536118736474	Non-Significant
TWIST1	-3.12630960713445	0.00177015083511144	0.0187443060120688	170	-0.912878483606557	6.47414068441065	-6.68058209948637	1.39945327469641e-10	3.89578361770908e-09	13.5294255320121	LUSC
TWIST2	-0.40010039866222	0.689082570605461	0.894588707015932	109	-0.0664239754098362	3.42189353612167	-0.565122393938619	0.572469500492455	0.75674233237199	-6.82008183125758	Non-Significant
UBP1	0.367128600977466	0.713523094124441	0.9009267466006	27	-0.0865603142076503	9.30653231939164	-1.44783549347015	0.148847269545183	0.316498134590511	-5.9399219200115	Non-Significant
UBTF	-0.342648481797904	0.731862924359026	0.907782695141947	77	-0.0316864754098362	5.05232699619772	-0.305716913660384	0.76006065255758	0.875279349784628	-6.93240688031695	Non-Significant
USF1	-0.0708383348026449	0.94352642168479	0.982929393557581	137	0.0596781420765025	5.82082509505703	0.359331104795503	0.719634090287003	0.852452966597033	-6.91467112885855	Non-Significant
USF2	0.0666441079589664	0.946865030703447	0.982929393557581	102	-0.0107256830601093	3.55813688212928	-0.110254581650183	0.912291080660803	0.957772704558442	-6.97285890719135	Non-Significant
UTP15	-2.55322860551627	0.0106729419189533	0.0567104722717966	94	-0.37983524590164	5.01165399239544	-3.30654156554021	0.00107533551796559	0.00559253683744905	-1.64864426467016	LUSC
UXT	-1.67187993036275	0.0945480010809557	0.266732880323209	97	-0.237517486338798	4.04463117870722	-2.01414599847313	0.0450064932425128	0.127423975966548	-4.9756103092145	Non-Significant
VAX1	-0.813495516295074	0.415934015935999	0.712336623262607	36	-0.0649281420765028	2.72877186311787	-1.12516748569778	0.261537984912658	0.466965186128564	-6.35043096534615	Non-Significant
VAX2	-2.87126828750077	0.00408828383499796	0.0271711045000893	46	-0.645799795081967	3.74117870722434	-5.96586376911513	7.77798114388459e-09	1.55168892270778e-07	9.62856615696326	LUSC
VDR	2.87537848961969	0.00403543436991244	0.0269306880471429	115	0.633541120218579	5.53765399239544	4.51851102315748	9.39619118721479e-06	8.75737422861207e-05	2.804845881293	LUAD
VENTX	2.20030425113432	0.0277853158799378	0.111314595508956	104	0.271683538251366	4.36042965779468	2.32676420633562	0.0207333296504895	0.0686411757713745	-4.31228736334413	VIPER Significant
VGLL1	-0.923624955036128	0.355681616381071	0.659501504541251	40	0.169867213114754	4.58229657794677	0.777720634767128	0.43742876697598	0.647096230022531	-6.6782670416913	Non-Significant
VGLL2	1.23623750114339	0.216370294901747	0.478682227762084	24	0.0298327868852459	2.94195817490494	0.396716817398046	0.691896172994983	0.8346772352724	-6.90061327827324	Non-Significant
VGLL3	2.10131959999823	0.0356129203446417	0.130715605355901	160	0.684237978142076	4.60025475285171	3.79026402129035	0.000186419055010701	0.00121988329097631	-0.0189669801336194	LUAD
VGLL4	-0.796466021688698	0.42576121732111	0.721515599132836	111	-0.0789494535519129	10.2293155893536	-1.1775390258791	0.240038830937993	0.440568859542725	-6.29072134102834	Non-Significant
VSX1	1.63710990886156	0.101607506533109	0.281468478646605	42	-0.020528961748634	2.76531558935361	-0.370710059126112	0.711150198042105	0.846942197340244	-6.91053941579042	Non-Significant
WBP2	1.1881965450385	0.234755984559129	0.505251400413313	76	0.156287636612022	11.9622851711027	2.36102994084701	0.018949869538381	0.0636908072186579	-4.23399403673644	Non-Significant
WDR75	-2.44923212457803	0.0143161153763153	0.0700220509941901	206	-0.390264344262295	9.67707224334601	-4.45647127935019	1.23140963687803e-05	0.000111062836518425	2.54753550324125	LUSC
WT1	-0.554339054980487	0.57934682679838	0.825812114103604	32	-0.0170720628415301	3.77343346007605	-0.166593147739906	0.867817460396896	0.934321081212525	-6.96509795897075	Non-Significant
WTIP	2.37900706646808	0.0173593431821052	0.080724146971511	159	0.336871584699454	3.99090114068441	2.47305657555509	0.0140251332559203	0.0495224766369088	-3.97038349875901	LUAD
WWC1	3.59064083926602	0.000329865927252471	0.0118118327484208	88	0.883127049180328	7.75374524714829	6.81388250792942	6.39334918745559e-11	1.91677455828248e-09	14.2919962130857	LUAD
WWC2	3.07131716995682	0.00213116636373522	0.0195558731672294	106	0.379842418032787	3.89816349809886	3.25603994509488	0.00127713814131572	0.00648779840039283	-1.80706150759555	LUAD
WWC3	2.515021165123	0.0119025238100957	0.0610240506454114	145	0.291082650273224	8.20166539923954	3.11611674584654	0.00203439022303058	0.00965566048712327	-2.23420450615604	LUAD
WWP2	1.01816861905722	0.30859782987712	0.602010991017639	23	0.0867058060109288	3.15719391634981	1.12508978742625	0.261570845102647	0.466976125363765	-6.35051755249351	Non-Significant
WWTR1	-1.14906700285793	0.250528353346367	0.529585458971705	113	-0.456050341530055	3.96915969581749	-3.08265051243885	0.0022685885901431	0.0105853584738529	-2.33378776936722	LogFC Significant
XBP1	2.21220190946113	0.0269527169816209	0.10916149475525	228	0.578477595628415	12.1577148288973	4.17946449679783	3.97440386394709e-05	0.000313608968041227	1.43623359196971	LUAD
YAF2	1.17685978602824	0.239251475158818	0.511099381456999	109	0.233380054644809	6.19653992395437	2.17487847525196	0.0305253284690062	0.094074420803718	-4.64607471161268	Non-Significant
YAP1	0.627719654611002	0.530187607484284	0.803993414166308	138	0.0829006147540981	8.60599619771863	0.581644903476073	0.561301236763373	0.748558727756211	-6.81066492555528	Non-Significant
YEATS2	-3.78323752452718	0.000154801558134952	0.0117818426196165	164	-1.15961673497268	8.38615589353612	-10.6788229066089	2.27987082491731e-22	5.36529600797207e-20	40.1231254377545	LUSC
YEATS4	-1.90451018199081	0.0568437718709902	0.186590836527742	342	-0.740154030054645	6.90630038022814	-4.47265370215985	1.14785910463435e-05	0.00010426728736021	2.61435813004559	LogFC Significant
YY1	-1.04943264927275	0.293979038048461	0.584693650944321	175	-0.417321174863388	7.35604562737643	-2.88191361324521	0.00427701334914504	0.0182482073664379	-2.91002964459621	LogFC Significant
YY1AP1	-1.05318523936152	0.292256102151022	0.582708154288765	35	-0.022378893442623	3.43579087452472	-0.266818616856121	0.789816712561588	0.89218615640691	-6.94348580988708	Non-Significant
YY2	0.696512154278253	0.486108148291437	0.766664706533858	33	0.0761237021857923	3.11550570342205	0.992042199027029	0.32208355683472	0.535702878117352	-6.49008919551261	Non-Significant
ZBED1	2.26993433981768	0.0232115672012619	0.0984351034681338	67	0.103282445355191	9.78905323193916	1.28698407837168	0.199224925232654	0.388662933659283	-6.15727151197508	VIPER Significant
ZBED2	0.220512213879567	0.825472261176444	0.949151300173812	129	-0.252717827868853	5.35669201520913	-1.26854853190405	0.205717390045023	0.396550108864946	-6.18057082823259	Non-Significant
ZBED3	-0.0928315273387659	0.926037403955151	0.976207837720345	33	0.125759836065574	3.38015589353612	1.47965398101083	0.14015558610428	0.303491459592395	-5.89394477216527	Non-Significant
ZBTB1	0.435914956103919	0.662898433445696	0.880379475862002	32	0.0474642759562841	2.69028897338403	0.700949735705614	0.483950539989119	0.685814715604318	-6.73463891490898	Non-Significant
ZBTB10	0.989008430722471	0.322659016831488	0.620984043398732	65	0.407129166666667	3.49082509505703	3.61342148994372	0.000361607770344539	0.00218616153450923	-0.638118506635195	LogFC Significant
ZBTB11	-0.443436448556875	0.657450077144987	0.8767810690249	75	-0.129185450819672	3.51567300380228	-1.04954887857029	0.294883544922627	0.505491935246867	-6.43189700287392	Non-Significant
ZBTB12	-0.476496250965823	0.633720877622445	0.867300845204051	29	-0.0124848360655739	2.48738783269962	-0.247339631974641	0.804837262739508	0.900865362376426	-6.94846839381572	Non-Significant
ZBTB16	3.18196352285625	0.0014628024075363	0.0169028701923986	107	1.32574849726776	6.67565399239544	4.59039227654064	6.84375796190692e-06	6.63137447044706e-05	3.1067741512517	LUAD
ZBTB17	-0.660390131830065	0.509003503212336	0.78438994054191	86	-0.106231830601093	7.70205703422053	-1.2830396957592	0.200601204078338	0.390598345426724	-6.16228444017142	Non-Significant
ZBTB2	0.0557823570349472	0.955515190103561	0.983947164598877	71	-0.0557146857923497	3.72574524714829	-0.520180278692205	0.603373014865045	0.778553534676745	-6.84432655817144	Non-Significant
ZBTB20	3.51706866373554	0.000436340891231937	0.0127581270869041	209	0.983256352459016	8.40277946768061	7.69273637283626	2.8544784275386e-13	1.36627916599475e-11	19.5723234516979	LUAD
ZBTB24	-0.960875968339303	0.336614535355133	0.637939197274762	58	-0.0672266393442624	7.40954752851711	-1.03388190121675	0.302135687977146	0.513857109584257	-6.4480730370992	Non-Significant
ZBTB25	0.279266537392805	0.780040284367208	0.932957342766803	93	0.0984567622950819	4.72339543726236	0.829273100295127	0.407697605622904	0.621022331747771	-6.63714299135026	Non-Significant
ZBTB26	-1.98963343352437	0.0466313303893508	0.1609179456812	68	-0.347449043715847	3.250463878327	-3.58615070821419	0.000399613609830303	0.0023875363205094	-0.731219207041309	LUSC
ZBTB3	0.709324569446471	0.478123084974358	0.761507674786577	112	0.119471448087432	4.96720532319392	1.04647874951654	0.296295368006744	0.506806855996999	-6.43508589473147	Non-Significant
ZBTB32	0.788852762348351	0.430198067346936	0.725987334133022	68	0.078320218579235	3.90429657794677	0.693175863432341	0.488807377934632	0.68977448878944	-6.74002206541502	Non-Significant
ZBTB33	-2.12562118027064	0.0335348145890173	0.125658295965807	98	-0.335889139344262	9.54726996197719	-4.78967535538533	2.78548362811554e-06	2.98087797440777e-05	3.96492779137863	LUSC
ZBTB34	-0.060225311478035	0.951976186656095	0.983647819225588	63	0.0517778688524589	6.76657794676806	0.635957106276246	0.525354236763539	0.720155508418214	-6.77780327738347	Non-Significant
ZBTB37	0.135661397692731	0.892088965702624	0.975138086781005	20	0.0558758196721311	2.55395437262357	1.1054895539453	0.269951998326643	0.476928957977893	-6.37217089733709	Non-Significant
ZBTB38	-0.382795434699535	0.701871446734337	0.898884771744188	77	-0.108094330601093	4.47662357414449	-0.948854479688324	0.343560715738659	0.559094580049543	-6.53165214270182	Non-Significant
ZBTB39	-3.38397845035272	0.000714436103392925	0.0134125166064609	92	-0.510380737704918	4.86259315589354	-5.15594963387705	4.94855558493387e-07	6.52008754518815e-06	5.62121405163477	LUSC
ZBTB4	3.20227109294087	0.00136348616793096	0.0163113345274704	176	0.266948224043716	8.30607224334601	3.61729994097734	0.0003564871692205	0.00215982786481722	-0.624825859829647	LUAD
ZBTB40	0.828377935905249	0.407456498018953	0.706044252585318	293	0.102208401639344	7.73715589353612	0.793672922722467	0.428097263568124	0.639053215719925	-6.66582224159624	Non-Significant
ZBTB41	-0.948317539017182	0.342967824677662	0.642567328137383	178	-0.060924863387978	4.41435741444867	-0.455106180812542	0.649406166917581	0.807465281136534	-6.87587995360195	Non-Significant
ZBTB5	-2.95780669997814	0.00309836350709496	0.0239231836694126	140	-0.364146243169399	6.66295817490494	-3.51419551754298	0.000518689763257495	0.00299484322594641	-0.973795972637226	LUSC
ZBTB7A	-3.83547403501765	0.000125322346225314	0.0117818426196165	85	-0.228548292349727	3.28833460076046	-2.67994298292884	0.00782555560606331	0.0304585484354832	-3.45299232539637	LUSC
ZBTB7B	-0.690915979904333	0.489618343264333	0.769196132657488	40	0.100029030054645	4.5394144486692	0.895185808098227	0.371501639511021	0.586428524303591	-6.58074131702903	Non-Significant
ZBTB9	-1.64161186557578	0.100670467049397	0.279351897396521	121	-0.213516120218579	7.36958174904943	-2.38966080921616	0.0175646145836939	0.059866198774194	-4.16773473281732	Non-Significant
ZFHX2	1.92916141305346	0.0537108268601963	0.179592102234404	104	0.515602527322404	3.76492775665399	3.96350970804831	9.50825021277426e-05	0.000679779711414544	0.613232280198181	LogFC Significant
ZFHX4	-2.99398710443203	0.00275357582383792	0.0222351247774912	52	-0.255812158469946	2.86537642585551	-2.17481393595009	0.0305302204348486	0.0940780895456002	-4.6462119325999	VIPER Significant
ZFP1	-0.584482421827026	0.558895788316984	0.816825642088342	62	-0.0662860655737705	3.47732699619772	-0.54836191609528	0.583905924089894	0.766319992082451	-6.82935778361345	Non-Significant
ZFP2	3.61397957371484	0.000301532827804907	0.0117818426196165	95	0.739965232240437	4.07741825095057	5.53815808736934	7.36904612613801e-08	1.18689275248367e-06	7.45489944453486	LUAD
ZFP28	-0.121102729655598	0.903609667138851	0.975138086781005	35	0.0178249999999999	3.15357794676806	0.206982273428864	0.836182948626052	0.917133090384797	-6.95759063124228	Non-Significant
ZFP3	2.94487116323957	0.00323089167985845	0.0239495745084623	147	0.418052527322404	5.93660076045627	3.2585289631404	0.00126642012425178	0.00643875452650194	-1.79930641455167	LUAD
ZFP37	-2.44683086685812	0.0144118450838566	0.0700220509941901	79	-0.0595685109289619	5.41381368821293	-0.39511414310936	0.693077087993108	0.83547938097291	-6.90124440903094	VIPER Significant
ZFP41	-0.863010435194645	0.388131729561494	0.689399889188731	21	-0.200635860655738	3.14793155893536	-2.85672531839955	0.00462028497275052	0.019470685853942	-2.97976969226931	LogFC Significant
ZFP42	3.11979254965551	0.00180978447956573	0.0187443060120688	59	0.447991393442623	4.06074524714829	2.38185950524775	0.0179329293229737	0.0609254553766473	-4.18586480223086	VIPER Significant
ZFP64	-4.10139365616737	4.10669232560067e-05	0.0117818426196165	136	-1.70316331967213	4.9061216730038	-12.1386827591039	3.00107562824858e-27	1.31509203737182e-24	51.1777707469943	LUSC
ZFP90	2.20430049546274	0.0275032181365276	0.11104424322623	141	0.239131898907104	8.90142965779468	3.58200828149	0.000405704957521685	0.00241484711952486	-0.745305269813986	LUAD
ZFP91	-0.220178364698001	0.825732245662047	0.949151300173812	71	-0.254405396174863	6.5752927756654	-2.60535955730303	0.00969750611208146	0.0364549361416676	-3.64406396832757	LogFC Significant
ZFPM1	-2.9504514189037	0.00317309941434915	0.0239231836694126	112	-0.451330669398907	7.58354372623574	-3.57450486514672	0.000416961251797859	0.0024724938968989	-0.770782578524224	LUSC
ZFPM2	2.47694515656372	0.0132512262134674	0.0662561310673371	162	0.283839890710383	3.58560076045627	2.20985087381021	0.0279721207905684	0.0876945136318102	-4.57114035253197	VIPER Significant
ZFX	-0.85162155992243	0.39442416936074	0.694651072538272	134	-0.158364207650273	5.68335741444867	-1.14397956434148	0.253666299724204	0.457409199985127	-6.3292924729238	Non-Significant
ZFY	-0.341175733074244	0.732971290690464	0.907782695141947	68	0.139204166666667	3.52532319391635	0.770892408488803	0.441458739651147	0.650252989103075	-6.68351705294195	Non-Significant
ZGPAT	0.307084722344835	0.758778886067443	0.924153771492398	89	0.0223907786885244	5.26799239543726	0.174945305623759	0.861256445911559	0.930763407997627	-6.96367860387925	Non-Significant
ZHX1	-0.152869205587912	0.878501420816662	0.969719277426941	84	0.0786862021857923	4.13272623574145	0.623050266163783	0.533788303562544	0.72662222287749	-6.78587736637304	Non-Significant
ZHX2	0.539668753348698	0.589425492475869	0.832099799255706	56	-0.111713729508197	7.44255513307985	-0.892059562681771	0.373171783266772	0.588150531664524	-6.58351328377163	Non-Significant
ZHX3	2.75590832866848	0.00585293983027958	0.0348800657782344	73	0.325826502732241	5.80796577946768	3.18170911462512	0.00163878359702698	0.00802684985585616	-2.03613273124316	LUAD
ZIC1	-0.89101171272168	0.372922886662861	0.672176854866652	28	-0.066776980874317	2.73784790874525	-1.10150753642621	0.271677121427154	0.478778651934027	-6.37652395349997	Non-Significant
ZIC2	-3.81708822686212	0.000135035892791617	0.0117818426196165	105	-2.85160396174863	4.88547908745247	-11.1377384809976	7.01783718116356e-24	2.03617642401223e-21	43.5461084887643	LUSC
ZIC3	-0.907481319935629	0.364152323391651	0.666786850654781	58	-0.0220592896174864	2.91960076045627	-0.291953000096851	0.770551404610683	0.881379237771959	-6.93649907681462	Non-Significant
ZIC4	-2.48811892154606	0.0128420782986269	0.0644267545058778	26	-0.0590937158469946	2.73393155893536	-0.737590311350733	0.461417245513588	0.666730662008373	-6.70846136757825	VIPER Significant
ZIC5	-0.0711842842024153	0.943251089074088	0.982929393557581	25	-0.142037636612022	3.10638022813688	-2.06228066044431	0.0401575570964882	0.11649862700198	-4.87949071816472	Non-Significant
ZIK1	1.49713136223337	0.134359080660056	0.34552534278024	129	-0.0057219945355191	4.30789353612167	-0.0336972071561891	0.97314401971227	0.986732163289198	-6.97834286574373	Non-Significant
ZIM2	-1.55696451889518	0.119478909642071	0.319467614357525	29	-0.029461612021858	2.61382509505703	-0.575935753645808	0.565148287285352	0.751048829785334	-6.81394942664206	Non-Significant
ZIM3	2.84288001364562	0.00447078979791764	0.028633147184799	43	0.0623806010928961	3.02785551330798	1.0228278082036	0.307323784818527	0.520001419009899	-6.45934110722704	VIPER Significant
ZKSCAN1	0.370565114318732	0.710961469659581	0.899845433777605	62	-0.150000204918033	4.9658897338403	-0.881770751233954	0.378701349333285	0.593005575420786	-6.59256806006027	Non-Significant
ZMIZ2	-0.351782524983601	0.725001364984041	0.904152281427974	83	0.0206047814207649	5.89161216730038	0.231305237044763	0.81725650070283	0.907825475423672	-6.95228671204472	Non-Significant
ZMYND11	-0.389990208372362	0.69654378741348	0.896937419208056	48	0.0363933743169397	3.31141064638783	0.413113296214569	0.679858294534786	0.827312044437808	-6.89400977990193	Non-Significant
ZMYND15	3.07271711681593	0.00212119463234574	0.0195558731672294	162	0.833912363387978	7.03651330798479	6.26585805735176	1.49676258488645e-09	3.39961732417106e-08	11.2263294424253	LUAD
ZNF10	2.38780089298387	0.0169495216876401	0.0798060569257689	112	0.382537841530055	5.81720152091255	2.70793603900811	0.00721163268810634	0.0284215934875036	-3.37996041747617	LUAD
ZNF100	-0.161573318316464	0.871641870092891	0.969719277426941	39	0.0245457650273223	2.85195437262357	0.443975903064488	0.657422985585941	0.812500004942975	-6.88085585621001	Non-Significant
ZNF101	2.08380191440621	0.0371781891392987	0.135536739187286	68	0.251782240437158	5.27614448669202	2.3781378593955	0.0181110204218983	0.0613828103804463	-4.19449382831958	VIPER Significant
ZNF114	-0.869516558488004	0.384564655166014	0.687787284709981	30	0.205359699453552	3.80411787072243	1.2481076489703	0.213095311928939	0.406456318798192	-6.20601629244837	Non-Significant
ZNF117	-0.0935622666620069	0.925456884922244	0.976207837720345	25	0.0694586748633879	2.5687680608365	1.35642877779659	0.17611939682539	0.35640489411813	-6.06652706309359	Non-Significant
ZNF12	-0.190499727317643	0.848917556842577	0.962452922039955	74	-0.0594883879781422	5.5642319391635	-0.484104370134007	0.628712363682182	0.794410855303114	-6.86233836670573	Non-Significant
ZNF121	-0.767552249377376	0.442753240408497	0.734133966385752	80	-0.384937363387978	3.51991634980989	-3.49776214936318	0.0005502002511848	0.00314881548842893	-1.02856923138908	LogFC Significant
ZNF124	-0.0189580037156184	0.984874607562984	0.993935063931376	61	0.136662090163934	3.77595437262357	1.19533376842576	0.23302721118906	0.432434258146987	-6.26982152568362	Non-Significant
ZNF131	-0.936272190373215	0.349133062699957	0.650345901107764	55	-0.125999863387978	3.00915209125475	-1.63231486962362	0.103803022139478	0.243000608887997	-5.65970326869373	Non-Significant
ZNF132	1.86775432339182	0.0617963228334924	0.198017978920814	59	0.310339890710383	3.59553992395437	3.29529663933803	0.00111751729807252	0.00577939558487682	-1.68411247240399	LogFC Significant
ZNF133	-1.82728597939408	0.0676567821834611	0.210937651016003	296	-0.357788114754098	7.22861977186312	-3.38103392269889	0.000831211920373777	0.00448727318781222	-1.4108818459765	LogFC Significant
ZNF134	-0.336067961072334	0.736819618077487	0.91015700421522	48	-0.167029576502732	6.27866539923954	-1.51994384621721	0.129719487105911	0.28662434135379	-5.83431676806936	Non-Significant
ZNF135	1.10710547504382	0.268248328675896	0.553283589797665	50	0.018142349726776	5.48427376425856	0.104432612511214	0.916905184575917	0.960556538113907	-6.97348086083545	Non-Significant
ZNF136	0.0653329136845559	0.947908936984173	0.982929393557581	101	0.0767377732240436	3.95530798479087	0.696192915538276	0.486919301010314	0.688547414266917	-6.73793995834873	Non-Significant
ZNF138	0.0695422389551694	0.944558012190065	0.982929393557581	73	-0.0461541666666667	4.03037262357414	-0.405307484362185	0.685579121988018	0.831171482753648	-6.89718678994049	Non-Significant
ZNF14	0.295287673415239	0.767774132118306	0.928135365872875	137	0.0415661202185792	11.6227224334601	0.384621508432388	0.700826905591967	0.840000784368094	-6.905313349736	Non-Significant
ZNF140	0.226154251421373	0.821081450882349	0.947853140225156	92	0.0268616803278688	5.0518783269962	0.231462267163118	0.81713464550511	0.907784515698831	-6.95225055788747	Non-Significant
ZNF141	-0.375941787296494	0.706960173619605	0.898884771744188	17	0.0649659153005464	2.67686692015209	1.00611049779552	0.315281896160731	0.528349006237944	-6.47615372726322	Non-Significant
ZNF142	-0.319015332214623	0.749714886341616	0.919354245589757	137	-0.127879644808743	6.95284410646388	-1.30732031447772	0.192239178897536	0.379491337542506	-6.13118505686607	Non-Significant
ZNF143	-1.42761476725982	0.153402770772917	0.376065129259818	101	-0.194694877049181	6.76966539923954	-2.26709839019324	0.0241916467071774	0.0779086280676153	-4.44599387961226	Non-Significant
ZNF146	-1.91065536667759	0.0560488841641539	0.184732546785936	101	-0.294233333333333	8.60916730038023	-3.03447417862514	0.00264954353014198	0.0120704065893688	-2.47538565206223	LogFC Significant
ZNF148	-0.281983396048117	0.777956241934639	0.931356064287948	177	-0.171448360655738	10.6580532319392	-1.79213277082069	0.0742545032401821	0.18927414044253	-5.39037694045915	Non-Significant
ZNF154	2.81874132844475	0.00482123537103473	0.0297186836802332	102	0.303417281420765	4.0865855513308	3.05651778835438	0.00246847067593671	0.01135335698509	-2.41085371090487	LUAD
ZNF155	-0.28914666575891	0.772469143867759	0.928508158629907	52	0.113137909836066	3.8890608365019	1.19319688159114	0.233861401049389	0.433488060871063	-6.2723476693952	Non-Significant
ZNF157	-0.458890953803009	0.646312475254192	0.86912667221664	53	-0.0158037568306011	3.02061596958175	-0.238045338971938	0.812030223022031	0.904525579538412	-6.95071282452894	Non-Significant
ZNF16	-2.34962769219066	0.0187921971666665	0.0857327639100747	115	-0.251630259562842	5.43327376425856	-2.34338720867684	0.0198505427239146	0.0661983287540258	-4.2744427633006	VIPER Significant
ZNF160	1.45008844325671	0.147033857413949	0.366450123030135	80	0.184602868852459	8.12217490494297	1.84970229703028	0.0654718445029096	0.171868617810311	-5.28734871200584	Non-Significant
ZNF165	-0.190005632031055	0.849304717205976	0.962452922039955	76	0.20099262295082	6.78130418250951	1.49936438442905	0.134971668085885	0.295523769475436	-5.86497059365256	Non-Significant
ZNF169	0.531507203824079	0.595067350625036	0.83786728095853	77	0.116492691256831	3.72592015209125	1.11128387937846	0.267455254149711	0.474265174036773	-6.36580886742921	Non-Significant
ZNF17	-0.804788416457543	0.420941787216241	0.717852623805125	66	-0.145285450819672	7.25457034220532	-1.71687745003352	0.0871721468346005	0.213055801899049	-5.52026006317116	Non-Significant
ZNF174	-2.16590805242349	0.0303182138609767	0.118556695848613	111	-0.162939344262295	4.22192395437262	-1.45086543320535	0.148002176224488	0.315281477740474	-5.93558607406008	VIPER Significant
ZNF175	0.199943685689107	0.841524623969477	0.960468033717813	60	0.0380348360655737	5.61984030418251	0.289414533171334	0.772490888925022	0.882400735779824	-6.93723322454778	Non-Significant
ZNF177	1.50361293386694	0.13268105892143	0.343519141531289	124	0.383485519125683	5.56788593155894	2.5585489709285	0.011068441274604	0.0407703628167154	-3.76136990336332	LogFC Significant
ZNF18	-1.76500792869275	0.0775624331858686	0.229000602550599	145	-0.424599453551913	7.41145627376426	-5.16101066776428	4.82854797482898e-07	6.38846305717092e-06	5.64480206954371	LogFC Significant
ZNF180	0.232009802856668	0.816530399948948	0.945024443415842	46	0.0518519808743168	2.55069201520913	1.01541633367436	0.310835292890113	0.523572788395195	-6.46682875588934	Non-Significant
ZNF181	0.0372706617308092	0.970269197780637	0.988300205224684	122	-0.00527725409836069	3.53549049429658	-0.0454047808403207	0.963818929370664	0.982995073715627	-6.9778820230336	Non-Significant
ZNF182	1.40486453396978	0.160061564602658	0.388720942606456	67	0.24986987704918	5.91555133079848	3.03705736767009	0.00262771014699996	0.0120010568007459	-2.46784596509922	LogFC Significant
ZNF184	-0.710215889288409	0.477570269052433	0.761378069614688	78	-0.0450956967213116	3.93320912547529	-0.421212936067522	0.673941658280244	0.823504699174546	-6.89064919717938	Non-Significant
ZNF189	2.58305027281925	0.00979310517124221	0.0532024167814669	91	0.13480293715847	7.58123574144487	1.52916159188666	0.127419347081681	0.282812865725963	-5.82045347808067	VIPER Significant
ZNF19	1.29828895818642	0.194188059244086	0.446107703668846	36	0.0133570355191257	2.72693155893536	0.245716519699386	0.80609222995804	0.901466982734789	-6.94886654259697	Non-Significant
ZNF195	-0.746707179528476	0.455240335032696	0.746828350644856	132	-0.048228961748634	7.13174144486692	-0.493555079540375	0.622029973776392	0.790353287505231	-6.85774472036008	Non-Significant
ZNF197	2.54077929929401	0.0110605713041014	0.0578084875602712	92	0.257830942622951	5.34996577946768	2.61370230942173	0.00946981673857242	0.0357629810144958	-3.62294519140417	LUAD
ZNF2	0.896610733309512	0.369926668680233	0.670840098486591	54	0.0708125683060109	4.87837262357415	0.691827605806747	0.489652401034907	0.690506875919835	-6.74094960289115	Non-Significant
ZNF20	1.47161190151526	0.141125709821313	0.356489397834049	39	0.0769131830601092	6.67773003802281	0.864671910790561	0.388002357457904	0.60244779260493	-6.60738508983113	Non-Significant
ZNF202	-3.01315388145516	0.00258547780277578	0.0214306336156162	131	-0.42997281420765	4.07899239543726	-3.5844500987016	0.000402103847659558	0.00239734257380139	-0.737003809026926	LUSC
ZNF205	-0.124597635231782	0.900842100620269	0.975138086781005	104	0.0392538251366117	5.76716349809886	0.3443026287344	0.730892271347803	0.858711748541286	-6.91993078886404	Non-Significant
ZNF208	1.67143141249653	0.0946364956193181	0.266732880323209	33	0.0269919398907103	2.45210646387833	0.510520515034633	0.610112622270973	0.782925497709737	-6.84927604985841	Non-Significant
ZNF211	2.33451195425053	0.0195689308539156	0.0887747846322296	99	0.278488046448087	7.22058935361217	2.6183824172249	0.00934419798368132	0.0353832145341544	-3.61106994345511	LUAD
ZNF212	-1.36369951977775	0.172662155266658	0.408271421311351	97	-0.107840846994536	7.31208745247148	-1.13440430847381	0.257651977106932	0.462104886614514	-6.34009523156295	Non-Significant
ZNF213	0.164077892182007	0.869669825417944	0.969300737094534	124	0.214700683060109	6.8418174904943	1.8009130458981	0.0728555378097157	0.186501889701355	-5.37486879620571	Non-Significant
ZNF214	-0.912712444356694	0.361393797241454	0.664750549595613	43	0.117785928961749	3.1901825095057	1.57616860884446	0.116182154512015	0.264122150185812	-5.74847597440938	Non-Significant
ZNF215	0.555697733369722	0.578417506349592	0.825215788652466	50	-0.2133668715847	4.54249809885932	-1.35036580467726	0.178052891276453	0.359323134663689	-6.07463703631445	Non-Significant
ZNF217	-0.806454930371052	0.419980585092762	0.716985882584366	126	-0.00916297814207666	8.20739923954373	-0.0792325157855533	0.936907589915432	0.971081550738593	-6.97578397654925	Non-Significant
ZNF219	-3.1030994212874	0.00191505293621756	0.0187443060120688	127	-0.577166803278689	6.90907224334601	-4.36545709497687	1.82142926973378e-05	0.000157300191367835	2.17559415400085	LUSC
ZNF22	0.782057226018491	0.434180943106013	0.728143533869378	92	0.104232991803279	9.13106463878327	1.31939156257945	0.188179140543524	0.374120857013001	-6.1155096548833	Non-Significant
ZNF221	1.48537850915375	0.137443585305593	0.350665703425802	22	0.0881811475409836	2.48730798479087	1.69605976912714	0.0910510980810293	0.220306695820675	-5.55522766595502	Non-Significant
ZNF222	-0.776869225235834	0.437235929578151	0.731747177480533	42	-0.154317486338798	3.33732319391635	-1.66623124214772	0.0968510694885241	0.230759462088785	-5.60460329806524	Non-Significant
ZNF223	-0.204681110375404	0.837821279691865	0.958616477842716	107	-0.194950204918033	9.44456273764258	-1.49710984818564	0.135556963341964	0.296473262223506	-5.86830384099668	Non-Significant
ZNF224	1.46666518223335	0.142467158839154	0.357992375530602	76	0.405861202185792	5.64520532319392	3.65732867262912	0.000307475989812544	0.00189358123505588	-0.486882013833553	LogFC Significant
ZNF225	0.379740425112878	0.704138109105551	0.898884771744188	48	0.0890433060109289	4.52048288973384	0.893373252066713	0.372469398123053	0.587420305696776	-6.58234964108153	Non-Significant
ZNF226	0.471676602416056	0.637157640269983	0.867630344887034	123	0.265067827868852	3.73555133079848	1.91246044633078	0.0568971554629509	0.153823859509239	-5.17142116558958	Non-Significant
ZNF227	-0.415505802320677	0.677771668443631	0.890698739912507	65	-0.189042076502732	4.49036121673004	-1.60740109677742	0.109159385479541	0.252470192132861	-5.69947034925572	Non-Significant
ZNF229	-0.282489346636791	0.777568314240648	0.931356064287948	34	-0.0153198087431695	2.58901520912548	-0.263608385924624	0.79228693604679	0.893735953422627	-6.94433293296679	Non-Significant
ZNF23	0.349706534405138	0.726558949220001	0.904697535073478	103	0.0841213114754098	3.61313307984791	0.687500961070206	0.492369466273435	0.693223042034435	-6.74391397802702	Non-Significant
ZNF230	1.76917941991918	0.0768639374886777	0.22777111751232	93	0.24349556010929	4.28561596958175	2.30179138079676	0.0221242271925342	0.0725186172717885	-4.36865547106682	Non-Significant
ZNF232	0.203943706508943	0.838397489920674	0.958616477842716	122	0.0919491803278687	6.27307984790875	0.770605851808496	0.441628329714984	0.650314346931404	-6.683736369839	Non-Significant
ZNF233	0.231651313899627	0.816808848635971	0.945024443415842	31	0.0479784836065574	3.18094676806084	0.573046618144845	0.567099946588056	0.752501422286835	-6.81559924523592	Non-Significant
ZNF234	0.55912704897415	0.57607501572758	0.824933611859023	96	0.126333333333333	6.83890494296578	1.11878634601409	0.26424626472895	0.470412766292007	-6.35752239377378	Non-Significant
ZNF235	0.347561311374304	0.728169665858226	0.904818215271179	86	0.162656967213115	4.95460456273764	1.39891198901884	0.163010828116134	0.33752205355598	-6.00869596897941	Non-Significant
ZNF236	-0.57185322847906	0.567421412790778	0.822059547754188	120	-0.167106079234973	4.60761216730038	-1.48811202193395	0.137912522871557	0.299896019960941	-5.88155767693713	Non-Significant
ZNF239	1.29664666050087	0.194752789917959	0.446769539371455	86	0.73350225409836	6.08699619771863	4.18739254815704	3.84648707820876e-05	0.000304460652693099	1.46717655447162	LogFC Significant
ZNF24	-0.269303080645294	0.787696461714983	0.933330730498678	77	0.0564504098360653	5.23930418250951	0.43796458629229	0.661769381735846	0.815413322644993	-6.88349211527498	Non-Significant
ZNF248	0.734912995825506	0.462392483114741	0.751363882024892	72	0.197872336065574	5.95322053231939	1.4408469151687	0.150810607165642	0.319390250122653	-5.94988856237247	Non-Significant
ZNF25	1.76775836273272	0.0771013084340011	0.228056067987018	229	0.244720969945355	7.75971863117871	2.49746739793627	0.013116565247913	0.0469889636419491	-3.91139398871295	LogFC Significant
ZNF250	-0.907752992184374	0.364008739343131	0.666786850654781	51	0.0280866120218577	5.79659315589354	0.264089688052892	0.791916447121785	0.893595649975461	-6.94420657893489	Non-Significant
ZNF251	1.0603288858464	0.28899500232301	0.57935293656428	78	0.230255669398907	5.14170342205323	2.07485771568209	0.0389665888638884	0.11377080098387	-4.85401355776583	Non-Significant
ZNF253	0.259940639027223	0.794909563029763	0.937064922841655	23	-0.0289278005464481	2.38638403041825	-0.579758417170392	0.562571015389086	0.7495951216971	-6.81175380493939	Non-Significant
ZNF254	3.48035289405484	0.00050075373109115	0.0130438270276163	194	1.06442459016393	5.60674524714829	7.01932443497744	1.87372569603156e-11	6.31599632497853e-10	15.4877346910013	LUAD
ZNF256	-2.9617972270911	0.00305849133758593	0.0238975618884045	62	-0.523674590163934	6.2647680608365	-3.63674157395586	0.000331830667556227	0.00202882084354319	-0.557999025868868	LUSC
ZNF257	0.563961583427781	0.572780277206321	0.824652432556732	28	0.0413043032786884	2.49392775665399	0.936429035846568	0.349906496503806	0.565654720464364	-6.54326985759133	Non-Significant
ZNF26	-0.17775661130204	0.858914123749315	0.964077448423947	123	0.003928756830601	7.05899619771863	0.0420956887794947	0.96645417462464	0.983952864214864	-6.97802610748935	Non-Significant
ZNF263	0.0986134994833196	0.921445151230614	0.976207837720345	79	-0.0832431010928962	8.45449049429658	-1.0838300790732	0.279427062684385	0.487802611799322	-6.39566064104562	Non-Significant
ZNF264	0.896158918127305	0.370167893406968	0.670840098486591	74	0.197170969945355	6.0841825095057	1.71824932426347	0.0869213097028534	0.212718911367746	-5.5179410659098	Non-Significant
ZNF266	0.192429006613815	0.847406172963168	0.962452922039955	69	-0.0952021857923498	4.9237566539924	-0.701085448310577	0.483865986018326	0.685814715604318	-6.73454440720653	Non-Significant
ZNF267	-0.377381467930318	0.705890136981281	0.898884771744188	43	-0.062851980874317	2.57765399239544	-1.14322380863945	0.253979303264257	0.457717040013002	-6.33014838085825	Non-Significant
ZNF268	2.10228248175532	0.0355285382196541	0.130702936730618	59	0.304211612021858	4.16460076045627	2.56236937490277	0.0109503893540285	0.0403882013963123	-3.75187186419717	LUAD
ZNF273	-0.818630919940833	0.412997020379219	0.711835846224588	40	-0.0700325819672132	3.06400760456274	-0.795686245548921	0.426927880683382	0.6381321462861	-6.66423372375621	Non-Significant
ZNF274	-0.892740313983606	0.371996256011673	0.671255813920505	73	-0.0642319672131148	4.01645627376426	-0.639993792893474	0.522730581121385	0.717849117440124	-6.77524418105117	Non-Significant
ZNF275	0.682016073827682	0.495228787050787	0.77314263741807	44	0.0152560792349725	8.15957794676806	0.174352231253694	0.861722021952139	0.931018662099734	-6.96378167933096	Non-Significant
ZNF276	0.570077744324041	0.568624969280038	0.822059547754188	81	0.0585467896174863	3.82330038022814	0.538581982013658	0.590628268518597	0.770661751986029	-6.83464169215459	Non-Significant
ZNF28	3.75494942363728	0.000173376484668653	0.0117818426196165	79	0.391017076502732	5.06020152091255	3.22124919260395	0.00143603814691601	0.00716215571860624	-1.9148873359864	LUAD
ZNF281	2.27037307354825	0.0231849567924631	0.0984351034681338	116	0.603701844262295	8.35300380228137	5.65225173331748	4.09336668031285e-08	6.90816783179492e-07	8.02242854555978	LUAD
ZNF282	-2.52520286327285	0.0115631519064729	0.059662908399213	194	-0.476675204918033	7.50425855513308	-5.10074905081457	6.46032977391779e-07	8.23862225458578e-06	5.36516825234101	LUSC
ZNF283	-0.594499325001022	0.552178193623787	0.811435653050425	58	-0.0172616120218579	4.06111406844106	-0.180681383317854	0.856756028175476	0.928782734574873	-6.96266362249118	Non-Significant
ZNF284	0.951330017246136	0.34143687372886	0.642061129786563	40	0.0530681693989071	3.12460076045627	0.805047458598562	0.421515325160481	0.632683724341745	-6.65679509598974	Non-Significant
ZNF287	0.813556408842428	0.415899118715175	0.712336623262607	57	0.0818323087431694	3.24675285171103	0.722874960813198	0.470395380063712	0.673894875131014	-6.7191342262718	Non-Significant
ZNF292	0.250789614094419	0.801976771774818	0.939907464743346	95	0.114315368852459	4.69755513307985	0.958350259986327	0.338761292379476	0.553730594065004	-6.52267111913895	Non-Significant
ZNF3	-1.33424309125859	0.182124201481843	0.426624582733817	98	-0.215025614754098	4.27819391634981	-1.6578373021777	0.098535735502564	0.233923431116492	-5.61834328816651	Non-Significant
ZNF30	1.7293945634737	0.0837385023560127	0.243233239757123	41	0.26301837431694	6.0094752851711	2.12298063252842	0.0346842620182536	0.103997776272686	-4.75514852359691	Non-Significant
ZNF300	-0.865941370951788	0.38652231416306	0.688239842748999	44	-0.186024590163935	3.3070608365019	-1.59448313839014	0.112021991290135	0.257283343997474	-5.71985376072411	Non-Significant
ZNF302	2.56196363581728	0.0104082215658835	0.0556598603606022	77	0.262923702185792	9.19668441064639	2.96161275869991	0.00333843201112407	0.0147155026005427	-2.68558280917073	LUAD
ZNF304	-0.141069655507799	0.887814915285771	0.973640384244508	74	-0.0797483606557377	4.25015969581749	-0.72619119151598	0.468363651749106	0.672468363789764	-6.71674770314207	Non-Significant
ZNF311	1.0576510334085	0.290214566984831	0.57935293656428	40	0.167445969945355	4.01422433460076	1.00285617543471	0.316846778030779	0.529731463651511	-6.47939463612692	Non-Significant
ZNF317	-2.16869851380073	0.0301055802994564	0.11829808317183	166	-0.346316803278688	7.30585171102662	-4.53067716552183	8.90782162939061e-06	8.34812664205722e-05	2.85566217502402	LUSC
ZNF318	-0.518286416548797	0.604258448789807	0.842800971049452	85	-0.414131147540984	4.56384030418251	-3.11449384049636	0.00204521199154874	0.00969977756618823	-2.23905672404789	LogFC Significant
ZNF319	0.755551415324432	0.449918194700194	0.741319845215143	48	0.154572950819672	7.30860456273764	1.59680573791147	0.111502960265177	0.256441900799683	-5.71620079451522	Non-Significant
ZNF32	-3.04792738177823	0.00230425603632526	0.0198655617716705	104	-0.689965163934426	5.74228517110266	-6.24013699644122	1.72775484277914e-09	3.88263634695621e-08	11.087049267264	LUSC
ZNF320	1.97350180242188	0.0484384194134077	0.165038074583657	62	0.281790642076503	6.16126235741445	2.47456493780109	0.0139674136172094	0.0493255223697366	-3.96675451960821	LUAD
ZNF324	-0.393560755869735	0.693905359828044	0.895093575177549	120	-0.191387978142077	7.4208288973384	-1.71764247421095	0.0870321954154073	0.212901839655431	-5.51896710023322	Non-Significant
ZNF329	0.826326940854504	0.408618654865811	0.706044252585318	70	0.0642592896174863	7.02256273764259	0.503158087511023	0.615271842696592	0.786235582443815	-6.85298624888607	Non-Significant
ZNF331	2.22971366649781	0.0257664580101991	0.106426674389953	70	0.475737568306011	5.93420152091255	2.73982720703924	0.00656544674878161	0.0262246416104091	-3.29588449541849	LUAD
ZNF333	2.92405494428337	0.0034550375552095	0.0244776384169931	48	0.191566325136612	4.40883269961977	1.83158902458314	0.0681372224553549	0.17714562662902	-5.32010717264757	VIPER Significant
ZNF334	2.55316431004807	0.0106749124276323	0.0567104722717966	87	0.120913729508197	4.6686463878327	0.605074691370174	0.545648105245245	0.735986426944391	-6.79684725849105	VIPER Significant
ZNF335	-0.519790142634912	0.603209850514888	0.842800971049452	102	-0.0529085382513661	4.59402281368821	-0.47685041592811	0.633862346840148	0.798194477054991	-6.86580411260033	Non-Significant
ZNF337	-0.606627526839508	0.544098128067863	0.81059042563472	169	-0.243973224043716	8.3629391634981	-2.24404924815896	0.0256565693990769	0.0817049702852949	-4.49675109721125	Non-Significant
ZNF33A	2.26975995728567	0.0232221513444947	0.0984351034681338	67	0.300342008196721	3.94087072243346	2.88539812697799	0.00423140212648762	0.0180832121197276	-2.90033665025774	LUAD
ZNF34	1.31375520893298	0.188928595255728	0.437761379251078	146	0.214354918032787	6.64850190114068	2.15335907908245	0.032194448601617	0.098066454331885	-4.69161066678219	Non-Significant
ZNF341	2.15341550981029	0.0312860377361177	0.119732111241303	145	0.598582103825137	6.5698288973384	4.95356139406598	1.30117640108374e-06	1.51561408844841e-05	4.69352971312723	LUAD
ZNF343	-2.85571948644799	0.00429394322678444	0.027850274342397	160	-0.414726092896175	3.50455133079848	-4.37472097358247	1.75078610180411e-05	0.000151922087959895	2.21314953299203	LUSC
ZNF345	1.8276842507646	0.0675969531323036	0.210937651016003	41	0.0973324453551911	3.72986311787072	1.02126605248944	0.308061529208748	0.520798977409175	-6.46092340693117	Non-Significant
ZNF347	3.05460061262211	0.00225360409882963	0.0197802751065753	105	0.211094672131147	3.82760836501901	1.74088614915634	0.0828663006454256	0.205355879212572	-5.47941467912018	VIPER Significant
ZNF35	-1.08692533278615	0.277069809636639	0.566394568357316	55	-0.0649176912568309	6.91539163498099	-0.745005750021479	0.456929669968291	0.663285452307562	-6.70300188151344	Non-Significant
ZNF350	2.30130554638216	0.0213743664786999	0.0947890980499458	95	0.556691530054645	5.26650570342205	4.66997131516811	4.7966278288716e-06	4.8072197515221e-05	3.44575956170028	LUAD
ZNF354A	0.545727934323887	0.585252967091376	0.829208998245836	68	0.137115846994535	4.30300760456274	1.18930113891607	0.235387679311161	0.4352765688283	-6.27694155704768	Non-Significant
ZNF354B	-1.03923319118561	0.298696297499625	0.588286000563285	29	-0.0468207650273225	2.58982129277567	-0.964967837831372	0.335442303670175	0.550180794403792	-6.51635976436028	Non-Significant
ZNF354C	-0.0145438359567209	0.988396106918755	0.993935063931376	36	-0.0106756830601093	2.9801216730038	-0.171066260874551	0.864302450018468	0.932192279637997	-6.96434643539991	Non-Significant
ZNF358	-0.49021794077923	0.623979686782922	0.859835489892849	71	-0.0360390710382514	8.62597338403042	-0.379468008042545	0.704644818623167	0.842426193772321	-6.90727177047458	Non-Significant
ZNF366	1.35484520721353	0.175466879924144	0.412644610092376	122	0.21612356557377	3.78009505703422	2.05785620551428	0.040583843555575	0.117519930135978	-4.88841761836565	Non-Significant
ZNF367	-1.26845671321523	0.204634899614454	0.460286020720533	37	-0.0978880464480875	2.8894752851711	-1.46374287960897	0.144451554409558	0.309925676021954	-5.91705893544678	Non-Significant
ZNF37A	0.0386920028673256	0.969135949423978	0.988291844401872	70	0.136429234972678	4.15307984790875	1.18625356131886	0.236586595540903	0.436712663042567	-6.28052492142609	Non-Significant
ZNF382	1.33445421614968	0.182055041987924	0.426624582733817	20	0.00775170765027317	2.37445627376426	0.172979978660671	0.862799454513398	0.93163866666295	-6.9640188332211	Non-Significant
ZNF383	-0.659245681169712	0.50973801703157	0.784773019548127	78	-0.185870696721312	4.30703041825095	-1.68346708938031	0.0934644659136943	0.22478168675837	-5.57617710135266	Non-Significant
ZNF384	-2.14970083127271	0.0315788866652537	0.120567144123841	111	-0.269631830601093	4.20576045627376	-2.6394715400342	0.00879649665909029	0.0336097052145879	-3.55730863332061	LUSC
ZNF394	0.22268308068973	0.823782170399811	0.948259590303417	163	0.00624651639344244	10.9095589353612	0.0589298512472657	0.95305247669882	0.978340497025808	-6.97717981707177	Non-Significant
ZNF395	-3.73885675250335	0.000184859019901083	0.0117818426196165	79	-0.404826912568306	8.75758935361217	-4.33570258737519	2.06727080884967e-05	0.000174905974959132	2.0554364517317	LUSC
ZNF396	0.473630382451663	0.635763505706958	0.867630344887034	85	-0.00418606557377063	3.90743726235741	-0.04533309035996	0.963876017056155	0.982995073715627	-6.97788526007117	Non-Significant
ZNF397	2.17362922642774	0.0297329916704243	0.117484776600691	114	0.218168169398907	4.34638022813688	1.90538450239551	0.0578143572361277	0.155822874179578	-5.18468016558488	VIPER Significant
ZNF398	-1.53792039597335	0.124068079677094	0.32955583664228	57	-0.145077049180328	3.75275285171103	-1.57054171925787	0.117484539624443	0.266107036725321	-5.75720460714162	Non-Significant
ZNF404	1.4385021855747	0.150291617787358	0.372271415224822	61	0.340001366120219	3.5598288973384	2.49361040353894	0.0132565464878087	0.0474012922811124	-3.92075129725356	LogFC Significant
ZNF407	-0.136365829191032	0.891532085652059	0.975138086781005	75	-0.113999180327869	3.59862737642586	-1.30801441757714	0.192003983436181	0.379174300156487	-6.13028756622759	Non-Significant
ZNF408	-1.95355402584751	0.0507539821498922	0.171840002457182	168	-0.372766393442623	5.69537262357414	-3.46802898957986	0.000611816546087533	0.00344864256716805	-1.12707676178111	LogFC Significant
ZNF41	0.893946541979459	0.371350494146757	0.670840098486591	75	0.100322267759563	3.24398098859316	1.39347149631363	0.164647003241691	0.339843937009437	-6.01620006374961	Non-Significant
ZNF410	-2.15478387798658	0.0311787504254411	0.119732111241303	53	-0.118505942622951	8.29565399239544	-1.99194819694776	0.0474047784129139	0.133008279499645	-5.01919540198528	VIPER Significant
ZNF415	3.36616706943754	0.000762205291852195	0.0134575871901758	61	0.528707991803279	6.10394676806084	3.36727423472674	0.000872000789634038	0.0046738314820711	-1.45516557851995	LUAD
ZNF416	-0.90505865163134	0.365434315878408	0.668376466753827	126	-0.13523893442623	5.22397338403042	-1.01809299364812	0.309564049618813	0.522197569228768	-6.46413081781162	Non-Significant
ZNF417	1.19619760088672	0.23161945687546	0.500756924837841	76	0.0844918715846994	4.47370342205323	0.743477540263735	0.457852469062061	0.663860203991306	-6.70413144800416	Non-Significant
ZNF418	1.29200123381993	0.196356717308381	0.44790409386022	76	0.466811543715847	3.75822813688213	3.23484208491185	0.00137189084352122	0.0068940118749835	-1.87288660643801	LogFC Significant
ZNF419	0.0435058367174974	0.965298311905427	0.988291844401872	68	-0.0292368852459017	7.05910646387833	-0.3117347964123	0.755487648790036	0.872873628586579	-6.93055850574792	Non-Significant
ZNF420	0.457260086399597	0.647484114685485	0.86912667221664	54	0.0403601775956283	2.74269581749049	0.57116546807054	0.568372438282632	0.753639080310484	-6.81666901277896	Non-Significant
ZNF423	1.55128736042633	0.12083283448813	0.322231064723132	92	0.105881557377049	4.10739923954373	0.659558955335088	0.510110729673639	0.707617853148412	-6.7626119595516	Non-Significant
ZNF425	1.90017255369314	0.0574104788413978	0.188068809997683	66	0.140274931693989	3.64741825095057	1.06544333554366	0.287646915886041	0.497387963481341	-6.4152395879554	Non-Significant
ZNF426	0.938288001425186	0.348096424207671	0.64916365484456	76	0.112248907103825	6.58925475285171	1.03569348085434	0.301291068680892	0.512962460588347	-6.44621493202718	Non-Significant
ZNF429	2.28518118756067	0.0223022058179013	0.0965631699622269	37	0.245439071038251	3.04133079847909	3.10220574684443	0.00212889047243863	0.0100236903015006	-2.27571989295823	LUAD
ZNF43	-1.52199880472233	0.128009380188497	0.335065071319972	24	0.0290357923497267	2.9233536121673	0.512046614567631	0.609045629912875	0.782223870406075	-6.84850026174763	Non-Significant
ZNF430	0.0849644346699919	0.932289665454114	0.97922011091909	62	0.0764640027322404	3.9918174904943	0.743373763780251	0.457915171901066	0.663860203991306	-6.7042080699829	Non-Significant
ZNF431	1.39908228099973	0.161788310527085	0.392306948011526	90	0.291665232240437	5.06378326996198	2.44399447353264	0.0151793385982874	0.0529215459278562	-4.03989166206678	Non-Significant
ZNF432	0.00820828688892126	0.993450808163801	0.995022480393481	82	0.0268099043715847	4.96216730038023	0.264744251307176	0.791412663912561	0.893185802220322	-6.94403436977123	Non-Significant
ZNF433	3.52315457224959	0.000426442575412455	0.0127581270869041	79	0.419019672131148	5.32936121673004	3.09906987490684	0.00215074477347467	0.0101134744056674	-2.28505461811077	LUAD
ZNF436	-3.49377165750356	0.000476248172383011	0.0128904693837697	134	-0.628643579234973	4.90800380228137	-4.84999392584847	2.10972572977332e-06	2.33336767397384e-05	4.2307124612122	LUSC
ZNF438	2.92399827658139	0.00345566660004608	0.0244776384169931	88	0.485843647540983	6.56934600760456	5.76675203306426	2.24920079932405e-08	4.09496328908453e-07	8.60106357495865	LUAD
ZNF439	2.41517789389196	0.0157275262398149	0.0754020284526818	89	0.3722375	5.69677186311787	2.48571599964007	0.0135472046872782	0.0481830050842236	-3.9398606034539	LUAD
ZNF44	0.414695284788724	0.678364984577327	0.890698739912507	31	-0.027488456284153	2.5785855513308	-0.534095875628364	0.593723779654094	0.772740863564546	-6.83703370711023	Non-Significant
ZNF440	-1.00342273705352	0.315656938246261	0.612132039964771	36	0.0151283469945355	2.60011406844107	0.295442545783042	0.767887615947776	0.879959946207163	-6.93547941114427	Non-Significant
ZNF441	1.8004914951046	0.071783065315446	0.219148677664358	63	0.203710450819672	2.84065779467681	2.51776718814348	0.0124012759839822	0.0448351110112222	-3.86191822808907	LogFC Significant
ZNF442	2.27371882664151	0.0229828974808358	0.0984351034681338	67	0.164259221311475	4.5042319391635	1.53272983693746	0.126537563521489	0.281297884585162	-5.81506480832606	VIPER Significant
ZNF443	1.81862178951994	0.068969151190205	0.212567135824773	64	0.229877049180328	6.65745247148289	2.08909380502368	0.0376550527048718	0.11080048004823	-4.82499487572881	Non-Significant
ZNF444	1.68441744735683	0.0921010212546131	0.262555515886392	87	0.271851161202186	6.60582129277567	2.61252093771831	0.00950176442225838	0.0358676436293062	-3.62593960187596	LogFC Significant
ZNF445	-0.859804111584129	0.389897032442521	0.689824111403032	35	-0.0225094262295083	2.52791254752852	-0.515287192290535	0.606782711701037	0.780628218945548	-6.84684526017925	Non-Significant
ZNF446	-1.88982511655666	0.058781353239736	0.190430780442804	54	-0.185929234972678	6.63797718631179	-2.15879209772461	0.0317657884481724	0.0970500395719135	-4.68015540088806	Non-Significant
ZNF449	0.236836332749232	0.812783763826442	0.943886169196407	33	0.0342140027322404	2.95166920152091	0.562075800867042	0.574540353154682	0.758291602658971	-6.82178866080624	Non-Significant
ZNF45	-0.240803298828121	0.809707572752073	0.943108869578974	62	0.0255247267759561	6.0155855513308	0.24698290365536	0.805113036745938	0.900971852145468	-6.94855612377504	Non-Significant
ZNF451	0.754914698235576	0.450300166040901	0.741319845215143	54	0.292054303278688	4.87165399239544	2.24083530192205	0.0258668474170715	0.0822098029201311	-4.50378898060104	Non-Significant
ZNF454	1.81266754677188	0.0698831128023207	0.214565070676327	47	0.268499043715847	3.35955133079848	2.70925518799077	0.00718380500532555	0.0283250989784912	-3.37650114161769	LogFC Significant
ZNF460	-0.790882203582344	0.429012734328334	0.724744315837092	164	-0.168357103825137	3.95430418250951	-1.34731140490946	0.179032943947482	0.3607914132072	-6.0787091004524	Non-Significant
ZNF462	-0.738411736803293	0.46026428455288	0.751363882024892	95	-0.331691256830601	8.55370342205323	-2.42049800076386	0.0161732024951231	0.0557896463919719	-4.09551442345149	Non-Significant
ZNF467	3.29189076754447	0.00099516256238237	0.015107811532025	98	0.860267144808743	7.28937642585551	5.81351931273426	1.75680767852852e-08	3.29042180968908e-07	8.83999207563573	LUAD
ZNF468	-0.569466824489327	0.569039378589646	0.822059547754188	104	-0.036578825136612	4.88502281368821	-0.332123461059845	0.740059060803706	0.864853177544165	-6.92402857796835	Non-Significant
ZNF471	2.107362515406	0.035086168224378	0.129963673583418	149	0.766941803278689	4.99920152091255	4.32054614243213	2.20441185330059e-05	0.000185122848651326	1.99450374927414	LUAD
ZNF473	-3.01290492286795	0.00258759972448616	0.0214306336156162	113	-0.380453483606557	5.14018631178707	-3.51133184109457	0.000524056186907966	0.0030168543706575	-0.983357566892199	LUSC
ZNF479	0.142995657589248	0.886293610691822	0.973055187809172	40	0.0614045081967212	2.76955133079848	1.05935025204375	0.290406682657144	0.50071068763408	-6.42165448913834	Non-Significant
ZNF480	-0.992554414202028	0.320927149388849	0.620553998437205	131	-0.114435724043716	6.760536121673	-1.01896430318846	0.309150979281991	0.521718754375874	-6.46325106155206	Non-Significant
ZNF483	0.0218279035979008	0.982585235634343	0.993796116820518	72	-0.0320034153005467	8.42210646387833	-0.277413885238431	0.781679006731303	0.887560473332862	-6.94061717768705	Non-Significant
ZNF484	-0.233685594502267	0.815229072069128	0.945024443415842	35	0.236581557377049	6.17364258555133	2.33519750212008	0.0202812568644061	0.0674066421510037	-4.29312007778638	Non-Significant
ZNF485	-1.093333660946	0.274247328795413	0.562188582163549	181	-0.050550068306011	4.444463878327	-0.406769419135317	0.6845062869543	0.830425383734152	-6.89659638046557	Non-Significant
ZNF486	0.273724971406395	0.784295985999465	0.933330730498678	152	0.0113903005464479	12.8979505703422	0.120121155266959	0.904478361199702	0.953630715516951	-6.97172785626658	Non-Significant
ZNF490	0.356844886579174	0.721207930877859	0.902556520159413	36	0.0384978142076502	2.72608745247148	0.580423887204287	0.562122933729289	0.749303132538083	-6.81137009860453	Non-Significant
ZNF491	2.93351148817658	0.00335151250908067	0.024163806706095	83	0.555716666666667	4.23062737642586	4.94272558607704	1.36916098351825e-06	1.58752716957572e-05	4.64472671367396	LUAD
ZNF492	1.29092628494146	0.196729239921795	0.448014785942633	70	0.0370987704918032	3.00828897338403	0.561719431374524	0.574782819962254	0.758301591080231	-6.82198771269042	Non-Significant
ZNF493	2.19945418885037	0.0278456431410943	0.111314595508956	68	0.687114344262295	5.57263117870722	3.88809784707437	0.000127833136678944	0.000880489702393509	0.334948669504686	LUAD
ZNF496	-0.755188421568798	0.45013593485908	0.741319845215143	25	-0.0779906420765028	3.00974524714829	-1.22936401339833	0.220027788622731	0.415272433816624	-6.22898993882155	Non-Significant
ZNF497	-0.734819632157871	0.462449349060522	0.751363882024892	40	-0.0320383196721312	2.96879467680608	-0.482321485666023	0.629976461795775	0.795387353144887	-6.8631950224966	Non-Significant
ZNF500	0.0187390473801388	0.985049278412061	0.993935063931376	85	0.0610480191256829	6.26996577946768	0.644138587311472	0.520043720127231	0.715383805518169	-6.77259975290306	Non-Significant
ZNF501	0.00883211424599483	0.992953084021232	0.995022480393481	52	0.0828224043715846	2.80712927756654	1.30676236900622	0.192428391998408	0.379835353450725	-6.13190615178044	Non-Significant
ZNF502	1.87038665517423	0.0614301437686591	0.197235948680685	75	0.109732855191257	4.67056653992395	0.733465703721933	0.463923997834363	0.66915530968505	-6.71147449862133	Non-Significant
ZNF503	0.0951479679462498	0.924197297959922	0.976207837720345	93	-0.0644825136612021	7.9852319391635	-0.538395141014866	0.590757043702359	0.770695053009915	-6.83474171514886	Non-Significant
ZNF507	0.294931599222222	0.768046132347875	0.928135365872875	67	-0.116543852459017	4.35558174904943	-1.03623485167204	0.301038970600983	0.512678000321266	-6.44565903142703	Non-Significant
ZNF510	0.290189638267549	0.771671162791368	0.928508158629907	118	0.178767213114754	3.74758935361217	1.77463709148857	0.0771079351460324	0.194537947158185	-5.42105809616763	Non-Significant
ZNF513	-1.64387449530017	0.100202129431343	0.278530876130154	82	-0.192623565573771	5.9067566539924	-2.23304028413392	0.0263830857930142	0.0836308940527874	-4.52081814185891	Non-Significant
ZNF514	1.21695243023339	0.223622315470815	0.488701000656788	101	0.203180737704918	6.70685171102662	1.79626570948862	0.0735932738065675	0.188022381088432	-5.38308635753351	Non-Significant
ZNF516	1.11025468204385	0.266889295347739	0.551890156192829	55	0.00928777322404365	3.62982509505703	0.0862677493209231	0.931318839876112	0.968095067991604	-6.97520459198023	Non-Significant
ZNF517	-1.36283598722844	0.172934206602079	0.408316876699352	78	0.0700676229508196	4.77112927756654	0.628865044207908	0.529980095922254	0.723492003327962	-6.78226026370112	Non-Significant
ZNF519	-2.64054181040727	0.00827735786101937	0.0465693050302087	119	-0.341709357923497	4.39092015209125	-2.37857519004008	0.0180900124816665	0.0613525163109201	-4.19348050143621	VIPER Significant
ZNF521	1.31653650096399	0.187994035629169	0.436849449699435	181	0.314560997267759	3.91823954372624	1.94354811523814	0.053010522569216	0.145116304491346	-5.11260261765846	Non-Significant
ZNF524	0.657590034681582	0.510801599720847	0.785661508142065	82	0.189525068306011	7.93926235741445	2.12970083130812	0.0341196664495424	0.102608709424766	-4.74116803809888	Non-Significant
ZNF525	-0.991742321966624	0.321323240149632	0.620553998437205	88	-0.102793715846995	5.57722433460076	-0.737328128491305	0.461576361730847	0.666877153602586	-6.70865339965395	Non-Significant
ZNF526	-0.307632890920256	0.758361689799735	0.924153771492398	90	-0.242589002732241	5.55971482889734	-1.90557883801189	0.0577890028858703	0.15578757926891	-5.18431665527445	Non-Significant
ZNF527	0.663292446383371	0.507143273382298	0.78376687704537	30	0.128208948087432	3.26454752851711	1.54180327895327	0.124316856908985	0.277428855492034	-5.80130677069509	Non-Significant
ZNF528	-0.116566795161984	0.907203351916901	0.975138086781005	62	-0.120736270491803	3.32715209125475	-1.1431697698419	0.254001694306974	0.457721714584944	-6.33020955938738	Non-Significant
ZNF529	0.964963276581149	0.334563205856534	0.637824984444022	59	0.039163387978142	7.90595057034221	0.381183655665894	0.703372963458247	0.841623616555473	-6.90662272438742	Non-Significant
ZNF530	-3.06423969895053	0.00218223986831622	0.0197802751065753	56	-0.125347336065574	3.24371863117871	-1.67964151160942	0.0942077688861178	0.226077297139984	-5.5825111528486	VIPER Significant
ZNF536	-0.825909765038141	0.408855280817968	0.706044252585318	48	-0.169812704918033	3.40191634980989	-2.00831919721036	0.0456258512202749	0.128704398958325	-4.98709649771287	Non-Significant
ZNF540	3.22016973247875	0.00128114718555401	0.0160640938593085	114	0.981254303278689	3.88801140684411	5.75886915214708	2.34451553668139e-08	4.24115351461168e-07	8.56093795656678	LUAD
ZNF541	3.32016899518112	0.000899629716677717	0.0143851682419259	55	0.48473893442623	3.72271482889734	3.25170635787831	0.00129600027725636	0.0065668148019832	-1.82055072671322	LUAD
ZNF543	-2.51609582442371	0.011866291524299	0.0610240506454114	93	-0.558948702185793	4.94236121673004	-4.74169941826596	3.4677923999145e-06	3.60775323930523e-05	3.75552255391887	LUSC
ZNF544	-1.47148544929876	0.141159879730131	0.356489397834049	77	-0.11080737704918	9.07014828897338	-1.17033340540031	0.242920164212642	0.444208856293871	-6.29909607215855	Non-Significant
ZNF546	-0.681616459447514	0.495481504475357	0.77314263741807	24	-0.0884030054644808	2.49073764258555	-1.76007201285685	0.0795514007709107	0.199003779723766	-5.44637586990694	Non-Significant
ZNF547	0.0943669891759956	0.924817637577897	0.976207837720345	24	0.0144103825136611	2.51232699619772	0.293271560091704	0.769544543369131	0.880685432454236	-6.93611520894975	Non-Significant
ZNF548	0.619676069433769	0.535471073845079	0.808086991224132	42	-0.0243814890710383	6.84772243346008	-0.25753911001453	0.796962866065438	0.896107246678427	-6.9459065033686	Non-Significant
ZNF549	-0.104515182975646	0.91676051999316	0.975138086781005	51	0.127275409836066	4.87776045627376	1.16935831454551	0.243311947299839	0.444765279960639	-6.30022546369198	Non-Significant
ZNF550	-0.432594471051139	0.665309406851903	0.880716960709692	91	-0.0886045081967213	5.15272243346008	-0.688349117042031	0.491836197648394	0.692932860278913	-6.74333432914928	Non-Significant
ZNF551	-0.949574499577553	0.342328500785704	0.642114435271675	42	-0.107876844262295	4.13517490494297	-1.03349175775743	0.302317793128758	0.514063626825485	-6.44847277806208	Non-Significant
ZNF552	2.19516315920773	0.0281518959313703	0.111983526919121	93	0.307086680327869	3.49063878326996	2.90708266243932	0.00395739063116372	0.017047054783573	-2.83976908497418	LUAD
ZNF554	-0.561512386185655	0.574448288932708	0.824652432556732	42	0.00145566939890709	2.75530038022814	0.0240754337388235	0.980810590766867	0.990672096925275	-6.97861948155253	Non-Significant
ZNF555	-0.600915500712888	0.547896268405297	0.81059042563472	57	-0.0907299180327869	2.76989353612167	-1.38741949384708	0.166481663239124	0.342347607370432	-6.02451376469169	Non-Significant
ZNF556	-0.327651131792436	0.743175456509675	0.912721188032795	98	-0.154364139344262	2.92805323193916	-1.91327925807246	0.0567918092987177	0.1536044083363	-5.16988377946274	Non-Significant
ZNF557	-0.112283239147835	0.910598830980462	0.975138086781005	76	-0.0542002049180329	7.29374904942966	-0.467000906121655	0.640883666531398	0.80263621112457	-6.87042633263381	Non-Significant
ZNF558	-1.12394774702165	0.261035193880763	0.543428010699067	98	-0.406298633879782	6.28384030418251	-3.50129059279338	0.000543287052220026	0.00311626804766964	-1.01682845577878	LogFC Significant
ZNF559	1.13343198477444	0.257032888644884	0.53883913159381	58	0.0823657786885245	6.62874904942966	0.807069104208554	0.420351767805592	0.631706105771463	-6.65517728415825	Non-Significant
ZNF560	-0.460062514810838	0.645471349228594	0.86912667221664	41	0.0791427595628414	2.85319391634981	0.991620628814845	0.322288850483071	0.535900699637125	-6.49050377991369	Non-Significant
ZNF561	-0.0369139233677436	0.970553638072043	0.988300205224684	88	-0.0819043032786885	3.67942205323194	-0.741238799192323	0.459206214697042	0.665035308625205	-6.705782029031	Non-Significant
ZNF562	-0.653517474092615	0.513422727905174	0.787443215163207	94	-0.217700068306011	8.07930798479088	-2.03603062121913	0.0427435694755066	0.122463145281194	-4.93218178450156	Non-Significant
ZNF563	0.202777695243935	0.839308792365078	0.958616477842716	64	-0.0209543715846996	4.72896958174905	-0.168717031876781	0.866148162046716	0.933521805003584	-6.96474360925508	Non-Significant
ZNF564	1.78291152508102	0.0746007066942359	0.223525308555085	83	0.284555464480874	7.25844866920152	3.15032029779223	0.00181825660272305	0.00877736178818783	-2.13139597776311	LogFC Significant
ZNF565	1.07419802541068	0.282733937209523	0.57435887873381	93	0.262143101092896	5.24009125475285	2.34088730354459	0.0199811584585526	0.0665846497158218	-4.28015065697633	Non-Significant
ZNF566	0.288090202034662	0.773277692481254	0.928508158629907	108	-0.043908743169399	4.30854752851711	-0.398509269298084	0.690576314334033	0.834197261569082	-6.89990439048241	Non-Significant
ZNF567	-0.606168738533181	0.544402709412019	0.81059042563472	67	0.0641523907103825	4.10542585551331	0.601437337819219	0.548063827359762	0.738148163755901	-6.79902805963227	Non-Significant
ZNF568	-0.459804582817198	0.645656493463627	0.86912667221664	38	-0.0711196038251367	3.17572623574145	-0.962699689445177	0.336577494032472	0.55159333920361	-6.51852781348282	Non-Significant
ZNF569	-0.130016440177008	0.896553419716097	0.975138086781005	23	0.0264560792349726	2.8701711026616	0.463931152342437	0.643078631791043	0.803800851067235	-6.87184723420159	Non-Significant
ZNF570	-0.469946042954133	0.638393567700419	0.868110049500293	61	-0.0133459016393444	4.15781368821293	-0.11735361188511	0.906668899947467	0.955045433580145	-6.97205488780036	Non-Significant
ZNF571	1.89824069311703	0.0576643825258796	0.188319113098942	99	0.105367213114754	4.17991634980989	0.892842807315083	0.372752909705685	0.58774663149573	-6.58281970447867	Non-Significant
ZNF572	0.00837755540939588	0.993315756068863	0.995022480393481	25	0.0217137978142076	3.07073384030418	0.280577691348242	0.779253651052907	0.886390565483382	-6.93973894478835	Non-Significant
ZNF573	1.73027308451763	0.083581496038443	0.243233239757123	156	0.467797745901639	8.12358935361217	4.13713251231936	4.72907266195439e-05	0.000366452871907947	1.27188248950749	LogFC Significant
ZNF574	-2.54804274800606	0.0108329195706947	0.0569875084907879	109	-0.697765163934426	4.34165779467681	-5.54616454278806	7.07323945811467e-08	1.14214392673089e-06	7.49442797486089	LUSC
ZNF575	-0.557252196019082	0.577355132051135	0.824933611859023	40	-0.0252465846994535	3.01630798479087	-0.33932018748177	0.734637778995922	0.861234030948356	-6.92162499550822	Non-Significant
ZNF576	-1.47708259620295	0.139653498142044	0.354623269653146	167	-0.287280191256831	5.99303041825095	-2.71098981073071	0.00714736036644091	0.0282032776080519	-3.37194992190322	LogFC Significant
ZNF577	0.119635525879292	0.90477187624028	0.975138086781005	94	-0.0368342213114758	8.71500760456274	-0.315572783805676	0.752575634776856	0.871291501548243	-6.92936087682307	Non-Significant
ZNF578	0.00274232775792535	0.997811941763789	0.997811941763789	35	0.000512295081967161	2.82510646387833	0.00916668740231641	0.992693053748289	0.996571701211359	-6.97886610273439	Non-Significant
ZNF580	-1.91177623053333	0.0559049017974611	0.184634798369938	119	-0.347044808743169	6.60192015209126	-3.48443456239711	0.000577063184288371	0.00327892642340113	-1.07281901911372	LogFC Significant
ZNF581	-3.08366459154637	0.00204467972477098	0.0195393950029889	81	-0.314540232240437	8.81717490494297	-3.82440342527294	0.000163565094941493	0.00109083454553476	0.10361718709236	LUSC
ZNF582	-1.56544687554396	0.117478164544787	0.315161521162511	50	-0.0396946721311476	2.80525475285171	-0.616282788453326	0.538237891094529	0.730163158674464	-6.79004491391467	Non-Significant
ZNF584	-1.09577919178339	0.273175416739137	0.561295544572145	93	-0.29291762295082	4.00565779467681	-2.76707763215053	0.00605529290589962	0.0244715096988941	-3.22330681407613	LogFC Significant
ZNF585A	1.0589947441045	0.289602173374501	0.57935293656428	104	0.41981837431694	5.68177946768061	3.09073990847971	0.00220980586128732	0.010342255461544	-2.30980828169016	LogFC Significant
ZNF585B	0.725852834328238	0.467928993431383	0.754950374017666	53	0.186722677595628	3.18517490494297	2.33821753932898	0.0201214815456013	0.0670083300528045	-4.2862399283137	Non-Significant
ZNF586	0.0931918764473285	0.925751127960657	0.976207837720345	68	0.0112286885245902	3.24986311787072	0.124882930168658	0.900711087694877	0.951711690565103	-6.97114733464263	Non-Significant
ZNF587	-0.601363855716507	0.547597667020403	0.81059042563472	34	-0.0229274590163937	3.8271216730038	-0.239323637223027	0.81103997179023	0.903977192607135	-6.95040923056447	Non-Significant
ZNF589	0.127380784514432	0.898639024079177	0.975138086781005	70	-0.198783879781421	6.96383269961977	-1.71038578649478	0.0883670786018345	0.215389292697771	-5.53120891834202	Non-Significant
ZNF594	-1.39091237403602	0.164252000038403	0.393561013133966	48	-0.0703556010928963	6.25257034220532	-0.648834180308625	0.51700847985746	0.713162926840829	-6.76958334975326	Non-Significant
ZNF595	-0.594921142281902	0.551896184126657	0.811435653050425	17	-0.0428663251366121	2.30093536121673	-0.941185759820559	0.347468413077591	0.563361647536365	-6.53884031845971	Non-Significant
ZNF596	2.03869071028688	0.0414809054884627	0.146913062682385	35	0.0982854508196721	2.55072623574145	1.7976934369577	0.0733659798958072	0.187554792298515	-5.38056401100264	VIPER Significant
ZNF597	2.67436270973418	0.00748714252154116	0.0427269794073815	148	0.391840232240437	4.34131178707224	3.34602159159658	0.000938684507793253	0.00497033446876527	-1.52323883484548	LUAD
ZNF599	0.401387398920332	0.688134925414212	0.894077155707122	23	0.109217418032787	2.94348288973384	1.3317538317473	0.184087521620184	0.368290967372371	-6.09930899236366	Non-Significant
ZNF600	0.0692876447680764	0.944760660149157	0.982929393557581	100	-0.043256898907104	6.38598859315589	-0.294862274759015	0.76833038302025	0.880129151496073	-6.93564980897502	Non-Significant
ZNF605	0.397382536739047	0.691085391277566	0.895080161581503	100	0.128000887978142	5.79692775665399	1.05822468142519	0.290918446523526	0.501219037204578	-6.42283551733898	Non-Significant
ZNF606	1.79829441454756	0.0721303644031979	0.21979346888899	82	0.393132103825137	5.34332319391635	2.96923139600091	0.00325939436294899	0.0144523320182679	-2.66382732074194	LogFC Significant
ZNF607	-0.361602751375347	0.717648908318588	0.90194784975449	46	0.0141350409836065	3.45384790874525	0.123874244652495	0.901508923434151	0.952079730657458	-6.9712721899063	Non-Significant
ZNF608	2.89654246492231	0.00377299575241353	0.0256024711770918	151	0.733109357923497	4.21402281368821	5.00810587802838	1.00563178669044e-06	1.21031468242202e-05	4.94053305217667	LUAD
ZNF609	-0.562568689402378	0.573728617767578	0.824652432556732	84	-0.0626435109289619	6.74274904942966	-0.619419661361303	0.536173085378253	0.728541841110594	-6.78811880759578	Non-Significant
ZNF610	0.190821403837881	0.848665518970401	0.962452922039955	62	0.156748770491803	2.54689353612167	2.30372570598835	0.022013648097927	0.0722493388503246	-4.36431022115602	Non-Significant
ZNF611	0.728997837522324	0.466002985272801	0.752594821215573	62	0.137976092896175	3.04263117870722	2.05396420324666	0.0409620129341561	0.118413389528493	-4.89625488066466	Non-Significant
ZNF613	3.18357475455068	0.0014546854602551	0.0169028701923986	73	0.579421448087432	7.27329657794677	5.57844067776041	5.9937538618237e-08	9.83455443202783e-07	7.65423469314374	LUAD
ZNF614	0.173320715230183	0.862399341701901	0.965193996430056	40	-0.0624506147540985	6.88378326996198	-0.615524434094531	0.538737669583271	0.730502415001626	-6.79050909595735	Non-Significant
ZNF615	2.72653876421686	0.00640024343328484	0.0374818593171591	76	0.41670368852459	7.0125247148289	3.53563204189713	0.000480124449725026	0.00280138728517247	-0.901995909982394	LUAD
ZNF616	-0.0423156204789191	0.966247093098092	0.988291844401872	62	0.083161407103825	5.87210266159696	0.723202117039571	0.470194726530575	0.673759326238997	-6.71889927223471	Non-Significant
ZNF619	-1.5840736517212	0.113176959520971	0.306165476761087	30	-0.0848582650273224	2.44639163498099	-1.75448184645761	0.0805058736302122	0.200777424183869	-5.45603887373238	Non-Significant
ZNF620	0.988335010205181	0.322988604616059	0.620984043398732	32	0.139385860655738	2.94269961977186	2.00111193900434	0.046401922456096	0.130589221696837	-5.00125929249283	Non-Significant
ZNF621	1.2148115156452	0.22443798774297	0.48982074352013	91	0.129559221311475	7.93578707224335	1.61702374046105	0.107065065735816	0.248689975392203	-5.68418185660427	Non-Significant
ZNF623	-0.291360011986179	0.770775994272253	0.928508158629907	107	0.159653346994536	3.70015209125475	1.49041792692089	0.137305852473438	0.298883654202201	-5.87816855521016	Non-Significant
ZNF624	0.34271024241674	0.731816456540408	0.907782695141947	47	0.0506030054644808	3.31876045627376	0.570615177484761	0.568744938166699	0.753936334869078	-6.81698128726462	Non-Significant
ZNF625	2.49241413539264	0.0126878003900655	0.0644267545058778	54	0.124110997267759	3.4491711026616	1.50832784590301	0.13266409235916	0.291473543334333	-5.85166968704085	VIPER Significant
ZNF626	2.98435631657439	0.00284175632564168	0.0227199825045115	105	0.790993510928962	4.82669961977186	4.0891483534652	5.74949139007425e-05	0.000435945922345248	1.08736361140852	LUAD
ZNF627	1.12085475711437	0.262349691686879	0.544690300237608	188	0.387809221311475	6.2022319391635	2.86218380234724	0.00454383393054076	0.0192060673837725	-2.96470532753972	LogFC Significant
ZNF628	-2.09067439051642	0.0365572621880089	0.133574611840802	43	-0.225530532786885	3.43268441064639	-2.66377580038912	0.0082012033956089	0.031625214004369	-3.4948440790574	LUSC
ZNF629	0.647964369973289	0.517007995466974	0.790689311249208	122	0.13700956284153	5.01308365019011	0.844162120713172	0.399341625349953	0.613235861875078	-6.62477730307438	Non-Significant
ZNF630	0.982895180127589	0.325659030265226	0.623890075775018	101	0.282427390710382	5.31603041825095	2.09537891491745	0.0370881500416108	0.109544732301869	-4.81212230707619	Non-Significant
ZNF639	-0.153321556414112	0.878144702092362	0.969719277426941	80	-0.0886107923497269	3.0607680608365	-1.06310811469128	0.288702507346014	0.498550273590588	-6.41770245876052	Non-Significant
ZNF641	1.04786658023302	0.294700081652432	0.584693650944321	85	0.106892759562842	7.17175285171103	1.02244811624286	0.30750303592279	0.520200822751174	-6.45972601450696	Non-Significant
ZNF644	0.785270543816219	0.432294962456121	0.727009357511732	79	0.210028005464481	6.38626615969582	1.90300348166058	0.0581257570355565	0.156479635718219	-5.18913100510436	Non-Significant
ZNF646	-0.801651863442168	0.422754367926261	0.719439730454069	84	-0.0137931693989071	4.39745247148289	-0.150638083350236	0.880376026912658	0.941220590586468	-6.96761641171637	Non-Significant
ZNF648	-0.533122806641693	0.593948572549517	0.837752790102594	29	-0.0787613387978143	2.72347148288973	-1.0964371715679	0.273884715082239	0.481300830984594	-6.38204424162886	Non-Significant
ZNF649	2.22867513432333	0.0258355278810207	0.10643973859145	101	0.24281400273224	4.44521673003802	1.89733752826921	0.0588724133711394	0.158104528554615	-5.19970059491461	VIPER Significant
ZNF652	0.210352939325711	0.83339221983861	0.955915081704088	197	0.0463476092896173	11.4019619771863	0.406857917126889	0.684441363572492	0.830386256936295	-6.89656057197059	Non-Significant
ZNF653	0.0624646835475343	0.950192785442374	0.982929393557581	171	-0.0500932377049181	7.44558174904943	-0.542116213065778	0.588194844734374	0.76914547002344	-6.83274316316782	Non-Significant
ZNF654	0.310509429865499	0.756173589639109	0.923628941469694	88	-0.02432206284153	3.88563878326996	-0.191238904255976	0.848485133481224	0.923717045856197	-6.96070993278407	Non-Significant
ZNF655	-0.68742856916108	0.491812699513137	0.769648749722593	194	-0.0589614754098363	4.17162357414449	-0.461719188550717	0.644662197529426	0.804869794783509	-6.87286528981113	Non-Significant
ZNF658	-1.07222720541525	0.28361799372262	0.575430979726171	60	-0.139996584699454	3.10521292775665	-1.48934484535487	0.137587916106621	0.299369444034405	-5.87974636700499	Non-Significant
ZNF658B	0.105010998653573	0.916367081312467	0.975138086781005	137	-0.00549993169398901	4.4825855513308	-0.0481540732581516	0.961629789994388	0.982011875726739	-6.97775402500744	Non-Significant
ZNF660	0.742463077722303	0.457806814274287	0.749096256385992	167	0.267107513661202	5.03213307984791	1.95663351475094	0.051442595202555	0.141730623270259	-5.08756918340252	Non-Significant
ZNF662	3.11279758352798	0.00185323074863955	0.0187443060120688	69	0.213942486338798	3.90253992395437	1.56994989791819	0.117622188176381	0.266329950763826	-5.75812088115552	VIPER Significant
ZNF664	-0.381448461562819	0.702870507121407	0.898884771744188	69	0.13023606557377	4.96522053231939	0.960794664270761	0.337532861979989	0.552753557995064	-6.52034485055671	Non-Significant
ZNF665	-0.778359960322254	0.436356836302962	0.731033496503406	30	-0.016369262295082	2.44963498098859	-0.302994171950873	0.762132456050314	0.876764518307825	-6.93323133230029	Non-Significant
ZNF667	1.57532706574432	0.115180969680283	0.310139178951563	73	0.0422678961748633	3.87123574144487	0.298237587887991	0.765755970520676	0.879023248577458	-6.93465395109054	Non-Significant
ZNF668	-1.57986227372498	0.114138410546622	0.308250055238787	68	-0.123060382513661	7.89872243346008	-1.85543087571523	0.0646470952505779	0.170266380610227	-5.27692301203286	Non-Significant
ZNF669	-0.0384592307675746	0.969321536552672	0.988291844401872	84	0.0222872950819671	7.83048288973384	0.19812079791454	0.843102729742797	0.92049911848202	-6.95937672678851	Non-Significant
ZNF670	-0.786882333595585	0.431350750163614	0.727009357511732	85	0.0118493169398907	3.56226996197719	0.103492439527379	0.917650571124288	0.960932076787336	-6.97357813505624	Non-Significant
ZNF671	3.08099892233787	0.00206307395515759	0.0195558731672294	91	0.999235724043716	6.28132319391635	6.94781487604311	2.88015031371146e-11	9.21938291855043e-10	15.0687473520079	LUAD
ZNF672	1.50026571723787	0.133545586138163	0.345081794581013	109	0.354863046448088	9.10135741444867	4.40056734580994	1.56730132327543e-05	0.00013759768715844	2.31829299895222	LogFC Significant
ZNF675	-0.0216592731889093	0.982719751431807	0.993796116820518	27	0.0225415300546448	2.73198479087452	0.321014248571146	0.748453078041278	0.869767428626818	-6.92763779085122	Non-Significant
ZNF676	-0.179196303264877	0.857783566313806	0.964077448423947	39	-0.0344453551912569	2.57053231939164	-0.674546332057406	0.500553159175757	0.699590932575903	-6.75267895697689	Non-Significant
ZNF677	-0.334145498831157	0.738269768125039	0.91015700421522	24	-0.0657584016393443	2.7717566539924	-1.11992594476857	0.263761175807677	0.469646768146908	-6.35625887557474	Non-Significant
ZNF678	0.849407717651235	0.395654460211745	0.695301363701815	30	-0.000916256830601089	2.50008745247148	-0.015735649901836	0.987457148202924	0.994382141872717	-6.9787847002443	Non-Significant
ZNF679	0.152998968944353	0.878399088381116	0.969719277426941	24	-0.0106217213114755	3.10703422053232	-0.146210435168477	0.883866632393823	0.943088852193913	-6.9682704039296	Non-Significant
ZNF680	0.670168472598224	0.502750399304465	0.780573681405281	74	0.156039822404372	5.88556273764259	1.15834704285768	0.247767194641785	0.450479363260291	-6.31291451877947	Non-Significant
ZNF681	-0.110038385264006	0.912378932704154	0.975138086781005	63	0.00555751366120206	3.16969201520913	0.0732550039271796	0.941658560465056	0.973170982506399	-6.97623754848723	Non-Significant
ZNF682	0.480974386671305	0.630534702828257	0.864442737748417	130	0.0540488387978141	11.1420456273764	0.449062016289937	0.653754614176677	0.810093475399269	-6.8785973204515	Non-Significant
ZNF683	1.58670545102077	0.11257937119133	0.30505987327852	99	0.855797745901639	5.82656653992395	4.31703636260106	2.23738937332314e-05	0.000187365694604221	1.98041993111074	LogFC Significant
ZNF684	1.13908525338296	0.254667597540452	0.534835071557647	93	0.305391734972678	4.41168441064639	2.36809415832348	0.0185994360936139	0.0627529741719872	-4.21771669241526	Non-Significant
ZNF688	2.62950409337651	0.00855095024428977	0.047784721953384	118	0.201452595628415	6.62839923954373	2.17582176867251	0.0304539057142575	0.0938823947980788	-4.64406866911186	VIPER Significant
ZNF689	-0.147381061579702	0.882831252951934	0.970699299316569	69	-0.0373230191256833	8.1908174904943	-0.549338095667699	0.58323690774704	0.765718748246231	-6.82882516548732	Non-Significant
ZNF69	0.273873657790512	0.784181715904832	0.933330730498678	98	0.0814025273224043	10.6080038022814	0.756052769136134	0.450290342427959	0.657601760048451	-6.6947678596028	Non-Significant
ZNF691	1.45775201890363	0.144908907943609	0.362833932292913	73	0.168639617486339	4.60599239543726	1.43939718393126	0.151220362582417	0.320071347051525	-5.95195012745163	Non-Significant
ZNF692	-0.12088156717842	0.903784842356655	0.975138086781005	268	0.0394165983606555	7.81276425855513	0.28995977778693	0.772074180497698	0.882251477903493	-6.93707607513642	Non-Significant
ZNF695	-2.98104771984389	0.00287264025658255	0.0228537636176395	103	-0.874414822404372	3.44695437262357	-5.9817092705829	7.13980103110817e-09	1.43791745647104e-07	9.71147989154276	LUSC
ZNF696	-1.73572195208203	0.082613010059082	0.241265843120104	109	-0.249626092896175	6.82033079847909	-2.37239641506737	0.0183888199430604	0.0621585646592397	-4.20778061966212	Non-Significant
ZNF699	0.0387589048510133	0.969082609375105	0.988291844401872	47	-0.134867349726776	4.8112319391635	-1.1834179595288	0.237706014099364	0.437933245095501	-6.28385087399817	Non-Significant
ZNF7	-1.41908737429301	0.155873544383099	0.380265519907409	63	-0.191644740437159	7.67256273764259	-2.12804972644958	0.0342576464395544	0.102945504679473	-4.74460689897579	Non-Significant
ZNF70	-0.693543192894203	0.487968729493763	0.768098926054997	47	-0.085770150273224	2.74688212927757	-1.47572793369698	0.141206314132488	0.305256415751579	-5.89967100917026	Non-Significant
ZNF700	-0.0252995024780401	0.979816070770267	0.992705677302334	84	0.067637363387978	5.34860076045627	0.609846056822732	0.542487312299708	0.733491809262117	-6.7939666707868	Non-Significant
ZNF701	3.31364325094811	0.000920889210511112	0.0145807458330926	94	0.601296994535519	4.93994296577947	4.18568900296866	3.87363730483952e-05	0.000306403899484442	1.46052333865955	LUAD
ZNF703	-3.46376181125843	0.000532677950693573	0.0133014479900131	41	-0.428720286885246	2.99037642585551	-4.64584668704211	5.34499114548078e-06	5.31487851930906e-05	3.34247311479428	LUSC
ZNF704	-0.168575574129711	0.866130494588545	0.9673587474139	80	0.0182329234972676	3.58031178707224	0.189402489436064	0.849922626124223	0.924608717440965	-6.96105773144054	Non-Significant
ZNF705A	0.150677036286325	0.880230488780046	0.969719277426941	32	-0.000520491803278763	2.67538783269962	-0.00786910489590883	0.993727359007815	0.997130749968783	-6.97887710287581	Non-Significant
ZNF707	-1.71379535337854	0.0865663170951813	0.249651075194139	75	-0.30399781420765	5.54367300380228	-2.56775124971057	0.0107859965087028	0.0398744563294824	-3.73846893054356	LogFC Significant
ZNF708	-0.0272751479902237	0.978240278523443	0.992659926537704	29	-0.0160831967213115	2.46538403041825	-0.292498419517791	0.770134871420465	0.881065353439977	-6.93634050035825	Non-Significant
ZNF709	-0.921316702930403	0.356885103136377	0.6600407178618	28	-0.173321379781421	2.86308745247148	-2.85270274459188	0.0046773725101266	0.0196593516979292	-2.99085392773467	LogFC Significant
ZNF71	0.600625236572655	0.548089625258895	0.81059042563472	61	0.151635109289618	3.35593536121673	1.91388854184597	0.0567135264098275	0.153441663533338	-5.16873938398977	Non-Significant
ZNF710	0.628594678206504	0.529614445273247	0.803879068718322	52	0.11843087431694	2.64245627376426	2.37728597631533	0.0181520038098637	0.0614800365561076	-4.19646719092728	Non-Significant
ZNF713	-0.120756953139359	0.903883546929188	0.975138086781005	96	0.0193724726775954	4.84334220532319	0.182519803543824	0.855314621758785	0.927892966818391	-6.96233139274515	Non-Significant
ZNF714	-0.026150090663994	0.979137624132856	0.992659926537704	24	0.0616770491803278	2.95061596958175	0.862270437189468	0.389319772892643	0.603792491325324	-6.60944298806823	Non-Significant
ZNF717	1.38125112401184	0.167201760491041	0.398275579930724	114	0.342799795081967	3.89098859315589	2.68688975855088	0.00766896241598909	0.0299569609349651	-3.43493566872998	LogFC Significant
ZNF718	0.255735888185485	0.798154781630815	0.938151362688331	62	0.0413174180327868	3.40813688212928	0.545845124491913	0.585632441381936	0.767278423123011	-6.83072662296842	Non-Significant
ZNF721	1.9417609314019	0.0521660485324059	0.175640636985761	70	0.187463592896174	7.71757794676806	1.78705056863367	0.0750742912159796	0.190808818554534	-5.3993195759041	Non-Significant
ZNF74	-3.2223598807223	0.00127139334065484	0.0160640938593085	65	-0.280317759562842	4.148	-2.61407234906612	0.0094598296383296	0.0357465105691027	-3.62200699150996	LUSC
ZNF740	-2.85344607597545	0.00432478669970329	0.0279381220800833	67	-0.254744398907104	4.19531939163498	-2.53720174850144	0.0117492445967779	0.0428865145299019	-3.8141937585378	LUSC
ZNF749	-0.370598785559094	0.71093638673729	0.899845433777605	49	-0.00673476775956286	3.20255133079848	-0.083933445594421	0.93317283391419	0.968823538708588	-6.97540229306173	Non-Significant
ZNF75A	0.688563739549709	0.491097846242557	0.769275481747555	75	0.314328825136612	5.18049049429658	2.66835366892164	0.00809322187802243	0.0312704966938003	-3.48301775692247	LogFC Significant
ZNF76	1.52641910374023	0.126905522977696	0.333399105995897	160	0.395148838797814	6.77128897338403	3.72864723528722	0.000235496318600079	0.00150517220508441	-0.237717894419761	LogFC Significant
ZNF765	-1.66544439467968	0.0958241285830375	0.268676246705214	101	-0.00838032786885254	2.54636882129278	-0.174018614838403	0.8619839392059	0.931114105948283	-6.96383950758096	Non-Significant
ZNF77	-3.16962099581311	0.00152637892250333	0.0172384752436565	133	-0.404841120218579	4.95077946768061	-3.20950654586656	0.00149368086870173	0.00740315775330014	-1.95103942665307	LUSC
ZNF79	-0.908162385887195	0.363792433714444	0.666786850654781	83	-0.0443114754098361	3.64116730038023	-0.403111958330381	0.687191497782107	0.832015010843656	-6.89806947536439	Non-Significant
ZNF8	0.964276171584257	0.33490748409197	0.637824984444022	33	0.106372199453552	3.54622813688213	1.34779873163625	0.178876307489024	0.360618722229003	-6.07806001602138	Non-Significant
ZNF80	1.49729917102912	0.134315430494188	0.34552534278024	148	0.217593579234973	3.59003041825095	2.27473731372194	0.0237225020707111	0.0766777312367376	-4.42906193130433	Non-Significant
ZNF805	-1.12504765258943	0.260568841873259	0.543428010699067	46	-0.283064480874317	5.54163878326996	-2.64851686767956	0.00857055382684984	0.0328550823624759	-3.53412457099225	LogFC Significant
ZNF808	0.546006481069606	0.585061482176059	0.829208998245836	35	0.0394887295081966	2.7734144486692	0.662321622382127	0.508341765901065	0.706003704082597	-6.76079770134716	Non-Significant
ZNF81	-1.5262001301448	0.126960031075837	0.333399105995897	42	-0.179472267759563	3.47309505703422	-1.84059086563494	0.0668015880975519	0.174583975638805	-5.30386630770581	Non-Significant
ZNF83	2.86020354902019	0.00423369173254305	0.0276818305589353	82	0.425819262295082	6.7658174904943	3.13620445168812	0.0019047464311739	0.00913366992768444	-2.17395136035342	LUAD
ZNF85	1.08937565721803	0.275988261601756	0.564918938513101	39	0.0157022540983606	2.55533840304183	0.261149718824308	0.794180263116994	0.89464181935836	-6.94497480133881	Non-Significant
ZNF90	1.07495556310714	0.282394623760647	0.57435887873381	53	0.0697842213114753	2.63396958174905	1.35104328945531	0.177836054715285	0.359034170040805	-6.07373259505167	Non-Significant
ZNF91	2.96700078622564	0.00300720190094746	0.0236908832684398	74	0.656625956284153	7.50004182509506	4.42777430535835	1.39412674450674e-05	0.000124109020449679	2.42954810916091	LUAD
ZNF92	-1.64491318877515	0.099987714708162	0.278414067678761	22	-0.1167875	3.1445247148289	-1.81455531902399	0.0707250002808325	0.182122249963287	-5.3506264799438	Non-Significant
ZNF93	-0.358525893064302	0.719949794151403	0.902031743641982	84	-0.106280396174864	7.15223574144487	-0.758880068763392	0.448599993358994	0.656321519180991	-6.69264110556232	Non-Significant
ZNF99	-1.19797716111853	0.230925908385742	0.500756924837841	47	-0.191205396174863	3.02606844106464	-2.6018682995142	0.00979423688134744	0.0367568272514622	-3.65288268332073	LogFC Significant
ZSCAN1	-1.51124270883344	0.130726624668635	0.339426847009398	102	-0.268185655737705	3.25521673003802	-2.76961363038017	0.00600969237256616	0.0243220288759779	-3.21651807078893	LogFC Significant
ZSCAN2	1.14079860553665	0.253953741058065	0.534030327876009	98	0.154675956284153	3.98072623574145	1.29421312146783	0.196720593719688	0.385315244295592	-6.1480446587356	Non-Significant
ZSCAN4	2.90708586590604	0.00364813042996409	0.0254788462667813	28	0.427418442622951	3.26238022813688	2.63569785629559	0.00889233116389136	0.0338892620874888	-3.56695872192781	LUAD
ZXDA	-0.417757635710086	0.676124327889431	0.890112916473151	87	-0.13806468579235	3.70779467680608	-1.38560296874614	0.167035346590868	0.343072617862035	-6.02700218708993	Non-Significant
ZXDB	-0.0165329423985524	0.9868092214422	0.993935063931376	91	0.059862431693989	4.5478783269962	0.490531978258257	0.624164171833468	0.791723141753727	-6.85922378304599	Non-Significant
ZXDC	-1.06528823010295	0.286745517347294	0.578152423490564	88	-0.335956420765027	6.96241064638783	-3.08019605938447	0.0022867070618574	0.0106522996122008	-2.34105197546058	LogFC Significant
