TF	NES	p_value	FDR	regulon_size	logFC	AveExpr	t	P.Value	adj.P.Val	B	category
ABHD14B	1.95772618660083	0.0502621507718114	0.187688960781727	78	0.483754212522857	4.93300606889559	5.50857640601766	1.26112783098403e-07	1.55009059921385e-06	6.47799969310773	LogFC Significant
ABRA	0.0837365811072194	0.933265871751093	0.999804859561379	6	-0.00314073035831044	-4.73115358801219	-0.0122262090213207	0.990258934948877	0.993822391101089	-6.66947311664149	Non-Significant
ACTL6A	-3.15882622971557	0.00158405909844932	0.0200149354011615	214	-1.09062693665549	6.54188838003789	-10.4682543293435	2.93998273109391e-20	2.73999929037445e-18	35.0133689464751	LUSC
ACTL6B	-0.023862373416963	0.980962387393892	0.999804859561379	6	0.0686929105646661	-5.90675213984573	0.251206595877185	0.801946327873912	0.863877404635926	-7.06805010810238	Non-Significant
ACTR5	0.372724118699904	0.709353783784653	0.924394678206888	10	0.0764034058640823	3.63367915636652	1.04111930658212	0.299242828771965	0.430136735823571	-6.87026802242667	Non-Significant
ACTR8	2.58176298376451	0.00982970672968777	0.0594815687347673	17	0.151844460550909	4.88486072339857	2.63234144181681	0.00923068676571315	0.0333035115399943	-4.14840681380723	LUAD
ACTRT1	-1.41387244357695	0.157399358209565	0.410888165179277	2	-0.0760251751037389	-6.59717864160239	-0.672493256948546	0.502148324470036	0.628392387157422	-7.44663550255658	Non-Significant
ADCYAP1	-1.71648859171426	0.0860726542265554	0.271459909483752	19	-0.0146012448445005	0.614592458850792	-0.0513905036618941	0.959072409797408	0.973497140448235	-7.06834088392943	Non-Significant
AEBP1	-0.0706814817708537	0.943651259376558	0.999804859561379	192	0.00451089165735873	7.76171999322668	0.0271939740951296	0.978335715028251	0.98618472682648	-7.91984264105767	Non-Significant
AEBP2	-2.14763642353525	0.0317426495421103	0.136635270051618	26	-0.494250954087576	5.91281726567995	-6.81799603135177	1.40780845940229e-10	2.88745430331097e-09	13.0206332804611	LUSC
AFAP1L2	-2.28602751632958	0.0222526488414797	0.106441836958411	13	-0.523837061228636	4.26828104951178	-3.47658669050099	0.000639170859196182	0.00335238593496773	-1.62473745405064	LUSC
AHR	2.63564977439852	0.00839763562196341	0.0525571649985187	54	0.283426304349587	8.20307186366621	2.39529072149671	0.0176525092181017	0.0569576245035881	-5.14475439419839	VIPER Significant
AHRR	-2.46515403391732	0.0136954361960402	0.0749703850622474	8	-0.773305679999261	0.643494332758516	-3.93065828621801	0.000121458061777739	0.00077401564578861	0.320101339272998	LUSC
AIRE	-1.0619590744635	0.288254264764047	0.591524839541339	21	-0.733181128010819	-3.1469087180893	-2.53475486787525	0.012120694376558	0.0417953279152625	-3.5929709309676	LogFC Significant
AJUBA	-1.25541582792054	0.20932784648169	0.489568851666724	9	-0.753141309561029	5.15098315294767	-5.2840729660326	3.6887775184149e-07	4.15097595758648e-06	5.41126987920791	LogFC Significant
AKIRIN1	0.500657717355472	0.616612034676006	0.877940168436639	33	0.0736291710446474	6.46811838262328	1.11336017068415	0.267066278028018	0.393090785136346	-7.13059770754772	Non-Significant
AKIRIN2	-2.25126386981186	0.0243688297224662	0.11332634007508	52	-0.337656636210356	4.97289013297638	-6.2545281306478	2.91626616999817e-09	4.80405051235114e-08	10.149918346316	LUSC
ALX1	-3.1505529373604	0.00162961721560305	0.0200283149209203	23	-1.43381408468967	-4.09652410865796	-3.41169979195279	0.000800262117032897	0.00408241985837955	-1.08996290195243	LUSC
ALX3	-0.0896962914463286	0.928528563061368	0.999804859561379	5	-0.46475561034504	-5.65902188440302	-1.82397905931011	0.0698448642212043	0.171481509252157	-5.29878517297683	Non-Significant
ALX4	-1.67356991281706	0.0942151557350249	0.289416281149335	14	-1.84891492685072	-3.69471645708538	-4.91847430943617	1.98559267870593e-06	1.91797397586618e-05	4.53059118091393	LogFC Significant
ANHX	0.094171063220253	0.92497327080522	0.999804859561379	9	-0.0626196235353423	-6.70033580408602	-0.802595918764923	0.423286681569742	0.556141649325017	-7.40626883684188	Non-Significant
ANKRD1	0.0757726739731496	0.939599956617789	0.999804859561379	13	-0.19577871857112	0.749537286482142	-0.617067199459816	0.537984840397364	0.656905076017531	-6.89462913653407	Non-Significant
ANKRD2	-3.3788315121699	0.000727946069317754	0.0184093164893283	60	-1.75729558611031	-3.12559066130472	-7.24323215020968	1.30188053982685e-11	3.15614545734297e-10	16.0032755404056	LUSC
ANKRD33	-1.93951051434644	0.0524392054890111	0.194015402997096	8	-0.938246974736373	-4.50068325295737	-2.99171082759539	0.00317091284630773	0.0134361787906749	-2.34334327127399	LogFC Significant
ANKRD49	-0.00145437833228898	0.998839574392192	0.999804859561379	16	-0.0869763836882952	4.82160885912578	-1.4475325342598	0.149519997394208	0.299137874754484	-6.50469649600901	Non-Significant
APBB1	0.546653843030864	0.584616570449269	0.861352268371468	50	0.248708412202541	3.63097670891168	1.91387739405897	0.0572523579095755	0.146458047686842	-5.59497309993691	Non-Significant
APBB2	0.115247661482835	0.908248821922575	0.998179367200467	34	0.104302630382578	5.86581966770932	1.23990851808333	0.216653586226264	0.337921172201087	-6.90708452328207	Non-Significant
APBB3	-0.217361687322813	0.827926486495614	0.979584900177126	113	-0.205392285901373	4.25397308967238	-2.08779203668107	0.0382509623378078	0.106200265687565	-5.32457967671724	Non-Significant
AR	1.472575418474	0.140865557084065	0.379864300915283	60	0.68525320643255	3.01450500312285	3.62485503632285	0.00037792290297871	0.00210750518805201	-0.995566702149657	LogFC Significant
ARGFX	0.00979774612192819	0.992182654710938	0.999804859561379	8	-0.345797156913158	-6.47286443735954	-2.66639243219047	0.00837871475461629	0.0307131017867314	-4.08519171705231	LogFC Significant
ARID1A	1.92017537587099	0.0548357508630037	0.199797838907443	40	0.10092030856926	6.87384527924812	1.62440427181314	0.106072308910263	0.230401824966339	-6.48782392642148	Non-Significant
ARID1B	-1.5326625051216	0.125359032101087	0.352725904049137	12	-0.226716306405261	6.3297341219611	-3.95372954878441	0.000111182460427489	0.000715159990053494	-0.216111592268333	LogFC Significant
ARID3A	-0.964537623017687	0.334776455329674	0.645215248511093	54	-0.357329960274953	3.35834783174442	-3.25556258252497	0.00135651731557174	0.00647236194282078	-2.22499166277822	LogFC Significant
ARID3B	-1.75047718126174	0.0800360082611245	0.258225389976587	40	-0.482925567007717	3.12442917096423	-5.0730922221989	9.84191098495173e-07	1.0140017865565e-05	4.67530883916531	LogFC Significant
ARID3C	-0.592449450878035	0.553549660661302	0.838673656311128	2	-0.215777085713437	-4.88378612775931	-0.891856958535738	0.373682687730005	0.507993621709474	-6.28808064307872	Non-Significant
ARID4A	2.54962949329738	0.0107837454909755	0.0627957817141154	99	0.281198886440897	5.67419036531583	4.38287718143806	2.00536063472207e-05	0.000155888758415013	1.49627288430534	LUAD
ARID4B	2.32974372398863	0.0198197001115815	0.0983155000596724	21	0.235881571533547	6.7813383795347	4.44871636115779	1.5246938689892e-05	0.000121702858380211	1.62519547519709	LUAD
ARID5A	-1.09781228195597	0.272286467259858	0.573399908516828	124	-0.49913118267877	3.59760233778448	-3.37109310125071	0.000919635403350303	0.00460732176182766	-1.89014417556958	LogFC Significant
ARID5B	-1.14745687726662	0.251192845720653	0.548528725057383	22	-0.24468156411431	6.54706330225558	-3.22369618539225	0.00150731971053679	0.00709279367397587	-2.69233269098892	LogFC Significant
ARNT	1.74019904678896	0.081824072957769	0.262176335840762	20	0.201727416450771	6.66036936175192	3.67919529092554	0.000310442231986374	0.00177356724114277	-1.2285108055657	LogFC Significant
ARNT2	1.72095379335382	0.085259208950912	0.270166799341297	11	0.0157343775039853	4.03747461123787	0.0854484629293115	0.932001623702844	0.954818494538814	-7.45430872654537	Non-Significant
ARNTL	1.06645113809984	0.286219755365496	0.58855218887337	6	-0.0542474550408966	4.6215620818884	-0.668629719966465	0.504604399684851	0.630566525438062	-7.3018596363507	Non-Significant
ARNTL2	-3.43067888015957	0.00060207286483345	0.0184093164893283	136	-1.58304170838344	5.13649537390647	-9.42983370761394	2.34842219647764e-17	1.42264061773763e-15	28.5166922313733	LUSC
ARX	3.47110278669795	0.000518325552769085	0.0184093164893283	54	3.06161677258625	-1.78818625103912	8.31787165208588	2.34021657634654e-14	8.76909136258984e-13	22.1288071234043	LUAD
ASCC1	0.280711789617909	0.778931465397218	0.95769480659915	36	-0.0769865036731956	4.92860511907027	-1.23021604240591	0.220251777773979	0.338735212131856	-6.80614462370581	Non-Significant
ASCC2	-2.5134353778612	0.0119561680212194	0.0680451602114156	43	-0.328988886262921	5.95166254707665	-4.73474223774111	4.48306994302525e-06	4.00923545027738e-05	2.90336114455848	LUSC
ASCL1	0.505857932875193	0.612956385620775	0.874718015528988	8	0.688391267608908	-2.18824009035414	1.25178009908166	0.212304803729808	0.337921172201087	-6.02385407592074	Non-Significant
ASCL2	-2.19941051311068	0.0278487457709939	0.125726135402082	18	-1.14481534105738	-0.964696659764129	-4.592333409623	8.30219474359601e-06	7.01228516651507e-05	3.00565310420214	LUSC
ASCL3	-0.362505594167219	0.716974243873612	0.926648564566493	4	-0.230378107606062	-5.1981831855703	-0.906498003171795	0.365907015035729	0.500269872030633	-6.32792515490263	Non-Significant
ASCL4	-1.49482114893563	0.134961125290763	0.367892673960846	2	-1.6541847019638	-4.9627947282627	-5.05219744549732	1.08304807348603e-06	1.10400609510036e-05	5.10417187683031	LogFC Significant
ASCL5	0.312796436714734	0.754435322734424	0.945499705864169	4	1.18301019279213	-2.98546895792991	4.55322926018452	9.80988736727728e-06	8.15396812432655e-05	2.97938488318819	LogFC Significant
ASH1L	0.893187848184304	0.371756584524663	0.677939469656162	48	0.163306807196487	7.16228664428652	2.47214219354385	0.0143772126661908	0.0481695314545553	-4.82387942648301	LogFC Significant
ASXL1	0.00547293704507524	0.995633249829073	0.999804859561379	4	-0.0552310137714597	6.97012054611277	-1.07682835076287	0.283025178034528	0.411462750970373	-7.234933798982	Non-Significant
ASXL2	-0.782266694123731	0.43405785610062	0.737751466079649	64	-0.118268003777505	6.5086184273603	-2.02634398759068	0.0442333626993663	0.119231851590208	-5.71841799689752	Non-Significant
ASXL3	0.186758186741782	0.851850232172735	0.989548990740305	12	0.208518841646649	0.34146590511245	0.905003331220498	0.366696117742486	0.501025659786917	-6.63209931972796	Non-Significant
ATAD2	-2.29581682151201	0.0216863572191544	0.104229405869094	204	-0.518756165301872	6.37048557321812	-4.90633250267603	2.09677193181182e-06	2.01389838660204e-05	3.58681465101172	LUSC
ATAD2B	-0.892973755583087	0.371871227257885	0.677939469656162	13	-0.199251938502929	5.36320996817736	-3.09157197328142	0.00231410268272494	0.0102663844039356	-2.94483171694826	LogFC Significant
ATF1	-0.470259196199068	0.638169845953403	0.888705203855649	25	-0.083200822157984	5.40133047514063	-1.3898526593486	0.166322432488235	0.323874303520447	-6.65468005791849	Non-Significant
ATF2	0.894488377056296	0.371060645789181	0.677939469656162	63	0.205377745418027	6.55800654422417	4.24047108952831	3.59093359272008e-05	0.000262276800343267	0.832490715991384	LogFC Significant
ATF3	0.598868650666959	0.549260478168365	0.836239703419619	12	0.0699133004791982	6.19282691877115	0.41799680593434	0.676457060213931	0.772837763045489	-7.62818882262156	Non-Significant
ATF4	-2.87177166480639	0.00408177776727946	0.0313449231618331	39	-0.26091666538088	8.04511130487494	-3.87705125876465	0.000148930783672863	0.000926579271057258	-0.713941196829374	LUSC
ATF5	-2.88328082074727	0.00393556419820036	0.0308929467503472	71	-0.539034900961497	4.73556853510658	-4.69078933819639	5.4298386485021e-06	4.78777975164925e-05	2.85760115893718	LUSC
ATF6	1.99224163725721	0.0463445518176098	0.176004167488805	64	0.327348639765775	7.15349052284627	5.65093816331712	6.29018924840934e-08	8.21356351281903e-07	6.89635000839636	LUAD
ATF6B	-0.164812253122864	0.869091759337991	0.990922442968231	48	-0.02748534475108	6.59084081076656	-0.308583976001961	0.758001577795201	0.832253854680211	-7.71843963380064	Non-Significant
ATF7	1.69015748093767	0.0909978304081675	0.28343355238761	26	0.0843371438181665	5.48428706071314	1.57354673890175	0.1173813807146	0.24898161479963	-6.3949641017017	Non-Significant
ATF7IP	-1.30841461895213	0.190732716821469	0.465497781578354	32	-0.275320338587047	6.478374415824	-3.76127298522324	0.000229699510231696	0.0013596009395894	-0.921619052370063	LogFC Significant
ATF7IP2	-0.10487150120208	0.916477772988815	0.999804859561379	9	0.0797346499717455	3.4338507919657	0.628277620502722	0.530633445762101	0.651195309804661	-7.19137270228316	Non-Significant
ATMIN	-0.170768421358551	0.864405860400188	0.989548990740305	36	0.00245733105901191	6.62776891126333	0.0459216534066477	0.963424561382444	0.976395583160866	-7.76989129352758	Non-Significant
ATOH7	-0.831137899601115	0.405895731633393	0.719086882585085	11	-0.964984385923243	-4.70961784072984	-3.30330826831483	0.00115664091483818	0.00562523459738658	-1.43112604888403	LogFC Significant
ATOH8	3.25418480756744	0.00113718274602689	0.0184093164893283	106	1.69792087559213	2.01187733130232	6.92891845226648	7.62133743898896e-11	1.63292369229639e-09	14.0033798189742	LUAD
ATP1B4	0.0299469372232703	0.976109372127944	0.999804859561379	7	0.135482993566844	-6.44554611131389	1.0372870586246	0.301019728577089	0.43192222841117	-7.01884082938221	Non-Significant
ATXN1	-0.73027662454495	0.465221113588833	0.764835693289661	16	-0.0684949573790067	6.20145317709337	-1.10024812061821	0.272720926879922	0.399599098310108	-7.11147109339986	Non-Significant
ATXN1L	-0.33240652684145	0.739582310778853	0.94045611939153	23	-0.077078278776073	6.32277857733519	-1.29883187953648	0.195694275040288	0.337921172201087	-6.88954368596752	Non-Significant
ATXN7L3	-2.12705638787913	0.0334153983221765	0.140442542320612	9	-0.119960461448038	6.2571933054451	-2.03310918878615	0.0435379006258311	0.117750178647145	-5.67337348729213	VIPER Significant
BACH1	-1.75691066951683	0.078933036737562	0.256596231077285	24	-0.35419677843061	6.74742565179399	-5.28240898022803	3.71782828306639e-07	4.17720048602598e-06	5.21720301312436	LogFC Significant
BACH2	-2.01249304737856	0.0441679888496642	0.170208880918401	39	-0.785487795695541	2.75677044649792	-5.56538972303215	9.56745411680192e-08	1.2065662210349e-06	6.97047601478605	LUSC
BAHD1	0.471668332217933	0.637163544267429	0.888705203855649	27	0.0327428969875229	4.61915420620321	0.368591230634164	0.712873740070364	0.798751362704405	-7.457358323747	Non-Significant
BARHL1	0.89423902425846	0.371194016717989	0.677939469656162	4	-0.0239279391578838	-6.67419685976304	-0.399645385979295	0.689900459199703	0.783023866825132	-7.63513518693533	Non-Significant
BARHL2	-0.0178680523529875	0.985744115472918	0.999804859561379	2	-0.176149793022041	-6.49788801150401	-1.33633837664831	0.183157279299501	0.337921172201087	-6.71058526468132	Non-Significant
BARX1	-2.19040529098054	0.0284948566459959	0.128058682107128	31	-1.56229675979793	-1.88886775535705	-2.82144359458131	0.00532834961946528	0.0209195585785132	-2.95568546164216	LUSC
BARX2	0.787887354463812	0.430762598544827	0.735886105847412	7	0.638745268840097	1.72424317677373	1.85622471120155	0.0650869086903166	0.162433174870792	-5.48810657304607	Non-Significant
BASP1	-1.41961878844179	0.155718692551752	0.408939677564013	19	-0.403211480759215	5.3830343199451	-2.72219146771203	0.00713492629119353	0.0268635232105456	-3.97495842265416	LogFC Significant
BATF	1.03469250525719	0.300812537277045	0.606150839909311	162	0.605580657098198	1.82098335736741	3.75441992473032	0.000235594532833904	0.00139010385855996	-0.42451644612042	LogFC Significant
BATF2	0.806594616232023	0.419900076526391	0.729739838876748	54	0.600713365181487	3.16503339033342	3.26539819383047	0.00131288522542113	0.00628717086210988	-2.17361665199268	LogFC Significant
BATF3	0.351099243609443	0.725513895383609	0.928063110413319	71	0.317815160310477	1.42425474646334	2.12990214252908	0.0345639878552795	0.0978809664424147	-4.92154629592018	Non-Significant
BAZ1A	-0.689162579559157	0.490720962456712	0.786990253980106	22	-0.125480891179601	6.97136736149391	-1.47265776794684	0.142622629581292	0.288660215132989	-6.73320255906311	Non-Significant
BBX	-2.03720742934942	0.0416292596641142	0.163986632676873	47	-0.38828168946197	6.84291837971148	-4.9787844805087	1.51274498502111e-06	1.49529023519395e-05	3.84471801190051	LUSC
BCL11A	-3.24797740807472	0.00116228498771036	0.0184093164893283	67	-2.09037677824609	3.23206002159824	-11.4357166369553	5.08461749772785e-23	6.99286070241566e-21	41.5925454114907	LUSC
BCL11B	-2.14369452177768	0.0320573714402434	0.137034896869073	62	-1.0974744575795	3.58879586016925	-7.22741904691657	1.42429949750472e-11	3.42808791549124e-10	15.5091364688965	LUSC
BCL3	-0.0516804766883179	0.958783293793775	0.999804859561379	16	0.0247977050034742	4.7646761982947	0.224357704535611	0.822738238752207	0.87923928967458	-7.51729586072988	Non-Significant
BCL6	-1.63537445999812	0.101970573022778	0.306674971860422	8	-0.306811662462353	6.37805595444023	-4.12824290622863	5.62742579354406e-05	0.000391150411553204	0.42581421781626	LogFC Significant
BCL6B	1.13227436422046	0.257519104385695	0.554107539345338	41	0.258524632110858	4.02003475383841	2.47101497535423	0.0144210538577824	0.0482846260433687	-4.44763857077603	LogFC Significant
BCL9	2.36568282483955	0.0179968550830968	0.0917656900049275	46	0.474108340739331	5.72751798331323	5.82620068355277	2.63041574789435e-08	3.67925606782166e-07	7.91701162244708	LUAD
BCL9L	1.04441254950128	0.296294559918501	0.601268455430574	79	0.249502372701116	5.04421609955784	1.86309514930298	0.0641087933182491	0.160440665754804	-5.85164741221073	Non-Significant
BCLAF1	-0.679359577765328	0.496910055463487	0.794818711326548	41	-0.0522083050492044	7.96839376959568	-1.09521320600089	0.2749140591179	0.402198746830931	-7.34793825213348	Non-Significant
BCLAF3	3.25160870089043	0.00114753886083669	0.0184093164893283	76	0.456226816503383	4.23731171819342	6.03079250102813	9.30950110422983e-09	1.40227172850109e-07	9.09182005390919	LUAD
BCOR	3.01373422334502	0.00258053761358873	0.024646026544392	34	0.252294462605665	5.93789777129863	3.2207617426852	0.00152196264429411	0.00714781643909093	-2.62625782633021	LUAD
BCORL1	0.850684821240879	0.394944457158282	0.704656673562156	23	0.00903740720481132	4.28519643866581	0.0921502088468779	0.926683104563677	0.951054746860297	-7.48231241642942	Non-Significant
BCORP1	-0.779325864367683	0.435787782499018	0.739440587027472	43	-1.83249080670351	-3.52781867709911	-3.46343226933786	0.000669141608973694	0.00348729413296143	-0.948317822933381	LogFC Significant
BEND3	-0.356607159693587	0.721385916788365	0.927826060709236	9	-0.0472371771924127	2.84511852266454	-0.475660638882904	0.63490377909145	0.739290032329867	-7.20871127821192	Non-Significant
BEND5	-0.792961203155479	0.427800427042564	0.734687422593881	7	-0.448992592996933	0.755463652261483	-2.53028315377539	0.012270675006112	0.0422466555048047	-3.94502234706568	LogFC Significant
BHLHA15	-0.523946311894552	0.600315882142974	0.872042376880141	41	0.162626568386863	-1.90712831158576	0.608109296889813	0.543895949673384	0.662216808515093	-6.63942032201856	Non-Significant
BHLHA9	0.000456620060322178	0.999635669916377	0.999804859561379	3	-0.0982077516097923	-6.7146358060319	-1.97673318660497	0.0496278985992506	0.130949714706843	-5.79649736373844	Non-Significant
BHLHE22	0.996632427144144	0.318942960025688	0.626599360556205	76	0.332441660114552	1.78031168706438	2.30494949183598	0.0223321607960341	0.0690125659360169	-4.58328661324148	Non-Significant
BHLHE40	-0.3542221500713	0.72317240501927	0.928063110413319	4	0.0750358797923973	8.66732849796638	0.766777257393903	0.444237372274578	0.576184918960165	-7.75054476120778	Non-Significant
BHLHE41	-0.322824774331031	0.746827949519256	0.945417360166468	57	-0.305645417211716	5.18944515544665	-2.05281441151283	0.0415650594720169	0.113428346962744	-5.50414287968715	Non-Significant
BICRA	-0.823350825072788	0.410308518708659	0.722445060548374	21	-0.210439287178946	2.4902402974673	-2.1423763440033	0.0335323481046061	0.0956032645479038	-5.01386243131989	Non-Significant
BICRAL	3.1158174261946	0.00183435805026671	0.0208189515869451	88	0.336409083376658	5.564976508594	5.70769500234133	4.75169564897074e-08	6.34798594889801e-07	7.35852896623711	LUAD
BMI1	0.770358075722781	0.441087515206828	0.745285801556365	6	0.0555440021305775	5.76972156921285	0.777222087599196	0.438067212106238	0.570041891196472	-7.36073689218687	Non-Significant
BMP2	1.64509913714227	0.0999493685229163	0.302407050244788	23	0.618613884091518	4.2159266598117	3.10357238558495	0.0022269762706497	0.00993877517174886	-2.77778656424471	LogFC Significant
BMP4	2.46147156617021	0.0138368365031367	0.0755385992793524	35	1.16786964317583	2.80043268794347	5.68611308445577	5.28762324864326e-08	7.00875219146811e-07	7.54246306545476	LUAD
BNC1	-3.58438458230547	0.00033787393201409	0.0184093164893283	172	-6.85437596303626	0.590976924385016	-21.8582979004276	4.05104801155323e-52	2.2904625457322e-48	107.568161916413	LUSC
BNC2	-0.161577721224982	0.871638402638665	0.991209871137463	98	-0.177452886171272	3.89615681034267	-1.16788305749751	0.244427619481723	0.367681915719137	-6.76083972788346	Non-Significant
BPTF	1.27093500977015	0.203751770207331	0.482124749721579	22	0.155040312327928	7.04909326368922	2.44505557742881	0.0154641450656282	0.0511016113982661	-4.87383741928043	Non-Significant
BRCA1	-2.35803140914843	0.0183721384036969	0.092737753902078	186	-0.675334234430402	4.68476041466039	-5.69495664729634	5.06122870282882e-08	6.73496708538805e-07	7.39346103632347	LUSC
BRCA2	-2.83582986759346	0.00457067870562286	0.0331497960996257	31	-0.524592548907578	3.91109418032074	-5.34299251641419	2.79119764800746e-07	3.21851084333803e-06	5.81471656877062	LUSC
BRD1	-0.471950512650695	0.636962111980872	0.888705203855649	31	-0.203824667030938	4.74558956889908	-2.24888523069011	0.0257550578828333	0.0775440432770757	-5.03998598857977	Non-Significant
BRD2	-1.17232204858398	0.241067782649879	0.535143840158681	11	-0.145990238474838	8.20280220927437	-3.16486695242786	0.00182737354629103	0.00835619430954036	-3.08733497252392	LogFC Significant
BRD3	-0.670413614256588	0.502594158279712	0.800093198431612	26	-0.132882674544816	4.44261805866744	-1.54728735618483	0.123583410448083	0.25902732614141	-6.31267934460783	Non-Significant
BRD4	-2.7901022758777	0.00526913938107544	0.0365024172985536	84	-0.548700627938097	5.65121123303724	-7.19191190204728	1.74213655732325e-11	4.12519129157519e-10	15.104984169607	LUSC
BRD7	-0.639711104505257	0.522360434794522	0.814768721663195	23	-0.0654934368497809	5.29927613051079	-0.930515666808147	0.353373901538915	0.487378124103896	-7.1728601702688	Non-Significant
BRD9	-0.790627691753097	0.429161282496138	0.735652744483568	33	-0.23292282430957	5.59594884501585	-2.80803074358007	0.00554531939957373	0.0216478038332726	-3.77208423437219	LogFC Significant
BRDT	1.76020788119111	0.0783725662003932	0.256095780125273	10	2.14986728703922	-1.99643352343273	3.46214035364061	0.00067215509141699	0.00349798363487881	-1.05480624547466	LogFC Significant
BRMS1	-0.960135384431973	0.336987081909214	0.647234271085671	87	-0.306576501984154	4.55045835976613	-3.21023477603748	0.0015755866870746	0.00736499211450287	-2.495959887666	LogFC Significant
BRMS1L	0.436488233309672	0.662482534588043	0.899883307631763	8	-0.128126443181925	4.33403861230355	-1.64361258622937	0.102034678772267	0.223538841176458	-6.14827149245637	Non-Significant
BRPF1	-0.401516805489926	0.688039667709317	0.911788715321912	51	-0.0601966096742905	4.41864625040862	-0.877577881600283	0.381364678694868	0.515462256695364	-7.11680313567162	Non-Significant
BRPF3	3.26630870655302	0.00108959396367561	0.0184093164893283	42	0.543296402697627	6.230515454306	7.33792926832462	7.58470061067786e-12	1.92017450385549e-10	15.8602947379654	LUAD
BRWD1	1.19965401066302	0.230273740948318	0.518028697328109	17	0.0321868153213641	6.66724143952302	0.525784811828326	0.599697065854561	0.710471803247234	-7.6373517667656	Non-Significant
BRWD3	0.0509585918952048	0.959358516532932	0.999804859561379	21	-0.100488801564679	5.76848803896707	-1.36554610324756	0.173817557468969	0.3349928895653	-6.73246371194303	Non-Significant
BSX	0.0336487500602092	0.973157247331339	0.999804859561379	5	0.00620181561541001	-6.65933455093681	0.0753212368201304	0.940044346467341	0.960756323973912	-7.70471112683809	Non-Significant
BTBD18	0.0553714553332228	0.955842536282277	0.999804859561379	5	-0.223778397430005	-3.9030081493479	-0.987639021664028	0.324680156661597	0.457409993978528	-6.19085989668241	Non-Significant
CALCOCO1	2.81594178936399	0.00486344778095114	0.0345253236463987	89	0.212040753454142	6.83411701428855	2.78407015063178	0.00595301922083988	0.0230168935545671	-3.9895699480444	LUAD
CAMTA1	0.0343711449084533	0.972581192898317	0.999804859561379	28	0.152653983286663	4.76354768003089	1.7842579572608	0.0760979948251381	0.181986693218407	-5.9602634979863	Non-Significant
CAMTA2	0.740546834761645	0.458968253857978	0.757033844007125	135	0.114621895049499	4.86754426409978	1.34607383317276	0.180003387338491	0.337921172201087	-6.65066710778911	Non-Significant
CARF	2.51803306912309	0.0118012240529962	0.0675002385802976	72	0.29025350100073	3.93896579163054	3.57435118769768	0.00045283547364419	0.00247375050046788	-1.26557997651433	LUAD
CASZ1	0.418884661520213	0.675300427424686	0.906870694315637	14	-0.231109961411446	3.08989778304025	-1.7361588389915	0.0842790821810876	0.19545003911622	-5.85302055740854	Non-Significant
CBFA2T2	-2.14089480808058	0.0322825219349262	0.137405903744209	15	-0.412154275515428	5.45967396561844	-5.26245375227766	4.08404146835588e-07	4.56146914308071e-06	5.27786346826402	LUSC
CBFA2T3	-0.476862125439824	0.633460303482719	0.887049657008965	32	-0.413706453222311	1.96327269637113	-3.42808916306439	0.000756322123443799	0.00388631804236708	-1.53157236095355	LogFC Significant
CBFB	-0.475393293876163	0.634506673460092	0.887049657008965	25	-0.0594186828093716	6.54005135780093	-1.15124818953238	0.251185821714317	0.375263254859068	-7.09697821150817	Non-Significant
CBX1	-2.40009310582757	0.0163909021925265	0.0855307078046383	103	-0.364450303218689	6.69710403945394	-4.57795325442968	8.82865624559373e-06	7.40733720879278e-05	2.1606090439149	LUSC
CBX2	-1.83459940966415	0.0665650662215697	0.228988387053311	73	-0.811842299393836	3.29750368682898	-3.96147621403147	0.000107921703008836	0.000697802259124222	0.156208367253349	LogFC Significant
CBX3	-0.0602615464212223	0.951947327770264	0.999804859561379	51	0.0326071241228251	7.83523811940376	0.498973996495903	0.618418433899489	0.726427526025148	-7.80523004528149	Non-Significant
CBX4	0.686012079538691	0.492705491123199	0.78872137981395	33	0.291279403028984	3.71031943573564	3.21217344617517	0.00156558121505119	0.00732629811560555	-2.39630416777784	LogFC Significant
CBX5	0.901786560099685	0.367170260569092	0.676738581177345	14	0.0769835205565616	7.11166032728044	0.893435496675926	0.372839419476991	0.507145327439352	-7.43380177516934	Non-Significant
CBX7	1.18475072441442	0.236116020449663	0.528237288511551	109	0.128701298398142	4.84604175698052	1.18968644278993	0.235766007671719	0.357343043760967	-6.84519929174102	Non-Significant
CBX8	0.664822594986601	0.506163968972827	0.800343630394276	38	0.228612379523654	2.41567590873011	1.89370598673552	0.0598984310509649	0.151890744130134	-5.49643322914914	Non-Significant
CC2D1A	-0.512104817689937	0.6085776529749	0.873889277451561	60	-0.241192895084924	4.42810576653421	-2.08271647299274	0.0387173487594701	0.107179360731933	-5.35487045236386	Non-Significant
CC2D1B	1.40737314984804	0.159316768687178	0.413316403640336	22	0.244246423462682	5.51915277040855	3.60461930003374	0.000406415588993331	0.00224987637744937	-1.3433908990048	LogFC Significant
CCAR1	-1.66649461056691	0.0956149407510466	0.292375062357462	22	-0.0612397551421305	6.85858688906419	-1.3504395352434	0.178602366712421	0.337921172201087	-6.88987959627395	Non-Significant
CCAR2	-0.120001151955859	0.904482235425054	0.997055212840934	27	-0.157364934069981	5.59812112561565	-2.1953584812233	0.0294412930415215	0.0863238051115451	-5.2567986272574	Non-Significant
CCDC62	0.0236499512168851	0.981131827968303	0.999804859561379	7	0.450277994864969	-1.61963986360603	2.93008749295907	0.00383628005034007	0.0158374936428367	-2.68068741927335	LogFC Significant
CCDC85B	-0.48934576446922	0.624596926263409	0.882429834643593	78	-0.512480288105083	-1.01004627012075	-2.38508194420073	0.0181338721825056	0.0582109651702613	-4.11703664377354	Non-Significant
CCNC	-1.62278147348638	0.104636127507077	0.312818422859698	76	-0.25497884490827	6.39338674850936	-3.6051754968808	0.000405606098457684	0.00224563942183851	-1.44699350740455	LogFC Significant
CCNK	-3.11068567552628	0.00186653507617086	0.0208189515869451	17	-0.363459851368293	5.87382454420075	-6.67502510752948	3.08021734278524e-10	5.98244044675457e-09	12.255733583003	LUSC
CCNL1	-2.91196032275256	0.00359168255298481	0.0295595302897274	40	-0.578752226329713	7.72286882878287	-6.99816354900253	5.18191594201563e-11	1.13707190437864e-09	13.7886565370318	LUSC
CCNL2	0.98280914062436	0.325701382279962	0.633330521096495	110	0.0588029000295516	7.49028841425253	0.587034285012543	0.557930110104163	0.674302479164935	-7.71087416343772	Non-Significant
CCNT1	-1.64420118878507	0.100134651485371	0.302512052382122	57	-0.310349920455036	6.14087420062009	-5.25106657380039	4.30850260764712e-07	4.79009096990893e-06	5.14709729119745	LogFC Significant
CCNT2	1.41358676712551	0.157483268884044	0.410888165179277	42	0.0976039987824548	6.33628049366913	1.76644714218486	0.0790478035584289	0.186880994790662	-6.18152417616416	Non-Significant
CD40	0.463815051713432	0.642780258505509	0.891813217774563	110	-0.134651471384854	5.04869894151611	-1.02679089123049	0.30592271969801	0.4372927193054	-7.04895000675199	Non-Significant
CDC5L	0.430056796646206	0.667154326270086	0.903175903959976	99	-0.0219670827848044	6.51832387931904	-0.394453546613073	0.693721969532551	0.786043572979827	-7.67890815065171	Non-Significant
CDC73	1.05415394968963	0.291812439502659	0.595783730651263	43	0.135723310913237	6.37857926739124	2.65900762334717	0.00855721901236962	0.0312436425818641	-4.25995840894056	LogFC Significant
CDK12	0.102030647897235	0.918732348515582	0.999804859561379	25	-0.00752361727924516	6.78034195377332	-0.137604650877635	0.890709580703694	0.926694903367168	-7.78105687695269	Non-Significant
CDK13	0.651386956786983	0.514796728200514	0.808200338765788	11	0.0764349414074291	6.2419538860827	1.4657557888581	0.144492348220014	0.291503381234532	-6.6502910967245	Non-Significant
CDK14	-0.505734863396952	0.613042790375717	0.874718015528988	43	-0.200610734538587	5.31496999516754	-1.78735186134105	0.0755949347165786	0.181081949253298	-6.01988592047717	Non-Significant
CDK15	0.586070559977294	0.557828099158257	0.842007774628866	63	0.115163372251895	0.453324320945167	0.597627630415791	0.55085367281763	0.66836929814726	-6.8739159144844	Non-Significant
CDK16	-1.49900930051694	0.133871219299782	0.366033938945924	69	-0.311252870037355	6.54712321478611	-4.00092771174911	9.26794402366687e-05	0.000609738940488504	-0.0699703342474649	LogFC Significant
CDK17	-1.88449851678034	0.0594975752486292	0.210823331058935	28	-0.217445157939591	6.01726303793269	-3.75359558620203	0.000236313200865497	0.00139339901961086	-0.892028969853962	LogFC Significant
CDK18	0.600318883668629	0.548293736065482	0.836239703419619	23	0.0594278212914005	4.56125187865758	0.430278255818255	0.667517655603522	0.765822776368328	-7.42590428610937	Non-Significant
CDK5	0.0541752252610454	0.956795559067735	0.999804859561379	28	0.0430339864481292	3.66044502491593	0.501162017334265	0.616880964190125	0.725223801801995	-7.28899059633352	Non-Significant
CDK5RAP2	-2.01180489302497	0.0442405079610379	0.170208880918401	59	-0.341130141459187	6.30559621186764	-3.48098138311603	0.000629441962211203	0.00331022981491105	-1.84849091707368	LUSC
CDK7	0.754901093342491	0.450308329722107	0.752433438299227	40	0.150520383571416	4.41292336085313	2.13910857061333	0.0337999981992829	0.0962207948737739	-5.23671823309968	Non-Significant
CDX1	-1.56558392800591	0.117446055004268	0.340504249455818	58	-0.519899249055916	-3.22201642467403	-2.13238810205715	0.0343562397807935	0.097449922936759	-4.49008521829856	Non-Significant
CDX2	0.380512583495126	0.703564957517213	0.92142312555579	12	-0.1076386377399	-4.4740978992067	-0.252372612498474	0.801046440652899	0.863310089356647	-6.62948638733029	Non-Significant
CDX4	-0.00137343029380496	0.99890416151775	0.999804859561379	5	-0.150573317890067	-6.69770166818061	-2.12288588714923	0.0351561734655108	0.0992541635023293	-5.49422819695585	Non-Significant
CEBPA	-0.542981511788423	0.587142531937709	0.862889061201798	10	-0.0545471021530259	-6.0990589059351	-0.308228305341098	0.758271729935554	0.832359727114991	-7.20019729963007	Non-Significant
CEBPB	-0.589632917055642	0.555436778250102	0.840265427337692	35	0.00895613698227233	5.02177324517222	0.0926068820398819	0.926320805268434	0.950823651635027	-7.56863902732283	Non-Significant
CEBPD	2.26380526180706	0.0235860947606101	0.110141591036605	17	0.487683880814959	3.90252512231086	4.37554754043563	2.06710432418388e-05	0.000160174616476962	1.66529396861938	LUAD
CEBPE	-0.556389751543318	0.577944443369701	0.857627355744014	13	-0.192804013361554	-4.10165934592172	-0.694487169960938	0.488289015348511	0.616262179990187	-6.42633432482304	Non-Significant
CEBPG	-3.21071556874889	0.00132404917666803	0.0184093164893283	68	-0.648323221251526	6.01750111261726	-7.8453272197263	3.96090074725626e-13	1.23425839206909e-11	18.7965730255582	LUSC
CHCHD2	-0.214217040549695	0.830377808076189	0.979584900177126	85	0.00527759080779865	6.26487089709173	0.0684876143223509	0.945474931316985	0.964238068700598	-7.72252639664204	Non-Significant
CHCHD2P9	-0.352015094284781	0.72482694248534	0.928063110413319	53	-0.434189530062301	-0.798309559940877	-1.36895728085128	0.17275060050667	0.333507362371289	-5.99563034383332	Non-Significant
CHD1	1.50275159334713	0.132903112821856	0.365420724379359	52	0.200694131422009	6.26496163750521	3.35988971492791	0.000955387636276388	0.00475832976994815	-2.23334813915098	LogFC Significant
CHD2	2.40405161306953	0.0162144838314743	0.085274602139874	16	0.177216337235182	8.03162534661802	3.29687549014048	0.00118187005334012	0.00573314008906246	-2.65960275998513	LUAD
CHD3	-0.104232211025832	0.916985072482461	0.999804859561379	18	-0.192099034645373	7.72802077246671	-2.74032092627608	0.00676834942155198	0.0257159881031206	-4.22270291451059	LogFC Significant
CHD4	-0.00660770968387479	0.994727848826289	0.999804859561379	10	-0.0456776650007516	8.12766818550967	-0.868065221786069	0.3865362419189	0.520571239641638	-7.59248915087209	Non-Significant
CHD5	-0.780100812271973	0.435331538387117	0.739290837379305	7	-0.699605117678999	-2.97506289318564	-2.47681039680722	0.0141969105471965	0.0476894726082533	-3.74403021443289	LogFC Significant
CHD6	-2.94781699206412	0.00320026458090911	0.0278326040824519	21	-0.284084406527918	6.6688491079955	-3.84388907262573	0.00016877813241198	0.00103600048804777	-0.653853516421596	LUSC
CHD8	-0.0603011914895606	0.951915753003356	0.999804859561379	15	0.0377737338572444	6.9096971533013	0.622084369423401	0.534688394545024	0.654246606988196	-7.61324294219527	Non-Significant
CHUK	1.67765902998359	0.0934136818792297	0.288179006304494	38	0.192450098233598	5.77754830474384	3.27141973396334	0.00128682119398438	0.00618038539661061	-2.45120125833811	LogFC Significant
CIART	-1.39847093859153	0.16197169371169	0.416113980392308	10	-0.697484666386824	2.96167013777265	-4.18864422595323	4.42364029154632e-05	0.000315902739079573	1.03903122111248	LogFC Significant
CIC	-0.805338201536371	0.420624542765951	0.730367075554706	67	-0.440533581738039	4.95758462586059	-3.29372207970665	0.00119442405985798	0.00578246244029426	-2.28559509832372	LogFC Significant
CIITA	1.77613328148649	0.0757109518087382	0.251410416832653	125	0.412621479802062	5.61075188076377	2.75005300789042	0.00657868820197926	0.0250928062248645	-3.92874009231729	LogFC Significant
CIPC	1.29806563502246	0.194264781849514	0.469672920978524	32	0.104911719113392	5.27038453740638	1.81103871224113	0.0718335602236742	0.174853984479401	-5.97258362959638	Non-Significant
CIR1	1.41358880608775	0.15748266986722	0.410888165179277	38	0.146852739850462	5.48395081078878	3.16613584395631	0.00181985148329492	0.00832703557044738	-2.73734889143916	LogFC Significant
CLOCK	2.10068514840099	0.0356686138876512	0.147142187474931	97	0.355932885606314	6.07147926744069	4.89174875556935	2.23829562044856e-06	2.136921406044e-05	3.55949001133891	LUAD
COMMD7	0.762478866499253	0.445774251669733	0.749422988790371	15	0.117312607887915	5.43009536580623	2.110947486586	0.0361838776759294	0.101519148669424	-5.41429529885573	Non-Significant
CREB1	0.487782499628971	0.625703908486426	0.883372559486459	22	0.0649688684722239	6.45302273567294	1.46842057151072	0.143768236351378	0.29042439360763	-6.67297291230142	Non-Significant
CREB3	0.515529399953963	0.606183130624972	0.873889277451561	21	0.206055269757918	5.27263705374983	2.4599665024403	0.01485709944478	0.0494452820370878	-4.61845275472524	LogFC Significant
CREB3L1	2.86669134792507	0.00414787326447469	0.0313449231618331	38	0.955614309611719	4.60542567813979	5.7784186108442	3.34177742060736e-08	4.57861297321018e-07	7.80641828323741	LUAD
CREB3L2	3.18394163352027	0.00145284303534466	0.019375689142682	52	0.675193656326956	7.54440631321115	7.53997265348102	2.36760205425739e-12	6.50319566329703e-11	16.85382540726	LUAD
CREB3L3	-0.306299525391697	0.759376600544427	0.945520470855199	10	0.327276737042603	-5.1187961522134	1.31332112085923	0.19077788221857	0.337921172201087	-5.8646685456004	Non-Significant
CREB3L4	2.29876890193337	0.0215180655865694	0.104168177743176	53	0.627999157039038	4.22328672936363	5.69217222521042	5.13146802193354e-08	6.81953203875973e-07	7.42859057568431	LUAD
CREB5	-1.28638167791078	0.198309889575781	0.476560488226967	11	-0.455857364397416	3.93497107770193	-3.07865580849335	0.002411388093348	0.010634014604221	-2.81965844402711	LogFC Significant
CREBBP	-0.0411625979298462	0.967166270914252	0.999804859561379	9	-0.00405733301700949	6.47157734236525	-0.0673040529286993	0.946415757955526	0.96480755891162	-7.7487488148763	Non-Significant
CREBL2	2.50045882235101	0.0124032551215612	0.0696037417296548	74	0.366452574037086	6.72922898293041	6.12120184717686	5.84192852486604e-09	9.13279185610855e-08	9.27074434556719	LUAD
CREBRF	2.18096448582718	0.0291860433672631	0.129722922842548	32	0.277052625582503	5.80991312818329	3.85236106266489	0.000163481615369782	0.00100823239361371	-0.518798267115871	LUAD
CREBZF	0.156759935802521	0.875434048991524	0.991209871137463	18	-0.0141365399830456	6.97933019249907	-0.213559834377671	0.831136577858495	0.885758898821047	-7.79346524222332	Non-Significant
CREM	-1.55932537309331	0.118919389278294	0.342712170084325	12	-0.115357199698116	4.81112894013475	-1.53355291876212	0.1269284877127	0.264513188047688	-6.37647870359113	Non-Significant
CRTC1	0.105075457695419	0.916315933403085	0.999804859561379	52	0.403575478542739	2.74524110139865	2.83791626093183	0.00507247388813882	0.0200588985290513	-3.36821226667788	LogFC Significant
CRTC2	-0.222041518678684	0.824281562710174	0.97913735716204	53	-0.0297435676297097	5.68353838699406	-0.398284991179736	0.690901026773873	0.783813921799958	-7.57318765305751	Non-Significant
CRTC3	-0.281882984610151	0.778033237021267	0.95769480659915	35	-0.0198557902719102	5.56275693660685	-0.335531597255073	0.737622219115694	0.817288372735038	-7.58153553206755	Non-Significant
CRX	-0.0132988884284522	0.989389335015821	0.999804859561379	7	-0.036382490499066	-6.66721176021254	-0.546689721806246	0.585281721352402	0.698385406794193	-7.56177052939789	Non-Significant
CRY1	1.15010648821668	0.250100014387815	0.547285092095594	10	0.00612090657036595	5.17908860303356	0.0883992209791756	0.929659504532984	0.953259315124026	-7.58778229223017	Non-Significant
CRY2	2.27025524081593	0.0231921010690569	0.109630425994671	142	0.391750821552594	5.50300010293502	4.34229980735102	2.37083991725367e-05	0.000180602634774507	1.35592201451949	LUAD
CSRNP1	1.17110929747872	0.241554847150681	0.535435012714935	58	0.381394553297963	5.24988791654729	3.11828634584767	0.00212428796460418	0.00954073410122229	-2.85261993445814	LogFC Significant
CSRNP2	-0.100035284745492	0.920316312756149	0.999804859561379	9	0.188804679044761	5.73699687393665	3.1708257593434	0.00179229772644726	0.00822462459265896	-2.75340745553344	LogFC Significant
CSRNP3	-1.89704095964104	0.0578225324006865	0.207809423243254	14	-0.342428885435124	2.29936397763763	-1.94799358260956	0.0530003284172442	0.137853951739925	-5.38121329812139	Non-Significant
CTBP1	0.89076449479904	0.373055526579865	0.679481915592882	87	0.236790059043266	5.35250259041305	2.68668582316129	0.00790535502623687	0.029251883061743	-4.06383716585586	LogFC Significant
CTBP2	2.35545033853379	0.0185002697264584	0.0929531032763047	26	0.432936586372145	5.86805137129579	6.01443587369763	1.01237811656508e-08	1.51651082836416e-07	8.83377640814041	LUAD
CTCF	-1.4835093761886	0.137939127180408	0.373802175728686	24	-0.123031612823724	6.29272966437931	-2.85902721077241	0.00476093685578953	0.0190265477769344	-3.71828880682045	LogFC Significant
CTCFL	-2.86525343925155	0.00416675613926008	0.0313449231618331	28	-2.66613552530235	-4.50046504389817	-6.06918808267218	7.64198045158367e-09	1.17341526028753e-07	9.86527669538409	LUSC
CTNNB1	2.06911051726979	0.0385357170254245	0.156400516169854	14	0.329687566870274	9.20449867294905	3.94068587206359	0.000116885616360617	0.000748062064410309	-0.644908882536603	LUAD
CTR9	0.743808270278759	0.456992476085509	0.755014707611668	31	0.103336114915196	6.34445581425171	2.0140380231468	0.0455226690977019	0.122086357104757	-5.72214479566033	Non-Significant
CUX1	2.37134711152255	0.0177233775474913	0.0910445561765888	22	-0.056226509748145	6.83503241576219	-0.827131426054549	0.409278354367363	0.54243441829122	-7.45485156024277	VIPER Significant
CUX2	0.546420713305744	0.584776775122648	0.861352268371468	22	-0.469058966212393	-2.22454467144864	-1.72040501558977	0.087109769530893	0.199664464485793	-5.3378917581711	Non-Significant
CXXC1	-1.12028640461044	0.262591733687935	0.561219992530917	107	-0.271824720789427	4.76564335402861	-2.62793944866395	0.00934633881645581	0.0336713898733003	-4.14578208752756	LogFC Significant
CYTL1	0.232471853624144	0.81617154598892	0.975146000650467	29	0.19824832072065	0.0890673823519382	0.843416990317169	0.400135759309964	0.533745104546682	-6.65883349179425	Non-Significant
DACH2	-1.041020392595	0.297866083910845	0.60250751993225	11	-0.220620393917187	-3.64590379888415	-0.588047855861306	0.557251111849021	0.673657854691974	-6.51486708808373	Non-Significant
DAXX	-1.78974525775834	0.0734948731536781	0.244861028467229	20	-0.204483823665855	6.02779211087794	-4.08000905611946	6.80743677126736e-05	0.000462858401313083	0.286949993879729	LogFC Significant
DBP	-0.78825793281166	0.430545848616081	0.735886105847412	14	-0.380805581077434	2.4346516121108	-3.03125908036157	0.00280163302729745	0.0120933965346833	-2.79281462513282	LogFC Significant
DBX1	0.0489838443232423	0.960932170845704	0.999804859561379	11	-0.528679104645059	-6.29592996040189	-2.66386523864118	0.0084394199841385	0.0308931753276463	-3.93395244570092	LogFC Significant
DBX2	-1.53644543759642	0.124429170011346	0.351254710376103	11	-0.702428327518847	-6.03030357585906	-3.35525669886973	0.000970548588690627	0.00482675288155896	-1.73607447705641	LogFC Significant
DCAF6	0.0998492301811786	0.920464023275155	0.999804859561379	32	-0.110295574423576	6.68161391937771	-1.52364252686332	0.12938604118951	0.268523923976076	-6.62015249836569	Non-Significant
DDIT3	-2.84041968359155	0.00450542166558269	0.0327948990078102	21	-0.419869996235169	4.2909966778311	-3.57496381908475	0.000451848351757904	0.00246915326756365	-1.3024582141618	LUSC
DEAF1	0.106226763690782	0.915402436725052	0.999804859561379	112	0.0607247964702497	3.62670159008512	0.481965735612261	0.630426813572879	0.735905772706883	-7.29458065312405	Non-Significant
DHX33	-2.18389644185928	0.0289698585456444	0.129047551703325	20	-0.402271093759541	5.13888049138348	-6.69288336306774	2.79463853758524e-10	5.4695375624447e-09	12.4312581664639	LUSC
DHX9	-2.2388624462878	0.0251648676173638	0.115425157633068	88	-0.204311546466686	8.09329007237013	-4.22517015509947	3.81972038885527e-05	0.000276920204740404	0.575411329515138	LUSC
DLX1	-3.44285585136257	0.000575606033028959	0.0184093164893283	65	-3.14979341988403	-3.33081644658905	-8.87829476922142	7.49812466100244e-16	3.5995242594318e-14	25.4870737465908	LUSC
DLX2	-3.52092861669668	0.00043003836668182	0.0184093164893283	49	-2.86601896217241	-4.81544862242223	-10.4423798966127	3.47992240019184e-20	3.19637782050834e-18	35.1766303732169	LUSC
DLX3	1.89190042073358	0.0585042497299842	0.209509871136432	16	0.659430047134948	0.371542540703766	1.88360782997315	0.0612610605064504	0.15466784048282	-5.29011468117225	Non-Significant
DLX4	2.02536393550716	0.042830007825017	0.167078613049435	26	0.637388740842395	0.788671443383211	3.0494905477146	0.00264510718175151	0.0115219075544091	-2.5637039681251	LUAD
DLX5	-3.32272397642119	0.000891430749788779	0.0184093164893283	129	-3.56053873780939	-0.0844381530322077	-12.1455083573914	4.5529345585572e-25	8.775781361619e-23	46.3215963663874	LUSC
DLX6	-3.15612610996642	0.00159879718246753	0.0200283149209203	95	-4.26069357425548	-1.69833852702433	-9.98366871876825	6.80238597116079e-19	5.19739057850583e-17	32.3407979516839	LUSC
DMAP1	0.515288899918349	0.606351154416783	0.873889277451561	52	-0.0193425273902549	5.44464692016167	-0.227879828306471	0.820003184116217	0.876961014416213	-7.59761530072672	Non-Significant
DMBX1	0.99618099096083	0.319162213724527	0.626599360556205	10	0.666714495014946	-1.68745930639443	1.64822901625592	0.101082916005576	0.222045088275103	-5.50203117849129	Non-Significant
DMRT1	-3.51936472089017	0.000432581581156996	0.0184093164893283	70	-3.17318426821868	-3.93110032571479	-8.57925198118069	4.75325438430639e-15	1.98909623848532e-13	23.6871364581194	LUSC
DMRT2	-3.16218951345806	0.00156587620992614	0.0200149354011615	101	-3.41375363987769	0.172215662107006	-9.9654502325473	7.64965437752025e-19	5.81853980051563e-17	32.2139018996924	LUSC
DMRT3	-3.24590269489566	0.0011707884950452	0.0184093164893283	52	-3.5013761699749	-1.78562453156177	-8.91461635090073	5.98209224571426e-16	2.91575427217831e-14	25.7103390181101	LUSC
DMRTA1	0.173581853079852	0.862194094647254	0.989548990740305	5	0.797389814283114	1.2763362968098	2.78752813636976	0.00589254511494095	0.0228264350425461	-3.34383531581328	LogFC Significant
DMRTA2	-0.816316414355939	0.414319188717722	0.72494452111737	6	-1.6994521392321	-1.62891619003444	-3.43174219219653	0.000746841217790553	0.00384225682018907	-1.18031336345787	LogFC Significant
DMRTB1	0.0200419074295128	0.984009941976014	0.999804859561379	3	-0.0289270487375343	-6.69770166818061	-0.509048201695766	0.611353611565575	0.720640734743122	-7.59761981571217	Non-Significant
DMRTC2	0.21532162972209	0.829516567034857	0.979584900177126	11	0.883848352739411	-5.4232986827291	2.97016546044064	0.00339043257495345	0.0142289115059036	-2.54029932172708	LogFC Significant
DMTF1	-0.0624378389478247	0.95021416260617	0.999804859561379	28	-0.0747472939591793	6.6856782666088	-1.22251252526362	0.223142283505458	0.342202132091727	-7.03133111120334	Non-Significant
DNAJB1	-2.54849779789756	0.0108187969888246	0.0628178125738401	46	-0.712454735670509	7.2213006265352	-6.4888499908841	8.41996265103335e-10	1.51989435778816e-08	11.1097560964441	LUSC
DNMT3A	0.360913423142022	0.718164168755615	0.926648564566493	45	0.0371954047455296	5.13693039514535	0.422939575834798	0.672853702965212	0.770156185282133	-7.49698962845906	Non-Significant
DNMT3B	-2.88407957059454	0.00392559549085791	0.0308929467503472	42	-0.648707948362724	2.64847017384797	-4.93401891702479	1.85156566912357e-06	1.79909815999661e-05	4.11369638230707	LUSC
DNMT3L	0.0132806262910534	0.989403904806601	0.999804859561379	4	-0.142685623269225	-5.55823443284534	-0.592328031328669	0.55438827560749	0.67152959320418	-6.71193768009765	Non-Significant
DOT1L	-1.80575120594773	0.0709572102674705	0.23949796634788	35	-0.502019143093614	3.47626406117272	-3.914966241978	0.000128956303573146	0.000815837006882347	-0.0315881465602903	LogFC Significant
DPF1	-3.44947756386784	0.000561672403187561	0.0184093164893283	96	-2.01981423740853	-1.42901746595154	-8.73529745210541	1.8186616123443e-15	8.21157185499132e-14	24.6187410788358	LUSC
DPF2	-0.963506230834373	0.335293538798199	0.645215248511093	16	-0.183016096562391	5.73448096623667	-3.57157028618942	0.000457341859854358	0.00249274827340926	-1.47980060258703	LogFC Significant
DPF3	0.281233478740033	0.778531328118383	0.95769480659915	31	0.194863546331438	0.117301537030034	1.23996901702679	0.216631261639145	0.337921172201087	-6.252276304396	Non-Significant
DPRX	-0.0183391792730141	0.985368272175384	0.999804859561379	4	-0.335058141543747	-6.44332640439269	-2.69131443999559	0.00780083058710717	0.0289324391585667	-3.99518158101481	LogFC Significant
DR1	-2.06675038238715	0.0387576810428695	0.156668372666247	35	-0.384679177288836	6.12389793068915	-6.70031284229014	2.68366150355632e-10	5.26651751908857e-09	12.3628889834881	LUSC
DRAP1	-0.616251034455331	0.537728850513003	0.828221672297802	91	-0.396633359648009	4.15286331184527	-3.09925995200255	0.00225793070917778	0.0100548754762598	-2.78343884326158	LogFC Significant
DRGX	3.3542310762201	0.000795858708457473	0.0184093164893283	27	1.68916087718872	-1.86436426502418	3.95574319007366	0.000110325969167791	0.000710642455777302	0.621696969061643	LUAD
DUX4L4	-0.839802935340227	0.401018887381179	0.712961898007777	15	-0.0447518355638748	-6.75022905569188	-1.23200876073874	0.21958301851199	0.337921172201087	-6.99398794510735	Non-Significant
DUX4L9	-1.7310484602681	0.0834431216330494	0.266090843429835	9	-0.844182954052587	-5.80428752922798	-3.35865623891738	0.000959402274811468	0.00477598749325537	-1.57447161034519	LogFC Significant
DUXA	0.797944603973418	0.424902637674071	0.734223280820053	5	-0.0737776621536593	-6.0937192239064	-0.418584844519929	0.676027976992357	0.772580259603862	-7.15576325803488	Non-Significant
DYRK1A	1.16157323100108	0.245408860839816	0.540788958620252	16	0.013893050874552	6.6707888602455	0.263765697019803	0.792267874838188	0.857134965005124	-7.74154979235924	Non-Significant
DYRK1B	-0.276256664404342	0.782350937964088	0.9601362457971	12	-0.230744453435433	3.05327759804564	-1.94844735270218	0.052945616960884	0.137753894297553	-5.46463558158346	Non-Significant
E2F1	-1.75176222407472	0.0798147023412242	0.258225389976587	65	-0.512951483724354	3.4613881689839	-3.44053428207055	0.000724477011908925	0.00374081554824937	-1.6529567012047	LogFC Significant
E2F2	-2.58862207752352	0.00963607846010495	0.0588415854904281	66	-0.907310978385147	2.80386561252631	-6.78200486109817	1.71599809663425e-10	3.46922046664006e-09	13.1381906322452	LUSC
E2F3	-2.09319272301926	0.0363319540893721	0.149265635512369	28	-0.130168283826137	5.48777117505781	-1.75784136949193	0.0805063372632667	0.1894665376921	-6.09217084083742	VIPER Significant
E2F4	-0.58479717617428	0.558684103325176	0.842007774628866	50	-0.18013287579472	5.94313834330278	-2.18799447043485	0.0299826593475726	0.0875780726456908	-5.31452372963504	Non-Significant
E2F5	3.28206287678325	0.00103050623583383	0.0184093164893283	40	0.477988188997517	4.06155602217117	5.05852958837964	1.05211410039086e-06	1.07527371183951e-05	4.5137260071662	LUAD
E2F6	-1.39022242521246	0.164461345799744	0.419343976302778	38	-0.156892257579491	3.5671980199514	-2.0952535940242	0.0375740802545814	0.104715189650837	-5.23162697707852	Non-Significant
E2F7	-3.13422780956205	0.00172307028192185	0.0207284323136586	152	-2.3396067919018	2.92442332242206	-13.6767399109267	1.64932437366072e-29	5.63271946832883e-27	56.4230852907138	LUSC
E2F8	-2.0784704153516	0.0376660530280169	0.153241256251541	32	-0.108127645227296	3.13863871165258	-0.731909514525043	0.46519357480558	0.595520164882348	-7.0874221994368	VIPER Significant
E4F1	-0.176024191545798	0.860274937073413	0.989548990740305	249	-0.230369202996054	2.88918842082542	-1.59934970672611	0.111529736465686	0.239545085674189	-6.05540567057979	Non-Significant
EAF1	0.120884732013911	0.903782335565888	0.997055212840934	6	0.104416417406541	5.01739812948258	2.13298865486473	0.0343062141151144	0.0973243023616944	-5.31961779180927	Non-Significant
EAF2	-1.38011539904637	0.167551116688158	0.423409048335231	36	-0.34652532291109	2.77325829281823	-3.59624323815952	0.000418791662753408	0.00231009566947099	-1.06597003229186	LogFC Significant
EBF1	-0.534846644888753	0.592755905450655	0.868597092669851	68	-0.144471665113372	2.91643886841489	-1.23103669937838	0.219945455589057	0.338345912908636	-6.57447561768692	Non-Significant
EBF2	1.68064433189593	0.092832019425489	0.288179006304494	20	0.710122353451932	0.623841908905782	3.64040446267397	0.000357319533741486	0.00200956695335646	-0.692135629279995	LogFC Significant
EBF3	-1.56445987439859	0.117709609107087	0.340747269014607	15	-0.46218014924461	-1.11797637631761	-1.47569604202605	0.141805534065768	0.287418103155279	-5.81682421414269	Non-Significant
EBF4	0.636687734666913	0.524328264418788	0.815937632236518	23	-0.00578544321438775	2.6363250659254	-0.0383191188154901	0.969476512864563	0.980400680332005	-7.29743976750044	Non-Significant
EDRF1	1.07551821004249	0.282142783805616	0.583153140602348	14	0.0756345582733014	4.9695413212633	1.23122772104576	0.219874198218756	0.338297658227546	-6.80973812020741	Non-Significant
EED	-2.42072796372916	0.0154894639230283	0.0831321142619509	56	-0.213118213203235	4.75696313214489	-3.1892383488376	0.00168781893653892	0.00781140103726416	-2.58313291767287	LUSC
EGR1	0.167001656054904	0.867368745881871	0.990922442968231	11	0.261248073834483	7.55162081122266	1.6006379750949	0.111243777101627	0.239102464270048	-6.61468609164492	Non-Significant
EGR2	0.137469559726913	0.890659652105087	0.996819875503981	22	-0.053795804883049	4.65035408619781	-0.355553674322943	0.722599001295966	0.80604526239525	-7.46574267545002	Non-Significant
EGR3	-0.599353300409711	0.548937311526029	0.836239703419619	38	-0.237344940574936	3.87674820839718	-1.31416061581711	0.190495866276684	0.337921172201087	-6.57826282166188	Non-Significant
EGR4	-0.387149650063905	0.69864542256917	0.919173971146996	10	0.141819510600765	-4.87603570507253	0.470304870788677	0.638717283151709	0.742235896468471	-6.57082375194204	Non-Significant
EHF	0.506266795343375	0.61266936963325	0.874718015528988	19	0.302110819312407	6.8466946610269	1.61151131984341	0.108853390548229	0.235016913379319	-6.50495978746256	Non-Significant
EHMT1	-0.906713866785484	0.364558128516579	0.675643247407572	18	-0.286490673192607	5.25762793242755	-3.82125035145935	0.000183741588544258	0.00111613638231623	-0.56447221319452	LogFC Significant
EHMT2	-0.879347710158435	0.379212774600287	0.685037227140603	50	-0.204750390826596	5.24795467259411	-2.07164889930083	0.0397512545461599	0.109511252170207	-5.4730361613273	Non-Significant
EID1	-0.285620582411064	0.775168737405665	0.9565810770565	25	0.0620860940684487	6.91824059923338	1.04039297624717	0.299579063381133	0.430461075372457	-7.26668252658122	Non-Significant
EID2	-1.20201732102952	0.229356817292173	0.517146852906819	22	-0.18326015520054	3.54313331004984	-2.12492306378664	0.0349833385556371	0.0988649431157476	-5.1677447551996	Non-Significant
EID2B	-0.151968834714163	0.879211516407457	0.992174915013226	25	-0.092042511151166	0.620870489020226	-0.828396285852968	0.408563813040426	0.541749483801728	-6.72839959080136	Non-Significant
ELF1	0.661484804005151	0.508301456695638	0.800923628628656	34	0.0486537105732672	7.15862730796928	0.808562358926956	0.41985439771984	0.55271735976501	-7.5121856151053	Non-Significant
ELF2	2.85878970074809	0.00425260605255766	0.0317601693664994	50	0.224780756291478	5.66960875653457	4.64843106999814	6.52321678921213e-06	5.66064818444489e-05	2.57520497652424	LUAD
ELF3	3.11926968257148	0.00181299938789855	0.0208189515869451	70	0.948636991014327	7.07889159633082	5.91348617338287	1.69336285378737e-08	2.44935935695918e-07	8.18695321968501	LUAD
ELF4	-2.0476734745963	0.0405920046090419	0.161804240594375	27	-0.407134864082877	5.6705769952391	-5.35674094259765	2.61460880253943e-07	3.03020037069349e-06	5.68687478993828	LUSC
ELF5	-0.227816947931935	0.819788550574643	0.976398553996852	6	0.340384243974477	2.49235578720083	0.953346998030897	0.341716826327973	0.474906130090797	-6.82808594339501	Non-Significant
ELK1	-2.95548088324438	0.00312182043013068	0.0273779649557296	73	-0.408280560590291	4.91111367642297	-7.20860778010052	1.58480214716916e-11	3.78967302917528e-10	15.2758306153089	LUSC
ELK3	0.902775277285593	0.366645174840012	0.676738581177345	79	0.100653350324552	6.55582493101374	1.21960858385722	0.224238971171231	0.34340388488682	-7.01827883704789	Non-Significant
ELK4	-0.158735276457925	0.873877443937416	0.991209871137463	18	-0.143654488605918	6.88591226872432	-2.20881101404439	0.0284741998372376	0.0840353864353134	-5.38825285186538	Non-Significant
ELL	-0.713545184332963	0.475508463556106	0.775222874864608	132	-0.433610375713489	1.9814791652611	-3.1684529085345	0.00180618978286295	0.00827643163356724	-2.34020751400037	LogFC Significant
ELL2	-0.0911342126207649	0.927385948004784	0.999804859561379	10	-0.0263657067754604	6.9714556068955	-0.280193382366483	0.779656954002663	0.848035050368286	-7.77592856602229	Non-Significant
ELL3	2.01697820573701	0.0436977877516121	0.169150010776472	12	0.371292264327683	-3.07803455133366	1.67295142535881	0.0961066796702319	0.214081793980889	-5.34907921067181	VIPER Significant
EMX1	-3.10835546493335	0.00188131641427286	0.0208189515869451	30	-1.86439761857848	-4.58414228075691	-5.68395945696191	5.34423729250321e-08	7.07826285440703e-07	7.99665384523985	LUSC
EMX2	-1.30207028597726	0.192892359685153	0.468020230202261	3	-0.824110787167805	-5.20200368224863	-2.44852257825783	0.015321066933286	0.0507107982286453	-3.81259957753584	Non-Significant
EN1	-3.50708496328141	0.000453044470706645	0.0184093164893283	87	-4.16958879469067	-3.9867595417903	-11.4902173963738	3.54412106221285e-23	5.00961512143786e-21	41.8640671509244	LUSC
EN2	-0.442074063282453	0.658435612299381	0.899288394566551	9	-1.45434281869028	-2.52788429873963	-3.44515472212432	0.000712977140646711	0.00368517570126445	-1.07075480529754	LogFC Significant
ENY2	-0.421653554587677	0.673277910074625	0.905176535509247	75	-0.031707787606614	5.78459980150548	-0.516250825983794	0.606324782923494	0.7162393598404	-7.53151537896736	Non-Significant
EOMES	-0.0817079507403611	0.934878955726847	0.999804859561379	84	-0.276001791799663	1.98160191363764	-1.60511216864387	0.110255162823318	0.23747912022973	-5.94429166895995	Non-Significant
EP300	-0.900022761962339	0.36810813757272	0.677845323907968	26	-0.10109758807026	6.93445619287757	-1.59512296992783	0.11247206310922	0.241080598288786	-6.54229733106889	Non-Significant
EPAS1	2.50890583242413	0.0121105764377948	0.0687292318178807	58	0.590120050537305	8.23478851797261	5.71946596224965	4.48216768423945e-08	6.00841898788747e-07	7.08750491522409	LUAD
EPC1	2.74249689685334	0.00609740260227543	0.0405326561382395	56	0.27839070668073	5.4032942322516	4.95889860202332	1.65509895977569e-06	1.62464054141871e-05	3.92884834100511	LUAD
EPC2	2.80760560365745	0.00499113121446992	0.0349379185012894	73	0.305432246089644	5.69280146064032	5.6111475832749	7.64891834839174e-08	9.84626509173443e-07	6.88011766886871	LUAD
ERF	-3.14959588210044	0.00163496448334043	0.0200283149209203	55	-0.798337743648327	3.70693995408874	-6.88595271559854	9.67252564077879e-11	2.04061417809564e-09	13.6164326851372	LUSC
ERG	0.742727234050041	0.457646837932304	0.755474525395233	56	0.228158144126673	4.50945825738661	2.17363175048516	0.0310634039605127	0.0900375681867571	-5.17508227408245	Non-Significant
ESR1	2.65468457946019	0.00793825968528328	0.050309033778341	48	1.28272652767089	3.33308958003816	6.50685512141535	7.6450493114169e-10	1.39136616330744e-08	11.625475485719	LUAD
ESR2	-0.41416240038438	0.678755176031972	0.9072649026269	13	-0.375162923429271	0.774242678224057	-2.57062555601417	0.0109756783423402	0.0385364222816754	-3.84792344005206	LogFC Significant
ESRRA	-0.234215866163355	0.814817398137678	0.975146000650467	83	-0.0940038424538131	3.33589969426706	-0.747907762027094	0.455510186619079	0.587222546428802	-7.09799508863472	Non-Significant
ESRRB	-0.175429514527656	0.860742150935271	0.989548990740305	7	-0.280937799563308	-2.7484674954962	-1.00526453605192	0.316144342324768	0.448414566939964	-6.25182088560515	Non-Significant
ESRRG	0.143636256589288	0.885787708893986	0.994729796302909	20	0.242799493314666	0.860815781562301	0.828433619128554	0.408542734210684	0.541748844300532	-6.75483420139493	Non-Significant
ESX1	0.129099388656301	0.897279005742745	0.997055212840934	8	-0.372370609959961	-6.55773386378306	-2.6701619610692	0.00828889941500351	0.0304350156606753	-4.14043507369277	LogFC Significant
ETS1	0.948889375730034	0.342676878623267	0.655655094432517	130	0.0850759827271214	7.65280436248937	0.851154601441495	0.395835656251524	0.529681789475012	-7.54247182629306	Non-Significant
ETS2	-0.142643926257977	0.886571404048657	0.994729796302909	6	-0.16597989334605	7.55292033445781	-1.41964116439489	0.157474257859732	0.310945112999181	-6.8858456317929	Non-Significant
ETV1	3.01136323507953	0.0026007753247442	0.024646026544392	56	0.445588423214764	5.70186868554313	2.94776602635582	0.00363337674265444	0.0151114024459922	-3.39938853671439	LUAD
ETV2	-0.796049518305641	0.426003254176783	0.734627070936616	31	-0.63412323041294	-3.06672013444755	-2.56570063748817	0.0111269186987241	0.0389679549141966	-3.52312029688684	LogFC Significant
ETV3	0.310022583486487	0.756543782742589	0.945499705864169	11	-0.175026178357372	6.05268149270527	-2.55570870717501	0.011439511549208	0.03984059850065	-4.47988511205689	LogFC Significant
ETV3L	-1.086210655896	0.277385803940197	0.579883538101827	3	-0.534088944365744	-5.627552616529	-2.46918874175891	0.0144923344409316	0.0484786307100476	-3.93831488349659	LogFC Significant
ETV4	0.823801263178732	0.410052489746292	0.722445060548374	35	0.648141007919148	4.2556078508235	3.05218061482537	0.00262270643968385	0.0114370588644916	-2.93272284071278	LogFC Significant
ETV5	1.1508333710197	0.249800793102828	0.547285092095594	10	0.13535658760753	5.76476935242309	1.08350166444102	0.280062306435371	0.408064669719112	-7.07562062536693	Non-Significant
ETV6	1.61150581425374	0.107069520978173	0.31914342380586	15	0.00697564671278003	6.205370904182	0.0855535026099416	0.931918239743851	0.954762639631391	-7.71372990708379	Non-Significant
ETV7	0.266743259304465	0.78966684414621	0.964401635191329	28	0.100231367507889	2.55409891095603	0.611313966836393	0.541777525333382	0.660364356474908	-7.10197476823502	Non-Significant
EVX1	-0.0153991822994369	0.9877137157805	0.999804859561379	4	-0.451846219750796	-5.56782496234006	-1.68562394699124	0.0936336226982191	0.209877566937784	-5.48874431486876	Non-Significant
EVX2	-2.1622173830067	0.0306014242792847	0.134197957862279	24	-1.01938768244006	-5.68725521546403	-4.11057287395314	6.03502705022696e-05	0.000416235275789982	1.08175086234738	LUSC
FAM220A	-1.17530875215036	0.239871214261473	0.533666965062347	24	-0.110497649762279	4.80890814185714	-1.59591341172222	0.112295359029882	0.240782978240122	-6.27969799547748	Non-Significant
FAM220BP	-0.00530114341666554	0.99577031932375	0.999804859561379	1	-0.143559929263689	-6.6965219488808	-1.93086740737537	0.0551003477942839	0.142103101609646	-5.87535139888912	Non-Significant
FBXL19	-0.308843267142249	0.757440754528375	0.945499705864169	31	-0.341302885947994	2.7800677198731	-2.78166995007043	0.00599532554737655	0.023155835734634	-3.52347638785406	LogFC Significant
FERD3L	0.00358736993653479	0.997137699053017	0.999804859561379	3	-0.0183209181287296	-6.73696089514966	-0.379985760939619	0.704412397458768	0.79230194421753	-7.67456597012251	Non-Significant
FEV	0.101020114557112	0.919534492748882	0.999804859561379	8	0.0323272872448139	-6.21923186588563	0.166486559124257	0.867964446379649	0.911660965972605	-7.33626838400016	Non-Significant
FEZF1	0.0948572347878337	0.924428224987303	0.999804859561379	11	0.251980664465375	-0.928350640219746	0.617759445470975	0.537529400838247	0.65663273197553	-6.72194866811137	Non-Significant
FGF1	1.22707450263489	0.219794590122652	0.50407229629727	23	0.0243157921268325	2.71476567723845	0.133199692682649	0.894187051595761	0.92911609065203	-7.29821719622755	Non-Significant
FGF2	-0.893101101700937	0.37180303306318	0.677939469656162	92	-0.586007503356672	3.03353850406331	-4.15786946659942	5.00238308399725e-05	0.00035236886158954	0.9144193755732	LogFC Significant
FGF7	-0.198614418000143	0.842564374372436	0.986446249510001	70	0.188286224076645	4.8134841095926	1.04137445640876	0.299124774488827	0.430015630551698	-7.00613362464107	Non-Significant
FHL2	-0.522070501087623	0.601621244460943	0.873307138816499	39	0.209775607891299	5.58686829212771	1.26385454964991	0.20794729710568	0.337921172201087	-6.84317484390971	Non-Significant
FHL5	1.91968922335004	0.0548971662901487	0.199797838907443	131	0.723908605939969	1.84503890871952	3.71719923544421	0.000270193793464183	0.00156881348405048	-0.555890666350156	LogFC Significant
FIGLA	0.336588158662904	0.736427383890695	0.937568196601018	7	0.140748038961232	-6.09567006301284	0.821257880282995	0.412606235198297	0.545475069088892	-6.90816103672079	Non-Significant
FLCN	-0.288104295215714	0.773266904855625	0.955407879369588	94	-0.107911673530989	4.96862623877338	-1.26502610153157	0.207528006391619	0.337921172201087	-6.76768876604989	Non-Significant
FLI1	0.90861802829775	0.363551786847585	0.675643247407572	178	0.162686582757852	5.16138016086765	1.73411574853481	0.0846418982223278	0.196017277246683	-6.09400899511532	Non-Significant
FOS	1.6933888479268	0.0903814762190117	0.281950909509308	35	0.72604484850641	8.09349578621358	4.21647371377407	3.95590560874314e-05	0.000285937802281965	0.5418948045752	LogFC Significant
FOSB	1.23204613606626	0.217931850481583	0.502228059564631	18	0.567725319857302	5.91331984033559	2.02871657009477	0.0439883923616573	0.118684694258499	-5.63957976516283	Non-Significant
FOSL1	-2.9726800379162	0.00295212018217029	0.0263591530932449	64	-1.20994876293121	2.45972239682283	-5.35321811947051	2.65879129311498e-07	3.08049302690002e-06	6.00827467002214	LUSC
FOSL2	-2.93191895205324	0.00336874649293598	0.0287991987417378	50	-0.532103780583632	7.77591356404969	-5.84135684840498	2.43746879145474e-08	3.43011717151455e-07	7.74274277615194	LUSC
FOXA1	3.33761067281374	0.000845020615659849	0.0184093164893283	58	1.28072572055494	5.13496420688397	5.58539751262222	8.67680890912941e-08	1.10492517054544e-06	6.81976369154159	LUAD
FOXA2	3.37903852453563	0.000727398142603368	0.0184093164893283	99	2.74567823829781	2.33799188865954	9.42297529171687	2.45279403810399e-17	1.47882556188341e-15	28.6942241853707	LUAD
FOXA3	2.89967894856946	0.00373545051865138	0.0299826337717853	77	2.61887341838386	-0.19605358718432	7.9038518506813	2.80124865834387e-13	8.93694916793018e-12	19.6488555076573	LUAD
FOXB1	1.28230500090225	0.199735674360539	0.478739280080385	4	0.82568339880104	-4.99442103597986	2.54357760394719	0.0118295781826054	0.0409691632341971	-3.54752658596233	LogFC Significant
FOXB2	-0.174684497976602	0.861327549300411	0.989548990740305	5	-0.394889764242216	-6.4990094005723	-3.25062884705049	0.00137890855856833	0.00656381112360226	-2.4553272729914	LogFC Significant
FOXC1	-1.05168656817937	0.292943375504523	0.596689586204976	8	-0.528029820555676	3.71298731257195	-2.70213342055448	0.00756136822759506	0.0281798581829063	-3.8360619928336	LogFC Significant
FOXC2	-0.771170582570281	0.440605828386503	0.745098576791654	40	-0.861035796607425	-3.01425665569741	-3.42122339807019	0.000774446929047421	0.00396783190007119	-1.1138869568853	LogFC Significant
FOXD1	-3.53044907212573	0.000414854873430054	0.0184093164893283	238	-2.33105936247742	-5.24585759346235	-10.0624099637333	4.0930317330427e-19	3.23916038518835e-17	32.8153404803301	LUSC
FOXD2	2.24552961435902	0.0247341532889689	0.113709185257525	21	0.473591495716891	0.488134513895316	3.54685622452167	0.000499286230592339	0.00269309721538285	-0.991265696629058	LUAD
FOXD3	-2.36204594969808	0.0181743893901512	0.0922601584466001	9	-1.682797604253	-4.72062321797244	-4.99922624194452	1.37880827700445e-06	1.37410963540244e-05	4.88650507704435	LUSC
FOXD4	0.0183063791526239	0.985394438492332	0.999804859561379	4	0.651761707277133	-3.15942376593803	2.37855605261703	0.0184476202618166	0.059072783628645	-3.95973860876752	Non-Significant
FOXD4L1	0.1155336493174	0.908022150743782	0.998179367200467	10	0.305275251215378	-4.57159774642897	1.20844117420617	0.228492591964081	0.348711094823029	-5.94336034363566	Non-Significant
FOXD4L3	0.0153612150249751	0.987744005699847	0.999804859561379	3	-0.241170840787095	-6.21098912143223	-1.50915802001325	0.13304471878494	0.274096350511981	-6.20968289863811	Non-Significant
FOXD4L4	1.04920448713677	0.294084013908331	0.597990672005909	12	-0.0447518355638748	-6.75022905569188	-1.23200876073874	0.21958301851199	0.337921172201087	-6.99398794510735	Non-Significant
FOXD4L5	0.492570200365722	0.622316308243834	0.882333763967306	12	0.145695284962325	-6.55827097222293	1.30194581919823	0.194629850058821	0.337921172201087	-6.80103444716414	Non-Significant
FOXE1	-3.37583287357734	0.000735926080700428	0.0184093164893283	201	-5.74615683680842	0.568881321959826	-11.3706290177512	7.82212576542141e-23	1.0502287379927e-20	41.2569253911075	LUSC
FOXE3	-0.0800799711620394	0.936173652278521	0.999804859561379	5	-0.33695300942225	-5.67127537921315	-1.38355041852024	0.168241830999508	0.326736654157736	-5.99907920233544	Non-Significant
FOXF1	0.231080587831592	0.817252195692524	0.975146000650467	69	-0.0980173063200162	2.86532523919908	-0.847586769611685	0.397814936253763	0.531387605885523	-6.96525404608462	Non-Significant
FOXF2	-0.81533518432805	0.414880474213749	0.72494452111737	29	-0.268301728353303	2.96521378415863	-1.95428043047131	0.052246545816315	0.136317377387157	-5.44362344135031	Non-Significant
FOXG1	0.0218304782105696	0.982583181880023	0.999804859561379	10	-0.764275513669906	-4.91941835467337	-1.94946534484784	0.0528230498979766	0.137491238726774	-4.82306902211693	Non-Significant
FOXH1	0.260857645426305	0.794202288276721	0.967001452816928	9	-0.265793139224626	-3.96896751589736	-1.04320202752263	0.298280099098921	0.429068017604175	-6.13248035276826	Non-Significant
FOXI1	-1.18572690039941	0.235730167620618	0.528237288511551	15	-1.60033592943492	-4.47161243338199	-4.09888315940292	6.32001097758397e-05	0.000433832562532494	1.2735624386877	LogFC Significant
FOXI2	0.449074228685849	0.653378110585164	0.896151758280811	17	-0.70281239164577	-3.82390231255576	-2.237295534162	0.0265171568533782	0.079411019517479	-4.23336303115117	Non-Significant
FOXI3	-0.940633295851102	0.346892812956028	0.658702893410831	9	-1.35965473096811	-3.19119542755688	-3.00027559093209	0.00308733734192085	0.0131367378527456	-2.36708042770111	LogFC Significant
FOXJ1	2.82674545509574	0.00470236903460303	0.0335460790384094	221	2.24179540321509	1.17982742018777	5.80055252380376	2.99151073577977e-08	4.13432958448911e-07	8.24816677617493	LUAD
FOXJ2	-1.57575966519422	0.115081201185237	0.335069758233537	6	-0.254079544807591	5.61607939131053	-4.7081442863248	5.03495721349997e-06	4.46123685819536e-05	2.83076603823275	LogFC Significant
FOXJ3	0.952917414968356	0.3406319156872	0.652363697440976	18	0.0378240160142051	6.55400391344726	0.668288186245345	0.504821821727829	0.630760772490358	-7.53763315027827	Non-Significant
FOXK1	-3.0205410232454	0.00252323524563411	0.0243710558099949	83	-0.681539052395343	5.03850064556391	-7.10848574827676	2.79094507207077e-11	6.38292273875925e-10	14.7059258846535	LUSC
FOXK2	-0.990764828095715	0.321800427338464	0.629500543839313	102	-0.2558081816642	5.36786771461214	-2.85759221904094	0.00478154685216572	0.0190984139026142	-3.61021419356795	LogFC Significant
FOXL1	-0.474797224337457	0.634931511587303	0.887049657008965	22	-0.52760356721924	0.973595461194961	-3.14966263632092	0.00191977463047357	0.00873867535971716	-2.28895076037913	LogFC Significant
FOXL2	-3.72414823024441	0.00019597575981333	0.0184093164893283	52	-3.47738252719558	-4.60966970172431	-10.63650534396	9.8006852833315e-21	9.74057951811732e-19	36.3995493903224	LUSC
FOXM1	-2.5683749268506	0.0102176576943054	0.0602240144053872	267	-1.47551100494239	5.01003475424168	-8.59442672451675	4.33054396677784e-15	1.82838143941624e-13	23.3631031802164	LUSC
FOXN1	-3.42439574196356	0.000616168217779825	0.0184093164893283	83	-3.22088322204043	-1.05201135964872	-9.33830460039751	4.19228519109511e-17	2.44642917699617e-15	28.3040802622243	LUSC
FOXN2	-0.628725389595608	0.529528853113781	0.820891756902758	24	-0.120521493012467	5.64780606178388	-1.58893002765077	0.113864164340706	0.2433469914591	-6.3906896087003	Non-Significant
FOXN3	-1.84163092505832	0.0655291543159779	0.226954013970532	25	-0.236174521397567	6.94841207663392	-3.9517852613971	0.00011201545223125	0.000719881068734454	-0.300311659822597	LogFC Significant
FOXN4	0.412138437098932	0.680237957187064	0.908642324460646	4	0.214550738335235	-4.69997247505291	0.640205235846806	0.522868598634809	0.646065824116624	-6.4653304840483	Non-Significant
FOXO1	-2.10813134347522	0.0350196299364509	0.14566135930089	50	-0.457847901646339	5.70022999366283	-5.36527676961067	2.51049922113585e-07	2.91998316266786e-06	5.72295564418301	LUSC
FOXO3	-2.58712403727601	0.00967807464299864	0.058918945326619	15	-0.314957851606065	6.23455206504743	-5.11569299574786	8.09036329385188e-07	8.50240038353877e-06	4.52484347110408	LUSC
FOXO4	1.54330614263334	0.12275651394207	0.34931704888048	16	0.159182515874147	4.03974673764693	1.72305486900767	0.0866282945652167	0.199122206036933	-5.98263873848334	Non-Significant
FOXO6	0.716785568088609	0.473506417988164	0.774023103123045	26	0.329761387209475	-0.516894268049385	1.24609863813892	0.214378029398039	0.337921172201087	-6.18090786640066	Non-Significant
FOXP1	2.38207558691892	0.0172153634182588	0.0891383121321699	116	0.379887534941212	5.94770134367022	4.88595583669027	2.29704128396348e-06	2.18726127948663e-05	3.54909306841517	LUAD
FOXP2	0.944190593258662	0.34507226131772	0.656880622777038	6	0.250066599884307	3.24344719734793	1.21766825840175	0.224973906824317	0.344363561023408	-6.62768802524017	Non-Significant
FOXP3	0.369092594117296	0.712058708889758	0.924709726024255	129	-0.205340484193366	1.75808223275213	-1.27539618792661	0.20384356311615	0.337921172201087	-6.38854652179331	Non-Significant
FOXP4	1.39151258568286	0.164070045854771	0.419343976302778	124	0.515100020010452	4.85132506385947	3.60402543656533	0.000407281579511165	0.00225368969715149	-1.26804508958373	LogFC Significant
FOXQ1	-0.258067331632722	0.796354943383527	0.967862723083791	2	-0.0618105821423775	3.34073439780899	-0.22875057357634	0.819327358245813	0.876422441228825	-7.35208336281465	Non-Significant
FOXS1	-0.132476531523646	0.894607384536425	0.996819875503981	45	-0.114774643834919	-0.668380304138869	-0.497655387900105	0.61934580334525	0.727208270309583	-6.8132134503697	Non-Significant
GABPA	2.3202706484581	0.0203262408803735	0.100137388350703	53	0.114422431942653	5.63868580058327	2.35983259276827	0.0193745454705942	0.0614301900938786	-4.89656969337304	VIPER Significant
GABPB1	-1.52765416637162	0.126598425488657	0.355218207830602	58	-0.264962605244086	4.90284204726486	-4.26397584667529	3.26485400099531e-05	0.000240826381319395	1.11855081803288	LogFC Significant
GABPB2	-2.74289760843008	0.00608996717170386	0.0405326561382395	11	-0.257796012600113	4.25713652836772	-3.57742641046401	0.000447900817695435	0.00245047640138156	-1.29046090299091	LUSC
GATA1	-0.0498438308639757	0.960246838092266	0.999804859561379	21	-0.161039139676797	-2.51063376669358	-0.72926789591381	0.46680351876344	0.596918225254973	-6.50780723271979	Non-Significant
GATA2	0.602308938540316	0.546968512009189	0.836239703419619	32	0.221294331368391	2.87754322825786	1.58255699655918	0.115310997728197	0.245706437351746	-6.08046970279896	Non-Significant
GATA3	0.32094540382528	0.748251765237905	0.945499705864169	75	-0.559102720373578	1.68626495986275	-3.10040580990378	0.0022496672430742	0.010025973667111	-2.51045358615149	LogFC Significant
GATA4	-0.576866490113745	0.564029649096878	0.84815536305062	4	-1.47557430999271	-3.99356277325781	-3.55713857740823	0.000481413751201088	0.00260858483054185	-0.624070078429276	LogFC Significant
GATA5	2.77773122461733	0.00547398772127993	0.0374055827620795	77	1.13391834218746	-2.20912251891418	3.9811340922358	0.00010005073401794	0.000652715596312422	0.737780428380313	LUAD
GATA6	1.94137996842733	0.0522122061933864	0.193531959857036	35	0.380371285185124	3.16078650950622	2.91900018021712	0.00396877730586439	0.0163038025338028	-3.19059831097753	LogFC Significant
GATAD2A	-1.11536622968906	0.264693514822153	0.564510903691832	58	-0.238948750502452	5.30146173278062	-2.73982649138102	0.00677811608522783	0.0257473286886312	-3.91895067406187	LogFC Significant
GATAD2B	0.799923316669405	0.423755227555786	0.734118538051485	10	-0.0436720379127998	5.81821880400008	-0.741499783696154	0.459374994730555	0.590445970746628	-7.39382822573552	Non-Significant
GBX1	1.15226548873832	0.249211993919513	0.547285092095594	9	0.427374264766132	-5.58568285300545	1.63528116023524	0.103770552255307	0.226610090209577	-5.57961235096436	Non-Significant
GBX2	-2.93353203874738	0.0033512906421758	0.0287991987417378	14	-1.56621534485824	-4.42672994568892	-4.87860405737413	2.37374780555647e-06	2.25355467973034e-05	4.37479852397246	LUSC
GCM1	2.69215655064986	0.00709916128629541	0.0461560356769174	25	0.579027247039035	-2.75770673532319	1.85080833583019	0.065866738418316	0.163906295543319	-5.06809521902446	VIPER Significant
GCM2	-0.0445599329101345	0.964458079822417	0.999804859561379	2	-0.579756502156323	-6.40717671365884	-3.36458395014218	0.000940252196674046	0.0046921323212666	-2.02161454747556	LogFC Significant
GFI1	0.250954648043041	0.801849172915012	0.969842373668887	54	-0.175730658626571	2.36027780486875	-1.20833342255606	0.228533914490286	0.348763698798965	-6.53913438787088	Non-Significant
GFI1B	0.425180237993496	0.670705289206785	0.905176535509247	8	-0.357694048871386	-4.15321435758927	-1.24878584089344	0.213395612656073	0.337921172201087	-5.89498698807108	Non-Significant
GLI1	-1.84481617138552	0.0650642842022277	0.226540982603597	39	-1.22585101518481	1.8114966867629	-5.18914193585707	5.75567710828131e-07	6.23686936396939e-06	5.32450950651708	LogFC Significant
GLI2	-3.27279335213865	0.00106490303040356	0.0184093164893283	131	-1.3105169788018	2.50242575890387	-7.1012138505773	2.90758776204525e-11	6.62883113169509e-10	14.9057791741638	LUSC
GLI3	-1.85299025253276	0.063883755785292	0.222816780160853	42	-0.931356318413046	4.19412854448913	-6.50335410097431	7.7900201029572e-10	1.41471435745567e-08	11.5230448002374	LogFC Significant
GLI4	-0.188820126654191	0.850233796800227	0.989548990740305	74	-0.43055938191899	1.53756277960645	-2.69900123971971	0.0076300016511385	0.0283919754310664	-3.60488384085582	LogFC Significant
GLIS1	-2.0071002883531	0.0447389855429794	0.171201184677801	31	-1.46214474249749	-3.83555089361671	-4.96578947744016	1.60435925846894e-06	1.57940462809925e-05	4.73825950908135	LUSC
GLIS2	0.775417182657259	0.438093185067662	0.741473638416961	146	0.283742198042716	3.23805570056889	1.53351875463551	0.126936896265079	0.264519878100857	-6.19653714253388	Non-Significant
GLIS3	1.82360166383801	0.0682123148666913	0.233006425421393	58	0.672296447613144	4.41644276347171	4.92609611698074	1.91874270591866e-06	1.85798556295674e-05	3.89526115226269	LogFC Significant
GMEB1	-0.115428681103799	0.908105346660928	0.998179367200467	13	0.0246500638893383	4.25548478918381	0.529957140018483	0.596807040873915	0.708229513109697	-7.34245617743252	Non-Significant
GMEB2	-1.17535622184237	0.239852230254919	0.533666965062347	38	-0.432800496039795	3.56848722438573	-4.37501102321397	2.07169485025096e-05	0.000160359391770415	1.69881897803456	LogFC Significant
GON4L	1.38368750352107	0.166454161609406	0.422230316506688	33	0.161951581523557	6.33767016909737	2.82534167945384	0.00526675935998579	0.0207081066907925	-3.81576081331664	LogFC Significant
GPATCH3	0.452085863776486	0.651207127047816	0.896151758280811	88	0.051938633995131	3.13982778964766	0.710939775607766	0.478059087624003	0.606746171774976	-7.10266524775502	Non-Significant
GPBP1	2.83269884263515	0.00461568489380468	0.0332362399700846	73	0.231236686678961	6.99012589749797	4.01235116206783	8.86637720172461e-05	0.000585940870502544	-0.0834260944301475	LUAD
GPBP1L1	2.04377481755327	0.0409757980326213	0.16240032291035	88	0.208913635368931	7.56885088673035	3.46097742889828	0.000674878570968454	0.00351036195055716	-2.07477587574627	LUAD
GPS2	0.161797774903976	0.871465105325357	0.991209871137463	21	-0.0012460557353667	0.688285942326192	-0.0127881404544933	0.989811247758467	0.993679891411358	-7.07770582482321	Non-Significant
GRHL1	-2.78730862997976	0.0053147834920413	0.0366920963419621	20	-0.97155899454977	5.20988923936609	-5.27263350903787	3.89304388833404e-07	4.35866735537439e-06	5.35241404245049	LUSC
GRHL2	-1.44660157599116	0.148008544566595	0.395937637861904	23	-0.59235729826054	5.84610507552246	-4.43675878933288	1.60284546284755e-05	0.000127242424684026	1.69079177888712	LogFC Significant
GRHL3	-3.44656901148695	0.000567753535791205	0.0184093164893283	105	-2.60630873158207	2.13200444644062	-12.1230164535044	5.28894427963771e-25	1.00049523648195e-22	46.1633184464699	LUSC
GSC	-1.85899491900302	0.0630278585883771	0.22059750505932	21	-0.791668667867977	-4.12981942797528	-2.43453243276133	0.0159057092592403	0.0523090493999679	-3.78003075085168	Non-Significant
GSC2	-0.509043086065897	0.610722023664506	0.873889277451561	9	-0.290198123426804	-6.61185032987464	-3.25052341032615	0.00137939080250059	0.00656549250547612	-2.533098571813	LogFC Significant
GSX1	-0.761851081268343	0.446148889223667	0.749425684323033	9	-0.0494230716013647	-6.66695411512952	-0.552136615959235	0.581552549804981	0.695117613708363	-7.55863866042984	Non-Significant
GTF2H2	1.77042666621597	0.0766560907826851	0.253157452876437	20	0.2567187843709	1.13061769676805	1.79401246033513	0.07452122672268	0.17931951739197	-5.53362034265692	Non-Significant
GZF1	-0.352355547447872	0.72457163492029	0.928063110413319	12	-0.0511969607383482	5.10189772977492	-1.00238435690641	0.317528929469245	0.449952021859427	-7.07996649981892	Non-Significant
HAND1	0.00187275965266213	0.99850575486049	0.999804859561379	6	0.0149465481741246	-5.52276983126338	0.0510989295549623	0.959304416752364	0.973596692212864	-6.86545419430047	Non-Significant
HAND2	-0.0633351604248775	0.94949961798435	0.999804859561379	8	-1.1288206925238	-4.92270697566311	-3.68046603894665	0.000309009499118423	0.00176657200001574	-0.226290522930523	LogFC Significant
HBP1	2.86502061700793	0.00416982092857552	0.0313449231618331	51	0.196970787022481	6.46503179068633	3.58347179622044	0.000438347278417915	0.0024056250799306	-1.52882741698029	LUAD
HCFC1	-0.910725509997131	0.362440019472441	0.674205554740865	83	-0.237958542198514	5.56855399070711	-2.57622617961867	0.0108059283529945	0.0380559533649719	-4.37018904498101	LogFC Significant
HCFC2	-0.0368899319448462	0.970572767428806	0.999804859561379	34	0.0345991684980561	4.65783948030862	0.573998593726398	0.566698804978695	0.682194303190033	-7.3649371316401	Non-Significant
HDAC1	-2.41678856481415	0.0156581095184064	0.0836626117619108	20	-0.357336598053729	7.1261292856393	-5.62495456717076	7.14778501084687e-08	9.24560722069023e-07	6.77513228018981	LUSC
HDAC10	-0.573972515491386	0.56598640014814	0.848557222311652	159	-0.246571673630852	0.52440346761866	-1.81206732146988	0.071673788566387	0.174590349688328	-5.43577082660608	Non-Significant
HDAC2	-2.88319932704556	0.00393658256251313	0.0308929467503472	117	-0.572147753839075	7.03711926852133	-7.96151172954682	1.9890388065211e-13	6.48589843712787e-12	19.361796957427	LUSC
HDAC3	0.173638669578409	0.862149439698439	0.989548990740305	22	-0.150761122590509	6.0094993805762	-2.8332721478194	0.00514345444935946	0.0202907064974111	-3.75375105905301	LogFC Significant
HDAC4	-0.519299168472846	0.603552133151564	0.873889277451561	39	-0.279723942704531	3.86690592241321	-3.20577723087171	0.00159881769152973	0.00745509365446548	-2.43302519460408	LogFC Significant
HDAC5	-0.135724986324784	0.892038694266823	0.996819875503981	65	0.0653759242871954	5.00138308253231	0.681657937656861	0.496347882007468	0.623294958882385	-7.33778819695604	Non-Significant
HDAC6	0.481885605969564	0.629887211894888	0.885544722670979	39	0.104520084757506	5.90220706076742	1.22644565960915	0.221663094688604	0.340494105603415	-6.92808457470564	Non-Significant
HDAC7	0.944545805833019	0.344890806005468	0.656880622777038	54	0.0309714054863788	6.12988544075833	0.316598427951463	0.751922105008683	0.827848032962025	-7.6576625667885	Non-Significant
HDAC8	1.90397818995475	0.0569130247167231	0.205275164552777	32	0.20262616677466	4.42233874164391	3.70939177387124	0.000278036719638581	0.00160847845788186	-0.860595104199994	LogFC Significant
HDAC9	2.03027537124701	0.0423285562254782	0.166089979408175	24	-0.1330096788383	4.18948450261249	-0.818168578886214	0.414363068233876	0.54707278008793	-7.1405971136353	VIPER Significant
HDGF	-0.516105943688285	0.605780416919782	0.873889277451561	25	-0.0983605112757204	8.57287861109329	-1.38220958409594	0.168652348013943	0.327370835463664	-7.07757091900984	Non-Significant
HDGFL1	-2.57436550679039	0.010042412141856	0.0602240144053872	7	-1.00775335391786	-6.25997598583228	-4.5560356494076	9.69343408772469e-06	8.06507663485871e-05	2.44251083663435	LUSC
HDGFL2	-1.16429987794214	0.244302506015545	0.539938101853938	82	-0.372157917064195	3.84724868570213	-3.59291187142175	0.000423811895454841	0.00233374008355319	-1.1933811438866	LogFC Significant
HDGFL3	-3.45412434524928	0.000552082760442674	0.0184093164893283	94	-1.271188452876	5.12545749504837	-11.2666199763213	1.55575156483273e-22	1.97914935320195e-20	40.3531675301976	LUSC
HDX	2.92064092722155	0.00349312171649194	0.029362684219382	30	0.560891097438205	2.39727199480553	4.90723677713104	2.08828805989269e-06	2.00688623636826e-05	4.02312069729615	LUAD
HEATR1	-1.28030997761529	0.200436140001089	0.478739280080385	31	-0.204131488454438	6.31815710527641	-2.70846135975353	0.00742440870669837	0.0277690894119113	-4.12443534886203	LogFC Significant
HELT	1.56010015839557	0.11873621414843	0.342712170084325	5	-0.0197145354538732	-6.21253514464329	-0.111116797073074	0.911649863468027	0.940882566726174	-7.3380631336188	Non-Significant
HES1	-1.53815985124831	0.124009534916751	0.351254710376103	17	-0.46042708810102	5.29681561912233	-3.9865191083536	9.79918489855111e-05	0.000640433242676178	0.0267091406057363	LogFC Significant
HES2	-3.26617094821875	0.00109012418980676	0.0184093164893283	58	-3.05554992955045	1.97692107667128	-12.265135571744	2.0512299733489e-25	4.1420193818981e-23	47.104933275728	LUSC
HES4	-0.441752982873392	0.658667964993427	0.899288394566551	52	-0.331820293498071	-0.798080731854081	-1.54064634976437	0.125192085844907	0.261709164419684	-5.74983051968933	Non-Significant
HES5	-0.345696309851769	0.729570957795088	0.93238425840352	10	-0.0927735480129178	-5.08133867895686	-0.37911356024031	0.705058789346011	0.792805532210658	-6.6367378959795	Non-Significant
HES6	0.879716152313518	0.379013096981023	0.685037227140603	49	0.829603640155005	1.33829155968304	3.56292610677926	0.000471620507865202	0.00256042688181251	-1.0248513477979	LogFC Significant
HES7	-0.126613247721911	0.899246511165924	0.997055212840934	3	0.0320535124395388	-4.07415920771866	0.120321859123186	0.904364913912738	0.935831479600683	-6.65837584237072	Non-Significant
HESX1	0.0643387894804808	0.948700467881653	0.999804859561379	4	0.155133053367218	-0.00316957156843811	1.40235127748147	0.162565066612992	0.318422032398042	-6.02790138475129	Non-Significant
HEXIM1	-1.0384799315296	0.299046673606553	0.603803786206598	6	-0.095824409711603	5.21642683305467	-1.30163289967547	0.194736620026371	0.337921172201087	-6.75042014895334	Non-Significant
HEXIM2	0.318223246917519	0.750315600122162	0.945499705864169	23	-0.025492639358938	0.278436243762326	-0.252921866977769	0.800622639115224	0.863072842956233	-7.00118723139707	Non-Significant
HEY1	-3.56506785678392	0.000363762062945958	0.0184093164893283	115	-1.59370551993733	4.1625740199314	-8.38226365133222	1.58311212033671e-14	6.09827731683982e-13	22.1604338175587	LUSC
HEY2	-2.29698457088068	0.0216196499206248	0.104229405869094	35	-0.388711862157425	1.33344091578588	-2.56776519669181	0.0110632918962779	0.0387824932098372	-3.91507690012829	LUSC
HEYL	0.769407619928496	0.441651366462327	0.745611424556987	37	0.260639441943732	4.45836836998119	2.17174227721752	0.031208060315311	0.0903637963585361	-5.17321931635915	Non-Significant
HHEX	1.43755488571825	0.150560389222241	0.400630227745009	37	0.0983506066267744	3.41320694721164	0.825550429427084	0.410172540448117	0.543189066837811	-7.04579267952968	Non-Significant
HIC1	0.119670113241559	0.904744476360887	0.997055212840934	50	-0.127614964378094	0.408339291747334	-0.66058450075226	0.509739225486574	0.63537749496216	-6.82959395211072	Non-Significant
HIC2	-2.38447355889297	0.0171035770557631	0.0887883367054987	44	-0.692838204589323	2.27668493919773	-5.72899258039543	4.27502587140119e-08	5.75347702967789e-07	7.79975828978369	LUSC
HIF1A	-3.10266609490426	0.0019178589340953	0.020940101079334	98	-0.553517755988366	8.65817613478653	-6.68772564540062	2.87432678916261e-10	5.61039482137816e-09	11.980396971356	LUSC
HIF1AN	-0.308284124506696	0.757866144981745	0.945499705864169	7	-0.129020189020279	6.02860960663599	-2.38744078977622	0.0180216299350814	0.0579273994615976	-4.88032742456529	Non-Significant
HIF3A	1.73760213251971	0.0822809438252794	0.263220407874182	22	0.649968142377262	2.19055220214985	2.44284030464648	0.0155561859888123	0.0513587283609098	-4.31130284624162	Non-Significant
HINFP	0.823389790393198	0.410286367072837	0.722445060548374	13	0.0254997417486905	4.54386380007237	0.403926428778836	0.68675533367982	0.780781802351117	-7.43488549514593	Non-Significant
HIPK2	0.0140777800726744	0.988767927633496	0.999804859561379	3	0.222814250288845	6.58562979783	2.13633345045706	0.0340287417078915	0.0967258714416137	-5.50386727738218	Non-Significant
HIVEP1	-0.836055074013927	0.403123920770426	0.715438124406172	11	-0.174405994016482	5.73603432991979	-2.25887805711095	0.0251133715814768	0.0760123141978961	-5.13541437378414	Non-Significant
HIVEP2	-0.265773611314707	0.790413567625968	0.964727130838742	11	-0.180961660907259	6.15369969563235	-2.41858833376305	0.0165960565434271	0.0541038460675784	-4.82301677691025	Non-Significant
HIVEP3	0.881906805560651	0.37782720649482	0.683833205268552	12	-0.241253750704512	3.91907486108556	-2.14743043581804	0.0331219890359392	0.0946985916441625	-5.16309788599261	Non-Significant
HLF	2.53463403532529	0.0112564854672612	0.0651708337283221	34	0.424475384487033	3.86966071196378	1.9671574190498	0.0507308155410078	0.133210603210678	-5.52048386586601	VIPER Significant
HMGA1	-2.4060073452537	0.0161279404391903	0.0852658745850877	88	-0.887982893442672	6.50156878511883	-5.91329827410837	1.69497650481128e-08	2.45099671565293e-07	8.25616237631641	LUSC
HMGA2	-3.20986722424513	0.00132796298269479	0.0184093164893283	56	-3.6619374332365	1.91460257705248	-8.16957467527372	5.72951944831449e-14	2.0232638906796e-12	21.0756837601653	LUSC
HMGB1	-1.70236670224364	0.0886866479584866	0.277525663159812	28	-0.30887831066405	7.64224125284378	-5.50136218529688	1.30597513958046e-07	1.60134580608895e-06	6.1222510124512	LogFC Significant
HMGB1P1	-0.598372142069614	0.549591649629433	0.836239703419619	5	0.461316295188219	-1.75325859612021	2.19390476049912	0.0295474867312877	0.0865852813019468	-4.47605001674273	Non-Significant
HMGB2	-2.16415323323732	0.0304525911429746	0.134197957862279	75	-0.559673530464588	6.63614450648536	-5.43054305526942	1.83746838002595e-07	2.1928099433865e-06	5.91588846724814	LUSC
HMGB3	1.42746174003524	0.153446845730217	0.406159042255608	16	1.01197464142812	7.09207928996845	5.56685012482739	9.49953209943133e-08	1.19889184129877e-06	6.50212685585315	LogFC Significant
HMGB4	3.41508440530933	0.000637622497106323	0.0184093164893283	12	0.221631137370065	-6.42992389697517	1.27328142039096	0.204591006292522	0.337921172201087	-6.7337045071809	VIPER Significant
HMX1	-1.76991615372778	0.0767411094085367	0.253157452876437	6	-1.0088310968189	-6.23046668327015	-4.9369333768551	1.82743210232311e-06	1.77802504701364e-05	4.0720371265003	LogFC Significant
HMX2	-2.2308427516246	0.0256915469627954	0.117572478014251	18	-0.873693505375447	-6.03003824939701	-4.23709964633555	3.64018903483864e-05	0.000265607483835387	1.35528215423744	LUSC
HMX3	-1.55724677872566	0.119411905952727	0.342712170084325	3	-0.156693552784612	-6.61647906733953	-1.37550415663447	0.170716699397141	0.330458382742046	-6.74034848310675	Non-Significant
HNF1A	0.28173830735479	0.778144178790588	0.95769480659915	29	1.0789137911089	-1.30817447826592	3.80366770454875	0.000196222028039775	0.00118473589449834	0.0398603688336356	LogFC Significant
HNF4A	1.48305672551651	0.138059340164602	0.373802175728686	9	0.816515197425661	-2.52357171069932	2.0484453966169	0.0419957621629846	0.114400233052764	-4.7122469004183	Non-Significant
HNF4G	3.01794707289208	0.0025449334788246	0.0244630208562613	39	1.64921186533931	2.34286144326306	6.17553664821235	4.40617056858548e-09	7.05070426267423e-08	10.0066952779469	LUAD
HNRNPK	-1.22518200083291	0.220506654564202	0.504504630676929	63	-0.0981487874015875	8.94269808438104	-2.92409198132846	0.00390741661317135	0.0160815918616821	-3.89001171240155	LogFC Significant
HNRNPU	-0.397208823270621	0.691213476254545	0.913318088055428	70	0.0100618842845844	8.96162433287352	0.207518008867331	0.835844338537488	0.889299862437952	-8.06564566590793	Non-Significant
HOMEZ	-3.28686438782338	0.00101309608668035	0.0184093164893283	21	-0.256388324351011	4.52551166115511	-2.98548401644623	0.00323297459046299	0.0136627476962295	-3.15516730938628	LUSC
HOPX	3.57186020752407	0.000354454606975536	0.0184093164893283	126	2.35553287298012	6.73337160615761	13.6118419739465	2.54412539198497e-29	8.35228159332563e-27	55.7725066589491	LUAD
HOXA1	-3.58319416986224	0.000339418109377371	0.0184093164893283	71	-2.00926042121291	0.694512318594927	-9.56670088700168	9.8408561888802e-18	6.37913131245042e-16	29.6829089123345	LUSC
HOXA10	-3.1999343833768	0.00137458878031551	0.0186591139165801	42	-2.62340995231234	0.267964715122677	-7.68801275383301	9.99178511528834e-13	2.91872547288497e-11	18.37858666535	LUSC
HOXA11	-3.1069771626889	0.00189010999626891	0.0208189515869451	24	-2.62130664128117	-2.69869907457049	-6.90936643971561	8.49526202952222e-11	1.80271019030137e-09	14.1742339412542	LUSC
HOXA13	-3.59447850225075	0.000325041980977237	0.0184093164893283	66	-4.8571529100736	-2.47945337954791	-10.8383840048262	2.6109912578777e-21	2.8328976790696e-19	37.7584998764509	LUSC
HOXA2	-0.307860916616078	0.758188166325125	0.945499705864169	10	-0.197596597796554	0.0356993230098981	-1.30137808738449	0.194823595473068	0.337921172201087	-6.16666659028037	Non-Significant
HOXA3	-2.89879781193504	0.0037459637017014	0.0299826337717853	32	-0.543815898419427	1.74317582507271	-3.34414525028165	0.00100782986359912	0.00499069973132588	-1.77497806250159	LUSC
HOXA4	-3.11456681586713	0.00184215229192599	0.0208189515869451	54	-0.698472738870634	-1.70120246510626	-4.62230662260981	7.3003994913332e-06	6.25085190166551e-05	3.18035753232731	LUSC
HOXA5	0.711230356874589	0.476941499916702	0.775222874864608	29	0.0762675034662066	2.57513544984246	0.712535064374671	0.477073488876701	0.605824071889381	-7.03745653203003	Non-Significant
HOXA6	-0.799705774898247	0.423881286281594	0.734118538051485	46	-0.575519554849701	-2.67766277850912	-2.19673701812773	0.0293408975163401	0.0860790378216478	-4.39568990764304	Non-Significant
HOXA7	-3.75261314515476	0.000175000804575398	0.0184093164893283	49	-1.21887270868374	-2.5108065516978	-5.5876596638111	8.58135463122394e-08	1.09441306206632e-06	7.48328649844135	LUSC
HOXA9	-3.46217761209209	0.000535823424351949	0.0184093164893283	35	-1.55873795376195	-1.47895746608294	-7.05024728626684	3.87161151567964e-11	8.61061291900675e-10	14.8937926742475	LUSC
HOXB1	-1.30737985184672	0.19108373666331	0.465497781578354	11	-0.992590503396604	-5.47767711403125	-3.71161150227752	0.000275785289701777	0.0015977413359141	-0.250276091538334	LogFC Significant
HOXB13	-1.89020158703804	0.0587310045261684	0.209774465444129	30	-1.99040592601027	-3.04530599397814	-3.61815695443179	0.000387138770580509	0.00215370542033014	-0.470284498269289	LogFC Significant
HOXB2	0.00384050041393805	0.996935731546673	0.999804859561379	54	0.226055298240671	2.55065744460579	1.39286451836368	0.165411031391182	0.322684265902077	-6.3226917275537	Non-Significant
HOXB3	0.242491578304954	0.8083992817034	0.973103476266504	21	-0.107709960820207	3.91350477425478	-0.703459645854806	0.48269538793978	0.611142731225987	-7.19607679474059	Non-Significant
HOXB4	-0.47768352221589	0.632875474055066	0.887049657008965	61	-0.0681727925778837	2.12210920923631	-0.470021946733205	0.638919004875479	0.74240249542378	-7.12921005676357	Non-Significant
HOXB5	0.612181099930969	0.540417944800707	0.830045604820046	43	0.383201554314442	1.1450428589999	2.6079477104761	0.00988814816662435	0.0353001478607301	-3.79458555715427	LogFC Significant
HOXB6	0.847264273046627	0.396847835628407	0.707424402641942	13	0.443562626526048	0.242312590396919	1.93667524341136	0.0543804817828325	0.140667201911408	-5.17749864369404	Non-Significant
HOXB7	-1.098118118539	0.272152914610862	0.573399908516828	18	-0.650653046155616	2.85436515379548	-3.15886960923188	0.00186331762620769	0.00850374715042192	-2.46350899869089	LogFC Significant
HOXB8	-0.626823504584822	0.530774934433831	0.821515287579019	9	-0.0220822585195771	-2.01881516956266	-0.0610243296614021	0.951408811747661	0.968151597700105	-6.81143498963831	Non-Significant
HOXB9	-0.353373776913804	0.723808242314087	0.928063110413319	11	-0.774686066784104	-1.20625724850607	-1.42513525258889	0.155882357509636	0.308371093738497	-5.88099290331253	Non-Significant
HOXC10	-1.44346198826066	0.148890372934484	0.397238724070888	21	-1.43266390156057	-0.968988076690881	-2.46283302932434	0.0147428560595555	0.0491615316806385	-3.93908287455664	LogFC Significant
HOXC11	-0.485951723466646	0.627001394761472	0.883535601753671	23	-1.65996284256745	-1.79964657881933	-2.95770415915256	0.00352368183685013	0.0147128968532006	-2.5892300307845	LogFC Significant
HOXC13	-3.44980462049067	0.000560992408179614	0.0184093164893283	61	-3.32654060691384	-1.19218859600758	-6.59105704449041	4.85754380423852e-10	9.14469012291829e-09	12.4206149350665	LUSC
HOXC4	-2.320051968991	0.0203380661820282	0.100137388350703	11	-0.588330203658781	0.448901088040973	-2.99534868038457	0.0031351635735322	0.0133135219563348	-2.68405597481939	LUSC
HOXC5	-2.67054150841112	0.00757290077924234	0.0487626848253136	16	-0.913834630542494	-2.35173228183361	-3.22160321866864	0.00151775020402859	0.00713000709769192	-1.77895519513758	LUSC
HOXC6	-3.07551573341138	0.00210138841276809	0.0219879652148494	25	-1.23801384500186	0.411793747937417	-4.37067189944693	2.10918247905488e-05	0.000162938909411245	2.00213239732943	LUSC
HOXC8	-3.36911851903929	0.00075408995974683	0.0184093164893283	59	-1.7712167632442	-0.266843004009242	-5.18976508012404	5.73899434006902e-07	6.22011642148566e-06	5.51307580659359	LUSC
HOXC9	-0.130589541258265	0.896100016737534	0.996824437223536	3	-0.822681252565594	-1.11869412184877	-2.36728249920141	0.0190009233824362	0.0605284203855419	-4.14831520526022	Non-Significant
HOXD1	3.29306321447065	0.000991021902874388	0.0184093164893283	116	2.00937899033066	1.84089372761697	7.43104591126212	4.44368461934811e-12	1.16497339278799e-10	16.8045555878358	LUAD
HOXD10	-3.48772212580832	0.000487154083154502	0.0184093164893283	66	-3.89664634628476	-0.632680505733428	-10.4016065492631	4.53813506706844e-20	4.07279613796904e-18	35.0003031230618	LUSC
HOXD11	-3.54283761743363	0.000395846364420044	0.0184093164893283	116	-5.06968887468522	-3.74962568136117	-15.5672599832542	5.80593998796789e-35	4.843296102094e-32	68.1750337862795	LUSC
HOXD13	-3.40504250343267	0.000661537565285268	0.0184093164893283	80	-5.31118312383054	-3.14097247164662	-10.8376903523413	2.62290611295624e-21	2.83977022263598e-19	37.7230141273187	LUSC
HOXD3	-0.124283786084444	0.901090584592666	0.997055212840934	9	0.0772724945118365	-0.425609957308636	0.366315426483171	0.714568023146851	0.799944483825885	-6.89341737759285	Non-Significant
HOXD4	0.109753033705617	0.91260523961007	0.999804859561379	6	-0.120529649920946	-3.95513715872769	-0.401612864244877	0.688454349987791	0.781877599258266	-6.59017638636432	Non-Significant
HOXD8	-0.813655093669095	0.415842566595178	0.725197670390375	13	-0.45546934519303	0.86057191273027	-1.91585268477573	0.0569985936350132	0.145992371053067	-5.28258273831618	Non-Significant
HOXD9	-2.6454267058466	0.00815879599934578	0.0512219411333928	30	-1.52040318733669	-0.188088872024526	-5.79772880768632	3.03411232150721e-08	4.18524910794838e-07	8.34647205598686	LUSC
HR	-3.53056263609269	0.000414676818089624	0.0184093164893283	167	-3.56667999776511	1.29799839045011	-13.8469114709515	5.29552372787552e-30	2.02607534147875e-27	57.5544128757977	LUSC
HSF1	-0.143645535905878	0.885780381058371	0.994729796302909	80	-0.174208723089137	4.85729015870778	-1.3514636579843	0.178274897943479	0.337921172201087	-6.64224514064476	Non-Significant
HSF2	-2.31409588860566	0.0206624628982208	0.100754582433315	52	-0.323993191663691	4.51975686277175	-5.02404948630128	1.2315739407425e-06	1.24049626976688e-05	4.31251888969243	LUSC
HSF4	0.954921486672452	0.339617402949315	0.651041376455318	85	0.42996116285167	4.06961842118454	2.88614800918434	0.00438635617984927	0.0177639570686677	-3.38247176973586	LogFC Significant
HSF5	0.416671059765589	0.676919025275943	0.906958400331015	26	0.154099961672021	-2.29943707236753	0.738778924092724	0.461021597082354	0.592058006533033	-6.51859225560773	Non-Significant
HSFY2	-0.597867607644179	0.549928275124699	0.836239703419619	19	-0.0447518355638748	-6.75022905569188	-1.23200876073874	0.21958301851199	0.337921172201087	-6.99398794510735	Non-Significant
ICE2	-1.01154763090073	0.311754396175217	0.622316200087717	33	-0.206721693708465	5.94816709509646	-3.43163379151971	0.000747120946202756	0.00384330736640451	-1.96519539359661	LogFC Significant
ID1	-1.1630764306602	0.244798493852053	0.54043975181184	12	-0.677315858051696	3.03275930622165	-3.33559644583354	0.00103741830407985	0.0051177962017845	-1.9407122230859	LogFC Significant
ID2	0.984968111854394	0.324639734667689	0.633044269464264	38	0.0970835114431693	5.69273761333848	0.962130979848567	0.337298820552073	0.470154422282652	-7.19063954935063	Non-Significant
ID3	-0.615225324863883	0.538405925346406	0.828221672297802	73	-0.237347907859523	4.23917532919734	-1.61554364570204	0.107977411978066	0.233591471214856	-6.18254791418431	Non-Significant
ID4	0.903051256007297	0.366498692301444	0.676738581177345	31	0.440367056690499	4.03162462517665	2.44265786936572	0.015563787495668	0.0513704929950418	-4.51646522916575	Non-Significant
IGF2	-0.637766676464451	0.523625574729232	0.815937632236518	17	-0.376345908876639	3.21853000256137	-1.17207245253577	0.242746087964053	0.365703805315415	-6.67900403683247	Non-Significant
IKBKB	1.31565711333049	0.188289154746461	0.462436322598582	9	0.24179085398354	6.38493743306534	2.68789237908544	0.00787798710189483	0.0291739503432807	-4.18625709457447	LogFC Significant
IKZF1	0.423174445177799	0.67216799017263	0.905176535509247	112	0.24376930320444	5.27049167449615	1.9665263145472	0.0508042265490292	0.133378611185234	-5.68382821021524	Non-Significant
IKZF2	1.64281132609254	0.100421976093114	0.302924549506104	29	0.191751747954039	5.27184649435574	1.78168359416888	0.0765186753040657	0.182761291317657	-6.02470799164834	Non-Significant
IKZF3	0.332009166679695	0.739882337245418	0.94045611939153	61	0.242540964880677	3.25214558897714	1.58510594424827	0.114730584416512	0.244756656127893	-6.11864443940914	Non-Significant
IKZF4	3.58877783847669	0.000332231801446596	0.0184093164893283	31	0.584260061849216	4.1495915572068	7.35854710533411	6.73986306983161e-12	1.71998331078963e-10	16.1923831321429	LUAD
IKZF5	2.87043008949579	0.00409913829095711	0.0313449231618331	17	0.212521519451752	5.10483326620442	3.87559669607229	0.000149752759237056	0.000930873970257642	-0.353329490047139	LUAD
IL4	0.26234394553044	0.793056284454283	0.967001452816928	5	0.786907286546139	-4.23209260442688	3.5389181665694	0.000513508697172656	0.00276132342431869	-0.678233899841654	LogFC Significant
ILF2	-0.493163288936827	0.621897214942577	0.882333763967306	91	-0.0893414900435865	8.02604493616261	-1.23598369967299	0.218105444846942	0.337921172201087	-7.19226479976406	Non-Significant
ING1	0.0281667595328589	0.977529148749677	0.999804859561379	5	0.0628098343539655	4.05395086369345	0.72138483376607	0.471626362788626	0.601166781815636	-7.19942917060121	Non-Significant
ING2	1.08206931913377	0.279221727471202	0.58070025930605	40	-0.00652869051538623	3.59105360117043	-0.0791843812362858	0.936975586396992	0.958466975362295	-7.40367746696308	Non-Significant
ING3	0.75447977086409	0.450561187791921	0.752433438299227	16	0.128096894680172	4.25846526721946	2.29722314298713	0.0227788352366139	0.0701648795308919	-4.87700332809094	Non-Significant
ING4	0.529291269894788	0.596603410750626	0.87105832281832	10	-0.0561584662489023	4.90257691511732	-0.826992049699387	0.409357136334904	0.542504550864337	-7.21649295513946	Non-Significant
ING5	0.213618085027212	0.83084489511255	0.979584900177126	11	0.121887639944046	4.11897929259587	1.59050540008832	0.113508747857845	0.242719928709262	-6.20843821838515	Non-Significant
INO80	-0.371990948338949	0.709899588721068	0.924394678206888	11	0.0166326787508131	5.65738785450901	0.356230624783561	0.722092905278304	0.805622003463972	-7.58589659612914	Non-Significant
INSM1	-1.00353397392341	0.315603293360798	0.624440856269778	6	-0.329285847112154	-2.90722271224936	-0.892313115903967	0.373438882447139	0.507797845443993	-6.34493181626937	Non-Significant
INSM2	0.121228813870431	0.903509802253093	0.997055212840934	6	0.871686699127947	-5.23891266589517	3.18639582985035	0.00170357068010962	0.00787284512106602	-1.851465218538	LogFC Significant
IRF1	-0.0487785549809984	0.961095772472745	0.999804859561379	64	-0.135708540837741	6.70904231110618	-1.01817742356719	0.30998593385406	0.441797676173473	-7.26251655421721	Non-Significant
IRF2	1.43867866915542	0.150241585663071	0.400312129439137	25	0.0428632469082366	5.68670536383778	0.695149179413933	0.487875103914025	0.615831432485031	-7.41101196767218	Non-Significant
IRF2BP1	-0.509096358447627	0.610684684204119	0.873889277451561	43	-0.188587777232148	2.06996011463252	-1.52541650570061	0.128943416769098	0.267790984642573	-6.07730673420774	Non-Significant
IRF2BP2	0.452578028782438	0.650852622709858	0.896151758280811	41	0.207297050700538	7.48435918005879	3.12514433525562	0.00207793810146197	0.00936065494254548	-3.10982996129809	LogFC Significant
IRF2BPL	1.0564729801231	0.290752179037336	0.59482803226681	14	0.18565320314676	4.60558054005678	2.45778246507263	0.0149446700351285	0.0496847301324677	-4.54587535816378	LogFC Significant
IRF3	-0.647960464452552	0.517010521555643	0.809566748094535	37	-0.151051499769644	5.25204978598803	-1.47512723683818	0.14195822863545	0.287658745712945	-6.51565447345901	Non-Significant
IRF4	-0.543476925266057	0.586801473999215	0.862889061201798	116	-0.360186740436811	4.83635567036285	-1.82533827699715	0.069638648010203	0.171140357512179	-5.89575887208505	Non-Significant
IRF5	0.21124414661129	0.832696763907105	0.980039947015407	101	-0.0205925124700841	4.10437054946111	-0.158367298910985	0.874348255833024	0.916191977737654	-7.45310542744378	Non-Significant
IRF6	-3.7432007227059	0.000181690974328083	0.0184093164893283	144	-2.02547118408821	6.7116274443777	-16.9203548626077	8.36145999720604e-39	9.67002848676878e-36	77.5543421334468	LUSC
IRF7	0.178311839392247	0.858478081323781	0.989548990740305	86	0.213412071956502	2.91374559367977	1.1381139908703	0.256613930764037	0.381413029584613	-6.68352811928359	Non-Significant
IRF8	1.0060870723122	0.314373686820458	0.624087684607017	135	0.245022793342644	5.21172863675579	2.13512939034793	0.0341284025876314	0.0969431399378084	-5.33807139414083	Non-Significant
IRF9	0.151509673904098	0.879573680258116	0.992174915013226	28	-0.22518872851935	3.47881942828603	-1.72329396179202	0.0865849585100477	0.19906755517744	-5.91868808247405	Non-Significant
IRX1	-0.120994460716514	0.903695422668885	0.997055212840934	16	-0.476891658034568	-3.22653110151856	-1.1950522216216	0.23366839304743	0.354642383936158	-6.00939517824921	Non-Significant
IRX2	2.43368249593626	0.0149460989593505	0.0811532778630682	34	0.424338747933254	3.63466738250853	1.54528884997522	0.124065795050277	0.259835043294579	-6.22341797772825	VIPER Significant
IRX3	2.95787569240661	0.00309767014773405	0.0273779649557296	77	0.920466755132618	3.59489644039721	5.20254356467036	5.40707489466298e-07	5.88704903280088e-06	5.20650555087446	LUAD
IRX4	-3.53664435448995	0.000405244969743063	0.0184093164893283	41	-4.65727058739302	-4.45522669995081	-13.6292080761343	2.26551028157542e-29	7.58439185448992e-27	55.6825066586897	LUSC
IRX5	2.13497350298663	0.0327631745503103	0.138570984571733	11	0.828927610562702	2.61781827533711	3.95962027267507	0.00010869452087901	0.000702026582620043	0.221657414031187	LUAD
IRX6	-3.32293018024162	0.0008907720689228	0.0184093164893283	25	-1.8847898413859	-0.199335043622165	-5.31175562434862	3.2366813509031e-07	3.68048641836995e-06	6.05957116069248	LUSC
ISL1	0.409239006292425	0.682364271661203	0.910272126007541	7	-0.30578379524815	-3.43511977076586	-0.663834131703374	0.507661847905383	0.633504103443178	-6.48139669205691	Non-Significant
ISL2	-2.38039094281436	0.0172942793298495	0.0893167279528731	55	-1.21034373332283	-3.74093779487145	-4.38280112727857	2.00599211334407e-05	0.000155914028837065	2.3394642303724	LUSC
ISX	-0.0186916334238388	0.985087102650942	0.999804859561379	3	0.778930179200659	-5.09391128253085	1.97651774286558	0.0496524881128394	0.130980638160184	-4.79588333165839	Non-Significant
JADE1	3.2654473896156	0.00109291305741041	0.0184093164893283	58	0.878890956744885	5.17734843985033	9.64096975633707	6.12883372918322e-18	4.10357675188444e-16	29.8445404536145	LUAD
JADE2	0.868387926937105	0.385182001876297	0.692775865505355	29	-0.0148787820543051	5.58299245133067	-0.145313985702877	0.884628626509952	0.922669760772842	-7.62986857169234	Non-Significant
JADE3	2.12581880561276	0.0335183495557628	0.140581136237009	18	0.255216384780392	4.55344898714275	3.07881558543345	0.00241016191980281	0.0106304498094033	-2.8886506305371	LUAD
JDP2	0.554368119270626	0.579326939823771	0.857627355744014	51	0.299746822325231	3.95083083436762	2.77155189327491	0.00617668758709	0.0237434752921686	-3.67997822385315	LogFC Significant
JMJD1C	2.97560381466846	0.00292412358954571	0.0263433376295845	95	0.370092406167602	6.99635660891465	5.11767126641688	8.01685338363959e-07	8.43385572213943e-06	4.44067420638101	LUAD
JUN	1.20317698257856	0.228907840054408	0.516714438954276	21	0.165918417830857	6.75593880043432	1.57092087089635	0.117990260373731	0.249950143182118	-6.55721520221533	Non-Significant
JUNB	-0.275553566965041	0.782890977471675	0.960212438181072	84	-0.164131166599337	4.52311578477119	-0.907462236070078	0.365398521821258	0.499776077341053	-7.10232253087445	Non-Significant
JUND	1.38877693575836	0.16490059078619	0.419879958034798	6	0.359270766689283	4.86682065597381	3.89859419172137	0.000137247379885814	0.000861899317890849	-0.243615868763414	LogFC Significant
JUP	-3.02581299415456	0.00247965613076789	0.0243710558099949	123	-1.18541035714008	7.39577521091431	-8.70372559524052	2.21003359430852e-15	9.85624622962169e-14	23.7734840065087	LUSC
KANK2	2.159495049454	0.0308117809878825	0.134275201745458	170	0.593549333062329	5.95997164701557	6.22889348791967	3.33535070579007e-09	5.44681181048889e-08	9.90972369217002	LUAD
KANSL3	-0.99363255020614	0.320401791238382	0.627375437229932	9	-0.1516247284003	6.413390053629	-3.25674391196093	0.00135120639964062	0.00645125622556881	-2.57420784910338	LogFC Significant
KAT2A	-0.726093246278526	0.467781609032806	0.767788605021983	79	-0.182922456428779	6.11539984315195	-1.80678424788643	0.0724975254470899	0.176076555151798	-6.08290564407031	Non-Significant
KAT2B	2.09917194677199	0.0358017460037718	0.147388745331101	108	0.36444483297384	5.46788150539982	4.25232467849461	3.42277458638072e-05	0.000250858861590911	1.00886093182262	LUAD
KAT5	-0.350814127030287	0.725727798138041	0.928063110413319	26	-0.016007232029096	4.39458580447737	-0.250262671057614	0.802675007266139	0.864296424303711	-7.46786640953217	Non-Significant
KAT6A	-0.663938280782622	0.506729814080775	0.800343630394276	30	-0.2044777392812	6.75469322162299	-2.23061267128198	0.0269654700484406	0.0804647222708583	-5.32416254918498	Non-Significant
KAT6B	-0.231919282054433	0.816600707876211	0.975146000650467	16	-0.168421578589121	5.71672412623952	-2.60520170369084	0.00996473371382657	0.035531177896558	-4.31545706301396	LogFC Significant
KAT7	0.596161302052722	0.551067474826743	0.836806165477647	28	0.0816775321868481	5.86696144640129	1.4606035789829	0.14590036829703	0.293706870910858	-6.61125724951326	Non-Significant
KAT8	3.32597293454174	0.000881104838586053	0.0184093164893283	134	0.332409387160611	5.16925302836459	5.29246534650629	3.54559325017422e-07	4.00490695068513e-06	5.44766079503957	LUAD
KCNIP3	1.84221726153879	0.0654433765082006	0.226954013970532	7	0.267218447885335	0.939185346027543	1.45151601153436	0.148409646843769	0.297356903937159	-6.05953869977826	Non-Significant
KCTD1	-3.39537536665069	0.000685345688230582	0.0184093164893283	116	-1.8611803909267	4.04861052256751	-14.0474856470556	1.38919635821373e-30	6.0419355456465e-28	58.842789270278	LUSC
KDM1A	-0.817045631340546	0.413902351396763	0.72494452111737	13	-0.318504399676359	6.75979982408401	-5.09962033825545	8.71236545325805e-07	9.07548471759446e-06	4.38937392470862	LogFC Significant
KDM1B	-1.20921609379116	0.226579836293996	0.513299039163913	13	-0.125429549058331	5.546976890689	-1.79333875965555	0.0746292548639726	0.179436035863169	-6.03718046513276	Non-Significant
KDM2A	-0.312130192097427	0.754941581972142	0.945499705864169	15	0.0095530324577589	7.72289696786086	0.164346047194606	0.869646609889191	0.912749569763038	-7.9014067411238	Non-Significant
KDM2B	-2.57069525981815	0.010149459329978	0.0602240144053872	25	-0.438363148161756	4.70404037657884	-6.09935626187025	6.54066672645553e-09	1.01720161076533e-07	9.38826473725116	LUSC
KDM3A	-3.32496941152458	0.000884282361428738	0.0184093164893283	59	-0.618770003258663	7.22074553424637	-8.61850692012376	3.73507856805481e-15	1.59181916259662e-13	23.2741488895093	LUSC
KDM3B	1.79601836772257	0.0724915958753522	0.24245451600244	76	0.224420596648137	7.09218163772189	4.04846321556425	7.70314034712789e-05	0.000516108616214252	0.037395459337465	LogFC Significant
KDM7A	-0.601924320395362	0.547224514567157	0.836239703419619	7	0.0866937997074596	6.39695550528875	1.04913089562857	0.295550935814302	0.425924806566031	-7.19084136776562	Non-Significant
KLF1	0.958515180595037	0.337803040319097	0.648181765043998	6	0.220053485026634	-4.80722108377844	0.945224839562704	0.345835036955454	0.479235688586908	-6.23336755493724	Non-Significant
KLF10	-0.385065771285734	0.700188686895708	0.92019780462069	13	-0.0663339775615077	7.11377253155544	-0.802257663141392	0.423481763060732	0.556297415780995	-7.51138522124366	Non-Significant
KLF11	0.71142150531074	0.476823076481499	0.775222874864608	14	0.0257052584228553	5.30650758614896	0.335778886299525	0.737436038280062	0.817221356416203	-7.55045362320075	Non-Significant
KLF12	-1.49988838099489	0.133643318208587	0.366033938945924	30	-0.416967734524552	4.81703446053587	-4.02323997277226	8.49907673319357e-05	0.000564379510172632	0.216671148125428	LogFC Significant
KLF13	-0.157519479627594	0.874835457008206	0.991209871137463	8	-0.240194709026511	6.81993948945609	-2.74634330983217	0.0066504078297281	0.025320812033187	-4.08814645646309	LogFC Significant
KLF15	2.03862639471232	0.0414873288791324	0.163748612412921	32	0.747478909440823	0.489338110231254	3.12541232421041	0.00207614602927383	0.00935342634434319	-2.31095124933882	LUAD
KLF16	-1.16136120830146	0.245495037462255	0.540788958620252	62	-0.359579011644068	2.61775172094617	-3.63731591845629	0.000361325689103808	0.00202828670885123	-0.910882773352968	LogFC Significant
KLF17	-0.0972660902040413	0.92251508437758	0.999804859561379	14	-0.400664403746049	-2.67568620975308	-1.89626843797629	0.0595567189832497	0.151272996015855	-4.99165917637399	Non-Significant
KLF2	1.88978313028371	0.0587869706545767	0.209774465444129	75	0.621546199074031	2.46581994892057	4.80173221085184	3.33968940117275e-06	3.07034209337085e-05	3.56416634579197	LogFC Significant
KLF3	-1.23914060323965	0.215293432539315	0.498300122086964	6	-0.0357916323668798	6.91234698476892	-0.567985065099251	0.570766257184688	0.685815903960701	-7.64584254403072	Non-Significant
KLF4	-2.83356426555193	0.00460320511081908	0.0332362399700846	20	-0.696543769496797	5.13946931742066	-4.74758952378791	4.23789589822904e-06	3.81343184221543e-05	3.05125549917846	LUSC
KLF5	-3.34770160064714	0.000814846970977354	0.0184093164893283	54	-1.01801766454465	7.02597527925476	-7.16072009798545	2.07849489949159e-11	4.85389130130927e-10	14.7743626330836	LUSC
KLF6	1.50278855462096	0.132893578287418	0.365420724379359	44	0.0650108857389325	7.90598128008537	0.727584632891544	0.467831013428599	0.597721425864409	-7.67433365968119	Non-Significant
KLF7	1.03748252217942	0.299511036992246	0.604134210158053	27	0.056054788633021	6.00292463332825	0.631067349154662	0.528812064280037	0.650277438992628	-7.49250899873053	Non-Significant
KLF8	-0.907436562567852	0.364175981924729	0.675643247407572	10	-0.27299356755819	4.50029726841559	-1.93785889468967	0.0542347461397378	0.140382994662328	-5.64861034473322	Non-Significant
KLF9	1.00708995649734	0.313891547199531	0.623746902397486	58	0.291048907146038	6.05291304008822	2.87848896337207	0.00448931258591387	0.0181102870022842	-3.63519314507042	LogFC Significant
KMT2A	0.441416971108506	0.658911158189131	0.899288394566551	26	0.0741610137233215	6.8282909377063	1.05319664946933	0.293689173937294	0.423865996510668	-7.24167235166553	Non-Significant
KMT2B	-0.714387677799388	0.474987489362697	0.77518266947982	36	-0.145591790721815	-6.59889998965826	-1.55707247158937	0.121242832724006	0.255194091425032	-6.46609564625592	Non-Significant
KMT2C	3.11146046023259	0.00186164402990918	0.0208189515869451	28	0.2959655616426	7.11152170661262	4.393738235768	1.91711489545117e-05	0.000149623172653264	1.36390556481114	LUAD
KMT2D	-0.0967689445896091	0.922909886785956	0.999804859561379	8	-0.0455021307670592	6.349994674966	-0.564095770315684	0.573404357987546	0.687869215065225	-7.57605436695708	Non-Significant
KMT2E	3.17912186392694	0.00147721971068642	0.0193969568546995	61	0.218990301336487	7.2377506844687	3.88517886619533	0.000144416136012469	0.000901688281856503	-0.578384054355982	LUAD
KMT5A	-3.415300208054	0.000637117496579475	0.0184093164893283	98	-0.784000561902722	5.10945239072508	-12.655212989157	1.51870447617582e-26	3.61125214834966e-24	49.5357706003334	LUSC
L3MBTL1	-0.366333289115862	0.714116392329552	0.926184526914183	30	-0.277528197070928	3.27589923484917	-2.22525538630075	0.0273296094367301	0.0813366771433763	-4.92493382408286	Non-Significant
L3MBTL2	-0.477726248786768	0.632845059275384	0.887049657008965	35	-0.0764119547682971	4.80531171477299	-1.13247593776194	0.258969047680403	0.384150506071158	-6.9065262815978	Non-Significant
L3MBTL3	0.072760237003304	0.941996913324507	0.999804859561379	8	-0.146343868028113	4.15314202943704	-1.45940498465497	0.146229439450768	0.294204936576458	-6.41014550601565	Non-Significant
L3MBTL4	0.526548207356318	0.598507366712802	0.871305289656535	8	0.240630078917902	3.16808812752244	1.48526642375793	0.139255424539247	0.283378050592024	-6.26067471674635	Non-Significant
LBH	1.25730282309095	0.208644002125877	0.489108285030206	61	0.190192038775356	5.80818727301328	1.69394156280289	0.0920385974222198	0.207321792645552	-6.23988262256576	Non-Significant
LBHD1	0.192844688801351	0.847080603722852	0.987732418082237	57	0.2097164933633	3.65752578022303	3.47585768550198	0.000640798295232745	0.00335933737585292	-1.5597463591373	LogFC Significant
LBX1	-0.294485750549377	0.768386750354486	0.951719470691838	13	-0.456702236212056	-5.84239537818467	-2.15062606012228	0.0328647681929781	0.0941748279236336	-4.7760563089192	Non-Significant
LBX2	0.211218380315875	0.832716868867745	0.980039947015407	6	0.677431231958449	-1.7039728307431	4.27960165643861	3.06398778269053e-05	0.000227213760288532	1.81855978222504	LogFC Significant
LCOR	0.457387038018674	0.647392879348563	0.893891611416676	7	0.197936405602491	5.6533052934545	2.34804302950619	0.0199790416530097	0.062989684854712	-4.92533191809847	Non-Significant
LCORL	1.20335791993171	0.228837844395499	0.516714438954276	14	0.385070326961295	3.78765086733255	5.1039862039883	8.53895974630755e-07	8.92041686821199e-06	4.7443302067577	LogFC Significant
LDB1	-0.745617205353604	0.455898686477158	0.755014707611668	94	-0.289888164156573	6.19505635118924	-3.79305739947425	0.000204137654002724	0.00122612708470049	-0.77531932458118	LogFC Significant
LDB2	1.75769612332101	0.0787992278281852	0.256576416056441	83	0.334266146407862	4.550942586196	3.28452035097538	0.00123177077767398	0.00594573020230677	-2.26778488323329	LogFC Significant
LEF1	-2.08940087755031	0.0366716523061098	0.150047554955142	57	-0.704115050982466	4.17617353753903	-6.02714452920603	9.48535248246834e-09	1.42633465254989e-07	9.07980232485349	LUSC
LEO1	-1.34832022010204	0.17755541140038	0.443667688437018	41	-0.163932724592184	4.77783395515862	-2.99429701183871	0.0031454600832554	0.013352789004466	-3.15884166528927	LogFC Significant
LEUTX	-0.143130308634678	0.886187268542323	0.994729796302909	4	-0.140123762176478	-6.66163381429362	-1.71803857293486	0.0875415882017068	0.200290609915862	-6.23975976265834	Non-Significant
LHX2	-3.200161040671	0.00137350820332704	0.0186591139165801	27	-2.65308685221167	-2.7501703386764	-7.49590244589867	3.05611059618594e-12	8.25960174597262e-11	17.4023623558297	LUSC
LHX3	-0.169473291639298	0.865424378661382	0.989548990740305	6	-0.34684073399223	-6.20028301504207	-1.553410471227	0.122114646798982	0.256614739500847	-6.13343614567688	Non-Significant
LHX4	-0.158448803689468	0.874103159674949	0.991209871137463	19	0.0566486043160382	1.6637829452047	0.485316190788606	0.628053348492899	0.734102291868664	-7.06982999939817	Non-Significant
LHX5	-3.23728327726367	0.0012067355923149	0.0184093164893283	40	-2.79814951209483	-3.94536165597239	-7.7944946606275	5.34627400618709e-13	1.63099819591628e-11	19.1060609643366	LUSC
LHX6	-1.94334791145336	0.0519741362800122	0.193005618829103	10	-0.377919291366562	1.83362136212024	-2.87702843434335	0.00450919459827657	0.0181746436695367	-3.16174101920188	LogFC Significant
LHX8	-0.0101513556496743	0.991900529164585	0.999804859561379	2	-0.30193822324253	-4.36461531744778	-0.732726464661484	0.46469631258106	0.595061394881309	-6.39505543307368	Non-Significant
LHX9	0.40714261302067	0.683903247268029	0.910511347754453	6	1.2490013528239	-0.137243380374604	3.09010278526586	0.00232498307065117	0.0103083635560822	-2.35323893768382	LogFC Significant
LIMD1	2.66466320695363	0.00770654609790412	0.0493162452654006	29	0.553241228650392	5.62375417214249	7.08604100497322	3.1666757517974e-11	7.16812554741826e-10	14.5197437243908	LUAD
LIME1	-0.552259416546259	0.58077063134798	0.858549079012577	17	-0.0718274459112549	-6.74117212711633	-1.65690274536412	0.0993139640320802	0.219058967218744	-6.38150664589397	Non-Significant
LIN37	-0.0391744091212274	0.96875133653323	0.999804859561379	30	-0.131381757835037	1.13634945758531	-1.47001216721251	0.143337086393378	0.289783511252023	-6.05468922323223	Non-Significant
LIN54	-1.38467701174939	0.166151251375406	0.421994771192402	30	-0.0788646345618777	4.8625590419234	-1.37793141503711	0.169967243571841	0.329371840921096	-6.60701620399637	Non-Significant
LIN9	-2.04488973349624	0.0408657303053025	0.16240032291035	114	-0.474708181580308	3.90223301809536	-5.67946654564039	5.46425957477523e-08	7.22218994083149e-07	7.40049119549456	LUSC
LMO1	-1.39533629904912	0.162914450790384	0.418001445259107	14	-1.12834564371833	-4.58681720155518	-3.63771311582212	0.000360808120747251	0.00202627546985373	-0.353095469545491	LogFC Significant
LMO2	1.47802898273393	0.139400020856223	0.376924147914067	43	0.156630370665657	3.86725485159404	1.60272707913098	0.110781295643574	0.238289597587137	-6.16045842544648	Non-Significant
LMO3	3.62145746950125	0.000292947970438134	0.0184093164893283	265	2.9302957312666	5.7883088181023	11.865029560972	2.94499013859563e-24	4.88139310073542e-22	44.2424016880863	LUAD
LMO4	-3.18566287153758	0.00144422785183836	0.019375689142682	24	-0.784634099955744	5.79343262974033	-7.71144455678114	8.71017524137221e-13	2.57390230738947e-11	18.0428396226078	LUSC
LMX1A	-0.84027470283754	0.400754381811194	0.712961898007777	6	-0.659639384289285	-4.83022201758632	-1.84333033290499	0.0669561421349554	0.166104243792869	-5.01053823473369	Non-Significant
LMX1B	-1.37036725049044	0.170572289791955	0.429423220792027	9	-0.870116830508028	-1.791436005719	-2.05692202314909	0.0411635719972001	0.112627676344205	-4.75501392488145	Non-Significant
LPIN1	0.422105882613917	0.672947734343839	0.905176535509247	19	0.296577262537302	5.87268518033634	2.86054520768006	0.00473922298389647	0.0189516778592185	-3.66259195310467	LogFC Significant
LPIN2	3.61649633066964	0.000298617548777749	0.0184093164893283	188	1.429306920625	6.70642877239197	12.399259685983	8.38502872892082e-26	1.80796852499943e-23	47.7025837892099	LUAD
LPIN3	-0.71973615888672	0.4716874586259	0.772531017033706	71	-0.494894885122017	4.91095740057649	-4.02096604137903	8.57456213218109e-05	0.000568724151014295	0.197658366427051	LogFC Significant
LRP5	0.623875596760257	0.532709287820098	0.823240737869674	123	0.464453947592358	5.08483346767488	2.89432392004006	0.00427883731993708	0.0173866418479852	-3.4757518228884	LogFC Significant
LRP5L	-0.0648100698788822	0.948325223704844	0.999804859561379	52	-0.154462211435246	2.21546108851575	-1.06631912660568	0.287734439323618	0.417034227104778	-6.68320964737643	Non-Significant
LRRFIP1	2.99200986558646	0.00277147306553867	0.0255407770122348	83	0.345443228883356	7.57837134499117	5.95221294548621	1.39098030307468e-08	2.03804847976557e-07	8.31652757554379	LUAD
LYAR	-2.34867952889846	0.0188401143517566	0.0941537058026842	49	-0.311985158812227	4.12591450107695	-4.20268530598579	4.18140092101899e-05	0.000300190134406	0.968318571071135	LUSC
LYL1	0.556166628219985	0.578096950381147	0.857627355744014	95	0.147397106352119	0.160065112774649	0.951856697471501	0.342470079346073	0.475742744058428	-6.56961688715	Non-Significant
MAEL	1.41100123982091	0.158244248446025	0.411804009233244	11	0.380458601265617	-2.69488929975671	1.1850512469984	0.237588807347108	0.359434654853875	-6.06211475911232	Non-Significant
MAF	-1.8043919859581	0.071169878501585	0.23949796634788	61	-0.771316258754735	6.34540576799769	-7.25097960380247	1.24575583391734e-11	3.03453955790893e-10	15.3583054050768	LogFC Significant
MAF1	0.617331601100763	0.537016027111085	0.82798557058033	109	0.116904575795601	5.88127196412906	1.45636050544036	0.147067868879973	0.295471240359535	-6.61915307244898	Non-Significant
MAFA	-1.08534153332914	0.277770417061013	0.580083958290619	13	-1.9046318203325	-4.52574677241264	-6.27810497474619	2.57672942151096e-09	4.28215066436991e-08	10.9112419616826	LogFC Significant
MAFB	-1.45690084295273	0.145143753333709	0.389831284020616	73	-0.62944122420346	5.57773806236122	-5.42576226480327	1.88011676583052e-07	2.23845628792822e-06	6.01797431365312	LogFC Significant
MAFF	-0.988934954745602	0.322694967031591	0.630636370395394	15	-0.126324276314987	4.85603496386018	-1.27882140725329	0.202637209218833	0.337921172201087	-6.73698221167542	Non-Significant
MAFG	-1.75065453436272	0.0800054354556174	0.258225389976587	119	-0.430397332120149	5.19328861809273	-4.17729116816165	4.62926348223427e-05	0.000328952460854022	0.752297669866108	LogFC Significant
MAFK	0.815168774427863	0.414975708952203	0.72494452111737	76	0.516955182428675	1.80044397343449	3.13813168582075	0.00199271639563148	0.00902541249987128	-2.41122099004161	LogFC Significant
MAGEA1	-0.702609781773954	0.482298964863826	0.780419438866389	10	-1.40629561273929	-4.09406463792059	-2.41755686050651	0.0166416177549595	0.0542176426838382	-3.82043530571832	Non-Significant
MAGEA10	-2.5617639571735	0.0104142070959079	0.0609974987046035	23	-2.13696606141739	-4.23035844016842	-3.96724582527644	0.000105552477516624	0.000684047805770624	0.792799516617189	LUSC
MAGEA11	-3.30858771419416	0.000937678072621413	0.0184093164893283	100	-4.90495220421306	-3.75839456490981	-9.27826176833896	6.125272758986e-17	3.46708153074262e-15	27.9157131973748	LUSC
MAGEA12	-0.792052958856	0.428329797398456	0.734854451728008	16	-0.659805679476798	-3.99364691229183	-1.11669642241876	0.265640570219984	0.3915586019412	-6.05347604753597	Non-Significant
MAGEA13P	0.0251360418832598	0.979946451991347	0.999804859561379	2	-0.0348613241152771	-6.74117212711633	-0.91448053829901	0.361710801338211	0.495704824456552	-7.33006227141086	Non-Significant
MAGEA2B	-1.12458871495225	0.260763357987759	0.559519189232685	16	-0.570017993829958	-6.10975836911682	-2.4522283297326	0.0151694365318027	0.0502939762416806	-4.29780273424121	Non-Significant
MAGEA3	-1.67817639705135	0.0933126680572082	0.288179006304494	17	-2.00964773451284	-2.66126245024024	-2.82915600500811	0.00520712099805068	0.0205084798070284	-2.87577063314102	LogFC Significant
MAGEA4	-3.46020021733673	0.000539773882510499	0.0184093164893283	98	-6.5927939528869	-2.37416737766942	-10.0201965161684	5.37493748890274e-19	4.18850029188828e-17	32.5601208865907	LUSC
MAGEA5	-0.438112348088274	0.661304843634864	0.899883307631763	7	-0.637485307668106	-5.16058036435213	-2.227024595043	0.0272088843398443	0.081053230799515	-4.30038146785447	Non-Significant
MAGEA6	-1.08396999568281	0.278378102486919	0.58070025930605	24	-2.32401749281061	-2.89721060850442	-3.24706123946774	0.00139531341066558	0.00663321358512037	-1.66301184469947	LogFC Significant
MAGEA8	-0.439246917446729	0.660482632570009	0.899599734802134	2	-0.244994726868556	-4.43906667286863	-0.699059914598558	0.485433875406499	0.61356332830764	-6.41914207249373	Non-Significant
MAGEB1	-0.51052399683831	0.609684407185829	0.873889277451561	8	-0.226483935573861	-5.97066353328897	-0.849195252815122	0.396921875137934	0.53063985663438	-6.78670880756074	Non-Significant
MAGEB10	-0.82791102351219	0.407720891552282	0.720414486480682	4	-0.135897609807722	-6.65091208700348	-1.77827044500338	0.0770793697428437	0.183489607539864	-6.13040093492979	Non-Significant
MAGEB16	0.313883222740484	0.753609733216911	0.945499705864169	5	-0.297476126501754	-6.28682697576356	-1.19042411357611	0.235476840074413	0.356968191532045	-6.70420140929514	Non-Significant
MAGEB17	-1.65222228329053	0.098489245472214	0.29934174607213	13	-0.910031558931607	-4.75817243163245	-3.03477149224005	0.00277082934898443	0.0119843962815488	-2.22962643260674	LogFC Significant
MAGEB18	-0.038272035221309	0.96947078710567	0.999804859561379	4	-0.235626389873514	-6.64702607403639	-2.39918824797518	0.0174717341184834	0.0564809518044053	-4.85882714509434	Non-Significant
MAGEB2	-1.59600012265225	0.110488765955831	0.32593151132396	10	-1.01806905197313	-4.72899688311725	-2.24426032521343	0.0260568546990155	0.0783183170829357	-4.21222204602901	Non-Significant
MAGEB3	-1.53012340074458	0.125986186970578	0.353994754718728	9	-0.256408663503698	-6.58027084234112	-2.29609750168864	0.0228445597294579	0.0703460373006473	-5.05571523705217	Non-Significant
MAGEB4	0.00516232180448975	0.995881081428875	0.999804859561379	5	-0.168018656977673	-6.68561322693822	-1.80444628996835	0.0728645466731877	0.176510774160327	-6.10205586538747	Non-Significant
MAGEB5	-0.511905430998573	0.60871719699871	0.873889277451561	6	0.00584045196181665	-6.66513993118749	0.0685818863300723	0.945399996687948	0.964232407519675	-7.70819769841249	Non-Significant
MAGEB6	-2.20852289454061	0.0272078436537716	0.123109364640602	14	-1.28508907315774	-5.67493783843146	-4.5840272908299	8.6024731696615e-06	7.23546197870075e-05	2.93854980585676	LUSC
MAGEB6B	-0.19911795787497	0.842170474139567	0.986446249510001	5	-0.0944822526277576	-6.54213115942907	-0.866537014675743	0.387371058903762	0.521392469538614	-7.25995593926204	Non-Significant
MAGEC1	-0.764549989776758	0.444539558445164	0.747973176646846	4	1.17035418113881	-4.38411202500272	2.4592284291944	0.0148866418922595	0.049520929550207	-3.71902161491579	LogFC Significant
MAGEC2	-0.512618253044349	0.608218382471131	0.873889277451561	5	0.79639980663208	-4.23649509367895	1.4269914048549	0.15534733352398	0.307527890048678	-5.65981397111524	Non-Significant
MAGEC3	0.0286860482204537	0.977114983696903	0.999804859561379	7	1.10171618092553	-4.08197273394785	2.94916149435219	0.0036177871446533	0.0150588725270207	-2.46572458130202	LogFC Significant
MAGED1	0.71951353068288	0.471824568392413	0.772531017033706	8	0.11521776321298	7.74135692314945	1.37299363163919	0.171494488839825	0.331635956490968	-6.97582545428746	Non-Significant
MAGED2	3.21137820003937	0.00132099955822133	0.0184093164893283	34	0.366065413890178	7.46775271703161	4.75578791328121	4.08826738835648e-06	3.68726647153328e-05	2.80485048296235	LUAD
MAGED4B	-3.08843292085989	0.00201215113026646	0.0215021894718368	58	-0.796191517196025	-4.1451129249192	-2.74144304685193	0.00674623127308268	0.0256472711663866	-3.02288835247052	LUSC
MAGEE1	0.421228393363073	0.673588312885179	0.905176535509247	8	0.078126358056969	2.07147239701356	0.622942665327375	0.534125497018632	0.653793660186908	-7.03998227470091	Non-Significant
MAGEE2	2.17470641174514	0.0296521241144268	0.131213914858774	4	0.365019472480203	-2.59905205244354	1.1554436928433	0.249469051835369	0.373486098920583	-6.10400058017549	VIPER Significant
MAGEF1	-2.6108021728528	0.00903301304580185	0.0556861289576053	78	-0.546933500699143	5.26191937103811	-4.97781042138907	1.51943242803768e-06	1.50102579175161e-05	4.02754151623464	LUSC
MAGEH1	-0.945586320360051	0.344359624214751	0.656880622777038	11	-0.106896426483852	4.40910836545691	-1.27107519433804	0.205372915064084	0.337921172201087	-6.69468179673405	Non-Significant
MAGEL2	-0.483801939706439	0.628526438345882	0.884250430417982	19	-0.165863882437578	-6.5235698322882	-1.53328122002913	0.126995370909958	0.264587555032923	-6.45043812790582	Non-Significant
MAML1	0.247137856778187	0.804801536741801	0.971078851239806	12	-0.00740087939117474	6.03451087268799	-0.138040911387258	0.89036529138817	0.926493487996965	-7.68649155813459	Non-Significant
MAML2	1.64869467382935	0.0992102018698315	0.301077485734881	43	0.162476675756518	5.54627182171807	1.5679344940593	0.118685768002469	0.251036827274654	-6.41117119831977	Non-Significant
MAML3	2.99534327354633	0.00274136138653985	0.0254971991924008	22	0.251817571935552	4.0164141422702	2.72476770256797	0.00708176206692064	0.026689567807534	-3.8108963787083	LUAD
MAMLD1	0.691236658574122	0.489416830042014	0.786351177616113	12	0.223598297413573	2.60312192589125	1.6189653186816	0.107238513096277	0.232299134877917	-5.99209923123066	Non-Significant
MAMSTR	-2.91081960631584	0.00360482076703993	0.0295595302897274	101	-0.822458122975648	-0.237117388101232	-5.01884450589386	1.26112391944778e-06	1.26800141800079e-05	4.75361470666453	LUSC
MAX	-0.0646578802795966	0.948446399277779	0.999804859561379	51	-0.171555554163323	5.72925285288995	-3.01243969986805	0.00297211740708277	0.0127258997724836	-3.21855678661314	LogFC Significant
MAZ	-0.935090374042165	0.34974172689197	0.661611232886976	67	-0.317864651119453	3.11095678887129	-3.19138794837396	0.00167599682797351	0.00776304156091937	-2.39366282446328	LogFC Significant
MBTD1	1.14949744261857	0.250350920674888	0.547285092095594	25	-0.0676808407633002	5.37419516479777	-0.976660977728504	0.330072450030721	0.46291835549054	-7.13794562194065	Non-Significant
MBTPS2	0.301303165293044	0.763183327455833	0.947611436871922	17	0.0246151503691698	5.47370707426001	0.430758081665023	0.667169354220259	0.765578526527277	-7.53414691688741	Non-Significant
MCRS1	-0.431832518378204	0.665863143284401	0.902362781882182	111	-0.177480693873464	5.29598834495082	-1.98888600022466	0.0482574286809544	0.128050660471348	-5.64346410713644	Non-Significant
MDFIC	2.88179588607837	0.00395415787741314	0.0309101290884163	138	0.533560029081387	6.6034865934123	4.96529869436101	1.60792261025747e-06	1.58260638192575e-05	3.8151826035055	LUAD
MDM2	0.0891033516324524	0.928999773774683	0.999804859561379	20	0.116795337020335	6.60751378627466	0.897072574277172	0.370900991778935	0.505359677287678	-7.36533760840647	Non-Significant
MDM4	-0.130781261866776	0.89594834653294	0.996824437223536	22	-0.0379293748513352	5.81975082779878	-0.500952719855579	0.617027959400904	0.725329993117594	-7.5436359081318	Non-Significant
MECOM	2.34457882309489	0.0190485836844993	0.0949018057671603	67	0.417972836101065	6.23370541443367	2.64737771219909	0.0088452945501065	0.0321317574583609	-4.27172015042593	LUAD
MECP2	-0.196096542350823	0.844534602526743	0.986446249510001	42	0.00659903599188281	5.90345493523957	0.0982456240342359	0.921848631833415	0.947841621860497	-7.67495246372363	Non-Significant
MED1	0.108622675888512	0.913501774414469	0.999804859561379	44	0.135520357152106	6.51472184004663	2.06664513190575	0.0402263962311194	0.110562838857985	-5.63831624085982	Non-Significant
MED10	-2.142825087453	0.0321271460554172	0.137034896869073	73	-0.436025367970864	4.64034565060942	-5.00584280345592	1.33797429035022e-06	1.33734354230527e-05	4.21933015457287	LUSC
MED12	-1.11171071576443	0.266262550963013	0.566654094157514	45	-0.164634587652997	5.7924844935488	-2.13112167790335	0.0344619381878076	0.0976600007442722	-5.41618514538396	Non-Significant
MED12L	-3.29030760575967	0.0010007791371263	0.0184093164893283	50	-1.80633225732931	0.937963599077376	-9.99570191370561	6.29470933996252e-19	4.84587866071608e-17	32.382150913108	LUSC
MED13	0.677439769918309	0.498126972458491	0.796131334661185	31	0.188614229005856	7.44531890005968	2.82660779280128	0.00524689457472324	0.0206411656226801	-3.95413113228626	LogFC Significant
MED13L	-1.24737186226908	0.212261178830921	0.494130292505587	25	-0.09564938624928	7.38432338634631	-1.24243271006942	0.215723557372602	0.337921172201087	-7.09792653735248	Non-Significant
MED14	0.818707743605329	0.412953177529904	0.72494452111737	12	0.0678687921035183	6.71610993112794	0.952368886162174	0.342211079572175	0.475447851119688	-7.32816217101421	Non-Significant
MED16	-0.0954591587374742	0.923950128676602	0.999804859561379	228	-0.101729578437917	3.00139712507929	-0.58929304242682	0.556417508510326	0.673001862044079	-7.16596505403217	Non-Significant
MED17	-0.124713116872642	0.900750672716097	0.997055212840934	24	0.0358295304343889	5.36493132289549	0.626895463165904	0.531537028509759	0.651973996836224	-7.41710855328357	Non-Significant
MED18	1.87802516665691	0.0603777223631316	0.213178988097595	33	0.21422977838879	3.28440514522625	3.5590087699625	0.000478228417315964	0.00259242902349421	-1.24539015861633	LogFC Significant
MED19	-1.37923017992596	0.167823795716158	0.423565333660504	25	-0.145320911732652	3.18472390987567	-2.52530283599483	0.0124396640346696	0.0427071072775737	-4.223135232264	LogFC Significant
MED20	-0.475158469271433	0.634674026222853	0.887049657008965	23	-0.0885039772868025	4.9766469801632	-1.16613541337977	0.245131517821759	0.368435799145736	-6.8882052263122	Non-Significant
MED21	-1.57760383810529	0.114656650094241	0.334371227305489	31	-0.3142131554961	5.46196206956789	-3.68408814412706	0.000304959861477323	0.00174687553004014	-1.06645601211676	LogFC Significant
MED23	-1.01117535222307	0.311932510447153	0.622316200087717	54	-0.0071949170851804	6.10118685874465	-0.130250659704994	0.896516301067901	0.930510300367985	-7.69585134439562	Non-Significant
MED25	0.62008391254911	0.535202543044548	0.82645803918255	31	-0.0855524039203168	3.98136721169147	-0.823568613524295	0.411295075790671	0.544335645314159	-7.11224246602529	Non-Significant
MED26	-0.759282831356091	0.447683385522239	0.751375038858962	21	-0.146298033378859	2.94652702126825	-2.3422049548611	0.0202844828287404	0.0637866884948266	-4.62846476903419	Non-Significant
MED27	-2.5703089835	0.0101607844250589	0.0602240144053872	58	-0.417522953136554	2.71625220228112	-5.00498004895612	1.34323149759661e-06	1.34233460303812e-05	4.4164031055853	LUSC
MED29	0.237830694831599	0.812012410592984	0.974511907336503	41	0.170126982399277	5.85014366877458	2.18495530721731	0.0302085871405765	0.0881387657383198	-5.30963565172932	Non-Significant
MED30	-2.02014443862691	0.0433684075131769	0.168524430742693	34	-0.449114760965205	3.33592591725875	-5.34695686647898	2.739120076841e-07	3.16409218243184e-06	5.89191718825399	LUSC
MED31	1.13681183828037	0.255616953383629	0.552781979922186	5	0.124939748436497	2.42740266053628	1.97857863549611	0.049417691342693	0.130541194457367	-5.33670189037201	Non-Significant
MED4	0.341804538844379	0.732497993597981	0.934935495005301	36	0.00271239218467504	5.19012003965416	0.0501807456758927	0.960035042810557	0.974038909199699	-7.59175885224633	Non-Significant
MED6	-0.944830320074105	0.344745509838848	0.656880622777038	14	-0.0931043656910469	4.16824363464682	-1.69087400288252	0.0926242658929572	0.208158388668281	-6.05148134982496	Non-Significant
MED7	1.21441260211192	0.224590205500136	0.511566579194753	49	0.117677589815604	3.74324127512512	1.94558031209602	0.0532920995923561	0.138435947718446	-5.54760183996142	Non-Significant
MED8	1.50428817664963	0.132507182062865	0.365420724379359	18	0.232431165222511	5.37757960978961	4.32843467770895	2.5097754998027e-05	0.000190161459325432	1.31593472198574	LogFC Significant
MEF2A	-0.0766513003959987	0.938900947150087	0.999804859561379	17	-0.153867631509752	6.43589465949553	-2.5070308078355	0.0130776006135533	0.0445456044461659	-4.64680641675387	LogFC Significant
MEF2B	-1.25087174914422	0.210981272447678	0.49228963571125	78	-0.55311564502686	-3.5841399677431	-2.50707917059872	0.013075874291075	0.0445455353070942	-3.63198273753545	LogFC Significant
MEF2C	2.74164764112154	0.00611318805867923	0.0405326561382395	154	0.58655632716578	5.76081659652641	5.83813983622022	2.47722911108522e-08	3.48221769465974e-07	7.97179682663092	LUAD
MEF2D	0.718519061080697	0.472437299348481	0.772904343966692	59	0.302667762145583	5.93985915275034	4.459951628801	1.45461090063416e-05	0.000116510829985314	1.77277283585104	LogFC Significant
MEIS1	-0.699224191853095	0.484411934269363	0.781673554977631	59	-0.51939444911655	4.90188046513875	-5.19734520815901	5.53978600626187e-07	6.02087891317048e-06	5.0443674211655	LogFC Significant
MEIS2	-2.71183860940445	0.00669111620588947	0.0440736146151867	11	-0.283087120899935	3.81454390843075	-2.37562477487525	0.0185901012589895	0.059431795731918	-4.64872603068937	VIPER Significant
MEIS3	-0.783766591552867	0.433177080323716	0.737502334212158	109	-0.303020742965837	1.73108296582223	-1.84889230548252	0.0661444543635152	0.164437983853488	-5.50219439978232	Non-Significant
MEIS3P1	1.94982215222419	0.0511973202911322	0.19047299345349	70	0.647920476028192	2.09778316766827	4.9735803098618	1.54880844895078e-06	1.52767332299495e-05	4.34109694681051	LogFC Significant
MEIS3P2	1.60850785830704	0.107723996523977	0.320151092890314	45	0.555358455479787	0.148588014911603	3.0440122721733	0.0026912721803078	0.0116939694447223	-2.51462555889591	LogFC Significant
MEN1	-0.380511862538529	0.70356549258466	0.92142312555579	52	-0.191188354182104	4.81937216455254	-2.41010902079336	0.0169738965722325	0.055137804083921	-4.68315155953397	Non-Significant
MEOX1	-0.503532979383189	0.614589599474807	0.876302700741581	27	-0.956134788804052	0.537678579827575	-4.37236978595011	2.09443676399318e-05	0.000161922681817923	1.9970165314545	LogFC Significant
MEOX2	1.27971232477327	0.20064632843588	0.478739280080385	97	0.601712457964201	2.66744156280323	3.20144776424062	0.00162168525150808	0.00754237050619141	-2.3149927642309	LogFC Significant
MESP1	1.20842508340376	0.226883796305403	0.513299039163913	63	1.22408225127465	-1.84647350282761	4.44507417399658	1.54810171354801e-05	0.000123377766320445	2.47552249278341	LogFC Significant
MESP2	1.82858160741166	0.0674623100953654	0.231282902698957	24	0.363806980201191	-2.34170150452374	1.11677446466568	0.265607283174523	0.391532219340057	-6.1685405212111	Non-Significant
MGA	0.0145053320632622	0.988426825340471	0.999804859561379	37	0.00171904215576958	6.03852029678928	0.0244175561518488	0.980547102198986	0.987631278923568	-7.69625309810118	Non-Significant
MIER1	2.14740052101343	0.0317614092155828	0.136635270051618	107	0.229644894302847	6.23609193923086	3.98203932727549	9.97017744184919e-05	0.000650772767195918	-0.101165735219204	LUAD
MIER2	-0.748756754733546	0.454003829135184	0.754847457338743	102	-0.186179093118173	3.28865018804596	-1.86128847145658	0.064364808777938	0.16096263315678	-5.65396029131193	Non-Significant
MIER3	1.8409097557286	0.0656347845280632	0.226954013970532	39	0.283550159577366	5.31699216731012	4.26871569671956	3.20262817368018e-05	0.000236632695289516	1.08981537425518	LogFC Significant
MITF	1.23161130928999	0.218094314310665	0.502228059564631	110	0.471360762413239	4.43163815434014	4.4607624800273	1.44967467602881e-05	0.000116188605393609	1.94773487377929	LogFC Significant
MIXL1	-1.04359692309555	0.296671917080831	0.601426721912603	33	-0.860212098317591	0.336958226782783	-4.07460432051154	6.9534930553052e-05	0.000471466285959041	0.876638779433359	LogFC Significant
MKX	0.0157120356958937	0.987464125086117	0.999804859561379	5	0.395276540534881	0.587784965708219	1.8620815679314	0.064252318349742	0.160720811657325	-5.35254641198626	Non-Significant
MLF1	-2.00416557911194	0.0450523264196824	0.172072478663768	20	-0.700711003076393	5.1346402727122	-5.6532104564929	6.22016223637482e-08	8.13255846763025e-07	7.14394240841435	LUSC
MLF2	-2.16306533928012	0.03053615450861	0.134197957862279	74	-0.478750969730016	6.66386480788399	-6.52541649142717	6.91967382656241e-10	1.2707128196985e-08	11.369921738766	LUSC
MLIP	-3.40761481714739	0.000655333311503406	0.0184093164893283	99	-2.30157540816078	-3.0153168533524	-7.48360101374259	3.28138822005255e-12	8.8160887521433e-11	17.3382078372895	LUSC
MLLT1	-0.636794679241496	0.524258592338312	0.815937632236518	64	-0.197727806234792	3.39151141333627	-1.5349082926125	0.126595252619673	0.264013361672324	-6.21173785922583	Non-Significant
MLLT10	0.122937077616215	0.902156924617047	0.997055212840934	12	0.00244577647165271	5.67005429913125	0.0447804994358085	0.964332843144656	0.97708134950559	-7.65008398681789	Non-Significant
MLLT11	-3.3101836333955	0.000932347822919157	0.0184093164893283	98	-0.968674797500439	4.1977995039224	-7.09963441271181	2.93355130374561e-11	6.68502873454542e-10	14.7411490850159	LUSC
MLLT3	1.4267431689147	0.153653937628385	0.406172053546614	13	0.492125044951342	4.83220623438125	4.21992846234198	3.90125735333003e-05	0.000282388878636632	0.956461738168048	LogFC Significant
MLX	2.31732478606989	0.0204860460986256	0.100137388350703	21	0.236811402949399	6.16734171337926	4.7582797610954	4.04380956312992e-06	3.6529965103751e-05	2.9771342731865	LUAD
MLXIP	-0.514331892350839	0.607019967782556	0.873889277451561	32	-0.0729195836369776	6.0066499582094	-0.873099282915531	0.383794115227215	0.517838132986479	-7.31088571879722	Non-Significant
MLXIPL	-0.160869938721094	0.872195839316179	0.991209871137463	31	-0.281600665510679	0.105827093121122	-1.01134668303278	0.313233625831228	0.445378514699001	-6.50597759846536	Non-Significant
MNAT1	-0.893631614812072	0.371519025294476	0.677939469656162	21	-0.38253046006718	4.2410101426123	-4.8960840523994	2.19528614273047e-06	2.09979944847712e-05	3.78413489103625	LogFC Significant
MNT	-0.485137872938282	0.627578548383518	0.883535601753671	63	-0.102677897608952	3.41063139333457	-1.22155488570089	0.223503512231939	0.342617855804622	-6.64190037221955	Non-Significant
MPND	-0.352315682756946	0.724601528072987	0.928063110413319	105	0.0296492779219867	2.13498976530328	0.2026941428736	0.83960734240787	0.891909716207399	-7.22057992043999	Non-Significant
MRGBP	-2.56966920845128	0.0101795665082641	0.0602240144053872	67	-0.499706465253208	4.08516957551692	-5.39951796091993	2.13198919567087e-07	2.51479838226491e-06	6.05807495546413	LUSC
MRTFA	-0.32207112992327	0.747398808913318	0.945499705864169	76	-0.154518565686074	4.92075790223873	-1.87837702988538	0.0619770149936217	0.156103667027938	-5.80901373511106	Non-Significant
MRTFB	2.82630724048792	0.00470880751061794	0.0335460790384094	41	0.506313386004812	6.09124665767336	5.7289040564901	4.2769069062958e-08	5.75448664288122e-07	7.40087679500592	LUAD
MSANTD1	3.51609291942395	0.000437947682907387	0.0184093164893283	33	1.13821656467752	-2.19498259713985	5.52586104569573	1.15970267998933e-07	1.43443438439322e-06	7.17728907825564	LUAD
MSC	-2.80969664074416	0.00495882160234911	0.0348331209759418	51	-1.13225936050979	1.94151106716272	-5.53629517551723	1.10237642205129e-07	1.37018873015393e-06	6.911945248596	LUSC
MSGN1	-2.58464519112258	0.00974792526248937	0.0591648998560155	12	-1.81637180476783	-5.87714258514914	-8.40454267022745	1.38247789664322e-14	5.35378769015119e-13	22.5534614182567	LUSC
MSX1	-1.66029069905284	0.0968559859181798	0.295215874930301	11	-0.74920809498256	-1.29000500749583	-4.03088476045964	8.24991672029853e-05	0.000549699177987575	0.852680782060935	LogFC Significant
MSX2	-2.47447253430721	0.0133433080140785	0.0736447961546253	11	-1.08836652948409	0.796575125134341	-5.64504095327386	6.47554117894196e-08	8.43179090152611e-07	7.5326998969617	LUSC
MT-RNR1	0.782999920898108	0.433627158498727	0.737643489774718	10	0.0754238457512487	9.12021783898983	0.790557893657101	0.430261945959656	0.562691066103908	-7.7966783394868	Non-Significant
MTA1	-0.820302680870335	0.412043578479683	0.724230576697885	51	-0.516931368542238	4.19452552505355	-4.19337143150796	4.34062437050061e-05	0.00031065683785836	0.925214881955762	LogFC Significant
MTA2	-3.44006917199089	0.000581565529679905	0.0184093164893283	103	-0.552062843976692	6.94983485408844	-10.0792992784518	3.6700119326709e-19	2.93174610998259e-17	32.4615455732717	LUSC
MTA3	-0.0470803380165905	0.962449197947904	0.999804859561379	47	0.0144263012965834	5.59407826821649	0.198841780457089	0.842615157441072	0.89415291851493	-7.62197871587048	Non-Significant
MTDH	-0.750395015737426	0.453016831948317	0.754847457338743	68	-0.0507792861672336	8.07024804409287	-0.773579793624915	0.440213190166365	0.572073662303181	-7.66221025326139	Non-Significant
MTF1	0.887468795335711	0.374826559193367	0.680855838534787	25	-0.0128549818155406	5.15831980215831	-0.223348607038095	0.823522240951284	0.87986798170444	-7.56420105915716	Non-Significant
MTF2	-1.31277624842027	0.189258355727119	0.46424912900584	20	-0.14683966766276	5.29171720439973	-2.46151866977239	0.0147951416358997	0.0492993817490871	-4.61700779472783	LogFC Significant
MXD1	-3.3099149766984	0.000933243146415091	0.0184093164893283	111	-0.847018665908197	5.87950291415257	-7.5127003648811	2.77300252933259e-12	7.53776745233004e-11	16.8911439373286	LUSC
MXD3	-1.32626581552675	0.184751665682246	0.456538863906066	72	-0.306130006562877	0.856908680213289	-2.0996774515358	0.0371776397635695	0.103763787681494	-4.92180858059276	Non-Significant
MXD4	1.67868678475459	0.0932131028275561	0.288179006304494	151	0.413994018156506	4.73473200894486	3.60442991992324	0.000406691560511584	0.00225066957565987	-1.25343832167998	LogFC Significant
MXI1	-1.14412334365467	0.252572487919972	0.549153818432061	18	-0.347784345819541	5.78957149808311	-4.41462926868885	1.75775016043045e-05	0.000138502438314748	1.60900985104755	LogFC Significant
MYB	-2.27730785213544	0.0227678483741318	0.10839006489012	21	-0.540910026623328	2.88933483323724	-3.00969926230678	0.00299772439788386	0.0128175954718694	-2.90439176949341	LUSC
MYBL1	-1.40883081291652	0.158885201616881	0.412937089325115	20	0.444603214840788	3.29753018950059	3.56700982171834	0.000464823452273147	0.00252811096540951	-1.22017400613923	LogFC Significant
MYBL2	-2.52575844965895	0.0115448828897273	0.0662676277870349	130	-1.49615259828992	4.47323787342069	-7.12563484640289	2.53384601251129e-11	5.82899132878162e-10	14.8581505883569	LUSC
MYC	-3.08632069769139	0.00202650125677822	0.0215409578035314	110	-1.06063995004873	5.82146245542114	-7.32711489699902	8.06883331208253e-12	2.03665997975512e-10	15.8446206376622	LUSC
MYCBP	1.05446960332481	0.291667970133346	0.595783730651263	32	0.166329267846487	4.58501280551998	2.56621648984606	0.0111109902111325	0.038922886402567	-4.27982082266056	LogFC Significant
MYCL	-2.42810304471828	0.015178030185145	0.0821904653422002	28	-0.718887117001459	3.74017018657282	-4.11746763586081	5.87273710364868e-05	0.000406474565092854	0.686525358243054	LUSC
MYCLP1	-0.00231628937783922	0.998151870119667	0.999804859561379	2	0.0181104589604072	-6.59261692866654	0.19738133200914	0.843756042198751	0.894952995587819	-7.65077355547832	Non-Significant
MYCN	0.107440377275307	0.914439623441752	0.999804859561379	12	-0.376142394296649	-0.0390420328595777	-1.3178741488594	0.189252072569587	0.337921172201087	-6.1376339840006	Non-Significant
MYF5	-1.2469610545343	0.212411778010886	0.494130292505587	2	-0.079191868602848	-6.66156316386305	-1.01762603935532	0.310247255736621	0.442083443628398	-7.19054849882246	Non-Significant
MYF6	-0.405929682805767	0.684794267516439	0.911093830093063	11	-0.687248044069075	-5.30639817795195	-2.70782032047634	0.00743818025362317	0.0278137440203785	-3.20424777402521	LogFC Significant
MYNN	-3.02390246572182	0.00249536873005351	0.0243710558099949	115	-0.626894533893904	4.84396170590037	-8.49239094226448	8.09068034710867e-15	3.25456411180215e-13	22.7609056087911	LUSC
MYOCD	1.59947834422791	0.109714356689501	0.32509755544131	94	0.934126737492176	1.01870418968003	4.01456001933796	8.79066653999632e-05	0.000581617289759788	0.588260546787525	LogFC Significant
MYOD1	-2.86512362052203	0.00416846477473757	0.0313449231618331	14	-1.4100154057529	-6.07480092857589	-5.58792288025351	8.57031470367558e-08	1.09345155283249e-06	7.14868843150955	LUSC
MYOG	-0.363222182107282	0.716438918625022	0.926648564566493	8	-0.157210368352198	-6.55349984266114	-1.37558393845522	0.170692025835608	0.330435761495501	-6.69984415229927	Non-Significant
MYPOP	-2.248901156203	0.0245187854358566	0.113432173839469	29	-0.340424554871092	1.811495301836	-4.35203467436143	2.27773411092501e-05	0.000174188124389135	1.79110765110251	LUSC
MYRF	3.12362521937842	0.0017863783551586	0.0208189515869451	41	1.35839073029198	3.60124674806831	7.56159683173947	2.08832396135373e-12	5.80123161313121e-11	17.396608794424	LUAD
MYRFL	1.31784900841786	0.187554198280176	0.462176963595746	9	0.866490964574847	-2.15259514056526	3.05939751991384	0.00256347095794151	0.0112107404452065	-2.27273950414828	LogFC Significant
MYSM1	1.50181523210635	0.133144833372668	0.365420724379359	30	0.0671822733109625	6.27205838628088	0.963539016463294	0.336594090666254	0.469464063634552	-7.26106724498922	Non-Significant
MYT1	-0.221581960076609	0.824639327186746	0.97913735716204	10	0.859964279784574	-1.72010495050086	2.11815433302389	0.0355604389267551	0.100178735272483	-4.63701856367255	Non-Significant
MYT1L	-0.0165267942526922	0.986814126282722	0.999804859561379	5	0.826315920837229	-4.88464696457018	2.25069315473381	0.0256379138046556	0.0772919534251853	-4.20901423885973	Non-Significant
MZF1	0.0736729251306976	0.941270642842509	0.999804859561379	79	0.0376798516571516	3.70078506085041	0.35665800904389	0.721773450985805	0.805402861610081	-7.35564211190601	Non-Significant
N4BP2L2	1.42931949656741	0.152912424798049	0.405425730268713	53	0.218377678066925	6.8326552965644	3.40511124543324	0.000818590304067781	0.00416214890215758	-2.1600964199293	LogFC Significant
NAB1	-3.30294278820989	0.000956759056787374	0.0184093164893283	66	-0.544523231441068	6.16542106370751	-8.1395657079868	6.86196757591013e-14	2.39163069909427e-12	20.512618591246	LUSC
NAB2	-1.75162976213089	0.0798374914927067	0.258225389976587	11	-0.465574051260275	5.10808515375072	-4.40975751632291	1.79373430997142e-05	0.000140923211513364	1.66833853573745	LogFC Significant
NACC1	-0.175257941689731	0.860876957894307	0.989548990740305	91	-0.256289315959483	4.30571984800287	-1.98481924532308	0.048712422505963	0.128995645901251	-5.53587895167352	Non-Significant
NACC2	0.641694775540977	0.521071382093228	0.813389593337447	43	0.268316578220107	3.97562767325706	3.03942907235732	0.0027304636795805	0.0118289098245474	-2.93838535077643	LogFC Significant
NANOG	0.558879724220195	0.576243807952276	0.856901413897944	11	0.0451106902449795	-6.16998893618148	0.269947720670151	0.787515534532547	0.853919997550984	-7.270625268348	Non-Significant
NANOGP1	1.01467059837865	0.310262873864386	0.620217028451296	8	0.634599982806709	-5.33214964690704	2.42875194263593	0.0161529935597482	0.0529750728461811	-3.8983948861012	Non-Significant
NANOGP8	0.978941729907742	0.327608771738694	0.635909200408732	4	0.363239533710846	-5.77997120473515	1.80279709589794	0.073124364524178	0.176963685363744	-5.4071551154348	Non-Significant
NCOA1	-1.56034198738984	0.118679086135315	0.342712170084325	21	-0.153780117574959	6.54444611731217	-2.26374676496235	0.0248058175971703	0.075264971334423	-5.22477637625302	Non-Significant
NCOA2	3.39438970608168	0.000687817391264316	0.0184093164893283	109	0.436938310396588	6.6995308567801	6.18861481633666	4.11604772395949e-09	6.62394701079705e-08	9.61719569994086	LUAD
NCOA3	-1.0049840212816	0.314904544023073	0.624440856269778	23	-0.348549688675214	7.14211519196429	-5.39890377043669	2.13826098630304e-07	2.51927641928726e-06	5.70593424627788	LogFC Significant
NCOA6	-1.35338047082369	0.175934113127614	0.440221898153281	15	-0.207748399607449	6.57122669943322	-3.72763618521797	0.00026003565751644	0.00151579540996668	-1.05027582361055	LogFC Significant
NCOA7	3.43936119172896	0.000583088716636846	0.0184093164893283	59	0.757889886077491	7.47713326672716	5.67670402776485	5.53936022187097e-08	7.3157509538055e-07	6.9795101951367	LUAD
NCOR1	1.23122034031634	0.218240465903396	0.502228059564631	21	0.184263959242361	7.22765261976691	3.74128092510424	0.000247299320686737	0.00145161762976875	-1.08610504983953	LogFC Significant
NCOR1P1	0.99560756648897	0.319440856941456	0.626599360556205	1	-0.296194602778757	-6.4548615689178	-1.88364205871675	0.06125639836584	0.154663743536972	-5.80337152567515	Non-Significant
NCOR2	0.0791825904514978	0.936887391915721	0.999804859561379	44	0.131055574546987	5.80682972214854	1.1138413127917	0.266860340761168	0.39291268481736	-7.04755721184627	Non-Significant
NDN	-0.111917495365555	0.910888824459171	0.999804859561379	39	-0.025048847991381	3.53418601843786	-0.195238421487651	0.845430656089401	0.896075491892632	-7.38123773518894	Non-Significant
NELFA	-0.0648976948710529	0.948255455953351	0.999804859561379	39	-0.12733244352096	3.1768615406556	-1.06259683969233	0.289415137031667	0.418948092840003	-6.79595186747222	Non-Significant
NELFB	-0.403788765734691	0.686368058372601	0.91116705610686	165	-0.157733493718076	4.54923269386326	-1.32797358008928	0.185899964968626	0.337921172201087	-6.63749351517132	Non-Significant
NELFCD	-2.9186791550914	0.00351517818615785	0.0293794079011739	38	-0.366867513101833	6.54478393326844	-5.31908232584339	3.12635623696938e-07	3.56699021243103e-06	5.41023588885481	LUSC
NELFE	-0.686463026087322	0.492421172230892	0.78872137981395	84	-0.118493953726575	5.7491079311028	-1.63939366941524	0.102910765220702	0.225022224089922	-6.32247858219068	Non-Significant
NEUROD1	-0.0261447509653754	0.979141883139779	0.999804859561379	6	0.860158659582293	-5.49694408451902	2.26477860829159	0.0247410606736746	0.0751087945018855	-4.33891665181012	Non-Significant
NEUROD2	-2.92415094753011	0.00345397210052459	0.0291555880250164	18	-2.52565670886961	-4.94385932210553	-8.05476701157245	1.14057597039254e-13	3.84621264608314e-12	20.6038569064323	LUSC
NEUROD4	-0.0105007885557675	0.991621736909089	0.999804859561379	3	0.039471211117039	-6.4676424039751	0.249393503371049	0.803346129638428	0.864836065684629	-7.54522554213827	Non-Significant
NEUROD6	0.183885658717038	0.85410315564705	0.989548990740305	6	0.142178383788199	-6.55164804929411	1.41842204586783	0.15782917329799	0.311399143594336	-6.63915647797315	Non-Significant
NEUROG1	-1.6763536839603	0.0936689353493452	0.288179006304494	15	-0.654322766679215	-6.47074091688654	-4.27698702663664	3.09675236119162e-05	0.000229543103643986	1.14975290376336	LogFC Significant
NEUROG2	-0.061953251222046	0.950600060563086	0.999804859561379	6	-1.12976466822177	-5.68689909087242	-4.255851827928	3.37421111990806e-05	0.000247870805612302	1.63257774224827	LogFC Significant
NEUROG3	-0.0150292464536242	0.988008847719265	0.999804859561379	6	0.138458543130099	-5.91783350519999	0.663030329636265	0.508175273452718	0.633970113631494	-6.88817378575232	Non-Significant
NFAT5	-0.605659950749712	0.544740583581075	0.835407505659831	30	0.0707456526437422	6.39050797626367	0.849528351596567	0.396737084804708	0.530518823182119	-7.37925701787889	Non-Significant
NFATC1	-0.998330409442788	0.318119166437448	0.626599360556205	12	-0.390830373729473	3.59516901024866	-4.14391501483476	5.28803610709206e-05	0.000370160230172659	0.801886926069846	LogFC Significant
NFATC2	1.3396616374303	0.180355374961459	0.448352713011968	62	0.438280490730384	4.74843990019944	3.83496112866516	0.000174535662348635	0.0010667032331833	-0.457697311478545	LogFC Significant
NFATC2IP	-0.241527154983598	0.809146572707024	0.973103476266504	47	-0.0517678913299061	6.03749776342879	-0.939588957796305	0.348711285615486	0.482397849060178	-7.25451674889987	Non-Significant
NFATC3	-0.198540270662472	0.84262238036525	0.986446249510001	24	0.0145194645618522	5.34458064873734	0.187762086737955	0.851278634022159	0.900080299433823	-7.59389246835587	Non-Significant
NFATC4	0.854512482663286	0.392821096027966	0.701491183929053	73	0.288260949969631	5.19748329913967	2.16268842563451	0.0319093319267495	0.0920121416911981	-5.27849235815445	Non-Significant
NFE2	3.37702625103413	0.000732740566453784	0.0184093164893283	80	1.31416012281054	0.959832582478815	6.51003637603557	7.51562264137205e-10	1.37096212433766e-08	11.8533862753928	LUAD
NFE2L1	-3.21924279753963	0.00128529606442005	0.0184093164893283	26	-0.492566647919664	8.12084396976345	-7.46316824052094	3.69240369728387e-12	9.81670086415815e-11	16.3425159379071	LUSC
NFE2L2	-3.20970852670575	0.00132869631207198	0.0184093164893283	57	-0.656168184069221	7.95317393763315	-7.30062508991743	9.38751397617493e-12	2.34738592723163e-10	15.4432304293921	LUSC
NFE2L3	-0.0315808230537979	0.974806336747413	0.999804859561379	8	0.0329485173686521	5.78759875214493	0.231748396406752	0.817001646594436	0.874651724913837	-7.6385627474739	Non-Significant
NFE4	0.648912484797316	0.516394944518446	0.809233575302307	4	1.50038754183468	-3.0212030077351	3.80137532989655	0.000197907178750539	0.00119377722829539	0.152755695634375	LogFC Significant
NFIA	0.943785616195978	0.345279212370609	0.656880622777038	3	-0.138080597543548	5.09690719921747	-1.2650025142647	0.207536442013731	0.337921172201087	-6.78291220989943	Non-Significant
NFIB	0.410634834466846	0.681340316893977	0.909510097435215	10	0.558479394591428	6.0386624546672	4.57896021612875	8.79076708841167e-06	7.37676408411801e-05	2.24474855014837	LogFC Significant
NFIC	0.883590294504135	0.376917420145482	0.683393642501098	72	0.33546049020584	5.52929858773593	3.9416149483481	0.00011647035812659	0.000745685788076202	-0.164313826952821	LogFC Significant
NFIL3	-2.15507057854446	0.031156311632268	0.135480582199249	27	-0.388557685810858	5.89284358516378	-4.72586389031573	4.66045026979475e-06	4.15472446441443e-05	2.8729006232097	LUSC
NFIX	0.109696879526262	0.912649775259291	0.999804859561379	29	-0.0941827495945045	5.4327123465672	-0.728741755105081	0.467124549057183	0.597193673927186	-7.35620956893502	Non-Significant
NFKB1	1.87914169652351	0.0602251480547991	0.213014652186781	74	0.140967751687961	6.41542389317217	2.11890945012763	0.0354956544933391	0.100057161231335	-5.51866406669504	Non-Significant
NFKB2	0.370228121483356	0.711212525022978	0.924670113404206	29	-0.140475611457912	5.5512066944297	-1.3735586960552	0.17131919251107	0.331372526612373	-6.69511554280662	Non-Significant
NFX1	-0.643923443845906	0.519625078602608	0.81186081631847	45	-0.0433049582698693	6.38519442624148	-0.575159209917283	0.565915399823387	0.681597669495191	-7.57418846093662	Non-Significant
NFXL1	0.197164838605596	0.843698545219067	0.986446249510001	22	-0.0115111072434964	4.59312741489073	-0.163796586834984	0.870078510439009	0.913033388645538	-7.50895510042839	Non-Significant
NFYA	1.42912609056872	0.152967995790784	0.405425730268713	8	0.197261449436383	6.00091430500103	3.00419150064709	0.00304980457707662	0.0129965962406097	-3.27513118872837	LogFC Significant
NFYB	-2.74380482605997	0.00607316340135667	0.0405326561382395	20	-0.187575141395024	5.76956705906505	-3.77135121464179	0.000221283265485481	0.00131575370968617	-0.800267139562682	LUSC
NFYC	0.635385555602977	0.525176986378801	0.816173970441623	26	0.0291814066739007	5.25724458038649	0.439570207179306	0.660785635650943	0.760317159197352	-7.50420314149528	Non-Significant
NHLH1	0.108207481098619	0.913831110744716	0.999804859561379	4	-0.0295525548328449	-2.78839430933094	-0.140771545222481	0.888210798183277	0.925059757186071	-6.73862437632838	Non-Significant
NHLH2	-0.492416263411147	0.622425104506964	0.882333763967306	7	-0.966873201030873	-2.45297604775585	-2.472149296341	0.0143769367915203	0.0481695314545553	-3.79429347333886	LogFC Significant
NKAP	0.240602787306727	0.809862989682082	0.973103476266504	21	0.0793026058793021	4.23748429091459	1.55698353010081	0.121263948728888	0.255227583861446	-6.27416826607116	Non-Significant
NKRF	-1.77616893641895	0.075705076610736	0.251410416832653	37	-0.287708750129071	4.5811298840318	-4.79134913232988	3.49628900953481e-06	3.20389271635491e-05	3.29853784203799	LogFC Significant
NKX1-2	-3.04044921900645	0.00236225523116995	0.0239154892328108	8	-1.19884746550634	-4.59577891233624	-3.46510713094329	0.000665253733318619	0.00346916391408601	-0.918855226009208	LUSC
NKX2-1	3.61532882500685	0.00029996662798056	0.0184093164893283	273	3.91879505023043	4.39901915330608	15.8983565984751	6.57573089855946e-36	6.08386622734721e-33	71.0203727888315	LUAD
NKX2-2	-1.09797836429211	0.272213936899082	0.573399908516828	9	-0.584012133795266	-6.16961592836028	-2.50061777709584	0.0133083240879311	0.0452225295184283	-4.23077283706755	LogFC Significant
NKX2-3	-3.22871903870125	0.00124345993399145	0.0184093164893283	33	-1.60634721338169	-4.80186992185164	-5.26124869129292	4.10724616320426e-07	4.58436780567694e-06	6.03881017870116	LUSC
NKX2-4	1.04116357084574	0.297799639693887	0.60250751993225	7	-0.697097255825428	-5.82964540678326	-2.31087199785488	0.0219949882769187	0.068200412738973	-4.42077490125275	Non-Significant
NKX2-5	-3.62963929128468	0.000283817546666104	0.0184093164893283	76	-4.03929133036202	-4.85378584853103	-12.4662767318209	5.36151397307835e-26	1.1810649352124e-23	48.1804952392737	LUSC
NKX2-6	-0.00252286694112725	0.997987045554076	0.999804859561379	3	-0.138809772877273	-6.71400134138968	-2.3414847712922	0.0203224452238532	0.0638856317014836	-5.02616389341685	Non-Significant
NKX2-8	-0.233255763459526	0.815562806836794	0.975146000650467	13	-0.303460076296245	-4.89703935872015	-1.07918911574565	0.28197458744772	0.410228403146774	-6.10753515840993	Non-Significant
NKX3-1	-2.56519508058519	0.0103117810771023	0.0605741759763115	12	-0.677818910877526	2.00278442633931	-3.78789959093464	0.000208093920273906	0.00124650585368546	-0.32679914232365	LUSC
NKX3-2	-0.997186301812311	0.318674088695913	0.626599360556205	36	-0.919708811280343	-2.5806734017032	-2.79132271204521	0.00582682765267754	0.0225959420769813	-2.98269470051862	LogFC Significant
NKX6-1	-1.55785622012009	0.119267335330467	0.342712170084325	5	-1.58519432057066	-3.44310947853805	-5.06314831293226	1.03009321892108e-06	1.05561156393427e-05	5.14619858263129	LogFC Significant
NKX6-3	-0.469418273719945	0.638770689082905	0.888705203855649	16	-0.956674653081696	-3.51231588791891	-2.78563070878544	0.00592565830143575	0.0229285262205809	-2.93429579491931	LogFC Significant
NLRC5	-0.279498751355669	0.779862096128085	0.958252569493163	107	-0.202178224915982	6.0417100009314	-1.39917381022871	0.16351410695896	0.31981072534019	-6.71996963512725	Non-Significant
NOBOX	-0.0239016058518339	0.980931093365367	0.999804859561379	3	-0.778503662466428	-6.43127957229228	-3.95568527572735	0.000110350514802044	0.00071070703660509	-0.0268651727852038	LogFC Significant
NOC2L	-0.311790099249771	0.755200048897757	0.945499705864169	90	-0.350405305624514	5.16161432664548	-3.2768473086595	0.00126374166274804	0.00608389387422864	-2.36160912660289	LogFC Significant
NONO	-0.395169440990535	0.692717843756187	0.913818931314265	15	-0.101341403305098	8.16484865409961	-1.89047633743774	0.0603314507609301	0.152775625947783	-6.1982148781675	Non-Significant
NOTO	3.15268445927149	0.00161776574875688	0.0200283149209203	29	1.469403644728	-5.04506398128296	4.09359493087823	6.45311216765832e-05	0.000441777298215338	1.22399252440338	LUAD
NPAS1	-1.8221627254323	0.0684302985041479	0.233010965584463	34	-1.06634428517789	-2.86520628619321	-4.19413745572839	4.32731309035644e-05	0.000309834886613026	1.56915490543033	LogFC Significant
NPAS2	-1.40191335354932	0.16094112237284	0.415058684014167	9	-0.274717172027704	4.34695815615548	-1.90294657931374	0.058673822229271	0.149418282352051	-5.69681602417609	Non-Significant
NPAS3	0.666622651464563	0.505013196643476	0.800343630394276	8	0.795389139085604	-0.108440200221359	2.89026431287453	0.00433191901014796	0.0175784713517057	-2.92295568700733	LogFC Significant
NPAS4	-0.529409364980315	0.596521503060975	0.87105832281832	21	-0.086703481788299	-4.41472338255636	-0.300395761469299	0.764228484576472	0.836816376875502	-6.6157587600447	Non-Significant
NPAT	-0.393307897538588	0.694092085909203	0.914380983994485	60	-0.0791063669777375	5.60225496613175	-1.31814484484098	0.189161643524312	0.337921172201087	-6.77537583357877	Non-Significant
NPM1	-0.0330140704582356	0.973663367154982	0.999804859561379	47	-0.180063336028775	7.46245610619609	-2.46214744863227	0.0147701081170539	0.0492427256531747	-4.88719449582901	LogFC Significant
NR0B1	-0.814155922091151	0.415555632909865	0.725197670390375	39	-0.606338651311671	-3.95346541958599	-0.974600029705064	0.331091247599488	0.463938020799878	-6.20123419568372	Non-Significant
NR0B2	2.92762826231595	0.00341558148170329	0.0289531780453245	122	2.29940763455504	-2.09123700107094	5.62802257449905	7.04086395075467e-08	9.11889546953683e-07	7.65202239403789	LUAD
NR1D1	-1.22457213778499	0.220736471062728	0.504504630676929	25	-0.505251268441044	3.60688609000498	-3.23087472344692	0.0014720485836926	0.0069531852065146	-2.32791147834783	LogFC Significant
NR1D2	-0.462204517421523	0.643934664030411	0.892798302303034	5	0.00139765541561121	6.39109734943846	0.0162263534827765	0.987072121096663	0.991945492418927	-7.74067976672199	Non-Significant
NR1H2	-0.203452084160277	0.838781693689242	0.984869913864224	92	-0.0673575771824674	4.21915013873098	-0.471699128257163	0.637723586993177	0.741420045763463	-7.36746445162223	Non-Significant
NR1H3	0.374537325791296	0.708004592017391	0.924224317974619	90	0.214300807484908	4.70918850254989	1.86040009924446	0.0644910074608741	0.161262378656218	-5.81735402101708	Non-Significant
NR1H4	2.99240403714389	0.00276789671199389	0.0255407770122348	26	1.59389309750374	-4.1343487008745	4.52103446616927	1.12460197733245e-05	9.23752965593848e-05	2.89774568270617	LUAD
NR1I2	1.05350561607326	0.292109321708733	0.595784393211011	5	0.28589870305196	-1.97674571497536	0.990385795234745	0.323340067631509	0.455939332210961	-6.33089151228457	Non-Significant
NR1I3	-0.251587561665354	0.801359873793527	0.969842373668887	7	-0.131705752301187	-1.065456550569	-0.976298317727599	0.330251576793697	0.463067475041307	-6.42576170877914	Non-Significant
NR2C1	0.135816346394532	0.891966468250388	0.996819875503981	16	0.0721430534638369	4.94459225471733	1.18422186846387	0.237916018131712	0.359801310587562	-6.86326555629586	Non-Significant
NR2C2	0.115357106975401	0.90816207560515	0.998179367200467	12	0.0123013504930765	4.09357487542378	0.194157206000251	0.846275858231438	0.896506147542646	-7.44553836638395	Non-Significant
NR2E1	1.13717397867845	0.255465562641813	0.552781979922186	13	0.0730931758055049	-3.38864026062285	0.174390897993895	0.861757946035254	0.907263190836779	-6.68753371256464	Non-Significant
NR2F1	3.14529731241255	0.00165918119789355	0.0202017880398069	79	0.963220514535256	4.29426209867099	7.17508099606814	1.91633911773118e-11	4.50831402426578e-10	15.1504136510272	LUAD
NR2F2	1.8733596889033	0.0610187325890165	0.21506426977427	44	0.199732216642402	5.60158683622494	2.06507286655336	0.0403766929358926	0.110868141416783	-5.5286993797694	Non-Significant
NR2F6	1.2292149299812	0.218991232635056	0.503223029718741	75	0.370166951571102	3.40522282604497	3.23386334349642	0.00145759164997643	0.00689081282911801	-2.29666938264212	LogFC Significant
NR3C1	2.85631067637289	0.00428595526999046	0.0318906819904105	82	0.372694854151886	7.21673421469913	5.0657222620657	1.01801610823594e-06	1.04462124790672e-05	4.18139400443257	LUAD
NR3C2	3.35182444116677	0.000802809102476442	0.0184093164893283	158	1.6413161543497	3.98968253225541	11.0848188506041	5.16297338747451e-22	6.12408074114284e-20	39.2467097266422	LUAD
NR4A1	1.57752466663959	0.114674850977343	0.334371227305489	39	0.726614886618969	5.91634559119526	3.29525749157987	0.00118829600962504	0.00575662897427452	-2.39391045767353	LogFC Significant
NR4A2	1.01886988221284	0.308264743737833	0.618067734699908	21	0.817995669555677	5.15209312792542	4.36175509479064	2.18827343057245e-05	0.000168333305802131	1.47294485622047	LogFC Significant
NR4A3	0.428727070956421	0.668121857615288	0.903632966780147	15	0.288220474830207	4.25699199517479	1.23508198371768	0.21843999921649	0.337921172201087	-6.72194202757129	Non-Significant
NR5A1	-0.280713636561323	0.778930048682096	0.95769480659915	10	-1.12304187743123	-4.83138328261325	-3.38006707698492	0.000891903663164216	0.00448605414685918	-1.19910513383662	LogFC Significant
NR5A2	1.59620292675367	0.110443494391932	0.32593151132396	73	0.327185138639725	2.33935793399848	2.79333536092372	0.00579224211227043	0.0224772387802176	-3.44396360222167	LogFC Significant
NR6A1	0.448300244153885	0.653936524459765	0.896151758280811	8	0.0172246185980074	2.51517716059418	0.1212834916347	0.903604328604158	0.935367790905879	-7.27703705694684	Non-Significant
NRF1	-2.1373578732716	0.0325688950384626	0.138039894793822	28	-0.123124322084588	4.11236516708041	-3.1886257114252	0.00169120238446737	0.007822064148197	-2.51223946619822	LUSC
NRIP1	-0.108160451214154	0.913868416216083	0.999804859561379	15	-0.053975647748934	6.55494275037446	-0.486658731753967	0.627103377127452	0.733475075525956	-7.64284170236779	Non-Significant
NRL	0.156349107190193	0.875757850308112	0.991209871137463	44	0.211559876657899	-0.658660555450982	1.97844288997347	0.0494331278303245	0.130541194457367	-5.00891076618188	Non-Significant
NSD1	-0.195171807003753	0.845258449374119	0.986707858682513	14	-0.156465220498855	6.82446890538932	-2.32783259203961	0.021053997292287	0.0657986907817215	-5.1169914075707	Non-Significant
NSD2	-2.18832923977084	0.0286456284902108	0.128171642843727	62	-0.208346827417727	6.57898431657822	-2.54170758354314	0.0118907541161502	0.0411306446845504	-4.58000534202424	LUSC
NSD3	-2.75719998518696	0.00582986841327072	0.0395682623049354	66	-0.625755735511253	7.03580717814674	-5.65995342449975	6.01681286820507e-08	7.88695362214022e-07	6.95433378533473	LUSC
NSMCE3	-1.00795824358725	0.313474508654996	0.623534938502858	17	-0.0950551762035963	4.30856713925297	-1.77306262345483	0.0779413866750967	0.184961311493213	-5.92724677374132	Non-Significant
NUP107	-2.24735363826716	0.0246174354375354	0.113432173839469	53	-0.290509000074496	6.14180463158441	-2.71478622302631	0.00728976198998057	0.0273539435603681	-4.08607155152139	LUSC
NUP35	-1.18537814378881	0.235867969300078	0.528237288511551	60	-0.16362148509796	4.09897295491885	-2.28938673342395	0.0232398498373388	0.0713603064701197	-4.87638381780691	Non-Significant
NUP85	-1.8844756803938	0.0595006613790027	0.210823331058935	33	-0.19277195418045	5.78948941338962	-3.37101226471682	0.000919888830375148	0.00460813772617344	-2.14026266044194	LogFC Significant
NUPR2	-1.13206054632025	0.257608980462193	0.554107539345338	12	-0.87949324145197	-4.60017823436919	-2.46302793585284	0.0147351166245185	0.0491453853677164	-3.71325503916625	LogFC Significant
OLIG1	1.52161437735008	0.1281057329338	0.358946188931665	7	0.59331090168302	-4.14173599188572	1.92552128588284	0.0557700505424383	0.143452195920867	-4.84823621096666	Non-Significant
OLIG2	-0.0209456557468065	0.983289006581881	0.999804859561379	4	-1.0412839476741	-5.11527042132358	-3.8506394216655	0.000164545015733762	0.00101380768502582	0.337269774029928	LogFC Significant
OLIG3	0.0632791637716747	0.949544207407132	0.999804859561379	2	-0.139265333286217	-6.47443764201711	-1.01953067104037	0.309345200135283	0.441082152378503	-7.06253327020999	Non-Significant
ONECUT1	3.36562717097502	0.000763698546627267	0.0184093164893283	13	2.29309796455384	-2.60095296103281	6.30063467690211	2.28868810255141e-09	3.84490534124896e-08	10.9822351646687	LUAD
ONECUT2	0.0679989588219398	0.945786463107431	0.999804859561379	6	0.0787494384021166	0.577655163058421	0.218499953125667	0.827291789557755	0.882715187423956	-7.04176748864718	Non-Significant
ONECUT3	-3.50679864184148	0.000453532199088924	0.0184093164893283	41	-3.04721409864595	-4.9801495587922	-9.34351238644668	4.05650373301327e-17	2.37536535049612e-15	28.3202360790009	LUSC
OSR1	1.41372750380113	0.157441926592044	0.410888165179277	47	0.446754902075679	1.47769136623912	2.33702333619031	0.0205590128221024	0.0644945395761977	-4.47774237064693	Non-Significant
OSR2	-1.86025980545231	0.0628487773619597	0.220354613822298	38	-0.579906408545807	1.46247999073083	-2.95404436660432	0.00356371937050604	0.0148593431569625	-2.9074359524999	LogFC Significant
OTX1	-3.17967485092657	0.00147440388285153	0.0193969568546995	102	-1.18324533772289	1.28725169848579	-6.25322272441045	2.93629822517446e-09	4.83235677510438e-08	10.4971773738873	LUSC
OTX2	-2.31904007895987	0.0203928632744536	0.100137388350703	32	-2.02714160191922	-4.82468372175296	-5.17621524501012	6.11257551558165e-07	6.58155983254101e-06	5.65809625100637	LUSC
OVOL1	-2.30765460829648	0.0210183546257818	0.102241826738973	26	-1.41891285146122	1.06944992805398	-6.50636516790974	7.66517652663241e-10	1.39453047098397e-08	11.8252588444798	LUSC
OVOL2	2.05978765325208	0.0394188454278001	0.158702325580061	45	0.580078589621296	1.96998952300897	3.9728853430586	0.000103284567776078	0.000670973894530003	0.338042458581381	LUAD
OVOL3	-2.68375049801011	0.00728014140405653	0.0471800131637083	6	-1.02480594235497	-3.81205320144367	-4.74517194446221	4.28302020929122e-06	3.84927174796879e-05	3.80387243492595	LUSC
PASD1	-0.0152971074289131	0.98779515015157	0.999804859561379	6	-0.727664597516136	-6.02059089263594	-2.77736786849252	0.00607183898957698	0.0234087126921444	-3.41014521384251	LogFC Significant
PATZ1	0.931698335107449	0.351492447136035	0.663050071639712	47	0.00888184967436628	5.2645060199077	0.112712423372732	0.910386519510102	0.939998141991986	-7.59556972156698	Non-Significant
PAX1	-1.89300013003935	0.0583578521733983	0.209358794672066	13	-1.24954805878549	-5.328980054075	-4.2871561659882	2.97117649753627e-05	0.000220910706098233	1.89732191246586	LogFC Significant
PAX2	-1.31665737076623	0.187953498883885	0.462176963595746	5	-0.728047689186691	-6.06888921867352	-3.09909196894715	0.00225914448980088	0.0100576401144364	-2.54577108011156	LogFC Significant
PAX3	-3.20171627166085	0.0013661148248516	0.0186591139165801	28	-2.40275361394184	-4.49717049637819	-6.49062197422037	8.34039399682609e-10	1.50713525895771e-08	11.9982516231009	LUSC
PAX4	0.788179449483453	0.430591747945963	0.735886105847412	4	0.0686403393675523	-6.49102225707395	0.481422482840946	0.630812017765093	0.736193301591544	-7.48017375091699	Non-Significant
PAX5	-0.0757044594466799	0.939654228052387	0.999804859561379	74	-0.0946455012840623	1.76121874950417	-0.347357860297154	0.728735941059781	0.811041885673593	-7.13828100996044	Non-Significant
PAX6	-3.63130650676536	0.000281990038356298	0.0184093164893283	62	-1.46247288398838	1.21818838483563	-8.13082222968614	7.23182786795052e-14	2.51365295688887e-12	20.8954872609821	LUSC
PAX7	-0.44473001303352	0.656514877079218	0.897847779477297	5	-0.122642466391323	-2.14716203252053	-0.179000599261954	0.85814234497381	0.904855702901786	-6.78629650302404	Non-Significant
PAX8	-0.196085392270249	0.844543329595421	0.986446249510001	7	-0.0715627871100196	1.88060700115248	-0.329243907964614	0.742361330436475	0.820856120395273	-7.15797616749723	Non-Significant
PAX9	-3.26371643670614	0.00109961159792957	0.0184093164893283	25	-1.14371012970452	3.20331606524008	-4.41020569799891	1.79039457486042e-05	0.000140722922903099	1.87693253707872	LUSC
PAXBP1	0.140630968105589	0.888161482342529	0.994729796302909	16	-0.070781005652931	5.95075583093373	-1.06711934199963	0.287373992695806	0.416642344074272	-7.11607814627876	Non-Significant
PAXIP1	-0.768645561397295	0.442103750316455	0.745748475554792	47	0.00142823531686847	4.4830665114787	0.0212977857013078	0.983032145014923	0.989370524747417	-7.5093301110065	Non-Significant
PBX1	0.00708302264339036	0.994348612843332	0.999804859561379	4	-0.426042240647785	6.11280445493909	-3.45153420013766	0.000697380084508217	0.00361226414701599	-1.92077637864174	LogFC Significant
PBX2	1.40031408584798	0.161419284588881	0.415758131716747	34	0.155572387476657	6.24757521213374	2.36203098475387	0.0192636257111163	0.0611763025354291	-4.9660928802793	Non-Significant
PBX3	-1.02525356865664	0.305243558005901	0.613848156190045	7	0.34519028302017	5.00011573935673	3.5805697267946	0.000442909232144117	0.00242671502940959	-1.36380181515318	LogFC Significant
PBX4	0.469897215241012	0.638428453976697	0.888705203855649	93	0.0322296139016621	0.322793799669671	0.205837850415801	0.837154572082103	0.890158967631433	-7.01672842378791	Non-Significant
PCBP1	-2.35135518058764	0.0187051693279536	0.0937124318699722	54	-0.180348779579534	6.34061955159043	-3.34247035626485	0.00101356408584786	0.00501421563994305	-2.29776760929939	LUSC
PCGF1	0.464821197407976	0.642059506499575	0.891428851802105	12	0.0312609103213533	4.27739064556967	0.481900782579945	0.630472864484325	0.735905772706883	-7.3693303201393	Non-Significant
PCGF3	0.381482419914613	0.702845313633806	0.92142312555579	71	0.0695317319877892	5.96501378134721	0.914981895898703	0.361448269666914	0.495585284139536	-7.26831523901977	Non-Significant
PCGF5	1.40508962775135	0.15999462803143	0.413679804009193	32	0.228230371853938	6.54170899445208	3.16318267539208	0.00183740254654656	0.00839601885628307	-2.87504950652873	LogFC Significant
PCGF6	-1.69557083347412	0.0899671852311841	0.281094984649221	53	-0.337360475971476	2.97499249886649	-4.89672914053411	2.1889551726303e-06	2.09492520057298e-05	3.91909634526976	LogFC Significant
PDX1	-0.0206631335988555	0.98351437786287	0.999804859561379	8	-0.0703320316806078	-4.56618331923669	-0.169302575524964	0.86575234351423	0.910107708797775	-6.64857121309843	Non-Significant
PEG3	0.829569270082328	0.406782357127443	0.720022692043202	67	0.234514758078415	2.29597407190639	1.55130696252846	0.122617660152303	0.257437894727487	-6.06340539949516	Non-Significant
PER1	0.699693774247439	0.484118565333049	0.781673554977631	54	0.294328677461369	5.0491955348355	1.8330387076029	0.0684798604982203	0.16900767539617	-5.90689217956912	Non-Significant
PER2	1.59325016284044	0.111104082005202	0.32673566603759	10	0.127370245187156	5.03271544364271	1.31453781234299	0.190369253513921	0.337921172201087	-6.71181337836632	Non-Significant
PER3	2.85242363986298	0.00433872351206638	0.0320338811672671	49	0.436059688886224	4.90393674700189	3.02724434351638	0.00283722818015878	0.0122227559410396	-3.07873993034507	LUAD
PERM1	0.356917759559068	0.721153373964864	0.927826060709236	41	-0.1493328048726	-0.7335859709571	-0.758149169776439	0.449371832484277	0.58134781786228	-6.64439189740598	Non-Significant
PFDN5	0.142001742692128	0.887078629167712	0.994729796302909	43	0.0309061761712611	7.40075946049061	0.71195520262996	0.477431608306339	0.606167439813278	-7.61767022059742	Non-Significant
PGBD1	-3.0803448374746	0.00206761054814157	0.0217477989068923	33	-0.372346222072142	2.81874296807557	-3.69471074118708	0.000293370514981488	0.00168797512724424	-0.736668895358337	LUSC
PGR	1.24433624050348	0.213375838322235	0.495225814217451	68	0.600630586125996	2.17027596398415	3.78084939076689	0.000213619341264664	0.00127480166525082	-0.369153460220635	LogFC Significant
PHC1	0.0762036290732411	0.93925709550416	0.999804859561379	38	-0.0375915744516925	2.8251037470397	-0.369347484049739	0.712311042691208	0.798384575294819	-7.25136865636131	Non-Significant
PHC2	2.1614464081372	0.0306608725149057	0.134197957862279	95	0.457247082262749	6.67585339045876	4.92010774966576	1.97107866559912e-06	1.90503910688845e-05	3.60935415208491	LUAD
PHC3	-2.80446462063785	0.00504002185809093	0.0350359996986321	29	-0.479741468063093	5.62202732672798	-5.62471027210701	7.15636662054386e-08	9.24965384437376e-07	6.95300114840215	LUSC
PHF1	0.49141922930711	0.623129966519954	0.882333763967306	64	0.0678680121350264	5.75826131658595	0.983258922728866	0.326824640338949	0.459716883937471	-7.17814524893482	Non-Significant
PHF10	-1.26357143503999	0.206383891676546	0.484941799272726	31	-0.093620205681353	6.42055300865893	-1.45773430559007	0.146689075545311	0.294884853561359	-6.68437500523098	Non-Significant
PHF12	1.0995454976656	0.271530200042693	0.573399908516828	55	0.161485888600571	6.08141445016544	3.17155833097035	0.00178802887385532	0.0082065154933708	-2.79290792961025	LogFC Significant
PHF14	1.01691958821505	0.309191684087128	0.619308168824566	24	0.0763068998534568	5.87730796247808	1.03300893689454	0.30301172391211	0.434131671678115	-7.14273428432985	Non-Significant
PHF19	-1.63817436715336	0.101385325138023	0.305371991307778	28	-0.0869255355607091	4.66985740327075	-0.897309207841616	0.37077509381037	0.505282844767929	-7.12859311583924	Non-Significant
PHF2	0.501810881511099	0.615800558054822	0.877406610732012	33	-0.0956075176034633	5.60659210964287	-1.39612284732933	0.164429321187063	0.321220456001417	-6.67081556890685	Non-Significant
PHF20	0.545747746919751	0.58523934610605	0.861352268371468	27	0.0162718768640204	6.0691158486367	0.33541558533878	0.737709568390883	0.817346479209599	-7.64392499322813	Non-Significant
PHF20L1	-1.54506423132477	0.122330727714553	0.348706636125336	20	-0.113886393130402	6.65430332829367	-1.82806465873109	0.0692265296388193	0.170360844002065	-6.11258790788059	Non-Significant
PHF21A	-2.49866744260676	0.0124661234699114	0.0697616770224291	27	-0.365887275904043	5.58742245136317	-6.21289903888167	3.62621845788978e-09	5.88029803850157e-08	9.86979991694339	LUSC
PHF6	-1.58730526692188	0.112443522942942	0.329464541347288	27	-0.224653629116061	6.05129348231762	-3.4150552226068	0.000791076181316862	0.00404244854011748	-2.0311076016276	LogFC Significant
PHF8	-0.973374130093482	0.330367391539167	0.639478601080314	11	-0.135805020007937	6.08301144384528	-1.82447545237507	0.0697694945136566	0.171340396288878	-6.04724291765474	Non-Significant
PHIP	-1.11442369334312	0.265097463465985	0.564772856949273	25	-0.205714937795	6.81783117292661	-2.7792513073942	0.00603823311408061	0.0232950364096365	-4.00038327843471	LogFC Significant
PHOX2A	-0.646331395062027	0.518064759925182	0.810585749758326	5	-0.208557672815234	-6.46734126732809	-1.39424151774682	0.164995610380494	0.322030018020168	-6.60655126719758	Non-Significant
PHOX2B	0.893301741047815	0.371695605879205	0.677939469656162	7	0.412205128985935	-6.05635817183808	1.50517126436941	0.134065789113254	0.275661538096696	-6.08726514179533	Non-Significant
PIAS1	0.676605677688696	0.498656175791642	0.796343606649769	40	-0.011183438784734	5.43701848675522	-0.171548645897923	0.863988717148596	0.908798186345235	-7.60797662223099	Non-Significant
PIAS3	-0.206382978044026	0.836491766175986	0.983330578260711	17	-0.118000025895304	5.96033070025953	-1.41422407310581	0.159055982625896	0.313212442703507	-6.68888766414988	Non-Significant
PIAS4	-0.828115554350011	0.407605061459057	0.720414486480682	32	-0.361595321991365	2.86315945756617	-3.2105135662306	0.00157414420553684	0.0073595325411415	-2.30875088284938	LogFC Significant
PITX1	-3.37449282242284	0.000739518444288144	0.0184093164893283	118	-3.34139936409595	-0.0580193742264805	-9.09099321601248	1.98833652423138e-16	1.04093099148187e-14	26.7544500212109	LUSC
PITX2	-0.574531654623246	0.565608086258684	0.848557222311652	11	0.558887531999707	-0.0609474466480231	1.15121598547866	0.251199031456573	0.375271972130208	-6.33883217529225	Non-Significant
PITX3	-1.00999188394382	0.312499178478781	0.622828223773681	15	-0.646921807494815	-6.104410347272	-3.76019265098517	0.000230619454479	0.0013642526808438	-0.447701528092574	LogFC Significant
PKNOX1	-0.320081020337466	0.748906912987325	0.945499705864169	5	-0.107174281631339	4.41365022419073	-3.14514510674914	0.00194805163521644	0.00884444642305706	-2.67663836869253	LogFC Significant
PKNOX2	1.21561733913575	0.224130725887896	0.511099464595668	141	-0.0762206017670484	2.16593681171772	-0.505177775966457	0.614063593728163	0.722914122488693	-7.11706387312888	Non-Significant
PLAC8	0.854519826541387	0.392817028738606	0.701491183929053	12	-0.0277285638897208	3.03834355866377	-0.133084461184178	0.89427804832761	0.929153723603372	-7.33502005272309	Non-Significant
PLAG1	-0.613757476681	0.53937560090206	0.829078486772944	4	-0.858292801059954	3.45747885688793	-5.01583905547278	1.27849864048786e-06	1.28318899052988e-05	4.38840198539087	LogFC Significant
PLAGL1	-0.712607184994159	0.47608886444404	0.775222874864608	18	-0.325536410704813	4.96395756135017	-2.70213421016144	0.00756135099606309	0.0281798581829063	-3.97813096835581	LogFC Significant
PLAGL2	-2.56822105662562	0.0102221945805062	0.0602240144053872	15	-0.460550611772726	5.80314773291597	-5.55556138159603	1.00370521730608e-07	1.25892392624691e-06	6.60287365283886	LUSC
PML	-0.815449644975433	0.414814977018233	0.72494452111737	51	-0.486731200938893	5.99155828500056	-4.40659926182321	1.81743909083954e-05	0.000142543473453238	1.55306080568876	LogFC Significant
POGZ	0.22705791002769	0.820378712204568	0.976398553996852	8	0.0583743236724543	6.93453340026869	1.00121420504642	0.318092599547775	0.450524939339459	-7.3087149180853	Non-Significant
POU1F1	1.35648700795802	0.174944266323765	0.438780313413787	5	0.724272171218339	-4.99642339335807	3.16626309099108	0.00181909874067962	0.00832583724754658	-1.86654000384933	LogFC Significant
POU2AF1	-0.767237547289082	0.442940292589465	0.746532758231741	122	-0.807755508671807	4.95481905591398	-3.83493065357735	0.00017455563067872	0.0010667032331833	-0.481202137282011	LogFC Significant
POU2F1	-2.57867102185414	0.00991811911817277	0.0598363402654928	33	-0.164531732347785	5.3126235679965	-2.87699422446404	0.00450966125615889	0.0181750849580945	-3.55036646687823	LUSC
POU2F2	-0.530110451358488	0.596035353189796	0.87105832281832	115	-0.457192304402267	3.65884006915843	-2.98856498559922	0.00320212882260568	0.0135537786780163	-3.04933092977815	LogFC Significant
POU2F3	0.748917196934306	0.45390711457164	0.754847457338743	26	0.0309664281716539	2.36352892809956	0.14445099421337	0.885309001523603	0.923092667484907	-7.25670341456598	Non-Significant
POU3F1	-2.40080837392706	0.0163589006435128	0.0855307078046383	15	-1.79910761863337	-2.01996793950637	-6.62912422995926	3.95276922510448e-10	7.53900355279859e-09	12.6590565931669	LUSC
POU3F2	2.36701201747919	0.017932350522633	0.0916694458014498	13	2.22205462617927	-2.36177205911407	3.89349345786222	0.000139932290187951	0.000876908193519289	0.433533108590538	LUAD
POU3F3	-1.11050504863587	0.266781453785125	0.567157609158007	10	-1.23817574352352	-5.34284116818115	-3.56331027306413	0.000470977127535114	0.00255775262665441	-0.697302191329256	LogFC Significant
POU3F4	-1.07106183605327	0.284141626708874	0.585943166684079	4	-0.478021649758089	-6.35268818123367	-2.90547633219011	0.0041360602894691	0.0168901022301521	-3.33972705097101	LogFC Significant
POU4F1	0.14751514188531	0.882725428977913	0.994613228724974	13	0.0586434373367215	-1.44473829444234	0.1352846315137	0.892540847802625	0.927898207883718	-6.8550983710023	Non-Significant
POU4F2	-0.0546155235052575	0.956444771248888	0.999804859561379	3	-0.338586040001063	-6.15171738164069	-1.62526242372431	0.105889236371306	0.2301208491134	-5.97912571560825	Non-Significant
POU4F3	-0.668311034429092	0.50393507119907	0.800343630394276	15	-0.156578561672675	-6.03386685778463	-0.922363975587122	0.357596662345594	0.49185489674878	-6.77079079765623	Non-Significant
POU5F1	0.0483061813220637	0.961472228324221	0.999804859561379	11	-0.223258448718678	-0.229543932661243	-1.17063330365477	0.243322803484661	0.366366557525164	-6.29940696204857	Non-Significant
POU5F1B	-1.2560206261259	0.20910849192942	0.489568851666724	10	-0.648077649742715	-0.845082431108921	-3.26789429803887	0.00130202186546571	0.00624160948149676	-1.75724319948536	LogFC Significant
POU5F2	-0.0924868654202045	0.926311226368413	0.999804859561379	9	-0.178815476462812	-4.88829767359265	-0.716368649331246	0.474709622913272	0.603643723435763	-6.42769921874018	Non-Significant
POU6F1	0.213589188071899	0.83086743150912	0.979584900177126	61	0.217914026973397	3.06614276612363	2.49703522098859	0.01343878849371	0.0455823789580041	-4.27863307137892	LogFC Significant
POU6F2	-3.00071989294258	0.00269342203642521	0.0251681015588387	17	-2.02339786946613	0.435699940111772	-3.98091664350144	0.000100134731491343	0.000653012424281494	0.522503991672921	LUSC
PPARA	-1.00313676509739	0.315794878033894	0.624440856269778	8	-0.0602465437975466	5.33430327864766	-0.826258570846527	0.409771882435864	0.542807393717432	-7.26854031780188	Non-Significant
PPARD	0.0902087348144962	0.928121343251531	0.999804859561379	83	0.0455451137665413	5.39035803827581	0.42833986076731	0.668925454412753	0.766895350339723	-7.52510707972958	Non-Significant
PPARG	0.253956040828561	0.799529519259228	0.969842373668887	9	0.529748408576121	3.71207448973435	3.35041837903471	0.000986621016630976	0.00489567986857961	-1.96812504019238	LogFC Significant
PPARGC1A	1.39146522579678	0.164084397485069	0.419343976302778	16	0.610054003563704	2.49066918604713	2.2196307096715	0.027716520922165	0.0822956519807029	-4.84969457242797	Non-Significant
PPARGC1B	-3.59774339590109	0.000320990066675964	0.0184093164893283	90	-1.13089978392945	3.39350039376648	-10.3465527990218	6.49247691179622e-20	5.70597893149676e-18	34.4944013939301	LUSC
PPP1R13L	-0.934038368443248	0.350284101583277	0.662013885306495	18	-0.539620029529352	3.95813854152352	-4.46636982745547	1.4159770405672e-05	0.000113748607020854	2.02154871082685	LogFC Significant
PPRC1	-1.29667378471076	0.19474345304436	0.469675386754045	9	-0.1452160596147	5.91819589990343	-2.22131714016718	0.0276000173850263	0.0820143045555236	-5.23971795275795	Non-Significant
PRDM1	-1.58705544684773	0.112500087289318	0.329464541347288	205	-0.504207802399955	5.80666560052089	-4.23822525193463	3.62367288655822e-05	0.000264516164833455	0.914672057387025	LogFC Significant
PRDM10	-0.789650776462699	0.429731745644724	0.735886105847412	4	-0.132851043051595	3.99817309478563	-2.75033269476898	0.00657330955264881	0.0250751079592534	-3.74156417447412	LogFC Significant
PRDM14	-0.0296152117495355	0.97637393341329	0.999804859561379	3	-0.0837138131696854	-6.45334609312406	-0.641396675762252	0.522096219190042	0.645654423294072	-7.35766911707773	Non-Significant
PRDM15	-0.737658179813237	0.460722191268522	0.759303430892912	28	-0.249377269324171	3.88947745125391	-3.28540336224104	0.0012281403071156	0.00593078360603397	-2.19113013687262	LogFC Significant
PRDM16	3.12791726294449	0.00176049731378303	0.0208189515869451	103	1.46251506625861	1.56907188137424	5.80600712553148	2.91086753633599e-08	4.02944519733387e-07	8.23958181146338	LUAD
PRDM2	0.88931510360233	0.373833756564054	0.680213987083637	31	0.0223161643867695	6.45427724254252	0.340717207546909	0.733721304268621	0.814737098786999	-7.6905770736681	Non-Significant
PRDM5	2.67945883359563	0.00737412699839246	0.0476354377484581	18	0.296568215779528	3.13195364701302	3.01555273663265	0.002943273072458	0.0126197668996543	-2.91414872590393	LUAD
PRDM8	2.37316925397577	0.0176361802703851	0.0908489388800094	27	0.436366026446678	1.6433539643204	2.73414803200329	0.00689120301660956	0.0260950853328765	-3.52476164227476	LUAD
PRMT5	-0.485472949764017	0.627340896290844	0.883535601753671	26	-0.197396593942253	5.18606586465504	-2.81166891225731	0.00548568631462089	0.021461108157592	-3.71369625476944	LogFC Significant
PROP1	-0.197664265973859	0.843307749657317	0.986446249510001	5	-0.104269133796884	-6.66789915583379	-1.17466745459025	0.241708634035449	0.364399773398745	-7.02221541758018	Non-Significant
PROX1	0.670489255532552	0.502545953499219	0.800093198431612	17	0.338804054423072	3.03980330485181	1.49554851134666	0.136555505066212	0.279055597397665	-6.23105789872136	Non-Significant
PROX2	0.250938160119811	0.801861920601281	0.969842373668887	19	-0.155770582658163	0.0884286754093686	-1.39294537545343	0.165386616047095	0.322669402046334	-6.05032433730162	Non-Significant
PRRX1	-0.448457028288193	0.65382339228036	0.896151758280811	190	-0.370580994344506	6.55765945028181	-2.49486673496271	0.0135183099696956	0.0458001925170931	-4.69161848824683	LogFC Significant
PRRX2	-1.05738669846057	0.290335139651366	0.594580321671349	52	-1.12539151149912	-0.441407710419616	-3.90532614323349	0.000133778688124193	0.000842507713352435	0.32926555949624	LogFC Significant
PSIP1	-1.40649836820484	0.159576188816432	0.413316403640336	31	-0.197158760954827	6.05022238270866	-2.2742710241475	0.0241522264917283	0.0737037599555074	-5.13980838965001	Non-Significant
PSPC1	-0.493327278304458	0.621781357002534	0.882333763967306	28	-0.102412737192314	5.08240052872414	-1.82651116803354	0.0694611061299559	0.170827792109078	-5.9225701204692	Non-Significant
PTF1A	-0.0298892491688509	0.976155379940673	0.999804859561379	7	0.000440379802728059	-6.42680741512594	0.00277334550195314	0.997790322337631	0.998824131468323	-7.5402123493639	Non-Significant
PTMA	-0.239968775694566	0.810354462814267	0.973103476266504	18	-0.061049646763787	8.74442261477534	-1.00601900203211	0.315782309869086	0.448025947136517	-7.54935716766241	Non-Significant
PTMS	-2.87221058792819	0.00407611242979034	0.0313449231618331	66	-0.553559405705396	5.58316139984233	-5.13119248498617	7.53151208725402e-07	7.96940162345619e-06	4.6703447446263	LUSC
PTOV1	-0.696569127605132	0.486072481950117	0.782467641216174	126	-0.279297295290317	4.28515697291411	-2.03810502907628	0.0430303271940184	0.116650217334975	-5.42848140008185	Non-Significant
PURA	1.07358888447245	0.283006981697091	0.584338156453706	46	0.0393282436807557	4.16752567378193	0.628966144454072	0.530183618133302	0.650916957612592	-7.27489317868106	Non-Significant
PURB	-0.316313417813176	0.751764627673516	0.945499705864169	18	-0.188869735784934	6.89376723018584	-2.97386206866302	0.00335180377061368	0.0140888850782829	-3.47324457709199	LogFC Significant
PURG	-2.98002586776078	0.00288224043063016	0.0261321314201644	52	-0.686535649487769	-2.13375070726991	-3.07749199179185	0.00242033694076168	0.0106679311881853	-2.221837378573	LUSC
RAI1	-0.21533962561133	0.829502537449159	0.979584900177126	67	-0.0654890354967179	4.38072189771994	-0.445906211218993	0.65621097805209	0.756706667629592	-7.39802726059328	Non-Significant
RARA	3.03023485820865	0.00244363637815443	0.0243710558099949	122	0.534664816241063	4.48648162493505	4.92032761362356	1.96913291916588e-06	1.90352009355386e-05	3.8626642549975	LUAD
RARB	-3.08111576380754	0.0020622645295971	0.0217477989068923	80	-0.794500458050817	3.89461050557831	-7.25634570458599	1.20829005610436e-11	2.94892315563196e-10	15.6422911748957	LUSC
RARG	-3.35226618445006	0.000801529136179181	0.0184093164893283	82	-1.11274777795545	4.99907786840468	-11.2683280212872	1.53829488340905e-22	1.96184645205897e-20	40.3745070930738	LUSC
RAX	-1.13306615885915	0.257186471393165	0.554107539345338	4	-0.544903764188189	-6.01419489411361	-2.39466817673441	0.0176815367161416	0.057025141167295	-4.35848957708317	Non-Significant
RAX2	-0.301355023851817	0.763143786815008	0.947611436871922	3	-0.171070976974436	-6.67116534709619	-2.47172640043129	0.0143933703975639	0.0482109693292811	-4.69960848381158	LogFC Significant
RBAK	-0.156511629659422	0.875629753065859	0.991209871137463	20	-0.151601569238855	5.66331221866998	-2.32173591748355	0.0213880943045222	0.0666924791212644	-4.98632582323983	Non-Significant
RBBP4	1.39015649651748	0.164481360540861	0.419343976302778	68	0.19937877570979	6.55594876954501	3.03603890527935	0.00275979101312017	0.0119427438977492	-3.25200764117253	LogFC Significant
RBBP7	-1.92298310707375	0.0544821714258662	0.199166866821272	27	-0.287976748088739	7.16968789650612	-4.43739001412303	1.59862540468835e-05	0.000126927215389252	1.53077531630875	LogFC Significant
RCOR1	-1.51585988508844	0.1295547856241	0.361493839331691	19	-0.295638477411409	6.27069574941492	-4.35702814474897	2.23134767265501e-05	0.000171103613126466	1.32289706473021	LogFC Significant
RCOR2	-2.04369129609697	0.0409840536164994	0.16240032291035	45	-1.16317034122991	0.810493018486465	-4.31772285183429	2.62242744866924e-05	0.000197666779962943	1.75682989881495	LUSC
RCOR3	0.98227368150093	0.325965036741551	0.633330521096495	17	0.143198826386898	5.87066444245565	2.4330697014435	0.0159679642727164	0.0524939977512605	-4.75413896231921	Non-Significant
REL	-0.0513814543581436	0.959021562529148	0.999804859561379	23	-0.0790732414357368	4.71190529453956	-0.79716474471621	0.426425400088332	0.559194444207199	-7.21825968368252	Non-Significant
RELA	-0.864090005573182	0.387538448894747	0.695147092704953	35	-0.0997854365415158	6.20474451282394	-1.69541992047744	0.0917574178867045	0.206838308079332	-6.28640297871977	Non-Significant
RELB	-1.2440744788956	0.213472152868249	0.495225814217451	32	-0.321638970225783	3.44276864442473	-2.83729594977737	0.00508190276060518	0.0200889997644758	-3.44664040461742	LogFC Significant
REPIN1	1.24141077972796	0.214454038942059	0.496929831873813	62	0.294662643657746	5.75086745802539	3.10030136354471	0.00225041930907757	0.0100284470585622	-2.96524971202529	LogFC Significant
REST	0.0639782752894771	0.94898752516921	0.999804859561379	50	-0.173994074764983	6.33544477427333	-2.67745495315174	0.0081175940159521	0.0299132369538517	-4.2070894700738	LogFC Significant
RFPL1	-3.1343909047083	0.00172211275856641	0.0207284323136586	28	-0.793241609030072	-6.2372969650524	-5.27835038896701	3.78962237983588e-07	4.25129463007779e-06	5.58753495674977	LUSC
RFPL2	0.288545268298217	0.772929384140623	0.955407879369588	9	0.558995771732489	-3.56168247548292	2.09295037463087	0.0377819136926362	0.10516768558413	-4.54862423843559	Non-Significant
RFPL4A	-0.0780069472172467	0.937822526754487	0.999804859561379	5	0.134942258906787	-6.05866588694909	0.740287146811549	0.460108444334786	0.591105008922717	-6.94132359509916	Non-Significant
RFPL4AL1	0.048431937763687	0.961372006507466	0.999804859561379	3	-0.0349286092049409	-6.60555528636386	-0.394553220194242	0.693648529310422	0.786043572979827	-7.60029924928977	Non-Significant
RFX1	0.7868036258425	0.431396830640936	0.736343443294512	26	0.0421703190910197	2.03097470909519	0.292101207929777	0.770551973206399	0.841766121564175	-7.18661644083518	Non-Significant
RFX2	-3.10781130116993	0.0018847836852876	0.0208189515869451	19	-0.154772640261369	2.7675563559265	-1.39602342392877	0.16445921110954	0.321254181056431	-6.34278003338092	VIPER Significant
RFX3	0.0422679700529295	0.966285078651703	0.999804859561379	6	0.0173531504377743	4.07254707066143	0.171941185261818	0.863680563042136	0.90860552265789	-7.44719111672821	Non-Significant
RFX4	-1.33167614528995	0.182966631269659	0.453242863404125	11	-0.490139616691595	-4.76764096229384	-1.57834781124814	0.116274554082306	0.247262608509851	-5.44749438540076	Non-Significant
RFX5	3.42574104793119	0.000613124622565508	0.0184093164893283	55	0.346371757110253	6.49791418379495	4.56452151210488	9.34935180913991e-06	7.80944051477173e-05	2.13003362762814	LUAD
RFX6	-1.07055928358504	0.284367639381273	0.585943166684079	3	0.040298814324682	-5.05123178421595	0.110638967379605	0.912028231149452	0.941075504054929	-6.69650288822109	Non-Significant
RFX7	-3.09965721961305	0.00193744721973735	0.0210396295375802	56	-0.441631010606983	5.5420929341962	-6.37393311367435	1.55362428385317e-09	2.68538469117365e-08	10.7050270340769	LUSC
RFX8	-0.997854339215791	0.318349996050502	0.626599360556205	62	-0.779542230075658	0.665496043164954	-3.87926223988528	0.000147689554774467	0.000919756539499882	0.133554906509372	LogFC Significant
RFXANK	-0.866106213130691	0.386431918294232	0.693781701387946	83	-0.363845936494827	4.02125080744824	-3.23428631237994	0.00145555630359947	0.00688353667756463	-2.36324052595963	LogFC Significant
RFXAP	1.48837753816271	0.136651356834296	0.371995360271138	15	-0.08094457776868	2.87831682759558	-1.20562521498999	0.229574269382703	0.349942074463296	-6.60091072906279	Non-Significant
RHOXF1	0.00754349325243662	0.993981220281812	0.999804859561379	2	0.470610007932483	-4.86515151828498	1.58811801536169	0.114047705590193	0.243660599656238	-5.43967091406116	Non-Significant
RHOXF2	0.175122128460661	0.860983670948818	0.989548990740305	5	0.0269232169532133	-6.67297328944674	0.379389715110698	0.704854106461998	0.792645437821552	-7.64241397323811	Non-Significant
RHOXF2B	0.15760823995122	0.874765510190502	0.991209871137463	4	-0.00231813756359228	-6.72908368587393	-0.0379879697958304	0.969740164877994	0.980550383109421	-7.74266714370749	Non-Significant
RING1	-0.0241676154378921	0.980718909718371	0.999804859561379	70	-0.068999088648091	5.2084677398265	-1.04760465921413	0.296251872541953	0.426741572387755	-7.04644995841965	Non-Significant
RIPPLY1	-0.937145373359294	0.348683784581999	0.660854455872865	6	0.191943327519601	-5.12897937700473	0.827932535867145	0.408825706463859	0.541997887062499	-6.37835013536749	Non-Significant
RIPPLY2	-3.48881028194522	0.000485175366324251	0.0184093164893283	41	-1.87397251374825	-5.49393129792315	-6.52400932735721	6.97220772558548e-10	1.27989813248248e-08	12.089081642788	LUSC
RIPPLY3	-1.79863143768607	0.0720770009669018	0.241740726114367	18	-1.22688778792902	-1.26063381601812	-3.89847626891676	0.000137308895325854	0.000862179226005848	0.371115988032058	LogFC Significant
RLF	-1.96686255104458	0.0491990589134144	0.184404681636286	24	-0.360445601412591	5.755726241392	-5.44509294435288	1.71339341846877e-07	2.05244203136069e-06	6.08793300594411	LUSC
RNF10	0.823898189025548	0.409997409525525	0.722445060548374	60	0.0648187684709736	7.46189047969188	1.40482328619595	0.161829634346672	0.317347981554772	-6.8944992207842	Non-Significant
RNF111	-0.31132516439026	0.755553438758527	0.945499705864169	25	-0.0339761991394881	5.73603551275921	-0.668303912561999	0.504811809183919	0.630760772490358	-7.43536687870896	Non-Significant
RNF4	1.19446993537571	0.232294194325753	0.52142909095021	18	0.0874100127771803	6.22189703284802	1.76166531588661	0.0798555436432468	0.188306918701354	-6.17552651061841	Non-Significant
RNF6	-0.897243341797377	0.369589082334447	0.677939469656162	58	-0.2133880229357	6.04924134326489	-3.83479917229169	0.000174641806600051	0.00106710170156703	-0.610021086164647	LogFC Significant
RORA	-1.9088289164253	0.0562841652950701	0.204104961254566	18	-0.324449663595974	5.57106279144195	-3.27334854492101	0.00127857478882982	0.00614483912961791	-2.42057135084909	LogFC Significant
RORB	1.81314006556429	0.0698102210072753	0.236906645276379	23	0.690229030704811	-0.324767916281447	2.46063796837242	0.0148302683209595	0.0493779104371486	-4.00317604095761	LogFC Significant
RORC	3.42358784149833	0.000618002747028606	0.0184093164893283	126	2.9464155662925	4.33524749026319	13.7920444247159	7.63766497654657e-30	2.79604474817661e-27	57.1357369042085	LUAD
RPS6KA1	2.40113155270641	0.0163444594331186	0.0855307078046383	162	0.460500608217752	5.98449631326695	5.31594267499928	3.17317718733115e-07	3.6155462237916e-06	5.46246772352488	LUAD
RPS6KA4	-1.36548840540664	0.172099594829459	0.432726015034273	35	-0.286604879273782	4.31529833379684	-3.39799499709353	0.000838827254644826	0.00425077764593295	-1.88379154737031	LogFC Significant
RPS6KA5	-3.21060131539171	0.00132457565939795	0.0184093164893283	28	-0.569325366502047	3.8589999892327	-6.5729743928409	5.35594790202653e-10	1.0027327628496e-08	11.9232758138519	LUSC
RREB1	0.0429257226149756	0.965760743963285	0.999804859561379	21	-0.00562915749752147	5.78901484127486	-0.100787112809681	0.91983374361928	0.946533548275141	-7.66058368991316	Non-Significant
RRP8	0.416325919687731	0.677171528370594	0.906958400331015	3	0.171915780635321	4.22834884579561	3.70594472035747	0.000281567464918959	0.00162668506129271	-0.850931695857779	LogFC Significant
RSF1	0.306750944427647	0.759032949817027	0.945520470855199	19	0.0972835315547282	6.62366660401245	1.24127014896234	0.216151537704014	0.337921172201087	-7.00039925428927	Non-Significant
RUNX1	1.93498496797981	0.0529921403398224	0.195341669619639	30	0.157359122671155	7.50516846263528	2.17129212242719	0.0312426096210841	0.09045354080442	-5.54949797248837	Non-Significant
RUNX1T1	0.162486204117353	0.870922991431401	0.991209871137463	81	0.263630660033435	3.06227275826424	1.75308524957089	0.0813218320498437	0.190735135614651	-5.82084344220474	Non-Significant
RUNX2	-0.516893671931727	0.605230385301526	0.873889277451561	44	-0.11913399581382	4.94377240452928	-0.893268776441149	0.372928426630301	0.507252837868795	-7.16442269718644	Non-Significant
RUNX3	-0.92127343232995	0.356907688222391	0.669493506665531	68	-0.664193670249397	4.46631729729334	-5.46926059273343	1.52512864394331e-07	1.8460441526094e-06	6.34336243470033	LogFC Significant
RUVBL1	-2.70365194026232	0.00685820852833942	0.0449888413544335	153	-0.756033883430042	5.62998557376299	-8.73603910949656	1.81034803646504e-15	8.18347995482119e-14	24.1650506611156	LUSC
RUVBL2	-1.40625523715156	0.159648347050722	0.413316403640336	146	-0.598119315066964	4.51152691707626	-4.30778416077337	2.73127364871635e-05	0.000204930095677647	1.33265136384006	LogFC Significant
RXRA	-1.53549889512067	0.124661328271857	0.351254710376103	36	-0.375430292840232	5.21205181270643	-3.06187518196621	0.00254342080373061	0.0111361651194834	-3.01406942090595	LogFC Significant
RXRB	1.22225332346712	0.22161184457641	0.505929767902281	41	0.0629820973540539	5.99010569774576	1.07106292965825	0.285602144864678	0.414569567080784	-7.11674406941141	Non-Significant
RXRG	1.81004105828806	0.0702894202584522	0.23772970589096	27	0.75698268681588	-0.94796130600041	2.85271394509572	0.00485222121569154	0.0193351706172028	-2.9492802138174	LogFC Significant
RYBP	1.75918028212857	0.0785468922618488	0.256169978172166	34	0.16962546167065	6.33519035945753	3.34350663146711	0.00101001267839727	0.00499956275806648	-2.29382652730044	LogFC Significant
SAFB	-1.61843927632602	0.105567963371986	0.315135272532421	48	-0.302672077011189	5.91850980281068	-6.39762900913472	1.36998109343903e-09	2.39316367733396e-08	10.7862909248106	LogFC Significant
SAFB2	-0.359506162606563	0.719216468455953	0.927410709324782	43	-0.0768850751735309	5.1061486728398	-1.31139702835397	0.191425421806366	0.337921172201087	-6.72461832714442	Non-Significant
SALL1	-2.0219634341851	0.0431801295680967	0.168117985081989	8	-1.60863845352404	-2.5350156241103	-3.23426056780947	0.00145568011215802	0.00688353667756463	-1.72731498762516	LUSC
SALL2	2.41425221540259	0.0157675435210988	0.0840238592410809	30	0.380161146520005	3.79343008199631	2.58329192194904	0.0105951314874626	0.0374249521637527	-4.14776581072606	LUAD
SALL3	-0.995087825506569	0.319693551304186	0.626599360556205	3	-0.329243323540456	-4.95562005374646	-0.914490962541037	0.361705341545188	0.495704824456552	-6.27542887645192	Non-Significant
SALL4	-2.42674139603605	0.0152351111798059	0.0822777912909412	9	-0.652060301741611	1.52065553672213	-3.462382167786	0.000671590077084489	0.00349611587340372	-1.37388248747089	LUSC
SAMD1	-1.12640789707646	0.259992905674283	0.558637163101214	57	-0.405511615419824	4.39432852925236	-4.2654329576525	3.24560244952417e-05	0.000239599196643677	1.18072175938427	LogFC Significant
SAMD11	1.67677105633734	0.0935872596284513	0.288179006304494	93	0.633508159993488	-0.740071869054853	2.34519222573191	0.0201276828314475	0.0633719384086769	-4.23220176919248	Non-Significant
SAMD13	1.93319916724559	0.0532116673180838	0.195791647696026	15	0.313087612584708	-0.424423055421988	1.51680527761844	0.13110313935477	0.271081444502512	-5.821199949915	Non-Significant
SAMD7	-0.134398498684512	0.893087468741198	0.996819875503981	9	-0.0584991019804613	-5.79038879340813	-0.267873345958006	0.789109300152113	0.854936282956139	-6.9845209172807	Non-Significant
SAP130	-1.81200871481722	0.0699848499435252	0.23709875807174	17	-0.123513649977192	5.26717844657311	-2.61735402128042	0.00962980063909914	0.0344988760434525	-4.23112802945944	LogFC Significant
SAP18	0.184645412742555	0.853507164114073	0.989548990740305	33	0.168928793168039	6.15552495145765	2.88315208264222	0.00442636902623061	0.0178975140459889	-3.63491570717219	LogFC Significant
SAP30	-2.05702242092282	0.039684069219296	0.159132325472187	23	-0.39868794174259	2.39528193431774	-4.29757727201134	2.84755993207616e-05	0.000212714231802155	1.51802716700402	LUSC
SAP30L	0.93725541083348	0.348627193164353	0.660854455872865	12	0.151891613156498	5.35131721072162	2.1374073754255	0.0339400639895071	0.0965007596898954	-5.34990232027518	Non-Significant
SATB1	-0.223854029300397	0.822870887262912	0.978193853556917	21	-0.146650800066291	5.32958343701753	-1.47234972985488	0.142705674620033	0.288793834110757	-6.52898393315737	Non-Significant
SATB2	-0.0618272787167622	0.950700379764388	0.999804859561379	4	0.228744347990814	2.8450755632069	1.47643459920987	0.141607459831091	0.287119464516273	-6.23721380744122	Non-Significant
SBNO1	-2.88670681501212	0.00389296801857486	0.0308929467503472	213	-0.439037756754554	6.26683729733947	-6.84299909693384	1.22651287221181e-10	2.54328989467686e-09	13.1161242420125	LUSC
SBNO2	-0.0821025831335881	0.934565139017884	0.999804859561379	41	-0.141106125299508	5.04642449987084	-1.00229525400674	0.317571827698353	0.450000279141722	-7.07346341247337	Non-Significant
SCAND2P	-1.41972454856329	0.155687888434761	0.408939677564013	8	-0.0882682813382793	3.92223717979945	-1.44068683942539	0.15144307729542	0.301570495079233	-6.41063899701387	Non-Significant
SCMH1	2.42074215227587	0.0154888594120168	0.0831321142619509	32	0.325321738297511	5.29231416003154	4.7083905124023	5.02955940759259e-06	4.45723023362516e-05	2.86896946720145	LUAD
SCML1	-1.39937859809602	0.161699481285622	0.415946553012568	23	-0.26454502325295	4.3648925947062	-2.64136213679569	0.00899770465969321	0.0325877010187295	-4.06577232876192	LogFC Significant
SCML2	-3.16049975468006	0.00157498737718551	0.0200149354011615	86	-1.00665566826219	1.47310240238438	-5.58248552189032	8.80121133191186e-08	1.11880699434341e-06	7.1743646288022	LUSC
SCML4	0.746441066200972	0.455401019794902	0.755014707611668	101	0.246018666262907	1.4672415082676	1.45975547176154	0.146133154867362	0.294057723765446	-6.10642547831706	Non-Significant
SCRT2	-0.0938149674677576	0.925256141804566	0.999804859561379	5	-0.237280549010088	-6.45314138895297	-1.88370609685633	0.0612476768195473	0.154649396250657	-5.80173497249179	Non-Significant
SEMA4D	0.0395785550160436	0.968429124658426	0.999804859561379	49	-0.0687472983066791	5.80936109453465	-0.718011955877771	0.473698316449967	0.602811226920575	-7.40988726055162	Non-Significant
SERTAD3	0.554328021906514	0.579354376162203	0.857627355744014	13	0.0244805888173304	4.66253339462631	0.304033543882971	0.761460127906612	0.834665145911635	-7.48419855384362	Non-Significant
SETBP1	-1.26666999369417	0.205273313533036	0.483275006997933	64	-0.370026972607378	4.64230119114359	-2.83777994876204	0.00507454449621039	0.0200655273318954	-3.57992507410261	LogFC Significant
SETD3	0.667962222695123	0.504157707098647	0.800343630394276	26	0.134470621070058	6.5061445543348	2.60898169844755	0.00985944780174947	0.0352149828623446	-4.40320795970793	LogFC Significant
SETD5	0.0661316849138585	0.947272985144432	0.999804859561379	10	-0.0818692787739379	7.28093665755144	-1.62036631064142	0.106937141526288	0.231804603294812	-6.54736782996911	Non-Significant
SFMBT1	0.570901473806185	0.568066431864652	0.85018342498888	10	0.035421375709481	4.30142298423452	0.404147695617463	0.68659292499725	0.780666925445995	-7.40660949207809	Non-Significant
SFMBT2	-0.177043834667861	0.859473958304317	0.989548990740305	37	0.153697423739768	4.70580439058028	1.18716129184506	0.236757787022088	0.358486528116344	-6.83173894779597	Non-Significant
SFPQ	-0.0668911099784585	0.946668390397695	0.999804859561379	23	-0.11390907140037	8.46585291335314	-2.13013339768804	0.0345446166445068	0.0978478910421584	-5.76673159240376	Non-Significant
SFR1	-0.396865284507523	0.691466805342114	0.913318088055428	12	-0.0682599904413543	3.28745736313771	-0.926243433159004	0.3555830352115	0.489692156252611	-6.94354795215914	Non-Significant
SHOX	0.00272487639025799	0.997825865888591	0.999804859561379	1	-0.437935413784668	-6.55810255335884	-2.6525847090216	0.00871525275484062	0.0317273108944641	-4.18580570578477	LogFC Significant
SHOX2	-3.22024692797912	0.00128080222355834	0.0184093164893283	123	-2.30280520177666	0.333731288901127	-8.8964502725001	6.69784460743479e-16	3.23704196347161e-14	25.5462474694665	LUSC
SIM1	1.64757733217028	0.0994394351598708	0.301317986781569	9	1.04211901521633	-4.76566164524202	2.58575201741994	0.0105226081141567	0.0372049358321968	-3.42448558928619	LogFC Significant
SIM2	-3.25534713278348	0.0011325384667394	0.0184093164893283	39	-1.90277567354242	1.01475691368858	-7.64343792272483	1.29663409665359e-12	3.72560828019846e-11	18.075123381535	LUSC
SIN3A	-1.26960583975391	0.204225068199633	0.482124749721579	27	-0.162674236948971	6.58840384219695	-2.97773763509276	0.0033117392413573	0.0139469637536794	-3.42348809927248	LogFC Significant
SIN3B	-0.743817057658549	0.456987159152765	0.755014707611668	87	-0.277806956511552	5.45676010089684	-3.35272834998403	0.000978916762684703	0.00486171758598222	-2.1586481275622	LogFC Significant
SIRT1	2.95424394653918	0.00313436134386153	0.0273779649557296	61	0.559793186638196	5.49279753921345	7.65399298862667	1.21911971104312e-12	3.52078438753057e-11	17.7429738195417	LUAD
SIRT6	-0.539630962203494	0.589451559536803	0.865389392515979	99	-0.188288859311782	1.98687147536611	-1.36250553752456	0.17477277192615	0.336352152801863	-6.30053373873005	Non-Significant
SIRT7	-0.448400110437992	0.65386446210097	0.896151758280811	112	-0.105859959871319	4.38796772387625	-1.11043548259581	0.268320467129038	0.394412019479122	-6.8824853496563	Non-Significant
SIX1	-1.20855458639914	0.226834012545806	0.513299039163913	11	0.250683022761037	3.87937216432872	1.23115514736846	0.219901268621292	0.338309185597948	-6.68347218884634	Non-Significant
SIX2	-2.50426449956746	0.0122706263390755	0.0691891076705776	37	-1.75735717587889	-0.063406359786661	-4.36560207285519	2.15380814736704e-05	0.000166058608161998	2.02512327690955	LUSC
SIX3	-0.984494579890783	0.32487239513074	0.633044269464264	7	-1.20755261895187	-3.92361647162468	-3.15183763406851	0.00190629645308108	0.00868276059000034	-1.89009796659144	LogFC Significant
SIX4	-0.662112985937066	0.507898813993123	0.800917360527616	5	-0.224548596889349	4.64862928930521	-1.71750136567851	0.0876398577315991	0.200425271898565	-6.06209484534128	Non-Significant
SIX5	-0.663769907051213	0.506837588854172	0.800343630394276	63	-0.642044964912608	-1.03908501008012	-2.6359811416912	0.00913603668220673	0.0330088300632471	-3.50918607399139	LogFC Significant
SIX6	0.033165740024272	0.973542418583967	0.999804859561379	2	-0.0929419678880706	-6.34989511993457	-0.623445717468229	0.533795719878835	0.653547206625148	-7.27556312595762	Non-Significant
SKI	0.241357792518284	0.80927782253562	0.973103476266504	62	0.0539003824160082	5.85655371703424	0.784656887969969	0.433705636947819	0.565885770300685	-7.36560943980778	Non-Significant
SKIL	-2.56863296328534	0.0102100534754956	0.0602240144053872	24	-0.391463146084581	7.33008118754463	-4.68139545930795	5.65588456126318e-06	4.97088990664055e-05	2.50956657197098	LUSC
SKOR1	-0.608045213889674	0.543157486796917	0.833616035886177	9	-0.327072892006264	-3.26081720979436	-1.50823072451391	0.133281670129769	0.27450402987912	-5.59181704576332	Non-Significant
SKOR2	0.00108565140616691	0.999133775674767	0.999804859561379	4	0.159424555146998	-6.4870603491167	0.979758387817229	0.328545147699436	0.461450410870369	-7.11295541629336	Non-Significant
SLC2A4RG	-0.00910822685050372	0.992732786900918	0.999804859561379	47	-0.239365196340787	3.78751788143696	-1.64166117837197	0.102439154758575	0.224270482684887	-6.08903735948175	Non-Significant
SLC30A9	3.11680630496726	0.00182821647707826	0.0208189515869451	162	0.516846197258498	6.76839680437555	8.64215395322238	3.22957749567365e-15	1.39626406495199e-13	23.4701611020705	LUAD
SLTM	-0.417134501473556	0.676580030299706	0.906958400331015	27	-0.0648277510078927	7.0246278240897	-1.38940111630894	0.166459398934925	0.324104250334261	-6.85837810730346	Non-Significant
SMAD1	-1.55840312088035	0.119137717288028	0.342712170084325	18	-0.335076422998718	4.56956709131208	-4.01149114413137	8.89602281862663e-05	0.000587671059520492	0.201039618938967	LogFC Significant
SMAD2	-0.923650951758371	0.355668076688318	0.667791743987693	44	-0.138990205948692	6.81916480757985	-2.14684969989056	0.0331689195029947	0.0948008109317787	-5.51161117233628	Non-Significant
SMAD3	-3.27394153380293	0.00106058552932367	0.0184093164893283	47	-0.60593690135372	6.39842042695194	-6.25938904101556	2.84284661701211e-09	4.69221838966195e-08	10.0154871036216	LUSC
SMAD4	-0.46612243065005	0.641127868498118	0.890750959759834	28	0.0304911844979437	6.35117982005768	0.521550744882943	0.602636369979688	0.713157077274102	-7.59934698014696	Non-Significant
SMAD5	0.121363557345755	0.903403080495385	0.997055212840934	8	0.0272039190004405	6.77982207573382	0.398509097751726	0.69073615932397	0.783644353852798	-7.71081001846836	Non-Significant
SMAD6	1.74187085209311	0.0815310453355694	0.262073392126654	30	0.442348289158231	1.47806634596777	3.477205996731	0.000637791362215263	0.0033458403358439	-1.32126536865738	LogFC Significant
SMAD7	1.92263803731447	0.0545255235200099	0.199166866821272	82	0.429906972608088	4.8949359259949	4.72212042246323	4.73725603221369e-06	4.22023827827776e-05	2.97131607548989	LogFC Significant
SMAD9	0.570345600151357	0.568443318355605	0.85018342498888	14	0.276941708282889	3.03418934512539	1.73239796003723	0.0849479317195206	0.196503788164439	-5.85318405958354	Non-Significant
SMARCA2	-1.55275719189348	0.120481153237866	0.344795778995545	18	-0.394361822537865	6.85287045523744	-4.35015306140493	2.29545213200694e-05	0.000175411288766038	1.22395627272073	LogFC Significant
SMARCA4	-0.0847227878820108	0.93248177899037	0.999804859561379	15	-0.135144474615342	6.17160071387838	-1.28080153369974	0.201942210635595	0.337921172201087	-6.89372097867799	Non-Significant
SMARCA5	1.2685502462451	0.204601519086218	0.482446539723254	59	0.11153719880349	7.51283957776115	1.73267264212965	0.0848989350571675	0.196466034189054	-6.39195285895217	Non-Significant
SMARCB1	-2.34388048833194	0.019084285480305	0.0949018057671603	122	-0.547335108398651	5.88414002654968	-7.20133997346427	1.65148716760998e-11	3.93250238703798e-10	15.1322044126494	LUSC
SMARCC1	-0.70267234032969	0.482259968850175	0.780419438866389	14	-0.0962495323023046	7.20973380695313	-1.55914827927751	0.120750829157171	0.254589877459781	-6.63435418935932	Non-Significant
SMARCC2	-0.103175869918643	0.917823390703941	0.999804859561379	14	-0.0243838632600626	6.6324638694467	-0.391447390948614	0.695938287430527	0.787386955135846	-7.69466963533638	Non-Significant
SMARCD1	-3.0950824416919	0.00196758198935942	0.0211383540995887	31	-0.349783277199021	6.37195478809873	-6.95008385551503	6.77508823888912e-11	1.46331553533154e-09	13.6878133312428	LUSC
SMARCD2	-1.72913045929437	0.0837857488230986	0.266692090190203	73	-0.172053788386445	6.55210659359008	-2.65255756611796	0.00871592614212338	0.0317274925007576	-4.29825802783362	LogFC Significant
SMARCD3	1.98857653319753	0.0467479637273613	0.177201243638243	39	0.263447225272074	4.58429603407524	2.4427454398858	0.0155601382950505	0.0513617797925492	-4.57915820092322	VIPER Significant
SMARCE1	0.269462214324889	0.787574015760817	0.963670172901068	20	0.185911556903463	6.18344926435998	3.48631939196732	0.000617811631674441	0.00325781996781198	-1.81603151566847	LogFC Significant
SNAI1	-0.856331221513137	0.391814596336939	0.700939914551122	88	-0.44636672673995	2.03484236686982	-2.60523196954262	0.00996388670955601	0.035530647449367	-3.89839313477157	LogFC Significant
SNAI2	-3.39148357891486	0.000695153286248942	0.0184093164893283	244	-2.04283792007977	4.61998285628765	-14.9264605703499	4.01539125362618e-33	2.34858849806922e-30	64.6321662327678	LUSC
SNAI3	0.878789542135386	0.37951539761448	0.685037227140603	86	0.255338240189732	-0.700938756396066	1.37601220834642	0.170559623868633	0.33026740059284	-5.9952368664472	Non-Significant
SOHLH1	-2.215384461522	0.0267336869506043	0.121511260370507	10	-2.44343321179629	-5.09090502898447	-6.25397177052442	2.92478730788128e-09	4.81497013745864e-08	10.7700572497414	LUSC
SOHLH2	0.667241018424485	0.504618194311036	0.800343630394276	5	0.716092686720002	-2.60329771849675	2.29572636330452	0.022866266330709	0.0704043582322537	-4.18696398276551	Non-Significant
SOX1	0.283774216380659	0.776583414936373	0.95769480659915	5	-1.05042609445917	-5.13873356224287	-2.31346921274628	0.0218485412425565	0.0678621052108119	-4.10672188315737	Non-Significant
SOX10	-0.439994369901141	0.659941185036615	0.899599734802134	11	-0.591090983602877	-4.67635521251437	-1.8848370293702	0.0610938225384888	0.154368154014278	-4.9265245482908	Non-Significant
SOX11	0.250011778195992	0.802578240141836	0.969842373668887	13	0.448985630608907	-0.626189788714977	1.12006407714567	0.264206812041094	0.390032719394347	-6.31778252184701	Non-Significant
SOX12	-1.2115190251133	0.225696547670643	0.512359084947032	55	-0.355328365037042	3.71997219033416	-2.75399388355245	0.00650326822523826	0.0248461075838632	-3.70081163514329	LogFC Significant
SOX13	-0.732514416806964	0.463854646517491	0.763213746808877	36	-0.503679222265687	4.58196739525967	-3.6383248213782	0.000360012404547464	0.00202269970385362	-1.12163203412858	LogFC Significant
SOX14	1.27587781235115	0.20199871546957	0.480787083817416	6	0.126756963048512	-5.87963385727328	0.393233215990727	0.694621353061727	0.78669021837539	-7.00327011566924	Non-Significant
SOX15	-3.5113916295904	0.00044576716945356	0.0184093164893283	77	-3.25199287789459	0.283979289484274	-13.3181948806633	1.80953467216154e-28	5.29195294986276e-26	54.0420005486274	LUSC
SOX17	1.37517780645043	0.169076327079533	0.426191143165347	41	0.200027652319296	0.129746011139093	1.53833794864517	0.125755098150962	0.262659521590521	-5.84458529689954	Non-Significant
SOX18	0.165076321460166	0.868883910046147	0.990922442968231	49	-0.0437525350415722	-0.807694160490676	-0.231264112293052	0.817377244869696	0.874961787290728	-6.89652860351966	Non-Significant
SOX2	-3.15147655970403	0.00162447201035567	0.0200283149209203	99	-3.06980602772447	3.53938402259897	-7.88566605063236	3.11999322439963e-13	9.85499535796398e-12	19.2746281479465	LUSC
SOX21	-3.10660472043311	0.00189249265202114	0.0208189515869451	53	-3.10446653968045	0.540972841195032	-7.6125424247285	1.55266627917261e-12	4.40406779721166e-11	17.9300413919726	LUSC
SOX3	0.171063688477049	0.864173687366627	0.989548990740305	10	-0.0199771959080993	-6.08561753569905	-0.0812390733671256	0.935343785382392	0.957286479829248	-7.23353545287923	Non-Significant
SOX30	0.0973537868764304	0.92244544306307	0.999804859561379	4	-0.356498651374111	-1.5130999146402	-1.4254302910283	0.155797220441527	0.308250606920469	-5.85323904959678	Non-Significant
SOX4	0.166037523423274	0.868127420579872	0.990922442968231	11	0.247623775082326	7.74305819563487	2.3846856385796	0.0181527902664496	0.0582606676441852	-5.10700913371497	Non-Significant
SOX5	-2.57191211469349	0.0101138562373545	0.0602240144053872	30	-0.524993951178172	2.35737366353076	-3.24368415098395	0.00141100925044087	0.00669969363795224	-2.15277513612477	LUSC
SOX6	-0.618272071573382	0.536396008606984	0.827664808979593	14	-0.529132620118554	2.48606539160131	-2.3761507237265	0.018564465130529	0.0593796848229252	-4.49966908883234	Non-Significant
SOX7	-2.93288740354132	0.00335825659033329	0.0287991987417378	36	-1.06555717923376	2.8247257158059	-7.0073759227283	4.92191523608571e-11	1.0851671520947e-09	14.3608695738303	LUSC
SOX8	0.170472814699816	0.864638312146596	0.989548990740305	8	-0.106167793961939	-1.27669271803714	-0.420427703944658	0.674683957030842	0.771556910296682	-6.79159226102285	Non-Significant
SOX9	-0.249443692305907	0.803017591426566	0.969842373668887	8	-0.730939176686061	4.2819255529267	-3.02949018075471	0.00281726531921188	0.0121501321055545	-3.00140564464849	LogFC Significant
SP1	-2.51726983851143	0.011826821294308	0.0675002385802976	45	-0.217849921216241	7.45398785856265	-4.10076709832757	6.27322978142028e-05	0.000431144746971032	0.186367674582805	LUSC
SP100	1.9080450610594	0.0563853924819731	0.204104961254566	63	0.232428142502853	6.75237925416275	3.34164759421242	0.00101639206261335	0.00502722846988172	-2.35184008781786	LogFC Significant
SP110	0.784180668672107	0.432934106539635	0.737502334212158	40	0.187617429314814	5.46941428024665	2.25334741653671	0.025466773630199	0.0768762082782409	-5.11544739201822	Non-Significant
SP140	0.132824921497547	0.894331844483201	0.996819875503981	118	-0.0273785996706842	3.64605463111041	-0.189163919422473	0.850181483845851	0.899337855270185	-7.39517290893646	Non-Significant
SP140L	1.30716221386506	0.191157625585935	0.465497781578354	23	0.158364584720496	4.54957122858347	1.65087299025905	0.100541032102022	0.221138929701392	-6.16134361672206	Non-Significant
SP2	-0.186335251324197	0.852181864958983	0.989548990740305	43	-0.0829926809525908	4.19051654811625	-1.19105583713971	0.235229405166527	0.356671141576398	-6.767387090217	Non-Significant
SP3	0.233490828610537	0.815380290477022	0.975146000650467	65	-0.0216011754920032	7.65459165316707	-0.445451742104904	0.656538679381917	0.756913028207627	-7.80617817431649	Non-Significant
SP4	2.19200431709833	0.0283791949111393	0.127833638063854	34	0.317728914351045	4.72265090834437	4.1663061667078	4.83689964669648e-05	0.000341895367998051	0.763704648048444	LUAD
SP5	2.86415605624875	0.00418121960548058	0.0313449231618331	26	2.70970296173691	-1.6523172668867	8.76951135412349	1.47194879898383e-15	6.79687718557996e-14	24.8288754871271	LUAD
SP6	-2.7576977583843	0.00582099915543499	0.0395682623049354	41	-1.26376012421989	2.16969134984752	-6.12247161080457	5.80364794630989e-09	9.07852534263525e-08	9.75405105427661	LUSC
SP7	0.526589633802344	0.598478592180437	0.871305289656535	14	0.139952233396565	-4.42410253667955	0.391496144146815	0.695902322691158	0.787378863323861	-6.5846551669534	Non-Significant
SP8	3.24638641425824	0.00116880077869932	0.0184093164893283	11	0.231462165701957	-4.6771906090238	0.640622120760796	0.522598275722002	0.645959911110426	-6.46400949606799	VIPER Significant
SP9	-3.5740112238445	0.000351553849741621	0.0184093164893283	62	-2.72450124303671	-4.94930167019664	-9.22718870767689	8.45140754289954e-17	4.69495987148457e-15	27.6054242107944	LUSC
SPAG8	0.748330033996544	0.454261112952982	0.754847457338743	118	-0.00857841536558986	0.830817899688919	-0.0583483799645181	0.953537075136197	0.969541773675829	-7.09190012667148	Non-Significant
SPDEF	3.30321737682789	0.000955822632207317	0.0184093164893283	89	3.44848358029902	1.20180009242045	10.8744565564317	2.06036817446568e-21	2.26934837501863e-19	38.0177990391084	LUAD
SPEN	-0.594449471446128	0.552211528312168	0.837277705946525	16	-0.287465148008026	6.89807747442205	-4.30994707035829	2.70722333404587e-05	0.000203395491770646	1.06028235707765	LogFC Significant
SPI1	0.43501448640811	0.663551912427255	0.900726886531322	216	0.116946875410161	3.87909869633725	0.733969437808549	0.463940310483465	0.594541821276861	-7.17022184389505	Non-Significant
SPIB	0.171445926811987	0.863873144959958	0.989548990740305	66	-0.319813194515839	1.72911191507064	-1.28291350526417	0.201202869240009	0.337921172201087	-6.37575403369152	Non-Significant
SPIC	-1.53727668131096	0.12422556930397	0.351254710376103	6	-1.01952413322476	-4.58512612852988	-3.07888423973054	0.00240963522406665	0.010629048024606	-2.0963293109848	LogFC Significant
SPIN1	-0.313202485231715	0.754126830410134	0.945499705864169	53	-0.0989107441340098	7.0776502635444	-1.78477274075849	0.0760141019827928	0.18186344414389	-6.2442307636769	Non-Significant
SPIN2A	-0.428356578820936	0.668391532421751	0.903632966780147	6	-0.330595465867285	-2.7817920227741	-1.65127694684973	0.100458446984358	0.221008583365588	-5.40684684794137	Non-Significant
SPIN2B	-0.656673645531127	0.511390783769323	0.804738000313843	5	-0.213589805007019	1.07705486236676	-2.39739839642078	0.0175545467785973	0.0566982334100731	-4.29562460984523	Non-Significant
SPIN3	2.31953946295974	0.0203658039539783	0.100137388350703	15	0.365829912976376	2.59455076835862	4.45297790893082	1.49773741343621e-05	0.000119720179107941	2.11111793178198	LUAD
SPIN4	3.39087064782932	0.0006967097559001	0.0184093164893283	58	0.46515152222652	3.69723276159559	3.79293524960336	0.00020423051895558	0.00122654009059054	-0.490015403874663	LUAD
SPINDOC	-2.008026312252	0.0446404956832149	0.171150297380875	47	-0.578213275769334	3.43694915449461	-5.12827299633243	7.63382822237643e-07	8.06927675371514e-06	4.88897405517456	LUSC
SPTY2D1	0.722190195105584	0.470177550687748	0.771091183127906	8	0.122591056380308	5.86569255374876	2.43574068128133	0.015854447665965	0.0521640646534523	-4.74721975277669	Non-Significant
SREBF1	-0.702254510486115	0.482520456509884	0.780419438866389	34	-0.301116096744049	5.47496527818834	-2.25763318197292	0.0251925422010676	0.0762066164810086	-5.10668578649031	Non-Significant
SREBF2	-1.32399079886606	0.185506100550315	0.457839995092853	26	-0.447342826452479	6.99657266578379	-5.06051381467253	1.04259840595215e-06	1.06640527608605e-05	4.18598578712679	LogFC Significant
SRF	-2.1195724120182	0.0340421210839565	0.142480460953476	49	-0.458945976964691	5.59458571270283	-7.1630531802673	2.05125840508364e-11	4.79689040446169e-10	14.9502829695178	LUSC
SRY	-0.886535931320254	0.375328800896316	0.681152268293314	6	-0.883165978938189	-6.23989524500436	-4.22343462684759	3.84653498356179e-05	0.000278705366899509	1.14121086736394	LogFC Significant
SS18	-0.450427376466256	0.652402308737624	0.896151758280811	46	-0.12864397325239	6.91251428666502	-2.19847607401724	0.0292146700908974	0.0857631073177228	-5.41393058366345	Non-Significant
SS18L1	0.217089658373381	0.828138473217545	0.979584900177126	8	-0.000664291444290326	4.96734098682949	-0.00981100348662711	0.992183147239344	0.994959633265436	-7.56642855568407	Non-Significant
SS18L2	0.45040484710337	0.652418550580177	0.896151758280811	39	0.0555656868437527	3.69102388327185	0.827829533571976	0.408883888601163	0.54206089921214	-7.07553282907215	Non-Significant
SSBP2	-1.20064432977909	0.229889197462113	0.517766140920836	2	-0.256266525439004	4.62539679170228	-2.66580475345051	0.00839279601727447	0.0307514269970499	-4.0329773173702	LogFC Significant
SSBP3	0.24908629329192	0.80329403174964	0.969842373668887	6	-0.0701681196006381	4.46154350585065	-0.758590881159253	0.44910815420223	0.58105101662136	-7.21901677801006	Non-Significant
SSBP4	-0.527666605755729	0.597730755045282	0.871305289656535	43	-0.0986706714647465	1.45987303890322	-0.537605489822512	0.591525966557095	0.703767980816829	-7.02002199017871	Non-Significant
ST18	-0.307912725701614	0.758148742235933	0.945499705864169	5	-0.0744165056608437	-0.348566115610587	-0.297555465427335	0.766392069964871	0.838463770042837	-6.92383792110608	Non-Significant
STAT2	-0.929714128028569	0.35251911755025	0.664362952306241	43	-0.257727252873877	8.04524839853025	-3.50700211328447	0.000574625950769392	0.00305474144535512	-1.98765564890392	LogFC Significant
STAT3	2.78108813484817	0.0054177026702258	0.0372745365222042	12	0.210265356965112	8.51325323652914	3.55549550495459	0.000484228709261071	0.00262300001058749	-1.890963332352	LUAD
STAT4	1.5926309583079	0.11124300426566	0.32673566603759	59	0.409799247904034	3.55984792349433	3.37322636787359	0.000912971027198901	0.00457934388270511	-1.87924464602906	LogFC Significant
STAT5A	0.446089037104835	0.655532931498859	0.897115571785564	126	0.178424083580617	5.06456534556341	1.61011144676164	0.109158819949845	0.235566399998635	-6.2872808777266	Non-Significant
STAT5B	0.0605699510441883	0.951701705162352	0.999804859561379	43	0.0743141805623314	6.26798510212473	1.2885950486525	0.19922380961196	0.337921172201087	-6.89582893746971	Non-Significant
STAT6	1.49771323589887	0.134207771486793	0.366336158854575	19	0.1014212446854	7.96818322922691	1.65436078566827	0.0998297809658316	0.21990122653683	-6.58430789550543	Non-Significant
STOX1	0.268767559882054	0.788108558524866	0.963670172901068	8	0.552307532702512	1.90422775732089	2.65907132536525	0.0085556646688092	0.0312402089794076	-3.74767846744232	LogFC Significant
STOX2	-2.92995422429339	0.0033901194021682	0.0288591096565928	27	-0.744673227986842	3.6786798617229	-4.45388683063686	1.49204761077454e-05	0.000119284107968379	2.0012381211281	LUSC
SUB1	-1.30587139449394	0.191596295876244	0.46600116030917	75	-0.10071377122222	7.50569526488925	-1.59513311950842	0.112469792759617	0.241080598288786	-6.61727437126791	Non-Significant
SUDS3	-1.31119210359679	0.189792869490897	0.464796227691235	29	-0.220526486475929	6.27872594562679	-3.563450797477	0.00047074199139539	0.00255702145326065	-1.57279012276348	LogFC Significant
SUPT16H	-1.67685069781474	0.0935716810574044	0.288179006304494	52	-0.18483338773537	7.45900511492761	-2.73079908963358	0.00695869613106968	0.0263075937091836	-4.21207574637975	LogFC Significant
SUPT20H	1.10039189527631	0.271161408217588	0.573399908516828	23	0.137295632694477	6.02592568321411	2.41655037034608	0.0166861821778311	0.0543454343510696	-4.8120470678705	Non-Significant
SUPT20HL1	0.199633607533243	0.841767141809128	0.986446249510001	8	-0.436611599045128	-5.23959452597596	-1.80755376290896	0.0723770585254114	0.175865676636619	-5.1409489572738	Non-Significant
SUPT20HL2	-0.415111792306994	0.678060067250362	0.90717537538864	5	-0.132420038562323	-6.42956308242122	-0.880622912876567	0.379718336132093	0.513837550590833	-7.15462212529416	Non-Significant
SUPT4H1	1.19901662549579	0.23052148104098	0.518028697328109	41	0.150904059226435	5.2903377560234	3.18370813799345	0.00171858977006799	0.00793504754919516	-2.66158833112792	LogFC Significant
SUPT5H	-0.663302858786812	0.507136606018872	0.800343630394276	9	-0.030072472197771	7.12070823046199	-0.391838871979377	0.695649515319699	0.78728779744586	-7.75778778610678	Non-Significant
SUPT6H	0.0260499034782999	0.979217534718903	0.999804859561379	15	-0.0384465700285984	7.24838492475308	-0.848382079316414	0.397373212300431	0.530989626203353	-7.49099549432515	Non-Significant
TADA1	0.995853014845723	0.319321567143794	0.626599360556205	71	0.0385290884533271	4.60582433880171	0.605239576754094	0.545796477802877	0.663863647802783	-7.34041432581274	Non-Significant
TADA2B	3.18325139311014	0.00145631113018665	0.019375689142682	65	0.447491276901439	4.82048826206044	7.85645796752182	3.70868841819448e-13	1.15850410588241e-11	18.9851801846099	LUAD
TADA3	0.516749898678566	0.60533075834657	0.873889277451561	73	0.0779663329804176	5.47383176553378	0.817471083239426	0.414760338699494	0.547497849362175	-7.29259187389583	Non-Significant
TAF5L	1.29919486948371	0.193877061771051	0.469672920978524	20	0.149009671933149	5.54564858306378	3.09279747410035	0.00230506296933239	0.0102325250159162	-2.96282503255182	LogFC Significant
TAF7	1.38115960019361	0.167229893505217	0.42312954162718	84	0.162565176078558	6.90992038572664	2.54890664154839	0.0116567849751426	0.0404671278649956	-4.60441547991344	LogFC Significant
TAL1	1.32652204912779	0.184666836658104	0.456538863906066	39	0.259306029528274	2.03173772793484	1.8978579824628	0.0593455683591541	0.150834553295236	-5.4457928554277	Non-Significant
TAL2	0.183555928303462	0.854361839680795	0.989548990740305	7	0.238473704496862	-4.36073146227456	0.999020425613944	0.319151138578323	0.451684740305841	-6.16791172468064	Non-Significant
TBL1X	-1.8987407559432	0.0575985700843279	0.207375496952356	24	-0.274890980863707	5.52393469104429	-2.5405489759141	0.0119287986512855	0.0412426177584805	-4.45314856430977	LogFC Significant
TBL1XR1	-2.87444091789202	0.00404743488143195	0.0313449231618331	75	-0.623046739363391	8.04779702984814	-7.16215483602594	2.0617037382103e-11	4.81910227021448e-10	14.655331441974	LUSC
TBL1Y	-1.0043347262246	0.315217300752338	0.624440856269778	13	-1.4787286679269	-4.76279795237514	-3.49360952793525	0.000602253536134357	0.00318601449628162	-0.833363341583937	LogFC Significant
TBR1	-0.104603700424644	0.916690278303468	0.999804859561379	8	0.0267669131231772	-4.74683776972856	0.082473433760866	0.934363608923729	0.956525773104248	-6.66706870981842	Non-Significant
TBX1	-0.965762779053373	0.334162897403595	0.644892661751991	10	-1.05758382456127	0.72525563485689	-4.37611321471386	2.06227490349048e-05	0.000159824734601	1.99390224309078	LogFC Significant
TBX10	-0.436626772892826	0.662382043052178	0.899883307631763	12	0.0540102916230802	-4.8196250043095	0.166010085552262	0.868338840653183	0.911964337954679	-6.66177001772573	Non-Significant
TBX15	3.5122482420243	0.000444332757547618	0.0184093164893283	30	1.81139131971038	1.98963770786161	6.19961820942154	3.88654208353135e-09	6.27843112579608e-08	10.1615871253106	LUAD
TBX18	-3.33488273126049	0.000853353780810445	0.0184093164893283	29	-2.02892413224772	0.630327512452644	-5.12760830803347	7.65731084539191e-07	8.08905791319519e-06	5.15994827319084	LUSC
TBX19	0.0854291756460531	0.931920199128853	0.999804859561379	9	-0.095892455511932	2.3035071238006	-0.957390137136166	0.339678663771748	0.472639208243941	-6.8028445573736	Non-Significant
TBX2	0.744723593821703	0.45643883293608	0.755014707611668	122	0.102179695819217	4.20162803932972	0.751510879939929	0.453345190041586	0.58530701666845	-7.19426044903776	Non-Significant
TBX20	-0.425208635039046	0.670684589933291	0.905176535509247	8	-0.990035699476323	-4.64826418822839	-2.61538026844334	0.00968350181677804	0.0346595395265223	-3.34573372524603	LogFC Significant
TBX21	0.398387632481306	0.690344472932572	0.913318088055428	131	0.188351694879819	1.02806579802035	1.0588119262431	0.291130936948584	0.420973796071884	-6.55736349269613	Non-Significant
TBX22	2.18955342553197	0.028556639912391	0.128058682107128	8	0.180572595298723	-6.11616511987534	0.902068892252695	0.368248446338508	0.502620311152334	-6.85547574362596	VIPER Significant
TBX3	-3.37374024857491	0.000741543053749651	0.0184093164893283	68	-0.87650111563447	4.04617595728319	-7.51944647262369	2.66674920519324e-12	7.26446467106335e-11	17.1148842798119	LUSC
TBX4	1.7685533879273	0.0769684352846154	0.253491125388184	67	0.575346268280014	3.52626180821301	3.00638782552289	0.00302893764754759	0.0129195742777122	-2.98376053736906	LogFC Significant
TBX5	1.06715611079847	0.285901347632616	0.588499802657711	109	0.338726081594812	3.51309564319432	2.63327335979211	0.00920636863092308	0.0332251967484505	-3.99074374966761	LogFC Significant
TBX6	-0.65117887220659	0.514931027187759	0.808200338765788	68	-0.564182704782226	0.00828824139990874	-3.43948946975734	0.000727101438721616	0.0037528434740631	-1.29469194133234	LogFC Significant
TBXT	3.31563207503554	0.000914361229511639	0.0184093164893283	16	1.84998579086466	-4.46926372338037	4.28047820806133	3.05307804596293e-05	0.000226503760674836	1.95727367149381	LUAD
TCEA1	0.765092513378447	0.444216457609662	0.747973176646846	39	0.0487543700894179	6.4146898142978	0.664546643332364	0.507206963492675	0.633056991520437	-7.52242594470661	Non-Significant
TCF12	-0.267944417332214	0.788742103217552	0.963858202776193	28	-0.153229918926922	7.00665950519039	-2.2929300678918	0.0230303937461915	0.0708154339336939	-5.2190305976763	Non-Significant
TCF15	-3.1123465974203	0.00185606447547255	0.0208189515869451	63	-1.73337009821742	-3.07329838526902	-5.90763569007039	1.74431873628454e-08	2.51876853616842e-07	9.04157847736016	LUSC
TCF20	-2.11383034866719	0.0345297598779416	0.14422097213053	45	-0.460670412176422	6.5042550065786	-7.52876017033737	2.52664307197447e-12	6.90127532799209e-11	16.91324848378	LUSC
TCF21	2.16058698536621	0.0307272576489042	0.134197957862279	100	0.990102501592363	2.27725649401281	4.35536072704385	2.246735250815e-05	0.000172076113746195	1.75636284026916	LUAD
TCF23	-0.291051869849349	0.771011649385934	0.95408215501738	5	-0.18520608176125	-5.4015532559756	-0.702005700438377	0.483599417302421	0.611998009173116	-6.56254239865121	Non-Significant
TCF24	-2.14646339305067	0.0318360263529858	0.136663625946898	20	-1.67855455397204	-2.32990544455164	-4.20939912051161	4.07010879858992e-05	0.000293193029905219	1.59285754455944	LUSC
TCF3	-1.42452589096138	0.154294295713415	0.406794278331037	55	-0.400177626620071	4.92895159381438	-3.62048441684527	0.000383912672048383	0.00213762777435759	-1.22138463744046	LogFC Significant
TCF4	-2.65798893847082	0.00786084730636163	0.0499760830331662	76	-0.622883275211479	7.13745052973834	-6.86138393768998	1.10808373904977e-10	2.31850119840817e-09	13.1131327536353	LUSC
TCF7	0.470408456733818	0.638063223403507	0.888705203855649	49	-0.0404432423827825	3.76638574964424	-0.322476204451508	0.747473259408357	0.82452742978473	-7.37476672666639	Non-Significant
TCF7L1	-1.74248844294309	0.0814230119936739	0.262073392126654	21	-0.496451644187768	3.67244298039589	-3.31954825505079	0.0010951640462935	0.00536212043295401	-2.06080906977715	LogFC Significant
TCF7L2	2.74621694219091	0.00602868838690407	0.0405326561382395	33	0.275999188586205	4.81180703060932	4.12299042940588	5.74575573534497e-05	0.000398730390569066	0.589662934781387	LUAD
TCFL5	-0.597435635282674	0.550216567892955	0.836239703419619	9	-0.322293339698079	3.78388850970542	-4.14263968224909	5.3149062832096e-05	0.000371707423209736	0.776803338144875	LogFC Significant
TEAD1	0.862206631533364	0.388573821089033	0.696382521469997	19	0.267034395915653	6.96100701784224	3.35508401240968	0.000971118003284973	0.00482911274456749	-2.3358854561204	LogFC Significant
TEAD2	0.312443138002856	0.754703770669637	0.945499705864169	3	-0.0269572308298063	5.17413092310714	-0.250926738320942	0.802162350758692	0.863985612751824	-7.55953311500679	Non-Significant
TEAD3	-1.38480885570819	0.166110922357998	0.421994771192402	24	-0.439671711057676	5.27139003867585	-5.01318211508818	1.29405179880221e-06	1.29726398411839e-05	4.18174494108393	LogFC Significant
TEAD4	-3.50447384275904	0.00045751051008414	0.0184093164893283	68	-0.742744738609818	3.13420805510448	-7.62292624784484	1.46147648334983e-12	4.15699789445162e-11	17.7893739520639	LUSC
TEF	-1.11662347806824	0.264155348752352	0.563961844467029	15	-0.209534128004653	4.65526576698379	-1.67221311553785	0.0962523717176002	0.21431340250724	-6.13860462413621	Non-Significant
TERF2IP	1.83548963328049	0.0664331737194242	0.228926665527141	20	0.205353867154063	6.14085544776154	3.61851255304276	0.000386644226801329	0.00215133067139073	-1.37098936283313	LogFC Significant
TESMIN	-3.02934103699025	0.00245087844898401	0.0243710558099949	66	-1.35870119627318	1.72426954077598	-7.28983832948779	9.98357034758747e-12	2.48171647961754e-10	16.0196514581368	LUSC
TET1	-3.399537879207	0.000674998294681478	0.0184093164893283	25	-0.801730999984689	2.34527294420464	-6.84439626129991	1.21709085337077e-10	2.52478129492967e-09	13.5158660002594	LUSC
TET2	0.530190427446548	0.595979907355049	0.87105832281832	37	-0.157833467859985	6.08256007057929	-2.14509849194551	0.0333107858559075	0.0951261377778613	-5.42254266952305	Non-Significant
TET3	-3.34463053797882	0.000823922465753639	0.0184093164893283	58	-0.720854650225206	5.56132000686423	-9.39035161182609	3.01601231743224e-17	1.79290657458945e-15	28.2284041670985	LUSC
TFAP2A	-3.48701122847137	0.000488450849499677	0.0184093164893283	34	-2.21836788290175	3.69961887265591	-10.3862220575709	5.01601713710431e-20	4.47798329892438e-18	34.7288570620583	LUSC
TFAP2B	-2.41201658993111	0.0158645596410768	0.0843171966109083	7	-2.40605967254914	-3.78503929978492	-5.3056878762171	3.3309104692e-07	3.77750635470718e-06	6.23679096588816	LUSC
TFAP2C	-2.7424199910998	0.0060988305670311	0.0405326561382395	15	-0.813662749889759	4.45639873064448	-5.36475876340312	2.51670044205004e-07	2.92642672544277e-06	5.85790091898764	LUSC
TFAP2D	2.64743706015528	0.00811044557196594	0.0510782232350059	16	2.68690642116812	-3.33966866918061	5.09735638944346	8.80362768047614e-07	9.15742841677655e-06	5.29168132274609	LUAD
TFAP2E	0.932213433705028	0.351226234307907	0.663050071639712	7	0.230943968204446	0.378591562713334	1.43888535558099	0.151952291510587	0.302383336819355	-6.01666209460676	Non-Significant
TFAP4	-1.53806403912306	0.124032957571725	0.351254710376103	95	-0.560912418622763	2.5180611690341	-4.80724211602408	3.25936533334692e-06	3.00681770037512e-05	3.58228297750203	LogFC Significant
TFCP2	-2.0114569449724	0.0442772136729179	0.170208880918401	103	-0.285021269570814	5.82290560319882	-5.95212372620907	1.39161207503659e-08	2.03838722079194e-07	8.52794965313418	LUSC
TFCP2L1	2.59358584168612	0.00949808251737917	0.0581757554189474	10	1.01588815883161	5.30492092603222	4.96392466192101	1.61793968712539e-06	1.59184994043045e-05	3.96195630020815	LUAD
TFDP1	-2.90924214996138	0.00362306115934408	0.02958833280131	46	-0.412193226316821	6.47092343423838	-5.18098202806825	5.97853227993737e-07	6.44951438619659e-06	4.78976153668623	LUSC
TFDP2	-3.04769679745292	0.00230602473847862	0.0237579676902746	80	-0.610720006065396	5.34661732180233	-6.73842221659813	2.17916306655095e-10	4.32748608380882e-09	12.653362716102	LUSC
TFDP3	-0.0890648316916924	0.92903038652835	0.999804859561379	12	0.0526003651378567	-6.27577311571586	0.322359456517171	0.747561543094027	0.824576541052007	-7.349142512373	Non-Significant
TFE3	-0.0246774860762242	0.980312213119858	0.999804859561379	41	-0.0131552628577173	6.03302076543686	-0.216135162996675	0.829131740105216	0.884233421921703	-7.67242904384108	Non-Significant
TFEB	0.468443629806393	0.639467373604564	0.88905879139901	49	0.0500548093223725	2.99417496998532	0.358807949062186	0.720167191729207	0.804267040893941	-7.27442293949979	Non-Significant
TFEC	0.460666003648408	0.645038249269393	0.89309568765142	249	0.286278984614767	4.90486933640705	2.22043225425606	0.0276610946603968	0.0821646408784632	-5.12053000432078	Non-Significant
TGIF1	-1.08237399804531	0.279086377302579	0.58070025930605	11	-0.197718585137088	6.41363374964604	-2.69502128785062	0.0077180239856524	0.0286608310978551	-4.17134305968982	LogFC Significant
TGIF2	-3.10599483684818	0.001896400268995	0.0208189515869451	93	-0.612759316890711	5.22806618074191	-7.33390294337118	7.76149974683223e-12	1.96298049760092e-10	15.9460378671839	LUSC
TGIF2LX	-0.00450976692817439	0.996401738792099	0.999804859561379	5	-0.0964686660646019	-5.95793047973799	-0.335568493282355	0.737594439571479	0.817288372735038	-7.0805822575801	Non-Significant
TGIF2LY	-0.0787544732340092	0.937227916613214	0.999804859561379	8	0.0166778850547711	-6.6184476512346	0.177125298928276	0.859612871853341	0.905730626299392	-7.67004986014774	Non-Significant
THAP1	1.98084353736271	0.0476088226467673	0.17978594867924	29	0.12789858919932	3.65597008925052	2.24094109217117	0.0262753463127027	0.0788559206020126	-4.93332106414103	VIPER Significant
THAP11	-0.915375613916777	0.359994475942629	0.67337692848929	43	-0.161220377054691	4.19160945894503	-2.8763372602011	0.00451863148763395	0.0182020398895564	-3.42322851967138	LogFC Significant
THAP7	-0.714388349374572	0.474987074204558	0.77518266947982	73	-0.285867766693234	2.73221869540091	-2.29901118734324	0.0226747746479471	0.0698908827146064	-4.7020509749509	Non-Significant
THRA	1.21150157721623	0.225703230551579	0.512359084947032	51	0.160633872912814	4.86285583419384	1.77946557470494	0.0768826570719551	0.183149238694982	-5.98028359842187	Non-Significant
THRAP3	0.360959410586625	0.71812978997558	0.926648564566493	43	-0.0188675360527634	7.60705312179401	-0.510879506729059	0.610073239259037	0.719487002742467	-7.76841094117585	Non-Significant
THRB	0.0687208223219196	0.945211843567998	0.999804859561379	2	-0.145960082450871	3.50831086330864	-1.01845989659223	0.309852115981473	0.441631694970401	-6.87926052194226	Non-Significant
TLX1	-0.77742574881343	0.43690762588577	0.740691326560301	7	-1.30460097253973	-4.33402756965038	-3.03708899048299	0.00275067616119434	0.0119083637177586	-2.21387977599706	LogFC Significant
TLX2	0.170865930472209	0.864329186202953	0.989548990740305	5	-1.59399064094137	-4.15214738636132	-4.98955131838894	1.44070012231134e-06	1.42963078049795e-05	4.8481818353383	LogFC Significant
TLX3	-3.38210383970547	0.000719329480814349	0.0184093164893283	48	-1.30529234111559	-6.0529229480056	-6.22095504028368	3.47673217130388e-09	5.65410652825085e-08	10.2815624023685	LUSC
TNF	0.141091726345531	0.887797479688367	0.994729796302909	34	0.0592685014787638	1.04618357738975	0.316544986626607	0.751962592770094	0.827874697007767	-7.06763936808994	Non-Significant
TNIP1	0.697142644905037	0.485713528512876	0.782467641216174	25	0.0500833401836386	6.84409792496839	0.696733900837043	0.486885056717916	0.614861943198363	-7.55544534593036	Non-Significant
TNIP2	0.0839879031652397	0.933066049660575	0.999804859561379	62	0.0115361455697503	4.2839982100091	0.122498366760285	0.902643573382264	0.934753569032722	-7.4789083708621	Non-Significant
TNIP3	0.094143267059087	0.924995350839745	0.999804859561379	20	-0.383972109613924	2.08164621484152	-1.78451173085306	0.0760566285304013	0.181930973506229	-5.65621953896871	Non-Significant
TOX	3.16731520513418	0.0015385345778518	0.0200149354011615	43	0.560292051497504	3.66227122250138	4.0383858974274	8.01221610353163e-05	0.000535122232109608	0.399638461481546	LUAD
TOX2	-1.00900884178467	0.312970393808088	0.623149178553468	101	-0.617557938611479	1.89735629224809	-3.93204192595934	0.000120817176885013	0.000770510447796816	0.197323712517841	LogFC Significant
TOX3	3.5917205707114	0.000328501973811279	0.0184093164893283	91	4.14507226232912	2.5288017031376	11.2900964186596	1.33221093029473e-22	1.72321067830186e-20	40.6741734142021	LUAD
TOX4	0.585635680813377	0.558120365323312	0.842007774628866	13	0.0444561012794061	6.65985070725655	0.852454323843037	0.395116119356925	0.529255280465306	-7.41104769655282	Non-Significant
TP53	0.317006818917125	0.751238428162476	0.945499705864169	13	0.216854839517927	5.53302798874831	1.9532441424177	0.0523701691207294	0.136556926767996	-5.74082001732759	Non-Significant
TP53BP1	-0.176981678540733	0.85952278080511	0.989548990740305	7	-0.0767943990322305	6.44588318590191	-1.25253038727595	0.212032111161313	0.337921172201087	-6.96382497135062	Non-Significant
TP53INP1	1.1443287643347	0.252487318539019	0.549153818432061	71	0.160935224880166	7.3589703628525	1.33112758933796	0.184862240330542	0.337921172201087	-6.98102416237257	Non-Significant
TP53INP2	0.55385315460503	0.579679347130673	0.857627355744014	12	0.209373898665945	5.62448966161364	2.16550148484223	0.0316899998848161	0.0915404935364868	-5.3235875539781	Non-Significant
TP63	-3.58544383750275	0.000336505417916001	0.0184093164893283	224	-6.03643703525354	5.00853843800834	-22.9165267080036	8.33214209414078e-55	5.2998672825306e-51	114.285400635596	LUSC
TP73	-3.2377728645796	0.00120466677404343	0.0184093164893283	52	-1.42645118755366	1.4121937961661	-7.75313866645473	6.81928149103426e-13	2.0557224997202e-11	18.6775330260937	LUSC
TPRX1	0.00763281168710958	0.99390995653353	0.999804859561379	7	-0.0686967839830289	-6.62954668152751	-0.875086390197482	0.382715022773843	0.516724684891342	-7.30856978620773	Non-Significant
TRERF1	-2.39096949816125	0.0168039488485201	0.0874588943955361	21	-0.430472659519599	4.35449025929972	-4.47795899388955	1.34870287598467e-05	0.000108643493030483	2.02536753903745	LUSC
TRIM27	3.1600393451327	0.00157747835000924	0.0200149354011615	81	0.426781317108878	6.48677144112573	7.35203449254283	6.99614977291754e-12	1.78092084714698e-10	15.9108026970702	LUAD
TRIM28	-2.80539706146225	0.0050254630514923	0.0350359996986321	113	-0.574073747858809	6.92731696676584	-5.30624817829961	3.32209852802996e-07	3.77003357933391e-06	5.30434954997103	LUSC
TRIM45	-1.52035587803542	0.128421557258563	0.359036736504546	17	-0.396899760523413	3.21474358938736	-2.93165955922634	0.00381782492442139	0.015770260500374	-3.16114937512557	LogFC Significant
TRIM56	0.383797768528975	0.701128342102322	0.920218315829693	9	0.0476998751445388	4.27650585180774	0.555091042144573	0.579534523887698	0.693218160893007	-7.33124030908983	Non-Significant
TRIP4	0.407610027773861	0.683560001095969	0.910511347754453	17	0.0417418831108188	5.09988150464536	0.78985033967833	0.430674011569813	0.563099713577983	-7.26989425099478	Non-Significant
TRO	-2.91112845360255	0.00360125930654372	0.0295595302897274	104	-0.945322065475259	3.71208346964019	-6.61503461415453	4.26645419038439e-10	8.09179231948938e-09	12.1604212752169	LUSC
TRPS1	-2.97062884249533	0.00297190713947098	0.0264184134654743	84	-0.65320006174995	5.26096113877052	-5.66830067386507	5.77406484798839e-08	7.58438471488738e-07	7.20252896450501	LUSC
TRRAP	-0.0331492708643012	0.973555551850963	0.999804859561379	33	0.0171735876373102	6.31142997384888	0.222092453076515	0.824498437882654	0.880657994376624	-7.70599413954703	Non-Significant
TSHZ1	0.276258735778396	0.782349347124896	0.9601362457971	7	0.099081298626576	4.75729301628908	1.12943638704873	0.260244970310106	0.385593569741441	-6.90431499470592	Non-Significant
TSHZ2	-2.31746397106675	0.0204784710917514	0.100137388350703	28	-0.799276473018487	3.7623091144121	-5.32204656939963	3.08276882912834e-07	3.52120706260437e-06	5.73373401173441	LUSC
TSHZ3	-1.27171418176772	0.20347468990527	0.482052655683595	126	-0.537720816650097	3.94676827112564	-4.233037352859	3.70039708930446e-05	0.000269421099279363	1.10428109337349	LogFC Significant
TWIST1	-2.22141290129075	0.0263230080104336	0.120188461574912	100	-1.95587698645355	0.971273290565041	-7.40426356219978	5.18412866793535e-12	1.34591618059469e-10	16.7194704412827	LUSC
TWIST2	-0.394848890437043	0.692954411005637	0.913818931314265	14	-0.83613436757524	-3.59846160322701	-3.11897456436482	0.00211959382923083	0.00952385444540752	-2.00143303531485	LogFC Significant
UBP1	0.643826559046055	0.519687909300922	0.81186081631847	39	-0.116495777443428	6.80756418707681	-2.38733679351751	0.0180265654848582	0.057939604046393	-4.97828445624552	Non-Significant
UBTF	-1.08004898036711	0.280120369454218	0.580977244778709	37	-0.177556474988524	6.63011612778075	-3.78115418524353	0.000213377619828092	0.00127380731611594	-0.870841903233601	LogFC Significant
UBTFL1	-0.565891245432271	0.57146771320759	0.85085938047458	6	-0.172391172311965	-6.60364482508531	-2.11460010512175	0.0358667380102834	0.100831700322032	-5.46151282657301	Non-Significant
UBTFL6	0.384861956779586	0.700339693013955	0.92019780462069	10	0.191288831968391	-4.60344321972778	0.734019195643156	0.46391006111922	0.594518028813878	-6.3977149017381	Non-Significant
URI1	-2.62352241612432	0.00870257182061218	0.054296480706863	38	-0.312524123766545	6.55179049432543	-4.45633163850068	1.47684619366106e-05	0.000118217390924393	1.68423484807655	LUSC
USF1	0.310795353031553	0.755956202608806	0.945499705864169	27	0.0581136068865079	6.21454252953418	1.01227128412096	0.312792704860908	0.444880781196676	-7.20579398218956	Non-Significant
USF2	-1.15015545834853	0.250079847973205	0.547285092095594	33	-0.244096896846203	5.71374507096358	-3.27697915986767	0.00126318582039621	0.00608179332545005	-2.42633561376305	LogFC Significant
UTP15	0.635208170817149	0.525292654943264	0.816173970441623	33	-0.0520649970301252	4.46576193202018	-0.856777255725993	0.392728651922788	0.526790175587748	-7.14028486528056	Non-Significant
UXT	-0.664797703980564	0.506179891404544	0.800343630394276	12	-0.0654848881974577	4.43666081686354	-1.29578332301811	0.196740513049753	0.337921172201087	-6.66637041734798	Non-Significant
VAX1	-3.41035089630975	0.000648793481880901	0.0184093164893283	41	-3.2605007683912	-4.87596927812621	-9.59537139134505	8.19781098863706e-18	5.34812576881776e-16	29.8705931972909	LUSC
VAX2	-2.46894343329425	0.0135512638007034	0.074383849660145	50	-0.946038384990666	-2.65631290075234	-3.29355293288299	0.00119510094675671	0.00578463871175325	-1.53763926131867	LUSC
VDR	1.51276266094001	0.130339956524634	0.362175619167344	19	0.413043153785758	5.85305224796515	3.71901867533297	0.000268396375692981	0.00155997920885357	-0.992420882662364	LogFC Significant
VENTX	0.403889252591395	0.686294159866381	0.91116705610686	50	0.253751048515652	0.258584587010211	1.53533199229816	0.126491221962853	0.263850474310381	-5.86259748698251	Non-Significant
VEZF1	2.25013640982348	0.0244402874382221	0.113396160423529	51	0.250068803337472	6.50647320061605	4.4295068524681	1.65210303796421e-05	0.000130704159188195	1.58221023105652	LUAD
VGLL1	0.499690948039372	0.617292707221815	0.878286861762483	6	-1.04529301520932	-0.27109675160184	-2.49508935870896	0.0135101267696852	0.0457798702005862	-3.92607141937769	LogFC Significant
VGLL2	-0.302004604395476	0.762648552946124	0.947611436871922	2	-0.405049228233079	-5.81255289923168	-1.51153285906986	0.132439376999501	0.27315621506147	-5.90208194476566	Non-Significant
VGLL3	0.305984109562958	0.759616744629314	0.945520470855199	99	0.253251391369892	5.49937766075038	1.69671148533089	0.0915123359517813	0.206395564544027	-6.19774556001498	Non-Significant
VGLL4	-2.18408981195317	0.0289556491757088	0.129047551703325	59	-0.253779722574521	5.55159127489333	-3.65344246155049	0.00034086507226544	0.00192789374983874	-1.18179993777088	LUSC
VRTN	0.00168295457449243	0.998657197162358	0.999804859561379	10	-0.591379172557271	-6.11682394088296	-3.14144168621623	0.00197151994020191	0.0089398092703029	-2.45758478467712	LogFC Significant
VSX1	3.21936761974547	0.00128473664959015	0.0184093164893283	19	1.87002872044741	-2.59884349051851	5.39486672864014	2.1799349115753e-07	2.56422024758254e-06	6.59211225030754	LUAD
VSX2	0.00266307581320705	0.997875175435928	0.999804859561379	5	-0.488230516710433	-5.72553272371305	-1.9950522934471	0.047574406873675	0.126607984319535	-5.01742684880131	Non-Significant
WBP2	3.03959929443364	0.00236893098921321	0.0239154892328108	39	0.186423090199455	6.21399129907636	2.57213222189987	0.0109297792307426	0.0384044155458892	-4.45904704351884	LUAD
WBP2NL	0.757643497357262	0.448664432900239	0.752068840652547	5	0.473907942948441	-0.046314941522604	3.43872715573056	0.000729021885080766	0.00376161099616912	-1.29200371621739	LogFC Significant
WDR75	-1.99743598130089	0.045777842396231	0.174452089207244	122	-0.335503041026737	6.15666032176476	-5.48370030196104	1.4224391235003e-07	1.7320468350906e-06	6.22235409827542	LUSC
WIZ	-0.920514106253003	0.357304164922557	0.669612003105799	122	-0.593186172683656	4.01711291123215	-4.43060877511672	1.64452577909446e-05	0.000130191659279313	1.87187502244737	LogFC Significant
WT1	-1.72583280392842	0.0843774963992951	0.26779524528623	72	-1.14959136431813	0.333529237896168	-3.46348561121419	0.000669017458098183	0.00348729413296143	-1.24862182270664	LogFC Significant
WTIP	1.88771398750759	0.0590643575396297	0.210390592725383	25	0.416676074747955	2.33386416134565	2.64657820808698	0.00886541579822389	0.032186468914699	-3.82671917011458	LogFC Significant
WWC1	3.42489248499633	0.000615042762146168	0.0184093164893283	79	0.843497443453557	5.19992214966236	7.36605148364547	6.45603658814755e-12	1.65252453634042e-10	16.1303518535797	LUAD
WWC2	3.09553743040848	0.00196456575382761	0.0211383540995887	130	0.76422463575927	5.62187229944219	8.61303616637284	3.8627893970004e-15	1.63938199546091e-13	23.4157630297497	LUAD
WWC3	3.2326802999004	0.0012263472082995	0.0184093164893283	42	0.25561674100834	6.04965438226642	2.93699407774748	0.00375580560842479	0.0155506854507977	-3.47187290310106	LUAD
WWP2	3.01199668651218	0.00259535430457492	0.024646026544392	67	0.365865537198266	5.70926337706905	4.8687420376245	2.48054993693587e-06	2.34488694205683e-05	3.50274382450142	LUAD
WWTR1	-2.46912670897865	0.0135443249715207	0.074383849660145	21	-0.378620530573478	7.02546053420938	-3.95686462675378	0.000109851697468137	0.000708391012211839	-0.291577034966562	LUSC
XBP1	0.0673286834126205	0.946320042630596	0.999804859561379	35	0.370585577898806	8.9975821758174	2.97409508854484	0.00334938235492739	0.0140842639675439	-3.75661798544286	LogFC Significant
YAF2	-1.29728262429963	0.194533960686948	0.469675386754045	16	-0.159245659444164	4.38068161456747	-2.6870034733217	0.00789814155238194	0.0292273166340272	-3.95037345801002	LogFC Significant
YAP1	0.665821344480889	0.505525300209186	0.800343630394276	32	0.109751196925915	7.51051137939399	1.22021477469442	0.224009719931755	0.343176740379554	-7.1419422895551	Non-Significant
YEATS2	-3.41227297150403	0.000644235652755256	0.0184093164893283	204	-1.37715392146154	6.53803007670499	-14.4177272906916	1.17900581449263e-31	5.60699905385721e-29	61.1470771199161	LUSC
YEATS4	-2.02609176058972	0.0427553822850967	0.167078613049435	60	-0.353430642271512	4.31177295819354	-3.04324875764213	0.00269776488990358	0.011713179538194	-2.96496652532092	LUSC
YY1	-1.88573941609221	0.0593300785402461	0.210823331058935	58	-0.245449117071124	7.13793776361388	-4.96126439119671	1.63750601482323e-06	1.60954473769162e-05	3.73109584680775	LogFC Significant
YY1AP1	0.369751115523214	0.711567941922799	0.924670113404206	28	0.041519758865282	5.78035880736508	0.78833084727932	0.431559714324308	0.563866574824289	-7.35334672689652	Non-Significant
YY2	0.0624764342082749	0.950183428048362	0.999804859561379	9	0.00567796981326932	0.330940611538517	0.0559423080950658	0.955450982342385	0.970867021196426	-7.03718549348532	Non-Significant
ZBED1	-0.231884797023047	0.81662749294845	0.975146000650467	24	-0.0492513915025358	5.02979256022108	-0.607065697061646	0.544586709749459	0.66283580444678	-7.38925854675403	Non-Significant
ZBED2	-0.74585414657887	0.455755526902781	0.755014707611668	55	-0.796584003746425	2.35711799861437	-3.8271643922218	0.000179715596632438	0.00109534169963328	-0.22600868001043	LogFC Significant
ZBED3	2.72555697240177	0.00641930968221949	0.0424223458933519	37	0.602198073701473	3.78467964181403	5.02838742478716	1.20746056946061e-06	1.21789570936715e-05	4.40966458375252	LUAD
ZBED6	0.397701992444472	0.690849868566902	0.913318088055428	30	0.200394299712697	4.46849474479062	1.82205359856119	0.0701378540792365	0.171877430420228	-5.8589417341811	Non-Significant
ZBTB1	1.14441779222733	0.252450412940225	0.549153818432061	41	0.0306400505810638	6.23382857970587	0.549002003673136	0.58369726814572	0.697044255311323	-7.56984336279824	Non-Significant
ZBTB10	3.25030852052326	0.00115279870634291	0.0184093164893283	60	0.640220320694375	5.71330498893971	5.8292533740462	2.59038797752499e-08	3.62625811896387e-07	7.93359076856436	LUAD
ZBTB11	-2.21307416965849	0.0268925325929266	0.121957331781466	52	-0.265798292739776	5.909026375209	-4.87449665121107	2.41767723503273e-06	2.29013260949135e-05	3.50420045923958	LUSC
ZBTB12	-0.911408284414084	0.362080290202414	0.674160614473263	32	-0.203473265421058	1.03842073170571	-1.42196660959812	0.156798955203264	0.309895196895689	-6.11242974520903	Non-Significant
ZBTB14	1.08908129001338	0.276118039861205	0.578595420350872	20	0.0639014487140411	4.72870426355544	1.29262859526075	0.197827531485644	0.337921172201087	-6.70441160271704	Non-Significant
ZBTB16	1.92856953137807	0.0537843245830661	0.197536943486983	42	1.37145527565594	0.242485098160597	4.69319250503492	5.37342716162427e-06	4.74050302611672e-05	3.3231217498344	LogFC Significant
ZBTB17	-0.271593326903221	0.785934731016435	0.962770045495133	90	-0.274567832008365	3.36469114259047	-1.98136882809537	0.0491013030942978	0.129863248921852	-5.43611604109691	Non-Significant
ZBTB18	3.41649121081791	0.000634337114327281	0.0184093164893283	119	0.929958681015379	5.44890394191667	7.36723517968621	6.41235922952225e-12	1.64299754155825e-10	16.1109984543237	LUAD
ZBTB2	-1.41556522435453	0.156902839103854	0.410888165179277	20	-0.0770839951453353	5.05619535252756	-1.54994180951549	0.122944982671912	0.258008016671186	-6.38032033589372	Non-Significant
ZBTB20	0.356865709554221	0.721192341453757	0.927826060709236	6	0.146842343853542	0.474232548457151	1.4066477941708	0.161288462715948	0.316530707461288	-6.07215876846706	Non-Significant
ZBTB21	0.963833748161677	0.33512928386622	0.645215248511093	2	0.0738533301571639	5.4635543252408	1.09906732145269	0.273234178364619	0.400155252410694	-7.02204135801152	Non-Significant
ZBTB22	1.66051312993118	0.0968112687373512	0.295215874930301	66	0.149284828876624	4.0697095544286	1.89186112582656	0.0601454638924505	0.152403250454698	-5.68579456048683	Non-Significant
ZBTB24	-2.06167150179147	0.0392390215364821	0.158295570816853	33	-0.229131091611117	4.66931477560171	-3.97648379812862	0.000101861783842237	0.000662915811816867	0.0613297777802595	LUSC
ZBTB25	-0.0372491958953322	0.970286313154568	0.999804859561379	12	-0.0782209991340408	3.36275397051429	-1.07273874424738	0.284851463444837	0.413645099276696	-6.80623343993438	Non-Significant
ZBTB26	-0.856972066728812	0.391460322353721	0.700930291986298	39	-0.223936263490605	4.34206974454581	-2.85386706570116	0.00483542980172634	0.0192818494546389	-3.50187405159949	LogFC Significant
ZBTB3	-0.40482811044651	0.685603864389206	0.91116705610686	5	-0.0917016876885701	2.13628880344766	-1.21931980389087	0.22434824238562	0.343540208300522	-6.5005904792971	Non-Significant
ZBTB32	-1.12412401605251	0.260960418273283	0.559519189232685	64	-0.547631639195213	-0.250671628416615	-3.14523899070466	0.00194746007508584	0.00884278424385165	-2.18020974734308	LogFC Significant
ZBTB33	-0.757341213913258	0.448845465377005	0.752068840652547	23	-0.192117836853885	6.2008622924238	-2.95788724932133	0.00352168974303081	0.0147057856773236	-3.4315400143886	LogFC Significant
ZBTB34	-0.327533275161457	0.74326457966804	0.943880240551892	31	-0.065993337927979	4.7839158486629	-0.976455125672506	0.330174117676928	0.46302149928799	-7.0679704299661	Non-Significant
ZBTB37	0.809112274752115	0.418450568405648	0.727850382620733	7	0.195943194093748	2.30220540430266	2.21243217132737	0.0282186388257257	0.0834602531407077	-4.84428421349504	Non-Significant
ZBTB38	-1.80247209186393	0.0714711617171933	0.240109638611775	19	-0.291799882150015	7.49598331403949	-3.41608457063385	0.000788278047110102	0.00402976860611258	-2.2104772061046	LogFC Significant
ZBTB39	-2.61068242871509	0.00903617622706786	0.0556861289576053	39	-0.38509125959177	4.31407040503956	-5.87085303423078	2.10085540138337e-08	2.98871022025344e-07	8.28953975374198	LUSC
ZBTB4	3.03656050970915	0.002392940739769	0.0240370897309796	113	0.329187488434282	6.73867273942939	5.00989087851099	1.31357261124798e-06	1.31501978941501e-05	3.99425516702343	LUAD
ZBTB40	0.536865782669666	0.591360328151068	0.867184597996712	41	0.0117171753076299	5.81077657700604	0.170572085433963	0.864755434172355	0.909322719112549	-7.65376126040828	Non-Significant
ZBTB41	2.036138980916	0.041736401415574	0.164086948031092	72	0.297862732641109	6.31266737444445	3.9483150734158	0.000113516961022769	0.000728794357633691	-0.233748746894623	LUAD
ZBTB42	1.34545374304869	0.178478749712523	0.445420879717339	58	0.502022779338837	2.79808434228894	3.74066172390975	0.00024786428407708	0.0014545983115611	-0.575870096833647	LogFC Significant
ZBTB43	-0.177220131456222	0.859335483325807	0.989548990740305	12	-0.0786773221580136	5.08458085665817	-1.11504003946578	0.266347743911631	0.392328237616142	-6.95902644528183	Non-Significant
ZBTB45	0.701713549994906	0.482857821060687	0.780419438866389	61	0.0364047280904038	1.71606040266069	0.268507066878217	0.788622310416904	0.854645167367643	-7.157419289083	Non-Significant
ZBTB46	1.08677413578694	0.277136640907129	0.579883538101827	74	0.156306288505654	2.49791304840955	1.49747817720203	0.136053374885682	0.278532830480883	-6.16718699892924	Non-Significant
ZBTB47	0.0967809856089587	0.922900324325629	0.999804859561379	128	0.0957662804668014	3.5261292616016	0.811584289454814	0.418122298585408	0.551035203714314	-7.07004502726652	Non-Significant
ZBTB48	0.422735249066341	0.672488434730767	0.905176535509247	72	0.0309629823306963	4.01408017318229	0.283965421022141	0.776769404922672	0.845834412678845	-7.41487155127705	Non-Significant
ZBTB49	1.52006166905171	0.128495477126316	0.359036736504546	13	0.137745930231427	2.68766412876308	2.28927507388034	0.0232464773573974	0.0713720433696467	-4.71881480459898	Non-Significant
ZBTB5	-0.941460996263542	0.346468668096495	0.65851991883241	36	-0.31360514369948	5.17837523515879	-3.68344544923919	0.000305674739572695	0.00175006354611793	-1.03564279814277	LogFC Significant
ZBTB6	-0.178656798743861	0.858207192929953	0.989548990740305	37	-0.131981844069259	4.79405677260976	-1.89584821292623	0.0596126454363709	0.151354609104639	-5.76178060440007	Non-Significant
ZBTB7A	-0.7928473905125	0.427866741878965	0.734687422593881	31	-0.157484637441154	4.14411150628175	-2.02083073634643	0.0448070963421644	0.120465678896147	-5.44672908641349	Non-Significant
ZBTB7B	0.705687979194006	0.480382198083885	0.778924807062571	107	0.246146100850095	5.19399289713454	2.13812956894879	0.0338805420697262	0.0963746024797411	-5.3297030231899	Non-Significant
ZBTB7C	-3.04004773471497	0.00236540655210761	0.0239154892328108	30	-1.1220003903256	3.58688483950433	-5.28388441533991	3.69205820686126e-07	4.15283098838069e-06	5.57692527424002	LUSC
ZBTB8A	1.84320457225114	0.0652991475855747	0.226954013970532	50	0.338176947251104	2.87350444040788	3.81334813183236	0.000189254632384691	0.00114620462074832	-0.329642046987588	LogFC Significant
ZBTB9	-0.512632600279323	0.608208344515489	0.873889277451561	27	-0.0529821474336681	3.88449552638712	-0.809524085120028	0.419302698160584	0.552275590791154	-7.11259628181197	Non-Significant
ZEB1	-0.153596079890711	0.877928228054642	0.991432158606957	89	-0.0464554494990538	5.77095864179876	-0.506517548711915	0.613124911700315	0.721992785892723	-7.53482694910586	Non-Significant
ZEB2	0.547310992463027	0.584165093105845	0.861352268371468	175	0.110830476390421	6.78420624704925	1.16134380703162	0.247068785731263	0.37068514550499	-7.11659490126581	Non-Significant
ZFAT	-0.375456539222907	0.707320962857897	0.923932259025692	12	-0.000827633263870261	3.52249801999988	-0.00950233114620429	0.992429072339792	0.995167023510871	-7.39895423631664	Non-Significant
ZFHX2	2.370484444625	0.0177647914490905	0.0910445561765888	33	0.773790282688049	1.01550466176293	4.68093662520306	5.66715510205248e-06	4.9765573160244e-05	3.20042050021081	LUAD
ZFHX3	2.35530841873521	0.0185073376358994	0.0929531032763047	19	0.391267433446824	5.53854080419786	4.68726265891131	5.51365966362351e-06	4.85579933615691e-05	2.75226114496605	LUAD
ZFHX4	-2.05880554427892	0.0395128703436691	0.158762713040863	12	-1.03508548216765	1.69157766711968	-4.57202418766907	9.05496208901603e-06	7.58220834065608e-05	2.68495387306335	LUSC
ZFP1	-0.831457472242338	0.405715243446009	0.719086882585085	11	-0.0761960592442894	3.95177867120216	-1.18498972128326	0.237613069781642	0.359449987184394	-6.74718135446231	Non-Significant
ZFP14	1.04050624117242	0.29810476595951	0.60250751993225	15	0.109290981553421	3.69972197066915	1.32477705246551	0.186956103912412	0.337921172201087	-6.54421461652497	Non-Significant
ZFP2	3.06242939179994	0.00219548264608895	0.0228534955232783	114	0.881811070789948	0.56671864766601	7.27953891971634	1.05875306649664e-11	2.61405669780437e-10	16.0484158392352	LUAD
ZFP28	2.06772167676161	0.0386662023606734	0.156613710771357	21	0.333687861009821	3.43271878598299	2.45139362358804	0.0152034739227071	0.0503799919584983	-4.42865994613845	VIPER Significant
ZFP3	2.84742730771589	0.00440741585962985	0.032315687817505	54	0.33273095085933	3.80840876069718	2.34151893440362	0.0203206430029581	0.0638846064406601	-4.72618580553152	VIPER Significant
ZFP30	0.314006925079628	0.753515779143598	0.945499705864169	13	0.00379710380963437	3.68540199901875	0.0356145098112366	0.971629946264732	0.981702222782329	-7.41696163009635	Non-Significant
ZFP37	-0.925967607631948	0.354462814381698	0.666775088101901	8	-0.35914071198145	2.17457930728604	-2.99920992672209	0.00309762467191612	0.0131728003556012	-2.8564841062377	LogFC Significant
ZFP41	0.371095014911071	0.710566763891585	0.924565174001421	50	-0.0233037667124182	2.19068060028246	-0.213946948897777	0.830835146431571	0.885567484160719	-7.2245710910258	Non-Significant
ZFP42	1.27524499060513	0.202222541476215	0.480787083817416	1	-0.0849027795318328	-3.667830289252	-0.180890814542095	0.856660624654361	0.903817721924941	-6.6684321989386	Non-Significant
ZFP57	0.227480952524159	0.820049778711515	0.976398553996852	12	0.566891090060291	-1.83097081359838	1.23753290595389	0.217531526278482	0.337921172201087	-6.0717541041826	Non-Significant
ZFP62	1.13282060437747	0.257289596939145	0.554107539345338	22	0.105784883880984	5.41919984136176	1.44445625160517	0.150381843440802	0.299997274789425	-6.58006886146937	Non-Significant
ZFP64	-3.41457916691723	0.000638806263339147	0.0184093164893283	58	-0.76678863485803	4.07767361904189	-9.76179209736991	2.83031934804661e-18	1.97834657066895e-16	30.7044367364681	LUSC
ZFP69	0.402725562570751	0.687150126550653	0.911210959894562	7	-0.0686124448961017	2.68101690128121	-0.860065122265538	0.39091874758756	0.525014948658993	-6.93373945975255	Non-Significant
ZFP69B	-1.51326470581392	0.130212434006249	0.362175619167344	11	-0.252251849820041	2.12077416280953	-2.73880749981904	0.00679828471309164	0.0258104540707589	-3.56466293267064	LogFC Significant
ZFP82	1.13929226121951	0.254581275083334	0.551730077284161	25	0.282009858143782	2.76408945956696	2.22855804577266	0.0271046223579264	0.0807852054885164	-4.86076164406022	Non-Significant
ZFP90	0.693138441038712	0.488222675603066	0.785299724008454	10	-0.0830289632353024	0.255843875040061	-0.937718062833234	0.349669467917321	0.483460508217607	-6.59301980273744	Non-Significant
ZFP91	-0.599722860000781	0.54869095058731	0.836239703419619	104	-0.142312168704329	6.87734383960463	-2.80464822287561	0.00560129077603299	0.0218328060075997	-3.93981046177291	LogFC Significant
ZFP92	0.000684813710140379	0.999453597756361	0.999804859561379	1	0.113765706131325	-2.2837542810327	0.540534289465327	0.589509421991996	0.70206195402644	-6.64556152615651	Non-Significant
ZFPM1	-0.252434639946727	0.800705128081593	0.969842373668887	12	-0.313236755211364	-0.74212126880673	-1.94430223743431	0.053447169686101	0.138760850849333	-5.06645417493773	Non-Significant
ZFPM2	0.0418918426782992	0.966584919290812	0.999804859561379	90	0.259556708660458	3.37549977148555	2.05990556204103	0.040874035340517	0.111992039755414	-5.28194700703202	Non-Significant
ZFX	0.120673893058533	0.90394933817267	0.997055212840934	18	-0.189354451882327	5.80441032523233	-2.48530392858696	0.0138740154782407	0.0467920128556325	-4.62144588135414	LogFC Significant
ZFY	-1.07755555513981	0.281232145615601	0.581869598910136	33	-3.1065237975311	-1.50697452796414	-3.94787942155245	0.000113706809396818	0.000729829049314642	0.567085951440588	LogFC Significant
ZGLP1	-0.439507664050322	0.660293729975069	0.899599734802134	16	0.155892894766261	-0.879804360795269	1.0077311632766	0.314961743766095	0.447223352771758	-6.41208255721451	Non-Significant
ZGPAT	-0.322825322983894	0.746827533984369	0.945417360166468	105	-0.229275887930348	3.59989160933919	-1.62755397442634	0.105401610231725	0.22928635166944	-6.09055302731549	Non-Significant
ZHX1	0.424725099387011	0.671037084521606	0.905176535509247	21	0.143662989039551	6.1142631222844	2.0449455610659	0.0423435224460589	0.115144150226589	-5.63193684763905	Non-Significant
ZHX2	-1.14453860046178	0.252400339139796	0.549153818432061	17	-0.390149539396664	5.16481071643521	-4.90726306043753	2.0880419687332e-06	2.00688623636826e-05	3.73128036310956	LogFC Significant
ZHX3	-0.217899963801239	0.827507055350715	0.979584900177126	6	-0.000120896188707287	5.173023264457	-0.00158452556548941	0.99873751979861	0.999144819553506	-7.59097493317928	Non-Significant
ZIC1	-1.91675628759272	0.0552689006464814	0.200787018804306	15	-1.88096096512699	-4.33551034366442	-4.00802408781161	9.01649594443174e-05	0.00059478015637588	0.941062608240078	LogFC Significant
ZIC2	-3.31198782123062	0.000926355785634969	0.0184093164893283	20	-3.24488076160761	-0.298212542342364	-7.80599198684319	4.99601106402307e-13	1.53426082681882e-11	19.0873858309451	LUSC
ZIC3	-0.459027916341439	0.646214119189086	0.893685850705586	8	-1.02717184903345	-5.63582895596541	-3.00670096937004	0.00302597323871669	0.0129101764253658	-2.53730865622974	LogFC Significant
ZIC4	-2.26746724630514	0.0233616975751752	0.109893481877436	23	-1.57174046577411	-4.66515810161751	-3.86419905799022	0.000156344329058395	0.000967805868399853	0.422290187672525	LUSC
ZIC5	-3.02186672793281	0.00251221127279802	0.0243710558099949	27	-4.77076314536748	-1.43972869464727	-10.5643582447328	1.57047117394678e-20	1.52509534651634e-18	36.0344183127948	LUSC
ZIK1	1.35330790661626	0.175957284329062	0.440221898153281	37	0.471780832367392	2.90698613889857	2.80823593585534	0.00554194046538027	0.0216362730183628	-3.46623435558211	LogFC Significant
ZIM2	1.74067128596898	0.081741214238778	0.262176335840762	7	0.296743591284811	-4.93056201275496	1.15573958653982	0.249348287198495	0.373347271729878	-6.02683851597018	Non-Significant
ZIM3	-0.000244572272924284	0.999804859561379	0.999804859561379	6	-0.177492745097543	-6.69231071691414	-2.68413817084	0.00796342491814682	0.0294247469658507	-4.18089217238982	LogFC Significant
ZKSCAN1	-1.79576944751672	0.0725311916961009	0.24245451600244	13	-0.261107374346835	6.97581172017552	-3.48371946637767	0.000623450868702828	0.00328347349459865	-1.92360335844835	LogFC Significant
ZKSCAN2	1.25932681319617	0.207912312220392	0.487962424358374	4	0.249348070770941	3.26097279368336	3.12592246707023	0.00207273859745727	0.00934136713047653	-2.60605863627573	LogFC Significant
ZKSCAN3	1.92664698848448	0.054023638530184	0.198053813516678	24	0.0676525296951039	3.31413155193388	0.799105438407506	0.425302289171543	0.558069424620504	-7.05598442706691	Non-Significant
ZKSCAN4	0.569076202659955	0.569304427272666	0.85018342498888	15	0.00772006391878233	3.27742291270582	0.120353851300783	0.904339608869237	0.935831479600683	-7.36382848685997	Non-Significant
ZKSCAN5	-0.567547647157578	0.570342164430433	0.85018342498888	25	-0.0679172129491112	4.58152869725037	-1.32103337282184	0.188198697690967	0.337921172201087	-6.65037431496416	Non-Significant
ZKSCAN7	0.124779510332063	0.900698108984175	0.997055212840934	14	0.100961231328283	2.51770772733545	1.02294096559164	0.307734415895604	0.439203833714694	-6.76250012893173	Non-Significant
ZKSCAN8	0.37687267012926	0.706268232521355	0.923738702454578	13	-0.0671245897328189	6.17847113079754	-0.769061809414846	0.442883541634699	0.574839227129786	-7.41770589860878	Non-Significant
ZMIZ1	-1.24669868724944	0.21250800036079	0.494130292505587	50	-0.365525691565479	6.3638717935384	-4.0828620539242	6.7315232502291e-05	0.000458431868457117	0.256851904465929	LogFC Significant
ZMIZ2	0.460857941875277	0.644900528058126	0.89309568765142	150	0.161941762604849	6.19447434677595	1.23585733738189	0.218152305355455	0.337921172201087	-6.95283726218927	Non-Significant
ZMYND11	2.86458203777271	0.00417559978535401	0.0313449231618331	82	0.340365864075834	7.0475621565045	4.85601184086976	2.62530923630408e-06	2.47162785936299e-05	3.2860828286913	LUAD
ZMYND15	1.5977016341054	0.110109394926444	0.325787591174118	92	0.554027298811093	2.42461642218972	4.04976764035196	7.66397415893828e-05	0.000513751796932859	0.573168112494241	LogFC Significant
ZNF10	0.0997827951134467	0.920516767383424	0.999804859561379	15	0.0925224625732877	3.64151106887601	1.10965714739203	0.268654925647728	0.394835216800782	-6.79778471757763	Non-Significant
ZNF100	2.04134351343893	0.0412166948073983	0.16300066903162	26	0.456412486946866	3.77315246054651	4.26093577504778	3.30537268239023e-05	0.000243235277391336	1.23067396933642	LUAD
ZNF101	0.0953645715646671	0.924025255585927	0.999804859561379	40	-0.0873108550359265	3.89507399971285	-1.16558465041541	0.245353645476682	0.368715206394567	-6.76338313974078	Non-Significant
ZNF107	0.736411941182143	0.461480039752413	0.759929016280818	15	-0.032350389239258	4.79262965632259	-0.309114999103097	0.757598290951304	0.83197329635816	-7.49792211810182	Non-Significant
ZNF112	-0.414870587919943	0.678236642027744	0.90717537538864	13	-0.168336680301183	2.76169107286149	-1.69195769550839	0.0924170200004174	0.207938295000939	-5.89079001561037	Non-Significant
ZNF114	-0.811519227290233	0.417067555759523	0.726404481136398	16	-0.780288123628067	0.282904852446647	-2.6404836674219	0.00902015830269271	0.0326574013084896	-3.62189321466006	LogFC Significant
ZNF117	2.10197902160953	0.0355551135166092	0.147142187474931	16	0.658895317760257	5.40157536163633	3.60689110799679	0.000403118750760269	0.0022335693326641	-1.32192622638483	LUAD
ZNF12	0.383604776206215	0.701271399470015	0.920218315829693	11	0.0245555847954489	6.05756351119367	0.397590749810296	0.691411849946353	0.784201123289204	-7.61963284726559	Non-Significant
ZNF121	-2.08285035247475	0.0372648662338707	0.152164870454972	11	-0.429966721862188	4.87129805922059	-4.62969749270131	7.07190442773875e-06	6.07766285706709e-05	2.58836839611212	LUSC
ZNF124	1.58545106654207	0.112863886454512	0.330048832441215	10	0.393463392436201	2.95025481495213	4.8147135616869	3.15342480707051e-06	2.92073488774281e-05	3.56995827697953	LogFC Significant
ZNF131	-0.923957674481718	0.355508352963875	0.667791743987693	49	-0.371288834700327	5.69110097236337	-4.93223090295324	1.8665240973322e-06	1.81121176996274e-05	3.77960694912298	LogFC Significant
ZNF132	1.51175106388155	0.130597202801107	0.362389199485393	14	0.370667763210974	2.38271814143428	3.44832907384285	0.000705175821345175	0.00364818796715846	-1.51123808153493	LogFC Significant
ZNF133	-1.8687851635718	0.0616527098168213	0.216538975562926	22	-0.413372403013256	3.94928676119671	-5.39237411795244	2.20605993673812e-07	2.59135655449806e-06	6.03905364702183	LogFC Significant
ZNF134	-0.590414976065769	0.554912472660706	0.840104866296427	18	-0.304285971058085	4.92357996056135	-3.93381116619988	0.000120002370117724	0.000765889954322148	-0.122804650621419	LogFC Significant
ZNF135	1.66791862454258	0.0953318819223748	0.291953888387273	42	0.335478286997977	2.56370574892908	1.77871732766608	0.0770057666139858	0.183356672122001	-5.72038435574193	Non-Significant
ZNF136	-2.2728723732121	0.0230338720831103	0.109139266544737	20	-0.0425879143418971	4.02621444702159	-0.592968717996459	0.55396037140879	0.671196081666661	-7.28062456918428	VIPER Significant
ZNF138	1.33809498641408	0.180865474903178	0.448591035901834	32	0.187011531120732	3.91114796491007	2.08212677110321	0.0387718503070231	0.107306884299096	-5.29719064564637	Non-Significant
ZNF14	0.568074615428513	0.569984303574998	0.85018342498888	15	0.0672160193667951	3.47712683317076	0.737734759923939	0.461654383756055	0.592522636562934	-7.12159392393127	Non-Significant
ZNF140	0.431500440529417	0.666104532369973	0.902362781882182	29	0.128017312661026	4.83694184030067	2.00479661196755	0.0465117748090349	0.124288914895371	-5.55818642372335	Non-Significant
ZNF141	2.15225654467022	0.0313771543480515	0.135854963545766	32	0.237432303787774	3.88948817065057	3.02152000207126	0.00288870142905933	0.0124192684115506	-2.98050148954303	LUAD
ZNF142	0.0269949259245314	0.978463781083765	0.999804859561379	67	-0.0843931039948335	4.49000881457285	-1.23513835155252	0.218419074750175	0.337921172201087	-6.74881162704533	Non-Significant
ZNF143	2.10113970356256	0.0356287045054249	0.147142187474931	28	-0.0675120741464894	4.56272852909679	-1.64363814647302	0.102029389318002	0.223538139976788	-6.17463729519953	VIPER Significant
ZNF146	-1.08890987137545	0.276193632711044	0.578595420350872	41	-0.131770461707448	7.43075574289619	-1.85689967168527	0.0649902707437155	0.162231784011023	-6.16116451273446	Non-Significant
ZNF148	-2.49383575481091	0.0126371004348736	0.0705220410379472	71	-0.35068400888173	6.45889265116386	-4.85827872470125	2.59894685670086e-06	2.44899469599537e-05	3.36864551022928	LUSC
ZNF154	1.28690947936265	0.198125840873791	0.476560488226967	29	0.285382299452121	3.50930159460814	2.15029512550102	0.0328913253418814	0.0942350082397937	-5.11098382000708	Non-Significant
ZNF155	-0.325373634530965	0.744898307435739	0.94476054270101	26	0.0398633261406251	1.95912827109136	0.407211273356677	0.684345777767808	0.778832764691974	-7.13821011942967	Non-Significant
ZNF157	-0.00334947365658541	0.997327511679692	0.999804859561379	8	-0.297239177173703	-2.19497367662983	-1.41329414367567	0.159328725844543	0.313616027515296	-5.81164948912034	Non-Significant
ZNF16	-0.0652982361790515	0.947936546674379	0.999804859561379	10	-0.150375117868079	3.73116141994294	-2.22329957501191	0.027463609882419	0.0816542946232413	-4.98014159576215	Non-Significant
ZNF160	0.040263301745025	0.967883211005308	0.999804859561379	9	0.040082418547326	5.61736679455254	0.443985749583172	0.657596207824051	0.757720456360809	-7.54581101879007	Non-Significant
ZNF165	2.2665763827258	0.0234161161822195	0.109893481877436	29	0.369961487097081	2.4018847782321	3.2548058243941	0.00135992967903461	0.00648621067085529	-2.12346224157194	LUAD
ZNF169	0.0240919819072403	0.980779238978915	0.999804859561379	30	0.00216941895463591	2.39710697444361	0.0257408930526197	0.979493058666663	0.987018966757334	-7.27063195663505	Non-Significant
ZNF17	-0.911691063830279	0.361931369437078	0.674160614473263	18	-0.203608310379349	3.00789843205534	-3.17873786072428	0.00174668818812759	0.0080428897964945	-2.42058183798146	LogFC Significant
ZNF174	0.290747930112726	0.771244111372935	0.95408215501738	13	-0.02140064693895	3.38720053357367	-0.331123529567501	0.740943593839799	0.819787261178727	-7.32867283699249	Non-Significant
ZNF175	-0.212061044186963	0.832059410735883	0.980039947015407	14	-0.0263419474500742	3.59663078159236	-0.295799968394404	0.767730234038338	0.83954945032888	-7.36362840636134	Non-Significant
ZNF177	-0.303629819525123	0.761409930774448	0.947165666207966	11	-0.0794052787277043	-6.51180661004537	-0.766620228699289	0.444330515249116	0.576261662732351	-7.31861141377012	Non-Significant
ZNF18	-2.97944909477717	0.00288767206335316	0.0261321314201644	24	-0.299667824341161	3.51699205719881	-5.68905137989715	5.21132651082053e-08	6.9148255757396e-07	7.48564403279748	LUSC
ZNF180	-1.07981970647492	0.280222473962453	0.580977244778709	26	-0.240835149514401	3.66261953230108	-3.13618446283418	0.00200528429481373	0.00907433496006147	-2.61966761601605	LogFC Significant
ZNF181	0.362341914474225	0.71709653990399	0.926648564566493	9	0.081629134243283	3.79969342634085	1.03488649106158	0.30213640420919	0.433138728255573	-6.89562607205055	Non-Significant
ZNF182	2.1505300843305	0.0315133089536905	0.136151048791321	25	0.193803140187748	3.85171947141545	3.04727506466476	0.00266368826110889	0.0115899479140476	-2.90187128953496	LUAD
ZNF184	-0.088590785323073	0.929407131537116	0.999804859561379	18	-0.10181685069682	4.17189410980541	-1.46675672366937	0.144220030415499	0.291059747272272	-6.40164169640633	Non-Significant
ZNF189	0.394501827733681	0.693210578060199	0.913818931314265	16	0.0926006933308321	5.06756690837095	1.29612184850178	0.196624130567504	0.337921172201087	-6.73982517851935	Non-Significant
ZNF19	3.45614308160083	0.000547964367429425	0.0184093164893283	133	0.877758910329294	2.10197049223192	10.4138445997194	4.19062163021769e-20	3.78311323506794e-18	35.0048192685247	LUAD
ZNF195	-0.208845508797259	0.834568843701046	0.981644500582788	12	0.0360829792150537	4.8155857422405	0.495944007374478	0.620550318342988	0.728124965393868	-7.42527600422864	Non-Significant
ZNF197	1.63288284086855	0.10249363966939	0.307787327497466	18	0.0361369854876373	4.62335287115773	0.673015541980009	0.501816794599375	0.628147432106263	-7.29912626756929	Non-Significant
ZNF20	0.198322928790924	0.842792413385394	0.986446249510001	7	0.0861007283564895	-1.71769387396995	0.760747318294844	0.447822147329415	0.579755706228174	-6.55244511998631	Non-Significant
ZNF202	-1.81686500047798	0.0692377869562311	0.235361614204853	8	-0.208819668430181	4.40154177941229	-3.3433604155651	0.00101051306846468	0.00500106671872142	-2.06690123798303	LogFC Significant
ZNF205	0.294769912004364	0.768169652445579	0.951719470691838	39	-0.149206858782076	0.465050960669496	-1.02648653095505	0.306065685274129	0.43742335236229	-6.52891858113771	Non-Significant
ZNF208	0.796238912248169	0.425893184340587	0.734627070936616	35	0.132903634176609	0.475247470912916	0.638825557046473	0.523763747254843	0.64669502445369	-6.85092668450255	Non-Significant
ZNF211	0.452809154774434	0.650686170892334	0.896151758280811	7	0.0521996610188062	4.47403666419361	0.60723123624143	0.544477109823805	0.66273974406035	-7.32383647263659	Non-Significant
ZNF212	0.511017354859023	0.609338904499963	0.873889277451561	40	-0.0337700392822011	4.06994096889196	-0.457060187209281	0.648189287924743	0.750159432903602	-7.35706596165498	Non-Significant
ZNF213	0.453941536972906	0.649870906200538	0.896151758280811	39	0.00354489581112657	2.61922789119602	0.0298420360735187	0.976226718201348	0.984657513245677	-7.29578481670962	Non-Significant
ZNF214	3.12144429446135	0.00179966292324244	0.0208189515869451	38	0.978707399905472	1.34718791390045	5.8607127060366	2.21109743740254e-08	3.1340920389879e-07	8.52689405763026	LUAD
ZNF215	-0.822376361574753	0.410862728582743	0.722787409564563	21	-0.347888935108865	2.37641204839365	-2.09228978258753	0.0378417046141502	0.10530279491588	-5.10469467773027	Non-Significant
ZNF217	0.338821683033548	0.734744065749437	0.936612200565114	14	-0.0278965896637155	6.95107820851924	-0.29592612406174	0.767634045916308	0.839523261169475	-7.76872886834899	Non-Significant
ZNF219	-0.874790733985682	0.381687779859865	0.687722645505352	18	-0.517512458064068	1.4766283819503	-3.75149348028421	0.000238155242982609	0.00140328481871388	-0.398683336589797	LogFC Significant
ZNF22	-0.123017211261341	0.902093468870195	0.997055212840934	7	0.0585846041326755	4.69061652856417	0.86473594322168	0.388356356191744	0.522359419041369	-7.15967661481704	Non-Significant
ZNF221	0.169479945448619	0.8654191453878	0.989548990740305	7	0.0413897370503995	0.733585926600374	0.326363046435356	0.744535979758759	0.822366408965174	-7.02962909142981	Non-Significant
ZNF222	-0.308303438938576	0.757851449520288	0.945499705864169	15	-0.0241263105353445	2.09295239298661	-0.285784982034988	0.775377613818715	0.845022002878163	-7.19549597577597	Non-Significant
ZNF223	0.316500329129616	0.751622775391028	0.945499705864169	5	0.121058527224411	0.589236075461933	1.10867049162849	0.269079316451583	0.395344750734979	-6.45536368054666	Non-Significant
ZNF224	0.845858417208929	0.397631732211211	0.708193395400995	27	0.0631288124608542	1.82463604550777	0.672509285471796	0.502138148337114	0.628392387157422	-6.97991155124538	Non-Significant
ZNF225	0.271630302832289	0.785906296911761	0.962770045495133	11	0.0221139888234523	2.7717438543757	0.315297347322942	0.752908014051274	0.828521197245213	-7.26382116290894	Non-Significant
ZNF226	1.23149311147848	0.218138491466266	0.502228059564631	18	0.0208915992550424	4.53189800005229	0.323732415186455	0.746523536285678	0.823751134992041	-7.46272404287509	Non-Significant
ZNF227	-1.76209046952804	0.0780540132747802	0.256095780125273	26	-0.214504732685982	3.71581704399398	-3.24233761712132	0.00141731325062525	0.00672648778878163	-2.30480542373067	LogFC Significant
ZNF23	1.28677781157712	0.198171742811763	0.476560488226967	6	0.305826362447363	0.220070582316341	3.03572586128617	0.00276251364736259	0.0119524929393498	-2.54555540891003	LogFC Significant
ZNF230	-0.0621278789264323	0.950460995704267	0.999804859561379	5	-0.128180242438916	2.97507334164585	-1.8461231017057	0.0665475509205171	0.165243677164956	-5.64640840577502	Non-Significant
ZNF232	2.07830772200003	0.0376810256785771	0.153241256251541	5	0.174008662604692	3.34860514445433	2.12266806599752	0.0351746969280725	0.0993009502292316	-5.15063177156539	VIPER Significant
ZNF233	2.16089962838068	0.0307030936263904	0.134197957862279	13	0.120582390112468	0.355384729961374	0.779656755349218	0.436636136677755	0.568746901422829	-6.73854943779637	VIPER Significant
ZNF234	-0.204561085014159	0.837915062055195	0.984427695712799	6	-0.0184777609966144	3.66549369689605	-0.243368863001876	0.80800201247695	0.868195244877362	-7.38565044660442	Non-Significant
ZNF235	0.362225957579081	0.717183183434424	0.926648564566493	9	-0.0019774493238421	2.52762821614768	-0.0268182285996091	0.978634982848575	0.986349622429738	-7.28545590128867	Non-Significant
ZNF236	-1.83901771301936	0.0659125808122059	0.227522980844883	6	-0.144704963899443	4.01241674490989	-2.37954324370688	0.0183998531712544	0.0589418212289312	-4.66195751804466	Non-Significant
ZNF239	2.28975099298148	0.022035755532842	0.105655925693269	14	0.871355851551118	2.69997786396368	5.50446103170835	1.28652365686764e-07	1.57863619009807e-06	6.68852552243627	LUAD
ZNF24	1.4120821929418	0.157925761293293	0.411508241813522	74	0.140595735064614	7.30243748192011	2.15952304929587	0.0321577019976022	0.0925814327496457	-5.54765644811888	Non-Significant
ZNF248	1.7600657012967	0.0783966673852877	0.256095780125273	24	0.127728171310255	4.48827924497208	1.87100030521256	0.0629985445444535	0.158245825732504	-5.77232001015812	Non-Significant
ZNF25	1.48642305750534	0.137167254697339	0.372536637821592	35	0.0796327211418098	4.51808807181416	1.21147078002774	0.227332940432444	0.347347586081111	-6.78085875493363	Non-Significant
ZNF250	1.48621953806672	0.137221061218506	0.372536637821592	37	0.301322016771658	3.83983067005724	4.14904267420324	5.18130516389036e-05	0.000363763651448296	0.79501319748778	LogFC Significant
ZNF251	0.867601424886568	0.385612566141006	0.692929915364294	12	0.143909534765421	4.91108776238695	1.81287259101117	0.0715489128038623	0.174351101063826	-5.92683688412732	Non-Significant
ZNF253	2.64743564785859	0.00811047944846535	0.0510782232350059	50	0.476606759349392	3.66245729004729	4.82532190611133	3.00870875344919e-06	2.79943597783901e-05	3.54141383171336	LUAD
ZNF254	3.46426559674273	0.00053168128129077	0.0184093164893283	59	0.877558614045143	4.94754402680198	8.69665837802842	2.308505894525e-15	1.02237276717841e-13	23.9913290348351	LUAD
ZNF256	-2.60905010974115	0.00907939458197183	0.0557813569271603	22	-0.424934606133105	2.77154100879657	-3.23920438691516	0.00143208343366384	0.00678645908040775	-2.2113294744372	LUSC
ZNF257	0.907083984600259	0.364362386570738	0.675643247407572	16	0.666567430722857	0.684525038532686	2.9052275278548	0.00413919743879268	0.0168993886318354	-2.96119745332585	LogFC Significant
ZNF26	1.31722660512242	0.187762678463076	0.462176963595746	5	-0.0162761442038352	4.44941182900615	-0.242335199717721	0.80880152914723	0.868705798429321	-7.47620005370415	Non-Significant
ZNF260	0.510122137391525	0.609965896987552	0.873889277451561	17	0.0977009544841499	5.50050726500902	1.23697142716131	0.217739404904452	0.337921172201087	-6.86614341455713	Non-Significant
ZNF263	0.580481268151081	0.56159011516558	0.845119506642435	18	0.0206529986510097	5.4096739906234	0.366135703841394	0.714701883054906	0.800025938611442	-7.55220849731865	Non-Significant
ZNF264	-0.749670804029473	0.453452995686345	0.754847457338743	14	-0.0891933441637734	3.41261819791594	-1.11894069267358	0.264684486685941	0.390591085336364	-6.76150409120792	Non-Significant
ZNF266	-0.585261070311596	0.55837218683952	0.842007774628866	8	-0.233718793497568	5.58933463869953	-2.60511110996473	0.00996726940895912	0.0355338841910995	-4.30035114947008	LogFC Significant
ZNF267	-0.343382596615167	0.731310650391771	0.934013411720958	62	-0.20259808985428	2.3963594188434	-2.67626910133887	0.00814522912959462	0.029997693384132	-3.75756176186909	LogFC Significant
ZNF268	1.56554075261041	0.117456169672913	0.340504249455818	21	0.191965618215183	4.75113046726391	2.27347289934096	0.0242012596536102	0.0738179763072354	-4.98644368876285	Non-Significant
ZNF273	-1.77196516513148	0.076400339898477	0.252863727934169	14	-0.433813431105074	3.54888473959882	-4.12453404677965	5.71073613153576e-05	0.000396502276967293	0.733658950851289	LogFC Significant
ZNF274	2.11151508784991	0.0347280624563289	0.144748293516109	15	0.257584588816555	5.26253098044912	3.17196738572208	0.00178564932635739	0.00819707276689419	-2.69373058436826	LUAD
ZNF275	0.457842982901814	0.647065252657403	0.893891611416676	9	0.112691149973847	5.34885718173424	1.41180050345	0.159767549011162	0.314297425251555	-6.61787205481611	Non-Significant
ZNF276	-0.14841272741992	0.882017056275836	0.994372764342398	98	-0.180399373735836	3.39689447271944	-1.68934012042734	0.0929182494299369	0.208660107700431	-5.96655579958454	Non-Significant
ZNF28	0.914119903403035	0.360653845223731	0.67337692848929	18	0.2886285241763	4.86592527957189	2.74038409033221	0.00676710264955192	0.0257131709546818	-3.8665696997078	LogFC Significant
ZNF280A	-3.02269557196114	0.0025053413752127	0.0243710558099949	37	-2.18252040950143	-4.0520936090248	-4.81454818120933	3.15573333588826e-06	2.92180943467995e-05	4.10059329814042	LUSC
ZNF280C	-2.70042912430167	0.0069250090328804	0.0451699452826517	43	-0.380364883477241	3.73517385190079	-4.36122678228771	2.19304775587597e-05	0.000168624098074198	1.62664124323952	LUSC
ZNF280D	0.340858187988456	0.73321034294606	0.93525052633564	26	0.0359732013238003	5.68586048891599	0.567818374245034	0.570879203589703	0.685891014425633	-7.49140865091061	Non-Significant
ZNF281	3.30822861787584	0.000938881311580102	0.0184093164893283	69	0.522128812677414	5.4974846386364	6.13441429206316	5.4554350843291e-09	8.57865481153184e-08	9.48008163363998	LUAD
ZNF282	-0.571966226300175	0.567344855694792	0.849959593654613	42	-0.338526418568565	3.99264949715789	-2.94093507579863	0.00371058203917815	0.0153935005417919	-3.22121671255075	LogFC Significant
ZNF283	1.51434827485194	0.12993753076053	0.362058944934681	13	-0.0380862480957299	2.69310324326867	-0.426287426622451	0.670417356813321	0.768023990157425	-7.21371148504484	Non-Significant
ZNF284	0.918138443949181	0.358546390354543	0.67131379144667	3	-0.0426206872573056	1.27237158320616	-0.466695765217961	0.641292552614833	0.744446511517245	-7.0343808573453	Non-Significant
ZNF285	1.66946522399266	0.0950252167978135	0.291459023735584	18	0.652189851152881	0.867418699241047	3.3963766248223	0.000843494387504017	0.00427181970567953	-1.51772189366937	LogFC Significant
ZNF286A	-1.27259888646383	0.203160413944315	0.481876353735689	9	-0.317528034023505	2.40560226283459	-4.03564858913885	8.0981909330254e-05	0.000540509632499909	0.522892125726838	LogFC Significant
ZNF286B	-2.40497624862021	0.0161735169137391	0.085274602139874	14	-0.450976921335792	0.232059045148089	-3.48145905541967	0.000628392911401982	0.00330551450569683	-1.18045998638861	LUSC
ZNF287	0.688972439666221	0.490840611367383	0.786990253980106	4	-0.289521950016505	2.43270013484371	-2.66359589921396	0.00844591307045535	0.0309037702238578	-3.79410308938703	LogFC Significant
ZNF292	-2.95664457979422	0.00311006385645463	0.0273779649557296	62	-0.397276926282623	6.54477206870261	-5.24213534980501	4.49290779911668e-07	4.97879151275809e-06	5.05804414907231	LUSC
ZNF296	-1.50734667898615	0.13172181852115	0.36500570125378	29	-0.553066540939375	-1.66495961161892	-2.26396515282316	0.0247920995682462	0.0752301014957973	-4.33247161209602	Non-Significant
ZNF3	-0.628685669812017	0.529554861595806	0.820891756902758	26	-0.0448834055456685	5.66585949552544	-0.747540583104155	0.455731141541695	0.587414022515881	-7.37065382389034	Non-Significant
ZNF30	2.02896063575214	0.0424622998920274	0.166289981448505	9	0.218708534641899	2.48156651182814	2.11262176680062	0.0360382097883278	0.101199731984374	-5.07467133701017	VIPER Significant
ZNF300	-0.984846253100133	0.32469959716318	0.633044269464264	18	-0.486221738003355	3.42918752243606	-3.06970162119977	0.00248103260761387	0.0108967568851234	-2.78995593754237	LogFC Significant
ZNF302	0.785414759569677	0.432210429829567	0.737105902824788	11	0.166274872615104	5.46723625314362	2.02195842556361	0.0446892317156908	0.120199600670471	-5.59888128037026	Non-Significant
ZNF304	-0.553793417808107	0.579720233499438	0.857627355744014	18	-0.279609526915975	4.36253396086669	-3.8616855749245	0.00015783455534698	0.000976245190638921	-0.319425173398249	LogFC Significant
ZNF311	0.797740181297526	0.425021281055138	0.734223280820053	9	0.36225453987769	1.64928256216172	2.0133309258107	0.0455977127723205	0.122237155038201	-5.18213364497395	Non-Significant
ZNF316	1.01520707454969	0.310007128987644	0.620217028451296	91	0.0515389231940251	3.27971300019403	0.546822815404125	0.585190466516686	0.698358397729083	-7.22170039583615	Non-Significant
ZNF317	-3.30634049658774	0.000945231485100314	0.0184093164893283	24	-0.285049027397189	5.39971883350618	-4.83477593332356	2.88517069696067e-06	2.69582805886046e-05	3.39250986203788	LUSC
ZNF318	-2.44551829957177	0.0144644108050135	0.0787506810495179	40	-0.338384445597193	6.000280296491	-4.72640647669195	4.64941817491742e-06	4.14561579198963e-05	2.86249103082675	LUSC
ZNF319	1.6249268607823	0.104178144007737	0.311913399868174	76	0.261551476891053	3.22367906809066	2.91014461300572	0.00407760035036467	0.0166902164920091	-3.22217037338524	LogFC Significant
ZNF32	0.594562532634859	0.552135931121718	0.837277705946525	25	-0.0126955378028446	4.36861623662965	-0.170224290060419	0.865028526281587	0.909548584668147	-7.48171812786522	Non-Significant
ZNF320	2.26662737688136	0.02341299822629	0.109893481877436	41	0.590205049615619	4.94171030586366	4.63979803733467	6.77076491429618e-06	5.85449691467928e-05	2.62236532291041	LUAD
ZNF322	0.491312329282017	0.623205560944814	0.882333763967306	18	0.109720623277696	3.231549576377	0.696416846495103	0.487083047275965	0.615060497882891	-7.12328136437547	Non-Significant
ZNF324	-1.9044369108427	0.0568533058849512	0.205275164552777	20	-0.310591549101468	2.93508832413845	-4.73243327561353	4.52856272450062e-06	4.04636422825178e-05	3.22330458462491	LogFC Significant
ZNF324B	-0.904726340268639	0.36561038308905	0.676479800304996	31	-0.236109619986059	1.9380675013504	-2.80360512257154	0.00561865462111229	0.0218904545873714	-3.37256473461882	LogFC Significant
ZNF329	0.40750022018983	0.683640632455944	0.910511347754453	10	0.317145181922079	3.7735763490131	2.98784355891616	0.00320932718757618	0.0135804358117237	-3.0640948236736	LogFC Significant
ZNF331	2.84053629860564	0.00450377470902571	0.0327948990078102	11	0.292358874169228	5.56268794339564	2.73334828317756	0.00690726667606081	0.0261450010012897	-3.96705888547762	LUAD
ZNF333	-0.656467521679299	0.511523358088988	0.804738000313843	34	-0.131463037428819	4.33154479736243	-1.96106137687294	0.0514436770458301	0.134700162094994	-5.58481531541388	Non-Significant
ZNF334	0.131819553434496	0.895127020109669	0.996824437223536	15	-0.144852320984343	2.58591923138988	-0.702986295291461	0.482989604581742	0.611408752145543	-7.04542588980418	Non-Significant
ZNF335	-0.671784828207846	0.501720688751549	0.800093198431612	67	-0.243459215419969	4.44805113482196	-2.42655773340825	0.0162477485038682	0.0532035347727049	-4.60177211196875	Non-Significant
ZNF337	-0.882985370252321	0.377244175974972	0.683393642501098	18	-0.0700035057421555	1.79345476334616	-0.849418486237333	0.396798028073625	0.530586373841925	-6.84217627434667	Non-Significant
ZNF33A	3.11905106208065	0.00181434515644332	0.0208189515869451	56	0.433236735174109	6.1771183769687	5.14372903457018	7.1070977433609e-07	7.56119121406362e-06	4.6572814495075	LUAD
ZNF33B	2.27905251146882	0.0226639439685285	0.108151694614664	27	0.3349133204783	5.20720049767426	3.4190492880271	0.000780270570659021	0.00399256241208456	-1.91789971855238	LUAD
ZNF34	3.24058047163428	0.00119286597978803	0.0184093164893283	34	0.408438647943645	2.77495687403844	5.8716584275004	2.09233382143344e-08	2.97902906652104e-07	8.4471222685738	LUAD
ZNF341	1.26622098891855	0.205433975100167	0.483275006997933	80	0.372759998846059	2.06750763854948	3.66864725809362	0.000322579313547896	0.00183528297732538	-0.745837829915536	LogFC Significant
ZNF343	-2.41098539799851	0.0159094853838894	0.0843328657948121	42	-0.54427864150274	4.01648723924291	-7.38252318709939	5.87381273490455e-12	1.51262568232972e-10	16.3403682181319	LUSC
ZNF345	0.982798106807386	0.325706813816106	0.633330521096495	21	0.138257349191375	3.25995318902905	1.37568600465741	0.170660464468475	0.330387232069349	-6.42625041606608	Non-Significant
ZNF347	1.05124267342772	0.293147148623351	0.596689586204976	41	0.469287706593049	3.51416140788728	3.49294353077876	0.000603659450604845	0.00319278815128138	-1.48830210826711	LogFC Significant
ZNF35	-0.13401301675661	0.893392281401949	0.996819875503981	9	-0.0644246483788879	3.29216761491725	-0.973265684299717	0.331751953239376	0.464636256415333	-6.89957185622529	Non-Significant
ZNF350	1.42199364391591	0.155028096134963	0.408193243951692	14	0.436667506014932	3.73407260261241	4.54221457669816	1.02801101280733e-05	8.49991576975663e-05	2.35244453894507	LogFC Significant
ZNF354A	0.245339326616025	0.806193703780074	0.971649867286987	10	-0.0386290349040768	4.20906185628761	-0.495277248803808	0.621019878892497	0.728392559981943	-7.3548857955948	Non-Significant
ZNF354B	0.400823120956819	0.688550354901682	0.911863983518444	9	-0.0635437155536193	3.87221532946202	-0.862026789942087	0.389841326582582	0.52388595955425	-7.0673854030854	Non-Significant
ZNF354C	1.40224563577057	0.160841908299858	0.415058684014167	27	0.0344841924349338	3.53134823032889	0.313647314706235	0.754158930131729	0.829431384946035	-7.35073792851719	Non-Significant
ZNF355P	0.975966116510174	0.329081255703501	0.638150813425033	8	0.00700591785844152	-6.70557887745635	0.142052561331061	0.887200351588821	0.924423635582627	-7.72155101843355	Non-Significant
ZNF358	0.029691204719937	0.976313326447589	0.999804859561379	19	-0.246101627574896	1.63464833499687	-1.33038339959233	0.185106701376684	0.337921172201087	-6.30368711193478	Non-Significant
ZNF362	0.451654135954291	0.651518163694818	0.896151758280811	44	-0.111064062810402	3.06396608943111	-0.967487290162376	0.334623056761144	0.467496605615891	-6.87929859952536	Non-Significant
ZNF366	1.60849732751748	0.107726301042236	0.320151092890314	50	0.412663664848825	1.19740091053268	3.3255625356181	0.00107318049458619	0.00526969628944446	-1.77544719837304	LogFC Significant
ZNF367	-2.66107516644263	0.00778915663793602	0.0496775101130586	167	-0.785840843382242	3.16982567705163	-6.39205270358521	1.4111769475809e-09	2.45837556160909e-08	11.0412300153173	LUSC
ZNF37A	0.511218652691571	0.609197958983938	0.873889277451561	15	-0.0143121883828828	5.23282757371262	-0.182436368079945	0.8554494593802	0.903082884320585	-7.58144667520809	Non-Significant
ZNF382	2.50518698330015	0.0122386673638446	0.0691891076705776	72	0.70855924361412	1.87892976337741	4.89516740674612	2.2043127200393e-06	2.10684930638467e-05	4.02288293088448	LUAD
ZNF383	-0.115641543074337	0.907936637145155	0.998179367200467	27	-0.174333946908582	3.03418076915821	-2.69123023091503	0.00780272100864047	0.0289352325641801	-3.7891614146834	LogFC Significant
ZNF384	-2.3582959100646	0.0183590518475755	0.092737753902078	18	-0.329398693650965	5.72746126059597	-5.68433199111895	5.33440200709807e-08	7.06891615971855e-07	7.22735238593408	LUSC
ZNF391	2.24803021475119	0.0245742633257589	0.113432173839469	14	0.115945131497755	3.37689019095551	0.89896775667241	0.369893434481675	0.504446099403278	-6.97851434875194	VIPER Significant
ZNF394	-0.549798482288192	0.582457599757631	0.860409792583148	15	-0.0807018935297936	4.30473219101918	-1.70438045720166	0.0900680128633003	0.204315304144165	-6.04451217975388	Non-Significant
ZNF395	-1.10645815193949	0.268528267534792	0.569064651347466	9	-0.442580084751282	5.43983900514411	-5.2789888116592	3.77824029935369e-07	4.24226689922577e-06	5.35563955817313	LogFC Significant
ZNF396	3.48499469981364	0.000492146789905674	0.0184093164893283	108	0.918622387396698	1.98842784641775	8.3858793873836	1.54868979195985e-14	5.98379869048359e-13	22.3582864748962	LUAD
ZNF397	1.0810038794371	0.279695387962159	0.580977244778709	20	0.0531969119872805	4.8345725144592	0.644326387766486	0.52019948209992	0.644044447729654	-7.34282698290718	Non-Significant
ZNF398	-0.615392797928583	0.538295346527861	0.828221672297802	18	-0.104352541790275	4.86290485518895	-1.68418848037239	0.0939111440216793	0.210323598199339	-6.14300828431418	Non-Significant
ZNF404	0.743977944940303	0.45688981809149	0.755014707611668	15	0.312124098766457	1.54561499260231	1.88311057764164	0.0613288224024394	0.154823557908941	-5.41893365498207	Non-Significant
ZNF407	-0.110583435699113	0.911946683311923	0.999804859561379	9	-0.101437566227023	4.04153370211912	-1.85300881495073	0.0655489898958051	0.163314037399037	-5.75408550329952	Non-Significant
ZNF408	-1.65965037931937	0.0969848070950714	0.295215874930301	70	-0.424248440028945	2.64235674780141	-3.91494535743328	0.000128966570046016	0.000815837006882347	0.0572339430293329	LogFC Significant
ZNF41	2.85225284073479	0.00434105563763885	0.0320338811672671	40	0.254009810223104	4.52213295237056	4.1371585658205	5.4318812748215e-05	0.000378898849281106	0.675491339037813	LUAD
ZNF410	0.0218174083664187	0.982593607623778	0.999804859561379	50	0.0212665078971301	-0.694105538714725	0.224662449339932	0.82250150718376	0.879041683879462	-6.9088871538775	Non-Significant
ZNF415	2.52615930102546	0.0115317178440185	0.0662676277870349	32	0.619991247587107	2.74329693933333	3.74987661551255	0.000239581311153699	0.00141119743018488	-0.538021569373469	LUAD
ZNF416	-1.170668667114	0.241731984336708	0.535435012714935	19	-0.218098555606539	2.8020708366753	-2.99177595289867	0.00317026957779369	0.0134345717634585	-2.94608518719587	LogFC Significant
ZNF417	0.525369249126123	0.599326526188813	0.871866032667143	25	0.0581415762111758	3.69781597513086	0.777003401763294	0.438195886652885	0.57013643283607	-7.11702859617832	Non-Significant
ZNF418	2.1432547963429	0.0320926444258104	0.137034896869073	15	0.433803942741217	2.28056573822927	2.64671123954586	0.00886206491700214	0.0321779154436946	-3.82051910621718	LUAD
ZNF419	-0.161742264019949	0.871508820836612	0.991209871137463	9	-0.0542860074912411	3.89416311302006	-0.699881702359351	0.484921733688859	0.613146686251082	-7.19636968261857	Non-Significant
ZNF420	1.09214963015764	0.274767337902746	0.577030469890901	17	0.336858473105045	3.46720826872784	3.57668389990634	0.000449087630882255	0.00245644127540303	-1.20627960317713	LogFC Significant
ZNF423	0.458832886351201	0.646354176742268	0.893685850705586	74	-0.156646690822298	1.47752309274436	-0.964715211903189	0.336006131251879	0.468939633989279	-6.70237092084335	Non-Significant
ZNF425	1.34462980594306	0.178744812994206	0.44553142593717	10	0.358974055525609	1.16733093996804	3.00551988073621	0.00303716810635096	0.0129503382151646	-2.72994403873274	LogFC Significant
ZNF426	-0.653814048292783	0.513231614571476	0.806793672671435	25	-0.10205076184674	3.43323474165481	-1.12166721216173	0.26352618121071	0.389298997186559	-6.76080305271369	Non-Significant
ZNF429	3.29372295672914	0.000988698950250752	0.0184093164893283	47	0.745380261973923	3.00928789907115	5.77485250656661	3.40184262107827e-08	4.65464274310806e-07	7.95110506718524	LUAD
ZNF43	1.27418750890454	0.202596970972434	0.481107936978275	21	0.441751597504248	4.03650103764161	3.10831933397339	0.00219335664362761	0.00981369437858391	-2.74372059480371	LogFC Significant
ZNF430	-0.253900574167502	0.79957237120244	0.969842373668887	19	-0.205763814419289	4.10928639265253	-2.30300777249109	0.0224436865559817	0.0692854125764346	-4.84711159360046	Non-Significant
ZNF431	1.97309046109816	0.0484852568681158	0.18275212204136	38	0.180149734863728	4.31170642276701	1.69094279634973	0.0926110986207297	0.208158388668281	-6.06781672046748	VIPER Significant
ZNF432	0.226420168565392	0.820874642957035	0.976398553996852	9	0.0133951112295611	4.09566050823618	0.190988704952591	0.848753746352169	0.898250553988529	-7.44639028479857	Non-Significant
ZNF433	1.53592471108079	0.124556846719752	0.351254710376103	12	0.329806491740102	2.05716894534966	2.58035099526344	0.0106824178375077	0.037683571166684	-3.96301192792071	LogFC Significant
ZNF436	-3.48503226839521	0.000492077695584866	0.0184093164893283	43	-0.577067893418154	5.45465122462243	-7.95746731843042	2.03746291022026e-13	6.63640785684128e-12	19.5126419265416	LUSC
ZNF438	1.72850813808879	0.0838971632654097	0.266692090190203	47	0.200165610696683	3.97650340490708	3.03117604089617	0.00280236508100319	0.0120950932580092	-2.96234319758489	LogFC Significant
ZNF439	0.190405296915401	0.848991547264123	0.988767546929637	11	-0.097749906423397	2.77219674849017	-0.796406021430218	0.426864959411615	0.559582995276781	-6.99666145086074	Non-Significant
ZNF44	2.7510842307061	0.00593983680286759	0.0401788960840438	23	0.265968825409242	4.02195670499925	3.70004844871269	0.000287705304189117	0.00165837926019114	-0.848480472683959	LUAD
ZNF440	-1.98523904745834	0.0471178818761384	0.178267089810098	9	-0.436160706330972	4.26036133225629	-3.63058570945376	0.00037020263615724	0.00207124588459563	-1.11194094637547	LUSC
ZNF441	3.31645299016137	0.000911679238015533	0.0184093164893283	68	0.343727822521275	3.615077416635	3.99678349768702	9.41786161884646e-05	0.000618370717853704	0.25130285707667	LUAD
ZNF442	1.50475452407136	0.132387199393728	0.365420724379359	9	0.307697484730032	1.02992162847869	2.66366993725443	0.00844412775333081	0.0308994595754344	-3.64104647318226	LogFC Significant
ZNF443	1.01944480573723	0.307991843900158	0.618067734699908	16	0.242258508102968	2.30448005349362	2.8671696462399	0.00464551916297372	0.0186340759992969	-3.24012438676491	LogFC Significant
ZNF444	1.60024872985273	0.10954341573214	0.325070490702908	53	0.523239002836781	3.73836842031727	5.30335646392737	3.36782183598853e-07	3.8151153594415e-06	5.65044808482908	LogFC Significant
ZNF445	-0.287066823849778	0.774061154266822	0.955801388397078	9	-0.0328951678077919	5.24384153736811	-0.5696781976079	0.569619632893887	0.684787011893743	-7.43682663478591	Non-Significant
ZNF446	-1.45211953352429	0.146468371463745	0.392863762711167	51	-0.282652496296848	2.40985434102222	-3.345833995959	0.00100207889130107	0.00496415366654459	-1.84117565632616	LogFC Significant
ZNF449	2.52734889306717	0.0114927268172574	0.0662676277870349	32	0.209573869106155	4.32652457624675	2.83831234204918	0.00506646170968104	0.0200413534327448	-3.5425493302911	LUAD
ZNF45	-0.134687471617436	0.892858979125784	0.996819875503981	13	-0.107434482170422	4.41988493012356	-1.5629194449717	0.11986102849419	0.252986365919589	-6.28600875316182	Non-Significant
ZNF451	-0.319555362326395	0.749305417025447	0.945499705864169	5	-0.0278497605805189	5.82428695603905	-0.49964850181455	0.617944295123734	0.726021412612647	-7.54484834397852	Non-Significant
ZNF454	1.09191115269243	0.274872155144645	0.577030469890901	29	0.434199370288542	0.0787874762375426	2.02459792878768	0.0444143850325769	0.119599428309663	-4.99073150805419	Non-Significant
ZNF460	-3.33258322645147	0.000860437309363772	0.0184093164893283	30	-0.571482411078604	2.10063186898742	-5.92281102705915	1.61514477673174e-08	2.34221308374954e-07	8.76328393896406	LUSC
ZNF461	0.299337466480956	0.764682570234571	0.948886524769149	11	0.151612093515202	2.91962353838578	1.78564146832824	0.0758727004183422	0.181596669408869	-5.74815557022602	Non-Significant
ZNF462	-2.05424938365002	0.0399515609590227	0.159885828618878	33	-0.424603340509961	4.59679825835108	-3.47840428466473	0.000635130117156426	0.00333325403688344	-1.65564916174963	LUSC
ZNF467	2.90275216247604	0.00369899237386384	0.0299648212866631	39	0.689198846028167	1.33137779529404	4.39609333806563	1.89847799660472e-05	0.000148282350476175	2.01335258904567	LUAD
ZNF468	0.875446608191989	0.381330949205829	0.68769647841518	10	0.383729302143135	4.95834735887782	3.75879833614571	0.000231811919907577	0.00137082874566147	-0.74960660200937	LogFC Significant
ZNF470	1.28142454318458	0.200044588053535	0.478739280080385	18	0.518544053432388	3.21680965749992	4.05278984461287	7.57395888364405e-05	0.000508253292566413	0.50069599953843	LogFC Significant
ZNF471	1.80475693617731	0.0711127258877451	0.23949796634788	23	0.225781205619491	3.01399466746489	1.39092828719409	0.16599650683896	0.323462443402287	-6.3775994615786	Non-Significant
ZNF473	-2.85137672911957	0.00435303611680633	0.0320338811672671	11	-0.359091097870041	4.12764682714005	-5.27564178127941	3.83828485985552e-07	4.30019734431106e-06	5.48316595420795	LUSC
ZNF479	1.33907513437957	0.180546214448324	0.448352713011968	1	0.0704441324706162	-6.59506354821518	0.567142837589698	0.571337043634339	0.686284182007341	-7.51067712331297	Non-Significant
ZNF48	0.624992600106842	0.531975914820844	0.822740271651328	19	0.150391886652437	2.88139751558321	1.61746153833133	0.107562750405891	0.232841774025145	-6.02578041285416	Non-Significant
ZNF480	-0.331720775086104	0.740100111875564	0.94045611939153	10	-0.059332477098808	4.64064057076583	-0.799805305561639	0.424897692476405	0.557772868532008	-7.20780677437512	Non-Significant
ZNF483	3.43075793337341	0.00060189744699883	0.0184093164893283	27	0.820708674420176	0.79746851748358	5.5603300572701	9.80646120822256e-08	1.23212737047312e-06	7.13058565398769	LUAD
ZNF484	2.50356444936973	0.0122949285407647	0.0691891076705776	31	0.319757524616511	3.61501988506426	2.95874542318301	0.00351236623705151	0.0146728731909206	-3.12908898437327	LUAD
ZNF485	-0.15568570351153	0.876280766698432	0.991243277194341	19	0.0176138169752626	2.09193590575919	0.175989907703034	0.860503434065586	0.906349928503507	-7.22073640545836	Non-Significant
ZNF486	2.26310558189358	0.023629181551407	0.110141591036605	45	0.937616896342428	3.3088268467064	4.08587202400109	6.65230899442298e-05	0.000453765945697329	0.614156782175842	LUAD
ZNF487	1.30241671037251	0.192773973245509	0.468020230202261	15	0.217013139469807	2.24343751554811	2.30319556846481	0.0224328789053998	0.0692627556568275	-4.6384597097055	Non-Significant
ZNF490	1.62990951736505	0.103120621864738	0.309207954218295	20	0.151033206579346	1.16649602739716	1.86419593969966	0.0639532218348446	0.160106447224634	-5.41168859594525	Non-Significant
ZNF491	2.154215828131	0.0312232501534356	0.135480582199249	22	0.551255921351612	0.948051475430594	4.03478902947713	8.12536938103033e-05	0.000542252519768012	0.669798444644685	LUAD
ZNF492	-0.256806717977847	0.79732798376536	0.96845944340061	8	-0.496724220271117	-2.41874220162278	-1.53024454214159	0.12774478367536	0.265921264971644	-5.62430850086818	Non-Significant
ZNF493	2.82843278530989	0.00467765225955899	0.0335460790384094	44	0.708011065340747	3.79430058795856	5.27351098639656	3.8769932759339e-07	4.34260796476277e-06	5.50818767344716	LUAD
ZNF496	-1.53988121388981	0.123589310789156	0.351189427687998	18	-0.204980235747648	5.28752283589302	-2.94984702340969	0.00361015118810725	0.0150320066572315	-3.3442613443539	LogFC Significant
ZNF497	1.26984922337969	0.204138343081755	0.482124749721579	8	0.156300701084214	-0.927078012726794	1.16420310070814	0.245911463359606	0.36933343430886	-6.23959390536872	Non-Significant
ZNF500	0.904589390109907	0.365682958253472	0.676479800304996	29	0.0458687108078268	2.97519721344302	0.548883239718808	0.583778600083504	0.697065840150393	-7.18598018086687	Non-Significant
ZNF501	1.56829875708689	0.116811425871384	0.339615274349654	21	0.239458974127837	2.41531330151215	2.2908202462318	0.0231549109474276	0.0711467181010085	-4.68514126940373	Non-Significant
ZNF502	1.7331348438735	0.083071704500164	0.265327590366978	12	0.345685315316431	2.6363102865966	2.24086749012711	0.0262802092776244	0.0788592245135743	-4.81976969044533	Non-Significant
ZNF503	0.627128935921277	0.53057472098331	0.821515287579019	8	-0.148722752122588	3.62914596349316	-1.45628941673861	0.147087490437878	0.295488634384134	-6.35494457219269	Non-Significant
ZNF506	1.50200695209333	0.133095313399262	0.365420724379359	10	0.216124782480432	4.08415979122123	2.49739194485839	0.0134257469275539	0.0455455038770338	-4.39141588753103	LogFC Significant
ZNF507	-1.2325309762543	0.217750802798855	0.502228059564631	18	-0.209675615313782	5.64705971930385	-2.99239095724576	0.0031642008476108	0.0134122052754288	-3.26615890412542	LogFC Significant
ZNF510	1.06327744154784	0.287656152141605	0.590901032364503	20	0.183995189222125	4.31952609715872	2.9979086690907	0.0031102290305723	0.013218668207609	-3.09638364093675	LogFC Significant
ZNF513	-0.173449522031072	0.862298101992912	0.989548990740305	38	-0.147429169917029	3.42546312514839	-1.38140681613101	0.168898490278733	0.327736751690192	-6.43713752174569	Non-Significant
ZNF514	1.16545263372287	0.243835822651113	0.539500184698333	16	0.127095472492485	4.87138545061061	1.44943066892882	0.148990118458587	0.298267227645551	-6.50781510674399	Non-Significant
ZNF516	-1.38186896328946	0.167011939222077	0.423110953212048	8	-0.250270846598243	4.42079191162523	-2.39970566891686	0.017447858593443	0.0564268498979805	-4.66154587475764	Non-Significant
ZNF517	0.188080761266312	0.850813342241767	0.989548990740305	62	0.0562484635536149	2.71547938043721	0.625184558316555	0.532656617800043	0.652905440756201	-7.11172942326891	Non-Significant
ZNF518A	1.0612927875917	0.288556862450945	0.591541568024438	8	0.205298728133469	5.67777066693935	2.91601047385867	0.00400521580437428	0.0164309425525145	-3.48557423479352	LogFC Significant
ZNF518B	-0.490732882443728	0.623615386239502	0.882333763967306	6	-0.305232292055875	5.30017311080595	-2.47772312939567	0.0141618937426803	0.0475985551512569	-4.57920491995239	LogFC Significant
ZNF519	-2.81306196674507	0.00490721935484769	0.0347133932531303	20	-0.557536992502602	1.82534775910075	-5.23780490602131	4.58506138434618e-07	5.07207464356173e-06	5.54290846801122	LUSC
ZNF521	0.230897212165376	0.817394656593025	0.975146000650467	87	0.102399294640644	4.2437114443118	0.679684379396145	0.497593919770727	0.624412818462016	-7.25049807776588	Non-Significant
ZNF524	0.362457646535386	0.717010068000312	0.926648564566493	64	0.0961456317826921	0.470276608376874	0.566841011816712	0.571541660783121	0.68644894615299	-6.89361756232275	Non-Significant
ZNF525	-1.02850099215777	0.303714224367871	0.611384646047147	3	-0.214842215035948	4.13897528448243	-2.22537527646619	0.0273214138205699	0.0813170418011066	-5.02169756363496	Non-Significant
ZNF526	-1.15755362582061	0.247046243275713	0.543609970143381	21	-0.159292551265416	3.53679985947883	-2.20449348618557	0.0287815325481656	0.0847212972317899	-4.99892346484717	Non-Significant
ZNF527	1.14024214201975	0.254185434910849	0.551467104466411	17	0.0935662257900769	3.0933600857005	1.35571169850323	0.176921374299582	0.337921172201087	-6.43448208493501	Non-Significant
ZNF528	0.962592645994503	0.335751989506435	0.645479183653998	15	0.464781225020822	4.47605510067146	3.4278792863659	0.00075687023713716	0.00388874181007285	-1.80589891477563	LogFC Significant
ZNF529	0.817851452281242	0.413442014254494	0.72494452111737	3	0.00378645058551479	4.55616651949907	0.0512372733411245	0.959194335484781	0.973534369123233	-7.51677014315944	Non-Significant
ZNF530	-2.49134115710301	0.0127261857181098	0.0708224573620015	32	-0.385206091019106	2.65596976443082	-3.99497360453551	9.48405682778292e-05	0.00062207491072256	0.346778718070532	LUSC
ZNF534	1.59530188625317	0.11064474401341	0.32593151132396	6	0.202429364640272	-4.32251407224102	0.662062276372219	0.508793978275537	0.634477537090843	-6.44389004148939	Non-Significant
ZNF536	0.972380027713117	0.330861524157603	0.639750531311478	10	0.0359966824733168	-3.98778050857265	0.0973044551196003	0.922594918108308	0.948215715665635	-6.66393057510687	Non-Significant
ZNF540	2.77858283495992	0.0054596590905135	0.0374055827620795	56	0.731487157263424	1.69278285283587	5.45140535824856	1.66214065132432e-07	1.99668765777359e-06	6.53755712658457	LUAD
ZNF541	1.29803629927795	0.194274861788528	0.469672920978524	11	1.00816937165689	-1.82088025261699	4.57329547103148	9.0059727414397e-06	7.5473967213587e-05	2.98856763660694	LogFC Significant
ZNF542P	0.947254923394673	0.343508894314121	0.656621663822141	17	0.501976961457405	2.88018547314859	3.4577078298224	0.000682591256316904	0.00354612952209719	-1.53440606529432	LogFC Significant
ZNF543	-2.61294015012924	0.00897670205485568	0.0556610939142132	29	-0.368743271091927	2.98361153788108	-4.66117837941941	6.17359384131853e-06	5.38019346136898e-05	2.9205001149599	LUSC
ZNF544	-1.67797021647564	0.0933529134690184	0.288179006304494	7	-0.176626254072708	4.82472734091673	-1.65204399109522	0.100301782102232	0.220721176442406	-6.19147740956086	Non-Significant
ZNF546	1.02249301327192	0.306547617765746	0.615854164091385	13	0.0675010478962138	2.26179811535352	0.750828503626409	0.453754757700116	0.585455123109818	-6.97393417297502	Non-Significant
ZNF547	0.235850311452363	0.813548826288151	0.975146000650467	14	0.0355835511431985	1.58872313187115	0.3621488237949	0.717673635809189	0.802186504816834	-7.11345003370313	Non-Significant
ZNF548	-0.490116037207642	0.624051790370255	0.882333763967306	4	-0.128597172016058	4.27022633175139	-1.77210426061423	0.0781008775317706	0.185270675217084	-5.92452065671312	Non-Significant
ZNF549	0.357427894970213	0.720771496942362	0.927826060709236	14	0.201354709494023	3.45801263104706	1.68307244226997	0.0941273690085756	0.210659510901631	-5.98386496038478	Non-Significant
ZNF550	-0.586362431328023	0.557631985009636	0.842007774628866	10	-0.0798264874024671	4.46772089047568	-1.13086996252517	0.259642647767926	0.384936508298188	-6.86893109295098	Non-Significant
ZNF551	-0.999748197766072	0.317432380742872	0.626599360556205	9	-0.310886747215667	3.73702825726818	-3.45823517704342	0.000681341728945354	0.00354144588550698	-1.62576285573798	LogFC Significant
ZNF552	3.0207543680474	0.00252145818253419	0.0243710558099949	13	0.444377443441765	3.60490824890847	4.3955455901217	1.90279695891045e-05	0.000148596878531487	1.77629619932722	LUAD
ZNF554	0.0825169590222849	0.934235632973908	0.999804859561379	9	-0.0239526795798134	2.6273073058841	-0.327375557670202	0.743771439618484	0.821772482986498	-7.24351731126453	Non-Significant
ZNF555	0.77682457387413	0.437262276406429	0.740691326560301	9	0.152965509734753	2.86692461536571	2.20938338964068	0.0284336714651725	0.0839352480668738	-4.91364837139319	Non-Significant
ZNF556	-2.9167526365547	0.00353696155041085	0.0293794079011739	25	-3.33125861928433	-4.23377214957582	-8.87360374135947	7.71990579807556e-16	3.69553270405337e-14	25.4494100504994	LUSC
ZNF557	0.32621674102764	0.744260376102571	0.944547754636806	4	-0.133434323664607	2.96199577732581	-1.99445191768003	0.0476405465417399	0.126757482422117	-5.36555596462236	Non-Significant
ZNF558	-0.531244397514528	0.595249430564741	0.87105832281832	8	-0.275960275021893	5.03369208981709	-2.66004228873401	0.0085320044347247	0.0311761868207239	-4.09501476684085	LogFC Significant
ZNF559	0.159488597120395	0.873283941510132	0.991209871137463	6	-0.00818474043888693	3.96622694148789	-0.0871605396990518	0.930642615259178	0.953887123234068	-7.44596832528089	Non-Significant
ZNF560	-0.0166644904355361	0.986704275752739	0.999804859561379	3	0.0251167814739446	-4.20569299736875	0.0549344662111354	0.956252746684265	0.97146833172504	-6.66048207298174	Non-Significant
ZNF561	0.261441479148137	0.793752073249648	0.967001452816928	15	-0.117355886669274	5.51813958832631	-1.58298733214536	0.115212844224999	0.245528134317502	-6.38430778021861	Non-Significant
ZNF562	-0.575020165281833	0.56527765909341	0.848557222311652	17	-0.124335000162512	5.27851199346839	-1.89071936890202	0.0602987751742313	0.152721019758352	-5.82842225358199	Non-Significant
ZNF563	0.124218501137394	0.901142273901287	0.997055212840934	9	0.136600962217333	1.6475360050686	1.39474382425003	0.164844269028965	0.321821042540109	-6.21835816240644	Non-Significant
ZNF564	1.79166893759334	0.0731860131090729	0.24423704374772	38	-0.2955245643127	-2.28202680408014	-2.14434358576093	0.0333721025593025	0.0952598123167525	-4.53677602171016	Non-Significant
ZNF565	-0.180657552849219	0.85663637839372	0.989548990740305	5	0.0370248190293227	2.32056753796824	0.536077599815804	0.592579220353057	0.704668384686119	-7.11856737253344	Non-Significant
ZNF566	0.192795100557585	0.847119440694721	0.987732418082237	6	0.0826262891752669	3.47988788047708	1.15060226213416	0.251450867334877	0.375559989292707	-6.7333986683897	Non-Significant
ZNF567	0.0204065353763295	0.983719070460513	0.999804859561379	10	-0.00875378466789529	3.85602210709679	-0.120075354172115	0.904559896687053	0.935978062703472	-7.42990211433943	Non-Significant
ZNF568	1.54490835892913	0.122368431293361	0.348706636125336	29	0.346328023688007	3.02661201436977	2.84734962985005	0.00493103644869018	0.0195771803642076	-3.3734263202683	LogFC Significant
ZNF569	0.0481512050648511	0.96159573776156	0.999804859561379	10	0.077515930512506	3.0091485464108	0.715858736755111	0.47502367084936	0.603938999471331	-7.08432772201255	Non-Significant
ZNF57	-2.01922509958615	0.0434638286821089	0.168569173402233	12	-0.346301447517094	2.32165787357055	-4.15344840404777	5.09124830342199e-05	0.000357885427777222	0.972375713811115	LUSC
ZNF570	0.324159719136836	0.745817116349792	0.945329076811818	7	-0.00852812036991048	2.39345311193288	-0.0798856408792157	0.936418627736855	0.958128371323218	-7.26735432308272	Non-Significant
ZNF571	1.70578396873918	0.0880483089909279	0.276389144941835	12	0.311907664979126	2.46328723076115	3.4045846987157	0.000820071887860604	0.00416884895960786	-1.66052768871379	LogFC Significant
ZNF572	-0.650296062752974	0.515500999842672	0.808463316693152	11	-0.310731536828996	2.1251475665017	-2.44364183738131	0.0155228276517472	0.0512618994020903	-4.30218755206113	Non-Significant
ZNF573	3.39157457159496	0.000694922496236373	0.0184093164893283	29	0.481405323801959	1.90972956106627	4.33413309832117	2.45175427294438e-05	0.000186125567556389	1.71083771087098	LUAD
ZNF574	-0.583466300736213	0.559579436475124	0.842724953432177	109	-0.382588056959767	2.5528676998778	-2.89535474842793	0.0042654536826116	0.0173419523884127	-3.18965822130314	LogFC Significant
ZNF575	-0.871738271968186	0.38335117635425	0.690100818365312	43	-0.415949197500274	-0.369868685305311	-3.86692911517022	0.000154740831604449	0.000958624538230339	0.186167090972727	LogFC Significant
ZNF576	-1.15092661100626	0.249762428971591	0.547285092095594	32	-0.207243928296777	2.8404615377777	-2.92280296589122	0.00392286769310858	0.016136047646231	-3.14485301234199	LogFC Significant
ZNF577	1.71085125438269	0.0871085750947855	0.27429643787684	16	0.201208299307186	3.38261953466163	1.80197747888311	0.0732537729622613	0.177209008364993	-5.77131429522295	Non-Significant
ZNF578	1.18369727811123	0.236532916822863	0.528581345825508	9	0.632037168664663	-1.00971166504192	2.79872463185544	0.00570054955736269	0.0221670613461683	-3.08924268225826	LogFC Significant
ZNF580	-1.27984563347211	0.200599431187077	0.478739280080385	36	-0.245597072611163	2.38207490825119	-2.53038242586748	0.0122673275186628	0.0422379882342971	-4.12199615988211	LogFC Significant
ZNF581	-0.936300242095123	0.349118623557788	0.661054962042974	65	-0.335745786103324	2.75414228263813	-2.99926258304969	0.00309711561763847	0.0131717363409236	-2.91948630225609	LogFC Significant
ZNF582	1.33930704308616	0.180470736838682	0.448352713011968	14	0.505484448011307	1.31323714224156	3.88975350700153	0.000141932537081103	0.000887706376832473	0.105712181157248	LogFC Significant
ZNF583	2.13077133796812	0.0331079847189265	0.139735170798999	19	0.531555605108385	2.28205958735494	4.82143327985947	3.0609942799762e-06	2.84236779070929e-05	3.66658860115532	LUAD
ZNF584	-1.17638225731401	0.239442158552755	0.533666965062347	9	-0.210124628530293	3.20882504391677	-2.73327036254489	0.00690883359284542	0.0261482265679087	-3.69880865018992	LogFC Significant
ZNF585A	1.99678051723433	0.0458490309116102	0.174452089207244	34	0.416291888780384	3.32593603232356	4.1330106607548	5.52203448375378e-05	0.000384550693002391	0.789400105268888	LUAD
ZNF585B	1.71896582031173	0.0856205957780888	0.270878779576668	22	0.522060950626403	3.78006373046023	4.79006550115022	3.5161352538344e-06	3.22033942632501e-05	3.37891700911035	LogFC Significant
ZNF586	-0.599479638294794	0.548853084272878	0.836239703419619	6	-0.150665035496746	3.57655560339123	-2.11459106800066	0.0358675197014719	0.100831700322032	-5.19289280376605	Non-Significant
ZNF587	0.153673084137808	0.877867508400802	0.991432158606957	8	-0.0460456010613831	4.68561377346338	-0.591210239921563	0.555135220533737	0.672137880272194	-7.3581554450441	Non-Significant
ZNF587B	0.793182802008895	0.427671325941485	0.734687422593881	13	0.270935921896396	3.70190274059551	3.20041425069679	0.00162718880891394	0.00756589270197322	-2.43107499216095	LogFC Significant
ZNF589	-1.85797365019679	0.0631727562768828	0.220720117148274	21	-0.339921285786295	4.58562551264136	-3.6840694902609	0.000304980588155417	0.00174687553004014	-0.965976921694727	LogFC Significant
ZNF594	-0.574323041557919	0.5657492197841	0.848557222311652	10	-0.276737538005899	3.38818755652872	-2.63437555234565	0.00917768167043909	0.0331498800029787	-3.97408006241614	LogFC Significant
ZNF596	1.22872802935693	0.219173793431507	0.503223029718741	16	0.152959843727239	2.02790768472226	1.49806187240161	0.135901771523005	0.278300838895715	-6.11341784816874	Non-Significant
ZNF597	2.13769153976881	0.0325417866095041	0.138039894793822	15	0.517048789577521	1.97330776326141	3.55199423614606	0.00049027890687821	0.00265069405603533	-1.12808763372512	LUAD
ZNF599	0.4871072150459	0.62618235364585	0.883427211007382	7	-0.057906887493169	2.69149667949759	-0.651257837430516	0.515726270296924	0.640829434223708	-7.0923839392233	Non-Significant
ZNF600	0.568855885055506	0.569453945398471	0.85018342498888	8	0.116180590298329	4.4153383455323	1.04108442352716	0.299258971113243	0.430147788375473	-6.95996921563534	Non-Significant
ZNF605	0.795023214241559	0.426599998598135	0.734687422593881	9	0.0532879083737916	4.52021400319218	0.608522723462467	0.543622423686928	0.661947132130486	-7.32842957498906	Non-Significant
ZNF606	0.706608289106048	0.479809936323237	0.778625332854105	18	0.176098443829378	4.17305353311287	2.03226436064133	0.0436242367347485	0.117933534000128	-5.42732667332269	Non-Significant
ZNF607	0.753223948824538	0.451315350361604	0.753066892754537	21	0.235465477640491	3.08574931354258	1.8150178657881	0.0712171153794763	0.173757017468354	-5.71478144786989	Non-Significant
ZNF608	3.2612553275046	0.00110920112370728	0.0184093164893283	52	0.861012632919517	4.65526853842594	6.47698415031318	8.97235886646725e-10	1.61046720733352e-08	11.3377022049855	LUAD
ZNF609	0.91170486342215	0.361924103109067	0.674160614473263	9	0.0224187892456621	6.50242214581193	0.316258973343258	0.752179291416604	0.827991700712575	-7.70475773275752	Non-Significant
ZNF610	2.42007179788509	0.0155174429309266	0.0831321142619509	21	0.604624576678053	1.65255870342695	3.45909901600122	0.000679299530449039	0.00353191334488912	-1.39846279303404	LUAD
ZNF611	-0.437443041049727	0.661790075516753	0.899883307631763	7	0.191969740383125	3.95009060403241	2.52893086066694	0.0123163561232204	0.0423673277268379	-4.29961541907539	LogFC Significant
ZNF613	2.86414213430094	0.00418140338843766	0.0313449231618331	41	0.538183820187444	2.9614922573901	5.35073588100476	2.69035884896745e-07	3.11352286532994e-06	5.94702649066782	LUAD
ZNF614	0.557677760567061	0.577064446623789	0.857487036440231	5	-0.0592901938433414	4.17570357381591	-0.606020204023967	0.54527916345955	0.66347985594461	-7.29000957382389	Non-Significant
ZNF615	1.22504863329068	0.220556897184171	0.504504630676929	17	0.331564447316456	3.81539180490799	3.96850630822523	0.00010504150379011	0.000681256941354009	0.126149639679938	LogFC Significant
ZNF616	0.154765555679377	0.877006146556017	0.991432158606957	22	0.00129653249218232	4.14976411190247	0.0205479984336215	0.983629411246684	0.98969759601176	-7.47069873149066	Non-Significant
ZNF619	1.10824170340651	0.267757444663786	0.568183802078131	16	0.1867940767726	2.99134137635953	2.6463305579602	0.00887165680798334	0.0322022347051174	-3.89977395937418	LogFC Significant
ZNF620	3.21917594700626	0.00128559576044743	0.0184093164893283	58	0.956979414853635	1.90535265649428	8.59149151980744	4.40928787638451e-15	1.85737601719952e-13	23.6016671230539	LUAD
ZNF621	1.71823609174025	0.0857535608814139	0.270878779576668	9	0.187850211951833	5.11009104978681	2.3056039552882	0.0222946802922452	0.0689369926681358	-4.9567156241534	Non-Significant
ZNF623	0.35439223764879	0.723044951044326	0.928063110413319	17	0.0616621109380981	5.20956115362219	0.851821164957549	0.395466541602529	0.529571327262796	-7.23214813497431	Non-Significant
ZNF624	0.366976481538138	0.713636560989878	0.926160110483634	6	-0.14114529909971	2.90998364711116	-2.08217663789258	0.038767238965407	0.107299957682551	-5.1848109874199	Non-Significant
ZNF625	0.973303300975079	0.330402582340152	0.639478601080314	10	0.399860299480481	-2.56301161131071	2.27546112508684	0.0240792734261325	0.0735384652239934	-4.23472136822591	Non-Significant
ZNF626	2.36181579488976	0.0181856758311865	0.0922601584466001	50	1.05605383556827	2.94203943064909	5.25412422298635	4.24707907894747e-07	4.7276215052928e-06	5.50668582475475	LUAD
ZNF627	3.23506044829052	0.00121616980199567	0.0184093164893283	36	0.352123350169293	4.42925512528715	4.98314315830536	1.48316823996657e-06	1.46805094454268e-05	4.14260061050995	LUAD
ZNF628	-0.475225084117625	0.634626549834346	0.887049657008965	73	-0.337611909367735	-0.413747256161104	-1.84016639604588	0.067421550720886	0.167071489164013	-5.28985869744037	Non-Significant
ZNF629	2.27550084630704	0.0228759019688899	0.108647014315602	13	0.143951331011115	4.0117794809579	1.82060786646974	0.0703585134569776	0.172318588620675	-5.80923311376834	VIPER Significant
ZNF630	2.98449151064555	0.00284050083441014	0.0260225055155034	35	0.278507303241123	2.35798383844147	3.22290408165222	0.00151125937546018	0.00710476206390122	-2.216311421199	LUAD
ZNF639	-3.23664743792858	0.00120942731759884	0.0184093164893283	90	-0.982256143964677	5.66920477669887	-10.0193610246101	5.40398454094424e-19	4.20469659557322e-17	32.2077649553064	LUSC
ZNF641	2.09021420520134	0.0365985620543261	0.150047554955142	9	0.0897996604465839	5.40613633213873	1.37837163997605	0.169831583762186	0.329195869698407	-6.67102989466395	VIPER Significant
ZNF644	-0.490062411640633	0.62408973548907	0.882333763967306	6	0.0062457030310623	6.30913527980777	0.102618317216027	0.918382288620586	0.945529613328218	-7.72517168724202	Non-Significant
ZNF646	0.144365790763174	0.885211628807123	0.994729796302909	138	0.0189656803194986	4.38139834220363	0.206791244767406	0.836411032923218	0.889684396022719	-7.4762923620795	Non-Significant
ZNF648	-0.0776573678498458	0.938100607172205	0.999804859561379	7	-0.606556614240859	-4.38126774543942	-1.90384494673248	0.0585558925049023	0.149187315035519	-4.88543341409433	Non-Significant
ZNF649	0.79426112032411	0.427043433208443	0.734687422593881	11	0.153478260995103	3.41835128072409	1.35645743573672	0.176684564063589	0.337921172201087	-6.47019093403086	Non-Significant
ZNF652	1.70371471738072	0.0884343972463667	0.277168025067006	42	0.18841998269304	5.43350916333983	2.96246766399285	0.00347218810434487	0.0145253012066502	-3.32583587922129	LogFC Significant
ZNF653	0.174075713726853	0.861805959420746	0.989548990740305	29	-0.120823174057672	0.16300817556384	-0.791149541336739	0.429917559184334	0.562433067424046	-6.70906727405353	Non-Significant
ZNF654	1.35934722520563	0.174036585910472	0.437049376367673	17	0.0598201992597822	4.79370047752798	0.827565921113254	0.409032816038708	0.542215955322002	-7.20318694307003	Non-Significant
ZNF655	1.43392008873716	0.151595068418926	0.402849857742886	27	0.133524852757428	6.78071037077185	1.36347071684964	0.174469127091069	0.335945661677684	-6.86227277177876	Non-Significant
ZNF658B	-0.371888854171208	0.709975604018531	0.924394678206888	20	-0.107346797878436	-4.70578256870673	-0.43846271103136	0.661586578984209	0.76100851435848	-6.5731222512619	Non-Significant
ZNF66	2.10367611009444	0.0354067097698709	0.146967107288576	24	0.446439060220071	0.662192935190532	2.62416598889612	0.00944651365500063	0.0339570001305709	-3.70236212976025	LUAD
ZNF660	0.897738560115245	0.369324946801607	0.677939469656162	17	0.220472991279849	1.73619405875256	1.76314042757595	0.079605651163216	0.187920447443469	-5.65482761787281	Non-Significant
ZNF662	0.811187982525771	0.41725772584938	0.726404481136398	25	0.264860953585758	2.96494056997181	1.81767032973174	0.0708086335523959	0.1730872356928	-5.69649527821294	Non-Significant
ZNF664	0.83742100982064	0.40235596019784	0.714706564135685	29	0.168784912372485	7.92248996001105	2.37952094469105	0.0184009309445191	0.0589418212289312	-5.14315385649427	Non-Significant
ZNF665	0.69836872928585	0.484946627254204	0.781908325966047	17	0.559997289251752	1.38929201377619	4.09829368351491	6.33471687718278e-05	0.000434666131354265	0.861125547843454	LogFC Significant
ZNF667	0.389704335636513	0.696755190131156	0.917287796181843	24	-0.12189576920623	2.07297145331465	-0.612076135177062	0.541274311294289	0.659877446203191	-7.04685185480862	Non-Significant
ZNF668	-0.141435871077404	0.887525618061205	0.994729796302909	30	-0.2674291308655	1.20109517387842	-2.54548757213563	0.0117673861210631	0.0407952072465704	-3.95561430655907	LogFC Significant
ZNF669	2.17640132651185	0.0295252646989119	0.130940964194512	19	0.0949748449283768	2.98651956612139	1.27910585735114	0.202537262983519	0.337921172201087	-6.5225072945797	VIPER Significant
ZNF671	2.9165744134697	0.00353898293284424	0.0293794079011739	58	0.569338531418313	3.13001530960739	5.19723594916036	5.54260903147434e-07	6.02266075540472e-06	5.23000272510611	LUAD
ZNF672	3.2681578074651	0.00108249990055332	0.0184093164893283	64	0.580202050225804	4.6356886232764	8.76569095353637	1.50715007787878e-15	6.93425306174862e-14	24.4421468855629	LUAD
ZNF674	1.12320577353334	0.261350111096704	0.559757327498165	11	-0.0233093257381387	2.29862049347576	-0.346935595368416	0.729052608031714	0.81125237289092	-7.19954832992936	Non-Significant
ZNF675	2.26575231663538	0.0234665523770135	0.109893481877436	26	0.0914824198512201	3.8280332023376	0.836950885118995	0.403750868068409	0.537380828489738	-7.08359380781192	VIPER Significant
ZNF676	1.39378536724111	0.16338242817867	0.418667472207843	31	0.399335774812776	-1.90971024956446	1.30081418629258	0.195016174807663	0.337921172201087	-5.98587066444453	Non-Significant
ZNF677	0.669784186612923	0.502995375619276	0.800093198431612	56	0.217922773645455	2.98398416118762	1.35483922728237	0.177198731785812	0.337921172201087	-6.42330970801048	Non-Significant
ZNF678	3.3128337215412	0.000923558700359525	0.0184093164893283	145	0.484238358192996	4.03266636006101	6.37433906144754	1.55028331194106e-09	2.6805204421146e-08	10.8652341832255	LUAD
ZNF679	-1.08230102468909	0.279118790828243	0.58070025930605	11	-0.387565281078549	-5.86759720718244	-1.28505770527779	0.20045428470438	0.337921172201087	-6.25145420487028	Non-Significant
ZNF680	1.10141439935023	0.270716341294914	0.57309708078133	15	0.157793466514517	4.67439579662083	1.36742684147084	0.173228682850687	0.334126099444321	-6.59929163530693	Non-Significant
ZNF681	3.00071668710589	0.00269345039081649	0.0251681015588387	54	0.602686937294769	2.9118917383917	3.739306308758	0.000249105238195095	0.00146087001853124	-0.592737835178823	LUAD
ZNF682	2.21832716306781	0.0265325334009543	0.120870429937681	26	0.719422024033855	2.28797641792792	4.41363915673023	1.7650067849712e-05	0.000138988138749682	1.98575725685941	LUAD
ZNF683	0.214053024853809	0.830505707457341	0.979584900177126	39	0.226001122376016	0.652981199307523	0.878627956760878	0.380796441098411	0.514895724777748	-6.68928527987847	Non-Significant
ZNF684	1.14085559164828	0.253930022139164	0.551467104466411	11	0.240954143036828	2.0087806193164	3.06621490428463	0.00250865037151806	0.0110009637026084	-2.64529070855953	LogFC Significant
ZNF688	0.59734331322013	0.550278192095937	0.836239703419619	22	0.0161179978293691	1.3888937535847	0.135808658909714	0.892127164969691	0.927657660188563	-7.14712174642167	Non-Significant
ZNF689	0.565465513842742	0.571757174534934	0.85085938047458	6	0.112072972089494	3.3237977365514	1.96914482173572	0.0505002231191678	0.132714680247997	-5.45519642719411	Non-Significant
ZNF69	3.40216515822194	0.000668542228677896	0.0184093164893283	95	1.06131776885339	1.66919395937521	7.95377956151501	2.08263374486297e-13	6.76736275485934e-12	19.8242156685185	LUAD
ZNF691	1.75024026795092	0.0800768630937849	0.258225389976587	17	0.157230357938619	3.68916319964077	2.4921839356471	0.0136172721415743	0.0460723743481482	-4.35963313762827	LogFC Significant
ZNF692	1.07827666832896	0.280910306045151	0.581802891592484	116	0.0873052780155867	5.05463168839305	0.880558829791358	0.379752938167321	0.51384338052975	-7.18881845409247	Non-Significant
ZNF695	-2.81118810795201	0.00493589193167158	0.03479370838852	65	-1.01089165232761	-0.650619821145005	-3.09842147803689	0.00226399520585959	0.0100765905751221	-2.28203844901668	LUSC
ZNF696	1.17408184810981	0.240362243356248	0.534167861618032	26	0.0846514003909395	2.21078997254055	0.964121865459315	0.336302651334049	0.469224773540194	-6.78589855226173	Non-Significant
ZNF697	-1.76018817425891	0.078375906399977	0.256095780125273	28	-0.448066511065432	3.79007222194034	-4.69370044328427	5.36157656386457e-06	4.73086847631026e-05	2.97179774042736	LogFC Significant
ZNF699	-0.478735953503947	0.632126484817768	0.887049657008965	27	-0.279874893294009	2.42562753996306	-2.80179325812602	0.00564893206129213	0.021993233119427	-3.43073602406642	LogFC Significant
ZNF7	0.102033115089284	0.918730390201235	0.999804859561379	11	-0.00352026333670918	4.99605560920825	-0.0540983226277685	0.956917954494398	0.972037539540534	-7.56841650010847	Non-Significant
ZNF70	-0.604437382406638	0.545552888501593	0.836015067124105	17	-0.183270453177134	2.94099848798522	-1.96018758156592	0.0515465469104029	0.134900102143734	-5.42958375919658	Non-Significant
ZNF700	-1.47531389774072	0.140128171733471	0.378383732543741	13	-0.176552589718056	4.01856485324015	-2.72062031675999	0.0071675263139504	0.0269648635229691	-3.8219992270702	LogFC Significant
ZNF701	2.04854129235258	0.0405069903874881	0.161786369161955	33	0.463296148103683	3.53761044834772	4.62356596658203	7.26096890522387e-06	6.22023002880845e-05	2.70694560447283	LUAD
ZNF703	-3.38304469102607	0.000716869656752667	0.0184093164893283	125	-1.15026008905541	3.20807354946234	-6.54461409331495	6.24069661141224e-10	1.15226446940611e-08	11.8360461414999	LUSC
ZNF704	1.12172753026791	0.261978307371815	0.560505239094757	23	0.244674892867642	5.4944465189104	1.72241536850631	0.0867442921422427	0.199307809181838	-6.15378145394042	Non-Significant
ZNF705A	-1.25149907810521	0.210752449797827	0.49228963571125	5	0.0851415639020367	-5.48972981027597	0.392876057247219	0.694884661117886	0.786877202876132	-6.7726825400787	Non-Significant
ZNF705B	-0.00375827879712949	0.997001334431768	0.999804859561379	6	-0.0447518355638748	-6.75022905569188	-1.23200876073874	0.21958301851199	0.337921172201087	-6.99398794510735	Non-Significant
ZNF705D	-0.143991752182491	0.885506982569263	0.994729796302909	5	-0.0207475673697533	-6.72908368587393	-0.425864202176049	0.670725159517839	0.768238244023336	-7.65241281061678	Non-Significant
ZNF705E	-0.0109144143990333	0.991291730155781	0.999804859561379	5	-0.268071392955706	-2.73183025044885	-1.17927352546883	0.239874934554067	0.362150301727288	-6.06586486212675	Non-Significant
ZNF705G	-0.0284860657733132	0.977274481422535	0.999804859561379	4	-0.142592204893425	-6.63860361010306	-1.80783889665346	0.0723324630709403	0.175782497532254	-6.07177915643658	Non-Significant
ZNF707	-0.240285929175098	0.81010860241477	0.973103476266504	86	-0.24425940016946	2.8923846552231	-2.42061082746355	0.0165070415267365	0.053882693895023	-4.44131374872733	Non-Significant
ZNF708	2.55682223645443	0.010563318333752	0.0616910073619413	56	0.318348195404556	3.5904485871424	3.38946558343289	0.000863699409635228	0.00436187059931503	-1.83092553459855	LUAD
ZNF709	1.44573622770392	0.148251199038514	0.396059386793051	7	0.224419046951435	-2.73237509131652	1.50812646183704	0.13330833290545	0.274524304489171	-5.63193575069767	Non-Significant
ZNF71	0.261919682636791	0.79338336465131	0.967001452816928	21	0.210028036452038	2.3930376063848	1.69333626566456	0.0921539245041338	0.207503995069374	-5.84710754330145	Non-Significant
ZNF710	1.50196527066141	0.133106078217647	0.365420724379359	22	0.52340885734123	3.98325611346483	3.68052787635916	0.000308939938717423	0.00176637277770503	-0.911252561801025	LogFC Significant
ZNF713	-0.44660112991964	0.655163079634326	0.897115571785564	4	0.0486247263522125	1.86247208949811	0.418856810762668	0.675829563046344	0.772450374995536	-7.12241103709439	Non-Significant
ZNF714	-0.251965630882538	0.801067629460986	0.969842373668887	10	-0.019557136412732	3.66169999010444	-0.115527385807785	0.908158319960454	0.938373161377241	-7.4082008759446	Non-Significant
ZNF716	-0.968566022708316	0.332761762810658	0.642806136044819	8	-0.158269775268763	-5.73892628498652	-0.439140090650368	0.661096650281236	0.760616897580966	-6.89166574682618	Non-Significant
ZNF717	3.31410653812407	0.000919364701435545	0.0184093164893283	38	0.82602824952018	2.79269305665987	6.2007708372813	3.86324042112093e-09	6.24475387767344e-08	10.0928560889926	LUAD
ZNF718	2.90367471978593	0.00368811119848274	0.0299648212866631	36	0.742470766486797	2.92397796828465	6.00179429367895	1.08005647954237e-08	1.61030629997049e-07	9.077146952595	LUAD
ZNF721	3.00119695463111	0.00268920564857773	0.0251681015588387	53	0.2197405233419	4.97871567703535	3.03112248192519	0.00280283733601165	0.0120961055618937	-3.07618375807509	LUAD
ZNF723	-0.132903730972716	0.894269516193227	0.996819875503981	5	0.184617971972827	-6.24170318951208	0.903433680169785	0.367525956208123	0.501870451943912	-6.96231711858316	Non-Significant
ZNF724	-1.97055291265996	0.0487750370818346	0.183500092691771	24	-0.311504294758507	1.19703553498442	-1.93918126604517	0.0540723195931787	0.140055179416598	-5.27541937095013	VIPER Significant
ZNF726	3.22057628128427	0.0012793314120595	0.0184093164893283	61	0.725414849585684	1.06291194765196	3.49401204258516	0.000601405321684031	0.00318218895697344	-1.22313441711741	LUAD
ZNF727	0.539263043827987	0.589705365034532	0.865389392515979	10	0.55306438494196	-3.73161598562285	1.95789950427716	0.0518167397301186	0.135446993265876	-4.8037898196879	Non-Significant
ZNF728	1.30740342665561	0.191075734187899	0.465497781578354	42	0.885320673488011	-3.00489148475474	3.3207973019352	0.00109056423119889	0.00534165477608881	-1.42962701584813	LogFC Significant
ZNF729	0.112192651359493	0.910670655749288	0.999804859561379	5	-0.132000240887127	-6.15410283770375	-0.571381486666776	0.56846725003557	0.683773182491668	-7.13022536662191	Non-Significant
ZNF730	0.373594246093819	0.708706215424703	0.924394678206888	16	0.273179187290901	-1.55012780562607	0.853821223396836	0.394360253583118	0.528487688871818	-6.49286998727415	Non-Significant
ZNF732	0.259855032370601	0.794975598910971	0.967059509399654	11	0.0473576529556261	-2.38030110501471	0.155174350435829	0.876861013202103	0.917671668095392	-6.77038984020632	Non-Significant
ZNF735	0.00665080127184742	0.994693467469035	0.999804859561379	2	-0.266037900639187	-6.65586604346794	-3.08846691561544	0.00233715343598831	0.0103532784664053	-3.04398955491837	LogFC Significant
ZNF736	0.416517822836584	0.677031128317416	0.906958400331015	15	0.10104983284502	2.58347810513533	0.772288445758048	0.440975488331936	0.572874105163618	-6.9941316123168	Non-Significant
ZNF737	3.33706013392699	0.000846696268040967	0.0184093164893283	71	1.01288429265132	3.22941439485887	6.15218944373029	4.97480455752288e-09	7.87886413676033e-08	9.80411852177826	LUAD
ZNF74	-2.29658531103594	0.0216424373852615	0.104229405869094	57	-0.449404624954214	3.54375755686236	-4.63085846102956	7.03664484591968e-06	6.05046822624989e-05	2.73644262131871	LUSC
ZNF740	-3.05751211974623	0.00223182616005891	0.0231120554410225	28	-0.303631197257366	5.64603588599996	-5.39469229574658	2.18175328765369e-07	2.56517323926862e-06	5.86555334186783	LUSC
ZNF746	-0.378124843892017	0.705337853302042	0.923142506373813	50	-0.181933453029924	4.10958112234114	-2.20246906776819	0.0289266250607307	0.0850745718899748	-5.06782098173592	Non-Significant
ZNF749	-0.926129183674193	0.354378849241646	0.666775088101901	20	-0.233308800571341	2.40153611193083	-2.59482939405101	0.010258845726886	0.0364114963840638	-3.96479434247199	LogFC Significant
ZNF750	-3.42101872149362	0.000623870374812332	0.0184093164893283	30	-1.36821451569697	3.14718278798564	-5.42719252348393	1.8672575927756e-07	2.22575005542233e-06	6.28259189244486	LUSC
ZNF75A	0.52451488734129	0.599920467954823	0.872042376880141	16	0.105517009653269	4.67813534361554	1.17300767055646	0.242371834524677	0.365204855397314	-6.84512209987002	Non-Significant
ZNF75D	3.21265287712469	0.00131515134883155	0.0184093164893283	106	0.624321185825587	5.01435919215799	9.31953662862223	4.72020342393322e-17	2.72635949410063e-15	27.8362043029098	LUAD
ZNF76	1.82671887077625	0.0677420494468944	0.231846298703255	80	0.22013153019043	5.28427297467996	2.73307867710333	0.00691268959251652	0.026160874803272	-3.93469089092302	LogFC Significant
ZNF761	-0.670109626195402	0.502787908877518	0.800093198431612	18	0.144206384287557	4.80940360689711	1.96145155817131	0.0513977979188779	0.134616015611757	-5.63930049015026	Non-Significant
ZNF763	2.94549829662608	0.0032243492313697	0.0279211965768178	63	0.486297099129323	0.279800013011934	4.53625921368489	1.05433131157255e-05	8.68978022686767e-05	2.67540969284969	LUAD
ZNF764	1.27724721708056	0.201514981943136	0.480241516872788	28	0.151753474037103	2.62537782249118	2.40336089399092	0.0172800145710085	0.0559358028918789	-4.452049666649	Non-Significant
ZNF765	-1.4259589557713	0.153880189950795	0.406235613155252	13	-0.068772265219582	3.94780505840174	-0.980894685700024	0.327986010969573	0.460932258670433	-6.96678289672781	Non-Significant
ZNF768	0.226977268700557	0.820441417845828	0.976398553996852	52	-0.0383116047664592	4.18948949465029	-0.485252979150765	0.628098091886434	0.734114552450863	-7.35754619146939	Non-Significant
ZNF77	-2.48682571128572	0.0128888525434088	0.0715295711594151	12	-0.277062620541759	2.49938829585202	-3.51688178220281	0.000555012822748024	0.00296259126175978	-1.30021154630798	LUSC
ZNF770	-2.30284473999635	0.0212875802441935	0.103301325387886	89	-0.618455229648936	5.78359674210428	-7.91761131158736	2.58171895080646e-13	8.29377212946574e-12	19.2444031566283	LUSC
ZNF771	-2.62140079754657	0.0087569243888661	0.054466443025486	10	-0.415917626491077	0.151767242348081	-4.10794638297943	6.09796907427548e-05	0.000420234634769206	1.0181435549389	LUSC
ZNF772	1.45044861650613	0.146933458196487	0.393585756688989	20	0.0351302127605776	3.69276015327246	0.329649799769105	0.742055104805907	0.820571007739605	-7.36400607719162	Non-Significant
ZNF773	0.236187012623574	0.813287556892267	0.975146000650467	12	-0.0273813372665332	3.18638240097561	-0.302112034186239	0.762922017894698	0.835817469053341	-7.31502494481127	Non-Significant
ZNF774	1.21273471604561	0.225231262371604	0.512359084947032	26	0.168059990942607	2.14508232582185	1.49481609863682	0.136746467845454	0.279288812473763	-6.13140579458143	Non-Significant
ZNF775	-0.756669024119489	0.449248177107103	0.752116323173475	59	-0.2572913429428	3.26279539563504	-2.85350388687346	0.00484071257973557	0.0193014026275211	-3.38261693708572	LogFC Significant
ZNF776	-0.0782642804637012	0.937617830339036	0.999804859561379	9	0.0645718970500364	4.84248138274397	0.979581932339205	0.328632031816513	0.461539882816286	-7.07180742169188	Non-Significant
ZNF777	-1.17938566775831	0.238244639529348	0.531814978682734	51	-0.289637908174375	3.53719459250993	-3.50675419436294	0.000575126390803603	0.00305680818074286	-1.44553150160667	LogFC Significant
ZNF778	3.04110901164796	0.00235708475085238	0.0239154892328108	16	0.489827022473719	2.48535329965074	5.58909357452412	8.52138075867225e-08	1.08785494552382e-06	7.10944667519324	LUAD
ZNF780A	2.97370542441677	0.00294227387600055	0.0263591530932449	23	0.30971985825652	4.48734678883987	3.47142771258797	0.000650771673730979	0.00340480849161779	-1.66607019286538	LUAD
ZNF780B	0.164879802759226	0.869038589875306	0.990922442968231	9	-0.0905731338635988	4.36160101171417	-0.993338112724529	0.321903758196677	0.454644720630496	-7.00215749476354	Non-Significant
ZNF782	1.77386900312546	0.0760848209931526	0.252234992368389	13	0.105261121896054	2.54104834955527	1.15893077784969	0.248048468008514	0.371831566107383	-6.61763341966855	Non-Significant
ZNF783	-0.354861646789504	0.722693242349424	0.928063110413319	50	-0.18169572205233	4.30354869807224	-2.04301688611383	0.0425362125805401	0.115544638518836	-5.42076880915542	Non-Significant
ZNF784	0.0678219350166371	0.945927382345753	0.999804859561379	11	-0.028395180909003	2.11479361724243	-0.380695615847269	0.703886479619944	0.791872289572437	-7.16635595205105	Non-Significant
ZNF785	1.31074448775537	0.189944103003735	0.464796227691235	30	0.16268657246278	2.8081266439826	1.80209714976285	0.0732348664863596	0.177180117720957	-5.70662057705007	Non-Significant
ZNF786	-0.422508190849101	0.672654123398978	0.905176535509247	37	-0.228799837294847	2.75524305873756	-2.79467927685368	0.00576925218449742	0.0224021501469885	-3.48596979848142	LogFC Significant
ZNF787	-0.376274298673101	0.706712984406513	0.923738702454578	33	-0.096674360060697	2.19775972879982	-0.826043432170263	0.409893580520041	0.542918546992108	-6.9075331364167	Non-Significant
ZNF789	0.712149861978182	0.476371980533107	0.775222874864608	11	-0.119921209149087	3.7912708680575	-1.31027403933996	0.191804108623055	0.337921172201087	-6.57358600973614	Non-Significant
ZNF79	-0.310039296743618	0.756531073222829	0.945499705864169	14	-0.0555535724329076	2.71916010621097	-0.812031904362286	0.417866097644273	0.550768882449464	-6.97811229717468	Non-Significant
ZNF790	2.12758690517394	0.0333713488859727	0.140442542320612	26	0.308182501194964	2.63477126785206	2.86845307387771	0.00462756168445695	0.0185737579961568	-3.27272971280491	LUAD
ZNF791	0.216214670755358	0.828820418396722	0.979584900177126	18	-0.107529843241253	5.12737743441734	-1.73353149789106	0.0847458845979064	0.196177740135068	-6.09097704133093	Non-Significant
ZNF792	1.96502110112956	0.0494117953383752	0.184857163565728	24	0.427003541820521	3.1080499395268	4.68400898301657	5.59209890790755e-06	4.92062156368293e-05	3.00266183013927	LUAD
ZNF793	0.126396481637163	0.899418087064619	0.997055212840934	16	-0.16542185134826	3.17453894401987	-1.10777544160817	0.269464706104044	0.395808129631106	-6.74690681142489	Non-Significant
ZNF799	3.16189146514164	0.00156747975085041	0.0200149354011615	25	0.396141686940216	2.26663254173306	5.33795268855411	2.85879694577712e-07	3.29272841518367e-06	5.95698597089473	LUAD
ZNF80	0.216897745130287	0.82828803490362	0.979584900177126	49	-0.278920662333044	-0.625235099533081	-1.44378204785606	0.150571236536601	0.300163282237777	-5.90827893994819	Non-Significant
ZNF805	-0.72727155898657	0.467059617256527	0.767230393351073	7	-0.158898310068425	2.50855277145962	-2.23206876370448	0.0268672311754286	0.080232742112257	-4.82472901112283	Non-Significant
ZNF808	0.296025622378924	0.767210514033663	0.951435754749154	9	0.16092370861564	3.59534194120828	1.88829947052234	0.0606247912106324	0.153434453672746	-5.63870272693674	Non-Significant
ZNF81	-0.802393656910205	0.422325281119717	0.73268695144172	6	-0.0405458241011663	3.78997382512328	-0.520677459493714	0.603243420673672	0.713676292764821	-7.29381432827788	Non-Significant
ZNF813	0.361173249455734	0.717969938200247	0.926648564566493	14	0.115783231897081	3.16379538095212	1.02508560750905	0.306724309660016	0.438143144074322	-6.83345243835948	Non-Significant
ZNF814	0.520235314451785	0.602899574480314	0.873889277451561	16	-0.006922739607983	3.42753962628807	-0.0789383121240556	0.937171028275976	0.958562361345048	-7.38505101208981	Non-Significant
ZNF816	1.4715905482335	0.141131479457379	0.380071236233077	13	0.271739012633372	3.69473150438837	2.86449680819265	0.00468312142627241	0.0187582900580367	-3.4002702314316	LogFC Significant
ZNF821	0.896943016404453	0.369749324641792	0.677939469656162	12	0.111342135831873	2.36564625507463	1.53477484877598	0.126628030888503	0.264070897905512	-6.09643322361068	Non-Significant
ZNF823	0.755442570997982	0.449983478208882	0.752433438299227	10	0.169288410159223	2.75779999384647	2.01252742899327	0.0456831148249608	0.122426320885978	-5.30728325090528	Non-Significant
ZNF826P	2.98350732224949	0.00284965217193168	0.0260225055155034	50	0.852764840530372	-0.390192774125454	3.88443296833145	0.00014482498128787	0.000904130045125084	0.250211070999235	LUAD
ZNF827	0.707099342114937	0.479504744787035	0.778625332854105	9	0.0489153587968484	4.917186297986	0.591032051080843	0.555254337983399	0.672248034758254	-7.38552668752336	Non-Significant
ZNF829	1.54803665310654	0.121613472059745	0.347541202514975	26	0.0858322975397157	2.074757272373	0.575443901566418	0.565723315722329	0.681487539506805	-7.06877355358337	Non-Significant
ZNF83	1.55321253751464	0.120372367047228	0.344795778995545	34	0.278849123763934	5.97924427014416	2.64911950496974	0.0088016009629361	0.0320027343051066	-4.23593641416067	LogFC Significant
ZNF835	1.46344585953071	0.143345417873972	0.385516659315677	14	0.979007496162453	-1.34438708484562	4.42860352922245	1.6583396667745e-05	0.000131156780048939	2.37498677052264	LogFC Significant
ZNF836	-0.0669491173352693	0.946622210742356	0.999804859561379	6	-0.0545251022598439	2.79554385489849	-0.708489751187474	0.479574941309289	0.608266685757541	-7.0653332146149	Non-Significant
ZNF837	-0.218970129373431	0.826673316418051	0.979584900177126	23	-0.140468237005987	-2.61956705979585	-0.695992039565497	0.48734839470019	0.615349753423336	-6.52226274733167	Non-Significant
ZNF84	0.509911295756824	0.610113607952629	0.873889277451561	16	0.0827149486691211	5.76689362390348	1.18072129756982	0.239300617399096	0.361444084801734	-6.96623266255184	Non-Significant
ZNF840P	-1.04539537963488	0.295840271261392	0.600953594503676	1	-0.786201754968995	-4.8429597373801	-2.95290797726666	0.00357623594120345	0.0149066466336893	-2.46568568947468	LogFC Significant
ZNF841	0.902190896406212	0.366955469928997	0.676738581177345	21	0.0542466974920389	4.79815444776053	0.643010291442823	0.521051098101959	0.644785053330811	-7.33938467335779	Non-Significant
ZNF844	1.96744574405362	0.0491318450745846	0.184404681636286	21	0.600098312386103	3.64934767574124	4.75728396170662	4.06151958798884e-06	3.66704197577005e-05	3.25382164161272	LUAD
ZNF845	-0.630985355665096	0.528050099731706	0.819824304761203	21	-0.224994069322671	4.09186548304123	-2.99392923359082	0.00314906819874542	0.0133636464316037	-3.08218628124876	LogFC Significant
ZNF846	0.337695276557342	0.735592834640231	0.937099559158037	9	-0.137155744644489	3.02361051023194	-1.46885445846857	0.143650600682905	0.290255895264864	-6.26837085688911	Non-Significant
ZNF85	1.76234003667178	0.0780118632469007	0.256095780125273	23	0.367484123793176	2.62888023285357	2.9442730157524	0.00367266973282001	0.0152536297767123	-3.06158695971305	LogFC Significant
ZNF850	-1.9360669352949	0.0528595035249639	0.195210923863332	12	-0.395213122968133	1.94970729487776	-2.72294559130079	0.00711932660873002	0.0268192222247435	-3.58751631838245	LogFC Significant
ZNF852	3.27417301462418	0.0010597170572286	0.0184093164893283	37	0.366481853420435	2.12646561674951	4.30494342735315	2.76317236737507e-05	0.000207109720262554	1.57452615491855	LUAD
ZNF853	-0.180463038800999	0.856789068745093	0.989548990740305	8	-0.0723334716276529	2.78204443901016	-0.457702732990479	0.647728423959629	0.749862830890603	-7.20992880847385	Non-Significant
ZNF860	3.23907166927634	0.00119919436143442	0.0184093164893283	31	0.641955301276736	1.99827727539052	5.24728436215173	4.38567803105976e-07	4.87057207089714e-06	5.56909134623694	LUAD
ZNF865	-0.432634927181445	0.665280011131681	0.902362781882182	43	-0.128232291068571	1.76281409318558	-1.21127538058625	0.227407606189891	0.347440804917397	-6.46811973613411	Non-Significant
ZNF875	0.475330392408663	0.634551499700906	0.887049657008965	8	0.0324517955092145	5.19723647434873	0.434978261705919	0.664109084739516	0.762995978552189	-7.49902268312236	Non-Significant
ZNF876P	2.66460130376886	0.00770796466567237	0.0493162452654006	24	0.670391307645498	0.18500156092316	4.34108422877635	2.38271921733408e-05	0.000181344675580709	1.90692085745125	LUAD
ZNF878	-0.170774262636437	0.864401267200822	0.989548990740305	4	0.171968466285321	-1.73893281566231	0.738114433792512	0.46142423637995	0.592316886365887	-6.56738361497586	Non-Significant
ZNF879	1.13207581227187	0.257602562860819	0.554107539345338	15	0.242259697932834	2.02914330009933	1.75339670300947	0.081268223467815	0.190703934488505	-5.70444319359097	Non-Significant
ZNF880	1.4988411143197	0.133914855711923	0.366033938945924	17	0.63955996062616	3.11776814708106	4.17593114573753	4.65450021871598e-05	0.000330425360113813	0.974123860803373	LogFC Significant
ZNF883	-0.245276850437525	0.806242075045997	0.971649867286987	18	-0.190643438385552	1.02021677357662	-0.857033609933743	0.392587350229088	0.526636275338518	-6.74859700798209	Non-Significant
ZNF888	1.86966460642839	0.0615304074393925	0.216487895876952	7	0.147459364425439	-1.17879831363331	1.01950014368684	0.309359644446514	0.441090388279451	-6.37271487302	Non-Significant
ZNF891	1.28165676343293	0.199963078381095	0.478739280080385	16	0.027692560735157	2.03388560149184	0.28477467885297	0.776150310124667	0.845431643997856	-7.18906084573099	Non-Significant
ZNF90	1.83012172121664	0.0672317395854713	0.230886435602072	47	0.960234103299005	0.863861100273033	4.05932084402915	7.3828666958213e-05	0.000496280785579343	0.76888372651641	LogFC Significant
ZNF91	2.70284642154574	0.00687485032145897	0.0449888413544335	35	0.529359595440897	4.73226396855191	4.96002582022348	1.64669378823878e-06	1.61795057169953e-05	4.00863836367518	LUAD
ZNF92	1.10807414448735	0.26782979620109	0.568183802078131	26	0.185344871727185	4.52687962756383	2.04206147714682	0.0426319422951839	0.115755243350554	-5.44832618742223	Non-Significant
ZNF93	0.88875526616136	0.374134622064419	0.680213987083637	30	0.0765311736162485	2.69304858977341	0.525246147928102	0.600070644656669	0.710784132537693	-7.16662856768322	Non-Significant
ZNF98	-0.259547681399737	0.795212697624802	0.967059509399654	16	-0.184195270735613	-4.28638435762102	-0.523895793480126	0.601007620436687	0.711610251379604	-6.52512798117235	Non-Significant
ZNF99	0.140486791262643	0.88827538803754	0.994729796302909	5	0.17979160303776	-4.7179165890999	0.608298627492936	0.543770678619777	0.662095969378014	-6.48591163697146	Non-Significant
ZSCAN1	0.403387099115403	0.686663475831651	0.91116705610686	8	0.307130769007792	-4.09957564408319	1.11486540596861	0.2664223777471	0.392415454267655	-6.0518922284336	Non-Significant
ZSCAN10	-0.690850978683765	0.489659195220387	0.786351177616113	4	-0.365552600713235	-6.25783137106745	-2.24310826803765	0.0261325097951283	0.0785029812115925	-4.89966687494441	Non-Significant
ZSCAN12	0.546105831435632	0.584993191541341	0.861352268371468	4	-0.129807171195564	3.97672390042047	-1.63112535331645	0.104645229858303	0.22799760279223	-6.12756418463943	Non-Significant
ZSCAN16	3.28059798003221	0.0010358727838395	0.0184093164893283	64	0.8341092887272	2.48503434581343	8.76895140054572	1.4770566924284e-15	6.81427985955682e-14	24.6387280996522	LUAD
ZSCAN18	0.567379206715656	0.570456573860134	0.85018342498888	30	0.218877226951801	3.76102747387995	1.41230792901216	0.159618366945107	0.314052515963682	-6.43239903783221	Non-Significant
ZSCAN2	2.4824567394538	0.0130479910182593	0.0722132615859033	30	0.394631803132471	3.33224854048101	5.0941828832104	8.9331193972353e-07	9.28263658663907e-06	4.7477175473557	LUAD
ZSCAN20	0.512853749038091	0.60805362847252	0.873889277451561	6	0.00935766826373932	2.44460396427633	0.124526202285268	0.901040228640004	0.933677330989414	-7.26860624559655	Non-Significant
ZSCAN21	-1.95179431392444	0.0509626296442184	0.189951619582996	18	-0.217914665541907	2.3537879999803	-3.21160583082342	0.00156850455116046	0.00733727914969214	-2.25021500371519	LogFC Significant
ZSCAN22	-0.528081113346303	0.597443038860883	0.871305289656535	7	0.10929051738667	2.51225518975746	1.67004303023391	0.0966816307473323	0.215023665306327	-5.89908143066997	Non-Significant
ZSCAN23	-0.190908747187773	0.848597086952679	0.988767546929637	5	-0.015230501730553	0.678325036628776	-0.0750606727939802	0.9402513631538	0.960910002921037	-7.07387362892113	Non-Significant
ZSCAN25	-0.00579372997732569	0.995377298163588	0.999804859561379	18	-0.125056875001541	4.37184526508514	-1.91816127177145	0.0567032076393973	0.145308930046753	-5.67111955648166	Non-Significant
ZSCAN26	0.0681841484243698	0.945639045327768	0.999804859561379	10	-0.0276807829980122	4.44654722447325	-0.42004369659031	0.674963932172229	0.771807704377791	-7.41689319214789	Non-Significant
ZSCAN29	-1.09389864030734	0.273999435173714	0.576403000276431	13	-0.0705496065834144	5.17562726158631	-1.0886624168532	0.277785617828488	0.405443980863367	-6.99881910189467	Non-Significant
ZSCAN30	2.89273051642634	0.00381908817936087	0.030446619652127	39	0.245957659900053	4.76369598102934	3.12940316164091	0.00204962747844683	0.00925031874662929	-2.76332070732162	LUAD
ZSCAN31	2.01114421261475	0.0443102263416247	0.170208880918401	21	0.425817806890641	4.37167320903154	2.50205291595691	0.0132563788013615	0.0450700936517726	-4.41273620580145	LUAD
ZSCAN32	0.899135865140173	0.368580296587096	0.677939469656162	31	0.0401481224119984	4.36561149311296	0.721024120579885	0.471847707434493	0.601328418956438	-7.23565911288498	Non-Significant
ZSCAN4	1.82293666561632	0.0683129838592336	0.233006425421393	12	0.367084186365739	-2.81306699076393	0.926327709490767	0.355539371902028	0.489657263255642	-6.321868302177	Non-Significant
ZSCAN5A	-0.121091106184735	0.90361887357499	0.997055212840934	7	-0.526087855957547	1.64258744590808	-6.65571804049031	3.42132572178987e-10	6.59710423186812e-09	12.5652824892284	LogFC Significant
ZSCAN5B	-0.797711091143246	0.425038166049637	0.734223280820053	6	-0.74273017086444	-5.49294392607102	-3.58004604859824	0.000443737181528367	0.00243083326722494	-0.700181343430891	LogFC Significant
ZSCAN5C	-0.914228085034111	0.360597009606952	0.67337692848929	3	-0.251596094480421	-5.12015442180015	-1.21275094448827	0.226844201767463	0.34676742523249	-5.98970316946174	Non-Significant
ZSCAN5DP	-0.50728277923947	0.611956419805172	0.874718015528988	5	-0.445822289899748	-5.94963233823236	-2.34764524343329	0.0199997240763673	0.0630353644688773	-4.4190993522134	Non-Significant
ZSCAN9	1.70706176176069	0.0878105734349208	0.276074244179587	11	0.382739876180429	4.43670445035331	5.23611624309315	4.62149286897168e-07	5.10682488882721e-06	5.27040779807034	LogFC Significant
ZXDA	0.179977881916202	0.857169932321236	0.989548990740305	8	-0.0280607012671842	3.04528069052326	-0.401588750544602	0.688472066776031	0.781877599258266	-7.26395372206325	Non-Significant
ZXDB	-0.269174568074134	0.787795349982718	0.963670172901068	13	0.060533451116364	4.28621349047625	0.923241334674449	0.357140638006547	0.491347189704521	-7.06043753526091	Non-Significant
ZXDC	-2.89963562756407	0.00373596677082933	0.0299826337717853	44	-0.44137262232954	4.97002745404852	-6.41051237390643	1.27927026576131e-09	2.24627145422809e-08	10.9572015902314	LUSC
